:020000020000FC
:040000005F40006FEE
:0400010000000000FB
:0400020000000000FA
:0400030000000000F9
:0400040000000000F8
:0400050000000000F7
:0400060000000000F6
:0400070000000000F5
:04000800FC010113E3
:04000900001120239F
:04000A00005122235C
:04000B000061242349
:04000C000071262336
:04000D0000A1282303
:04000E0000B12A23F0
:04000F0000C12C23DD
:0400100000D12E23CA
:0400110002E12023C5
:0400120002F12223B2
:04001300030124239E
:04001400031126238B
:0400150003C12823D8
:0400160003D12A23C5
:0400170003E12C23B2
:0400180003F12E239F
:0400190034202573F7
:04001A00341025F386
:04001B0034302673E4
:04001C0018C000EF19
:04001D003415107313
:04001E00000120833A
:04001F0000412283F7
:040020000081230335
:0400210000C1238374
:0400220001012503B0
:0400230001412583EF
:04002400018126032D
:0400250001C126836C
:0400260002012703A9
:0400270002412783E8
:040028000281280326
:0400290002C1288365
:04002A0003012E039D
:04002B0003412E83DC
:04002C0003812F031A
:04002D0003C12F8359
:04002E0004010113B5
:04002F00302000730A
:04003000FD010113BA
:0400310002812623FF
:0400320003010413AF
:04003300FCA42E23D8
:04003400FE0426237D
:04003500FEC427835B
:040036000007851327
:0400370002C12403DB
:0400380003010113AC
:0400390000008067DC
:04003A00FF010113AE
:04003B0000812623F7
:04003C0001010413A7
:04003D00001000733C
:04003E0000000013AB
:04003F0000C12403D5
:0400400001010113A6
:0400410000008067D4
:04004200FD010113A8
:04004300021126235D
:0400440002812423EE
:04004500030104139C
:0400460000000013A3
:04004700344027F327
:04004800FEF420237F
:04004900304027F329
:04004A00FEF422237B
:04004B00FE04270385
:04004C00FE442783C4
:04004D0000F777B38E
:04004E000107D7933C
:04004F00FCF42A2370
:04005000FC042E235B
:040051000010079301
:04005200FCF42C236B
:04005300FD4427033E
:04005400FD8427837D
:0400550000F777B386
:0400560006078263B4
:04005700000097B757
:04005800EFC7871354
:04005900FDC4278338
:04005A000037979341
:04005B0000F707B3F0
:04005C000007A703EF
:04005D00000097B751
:04005E00EFC78693CF
:04005F00FDC4278332
:04006000003797933B
:0400610000F687B36B
:040062000047A78329
:0400630000078513FA
:04006400000700E7AA
:040065000000001384
:04006600344027F308
:04006700FEF424235C
:04006800304027F30A
:04006900FEF4262358
:04006A00FE842703E6
:04006B00FEC4278325
:04006C0000F777B36F
:04006D000107D7931D
:04006E000200006F1D
:04006F00FD84278362
:04007000001797934B
:04007100FCF42C234C
:04007200FDC427831F
:040073000017879358
:04007400FCF42E2347
:04007500F79FF06F92
:04007600FCF42A2349
:04007700FD4427839A
:04007800F60790E314
:040079000000001370
:04007A00000000136F
:04007B0002C120831B
:04007C0002812403D6
:04007D000301011367
:04007E000000806797
:04007F00FD0101136B
:040080000211262320
:0400810002812423B1
:04008200030104135F
:04008300FCA42E2388
:04008400FCB42C2379
:04008500FCC42A236A
:04008600FDC427038B
:04008700800007B737
:0400880000F777B353
:04008900FEF424233A
:04008A00FDC4270387
:04008B00800007B733
:04008C00FFF7879360
:04008D0000F777B34E
:04008E00FEF4262333
:04008F00FE84278341
:040090000807886372
:04009100FEC427037F
:0400920000300793A0
:0400930004F700630B
:04009400FEC427037C
:04009500007007935D
:0400960006F71263F4
:04009700000097B717
:04009800E907A7834A
:04009900080782636F
:04009A00000000134F
:04009B00000097B713
:04009C00E907A78346
:04009D00FD442603F5
:04009E00FD84258335
:04009F00FDC4250374
:0400A000000780E7EE
:0400A1000000001348
:0400A2000600006FE5
:0400A300000097B70B
:0400A400E8C7A7837F
:0400A50004078E635B
:0400A6000000001343
:0400A700000097B707
:0400A800E8C7A7837B
:0400A900FD442603E9
:0400AA00FD84258329
:0400AB00FDC4250368
:0400AC00000780E7E2
:0400AD00000000133C
:0400AE000380006F5C
:0400AF00FEC4270361
:0400B00000F00793C2
:0400B10002E7FA6305
:0400B200E41FF0EF68
:0400B30002C0006F18
:0400B400FEC425035E
:0400B500DEDFF0EFAB
:0400B60000050793A7
:0400B7000207906349
:0400B800E09FF0EFE6
:0400B9000180006F53
:0400BA00000000132F
:0400BB000100006FD1
:0400BC00000000132D
:0400BD000080006F50
:0400BE00000000132B
:0400BF00FD84278312
:0400C000000785139D
:0400C10002C12083D5
:0400C2000281240390
:0400C3000301011321
:0400C4000000806751
:0400C500FE01011324
:0400C60000812E2364
:0400C700020104131B
:0400C800000237B744
:0400C900060787930C
:0400CA000007A78301
:0400CB00FEF42423F8
:0400CC00FE84278304
:0400CD00FEF42623F4
:0400CE00FEC4270342
:0400CF00000087B7EF
:0400D00000F777B30B
:0400D100FC078EE3B7
:0400D200FEC42783BE
:0400D3000FF7F79399
:0400D4000007851389
:0400D50001C124033E
:0400D600020101130F
:0400D700000080673E
:0400D800FD01011312
:0400D9000281262357
:0400DA000301041307
:0400DB000005079382
:0400DC00FCF40FA37E
:0400DD00FDF4478364
:0400DE00FEF42623E3
:0400DF00000237B72D
:0400E00006078793F5
:0400E100FEC427032F
:0400E20000E7A02370
:0400E3000000001306
:0400E40002C124032E
:0400E50003010113FF
:0400E600000080672F
:0400E700FD01011303
:0400E80002112623B8
:0400E9000281242349
:0400EA0003010413F7
:0400EB00F69FF0EF9D
:0400EC000005079371
:0400ED00FCF40AA372
:0400EE00F5DFF0EF5B
:0400EF00000507936E
:0400F000FCF40B23EE
:0400F100F51FF0EF18
:0400F200000507936B
:0400F300FCF40BA36B
:0400F400FC042C23B9
:0400F50008C0006FD0
:0400F600FE042623BB
:0400F700F39FF0EF94
:0400F8000005079365
:0400F9000007871362
:0400FA00FEC4278396
:0400FB0000E7E7B380
:0400FC00FEF42623C5
:0400FD00F21FF0EF0F
:0400FE00000507935F
:0400FF00008797934C
:04010000FEC427030F
:0401010000F767B3E9
:04010200FEF42623BE
:04010300F09FF0EF8A
:040104000005079358
:0401050001079793C4
:04010600FEC4270309
:0401070000F767B3E3
:04010800FEF42623B8
:04010900EF1FF0EF05
:04010A000005079352
:04010B00018797933E
:04010C00FEC4270303
:04010D0000F767B3DD
:04010E00FEF42623B2
:04010F00FD842783C1
:04011000002797131A
:04011100000317B719
:0401120000F707B338
:04011300FEC42703FC
:0401140000E7A0233D
:04011500FD842783BB
:0401160000178793B4
:04011700FCF42C23A5
:04011800FD54470348
:04011900FD744783A7
:04011A0002F707B32E
:04011B00FD84270335
:04011C00F6F744E3CB
:04011D00FC042E238D
:04011E0008C0006FA6
:04011F00FE04242393
:04012000E95FF0EFB4
:04012100000507933B
:040122000007871338
:04012300FE842783AC
:0401240000E7E7B356
:04012500FEF424239D
:04012600E7DFF0EF30
:040127000005079335
:040128000087979322
:04012900FE84270326
:04012A0000F767B3C0
:04012B00FEF4242397
:04012C00E65FF0EFAB
:04012D00000507932F
:04012E00010797939B
:04012F00FE84270320
:0401300000F767B3BA
:04013100FEF4242391
:04013200E4DFF0EF27
:040133000005079329
:040134000187979315
:04013500FE8427031A
:0401360000F767B3B4
:04013700FEF424238B
:04013800FDC4278358
:0401390000279713F1
:04013A00000327B7E0
:04013B0000F707B30F
:04013C00FE84270313
:04013D0000E7A02314
:04013E00FDC4278352
:04013F00001787938B
:04014000FCF42E237A
:04014100FD744703FF
:04014200FD6447838E
:0401430002F707B305
:04014400FDC42703CC
:04014500F6F744E3A2
:04014600000307B7F4
:040147000047879353
:04014800FD54470318
:0401490000E7A02308
:04014A00000307B7F0
:04014B00008787930F
:04014C00FD64470304
:04014D0000E7A02304
:04014E00000307B7EC
:04014F0000C78793CB
:04015000FD744703F0
:0401510000E7A02300
:04015200000307B7E8
:04015300001007137E
:0401540000E7A023FD
:040155000000001393
:04015600000307B7E4
:040157000007A78373
:04015800FE079CE31F
:04015900FE0420235D
:04015A000740006FEB
:04015B00FE042783F4
:04015C0000279713CE
:04015D00000337B7AD
:04015E0000F707B3EC
:04015F000007A7836B
:04016000FEF4222364
:04016100FE442783AE
:040162000FF7F79309
:0401630000078513F9
:04016400DD1FF0EFBC
:04016500FE442783AA
:040166004087D79364
:040167000FF7F79304
:0401680000078513F4
:04016900DBDFF0EFF9
:04016A00FE442783A5
:04016B004107D793DE
:04016C000FF7F793FF
:04016D0000078513EF
:04016E00DA9FF0EF35
:04016F00FE442783A0
:040170000187D79399
:040171000FF7F793FA
:0401720000078513EA
:04017300D95FF0EF71
:04017400FE042783DB
:040175000017879355
:04017600FEF4202350
:04017700FD544703E9
:04017800FD64478358
:0401790002F707B3CF
:04017A00FE04270355
:04017B00F8F740E36E
:04017C00DBDFF06F66
:04017D0000000297E5
:04017E00A2C2829304
:04017F0030529073F7
:04018000088002935E
:040181003002B07325
:040182003040107386
:040183003440107381
:04018400000012B7AE
:040185000802A00FBD
:04018600FE02829360
:04018700FE029CE3F5
:04018800000081975B
:040189008C018193D1
:04018A000001011758
:04018B009D8101133E
:04018C0000009317C5
:04018D0085C3031310
:04018E000000939743
:04018F00C343839350
:040190000003202325
:040191000043031311
:04019200FE736CE3A9
:040193000C8000EFED
:0401940000006317ED
:0401950094C30313F9
:04019600000063976B
:040197009443839377
:040198000073786315
:04019900000320231C
:04019A000043031308
:04019B00FE736CE3A0
:04019C000000629766
:04019D0092C28293F5
:04019E0000006317E3
:04019F009243031371
:0401A0000000639761
:0401A10091C38393F0
:0401A2000062FC6398
:0401A3000002A4832F
:0401A4000093A02301
:0401A50000428293FF
:0401A60000438393FC
:0401A700FE62E8E329
:0401A80000006217DA
:0401A9008FC20213EC
:0401AA000E0000EF54
:0401AB000000006FE1
:0401AC00FE0101133C
:0401AD0000812E237C
:0401AE000201041333
:0401AF00FEA4262361
:0401B000FEB4242352
:0401B100FEC4222343
:0401B200FE8427039D
:0401B300FEC42783DC
:0401B40002F70A63E1
:0401B5000240006F95
:0401B600FEC4270359
:0401B7000047079363
:0401B800FEF4262308
:0401B900FE84278316
:0401BA0000478693E1
:0401BB00FED4242327
:0401BC00000727030E
:0401BD0000E7A02394
:0401BE00FE84270391
:0401BF00FE44278350
:0401C000FCF71CE349
:0401C1000000001327
:0401C20001C1240350
:0401C3000201011321
:0401C4000000806750
:0401C500FF01011322
:0401C60000112623DB
:0401C700008124236C
:0401C800010104131A
:0401C900000077B704
:0401CA0071478613E0
:0401CB00000067B712
:0401CC00F9C7859357
:0401CD00000077B700
:0401CE0071478513DD
:0401CF00F75FF0EFF7
:0401D00031400613A1
:0401D1000200059390
:0401D200020005130F
:0401D300F65FF0EFF4
:0401D400000067B709
:0401D500F9C78613CD
:0401D600000067B707
:0401D700F387859392
:0401D800000067B705
:0401D900F387851310
:0401DA00F49FF0EFAF
:0401DB005CD000EF05
:0401DC00024010EFDE
:0401DD00000000130B
:0401DE0000C12083B9
:0401DF000081240374
:0401E0000101011305
:0401E1000000806733
:0401E200FE01011306
:0401E30000112E23B6
:0401E40000812C2347
:0401E50002010413FC
:0401E60000000513FD
:0401E700074000EFDE
:0401E8000000001300
:0401E9000A4000EFD9
:0401EA00000067B7F3
:0401EB00F3878613FD
:0401EC00000067B7F1
:0401ED00F38785937C
:0401EE00000067B7EF
:0401EF00F3878513FA
:0401F0002A0010EFE2
:0401F100711000EF9A
:0401F200000017B73B
:0401F30073478513B6
:0401F400181010EFE0
:0401F500000097B7B8
:0401F600E947A7032B
:0401F700000097B7B6
:0401F800E987A6836A
:0401F900000097B7B4
:0401FA00E9C7A78327
:0401FB000007861360
:0401FC0000068593E1
:0401FD0000070513DF
:0401FE00BA5FF0EF05
:0401FF00FEA4262311
:0402000000100513D2
:040201005C4020EF4E
:04020200FEC425030E
:04020300159010EF53
:04020400FE010113E3
:0402050000112E2393
:0402060000812C2324
:0402070002010413D9
:04020800FEA4262307
:0402090059C010EFD9
:04020A0000800793D6
:04020B003007A073A5
:04020C0000000013DB
:04020D0000000013DA
:04020E0001C1208387
:04020F000181240342
:0402100002010113D3
:040211000000806702
:04021200FE010113D5
:0402130000112E2385
:0402140000812C2316
:0402150002010413CB
:0402160000000613CB
:04021700000005934B
:04021800000067B7C4
:04021900FC878513C6
:04021A001E0000EFD3
:04021B00000067B7C1
:04021C00FA07851345
:04021D00539000EF0B
:04021E003E80079384
:04021F00FEF42623A0
:04022000000097B78C
:04022100EA87A7833E
:0402220000079A63D4
:04022300000097B789
:04022400FEC42703EA
:04022500EAE7A4233D
:040226000080006FE5
:0402270000000013C0
:04022800000027B7F4
:04022900028787932E
:04022A00FEF4242397
:04022B00000097B781
:04022C00FE84270322
:04022D00E8E7A82333
:04022E0000000013B9
:04022F00019010EF3B
:0402300000000013B7
:0402310001C1208364
:04023200018124031F
:0402330002010113B0
:0402340000008067DF
:04023500FD010113B3
:040236000211262368
:0402370002812423F9
:0402380003010413A7
:04023900FCA42E23D0
:04023A00FCB42C23C1
:04023B00FCC42A23B2
:04023C00FDC4278353
:04023D000007A7838C
:04023E00FEF4262381
:04023F00FEC427834F
:040240000287871397
:04024100FDC427834E
:040242000087A78307
:040243000007869397
:04024400FD4426034C
:04024500FD8425838C
:040246000007051395
:0402470064C000EFA0
:040248000005079313
:040249000007851312
:04024A0002C120834A
:04024B000281240305
:04024C000301011396
:04024D0000008067C6
:04024E00FD0101139A
:04024F00021126234F
:0402500002812423E0
:04025100030104138E
:04025200FCA42E23B7
:04025300FCB42C23A8
:04025400FCC42A2399
:04025500FDC427833A
:040256000007A78373
:04025700FEF4262368
:04025800FEC4278336
:04025900028787137E
:04025A00FDC4278335
:04025B000087A783EE
:04025C00000786937E
:04025D00FD44260333
:04025E00FD84258373
:04025F00000705137C
:04026000015000EF5A
:0402610000050793FA
:0402620000078513F9
:0402630002C1208331
:0402640002812403EC
:04026500030101137D
:0402660000008067AD
:04026700FD01011381
:040268000211262336
:0402690002812423C7
:04026A000301041375
:04026B00FCA42E239E
:04026C00FDC4278323
:04026D000007A7835C
:04026E00FEF4262351
:04026F00FEC427831F
:040270000287871367
:04027100FDC427831E
:040272000087A783D7
:040273000007859368
:040274000007051367
:04027500428000EFD4
:0402760000050793E5
:0402770000078513E4
:0402780002C120831C
:0402790002812403D7
:04027A000301011368
:04027B000000806798
:04027C00FD0101136C
:04027D000211262321
:04027E0002812423B2
:04027F000301041360
:04028000FCA42E2389
:04028100FCB42C237A
:04028200FCC42A236B
:04028300FDC427830C
:040284000007A78345
:04028500FEF426233A
:04028600FEC4278308
:0402870002878793D0
:04028800FD44260308
:04028900FD84258348
:04028A0000078513D1
:04028B0043C000EF7D
:04028C0000050793CF
:04028D0000078513CE
:04028E0002C1208306
:04028F0002812403C1
:040290000301011352
:040291000000806782
:04029200FD01011356
:04029300021126230B
:04029400028124239C
:04029500030104134A
:04029600FCA42E2373
:04029700FCB42C2364
:04029800FCC42A2355
:04029900FDC42783F6
:04029A000010071336
:04029B0002E7A023B3
:04029C00FDC42783F3
:04029D000207A7832A
:04029E00FEF4262321
:04029F00FDC42783F0
:0402A0000007A78329
:0402A10000478793F8
:0402A20000078713B7
:0402A300FEC42783EB
:0402A40000F720231C
:0402A500FD842503AC
:0402A600FD4425836B
:0402A7000000071339
:0402A800FDC42683E8
:0402A900000017B783
:0402AA00B087861380
:0402AB00509000EF80
:0402AC00FDC42783E3
:0402AD000207A2237F
:0402AE00FDC42783E1
:0402AF00008787132A
:0402B000000097B7FC
:0402B100EA87A583B0
:0402B200FDC42683DE
:0402B300000017B779
:0402B400D4078613D2
:0402B5000007051326
:0402B6000F9000EFB6
:0402B70000050793A4
:0402B8000007DA63FE
:0402B900FDC42783D6
:0402BA008000073782
:0402BB00FFF707132F
:0402BC0000E7A22392
:0402BD00000000132A
:0402BE0002C12083D6
:0402BF000281240391
:0402C0000301011322
:0402C1000000806752
:0402C200FA01011329
:0402C30004812E2361
:0402C4000601041318
:0402C500FAA426234E
:0402C600FAC42783CC
:0402C700FCF42223FE
:0402C800FC44278348
:0402C9000007A78300
:0402CA00FCF42423F9
:0402CB00FA042C23E2
:0402CC00FC84278304
:0402CD0000478793CC
:0402CE000007A783FB
:0402CF00FCF42623F2
:0402D000FCC42783C0
:0402D100FCF42823EE
:0402D200FD0427837D
:0402D3003007F79366
:0402D4001C078E6312
:0402D500FD0427837A
:0402D6001007F79383
:0402D7000E07866325
:0402D800000107B763
:0402D900FAF42E23E2
:0402DA00FC44278336
:0402DB000287A7836C
:0402DC0000178793ED
:0402DD007FF7F7931D
:0402DE00FCF42A23DF
:0402DF00FC44278331
:0402E00002C7A78327
:0402E100FD442703AE
:0402E20006F70263B6
:0402E300FC842783ED
:0402E4000007A783E5
:0402E500FCF42C23D6
:0402E600FD842783E9
:0402E700FAF42E23D4
:0402E800FBC4270329
:0402E900000087B7D3
:0402EA0000F777B3EF
:0402EB00040784631D
:0402EC00FC44278324
:0402ED000287A7835A
:0402EE00FBC4270323
:0402EF000FF777137B
:0402F000FC44268321
:0402F10000F687B3D9
:0402F20002E78C2370
:0402F300FC4427831D
:0402F4000287A78353
:0402F50000178793D4
:0402F6007FF7F71384
:0402F700FC44278319
:0402F80002E7A42352
:0402F90000000013EE
:0402FA00F81FF06F8A
:0402FB0000000013EC
:0402FC000080006F0F
:0402FD0000000013EA
:0402FE00FBC4270313
:0402FF00000107B73C
:0403000004F7646337
:04030100FC4427830E
:040302000207A783C4
:04030300FFE7F71306
:04030400FC4427830B
:0403050002E7A02348
:04030600FC44278309
:040307000207A783BF
:04030800FCF42E23B0
:04030900FC842783C6
:04030A00004787938E
:04030B00000787134D
:04030C00FDC4278382
:04030D0000F72023B2
:04030E00FC842783C1
:04030F000047879389
:040310000007A783B8
:04031100FEF42023B3
:04031200FD0427833C
:040313002007F79335
:04031400EE0780E38D
:04031500FD04278339
:040316000107D79371
:04031700FCF42023AF
:0403180005C0006FAD
:04031900FC442783F6
:04031A000347A7836B
:04031B00FC44270374
:04031C0000F707B32C
:04031D00000017378E
:04031E0000F707B32A
:04031F008387C78386
:04032000FEF42223A2
:04032100FC842783AE
:04032200FE4427036B
:0403230000E7A0232C
:04032400FC442783EB
:040325000347A78360
:0403260000178793A2
:040327007FF7F71352
:04032800FC442783E7
:0403290002E7AA231A
:04032A000010079325
:04032B00FAF42C2391
:04032C00FC04278323
:04032D00FFF78793BC
:04032E00FCF4202398
:04032F00FC04278320
:0403300000078C63D3
:04033100FC442783DE
:040332000347A703D3
:04033300FC442783DC
:040334000307A78391
:04033500F8F718E3DA
:04033600FC04278319
:04033700E4078AE36A
:04033800FC442783D7
:040339000207A7838D
:04033A00FFD7F713DF
:04033B00FC442783D4
:04033C0002E7A02311
:04033D00FC442783D2
:04033E000207A78388
:04033F00FEF4242381
:04034000FC442783CF
:040341000007A78387
:040342000047879356
:040343000007871315
:04034400FE84278389
:0403450000F720237A
:04034600FC84278389
:040347000047879351
:040348000007A78380
:04034900FEF4262375
:04034A00E09FF06FD1
:04034B00000000139B
:04034C00000000139A
:04034D0005C12403BF
:04034E000601011390
:04034F0000008067C3
:04035000FD01011397
:0403510002812623DC
:04035200030104138C
:04035300FCA42E23B5
:04035400FDC427833A
:04035500FEF420236F
:04035600FE042783F7
:040357000007A78371
:040358000047879340
:040359000007A7836F
:04035A00FEF4222368
:04035B00FE442783B2
:04035C00FEF4242364
:04035D00FE84278370
:04035E004007F793CA
:04035F0002078C63A2
:04036000FE042783ED
:040361000207A78365
:040362004007E793D6
:04036300FEF426235B
:04036400FE042783E9
:040365000007A78363
:040366000047879332
:0403670000078713F1
:04036800FEC4278325
:0403690000F7202356
:04036A00FE042783E3
:04036B000207A223C0
:04036C000340006FDB
:04036D00FE042783E0
:04036E000247A70398
:04036F00800007B74C
:04037000FFC78793A9
:0403710002E7E0635C
:04037200FE042783DB
:040373000247A78313
:0403740000178713D4
:04037500FE042783D8
:0403760002E7A223D5
:04037700FE042783D6
:040378000247A7830E
:04037900000097B732
:04037A00EA87A783E4
:04037B0000078513DF
:04037C0002C1240393
:04037D000301011364
:04037E000000806794
:04037F00FE01011367
:0403800000812E23A7
:04038100020104135E
:04038200FEA426238C
:04038300FEB424237D
:0403840001C0006F45
:04038500FE842703C8
:04038600000047B775
:0403870000F777B351
:040388000007866381
:04038900FF50079387
:04038A000300006FFD
:04038B00FEC4278302
:04038C000347A70379
:04038D00FEC4278300
:04038E000307A78337
:04038F0000F70C6304
:04039000FEC42783FD
:040391000247A70375
:04039200FEC42783FB
:040393000047A783F5
:04039400FCF762E32D
:0403950000000793CA
:0403960000078513C4
:0403970001C1240379
:04039800020101134A
:040399000000806779
:04039A00FD0101134D
:04039B000281262392
:04039C000301041342
:04039D00FCA42E236B
:04039E00FCB42C235C
:04039F00FCC42A234D
:0403A000FE70079351
:0403A100FEF424231F
:0403A200FD842703AC
:0403A300000077B728
:0403A400A017879384
:0403A50000F70C63EE
:0403A600FD842703A8
:0403A700000077B724
:0403A800A027879370
:0403A90006F70263EE
:0403AA000AC0006F16
:0403AB00FDC42783E3
:0403AC000047A7035C
:0403AD00800007B70E
:0403AE00FFF787933B
:0403AF0008F70663E2
:0403B000FD4427835E
:0403B1000007A78317
:0403B200FEF426230C
:0403B300FEC427035A
:0403B400001007939B
:0403B50000E7DE631C
:0403B600FEC4270357
:0403B700800007B704
:0403B800FFF7879331
:0403B90000F70663E0
:0403BA00FEC42783D3
:0403BB0000C0006F0F
:0403BC00800007B7FF
:0403BD00FFE787933C
:0403BE00FDC4270350
:0403BF0000F72223FE
:0403C000FE042423F0
:0403C1000440006F85
:0403C200FDC42783CC
:0403C3000047A70345
:0403C400800007B7F7
:0403C500FFF7879324
:0403C60002F70C63CB
:0403C700FDC42783C7
:0403C8000247A7033E
:0403C900FDC42783C5
:0403CA000047A783BE
:0403CB0000F737B34D
:0403CC000FF7F7939D
:0403CD00000787138B
:0403CE00FD44278340
:0403CF0000E7A02380
:0403D000FE042423E0
:0403D10000C0006FF9
:0403D2000000001314
:0403D3000080006F37
:0403D4000000001312
:0403D500FE842783F8
:0403D6000007851384
:0403D70002C1240338
:0403D8000301011309
:0403D9000000806739
:0403DA00FC0101130E
:0403DB0002112E23BA
:0403DC0002812C234B
:0403DD000401041300
:0403DE00FCA4262332
:0403DF00FCB4242323
:0403E000FCC4222314
:0403E100FCD4202305
:0403E200FC842783ED
:0403E300FCF42823DB
:0403E4001280006F14
:0403E500FCC42783AA
:0403E6000287A78360
:0403E700FCF42C23D3
:0403E800FCC42783A7
:0403E90002C7A7831D
:0403EA00FCF42E23CE
:0403EB00FD84270363
:0403EC00FDC42783A2
:0403ED0000F76C6346
:0403EE00FD84270360
:0403EF00FDC427839F
:0403F00040F707B318
:0403F100FCF42A23CB
:0403F2000180006F17
:0403F300000017B738
:0403F40080078713E4
:0403F500FDC4278399
:0403F60040F707B312
:0403F700FCF42A23C5
:0403F800FD44278316
:0403F90006078E6302
:0403FA00FC44278315
:0403FB00FD44270393
:0403FC0000E7F663BD
:0403FD00FC44278312
:0403FE00FCF42A23BE
:0403FF00FCC4278390
:0404000003878713D4
:04040100FDC427838C
:0404020000F707B345
:04040300FD4426038B
:0404040000078593D5
:04040500FD042503CA
:040406006E1010EF75
:04040700FD042703C6
:04040800FD44278305
:0404090000F707B33E
:04040A00FCF42823B3
:04040B00FC44270383
:04040C00FD44278301
:04040D0040F707B3FA
:04040E00FCF42223B5
:04040F00FDC42703FE
:04041000FD442783FD
:0404110000F707B336
:040412007FF7F71366
:04041300FCC427837B
:0404140002E7A62332
:04041500FC442783F9
:04041600F2F04EE3CF
:040417000080006FF2
:0404180000000013CD
:04041900FD042703B4
:04041A00FC842783B4
:04041B0004F71C6363
:04041C00FC042703B2
:04041D00000047B7DD
:04041E0000F777B3B9
:04041F0004079863D3
:0404200000000013C5
:04042100FCC427836D
:040422000287A78323
:04042300FD8427032A
:0404240000F71C635E
:04042500FCC4278369
:040426000247A703DF
:04042700FCC4278367
:040428000047A7835F
:04042900FEF760E397
:04042A00FCC4278364
:04042B000287A7831A
:04042C00FD84270321
:04042D0002F700636F
:04042E00FC442783E0
:04042F00ECF04CE3BE
:040430000180006FD8
:0404310000000013B4
:040432000100006F56
:0404330000000013B2
:040434000080006FD5
:0404350000000013B0
:04043600FD04270397
:04043700FC84278397
:0404380006F704635C
:0404390000800793A5
:04043A003007B7F3DD
:04043B00FEF4262382
:04043C00FEC4278350
:04043D00FEF4202386
:04043E00FCC4278350
:04043F000207A78386
:040440000017E713A7
:04044100FCC427834D
:0404420002E7A0230A
:04044300FCC427834B
:040444000207A78381
:04044500FEF422237C
:04044600FCC4278348
:040447000007A78380
:04044800004787934F
:04044900000787130E
:04044A00FE442783C2
:04044B0000F7202373
:04044C00FE04278300
:04044D00FEF4242372
:04044E00FE8427837E
:04044F000087F79398
:040450003007A0735E
:040451000000001394
:04045200FD0427037B
:04045300FC8427837B
:0404540000F70A6340
:04045500FD04270378
:04045600FC84278378
:0404570040F707B3B0
:040458000200006F2F
:04045900FC04270375
:04045A00000047B7A0
:04045B0000F777B37C
:04045C0000078663AC
:04045D00FF500793B2
:04045E000080006FAB
:04045F00FFB0079350
:0404600000078513F9
:0404610003C1208330
:0404620003812403EB
:04046300040101137C
:0404640000008067AD
:04046500FC01011382
:0404660002112E232E
:0404670002812C23BF
:040468000401041374
:04046900FCA42623A6
:04046A00FCB4242397
:04046B00FCC4222388
:04046C00FCD4202379
:04046D00FC04282340
:04046E00FC84278360
:04046F00FCF42C234A
:040470000EC0006F4B
:04047100FCC427831D
:040472000307A78352
:04047300FCF42E2344
:04047400FCC427831A
:040475000347A7830F
:04047600FCF4282347
:04047700FDC4270396
:04047800FD042783D5
:0404790000F77E63A7
:04047A00FD04270353
:04047B00FDC4278312
:04047C0040F707B38B
:04047D00FFF787936B
:04047E00FCF42A233D
:04047F000340006FC7
:04048000FD042783CD
:0404810000078E637F
:04048200000017B7A8
:040483008007871354
:04048400FDC4278309
:0404850040F707B382
:04048600FCF42A2335
:040487000140006FC1
:040488007FF00713E7
:04048900FDC4278304
:04048A0040F707B37D
:04048B00FCF42A2330
:04048C00FD44278381
:04048D000807826377
:04048E00FC44278380
:04048F00FD442703FE
:0404900000E7F66328
:04049100FC4427837D
:04049200FCF42A2329
:04049300FCC427037B
:04049400000017B796
:04049500838787933F
:0404960000F7073331
:04049700FDC42783F6
:0404980000F707B3AF
:04049900FD442603F5
:04049A00FC84258336
:04049B0000078513BE
:04049C00489010EF85
:04049D00FC842703B1
:04049E00FD4427836F
:04049F0000F707B3A8
:0404A000FCF4242321
:0404A100FC442703ED
:0404A200FD4427836B
:0404A30040F707B364
:0404A400FCF422231F
:0404A500FDC4270368
:0404A600FD44278367
:0404A70000F707B3A0
:0404A8007FF7F713D0
:0404A900FCC42783E5
:0404AA0002E7A8239A
:0404AB00FC44278363
:0404AC00F0F04AE33F
:0404AD000080006F5C
:0404AE000000001337
:0404AF00008007932F
:0404B0003007B7F367
:0404B100FEF426230C
:0404B200FEC42783DA
:0404B300FEF4202310
:0404B400FCC42783DA
:0404B5000207A78310
:0404B6000027E71321
:0404B700FCC42783D7
:0404B80002E7A02394
:0404B900FCC42783D5
:0404BA000207A7830B
:0404BB00FEF4222306
:0404BC00FCC42783D2
:0404BD000007A7830A
:0404BE0000478793D9
:0404BF000007871398
:0404C000FE4427834C
:0404C10000F72023FD
:0404C200FE0427838A
:0404C300FEF42423FC
:0404C400FE84278308
:0404C5000087F79322
:0404C6003007A073E8
:0404C700000000131E
:0404C800FC44278346
:0404C90004F0546384
:0404CA00FC04270304
:0404CB00000047B72F
:0404CC0000F777B30B
:0404CD00040792632B
:0404CE000000001317
:0404CF00FCC42783BF
:0404D0000347A783B4
:0404D100FD042703FC
:0404D20000F71C63B0
:0404D300FCC42783BB
:0404D4000247A70331
:0404D500FCC42783B9
:0404D6000047A783B1
:0404D700FEF760E3E9
:0404D800FCC42783B6
:0404D9000247A783AC
:0404DA0000079C6318
:0404DB00FC44278333
:0404DC00F2F04EE309
:0404DD000100006FAB
:0404DE000000001307
:0404DF000080006F2A
:0404E0000000001305
:0404E100FC8427036D
:0404E200FD842783EB
:0404E30000F70A63B1
:0404E400FC8427036A
:0404E500FD842783E8
:0404E60040F707B321
:0404E7000200006FA0
:0404E800FC042703E6
:0404E900000047B711
:0404EA0000F777B3ED
:0404EB00000786631D
:0404EC00FF50079323
:0404ED000080006F1C
:0404EE00FFB00793C1
:0404EF00000785136A
:0404F00003C12083A1
:0404F100038124035C
:0404F20004010113ED
:0404F300000080671E
:0404F400FC010113F3
:0404F50002812E232F
:0404F60004010413E6
:0404F700FCA4262318
:0404F800FCB4242309
:0404F900FCC42223FA
:0404FA00FCD42023EB
:0404FB0000000713E3
:0404FC000000079362
:0404FD00FEE42423D2
:0404FE00FEF42623BF
:0404FF00000097B7AB
:04050000EA87A7835C
:0405010012078063FA
:04050200FCC427838B
:0405030010078863F2
:04050400FCC4278389
:04050500FC44270388
:0405060000E7A8233F
:04050700FCC4278386
:04050800FC042703C5
:0405090000E7AA233A
:04050A0000800793D3
:04050B003007B7F30B
:04050C00FEF42223B4
:04050D00FE442783FE
:04050E00FCF42A23AC
:04050F00000097B79A
:04051000EB07A7034B
:04051100EB47A7838A
:04051200FEE42423BC
:04051300FEF42623A9
:04051400FC842783B9
:040515000007881340
:040516000000089346
:04051700FE84260335
:04051800FEC4268374
:0405190000C80733DC
:04051A00000705933E
:04051B000105B5B36E
:04051C0000D887B3C9
:04051D0000F586B3AC
:04051E0000068793B9
:04051F0000070613B8
:0405200000078693B7
:0405210000100513AE
:04052200000005933D
:0405230000A60733F4
:0405240000070813B1
:0405250000C838339F
:0405260000B687B3E1
:0405270000F806B31F
:0405280000068793AF
:04052900FCC4268365
:04052A0000E6A42320
:04052B0000F6A6230D
:04052C00FCC4278361
:04052D00818187132E
:04052E00FCE42E2398
:04052F00FEF4202393
:04053000FE0427831B
:04053100FDC42703DB
:0405320000E7A22319
:04053300FDC4278359
:040534000007A70312
:04053500FE04278316
:0405360000E7A02317
:04053700FDC4278355
:040538000007A7838E
:04053900FE04270392
:04053A0000E7A22311
:04053B00FDC4278351
:04053C00FE0427038F
:04053D0000E7A02310
:04053E0000000013A6
:04053F00FD442783CD
:04054000FCF42C2378
:04054100FD8427838B
:040542000087F793A4
:040543003007A0736A
:0405440000000013A0
:040545000000079318
:040546000100006F41
:04054700FEA0079378
:040548000080006FC0
:04054900F7A007937D
:04054A00000785130E
:04054B0003C12403C1
:04054C000401011392
:04054D0000008067C3
:04054E00FE01011396
:04054F0000812E23D6
:04055000020104138D
:04055100FE0426235B
:040552000180006FB5
:04055300FEC4278338
:040554000817A00FD5
:04055500FEC4278336
:04055600020787937E
:04055700FEF4262365
:04055800FEC42703B3
:04055900000017B7D0
:04055A00FEF762E363
:04055B000000001389
:04055C000000001388
:04055D0001C12403B1
:04055E000201011382
:04055F0000008067B1
:04056000FE01011384
:0405610000812E23C4
:04056200020104137B
:04056300FEA42623A9
:04056400FEB424239A
:04056500FEC422238B
:04056600FE442783A5
:0405670000078513F1
:0405680001C12403A6
:040569000201011377
:04056A0000008067A6
:04056B00FE01011379
:04056C0000112E2329
:04056D0000812C23BA
:04056E00020104136F
:04056F00FEA426239D
:04057000000077B759
:040571006E87859379
:04057200FEC425039B
:04057300060000EF8F
:0405740000050793E4
:0405750000078513E3
:0405760001C120831C
:0405770001812403D7
:040578000201011368
:040579000000806797
:04057A00FF01011369
:04057B000011262322
:04057C0000812423B3
:04057D000101041361
:04057E008141A7838D
:04057F0000078A6384
:040580008141A7838B
:04058100000780E708
:0405820000050793D6
:0405830000C0006F45
:04058400000097B725
:04058500EC47879325
:0405860000078513D2
:0405870000C120830C
:0405880000812403C7
:040589000101011358
:04058A000000806786
:04058B00FD0101135A
:04058C00021126230F
:04058D0002812423A0
:04058E00030104134E
:04058F00FCA42E2377
:04059000FCB42C2368
:04059100FDC42783FB
:040592000007886373
:04059300FDC42783F9
:040594000087A783B2
:0405950000079E635A
:04059600F91FF0EF6A
:040597000005071341
:040598000160079364
:0405990000F7202324
:04059A00FEA0079325
:04059B000540006FA8
:04059C00FDC42783F0
:04059D00FD842703AF
:04059E00FEE4242330
:04059F00FEF426231D
:0405A000FEC42783EB
:0405A100FE842703AA
:0405A20000E7A223A9
:0405A300FE84278328
:0405A4000007A703A2
:0405A500FEC42783E6
:0405A60000E7A023A7
:0405A700FE84278324
:0405A8000007A7831E
:0405A900FEC4270362
:0405AA0000E7A223A1
:0405AB00FE84278320
:0405AC00FEC427035F
:0405AD0000E7A023A0
:0405AE000000001336
:0405AF0000000793AE
:0405B00000078513A8
:0405B10002C12083E0
:0405B200028124039B
:0405B300030101132C
:0405B400000080675C
:0405B500FE0101132F
:0405B60000112E23DF
:0405B70000812C2370
:0405B8000201041325
:0405B900000067B720
:0405BA00F307879329
:0405BB00FEF4262301
:0405BC0001C0006F0B
:0405BD00FEC42783CE
:0405BE000007A78308
:0405BF00000780E7CA
:0405C000FEC42783CB
:0405C10000478793D5
:0405C200FEF42623FA
:0405C300FEC4270348
:0405C400000067B715
:0405C500F38787939E
:0405C600FCF76EE3ED
:0405C700000000131D
:0405C800000000131C
:0405C90001C12083C9
:0405CA000181240384
:0405CB000201011315
:0405CC000000806744
:0405CD00FE01011317
:0405CE0000112E23C7
:0405CF0000812C2358
:0405D000020104130D
:0405D100000067B708
:0405D200F3478793D1
:0405D300FEF42623E9
:0405D40001C0006FF3
:0405D500FEC42783B6
:0405D6000007A783F0
:0405D700000780E7B2
:0405D800FEC42783B3
:0405D900FFC787933E
:0405DA00FEF42623E2
:0405DB00FEC4270330
:0405DC00000067B7FD
:0405DD00F387879386
:0405DE00FCF77EE3C5
:0405DF000000001305
:0405E0000000001304
:0405E10001C12083B1
:0405E200018124036C
:0405E30002010113FD
:0405E400000080672C
:0405E500FF010113FE
:0405E6000081262347
:0405E70001010413F7
:0405E8000000100FF0
:0405E90000000013FB
:0405EA0000C1240325
:0405EB0001010113F6
:0405EC000000806724
:0405ED00FD010113F8
:0405EE0002112623AD
:0405EF00028124233E
:0405F00003010413EC
:0405F100FEA426231B
:0405F200FEB424230C
:0405F300FEC42223FD
:0405F400FED42023EE
:0405F500FCE42E23D1
:0405F600FDC4270316
:0405F700FE04268355
:0405F800FE44260394
:0405F900FE842583D4
:0405FA00FEC4250313
:0405FB0001C000EF4C
:0405FC00000507935C
:0405FD00000785135B
:0405FE0002C1208393
:0405FF00028124034E
:0406000003010113DE
:04060100000080670E
:04060200FA010113E5
:0406030004812E231D
:0406040006010413D4
:04060500FAA42E2302
:04060600FAB42C23F3
:04060700FAC42A23E4
:04060800FAD42823D5
:04060900FAE42623C6
:04060A00FEA00793B4
:04060B00FCF42223B6
:04060C00FB842783C1
:04060D00FCF42423B2
:04060E00FC8427033E
:04060F0000F007935D
:0406100012E7C863C2
:0406110000800793CB
:040612003007B7F303
:04061300FCF42823A8
:04061400FD04278337
:04061500FCF42623A8
:04061600000097B792
:04061700EFC787138F
:04061800FC842783B4
:04061900003797937C
:04061A0000F707B32B
:04061B00FB44270372
:04061C0000E7A02330
:04061D00000097B78B
:04061E00EFC7871388
:04061F00FC842783AD
:040620000037979375
:0406210000F707B324
:04062200FB042703AB
:0406230000E7A22327
:04062400FB442783E9
:0406250006078263DF
:04062600FC842783A6
:04062700FBC42703E6
:04062800FCE42A23A1
:04062900FCF42C238E
:04062A00FD84270321
:04062B0000F0079341
:04062C0000E7E86398
:04062D00FD8427839E
:04062E0001078793A6
:04062F000080006FD8
:04063000FFF007933D
:04063100FCF42E2384
:04063200FDC4278359
:040633000007D66383
:04063400FDC4278357
:040635000800006F4A
:04063600FDC4278355
:04063700FCF42C2380
:04063800FD84278393
:040639000010071393
:04063A0000F717B3FB
:04063B003047A07331
:04063C000000079320
:04063D000600006F44
:04063E00FC8427838E
:04063F00FBC42703CE
:04064000FEE4202391
:04064100FEF422237E
:04064200FE44270348
:0406430000F0079329
:0406440000E7E86380
:04064500FE442783C5
:04064600010787938E
:040647000080006FC0
:04064800FFF0079325
:04064900FEF4242374
:04064A00FE84278380
:04064B000007D6636B
:04064C00FE8427837E
:04064D000200006F38
:04064E00FE8427837C
:04064F00FEF4222370
:04065000FE442783BA
:04065100001007137B
:0406520000F717B3E3
:040653003047B07309
:040654000000079308
:04065500FCF422236C
:04065600FCC4278336
:04065700FEF4262364
:04065800FEC4278332
:040659000087F7938C
:04065A003007A07352
:04065B000000001388
:04065C00FC442783B0
:04065D0000078513FA
:04065E0005C12403AB
:04065F00060101137C
:0406600000008067AF
:04066100FD01011383
:040662000211262338
:0406630002812423C9
:040664000301041377
:04066500FCA42E23A0
:04066600FCB42C2391
:04066700FCC42A2382
:04066800FCD4282373
:04066900FD04260363
:04066A00FD442583A3
:04066B00FD842503E2
:04066C00424010EF09
:04066D00FEA426239E
:04066E00FEC427831C
:04066F000807C8634D
:04067000000077B758
:0406710002878693E3
:04067200FEC4270398
:0406730000070793E2
:040674000017979341
:0406750000E787B360
:04067600002797932F
:0406770000F687B34F
:040678000007A703CD
:04067900FDC4278312
:04067A0000E7A023D2
:04067B00000077B74D
:04067C0002878693D8
:04067D00FEC427038D
:04067E0000070793D7
:04067F000017979336
:0406800000E787B355
:040681000027979324
:0406820000F687B344
:040683000047A70382
:04068400FDC4278307
:0406850000E7A223C5
:04068600000077B742
:0406870002878693CD
:04068800FEC4270382
:0406890000070793CC
:04068A00001797932B
:04068B0000E787B34A
:04068C000027979319
:04068D0000F687B339
:04068E000087A70337
:04068F00FDC42783FC
:0406900000E7A423B8
:04069100FEC425037B
:04069200114000EF24
:040693000000001350
:0406940002C12083FC
:0406950002812403B7
:040696000301011348
:040697000000806778
:04069800FE0101134B
:0406990000112E23FB
:04069A0000812C238C
:04069B000201041341
:04069C00FEA426236F
:04069D00FEB4242360
:04069E00FEC4222351
:04069F001FF00693AF
:0406A000001006132D
:0406A100FEC42583EB
:0406A200000077B726
:0406A3000347851371
:0406A400EF5FF0EF25
:0406A5001FF00693A9
:0406A6000000061337
:0406A700FE84258325
:0406A800000077B720
:0406A900028785132C
:0406AA00EDDFF0EFA1
:0406AB001FF00693A3
:0406AC000010061321
:0406AD00FE4425835F
:0406AE00000077B71A
:0406AF0004078513A4
:0406B000EC5FF0EF1C
:0406B1008201A78398
:0406B2000047A783D3
:0406B3000107A78311
:0406B4000207906346
:0406B5008201A78394
:0406B6000047A783CF
:0406B70000000693A6
:0406B8000020061305
:0406B90000000593A5
:0406BA00000785139D
:0406BB00441000EFF8
:0406BC008201A7838D
:0406BD000087A78388
:0406BE000107A78306
:0406BF00020790633B
:0406C0008201A78389
:0406C1000087A78384
:0406C200000006939B
:0406C30000200613FA
:0406C400000005939A
:0406C5000007851392
:0406C600415000EFB0
:0406C7008201A78382
:0406C80000C7A7833D
:0406C9000107A783FB
:0406CA000207906330
:0406CB008201A7837E
:0406CC0000C7A78339
:0406CD000000069390
:0406CE0000200613EF
:0406CF00000005938F
:0406D0000007851387
:0406D1003E9000EF68
:0406D2000000001311
:0406D30001C12083BE
:0406D4000181240379
:0406D500020101130A
:0406D6000000806739
:0406D700FE0101130C
:0406D80000812E234C
:0406D9000201041303
:0406DA00FEA4262331
:0406DB00FEC427032F
:0406DC000020079360
:0406DD0004E7D663F5
:0406DE00000077B7EA
:0406DF000287869375
:0406E000FEC427032A
:0406E1000007079374
:0406E20000179793D3
:0406E30000E787B3F2
:0406E40000279793C1
:0406E50000F687B3E1
:0406E6000007A42342
:0406E700000077B7E1
:0406E800028786936C
:0406E900FEC4270321
:0406EA00000707936B
:0406EB0000179793CA
:0406EC0000E787B3E9
:0406ED0000279793B8
:0406EE0000F687B3D8
:0406EF000007A0233D
:0406F00000000013F3
:0406F10001C124031C
:0406F20002010113ED
:0406F300000080671C
:0406F400FD010113F0
:0406F5000281262335
:0406F60003010413E5
:0406F700FCA42E230E
:0406F80000800793E4
:0406F9003007B7F31C
:0406FA00FEF42623C1
:0406FB00FEC427838F
:0406FC00FEF42023C5
:0406FD00FDC427838E
:0406FE00FEF42423BF
:0406FF00FE842783CB
:040700000007A783C4
:04070100FE84270348
:040702000047270382
:0407030000E7A22346
:04070400FE842783C5
:040705000047A7837F
:04070600FE84270343
:0407070000072703BD
:0407080000E7A02343
:04070900FE842783C0
:04070A00FE8427033F
:04070B0000E7A2233E
:04070C00FE842783BD
:04070D00FE8427033C
:04070E0000E7A0233D
:04070F0000000013D3
:04071000FE04278339
:04071100FEF42223AD
:04071200FE442783F7
:040713000087F793D1
:040714003007A07397
:0407150000000013CD
:0407160000000013CC
:0407170002C12403F4
:0407180003010113C5
:0407190000008067F5
:04071A00FE010113C8
:04071B0000112E2378
:04071C0000812C2309
:04071D0001212A2369
:04071E00013128235A
:04071F0002010413BC
:0407200081818793B9
:040721000007A783A3
:04072200FEF422239C
:04072300000097B784
:04072400EB07A70335
:04072500EB47A78374
:0407260000100513A7
:040727000000059336
:0407280000A70633ED
:0407290000060813AB
:04072A0000E8383378
:04072B0000B786B3DA
:04072C0000D807B337
:04072D0000078693A8
:04072E0000060713A7
:04072F0000068793A6
:04073000000096B778
:04073100EAE6A82329
:04073200EAF6AA2316
:040733000C80006FC7
:04073400FE442783D5
:040735000007A7838F
:04073600FEF4242386
:04073700FE442783D2
:040738000087A6038D
:0407390000C7A683CC
:04073A00000097B76D
:04073B00EB07A7031E
:04073C00EB47A7835D
:04073D00000685131A
:04073E000007859398
:04073F0008A5E863BE
:040740000006851317
:040741000007859395
:0407420000B5186383
:040743000006069313
:040744000007079310
:0407450006D7EC6384
:04074600FE442783C3
:040747000107A7837C
:04074800FE44270341
:04074900014727033A
:04074A00000705138C
:04074B00000780E73C
:04074C00FEA42623BE
:04074D00FEC427833C
:04074E0000079863A5
:04074F00FE4425033C
:04075000E91FF0EFBE
:040751000480006FB1
:04075200FE442783B7
:040753000087A70371
:0407540000C7A783B0
:04075500FEC4268335
:0407560000068913FD
:040757000000099302
:04075800012706333C
:0407590000060593FE
:04075A0000E5B5B34E
:04075B00013786B329
:04075C0000D587B38A
:04075D000007869378
:04075E000006071377
:04075F000006879376
:04076000FE442683AA
:0407610000E6A423E7
:0407620000F6A623D4
:04076300FE84278366
:04076400FEF422235A
:04076500FE44270324
:040766008181879373
:04076700F2F71AE3A8
:04076800000000137A
:040769000000001379
:04076A0001C1208326
:04076B0001812403E1
:04076C00014129031B
:04076D0001012983DA
:04076E000201011370
:04076F00000080679F
:04077000FF01011371
:0407710000812623BA
:04077200010104136A
:04077300FFF00793F9
:040774003047B073E7
:04077500000000136D
:0407760000C1240397
:040777000101011368
:040778000000806796
:04077900FF01011368
:04077A000011262321
:04077B0000812423B2
:04077C000101041360
:04077D000AC000EFBF
:04077E000005071358
:04077F000005879357
:04078000000096B728
:04078100EAE6AC23D5
:04078200EAF6AE23C2
:0407830000000793D8
:0407840000078513D2
:0407850000C120830C
:0407860000812403C7
:040787000101011358
:040788000000806786
:04078900FF01011358
:04078A000011262311
:04078B0000812423A2
:04078C000101041350
:04078D0006C000EFB3
:04078E000005061349
:04078F000005869348
:04079000000097B717
:04079100EB87A5034A
:04079200EBC7A58389
:0407930040A6073342
:04079400000708133F
:0407950001063833EE
:0407960040B687B32F
:04079700410786B3DD
:04079800000687933D
:04079900000705133D
:04079A00000785933C
:04079B0000C12083F6
:04079C0000812403B1
:04079D000101011342
:04079E000000806770
:04079F00FF01011342
:0407A000008126238B
:0407A100010104133B
:0407A20002FAF7B7A9
:0407A3000807879329
:0407A40000078513B2
:0407A50000C1240368
:0407A6000101011339
:0407A7000000806767
:0407A800FE0101133A
:0407A90000812E237A
:0407AA000201041331
:0407AB0000023337DE
:0407AC0000430313F0
:0407AD00000323031F
:0407AE00FE6424239E
:0407AF0000023337DA
:0407B000000323031C
:0407B100FE64262399
:0407B20000023337D7
:0407B30000430313E9
:0407B4000003230318
:0407B500FE842E038D
:0407B600FC6E1AE3D8
:0407B700FE84230396
:0407B800000308131F
:0407B90000000893A1
:0407BA000008179389
:0407BB000000071320
:0407BC00FEC428034C
:0407BD000008061317
:0407BE00000006939E
:0407BF0000C76533D7
:0407C00000D7E5B3C6
:0407C1000005071315
:0407C2000005879314
:0407C3000007051313
:0407C4000007859312
:0407C50001C1240347
:0407C6000201011318
:0407C7000000806747
:0407C800FD0101131B
:0407C9000281262360
:0407CA000301041310
:0407CB00FCA42C233B
:0407CC00FCB42E2328
:0407CD00F14026F3DE
:0407CE00FED426230C
:0407CF00FEC426033B
:0407D000000046B728
:0407D1006016869395
:0407D20000D606B394
:0407D30000369693C3
:0407D400FED4242308
:0407D500FE842683F5
:0407D60000468693C0
:0407D700FFF0061316
:0407D80000C6A02394
:0407D900FD84260372
:0407DA00FE842683F0
:0407DB0000C6A02391
:0407DC00FDC42683AF
:0407DD000006D71328
:0407DE00000007937D
:0407DF00FE842683EB
:0407E00000468693B6
:0407E1000007079373
:0407E20000F6A0235A
:0407E30000000013FF
:0407E40002C1240327
:0407E50003010113F8
:0407E6000000806728
:0407E700FE010113FB
:0407E80000812E233B
:0407E90002010413F2
:0407EA00F140237344
:0407EB00FE6426235F
:0407EC00FEC42E0316
:0407ED00000043378E
:0407EE00601303137E
:0407EF00006E033362
:0407F00000331313AC
:0407F100FE6420235F
:0407F200FE042303DB
:0407F30000032303D9
:0407F400FE6422235A
:0407F500FE042303D8
:0407F60000430313A6
:0407F70000032303D5
:0407F800FE64242354
:0407F900FE84230354
:0407FA0000030813DD
:0407FB00000008935F
:0407FC000008179347
:0407FD0000000713DE
:0407FE00FE4428038A
:0407FF0000080613D5
:04080000000006935B
:0408010000C7653394
:0408020000D7E5B383
:0408030000050713D2
:0408040000058793D1
:0408050000070513D0
:0408060000078593CF
:0408070001C1240304
:0408080002010113D5
:040809000000806704
:04080A00FC010113D9
:04080B0002112E2385
:04080C0002812C2316
:04080D0004010413CB
:04080E00FCA42623FD
:04080F00FCB42423EE
:04081000FCC42223DF
:04081100E5DFF0EF40
:04081200FEA42423F9
:04081300FEB42623E6
:04081400FE84270334
:04081500FEC4278373
:040816000000C537E2
:04081700350505138B
:040818000000059344
:0408190000A70633FB
:04081A0000060813B9
:04081B0000E8383386
:04081C0000B786B3E8
:04081D0000D807B345
:04081E0000078693B6
:04081F0000060713B5
:0408200000068793B4
:0408210000070513B4
:0408220000078593B3
:04082300E95FF0EFAA
:0408240000800793B6
:040825003007B7F3EE
:04082600FEF4222397
:04082700FE442783E1
:04082800FCF42E238B
:04082900BC5FF0EFD1
:04082A00FDC427835F
:04082B00FEF4202394
:04082C00FE0427831C
:04082D000087F793B6
:04082E003007A0737C
:04082F0000000013B2
:0408300000000013B1
:0408310003C120835C
:040832000381240317
:0408330004010113A8
:0408340000008067D9
:04083500FE010113AC
:0408360000112E235C
:0408370000812C23ED
:0408380002010413A2
:04083900DBDFF0EF22
:04083A00FEA42423D1
:04083B00FEB42623BE
:04083C00FE8427030C
:04083D00FEC427834B
:04083E000000C537BA
:04083F003505051363
:04084000000005931C
:0408410000A70633D3
:040842000006081391
:0408430000E838335E
:0408440000B786B3C0
:0408450000D807B31D
:04084600000786938E
:04084700000607138D
:04084800000687938C
:04084900000705138C
:04084A00000785938B
:04084B00DF5FF0EF8C
:04084C000800079306
:04084D003047A0731D
:04084E000000001393
:04084F000000001392
:0408500001C120833F
:0408510001812403FA
:04085200020101138B
:0408530000008067BA
:040854000005059303
:040855000000069306
:040856000000061385
:040857000000051385
:0408580073D0006FEA
:04085900FF01011387
:04085A000000059302
:04085B0000812423D1
:04085C00001126233E
:04085D00000504137B
:04085E00010010EF96
:04085F000000779787
:04086000D447A7834F
:0408610000078463A5
:04086200000780E724
:040863000004051375
:04086400095020EF28
:040865000000561722
:04086600014606132E
:0408670000002597D1
:04086800DAC58593D5
:04086900000055171F
:04086A00014505132C
:04086B004CC0006F0E
:04086C00004525839B
:04086D00FF01011373
:04086E0000812423BE
:04086F00001126232B
:040870000000779776
:04087100DBC78793C7
:040872000005041366
:0408730000F58463A5
:04087400579010EF9A
:040875000084258353
:040876000000779770
:04087700E0C78793BC
:0408780000F586639E
:04087900000405135F
:04087A00561010EF15
:04087B0000C425830D
:04087C00000077976A
:04087D00E5C78793B1
:04087E0000F58C6392
:04087F000004051359
:0408800000812403CC
:0408810000C120830F
:04088200010101135C
:0408830053D0106FCF
:0408840000C120830C
:0408850000812403C7
:040886000101011358
:040887000000806786
:040888000645A783F7
:040889000017F793CA
:04088A000007986368
:04088B0000C5D7834A
:04088C002007F793B7
:04088D000007866377
:04088E00000005134E
:04088F00000080677E
:040890000585A50332
:04089100FF0101134F
:040892000011262308
:04089300361000EF2C
:0408940000C12083FC
:040895000000051347
:040896000101011348
:040897000000806776
:040898000645A783E7
:040899000017F793BA
:04089A000007986358
:04089B0000C5D7833A
:04089C002007F793A7
:04089D000007866367
:04089E00000005133E
:04089F00000080676E
:0408A0000585A50322
:0408A100FF0101133F
:0408A20000112623F8
:0408A300339000EF9F
:0408A40000C12083EC
:0408A5000000051337
:0408A6000101011338
:0408A7000000806766
:0408A800FE01011339
:0408A90000000797AD
:0408AA00EF0787933A
:0408AB0000112E23E7
:0408AC0000812C2378
:0408AD0000912A2369
:0408AE0000007417BB
:0408AF00CC4404131E
:0408B00001212823D7
:0408B10001312623C8
:0408B20001412423B9
:0408B30000800613A8
:0408B40000000593A8
:0408B50000007717B1
:0408B600BEF7262340
:0408B70000007517B1
:0408B800CFC5051390
:0408B9000040079361
:0408BA0000F42623FD
:0408BB0000042023F2
:0408BC0000042223EF
:0408BD0000042423EC
:0408BE0006042223E7
:0408BF0000042823E6
:0408C00000042A23E3
:0408C10000042C23E0
:0408C200315000EFC2
:0408C30000000A1710
:0408C4006B8A0A131E
:0408C500000009978F
:0408C6007149899358
:0408C700000009170D
:0408C800794909134E
:0408C9000000149780
:0408CA00804484934F
:0408CB00000075179D
:0408CC00CA850513C1
:0408CD00034420239D
:0408CE0003342223AA
:0408CF0003242423B7
:0408D0000294262345
:0408D10000842E234E
:0408D200255000EFBE
:0408D300000107B762
:0408D400008787937F
:0408D5000080061386
:0408D6000000059386
:0408D7000000751791
:0408D800CE450513F1
:0408D90006F42A23D4
:0408DA0006042423C9
:0408DB0006042623C6
:0408DC0006042823C3
:0408DD000C042623BE
:0408DE0006042C23BD
:0408DF0006042E23BA
:0408E00008042023C5
:0408E100299000EF6B
:0408E2000000779704
:0408E300C5C787936B
:0408E4000000751784
:0408E500CAC5051368
:0408E60008F42223CD
:0408E7000944242379
:0408E8000934262386
:0408E9000924282393
:0408EA0008942A2321
:0408EB001F1000EFEB
:0408EC00000207B748
:0408ED0001278793C5
:0408EE00008006136D
:0408EF00000005936D
:0408F0000000751778
:0408F100CE85051398
:0408F2000CF42E23B1
:0408F3000C042823A6
:0408F4000C042A23A3
:0408F5000C042C23A0
:0408F60012042A239B
:0408F7000E042023A8
:0408F8000E042223A5
:0408F9000E042423A2
:0408FA00235000EF98
:0408FB0000007797EB
:0408FC00C607879311
:0408FD000F44282359
:0408FE000F342A2366
:0408FF000F242C2373
:040900000E942E2300
:040901000EF42623A7
:040902000181240348
:0409030001C120838B
:040904000141248306
:0409050001012903C0
:0409060000C1298380
:0409070000812A033E
:04090800000075175F
:04090900C8450513C5
:04090A0002010113D2
:04090B001710006F52
:04090C00FE010113D4
:04090D00013126236B
:04090E000005099344
:04090F000000751758
:04091000AA8505139C
:0409110000112E2380
:0409120000812C2311
:0409130000912A2302
:040914000121282372
:04091500159000EF4A
:0409160000007797CF
:04091700A687A78385
:0409180010078263DF
:04091900000059176A
:04091A00D4490913A0
:04091B00FFF0049352
:04091C0000492783E4
:04091D000089240326
:04091E00FFF78793C5
:04091F000007D86392
:040920000940006F1B
:040921000684041331
:040922000897866349
:0409230000C41703F2
:04092400FFF78793BF
:04092500FE0718E3CE
:04092600FFFF07B711
:04092700001787939B
:0409280000F426238E
:040929000584051329
:04092A00060422237A
:04092B000F1000EFBA
:04092C00000075173B
:04092D00A3450513C6
:04092E0010D000EFF6
:04092F00008006132B
:04093000000420237C
:040931000004242377
:040932000004222378
:040933000004282371
:0409340000042A236E
:0409350000042C236B
:040936000000059325
:0409370005C40513DB
:0409380013D000EFE9
:040939000204282369
:04093A0002042A2366
:04093B00040422236B
:04093C000404242368
:04093D0001C1208351
:04093E000004051399
:04093F00018124030B
:0409400001412483CA
:040941000101290384
:0409420000C1298344
:040943000201011399
:0409440000008067C8
:04094500000924037E
:040946000004066340
:04094700000409138C
:04094800F51FF06F38
:040949001AC0059338
:04094A000009851308
:04094B00228010EF07
:04094C00000504138B
:04094D0002050C6330
:04094E0000C50513C8
:04094F0000400793CA
:04095000000420235C
:0409510000F4222369
:0409520000A42423B6
:040953001A0006136D
:040954000000059307
:040955000C9000EF13
:0409560000892023D1
:04095700000409137C
:04095800F11FF06F2C
:04095900D3DFF0EF09
:04095A00EFDFF06F6C
:04095B00000920234C
:04095C00000075170B
:04095D0097450513A2
:04095E0004D000EFD2
:04095F0000C007933A
:0409600000F9A023D7
:04096100F71FF06F1D
:04096200FF0101137D
:0409630000812423C8
:040964000005041373
:040965000000751702
:0409660095050513DB
:040967000011262332
:0409680000D000EFCC
:040969000344278399
:04096A0000079E6381
:04096B0000000797EA
:04096C00C047879366
:04096D0002F42A2343
:04096E000000779777
:04096F009087A78343
:0409700000078E638B
:0409710000812403DA
:0409720000C120831D
:0409730000007517F4
:040974009185051351
:040975000101011368
:040976007EC0006FD0
:04097700CC5FF0EF72
:0409780000812403D3
:0409790000C1208316
:04097A0000007517ED
:04097B008FC505130C
:04097C000101011361
:04097D007D00006F8A
:04097E0000007517E9
:04097F008EC5051309
:040980007AC0006FCA
:0409810000007517E6
:040982008E050513C6
:040983007B80006F06
:04098400FF0101135B
:0409850000007517E2
:040986008D050513C3
:040987000011262312
:0409880078C000EF44
:0409890000C1208306
:04098A0000005617FC
:04098B00B806061391
:04098C0000000597CB
:04098D00BF0585938A
:04098E00000005134D
:04098F00010101134E
:040990000380006F71
:04099100FF0101134E
:0409920000005617F4
:04099300B60606138B
:0409940000000597C3
:04099500C105859380
:040996000000051345
:040997000011262302
:04099800018000EFEB
:0409990000C12083F6
:04099A0000007517CD
:04099B0087C50513F4
:04099C000101011341
:04099D007500006F72
:04099E00FD01011343
:04099F0003212023ED
:0409A00001312E23D0
:0409A10001412C23C1
:0409A20001512A23B2
:0409A30001612823A3
:0409A4000171262394
:0409A50002112623F2
:0409A6000281242383
:0409A7000291222374
:0409A80000050B1328
:0409A90000058B9327
:0409AA0000060A93A6
:0409AB0000000A132B
:0409AC00001009939B
:0409AD00FFF009133B
:0409AE00004AA483D4
:0409AF00008AA40313
:0409B000FFF4849339
:0409B1000204C86311
:0409B20000C45783A3
:0409B30000F9FE63E6
:0409B40000E41783C1
:0409B50000040593A2
:0409B600000B05131A
:0409B700012786632B
:0409B800000B80E7C9
:0409B90000AA6A33F3
:0409BA00FFF484932F
:0409BB000684041397
:0409BC00FD249CE397
:0409BD00000AAA83FF
:0409BE00FC0A90E3BC
:0409BF0002C12083CE
:0409C0000281240389
:0409C1000241248348
:0409C2000201290302
:0409C30001C12983C2
:0409C40001412A8340
:0409C50001012B03FE
:0409C60000C12B83BE
:0409C700000A05130A
:0409C80001812A037C
:0409C9000301011312
:0409CA000000806742
:0409CB00FD01011316
:0409CC00028124235D
:0409CD00029122234E
:0409CE0003212023BE
:0409CF0001312E23A1
:0409D00001412C2392
:0409D10002112623C6
:0409D2008201AA03F1
:0409D3000005041304
:0409D400000589137E
:0409D500000609937C
:0409D6000006849300
:0409D700000A0663A9
:0409D800034A278324
:0409D90020078A6306
:0409DA00002007935F
:0409DB0000F9886334
:0409DC00001007936D
:0409DD002137E86373
:0409DE002004C663C8
:0409DF000644278320
:0409E0000017F79372
:0409E1001007886310
:0409E2000004059375
:0409E300000A0513EE
:0409E400381010EFC8
:0409E500030425835F
:0409E60000058C6319
:0409E700040407936A
:0409E80000F586632D
:0409E900000A0513E8
:0409EA0048D000EF02
:0409EB0002042823B7
:0409EC0000C41783A9
:0409ED0000042C23B3
:0409EE0000042223BC
:0409EF000807F713EB
:0409F0001407126373
:0409F100FFFFF737D6
:0409F20035C70713EB
:0409F30000E7F7B36F
:0409F40000F41623D2
:0409F50000200713C4
:0409F60014E98A6313
:0409F70000C10693A2
:0409F8000081061361
:0409F900000405935E
:0409FA00000A0513D7
:0409FB0066D010EFC3
:0409FC0000C4578359
:0409FD0000A7E7B3B5
:0409FE0000F41623C8
:0409FF000A048863FB
:040A00000A09086374
:040A0100034A2783FA
:040A02000C078663F4
:040A03000081270344
:040A040000C4178390
:040A050000970A63E9
:040A0600000017379E
:040A0700800707134A
:040A080000E7E7B369
:040A090000F41623BC
:040A0A0000100713BE
:040A0B0000E9966305
:040A0C000017E79355
:040A0D0000F41623B8
:040A0E00012420237C
:040A0F000124282373
:040A100000942A2301
:040A11000087F71350
:040A120008070C6362
:040A13000017F713BE
:040A14001207006362
:040A15000644270369
:040A1600409004B355
:040A17000004242390
:040A180000942C23F7
:040A19000017771338
:040A1A000807046362
:040A1B000000049340
:040A1C0002C1208370
:040A1D00028124032B
:040A1E0002012903A5
:040A1F0001C1298365
:040A200001812A0323
:040A21000004851335
:040A220002412483E6
:040A230003010113B7
:040A240000008067E7
:040A250000C457832F
:040A26002007F7931B
:040A2700EE0796E35D
:040A28000584250319
:040A2900508000EF0A
:040A2A00EE1FF06F5C
:040A2B00008124839F
:040A2C00000485132A
:040A2D00689000EFDE
:040A2E0000050913A3
:040A2F000C05086347
:040A300000C4578324
:040A31000807E79338
:040A320000F4162393
:040A3300034A2783C8
:040A3400F2079EE344
:040A3500000A05139B
:040A3600CB1FF0EFF3
:040A3700F31FF06F4A
:040A3800000424236F
:040A39000644270345
:040A3A000017771317
:040A3B00F80710E3C5
:040A3C002007F79305
:040A3D00F6079CE339
:040A3E000584250303
:040A3F004C8000EFF8
:040A4000F6DFF06F7E
:040A41000104258304
:040A4200000A05138E
:040A4300329000EFFE
:040A440000C4178350
:040A4500FFFFF73781
:040A460035C7071396
:040A470000E7F7B31A
:040A480000F416237D
:040A4900002007136F
:040A4A00EAE99AE358
:040A4B000000049310
:040A4C000644270332
:040A4D0004340693D4
:040A4E000027E61384
:040A4F0000D420238C
:040A500000D4282383
:040A510000100693F8
:040A520000C41623A3
:040A53000004242354
:040A540000D42A237D
:040A550000177713FC
:040A5600F0071CE3A6
:040A57002007F793EA
:040A5800F00798E328
:040A590005842503E8
:040A5A0045C000EFA4
:040A5B00F05FF06FE9
:040A5C0000942423BB
:040A5D00F71FF06F20
:040A5E00000A051372
:040A5F00C0DFF0EF15
:040A6000DE9FF06FB6
:040A6100FFF004930B
:040A6200EE9FF06FA4
:040A630001512A23F0
:040A640000812A8360
:040A6500029A80630E
:040A6600000A8513EA
:040A67005A1000EF32
:040A68000005091369
:040A6900000A849368
:040A6A00000506631A
:040A6B0001412A8398
:040A6C00F11FF06F17
:040A6D0000C4178327
:040A6E0001412A8395
:040A6F00FFF00493FD
:040A7000F71FF06F0D
:040A7100FF0101136D
:040A720000812423B8
:040A730000058413E3
:040A740000E5958381
:040A75000011262323
:040A76002F8000EFDE
:040A770002054063D1
:040A780005042783C7
:040A790000C1208315
:040A7A0000A787B397
:040A7B0004F4282334
:040A7C0000812403CE
:040A7D00010101135F
:040A7E00000080678D
:040A7F0000C45783D5
:040A8000FFFFF73746
:040A8100FFF7071361
:040A820000E7F7B3DF
:040A830000C120830B
:040A840000F4162341
:040A850000812403C5
:040A86000101011356
:040A87000000806784
:040A88000000051352
:040A89000000806782
:040A8A0000C5978389
:040A8B00FE01011354
:040A8C0000812C2396
:040A8D0000912A2387
:040A8E0001212823F7
:040A8F0001312623E8
:040A900000112E2300
:040A91001007F71340
:040A920000058413C4
:040A930000050493C3
:040A9400000609133C
:040A9500000689933B
:040A960004071063DE
:040A9700FFFFF7372F
:040A9800FFF707134A
:040A990000E7F7B3C8
:040A9A0000E41583DC
:040A9B0000F416232A
:040A9C0001812403AD
:040A9D0001C12083F0
:040A9E000009869332
:040A9F000009061331
:040AA00000C12983E5
:040AA1000101290323
:040AA20000048513B4
:040AA3000141248366
:040AA4000201011337
:040AA5002A00006FB4
:040AA60000E595834F
:040AA7000020069392
:040AA8000000061331
:040AA9001C8000EFBE
:040AAA0000C41783EA
:040AAB00FB1FF06FCE
:040AAC00FF01011332
:040AAD00008124237D
:040AAE0000058413A8
:040AAF0000E5958346
:040AB00000112623E8
:040AB1001A8000EFB8
:040AB200FFF00793B7
:040AB30002F50863DD
:040AB40000C45783A0
:040AB50000001737EF
:040AB60000C12083D8
:040AB70000E7E7B3BA
:040AB8000107979308
:040AB9004107D79387
:040ABA0004A4282345
:040ABB0000F416230A
:040ABC00008124038E
:040ABD00010101131F
:040ABE00000080674D
:040ABF0000C4578395
:040AC000FFFFF73706
:040AC100FFF7071321
:040AC20000E7F7B39F
:040AC30001079793FD
:040AC4004107D7937C
:040AC50000C12083C9
:040AC60000F41623FF
:040AC7000081240383
:040AC8000101011314
:040AC9000000806742
:040ACA0000E595832B
:040ACB000040006F78
:040ACC00FF01011312
:040ACD00008124235D
:040ACE000005041308
:040ACF000005851386
:040AD0000000679724
:040AD1003807A2231D
:040AD20000112623C6
:040AD3005F9010EF31
:040AD400FFF0079395
:040AD50000F50A63BB
:040AD60000C12083B8
:040AD7000081240373
:040AD8000101011304
:040AD9000000806732
:040ADA00000067971A
:040ADB0035C7A783F1
:040ADC00FE0784E3AA
:040ADD0000C12083B1
:040ADE0000F42023DD
:040ADF00008124036B
:040AE00001010113FC
:040AE100000080672A
:040AE2008201A78363
:040AE3000CA78E636B
:040AE400044525831D
:040AE500FE010113FA
:040AE60000912A232E
:040AE70000112E23A9
:040AE80000812C233A
:040AE900000504936D
:040AEA000405886314
:040AEB00012128239A
:040AEC00013126238B
:040AED0000000913E9
:040AEE000800099360
:040AEF00012587B3A3
:040AF0000007A40354
:040AF10000040E638C
:040AF2000004059364
:040AF30000042403D4
:040AF4000004851362
:040AF500061000EFF8
:040AF600FE0418E3FF
:040AF7000444A5838B
:040AF8000049091395
:040AF900FD391CE3C4
:040AFA00000485135C
:040AFB00049000EF74
:040AFC0001012903C8
:040AFD0000C1298388
:040AFE000384A58345
:040AFF000005866305
:040B00000004851355
:040B0100031000EFEE
:040B02000404A40340
:040B030000040C637B
:040B04000004059351
:040B050000042403C1
:040B0600000485134F
:040B0700019000EF6A
:040B0800FE0418E3EC
:040B090004C4A583F8
:040B0A0000058663F9
:040B0B00000485134A
:040B0C00005000EFA6
:040B0D000344A78373
:040B0E0000078E63EB
:040B0F000181240339
:040B100001C120837C
:040B11000004851344
:040B120001412483F6
:040B130002010113C7
:040B140000078067EF
:040B150001C1208377
:040B16000181240332
:040B170001412483F1
:040B180002010113C2
:040B190000008067F1
:040B1A0000008067F0
:040B1B00FF010113C2
:040B1C000005871336
:040B1D00008124230C
:040B1E000006059335
:040B1F0000050413B6
:040B20000006861332
:040B210000070513B1
:040B220000006797D1
:040B23002207AE23D4
:040B24000011262373
:040B2500058020EF38
:040B2600FFF0079342
:040B270000F50A6368
:040B280000C1208365
:040B29000081240320
:040B2A0001010113B1
:040B2B0000008067DF
:040B2C0000006797C7
:040B2D002147A78332
:040B2E00FE0784E357
:040B2F0000C120835E
:040B300000F420238A
:040B31000081240318
:040B320001010113A9
:040B330000008067D7
:040B3400FF010113A9
:040B3500000587131D
:040B360000812423F3
:040B3700000605931C
:040B3800000504139D
:040B39000006861319
:040B3A000007051398
:040B3B0000006797B8
:040B3C001C07AC23C3
:040B3D00001126235A
:040B3E003AC020EFAA
:040B3F00FFF0079329
:040B400000F50A634F
:040B410000C120834C
:040B42000081240307
:040B43000101011398
:040B440000008067C6
:040B450000006797AE
:040B46001B07A7835F
:040B4700FE0784E33E
:040B480000C1208345
:040B490000F4202371
:040B4A0000812403FF
:040B4B000101011390
:040B4C0000008067BE
:040B4D00FF01011390
:040B4E000005871304
:040B4F0000812423DA
:040B50000006059303
:040B51000005041384
:040B52000006861300
:040B5300000705137F
:040B5400000067979F
:040B55001607AA23B2
:040B56000011262341
:040B5700548020EFB7
:040B5800FFF0079310
:040B590000F50A6336
:040B5A0000C1208333
:040B5B0000812403EE
:040B5C00010101137F
:040B5D0000008067AD
:040B5E000000679795
:040B5F0014C7A7838D
:040B6000FE0784E325
:040B610000C120832C
:040B620000F4202358
:040B630000812403E6
:040B64000101011377
:040B650000008067A5
:040B660000008067A4
:040B670000008067A3
:040B680000008067A2
:040B690000008067A1
:040B6A0000008067A0
:040B6B00000080679F
:040B6C00001005135D
:040B6D00000080679D
:040B6E00001005135B
:040B6F00000080679B
:040B7000000080679A
:040B71000000806799
:040B720000050593E2
:040B73008201A50353
:040B7400D61FF06F29
:040B7500FC0101136B
:040B760002C1242371
:040B770002D126235E
:040B780002F12A2339
:040B790000060693D9
:040B7A00028107935A
:040B7B0000058613D8
:040B7C0000050593D8
:040B7D008201A50349
:040B7E0000112E2311
:040B7F0002E1282344
:040B800003012C231E
:040B810003112E230B
:040B820000F1262335
:040B83001DD010EF82
:040B840001C1208308
:040B85000401011353
:040B86000000806784
:040B870000F0031364
:040B8800000507134A
:040B890002C37E63C2
:040B8A0000F7779366
:040B8B000A07906362
:040B8C000805926363
:040B8D00FF06769356
:040B8E0000F67613E4
:040B8F0000E686B343
:040B900000B7202367
:040B910000B7222364
:040B920000B7242361
:040B930000B726235E
:040B9400010707133B
:040B9500FED766E33E
:040B960000061463DE
:040B97000000806773
:040B980040C306B39D
:040B99000026969309
:040B9A0000000297BE
:040B9B00005686B3C7
:040B9C0000C68067A8
:040B9D0000B7072373
:040B9E0000B706A3F3
:040B9F0000B7062372
:040BA00000B705A3F2
:040BA10000B7052371
:040BA20000B704A3F1
:040BA30000B7042370
:040BA40000B703A3F0
:040BA50000B703236F
:040BA60000B702A3EF
:040BA70000B702236E
:040BA80000B701A3EE
:040BA90000B701236D
:040BAA0000B700A3ED
:040BAB0000B700236C
:040BAC00000080675E
:040BAD000FF5F593B8
:040BAE000085969395
:040BAF0000D5E5B3D5
:040BB0000105969312
:040BB10000D5E5B3D3
:040BB200F6DFF06F0B
:040BB30000279693EE
:040BB40000000297A4
:040BB500005686B3AD
:040BB6000000829326
:040BB700FA0680E7D3
:040BB8000002809324
:040BB900FF07879318
:040BBA0040F70733C6
:040BBB0000F6063307
:040BBC00F6C378E321
:040BBD00F3DFF06F03
:040BBE0000A5C7B314
:040BBF000037F79371
:040BC00000C508B3B1
:040BC100060794632C
:040BC2000030079365
:040BC30006C7F0630E
:040BC40000357793EE
:040BC500000507130D
:040BC60006079A6321
:040BC700FFC8F6135A
:040BC80040E606B34A
:040BC900020007938C
:040BCA0008D7CE6317
:040BCB000005869308
:040BCC000007079384
:040BCD0002C7786380
:040BCE000006A80372
:040BCF0000478793C1
:040BD00000468693C2
:040BD100FF07AE2349
:040BD200FEC7E8E38F
:040BD300FFF607938F
:040BD40040E787B3BC
:040BD500FFC7F793CC
:040BD60000478793BA
:040BD70000F70733E9
:040BD80000F585B3EC
:040BD9000117686335
:040BDA000000806730
:040BDB0000050713F7
:040BDC000515786320
:040BDD000005C783C5
:040BDE0000170713E2
:040BDF0000158593E5
:040BE000FEF70FA36A
:040BE100FEE898E3AF
:040BE2000000806728
:040BE3000005C683C0
:040BE40000170713DC
:040BE50000377793CB
:040BE600FED70FA384
:040BE70000158593DD
:040BE800F6078EE39B
:040BE9000005C683BA
:040BEA0000170713D6
:040BEB0000377793C5
:040BEC00FED70FA37E
:040BED0000158593D7
:040BEE00FC079AE383
:040BEF00F61FF06F8E
:040BF000000080671A
:040BF100FF010113EC
:040BF2000081262335
:040BF30002000413E5
:040BF4000005A383D2
:040BF5000045A28392
:040BF6000085AF8344
:040BF70000C5AF0383
:040BF8000105AE83C2
:040BF9000145AE0301
:040BFA000185A303CB
:040BFB0001C5A80385
:040BFC000205A683C5
:040BFD000247071391
:040BFE0040E607B313
:040BFF00FC772E232E
:040C0000FE57202358
:040C0100FFF72223B4
:040C0200FFE72423C1
:040C0300FFD72623CE
:040C0400FFC72823DB
:040C0500FE672A2339
:040C0600FF072C2395
:040C0700FED72E23C3
:040C08000245859389
:040C0900FAF446E3D0
:040C0A0000058693C8
:040C0B000007079344
:040C0C0002C7786340
:040C0D000006A80332
:040C0E000047879381
:040C0F000046869382
:040C1000FF07AE2309
:040C1100FEC7E8E34F
:040C1200FFF607934F
:040C130040E787B37C
:040C1400FFC7F7938C
:040C1500004787937A
:040C160000F70733A9
:040C170000F585B3AC
:040C180001176863F5
:040C190000C12403EF
:040C1A0001010113C0
:040C1B0000008067EE
:040C1C000005C78385
:040C1D0000170713A2
:040C1E0000158593A5
:040C1F00FEF70FA32A
:040C2000FEE882E385
:040C21000005C78380
:040C2200001707139D
:040C230000158593A0
:040C2400FEF70FA325
:040C2500FCE89EE366
:040C2600FCDFF06F90
:040C2700FE010113B6
:040C2800012128235B
:040C29008241891368
:040C2A0000812C23F6
:040C2B0000050413A9
:040C2C000009250393
:040C2D0000912A23E5
:040C2E000131262347
:040C2F000141242338
:040C300000112E235E
:040C310000058493A3
:040C320000060A139B
:040C3300000689939B
:040C3400CDDFF0EF31
:040C3500000067173D
:040C3600E147071378
:040C37000007278308
:040C380008078663C0
:040C39000047A703C6
:040C3A0001F005932D
:040C3B000009250384
:040C3C0008E5C6639E
:040C3D0000271593E4
:040C3E0002041E632B
:040C3F000017071380
:040C400000E7A22304
:040C410000B787B3BE
:040C42000097A42350
:040C4300CB9FF0EF64
:040C44000000051394
:040C450001C1208346
:040C46000181240301
:040C470001412483C0
:040C4800010129037A
:040C490000C129833A
:040C4A0000812A03F8
:040C4B00020101138E
:040C4C0000008067BD
:040C4D0000B7883331
:040C4E00094824230A
:040C4F001887A683D9
:040C50000010061377
:040C510000E6163370
:040C520000C6E6B33F
:040C530018D7A423E7
:040C5400113824230C
:040C550000200693E2
:040C5600FAD412E3D7
:040C570018C7A68391
:040C580000C6E6B339
:040C590018D7A623DF
:040C5A00F95FF06FDF
:040C5B000000679797
:040C5C00F4878793FF
:040C5D0000F7202359
:040C5E00F6DFF06F5E
:040C5F00C49FF0EF4F
:040C6000FFF0051389
:040C6100F91FF06F18
:040C6200FD0101137C
:040C630001712623D2
:040C640082418B93AB
:040C650001612823DE
:040C660000050B1367
:040C6700000BA503D6
:040C680001412C23F7
:040C690000006A1706
:040C6A00D44A0A134B
:040C6B00032120231E
:040C6C0001812423BB
:040C6D000211262327
:040C6E0000058C13DE
:040C6F00BF1FF0EFC4
:040C7000000A29034A
:040C710008090C63FF
:040C720001312E23FB
:040C730001512A23DE
:040C740002812423B2
:040C750002912223A3
:040C760001912223A3
:040C7700FFF00993EE
:040C780000100A93CB
:040C79000049248387
:040C7A00FFF48413EC
:040C7B0004044E63BC
:040C7C000024949329
:040C7D00009904B323
:040C7E00080C1463E7
:040C7F00004927837E
:040C80000044A68303
:040C8100FFF787935F
:040C82000C878063F8
:040C83000004A223A4
:040C8400020686637B
:040C85001889278320
:040C8600008A973316
:040C870000492C8371
:040C880000F777B347
:040C890006079A635D
:040C8A00000680E7F9
:040C8B0000492703F2
:040C8C00000A2783B0
:040C8D00099714634C
:040C8E00092792633D
:040C8F00FFF4041357
:040C9000FFC4849386
:040C9100FB341AE333
:040C920002812403B4
:040C93000241248373
:040C940001C12983EE
:040C950001412A836C
:040C960000412C836A
:040C9700000BA503A6
:040C980002C12083F2
:040C99000201290328
:040C9A0001812A03A7
:040C9B0001012B0325
:040C9C0000C12B83E5
:040C9D0000812C03A3
:040C9E00030101133A
:040C9F00B49FF06F9F
:040CA0001044A783D2
:040CA100F7878CE362
:040CA200FFF4041344
:040CA300FFC4849373
:040CA400FF3418E31E
:040CA500FB5FF06F92
:040CA60018C92783BF
:040CA7000844A583D5
:040CA80000F77733A7
:040CA90002071663C5
:040CAA00000B051323
:040CAB00000680E7D8
:040CAC0000492703D1
:040CAD00000A27838F
:040CAE00F99700E3CF
:040CAF00F80786E3D9
:040CB000000789139D
:040CB100F21FF06FCF
:040CB2000089222370
:040CB300F45FF06F8B
:040CB400000585139F
:040CB500000680E7CE
:040CB600F55FF06F87
:040CB700000007939F
:040CB8000007886346
:040CB900000015170B
:040CBA005C050513BD
:040CBB00E65FE06FA1
:040CBC00000080674D
:040CBD00FE01011320
:040CBE0000812C2362
:040CBF0000912A2353
:040CC00001212823C3
:040CC10001312623B4
:040CC20001412423A5
:040CC300000589930C
:040CC40000112E23CA
:040CC500000509130A
:040CC60000004A17C9
:040CC700FC0A0A1306
:040CC800411000EFE8
:040CC900008A270373
:040CCA00000017B758
:040CCB00FEF7879316
:040CCC000047248336
:040CCD0000001737D5
:040CCE00FFC4F493D8
:040CCF0000F4843376
:040CD0004134043374
:040CD10000C45413F4
:040CD200FFF4041314
:040CD30000C4141332
:040CD40000E44E6387
:040CD5000000059383
:040CD60000090513F9
:040CD7004F0010EFCB
:040CD800008A2783E4
:040CD900009787B346
:040CDA0002F50863B4
:040CDB0000090513F4
:040CDC003CD000EF19
:040CDD0001C12083AE
:040CDE000181240369
:040CDF000141248328
:040CE00001012903E2
:040CE10000C12983A2
:040CE20000812A0360
:040CE30000000513F5
:040CE40002010113F5
:040CE5000000806724
:040CE600408005B392
:040CE70000090513E8
:040CE8004AC010EFFF
:040CE900FFF007937E
:040CEA0004F50A63A0
:040CEB000000671787
:040CEC00E98707137A
:040CED000007278352
:040CEE00008A2683CF
:040CEF00408484B306
:040CF0000014E49375
:040CF100408787B3FE
:040CF20000090513DD
:040CF3000096A223A2
:040CF40000F72023C2
:040CF500369000EF46
:040CF60001C1208395
:040CF7000181240350
:040CF800014124830F
:040CF90001012903C9
:040CFA0000C1298389
:040CFB0000812A0347
:040CFC0000100513CC
:040CFD0002010113DC
:040CFE00000080670B
:040CFF000000059359
:040D000000090513CE
:040D0100448010EF2B
:040D0200008A270339
:040D030000F0069363
:040D040040E507B30C
:040D0500F4F6DCE341
:040D06008281A683BD
:040D070040D505339B
:040D08000017E79356
:040D090000006697E9
:040D0A00E2A6A0239A
:040D0B0000F72223A8
:040D0C00F3DFF06FB2
:040D0D0018058263E0
:040D0E00FF010113CD
:040D0F000081242318
:040D10000091222309
:040D11000005841342
:040D12000005049341
:040D13000011262382
:040D14002E1000EFAE
:040D1500FFC425836F
:040D1600FF8407133C
:040D1700000045177C
:040D1800E7C5051313
:040D1900FFE5F79368
:040D1A0000F70633A5
:040D1B0000462683E5
:040D1C000085280323
:040D1D00FFC6F69384
:040D1E001AC802638A
:040D1F0000D62223B5
:040D20000015F59332
:040D210000D60833BD
:040D22000A059063CB
:040D2300FF84230323
:040D240000482583DB
:040D250000004897EB
:040D2600E4C8889302
:040D270040670733E7
:040D28000087280315
:040D2900006787B325
:040D2A000015F59328
:040D2B001518026332
:040D2C0000C72303D6
:040D2D000068262311
:040D2E000103242376
:040D2F001A058863B6
:040D30000017E6932F
:040D310000D72223A2
:040D320000F6202384
:040D33001FF0069314
:040D340006F6EC6370
:040D3500FF87F693AB
:040D3600008686931A
:040D370000452583CB
:040D380000D506B329
:040D39000006A60307
:040D3A000057D81373
:040D3B00001007930A
:040D3C00010797B361
:040D3D0000B7E7B361
:040D3E00FF86859314
:040D3F0000B72623B0
:040D400000C72423A1
:040D410000F5222374
:040D420000E6A02304
:040D430000E626237D
:040D44000081240303
:040D450000C1208346
:040D4600000485130D
:040D470000412483C0
:040D48000101011391
:040D49002190006F86
:040D4A0000482583B5
:040D4B000015F59307
:040D4C0008058663AD
:040D4D000017E69312
:040D4E00FED42E237E
:040D4F0000F6202367
:040D50001FF00693F7
:040D5100F8F6F8E3D5
:040D52000097D6939D
:040D53000040061343
:040D540012D66263EE
:040D55000067D693CA
:040D560003968593E8
:040D57000386861376
:040D5800003595933A
:040D590000B505B329
:040D5A000005A68367
:040D5B00FF858593F8
:040D5C0000D59863C3
:040D5D001580006F8E
:040D5E000086A683E2
:040D5F0000D58863D0
:040D60000046A603A0
:040D6100FFC6761340
:040D6200FEC7E8E3FD
:040D630000C6A5839E
:040D640000B726238B
:040D650000D724236C
:040D660000812403E1
:040D670000C1208324
:040D680000E5A423DB
:040D690000048513EA
:040D6A00004124839D
:040D6B0000E6A623D5
:040D6C00010101136D
:040D6D001890006F6B
:040D6E00000080679A
:040D6F0000D787B36F
:040D700000004897A0
:040D7100D208889389
:040D7200008626834E
:040D73000D168E6368
:040D740000C628038A
:040D75000017E593EB
:040D760000F7063349
:040D77000106A623A8
:040D780000D8242358
:040D790000B722237A
:040D7A0000F620233C
:040D7B00EE1FF06F08
:040D7C0012059E635B
:040D7D000086258344
:040D7E0000C6260382
:040D7F0000F686B341
:040D80000016E793DF
:040D810000C5A623E0
:040D820000B6242370
:040D830000F7222330
:040D840000D707335A
:040D850000D7202350
:040D8600EF9FF06F7C
:040D87000015F593CB
:040D880000D786B357
:040D8900020590636C
:040D8A00FF8425833A
:040D8B0040B7073333
:040D8C0000C72783F2
:040D8D0000872603B2
:040D8E0000B686B372
:040D8F0000F6262321
:040D900000C7A423D1
:040D91000016E793CE
:040D920000F7222321
:040D930000E5242330
:040D940082C1A783EE
:040D9500EAF6EEE3A9
:040D9600000065975D
:040D970089C5A583E2
:040D980000048513BB
:040D9900C91FF0EF8F
:040D9A00EA9FF06F6D
:040D9B0000D787B343
:040D9C00F59FF06F60
:040D9D0001400613F8
:040D9E0002D67063A6
:040D9F0005400613F2
:040DA00006D66463AC
:040DA10000C7D6931E
:040DA20006F6859339
:040DA30006E68613C7
:040DA40000359593EE
:040DA500ED1FF06FDF
:040DA60005C6859366
:040DA70005B68613F4
:040DA80000359593EA
:040DA900EC1FF06FDC
:040DAA0000E52A2313
:040DAB0000E5282314
:040DAC000017E693B3
:040DAD0001172623E1
:040DAE0001172423E2
:040DAF0000D7222324
:040DB00000F707330E
:040DB10000F7202304
:040DB200E49FF06F5B
:040DB30000452803CC
:040DB400402656136C
:040DB5000010079390
:040DB60000C797B328
:040DB7000107E7B396
:040DB80000F52223FD
:040DB900EADFF06F0E
:040DBA0015400613C7
:040DBB0000D66C638F
:040DBC0000F7D693D3
:040DBD00078685938D
:040DBE00077686131B
:040DBF0000359593D3
:040DC000E65FF06F8B
:040DC1005540061380
:040DC20000D66C6388
:040DC3000127D6939B
:040DC40007D6859336
:040DC50007C68613C4
:040DC60000359593CC
:040DC700E49FF06F46
:040DC8003F800593D0
:040DC90007E0061326
:040DCA00E3DFF06F04
:040DCB000017E69394
:040DCC0000D7222307
:040DCD0000F62023E9
:040DCE00DD9FF06F46
:040DCF000005059383
:040DD0008201A503F4
:040DD1000100006FAE
:040DD2000005059380
:040DD3008201A503F1
:040DD400CE5FF06F8F
:040DD500FD01011308
:040DD60003212023B2
:040DD70002112623BC
:040DD800028124234D
:040DD900029122233E
:040DDA0001312E2392
:040DDB0000B5879345
:040DDC000160071398
:040DDD0000050913F1
:040DDE0008F762634D
:040DDF000100079375
:040DE00020B7E663EF
:040DE1007AC000EFE5
:040DE20001800793F2
:040DE3000020059354
:040DE4000100049373
:040DE500000049972A
:040DE600B4498993F0
:040DE70000F987B3D5
:040DE8000047A40319
:040DE900FF878713E6
:040DEA0036E4026386
:040DEB000044278316
:040DEC0000C4268396
:040DED000084260355
:040DEE00FFC7F793B1
:040DEF0000F407B352
:040DF0000047A7030E
:040DF10000D62623DF
:040DF20000C6A42370
:040DF300001767136B
:040DF40000090513DA
:040DF50000E7A2234E
:040DF600764000EF54
:040DF700008405135C
:040DF80002C1208391
:040DF900028124034C
:040DFA00024124830B
:040DFB0002012903C5
:040DFC0001C1298385
:040DFD0003010113DA
:040DFE00000080670A
:040DFF00FF87F493E3
:040E00001807C663A6
:040E010018B4E463DA
:040E0200728000EF0B
:040E03001F700793C2
:040E04004097F863B8
:040E05000094D793EB
:040E060018078263E4
:040E0700004007138D
:040E080034F76E63EA
:040E09000064D79317
:040E0A000397859332
:040E0B0003878813BE
:040E0C000035961304
:040E0D000000499701
:040E0E00AA498993D1
:040E0F0000C986335D
:040E10000046240371
:040E1100FF8606133F
:040E120002860863E9
:040E130000F00513D3
:040E14000140006F2A
:040E150000C426836C
:040E16002A075663EE
:040E170000D60E6390
:040E18000006841339
:040E190000442783E7
:040E1A00FFC7F79384
:040E1B004097873342
:040E1C00FEE552E3BA
:040E1D000008059331
:040E1E000109A4031F
:040E1F0000004897F0
:040E2000A6488893C5
:040E210027140C6323
:040E220000442783DE
:040E230000F0069342
:040E2400FFC7F7937A
:040E25004097873338
:040E260038E6CA637D
:040E27000119AA23E0
:040E28000119A823E1
:040E290034075E63C9
:040E2A001FF007139B
:040E2B000049A503D2
:040E2C0026F76663DC
:040E2D00FF87F71331
:040E2E00008707131F
:040E2F0000E987331C
:040E3000000726830E
:040E31000057D6137D
:040E32000010079312
:040E330000C797B3AA
:040E340000F565332D
:040E3500FF87079399
:040E360000F426237B
:040E370000D424239C
:040E380000A9A22348
:040E390000872023EB
:040E3A000086A62365
:040E3B004025D793E4
:040E3C000010061389
:040E3D0000F6163372
:040E3E000AC56A6314
:040E3F0000A677B3DF
:040E400002079463AE
:040E4100001616136E
:040E4200FFC5F59360
:040E430000A677B3DB
:040E4400004585934D
:040E450000079A63A5
:040E46000016161369
:040E470000A677B3D7
:040E48000045859349
:040E4900FE078AE333
:040E4A0000F0081399
:040E4B0000359313C8
:040E4C000069833383
:040E4D000003051386
:040E4E0000C5278331
:040E4F0000058E13F9
:040E500026F5006320
:040E51000047A703AC
:040E520000078413FE
:040E530000C7A783AA
:040E5400FFC777134A
:040E5500409706B309
:040E560026D84063F7
:040E5700FE06C2E3EE
:040E580000E4073378
:040E590000472683A5
:040E5A0000842603E7
:040E5B000009051372
:040E5C000016E69303
:040E5D0000D7222375
:040E5E0000F6262351
:040E5F0000C7A42301
:040E60005BC000EF84
:040E610000840513F1
:040E6200E59FF06FA9
:040E630000C0079331
:040E640000F920234E
:040E65000000051371
:040E6600E49FF06FA6
:040E6700200006134E
:040E680004000593EA
:040E690003F0081377
:040E6A00E8DFF06F5E
:040E6B000089A40353
:040E6C0001612823D5
:040E6D000044278393
:040E6E00FFC7FB13AC
:040E6F00009B686319
:040E7000409B073369
:040E710000F00793F3
:040E72000EE7C8635C
:040E730001912223A4
:040E740082818C9358
:040E7500000CA703C3
:040E760001412C23E7
:040E770001512A23D8
:040E780001712623BB
:040E790000005A9784
:040E7A00510AAA83EC
:040E7B00FFF00793EA
:040E7C0001640A33D0
:040E7D0001548AB3DF
:040E7E003EF70263D6
:040E7F00000017B7A1
:040E800000F787935D
:040E810000FA8AB336
:040E8200FFFFF7B7C0
:040E830000FAFAB3C4
:040E8400000A859348
:040E85000009051348
:040E8600635000EFC6
:040E8700FFF00793DE
:040E880000050B93C3
:040E890046F50663C1
:040E8A00018124239B
:040E8B00254568632E
:040E8C0000006C17DF
:040E8D00814C0C1375
:040E8E00000C2583AC
:040E8F0000BA85B36D
:040E900000BC20235F
:040E910000058713BE
:040E92002CAA106313
:040E9300014517936B
:040E94002A079C632A
:040E95000089AB83A2
:040E9600015B07B342
:040E97000017E793C6
:040E980000FBA22396
:040E990000005717E7
:040E9A0048C707132B
:040E9B0000072683A3
:040E9C0000B6F46345
:040E9D0000B7202357
:040E9E0000005717E2
:040E9F0047470713A7
:040EA000000726839E
:040EA10000B6F46340
:040EA20000B7202352
:040EA30000812C039B
:040EA400000B8413A8
:040EA500FFC7F793F9
:040EA60040978733B7
:040EA7003897EC6329
:040EA80000F00793BC
:040EA90038E7D863EB
:040EAA0001812A0395
:040EAB0001412A8354
:040EAC0000C12B83D3
:040EAD0000412C8351
:040EAE000014E793B2
:040EAF0000F4222306
:040EB000009404B3F3
:040EB1000099A423DD
:040EB20000176713AB
:040EB300000905131A
:040EB40000E4A22391
:040EB500468000EF84
:040EB60002C12083D2
:040EB700008405139B
:040EB800028124038C
:040EB90001012B0305
:040EBA00024124834A
:040EBB000201290304
:040EBC0001C12983C4
:040EBD000301011319
:040EBE000000806749
:040EBF000049A5033E
:040EC000DEDFF06F12
:040EC1000084260380
:040EC200CB5FF06FA3
:040EC30000C7A403BD
:040EC40000258593ED
:040EC500D68782E367
:040EC600C95FF06FA1
:040EC7000097D713A6
:040EC800004006934D
:040EC90014E6F263D6
:040ECA00014006934A
:040ECB0032E6E663C2
:040ECC0005C706133D
:040ECD0005B70693CC
:040ECE0000361613C1
:040ECF0000C986339D
:040ED00000062703EE
:040ED100FF8606137F
:040ED20000E61863BB
:040ED3002980006F03
:040ED4000087270369
:040ED50000E60863C8
:040ED6000047268328
:040ED700FFC6F693C9
:040ED800FED7E8E376
:040ED90000C7260325
:040EDA0000C4262307
:040EDB0000E42423E8
:040EDC000086242345
:040EDD000087262341
:040EDE00D75FF06F7B
:040EDF0001400713B4
:040EE00010F778632C
:040EE10005400713AE
:040EE2002EF766631E
:040EE30000C4D793DD
:040EE40006F78593F5
:040EE50006E7881381
:040EE600003596132A
:040EE700C99FF06F40
:040EE800001E0E13C7
:040EE900003E7793BD
:040EEA000085051367
:040EEB001007806309
:040EEC0000C5278393
:040EED00D8DFF06FEB
:040EEE000084260353
:040EEF000014E59373
:040EF00000B4222305
:040EF10000F62623BE
:040EF20000C7A4236E
:040EF300009404B3B0
:040EF4000099AA2394
:040EF5000099A82395
:040EF6000016E79368
:040EF7000114A62319
:040EF8000114A4231A
:040EF90000F4A2233C
:040EFA0000E40733D6
:040EFB0000090513D2
:040EFC0000D72023D8
:040EFD00348000EF4E
:040EFE000084051354
:040EFF00BE5FF06F73
:040F000000F407B33F
:040F01000047A703FB
:040F020000090513CA
:040F03000017671359
:040F040000E7A2233D
:040F0500328000EF47
:040F0600008405134B
:040F0700BC5FF06F6C
:040F08000034D59349
:040F09000084879346
:040F0A00B6DFF06FEF
:040F0B000014E69355
:040F0C0000D42223C8
:040F0D00009404B395
:040F0E000099AA2379
:040F0F000099A8237A
:040F100000176693CD
:040F11000114A623FE
:040F12000114A423FF
:040F130000D4A22341
:040F140000F407B32B
:040F150000090513B7
:040F160000E7A0232D
:040F17002E0000EFB9
:040F18000084051339
:040F1900B7DFF06FDF
:040F1A000067D71382
:040F1B00039706131F
:040F1C0003870693AE
:040F1D000036161371
:040F1E00EC5FF06F25
:040F1F0007340C6324
:040F20000089A4039D
:040F210000812C031C
:040F220000442783DD
:040F2300E09FF06FEC
:040F240005C78593E5
:040F250005B7881371
:040F260000359613E9
:040F2700B99FF06F0F
:040F28000083278398
:040F2900FFF58593B8
:040F2A002867906341
:040F2B000035F79303
:040F2C00FF83031329
:040F2D00FE0796E342
:040F2E000049A703CC
:040F2F00FFF64793EF
:040F300000E7F7B32C
:040F310000F9A223FE
:040F3200001616137C
:040F3300CEC7E0E362
:040F3400CC060EE3F6
:040F350000F6773318
:040F360000071A6333
:040F37000016161377
:040F380000F6773315
:040F3900004E0E1345
:040F3A00FE070AE3C1
:040F3B00000E05930C
:040F3C00C3DFF06FB0
:040F3D0000005C173D
:040F3E00550C0C132F
:040F3F00000C270378
:040F400000EA873309
:040F410000EC20237D
:040F4200000CA68376
:040F4300FFF0079321
:040F440018F68663B2
:040F4500414B87B3E2
:040F460000E787B386
:040F470000FC202367
:040F4800007BFC939B
:040F49000C0C8C639D
:040F4A00419B8BB389
:040F4B00000017B7D4
:040F4C000087879300
:040F4D00008B8B93F7
:040F4E00419785B38F
:040F4F00015B8AB305
:040F5000415585B3CF
:040F5100014595932E
:040F52000145DA1368
:040F5300000A0593F8
:040F54000009051378
:040F55002F9000EFEA
:040F5600FFF007930E
:040F570018F5006326
:040F580041750533A7
:040F590001450AB391
:040F5A00000C27035D
:040F5B000179A42351
:040F5C00001AE793FD
:040F5D0000EA05B3EE
:040F5E0000BC202390
:040F5F0000FBA223CE
:040F6000CF3402E3A5
:040F610000F0069303
:040F62000B66F063C7
:040F6300004427031C
:040F6400FF4B0793A5
:040F6500FF87F79378
:040F660000177713E6
:040F670000F76733F5
:040F680000E422235C
:040F6900005006131B
:040F6A0000F4073355
:040F6B0000C7222376
:040F6C0000C7242373
:040F6D0000F6E66341
:040F6E00004BA7830A
:040F6F00CA9FF06FB6
:040F70000084059361
:040F7100000905135B
:040F7200E6CFF0EFE7
:040F73000089AB83C3
:040F7400000C2583C5
:040F7500004BA78303
:040F7600C8DFF06F71
:040F7700010A8A934E
:040F7800C31FF06F34
:040F79004026D693A5
:040F7A0000100793C9
:040F7B0000D797B351
:040F7C0000F56533E4
:040F7D0000A9A22302
:040F7E00D71FF06F1A
:040F7F00015B85B3DA
:040F800040B005B3C5
:040F810001459593FE
:040F82000145DA1338
:040F8300000A0593C8
:040F84000009051348
:040F8500239000EFC6
:040F8600FFF00793DE
:040F8700F4F512E388
:040F880000000A1348
:040F8900F45FF06FB2
:040F8A0000812C03B3
:040F8B0000100793B8
:040F8C0000FBA223A1
:040F8D00000905133F
:040F8E00104000EF20
:040F8F000000051346
:040F900001812A03AE
:040F910001412A836D
:040F920001012B032B
:040F930000C12B83EB
:040F940000412C8369
:040F950098DFF06F82
:040F96000540069379
:040F970004E6E46325
:040F980000C7D713A4
:040F990006F706133E
:040F9A0006E70693CD
:040F9B0000361613F3
:040F9C00CCDFF06F47
:040F9D0015400713E1
:040F9E0004F764638D
:040F9F0000F4D793F0
:040FA00007878593A7
:040FA1000777881333
:040FA200003596136D
:040FA3009A9FF06FB2
:040FA4000089A40319
:040FA500004427835A
:040FA600BFDFF06F4A
:040FA700017CA02306
:040FA800E81FF06FDF
:040FA9001540069356
:040FAA0004E6E46312
:040FAB0000F7D71361
:040FAC00078706139A
:040FAD000777069329
:040FAE0000361613E0
:040FAF00C81FF06FF8
:040FB000554007138E
:040FB10004F764637A
:040FB2000124D793AC
:040FB30007D7859344
:040FB40007C78813D0
:040FB500003596135A
:040FB60095DFF06F64
:040FB700FF8C8C938C
:040FB800019A8AB35D
:040FB900417A8AB33C
:040FBA0000000A1316
:040FBB00E7DFF06F0D
:040FBC005540069303
:040FBD0002E6E46301
:040FBE000127D7131D
:040FBF0007D7061337
:040FC00007C70693C6
:040FC10000361613CD
:040FC200C35FF06FAA
:040FC3003F80061352
:040FC40007F005939A
:040FC50007E0081326
:040FC60091DFF06F58
:040FC7003F8006134E
:040FC80007E00693A5
:040FC900C19FF06F65
:040FCA000049A783B0
:040FCB00D9DFF06F0B
:040FCC0000005517B5
:040FCD00FA85051389
:040FCE00E75FE06F8A
:040FCF0000005517B2
:040FD000F9C5051347
:040FD100E81FE06FC6
:040FD200FF01011307
:040FD30000112623C0
:040FD40001212023B4
:040FD5000E05826320
:040FD600008124234F
:040FD7000091222340
:040FD8000005841379
:040FD9000005049378
:040FDA0000050663A5
:040FDB000345278320
:040FDC001007806317
:040FDD00064427831C
:040FDE0000C4170331
:040FDF000017F7936D
:040FE0000A07966303
:040FE100200777135B
:040FE2000E0708638B
:040FE300000405936E
:040FE400000485136D
:040FE500130000EF06
:040FE60002C4278397
:040FE70000050913E5
:040FE80000078A6311
:040FE90001C4258397
:040FEA000004851367
:040FEB00000780E794
:040FEC000A0540634F
:040FED0000C4578362
:040FEE000807F79366
:040FEF000A079263F8
:040FF000030425834E
:040FF10000058C6308
:040FF2000404079359
:040FF30000F586631C
:040FF400000485135D
:040FF500C60FF0EF44
:040FF60002042823A6
:040FF7000444258306
:040FF8000005886305
:040FF9000004851358
:040FFA00C4CFF0EF81
:040FFB0004042223A5
:040FFC00E08FE0EFB3
:040FFD0006442783FC
:040FFE0000041623B2
:040FFF000017F7934D
:041000000A078663F2
:04100100058425033A
:04100200D9DFE0EF63
:04100300DF8FE0EFAC
:0410040000C1208384
:04100500008124033F
:0410060000412483FE
:0410070000090513C4
:0410080000012903B7
:0410090001010113CD
:04100A0000008067FB
:04100B00F60710E3F1
:04100C000081240338
:04100D0000412483F7
:04100E0000000913C2
:04100F0000C1208379
:0410100000090513BB
:0410110000012903AE
:0410120001010113C4
:0410130000008067F2
:0410140000C457833A
:04101500FFF00913CC
:041016000807F7933D
:04101700F60782E373
:041018000104258327
:041019000004851337
:04101A00BCCFF0EF68
:04101B00F55FF06F1E
:04101C00D18FE0EFA1
:04101D00F01FF06F61
:04101E00058425031D
:04101F00D31FE0EF0C
:0410200000C417836E
:04102100F00794E35D
:0410220006442783D6
:041023000017F79328
:04102400FA0790E354
:041025000584250316
:0410260000000913AA
:04102700D29FE0EF85
:04102800008124031C
:0410290000412483DB
:04102A00F95FF06F0B
:04102B000584250310
:04102C00D15FE0EFC1
:04102D00F51FF06F4C
:04102E000005059321
:04102F008201A50392
:04103000E89FF06FD6
:0410310000C597035C
:04103200FE010113A7
:0410330000812C23E9
:04103400013126233D
:0410350000112E2355
:041036000087779325
:041037000005841319
:041038000005099313
:0410390012079063A7
:04103A00000017B7E4
:04103B008007879310
:04103C000045A68342
:04103D0000F767B39E
:04103E0000F5962300
:04103F0018D0526310
:0410400002842803FB
:041041000E0804632E
:0410420000912A23CC
:0410430001371693C8
:041044000009A48378
:041045000009A023DB
:0410460001C4258339
:041047001606CE6358
:04104800000006138B
:0410490000100693FA
:04104A000009851301
:04104B00000800E7B2
:04104C00FFF0079317
:04104D000005061381
:04104E001AF5046328
:04104F0000C417833F
:0410500002842803EB
:0410510001C425832E
:041052000047F793C9
:0410530000078E63A1
:04105400004427032A
:0410550003042783E6
:0410560040E6063337
:0410570000078663A5
:0410580003C4278323
:0410590040F6063324
:04105A0000000693F9
:04105B0000098513F0
:04105C00000800E7A1
:04105D00FFF0079306
:04105E0012F5146310
:04105F000009A6835B
:0410600001D0079321
:0410610000C41703AD
:0410620016D7EA6350
:04106300204007B76B
:041064000017879357
:0410650000D7D7B326
:041066000017F793E5
:041067001607806385
:041068000104260356
:04106900FFFFF7B7D7
:04106A007FF78793F2
:04106B0000F777B360
:04106C0000F4162353
:04106D000004222336
:04106E0000C4202377
:04106F00013717939B
:041070000007D4633E
:041071001006826380
:0410720003042583CB
:041073000099A0231D
:04107400100584637C
:0410750004040793D5
:0410760000F5866398
:0410770000098513D4
:04107800A54FF0EFA1
:04107900014124838A
:04107A000204282321
:04107B000000051359
:04107C0001C120830B
:04107D0001812403C6
:04107E0000C1298301
:04107F000201011356
:041080000000806785
:0410810001212823FE
:041082000105A903B8
:0410830008090263F3
:0410840000912A238A
:041085000005A4833B
:0410860000377713A5
:041087000125A0237C
:04108800412484B3C8
:0410890000000793C9
:04108A0000071463E4
:04108B000145A783F1
:04108C0000F4242325
:04108D000090486324
:04108E000540006FAA
:04108F0000A9093378
:04109000049056630F
:04109100024427836B
:0410920001C42583ED
:04109300000486933C
:041094000009061336
:0410950000098513B6
:04109600000780E7E8
:0410970040A484B33A
:04109800FCA04EE387
:0410990000C4170375
:04109A000101290324
:04109B0004076713CC
:04109C000141248367
:04109D0000E4162332
:04109E00FFF0051347
:04109F00F75FF06F98
:0410A00003C5A6835B
:0410A100E6D04EE364
:0410A200F65FF06F96
:0410A3000141248360
:0410A400010129031A
:0410A500F59FF06F54
:0410A6000504260314
:0410A700EADFF06F1D
:0410A80000C4170366
:0410A9000104268395
:0410AA00FFFFF7B796
:0410AB007FF78793B1
:0410AC0000F777B31F
:0410AD0000F4162312
:0410AE0000042223F5
:0410AF0000D4202326
:0410B000013717935A
:0410B100F007D2E38F
:0410B200030425838B
:0410B30004A4282346
:0410B4000099A023DC
:0410B500F00590E3CF
:0410B600014124834D
:0410B700F11FF06FC6
:0410B8000009A78301
:0410B900E4078CE3D9
:0410BA0001D0071347
:0410BB0000E78C635B
:0410BC0001600713B5
:0410BD0000E788635D
:0410BE0000C4170350
:0410BF0004076713A8
:0410C000F71FF06FB7
:0410C1000099A023CF
:0410C2000141248341
:0410C300EE1FF06FBD
:0410C400FF01011314
:0410C500008124235F
:0410C6000091222350
:0410C70000112623CB
:0410C80001212023BF
:0410C9000005049387
:0410CA000005841386
:0410CB0000050663B3
:0410CC00034527832E
:0410CD000A078A6321
:0410CE0000C41783C0
:0410CF000000091301
:0410D000040780632E
:0410D10006442703A7
:0410D2000017771379
:0410D3000007166399
:0410D4002007F79367
:0410D5000407846325
:0410D600000405937A
:0410D7000004851379
:0410D800D65FF0EF00
:0410D900064427831F
:0410DA0000050913F1
:0410DB000017F79370
:0410DC00000798630E
:0410DD0000C4578371
:0410DE002007F7935D
:0410DF00040784631B
:0410E00000C12083A8
:0410E1000081240363
:0410E2000041248322
:0410E30000090513E8
:0410E40000012903DB
:0410E50001010113F1
:0410E600000080671F
:0410E7000584250354
:0410E800A0DFE0EFB6
:0410E9000004059367
:0410EA000004851366
:0410EB00D19FF0EFB2
:0410EC00064427830C
:0410ED0000050913DE
:0410EE000017F7935D
:0410EF00FC0792E385
:0410F000FB5FF06F43
:0410F100058425034A
:0410F2009FDFE0EFAD
:0410F30000C1208395
:0410F4000081240350
:0410F500004124830F
:0410F60000090513D5
:0410F70000012903C8
:0410F80001010113DE
:0410F900000080670C
:0410FA009A0FE0EF7A
:0410FB00F4DFF06FBF
:0410FC000A050A6374
:0410FD00FF010113DB
:0410FE000081242326
:0410FF000121202388
:041100000011262391
:041101000091222314
:041102008201A903BA
:0411030000050413CC
:041104000009066375
:0411050003492783F0
:0411060006078463F1
:0411070000C4178386
:04110800000004934C
:0411090004078063F4
:04110A00064427036D
:04110B00001777133F
:04110C00000716635F
:04110D002007F7932D
:04110E0004078A63E5
:04110F000004059340
:0411100000090513BA
:04111100C81FF0EF14
:0411120006442783E5
:04111300000504933C
:041114000017F79336
:0411150000079863D4
:0411160000C4578337
:041117002007F79323
:0411180002078C63DB
:0411190000C120836E
:04111A000081240329
:04111B0000012903A3
:04111C000004851333
:04111D0000412483E6
:04111E0001010113B7
:04111F0000008067E5
:0411200000090513AA
:04112100904FE0EF1C
:04112200F95FF06F12
:041123000584250317
:0411240091DFE0EF88
:04112500FA9FF06FCE
:041126000584250314
:04112700929FE0EFC4
:04112800FC5FF06F09
:041129000000361775
:04112A00D046061392
:04112B000000059724
:04112C00E64585937C
:04112D000000351772
:04112E00D045051390
:04112F009BCFE06F03
:0411300000C59783DC
:04113100F8010113AD
:0411320006812C23E3
:0411330006112E2350
:041134000027F71386
:04113500000584131A
:041136000207046345
:041137000435879361
:0411380000F5A023FB
:0411390000F5A823F2
:04113A000010079307
:04113B0000F5AA23EE
:04113C0007C1208344
:04113D0007812403FF
:04113E000801011390
:04113F0000008067C5
:0411400000E59583AE
:0411410006912A23C6
:041142000721282336
:041143000731262327
:041144000741242318
:04114500000504930A
:041146000805C6636F
:04114700008106130A
:04114800210000EF93
:0411490006054E63E6
:04114A0000C1278336
:04114B000000F93770
:04114C00000019B7CF
:04114D0000F97933F9
:04114E00FFFFE7B701
:04114F0000F9093367
:041150000019391336
:0411510040000A133D
:0411520080098993F4
:04115300000A0593F6
:0411540000048513FB
:04115500A00FF0EF08
:0411560000C4178337
:04115700060508631E
:041158000807E7930A
:0411590000A42023AB
:04115A0000A42823A2
:04115B0000F4162363
:04115C0001442A23FD
:04115D000A09106308
:04115E000137E7B3BB
:04115F0007C1208321
:0411600000F416235E
:0411610007812403DB
:04116200074124839A
:041163000701290354
:0411640006C1298314
:0411650006812A03D2
:041166000801011368
:04116700000080679D
:0411680000C4178325
:041169000807F793E9
:04116A000000091365
:04116B0004078E6384
:04116C0004000A135E
:04116D00000A0593DC
:04116E0000048513E1
:04116F00998FF0EF75
:0411700000C417831D
:0411710000000993DE
:04117200F8051CE37D
:041173002007F71347
:0411740004071E63EB
:04117500FFC7F79326
:041176000027E793D4
:041177000434071322
:0411780000F4162346
:0411790000100793C8
:04117A000741248382
:04117B00070129033C
:04117C0006C12983FC
:04117D0006812A03BA
:04117E0000E4202346
:04117F0000E428233D
:0411800000F42A232A
:04118100EEDFF06F3E
:0411820040000A130C
:0411830000000993CC
:04118400F3DFF06F36
:0411850000E41583EA
:0411860000048513C9
:04118700174000EF1E
:0411880002051063E9
:0411890000C4178304
:04118A00F51FF06FEE
:04118B000741248371
:04118C00070129032B
:04118D0006C12983EB
:04118E0006812A03A9
:04118F00EB5FF06FB3
:0411900000C45783BD
:04119100FFC7F7930A
:041192000017E793C8
:041193000107979326
:041194004107D793A5
:04119500F25FF06FA6
:04119600F901011347
:041197000681242386
:0411980000058413B7
:0411990000E5958355
:04119A000691222375
:04119B0007212023E5
:04119C0006112623EF
:04119D0000060493B1
:04119E0000068913AB
:04119F000405CA6316
:0411A00000810613B1
:0411A1000AC000EF91
:0411A2000405446399
:0411A30000C127035D
:0411A4000000F7B799
:0411A50006C12083DC
:0411A60000E7F7B3B4
:0411A700FFFFE73728
:0411A80000E787B322
:0411A9000681240394
:0411AA000017B793E0
:0411AB0000F9202304
:0411AC0040000713E5
:0411AD0000E4A02397
:0411AE0000001537F1
:0411AF00064124834E
:0411B0000601290308
:0411B100800505139D
:0411B200070101131D
:0411B3000000806751
:0411B40000C4578399
:0411B5000807F7939D
:0411B6000207886341
:0411B70006C12083CA
:0411B8000681240385
:0411B9000000079398
:0411BA0000F92023F5
:0411BB000400071312
:0411BC0000E4A02388
:0411BD0006012903FB
:0411BE00064124833F
:0411BF000000051314
:0411C000070101130F
:0411C1000000806743
:0411C20006C12083BF
:0411C300068124037A
:0411C40000F92023EB
:0411C50040000713CC
:0411C60000E4A0237E
:0411C70006012903F1
:0411C8000641248335
:0411C900000005130A
:0411CA000701011305
:0411CB000000806739
:0411CC00FF0101130B
:0411CD00000587137F
:0411CE000081242355
:0411CF00000605937E
:0411D00000050413FF
:0411D10000070513FB
:0411D200000047973B
:0411D3007607AE23CA
:0411D40000112623BD
:0411D500354000EFB2
:0411D600FFF007938C
:0411D70000F50A63B2
:0411D80000C12083AF
:0411D900008124036A
:0411DA0001010113FB
:0411DB000000806729
:0411DC000000479731
:0411DD007547A78328
:0411DE00FE0784E3A1
:0411DF0000C12083A8
:0411E00000F42023D4
:0411E1000081240362
:0411E20001010113F3
:0411E3000000806721
:0411E400FF010113F3
:0411E500008124233E
:0411E60000050413E9
:0411E7000005851367
:0411E8000000479725
:0411E9007207A223C4
:0411EA0000112623A7
:0411EB00400000EFD1
:0411EC00FFF0079376
:0411ED0000F50A639C
:0411EE0000C1208399
:0411EF000081240354
:0411F00001010113E5
:0411F1000000806713
:0411F200000047971B
:0411F3006FC7A78398
:0411F400FE0784E38B
:0411F50000C1208392
:0411F60000F42023BE
:0411F700008124034C
:0411F80001010113DD
:0411F900000080670B
:0411FA00FF010113DD
:0411FB000005871351
:0411FC000081242327
:0411FD000006059350
:0411FE0000050413D1
:0411FF00000686134D
:0412000000070513CB
:04120100000047970B
:041202006C07A023B2
:04120300001126238D
:041204006E8000EF09
:04120500FFF007935C
:0412060000F50A6382
:0412070000C120837F
:04120800008124033A
:0412090001010113CB
:04120A0000008067F9
:04120B000000479701
:04120C006987A783C4
:04120D00FE0784E371
:04120E0000C1208378
:04120F0000F42023A4
:041210000081240332
:0412110001010113C3
:0412120000008067F1
:04121300FF010113C3
:04121400008124230E
:0412150000050413B9
:041216000005851337
:0412170000004797F5
:041218006607A4239E
:041219000011262377
:04121A00145000EF7D
:04121B00FFF0079346
:04121C0000F50A636C
:04121D0000C1208369
:04121E000081240324
:04121F0001010113B5
:0412200000008067E3
:0412210000004797EB
:041222006407A78333
:04122300FE0784E35B
:0412240000C1208362
:0412250000F420238E
:04122600008124031C
:0412270001010113AD
:0412280000008067DB
:04122900FF010113AD
:04122A0000812423F8
:04122B000000179711
:04122C0068C7879375
:04122D000000141792
:04122E0068440413F9
:04122F0040F4043350
:0412300000912223E4
:04123100001126235F
:04123200402454936D
:0412330002048063CE
:04123400FFC40413DC
:0412350000F404338A
:041236000004278306
:04123700FFF48493A9
:04123800FFC40413D8
:04123900000780E743
:04123A00FE0498E333
:04123B0000C120834B
:04123C000081240306
:04123D0000412483C5
:04123E000101011396
:04123F0000008067C4
:04124000FF01011396
:04124100001126234F
:0412420000812423E0
:04124300010104138E
:041244008141A783BA
:0412450000078A63B1
:041246008141A783B8
:04124700000780E735
:041248000005079303
:0412490000C0006F72
:04124A00000097B752
:04124B00EC47879352
:04124C0000078513FF
:04124D0000C1208339
:04124E0000812403F4
:04124F000101011385
:0412500000008067B3
:04125100FD01011387
:04125200021126233C
:0412530002812423CD
:04125400030104137B
:04125500FCA42E23A4
:04125600FDC4278329
:041257000207C46363
:04125800FDC42703A7
:0412590000070793F0
:04125A00001797934F
:04125B0000E787B36E
:04125C00002797933D
:04125D0000007737DF
:04125E0002870713E9
:04125F0000E787B36A
:041260000080006F9B
:0412610000000793EF
:04126200FEF424234F
:04126300FE8427835B
:041264000607866390
:04126500FE84278359
:041266000007A78353
:041267000107A78351
:041268000207806396
:04126900FE84278355
:04126A000007A7834F
:04126B000107A7834D
:04126C00FE842503D4
:04126D00000780E70F
:04126E0000050793DD
:04126F000080006F8C
:0412700000000793E0
:04127100FEF426233E
:04127200FDC425038F
:04127300990FD0EF10
:04127400FEC427830A
:041275000207D06339
:04127600F29FF0EF04
:041277000005071354
:04127800FEC4278306
:0412790040F007B387
:04127A0000F7202336
:04127B00FFF00793E6
:04127C000200006FFD
:04127D0000000793D3
:04127E000180006F7C
:04127F00F05FF0EF3D
:04128000000507134B
:0412810005100793BA
:0412820000F720232E
:04128300FFF00793DE
:0412840000078513C7
:0412850002C12083FF
:0412860002812403BA
:04128700030101134B
:04128800000080677B
:04128900FD0101134F
:04128A000281262394
:04128B000301041344
:04128C00FCA42E236D
:04128D00000000134A
:04128E00FDC42783F1
:04128F00FEF4262320
:04129000FEC4250370
:0412910000050793BA
:041292000007866368
:041293007C10301388
:041294000080006F67
:041295007C20301376
:041296000000001341
:041297000000001340
:04129800FFDFF06F15
:04129900FF0101133D
:04129A0000112623F6
:04129B000081242387
:04129C000101041335
:04129D008141A78361
:04129E0000078A6358
:04129F008141A7835F
:0412A000000780E7DC
:0412A10000050793AA
:0412A20000C0006F19
:0412A300000097B7F9
:0412A400EC478793F9
:0412A50000078513A6
:0412A60000C12083E0
:0412A700008124039B
:0412A800010101132C
:0412A900000080675A
:0412AA00FD0101132E
:0412AB0002112623E3
:0412AC000281242374
:0412AD000301041322
:0412AE00FCA42E234B
:0412AF00FCB42C233C
:0412B000FDC42783CF
:0412B1000207C46309
:0412B200FDC427034D
:0412B3000007079396
:0412B40000179793F5
:0412B50000E787B314
:0412B60000279793E3
:0412B7000000773785
:0412B800028707138F
:0412B90000E787B310
:0412BA000080006F41
:0412BB000000079395
:0412BC00FEF42623F3
:0412BD00FEC42783C1
:0412BE00040784633A
:0412BF00FEC42783BF
:0412C0000007A783F9
:0412C1000207A783F6
:0412C200020782633A
:0412C300FEC42783BB
:0412C4000007A783F5
:0412C5000207A783F2
:0412C600FD842583FB
:0412C700FEC4250339
:0412C800000780E7B4
:0412C9000005079382
:0412CA0002C0006FEF
:0412CB00FD842783F4
:0412CC0000002737C0
:0412CD0000E7A22371
:0412CE000000079382
:0412CF000180006F2B
:0412D000F25FF0EFEA
:0412D10000050713FA
:0412D2000510079369
:0412D30000F72023DD
:0412D400FFF007938D
:0412D5000007851376
:0412D60002C12083AE
:0412D7000281240369
:0412D80003010113FA
:0412D900000080672A
:0412DA00FF010113FC
:0412DB0000112623B5
:0412DC000081242346
:0412DD0001010413F4
:0412DE008141A78320
:0412DF0000078A6317
:0412E0008141A7831E
:0412E100000780E79B
:0412E2000005079369
:0412E30000C0006FD8
:0412E400000097B7B8
:0412E500EC478793B8
:0412E6000007851365
:0412E70000C120839F
:0412E800008124035A
:0412E90001010113EB
:0412EA000000806719
:0412EB00F7010113F3
:0412EC00081126239C
:0412ED00088124232D
:0412EE0009010413DB
:0412EF00F6A42E2310
:0412F000000097B7AC
:0412F100EF87A703D9
:0412F200FEE42623CD
:0412F30000000713DD
:0412F400F8042A23AD
:0412F500F7C4278390
:0412F6000207C463C4
:0412F700F7C427030E
:0412F8000007079351
:0412F90000179793B0
:0412FA0000E787B3CF
:0412FB00002797939E
:0412FC000000773740
:0412FD00028707134A
:0412FE0000E787B3CB
:0412FF000080006FFC
:04130000000007934F
:04130100F8F42623B3
:04130200F8C4278381
:0413030004078A63EE
:04130400F8C427837F
:041305000007A783B3
:041306000207A783B0
:0413070000079663E2
:041308000010079337
:041309000500006F6C
:04130A00F904079348
:04130B0000078593BF
:04130C00F7C42503FA
:04130D00291000EFB4
:04130E00000507933C
:04130F000007D6639A
:04131000000007933F
:041311000300006F66
:04131200F944270370
:04131300FFFFE7B73A
:0413140000F707B324
:041315000017B79373
:041316000FF7F79343
:041317000180006FE2
:04131800F09FF0EF63
:0413190000050713B1
:04131A000510079320
:04131B0000F7202394
:04131C000000079333
:04131D00000787132B
:04131E00000097B77D
:04131F00FEC426835F
:04132000EF87A78329
:0413210000F6C7B358
:04132200000006932E
:0413230000078463D8
:04132400245000EF62
:0413250000070513A5
:0413260008C1208357
:041327000881240312
:0413280009010113A3
:0413290000008067D9
:04132A00FF010113AB
:04132B000011262364
:04132C0000812423F5
:04132D0001010413A3
:04132E008141A783CF
:04132F0000078A63C6
:041330008141A783CD
:04133100000780E74A
:041332000005079318
:0413330000C0006F87
:04133400000097B767
:04133500EC47879367
:041336000007851314
:0413370000C120834E
:041338000081240309
:04133900010101139A
:04133A0000008067C8
:04133B00FD0101139C
:04133C000211262351
:04133D0002812423E2
:04133E000301041390
:04133F00FCA42E23B9
:04134000FCB42C23AA
:04134100FCC42A239B
:04134200FE0424235E
:04134300FDC427833B
:041344000207C46375
:04134500FDC42703B9
:041346000007079302
:041347000017979361
:0413480000E787B380
:04134900002797934F
:04134A0000007737F1
:04134B0002870713FB
:04134C0000E787B37C
:04134D000080006FAD
:04134E000000079301
:04134F00FEF426235F
:04135000FEC427832D
:0413510004078263A8
:04135200FEC427832B
:041353000007A78365
:0413540001C7A783A3
:0413550002078463A4
:04135600FEC4278327
:041357000007A78361
:0413580001C7A7839F
:04135900FD44260326
:04135A00FD84258366
:04135B00FEC42503A4
:04135C00000780E71F
:04135D00FEA42423A3
:04135E000180006F9B
:04135F00F7A0079359
:04136000FEF4242350
:0413610000C0006F59
:04136200FAF0079303
:04136300FEF424234D
:04136400FE84278359
:041365000207D06348
:04136600F11FF0EF94
:041367000005071363
:04136800FE84278355
:0413690040F007B396
:04136A0000F7202345
:04136B00FFF00793F5
:04136C00FEF4242344
:04136D00FE84278350
:04136E0000078513DC
:04136F0002C1208314
:0413700002812403CF
:041371000301011360
:041372000000806790
:04137300FF01011362
:04137400001126231B
:0413750000812423AC
:04137600010104135A
:041377008141A78386
:0413780000078A637D
:041379008141A78384
:04137A00000780E701
:04137B0000050793CF
:04137C0000C0006F3E
:04137D00000097B71E
:04137E00EC4787931E
:04137F0000078513CB
:0413800000C1208305
:0413810000812403C0
:041382000101011351
:04138300000080677F
:04138400FD01011353
:041385000281262398
:041386000301041348
:04138700FCA42E2371
:04138800FDC42783F6
:041389000087A7032F
:04138A00400007B761
:04138B0000F76733CD
:04138C00FDC42783F2
:04138D0000E7A423AE
:04138E00FE04262310
:04138F000980006F62
:04139000000077B72B
:0413910002878693B6
:04139200FEC427036B
:0413930000070793B5
:041394000017979314
:0413950000E787B333
:041396000027979302
:0413970000F687B322
:041398000007A703A0
:04139900FDC42783E5
:04139A000007A7831E
:04139B0004F71E63D2
:04139C00000077B71F
:04139D0002878693AA
:04139E00FEC427035F
:04139F0000070793A9
:0413A0000017979308
:0413A10000E787B327
:0413A20000279793F6
:0413A30000F687B316
:0413A4000087A78394
:0413A5000207DA63FE
:0413A600FEC4270357
:0413A70000070793A1
:0413A8000017979300
:0413A90000E787B31F
:0413AA0000279793EE
:0413AB000000773790
:0413AC00028707139A
:0413AD0000E787B31B
:0413AE00FDC4270350
:0413AF0000F70663DA
:0413B000FF30079370
:0413B1000240006F87
:0413B200FEC42783CB
:0413B3000017879305
:0413B400FEF42623FA
:0413B5008101A78388
:0413B6000007871392
:0413B700FEC42783C6
:0413B800F6F770E3F1
:0413B9000000079396
:0413BA000007851390
:0413BB0002C1240344
:0413BC000301011315
:0413BD000000806745
:0413BE00FC0101131A
:0413BF0002112E23C6
:0413C00002812C2357
:0413C100040104130C
:0413C200FCA426233E
:0413C300FCB424232F
:0413C400FCC4222320
:0413C500FFF007939B
:0413C600FEF42023EE
:0413C700FED00793BA
:0413C800FEF42223EA
:0413C900FE042423D7
:0413CA00000077B7F1
:0413CB006E87859311
:0413CC00FCC4250335
:0413CD00474000EFA6
:0413CE00FCA42E232A
:0413CF00FDC42783AF
:0413D00000079C6313
:0413D100FCC4250330
:0413D200580000EFD0
:0413D300FCA42E2325
:0413D400001007936B
:0413D500FEF42423DB
:0413D600FDC42783A8
:0413D7000A078C6312
:0413D800FDC4250328
:0413D9006A0000EFB7
:0413DA00FEA420232A
:0413DB00FE04278362
:0413DC000007D863CB
:0413DD00FE04278360
:0413DE00FEF42223D4
:0413DF000A00006F91
:0413E000FE042703DD
:0413E1000007079367
:0413E20000179793C6
:0413E30000E787B3E5
:0413E40000279793B4
:0413E5000000773756
:0413E6000287071360
:0413E70000E787B3E1
:0413E800FEF42623C6
:0413E900FC84270356
:0413EA00400007B701
:0413EB00FFF78793EE
:0413EC0000F777335C
:0413ED00FEC4278390
:0413EE0000E7A4234D
:0413EF00FE842783CE
:0413F00000079C63F3
:0413F100FEC425030E
:0413F200E49FF0EF95
:0413F300FEA422230F
:0413F400FE44278309
:0413F5000407C463C2
:0413F600FDC4278388
:0413F70000C7A78301
:0413F8000207846301
:0413F900FDC4278385
:0413FA0000C7A783FE
:0413FB00FC44268305
:0413FC00FC84260344
:0413FD00FCC4258384
:0413FE00FEC4250301
:0413FF00000780E77C
:041400000005079349
:041401000080006FF8
:04140200000007934C
:04140300FEF42223AE
:0414040000C0006FB5
:04140500FED007937B
:04140600FEF42223AB
:04140700FE442783F5
:041408000207D463A0
:04140900FE042503B5
:04140A00B35FC0EF1D
:04140B00DA1FF0EF05
:04140C0000050713BD
:04140D00FE442783EF
:04140E0040F007B3F0
:04140F0000F720239F
:04141000FFF007934F
:041411000080006FE8
:04141200FE0427832A
:041413000007851336
:0414140003C120836D
:041415000381240328
:0414160004010113B9
:0414170000008067EA
:04141800FF010113BC
:041419000011262375
:04141A000081242306
:04141B0001010413B4
:04141C008141A783E0
:04141D0000078A63D7
:04141E008141A783DE
:04141F00000780E75B
:041420000005079329
:0414210000C0006F98
:04142200000097B778
:04142300EC47879378
:041424000007851325
:0414250000C120835F
:04142600008124031A
:0414270001010113AB
:0414280000008067D9
:04142900FD010113AD
:04142A000211262362
:04142B0002812423F3
:04142C0003010413A1
:04142D00FCA42E23CA
:04142E00FCB42C23BB
:04142F00FCC42A23AC
:04143000FDC427834D
:041431000207C46387
:04143200FDC42703CB
:041433000007079314
:041434000017979373
:0414350000E787B392
:041436000027979361
:041437000000773703
:04143800028707130D
:0414390000E787B38E
:04143A000080006FBF
:04143B000000079313
:04143C00FEF4242373
:04143D00FE8427837F
:04143E0008078663B2
:04143F00FE8427837D
:041440000087A783F7
:041441000037F71366
:0414420000100793FC
:0414430006F7026343
:04144400FE84278378
:041445000007A78372
:041446000147A78330
:0414470004078A63A9
:04144800FE84278374
:041449000007A7836E
:04144A000147A7832C
:04144B00FD44270332
:04144C00000706137C
:04144D00FD84258372
:04144E00FE842503F0
:04144F00000780E72B
:04145000FEA42623AD
:04145100FEC427832B
:041452000207D0635A
:04145300F15FF0EF66
:041454000005071375
:04145500FEC4278327
:0414560040F007B3A8
:0414570000F7202357
:04145800FFF0079307
:041459000340006FDD
:04145A00FEC4278322
:04145B0002C0006F5C
:04145C00EF1FF0EF9F
:04145D00000507136C
:04145E0000D0079320
:04145F0000F720234F
:041460000140006FD8
:04146100EDDFF0EFDC
:041462000005071367
:0414630005100793D6
:0414640000F720234A
:04146500FFF00793FA
:0414660000078513E3
:0414670002C120831B
:0414680002812403D6
:041469000301011367
:04146A000000806797
:04146B00FC0101136C
:04146C0002812E23A8
:04146D00040104135F
:04146E00FCA4262391
:04146F00008007935F
:041470003007B7F397
:04147100FEF4222340
:04147200FE4427838A
:04147300FCF42E2334
:041474008301A783C6
:041475000037879322
:04147600FFC7F79322
:0414770000078713D0
:0414780082E1A82342
:041479008301A70341
:04147A00FCC4278304
:04147B0000F707333C
:04147C00000107B7AD
:04147D00000787934A
:04147E0002E7F2632C
:04147F00FDC42783FE
:04148000FEF424232F
:04148100FE8427833B
:041482000087F79355
:041483003007A0731B
:041484000000001351
:04148500FFF00793DA
:041486000380006F70
:041487008301A783B3
:04148800FEF420232B
:041489008301A70331
:04148A00FCC42783F4
:04148B0000F707332C
:04148C0082E1A8232E
:04148D00FDC42783F0
:04148E00FEF426231F
:04148F00FEC42783ED
:041490000087F79347
:041491003007A0730D
:041492000000001343
:04149300FE042783A9
:0414940000078513B5
:0414950003C1240368
:041496000401011339
:04149700000080676A
:04149800FF0101133C
:0414990000112623F5
:04149A000081242386
:04149B000101041334
:04149C008141A78360
:04149D0000078A6357
:04149E008141A7835E
:04149F00000780E7DB
:0414A00000050793A9
:0414A10000C0006F18
:0414A200000097B7F8
:0414A300EC478793F8
:0414A40000078513A5
:0414A50000C12083DF
:0414A600008124039A
:0414A700010101132B
:0414A8000000806759
:0414A900FD0101132D
:0414AA0002112623E2
:0414AB000281242373
:0414AC000301041321
:0414AD00FCA42E234A
:0414AE00FCB42C233B
:0414AF00FCC42A232C
:0414B000FDC42783CD
:0414B1000207C46307
:0414B200FDC427034B
:0414B3000007079394
:0414B40000179793F3
:0414B50000E787B312
:0414B60000279793E1
:0414B7000000773783
:0414B800028707138D
:0414B90000E787B30E
:0414BA000080006F3F
:0414BB000000079393
:0414BC00FEF42423F3
:0414BD00FE842783FF
:0414BE000807846334
:0414BF00FE842783FD
:0414C0000087A78377
:0414C1000037F79366
:0414C2000607826334
:0414C300FE842783F9
:0414C4000007A783F3
:0414C5000187A78371
:0414C60004078A632A
:0414C700FE842783F5
:0414C8000007A783EF
:0414C9000187A7836D
:0414CA00FD442703B3
:0414CB0000070613FD
:0414CC00FD842583F3
:0414CD00FE84250371
:0414CE00000780E7AC
:0414CF00FEA426232E
:0414D000FEC42783AC
:0414D1000207D063DB
:0414D200F19FF0EFA7
:0414D30000050713F6
:0414D400FEC42783A8
:0414D50040F007B329
:0414D60000F72023D8
:0414D700FFF0079388
:0414D8000340006F5E
:0414D900FEC42783A3
:0414DA0002C0006FDD
:0414DB00EF5FF0EFE0
:0414DC0000050713ED
:0414DD0000D00793A1
:0414DE0000F72023D0
:0414DF000140006F59
:0414E000EE1FF0EF1C
:0414E10000050713E8
:0414E2000510079357
:0414E30000F72023CB
:0414E400FFF007937B
:0414E5000007851364
:0414E60002C120839C
:0414E7000281240357
:0414E80003010113E8
:0414E9000000806718
:0414EA00FD010113EC
:0414EB000281262331
:0414EC0003010413E1
:0414ED00FCA42E230A
:0414EE00FCB42C23FB
:0414EF00FE042223B2
:0414F000FE042423AF
:0414F1003E8007939F
:0414F200FEF42623BB
:0414F300FD842783CA
:0414F40000079663F4
:0414F5000000079359
:0414F6000E00006F75
:0414F700FD842783C6
:0414F8000007A783BF
:0414F900FEF42223B8
:0414FA000C00006F73
:0414FB00FE042423A4
:0414FC000380006FFA
:0414FD00FE442783FF
:0414FE000087A703B9
:0414FF00FE842783BD
:0415000000F707B336
:041501000007C70315
:04150200FE842783B9
:04150300FDC426837A
:0415040000F687B3B3
:041505000007C78391
:0415060004F716636D
:04150700FE842783B4
:0415080000178793AE
:04150900FEF42423A5
:04150A00FE842783B1
:04150B00FDC42703F1
:04150C0000F707B32A
:04150D000007C78389
:04150E0002078863E5
:04150F00FE442783EC
:041510000087A703A6
:04151100FE842783AA
:0415120000F707B324
:041513000007C78383
:0415140000078C63DD
:04151500FE84270326
:04151600FEC4278365
:04151700F8F74CE3B2
:041518000080006FE0
:0415190000000013BB
:04151A00FE842783A1
:04151B00FDC42703E1
:04151C0000F707B31A
:04151D000007C78379
:04151E0002079263CB
:04151F00FE442783DC
:041520000087A70396
:04152100FE8427839A
:0415220000F707B314
:041523000007C78373
:0415240000079663C3
:04152500FE442783D6
:041526000200006F50
:04152700FE442783D4
:041528000007A7838E
:04152900FEF4222387
:04152A00FE44270351
:04152B00FD84278391
:04152C00F2F71EE3D1
:04152D000000079320
:04152E00000785131A
:04152F0002C12403CE
:04153000030101139F
:0415310000008067CF
:04153200FD010113A3
:0415330002812623E8
:041534000301041398
:04153500FCA42E23C1
:04153600000077B783
:041537006E07879321
:041538000007A7837E
:04153900FEF4222377
:04153A00FE04242364
:04153B003E80079354
:04153C00FEF4262370
:04153D000EC0006F6D
:04153E00FE04242360
:04153F000BC0006F6E
:04154000FE442783BB
:041541000087A70375
:04154200FE84278379
:0415430000F707B3F3
:041544000007C703D2
:0415450002F0079316
:0415460002F7106335
:04154700FE442783B4
:041548000087A7036E
:04154900FE84278372
:04154A00001787936C
:04154B0000F707B3EB
:04154C000007C7834A
:04154D0000078E63A2
:04154E00FE442783AD
:04154F000087A70367
:04155000FE8427836B
:0415510000F707B3E5
:041552000007C78344
:0415530002079C638C
:04155400FE84278367
:04155500FDC42703A7
:0415560000F707B3E0
:041557000007C703BF
:0415580002F0079303
:0415590000F70C6328
:04155A00FE84278361
:04155B00FDC42703A1
:04155C0000F707B3DA
:04155D000007C78339
:04155E000407986383
:04155F00FE4427839C
:041560000740006FD1
:04156100FE4427839A
:041562000087A70354
:04156300FE84278358
:0415640000F707B3D2
:041565000007C703B1
:04156600FE84278355
:04156700FDC4268316
:0415680000F687B34F
:041569000007C7832D
:04156A0002F714630D
:04156B00FE84278350
:04156C00001787934A
:04156D00FEF4242341
:04156E00FE842703CD
:04156F00FEC427830C
:04157000F4F740E369
:041571000100006F06
:041572000000001362
:041573000080006F85
:041574000000001360
:04157500FE44278386
:041576000007A78340
:04157700FEF4222339
:04157800FE44270303
:04157900000077B740
:04157A006E078793DE
:04157B00F0F716E38C
:04157C0000000793D1
:04157D0000078513CB
:04157E0002C124037F
:04157F000301011350
:041580000000806780
:04158100FD01011354
:041582000281262399
:041583000301041349
:04158400FCA42E2372
:04158500FE8007934A
:04158600FEF4262326
:04158700FE04242317
:041588000800006FE8
:04158900000077B730
:04158A0002878693BB
:04158B00FE842703B0
:04158C0000070793BA
:04158D000017979319
:04158E0000E787B338
:04158F000027979307
:0415900000F687B327
:041591000007A78325
:041592000407966351
:04159300000077B726
:0415940002878693B1
:04159500FE842703A6
:0415960000070793B0
:04159700001797930F
:0415980000E787B32E
:0415990000279793FD
:04159A0000F687B31D
:04159B00FDC4270361
:04159C0000E7A023A1
:04159D008101A7839E
:04159E00FE8427039D
:04159F0000E7D66328
:0415A000FE8427039B
:0415A10080E1A8231A
:0415A200FE84278319
:0415A300FEF4262309
:0415A4000200006FD2
:0415A500FE84278316
:0415A6000017879310
:0415A700FEF4242307
:0415A800FE84270393
:0415A90001F00793B3
:0415AA00F6E7DEE39F
:0415AB000000001329
:0415AC00FEC42783CF
:0415AD00000785139B
:0415AE0002C124034F
:0415AF000301011320
:0415B0000000806750
:0415B1000005861398
:0415B2000005059398
:0415B3008201A50309
:0415B400860FF06F3F
:0415B5000000179784
:0415B6008987879307
:0415B7000007AF83F7
:0415B8000047AF0336
:0415B9000087AE8376
:0415BA0000C7AE03B5
:0415BB000107A3037E
:0415BC000147A883B8
:0415BD000187A803F7
:0415BE000247A683B7
:0415BF000287A703F5
:0415C00001C7A58337
:0415C1000207A60374
:0415C20002C7C78312
:0415C300FC01011313
:0415C400000105130A
:0415C50002112E23BE
:0415C60001F12023EC
:0415C70001E12223F9
:0415C80001D1242306
:0415C90001C1262313
:0415CA000061282371
:0415CB0001112A23BD
:0415CC0001012C23CA
:0415CD0002D1222302
:0415CE0002E12423EF
:0415CF0002F10623FC
:0415D00000B12E2315
:0415D10002C1202310
:0415D20004C000EF62
:0415D30000050613F6
:0415D400000105937A
:0415D50000200513DA
:0415D60066C000EFFC
:0415D7000060051398
:0415D80035C000EF2B
:0415D90007F00513FF
:0415DA00ABCFF0EFB4
:0415DB00FF010113F8
:0415DC0000112623B1
:0415DD00F61FF0EF16
:0415DE00000037973B
:0415DF00780787936F
:0415E0000007A70356
:0415E1000007166386
:0415E200FF0A0737BE
:0415E30000E7A0235A
:0415E400000080671C
:0415E50000357793C3
:0415E60000050713E2
:0415E70004079C63F6
:0415E8007F7F86B7C4
:0415E900F7F68693F8
:0415EA00FFF0059376
:0415EB0000072603CC
:0415EC00004707139A
:0415ED0000D677B3FA
:0415EE0000D787B3E8
:0415EF0000C7E7B397
:0415F00000D7E7B386
:0415F100FEB784E3DA
:0415F200FFC7468366
:0415F30040A707B353
:0415F4000406846302
:0415F500FFD7468353
:0415F60002068C63FA
:0415F700FFE74503C2
:0415F80000A03533E7
:0415F90000F50533C1
:0415FA00FFE50513F1
:0415FB000000806705
:0415FC00FA0688E380
:0415FD000007478319
:0415FE0000170713B8
:0415FF0000377693A8
:04160000FE0798E366
:0416010040A70733C4
:04160200FFF70513D6
:0416030000008067FC
:04160400FFD7851374
:0416050000008067FA
:04160600FFC7851382
:0416070000008067F8
:04160800118527839E
:0416090000078663ED
:04160A0000000513C4
:04160B0000008067F4
:04160C00FF010113C6
:04160D000800059339
:04160E000081242310
:04160F00001126237D
:0416100000050413BA
:04161100F11FD0EF06
:0416120010A42C23D1
:041613000205046365
:04161400080507932B
:041615000005202389
:041616000045051373
:04161700FEF51CE3DD
:0416180000000513B6
:0416190000C1208369
:04161A000081240324
:04161B0001010113B5
:04161C0000008067E3
:04161D00FFF00513C2
:04161E00FEDFF06F8C
:04161F00FE010113B4
:0416200000912A23E8
:0416210000112E2363
:0416220001F0079339
:041623000005049327
:0416240002B7EC63BA
:041625001185278381
:0416260000812C23F0
:041627000005841323
:0416280002078C63C6
:041629000024141372
:04162A00008787B3FB
:04162B000181240312
:04162C000007A5030B
:04162D0000C7A0232F
:04162E0001C1208353
:04162F0001412483CE
:04163000020101139F
:0416310000008067CE
:0416320001600793B9
:0416330000F520237B
:04163400FFF00513AB
:04163500FE5FF06FF5
:041636000800059310
:0416370000C12623A5
:04163800E75FD0EFA9
:0416390010A4AC232A
:04163A0000C12603C2
:04163B00000507930C
:04163C00000507138B
:04163D000805069303
:04163E0000050A6336
:04163F00000720235D
:041640000047071345
:04164100FED71CE3D1
:04164200F9DFF06F6D
:0416430001812403FA
:04164400FFF005139B
:04164500FA5FF06FE9
:04164600FF0101138C
:0416470000912223C9
:041648000011262344
:0416490001F0079312
:04164A000005049300
:04164B000AB7E06397
:04164C00118527835A
:04164D0000812423D1
:04164E0000058413FC
:04164F0004078463A5
:0416500000259713C7
:0416510000E787B374
:041652000007A703E3
:0416530002070C631B
:0416540000100693E9
:0416550000D70C634B
:04165600FFF0069308
:0416570004D7086349
:041658000007A023C4
:0416590000058513F0
:04165A00000700E79E
:04165B0000812403E3
:04165C000000051372
:04165D0000C1208325
:04165E0000412483A0
:04165F000101011371
:04166000000080679F
:0416610000048513E9
:04166200438000EFD2
:041663000004061366
:0416640000812403DA
:0416650000C120831D
:0416660000050593E3
:0416670000048513E3
:041668000041248396
:041669000101011367
:04166A003B80006F52
:04166B0000812403D3
:04166C0000C1208316
:04166D00016007937E
:04166E0000F5202340
:04166F00004124838F
:04167000001005134E
:04167100010101135F
:04167200000080678D
:041673000160079378
:0416740000F520233A
:04167500FFF005136A
:04167600F9DFF06F39
:0416770001F00793E4
:041678000CB7EA635E
:04167900118527832D
:04167A00FF01011358
:04167B0000812423A3
:04167C000091222394
:04167D00001126230F
:04167E0000058413CC
:04167F0000050493CB
:041680000807806374
:041681000024171317
:0416820000E787B343
:041683000007A703B2
:0416840002070C63EA
:04168500FFF00693D9
:0416860006D7006320
:0416870000100693B6
:0416880004D7006320
:041689000004051341
:04168A000007A02392
:04168B00000700E76D
:04168C000000051342
:04168D0000C12083F5
:04168E0000812403B0
:04168F00004124836F
:041690000101011340
:04169100000080676E
:0416920000C12083F0
:0416930000812403AB
:04169400004124836A
:041695000010051329
:04169600010101133A
:041697000000806768
:0416980000C12083EA
:0416990000812403A5
:04169A000041248364
:04169B000030051303
:04169C000101011334
:04169D000000806762
:04169E000020051310
:04169F00FB9FF06F4E
:0416A00008000593A6
:0416A100CD1FD0EF9A
:0416A20010A4AC23C1
:0416A30000050793A4
:0416A40000050E63CC
:0416A5000005071322
:0416A600080506939A
:0416A70000072023F5
:0416A80000470713DD
:0416A900FED71CE369
:0416AA00F5DFF06F09
:0416AB00FFF0051334
:0416AC00F85FF06F84
:0416AD00FFF0051332
:0416AE000000806751
:0416AF00FF01011323
:0416B0000091222360
:0416B10000112623DB
:0416B20001F00793A9
:0416B3008201A48389
:0416B40008A7EE6332
:0416B5001184A78372
:0416B6000081242368
:0416B7000005041313
:0416B800040782633E
:0416B90000251713DE
:0416BA0000E787B30B
:0416BB000007A7037A
:0416BC0002070A63B4
:0416BD000010069380
:0416BE0000D70A63E4
:0416BF00FFF006939F
:0416C00004D70663E2
:0416C1000007A0235B
:0416C200000700E736
:0416C300008124037B
:0416C400000005130A
:0416C50000C12083BD
:0416C6000041248338
:0416C7000101011309
:0416C8000000806737
:0416C9000004851381
:0416CA00298000EF84
:0416CB0000040613FE
:0416CC000081240372
:0416CD0000C12083B5
:0416CE00000505937B
:0416CF00000485137B
:0416D000004124832E
:0416D10001010113FF
:0416D2002180006F04
:0416D300008124036B
:0416D40000C12083AE
:0416D5000160079316
:0416D60000F4A02359
:0416D70000100513E7
:0416D8000041248326
:0416D90001010113F7
:0416DA000000806725
:0416DB000160079310
:0416DC0000F4A02353
:0416DD00FFF0051302
:0416DE00F9DFF06FD1
:0416DF00FF010113F3
:0416E00001212023A1
:0416E10000112623AB
:0416E20001F0079379
:0416E3008201A903D4
:0416E40004A7E26312
:0416E5000081242339
:0416E60000050413E4
:0416E700118925033D
:0416E8000091222328
:0416E90000058493E1
:0416EA0002050E6384
:0416EB0000241413B0
:0416EC00008507B3BB
:0416ED000007A5034A
:0416EE000081240350
:0416EF000097A0239D
:0416F000004124830E
:0416F10000C1208391
:0416F20000012903C7
:0416F30001010113DD
:0416F400000080670B
:0416F50001600793F6
:0416F60000F92023B4
:0416F700FFF00513E8
:0416F800FE5FF06F32
:0416F900080005934D
:0416FA0000090513CB
:0416FB00B69FD0EFD7
:0416FC0010A92C23E2
:0416FD00000507934A
:0416FE0008050713C1
:0416FF0000050A6375
:041700000007A0231B
:041701000047879383
:04170200FEF71CE3EF
:04170300FA1FF06F6A
:041704000081240339
:0417050000412483F8
:04170600FFF00513D8
:04170700FA9FF06FE6
:04170800FF010113C9
:041709000081242314
:04170A008201A403B1
:04170B00118427839B
:04170C00001126237F
:04170D0000078C63E2
:04170E0000000513BF
:04170F0000C1208372
:04171000008124032D
:0417110001010113BE
:0417120000008067EC
:041713000800059332
:0417140000040513B5
:04171500B01FD0EF42
:0417160010A42C23CC
:0417170000050C635A
:041718000805079326
:041719000005202384
:04171A00004505136E
:04171B00FEF51CE3D8
:04171C00FC9FF06FCF
:04171D00FFF00513C1
:04171E00FC5FF06F0D
:04171F00FF010113B2
:0417200000912223EF
:04172100001126236A
:0417220001F0079338
:041723008201A48318
:041724000CA7E463C7
:041725001184A78301
:0417260000812423F7
:0417270000050413A2
:0417280008078263C9
:04172900002417136E
:04172A0000E787B39A
:04172B000007A70309
:04172C0002070C6341
:04172D00FFF0069330
:04172E0006D7006377
:04172F00001006930D
:0417300004D7006377
:041731000004051398
:041732000007A023E9
:04173300000700E7C4
:041734000081240309
:041735000000051398
:0417360000C120834B
:0417370000412483C6
:041738000101011397
:0417390000008067C5
:04173A000081240303
:04173B0000C1208346
:04173C0000412483C1
:04173D000010051380
:04173E000101011391
:04173F0000008067BF
:0417400000812403FD
:0417410000C1208340
:0417420000412483BB
:04174300003005135A
:04174400010101138B
:0417450000008067B9
:0417460000812403F7
:041747000020051366
:04174800FB9FF06FA4
:0417490008000593FC
:04174A0000048513FF
:04174B00A29FD0EF9A
:04174C0010A4AC2316
:04174D0000050793F9
:04174E0000050E6321
:04174F000005071377
:0417500008050693EF
:04175100000720234A
:041752000047071332
:04175300FEE69CE32F
:04175400F55FF06FDE
:0417550000812403E8
:04175600FFF0051388
:04175700F7DFF06F59
:04175800FF01011379
:0417590000058713ED
:04175A0000812423C3
:04175B0000060593EC
:04175C00000504136D
:04175D000007051369
:04175E0000003797B9
:04175F001407A623A2
:04176000001126232B
:041761000B8000EF0A
:04176200FFF00793FA
:0417630000F50A6320
:0417640000C120831D
:0417650000812403D8
:041766000101011369
:041767000000806797
:0417680000003797AF
:041769001247A783F9
:04176A00FE0784E30F
:04176B0000C1208316
:04176C0000F4202342
:04176D0000812403D0
:04176E000101011361
:04176F00000080678F
:041770000180006F85
:0417710000060693D5
:0417720000058613D5
:0417730000050593D5
:041774008201A50346
:04177500F61FC06F2C
:04177600FF0101135B
:0417770000812623A4
:041778000101041354
:0417790000000793D2
:04177A0000078513CC
:04177B0000C1240382
:04177C000101011353
:04177D000000806781
:04177E00FF01011353
:04177F00001126230C
:04178000008124239D
:04178100010104134B
:041782008141A78377
:0417830000078A636E
:041784008141A78375
:04178500000780E7F2
:0417860000050793C0
:0417870000C0006F2F
:04178800000097B70F
:04178900EC4787930F
:04178A0000078513BC
:04178B0000C12083F6
:04178C0000812403B1
:04178D000101011342
:04178E000000806770
:04178F00FD01011344
:0417900002112623F9
:04179100028124238A
:041792000301041338
:04179300FCA42E2361
:04179400FCB42C2352
:04179500FE04262305
:04179600FDC42783E4
:0417970006F04E63A7
:04179800FD84278322
:041799000807846356
:04179A00FD84278320
:04179B000607C0631A
:04179C00FD8427039E
:04179D0001F00793BD
:04179E0004E7CA632F
:04179F00FD8427039B
:0417A000003007937B
:0417A10004F74463A2
:0417A200FD84278318
:0417A3000010071318
:0417A40000F717B380
:0417A500CF810737B2
:0417A600F7870713A7
:0417A70000E7F7332D
:0417A80000E03733F3
:0417A9000FF77713AC
:0417AA0000071E63B3
:0417AB0000110737EB
:0417AC0000E7F7B3A8
:0417AD0000F037B35E
:0417AE000FF7F793A7
:0417AF0002079C632E
:0417B00000C0006F06
:0417B100000005131C
:0417B200B5DFE0EFD0
:0417B3000160079337
:0417B400FEF42623F6
:0417B5000240006F7F
:0417B600FDC42783C4
:0417B70000F05E637D
:0417B8000030079363
:0417B900FEF42623F1
:0417BA000100006FBB
:0417BB000000001317
:0417BC000080006F3A
:0417BD000000001315
:0417BE00FEC42783BB
:0417BF0000078E632E
:0417C000EF9FF0EFB8
:0417C1000005071305
:0417C200FEC42783B7
:0417C30000F72023E8
:0417C400FFF0079398
:0417C5000080006F31
:0417C6000000079385
:0417C700000785137F
:0417C80002C12083B7
:0417C9000281240372
:0417CA000301011303
:0417CB000000806733
:0417CC00000032DC0B
:0417CD000000577849
:0417CE007665642FA9
:0417CF0061746A2FA8
:0417D00061755F6779
:0417D100305F74729F
:0417D2000000000013
:0417D3007665642FA4
:0417D40061746A2FA3
:0417D50061755F6774
:0417D600305F74729A
:0417D700000000000E
:0417D8007665642F9F
:0417D9006C756E2F8E
:0417DA000000006C9F
:0417DB00202A2A2A6C
:0417DC00636174735E
:0417DD006D73206B9D
:0417DE006968736162
:0417DF006420676EAD
:0417E0006365746564
:0417E10020646574A7
:0417E2003A2A2A2A4B
:0417E3007265742097
:0417E400616E696D5C
:0417E5000A646574B9
:0417E60000000000FF
:0417E70000000000FE
:0417E80000000000FD
:0417E90000000000FC
:0417EA0000000000FB
:0417EB0000000000FA
:0417EC0000000000F9
:0417ED0000000000F8
:0417EE0000000000F7
:0417EF0000000000F6
:0417F00000000000F5
:0417F10000000000F4
:0417F20000000000F3
:0417F30000000000F2
:0417F40000000000F1
:0417F50000000000F0
:0417F60000000000EF
:0417F70000000000EE
:0417F80000000000ED
:0417F90000000000EC
:0417FA0000000000EB
:0417FB0000000000EA
:0417FC0000000000E9
:0417FD0000000000E8
:0417FE0000000000E7
:0417FF0000000000E6
:0418000000000000E4
:0418010000000000E3
:0418020000000000E2
:0418030000000000E1
:0418040000000000E0
:0418050000000000DF
:0418060000000000DE
:0418070000000000DD
:0418080000000000DC
:0418090000000000DB
:04180A0000000000DA
:04180B0000000000D9
:04180C0000000000D8
:04180D0000000000D7
:04180E0000000000D6
:04180F0000000000D5
:0418100000000000D4
:0418110000000000D3
:0418120000000000D2
:0418130000000000D1
:0418140000000000D0
:0418150000000000CF
:0418160000000000CE
:0418170000000000CD
:0418180000000000CC
:0418190000000000CB
:04181A0000000000CA
:04181B0000000000C9
:04181C0000000000C8
:04181D0000000000C7
:04181E0000000000C6
:04181F0000000000C5
:0418200000000000C4
:0418210000000000C3
:0418220000000000C2
:0418230000000000C1
:0418240000000000C0
:0418250000000000BF
:0418260000000000BE
:0418270000000000BD
:0418280000000000BC
:0418290000000000BB
:04182A0000000000BA
:04182B0000000000B9
:04182C0000000000B8
:04182D0000000000B7
:04182E0000000000B6
:04182F0000000000B5
:0418300000000000B4
:0418310000000000B3
:0418320000000000B2
:0418330000000000B1
:0418340000000000B0
:0418350000000000AF
:0418360000000000AE
:0418370000000000AD
:0418380000000000AC
:0418390000000000AB
:04183A0000000000AA
:04183B0000000000A9
:04183C0000000000A8
:04183D0000000000A7
:04183E0000000000A6
:04183F0000000000A5
:0418400000000000A4
:0418410000000000A3
:0418420000000000A2
:0418430000000000A1
:0418440000000000A0
:04184500000000009F
:04184600000000009E
:04184700000000009D
:04184800000000009C
:04184900000000009B
:04184A00000000009A
:04184B000000000099
:04184C000000000098
:04184D000000000097
:04184E000000000096
:04184F000000000095
:041850000000000094
:041851000000000093
:041852000000000092
:041853000000000091
:041854000000000090
:04185500000000008F
:04185600000000008E
:04185700000000008D
:04185800000000008C
:04185900000000008B
:04185A00000000008A
:04185B000000000089
:04185C000000000088
:04185D000000000087
:04185E000000000086
:04185F000000000085
:041860000000000084
:041861000000000083
:041862000000000082
:041863000000000081
:041864000000000080
:04186500000000007F
:04186600000000007E
:04186700000000007D
:04186800000000007C
:04186900000000007B
:04186A00000000007A
:04186B000000000079
:04186C000000000078
:04186D000000000077
:04186E000000000076
:04186F000000000075
:041870000000000074
:041871000000000073
:041872000000000072
:041873000000000071
:041874000000000070
:04187500000000006F
:04187600000000006E
:04187700000000006D
:04187800000000006C
:04187900000000006B
:04187A00000000006A
:04187B000000000069
:04187C000000000068
:04187D000000000067
:04187E000000000066
:04187F000000000065
:041880000000000064
:041881000000000063
:041882000000000062
:041883000000000061
:041884000000000060
:04188500000000005F
:04188600000000005E
:04188700000000005D
:04188800000000005C
:04188900000000005B
:04188A00000000005A
:04188B000000000059
:04188C000000000058
:04188D000000000057
:04188E000000000056
:04188F000000000055
:041890000000000054
:041891000000000053
:041892000000000052
:041893000000000051
:041894000000000050
:04189500000000004F
:04189600000000004E
:04189700000000004D
:04189800000000004C
:04189900000000004B
:04189A00000000004A
:04189B000000000049
:04189C000000000048
:04189D000000000047
:04189E000000000046
:04189F000000000045
:0418A0000000000044
:0418A1000000000043
:0418A2000000000042
:0418A3000000000041
:0418A4000000000040
:0418A500000000003F
:0418A600000000003E
:0418A700000000003D
:0418A800000000003C
:0418A900000000003B
:0418AA00000000003A
:0418AB000000000039
:0418AC000000000038
:0418AD000000000037
:0418AE000000000036
:0418AF000000000035
:0418B0000000000034
:0418B1000000000033
:0418B2000000000032
:0418B3000000000031
:0418B4000000000030
:0418B500000000002F
:0418B600000000002E
:0418B700000000002D
:0418B800000000002C
:0418B900000000002B
:0418BA00000000002A
:0418BB000000000029
:0418BC000000000028
:0418BD000000000027
:0418BE000000000026
:0418BF000000000025
:0418C0000000000024
:0418C1000000000023
:0418C2000000000022
:0418C3000000000021
:0418C4000000000020
:0418C500000000001F
:0418C600000000001E
:0418C700000000001D
:0418C800000000001C
:0418C900000000001B
:0418CA00000000001A
:0418CB000000000019
:0418CC000000000018
:0418CD000000000017
:0418CE000000000016
:0418CF000000000015
:0418D0000000000014
:0418D1000000000013
:0418D2000000000012
:0418D3000000000011
:0418D4000000000010
:0418D500000000000F
:0418D600000000000E
:0418D700000000000D
:0418D800000000000C
:0418D900000000000B
:0418DA00000000000A
:0418DB000000000009
:0418DC000000000008
:0418DD000000000007
:0418DE000000000006
:0418DF000000000005
:0418E0000000000004
:0418E1000000000003
:0418E2000000000002
:0418E3000000000001
:0418E4000000000000
:0418E50000000000FF
:0418E60000000000FE
:0418E70000000000FD
:0418E80000000000FC
:0418E90000000000FB
:0418EA0000000000FA
:0418EB0000000000F9
:0418EC0000000000F8
:0418ED0000000000F7
:0418EE0000000000F6
:0418EF0000000000F5
:0418F00000000000F4
:0418F10000000000F3
:0418F20000000000F2
:0418F30000000000F1
:0418F40000000000F0
:0418F50000000000EF
:0418F60000000000EE
:0418F70000000000ED
:0418F80000000000EC
:0418F90000000000EB
:0418FA0000000000EA
:0418FB0000000000E9
:0418FC0000000000E8
:0418FD0000000000E7
:0418FE0000000000E6
:0418FF0000000000E5
:0419000000000000E3
:0419010000000000E2
:0419020000000000E1
:0419030000000000E0
:0419040000000000DF
:0419050000000000DE
:0419060000000000DD
:0419070000000000DC
:0419080000000000DB
:0419090000000000DA
:04190A0000000000D9
:04190B0000000000D8
:04190C0000000000D7
:04190D0000000000D6
:04190E0000000000D5
:04190F0000000000D4
:0419100000000000D3
:0419110000000000D2
:0419120000000000D1
:0419130000000000D0
:0419140000000000CF
:0419150000000000CE
:0419160000000000CD
:0419170000000000CC
:0419180000000000CB
:0419190000000000CA
:04191A0000000000C9
:04191B0000000000C8
:04191C0000000000C7
:04191D0000000000C6
:04191E0000000000C5
:04191F0000000000C4
:0419200000000000C3
:0419210000000000C2
:0419220000000000C1
:0419230000000000C0
:0419240000000000BF
:0419250000000000BE
:0419260000000000BD
:0419270000000000BC
:0419280000000000BB
:0419290000000000BA
:04192A0000000000B9
:04192B0000000000B8
:04192C0000000000B7
:04192D0000000000B6
:04192E0000000000B5
:04192F0000000000B4
:0419300000000000B3
:0419310000000000B2
:0419320000000000B1
:0419330000000000B0
:0419340000000000AF
:0419350000000000AE
:0419360000000000AD
:0419370000000000AC
:0419380000000000AB
:0419390000000000AA
:04193A0000000000A9
:04193B0000000000A8
:04193C0000000000A7
:04193D0000000000A6
:04193E0000000000A5
:04193F0000000000A4
:0419400000000000A3
:0419410000000000A2
:0419420000000000A1
:0419430000000000A0
:04194400000000009F
:04194500000000009E
:04194600000000009D
:04194700000000009C
:04194800000000009B
:04194900000000009A
:04194A000000000099
:04194B000000000098
:04194C000000000097
:04194D000000000096
:04194E000000000095
:04194F000000000094
:041950000000000093
:041951000000000092
:041952000000000091
:041953000000000090
:04195400000000008F
:04195500000000008E
:04195600000000008D
:04195700000000008C
:04195800000000008B
:04195900000000008A
:04195A000000000089
:04195B000000000088
:04195C000000000087
:04195D000000000086
:04195E000000000085
:04195F000000000084
:041960000000000083
:041961000000000082
:041962000000000081
:041963000000000080
:04196400000000007F
:04196500000000007E
:04196600000000007D
:04196700000000007C
:04196800000000007B
:04196900000000007A
:04196A000000000079
:04196B000000000078
:04196C000000000077
:04196D000000000076
:04196E000000000075
:04196F000000000074
:041970000000000073
:041971000000000072
:041972000000000071
:041973000000000070
:04197400000000006F
:04197500000000006E
:04197600000000006D
:04197700000000006C
:04197800000000006B
:04197900000000006A
:04197A000000000069
:04197B000000000068
:04197C000000000067
:04197D000000000066
:04197E000000000065
:04197F000000000064
:041980000000000063
:041981000000000062
:041982000000000061
:041983000000000060
:04198400000000005F
:04198500000000005E
:04198600000000005D
:04198700000000005C
:04198800000000005B
:04198900000000005A
:04198A000000000059
:04198B000000000058
:04198C000000000057
:04198D000000000056
:04198E000000000055
:04198F000000000054
:041990000000000053
:041991000000000052
:041992000000000051
:041993000000000050
:04199400000000004F
:04199500000000004E
:04199600000000004D
:04199700000000004C
:04199800000000004B
:04199900000000004A
:04199A000000000049
:04199B000000000048
:04199C000000000047
:04199D000000000046
:04199E000000000045
:04199F000000000044
:0419A0000000000043
:0419A1000000000042
:0419A2000000000041
:0419A3000000000040
:0419A400000000003F
:0419A500000000003E
:0419A600000000003D
:0419A700000000003C
:0419A800000000003B
:0419A900000000003A
:0419AA000000000039
:0419AB000000000038
:0419AC000000000037
:0419AD000000000036
:0419AE000000000035
:0419AF000000000034
:0419B0000000000033
:0419B1000000000032
:0419B2000000000031
:0419B3000000000030
:0419B400000000002F
:0419B500000000002E
:0419B600000000002D
:0419B700000000002C
:0419B800000000002B
:0419B900000000002A
:0419BA000000000029
:0419BB000000000028
:0419BC000000000027
:0419BD000000000026
:0419BE000000000025
:0419BF000000000024
:0419C0000000000023
:0419C1000000000022
:0419C2000000000021
:0419C3000000000020
:0419C400000000001F
:0419C500000000001E
:0419C600000000001D
:0419C700000000001C
:0419C800000000001B
:0419C900000000001A
:0419CA000000000019
:0419CB000000000018
:0419CC000000000017
:0419CD000000000016
:0419CE000000000015
:0419CF000000000014
:0419D0000000000013
:0419D1000000000012
:0419D2000000000011
:0419D3000000000010
:0419D400000000000F
:0419D500000000000E
:0419D600000000000D
:0419D700000000000C
:0419D800000000000B
:0419D900000000000A
:0419DA000000000009
:0419DB000000000008
:0419DC000000000007
:0419DD000000000006
:0419DE000000000005
:0419DF000000000004
:0419E0000000000003
:0419E1000000000002
:0419E2000000000001
:0419E3000000000000
:0419E40000000000FF
:0419E50000000000FE
:0419E60000000000FD
:0419E70000000000FC
:0419E80000000000FB
:0419E90000000000FA
:0419EA0000000000F9
:0419EB0000000000F8
:0419EC0000000000F7
:0419ED0000000000F6
:0419EE0000000000F5
:0419EF0000000000F4
:0419F00000000000F3
:0419F10000000000F2
:0419F20000000000F1
:0419F30000000000F0
:0419F40000000000EF
:0419F50000000000EE
:0419F60000000000ED
:0419F70000000000EC
:0419F80000000000EB
:0419F90000000000EA
:0419FA0000000000E9
:0419FB0000000000E8
:0419FC0000000000E7
:0419FD0000000000E6
:0419FE0000000000E5
:0419FF0000000000E4
:041A000000000000E2
:041A010000000000E1
:041A020000000000E0
:041A030000000000DF
:041A040000000000DE
:041A050000000000DD
:041A060000000000DC
:041A070000000000DB
:041A080000000000DA
:041A090000000000D9
:041A0A0000000000D8
:041A0B0000000000D7
:041A0C0000000000D6
:041A0D0000000000D5
:041A0E0000000000D4
:041A0F0000000000D3
:041A100000000000D2
:041A110000000000D1
:041A120000000000D0
:041A130000000000CF
:041A140000000000CE
:041A150000000000CD
:041A160000000000CC
:041A170000000000CB
:041A180000000000CA
:041A190000000000C9
:041A1A0000000000C8
:041A1B0000000000C7
:041A1C0000000000C6
:041A1D0000000000C5
:041A1E0000000000C4
:041A1F0000000000C3
:041A200000000000C2
:041A210000000000C1
:041A220000000000C0
:041A230000000000BF
:041A240000000000BE
:041A250000000000BD
:041A260000000000BC
:041A270000000000BB
:041A280000000000BA
:041A290000000000B9
:041A2A0000000000B8
:041A2B0000000000B7
:041A2C0000000000B6
:041A2D0000000000B5
:041A2E0000000000B4
:041A2F0000000000B3
:041A300000000000B2
:041A310000000000B1
:041A320000000000B0
:041A330000000000AF
:041A340000000000AE
:041A350000000000AD
:041A360000000000AC
:041A370000000000AB
:041A380000000000AA
:041A390000000000A9
:041A3A0000000000A8
:041A3B0000000000A7
:041A3C0000000000A6
:041A3D0000000000A5
:041A3E0000000000A4
:041A3F0000000000A3
:041A400000000000A2
:041A410000000000A1
:041A420000000000A0
:041A4300000000009F
:041A4400000000009E
:041A4500000000009D
:041A4600000000009C
:041A4700000000009B
:041A4800000000009A
:041A49000000000099
:041A4A000000000098
:041A4B000000000097
:041A4C000000000096
:041A4D000000000095
:041A4E000000000094
:041A4F000000000093
:041A50000000000092
:041A51000000000091
:041A52000000000090
:041A5300000000008F
:041A5400000000008E
:041A5500000000008D
:041A5600000000008C
:041A5700000000008B
:041A5800000000008A
:041A59000000000089
:041A5A000000000088
:041A5B000000000087
:041A5C000000000086
:041A5D000000000085
:041A5E000000000084
:041A5F000000000083
:041A60000000000082
:041A61000000000081
:041A62000000000080
:041A6300000000007F
:041A6400000000007E
:041A6500000000007D
:041A6600000000007C
:041A6700000000007B
:041A6800000000007A
:041A69000000000079
:041A6A000000000078
:041A6B000000000077
:041A6C000000000076
:041A6D000000000075
:041A6E000000000074
:041A6F000000000073
:041A70000000000072
:041A71000000000071
:041A72000000000070
:041A7300000000006F
:041A7400000000006E
:041A7500000000006D
:041A7600000000006C
:041A7700000000006B
:041A7800000000006A
:041A79000000000069
:041A7A000000000068
:041A7B000000000067
:041A7C000000000066
:041A7D000000000065
:041A7E000000000064
:041A7F000000000063
:041A80000000000062
:041A81000000000061
:041A82000000000060
:041A8300000000005F
:041A8400000000005E
:041A8500000000005D
:041A8600000000005C
:041A8700000000005B
:041A8800000000005A
:041A89000000000059
:041A8A000000000058
:041A8B000000000057
:041A8C000000000056
:041A8D000000000055
:041A8E000000000054
:041A8F000000000053
:041A90000000000052
:041A91000000000051
:041A92000000000050
:041A9300000000004F
:041A9400000000004E
:041A9500000000004D
:041A9600000000004C
:041A9700000000004B
:041A9800000000004A
:041A99000000000049
:041A9A000000000048
:041A9B000000000047
:041A9C000000000046
:041A9D000000000045
:041A9E000000000044
:041A9F000000000043
:041AA0000000000042
:041AA1000000000041
:041AA2000000000040
:041AA300000000003F
:041AA400000000003E
:041AA500000000003D
:041AA600000000003C
:041AA700000000003B
:041AA800000000003A
:041AA9000000000039
:041AAA000000000038
:041AAB000000000037
:041AAC000000000036
:041AAD000000000035
:041AAE000000000034
:041AAF000000000033
:041AB0000000000032
:041AB1000000000031
:041AB2000000000030
:041AB300000000002F
:041AB400000000002E
:041AB500000000002D
:041AB600000000002C
:041AB700000000002B
:041AB800000000002A
:041AB9000000000029
:041ABA000000000028
:041ABB000000000027
:041ABC000000000026
:041ABD000000000025
:041ABE000000000024
:041ABF000000000023
:041AC0000000000022
:041AC1000000000021
:041AC2000000000020
:041AC300000000001F
:041AC400000000001E
:041AC500000000001D
:041AC600000000001C
:041AC700000000001B
:041AC800000000001A
:041AC9000000000019
:041ACA000000000018
:041ACB000000000017
:041ACC000000000016
:041ACD000000000015
:041ACE000000000014
:041ACF000000000013
:041AD0000000000012
:041AD1000000000011
:041AD2000000000010
:041AD300000000000F
:041AD400000000000E
:041AD500000000000D
:041AD600000000000C
:041AD700000000000B
:041AD800000000000A
:041AD9000000000009
:041ADA000000000008
:041ADB000000000007
:041ADC000000000006
:041ADD000000000005
:041ADE000000000004
:041ADF000000000003
:041AE0000000000002
:041AE1000000000001
:041AE2000000000000
:041AE30000000000FF
:041AE40000000000FE
:041AE50000000000FD
:041AE60000000000FC
:041AE70000000000FB
:041AE80000000000FA
:041AE90000000000F9
:041AEA0000000000F8
:041AEB0000000000F7
:041AEC0000000000F6
:041AED0000000000F5
:041AEE0000000000F4
:041AEF0000000000F3
:041AF00000000000F2
:041AF10000000000F1
:041AF20000000000F0
:041AF30000000000EF
:041AF40000000000EE
:041AF50000000000ED
:041AF60000000000EC
:041AF70000000000EB
:041AF80000000000EA
:041AF90000000000E9
:041AFA0000000000E8
:041AFB0000000000E7
:041AFC0000000000E6
:041AFD0000000000E5
:041AFE0000000000E4
:041AFF0000000000E3
:041B000000000000E1
:041B010000000000E0
:041B020000000000DF
:041B030000000000DE
:041B040000000000DD
:041B050000000000DC
:041B060000000000DB
:041B070000000000DA
:041B080000000000D9
:041B090000000000D8
:041B0A0000000000D7
:041B0B0000000000D6
:041B0C0000000000D5
:041B0D0000000000D4
:041B0E0000000000D3
:041B0F0000000000D2
:041B100000000000D1
:041B110000000000D0
:041B120000000000CF
:041B130000000000CE
:041B140000000000CD
:041B150000000000CC
:041B160000000000CB
:041B170000000000CA
:041B180000000000C9
:041B190000000000C8
:041B1A0000000000C7
:041B1B0000000000C6
:041B1C0000000000C5
:041B1D0000000000C4
:041B1E0000000000C3
:041B1F0000000000C2
:041B200000000000C1
:041B210000000000C0
:041B220000000000BF
:041B230000000000BE
:041B240000000000BD
:041B250000000000BC
:041B260000000000BB
:041B270000000000BA
:041B280000000000B9
:041B290000000000B8
:041B2A0000000000B7
:041B2B0000000000B6
:041B2C0000000000B5
:041B2D0000000000B4
:041B2E0000000000B3
:041B2F0000000000B2
:041B300000000000B1
:041B310000000000B0
:041B320000000000AF
:041B330000000000AE
:041B340000000000AD
:041B350000000000AC
:041B360000000000AB
:041B370000000000AA
:041B380000000000A9
:041B390000000000A8
:041B3A0000000000A7
:041B3B0000000000A6
:041B3C0000000000A5
:041B3D0000000000A4
:041B3E0000000000A3
:041B3F0000000000A2
:041B400000000000A1
:041B410000000000A0
:041B4200000000009F
:041B4300000000009E
:041B4400000000009D
:041B4500000000009C
:041B4600000000009B
:041B4700000000009A
:041B48000000000099
:041B49000000000098
:041B4A000000000097
:041B4B000000000096
:041B4C000000000095
:041B4D000000000094
:041B4E000000000093
:041B4F000000000092
:041B50000000000091
:041B51000000000090
:041B5200000000008F
:041B5300000000008E
:041B5400000000008D
:041B5500000000008C
:041B5600000000008B
:041B5700000000008A
:041B58000000000089
:041B59000000000088
:041B5A000000000087
:041B5B000000000086
:041B5C000000000085
:041B5D000000000084
:041B5E000000000083
:041B5F000000000082
:041B60000000000081
:041B61000000000080
:041B6200000000007F
:041B6300000000007E
:041B6400000000007D
:041B6500000000007C
:041B6600000000007B
:041B6700000000007A
:041B68000000000079
:041B69000000000078
:041B6A000000000077
:041B6B000000000076
:041B6C000000000075
:041B6D000000000074
:041B6E000000000073
:041B6F000000000072
:041B70000000000071
:041B71000000000070
:041B7200000000006F
:041B7300000000006E
:041B7400000000006D
:041B7500000000006C
:041B7600000000006B
:041B7700000000006A
:041B78000000000069
:041B79000000000068
:041B7A000000000067
:041B7B000000000066
:041B7C000000000065
:041B7D000000000064
:041B7E000000000063
:041B7F000000000062
:041B80000000000061
:041B81000000000060
:041B8200000000005F
:041B8300000000005E
:041B8400000000005D
:041B8500000000005C
:041B8600000000005B
:041B8700000000005A
:041B88000000000059
:041B89000000000058
:041B8A000000000057
:041B8B000000000056
:041B8C000000000055
:041B8D000000000054
:041B8E000000000053
:041B8F000000000052
:041B90000000000051
:041B91000000000050
:041B9200000000004F
:041B9300000000004E
:041B9400000000004D
:041B9500000000004C
:041B9600000000004B
:041B9700000000004A
:041B98000000000049
:041B99000000000048
:041B9A000000000047
:041B9B000000000046
:041B9C000000000045
:041B9D000000000044
:041B9E000000000043
:041B9F000000000042
:041BA0000000000041
:041BA1000000000040
:041BA200000000003F
:041BA300000000003E
:041BA400000000003D
:041BA500000000003C
:041BA600000000003B
:041BA700000000003A
:041BA8000000000039
:041BA9000000000038
:041BAA000000000037
:041BAB000000000036
:041BAC000000000035
:041BAD000000000034
:041BAE000000000033
:041BAF000000000032
:041BB0000000000031
:041BB1000000000030
:041BB200000000002F
:041BB300000000002E
:041BB400000000002D
:041BB500000000002C
:041BB600000000002B
:041BB700000000002A
:041BB8000000000029
:041BB9000000000028
:041BBA000000000027
:041BBB000000000026
:041BBC000000000025
:041BBD000000000024
:041BBE000000000023
:041BBF000000000022
:041BC0000000000021
:041BC1000000000020
:041BC200000000001F
:041BC300000000001E
:041BC400000000001D
:041BC500000000001C
:041BC600000000001B
:041BC700000000001A
:041BC8000000000019
:041BC9000000000018
:041BCA000000000017
:041BCB000000000016
:041BCC000000000015
:041BCD000000000014
:041BCE000000000013
:041BCF000000000012
:041BD0000000000011
:041BD1000000000010
:041BD200000000000F
:041BD300000000000E
:041BD400000000000D
:041BD500000000000C
:041BD600000000000B
:041BD700000000000A
:041BD8000000000009
:041BD9000000000008
:041BDA000000000007
:041BDB000000000006
:041BDC000000000005
:041BDD000000000004
:041BDE000000000003
:041BDF000000000002
:041BE0000000000001
:041BE1000000000000
:041BE20000000000FF
:041BE30000000000FE
:041BE40000000000FD
:041BE50000000000FC
:041BE60000000000FB
:041BE70000000000FA
:041BE80000000000F9
:041BE90000000000F8
:041BEA0000000000F7
:041BEB0000000000F6
:041BEC0000000000F5
:041BED0000000000F4
:041BEE0000000000F3
:041BEF0000000000F2
:041BF00000000000F1
:041BF10000000000F0
:041BF20000000000EF
:041BF30000000000EE
:041BF40000000000ED
:041BF50000000000EC
:041BF60000000000EB
:041BF70000000000EA
:041BF80000000000E9
:041BF90000000000E8
:041BFA0000000000E7
:041BFB0000000000E6
:041BFC0000000000E5
:041BFD0000000000E4
:041BFE0000000000E3
:041BFF0000000000E2
:041C000000000000E0
:041C010000000000DF
:041C020000000000DE
:041C030000000000DD
:041C040000000000DC
:041C050000000000DB
:041C060000000000DA
:041C070000000000D9
:041C080000000000D8
:041C090000000000D7
:041C0A0000000000D6
:041C0B0000000000D5
:041C0C0000000000D4
:041C0D0000000000D3
:041C0E0000000000D2
:041C0F0000000000D1
:041C100000000000D0
:041C110000000000CF
:041C120000000000CE
:041C130000000000CD
:041C140000000000CC
:041C150000000000CB
:041C160000000000CA
:041C170000000000C9
:041C180000000000C8
:041C190000000000C7
:041C1A0000000000C6
:041C1B0000000000C5
:041C1C0000000000C4
:041C1D0000000000C3
:041C1E0000000000C2
:041C1F0000000000C1
:041C200000000000C0
:041C210000000000BF
:041C220000000000BE
:041C230000000000BD
:041C240000000000BC
:041C250000000000BB
:041C260000000000BA
:041C270000000000B9
:041C280000000000B8
:041C290000000000B7
:041C2A0000000000B6
:041C2B0000000000B5
:041C2C0000000000B4
:041C2D0000000000B3
:041C2E0000000000B2
:041C2F0000000000B1
:041C300000000000B0
:041C310000000000AF
:041C320000000000AE
:041C330000000000AD
:041C340000000000AC
:041C350000000000AB
:041C360000000000AA
:041C370000000000A9
:041C380000000000A8
:041C390000000000A7
:041C3A0000000000A6
:041C3B0000000000A5
:041C3C0000000000A4
:041C3D0000000000A3
:041C3E0000000000A2
:041C3F0000000000A1
:041C400000000000A0
:041C4100000000009F
:041C4200000000009E
:041C4300000000009D
:041C4400000000009C
:041C4500000000009B
:041C4600000000009A
:041C47000000000099
:041C48000000000098
:041C49000000000097
:041C4A000000000096
:041C4B000000000095
:041C4C000000000094
:041C4D000000000093
:041C4E000000000092
:041C4F000000000091
:041C50000000000090
:041C5100000000008F
:041C5200000000008E
:041C5300000000008D
:041C5400000000008C
:041C5500000000008B
:041C5600000000008A
:041C57000000000089
:041C58000000000088
:041C59000000000087
:041C5A000000000086
:041C5B000000000085
:041C5C000000000084
:041C5D000000000083
:041C5E000000000082
:041C5F000000000081
:041C60000000000080
:041C6100000000007F
:041C6200000000007E
:041C6300000000007D
:041C6400000000007C
:041C6500000000007B
:041C6600000000007A
:041C67000000000079
:041C68000000000078
:041C69000000000077
:041C6A000000000076
:041C6B000000000075
:041C6C000000000074
:041C6D000000000073
:041C6E000000000072
:041C6F000000000071
:041C70000000000070
:041C7100000000006F
:041C7200000000006E
:041C7300000000006D
:041C7400000000006C
:041C7500000000006B
:041C7600000000006A
:041C77000000000069
:041C78000000000068
:041C79000000000067
:041C7A000000000066
:041C7B000000000065
:041C7C000000000064
:041C7D000000000063
:041C7E000000000062
:041C7F000000000061
:041C80000000000060
:041C8100000000005F
:041C8200000000005E
:041C8300000000005D
:041C8400000000005C
:041C8500000000005B
:041C8600000000005A
:041C87000000000059
:041C88000000000058
:041C89000000000057
:041C8A000000000056
:041C8B000000000055
:041C8C000000000054
:041C8D000000000053
:041C8E000000000052
:041C8F000000000051
:041C90000000000050
:041C9100000000004F
:041C9200000000004E
:041C9300000000004D
:041C9400000000004C
:041C9500000000004B
:041C9600000000004A
:041C97000000000049
:041C98000000000048
:041C99000000000047
:041C9A000000000046
:041C9B000000000045
:041C9C000000000044
:041C9D000000000043
:041C9E000000000042
:041C9F000000000041
:041CA0000000000040
:041CA100000000003F
:041CA200000000003E
:041CA300000000003D
:041CA400000000003C
:041CA500000000003B
:041CA600000000003A
:041CA7000000000039
:041CA8000000000038
:041CA9000000000037
:041CAA000000000036
:041CAB000000000035
:041CAC000000000034
:041CAD000000000033
:041CAE000000000032
:041CAF000000000031
:041CB0000000000030
:041CB100000000002F
:041CB200000000002E
:041CB300000000002D
:041CB400000000002C
:041CB500000000002B
:041CB600000000002A
:041CB7000000000029
:041CB8000000000028
:041CB9000000000027
:041CBA000000000026
:041CBB000000000025
:041CBC000000000024
:041CBD000000000023
:041CBE000000000022
:041CBF000000000021
:041CC0000000000020
:041CC100000000001F
:041CC200000000001E
:041CC300000000001D
:041CC400000000001C
:041CC500000000001B
:041CC600000000001A
:041CC7000000000019
:041CC8000000000018
:041CC9000000000017
:041CCA000000000016
:041CCB000000000015
:041CCC000000000014
:041CCD000000000013
:041CCE000000000012
:041CCF000000000011
:041CD0000000000010
:041CD100000000000F
:041CD200000000000E
:041CD300000000000D
:041CD400000000000C
:041CD500000000000B
:041CD600000000000A
:041CD7000000000009
:041CD8000000000008
:041CD9000000000007
:041CDA000000000006
:041CDB000000000005
:041CDC000000000004
:041CDD000000000003
:041CDE000000000002
:041CDF000000000001
:041CE0000000000000
:041CE10000000000FF
:041CE20000000000FE
:041CE30000000000FD
:041CE40000000000FC
:041CE50000000000FB
:041CE60000000000FA
:041CE70000000000F9
:041CE80000000000F8
:041CE90000000000F7
:041CEA0000000000F6
:041CEB0000000000F5
:041CEC0000000000F4
:041CED0000000000F3
:041CEE0000000000F2
:041CEF0000000000F1
:041CF00000000000F0
:041CF10000000000EF
:041CF20000000000EE
:041CF30000000000ED
:041CF40000000000EC
:041CF50000000000EB
:041CF60000000000EA
:041CF70000000000E9
:041CF80000000000E8
:041CF90000000000E7
:041CFA0000000000E6
:041CFB0000000000E5
:041CFC0000000000E4
:041CFD0000000000E3
:041CFE0000000000E2
:041CFF0000000000E1
:041D000000000000DF
:041D010000000000DE
:041D020000000000DD
:041D030000000000DC
:041D040000000000DB
:041D050000000000DA
:041D060000000000D9
:041D070000000000D8
:041D080000000000D7
:041D090000000000D6
:041D0A0000000000D5
:041D0B0000000000D4
:041D0C0000000000D3
:041D0D0000000000D2
:041D0E0000000000D1
:041D0F0000000000D0
:041D100000000000CF
:041D110000000000CE
:041D120000000000CD
:041D130000000000CC
:041D140000000000CB
:041D150000000000CA
:041D160000000000C9
:041D170000000000C8
:041D180000000000C7
:041D190000000000C6
:041D1A0000000000C5
:041D1B0000000000C4
:041D1C0000000000C3
:041D1D0000000000C2
:041D1E0000000000C1
:041D1F0000000000C0
:041D200000000000BF
:041D210000000000BE
:041D220000000000BD
:041D230000000000BC
:041D240000000000BB
:041D250000000000BA
:041D260000000000B9
:041D270000000000B8
:041D280000000000B7
:041D290000000000B6
:041D2A0000000000B5
:041D2B0000000000B4
:041D2C0000000000B3
:041D2D0000000000B2
:041D2E0000000000B1
:041D2F0000000000B0
:041D300000000000AF
:041D310000000000AE
:041D320000000000AD
:041D330000000000AC
:041D340000000000AB
:041D350000000000AA
:041D360000000000A9
:041D370000000000A8
:041D380000000000A7
:041D390000000000A6
:041D3A0000000000A5
:041D3B0000000000A4
:041D3C0000000000A3
:041D3D0000000000A2
:041D3E0000000000A1
:041D3F0000000000A0
:041D4000000000009F
:041D4100000000009E
:041D4200000000009D
:041D4300000000009C
:041D4400000000009B
:041D4500000000009A
:041D46000000000099
:041D47000000000098
:041D48000000000097
:041D49000000000096
:041D4A000000000095
:041D4B000000000094
:041D4C000000000093
:041D4D000000000092
:041D4E000000000091
:041D4F000000000090
:041D5000000000008F
:041D5100000000008E
:041D5200000000008D
:041D5300000000008C
:041D5400000000008B
:041D5500000000008A
:041D56000000000089
:041D57000000000088
:041D58000000000087
:041D59000000000086
:041D5A000000000085
:041D5B000000000084
:041D5C000000000083
:041D5D000000000082
:041D5E000000000081
:041D5F000000000080
:041D6000000000007F
:041D6100000000007E
:041D6200000000007D
:041D6300000000007C
:041D6400000000007B
:041D6500000000007A
:041D66000000000079
:041D67000000000078
:041D68000000000077
:041D69000000000076
:041D6A000000000075
:041D6B000000000074
:041D6C000000000073
:041D6D000000000072
:041D6E000000000071
:041D6F000000000070
:041D7000000000006F
:041D7100000000006E
:041D7200000000006D
:041D7300000000006C
:041D7400000000006B
:041D7500000000006A
:041D76000000000069
:041D77000000000068
:041D78000000000067
:041D79000000000066
:041D7A000000000065
:041D7B000000000064
:041D7C000000000063
:041D7D000000000062
:041D7E000000000061
:041D7F000000000060
:041D8000000000005F
:041D8100000000005E
:041D8200000000005D
:041D8300000000005C
:041D8400000000005B
:041D8500000000005A
:041D86000000000059
:041D87000000000058
:041D88000000000057
:041D89000000000056
:041D8A000000000055
:041D8B000000000054
:041D8C000000000053
:041D8D000000000052
:041D8E000000000051
:041D8F000000000050
:041D9000000000004F
:041D9100000000004E
:041D9200000000004D
:041D9300000000004C
:041D9400000000004B
:041D9500000000004A
:041D96000000000049
:041D97000000000048
:041D98000000000047
:041D99000000000046
:041D9A000000000045
:041D9B000000000044
:041D9C000000000043
:041D9D000000000042
:041D9E000000000041
:041D9F000000000040
:041DA000000000003F
:041DA100000000003E
:041DA200000000003D
:041DA300000000003C
:041DA400000000003B
:041DA500000000003A
:041DA6000000000039
:041DA7000000000038
:041DA8000000000037
:041DA9000000000036
:041DAA000000000035
:041DAB000000000034
:041DAC000000000033
:041DAD000000000032
:041DAE000000000031
:041DAF000000000030
:041DB000000000002F
:041DB100000000002E
:041DB200000000002D
:041DB300000000002C
:041DB400000000002B
:041DB500000000002A
:041DB6000000000029
:041DB7000000000028
:041DB8000000000027
:041DB9000000000026
:041DBA000000000025
:041DBB000000000024
:041DBC000000000023
:041DBD000000000022
:041DBE000000000021
:041DBF000000000020
:041DC000000000001F
:041DC100000000001E
:041DC200000000001D
:041DC300000000001C
:041DC400000000001B
:041DC500000000001A
:041DC6000000000019
:041DC7000000000018
:041DC80000005F4C6C
:041DC9000000000016
:041DCA000000099C70
:041DCB00000008D438
:041DCC0000000938D2
:041DCD000000000012
:041DCE000000000011
:041DCF00000009F017
:041DD000000230607D
:041DD1000000000A04
:041DD200000000000D
:041DD300000000000C
:041DD400000000000B
:041DD500000000000A
:041DD6000000000009
:041DD7000000000008
:041DD8000000000007
:041DD9000000000006
:041DDA000000000005
:041DDB000000000004
:041DDC000000000003
:041DDD000000000002
:041DDE000000000001
:041DDF000000000000
:041DE00000000000FF
:041DE10000000000FE
:041DE20000000000FD
:041DE30000000000FC
:041DE40000000000FB
:041DE50000000000FA
:041DE60000000000F9
:041DE70000000000F8
:041DE80000000000F7
:041DE90000000000F6
:041DEA0000000000F5
:041DEB0000000000F4
:041DEC0000000000F3
:041DED0000000000F2
:041DEE0000000000F1
:041DEF0000000000F0
:041DF00000000000EF
:041DF10000000000EE
:041DF20000000000ED
:041DF30000000000EC
:041DF40000000000EB
:041DF50000000000EA
:041DF60000000000E9
:041DF70000000000E8
:041DF80000000000E7
:041DF90000000000E6
:041DFA0000000000E5
:041DFB0000000000E4
:041DFC0000000000E3
:041DFD0000000000E2
:041DFE0000000000E1
:041DFF0000000000E0
:041E000000000000DE
:041E010000000000DD
:041E020000000000DC
:041E030000000000DB
:041E040000000000DA
:041E050000000000D9
:041E060000000000D8
:041E070000000000D7
:041E080000000000D6
:041E090000000000D5
:041E0A0000000000D4
:041E0B0000000000D3
:041E0C0000000000D2
:041E0D0000000000D1
:041E0E0000000000D0
:041E0F0000000000CF
:041E100000000000CE
:041E110000000000CD
:041E120000000000CC
:041E130000000000CB
:041E140000000000CA
:041E150000000000C9
:041E160000000000C8
:041E170000000000C7
:041E180000000000C6
:041E190000000000C5
:041E1A0000000000C4
:041E1B0000000000C3
:041E1C0000000000C2
:041E1D0000000000C1
:041E1E0000000000C0
:041E1F0000000000BF
:041E200000000000BE
:041E210000000000BD
:041E220000000000BC
:041E230000000000BB
:041E240000000000BA
:041E250000000000B9
:041E260000000000B8
:041E270000000000B7
:041E280000000000B6
:041E290000000000B5
:041E2A0000000000B4
:041E2B0000000000B3
:041E2C0000000000B2
:041E2D0000000000B1
:041E2E0000000000B0
:041E2F0000000000AF
:041E300000000000AE
:041E310000000000AD
:041E320000000000AC
:041E330000000000AB
:041E340000000000AA
:041E350000000000A9
:041E360000000000A8
:041E370000000000A7
:041E380000000000A6
:041E390000000000A5
:041E3A0000000000A4
:041E3B0000000000A3
:041E3C0000000000A2
:041E3D0000000000A1
:041E3E0000000000A0
:041E3F00000000009F
:041E4000000000009E
:041E4100000000009D
:041E4200000000009C
:041E4300000000009B
:041E4400000000009A
:041E45000000000099
:041E46000000000098
:041E47000000000097
:041E48000000000096
:041E49000000000095
:041E4A000000000094
:041E4B000000000093
:041E4C000000000092
:041E4D000000000091
:041E4E000000000090
:041E4F00000000008F
:041E5000000000008E
:041E5100000000008D
:041E5200000000008C
:041E5300000000008B
:041E5400000000008A
:041E55000000000089
:041E56000000000088
:041E57000000000087
:041E58000000000086
:041E59000000000085
:041E5A000000000084
:041E5B000000000083
:041E5C000000000082
:041E5D000000000081
:041E5E000000000080
:041E5F00000000007F
:041E6000000000007E
:041E6100000000007D
:041E6200000000007C
:041E6300000000007B
:041E6400000000007A
:041E65000000000079
:041E66000000000078
:041E67000000000077
:041E68000000000076
:041E69000000000075
:041E6A000000000074
:041E6B000000000073
:041E6C000000000072
:041E6D000000000071
:041E6E000000000070
:041E6F00000000006F
:041E7000000000006E
:041E7100000000006D
:041E7200000000006C
:041E7300000000006B
:041E7400000000006A
:041E75000000000069
:041E76000000000068
:041E77000000000067
:041E78000000000066
:041E79000000000065
:041E7A000000000064
:041E7B000000000063
:041E7C000000000062
:041E7D000000000061
:041E7E000000000060
:041E7F00000000005F
:041E8000000000005E
:041E8100000000005D
:041E8200000000005C
:041E8300000000005B
:041E8400000000005A
:041E85000000000059
:041E86000000000058
:041E87000000000057
:041E88000000000056
:041E89000000000055
:041E8A000000000054
:041E8B000000000053
:041E8C000000000052
:041E8D000000000051
:041E8E000000000050
:041E8F00000000004F
:041E9000000000004E
:041E9100000000004D
:041E9200000000004C
:041E9300000000004B
:041E9400000000004A
:041E95000000000049
:041E96000000000048
:041E97000000000047
:041E98000000000046
:041E99000000000045
:041E9A000000000044
:041E9B000000000043
:041E9C000000000042
:041E9D000000000041
:041E9E000000000040
:041E9F00000000003F
:041EA000000000003E
:041EA100000000003D
:041EA200000000003C
:041EA300000000003B
:041EA400000000003A
:041EA5000000000039
:041EA6000000000038
:041EA7000000000037
:041EA8000000000036
:041EA9000000000035
:041EAA000000000034
:041EAB000000000033
:041EAC000000000032
:041EAD000000000031
:041EAE000000000030
:041EAF00000000002F
:041EB000000000002E
:041EB100000000002D
:041EB200000000002C
:041EB300000000002B
:041EB400000000002A
:041EB5000000000029
:041EB6000000000028
:041EB7000000000027
:041EB8000000000026
:041EB9000000000025
:041EBA000000000024
:041EBB000000000023
:041EBC000000000022
:041EBD000000000021
:041EBE000000000020
:041EBF00000000001F
:041EC000000000001E
:041EC100000000001D
:041EC200000000001C
:041EC300000000001B
:041EC400000000001A
:041EC5000000000019
:041EC6000000000018
:041EC7000000000017
:041EC8000000000016
:041EC9000000000015
:041ECA000000000014
:041ECB000000000013
:041ECC000000000012
:041ECD000000000011
:041ECE000000000010
:041ECF00000000000F
:041ED000000000000E
:041ED100000000000D
:041ED200000000000C
:041ED300000000000B
:041ED400000000000A
:041ED5000000000009
:041ED6000000000008
:041ED7000000000007
:041ED8000000000006
:041ED9000000000005
:041EDA000000000004
:041EDB000000000003
:041EDC000000000002
:041EDD000000000001
:041EDE000000000000
:041EDF0000000000FF
:041EE00000000000FE
:041EE10000000000FD
:041EE20000000000FC
:041EE30000000000FB
:041EE40000000000FA
:041EE50000000000F9
:041EE60000000000F8
:041EE70000000000F7
:041EE80000000000F6
:041EE90000000000F5
:041EEA0000000000F4
:041EEB0000000000F3
:041EEC0000000000F2
:041EED0000000000F1
:041EEE0000000000F0
:041EEF0000000000EF
:041EF00000000000EE
:041EF10000000000ED
:041EF20000000000EC
:041EF30000000000EB
:041EF40000000000EA
:041EF50000000000E9
:041EF60000000000E8
:041EF70000000000E7
:041EF80000000000E6
:041EF90000000000E5
:041EFA0000000000E4
:041EFB0000000000E3
:041EFC0000000000E2
:041EFD0000000000E1
:041EFE0000000000E0
:041EFF0000000000DF
:041F000000000000DD
:041F010000000000DC
:041F020000000000DB
:041F030000000000DA
:041F040000000000D9
:041F050000000000D8
:041F060000000000D7
:041F070000000000D6
:041F080000000000D5
:041F090000000000D4
:041F0A0000000000D3
:041F0B0000000000D2
:041F0C0000000000D1
:041F0D0000000000D0
:041F0E0000000000CF
:041F0F0000000000CE
:041F100000000000CD
:041F110000000000CC
:041F120000000000CB
:041F130000000000CA
:041F140000000000C9
:041F150000000000C8
:041F160000000000C7
:041F170000000000C6
:041F180000000000C5
:041F190000000000C4
:041F1A0000000000C3
:041F1B0000000000C2
:041F1C0000000000C1
:041F1D0000000000C0
:041F1E0000000000BF
:041F1F0000000000BE
:041F200000000000BD
:041F210000000000BC
:041F220000000000BB
:041F230000000000BA
:041F240000000000B9
:041F250000000000B8
:041F260000000000B7
:041F270000000000B6
:041F280000000000B5
:041F290000000000B4
:041F2A0000000000B3
:041F2B0000000000B2
:041F2C0000000000B1
:041F2D0000000000B0
:041F2E0000000000AF
:041F2F0000000000AE
:041F300000000000AD
:041F310000000000AC
:041F320000000000AB
:041F330000000000AA
:041F340000000000A9
:041F350000000000A8
:041F360000000000A7
:041F370000000000A6
:041F380000000000A5
:041F390000000000A4
:041F3A0000000000A3
:041F3B0000000000A2
:041F3C0000000000A1
:041F3D0000000000A0
:041F3E00000000009F
:041F3F00000000009E
:041F4000000000009D
:041F4100000000009C
:041F4200000000009B
:041F4300000000009A
:041F44000000000099
:041F45000000000098
:041F46000000000097
:041F47000000000096
:041F48000000000095
:041F49000000000094
:041F4A000000000093
:041F4B000000000092
:041F4C000000000091
:041F4D000000000090
:041F4E00000000008F
:041F4F00000000008E
:041F5000000000008D
:041F5100000000008C
:041F5200000000008B
:041F5300000000008A
:041F54000000000089
:041F55000000000088
:041F56000000000087
:041F57000000000086
:041F58000000000085
:041F59000000000084
:041F5A000000000083
:041F5B000000000082
:041F5C000000000081
:041F5D000000000080
:041F5E00000000007F
:041F5F00000000007E
:041F6000000000007D
:041F6100000000007C
:041F6200000000007B
:041F6300000000007A
:041F64000000000079
:041F65000000000078
:041F66000000000077
:041F67000000000076
:041F68000000000075
:041F69000000000074
:041F6A000000000073
:041F6B000000000072
:041F6C000000000071
:041F6D000000000070
:041F6E00000000006F
:041F6F00000000006E
:041F7000000000006D
:041F7100000000006C
:041F7200000000006B
:041F7300000000006A
:041F74000000000069
:041F75000000000068
:041F76000000000067
:041F77000000000066
:041F78000000000065
:041F79000000000064
:041F7A000000000063
:041F7B000000000062
:041F7C000000000061
:041F7D000000000060
:041F7E00000000005F
:041F7F00000000005E
:041F8000000000005D
:041F8100000000005C
:041F8200000000005B
:041F8300000000005A
:041F84000000000059
:041F85000000000058
:041F86000000000057
:041F87000000000056
:041F88000000000055
:041F89000000000054
:041F8A000000000053
:041F8B000000000052
:041F8C000000000051
:041F8D000000000050
:041F8E00000000004F
:041F8F00000000004E
:041F9000000000004D
:041F9100000000004C
:041F9200000000004B
:041F9300000000004A
:041F94000000000049
:041F95000000000048
:041F96000000000047
:041F97000000000046
:041F98000000000045
:041F99000000000044
:041F9A000000000043
:041F9B000000000042
:041F9C000000000041
:041F9D000000000040
:041F9E00000000003F
:041F9F00000000003E
:041FA000000000003D
:041FA100000000003C
:041FA200000000003B
:041FA300000000003A
:041FA4000000000039
:041FA5000000000038
:041FA6000000000037
:041FA7000000000036
:041FA8000000000035
:041FA9000000000034
:041FAA000000000033
:041FAB000000000032
:041FAC000000000031
:041FAD000000000030
:041FAE00000000002F
:041FAF00000000002E
:041FB000000000002D
:041FB100000000002C
:041FB200000000002B
:041FB300000000002A
:041FB4000000000029
:041FB5000000000028
:041FB6000000000027
:041FB7000000000026
:041FB8000000000025
:041FB9000000000024
:041FBA000000000023
:041FBB000000000022
:041FBC000000000021
:041FBD000000000020
:041FBE00000000001F
:041FBF00000000001E
:041FC000000000001D
:041FC100000000001C
:041FC200000000001B
:041FC300000000001A
:041FC4000000000019
:041FC5000000000018
:041FC6000000000017
:041FC7000000000016
:041FC8000000000015
:041FC9000000000014
:041FCA000000000013
:041FCB000000000012
:041FCC000000000011
:041FCD000000000010
:041FCE00000000000F
:041FCF00000000000E
:041FD000000000000D
:041FD100000000000C
:041FD200000000000B
:041FD300000000000A
:041FD4000000000009
:041FD5000000000008
:041FD6000000000007
:041FD7000000000006
:041FD8000000000005
:041FD9000000000004
:041FDA000000000003
:041FDB000000000002
:041FDC000000000001
:041FDD000000000000
:041FDE0000000000FF
:041FDF0000000000FE
:041FE00000000000FD
:041FE10000000000FC
:041FE20000000000FB
:041FE30000000000FA
:041FE40000000000F9
:041FE50000000000F8
:041FE60000000000F7
:041FE70000000000F6
:041FE80000000000F5
:041FE90000000000F4
:041FEA0000000000F3
:041FEB0000000000F2
:041FEC0000000000F1
:041FED0000000000F0
:041FEE0000000000EF
:041FEF0000000000EE
:041FF00000000000ED
:041FF10000000000EC
:041FF20000000000EB
:041FF30000000000EA
:041FF40000000000E9
:041FF50000000000E8
:041FF60000000000E7
:041FF70000000000E6
:041FF80000000000E5
:041FF90000000000E4
:041FFA0000000000E3
:041FFB0000000000E2
:041FFC0000000000E1
:041FFD0000000000E0
:041FFE0000000000DF
:041FFF0000000000DE
:0420000000000000DC
:0420010000000000DB
:0420020000000000DA
:0420030000000000D9
:0420040000000000D8
:0420050000000000D7
:0420060000000000D6
:0420070000000000D5
:0420080000000000D4
:0420090000000000D3
:04200A0000000000D2
:04200B0000000000D1
:04200C0000000000D0
:04200D0000000000CF
:04200E0000000000CE
:04200F0000000000CD
:0420100000000000CC
:0420110000000000CB
:0420120000000000CA
:0420130000000000C9
:0420140000000000C8
:0420150000000000C7
:0420160000000000C6
:0420170000000000C5
:0420180000000000C4
:0420190000000000C3
:04201A0000000000C2
:04201B0000000000C1
:04201C0000000000C0
:04201D0000000000BF
:04201E0000000000BE
:04201F0000000000BD
:0420200000000000BC
:0420210000000000BB
:0420220000000000BA
:0420230000000000B9
:0420240000000000B8
:0420250000000000B7
:0420260000000000B6
:0420270000000000B5
:0420280000000000B4
:0420290000000000B3
:04202A0000000000B2
:04202B0000000000B1
:04202C0000000000B0
:04202D0000000000AF
:04202E0000000000AE
:04202F0000000000AD
:0420300000000000AC
:0420310000000000AB
:0420320000000000AA
:0420330000000000A9
:0420340000000000A8
:0420350000000000A7
:0420360000000000A6
:0420370000000000A5
:0420380000000000A4
:0420390000000000A3
:04203A0000000000A2
:04203B0000000000A1
:04203C0000000000A0
:04203D00000000009F
:04203E00000000009E
:04203F00000000009D
:04204000000000009C
:04204100000000009B
:04204200000000009A
:042043000000000099
:042044000000000098
:042045000000000097
:042046000000000096
:042047000000000095
:042048000000000094
:042049000000000093
:04204A000000000092
:04204B000000000091
:04204C000000000090
:04204D00000000008F
:04204E00000000008E
:04204F00000000008D
:04205000000000008C
:04205100000000008B
:04205200000000008A
:042053000000000089
:042054000000000088
:042055000000000087
:042056000000000086
:042057000000000085
:042058000000000084
:042059000000000083
:04205A000000000082
:04205B000000000081
:04205C000000000080
:04205D00000000007F
:04205E00000000007E
:04205F00000000007D
:04206000000000007C
:04206100000000007B
:04206200000000007A
:042063000000000079
:042064000000000078
:042065000000000077
:042066000000000076
:042067000000000075
:042068000000000074
:042069000000000073
:04206A000000000072
:04206B000000000071
:04206C000000000070
:04206D00000000006F
:04206E00000000006E
:04206F00000000006D
:04207000000000006C
:04207100000000006B
:04207200000000006A
:042073000000000069
:042074000000000068
:042075000000000067
:042076000000000066
:042077000000000065
:042078000000000064
:042079000000000063
:04207A000000000062
:04207B000000000061
:04207C000000000060
:04207D00000000005F
:04207E00000000005E
:04207F00000000005D
:04208000000000005C
:04208100000000005B
:04208200000000005A
:042083000000000059
:042084000000000058
:042085000000000057
:042086000000000056
:042087000000000055
:042088000000000054
:042089000000000053
:04208A000000000052
:04208B000000000051
:04208C000000000050
:04208D00000000004F
:04208E00000000004E
:04208F00000000004D
:04209000000000004C
:04209100000000004B
:04209200000000004A
:042093000000000049
:042094000000000048
:042095000000000047
:042096000000000046
:042097000000000045
:042098000000000044
:042099000000000043
:04209A000000000042
:04209B000000000041
:04209C000000000040
:04209D00000000003F
:04209E00000000003E
:04209F00000000003D
:0420A000000000003C
:0420A100000000003B
:0420A200000000003A
:0420A3000000000039
:0420A4000000000038
:0420A5000000000037
:0420A6000000000036
:0420A7000000000035
:0420A8000000000034
:0420A9000000000033
:0420AA000000000032
:0420AB000000000031
:0420AC000000000030
:0420AD00000000002F
:0420AE00000000002E
:0420AF00000000002D
:0420B000000000002C
:0420B100000000002B
:0420B200000000002A
:0420B3000000000029
:0420B4000000000028
:0420B5000000000027
:0420B6000000000026
:0420B7000000000025
:0420B8000000000024
:0420B9000000000023
:0420BA000000000022
:0420BB000000000021
:0420BC000000000020
:0420BD00000000001F
:0420BE00000000001E
:0420BF00000000001D
:0420C000000000001C
:0420C100000000001B
:0420C200000000001A
:0420C3000000000019
:0420C4000000000018
:0420C5000000000017
:0420C6000000000016
:0420C7000000000015
:0420C8000000000014
:0420C9000000000013
:0420CA000000000012
:0420CB000000000011
:0420CC000000000010
:0420CD00000000000F
:0420CE00000000000E
:0420CF00000000000D
:0420D000000000000C
:0420D100000000000B
:0420D200000000000A
:0420D3000000000009
:0420D4000000000008
:0420D5000000000007
:0420D6000000000006
:0420D7000000000005
:0420D8000000000004
:0420D9000000000003
:0420DA000000000002
:0420DB000000000001
:0420DC000000000000
:0420DD0000000000FF
:0420DE0000000000FE
:0420DF0000000000FD
:0420E00000000000FC
:0420E10000000000FB
:0420E20000000000FA
:0420E30000000000F9
:0420E40000000000F8
:0420E50000000000F7
:0420E60000000000F6
:0420E70000000000F5
:0420E80000000000F4
:0420E90000000000F3
:0420EA0000000000F2
:0420EB0000000000F1
:0420EC0000000000F0
:0420ED0000000000EF
:0420EE0000000000EE
:0420EF0000000000ED
:0420F00000000000EC
:0420F10000000000EB
:0420F20000000000EA
:0420F30000000000E9
:0420F40000000000E8
:0420F50000000000E7
:0420F60000000000E6
:0420F70000000000E5
:0420F80000000000E4
:0420F90000000000E3
:0420FA0000000000E2
:0420FB0000000000E1
:0420FC0000000000E0
:0420FD0000000000DF
:0420FE0000000000DE
:0420FF0000000000DD
:0421000000000000DB
:0421010000000000DA
:0421020000000000D9
:0421030000000000D8
:0421040000000000D7
:0421050000000000D6
:0421060000000000D5
:0421070000000000D4
:0421080000000000D3
:0421090000000000D2
:04210A0000000000D1
:04210B0000000000D0
:04210C0000000000CF
:04210D0000000000CE
:04210E0000000000CD
:04210F0000000000CC
:0421100000000000CB
:0421110000000000CA
:0421120000000000C9
:0421130000000000C8
:0421140000000000C7
:0421150000000000C6
:0421160000000000C5
:0421170000000000C4
:0421180000000000C3
:0421190000000000C2
:04211A0000000000C1
:04211B0000000000C0
:04211C0000000000BF
:04211D0000000000BE
:04211E0000000000BD
:04211F0000000000BC
:0421200000000000BB
:0421210000000000BA
:0421220000000000B9
:0421230000000000B8
:0421240000000000B7
:0421250000000000B6
:0421260000000000B5
:0421270000000000B4
:0421280000000000B3
:0421290000000000B2
:04212A0000000000B1
:04212B0000000000B0
:04212C0000000000AF
:04212D0000000000AE
:04212E0000000000AD
:04212F0000000000AC
:0421300000000000AB
:0421310000000000AA
:0421320000000000A9
:0421330000000000A8
:0421340000000000A7
:0421350000000000A6
:0421360000000000A5
:0421370000000000A4
:0421380000000000A3
:0421390000000000A2
:04213A0000000000A1
:04213B0000000000A0
:04213C00000000009F
:04213D00000000009E
:04213E00000000009D
:04213F00000000009C
:04214000000000009B
:04214100000000009A
:042142000000000099
:042143000000000098
:042144000000000097
:042145000000000096
:042146000000000095
:042147000000000094
:042148000000000093
:042149000000000092
:04214A000000000091
:04214B000000000090
:04214C00000000008F
:04214D00000000008E
:04214E00000000008D
:04214F00000000008C
:04215000000000008B
:04215100000000008A
:042152000000000089
:042153000000000088
:042154000000000087
:042155000000000086
:042156000000000085
:042157000000000084
:042158000000000083
:042159000000000082
:04215A000000000081
:04215B000000000080
:04215C00000000007F
:04215D00000000007E
:04215E00000000007D
:04215F00000000007C
:04216000000000007B
:04216100000000007A
:042162000000000079
:042163000000000078
:042164000000000077
:042165000000000076
:042166000000000075
:042167000000000074
:042168000000000073
:042169000000000072
:04216A000000000071
:04216B000000000070
:04216C00000000006F
:04216D00000000006E
:04216E00000000006D
:04216F00000000006C
:04217000000000006B
:04217100000000006A
:042172000000000069
:042173000000000068
:042174000000000067
:042175000000000066
:042176000000000065
:042177000000000064
:042178000000000063
:042179000000000062
:04217A000000000061
:04217B000000000060
:04217C00000000005F
:04217D00000000005E
:04217E00000000005D
:04217F00000000005C
:04218000000000005B
:04218100000000005A
:042182000000000059
:042183000000000058
:042184000000000057
:042185000000000056
:042186000000000055
:042187000000000054
:042188000000000053
:042189000000000052
:04218A000000000051
:04218B000000000050
:04218C00000000004F
:04218D00000000004E
:04218E00000000004D
:04218F00000000004C
:04219000000000004B
:04219100000000004A
:042192000000000049
:042193000000000048
:042194000000000047
:042195000000000046
:042196000000000045
:042197000000000044
:042198000000000043
:042199000000000042
:04219A000000000041
:04219B000000000040
:04219C00000000003F
:04219D00000000003E
:04219E00000000003D
:04219F00000000003C
:0421A000000000003B
:0421A100000000003A
:0421A2000000000039
:0421A3000000000038
:0421A4000000000037
:0421A5000000000036
:0421A6000000000035
:0421A7000000000034
:0421A8000000000033
:0421A9000000000032
:0421AA000000000031
:0421AB000000000030
:0421AC00000000002F
:0421AD00000000002E
:0421AE00000000002D
:0421AF00000000002C
:0421B000000000002B
:0421B100000000002A
:0421B2000000000029
:0421B3000000000028
:0421B4000000000027
:0421B5000000000026
:0421B6000000000025
:0421B7000000000024
:0421B8000000000023
:0421B9000000000022
:0421BA000000000021
:0421BB000000000020
:0421BC00000000001F
:0421BD00000000001E
:0421BE00000000001D
:0421BF00000000001C
:0421C000000000001B
:0421C100000000001A
:0421C2000000000019
:0421C3000000000018
:0421C4000000000017
:0421C5000000000016
:0421C6000000000015
:0421C7000000000014
:0421C8000000000013
:0421C9000000000012
:0421CA000000000011
:0421CB000000000010
:0421CC00000000000F
:0421CD00000000000E
:0421CE00000000000D
:0421CF00000000000C
:0421D000000000000B
:0421D100000000000A
:0421D2000000000009
:0421D3000000000008
:0421D4000000000007
:0421D5000000000006
:0421D6000000000005
:0421D7000000000004
:0421D8000000000003
:0421D9000000000002
:0421DA000000000001
:0421DB000000000000
:0421DC0000000000FF
:0421DD0000000000FE
:0421DE00000076E89F
:0421DF00000076E89E
:0421E00000005F603C
:0421E10000000000FA
:0421E20000000000F9
:0421E30000000000F8
:0421E4000000158062
:0421E50000000000F6
:0421E60000000000F5
:0421E70000000000F4
:0421E8000000700083
:0421E90000000000F2
:0421EA0000000000F1
:0421EB000000700080
:0421EC0000000000EF
:0421ED0000000000EE
:0421EE00000070007D
:0421EF0000000000EC
:0421F00000000000EB
:0421F10000000000EA
:0421F20000000000E9
:0421F30000000000E8
:0421F40000000000E7
:0421F50000000000E6
:0421F60000000000E5
:0421F70000000000E4
:0421F80000000000E3
:0421F90000000000E2
:0421FA0000000000E1
:0421FB0000000000E0
:0421FC0000000000DF
:0421FD0000000000DE
:0421FE0000000000DD
:0421FF0000000000DC
:0422000000000000DA
:0422010000000000D9
:0422020000000000D8
:0422030000000000D7
:0422040000000000D6
:0422050000000000D5
:0422060000000000D4
:0422070000000000D3
:0422080000000000D2
:0422090000000000D1
:04220A0000000000D0
:04220B0000000000CF
:04220C0000000000CE
:04220D0000000000CD
:04220E0000000000CC
:04220F0000000000CB
:0422100000000000CA
:0422110000000000C9
:0422120000000000C8
:0422130000000000C7
:0422140000000000C6
:0422150000000000C5
:0422160000000000C4
:0422170000000000C3
:0422180000000000C2
:0422190000000000C1
:04221A0000000000C0
:04221B0000000000BF
:04221C0000000000BE
:04221D0000000000BD
:04221E0000000000BC
:04221F0000000000BB
:0422200000000000BA
:0422210000000000B9
:0422220000000000B8
:0422230000000000B7
:0422240000000000B6
:0422250000000000B5
:0422260000000000B4
:0422270000000000B3
:0422280000000000B2
:0422290000000000B1
:04222A0000000000B0
:04222B0000000000AF
:04222C0000000000AE
:04222D0000000000AD
:04222E0000000000AC
:04222F0000000000AB
:0422300000000000AA
:0422310000000000A9
:0422320000000000A8
:0422330000000000A7
:0422340000000000A6
:0422350000000000A5
:0422360000000000A4
:0422370000000000A3
:0422380000000000A2
:0422390000000000A1
:04223A0000000000A0
:04223B00000000009F
:04223C00000000009E
:04223D00000000009D
:04223E00000000009C
:04223F00000000009B
:04224000000000009A
:042241000000000099
:042242000000000098
:042243000000000097
:042244000000000096
:042245000000000095
:042246000000000094
:042247000000000093
:042248000000000092
:04224900000000038E
:04224A0000008F7C85
:04224B00000000008F
:04224C00000000008E
:04224D0000008F7C82
:04224E0000008FE419
:04224F000000904CAF
:04225000000000008A
:042251000000000089
:042252000000000088
:042253000000000087
:042254000000000086
:042255000000000085
:042256000000000084
:042257000000000083
:042258000000000082
:042259000000000081
:04225A000000000080
:04225B00000000007F
:04225C00000000007E
:04225D00000000007D
:04225E00000000007C
:04225F00000000007B
:04226000000000007A
:042261000000000079
:042262000000000078
:042263000000000077
:042264000000000076
:042265000000000075
:042266000000000074
:042267000000000073
:042268000000000072
:042269000000000071
:04226A000000000070
:04226B00000000006F
:04226C00000000006E
:04226D00000000006D
:04226E00000000006C
:04226F00000000006B
:04227000000000006A
:042271000000000069
:042272000000000167
:042273000000000067
:04227400ABCD330EAD
:04227500E66D1234CC
:042276000005DEEC95
:042277000000000B58
:042278000000000062
:042279000000000061
:04227A000000000060
:04227B00000000005F
:04227C00000000005E
:04227D00000000005D
:04227E00000000005C
:04227F00000000005B
:04228000000000005A
:042281000000000059
:042282000000000058
:042283000000000057
:042284000000000056
:042285000000000055
:042286000000000054
:042287000000000053
:042288000000000052
:042289000000000051
:04228A000000000050
:04228B00000000004F
:04228C00000000004E
:04228D00000000004D
:04228E00000000004C
:04228F00000000004B
:04229000000000004A
:042291000000000049
:042292000000000048
:042293000000000047
:042294000000000046
:042295000000000045
:04229600000072D8FA
:04229700000072D8F9
:04229800000072E0F0
:04229900000072E0EF
:04229A00000072E8E6
:04229B00000072E8E5
:04229C00000072F0DC
:04229D00000072F0DB
:04229E00000072F8D2
:04229F00000072F8D1
:0422A00000007300C7
:0422A10000007300C6
:0422A20000007308BD
:0422A30000007308BC
:0422A40000007310B3
:0422A50000007310B2
:0422A60000007318A9
:0422A70000007318A8
:0422A800000073209F
:0422A900000073209E
:0422AA000000732895
:0422AB000000732894
:0422AC00000073308B
:0422AD00000073308A
:0422AE000000733881
:0422AF000000733880
:0422B0000000734077
:0422B1000000734076
:0422B200000073486D
:0422B300000073486C
:0422B4000000735063
:0422B5000000735062
:0422B6000000735859
:0422B7000000735858
:0422B800000073604F
:0422B900000073604E
:0422BA000000736845
:0422BB000000736844
:0422BC00000073703B
:0422BD00000073703A
:0422BE000000737831
:0422BF000000737830
:0422C0000000738027
:0422C1000000738026
:0422C200000073881D
:0422C300000073881C
:0422C4000000739013
:0422C5000000739012
:0422C6000000739809
:0422C7000000739808
:0422C800000073A0FF
:0422C900000073A0FE
:0422CA00000073A8F5
:0422CB00000073A8F4
:0422CC00000073B0EB
:0422CD00000073B0EA
:0422CE00000073B8E1
:0422CF00000073B8E0
:0422D000000073C0D7
:0422D100000073C0D6
:0422D200000073C8CD
:0422D300000073C8CC
:0422D400000073D0C3
:0422D500000073D0C2
:0422D600000073D8B9
:0422D700000073D8B8
:0422D800000073E0AF
:0422D900000073E0AE
:0422DA00000073E8A5
:0422DB00000073E8A4
:0422DC00000073F09B
:0422DD00000073F09A
:0422DE00000073F891
:0422DF00000073F890
:0422E0000000740086
:0422E1000000740085
:0422E200000074087C
:0422E300000074087B
:0422E4000000741072
:0422E5000000741071
:0422E6000000741868
:0422E7000000741867
:0422E800000074205E
:0422E900000074205D
:0422EA000000742854
:0422EB000000742853
:0422EC00000074304A
:0422ED000000743049
:0422EE000000743840
:0422EF00000074383F
:0422F0000000744036
:0422F1000000744035
:0422F200000074482C
:0422F300000074482B
:0422F4000000745022
:0422F5000000745021
:0422F6000000745818
:0422F7000000745817
:0422F800000074600E
:0422F900000074600D
:0422FA000000746804
:0422FB000000746803
:0422FC0000007470FA
:0422FD0000007470F9
:0422FE0000007478F0
:0422FF0000007478EF
:0423000000007480E5
:0423010000007480E4
:0423020000007488DB
:0423030000007488DA
:0423040000007490D1
:0423050000007490D0
:0423060000007498C7
:0423070000007498C6
:04230800000074A0BD
:04230900000074A0BC
:04230A00000074A8B3
:04230B00000074A8B2
:04230C00000074B0A9
:04230D00000074B0A8
:04230E00000074B89F
:04230F00000074B89E
:04231000000074C095
:04231100000074C094
:04231200000074C88B
:04231300000074C88A
:04231400000074D081
:04231500000074D080
:04231600000074D877
:04231700000074D876
:04231800000074E06D
:04231900000074E06C
:04231A00000074E863
:04231B00000074E862
:04231C00000074F059
:04231D00000074F058
:04231E00000074F84F
:04231F00000074F84E
:042320000000750044
:042321000000750043
:04232200000075083A
:042323000000750839
:042324000000751030
:04232500000075102F
:042326000000751826
:042327000000751825
:04232800000075201C
:04232900000075201B
:04232A000000752812
:04232B000000752811
:04232C000000753008
:04232D000000753007
:04232E0000007538FE
:04232F0000007538FD
:0423300000007540F4
:0423310000007540F3
:0423320000007548EA
:0423330000007548E9
:0423340000007550E0
:0423350000007550DF
:0423360000007558D6
:0423370000007558D5
:0423380000007560CC
:0423390000007560CB
:04233A0000007568C2
:04233B0000007568C1
:04233C0000007570B8
:04233D0000007570B7
:04233E0000007578AE
:04233F0000007578AD
:0423400000007580A4
:0423410000007580A3
:04234200000075889A
:042343000000758899
:042344000000759090
:04234500000075908F
:042346000000759886
:042347000000759885
:04234800000075A07C
:04234900000075A07B
:04234A00000075A872
:04234B00000075A871
:04234C00000075B068
:04234D00000075B067
:04234E00000075B85E
:04234F00000075B85D
:04235000000075C054
:04235100000075C053
:04235200000075C84A
:04235300000075C849
:04235400000075D040
:04235500000075D03F
:04235600000075D836
:04235700000075D835
:04235800000075E02C
:04235900000075E02B
:04235A00000075E822
:04235B00000075E821
:04235C00000075F018
:04235D00000075F017
:04235E00000075F80E
:04235F00000075F80D
:042360000000760003
:042361000000760002
:0423620000007608F9
:0423630000007608F8
:0423640000007610EF
:0423650000007610EE
:0423660000007618E5
:0423670000007618E4
:0423680000007620DB
:0423690000007620DA
:04236A0000007628D1
:04236B0000007628D0
:04236C0000007630C7
:04236D0000007630C6
:04236E0000007638BD
:04236F0000007638BC
:0423700000007640B3
:0423710000007640B2
:0423720000007648A9
:0423730000007648A8
:04237400000076509F
:04237500000076509E
:042376000000765895
:042377000000765894
:04237800000076608B
:04237900000076608A
:04237A000000766881
:04237B000000766880
:04237C000000767077
:04237D000000767076
:04237E00000076786D
:04237F00000076786C
:042380000000768063
:042381000000768062
:042382000000768859
:042383000000768858
:04238400000076904F
:04238500000076904E
:042386000000769845
:042387000000769844
:04238800000076A03B
:04238900000076A03A
:04238A00000076A831
:04238B00000076A830
:04238C00000076B027
:04238D00000076B026
:04238E00000076B81D
:04238F00000076B81C
:04239000000076C013
:04239100000076C012
:04239200000076C809
:04239300000076C808
:04239400000076D0FF
:04239500000076D0FE
:04239600000076E0ED
:04239700000076E0EC
:0423980000007000D1
:0423990000007000D0
:04239A00FFFFFFFF43
:04239B00000000003E
:04239C00000076F8CF
:04239D00000076F8CE
:04239E00000071B812
:04239F0000008EE0CC
:0423A000FFFFFFFF3D
:0423A1000002000036
:0423A2000000926C39
:0423A3000000000036
:0423A4000000000035
:0423A5000000000034
:0423A6000000000033
:0423A7000000000032
:0423A8000000000031
:0423A9000000000030
:0423AA00000000002F
:0423AB00000000002E
:0423AC00000000002D
:0423AD00000000002C
:0423AE00000000002B
:0423AF00000000002A
:0423B0000000000029
:0423B1000000000028
:0423B2000000000027
:0423B3000000000026
:0423B4000000000025
:0423B5000000000024
:0423B6000000000023
:0423B7000000000022
:0423B8000000000021
:0423B9000000000020
:0423BA00000000001F
:0423BB00000000001E
:0423BC00000000001D
:0423BD00000000001C
:0423BE00000000001B
:0423BF00000000001A
:0423C0000000000019
:0423C1000000000018
:0423C2000000000017
:0423C3000000000016
:0423C4000000000015
:0423C5000000000014
:0423C6000000000013
:0423C7000000000012
:0423C8000000000011
:0423C9000000000010
:0423CA00000000000F
:0423CB00000000000E
:0423CC00000000000D
:0423CD00000000000C
:0423CE00000000000B
:0423CF00000000000A
:0423D0000000000009
:0423D1000000000008
:0423D2000000000007
:0423D3000000000006
:0423D4000000000005
:0423D5000000000004
:0423D6000000000003
:0423D7000000000002
:0423D8000000000001
:0423D9000000000000
:0423DA0000000000FF
:0423DB0000000000FE
:0423DC0000000000FD
:0423DD0000000000FC
:0423DE0000000000FB
:0423DF0000000000FA
:0423E00000000000F9
:0423E10000000000F8
:0423E20000000000F7
:0423E30000000000F6
:0423E40000000000F5
:0423E50000000000F4
:0423E60000000000F3
:0423E70000000000F2
:0423E80000000000F1
:0423E90000000000F0
:0423EA0000000000EF
:0423EB0000000000EE
:0423EC0000000000ED
:0423ED0000000000EC
:0423EE0000000000EB
:0423EF0000000000EA
:0423F00000000000E9
:0423F10000000000E8
:0423F20000000000E7
:0423F30000000000E6
:0423F40000000000E5
:0423F50000000000E4
:0423F60000000000E3
:0423F70000000000E2
:0423F80000000000E1
:0423F90000000000E0
:0423FA0000000000DF
:0423FB0000000000DE
:0423FC0000000000DD
:0423FD0000000000DC
:0423FE0000000000DB
:0423FF0000000000DA
:0424000000000000D8
:0424010000000000D7
:0424020000000000D6
:0424030000000000D5
:0424040000000000D4
:0424050000000000D3
:0424060000000000D2
:0424070000000000D1
:0424080000000000D0
:0424090000000000CF
:04240A0000000000CE
:04240B0000000000CD
:04240C0000000000CC
:04240D0000000000CB
:04240E0000000000CA
:04240F0000000000C9
:0424100000000000C8
:0424110000000000C7
:0424120000000000C6
:0424130000000000C5
:0424140000000000C4
:0424150000000000C3
:0424160000000000C2
:0424170000000000C1
:0424180000000000C0
:0424190000000000BF
:04241A0000000000BE
:04241B0000000000BD
:04241C0000000000BC
:04241D0000000000BB
:04241E0000000000BA
:04241F0000000000B9
:0424200000000000B8
:0424210000000000B7
:0424220000000000B6
:0424230000000000B5
:0424240000000000B4
:0424250000000000B3
:0424260000000000B2
:0424270000000000B1
:0424280000000000B0
:0424290000000000AF
:04242A0000000000AE
:04242B0000000000AD
:04242C0000000000AC
:04242D0000000000AB
:04242E0000000000AA
:04242F0000000000A9
:0424300000000000A8
:0424310000000000A7
:0424320000000000A6
:0424330000000000A5
:0424340000000000A4
:0424350000000000A3
:0424360000000000A2
:0424370000000000A1
:0424380000000000A0
:04243900000000009F
:04243A00000000009E
:04243B00000000009D
:04243C00000000009C
:04243D00000000009B
:04243E00000000009A
:04243F000000000099
:042440000000000098
:042441000000000097
:042442000000000096
:042443000000000095
:042444000000000094
:042445000000000093
:042446000000000092
:042447000000000091
:042448000000000090
:04244900000000008F
:04244A00000000008E
:04244B00000000008D
:04244C00000000008C
:04244D00000000008B
:04244E00000000008A
:04244F000000000089
:042450000000000088
:042451000000000087
:042452000000000086
:042453000000000085
:042454000000000084
:042455000000000083
:042456000000000082
:042457000000000081
:042458000000000080
:04245900000000007F
:04245A00000000007E
:04245B00000000007D
:04245C00000000007C
:04245D00000000007B
:04245E00000000007A
:04245F000000000079
:042460000000000078
:042461000000000077
:042462000000000076
:042463000000000075
:042464000000000074
:042465000000000073
:042466000000000072
:042467000000000071
:042468000000000070
:04246900000000006F
:04246A00000000006E
:04246B00000000006D
:04246C00000000006C
:04246D00000000006B
:04246E00000000006A
:04246F000000000069
:042470000000000068
:042471000000000067
:042472000000000066
:042473000000000065
:042474000000000064
:042475000000000063
:042476000000000062
:042477000000000061
:042478000000000060
:04247900000000005F
:04247A00000000005E
:04247B00000000005D
:04247C00000000005C
:04247D00000000005B
:04247E00000000005A
:04247F000000000059
:042480000000000058
:042481000000000057
:042482000000000056
:042483000000000055
:042484000000000054
:042485000000000053
:042486000000000052
:042487000000000051
:042488000000000050
:04248900000000004F
:04248A00000000004E
:04248B00000000004D
:04248C00000000004C
:04248D00000000004B
:04248E00000000004A
:04248F000000000049
:042490000000000048
:042491000000000047
:042492000000000046
:042493000000000045
:042494000000000044
:042495000000000043
:042496000000000042
:042497000000000041
:042498000000000040
:04249900000000003F
:04249A00000000003E
:04249B00000000003D
:04249C00000000003C
:04249D00000000003B
:04249E00000000003A
:04249F000000000039
:0424A0000000000038
:0424A1000000000037
:0424A2000000000036
:0424A3000000000035
:0424A4000000000034
:0424A5000000000033
:0424A6000000000032
:0424A7000000000031
:0424A8000000000030
:0424A900000000002F
:0424AA00000000002E
:0424AB00000000002D
:0424AC00000000002C
:0424AD00000000002B
:0424AE00000000002A
:0424AF000000000029
:0424B0000000000028
:0424B1000000000027
:0424B2000000000026
:0424B3000000000025
:0424B4000000000024
:0424B5000000000023
:0424B6000000000022
:0424B7000000000021
:0424B8000000000020
:0424B900000000001F
:0424BA00000000001E
:0424BB00000000001D
:0424BC00000000001C
:0424BD00000000001B
:0424BE00000000001A
:0424BF000000000019
:0424C0000000000018
:0424C1000000000017
:0424C2000000000016
:0424C3000000000015
:0424C4000000000014
:0424C5000000000013
:0424C6000000000012
:0424C7000000000011
:0424C8000000000010
:0424C900000000000F
:0424CA00000000000E
:0424CB00000000000D
:0424CC00000000000C
:0424CD00000000000B
:0424CE00000000000A
:0424CF000000000009
:0424D0000000000008
:0424D1000000000007
:0424D2000000000006
:0424D3000000000005
:0424D4000000000004
:0424D5000000000003
:0424D6000000000002
:0424D7000000000001
:0424D8000000000000
:0424D90000000000FF
:0424DA0000000000FE
:0424DB0000000000FD
:0424DC0000000000FC
:0424DD0000000000FB
:0424DE0000000000FA
:0424DF0000000000F9
:0424E00000000000F8
:0424E10000000000F7
:0424E20000000000F6
:0424E30000000000F5
:0424E40000000000F4
:0424E50000000000F3
:0424E60000000000F2
:0424E70000000000F1
:0424E80000000000F0
:0424E90000000000EF
:0424EA0000000000EE
:0424EB0000000000ED
:0424EC0000000000EC
:0424ED0000000000EB
:0424EE0000000000EA
:0424EF0000000000E9
:0424F00000000000E8
:0424F10000000000E7
:0424F20000000000E6
:0424F30000000000E5
:0424F40000000000E4
:0424F50000000000E3
:0424F60000000000E2
:0424F70000000000E1
:0424F80000000000E0
:0424F90000000000DF
:0424FA0000000000DE
:0424FB0000000000DD
:0424FC0000000000DC
:0424FD0000000000DB
:0424FE0000000000DA
:0424FF0000000000D9
:0425000000000000D7
:0425010000000000D6
:0425020000000000D5
:0425030000000000D4
:0425040000000000D3
:0425050000000000D2
:0425060000000000D1
:0425070000000000D0
:0425080000000000CF
:0425090000000000CE
:04250A0000000000CD
:04250B0000000000CC
:04250C0000000000CB
:04250D0000000000CA
:04250E0000000000C9
:04250F0000000000C8
:0425100000000000C7
:0425110000000000C6
:0425120000000000C5
:0425130000000000C4
:0425140000000000C3
:0425150000000000C2
:0425160000000000C1
:0425170000000000C0
:0425180000000000BF
:0425190000000000BE
:04251A0000000000BD
:04251B0000000000BC
:04251C0000000000BB
:04251D0000000000BA
:04251E0000000000B9
:04251F0000000000B8
:0425200000000000B7
:0425210000000000B6
:0425220000000000B5
:0425230000000000B4
:0425240000000000B3
:0425250000000000B2
:0425260000000000B1
:0425270000000000B0
:0425280000000000AF
:0425290000000000AE
:04252A0000000000AD
:04252B0000000000AC
:04252C0000000000AB
:04252D0000000000AA
:04252E0000000000A9
:04252F0000000000A8
:0425300000000000A7
:0425310000000000A6
:0425320000000000A5
:0425330000000000A4
:0425340000000000A3
:0425350000000000A2
:0425360000000000A1
:0425370000000000A0
:04253800000000009F
:04253900000000009E
:04253A00000000009D
:04253B00000000009C
:04253C00000000009B
:04253D00000000009A
:04253E000000000099
:04253F000000000098
:042540000000000097
:042541000000000096
:042542000000000095
:042543000000000094
:042544000000000093
:042545000000000092
:042546000000000091
:042547000000000090
:04254800000000008F
:04254900000000008E
:04254A00000000008D
:04254B00000000008C
:04254C00000000008B
:04254D00000000008A
:04254E000000000089
:04254F000000000088
:042550000000000087
:042551000000000086
:042552000000000085
:042553000000000084
:042554000000000083
:042555000000000082
:042556000000000081
:042557000000000080
:04255800000000007F
:04255900000000007E
:04255A00000000007D
:04255B00000000007C
:04255C00000000007B
:04255D00000000007A
:04255E000000000079
:04255F000000000078
:042560000000000077
:042561000000000076
:042562000000000075
:042563000000000074
:042564000000000073
:042565000000000072
:042566000000000071
:042567000000000070
:04256800000000006F
:04256900000000006E
:04256A00000000006D
:04256B00000000006C
:04256C00000000006B
:04256D00000000006A
:04256E000000000069
:04256F000000000068
:042570000000000067
:042571000000000066
:042572000000000065
:042573000000000064
:042574000000000063
:042575000000000062
:042576000000000061
:042577000000000060
:04257800000000005F
:04257900000000005E
:04257A00000000005D
:04257B00000000005C
:04257C00000000005B
:04257D00000000005A
:04257E000000000059
:04257F000000000058
:042580000000000057
:042581000000000056
:042582000000000055
:042583000000000054
:042584000000000053
:042585000000000052
:042586000000000051
:042587000000000050
:04258800000000004F
:04258900000000004E
:04258A00000000004D
:04258B00000000004C
:04258C00000000004B
:04258D00000000004A
:04258E000000000049
:04258F000000000048
:042590000000000047
:042591000000000046
:042592000000000045
:042593000000000044
:042594000000000043
:042595000000000042
:042596000000000041
:042597000000000040
:04259800000000003F
:04259900000000003E
:04259A00000000003D
:04259B00000000003C
:04259C00000000003B
:04259D00000000003A
:04259E000000000039
:04259F000000000038
:0425A0000000000037
:0425A1000000000036
:0425A2000000000035
:0425A3000000000034
:0425A4000000000033
:0425A5000000000032
:0425A6000000000031
:0425A7000000000030
:0425A800000000002F
:0425A900000000002E
:0425AA00000000002D
:0425AB00000000002C
:0425AC00000000002B
:0425AD00000000002A
:0425AE000000000029
:0425AF000000000028
:0425B0000000000027
:0425B1000000000026
:0425B2000000000025
:0425B3000000000024
:0425B4000000000023
:0425B5000000000022
:0425B6000000000021
:0425B7000000000020
:0425B800000000001F
:0425B900000000001E
:0425BA00000000001D
:0425BB00000000001C
:0425BC00000000001B
:0425BD00000000001A
:0425BE000000000019
:0425BF000000000018
:0425C0000000000017
:0425C1000000000016
:0425C2000000000015
:0425C3000000000014
:0425C4000000000013
:0425C5000000000012
:0425C6000000000011
:0425C7000000000010
:0425C800000000000F
:0425C900000000000E
:0425CA00000000000D
:0425CB00000000000C
:0425CC00000000000B
:0425CD00000000000A
:0425CE000000000009
:0425CF000000000008
:0425D0000000000007
:0425D1000000000006
:0425D2000000000005
:0425D3000000000004
:0425D4000000000003
:0425D5000000000002
:0425D6000000000001
:0425D7000000000000
:0425D80000000000FF
:0425D90000000000FE
:0425DA0000000000FD
:0425DB0000000000FC
:0425DC0000000000FB
:0425DD0000000000FA
:0425DE0000000000F9
:0425DF0000000000F8
:0425E00000000000F7
:0425E10000000000F6
:0425E20000000000F5
:0425E30000000000F4
:0425E40000000000F3
:0425E50000000000F2
:0425E60000000000F1
:0425E70000000000F0
:0425E80000000000EF
:0425E90000000000EE
:0425EA0000000000ED
:0425EB0000000000EC
:0425EC0000000000EB
:0425ED0000000000EA
:0425EE0000000000E9
:0425EF0000000000E8
:0425F00000000000E7
:0425F10000000000E6
:0425F20000000000E5
:0425F30000000000E4
:0425F40000000000E3
:0425F50000000000E2
:0425F60000000000E1
:0425F70000000000E0
:0425F80000000000DF
:0425F90000000000DE
:0425FA0000000000DD
:0425FB0000000000DC
:0425FC0000000000DB
:0425FD0000000000DA
:0425FE0000000000D9
:0425FF0000000000D8
:0426000000000000D6
:0426010000000000D5
:0426020000000000D4
:0426030000000000D3
:0426040000000000D2
:0426050000000000D1
:0426060000000000D0
:0426070000000000CF
:0426080000000000CE
:0426090000000000CD
:04260A0000000000CC
:04260B0000000000CB
:04260C0000000000CA
:04260D0000000000C9
:04260E0000000000C8
:04260F0000000000C7
:0426100000000000C6
:0426110000000000C5
:0426120000000000C4
:0426130000000000C3
:0426140000000000C2
:0426150000000000C1
:0426160000000000C0
:0426170000000000BF
:0426180000000000BE
:0426190000000000BD
:04261A0000000000BC
:04261B0000000000BB
:04261C0000000000BA
:04261D0000000000B9
:04261E0000000000B8
:04261F0000000000B7
:0426200000000000B6
:0426210000000000B5
:0426220000000000B4
:0426230000000000B3
:0426240000000000B2
:0426250000000000B1
:0426260000000000B0
:0426270000000000AF
:0426280000000000AE
:0426290000000000AD
:04262A0000000000AC
:04262B0000000000AB
:04262C0000000000AA
:04262D0000000000A9
:04262E0000000000A8
:04262F0000000000A7
:0426300000000000A6
:0426310000000000A5
:0426320000000000A4
:0426330000000000A3
:0426340000000000A2
:0426350000000000A1
:0426360000000000A0
:04263700000000009F
:04263800000000009E
:04263900000000009D
:04263A00000000009C
:04263B00000000009B
:04263C00000000009A
:04263D000000000099
:04263E000000000098
:04263F000000000097
:042640000000000096
:042641000000000095
:042642000000000094
:042643000000000093
:042644000000000092
:042645000000000091
:042646000000000090
:04264700000000008F
:04264800000000008E
:04264900000000008D
:04264A00000000008C
:04264B00000000008B
:04264C00000000008A
:04264D000000000089
:04264E000000000088
:04264F000000000087
:042650000000000086
:042651000000000085
:042652000000000084
:042653000000000083
:042654000000000082
:042655000000000081
:042656000000000080
:04265700000000007F
:04265800000000007E
:04265900000000007D
:04265A00000000007C
:04265B00000000007B
:04265C00000000007A
:04265D000000000079
:04265E000000000078
:04265F000000000077
:042660000000000076
:042661000000000075
:042662000000000074
:042663000000000073
:042664000000000072
:042665000000000071
:042666000000000070
:04266700000000006F
:04266800000000006E
:04266900000000006D
:04266A00000000006C
:04266B00000000006B
:04266C00000000006A
:04266D000000000069
:04266E000000000068
:04266F000000000067
:042670000000000066
:042671000000000065
:042672000000000064
:042673000000000063
:042674000000000062
:042675000000000061
:042676000000000060
:04267700000000005F
:04267800000000005E
:04267900000000005D
:04267A00000000005C
:04267B00000000005B
:04267C00000000005A
:04267D000000000059
:04267E000000000058
:04267F000000000057
:042680000000000056
:042681000000000055
:042682000000000054
:042683000000000053
:042684000000000052
:042685000000000051
:042686000000000050
:04268700000000004F
:04268800000000004E
:04268900000000004D
:04268A00000000004C
:04268B00000000004B
:04268C00000000004A
:04268D000000000049
:04268E000000000048
:04268F000000000047
:042690000000000046
:042691000000000045
:042692000000000044
:042693000000000043
:042694000000000042
:042695000000000041
:042696000000000040
:04269700000000003F
:04269800000000003E
:04269900000000003D
:04269A00000000003C
:04269B00000000003B
:04269C00000000003A
:04269D000000000039
:04269E000000000038
:04269F000000000037
:0426A0000000000036
:0426A1000000000035
:0426A2000000000034
:0426A3000000000033
:0426A4000000000032
:0426A5000000000031
:0426A6000000000030
:0426A700000000002F
:0426A800000000002E
:0426A900000000002D
:0426AA00000000002C
:0426AB00000000002B
:0426AC00000000002A
:0426AD000000000029
:0426AE000000000028
:0426AF000000000027
:0426B0000000000026
:0426B1000000000025
:0426B2000000000024
:0426B3000000000023
:0426B4000000000022
:0426B5000000000021
:0426B6000000000020
:0426B700000000001F
:0426B800000000001E
:0426B900000000001D
:0426BA00000000001C
:0426BB00000000001B
:0426BC00000000001A
:0426BD000000000019
:0426BE000000000018
:0426BF000000000017
:0426C0000000000016
:0426C1000000000015
:0426C2000000000014
:0426C3000000000013
:0426C4000000000012
:0426C5000000000011
:0426C6000000000010
:0426C700000000000F
:0426C800000000000E
:0426C900000000000D
:0426CA00000000000C
:0426CB00000000000B
:0426CC00000000000A
:0426CD000000000009
:0426CE000000000008
:0426CF000000000007
:0426D0000000000006
:0426D1000000000005
:0426D2000000000004
:0426D3000000000003
:0426D4000000000002
:0426D5000000000001
:0426D6000000000000
:0426D70000000000FF
:0426D80000000000FE
:0426D90000000000FD
:0426DA0000000000FC
:0426DB0000000000FB
:0426DC0000000000FA
:0426DD0000000000F9
:0426DE0000000000F8
:0426DF0000000000F7
:0426E00000000000F6
:0426E10000000000F5
:0426E20000000000F4
:0426E30000000000F3
:0426E40000000000F2
:0426E50000000000F1
:0426E60000000000F0
:0426E70000000000EF
:0426E80000000000EE
:0426E90000000000ED
:0426EA0000000000EC
:0426EB0000000000EB
:0426EC0000000000EA
:0426ED0000000000E9
:0426EE0000000000E8
:0426EF0000000000E7
:0426F00000000000E6
:0426F10000000000E5
:0426F20000000000E4
:0426F30000000000E3
:0426F40000000000E2
:0426F50000000000E1
:0426F60000000000E0
:0426F70000000000DF
:0426F80000000000DE
:0426F90000000000DD
:0426FA0000000000DC
:0426FB0000000000DB
:0426FC0000000000DA
:0426FD0000000000D9
:0426FE0000000000D8
:0426FF0000000000D7
:0427000000000000D5
:0427010000000000D4
:0427020000000000D3
:0427030000000000D2
:0427040000000000D1
:0427050000000000D0
:0427060000000000CF
:0427070000000000CE
:0427080000000000CD
:0427090000000000CC
:04270A0000000000CB
:04270B0000000000CA
:04270C0000000000C9
:04270D0000000000C8
:04270E0000000000C7
:04270F0000000000C6
:0427100000000000C5
:0427110000000000C4
:0427120000000000C3
:0427130000000000C2
:0427140000000000C1
:0427150000000000C0
:0427160000000000BF
:0427170000000000BE
:0427180000000000BD
:0427190000000000BC
:04271A0000000000BB
:04271B0000000000BA
:04271C0000000000B9
:04271D0000000000B8
:04271E0000000000B7
:04271F0000000000B6
:0427200000000000B5
:0427210000000000B4
:0427220000000000B3
:0427230000000000B2
:0427240000000000B1
:0427250000000000B0
:0427260000000000AF
:0427270000000000AE
:0427280000000000AD
:0427290000000000AC
:04272A0000000000AB
:04272B0000000000AA
:04272C0000000000A9
:04272D0000000000A8
:04272E0000000000A7
:04272F0000000000A6
:0427300000000000A5
:0427310000000000A4
:0427320000000000A3
:0427330000000000A2
:0427340000000000A1
:0427350000000000A0
:04273600000000009F
:04273700000000009E
:04273800000000009D
:04273900000000009C
:04273A00000000009B
:04273B00000000009A
:04273C000000000099
:04273D000000000098
:04273E000000000097
:04273F000000000096
:042740000000000095
:042741000000000094
:042742000000000093
:042743000000000092
:042744000000000091
:042745000000000090
:04274600000000008F
:04274700000000008E
:04274800000000008D
:04274900000000008C
:04274A00000000008B
:04274B00000000008A
:04274C000000000089
:04274D000000000088
:04274E000000000087
:04274F000000000086
:042750000000000085
:042751000000000084
:042752000000000083
:042753000000000082
:042754000000000081
:042755000000000080
:04275600000000007F
:04275700000000007E
:04275800000000007D
:04275900000000007C
:04275A00000000007B
:04275B00000000007A
:04275C000000000079
:04275D000000000078
:04275E000000000077
:04275F000000000076
:042760000000000075
:042761000000000074
:042762000000000073
:042763000000000072
:042764000000000071
:042765000000000070
:04276600000000006F
:04276700000000006E
:04276800000000006D
:04276900000000006C
:04276A00000000006B
:04276B00000000006A
:04276C000000000069
:04276D000000000068
:04276E000000000067
:04276F000000000066
:042770000000000065
:042771000000000064
:042772000000000063
:042773000000000062
:042774000000000061
:042775000000000060
:04277600000000005F
:04277700000000005E
:04277800000000005D
:04277900000000005C
:04277A00000000005B
:04277B00000000005A
:04277C000000000059
:04277D000000000058
:04277E000000000057
:04277F000000000056
:042780000000000055
:042781000000000054
:042782000000000053
:042783000000000052
:042784000000000051
:042785000000000050
:04278600000000004F
:04278700000000004E
:04278800000000004D
:04278900000000004C
:04278A00000000004B
:04278B00000000004A
:04278C000000000049
:04278D000000000048
:04278E000000000047
:04278F000000000046
:042790000000000045
:042791000000000044
:042792000000000043
:042793000000000042
:042794000000000041
:042795000000000040
:04279600000000003F
:04279700000000003E
:04279800000000003D
:04279900000000003C
:04279A00000000003B
:04279B00000000003A
:04279C000000000039
:04279D000000000038
:04279E000000000037
:04279F000000000036
:0427A0000000000035
:0427A1000000000034
:0427A2000000000033
:0427A3000000000032
:0427A4000000000031
:0427A5000000000030
:0427A600000000002F
:0427A700000000002E
:0427A800000000002D
:0427A900000000002C
:0427AA00000000002B
:0427AB00000000002A
:0427AC000000000029
:0427AD000000000028
:0427AE000000000027
:0427AF000000000026
:0427B0000000000025
:0427B1000000000024
:0427B2000000000023
:0427B3000000000022
:0427B4000000000021
:0427B5000000000020
:0427B600000000001F
:0427B700000000001E
:0427B800000000001D
:0427B900000000001C
:0427BA00000000001B
:0427BB00000000001A
:0427BC000000000019
:0427BD000000000018
:0427BE000000000017
:0427BF000000000016
:0427C0000000000015
:0427C1000000000014
:0427C2000000000013
:0427C3000000000012
:0427C4000000000011
:0427C5000000000010
:0427C600000000000F
:0427C700000000000E
:0427C800000000000D
:0427C900000000000C
:0427CA00000000000B
:0427CB00000000000A
:0427CC000000000009
:0427CD000000000008
:0427CE000000000007
:0427CF000000000006
:0427D0000000000005
:0427D1000000000004
:0427D2000000000003
:0427D3000000000002
:0427D4000000000001
:0427D5000000000000
:0427D60000000000FF
:0427D70000000000FE
:0427D80000000000FD
:0427D90000000000FC
:0427DA0000000000FB
:0427DB0000000000FA
:0427DC0000000000F9
:0427DD0000000000F8
:0427DE0000000000F7
:0427DF0000000000F6
:0427E00000000000F5
:0427E10000000000F4
:0427E20000000000F3
:0427E30000000000F2
:0427E40000000000F1
:0427E50000000000F0
:0427E60000000000EF
:0427E70000000000EE
:0427E80000000000ED
:0427E90000000000EC
:0427EA0000000000EB
:0427EB0000000000EA
:0427EC0000000000E9
:0427ED0000000000E8
:0427EE0000000000E7
:0427EF0000000000E6
:0427F00000000000E5
:0427F10000000000E4
:0427F20000000000E3
:0427F30000000000E2
:0427F40000000000E1
:0427F50000000000E0
:0427F60000000000DF
:0427F70000000000DE
:0427F80000000000DD
:0427F90000000000DC
:0427FA0000000000DB
:0427FB0000000000DA
:0427FC0000000000D9
:0427FD0000000000D8
:0427FE0000000000D7
:0427FF0000000000D6
:0428000000000000D4
:0428010000000000D3
:0428020000000000D2
:0428030000000000D1
:0428040000000000D0
:0428050000000000CF
:0428060000000000CE
:0428070000000000CD
:0428080000000000CC
:0428090000000000CB
:04280A0000000000CA
:04280B0000000000C9
:04280C0000000000C8
:04280D0000000000C7
:04280E0000000000C6
:04280F0000000000C5
:0428100000000000C4
:0428110000000000C3
:0428120000000000C2
:0428130000000000C1
:0428140000000000C0
:0428150000000000BF
:0428160000000000BE
:0428170000000000BD
:0428180000000000BC
:0428190000000000BB
:04281A0000000000BA
:04281B0000000000B9
:04281C0000000000B8
:04281D0000000000B7
:04281E0000000000B6
:04281F0000000000B5
:0428200000000000B4
:0428210000000000B3
:0428220000000000B2
:0428230000000000B1
:0428240000000000B0
:0428250000000000AF
:0428260000000000AE
:0428270000000000AD
:0428280000000000AC
:0428290000000000AB
:04282A0000000000AA
:04282B0000000000A9
:04282C0000000000A8
:04282D0000000000A7
:04282E0000000000A6
:04282F0000000000A5
:0428300000000000A4
:0428310000000000A3
:0428320000000000A2
:0428330000000000A1
:0428340000000000A0
:04283500000000009F
:04283600000000009E
:04283700000000009D
:04283800000000009C
:04283900000000009B
:04283A00000000009A
:04283B000000000099
:04283C000000000098
:04283D000000000097
:04283E000000000096
:04283F000000000095
:042840000000000094
:042841000000000093
:042842000000000092
:042843000000000091
:042844000000000090
:04284500000000008F
:04284600000000008E
:04284700000000008D
:04284800000000008C
:04284900000000008B
:04284A00000000008A
:04284B000000000089
:04284C000000000088
:04284D000000000087
:04284E000000000086
:04284F000000000085
:042850000000000084
:042851000000000083
:042852000000000082
:042853000000000081
:042854000000000080
:04285500000000007F
:04285600000000007E
:04285700000000007D
:04285800000000007C
:04285900000000007B
:04285A00000000007A
:04285B000000000079
:04285C000000000078
:04285D000000000077
:04285E000000000076
:04285F000000000075
:042860000000000074
:042861000000000073
:042862000000000072
:042863000000000071
:042864000000000070
:04286500000000006F
:04286600000000006E
:04286700000000006D
:04286800000000006C
:04286900000000006B
:04286A00000000006A
:04286B000000000069
:04286C000000000068
:04286D000000000067
:04286E000000000066
:04286F000000000065
:042870000000000064
:042871000000000063
:042872000000000062
:042873000000000061
:042874000000000060
:04287500000000005F
:04287600000000005E
:04287700000000005D
:04287800000000005C
:04287900000000005B
:04287A00000000005A
:04287B000000000059
:04287C000000000058
:04287D000000000057
:04287E000000000056
:04287F000000000055
:042880000000000054
:042881000000000053
:042882000000000052
:042883000000000051
:042884000000000050
:04288500000000004F
:04288600000000004E
:04288700000000004D
:04288800000000004C
:04288900000000004B
:04288A00000000004A
:04288B000000000049
:04288C000000000048
:04288D000000000047
:04288E000000000046
:04288F000000000045
:042890000000000044
:042891000000000043
:042892000000000042
:042893000000000041
:042894000000000040
:04289500000000003F
:04289600000000003E
:04289700000000003D
:04289800000000003C
:04289900000000003B
:04289A00000000003A
:04289B000000000039
:04289C000000000038
:04289D000000000037
:04289E000000000036
:04289F000000000035
:0428A0000000000034
:0428A1000000000033
:0428A2000000000032
:0428A3000000000031
:0428A4000000000030
:0428A500000000002F
:0428A600000000002E
:0428A700000000002D
:0428A800000000002C
:0428A900000000002B
:0428AA00000000002A
:0428AB000000000029
:0428AC000000000028
:0428AD000000000027
:0428AE000000000026
:0428AF000000000025
:0428B0000000000024
:0428B1000000000023
:0428B2000000000022
:0428B3000000000021
:0428B4000000000020
:0428B500000000001F
:0428B600000000001E
:0428B700000000001D
:0428B800000000001C
:0428B900000000001B
:0428BA00000000001A
:0428BB000000000019
:0428BC000000000018
:0428BD000000000017
:0428BE000000000016
:0428BF000000000015
:0428C0000000000014
:0428C1000000000013
:0428C2000000000012
:0428C3000000000011
:0428C4000000000010
:0428C500000000000F
:0428C600000000000E
:0428C700000000000D
:0428C800000000000C
:0428C900000000000B
:0428CA00000000000A
:0428CB000000000009
:0428CC000000000008
:0428CD000000000007
:0428CE000000000006
:0428CF000000000005
:0428D0000000000004
:0428D1000000000003
:0428D2000000000002
:0428D3000000000001
:0428D4000000000000
:0428D50000000000FF
:0428D60000000000FE
:0428D70000000000FD
:0428D80000000000FC
:0428D90000000000FB
:0428DA0000000000FA
:0428DB0000000000F9
:0428DC0000000000F8
:0428DD0000000000F7
:0428DE0000000000F6
:0428DF0000000000F5
:0428E00000000000F4
:0428E10000000000F3
:0428E20000000000F2
:0428E30000000000F1
:0428E40000000000F0
:0428E50000000000EF
:0428E60000000000EE
:0428E70000000000ED
:0428E80000000000EC
:0428E90000000000EB
:0428EA0000000000EA
:0428EB0000000000E9
:0428EC0000000000E8
:0428ED0000000000E7
:0428EE0000000000E6
:0428EF0000000000E5
:0428F00000000000E4
:0428F10000000000E3
:0428F20000000000E2
:0428F30000000000E1
:0428F40000000000E0
:0428F50000000000DF
:0428F60000000000DE
:0428F70000000000DD
:0428F80000000000DC
:0428F90000000000DB
:0428FA0000000000DA
:0428FB0000000000D9
:0428FC0000000000D8
:0428FD0000000000D7
:0428FE0000000000D6
:0428FF0000000000D5
:0429000000000000D3
:0429010000000000D2
:0429020000000000D1
:0429030000000000D0
:0429040000000000CF
:0429050000000000CE
:0429060000000000CD
:0429070000000000CC
:0429080000000000CB
:0429090000000000CA
:04290A0000000000C9
:04290B0000000000C8
:04290C0000000000C7
:04290D0000000000C6
:04290E0000000000C5
:04290F0000000000C4
:0429100000000000C3
:0429110000000000C2
:0429120000000000C1
:0429130000000000C0
:0429140000000000BF
:0429150000000000BE
:0429160000000000BD
:0429170000000000BC
:0429180000000000BB
:0429190000000000BA
:04291A0000000000B9
:04291B0000000000B8
:04291C0000000000B7
:04291D0000000000B6
:04291E0000000000B5
:04291F0000000000B4
:0429200000000000B3
:0429210000000000B2
:0429220000000000B1
:0429230000000000B0
:0429240000000000AF
:0429250000000000AE
:0429260000000000AD
:0429270000000000AC
:0429280000000000AB
:0429290000000000AA
:04292A0000000000A9
:04292B0000000000A8
:04292C0000000000A7
:04292D0000000000A6
:04292E0000000000A5
:04292F0000000000A4
:0429300000000000A3
:0429310000000000A2
:0429320000000000A1
:0429330000000000A0
:04293400000000009F
:04293500000000009E
:04293600000000009D
:04293700000000009C
:04293800000000009B
:04293900000000009A
:04293A000000000099
:04293B000000000098
:04293C000000000097
:04293D000000000096
:04293E000000000095
:04293F000000000094
:042940000000000093
:042941000000000092
:042942000000000091
:042943000000000090
:04294400000000008F
:04294500000000008E
:04294600000000008D
:04294700000000008C
:04294800000000008B
:04294900000000008A
:04294A000000000089
:04294B000000000088
:04294C000000000087
:04294D000000000086
:04294E000000000085
:04294F000000000084
:042950000000000083
:042951000000000082
:042952000000000081
:042953000000000080
:04295400000000007F
:04295500000000007E
:04295600000000007D
:04295700000000007C
:04295800000000007B
:04295900000000007A
:04295A000000000079
:04295B000000000078
:04295C000000000077
:04295D000000000076
:04295E000000000075
:04295F000000000074
:042960000000000073
:042961000000000072
:042962000000000071
:042963000000000070
:04296400000000006F
:04296500000000006E
:04296600000000006D
:04296700000000006C
:04296800000000006B
:04296900000000006A
:04296A000000000069
:04296B000000000068
:04296C000000000067
:04296D000000000066
:04296E000000000065
:04296F000000000064
:042970000000000063
:042971000000000062
:042972000000000061
:042973000000000060
:04297400000000005F
:04297500000000005E
:04297600000000005D
:04297700000000005C
:04297800000000005B
:04297900000000005A
:04297A000000000059
:04297B000000000058
:04297C000000000057
:04297D000000000056
:04297E000000000055
:04297F000000000054
:042980000000000053
:042981000000000052
:042982000000000051
:042983000000000050
:04298400000000004F
:04298500000000004E
:04298600000000004D
:04298700000000004C
:04298800000000004B
:04298900000000004A
:04298A000000000049
:04298B000000000048
:04298C000000000047
:04298D000000000046
:04298E000000000045
:04298F000000000044
:042990000000000043
:042991000000000042
:042992000000000041
:042993000000000040
:04299400000000003F
:04299500000000003E
:04299600000000003D
:04299700000000003C
:04299800000000003B
:04299900000000003A
:04299A000000000039
:04299B000000000038
:04299C000000000037
:04299D000000000036
:04299E000000000035
:04299F000000000034
:0429A0000000000033
:0429A1000000000032
:0429A2000000000031
:0429A3000000000030
:0429A400000000002F
:0429A500000000002E
:0429A600000000002D
:0429A700000000002C
:0429A800000000002B
:0429A900000000002A
:0429AA000000000029
:0429AB000000000028
:0429AC000000000027
:0429AD000000000026
:0429AE000000000025
:0429AF000000000024
:0429B0000000000023
:0429B1000000000022
:0429B2000000000021
:0429B3000000000020
:0429B400000000001F
:0429B500000000001E
:0429B600000000001D
:0429B700000000001C
:0429B800000000001B
:0429B900000000001A
:0429BA000000000019
:0429BB000000000018
:0429BC000000000017
:0429BD000000000016
:0429BE000000000015
:0429BF000000000014
:0429C0000000000013
:0429C1000000000012
:0429C2000000000011
:0429C3000000000010
:0429C400000000000F
:0429C500000000000E
:0429C600000000000D
:0429C700000000000C
:0429C800000000000B
:0429C900000000000A
:0429CA000000000009
:0429CB000000000008
:0429CC000000000007
:0429CD000000000006
:0429CE000000000005
:0429CF000000000004
:0429D0000000000003
:0429D1000000000002
:0429D2000000000001
:0429D3000000000000
:0429D40000000000FF
:0429D50000000000FE
:0429D60000000000FD
:0429D70000000000FC
:0429D80000000000FB
:0429D90000000000FA
:0429DA0000000000F9
:0429DB0000000000F8
:0429DC0000000000F7
:0429DD0000000000F6
:0429DE0000000000F5
:0429DF0000000000F4
:0429E00000000000F3
:0429E10000000000F2
:0429E20000000000F1
:0429E30000000000F0
:0429E40000000000EF
:0429E50000000000EE
:0429E60000000000ED
:0429E70000000000EC
:0429E80000000000EB
:0429E90000000000EA
:0429EA0000000000E9
:0429EB0000000000E8
:0429EC0000000000E7
:0429ED0000000000E6
:0429EE0000000000E5
:0429EF0000000000E4
:0429F00000000000E3
:0429F10000000000E2
:0429F20000000000E1
:0429F30000000000E0
:0429F40000000000DF
:0429F50000000000DE
:0429F60000000000DD
:0429F70000000000DC
:0429F80000000000DB
:0429F90000000000DA
:0429FA0000000000D9
:0429FB0000000000D8
:0429FC0000000000D7
:0429FD0000000000D6
:0429FE0000000000D5
:0429FF0000000000D4
:042A000000000000D2
:042A010000000000D1
:042A020000000000D0
:042A030000000000CF
:042A040000000000CE
:042A050000000000CD
:042A060000000000CC
:042A070000000000CB
:042A080000000000CA
:042A090000000000C9
:042A0A0000000000C8
:042A0B0000000000C7
:042A0C0000000000C6
:042A0D0000000000C5
:042A0E0000000000C4
:042A0F0000000000C3
:042A100000000000C2
:042A110000000000C1
:042A120000000000C0
:042A130000000000BF
:042A140000000000BE
:042A150000000000BD
:042A160000000000BC
:042A170000000000BB
:042A180000000000BA
:042A190000000000B9
:042A1A0000000000B8
:042A1B0000000000B7
:042A1C0000000000B6
:042A1D0000000000B5
:042A1E0000000000B4
:042A1F0000000000B3
:042A200000000000B2
:042A210000000000B1
:042A220000000000B0
:042A230000000000AF
:042A240000000000AE
:042A250000000000AD
:042A260000000000AC
:042A270000000000AB
:042A280000000000AA
:042A290000000000A9
:042A2A0000000000A8
:042A2B0000000000A7
:042A2C0000000000A6
:042A2D0000000000A5
:042A2E0000000000A4
:042A2F0000000000A3
:042A300000000000A2
:042A310000000000A1
:042A320000000000A0
:042A3300000000009F
:042A3400000000009E
:042A3500000000009D
:042A3600000000009C
:042A3700000000009B
:042A3800000000009A
:042A39000000000099
:042A3A000000000098
:042A3B000000000097
:042A3C000000000096
:042A3D000000000095
:042A3E000000000094
:042A3F000000000093
:042A40000000000092
:042A41000000000091
:042A42000000000090
:042A4300000000008F
:042A4400000000008E
:042A4500000000008D
:042A4600000000008C
:042A4700000000008B
:042A4800000000008A
:042A49000000000089
:042A4A000000000088
:042A4B000000000087
:042A4C000000000086
:042A4D000000000085
:042A4E000000000084
:042A4F000000000083
:042A50000000000082
:042A51000000000081
:042A52000000000080
:042A5300000000007F
:042A5400000000007E
:042A5500000000007D
:042A5600000000007C
:042A5700000000007B
:042A5800000000007A
:042A59000000000079
:042A5A000000000078
:042A5B000000000077
:042A5C000000000076
:042A5D000000000075
:042A5E000000000074
:042A5F000000000073
:042A60000000000072
:042A61000000000071
:042A62000000000070
:042A6300000000006F
:042A6400000000006E
:042A6500000000006D
:042A6600000000006C
:042A6700000000006B
:042A6800000000006A
:042A69000000000069
:042A6A000000000068
:042A6B000000000067
:042A6C000000000066
:042A6D000000000065
:042A6E000000000064
:042A6F000000000063
:042A70000000000062
:042A71000000000061
:042A72000000000060
:042A7300000000005F
:042A7400000000005E
:042A7500000000005D
:042A7600000000005C
:042A7700000000005B
:042A7800000000005A
:042A79000000000059
:042A7A000000000058
:042A7B000000000057
:042A7C000000000056
:042A7D000000000055
:042A7E000000000054
:042A7F000000000053
:042A80000000000052
:042A81000000000051
:042A82000000000050
:042A8300000000004F
:042A8400000000004E
:042A8500000000004D
:042A8600000000004C
:042A8700000000004B
:042A8800000000004A
:042A89000000000049
:042A8A000000000048
:042A8B000000000047
:042A8C000000000046
:042A8D000000000045
:042A8E000000000044
:042A8F000000000043
:042A90000000000042
:042A91000000000041
:042A92000000000040
:042A9300000000003F
:042A9400000000003E
:042A9500000000003D
:042A9600000000003C
:042A9700000000003B
:042A9800000000003A
:042A99000000000039
:042A9A000000000038
:042A9B000000000037
:042A9C000000000036
:042A9D000000000035
:042A9E000000000034
:042A9F000000000033
:042AA0000000000032
:042AA1000000000031
:042AA2000000000030
:042AA300000000002F
:042AA400000000002E
:042AA500000000002D
:042AA600000000002C
:042AA700000000002B
:042AA800000000002A
:042AA9000000000029
:042AAA000000000028
:042AAB000000000027
:042AAC000000000026
:042AAD000000000025
:042AAE000000000024
:042AAF000000000023
:042AB0000000000022
:042AB1000000000021
:042AB2000000000020
:042AB300000000001F
:042AB400000000001E
:042AB500000000001D
:042AB600000000001C
:042AB700000000001B
:042AB800000000001A
:042AB9000000000019
:042ABA000000000018
:042ABB000000000017
:042ABC000000000016
:042ABD000000000015
:042ABE000000000014
:042ABF000000000013
:042AC0000000000012
:042AC1000000000011
:042AC2000000000010
:042AC300000000000F
:042AC400000000000E
:042AC500000000000D
:042AC600000000000C
:042AC700000000000B
:042AC800000000000A
:042AC9000000000009
:042ACA000000000008
:042ACB000000000007
:042ACC000000000006
:042ACD000000000005
:042ACE000000000004
:042ACF000000000003
:042AD0000000000002
:042AD1000000000001
:042AD2000000000000
:042AD30000000000FF
:042AD40000000000FE
:042AD50000000000FD
:042AD60000000000FC
:042AD70000000000FB
:042AD80000000000FA
:042AD90000000000F9
:042ADA0000000000F8
:042ADB0000000000F7
:042ADC0000000000F6
:042ADD0000000000F5
:042ADE0000000000F4
:042ADF0000000000F3
:042AE00000000000F2
:042AE10000000000F1
:042AE20000000000F0
:042AE30000000000EF
:042AE40000000000EE
:042AE50000000000ED
:042AE60000000000EC
:042AE70000000000EB
:042AE80000000000EA
:042AE90000000000E9
:042AEA0000000000E8
:042AEB0000000000E7
:042AEC0000000000E6
:042AED0000000000E5
:042AEE0000000000E4
:042AEF0000000000E3
:042AF00000000000E2
:042AF10000000000E1
:042AF20000000000E0
:042AF30000000000DF
:042AF40000000000DE
:042AF50000000000DD
:042AF60000000000DC
:042AF70000000000DB
:042AF80000000000DA
:042AF90000000000D9
:042AFA0000000000D8
:042AFB0000000000D7
:042AFC0000000000D6
:042AFD0000000000D5
:042AFE0000000000D4
:042AFF0000000000D3
:042B000000000000D1
:042B010000000000D0
:042B020000000000CF
:042B030000000000CE
:042B040000000000CD
:042B050000000000CC
:042B060000000000CB
:042B070000000000CA
:042B080000000000C9
:042B090000000000C8
:042B0A0000000000C7
:042B0B0000000000C6
:042B0C0000000000C5
:042B0D0000000000C4
:042B0E0000000000C3
:042B0F0000000000C2
:042B100000000000C1
:042B110000000000C0
:042B120000000000BF
:042B130000000000BE
:042B140000000000BD
:042B150000000000BC
:042B160000000000BB
:042B170000000000BA
:042B180000000000B9
:042B190000000000B8
:042B1A0000000000B7
:042B1B0000000000B6
:042B1C0000000000B5
:042B1D0000000000B4
:042B1E0000000000B3
:042B1F0000000000B2
:042B200000000000B1
:042B210000000000B0
:042B220000000000AF
:042B230000000000AE
:042B240000000000AD
:042B250000000000AC
:042B260000000000AB
:042B270000000000AA
:042B280000000000A9
:042B290000000000A8
:042B2A0000000000A7
:042B2B0000000000A6
:042B2C0000000000A5
:042B2D0000000000A4
:042B2E0000000000A3
:042B2F0000000000A2
:042B300000000000A1
:042B310000000000A0
:042B3200000000009F
:042B3300000000009E
:042B3400000000009D
:042B3500000000009C
:042B3600000000009B
:042B3700000000009A
:042B38000000000099
:042B39000000000098
:042B3A000000000097
:042B3B000000000096
:042B3C000000000095
:042B3D000000000094
:042B3E000000000093
:042B3F000000000092
:042B40000000000091
:042B41000000000090
:042B4200000000008F
:042B4300000000008E
:042B4400000000008D
:042B4500000000008C
:042B4600000000008B
:042B4700000000008A
:042B48000000000089
:042B49000000000088
:042B4A000000000087
:042B4B000000000086
:042B4C000000000085
:042B4D000000000084
:042B4E000000000083
:042B4F000000000082
:042B50000000000081
:042B51000000000080
:042B5200000000007F
:042B5300000000007E
:042B5400000000007D
:042B5500000000007C
:042B5600000000007B
:042B5700000000007A
:042B58000000000079
:042B59000000000078
:042B5A000000000077
:042B5B000000000076
:042B5C000000000075
:042B5D000000000074
:042B5E000000000073
:042B5F000000000072
:042B60000000000071
:042B61000000000070
:042B6200000000006F
:042B6300000000006E
:042B6400000000006D
:042B6500000000006C
:042B6600000000006B
:042B6700000000006A
:042B68000000000069
:042B69000000000068
:042B6A000000000067
:042B6B000000000066
:042B6C000000000065
:042B6D000000000064
:042B6E000000000063
:042B6F000000000062
:042B70000000000061
:042B71000000000060
:042B7200000000005F
:042B7300000000005E
:042B7400000000005D
:042B7500000000005C
:042B7600000000005B
:042B7700000000005A
:042B78000000000059
:042B79000000000058
:042B7A000000000057
:042B7B000000000056
:042B7C000000000055
:042B7D000000000054
:042B7E000000000053
:042B7F000000000052
:042B80000000000051
:042B81000000000050
:042B8200000000004F
:042B8300000000004E
:042B8400000000004D
:042B8500000000004C
:042B8600000000004B
:042B8700000000004A
:042B88000000000049
:042B89000000000048
:042B8A000000000047
:042B8B000000000046
:042B8C000000000045
:042B8D000000000044
:042B8E000000000043
:042B8F000000000042
:042B90000000000041
:042B91000000000040
:042B9200000000003F
:042B9300000000003E
:042B9400000000003D
:042B9500000000003C
:042B9600000000003B
:042B9700000000003A
:042B98000000000039
:042B99000000000038
:042B9A000000000037
:042B9B000000000036
:042B9C000000000035
:042B9D000000000034
:042B9E000000000033
:042B9F000000000032
:042BA0000000000031
:042BA1000000000030
:042BA200000000002F
:042BA300000000002E
:042BA400000000002D
:042BA500000000002C
:042BA600000000002B
:042BA700000000002A
:042BA8000000000029
:042BA9000000000028
:042BAA000000000027
:042BAB000000000026
:042BAC000000000025
:042BAD000000000024
:042BAE000000000023
:042BAF000000000022
:042BB0000000000021
:042BB1000000000020
:042BB200000000001F
:042BB300000000001E
:042BB400000000001D
:042BB500000000001C
:042BB600000000001B
:042BB700000000001A
:042BB8000000000019
:042BB9000000000018
:042BBA000000000017
:042BBB000000000016
:042BBC000000000015
:042BBD000000000014
:042BBE000000000013
:042BBF000000000012
:042BC0000000000011
:042BC1000000000010
:042BC200000000000F
:042BC300000000000E
:042BC400000000000D
:042BC500000000000C
:042BC600000000000B
:042BC700000000000A
:042BC8000000000009
:042BC9000000000008
:042BCA000000000007
:042BCB000000000006
:042BCC000000000005
:042BCD000000000004
:042BCE000000000003
:042BCF000000000002
:042BD0000000000001
:042BD1000000000000
:042BD20000000000FF
:042BD30000000000FE
:042BD40000000000FD
:042BD50000000000FC
:042BD60000000000FB
:042BD70000000000FA
:042BD80000000000F9
:042BD90000000000F8
:042BDA0000000000F7
:042BDB0000000000F6
:042BDC0000000000F5
:042BDD0000000000F4
:042BDE0000000000F3
:042BDF0000000000F2
:042BE00000000000F1
:042BE10000000000F0
:042BE20000000000EF
:042BE30000000000EE
:042BE40000000000ED
:042BE50000000000EC
:042BE60000000000EB
:042BE70000000000EA
:042BE80000000000E9
:042BE90000000000E8
:042BEA0000000000E7
:042BEB0000000000E6
:042BEC0000000000E5
:042BED0000000000E4
:042BEE0000000000E3
:042BEF0000000000E2
:042BF00000000000E1
:042BF10000000000E0
:042BF20000000000DF
:042BF30000000000DE
:042BF40000000000DD
:042BF50000000000DC
:042BF60000000000DB
:042BF70000000000DA
:042BF80000000000D9
:042BF90000000000D8
:042BFA0000000000D7
:042BFB0000000000D6
:042BFC0000000000D5
:042BFD0000000000D4
:042BFE0000000000D3
:042BFF0000000000D2
:042C000000000000D0
:042C010000000000CF
:042C020000000000CE
:042C030000000000CD
:042C040000000000CC
:042C050000000000CB
:042C060000000000CA
:042C070000000000C9
:042C080000000000C8
:042C090000000000C7
:042C0A0000000000C6
:042C0B0000000000C5
:042C0C0000000000C4
:042C0D0000000000C3
:042C0E0000000000C2
:042C0F0000000000C1
:042C100000000000C0
:042C110000000000BF
:042C120000000000BE
:042C130000000000BD
:042C140000000000BC
:042C150000000000BB
:042C160000000000BA
:042C170000000000B9
:042C180000000000B8
:042C190000000000B7
:042C1A0000000000B6
:042C1B0000000000B5
:042C1C0000000000B4
:042C1D0000000000B3
:042C1E0000000000B2
:042C1F0000000000B1
:042C200000000000B0
:042C210000000000AF
:042C220000000000AE
:042C230000000000AD
:042C240000000000AC
:042C250000000000AB
:042C260000000000AA
:042C270000000000A9
:042C280000000000A8
:042C290000000000A7
:042C2A0000000000A6
:042C2B0000000000A5
:042C2C0000000000A4
:042C2D0000000000A3
:042C2E0000000000A2
:042C2F0000000000A1
:042C300000000000A0
:042C3100000000009F
:042C3200000000009E
:042C3300000000009D
:042C3400000000009C
:042C3500000000009B
:042C3600000000009A
:042C37000000000099
:042C38000000000098
:042C39000000000097
:042C3A000000000096
:042C3B000000000095
:042C3C000000000094
:042C3D000000000093
:042C3E000000000092
:042C3F000000000091
:042C40000000000090
:042C4100000000008F
:042C4200000000008E
:042C4300000000008D
:042C4400000000008C
:042C4500000000008B
:042C4600000000008A
:042C47000000000089
:042C48000000000088
:042C49000000000087
:042C4A000000000086
:042C4B000000000085
:042C4C000000000084
:042C4D000000000083
:042C4E000000000082
:042C4F000000000081
:042C50000000000080
:042C5100000000007F
:042C5200000000007E
:042C5300000000007D
:042C5400000000007C
:042C5500000000007B
:042C5600000000007A
:042C57000000000079
:042C58000000000078
:042C59000000000077
:042C5A000000000076
:042C5B000000000075
:042C5C000000000074
:042C5D000000000073
:042C5E000000000072
:042C5F000000000071
:042C60000000000070
:042C6100000000006F
:042C6200000000006E
:042C6300000000006D
:042C6400000000006C
:042C6500000000006B
:042C6600000000006A
:042C67000000000069
:042C68000000000068
:042C69000000000067
:042C6A000000000066
:042C6B000000000065
:042C6C000000000064
:042C6D000000000063
:042C6E000000000062
:042C6F000000000061
:042C70000000000060
:042C7100000000005F
:042C7200000000005E
:042C7300000000005D
:042C7400000000005C
:042C7500000000005B
:042C7600000000005A
:042C77000000000059
:042C78000000000058
:042C79000000000057
:042C7A000000000056
:042C7B000000000055
:042C7C000000000054
:042C7D000000000053
:042C7E000000000052
:042C7F000000000051
:042C80000000000050
:042C8100000000004F
:042C8200000000004E
:042C8300000000004D
:042C8400000000004C
:042C8500000000004B
:042C8600000000004A
:042C87000000000049
:042C88000000000048
:042C89000000000047
:042C8A000000000046
:042C8B000000000045
:042C8C000000000044
:042C8D000000000043
:042C8E000000000042
:042C8F000000000041
:042C90000000000040
:042C9100000000003F
:042C9200000000003E
:042C9300000000003D
:042C9400000000003C
:042C9500000000003B
:042C9600000000003A
:042C97000000000039
:042C98000000000038
:042C99000000000037
:042C9A000000000036
:042C9B000000000035
:042C9C000000000034
:042C9D000000000033
:042C9E000000000032
:042C9F000000000031
:042CA0000000000030
:042CA100000000002F
:042CA200000000002E
:042CA300000000002D
:042CA400000000002C
:042CA500000000002B
:042CA600000000002A
:042CA7000000000029
:042CA8000000000028
:042CA9000000000027
:042CAA000000000026
:042CAB000000000025
:042CAC000000000024
:042CAD000000000023
:042CAE000000000022
:042CAF000000000021
:042CB0000000000020
:042CB100000000001F
:042CB200000000001E
:042CB300000000001D
:042CB400000000001C
:042CB500000000001B
:042CB600000000001A
:042CB7000000000019
:042CB8000000000018
:042CB9000000000017
:042CBA000000000016
:042CBB000000000015
:042CBC000000000014
:042CBD000000000013
:042CBE000000000012
:042CBF000000000011
:042CC0000000000010
:042CC100000000000F
:042CC200000000000E
:042CC300000000000D
:042CC400000000000C
:042CC500000000000B
:042CC600000000000A
:042CC7000000000009
:042CC8000000000008
:042CC9000000000007
:042CCA000000000006
:042CCB000000000005
:042CCC000000000004
:042CCD000000000003
:042CCE000000000002
:042CCF000000000001
:042CD0000000000000
:042CD10000000000FF
:042CD20000000000FE
:042CD30000000000FD
:042CD40000000000FC
:042CD50000000000FB
:042CD60000000000FA
:042CD70000000000F9
:042CD80000000000F8
:042CD90000000000F7
:042CDA0000000000F6
:042CDB0000000000F5
:042CDC0000000000F4
:042CDD0000000000F3
:042CDE0000000000F2
:042CDF0000000000F1
:042CE00000000000F0
:042CE10000000000EF
:042CE20000000000EE
:042CE30000000000ED
:042CE40000000000EC
:042CE50000000000EB
:042CE60000000000EA
:042CE70000000000E9
:042CE80000000000E8
:042CE90000000000E7
:042CEA0000000000E6
:042CEB0000000000E5
:042CEC0000000000E4
:042CED0000000000E3
:042CEE0000000000E2
:042CEF0000000000E1
:042CF00000000000E0
:042CF10000000000DF
:042CF20000000000DE
:042CF30000000000DD
:042CF40000000000DC
:042CF50000000000DB
:042CF60000000000DA
:042CF70000000000D9
:042CF80000000000D8
:042CF90000000000D7
:042CFA0000000000D6
:042CFB0000000000D5
:042CFC0000000000D4
:042CFD0000000000D3
:042CFE0000000000D2
:042CFF0000000000D1
:042D000000000000CF
:042D010000000000CE
:042D020000000000CD
:042D030000000000CC
:042D040000000000CB
:042D050000000000CA
:042D060000000000C9
:042D070000000000C8
:042D080000000000C7
:042D090000000000C6
:042D0A0000000000C5
:042D0B0000000000C4
:042D0C0000000000C3
:042D0D0000000000C2
:042D0E0000000000C1
:042D0F0000000000C0
:042D100000000000BF
:042D110000000000BE
:042D120000000000BD
:042D130000000000BC
:042D140000000000BB
:042D150000000000BA
:042D160000000000B9
:042D170000000000B8
:042D180000000000B7
:042D190000000000B6
:042D1A0000000000B5
:042D1B0000000000B4
:042D1C0000000000B3
:042D1D0000000000B2
:042D1E0000000000B1
:042D1F0000000000B0
:042D200000000000AF
:042D210000000000AE
:042D220000000000AD
:042D230000000000AC
:042D240000000000AB
:042D250000000000AA
:042D260000000000A9
:042D270000000000A8
:042D280000000000A7
:042D290000000000A6
:042D2A0000000000A5
:042D2B0000000000A4
:042D2C0000000000A3
:042D2D0000000000A2
:042D2E0000000000A1
:042D2F0000000000A0
:042D3000000000009F
:042D3100000000009E
:042D3200000000009D
:042D3300000000009C
:042D3400000000009B
:042D3500000000009A
:042D36000000000099
:042D37000000000098
:042D38000000000097
:042D39000000000096
:042D3A000000000095
:042D3B000000000094
:042D3C000000000093
:042D3D000000000092
:042D3E000000000091
:042D3F000000000090
:042D4000000000008F
:042D4100000000008E
:042D4200000000008D
:042D4300000000008C
:042D4400000000008B
:042D4500000000008A
:042D46000000000089
:042D47000000000088
:042D48000000000087
:042D49000000000086
:042D4A000000000085
:042D4B000000000084
:042D4C000000000083
:042D4D000000000082
:042D4E000000000081
:042D4F000000000080
:042D5000000000007F
:042D5100000000007E
:042D5200000000007D
:042D5300000000007C
:042D5400000000007B
:042D5500000000007A
:042D56000000000079
:042D57000000000078
:042D58000000000077
:042D59000000000076
:042D5A000000000075
:042D5B000000000074
:042D5C000000000073
:042D5D000000000072
:042D5E000000000071
:042D5F000000000070
:042D6000000000006F
:042D6100000000006E
:042D6200000000006D
:042D6300000000006C
:042D6400000000006B
:042D6500000000006A
:042D66000000000069
:042D67000000000068
:042D68000000000067
:042D69000000000066
:042D6A000000000065
:042D6B000000000064
:042D6C000000000063
:042D6D000000000062
:042D6E000000000061
:042D6F000000000060
:042D7000000000005F
:042D7100000000005E
:042D7200000000005D
:042D7300000000005C
:042D7400000000005B
:042D7500000000005A
:042D76000000000059
:042D77000000000058
:042D78000000000057
:042D79000000000056
:042D7A000000000055
:042D7B000000000054
:042D7C000000000053
:042D7D000000000052
:042D7E000000000051
:042D7F000000000050
:042D8000000000004F
:042D8100000000004E
:042D8200000000004D
:042D8300000000004C
:042D8400000000004B
:042D8500000000004A
:042D86000000000049
:042D87000000000048
:042D88000000000047
:042D89000000000046
:042D8A000000000045
:042D8B000000000044
:042D8C000000000043
:042D8D000000000042
:042D8E000000000041
:042D8F000000000040
:042D9000000000003F
:042D9100000000003E
:042D9200000000003D
:042D9300000000003C
:042D9400000000003B
:042D9500000000003A
:042D96000000000039
:042D97000000000038
:042D98000000000037
:042D99000000000036
:042D9A000000000035
:042D9B000000000034
:042D9C000000000033
:042D9D000000000032
:042D9E000000000031
:042D9F000000000030
:042DA000000000002F
:042DA100000000002E
:042DA200000000002D
:042DA300000000002C
:042DA400000000002B
:042DA500000000002A
:042DA6000000000029
:042DA7000000000028
:042DA8000000000027
:042DA9000000000026
:042DAA000000000025
:042DAB000000000024
:042DAC000000000023
:042DAD000000000022
:042DAE000000000021
:042DAF000000000020
:042DB000000000001F
:042DB100000000001E
:042DB200000000001D
:042DB300000000001C
:042DB400000000001B
:042DB500000000001A
:042DB6000000000019
:042DB7000000000018
:042DB8000000000017
:042DB9000000000016
:042DBA000000000015
:042DBB000000000014
:042DBC000000000013
:042DBD000000000012
:042DBE000000000011
:042DBF000000000010
:042DC000000000000F
:042DC100000000000E
:042DC200000000000D
:042DC300000000000C
:042DC400000000000B
:042DC500000000000A
:042DC6000000000009
:042DC7000000000008
:042DC8000000000007
:042DC9000000000006
:042DCA000000000005
:042DCB000000000004
:042DCC000000000003
:042DCD000000000002
:042DCE000000000001
:042DCF000000000000
:042DD00000000000FF
:042DD10000000000FE
:042DD20000000000FD
:042DD30000000000FC
:042DD40000000000FB
:042DD50000000000FA
:042DD60000000000F9
:042DD70000000000F8
:042DD80000000000F7
:042DD90000000000F6
:042DDA0000000000F5
:042DDB0000000000F4
:042DDC0000000000F3
:042DDD0000000000F2
:042DDE0000000000F1
:042DDF0000000000F0
:042DE00000000000EF
:042DE10000000000EE
:042DE20000000000ED
:042DE30000000000EC
:042DE40000000000EB
:042DE50000000000EA
:042DE60000000000E9
:042DE70000000000E8
:042DE80000000000E7
:042DE90000000000E6
:042DEA0000000000E5
:042DEB0000000000E4
:042DEC0000000000E3
:042DED0000000000E2
:042DEE0000000000E1
:042DEF0000000000E0
:042DF00000000000DF
:042DF10000000000DE
:042DF20000000000DD
:042DF30000000000DC
:042DF40000000000DB
:042DF50000000000DA
:042DF60000000000D9
:042DF70000000000D8
:042DF80000000000D7
:042DF90000000000D6
:042DFA0000000000D5
:042DFB0000000000D4
:042DFC0000000000D3
:042DFD0000000000D2
:042DFE0000000000D1
:042DFF0000000000D0
:042E000000000000CE
:042E010000000000CD
:042E020000000000CC
:042E030000000000CB
:042E040000000000CA
:042E050000000000C9
:042E060000000000C8
:042E070000000000C7
:042E080000000000C6
:042E090000000000C5
:042E0A0000000000C4
:042E0B0000000000C3
:042E0C0000000000C2
:042E0D0000000000C1
:042E0E0000000000C0
:042E0F0000000000BF
:042E100000000000BE
:042E110000000000BD
:042E120000000000BC
:042E130000000000BB
:042E140000000000BA
:042E150000000000B9
:042E160000000000B8
:042E170000000000B7
:042E180000000000B6
:042E190000000000B5
:042E1A0000000000B4
:042E1B0000000000B3
:042E1C0000000000B2
:042E1D0000000000B1
:042E1E0000000000B0
:042E1F0000000000AF
:042E200000000000AE
:042E210000000000AD
:042E220000000000AC
:042E230000000000AB
:042E240000000000AA
:042E250000000000A9
:042E260000000000A8
:042E270000000000A7
:042E280000000000A6
:042E290000000000A5
:042E2A0000000000A4
:042E2B0000000000A3
:042E2C0000000000A2
:042E2D0000000000A1
:042E2E0000000000A0
:042E2F00000000009F
:042E3000000000009E
:042E3100000000009D
:042E3200000000009C
:042E3300000000009B
:042E3400000000009A
:042E35000000000099
:042E36000000000098
:042E37000000000097
:042E38000000000096
:042E39000000000095
:042E3A000000000094
:042E3B000000000093
:042E3C000000000092
:042E3D000000000091
:042E3E000000000090
:042E3F00000000008F
:042E4000000000008E
:042E4100000000008D
:042E4200000000008C
:042E4300000000008B
:042E4400000000008A
:042E45000000000089
:042E46000000000088
:042E47000000000087
:042E48000000000086
:042E49000000000085
:042E4A000000000084
:042E4B000000000083
:042E4C000000000082
:042E4D000000000081
:042E4E000000000080
:042E4F00000000007F
:042E5000000000007E
:042E5100000000007D
:042E5200000000007C
:042E5300000000007B
:042E5400000000007A
:042E55000000000079
:042E56000000000078
:042E57000000000077
:042E58000000000076
:042E59000000000075
:042E5A000000000074
:042E5B000000000073
:042E5C000000000072
:042E5D000000000071
:042E5E000000000070
:042E5F00000000006F
:042E6000000000006E
:042E6100000000006D
:042E6200000000006C
:042E6300000000006B
:042E6400000000006A
:042E65000000000069
:042E66000000000068
:042E67000000000067
:042E68000000000066
:042E69000000000065
:042E6A000000000064
:042E6B000000000063
:042E6C000000000062
:042E6D000000000061
:042E6E000000000060
:042E6F00000000005F
:042E7000000000005E
:042E7100000000005D
:042E7200000000005C
:042E7300000000005B
:042E7400000000005A
:042E75000000000059
:042E76000000000058
:042E77000000000057
:042E78000000000056
:042E79000000000055
:042E7A000000000054
:042E7B000000000053
:042E7C000000000052
:042E7D000000000051
:042E7E000000000050
:042E7F00000000004F
:042E8000000000004E
:042E8100000000004D
:042E8200000000004C
:042E8300000000004B
:042E8400000000004A
:042E85000000000049
:042E86000000000048
:042E87000000000047
:042E88000000000046
:042E89000000000045
:042E8A000000000044
:042E8B000000000043
:042E8C000000000042
:042E8D000000000041
:042E8E000000000040
:042E8F00000000003F
:042E9000000000003E
:042E9100000000003D
:042E9200000000003C
:042E9300000000003B
:042E9400000000003A
:042E95000000000039
:042E96000000000038
:042E97000000000037
:042E98000000000036
:042E99000000000035
:042E9A000000000034
:042E9B000000000033
:042E9C000000000032
:042E9D000000000031
:042E9E000000000030
:042E9F00000000002F
:042EA000000000002E
:042EA100000000002D
:042EA200000000002C
:042EA300000000002B
:042EA400000000002A
:042EA5000000000029
:042EA6000000000028
:042EA7000000000027
:042EA8000000000026
:042EA9000000000025
:042EAA000000000024
:042EAB000000000023
:042EAC000000000022
:042EAD000000000021
:042EAE000000000020
:042EAF00000000001F
:042EB000000000001E
:042EB100000000001D
:042EB200000000001C
:042EB300000000001B
:042EB400000000001A
:042EB5000000000019
:042EB6000000000018
:042EB7000000000017
:042EB8000000000016
:042EB9000000000015
:042EBA000000000014
:042EBB000000000013
:042EBC000000000012
:042EBD000000000011
:042EBE000000000010
:042EBF00000000000F
:042EC000000000000E
:042EC100000000000D
:042EC200000000000C
:042EC300000000000B
:042EC400000000000A
:042EC5000000000009
:042EC6000000000008
:042EC7000000000007
:042EC8000000000006
:042EC9000000000005
:042ECA000000000004
:042ECB000000000003
:042ECC000000000002
:042ECD000000000001
:042ECE000000000000
:042ECF0000000000FF
:042ED00000000000FE
:042ED10000000000FD
:042ED20000000000FC
:042ED30000000000FB
:042ED40000000000FA
:042ED50000000000F9
:042ED60000000000F8
:042ED70000000000F7
:042ED80000000000F6
:042ED90000000000F5
:042EDA0000000000F4
:042EDB0000000000F3
:042EDC0000000000F2
:042EDD0000000000F1
:042EDE0000000000F0
:042EDF0000000000EF
:042EE00000000000EE
:042EE10000000000ED
:042EE20000000000EC
:042EE30000000000EB
:042EE40000000000EA
:042EE50000000000E9
:042EE60000000000E8
:042EE70000000000E7
:042EE80000000000E6
:042EE90000000000E5
:042EEA0000000000E4
:042EEB0000000000E3
:042EEC0000000000E2
:042EED0000000000E1
:042EEE0000000000E0
:042EEF0000000000DF
:042EF00000000000DE
:042EF10000000000DD
:042EF20000000000DC
:042EF30000000000DB
:042EF40000000000DA
:042EF50000000000D9
:042EF60000000000D8
:042EF70000000000D7
:042EF80000000000D6
:042EF90000000000D5
:042EFA0000000000D4
:042EFB0000000000D3
:042EFC0000000000D2
:042EFD0000000000D1
:042EFE0000000000D0
:042EFF0000000000CF
:042F000000000000CD
:042F010000000000CC
:042F020000000000CB
:042F030000000000CA
:042F040000000000C9
:042F050000000000C8
:042F060000000000C7
:042F070000000000C6
:042F080000000000C5
:042F090000000000C4
:042F0A0000000000C3
:042F0B0000000000C2
:042F0C0000000000C1
:042F0D0000000000C0
:042F0E0000000000BF
:042F0F0000000000BE
:042F100000000000BD
:042F110000000000BC
:042F120000000000BB
:042F130000000000BA
:042F140000000000B9
:042F150000000000B8
:042F160000000000B7
:042F170000000000B6
:042F180000000000B5
:042F190000000000B4
:042F1A0000000000B3
:042F1B0000000000B2
:042F1C0000000000B1
:042F1D0000000000B0
:042F1E0000000000AF
:042F1F0000000000AE
:042F200000000000AD
:042F210000000000AC
:042F220000000000AB
:042F230000000000AA
:042F240000000000A9
:042F250000000000A8
:042F260000000000A7
:042F270000000000A6
:042F280000000000A5
:042F290000000000A4
:042F2A0000000000A3
:042F2B0000000000A2
:042F2C0000000000A1
:042F2D0000000000A0
:042F2E00000000009F
:042F2F00000000009E
:042F3000000000009D
:042F3100000000009C
:042F3200000000009B
:042F3300000000009A
:042F34000000000099
:042F35000000000098
:042F36000000000097
:042F37000000000096
:042F38000000000095
:042F39000000000094
:042F3A000000000093
:042F3B000000000092
:042F3C000000000091
:042F3D000000000090
:042F3E00000000008F
:042F3F00000000008E
:042F4000000000008D
:042F4100000000008C
:042F4200000000008B
:042F4300000000008A
:042F44000000000089
:042F45000000000088
:042F46000000000087
:042F47000000000086
:042F48000000000085
:042F49000000000084
:042F4A000000000083
:042F4B000000000082
:042F4C000000000081
:042F4D000000000080
:042F4E00000000007F
:042F4F00000000007E
:042F5000000000007D
:042F5100000000007C
:042F5200000000007B
:042F5300000000007A
:042F54000000000079
:042F55000000000078
:042F56000000000077
:042F57000000000076
:042F58000000000075
:042F59000000000074
:042F5A000000000073
:042F5B000000000072
:042F5C000000000071
:042F5D000000000070
:042F5E00000000006F
:042F5F00000000006E
:042F6000000000006D
:042F6100000000006C
:042F6200000000006B
:042F6300000000006A
:042F64000000000069
:042F65000000000068
:042F66000000000067
:042F67000000000066
:042F68000000000065
:042F69000000000064
:042F6A000000000063
:042F6B000000000062
:042F6C000000000061
:042F6D000000000060
:042F6E00000000005F
:042F6F00000000005E
:042F7000000000005D
:042F7100000000005C
:042F7200000000005B
:042F7300000000005A
:042F74000000000059
:042F75000000000058
:042F76000000000057
:042F77000000000056
:042F78000000000055
:042F79000000000054
:042F7A000000000053
:042F7B000000000052
:042F7C000000000051
:042F7D000000000050
:042F7E00000000004F
:042F7F00000000004E
:042F8000000000004D
:042F8100000000004C
:042F8200000000004B
:042F8300000000004A
:042F84000000000049
:042F85000000000048
:042F86000000000047
:042F87000000000046
:042F88000000000045
:042F89000000000044
:042F8A000000000043
:042F8B000000000042
:042F8C000000000041
:042F8D000000000040
:042F8E00000000003F
:042F8F00000000003E
:042F9000000000003D
:042F9100000000003C
:042F9200000000003B
:042F9300000000003A
:042F94000000000039
:042F95000000000038
:042F96000000000037
:042F97000000000036
:042F98000000000035
:042F99000000000034
:042F9A000000000033
:042F9B000000000032
:042F9C000000000031
:042F9D000000000030
:042F9E00000000002F
:042F9F00000000002E
:042FA000000000002D
:042FA100000000002C
:042FA200000000002B
:042FA300000000002A
:042FA4000000000029
:042FA5000000000028
:042FA6000000000027
:042FA7000000000026
:042FA8000000000025
:042FA9000000000024
:042FAA000000000023
:042FAB000000000022
:042FAC000000000021
:042FAD000000000020
:042FAE00000000001F
:042FAF00000000001E
:042FB000000000001D
:042FB100000000001C
:042FB200000000001B
:042FB300000000001A
:042FB4000000000019
:042FB5000000000018
:042FB6000000000017
:042FB7000000000016
:042FB8000000000015
:042FB9000000000014
:042FBA000000000013
:042FBB000000000012
:042FBC000000000011
:042FBD000000000010
:042FBE00000000000F
:042FBF00000000000E
:042FC000000000000D
:042FC100000000000C
:042FC200000000000B
:042FC300000000000A
:042FC4000000000009
:042FC5000000000008
:042FC6000000000007
:042FC7000000000006
:042FC8000000000005
:042FC9000000000004
:042FCA000000000003
:042FCB000000000002
:042FCC000000000001
:042FCD000000000000
:042FCE0000000000FF
:042FCF0000000000FE
:042FD00000000000FD
:042FD10000000000FC
:042FD20000000000FB
:042FD30000000000FA
:042FD40000000000F9
:042FD50000000000F8
:042FD60000000000F7
:042FD70000000000F6
:042FD80000000000F5
:042FD90000000000F4
:042FDA0000000000F3
:042FDB0000000000F2
:042FDC0000000000F1
:042FDD0000000000F0
:042FDE0000000000EF
:042FDF0000000000EE
:042FE00000000000ED
:042FE10000000000EC
:042FE20000000000EB
:042FE30000000000EA
:042FE40000000000E9
:042FE50000000000E8
:042FE60000000000E7
:042FE70000000000E6
:042FE80000000000E5
:042FE90000000000E4
:042FEA0000000000E3
:042FEB0000000000E2
:042FEC0000000000E1
:042FED0000000000E0
:042FEE0000000000DF
:042FEF0000000000DE
:042FF00000000000DD
:042FF10000000000DC
:042FF20000000000DB
:042FF30000000000DA
:042FF40000000000D9
:042FF50000000000D8
:042FF60000000000D7
:042FF70000000000D6
:042FF80000000000D5
:042FF90000000000D4
:042FFA0000000000D3
:042FFB0000000000D2
:042FFC0000000000D1
:042FFD0000000000D0
:042FFE0000000000CF
:042FFF0000000000CE
:0430000000000000CC
:0430010000000000CB
:0430020000000000CA
:0430030000000000C9
:0430040000000000C8
:0430050000000000C7
:0430060000000000C6
:0430070000000000C5
:0430080000000000C4
:0430090000000000C3
:04300A0000000000C2
:04300B0000000000C1
:04300C0000000000C0
:04300D0000000000BF
:04300E0000000000BE
:04300F0000000000BD
:0430100000000000BC
:0430110000000000BB
:0430120000000000BA
:0430130000000000B9
:0430140000000000B8
:0430150000000000B7
:0430160000000000B6
:0430170000000000B5
:0430180000000000B4
:0430190000000000B3
:04301A0000000000B2
:04301B0000000000B1
:04301C0000000000B0
:04301D0000000000AF
:04301E0000000000AE
:04301F0000000000AD
:0430200000000000AC
:0430210000000000AB
:0430220000000000AA
:0430230000000000A9
:0430240000000000A8
:0430250000000000A7
:0430260000000000A6
:0430270000000000A5
:0430280000000000A4
:0430290000000000A3
:04302A0000000000A2
:04302B0000000000A1
:04302C0000000000A0
:04302D00000000009F
:04302E00000000009E
:04302F00000000009D
:04303000000000009C
:04303100000000009B
:04303200000000009A
:043033000000000099
:043034000000000098
:043035000000000097
:043036000000000096
:043037000000000095
:043038000000000094
:043039000000000093
:04303A000000000092
:04303B000000000091
:04303C000000000090
:04303D00000000008F
:04303E00000000008E
:04303F00000000008D
:04304000000000008C
:04304100000000008B
:04304200000000008A
:043043000000000089
:043044000000000088
:043045000000000087
:043046000000000086
:043047000000000085
:043048000000000084
:043049000000000083
:04304A000000000082
:04304B000000000081
:04304C000000000080
:04304D00000000007F
:04304E00000000007E
:04304F00000000007D
:04305000000000007C
:04305100000000007B
:04305200000000007A
:043053000000000079
:043054000000000078
:043055000000000077
:043056000000000076
:043057000000000075
:043058000000000074
:043059000000000073
:04305A000000000072
:04305B000000000071
:04305C000000000070
:04305D00000000006F
:04305E00000000006E
:04305F00000000006D
:04306000000000006C
:04306100000000006B
:04306200000000006A
:043063000000000069
:043064000000000068
:043065000000000067
:043066000000000066
:043067000000000065
:043068000000000064
:043069000000000063
:04306A000000000062
:04306B000000000061
:04306C000000000060
:04306D00000000005F
:04306E00000000005E
:04306F00000000005D
:04307000000000005C
:04307100000000005B
:04307200000000005A
:043073000000000059
:043074000000000058
:043075000000000057
:043076000000000056
:043077000000000055
:043078000000000054
:043079000000000053
:04307A000000000052
:04307B000000000051
:04307C000000000050
:04307D00000000004F
:04307E00000000004E
:04307F00000000004D
:04308000000000004C
:04308100000000004B
:04308200000000004A
:043083000000000049
:043084000000000048
:043085000000000047
:043086000000000046
:043087000000000045
:043088000000000044
:043089000000000043
:04308A000000000042
:04308B000000000041
:04308C000000000040
:04308D00000000003F
:04308E00000000003E
:04308F00000000003D
:04309000000000003C
:04309100000000003B
:04309200000000003A
:043093000000000039
:043094000000000038
:043095000000000037
:043096000000000036
:043097000000000035
:043098000000000034
:043099000000000033
:04309A000000000032
:04309B000000000031
:04309C000000000030
:04309D00000000002F
:04309E00000000002E
:04309F00000000002D
:0430A000000000002C
:0430A100000000002B
:0430A200000000002A
:0430A3000000000029
:0430A4000000000028
:0430A5000000000027
:0430A6000000000026
:0430A7000000000025
:0430A8000000000024
:0430A9000000000023
:0430AA000000000022
:0430AB000000000021
:0430AC000000000020
:0430AD00000000001F
:0430AE00000000001E
:0430AF00000000001D
:0430B000000000001C
:0430B100000000001B
:0430B200000000001A
:0430B3000000000019
:0430B4000000000018
:0430B5000000000017
:0430B6000000000016
:0430B7000000000015
:0430B8000000000014
:0430B9000000000013
:0430BA000000000012
:0430BB000000000011
:0430BC000000000010
:0430BD00000000000F
:0430BE00000000000E
:0430BF00000000000D
:0430C000000000000C
:0430C100000000000B
:0430C200000000000A
:0430C3000000000009
:0430C4000000000008
:0430C5000000000007
:0430C6000000000006
:0430C7000000000005
:0430C8000000000004
:0430C9000000000003
:0430CA000000000002
:0430CB000000000001
:0430CC000000000000
:0430CD0000000000FF
:0430CE0000000000FE
:0430CF0000000000FD
:0430D00000000000FC
:0430D10000000000FB
:0430D20000000000FA
:0430D30000000000F9
:0430D40000000000F8
:0430D50000000000F7
:0430D60000000000F6
:0430D70000000000F5
:0430D80000000000F4
:0430D90000000000F3
:0430DA0000000000F2
:0430DB0000000000F1
:0430DC0000000000F0
:0430DD0000000000EF
:0430DE0000000000EE
:0430DF0000000000ED
:0430E00000000000EC
:0430E10000000000EB
:0430E20000000000EA
:0430E30000000000E9
:0430E40000000000E8
:0430E50000000000E7
:0430E60000000000E6
:0430E70000000000E5
:0430E80000000000E4
:0430E90000000000E3
:0430EA0000000000E2
:0430EB0000000000E1
:0430EC0000000000E0
:0430ED0000000000DF
:0430EE0000000000DE
:0430EF0000000000DD
:0430F00000000000DC
:0430F10000000000DB
:0430F20000000000DA
:0430F30000000000D9
:0430F40000000000D8
:0430F50000000000D7
:0430F60000000000D6
:0430F70000000000D5
:0430F80000000000D4
:0430F90000000000D3
:0430FA0000000000D2
:0430FB0000000000D1
:0430FC0000000000D0
:0430FD0000000000CF
:0430FE0000000000CE
:0430FF0000000000CD
:0431000000000000CB
:0431010000000000CA
:0431020000000000C9
:0431030000000000C8
:0431040000000000C7
:0431050000000000C6
:0431060000000000C5
:0431070000000000C4
:0431080000000000C3
:0431090000000000C2
:04310A0000000000C1
:04310B0000000000C0
:04310C0000000000BF
:04310D0000000000BE
:04310E0000000000BD
:04310F0000000000BC
:0431100000000000BB
:0431110000000000BA
:0431120000000000B9
:0431130000000000B8
:0431140000000000B7
:0431150000000000B6
:0431160000000000B5
:0431170000000000B4
:0431180000000000B3
:0431190000000000B2
:04311A0000000000B1
:04311B0000000000B0
:04311C0000000000AF
:04311D0000000000AE
:04311E0000000000AD
:04311F0000000000AC
:0431200000000000AB
:0431210000000000AA
:0431220000000000A9
:0431230000000000A8
:0431240000000000A7
:0431250000000000A6
:0431260000000000A5
:0431270000000000A4
:0431280000000000A3
:0431290000000000A2
:04312A0000000000A1
:04312B0000000000A0
:04312C00000000009F
:04312D00000000009E
:04312E00000000009D
:04312F00000000009C
:04313000000000009B
:04313100000000009A
:043132000000000099
:043133000000000098
:043134000000000097
:043135000000000096
:043136000000000095
:043137000000000094
:043138000000000093
:043139000000000092
:04313A000000000091
:04313B000000000090
:04313C00000000008F
:04313D00000000008E
:04313E00000000008D
:04313F00000000008C
:04314000000000008B
:04314100000000008A
:043142000000000089
:043143000000000088
:043144000000000087
:043145000000000086
:043146000000000085
:043147000000000084
:043148000000000083
:043149000000000082
:04314A000000000081
:04314B000000000080
:04314C00000000007F
:04314D00000000007E
:04314E00000000007D
:04314F00000000007C
:04315000000000007B
:04315100000000007A
:043152000000000079
:043153000000000078
:043154000000000077
:043155000000000076
:043156000000000075
:043157000000000074
:043158000000000073
:043159000000000072
:04315A000000000071
:04315B000000000070
:04315C00000000006F
:04315D00000000006E
:04315E00000000006D
:04315F00000000006C
:04316000000000006B
:04316100000000006A
:043162000000000069
:043163000000000068
:043164000000000067
:043165000000000066
:043166000000000065
:043167000000000064
:043168000000000063
:043169000000000062
:04316A000000000061
:04316B000000000060
:04316C00000000005F
:04316D00000000005E
:04316E00000000005D
:04316F00000000005C
:04317000000000005B
:04317100000000005A
:043172000000000059
:043173000000000058
:043174000000000057
:043175000000000056
:043176000000000055
:043177000000000054
:043178000000000053
:043179000000000052
:04317A000000000051
:04317B000000000050
:04317C00000000004F
:04317D00000000004E
:04317E00000000004D
:04317F00000000004C
:04318000000000004B
:04318100000000004A
:043182000000000049
:043183000000000048
:043184000000000047
:043185000000000046
:043186000000000045
:043187000000000044
:043188000000000043
:043189000000000042
:04318A000000000041
:04318B000000000040
:04318C00000000003F
:04318D00000000003E
:04318E00000000003D
:04318F00000000003C
:04319000000000003B
:04319100000000003A
:043192000000000039
:043193000000000038
:043194000000000037
:043195000000000036
:043196000000000035
:043197000000000034
:043198000000000033
:043199000000000032
:04319A000000000031
:04319B000000000030
:04319C00000000002F
:04319D00000000002E
:04319E00000000002D
:04319F00000000002C
:0431A000000000002B
:0431A100000000002A
:0431A2000000000029
:0431A3000000000028
:0431A4000000000027
:0431A5000000000026
:0431A6000000000025
:0431A7000000000024
:0431A8000000000023
:0431A9000000000022
:0431AA000000000021
:0431AB000000000020
:0431AC00000000001F
:0431AD00000000001E
:0431AE00000000001D
:0431AF00000000001C
:0431B000000000001B
:0431B100000000001A
:0431B2000000000019
:0431B3000000000018
:0431B4000000000017
:0431B5000000000016
:0431B6000000000015
:0431B7000000000014
:0431B8000000000013
:0431B9000000000012
:0431BA000000000011
:0431BB000000000010
:0431BC00000000000F
:0431BD00000000000E
:0431BE00000000000D
:0431BF00000000000C
:0431C000000000000B
:0431C100000000000A
:0431C2000000000009
:0431C3000000000008
:0431C4000000000007
:0431C5000000000006
:0431C6000000000005
:0431C7000000000004
:0431C8000000000003
:0431C9000000000002
:0431CA000000000001
:0431CB000000000000
:0431CC0000000000FF
:0431CD0000000000FE
:0431CE0000000000FD
:0431CF0000000000FC
:0431D00000000000FB
:0431D10000000000FA
:0431D20000000000F9
:0431D30000000000F8
:0431D40000000000F7
:0431D50000000000F6
:0431D60000000000F5
:0431D70000000000F4
:0431D80000000000F3
:0431D90000000000F2
:0431DA0000000000F1
:0431DB0000000000F0
:0431DC0000000000EF
:0431DD0000000000EE
:0431DE0000000000ED
:0431DF0000000000EC
:0431E00000000000EB
:0431E10000000000EA
:0431E20000000000E9
:0431E30000000000E8
:0431E40000000000E7
:0431E50000000000E6
:0431E60000000000E5
:0431E70000000000E4
:0431E80000000000E3
:0431E90000000000E2
:0431EA0000000000E1
:0431EB0000000000E0
:0431EC0000000000DF
:0431ED0000000000DE
:0431EE0000000000DD
:0431EF0000000000DC
:0431F00000000000DB
:0431F10000000000DA
:0431F20000000000D9
:0431F30000000000D8
:0431F40000000000D7
:0431F50000000000D6
:0431F60000000000D5
:0431F70000000000D4
:0431F80000000000D3
:0431F90000000000D2
:0431FA0000000000D1
:0431FB0000000000D0
:0431FC0000000000CF
:0431FD0000000000CE
:0431FE0000000000CD
:0431FF0000000000CC
:0432000000000000CA
:0432010000000000C9
:0432020000000000C8
:0432030000000000C7
:0432040000000000C6
:0432050000000000C5
:0432060000000000C4
:0432070000000000C3
:0432080000000000C2
:0432090000000000C1
:04320A0000000000C0
:04320B0000000000BF
:04320C0000000000BE
:04320D0000000000BD
:04320E0000000000BC
:04320F0000000000BB
:0432100000000000BA
:0432110000000000B9
:0432120000000000B8
:0432130000000000B7
:0432140000000000B6
:0432150000000000B5
:0432160000000000B4
:0432170000000000B3
:0432180000000000B2
:0432190000000000B1
:04321A0000000000B0
:04321B0000000000AF
:04321C0000000000AE
:04321D0000000000AD
:04321E0000000000AC
:04321F0000000000AB
:0432200000000000AA
:0432210000000000A9
:0432220000000000A8
:0432230000000000A7
:0432240000000000A6
:0432250000000000A5
:0432260000000000A4
:0432270000000000A3
:0432280000000000A2
:0432290000000000A1
:04322A0000000000A0
:04322B00000000009F
:04322C00000000009E
:04322D00000000009D
:04322E00000000009C
:04322F00000000009B
:04323000000000009A
:043231000000000099
:043232000000000098
:043233000000000097
:043234000000000096
:043235000000000095
:043236000000000094
:043237000000000093
:043238000000000092
:043239000000000091
:04323A000000000090
:04323B00000000008F
:04323C00000000008E
:04323D00000000008D
:04323E00000000008C
:04323F00000000008B
:04324000000000008A
:043241000000000089
:043242000000000088
:043243000000000087
:043244000000000086
:043245000000000085
:043246000000000084
:043247000000000083
:043248000000000082
:043249000000000081
:04324A000000000080
:04324B00000000007F
:04324C00000000007E
:04324D00000000007D
:04324E00000000007C
:04324F00000000007B
:04325000000000007A
:043251000000000079
:043252000000000078
:043253000000000077
:043254000000000076
:043255000000000075
:043256000000000074
:043257000000000073
:043258000000000072
:043259000000000071
:04325A000000000070
:04325B00000000006F
:04325C00000000006E
:04325D00000000006D
:04325E00000000006C
:04325F00000000006B
:04326000000000006A
:043261000000000069
:043262000000000068
:043263000000000067
:043264000000000066
:043265000000000065
:043266000000000064
:043267000000000063
:043268000000000062
:043269000000000061
:04326A000000000060
:04326B00000000005F
:04326C00000000005E
:04326D00000000005D
:04326E00000000005C
:04326F00000000005B
:04327000000000005A
:043271000000000059
:043272000000000058
:043273000000000057
:043274000000000056
:043275000000000055
:043276000000000054
:043277000000000053
:043278000000000052
:043279000000000051
:04327A000000000050
:04327B00000000004F
:04327C00000000004E
:04327D00000000004D
:04327E00000000004C
:04327F00000000004B
:04328000000000004A
:043281000000000049
:043282000000000048
:043283000000000047
:043284000000000046
:043285000000000045
:043286000000000044
:043287000000000043
:043288000000000042
:043289000000000041
:04328A000000000040
:04328B00000000003F
:04328C00000000003E
:04328D00000000003D
:04328E00000000003C
:04328F00000000003B
:04329000000000003A
:043291000000000039
:043292000000000038
:043293000000000037
:043294000000000036
:043295000000000035
:043296000000000034
:043297000000000033
:043298000000000032
:043299000000000031
:04329A000000000030
:04329B00000000002F
:04329C00000000002E
:04329D00000000002D
:04329E00000000002C
:04329F00000000002B
:0432A000000000002A
:0432A1000000000029
:0432A2000000000028
:0432A3000000000027
:0432A4000000000026
:0432A5000000000025
:0432A6000000000024
:0432A7000000000023
:0432A8000000000022
:0432A9000000000021
:0432AA000000000020
:0432AB00000000001F
:0432AC00000000001E
:0432AD00000000001D
:0432AE00000000001C
:0432AF00000000001B
:0432B000000000001A
:0432B1000000000019
:0432B2000000000018
:0432B3000000000017
:0432B4000000000016
:0432B5000000000015
:0432B6000000000014
:0432B7000000000013
:0432B8000000000012
:0432B9000000000011
:0432BA000000000010
:0432BB00000000000F
:0432BC00000000000E
:0432BD00000000000D
:0432BE00000000000C
:0432BF00000000000B
:0432C000000000000A
:0432C1000000000009
:0432C2000000000008
:0432C3000000000007
:0432C4000000000006
:0432C5000000000005
:0432C6000000000004
:0432C7000000000003
:0432C8000000000002
:0432C9000000000001
:0432CA000000000000
:0432CB0000000000FF
:0432CC0000000000FE
:0432CD0000000000FD
:0432CE0000000000FC
:0432CF0000000000FB
:0432D00000000000FA
:0432D10000000000F9
:0432D20000000000F8
:0432D30000000000F7
:0432D40000000000F6
:0432D50000000000F5
:0432D60000000000F4
:0432D70000000000F3
:0432D80000000000F2
:0432D90000000000F1
:0432DA0000000000F0
:0432DB0000000000EF
:0432DC0000000000EE
:0432DD0000000000ED
:0432DE0000000000EC
:0432DF0000000000EB
:0432E00000000000EA
:0432E10000000000E9
:0432E20000000000E8
:0432E30000000000E7
:0432E40000000000E6
:0432E50000000000E5
:0432E60000000000E4
:0432E70000000000E3
:0432E80000000000E2
:0432E90000000000E1
:0432EA0000000000E0
:0432EB0000000000DF
:0432EC0000000000DE
:0432ED0000000000DD
:0432EE0000000000DC
:0432EF0000000000DB
:0432F00000000000DA
:0432F10000000000D9
:0432F20000000000D8
:0432F30000000000D7
:0432F40000000000D6
:0432F50000000000D5
:0432F60000000000D4
:0432F70000000000D3
:0432F80000000000D2
:0432F90000000000D1
:0432FA0000000000D0
:0432FB0000000000CF
:0432FC0000000000CE
:0432FD0000000000CD
:0432FE0000000000CC
:0432FF0000000000CB
:0433000000000000C9
:0433010000000000C8
:0433020000000000C7
:0433030000000000C6
:0433040000000000C5
:0433050000000000C4
:0433060000000000C3
:0433070000000000C2
:0433080000000000C1
:0433090000000000C0
:04330A0000000000BF
:04330B0000000000BE
:04330C0000000000BD
:04330D0000000000BC
:04330E0000000000BB
:04330F0000000000BA
:0433100000000000B9
:0433110000000000B8
:0433120000000000B7
:0433130000000000B6
:0433140000000000B5
:0433150000000000B4
:0433160000000000B3
:0433170000000000B2
:0433180000000000B1
:0433190000000000B0
:04331A0000000000AF
:04331B0000000000AE
:04331C0000000000AD
:04331D0000000000AC
:04331E0000000000AB
:04331F0000000000AA
:0433200000000000A9
:0433210000000000A8
:0433220000000000A7
:0433230000000000A6
:0433240000000000A5
:0433250000000000A4
:0433260000000000A3
:0433270000000000A2
:0433280000000000A1
:0433290000000000A0
:04332A00000000009F
:04332B00000000009E
:04332C00000000009D
:04332D00000000009C
:04332E00000000009B
:04332F00000000009A
:043330000000000099
:043331000000000098
:043332000000000097
:043333000000000096
:043334000000000095
:043335000000000094
:043336000000000093
:043337000000000092
:043338000000000091
:043339000000000090
:04333A00000000008F
:04333B00000000008E
:04333C00000000008D
:04333D00000000008C
:04333E00000000008B
:04333F00000000008A
:043340000000000089
:043341000000000088
:043342000000000087
:043343000000000086
:043344000000000085
:043345000000000084
:043346000000000083
:043347000000000082
:043348000000000081
:043349000000000080
:04334A00000000007F
:04334B00000000007E
:04334C00000000007D
:04334D00000000007C
:04334E00000000007B
:04334F00000000007A
:043350000000000079
:043351000000000078
:043352000000000077
:043353000000000076
:043354000000000075
:043355000000000074
:043356000000000073
:043357000000000072
:043358000000000071
:043359000000000070
:04335A00000000006F
:04335B00000000006E
:04335C00000000006D
:04335D00000000006C
:04335E00000000006B
:04335F00000000006A
:043360000000000069
:043361000000000068
:043362000000000067
:043363000000000066
:043364000000000065
:043365000000000064
:043366000000000063
:043367000000000062
:043368000000000061
:043369000000000060
:04336A00000000005F
:04336B00000000005E
:04336C00000000005D
:04336D00000000005C
:04336E00000000005B
:04336F00000000005A
:043370000000000059
:043371000000000058
:043372000000000057
:043373000000000056
:043374000000000055
:043375000000000054
:043376000000000053
:043377000000000052
:043378000000000051
:043379000000000050
:04337A00000000004F
:04337B00000000004E
:04337C00000000004D
:04337D00000000004C
:04337E00000000004B
:04337F00000000004A
:043380000000000049
:043381000000000048
:043382000000000047
:043383000000000046
:043384000000000045
:043385000000000044
:043386000000000043
:043387000000000042
:043388000000000041
:043389000000000040
:04338A00000000003F
:04338B00000000003E
:04338C00000000003D
:04338D00000000003C
:04338E00000000003B
:04338F00000000003A
:043390000000000039
:043391000000000038
:043392000000000037
:043393000000000036
:043394000000000035
:043395000000000034
:043396000000000033
:043397000000000032
:043398000000000031
:043399000000000030
:04339A00000000002F
:04339B00000000002E
:04339C00000000002D
:04339D00000000002C
:04339E00000000002B
:04339F00000000002A
:0433A0000000000029
:0433A1000000000028
:0433A2000000000027
:0433A3000000000026
:0433A4000000000025
:0433A5000000000024
:0433A6000000000023
:0433A7000000000022
:0433A8000000000021
:0433A9000000000020
:0433AA00000000001F
:0433AB00000000001E
:0433AC00000000001D
:0433AD00000000001C
:0433AE00000000001B
:0433AF00000000001A
:0433B0000000000019
:0433B1000000000018
:0433B2000000000017
:0433B3000000000016
:0433B4000000000015
:0433B5000000000014
:0433B6000000000013
:0433B7000000000012
:0433B8000000000011
:0433B9000000000010
:0433BA00000000000F
:0433BB00000000000E
:0433BC00000000000D
:0433BD00000000000C
:0433BE00000000000B
:0433BF00000000000A
:0433C0000000000009
:0433C1000000000008
:0433C2000000000007
:0433C3000000000006
:0433C4000000000005
:0433C5000000000004
:0433C6000000000003
:0433C7000000000002
:0433C8000000000001
:0433C9000000000000
:0433CA0000000000FF
:0433CB0000000000FE
:0433CC0000000000FD
:0433CD0000000000FC
:0433CE0000000000FB
:0433CF0000000000FA
:0433D00000000000F9
:0433D10000000000F8
:0433D20000000000F7
:0433D30000000000F6
:0433D40000000000F5
:0433D50000000000F4
:0433D60000000000F3
:0433D70000000000F2
:0433D80000000000F1
:0433D90000000000F0
:0433DA0000000000EF
:0433DB0000000000EE
:0433DC0000000000ED
:0433DD0000000000EC
:0433DE0000000000EB
:0433DF0000000000EA
:0433E00000000000E9
:0433E10000000000E8
:0433E20000000000E7
:0433E30000000000E6
:0433E40000000000E5
:0433E50000000000E4
:0433E60000000000E3
:0433E70000000000E2
:0433E80000000000E1
:0433E90000000000E0
:0433EA0000000000DF
:0433EB0000000000DE
:0433EC0000000000DD
:0433ED0000000000DC
:0433EE0000000000DB
:0433EF0000000000DA
:0433F00000000000D9
:0433F10000000000D8
:0433F20000000000D7
:0433F30000000000D6
:0433F40000000000D5
:0433F50000000000D4
:0433F60000000000D3
:0433F70000000000D2
:0433F80000000000D1
:0433F90000000000D0
:0433FA0000000000CF
:0433FB0000000000CE
:0433FC0000000000CD
:0433FD0000000000CC
:0433FE0000000000CB
:0433FF0000000000CA
:0434000000000000C8
:0434010000000000C7
:0434020000000000C6
:0434030000000000C5
:0434040000000000C4
:0434050000000000C3
:0434060000000000C2
:0434070000000000C1
:0434080000000000C0
:0434090000000000BF
:04340A0000000000BE
:04340B0000000000BD
:04340C0000000000BC
:04340D0000000000BB
:04340E0000000000BA
:04340F0000000000B9
:0434100000000000B8
:0434110000000000B7
:0434120000000000B6
:0434130000000000B5
:0434140000000000B4
:0434150000000000B3
:0434160000000000B2
:0434170000000000B1
:0434180000000000B0
:0434190000000000AF
:04341A0000000000AE
:04341B0000000000AD
:04341C0000000000AC
:04341D0000000000AB
:04341E0000000000AA
:04341F0000000000A9
:0434200000000000A8
:0434210000000000A7
:0434220000000000A6
:0434230000000000A5
:0434240000000000A4
:0434250000000000A3
:0434260000000000A2
:0434270000000000A1
:0434280000000000A0
:04342900000000009F
:04342A00000000009E
:04342B00000000009D
:04342C00000000009C
:04342D00000000009B
:04342E00000000009A
:04342F000000000099
:043430000000000098
:043431000000000097
:043432000000000096
:043433000000000095
:043434000000000094
:043435000000000093
:043436000000000092
:043437000000000091
:043438000000000090
:04343900000000008F
:04343A00000000008E
:04343B00000000008D
:04343C00000000008C
:04343D00000000008B
:04343E00000000008A
:04343F000000000089
:043440000000000088
:043441000000000087
:043442000000000086
:043443000000000085
:043444000000000084
:043445000000000083
:043446000000000082
:043447000000000081
:043448000000000080
:04344900000000007F
:04344A00000000007E
:04344B00000000007D
:04344C00000000007C
:04344D00000000007B
:04344E00000000007A
:04344F000000000079
:043450000000000078
:043451000000000077
:043452000000000076
:043453000000000075
:043454000000000074
:043455000000000073
:043456000000000072
:043457000000000071
:043458000000000070
:04345900000000006F
:04345A00000000006E
:04345B00000000006D
:04345C00000000006C
:04345D00000000006B
:04345E00000000006A
:04345F000000000069
:043460000000000068
:043461000000000067
:043462000000000066
:043463000000000065
:043464000000000064
:043465000000000063
:043466000000000062
:043467000000000061
:043468000000000060
:04346900000000005F
:04346A00000000005E
:04346B00000000005D
:04346C00000000005C
:04346D00000000005B
:04346E00000000005A
:04346F000000000059
:043470000000000058
:043471000000000057
:043472000000000056
:043473000000000055
:043474000000000054
:043475000000000053
:043476000000000052
:043477000000000051
:043478000000000050
:04347900000000004F
:04347A00000000004E
:04347B00000000004D
:04347C00000000004C
:04347D00000000004B
:04347E00000000004A
:04347F000000000049
:043480000000000048
:043481000000000047
:043482000000000046
:043483000000000045
:043484000000000044
:043485000000000043
:043486000000000042
:043487000000000041
:043488000000000040
:04348900000000003F
:04348A00000000003E
:04348B00000000003D
:04348C00000000003C
:04348D00000000003B
:04348E00000000003A
:04348F000000000039
:043490000000000038
:043491000000000037
:043492000000000036
:043493000000000035
:043494000000000034
:043495000000000033
:043496000000000032
:043497000000000031
:043498000000000030
:04349900000000002F
:04349A00000000002E
:04349B00000000002D
:04349C00000000002C
:04349D00000000002B
:04349E00000000002A
:04349F000000000029
:0434A0000000000028
:0434A1000000000027
:0434A2000000000026
:0434A3000000000025
:0434A4000000000024
:0434A5000000000023
:0434A6000000000022
:0434A7000000000021
:0434A8000000000020
:0434A900000000001F
:0434AA00000000001E
:0434AB00000000001D
:0434AC00000000001C
:0434AD00000000001B
:0434AE00000000001A
:0434AF000000000019
:0434B0000000000018
:0434B1000000000017
:0434B2000000000016
:0434B3000000000015
:0434B4000000000014
:0434B5000000000013
:0434B6000000000012
:0434B7000000000011
:0434B8000000000010
:0434B900000000000F
:0434BA00000000000E
:0434BB00000000000D
:0434BC00000000000C
:0434BD00000000000B
:0434BE00000000000A
:0434BF000000000009
:0434C0000000000008
:0434C1000000000007
:0434C2000000000006
:0434C3000000000005
:0434C4000000000004
:0434C5000000000003
:0434C6000000000002
:0434C7000000000001
:0434C8000000000000
:0434C90000000000FF
:0434CA0000000000FE
:0434CB0000000000FD
:0434CC0000000000FC
:0434CD0000000000FB
:0434CE0000000000FA
:0434CF0000000000F9
:0434D00000000000F8
:0434D10000000000F7
:0434D20000000000F6
:0434D30000000000F5
:0434D40000000000F4
:0434D50000000000F3
:0434D60000000000F2
:0434D70000000000F1
:0434D80000000000F0
:0434D90000000000EF
:0434DA0000000000EE
:0434DB0000000000ED
:0434DC0000000000EC
:0434DD0000000000EB
:0434DE0000000000EA
:0434DF0000000000E9
:0434E00000000000E8
:0434E10000000000E7
:0434E20000000000E6
:0434E30000000000E5
:0434E40000000000E4
:0434E50000000000E3
:0434E60000000000E2
:0434E70000000000E1
:0434E80000000000E0
:0434E90000000000DF
:0434EA0000000000DE
:0434EB0000000000DD
:0434EC0000000000DC
:0434ED0000000000DB
:0434EE0000000000DA
:0434EF0000000000D9
:0434F00000000000D8
:0434F10000000000D7
:0434F20000000000D6
:0434F30000000000D5
:0434F40000000000D4
:0434F50000000000D3
:0434F60000000000D2
:0434F70000000000D1
:0434F80000000000D0
:0434F90000000000CF
:0434FA0000000000CE
:0434FB0000000000CD
:0434FC0000000000CC
:0434FD0000000000CB
:0434FE0000000000CA
:0434FF0000000000C9
:0435000000000000C7
:0435010000000000C6
:0435020000000000C5
:0435030000000000C4
:0435040000000000C3
:0435050000000000C2
:0435060000000000C1
:0435070000000000C0
:0435080000000000BF
:0435090000000000BE
:04350A0000000000BD
:04350B0000000000BC
:04350C0000000000BB
:04350D0000000000BA
:04350E0000000000B9
:04350F0000000000B8
:0435100000000000B7
:0435110000000000B6
:0435120000000000B5
:0435130000000000B4
:0435140000000000B3
:0435150000000000B2
:0435160000000000B1
:0435170000000000B0
:0435180000000000AF
:0435190000000000AE
:04351A0000000000AD
:04351B0000000000AC
:04351C0000000000AB
:04351D0000000000AA
:04351E0000000000A9
:04351F0000000000A8
:0435200000000000A7
:0435210000000000A6
:0435220000000000A5
:0435230000000000A4
:0435240000000000A3
:0435250000000000A2
:0435260000000000A1
:0435270000000000A0
:04352800000000009F
:04352900000000009E
:04352A00000000009D
:04352B00000000009C
:04352C00000000009B
:04352D00000000009A
:04352E000000000099
:04352F000000000098
:043530000000000097
:043531000000000096
:043532000000000095
:043533000000000094
:043534000000000093
:043535000000000092
:043536000000000091
:043537000000000090
:04353800000000008F
:04353900000000008E
:04353A00000000008D
:04353B00000000008C
:04353C00000000008B
:04353D00000000008A
:04353E000000000089
:04353F000000000088
:043540000000000087
:043541000000000086
:043542000000000085
:043543000000000084
:043544000000000083
:043545000000000082
:043546000000000081
:043547000000000080
:04354800000000007F
:04354900000000007E
:04354A00000000007D
:04354B00000000007C
:04354C00000000007B
:04354D00000000007A
:04354E000000000079
:04354F000000000078
:043550000000000077
:043551000000000076
:043552000000000075
:043553000000000074
:043554000000000073
:043555000000000072
:043556000000000071
:043557000000000070
:04355800000000006F
:04355900000000006E
:04355A00000000006D
:04355B00000000006C
:04355C00000000006B
:04355D00000000006A
:04355E000000000069
:04355F000000000068
:043560000000000067
:043561000000000066
:043562000000000065
:043563000000000064
:043564000000000063
:043565000000000062
:043566000000000061
:043567000000000060
:04356800000000005F
:04356900000000005E
:04356A00000000005D
:04356B00000000005C
:04356C00000000005B
:04356D00000000005A
:04356E000000000059
:04356F000000000058
:043570000000000057
:043571000000000056
:043572000000000055
:043573000000000054
:043574000000000053
:043575000000000052
:043576000000000051
:043577000000000050
:04357800000000004F
:04357900000000004E
:04357A00000000004D
:04357B00000000004C
:04357C00000000004B
:04357D00000000004A
:04357E000000000049
:04357F000000000048
:043580000000000047
:043581000000000046
:043582000000000045
:043583000000000044
:043584000000000043
:043585000000000042
:043586000000000041
:043587000000000040
:04358800000000003F
:04358900000000003E
:04358A00000000003D
:04358B00000000003C
:04358C00000000003B
:04358D00000000003A
:04358E000000000039
:04358F000000000038
:043590000000000037
:043591000000000036
:043592000000000035
:043593000000000034
:043594000000000033
:043595000000000032
:043596000000000031
:043597000000000030
:04359800000000002F
:04359900000000002E
:04359A00000000002D
:04359B00000000002C
:04359C00000000002B
:04359D00000000002A
:04359E000000000029
:04359F000000000028
:0435A0000000000027
:0435A1000000000026
:0435A2000000000025
:0435A3000000000024
:0435A4000000000023
:0435A5000000000022
:0435A6000000000021
:0435A7000000000020
:0435A800000000001F
:0435A900000000001E
:0435AA00000000001D
:0435AB00000000001C
:0435AC00000000001B
:0435AD00000000001A
:0435AE000000000019
:0435AF000000000018
:0435B0000000000017
:0435B1000000000016
:0435B2000000000015
:0435B3000000000014
:0435B4000000000013
:0435B5000000000012
:0435B6000000000011
:0435B7000000000010
:0435B800000000000F
:0435B900000000000E
:0435BA00000000000D
:0435BB00000000000C
:0435BC00000000000B
:0435BD00000000000A
:0435BE000000000009
:0435BF000000000008
:0435C0000000000007
:0435C1000000000006
:0435C2000000000005
:0435C3000000000004
:0435C4000000000003
:0435C5000000000002
:0435C6000000000001
:0435C7000000000000
:0435C80000000000FF
:0435C90000000000FE
:0435CA0000000000FD
:0435CB0000000000FC
:0435CC0000000000FB
:0435CD0000000000FA
:0435CE0000000000F9
:0435CF0000000000F8
:0435D00000000000F7
:0435D10000000000F6
:0435D20000000000F5
:0435D30000000000F4
:0435D40000000000F3
:0435D50000000000F2
:0435D60000000000F1
:0435D70000000000F0
:0435D80000000000EF
:0435D90000000000EE
:0435DA0000000000ED
:0435DB0000000000EC
:0435DC0000000000EB
:0435DD0000000000EA
:0435DE0000000000E9
:0435DF0000000000E8
:0435E00000000000E7
:0435E10000000000E6
:0435E20000000000E5
:0435E30000000000E4
:0435E40000000000E3
:0435E50000000000E2
:0435E60000000000E1
:0435E70000000000E0
:0435E80000000000DF
:0435E90000000000DE
:0435EA0000000000DD
:0435EB0000000000DC
:0435EC0000000000DB
:0435ED0000000000DA
:0435EE0000000000D9
:0435EF0000000000D8
:0435F00000000000D7
:0435F10000000000D6
:0435F20000000000D5
:0435F30000000000D4
:0435F40000000000D3
:0435F50000000000D2
:0435F60000000000D1
:0435F70000000000D0
:0435F80000000000CF
:0435F90000000000CE
:0435FA0000000000CD
:0435FB0000000000CC
:0435FC0000000000CB
:0435FD0000000000CA
:0435FE0000000000C9
:0435FF0000000000C8
:0436000000000000C6
:0436010000000000C5
:0436020000000000C4
:0436030000000000C3
:0436040000000000C2
:0436050000000000C1
:0436060000000000C0
:0436070000000000BF
:0436080000000000BE
:0436090000000000BD
:04360A0000000000BC
:04360B0000000000BB
:04360C0000000000BA
:04360D0000000000B9
:04360E0000000000B8
:04360F0000000000B7
:0436100000000000B6
:0436110000000000B5
:0436120000000000B4
:0436130000000000B3
:0436140000000000B2
:0436150000000000B1
:0436160000000000B0
:0436170000000000AF
:0436180000000000AE
:0436190000000000AD
:04361A0000000000AC
:04361B0000000000AB
:04361C0000000000AA
:04361D0000000000A9
:04361E0000000000A8
:04361F0000000000A7
:0436200000000000A6
:0436210000000000A5
:0436220000000000A4
:0436230000000000A3
:0436240000000000A2
:0436250000000000A1
:0436260000000000A0
:04362700000000009F
:04362800000000009E
:04362900000000009D
:04362A00000000009C
:04362B00000000009B
:04362C00000000009A
:04362D000000000099
:04362E000000000098
:04362F000000000097
:043630000000000096
:043631000000000095
:043632000000000094
:043633000000000093
:043634000000000092
:043635000000000091
:043636000000000090
:04363700000000008F
:04363800000000008E
:04363900000000008D
:04363A00000000008C
:04363B00000000008B
:04363C00000000008A
:04363D000000000089
:04363E000000000088
:04363F000000000087
:043640000000000086
:043641000000000085
:043642000000000084
:043643000000000083
:043644000000000082
:043645000000000081
:043646000000000080
:04364700000000007F
:04364800000000007E
:04364900000000007D
:04364A00000000007C
:04364B00000000007B
:04364C00000000007A
:04364D000000000079
:04364E000000000078
:04364F000000000077
:043650000000000076
:043651000000000075
:043652000000000074
:043653000000000073
:043654000000000072
:043655000000000071
:043656000000000070
:04365700000000006F
:04365800000000006E
:04365900000000006D
:04365A00000000006C
:04365B00000000006B
:04365C00000000006A
:04365D000000000069
:04365E000000000068
:04365F000000000067
:043660000000000066
:043661000000000065
:043662000000000064
:043663000000000063
:043664000000000062
:043665000000000061
:043666000000000060
:04366700000000005F
:04366800000000005E
:04366900000000005D
:04366A00000000005C
:04366B00000000005B
:04366C00000000005A
:04366D000000000059
:04366E000000000058
:04366F000000000057
:043670000000000056
:043671000000000055
:043672000000000054
:043673000000000053
:043674000000000052
:043675000000000051
:043676000000000050
:04367700000000004F
:04367800000000004E
:04367900000000004D
:04367A00000000004C
:04367B00000000004B
:04367C00000000004A
:04367D000000000049
:04367E000000000048
:04367F000000000047
:043680000000000046
:043681000000000045
:043682000000000044
:043683000000000043
:043684000000000042
:043685000000000041
:043686000000000040
:04368700000000003F
:04368800000000003E
:04368900000000003D
:04368A00000000003C
:04368B00000000003B
:04368C00000000003A
:04368D000000000039
:04368E000000000038
:04368F000000000037
:043690000000000036
:043691000000000035
:043692000000000034
:043693000000000033
:043694000000000032
:043695000000000031
:043696000000000030
:04369700000000002F
:04369800000000002E
:04369900000000002D
:04369A00000000002C
:04369B00000000002B
:04369C00000000002A
:04369D000000000029
:04369E000000000028
:04369F000000000027
:0436A0000000000026
:0436A1000000000025
:0436A2000000000024
:0436A3000000000023
:0436A4000000000022
:0436A5000000000021
:0436A6000000000020
:0436A700000000001F
:0436A800000000001E
:0436A900000000001D
:0436AA00000000001C
:0436AB00000000001B
:0436AC00000000001A
:0436AD000000000019
:0436AE000000000018
:0436AF000000000017
:0436B0000000000016
:0436B1000000000015
:0436B2000000000014
:0436B3000000000013
:0436B4000000000012
:0436B5000000000011
:0436B6000000000010
:0436B700000000000F
:0436B800000000000E
:0436B900000000000D
:0436BA00000000000C
:0436BB00000000000B
:0436BC00000000000A
:0436BD000000000009
:0436BE000000000008
:0436BF000000000007
:0436C0000000000006
:0436C1000000000005
:0436C2000000000004
:0436C3000000000003
:0436C4000000000002
:0436C5000000000001
:0436C6000000000000
:0436C70000000000FF
:0436C80000000000FE
:0436C90000000000FD
:0436CA0000000000FC
:0436CB0000000000FB
:0436CC0000000000FA
:0436CD0000000000F9
:0436CE0000000000F8
:0436CF0000000000F7
:0436D00000000000F6
:0436D10000000000F5
:0436D20000000000F4
:0436D30000000000F3
:0436D40000000000F2
:0436D50000000000F1
:0436D60000000000F0
:0436D70000000000EF
:0436D80000000000EE
:0436D90000000000ED
:0436DA0000000000EC
:0436DB0000000000EB
:0436DC0000000000EA
:0436DD0000000000E9
:0436DE0000000000E8
:0436DF0000000000E7
:0436E00000000000E6
:0436E10000000000E5
:0436E20000000000E4
:0436E30000000000E3
:0436E40000000000E2
:0436E50000000000E1
:0436E60000000000E0
:0436E70000000000DF
:0436E80000000000DE
:0436E90000000000DD
:0436EA0000000000DC
:0436EB0000000000DB
:0436EC0000000000DA
:0436ED0000000000D9
:0436EE0000000000D8
:0436EF0000000000D7
:0436F00000000000D6
:0436F10000000000D5
:0436F20000000000D4
:0436F30000000000D3
:0436F40000000000D2
:0436F50000000000D1
:0436F60000000000D0
:0436F70000000000CF
:0436F80000000000CE
:0436F90000000000CD
:0436FA0000000000CC
:0436FB0000000000CB
:0436FC0000000000CA
:0436FD0000000000C9
:0436FE0000000000C8
:0436FF0000000000C7
:0437000000000000C5
:0437010000000000C4
:0437020000000000C3
:0437030000000000C2
:0437040000000000C1
:0437050000000000C0
:0437060000000000BF
:0437070000000000BE
:0437080000000000BD
:0437090000000000BC
:04370A0000000000BB
:04370B0000000000BA
:04370C0000000000B9
:04370D0000000000B8
:04370E0000000000B7
:04370F0000000000B6
:0437100000000000B5
:0437110000000000B4
:0437120000000000B3
:0437130000000000B2
:0437140000000000B1
:0437150000000000B0
:0437160000000000AF
:0437170000000000AE
:0437180000000000AD
:0437190000000000AC
:04371A0000000000AB
:04371B0000000000AA
:04371C0000000000A9
:04371D0000000000A8
:04371E0000000000A7
:04371F0000000000A6
:0437200000000000A5
:0437210000000000A4
:0437220000000000A3
:0437230000000000A2
:0437240000000000A1
:0437250000000000A0
:04372600000000009F
:04372700000000009E
:04372800000000009D
:04372900000000009C
:04372A00000000009B
:04372B00000000009A
:04372C000000000099
:04372D000000000098
:04372E000000000097
:04372F000000000096
:043730000000000095
:043731000000000094
:043732000000000093
:043733000000000092
:043734000000000091
:043735000000000090
:04373600000000008F
:04373700000000008E
:04373800000000008D
:04373900000000008C
:04373A00000000008B
:04373B00000000008A
:04373C000000000089
:04373D000000000088
:04373E000000000087
:04373F000000000086
:043740000000000085
:043741000000000084
:043742000000000083
:043743000000000082
:043744000000000081
:043745000000000080
:04374600000000007F
:04374700000000007E
:04374800000000007D
:04374900000000007C
:04374A00000000007B
:04374B00000000007A
:04374C000000000079
:04374D000000000078
:04374E000000000077
:04374F000000000076
:043750000000000075
:043751000000000074
:043752000000000073
:043753000000000072
:043754000000000071
:043755000000000070
:04375600000000006F
:04375700000000006E
:04375800000000006D
:04375900000000006C
:04375A00000000006B
:04375B00000000006A
:04375C000000000069
:04375D000000000068
:04375E000000000067
:04375F000000000066
:043760000000000065
:043761000000000064
:043762000000000063
:043763000000000062
:043764000000000061
:043765000000000060
:04376600000000005F
:04376700000000005E
:04376800000000005D
:04376900000000005C
:04376A00000000005B
:04376B00000000005A
:04376C000000000059
:04376D000000000058
:04376E000000000057
:04376F000000000056
:043770000000000055
:043771000000000054
:043772000000000053
:043773000000000052
:043774000000000051
:043775000000000050
:04377600000000004F
:04377700000000004E
:04377800000000004D
:04377900000000004C
:04377A00000000004B
:04377B00000000004A
:04377C000000000049
:04377D000000000048
:04377E000000000047
:04377F000000000046
:043780000000000045
:043781000000000044
:043782000000000043
:043783000000000042
:043784000000000041
:043785000000000040
:04378600000000003F
:04378700000000003E
:04378800000000003D
:04378900000000003C
:04378A00000000003B
:04378B00000000003A
:04378C000000000039
:04378D000000000038
:04378E000000000037
:04378F000000000036
:043790000000000035
:043791000000000034
:043792000000000033
:043793000000000032
:043794000000000031
:043795000000000030
:04379600000000002F
:04379700000000002E
:04379800000000002D
:04379900000000002C
:04379A00000000002B
:04379B00000000002A
:04379C000000000029
:04379D000000000028
:04379E000000000027
:04379F000000000026
:0437A0000000000025
:0437A1000000000024
:0437A2000000000023
:0437A3000000000022
:0437A4000000000021
:0437A5000000000020
:0437A600000000001F
:0437A700000000001E
:0437A800000000001D
:0437A900000000001C
:0437AA00000000001B
:0437AB00000000001A
:0437AC000000000019
:0437AD000000000018
:0437AE000000000017
:0437AF000000000016
:0437B0000000000015
:0437B1000000000014
:0437B2000000000013
:0437B3000000000012
:0437B4000000000011
:0437B5000000000010
:0437B600000000000F
:0437B700000000000E
:0437B800000000000D
:0437B900000000000C
:0437BA00000000000B
:0437BB00000000000A
:0437BC000000000009
:0437BD000000000008
:0437BE000000000007
:0437BF000000000006
:0437C0000000000005
:0437C1000000000004
:0437C2000000000003
:0437C3000000000002
:0437C4000000000001
:0437C5000000000000
:0437C60000000000FF
:0437C70000000000FE
:0437C80000000000FD
:0437C90000000000FC
:0437CA0000000000FB
:0437CB0000000000FA
:0437CC0000000000F9
:0437CD0000000000F8
:0437CE0000000000F7
:0437CF0000000000F6
:0437D00000000000F5
:0437D10000000000F4
:0437D20000000000F3
:0437D30000000000F2
:0437D40000000000F1
:0437D50000000000F0
:0437D60000000000EF
:0437D70000000000EE
:0437D80000000000ED
:0437D90000000000EC
:0437DA0000000000EB
:0437DB0000000000EA
:0437DC0000000000E9
:0437DD0000000000E8
:0437DE0000000000E7
:0437DF0000000000E6
:0437E00000000000E5
:0437E10000000000E4
:0437E20000000000E3
:0437E30000000000E2
:0437E40000000000E1
:0437E50000000000E0
:0437E60000000000DF
:0437E70000000000DE
:0437E80000000000DD
:0437E90000000000DC
:0437EA0000000000DB
:0437EB0000000000DA
:0437EC0000000000D9
:0437ED0000000000D8
:0437EE0000000000D7
:0437EF0000000000D6
:0437F00000000000D5
:0437F10000000000D4
:0437F20000000000D3
:0437F30000000000D2
:0437F40000000000D1
:0437F50000000000D0
:0437F60000000000CF
:0437F70000000000CE
:0437F80000000000CD
:0437F90000000000CC
:0437FA0000000000CB
:0437FB0000000000CA
:0437FC0000000000C9
:0437FD0000000000C8
:0437FE0000000000C7
:0437FF0000000000C6
:0438000000000000C4
:0438010000000000C3
:0438020000000000C2
:0438030000000000C1
:0438040000000000C0
:0438050000000000BF
:0438060000000000BE
:0438070000000000BD
:0438080000000000BC
:0438090000000000BB
:04380A0000000000BA
:04380B0000000000B9
:04380C0000000000B8
:04380D0000000000B7
:04380E0000000000B6
:04380F0000000000B5
:0438100000000000B4
:0438110000000000B3
:0438120000000000B2
:0438130000000000B1
:0438140000000000B0
:0438150000000000AF
:0438160000000000AE
:0438170000000000AD
:0438180000000000AC
:0438190000000000AB
:04381A0000000000AA
:04381B0000000000A9
:04381C0000000000A8
:04381D0000000000A7
:04381E0000000000A6
:04381F0000000000A5
:0438200000000000A4
:0438210000000000A3
:0438220000000000A2
:0438230000000000A1
:0438240000000000A0
:04382500000000009F
:04382600000000009E
:04382700000000009D
:04382800000000009C
:04382900000000009B
:04382A00000000009A
:04382B000000000099
:04382C000000000098
:04382D000000000097
:04382E000000000096
:04382F000000000095
:043830000000000094
:043831000000000093
:043832000000000092
:043833000000000091
:043834000000000090
:04383500000000008F
:04383600000000008E
:04383700000000008D
:04383800000000008C
:04383900000000008B
:04383A00000000008A
:04383B000000000089
:04383C000000000088
:04383D000000000087
:04383E000000000086
:04383F000000000085
:043840000000000084
:043841000000000083
:043842000000000082
:043843000000000081
:043844000000000080
:04384500000000007F
:04384600000000007E
:04384700000000007D
:04384800000000007C
:04384900000000007B
:04384A00000000007A
:04384B000000000079
:04384C000000000078
:04384D000000000077
:04384E000000000076
:04384F000000000075
:043850000000000074
:043851000000000073
:043852000000000072
:043853000000000071
:043854000000000070
:04385500000000006F
:04385600000000006E
:04385700000000006D
:04385800000000006C
:04385900000000006B
:04385A00000000006A
:04385B000000000069
:04385C000000000068
:04385D000000000067
:04385E000000000066
:04385F000000000065
:043860000000000064
:043861000000000063
:043862000000000062
:043863000000000061
:043864000000000060
:04386500000000005F
:04386600000000005E
:04386700000000005D
:04386800000000005C
:04386900000000005B
:04386A00000000005A
:04386B000000000059
:04386C000000000058
:04386D000000000057
:04386E000000000056
:04386F000000000055
:043870000000000054
:043871000000000053
:043872000000000052
:043873000000000051
:043874000000000050
:04387500000000004F
:04387600000000004E
:04387700000000004D
:04387800000000004C
:04387900000000004B
:04387A00000000004A
:04387B000000000049
:04387C000000000048
:04387D000000000047
:04387E000000000046
:04387F000000000045
:043880000000000044
:043881000000000043
:043882000000000042
:043883000000000041
:043884000000000040
:04388500000000003F
:04388600000000003E
:04388700000000003D
:04388800000000003C
:04388900000000003B
:04388A00000000003A
:04388B000000000039
:04388C000000000038
:04388D000000000037
:04388E000000000036
:04388F000000000035
:043890000000000034
:043891000000000033
:043892000000000032
:043893000000000031
:043894000000000030
:04389500000000002F
:04389600000000002E
:04389700000000002D
:04389800000000002C
:04389900000000002B
:04389A00000000002A
:04389B000000000029
:04389C000000000028
:04389D000000000027
:04389E000000000026
:04389F000000000025
:0438A0000000000024
:0438A1000000000023
:0438A2000000000022
:0438A3000000000021
:0438A4000000000020
:0438A500000000001F
:0438A600000000001E
:0438A700000000001D
:0438A800000000001C
:0438A900000000001B
:0438AA00000000001A
:0438AB000000000019
:0438AC000000000018
:0438AD000000000017
:0438AE000000000016
:0438AF000000000015
:0438B0000000000014
:0438B1000000000013
:0438B2000000000012
:0438B3000000000011
:0438B4000000000010
:0438B500000000000F
:0438B600000000000E
:0438B700000000000D
:0438B800000000000C
:0438B900000000000B
:0438BA00000000000A
:0438BB000000000009
:0438BC000000000008
:0438BD000000000007
:0438BE000000000006
:0438BF000000000005
:0438C0000000000004
:0438C1000000000003
:0438C2000000000002
:0438C3000000000001
:0438C4000000000000
:0438C50000000000FF
:0438C60000000000FE
:0438C70000000000FD
:0438C80000000000FC
:0438C90000000000FB
:0438CA0000000000FA
:0438CB0000000000F9
:0438CC0000000000F8
:0438CD0000000000F7
:0438CE0000000000F6
:0438CF0000000000F5
:0438D00000000000F4
:0438D10000000000F3
:0438D20000000000F2
:0438D30000000000F1
:0438D40000000000F0
:0438D50000000000EF
:0438D60000000000EE
:0438D70000000000ED
:0438D80000000000EC
:0438D90000000000EB
:0438DA0000000000EA
:0438DB0000000000E9
:0438DC0000000000E8
:0438DD0000000000E7
:0438DE0000000000E6
:0438DF0000000000E5
:0438E00000000000E4
:0438E10000000000E3
:0438E20000000000E2
:0438E30000000000E1
:0438E40000000000E0
:0438E50000000000DF
:0438E60000000000DE
:0438E70000000000DD
:0438E80000000000DC
:0438E90000000000DB
:0438EA0000000000DA
:0438EB0000000000D9
:0438EC0000000000D8
:0438ED0000000000D7
:0438EE0000000000D6
:0438EF0000000000D5
:0438F00000000000D4
:0438F10000000000D3
:0438F20000000000D2
:0438F30000000000D1
:0438F40000000000D0
:0438F50000000000CF
:0438F60000000000CE
:0438F70000000000CD
:0438F80000000000CC
:0438F90000000000CB
:0438FA0000000000CA
:0438FB0000000000C9
:0438FC0000000000C8
:0438FD0000000000C7
:0438FE0000000000C6
:0438FF0000000000C5
:0439000000000000C3
:0439010000000000C2
:0439020000000000C1
:0439030000000000C0
:0439040000000000BF
:0439050000000000BE
:0439060000000000BD
:0439070000000000BC
:0439080000000000BB
:0439090000000000BA
:04390A0000000000B9
:04390B0000000000B8
:04390C0000000000B7
:04390D0000000000B6
:04390E0000000000B5
:04390F0000000000B4
:0439100000000000B3
:0439110000000000B2
:0439120000000000B1
:0439130000000000B0
:0439140000000000AF
:0439150000000000AE
:0439160000000000AD
:0439170000000000AC
:0439180000000000AB
:0439190000000000AA
:04391A0000000000A9
:04391B0000000000A8
:04391C0000000000A7
:04391D0000000000A6
:04391E0000000000A5
:04391F0000000000A4
:0439200000000000A3
:0439210000000000A2
:0439220000000000A1
:0439230000000000A0
:04392400000000009F
:04392500000000009E
:04392600000000009D
:04392700000000009C
:04392800000000009B
:04392900000000009A
:04392A000000000099
:04392B000000000098
:04392C000000000097
:04392D000000000096
:04392E000000000095
:04392F000000000094
:043930000000000093
:043931000000000092
:043932000000000091
:043933000000000090
:04393400000000008F
:04393500000000008E
:04393600000000008D
:04393700000000008C
:04393800000000008B
:04393900000000008A
:04393A000000000089
:04393B000000000088
:04393C000000000087
:04393D000000000086
:04393E000000000085
:04393F000000000084
:043940000000000083
:043941000000000082
:043942000000000081
:043943000000000080
:04394400000000007F
:04394500000000007E
:04394600000000007D
:04394700000000007C
:04394800000000007B
:04394900000000007A
:04394A000000000079
:04394B000000000078
:04394C000000000077
:04394D000000000076
:04394E000000000075
:04394F000000000074
:043950000000000073
:043951000000000072
:043952000000000071
:043953000000000070
:04395400000000006F
:04395500000000006E
:04395600000000006D
:04395700000000006C
:04395800000000006B
:04395900000000006A
:04395A000000000069
:04395B000000000068
:04395C000000000067
:04395D000000000066
:04395E000000000065
:04395F000000000064
:043960000000000063
:043961000000000062
:043962000000000061
:043963000000000060
:04396400000000005F
:04396500000000005E
:04396600000000005D
:04396700000000005C
:04396800000000005B
:04396900000000005A
:04396A000000000059
:04396B000000000058
:04396C000000000057
:04396D000000000056
:04396E000000000055
:04396F000000000054
:043970000000000053
:043971000000000052
:043972000000000051
:043973000000000050
:04397400000000004F
:04397500000000004E
:04397600000000004D
:04397700000000004C
:04397800000000004B
:04397900000000004A
:04397A000000000049
:04397B000000000048
:04397C000000000047
:04397D000000000046
:04397E000000000045
:04397F000000000044
:043980000000000043
:043981000000000042
:043982000000000041
:043983000000000040
:04398400000000003F
:04398500000000003E
:04398600000000003D
:04398700000000003C
:04398800000000003B
:04398900000000003A
:04398A000000000039
:04398B000000000038
:04398C000000000037
:04398D000000000036
:04398E000000000035
:04398F000000000034
:043990000000000033
:043991000000000032
:043992000000000031
:043993000000000030
:04399400000000002F
:04399500000000002E
:04399600000000002D
:04399700000000002C
:04399800000000002B
:04399900000000002A
:04399A000000000029
:04399B000000000028
:04399C000000000027
:04399D000000000026
:04399E000000000025
:04399F000000000024
:0439A0000000000023
:0439A1000000000022
:0439A2000000000021
:0439A3000000000020
:0439A400000000001F
:0439A500000000001E
:0439A600000000001D
:0439A700000000001C
:0439A800000000001B
:0439A900000000001A
:0439AA000000000019
:0439AB000000000018
:0439AC000000000017
:0439AD000000000016
:0439AE000000000015
:0439AF000000000014
:0439B0000000000013
:0439B1000000000012
:0439B2000000000011
:0439B3000000000010
:0439B400000000000F
:0439B500000000000E
:0439B600000000000D
:0439B700000000000C
:0439B800000000000B
:0439B900000000000A
:0439BA000000000009
:0439BB000000000008
:0439BC000000000007
:0439BD000000000006
:0439BE000000000005
:0439BF000000000004
:0439C0000000000003
:0439C1000000000002
:0439C2000000000001
:0439C3000000000000
:0439C40000000000FF
:0439C50000000000FE
:0439C60000000000FD
:0439C70000000000FC
:0439C80000000000FB
:0439C90000000000FA
:0439CA0000000000F9
:0439CB0000000000F8
:0439CC0000000000F7
:0439CD0000000000F6
:0439CE0000000000F5
:0439CF0000000000F4
:0439D00000000000F3
:0439D10000000000F2
:0439D20000000000F1
:0439D30000000000F0
:0439D40000000000EF
:0439D50000000000EE
:0439D60000000000ED
:0439D70000000000EC
:0439D80000000000EB
:0439D90000000000EA
:0439DA0000000000E9
:0439DB0000000000E8
:0439DC0000000000E7
:0439DD0000000000E6
:0439DE0000000000E5
:0439DF0000000000E4
:0439E00000000000E3
:0439E10000000000E2
:0439E20000000000E1
:0439E30000000000E0
:0439E40000000000DF
:0439E50000000000DE
:0439E60000000000DD
:0439E70000000000DC
:0439E80000000000DB
:0439E90000000000DA
:0439EA0000000000D9
:0439EB0000000000D8
:0439EC0000000000D7
:0439ED0000000000D6
:0439EE0000000000D5
:0439EF0000000000D4
:0439F00000000000D3
:0439F10000000000D2
:0439F20000000000D1
:0439F30000000000D0
:0439F40000000000CF
:0439F50000000000CE
:0439F60000000000CD
:0439F70000000000CC
:0439F80000000000CB
:0439F90000000000CA
:0439FA0000000000C9
:0439FB0000000000C8
:0439FC0000000000C7
:0439FD0000000000C6
:0439FE0000000000C5
:0439FF0000000000C4
:043A000000000000C2
:043A010000000000C1
:043A020000000000C0
:043A030000000000BF
:043A040000000000BE
:043A050000000000BD
:043A060000000000BC
:043A070000000000BB
:043A080000000000BA
:043A090000000000B9
:043A0A0000000000B8
:043A0B0000000000B7
:043A0C0000000000B6
:043A0D0000000000B5
:043A0E0000000000B4
:043A0F0000000000B3
:043A100000000000B2
:043A110000000000B1
:043A120000000000B0
:043A130000000000AF
:043A140000000000AE
:043A150000000000AD
:043A160000000000AC
:043A170000000000AB
:043A180000000000AA
:043A190000000000A9
:043A1A0000000000A8
:043A1B0000000000A7
:043A1C0000000000A6
:043A1D0000000000A5
:043A1E0000000000A4
:043A1F0000000000A3
:043A200000000000A2
:043A210000000000A1
:043A220000000000A0
:043A2300000000009F
:043A2400000000009E
:043A2500000000009D
:043A2600000000009C
:043A2700000000009B
:043A2800000000009A
:043A29000000000099
:043A2A000000000098
:043A2B000000000097
:043A2C000000000096
:043A2D000000000095
:043A2E000000000094
:043A2F000000000093
:043A30000000000092
:043A31000000000091
:043A32000000000090
:043A3300000000008F
:043A3400000000008E
:043A3500000000008D
:043A3600000000008C
:043A3700000000008B
:043A3800000000008A
:043A39000000000089
:043A3A000000000088
:043A3B000000000087
:043A3C000000000086
:043A3D000000000085
:043A3E000000000084
:043A3F000000000083
:043A40000000000082
:043A41000000000081
:043A42000000000080
:043A4300000000007F
:043A4400000000007E
:043A4500000000007D
:043A4600000000007C
:043A4700000000007B
:043A4800000000007A
:043A49000000000079
:043A4A000000000078
:043A4B000000000077
:043A4C000000000076
:043A4D000000000075
:043A4E000000000074
:043A4F000000000073
:043A50000000000072
:043A51000000000071
:043A52000000000070
:043A5300000000006F
:043A5400000000006E
:043A5500000000006D
:043A5600000000006C
:043A5700000000006B
:043A5800000000006A
:043A59000000000069
:043A5A000000000068
:043A5B000000000067
:043A5C000000000066
:043A5D000000000065
:043A5E000000000064
:043A5F000000000063
:043A60000000000062
:043A61000000000061
:043A62000000000060
:043A6300000000005F
:043A6400000000005E
:043A6500000000005D
:043A6600000000005C
:043A6700000000005B
:043A6800000000005A
:043A69000000000059
:043A6A000000000058
:043A6B000000000057
:043A6C000000000056
:043A6D000000000055
:043A6E000000000054
:043A6F000000000053
:043A70000000000052
:043A71000000000051
:043A72000000000050
:043A7300000000004F
:043A7400000000004E
:043A7500000000004D
:043A7600000000004C
:043A7700000000004B
:043A7800000000004A
:043A79000000000049
:043A7A000000000048
:043A7B000000000047
:043A7C000000000046
:043A7D000000000045
:043A7E000000000044
:043A7F000000000043
:043A80000000000042
:043A81000000000041
:043A82000000000040
:043A8300000000003F
:043A8400000000003E
:043A8500000000003D
:043A8600000000003C
:043A8700000000003B
:043A8800000000003A
:043A89000000000039
:043A8A000000000038
:043A8B000000000037
:043A8C000000000036
:043A8D000000000035
:043A8E000000000034
:043A8F000000000033
:043A90000000000032
:043A91000000000031
:043A92000000000030
:043A9300000000002F
:043A9400000000002E
:043A9500000000002D
:043A9600000000002C
:043A9700000000002B
:043A9800000000002A
:043A99000000000029
:043A9A000000000028
:043A9B000000000027
:043A9C000000000026
:043A9D000000000025
:043A9E000000000024
:043A9F000000000023
:043AA0000000000022
:043AA1000000000021
:043AA2000000000020
:043AA300000000001F
:043AA400000000001E
:043AA500000000001D
:043AA600000000001C
:043AA700000000001B
:043AA800000000001A
:043AA9000000000019
:043AAA000000000018
:043AAB000000000017
:043AAC000000000016
:043AAD000000000015
:043AAE000000000014
:043AAF000000000013
:043AB0000000000012
:043AB1000000000011
:043AB2000000000010
:043AB300000000000F
:043AB400000000000E
:043AB500000000000D
:043AB600000000000C
:043AB700000000000B
:043AB800000000000A
:043AB9000000000009
:043ABA000000000008
:043ABB000000000007
:043ABC000000000006
:043ABD000000000005
:043ABE000000000004
:043ABF000000000003
:043AC0000000000002
:043AC1000000000001
:043AC2000000000000
:043AC30000000000FF
:043AC40000000000FE
:043AC50000000000FD
:043AC60000000000FC
:043AC70000000000FB
:043AC80000000000FA
:043AC90000000000F9
:043ACA0000000000F8
:043ACB0000000000F7
:043ACC0000000000F6
:043ACD0000000000F5
:043ACE0000000000F4
:043ACF0000000000F3
:043AD00000000000F2
:043AD10000000000F1
:043AD20000000000F0
:043AD30000000000EF
:043AD40000000000EE
:043AD50000000000ED
:043AD60000000000EC
:043AD70000000000EB
:043AD80000000000EA
:043AD90000000000E9
:043ADA0000000000E8
:043ADB0000000000E7
:043ADC0000000000E6
:043ADD0000000000E5
:043ADE0000000000E4
:043ADF0000000000E3
:043AE00000000000E2
:043AE10000000000E1
:043AE20000000000E0
:043AE30000000000DF
:043AE40000000000DE
:043AE50000000000DD
:043AE60000000000DC
:043AE70000000000DB
:043AE80000000000DA
:043AE90000000000D9
:043AEA0000000000D8
:043AEB0000000000D7
:043AEC0000000000D6
:043AED0000000000D5
:043AEE0000000000D4
:043AEF0000000000D3
:043AF00000000000D2
:043AF10000000000D1
:043AF20000000000D0
:043AF30000000000CF
:043AF40000000000CE
:043AF50000000000CD
:043AF60000000000CC
:043AF70000000000CB
:043AF80000000000CA
:043AF90000000000C9
:043AFA0000000000C8
:043AFB0000000000C7
:043AFC0000000000C6
:043AFD0000000000C5
:043AFE0000000000C4
:043AFF0000000000C3
:043B000000000000C1
:043B010000000000C0
:043B020000000000BF
:043B030000000000BE
:043B040000000000BD
:043B050000000000BC
:043B060000000000BB
:043B070000000000BA
:043B080000000000B9
:043B090000000000B8
:043B0A0000000000B7
:043B0B0000000000B6
:043B0C0000000000B5
:043B0D0000000000B4
:043B0E0000000000B3
:043B0F0000000000B2
:043B100000000000B1
:043B110000000000B0
:043B120000000000AF
:043B130000000000AE
:043B140000000000AD
:043B150000000000AC
:043B160000000000AB
:043B170000000000AA
:043B180000000000A9
:043B190000000000A8
:043B1A0000000000A7
:043B1B0000000000A6
:043B1C0000000000A5
:043B1D0000000000A4
:043B1E0000000000A3
:043B1F0000000000A2
:043B200000000000A1
:043B210000000000A0
:043B2200000000009F
:043B2300000000009E
:043B2400000000009D
:043B2500000000009C
:043B2600000000009B
:043B2700000000009A
:043B28000000000099
:043B29000000000098
:043B2A000000000097
:043B2B000000000096
:043B2C000000000095
:043B2D000000000094
:043B2E000000000093
:043B2F000000000092
:043B30000000000091
:043B31000000000090
:043B3200000000008F
:043B3300000000008E
:043B3400000000008D
:043B3500000000008C
:043B3600000000008B
:043B3700000000008A
:043B38000000000089
:043B39000000000088
:043B3A000000000087
:043B3B000000000086
:043B3C000000000085
:043B3D000000000084
:043B3E000000000083
:043B3F000000000082
:043B40000000000081
:043B41000000000080
:043B4200000000007F
:043B4300000000007E
:043B4400000000007D
:043B4500000000007C
:043B4600000000007B
:043B4700000000007A
:043B48000000000079
:043B49000000000078
:043B4A000000000077
:043B4B000000000076
:043B4C000000000075
:043B4D000000000074
:043B4E000000000073
:043B4F000000000072
:043B50000000000071
:043B51000000000070
:043B5200000000006F
:043B5300000000006E
:043B5400000000006D
:043B5500000000006C
:043B5600000000006B
:043B5700000000006A
:043B58000000000069
:043B59000000000068
:043B5A000000000067
:043B5B000000000066
:043B5C000000000065
:043B5D000000000064
:043B5E000000000063
:043B5F000000000062
:043B60000000000061
:043B61000000000060
:043B6200000000005F
:043B6300000000005E
:043B6400000000005D
:043B6500000000005C
:043B6600000000005B
:043B6700000000005A
:043B68000000000059
:043B69000000000058
:043B6A000000000057
:043B6B000000000056
:043B6C000000000055
:043B6D000000000054
:043B6E000000000053
:043B6F000000000052
:043B70000000000051
:043B71000000000050
:043B7200000000004F
:043B7300000000004E
:043B7400000000004D
:043B7500000000004C
:043B7600000000004B
:043B7700000000004A
:043B78000000000049
:043B79000000000048
:043B7A000000000047
:043B7B000000000046
:043B7C000000000045
:043B7D000000000044
:043B7E000000000043
:043B7F000000000042
:043B80000000000041
:043B81000000000040
:043B8200000000003F
:043B8300000000003E
:043B8400000000003D
:043B8500000000003C
:043B8600000000003B
:043B8700000000003A
:043B88000000000039
:043B89000000000038
:043B8A000000000037
:043B8B000000000036
:043B8C000000000035
:043B8D000000000034
:043B8E000000000033
:043B8F000000000032
:043B90000000000031
:043B91000000000030
:043B9200000000002F
:043B9300000000002E
:043B9400000000002D
:043B9500000000002C
:043B9600000000002B
:043B9700000000002A
:043B98000000000029
:043B99000000000028
:043B9A000000000027
:043B9B000000000026
:043B9C000000000025
:043B9D000000000024
:043B9E000000000023
:043B9F000000000022
:043BA0000000000021
:043BA1000000000020
:043BA200000000001F
:043BA300000000001E
:043BA400000000001D
:043BA500000000001C
:043BA600000000001B
:043BA700000000001A
:043BA8000000000019
:043BA9000000000018
:043BAA000000000017
:043BAB000000000016
:043BAC000000000015
:043BAD000000000014
:043BAE000000000013
:043BAF000000000012
:043BB0000000000011
:043BB1000000000010
:043BB200000000000F
:043BB300000000000E
:043BB400000000000D
:043BB500000000000C
:043BB600000000000B
:043BB700000000000A
:043BB8000000000009
:043BB9000000000008
:043BBA000000000007
:043BBB000000000006
:043BBC000000000005
:043BBD000000000004
:043BBE000000000003
:043BBF000000000002
:043BC0000000000001
:043BC1000000000000
:043BC20000000000FF
:043BC30000000000FE
:043BC40000000000FD
:043BC50000000000FC
:043BC60000000000FB
:043BC70000000000FA
:043BC80000000000F9
:043BC90000000000F8
:043BCA0000000000F7
:043BCB0000000000F6
:043BCC0000000000F5
:043BCD0000000000F4
:043BCE0000000000F3
:043BCF0000000000F2
:043BD00000000000F1
:043BD10000000000F0
:043BD20000000000EF
:043BD30000000000EE
:043BD40000000000ED
:043BD50000000000EC
:043BD60000000000EB
:043BD70000000000EA
:043BD80000000000E9
:043BD90000000000E8
:043BDA0000000000E7
:043BDB0000000000E6
:043BDC0000000000E5
:043BDD0000000000E4
:043BDE0000000000E3
:043BDF0000000000E2
:043BE00000000000E1
:043BE10000000000E0
:043BE20000000000DF
:043BE30000000000DE
:043BE40000000000DD
:043BE50000000000DC
:043BE60000000000DB
:043BE70000000000DA
:043BE80000000000D9
:043BE90000000000D8
:043BEA0000000000D7
:043BEB0000000000D6
:043BEC0000000000D5
:043BED0000000000D4
:043BEE0000000000D3
:043BEF0000000000D2
:043BF00000000000D1
:043BF10000000000D0
:043BF20000000000CF
:043BF30000000000CE
:043BF40000000000CD
:043BF50000000000CC
:043BF60000000000CB
:043BF70000000000CA
:043BF80000000000C9
:043BF90000000000C8
:043BFA0000000000C7
:043BFB0000000000C6
:043BFC0000000000C5
:043BFD0000000000C4
:043BFE0000000000C3
:043BFF0000000000C2
:043C000000000000C0
:043C010000000000BF
:043C020000000000BE
:043C030000000000BD
:043C040000000000BC
:043C050000000000BB
:043C060000000000BA
:043C070000000000B9
:043C080000000000B8
:043C090000000000B7
:043C0A0000000000B6
:043C0B0000000000B5
:043C0C0000000000B4
:043C0D0000000000B3
:043C0E0000000000B2
:043C0F0000000000B1
:043C100000000000B0
:043C110000000000AF
:043C120000000000AE
:043C130000000000AD
:043C140000000000AC
:043C150000000000AB
:043C160000000000AA
:043C170000000000A9
:043C180000000000A8
:043C190000000000A7
:043C1A0000000000A6
:043C1B0000000000A5
:043C1C0000000000A4
:043C1D0000000000A3
:043C1E0000000000A2
:043C1F0000000000A1
:043C200000000000A0
:043C2100000000009F
:043C2200000000009E
:043C2300000000009D
:043C2400000000009C
:043C2500000000009B
:043C2600000000009A
:043C27000000000099
:043C28000000000098
:043C29000000000097
:043C2A000000000096
:043C2B000000000095
:043C2C000000000094
:043C2D000000000093
:043C2E000000000092
:043C2F000000000091
:043C30000000000090
:043C3100000000008F
:043C3200000000008E
:043C3300000000008D
:043C3400000000008C
:043C3500000000008B
:043C3600000000008A
:043C37000000000089
:043C38000000000088
:043C39000000000087
:043C3A000000000086
:043C3B000000000085
:043C3C000000000084
:043C3D000000000083
:043C3E000000000082
:043C3F000000000081
:043C40000000000080
:043C4100000000007F
:043C4200000000007E
:043C4300000000007D
:043C4400000000007C
:043C4500000000007B
:043C4600000000007A
:043C47000000000079
:043C48000000000078
:043C49000000000077
:043C4A000000000076
:043C4B000000000075
:043C4C000000000074
:043C4D000000000073
:043C4E000000000072
:043C4F000000000071
:043C50000000000070
:043C5100000000006F
:043C5200000000006E
:043C5300000000006D
:043C5400000000006C
:043C5500000000006B
:043C5600000000006A
:043C57000000000069
:043C58000000000068
:043C59000000000067
:043C5A000000000066
:043C5B000000000065
:043C5C000000000064
:043C5D000000000063
:043C5E000000000062
:043C5F000000000061
:043C60000000000060
:043C6100000000005F
:043C6200000000005E
:043C6300000000005D
:043C6400000000005C
:043C6500000000005B
:043C6600000000005A
:043C67000000000059
:043C68000000000058
:043C69000000000057
:043C6A000000000056
:043C6B000000000055
:043C6C000000000054
:043C6D000000000053
:043C6E000000000052
:043C6F000000000051
:043C70000000000050
:043C7100000000004F
:043C7200000000004E
:043C7300000000004D
:043C7400000000004C
:043C7500000000004B
:043C7600000000004A
:043C77000000000049
:043C78000000000048
:043C79000000000047
:043C7A000000000046
:043C7B000000000045
:043C7C000000000044
:043C7D000000000043
:043C7E000000000042
:043C7F000000000041
:043C80000000000040
:043C8100000000003F
:043C8200000000003E
:043C8300000000003D
:043C8400000000003C
:043C8500000000003B
:043C8600000000003A
:043C87000000000039
:043C88000000000038
:043C89000000000037
:043C8A000000000036
:043C8B000000000035
:043C8C000000000034
:043C8D000000000033
:043C8E000000000032
:043C8F000000000031
:043C90000000000030
:043C9100000000002F
:043C9200000000002E
:043C9300000000002D
:043C9400000000002C
:043C9500000000002B
:043C9600000000002A
:043C97000000000029
:043C98000000000028
:043C99000000000027
:043C9A000000000026
:043C9B000000000025
:043C9C000000000024
:043C9D000000000023
:043C9E000000000022
:043C9F000000000021
:043CA0000000000020
:043CA100000000001F
:043CA200000000001E
:043CA300000000001D
:043CA400000000001C
:043CA500000000001B
:043CA600000000001A
:043CA7000000000019
:043CA8000000000018
:043CA9000000000017
:043CAA000000000016
:043CAB000000000015
:043CAC000000000014
:043CAD000000000013
:043CAE000000000012
:043CAF000000000011
:043CB0000000000010
:043CB100000000000F
:043CB200000000000E
:043CB300000000000D
:043CB400000000000C
:043CB500000000000B
:043CB600000000000A
:043CB7000000000009
:043CB8000000000008
:043CB9000000000007
:043CBA000000000006
:043CBB000000000005
:043CBC000000000004
:043CBD000000000003
:043CBE000000000002
:043CBF000000000001
:043CC0000000000000
:043CC10000000000FF
:043CC20000000000FE
:043CC30000000000FD
:043CC40000000000FC
:043CC50000000000FB
:043CC60000000000FA
:043CC70000000000F9
:043CC80000000000F8
:043CC90000000000F7
:043CCA0000000000F6
:043CCB0000000000F5
:043CCC0000000000F4
:043CCD0000000000F3
:043CCE0000000000F2
:043CCF0000000000F1
:043CD00000000000F0
:043CD10000000000EF
:043CD20000000000EE
:043CD30000000000ED
:043CD40000000000EC
:043CD50000000000EB
:043CD60000000000EA
:043CD70000000000E9
:043CD80000000000E8
:043CD90000000000E7
:043CDA0000000000E6
:043CDB0000000000E5
:043CDC0000000000E4
:043CDD0000000000E3
:043CDE0000000000E2
:043CDF0000000000E1
:043CE00000000000E0
:043CE10000000000DF
:043CE20000000000DE
:043CE30000000000DD
:043CE40000000000DC
:043CE50000000000DB
:043CE60000000000DA
:043CE70000000000D9
:043CE80000000000D8
:043CE90000000000D7
:043CEA0000000000D6
:043CEB0000000000D5
:043CEC0000000000D4
:043CED0000000000D3
:043CEE0000000000D2
:043CEF0000000000D1
:043CF00000000000D0
:043CF10000000000CF
:043CF20000000000CE
:043CF30000000000CD
:043CF40000000000CC
:043CF50000000000CB
:043CF60000000000CA
:043CF70000000000C9
:043CF80000000000C8
:043CF90000000000C7
:043CFA0000000000C6
:043CFB0000000000C5
:043CFC0000000000C4
:043CFD0000000000C3
:043CFE0000000000C2
:043CFF0000000000C1
:043D000000000000BF
:043D010000000000BE
:043D020000000000BD
:043D030000000000BC
:043D040000000000BB
:043D050000000000BA
:043D060000000000B9
:043D070000000000B8
:043D080000000000B7
:043D090000000000B6
:043D0A0000000000B5
:043D0B0000000000B4
:043D0C0000000000B3
:043D0D0000000000B2
:043D0E0000000000B1
:043D0F0000000000B0
:043D100000000000AF
:043D110000000000AE
:043D120000000000AD
:043D130000000000AC
:043D140000000000AB
:043D150000000000AA
:043D160000000000A9
:043D170000000000A8
:043D180000000000A7
:043D190000000000A6
:043D1A0000000000A5
:043D1B0000000000A4
:043D1C0000000000A3
:043D1D0000000000A2
:043D1E0000000000A1
:043D1F0000000000A0
:043D2000000000009F
:043D2100000000009E
:043D2200000000009D
:043D2300000000009C
:043D2400000000009B
:043D2500000000009A
:043D26000000000099
:043D27000000000098
:043D28000000000097
:043D29000000000096
:043D2A000000000095
:043D2B000000000094
:043D2C000000000093
:043D2D000000000092
:043D2E000000000091
:043D2F000000000090
:043D3000000000008F
:043D3100000000008E
:043D3200000000008D
:043D3300000000008C
:043D3400000000008B
:043D3500000000008A
:043D36000000000089
:043D37000000000088
:043D38000000000087
:043D39000000000086
:043D3A000000000085
:043D3B000000000084
:043D3C000000000083
:043D3D000000000082
:043D3E000000000081
:043D3F000000000080
:043D4000000000007F
:043D4100000000007E
:043D4200000000007D
:043D4300000000007C
:043D4400000000007B
:043D4500000000007A
:043D46000000000079
:043D47000000000078
:043D48000000000077
:043D49000000000076
:043D4A000000000075
:043D4B000000000074
:043D4C000000000073
:043D4D000000000072
:043D4E000000000071
:043D4F000000000070
:043D5000000000006F
:043D5100000000006E
:043D5200000000006D
:043D5300000000006C
:043D5400000000006B
:043D5500000000006A
:043D56000000000069
:043D57000000000068
:043D58000000000067
:043D59000000000066
:043D5A000000000065
:043D5B000000000064
:043D5C000000000063
:043D5D000000000062
:043D5E000000000061
:043D5F000000000060
:043D6000000000005F
:043D6100000000005E
:043D6200000000005D
:043D6300000000005C
:043D6400000000005B
:043D6500000000005A
:043D66000000000059
:043D67000000000058
:043D68000000000057
:043D69000000000056
:043D6A000000000055
:043D6B000000000054
:043D6C000000000053
:043D6D000000000052
:043D6E000000000051
:043D6F000000000050
:043D7000000000004F
:043D7100000000004E
:043D7200000000004D
:043D7300000000004C
:043D7400000000004B
:043D7500000000004A
:043D76000000000049
:043D77000000000048
:043D78000000000047
:043D79000000000046
:043D7A000000000045
:043D7B000000000044
:043D7C000000000043
:043D7D000000000042
:043D7E000000000041
:043D7F000000000040
:043D8000000000003F
:043D8100000000003E
:043D8200000000003D
:043D8300000000003C
:043D8400000000003B
:043D8500000000003A
:043D86000000000039
:043D87000000000038
:043D88000000000037
:043D89000000000036
:043D8A000000000035
:043D8B000000000034
:043D8C000000000033
:043D8D000000000032
:043D8E000000000031
:043D8F000000000030
:043D9000000000002F
:043D9100000000002E
:043D9200000000002D
:043D9300000000002C
:043D9400000000002B
:043D9500000000002A
:043D96000000000029
:043D97000000000028
:043D98000000000027
:043D99000000000026
:043D9A000000000025
:043D9B000000000024
:043D9C000000000023
:043D9D000000000022
:043D9E000000000021
:043D9F000000000020
:043DA000000000001F
:043DA100000000001E
:043DA200000000001D
:043DA300000000001C
:043DA400000000001B
:043DA500000000001A
:043DA6000000000019
:043DA7000000000018
:043DA8000000000017
:043DA9000000000016
:043DAA000000000015
:043DAB000000000014
:043DAC000000000013
:043DAD000000000012
:043DAE000000000011
:043DAF000000000010
:043DB000000000000F
:043DB100000000000E
:043DB200000000000D
:043DB300000000000C
:043DB400000000000B
:043DB500000000000A
:043DB6000000000009
:043DB7000000000008
:043DB8000000000007
:043DB9000000000006
:043DBA000000000005
:043DBB000000000004
:043DBC000000000003
:043DBD000000000002
:043DBE000000000001
:043DBF000000000000
:043DC00000000000FF
:043DC10000000000FE
:043DC20000000000FD
:043DC30000000000FC
:043DC40000000000FB
:043DC50000000000FA
:043DC60000000000F9
:043DC70000000000F8
:043DC80000000000F7
:043DC90000000000F6
:043DCA0000000000F5
:043DCB0000000000F4
:043DCC0000000000F3
:043DCD0000000000F2
:043DCE0000000000F1
:043DCF0000000000F0
:043DD00000000000EF
:043DD10000000000EE
:043DD20000000000ED
:043DD30000000000EC
:043DD40000000000EB
:043DD50000000000EA
:043DD60000000000E9
:043DD70000000000E8
:043DD80000000000E7
:043DD90000000000E6
:043DDA0000000000E5
:043DDB0000000000E4
:043DDC0000000000E3
:043DDD0000000000E2
:043DDE0000000000E1
:043DDF0000000000E0
:043DE00000000000DF
:043DE10000000000DE
:043DE20000000000DD
:043DE30000000000DC
:043DE40000000000DB
:043DE50000000000DA
:043DE60000000000D9
:043DE70000000000D8
:043DE80000000000D7
:043DE90000000000D6
:043DEA0000000000D5
:043DEB0000000000D4
:043DEC0000000000D3
:043DED0000000000D2
:043DEE0000000000D1
:043DEF0000000000D0
:043DF00000000000CF
:043DF10000000000CE
:043DF20000000000CD
:043DF30000000000CC
:043DF40000000000CB
:043DF50000000000CA
:043DF60000000000C9
:043DF70000000000C8
:043DF80000000000C7
:043DF90000000000C6
:043DFA0000000000C5
:043DFB0000000000C4
:043DFC0000000000C3
:043DFD0000000000C2
:043DFE0000000000C1
:043DFF0000000000C0
:043E000000000000BE
:043E010000000000BD
:043E020000000000BC
:043E030000000000BB
:043E040000000000BA
:043E050000000000B9
:043E060000000000B8
:043E070000000000B7
:043E080000000000B6
:043E090000000000B5
:043E0A0000000000B4
:043E0B0000000000B3
:043E0C0000000000B2
:043E0D0000000000B1
:043E0E0000000000B0
:043E0F0000000000AF
:043E100000000000AE
:043E110000000000AD
:043E120000000000AC
:043E130000000000AB
:043E140000000000AA
:043E150000000000A9
:043E160000000000A8
:043E170000000000A7
:043E180000000000A6
:043E190000000000A5
:043E1A0000000000A4
:043E1B0000000000A3
:043E1C0000000000A2
:043E1D0000000000A1
:043E1E0000000000A0
:043E1F00000000009F
:043E2000000000009E
:043E2100000000009D
:043E2200000000009C
:043E2300000000009B
:043E2400000000009A
:043E25000000000099
:043E26000000000098
:043E27000000000097
:043E28000000000096
:043E29000000000095
:043E2A000000000094
:043E2B000000000093
:043E2C000000000092
:043E2D000000000091
:043E2E000000000090
:043E2F00000000008F
:043E3000000000008E
:043E3100000000008D
:043E3200000000008C
:043E3300000000008B
:043E3400000000008A
:043E35000000000089
:043E36000000000088
:043E37000000000087
:043E38000000000086
:043E39000000000085
:043E3A000000000084
:043E3B000000000083
:043E3C000000000082
:043E3D000000000081
:043E3E000000000080
:043E3F00000000007F
:043E4000000000007E
:043E4100000000007D
:043E4200000000007C
:043E4300000000007B
:043E4400000000007A
:043E45000000000079
:043E46000000000078
:043E47000000000077
:043E48000000000076
:043E49000000000075
:043E4A000000000074
:043E4B000000000073
:043E4C000000000072
:043E4D000000000071
:043E4E000000000070
:043E4F00000000006F
:043E5000000000006E
:043E5100000000006D
:043E5200000000006C
:043E5300000000006B
:043E5400000000006A
:043E55000000000069
:043E56000000000068
:043E57000000000067
:043E58000000000066
:043E59000000000065
:043E5A000000000064
:043E5B000000000063
:043E5C000000000062
:043E5D000000000061
:043E5E000000000060
:043E5F00000000005F
:043E6000000000005E
:043E6100000000005D
:043E6200000000005C
:043E6300000000005B
:043E6400000000005A
:043E65000000000059
:043E66000000000058
:043E67000000000057
:043E68000000000056
:043E69000000000055
:043E6A000000000054
:043E6B000000000053
:043E6C000000000052
:043E6D000000000051
:043E6E000000000050
:043E6F00000000004F
:043E7000000000004E
:043E7100000000004D
:043E7200000000004C
:043E7300000000004B
:043E7400000000004A
:043E75000000000049
:043E76000000000048
:043E77000000000047
:043E78000000000046
:043E79000000000045
:043E7A000000000044
:043E7B000000000043
:043E7C000000000042
:043E7D000000000041
:043E7E000000000040
:043E7F00000000003F
:043E8000000000003E
:043E8100000000003D
:043E8200000000003C
:043E8300000000003B
:043E8400000000003A
:043E85000000000039
:043E86000000000038
:043E87000000000037
:043E88000000000036
:043E89000000000035
:043E8A000000000034
:043E8B000000000033
:043E8C000000000032
:043E8D000000000031
:043E8E000000000030
:043E8F00000000002F
:043E9000000000002E
:043E9100000000002D
:043E9200000000002C
:043E9300000000002B
:043E9400000000002A
:043E95000000000029
:043E96000000000028
:043E97000000000027
:043E98000000000026
:043E99000000000025
:043E9A000000000024
:043E9B000000000023
:043E9C000000000022
:043E9D000000000021
:043E9E000000000020
:043E9F00000000001F
:043EA000000000001E
:043EA100000000001D
:043EA200000000001C
:043EA300000000001B
:043EA400000000001A
:043EA5000000000019
:043EA6000000000018
:043EA7000000000017
:043EA8000000000016
:043EA9000000000015
:043EAA000000000014
:043EAB000000000013
:043EAC000000000012
:043EAD000000000011
:043EAE000000000010
:043EAF00000000000F
:043EB000000000000E
:043EB100000000000D
:043EB200000000000C
:043EB300000000000B
:043EB400000000000A
:043EB5000000000009
:043EB6000000000008
:043EB7000000000007
:043EB8000000000006
:043EB9000000000005
:043EBA000000000004
:043EBB000000000003
:043EBC000000000002
:043EBD000000000001
:043EBE000000000000
:043EBF0000000000FF
:043EC00000000000FE
:043EC10000000000FD
:043EC20000000000FC
:043EC30000000000FB
:043EC40000000000FA
:043EC50000000000F9
:043EC60000000000F8
:043EC70000000000F7
:043EC80000000000F6
:043EC90000000000F5
:043ECA0000000000F4
:043ECB0000000000F3
:043ECC0000000000F2
:043ECD0000000000F1
:043ECE0000000000F0
:043ECF0000000000EF
:043ED00000000000EE
:043ED10000000000ED
:043ED20000000000EC
:043ED30000000000EB
:043ED40000000000EA
:043ED50000000000E9
:043ED60000000000E8
:043ED70000000000E7
:043ED80000000000E6
:043ED90000000000E5
:043EDA0000000000E4
:043EDB0000000000E3
:043EDC0000000000E2
:043EDD0000000000E1
:043EDE0000000000E0
:043EDF0000000000DF
:043EE00000000000DE
:043EE10000000000DD
:043EE20000000000DC
:043EE30000000000DB
:043EE40000000000DA
:043EE50000000000D9
:043EE60000000000D8
:043EE70000000000D7
:043EE80000000000D6
:043EE90000000000D5
:043EEA0000000000D4
:043EEB0000000000D3
:043EEC0000000000D2
:043EED0000000000D1
:043EEE0000000000D0
:043EEF0000000000CF
:043EF00000000000CE
:043EF10000000000CD
:043EF20000000000CC
:043EF30000000000CB
:043EF40000000000CA
:043EF50000000000C9
:043EF60000000000C8
:043EF70000000000C7
:043EF80000000000C6
:043EF90000000000C5
:043EFA0000000000C4
:043EFB0000000000C3
:043EFC0000000000C2
:043EFD0000000000C1
:043EFE0000000000C0
:043EFF0000000000BF
:043F000000000000BD
:043F010000000000BC
:043F020000000000BB
:043F030000000000BA
:043F040000000000B9
:043F050000000000B8
:043F060000000000B7
:043F070000000000B6
:043F080000000000B5
:043F090000000000B4
:043F0A0000000000B3
:043F0B0000000000B2
:043F0C0000000000B1
:043F0D0000000000B0
:043F0E0000000000AF
:043F0F0000000000AE
:043F100000000000AD
:043F110000000000AC
:043F120000000000AB
:043F130000000000AA
:043F140000000000A9
:043F150000000000A8
:043F160000000000A7
:043F170000000000A6
:043F180000000000A5
:043F190000000000A4
:043F1A0000000000A3
:043F1B0000000000A2
:043F1C0000000000A1
:043F1D0000000000A0
:043F1E00000000009F
:043F1F00000000009E
:043F2000000000009D
:043F2100000000009C
:043F2200000000009B
:043F2300000000009A
:043F24000000000099
:043F25000000000098
:043F26000000000097
:043F27000000000096
:043F28000000000095
:043F29000000000094
:043F2A000000000093
:043F2B000000000092
:043F2C000000000091
:043F2D000000000090
:043F2E00000000008F
:043F2F00000000008E
:043F3000000000008D
:043F3100000000008C
:043F3200000000008B
:043F3300000000008A
:043F34000000000089
:043F35000000000088
:043F36000000000087
:043F37000000000086
:043F38000000000085
:043F39000000000084
:043F3A000000000083
:043F3B000000000082
:043F3C000000000081
:043F3D000000000080
:043F3E00000000007F
:043F3F00000000007E
:043F4000000000007D
:043F4100000000007C
:043F4200000000007B
:043F4300000000007A
:043F44000000000079
:043F45000000000078
:043F46000000000077
:043F47000000000076
:043F48000000000075
:043F49000000000074
:043F4A000000000073
:043F4B000000000072
:043F4C000000000071
:043F4D000000000070
:043F4E00000000006F
:043F4F00000000006E
:043F5000000000006D
:043F5100000000006C
:043F5200000000006B
:043F5300000000006A
:043F54000000000069
:043F55000000000068
:043F56000000000067
:043F57000000000066
:043F58000000000065
:043F59000000000064
:043F5A000000000063
:043F5B000000000062
:043F5C000000000061
:043F5D000000000060
:043F5E00000000005F
:043F5F00000000005E
:043F6000000000005D
:043F6100000000005C
:043F6200000000005B
:043F6300000000005A
:043F64000000000059
:043F65000000000058
:043F66000000000057
:043F67000000000056
:043F68000000000055
:043F69000000000054
:043F6A000000000053
:043F6B000000000052
:043F6C000000000051
:043F6D000000000050
:043F6E00000000004F
:043F6F00000000004E
:043F7000000000004D
:043F7100000000004C
:043F7200000000004B
:043F7300000000004A
:043F74000000000049
:043F75000000000048
:043F76000000000047
:043F77000000000046
:043F78000000000045
:043F79000000000044
:043F7A000000000043
:043F7B000000000042
:043F7C000000000041
:043F7D000000000040
:043F7E00000000003F
:043F7F00000000003E
:043F8000000000003D
:043F8100000000003C
:043F8200000000003B
:043F8300000000003A
:043F84000000000039
:043F85000000000038
:043F86000000000037
:043F87000000000036
:043F88000000000035
:043F89000000000034
:043F8A000000000033
:043F8B000000000032
:043F8C000000000031
:043F8D000000000030
:043F8E00000000002F
:043F8F00000000002E
:043F9000000000002D
:043F9100000000002C
:043F9200000000002B
:043F9300000000002A
:043F94000000000029
:043F95000000000028
:043F96000000000027
:043F97000000000026
:043F98000000000025
:043F99000000000024
:043F9A000000000023
:043F9B000000000022
:043F9C000000000021
:043F9D000000000020
:043F9E00000000001F
:043F9F00000000001E
:043FA000000000001D
:043FA100000000001C
:043FA200000000001B
:043FA300000000001A
:043FA4000000000019
:043FA5000000000018
:043FA6000000000017
:043FA7000000000016
:043FA8000000000015
:043FA9000000000014
:043FAA000000000013
:043FAB000000000012
:043FAC000000000011
:043FAD000000000010
:043FAE00000000000F
:043FAF00000000000E
:043FB000000000000D
:043FB100000000000C
:043FB200000000000B
:043FB300000000000A
:043FB4000000000009
:043FB5000000000008
:043FB6000000000007
:043FB7000000000006
:043FB8000000000005
:043FB9000000000004
:043FBA000000000003
:043FBB000000000002
:043FBC000000000001
:043FBD000000000000
:043FBE0000000000FF
:043FBF0000000000FE
:043FC00000000000FD
:043FC10000000000FC
:043FC20000000000FB
:043FC30000000000FA
:043FC40000000000F9
:043FC50000000000F8
:043FC60000000000F7
:043FC70000000000F6
:043FC80000000000F5
:043FC90000000000F4
:043FCA0000000000F3
:043FCB0000000000F2
:043FCC0000000000F1
:043FCD0000000000F0
:043FCE0000000000EF
:043FCF0000000000EE
:043FD00000000000ED
:043FD10000000000EC
:043FD20000000000EB
:043FD30000000000EA
:043FD40000000000E9
:043FD50000000000E8
:043FD60000000000E7
:043FD70000000000E6
:043FD80000000000E5
:043FD90000000000E4
:043FDA0000000000E3
:043FDB0000000000E2
:043FDC0000000000E1
:043FDD0000000000E0
:043FDE0000000000DF
:043FDF0000000000DE
:043FE00000000000DD
:043FE10000000000DC
:043FE20000000000DB
:043FE30000000000DA
:043FE40000000000D9
:043FE50000000000D8
:043FE60000000000D7
:043FE70000000000D6
:043FE80000000000D5
:043FE90000000000D4
:043FEA0000000000D3
:043FEB0000000000D2
:043FEC0000000000D1
:043FED0000000000D0
:043FEE0000000000CF
:043FEF0000000000CE
:043FF00000000000CD
:043FF10000000000CC
:043FF20000000000CB
:043FF30000000000CA
:043FF40000000000C9
:043FF50000000000C8
:043FF60000000000C7
:043FF70000000000C6
:043FF80000000000C5
:043FF90000000000C4
:043FFA0000000000C3
:043FFB0000000000C2
:043FFC0000000000C1
:043FFD0000000000C0
:043FFE0000000000BF
:043FFF0000000000BE
:00000001FF
