Timing Analyzer report for NonDPR
Fri Mar  6 18:38:34 2026
Quartus Prime Version 24.1.0 Build 115 03/21/2024 SC Pro Edition


---------------------
; Table of Contents ;
---------------------
  1. Legal Notice
  2. Timing Analyzer Summary
  3. Timing Delays: Final Snapshot
  4. Parallel Compilation
  5. SDC File List
  6. Clocks
  7. Timing Closure Summary
  8. Fmax Summary
  9. Setup Summary
 10. Hold Summary
 11. Recovery Summary
 12. Removal Summary
 13. Minimum Pulse Width Summary
 14. Net Delay Summary
 15. Metastability Summary Slow 900mV 100C Model
 16. Metastability Summary Slow 900mV 0C Model
 17. Metastability Summary Fast 900mV 100C Model
 18. Metastability Summary Fast 900mV 0C Model
 19. Board Trace Model Assignments
 20. Input Transition Times
 21. Signal Integrity Metrics (Slow 900mv 100c Model)
 22. Setup Transfers
 23. Hold Transfers
 24. Recovery Transfers
 25. Removal Transfers
---- Setup Reports ----
     ---- CLK_50 Reports ----
           26. Command Info
           27. Summary of Paths
           28. Path #1: Setup slack is 6.867 
           29. Path #2: Setup slack is 7.485 
           30. Path #3: Setup slack is 7.512 
           31. Path #4: Setup slack is 7.512 
           32. Path #5: Setup slack is 7.512 
           33. Path #6: Setup slack is 7.512 
           34. Path #7: Setup slack is 7.512 
           35. Path #8: Setup slack is 7.512 
           36. Path #9: Setup slack is 7.546 
           37. Path #10: Setup slack is 7.596 
---- Hold Reports ----
     ---- CLK_50 Reports ----
           38. Command Info
           39. Summary of Paths
           40. Path #1: Hold slack is 0.015 
           41. Path #2: Hold slack is 0.015 
           42. Path #3: Hold slack is 0.015 
           43. Path #4: Hold slack is 0.015 
           44. Path #5: Hold slack is 0.016 
           45. Path #6: Hold slack is 0.016 
           46. Path #7: Hold slack is 0.016 
           47. Path #8: Hold slack is 0.016 
           48. Path #9: Hold slack is 0.016 
           49. Path #10: Hold slack is 0.017 
---- Recovery Reports ----
     ---- CLK_50 Reports ----
           50. Command Info
           51. Summary of Paths
           52. Path #1: Recovery slack is 12.406 
           53. Path #2: Recovery slack is 12.406 
           54. Path #3: Recovery slack is 12.408 
           55. Path #4: Recovery slack is 12.408 
           56. Path #5: Recovery slack is 12.411 
           57. Path #6: Recovery slack is 12.413 
           58. Path #7: Recovery slack is 12.415 
           59. Path #8: Recovery slack is 12.435 
           60. Path #9: Recovery slack is 12.437 
           61. Path #10: Recovery slack is 12.439 
---- Removal Reports ----
     ---- CLK_50 Reports ----
           62. Command Info
           63. Summary of Paths
           64. Path #1: Removal slack is 0.146 
           65. Path #2: Removal slack is 0.146 
           66. Path #3: Removal slack is 0.147 
           67. Path #4: Removal slack is 0.150 
           68. Path #5: Removal slack is 0.151 
           69. Path #6: Removal slack is 0.152 
           70. Path #7: Removal slack is 0.167 
           71. Path #8: Removal slack is 0.173 
           72. Path #9: Removal slack is 0.173 
           73. Path #10: Removal slack is 0.175 
---- Unconstrained Paths Reports ----
      74. Unconstrained Paths Summary
      75. Clock Status Summary
     ---- Setup Analysis Reports ----
           76. Unconstrained Input Ports
           77. Unconstrained Output Ports
     ---- Hold Analysis Reports ----
           78. Unconstrained Input Ports
           79. Unconstrained Output Ports
 80. INI Usage
 81. Multicorner Timing Analysis Summary
 82. Timing Analyzer Messages



----------------
; Legal Notice ;
----------------
Copyright (C) 2024  Intel Corporation. All rights reserved.
Your use of Intel Corporation's design tools, logic functions 
and other software and tools, and any partner logic 
functions, and any output files from any of the foregoing 
(including device programming or simulation files), and any 
associated documentation or information are expressly subject 
to the terms and conditions of the Intel Program License 
Subscription Agreement, the Intel Quartus Prime License Agreement,
the Intel FPGA IP License Agreement, or other applicable license
agreement, including, without limitation, that your use is for
the sole purpose of programming logic devices manufactured by
Intel and sold by Intel or its authorized distributors.  Please
refer to the Intel FPGA Software License Subscription Agreements 
on the Quartus Prime software download page.



+----------------------------------------------------------------------------+
; Timing Analyzer Summary                                                    ;
+-----------------------+----------------------------------------------------+
; Quartus Prime Version ; Version 24.1.0 Build 115 03/21/2024 SC Pro Edition ;
; Timing Analyzer       ; Timing Analyzer                                    ;
; Revision Name         ; NonDPR                                             ;
; Device Family         ; Arria 10                                           ;
; Device                ; 10AS066N3F40E2SG                                   ;
; Snapshot              ; final                                              ;
; Timing Models         ; Final                                              ;
; Power Models          ; Final                                              ;
; Device Status         ; Final                                              ;
; Rise/Fall Delays      ; Enabled                                            ;
+-----------------------+----------------------------------------------------+


+---------------------------------------------+
; Timing Delays: Final Snapshot               ;
+----------------------------------+----------+
; Snapshot                         ; final    ;
; Periphery block cell delays      ; Sign-off ;
; Core block cell delays           ; Sign-off ;
; Routing interconnect (IC) delays ; Sign-off ;
+----------------------------------+----------+


+-------------------------------------+
; Parallel Compilation                ;
+----------------------------+--------+
; Processors                 ; Number ;
+----------------------------+--------+
; Number detected on machine ; 20     ;
; Maximum allowed            ; 12     ;
+----------------------------+--------+


+----------------------------------------------------------------------------------------------------------------------------------------------------------------------------------------------------------------------------------------------------------------------------------------------------------------------+
; SDC File List                                                                                                                                                                                                                                                                                                        ;
+-----------------------------------------------------------------------------------------------------------------------------+-----------------------------------------+---------------------------------+------------------------------+----------+--------+--------------------------+-----------------+------------+
; SDC File Path                                                                                                               ; Instance                                ; Entity                          ; Library                      ; Promoted ; Status ; Read at                  ; Processing Time ; SDC on RTL ;
+-----------------------------------------------------------------------------------------------------------------------------+-----------------------------------------+---------------------------------+------------------------------+----------+--------+--------------------------+-----------------+------------+
; NonDPR.out.sdc                                                                                                              ;                                         ;                                 ;                              ; No       ; OK     ; Thu Mar  5 21:10:43 2026 ; 00:00:00        ; No         ;
; ip/NonDPR/NonDPR_master_0/altera_jtag_dc_streaming_191/synth/altera_avalon_st_jtag_interface.sdc                            ;                                         ; altera_avalon_st_jtag_interface ; altera_jtag_dc_streaming_191 ; No       ; OK     ; Thu Mar  5 21:10:43 2026 ; 00:00:00        ; No         ;
; ip/NonDPR/NonDPR_master_0/altera_reset_controller_1922/synth/altera_reset_controller.sdc                                    ; System|master_0|master_0|rst_controller ; altera_reset_controller         ; altera_reset_controller_1922 ; No       ; OK     ; Thu Mar  5 21:10:45 2026 ; 00:00:02        ; No         ;
; ip/NonDPR/NonDPR_master_0/altera_reset_controller_1922/synth/altera_reset_controller.sdc                                    ; System|rst_controller                   ; altera_reset_controller         ; altera_reset_controller_1922 ; No       ; OK     ; Thu Mar  5 21:10:45 2026 ; 00:00:00        ; No         ;
; NonDPR/altera_reset_controller_1922/synth/altera_reset_controller.sdc                                                       ; System|master_0|master_0|rst_controller ; altera_reset_controller         ; altera_reset_controller_1922 ; No       ; OK     ; Thu Mar  5 21:10:45 2026 ; 00:00:00        ; No         ;
; NonDPR/altera_reset_controller_1922/synth/altera_reset_controller.sdc                                                       ; System|rst_controller                   ; altera_reset_controller         ; altera_reset_controller_1922 ; No       ; OK     ; Thu Mar  5 21:10:45 2026 ; 00:00:00        ; No         ;
; ip/NonDPR/NonDPR_intel_niosv_g_0/altera_reset_controller_1922/synth/altera_reset_controller.sdc                             ; System|master_0|master_0|rst_controller ; altera_reset_controller         ; altera_reset_controller_1922 ; No       ; OK     ; Thu Mar  5 21:10:45 2026 ; 00:00:00        ; No         ;
; ip/NonDPR/NonDPR_intel_niosv_g_0/altera_reset_controller_1922/synth/altera_reset_controller.sdc                             ; System|rst_controller                   ; altera_reset_controller         ; altera_reset_controller_1922 ; No       ; OK     ; Thu Mar  5 21:10:45 2026 ; 00:00:00        ; No         ;
; ip/NonDPR/NonDPR_intel_niosv_g_0/intel_niosv_dbg_mod_210/synth/altera_avalon_st_handshake_clock_crosser.sdc                 ;                                         ; niosv_dm_top                    ; intel_niosv_dbg_mod_210      ; No       ; OK     ; Thu Mar  5 21:10:45 2026 ; 00:00:00        ; No         ;
; ip/NonDPR/NonDPR_intel_niosv_g_0/intel_niosv_dbg_mod_210/synth/altera_reset_controller.sdc                                  ;                                         ; niosv_dm_top                    ; intel_niosv_dbg_mod_210      ; No       ; OK     ; Thu Mar  5 21:10:45 2026 ; 00:00:00        ; No         ;
; C:/Users/pchh520/Documents/GitHub/part-4-project/SummerResearch/quartus/dni/sandboxes/EN433358_12748_0/sld/default_jtag.sdc ;                                         ; alt_sld_fab_0                   ; altera_work                  ; No       ; OK     ; Thu Mar  5 21:10:45 2026 ; 00:00:00        ; No         ;
+-----------------------------------------------------------------------------------------------------------------------------+-----------------------------------------+---------------------------------+------------------------------+----------+--------+--------------------------+-----------------+------------+
Note: All paths for non-entity SDC files are reported relative to the project directory (C:/Users/pchh520/Documents/GitHub/part-4-project/SummerResearch/quartus/).


+------------------------------------------------------------------------------------------------------------------------------------------------------------------------------------+
; Clocks                                                                                                                                                                             ;
+------------+------+--------+-----------+-------+--------+------------+-----------+-------------+-------+--------+-----------+------------+----------+--------+--------+------------+
; Clock Name ; Type ; Period ; Frequency ; Rise  ; Fall   ; Duty Cycle ; Divide by ; Multiply by ; Phase ; Offset ; Edge List ; Edge Shift ; Inverted ; Master ; Source ; Targets    ;
+------------+------+--------+-----------+-------+--------+------------+-----------+-------------+-------+--------+-----------+------------+----------+--------+--------+------------+
; CLK_50     ; Base ; 20.000 ; 50.0 MHz  ; 0.000 ; 10.000 ;            ;           ;             ;       ;        ;           ;            ;          ;        ;        ; { CLK_50 } ;
+------------+------+--------+-----------+-------+--------+------------+-----------+-------------+-------+--------+-----------+------------+----------+--------+--------+------------+


+--------------------------------------------------------------------+
; Timing Closure Summary                                             ;
+------------------------------------------------------+-------------+
; Panel Name                                           ; Result Flag ;
+------------------------------------------------------+-------------+
; Timing Closure                                       ; Pass        ;
;   Setup Summary                                      ; Pass        ;
;   Hold Summary                                       ; Pass        ;
;   Recovery Summary                                   ; Pass        ;
;   Removal Summary                                    ; Pass        ;
;   Setup Data Delay Summary                           ; Not Found   ;
;   Recovery Data Delay Summary                        ; Not Found   ;
;   Minimum Pulse Width Summary                        ; Pass        ;
;   Max Skew Summary                                   ; Not Found   ;
;   Max Clock Skew Summary                             ; Not Found   ;
;   Net Delay Summary                                  ; Pass        ;
;   Metastability Summary                              ; Pass        ;
;   Double Data Rate (DDR) Summary                     ; Not Found   ;
;   Transmitter Channel-to-Channel Skew (TCCS) Summary ; Not Found   ;
;   Receiver Input Skew Margin (RSKM) Summary          ; Not Found   ;
;   Design Assistant Summary                           ; Not Found   ;
+------------------------------------------------------+-------------+


+-----------------------------------------------------------------------------------+
; Fmax Summary                                                                      ;
+-----------+-----------------+------------+------+---------------------------------+
; Fmax      ; Restricted Fmax ; Clock Name ; Note ; Worst-Case Operating Conditions ;
+-----------+-----------------+------------+------+---------------------------------+
; 76.14 MHz ; 76.14 MHz       ; CLK_50     ;      ; Slow 900mV 100C Model           ;
+-----------+-----------------+------------+------+---------------------------------+
This panel reports FMAX for every clock in the design, regardless of the user-specified clock periods.  FMAX is only computed for paths where the source and destination registers or ports are driven by the same clock.  Paths of different clocks, including generated clocks, are ignored.  For paths between a clock and its inversion, FMAX is computed as if the rising and falling edges are scaled along with FMAX, such that the duty cycle (in terms of a percentage) is maintained. Intel recommends that you always use clock constraints and other slack reports for sign-off analysis.
Delay Models:
Slow 900mV 100C Model
Slow 900mV 0C Model
Fast 900mV 100C Model
Fast 900mV 0C Model


+---------------------------------------------------------------------------------------+
; Setup Summary                                                                         ;
+--------+-------+---------------+--------------------+---------------------------------+
; Clock  ; Slack ; End Point TNS ; Failing End Points ; Worst-Case Operating Conditions ;
+--------+-------+---------------+--------------------+---------------------------------+
; CLK_50 ; 6.867 ; 0.000         ; 0                  ; Slow 900mV 100C Model           ;
+--------+-------+---------------+--------------------+---------------------------------+
Delay Models:
Slow 900mV 100C Model
Slow 900mV 0C Model
Fast 900mV 100C Model
Fast 900mV 0C Model


+---------------------------------------------------------------------------------------+
; Hold Summary                                                                          ;
+--------+-------+---------------+--------------------+---------------------------------+
; Clock  ; Slack ; End Point TNS ; Failing End Points ; Worst-Case Operating Conditions ;
+--------+-------+---------------+--------------------+---------------------------------+
; CLK_50 ; 0.015 ; 0.000         ; 0                  ; Fast 900mV 0C Model             ;
+--------+-------+---------------+--------------------+---------------------------------+
Delay Models:
Slow 900mV 100C Model
Slow 900mV 0C Model
Fast 900mV 100C Model
Fast 900mV 0C Model


+----------------------------------------------------------------------------------------+
; Recovery Summary                                                                       ;
+--------+--------+---------------+--------------------+---------------------------------+
; Clock  ; Slack  ; End Point TNS ; Failing End Points ; Worst-Case Operating Conditions ;
+--------+--------+---------------+--------------------+---------------------------------+
; CLK_50 ; 12.406 ; 0.000         ; 0                  ; Slow 900mV 100C Model           ;
+--------+--------+---------------+--------------------+---------------------------------+
Delay Models:
Slow 900mV 100C Model
Slow 900mV 0C Model
Fast 900mV 100C Model
Fast 900mV 0C Model


+---------------------------------------------------------------------------------------+
; Removal Summary                                                                       ;
+--------+-------+---------------+--------------------+---------------------------------+
; Clock  ; Slack ; End Point TNS ; Failing End Points ; Worst-Case Operating Conditions ;
+--------+-------+---------------+--------------------+---------------------------------+
; CLK_50 ; 0.146 ; 0.000         ; 0                  ; Fast 900mV 0C Model             ;
+--------+-------+---------------+--------------------+---------------------------------+
Delay Models:
Slow 900mV 100C Model
Slow 900mV 0C Model
Fast 900mV 100C Model
Fast 900mV 0C Model


+----------------------------------------------------------------------------------------------------+
; Minimum Pulse Width Summary                                                                        ;
+--------+-------+---------------+--------------------+------------+---------------------------------+
; Clock  ; Slack ; End Point TNS ; Failing End Points ; Type       ; Worst-Case Operating Conditions ;
+--------+-------+---------------+--------------------+------------+---------------------------------+
; CLK_50 ; 9.443 ; 0.000         ; 0                  ; High Pulse ; Slow 900mV 0C Model             ;
+--------+-------+---------------+--------------------+------------+---------------------------------+
Delay Models:
Slow 900mV 100C Model
Slow 900mV 0C Model
Fast 900mV 100C Model
Fast 900mV 0C Model


+------------------------------------------------------------------------------------------------------------------------------------------------------------------------------------------------------------------------------------------------------------------------------------------------------------------------------------------------------------------------------------------------------------------------------------------------------+
; Net Delay Summary                                                                                                                                                                                                                                                                                                                                                                                                                                    ;
+---------------+---------------+----------+---------------+---------------------------------------------------------------------------------------------------------------------------------------------+-------------------------------------------------------------------------------------------------------------------------------------------------+------+--------------------------------------------------+---------------------------------+
; Name          ; Slack         ; Required ; Actual        ; From                                                                                                                                        ; To                                                                                                                                              ; Type ; SDC Location                                     ; Worst-Case Operating Conditions ;
+---------------+---------------+----------+---------------+---------------------------------------------------------------------------------------------------------------------------------------------+-------------------------------------------------------------------------------------------------------------------------------------------------+------+--------------------------------------------------+---------------------------------+
; set_net_delay ; 15.418        ; 16.000   ; 0.582         ; [get_registers {System|intel_niosv_g_0|intel_niosv_g_0|dbg_mod|dtm_inst|cmd_clk_xer|clock_xer|in_data_buffer*}]                             ; [get_registers {System|intel_niosv_g_0|intel_niosv_g_0|dbg_mod|dtm_inst|cmd_clk_xer|clock_xer|out_data_buffer*}]                                ; max  ; altera_avalon_st_handshake_clock_crosser.sdc:83  ; Slow 900mV 0C Model             ;
; set_net_delay ; 15.533        ; 16.000   ; 0.467         ; [get_registers {System|intel_niosv_g_0|intel_niosv_g_0|dbg_mod|dtm_inst|cmd_clk_xer|clock_xer|in_data_toggle}]                              ; [get_registers {System|intel_niosv_g_0|intel_niosv_g_0|dbg_mod|dtm_inst|cmd_clk_xer|clock_xer|in_to_out_synchronizer|din_s1}]                   ; max  ; altera_avalon_st_handshake_clock_crosser.sdc:100 ; Slow 900mV 100C Model           ;
; set_net_delay ; 15.546        ; 16.000   ; 0.454         ; [get_registers {System|intel_niosv_g_0|intel_niosv_g_0|dbg_mod|dtm_inst|rsp_clk_xer|clock_xer|out_data_toggle_flopped_n}]                   ; [get_registers {System|intel_niosv_g_0|intel_niosv_g_0|dbg_mod|dtm_inst|rsp_clk_xer|clock_xer|out_to_in_synchronizer|din_s1}]                   ; max  ; altera_avalon_st_handshake_clock_crosser.sdc:118 ; Slow 900mV 100C Model           ;
; set_net_delay ; 15.558        ; 16.000   ; 0.442         ; [get_registers {System|master_0|master_0|jtag_phy_embedded_in_jtag_master|normal.jtag_dc_streaming|sink_crosser|out_data_toggle_flopped_n}] ; [get_registers {System|master_0|master_0|jtag_phy_embedded_in_jtag_master|normal.jtag_dc_streaming|sink_crosser|out_to_in_synchronizer|din_s1}] ; max  ; altera_avalon_st_handshake_clock_crosser.sdc:118 ; Slow 900mV 100C Model           ;
; set_net_delay ; Invalid clock ; --       ; Invalid clock ; [get_registers {System|master_0|master_0|jtag_phy_embedded_in_jtag_master|normal.jtag_dc_streaming|sink_crosser|in_data_buffer*}]           ; [get_registers {System|master_0|master_0|jtag_phy_embedded_in_jtag_master|normal.jtag_dc_streaming|sink_crosser|out_data_buffer*}]              ; max  ; altera_avalon_st_handshake_clock_crosser.sdc:83  ;                                 ;
; set_net_delay ; Invalid clock ; --       ; Invalid clock ; [get_registers {System|intel_niosv_g_0|intel_niosv_g_0|dbg_mod|dtm_inst|rsp_clk_xer|clock_xer|in_data_buffer*}]                             ; [get_registers {System|intel_niosv_g_0|intel_niosv_g_0|dbg_mod|dtm_inst|rsp_clk_xer|clock_xer|out_data_buffer*}]                                ; max  ; altera_avalon_st_handshake_clock_crosser.sdc:83  ;                                 ;
; set_net_delay ; Invalid clock ; --       ; Invalid clock ; [get_registers {System|master_0|master_0|jtag_phy_embedded_in_jtag_master|normal.jtag_dc_streaming|sink_crosser|in_data_toggle}]            ; [get_registers {System|master_0|master_0|jtag_phy_embedded_in_jtag_master|normal.jtag_dc_streaming|sink_crosser|in_to_out_synchronizer|din_s1}] ; max  ; altera_avalon_st_handshake_clock_crosser.sdc:100 ;                                 ;
; set_net_delay ; Invalid clock ; --       ; Invalid clock ; [get_registers {System|intel_niosv_g_0|intel_niosv_g_0|dbg_mod|dtm_inst|rsp_clk_xer|clock_xer|in_data_toggle}]                              ; [get_registers {System|intel_niosv_g_0|intel_niosv_g_0|dbg_mod|dtm_inst|rsp_clk_xer|clock_xer|in_to_out_synchronizer|din_s1}]                   ; max  ; altera_avalon_st_handshake_clock_crosser.sdc:100 ;                                 ;
; set_net_delay ; Invalid clock ; --       ; Invalid clock ; [get_registers {System|intel_niosv_g_0|intel_niosv_g_0|dbg_mod|dtm_inst|cmd_clk_xer|clock_xer|out_data_toggle_flopped_n}]                   ; [get_registers {System|intel_niosv_g_0|intel_niosv_g_0|dbg_mod|dtm_inst|cmd_clk_xer|clock_xer|out_to_in_synchronizer|din_s1}]                   ; max  ; altera_avalon_st_handshake_clock_crosser.sdc:118 ;                                 ;
+---------------+---------------+----------+---------------+---------------------------------------------------------------------------------------------------------------------------------------------+-------------------------------------------------------------------------------------------------------------------------------------------------+------+--------------------------------------------------+---------------------------------+


-----------------------------------------------
; Metastability Summary Slow 900mV 100C Model ;
-----------------------------------------------
Worst-Case MTBF of Design is 1e+09 years or 3.15e+16 seconds.
Typical MTBF of Design is 1e+09 years or 3.15e+16 seconds.

MTBF(design) = 1 / SUM(1 / MTBF(synchronizer chain))

Number of Synchronizer Chains Found: 9
Shortest Synchronizer Chain: 2 Registers
Number of Chains For Which MTBFs Could Not be Calculated Due to Timing Violations: 0, or 0.0%.
Number of Chains Excluded from MTBF Analysis: 5, or 55.6%
Worst Case Available Settling Time: 38.416 ns

Worst-Case MTBF values are calculated based on the worst-case silicon characteristics, with worst-case operating conditions.
  - Under worst-case conditions, an increase of 100ps in available settling time will increase MTBF values by a factor of 288.8
Typical MTBF values are calculated based on the nominal silicon characteristics, at nominal operating conditions.
  - Under typical conditions, an increase of 100ps in available settling time will increase MTBF values by a factor of 4590.3



---------------------------------------------
; Metastability Summary Slow 900mV 0C Model ;
---------------------------------------------
Worst-Case MTBF of Design is 1e+09 years or 3.15e+16 seconds.
Typical MTBF of Design is 1e+09 years or 3.15e+16 seconds.

MTBF(design) = 1 / SUM(1 / MTBF(synchronizer chain))

Number of Synchronizer Chains Found: 9
Shortest Synchronizer Chain: 2 Registers
Number of Chains For Which MTBFs Could Not be Calculated Due to Timing Violations: 0, or 0.0%.
Number of Chains Excluded from MTBF Analysis: 5, or 55.6%
Worst Case Available Settling Time: 38.482 ns

Worst-Case MTBF values are calculated based on the worst-case silicon characteristics, with worst-case operating conditions.
  - Under worst-case conditions, an increase of 100ps in available settling time will increase MTBF values by a factor of 78.2
Typical MTBF values are calculated based on the nominal silicon characteristics, at nominal operating conditions.
  - Under typical conditions, an increase of 100ps in available settling time will increase MTBF values by a factor of 4590.3



-----------------------------------------------
; Metastability Summary Fast 900mV 100C Model ;
-----------------------------------------------
Worst-Case MTBF of Design is 1e+09 years or 3.15e+16 seconds.
Typical MTBF of Design is 1e+09 years or 3.15e+16 seconds.

MTBF(design) = 1 / SUM(1 / MTBF(synchronizer chain))

Number of Synchronizer Chains Found: 9
Shortest Synchronizer Chain: 2 Registers
Number of Chains For Which MTBFs Could Not be Calculated Due to Timing Violations: 0, or 0.0%.
Number of Chains Excluded from MTBF Analysis: 5, or 55.6%
Worst Case Available Settling Time: 38.965 ns

Worst-Case MTBF values are calculated based on the worst-case silicon characteristics, with worst-case operating conditions.
  - Under worst-case conditions, an increase of 100ps in available settling time will increase MTBF values by a factor of 288.8
Typical MTBF values are calculated based on the nominal silicon characteristics, at nominal operating conditions.
  - Under typical conditions, an increase of 100ps in available settling time will increase MTBF values by a factor of 4590.3



---------------------------------------------
; Metastability Summary Fast 900mV 0C Model ;
---------------------------------------------
Worst-Case MTBF of Design is 1e+09 years or 3.15e+16 seconds.
Typical MTBF of Design is 1e+09 years or 3.15e+16 seconds.

MTBF(design) = 1 / SUM(1 / MTBF(synchronizer chain))

Number of Synchronizer Chains Found: 9
Shortest Synchronizer Chain: 2 Registers
Number of Chains For Which MTBFs Could Not be Calculated Due to Timing Violations: 0, or 0.0%.
Number of Chains Excluded from MTBF Analysis: 5, or 55.6%
Worst Case Available Settling Time: 39.113 ns

Worst-Case MTBF values are calculated based on the worst-case silicon characteristics, with worst-case operating conditions.
  - Under worst-case conditions, an increase of 100ps in available settling time will increase MTBF values by a factor of 78.2
Typical MTBF values are calculated based on the nominal silicon characteristics, at nominal operating conditions.
  - Under typical conditions, an increase of 100ps in available settling time will increase MTBF values by a factor of 4590.3



+------------------------------------------------------------------------------------------------------------------------------------------------------------------------------------------------------------------------------------------------------------------------------------------------------------------------------------------------------------------------------------------------------------------------+
; Board Trace Model Assignments                                                                                                                                                                                                                                                                                                                                                                                          ;
+---------------------+--------------+-------------------+-------------------------+-------------------------+---------------+---------------------+----------------+------------------+--------+------------------+------------------------+------------------------+--------------+---------------+-----------------+-------+---------------------+--------------------+---------------+-----------------+-------------+
; Pin                 ; I/O Standard ; Near Tline Length ; Near Tline L per Length ; Near Tline C per Length ; Near Series R ; Near Differential R ; Near Pull-up R ; Near Pull-down R ; Near C ; Far Tline Length ; Far Tline L per Length ; Far Tline C per Length ; Far Series R ; Far Pull-up R ; Far Pull-down R ; Far C ; Termination Voltage ; Far Differential R ; EBD File Name ; EBD Signal Name ; EBD Far-end ;
+---------------------+--------------+-------------------+-------------------------+-------------------------+---------------+---------------------+----------------+------------------+--------+------------------+------------------------+------------------------+--------------+---------------+-----------------+-------+---------------------+--------------------+---------------+-----------------+-------------+
; LED_STATUS(0)       ; 1.8 V        ; 0 in              ; 0 H/in                  ; 0 F/in                  ; short         ; -                   ; open           ; open             ; open   ; 0 in             ; 0 H/in                 ; 0 F/in                 ; short        ; open          ; open            ; open  ; 0 V                 ; -                  ; n/a           ; n/a             ; n/a         ;
; LED_STATUS(1)       ; 1.8 V        ; 0 in              ; 0 H/in                  ; 0 F/in                  ; short         ; -                   ; open           ; open             ; open   ; 0 in             ; 0 H/in                 ; 0 F/in                 ; short        ; open          ; open            ; open  ; 0 V                 ; -                  ; n/a           ; n/a             ; n/a         ;
; LED_STATUS(2)       ; 1.8 V        ; 0 in              ; 0 H/in                  ; 0 F/in                  ; short         ; -                   ; open           ; open             ; open   ; 0 in             ; 0 H/in                 ; 0 F/in                 ; short        ; open          ; open            ; open  ; 0 V                 ; -                  ; n/a           ; n/a             ; n/a         ;
; LED_STATUS(3)       ; 1.8 V        ; 0 in              ; 0 H/in                  ; 0 F/in                  ; short         ; -                   ; open           ; open             ; open   ; 0 in             ; 0 H/in                 ; 0 F/in                 ; short        ; open          ; open            ; open  ; 0 V                 ; -                  ; n/a           ; n/a             ; n/a         ;
; altera_reserved_tdo ; 1.8 V        ; 0 in              ; 0 H/in                  ; 0 F/in                  ; short         ; -                   ; open           ; open             ; open   ; 0 in             ; 0 H/in                 ; 0 F/in                 ; short        ; open          ; open            ; open  ; 0 V                 ; -                  ; n/a           ; n/a             ; n/a         ;
; LED_STATUS(4)       ; 1.8 V        ; 0 in              ; 0 H/in                  ; 0 F/in                  ; short         ; -                   ; open           ; open             ; open   ; 0 in             ; 0 H/in                 ; 0 F/in                 ; short        ; open          ; open            ; open  ; 0 V                 ; -                  ; n/a           ; n/a             ; n/a         ;
; LED_STATUS(5)       ; 1.8 V        ; 0 in              ; 0 H/in                  ; 0 F/in                  ; short         ; -                   ; open           ; open             ; open   ; 0 in             ; 0 H/in                 ; 0 F/in                 ; short        ; open          ; open            ; open  ; 0 V                 ; -                  ; n/a           ; n/a             ; n/a         ;
; LED_STATUS(6)       ; 1.8 V        ; 0 in              ; 0 H/in                  ; 0 F/in                  ; short         ; -                   ; open           ; open             ; open   ; 0 in             ; 0 H/in                 ; 0 F/in                 ; short        ; open          ; open            ; open  ; 0 V                 ; -                  ; n/a           ; n/a             ; n/a         ;
; LED_STATUS(7)       ; 1.8 V        ; 0 in              ; 0 H/in                  ; 0 F/in                  ; short         ; -                   ; open           ; open             ; open   ; 0 in             ; 0 H/in                 ; 0 F/in                 ; short        ; open          ; open            ; open  ; 0 V                 ; -                  ; n/a           ; n/a             ; n/a         ;
+---------------------+--------------+-------------------+-------------------------+-------------------------+---------------+---------------------+----------------+------------------+--------+------------------+------------------------+------------------------+--------------+---------------+-----------------+-------+---------------------+--------------------+---------------+-----------------+-------------+


+------------------------------------------------------------------------+
; Input Transition Times                                                 ;
+---------------------+--------------+-----------------+-----------------+
; Pin                 ; I/O Standard ; 10-90 Rise Time ; 90-10 Fall Time ;
+---------------------+--------------+-----------------+-----------------+
; BTN_RESET           ; 1.8 V        ; 1440 ps         ; 1440 ps         ;
; altera_reserved_tck ; 1.8 V        ; 1440 ps         ; 1440 ps         ;
; altera_reserved_tdi ; 1.8 V        ; 1440 ps         ; 1440 ps         ;
; altera_reserved_tms ; 1.8 V        ; 1440 ps         ; 1440 ps         ;
; CLK_50              ; 1.8 V        ; 1440 ps         ; 1440 ps         ;
; ~ALTERA_DATA0~      ; 1.8 V        ; 1440 ps         ; 1440 ps         ;
+---------------------+--------------+-----------------+-----------------+


+--------------------------------------------------------------------------------------------------------------------------------------------------------------------------------------------------------------------------------------------------------------------------------------------------------------------------------------------------------------------------------------------------------------------------------------------------------------------------------------------------------------------------------------------------------------------------------------------------------------------------------------------------------------------------------------------------+
; Signal Integrity Metrics (Slow 900mv 100c Model)                                                                                                                                                                                                                                                                                                                                                                                                                                                                                                                                                                                                                                                 ;
+---------------------+--------------+---------------------+---------------------+------------------------------+------------------------------+---------------------+---------------------+--------------------------------------+--------------------------------------+-----------------------------+-----------------------------+----------------------------+----------------------------+-----------------------------+-----------------------------+--------------------+--------------------+-------------------------------------+-------------------------------------+----------------------------+----------------------------+---------------------------+---------------------------+
; Pin                 ; I/O Standard ; Board Delay on Rise ; Board Delay on Fall ; Steady State Voh at FPGA Pin ; Steady State Vol at FPGA Pin ; Voh Max at FPGA Pin ; Vol Min at FPGA Pin ; Ringback Voltage on Rise at FPGA Pin ; Ringback Voltage on Fall at FPGA Pin ; 10-90 Rise Time at FPGA Pin ; 90-10 Fall Time at FPGA Pin ; Monotonic Rise at FPGA Pin ; Monotonic Fall at FPGA Pin ; Steady State Voh at Far-end ; Steady State Vol at Far-end ; Voh Max at Far-end ; Vol Min at Far-end ; Ringback Voltage on Rise at Far-end ; Ringback Voltage on Fall at Far-end ; 10-90 Rise Time at Far-end ; 90-10 Fall Time at Far-end ; Monotonic Rise at Far-end ; Monotonic Fall at Far-end ;
+---------------------+--------------+---------------------+---------------------+------------------------------+------------------------------+---------------------+---------------------+--------------------------------------+--------------------------------------+-----------------------------+-----------------------------+----------------------------+----------------------------+-----------------------------+-----------------------------+--------------------+--------------------+-------------------------------------+-------------------------------------+----------------------------+----------------------------+---------------------------+---------------------------+
; LED_STATUS(0)       ; 1.8 V        ; 0 s                 ; 0 s                 ; 1.66 V                       ; 4.43e-06 V                   ; 1.7 V               ; -0.0552 V           ; 0.108 V                              ; 0.08 V                               ; 2.35e-10 s                  ; 2.24e-10 s                  ; No                         ; No                         ; 1.66 V                      ; 4.43e-06 V                  ; 1.7 V              ; -0.0552 V          ; 0.108 V                             ; 0.08 V                              ; 2.35e-10 s                 ; 2.24e-10 s                 ; No                        ; No                        ;
; LED_STATUS(1)       ; 1.8 V        ; 0 s                 ; 0 s                 ; 1.66 V                       ; 4.43e-06 V                   ; 1.7 V               ; -0.0552 V           ; 0.108 V                              ; 0.08 V                               ; 2.35e-10 s                  ; 2.24e-10 s                  ; No                         ; No                         ; 1.66 V                      ; 4.43e-06 V                  ; 1.7 V              ; -0.0552 V          ; 0.108 V                             ; 0.08 V                              ; 2.35e-10 s                 ; 2.24e-10 s                 ; No                        ; No                        ;
; LED_STATUS(2)       ; 1.8 V        ; 0 s                 ; 0 s                 ; 1.66 V                       ; 4.43e-06 V                   ; 1.7 V               ; -0.0552 V           ; 0.108 V                              ; 0.08 V                               ; 2.35e-10 s                  ; 2.24e-10 s                  ; No                         ; No                         ; 1.66 V                      ; 4.43e-06 V                  ; 1.7 V              ; -0.0552 V          ; 0.108 V                             ; 0.08 V                              ; 2.35e-10 s                 ; 2.24e-10 s                 ; No                        ; No                        ;
; LED_STATUS(3)       ; 1.8 V        ; 0 s                 ; 0 s                 ; 1.66 V                       ; 4.43e-06 V                   ; 1.7 V               ; -0.0552 V           ; 0.108 V                              ; 0.08 V                               ; 2.35e-10 s                  ; 2.24e-10 s                  ; No                         ; No                         ; 1.66 V                      ; 4.43e-06 V                  ; 1.7 V              ; -0.0552 V          ; 0.108 V                             ; 0.08 V                              ; 2.35e-10 s                 ; 2.24e-10 s                 ; No                        ; No                        ;
; altera_reserved_tdo ; 1.8 V        ; 0 s                 ; 0 s                 ; 1.66 V                       ; 3.7e-06 V                    ; 1.73 V              ; -0.0751 V           ; 0.178 V                              ; 0.161 V                              ; 1.41e-10 s                  ; 1.39e-10 s                  ; No                         ; No                         ; 1.66 V                      ; 3.7e-06 V                   ; 1.73 V             ; -0.0751 V          ; 0.178 V                             ; 0.161 V                             ; 1.41e-10 s                 ; 1.39e-10 s                 ; No                        ; No                        ;
; LED_STATUS(4)       ; 1.8 V        ; 0 s                 ; 0 s                 ; 1.66 V                       ; 4.43e-06 V                   ; 1.7 V               ; -0.0552 V           ; 0.108 V                              ; 0.08 V                               ; 2.35e-10 s                  ; 2.24e-10 s                  ; No                         ; No                         ; 1.66 V                      ; 4.43e-06 V                  ; 1.7 V              ; -0.0552 V          ; 0.108 V                             ; 0.08 V                              ; 2.35e-10 s                 ; 2.24e-10 s                 ; No                        ; No                        ;
; LED_STATUS(5)       ; 1.8 V        ; 0 s                 ; 0 s                 ; 1.66 V                       ; 4.43e-06 V                   ; 1.7 V               ; -0.0552 V           ; 0.108 V                              ; 0.08 V                               ; 2.35e-10 s                  ; 2.24e-10 s                  ; No                         ; No                         ; 1.66 V                      ; 4.43e-06 V                  ; 1.7 V              ; -0.0552 V          ; 0.108 V                             ; 0.08 V                              ; 2.35e-10 s                 ; 2.24e-10 s                 ; No                        ; No                        ;
; LED_STATUS(6)       ; 1.8 V        ; 0 s                 ; 0 s                 ; 1.66 V                       ; 4.43e-06 V                   ; 1.7 V               ; -0.0552 V           ; 0.108 V                              ; 0.08 V                               ; 2.35e-10 s                  ; 2.24e-10 s                  ; No                         ; No                         ; 1.66 V                      ; 4.43e-06 V                  ; 1.7 V              ; -0.0552 V          ; 0.108 V                             ; 0.08 V                              ; 2.35e-10 s                 ; 2.24e-10 s                 ; No                        ; No                        ;
; LED_STATUS(7)       ; 1.8 V        ; 0 s                 ; 0 s                 ; 1.66 V                       ; 4.43e-06 V                   ; 1.7 V               ; -0.0552 V           ; 0.108 V                              ; 0.08 V                               ; 2.35e-10 s                  ; 2.24e-10 s                  ; No                         ; No                         ; 1.66 V                      ; 4.43e-06 V                  ; 1.7 V              ; -0.0552 V          ; 0.108 V                             ; 0.08 V                              ; 2.35e-10 s                 ; 2.24e-10 s                 ; No                        ; No                        ;
+---------------------+--------------+---------------------+---------------------+------------------------------+------------------------------+---------------------+---------------------+--------------------------------------+--------------------------------------+-----------------------------+-----------------------------+----------------------------+----------------------------+-----------------------------+-----------------------------+--------------------+--------------------+-------------------------------------+-------------------------------------+----------------------------+----------------------------+---------------------------+---------------------------+


+----------------------------------------------------------------------------------------------------------------------------------------------------+
; Setup Transfers                                                                                                                                    ;
+------------+----------+----------+----------+----------+----------+---------------------------+------------------+---------------------------------+
; From Clock ; To Clock ; RR Paths ; FR Paths ; RF Paths ; FF Paths ; Clock Pair Classification ; Worst-Case Slack ; Worst-Case Operating Conditions ;
+------------+----------+----------+----------+----------+----------+---------------------------+------------------+---------------------------------+
; CLK_50     ; CLK_50   ; 540228   ; 0        ; 0        ; 0        ; Intra-Clock (Timed Safe)  ; 6.867            ; Slow 900mV 100C Model           ;
+------------+----------+----------+----------+----------+----------+---------------------------+------------------+---------------------------------+
An "Asynchronous (Timed Unsafe)" transfer occurs when the From & To clocks are asynchronous and no timing constraints exist. Entries labeled "false path" only account for clock-to-clock false paths. Path-based false path counts are shown in rows with "Ignored (Not Timed)" classifications


+----------------------------------------------------------------------------------------------------------------------------------------------------+
; Hold Transfers                                                                                                                                     ;
+------------+----------+----------+----------+----------+----------+---------------------------+------------------+---------------------------------+
; From Clock ; To Clock ; RR Paths ; FR Paths ; RF Paths ; FF Paths ; Clock Pair Classification ; Worst-Case Slack ; Worst-Case Operating Conditions ;
+------------+----------+----------+----------+----------+----------+---------------------------+------------------+---------------------------------+
; CLK_50     ; CLK_50   ; 559412   ; 0        ; 0        ; 0        ; Intra-Clock (Timed Safe)  ; 0.015            ; Fast 900mV 0C Model             ;
+------------+----------+----------+----------+----------+----------+---------------------------+------------------+---------------------------------+
An "Asynchronous (Timed Unsafe)" transfer occurs when the From & To clocks are asynchronous and no timing constraints exist. Entries labeled "false path" only account for clock-to-clock false paths. Path-based false path counts are shown in rows with "Ignored (Not Timed)" classifications


+----------------------------------------------------------------------------------------------------------------------------------------------------+
; Recovery Transfers                                                                                                                                 ;
+------------+----------+----------+----------+----------+----------+---------------------------+------------------+---------------------------------+
; From Clock ; To Clock ; RR Paths ; FR Paths ; RF Paths ; FF Paths ; Clock Pair Classification ; Worst-Case Slack ; Worst-Case Operating Conditions ;
+------------+----------+----------+----------+----------+----------+---------------------------+------------------+---------------------------------+
; CLK_50     ; CLK_50   ; 4605     ; 0        ; 0        ; 0        ; Intra-Clock (Timed Safe)  ; 12.406           ; Slow 900mV 100C Model           ;
+------------+----------+----------+----------+----------+----------+---------------------------+------------------+---------------------------------+
An "Asynchronous (Timed Unsafe)" transfer occurs when the From & To clocks are asynchronous and no timing constraints exist. Entries labeled "false path" only account for clock-to-clock false paths. Path-based false path counts are shown in rows with "Ignored (Not Timed)" classifications


+----------------------------------------------------------------------------------------------------------------------------------------------------+
; Removal Transfers                                                                                                                                  ;
+------------+----------+----------+----------+----------+----------+---------------------------+------------------+---------------------------------+
; From Clock ; To Clock ; RR Paths ; FR Paths ; RF Paths ; FF Paths ; Clock Pair Classification ; Worst-Case Slack ; Worst-Case Operating Conditions ;
+------------+----------+----------+----------+----------+----------+---------------------------+------------------+---------------------------------+
; CLK_50     ; CLK_50   ; 4605     ; 0        ; 0        ; 0        ; Intra-Clock (Timed Safe)  ; 0.146            ; Fast 900mV 0C Model             ;
+------------+----------+----------+----------+----------+----------+---------------------------+------------------+---------------------------------+
An "Asynchronous (Timed Unsafe)" transfer occurs when the From & To clocks are asynchronous and no timing constraints exist. Entries labeled "false path" only account for clock-to-clock false paths. Path-based false path counts are shown in rows with "Ignored (Not Timed)" classifications


----------------
; Command Info ;
----------------
Report Timing: Found 10 setup paths (0 violated).  Worst case slack is 6.867 

Tcl Command:
    report_timing -setup -panel_name {Worst-Case Timing Paths||Setup||CLK_50} -to_clock [get_clocks {CLK_50}] -npaths 10 -detail full_path

Options:
    -to_clock [get_clocks {CLK_50}] 
    -setup 
    -npaths 10 
    -detail full_path 
    -panel_name {CLK_50} 

Snapshot:
    final

Delay Models:
    Slow 900mV 100C Model
    Slow 900mV 0C Model
    Fast 900mV 100C Model
    Fast 900mV 0C Model


+----------------------------------------------------------------------------------------------------------------------------------------------------------------------------------------------------------------------------------------------+
; Summary of Paths                                                                                                                                                                                                                             ;
+-------+--------------------------------------------------------------+---------------------------------------------------------------+--------------+-------------+--------------+------------+------------+---------------------------------+
; Slack ; From Node                                                    ; To Node                                                       ; Launch Clock ; Latch Clock ; Relationship ; Clock Skew ; Data Delay ; Worst-Case Operating Conditions ;
+-------+--------------------------------------------------------------+---------------------------------------------------------------+--------------+-------------+--------------+------------+------------+---------------------------------+
; 6.867 ; System|npu_system_0|npu_system_17|w_row_idx[0]~_Duplicate_11 ; System|npu_system_0|npu_system_17|out_data_reg[21]~LRTM_32    ; CLK_50       ; CLK_50      ; 20.016       ; -0.003     ; 13.384     ; Slow 900mV 100C Model           ;
; 7.485 ; System|npu_system_0|npu_system_17|w_row_idx[2]~_Duplicate_9  ; System|npu_system_0|npu_system_17|out_data_reg[21]~LRTM_32    ; CLK_50       ; CLK_50      ; 20.016       ; -0.003     ; 12.766     ; Slow 900mV 100C Model           ;
; 7.512 ; System|rst_controller|r_sync_rst                             ; System|npu_system_0|npu_system_17|n_matrix_weight[14][28][14] ; CLK_50       ; CLK_50      ; 20.000       ; 0.038      ; 12.553     ; Slow 900mV 100C Model           ;
; 7.512 ; System|rst_controller|r_sync_rst                             ; System|npu_system_0|npu_system_17|n_matrix_weight[14][28][13] ; CLK_50       ; CLK_50      ; 20.000       ; 0.038      ; 12.553     ; Slow 900mV 100C Model           ;
; 7.512 ; System|rst_controller|r_sync_rst                             ; System|npu_system_0|npu_system_17|n_matrix_weight[14][28][12] ; CLK_50       ; CLK_50      ; 20.000       ; 0.038      ; 12.553     ; Slow 900mV 100C Model           ;
; 7.512 ; System|rst_controller|r_sync_rst                             ; System|npu_system_0|npu_system_17|n_matrix_weight[14][28][11] ; CLK_50       ; CLK_50      ; 20.000       ; 0.038      ; 12.553     ; Slow 900mV 100C Model           ;
; 7.512 ; System|rst_controller|r_sync_rst                             ; System|npu_system_0|npu_system_17|n_matrix_weight[14][28][10] ; CLK_50       ; CLK_50      ; 20.000       ; 0.038      ; 12.553     ; Slow 900mV 100C Model           ;
; 7.512 ; System|rst_controller|r_sync_rst                             ; System|npu_system_0|npu_system_17|n_matrix_weight[14][28][8]  ; CLK_50       ; CLK_50      ; 20.000       ; 0.038      ; 12.553     ; Slow 900mV 100C Model           ;
; 7.546 ; System|npu_system_0|npu_system_17|w_row_idx[0]~_Duplicate_11 ; System|npu_system_0|npu_system_17|out_data_reg[13]~LRTM_36    ; CLK_50       ; CLK_50      ; 20.000       ; -0.003     ; 12.690     ; Slow 900mV 100C Model           ;
; 7.596 ; System|rst_controller|r_sync_rst                             ; System|npu_system_0|npu_system_17|n_matrix_weight[14][28][6]  ; CLK_50       ; CLK_50      ; 20.000       ; 0.038      ; 12.466     ; Slow 900mV 100C Model           ;
+-------+--------------------------------------------------------------+---------------------------------------------------------------+--------------+-------------+--------------+------------+------------+---------------------------------+


Path #1: Setup slack is 6.867 
===============================================================================
+------------------------------------------------------------------------------------------------+
; Path Summary                                                                                   ;
+---------------------------------+--------------------------------------------------------------+
; Property                        ; Value                                                        ;
+---------------------------------+--------------------------------------------------------------+
; From Node                       ; System|npu_system_0|npu_system_17|w_row_idx[0]~_Duplicate_11 ;
; To Node                         ; System|npu_system_0|npu_system_17|out_data_reg[21]~LRTM_32   ;
; Launch Clock                    ; CLK_50                                                       ;
; Latch Clock                     ; CLK_50                                                       ;
; SDC Exception                   ; No SDC Exception on Path                                     ;
; Data Arrival Time               ; 18.003                                                       ;
; Data Required Time              ; 24.870                                                       ;
; Slack                           ; 6.867                                                        ;
; Worst-Case Operating Conditions ; Slow 900mV 100C Model                                        ;
+---------------------------------+--------------------------------------------------------------+

+------------------------------------------------------------------------------------+
; Statistics                                                                         ;
+------------------------+--------+-------+-------------+------------+-------+-------+
; Property               ; Value  ; Count ; Total Delay ; % of Total ; Min   ; Max   ;
+------------------------+--------+-------+-------------+------------+-------+-------+
; Setup Relationship     ; 20.016 ;       ;             ;            ;       ;       ;
; Clock Skew             ; -0.003 ;       ;             ;            ;       ;       ;
; Data Delay             ; 13.384 ;       ;             ;            ;       ;       ;
; Number of Logic Levels ;        ; 5     ;             ;            ;       ;       ;
; Physical Delays        ;        ;       ;             ;            ;       ;       ;
;  Arrival Path          ;        ;       ;             ;            ;       ;       ;
;   Clock                ;        ;       ;             ;            ;       ;       ;
;    IC                  ;        ; 3     ; 3.395       ; 74         ; 0.000 ; 3.395 ;
;    Cell                ;        ; 4     ; 1.224       ; 26         ; 0.000 ; 0.547 ;
;   Data                 ;        ;       ;             ;            ;       ;       ;
;    IC                  ;        ; 5     ; 12.237      ; 91         ; 0.833 ; 3.337 ;
;    Cell                ;        ; 12    ; 0.930       ; 7          ; 0.000 ; 0.243 ;
;    uTco                ;        ; 1     ; 0.217       ; 2          ; 0.217 ; 0.217 ;
;  Required Path         ;        ;       ;             ;            ;       ;       ;
;   Clock                ;        ;       ;             ;            ;       ;       ;
;    IC                  ;        ; 3     ; 3.166       ; 74         ; 0.000 ; 3.166 ;
;    Cell                ;        ; 4     ; 1.116       ; 26         ; 0.000 ; 0.547 ;
+------------------------+--------+-------+-------------+------------+-------+-------+
Note: Negative delays are omitted from totals when calculating percentages

+-----------------------------------------------------------------------------------------------------------------------------------------------------------------+
; Data Arrival Path                                                                                                                                               ;
+----------+---------+----+--------+--------+-----------------------+------------+--------------------------------------------------------------------------------+
; Total    ; Incr    ; RF ; Type   ; Fanout ; Location              ; HS/LP      ; Element                                                                        ;
+----------+---------+----+--------+--------+-----------------------+------------+--------------------------------------------------------------------------------+
; 0.000    ; 0.000   ;    ;        ;        ;                       ;            ; launch edge time                                                               ;
; 0.000    ; 0.000   ;    ; borrow ;        ;                       ;            ; time borrowed                                                                  ;
; 4.619    ; 4.619   ;    ;        ;        ;                       ;            ; clock path                                                                     ;
;   0.000  ;   0.000 ;    ;        ;        ;                       ;            ; source latency                                                                 ;
;   0.000  ;   0.000 ;    ;        ; 1      ; PIN_AM10              ;            ; CLK_50                                                                         ;
;   0.000  ;   0.000 ; RR ; IC     ; 1      ; IOIBUF_X148_Y16_N32   ;            ; CLK_50~input|i                                                                 ;
;   0.547  ;   0.547 ; RR ; CELL   ; 1      ; IOIBUF_X148_Y16_N32   ;            ; CLK_50~input|o                                                                 ;
;   0.706  ;   0.159 ; RR ; CELL   ; 1      ; IOIBUF_X148_Y16_N32   ;            ; CLK_50~input~io_48_lvds_tile_edge/ioclkin[0]                                   ;
;   0.706  ;   0.000 ; RR ; IC     ; 2      ; CLKCTRL_3A_G_I20      ;            ; CLK_50~inputCLKENA0|inclk                                                      ;
;   1.224  ;   0.518 ; RR ; CELL   ; 181454 ; CLKCTRL_3A_G_I20      ;            ; CLK_50~inputCLKENA0|outclk                                                     ;
;   4.619  ;   3.395 ; RR ; IC     ; 1      ; FF_X54_Y122_N43       ; High Speed ; System|npu_system_0|npu_system_17|w_row_idx[0]~_Duplicate_11|clk               ;
;   4.619  ;   0.000 ; RR ; CELL   ; 1      ; FF_X54_Y122_N43       ; High Speed ; System|npu_system_0|npu_system_17|w_row_idx[0]~_Duplicate_11                   ;
; 18.003   ; 13.384  ;    ;        ;        ;                       ;            ; data path                                                                      ;
;   4.836  ;   0.217 ; RR ; uTco   ; 1      ; FF_X54_Y122_N43       ;            ; System|npu_system_0|npu_system_17|w_row_idx[0]~_Duplicate_11|q                 ;
;   4.995  ;   0.159 ; RR ; CELL   ; 1141   ; FF_X54_Y122_N43       ; High Speed ; System|npu_system_0|npu_system_17|w_row_idx[0]~_Duplicate_11~la_lab/laboutb[8] ;
;   8.332  ;   3.337 ; RR ; IC     ; 1      ; LABCELL_X113_Y178_N42 ; Mixed      ; System|npu_system_0|npu_system_17|i70467~9330|datab                            ;
;   8.575  ;   0.243 ; RF ; CELL   ; 1      ; LABCELL_X113_Y178_N42 ; High Speed ; System|npu_system_0|npu_system_17|i70467~9330|combout                          ;
;   8.580  ;   0.005 ; FF ; CELL   ; 1      ; LABCELL_X113_Y178_N42 ; High Speed ; System|npu_system_0|npu_system_17|i70467~9330~la_lab/laboutb[9]                ;
;   11.525 ;   2.945 ; FF ; IC     ; 1      ; LABCELL_X76_Y188_N36  ; Mixed      ; System|npu_system_0|npu_system_17|i70467~9334|datab                            ;
;   11.747 ;   0.222 ; FF ; CELL   ; 1      ; LABCELL_X76_Y188_N36  ; High Speed ; System|npu_system_0|npu_system_17|i70467~9334|combout                          ;
;   11.751 ;   0.004 ; FF ; CELL   ; 1      ; LABCELL_X76_Y188_N36  ; High Speed ; System|npu_system_0|npu_system_17|i70467~9334~la_lab/laboutb[4]                ;
;   14.176 ;   2.425 ; FF ; IC     ; 1      ; LABCELL_X74_Y158_N54  ; Mixed      ; System|npu_system_0|npu_system_17|i70467~9335|dataf                            ;
;   14.220 ;   0.044 ; FF ; CELL   ; 1      ; LABCELL_X74_Y158_N54  ; High Speed ; System|npu_system_0|npu_system_17|i70467~9335|combout                          ;
;   14.224 ;   0.004 ; FF ; CELL   ; 1      ; LABCELL_X74_Y158_N54  ; High Speed ; System|npu_system_0|npu_system_17|i70467~9335~la_lab/laboutb[16]               ;
;   15.057 ;   0.833 ; FF ; IC     ; 1      ; MLABCELL_X68_Y156_N30 ; Mixed      ; System|npu_system_0|npu_system_17|i70467~9378|datae                            ;
;   15.168 ;   0.111 ; FF ; CELL   ; 1      ; MLABCELL_X68_Y156_N30 ; High Speed ; System|npu_system_0|npu_system_17|i70467~9378|combout                          ;
;   15.173 ;   0.005 ; FF ; CELL   ; 1      ; MLABCELL_X68_Y156_N30 ; High Speed ; System|npu_system_0|npu_system_17|i70467~9378~la_mlab/laboutb[0]               ;
;   17.870 ;   2.697 ; FF ; IC     ; 1      ; LABCELL_X72_Y123_N33  ; Mixed      ; System|npu_system_0|npu_system_17|i70467~9464|datad                            ;
;   18.003 ;   0.133 ; FF ; CELL   ; 1      ; LABCELL_X72_Y123_N33  ; High Speed ; System|npu_system_0|npu_system_17|i70467~9464|combout                          ;
;   18.003 ;   0.000 ; FF ; CELL   ; 1      ; FF_X72_Y123_N35       ; High Speed ; System|npu_system_0|npu_system_17|out_data_reg[21]~LRTM_32|d                   ;
;   18.003 ;   0.000 ; FF ; CELL   ; 1      ; FF_X72_Y123_N35       ; High Speed ; System|npu_system_0|npu_system_17|out_data_reg[21]~LRTM_32                     ;
+----------+---------+----+--------+--------+-----------------------+------------+--------------------------------------------------------------------------------+

+-----------------------------------------------------------------------------------------------------------------------------------------------+
; Data Required Path                                                                                                                            ;
+----------+---------+----+--------+--------+---------------------+------------+----------------------------------------------------------------+
; Total    ; Incr    ; RF ; Type   ; Fanout ; Location            ; HS/LP      ; Element                                                        ;
+----------+---------+----+--------+--------+---------------------+------------+----------------------------------------------------------------+
; 20.000   ; 20.000  ;    ;        ;        ;                     ;            ; latch edge time                                                ;
; 20.016   ; 0.016   ;    ; borrow ;        ;                     ;            ; time borrowed                                                  ;
; 24.632   ; 4.616   ;    ;        ;        ;                     ;            ; clock path                                                     ;
;   20.016 ;   0.000 ;    ;        ;        ;                     ;            ; source latency                                                 ;
;   20.016 ;   0.000 ;    ;        ; 1      ; PIN_AM10            ;            ; CLK_50                                                         ;
;   20.016 ;   0.000 ; RR ; IC     ; 1      ; IOIBUF_X148_Y16_N32 ;            ; CLK_50~input|i                                                 ;
;   20.563 ;   0.547 ; RR ; CELL   ; 1      ; IOIBUF_X148_Y16_N32 ;            ; CLK_50~input|o                                                 ;
;   20.692 ;   0.129 ; RR ; CELL   ; 1      ; IOIBUF_X148_Y16_N32 ;            ; CLK_50~input~io_48_lvds_tile_edge/ioclkin[0]                   ;
;   20.692 ;   0.000 ; RR ; IC     ; 2      ; CLKCTRL_3A_G_I20    ;            ; CLK_50~inputCLKENA0|inclk                                      ;
;   21.132 ;   0.440 ; RR ; CELL   ; 181454 ; CLKCTRL_3A_G_I20    ;            ; CLK_50~inputCLKENA0|outclk                                     ;
;   24.298 ;   3.166 ; RR ; IC     ; 1      ; FF_X72_Y123_N35     ; High Speed ; System|npu_system_0|npu_system_17|out_data_reg[21]~LRTM_32|clk ;
;   24.298 ;   0.000 ; RR ; CELL   ; 1      ; FF_X72_Y123_N35     ; High Speed ; System|npu_system_0|npu_system_17|out_data_reg[21]~LRTM_32     ;
;   24.632 ;   0.334 ;    ;        ;        ;                     ;            ; clock pessimism removed                                        ;
; 24.602   ; -0.030  ;    ;        ;        ;                     ;            ; clock uncertainty                                              ;
; 24.870   ; 0.268   ;    ; uTsu   ; 1      ; FF_X72_Y123_N35     ;            ; System|npu_system_0|npu_system_17|out_data_reg[21]~LRTM_32     ;
+----------+---------+----+--------+--------+---------------------+------------+----------------------------------------------------------------+



Path #2: Setup slack is 7.485 
===============================================================================
+-----------------------------------------------------------------------------------------------+
; Path Summary                                                                                  ;
+---------------------------------+-------------------------------------------------------------+
; Property                        ; Value                                                       ;
+---------------------------------+-------------------------------------------------------------+
; From Node                       ; System|npu_system_0|npu_system_17|w_row_idx[2]~_Duplicate_9 ;
; To Node                         ; System|npu_system_0|npu_system_17|out_data_reg[21]~LRTM_32  ;
; Launch Clock                    ; CLK_50                                                      ;
; Latch Clock                     ; CLK_50                                                      ;
; SDC Exception                   ; No SDC Exception on Path                                    ;
; Data Arrival Time               ; 17.385                                                      ;
; Data Required Time              ; 24.870                                                      ;
; Slack                           ; 7.485                                                       ;
; Worst-Case Operating Conditions ; Slow 900mV 100C Model                                       ;
+---------------------------------+-------------------------------------------------------------+

+------------------------------------------------------------------------------------+
; Statistics                                                                         ;
+------------------------+--------+-------+-------------+------------+-------+-------+
; Property               ; Value  ; Count ; Total Delay ; % of Total ; Min   ; Max   ;
+------------------------+--------+-------+-------------+------------+-------+-------+
; Setup Relationship     ; 20.016 ;       ;             ;            ;       ;       ;
; Clock Skew             ; -0.003 ;       ;             ;            ;       ;       ;
; Data Delay             ; 12.766 ;       ;             ;            ;       ;       ;
; Number of Logic Levels ;        ; 5     ;             ;            ;       ;       ;
; Physical Delays        ;        ;       ;             ;            ;       ;       ;
;  Arrival Path          ;        ;       ;             ;            ;       ;       ;
;   Clock                ;        ;       ;             ;            ;       ;       ;
;    IC                  ;        ; 3     ; 3.395       ; 74         ; 0.000 ; 3.395 ;
;    Cell                ;        ; 4     ; 1.224       ; 26         ; 0.000 ; 0.547 ;
;   Data                 ;        ;       ;             ;            ;       ;       ;
;    IC                  ;        ; 5     ; 11.701      ; 92         ; 0.833 ; 2.945 ;
;    Cell                ;        ; 12    ; 0.850       ; 7          ; 0.000 ; 0.222 ;
;    uTco                ;        ; 1     ; 0.215       ; 2          ; 0.215 ; 0.215 ;
;  Required Path         ;        ;       ;             ;            ;       ;       ;
;   Clock                ;        ;       ;             ;            ;       ;       ;
;    IC                  ;        ; 3     ; 3.166       ; 74         ; 0.000 ; 3.166 ;
;    Cell                ;        ; 4     ; 1.116       ; 26         ; 0.000 ; 0.547 ;
+------------------------+--------+-------+-------------+------------+-------+-------+
Note: Negative delays are omitted from totals when calculating percentages

+-----------------------------------------------------------------------------------------------------------------------------------------------------------------+
; Data Arrival Path                                                                                                                                               ;
+----------+---------+----+--------+--------+-----------------------+------------+--------------------------------------------------------------------------------+
; Total    ; Incr    ; RF ; Type   ; Fanout ; Location              ; HS/LP      ; Element                                                                        ;
+----------+---------+----+--------+--------+-----------------------+------------+--------------------------------------------------------------------------------+
; 0.000    ; 0.000   ;    ;        ;        ;                       ;            ; launch edge time                                                               ;
; 0.000    ; 0.000   ;    ; borrow ;        ;                       ;            ; time borrowed                                                                  ;
; 4.619    ; 4.619   ;    ;        ;        ;                       ;            ; clock path                                                                     ;
;   0.000  ;   0.000 ;    ;        ;        ;                       ;            ; source latency                                                                 ;
;   0.000  ;   0.000 ;    ;        ; 1      ; PIN_AM10              ;            ; CLK_50                                                                         ;
;   0.000  ;   0.000 ; RR ; IC     ; 1      ; IOIBUF_X148_Y16_N32   ;            ; CLK_50~input|i                                                                 ;
;   0.547  ;   0.547 ; RR ; CELL   ; 1      ; IOIBUF_X148_Y16_N32   ;            ; CLK_50~input|o                                                                 ;
;   0.706  ;   0.159 ; RR ; CELL   ; 1      ; IOIBUF_X148_Y16_N32   ;            ; CLK_50~input~io_48_lvds_tile_edge/ioclkin[0]                                   ;
;   0.706  ;   0.000 ; RR ; IC     ; 2      ; CLKCTRL_3A_G_I20      ;            ; CLK_50~inputCLKENA0|inclk                                                      ;
;   1.224  ;   0.518 ; RR ; CELL   ; 181454 ; CLKCTRL_3A_G_I20      ;            ; CLK_50~inputCLKENA0|outclk                                                     ;
;   4.619  ;   3.395 ; RR ; IC     ; 1      ; FF_X54_Y122_N29       ; High Speed ; System|npu_system_0|npu_system_17|w_row_idx[2]~_Duplicate_9|clk                ;
;   4.619  ;   0.000 ; RR ; CELL   ; 1      ; FF_X54_Y122_N29       ; High Speed ; System|npu_system_0|npu_system_17|w_row_idx[2]~_Duplicate_9                    ;
; 17.385   ; 12.766  ;    ;        ;        ;                       ;            ; data path                                                                      ;
;   4.834  ;   0.215 ; RR ; uTco   ; 1      ; FF_X54_Y122_N29       ;            ; System|npu_system_0|npu_system_17|w_row_idx[2]~_Duplicate_9|q                  ;
;   5.018  ;   0.184 ; RR ; CELL   ; 1148   ; FF_X54_Y122_N29       ; High Speed ; System|npu_system_0|npu_system_17|w_row_idx[2]~_Duplicate_9~la_lab/laboutt[19] ;
;   7.819  ;   2.801 ; RR ; IC     ; 1      ; LABCELL_X113_Y178_N42 ; Mixed      ; System|npu_system_0|npu_system_17|i70467~9330|datae                            ;
;   7.957  ;   0.138 ; RF ; CELL   ; 1      ; LABCELL_X113_Y178_N42 ; High Speed ; System|npu_system_0|npu_system_17|i70467~9330|combout                          ;
;   7.962  ;   0.005 ; FF ; CELL   ; 1      ; LABCELL_X113_Y178_N42 ; High Speed ; System|npu_system_0|npu_system_17|i70467~9330~la_lab/laboutb[9]                ;
;   10.907 ;   2.945 ; FF ; IC     ; 1      ; LABCELL_X76_Y188_N36  ; Mixed      ; System|npu_system_0|npu_system_17|i70467~9334|datab                            ;
;   11.129 ;   0.222 ; FF ; CELL   ; 1      ; LABCELL_X76_Y188_N36  ; High Speed ; System|npu_system_0|npu_system_17|i70467~9334|combout                          ;
;   11.133 ;   0.004 ; FF ; CELL   ; 1      ; LABCELL_X76_Y188_N36  ; High Speed ; System|npu_system_0|npu_system_17|i70467~9334~la_lab/laboutb[4]                ;
;   13.558 ;   2.425 ; FF ; IC     ; 1      ; LABCELL_X74_Y158_N54  ; Mixed      ; System|npu_system_0|npu_system_17|i70467~9335|dataf                            ;
;   13.602 ;   0.044 ; FF ; CELL   ; 1      ; LABCELL_X74_Y158_N54  ; High Speed ; System|npu_system_0|npu_system_17|i70467~9335|combout                          ;
;   13.606 ;   0.004 ; FF ; CELL   ; 1      ; LABCELL_X74_Y158_N54  ; High Speed ; System|npu_system_0|npu_system_17|i70467~9335~la_lab/laboutb[16]               ;
;   14.439 ;   0.833 ; FF ; IC     ; 1      ; MLABCELL_X68_Y156_N30 ; Mixed      ; System|npu_system_0|npu_system_17|i70467~9378|datae                            ;
;   14.550 ;   0.111 ; FF ; CELL   ; 1      ; MLABCELL_X68_Y156_N30 ; High Speed ; System|npu_system_0|npu_system_17|i70467~9378|combout                          ;
;   14.555 ;   0.005 ; FF ; CELL   ; 1      ; MLABCELL_X68_Y156_N30 ; High Speed ; System|npu_system_0|npu_system_17|i70467~9378~la_mlab/laboutb[0]               ;
;   17.252 ;   2.697 ; FF ; IC     ; 1      ; LABCELL_X72_Y123_N33  ; Mixed      ; System|npu_system_0|npu_system_17|i70467~9464|datad                            ;
;   17.385 ;   0.133 ; FF ; CELL   ; 1      ; LABCELL_X72_Y123_N33  ; High Speed ; System|npu_system_0|npu_system_17|i70467~9464|combout                          ;
;   17.385 ;   0.000 ; FF ; CELL   ; 1      ; FF_X72_Y123_N35       ; High Speed ; System|npu_system_0|npu_system_17|out_data_reg[21]~LRTM_32|d                   ;
;   17.385 ;   0.000 ; FF ; CELL   ; 1      ; FF_X72_Y123_N35       ; High Speed ; System|npu_system_0|npu_system_17|out_data_reg[21]~LRTM_32                     ;
+----------+---------+----+--------+--------+-----------------------+------------+--------------------------------------------------------------------------------+

+-----------------------------------------------------------------------------------------------------------------------------------------------+
; Data Required Path                                                                                                                            ;
+----------+---------+----+--------+--------+---------------------+------------+----------------------------------------------------------------+
; Total    ; Incr    ; RF ; Type   ; Fanout ; Location            ; HS/LP      ; Element                                                        ;
+----------+---------+----+--------+--------+---------------------+------------+----------------------------------------------------------------+
; 20.000   ; 20.000  ;    ;        ;        ;                     ;            ; latch edge time                                                ;
; 20.016   ; 0.016   ;    ; borrow ;        ;                     ;            ; time borrowed                                                  ;
; 24.632   ; 4.616   ;    ;        ;        ;                     ;            ; clock path                                                     ;
;   20.016 ;   0.000 ;    ;        ;        ;                     ;            ; source latency                                                 ;
;   20.016 ;   0.000 ;    ;        ; 1      ; PIN_AM10            ;            ; CLK_50                                                         ;
;   20.016 ;   0.000 ; RR ; IC     ; 1      ; IOIBUF_X148_Y16_N32 ;            ; CLK_50~input|i                                                 ;
;   20.563 ;   0.547 ; RR ; CELL   ; 1      ; IOIBUF_X148_Y16_N32 ;            ; CLK_50~input|o                                                 ;
;   20.692 ;   0.129 ; RR ; CELL   ; 1      ; IOIBUF_X148_Y16_N32 ;            ; CLK_50~input~io_48_lvds_tile_edge/ioclkin[0]                   ;
;   20.692 ;   0.000 ; RR ; IC     ; 2      ; CLKCTRL_3A_G_I20    ;            ; CLK_50~inputCLKENA0|inclk                                      ;
;   21.132 ;   0.440 ; RR ; CELL   ; 181454 ; CLKCTRL_3A_G_I20    ;            ; CLK_50~inputCLKENA0|outclk                                     ;
;   24.298 ;   3.166 ; RR ; IC     ; 1      ; FF_X72_Y123_N35     ; High Speed ; System|npu_system_0|npu_system_17|out_data_reg[21]~LRTM_32|clk ;
;   24.298 ;   0.000 ; RR ; CELL   ; 1      ; FF_X72_Y123_N35     ; High Speed ; System|npu_system_0|npu_system_17|out_data_reg[21]~LRTM_32     ;
;   24.632 ;   0.334 ;    ;        ;        ;                     ;            ; clock pessimism removed                                        ;
; 24.602   ; -0.030  ;    ;        ;        ;                     ;            ; clock uncertainty                                              ;
; 24.870   ; 0.268   ;    ; uTsu   ; 1      ; FF_X72_Y123_N35     ;            ; System|npu_system_0|npu_system_17|out_data_reg[21]~LRTM_32     ;
+----------+---------+----+--------+--------+---------------------+------------+----------------------------------------------------------------+



Path #3: Setup slack is 7.512 
===============================================================================
+-------------------------------------------------------------------------------------------------+
; Path Summary                                                                                    ;
+---------------------------------+---------------------------------------------------------------+
; Property                        ; Value                                                         ;
+---------------------------------+---------------------------------------------------------------+
; From Node                       ; System|rst_controller|r_sync_rst                              ;
; To Node                         ; System|npu_system_0|npu_system_17|n_matrix_weight[14][28][14] ;
; Launch Clock                    ; CLK_50                                                        ;
; Latch Clock                     ; CLK_50                                                        ;
; SDC Exception                   ; No SDC Exception on Path                                      ;
; Data Arrival Time               ; 17.094                                                        ;
; Data Required Time              ; 24.606                                                        ;
; Slack                           ; 7.512                                                         ;
; Worst-Case Operating Conditions ; Slow 900mV 100C Model                                         ;
+---------------------------------+---------------------------------------------------------------+

+------------------------------------------------------------------------------------+
; Statistics                                                                         ;
+------------------------+--------+-------+-------------+------------+-------+-------+
; Property               ; Value  ; Count ; Total Delay ; % of Total ; Min   ; Max   ;
+------------------------+--------+-------+-------------+------------+-------+-------+
; Setup Relationship     ; 20.000 ;       ;             ;            ;       ;       ;
; Clock Skew             ; 0.038  ;       ;             ;            ;       ;       ;
; Data Delay             ; 12.553 ;       ;             ;            ;       ;       ;
; Number of Logic Levels ;        ; 3     ;             ;            ;       ;       ;
; Physical Delays        ;        ;       ;             ;            ;       ;       ;
;  Arrival Path          ;        ;       ;             ;            ;       ;       ;
;   Clock                ;        ;       ;             ;            ;       ;       ;
;    IC                  ;        ; 3     ; 3.317       ; 73         ; 0.000 ; 3.317 ;
;    Cell                ;        ; 4     ; 1.224       ; 27         ; 0.000 ; 0.547 ;
;   Data                 ;        ;       ;             ;            ;       ;       ;
;    IC                  ;        ; 4     ; 11.749      ; 94         ; 0.685 ; 5.257 ;
;    Cell                ;        ; 8     ; 0.575       ; 5          ; 0.000 ; 0.178 ;
;    uTco                ;        ; 1     ; 0.229       ; 2          ; 0.229 ; 0.229 ;
;  Required Path         ;        ;       ;             ;            ;       ;       ;
;   Clock                ;        ;       ;             ;            ;       ;       ;
;    IC                  ;        ; 3     ; 3.211       ; 74         ; 0.000 ; 3.211 ;
;    Cell                ;        ; 4     ; 1.116       ; 26         ; 0.000 ; 0.547 ;
+------------------------+--------+-------+-------------+------------+-------+-------+
Note: Negative delays are omitted from totals when calculating percentages

+----------------------------------------------------------------------------------------------------------------------------------------------------------------------+
; Data Arrival Path                                                                                                                                                    ;
+----------+---------+----+--------+--------+----------------------+------------+--------------------------------------------------------------------------------------+
; Total    ; Incr    ; RF ; Type   ; Fanout ; Location             ; HS/LP      ; Element                                                                              ;
+----------+---------+----+--------+--------+----------------------+------------+--------------------------------------------------------------------------------------+
; 0.000    ; 0.000   ;    ;        ;        ;                      ;            ; launch edge time                                                                     ;
; 0.000    ; 0.000   ;    ; borrow ;        ;                      ;            ; time borrowed                                                                        ;
; 4.541    ; 4.541   ;    ;        ;        ;                      ;            ; clock path                                                                           ;
;   0.000  ;   0.000 ;    ;        ;        ;                      ;            ; source latency                                                                       ;
;   0.000  ;   0.000 ;    ;        ; 1      ; PIN_AM10             ;            ; CLK_50                                                                               ;
;   0.000  ;   0.000 ; RR ; IC     ; 1      ; IOIBUF_X148_Y16_N32  ;            ; CLK_50~input|i                                                                       ;
;   0.547  ;   0.547 ; RR ; CELL   ; 1      ; IOIBUF_X148_Y16_N32  ;            ; CLK_50~input|o                                                                       ;
;   0.706  ;   0.159 ; RR ; CELL   ; 1      ; IOIBUF_X148_Y16_N32  ;            ; CLK_50~input~io_48_lvds_tile_edge/ioclkin[0]                                         ;
;   0.706  ;   0.000 ; RR ; IC     ; 2      ; CLKCTRL_3A_G_I20     ;            ; CLK_50~inputCLKENA0|inclk                                                            ;
;   1.224  ;   0.518 ; RR ; CELL   ; 181454 ; CLKCTRL_3A_G_I20     ;            ; CLK_50~inputCLKENA0|outclk                                                           ;
;   4.541  ;   3.317 ; RR ; IC     ; 1      ; FF_X11_Y73_N59       ; High Speed ; System|rst_controller|r_sync_rst|clk                                                 ;
;   4.541  ;   0.000 ; RR ; CELL   ; 1      ; FF_X11_Y73_N59       ; High Speed ; System|rst_controller|r_sync_rst                                                     ;
; 17.094   ; 12.553  ;    ;        ;        ;                      ;            ; data path                                                                            ;
;   4.770  ;   0.229 ; RR ; uTco   ; 1      ; FF_X11_Y73_N59       ;            ; System|rst_controller|r_sync_rst|q                                                   ;
;   4.936  ;   0.166 ; RR ; CELL   ; 1971   ; FF_X11_Y73_N59       ; High Speed ; System|rst_controller|r_sync_rst~la_mlab/laboutb[19]                                 ;
;   7.267  ;   2.331 ; RR ; IC     ; 1      ; LABCELL_X93_Y78_N30  ; Mixed      ; System|npu_system_0|npu_system_17|n_matrix_weight[0][0][15]~0|datac                  ;
;   7.445  ;   0.178 ; RF ; CELL   ; 1      ; LABCELL_X93_Y78_N30  ; Low Power  ; System|npu_system_0|npu_system_17|n_matrix_weight[0][0][15]~0|combout                ;
;   7.449  ;   0.004 ; FF ; CELL   ; 33     ; LABCELL_X93_Y78_N30  ; Low Power  ; System|npu_system_0|npu_system_17|n_matrix_weight[0][0][15]~0~la_lab/laboutb[0]      ;
;   10.925 ;   3.476 ; FF ; IC     ; 1      ; LABCELL_X113_Y108_N0 ; Mixed      ; System|npu_system_0|npu_system_17|n_matrix_weight[14][29][15]~23|dataf               ;
;   10.977 ;   0.052 ; FF ; CELL   ; 1      ; LABCELL_X113_Y108_N0 ; Low Power  ; System|npu_system_0|npu_system_17|n_matrix_weight[14][29][15]~23|combout             ;
;   10.982 ;   0.005 ; FF ; CELL   ; 31     ; LABCELL_X113_Y108_N0 ; Low Power  ; System|npu_system_0|npu_system_17|n_matrix_weight[14][29][15]~23~la_lab/laboutt[1]   ;
;   16.239 ;   5.257 ; FF ; IC     ; 1      ; LABCELL_X112_Y66_N15 ; Mixed      ; System|npu_system_0|npu_system_17|n_matrix_weight[14][28][15]~435|datac              ;
;   16.404 ;   0.165 ; FF ; CELL   ; 1      ; LABCELL_X112_Y66_N15 ; Low Power  ; System|npu_system_0|npu_system_17|n_matrix_weight[14][28][15]~435|combout            ;
;   16.409 ;   0.005 ; FF ; CELL   ; 16     ; LABCELL_X112_Y66_N15 ; Low Power  ; System|npu_system_0|npu_system_17|n_matrix_weight[14][28][15]~435~la_lab/laboutt[11] ;
;   17.094 ;   0.685 ; FF ; IC     ; 1      ; FF_X111_Y65_N59      ; Low Power  ; System|npu_system_0|npu_system_17|n_matrix_weight[14][28][14]|ena                    ;
;   17.094 ;   0.000 ; FF ; CELL   ; 1      ; FF_X111_Y65_N59      ; Low Power  ; System|npu_system_0|npu_system_17|n_matrix_weight[14][28][14]                        ;
+----------+---------+----+--------+--------+----------------------+------------+--------------------------------------------------------------------------------------+

+-------------------------------------------------------------------------------------------------------------------------------------------------+
; Data Required Path                                                                                                                              ;
+----------+---------+----+--------+--------+---------------------+-----------+-------------------------------------------------------------------+
; Total    ; Incr    ; RF ; Type   ; Fanout ; Location            ; HS/LP     ; Element                                                           ;
+----------+---------+----+--------+--------+---------------------+-----------+-------------------------------------------------------------------+
; 20.000   ; 20.000  ;    ;        ;        ;                     ;           ; latch edge time                                                   ;
; 20.000   ; 0.000   ;    ; borrow ;        ;                     ;           ; time borrowed                                                     ;
; 24.579   ; 4.579   ;    ;        ;        ;                     ;           ; clock path                                                        ;
;   20.000 ;   0.000 ;    ;        ;        ;                     ;           ; source latency                                                    ;
;   20.000 ;   0.000 ;    ;        ; 1      ; PIN_AM10            ;           ; CLK_50                                                            ;
;   20.000 ;   0.000 ; RR ; IC     ; 1      ; IOIBUF_X148_Y16_N32 ;           ; CLK_50~input|i                                                    ;
;   20.547 ;   0.547 ; RR ; CELL   ; 1      ; IOIBUF_X148_Y16_N32 ;           ; CLK_50~input|o                                                    ;
;   20.676 ;   0.129 ; RR ; CELL   ; 1      ; IOIBUF_X148_Y16_N32 ;           ; CLK_50~input~io_48_lvds_tile_edge/ioclkin[0]                      ;
;   20.676 ;   0.000 ; RR ; IC     ; 2      ; CLKCTRL_3A_G_I20    ;           ; CLK_50~inputCLKENA0|inclk                                         ;
;   21.116 ;   0.440 ; RR ; CELL   ; 181454 ; CLKCTRL_3A_G_I20    ;           ; CLK_50~inputCLKENA0|outclk                                        ;
;   24.327 ;   3.211 ; RR ; IC     ; 1      ; FF_X111_Y65_N59     ; Low Power ; System|npu_system_0|npu_system_17|n_matrix_weight[14][28][14]|clk ;
;   24.327 ;   0.000 ; RR ; CELL   ; 1      ; FF_X111_Y65_N59     ; Low Power ; System|npu_system_0|npu_system_17|n_matrix_weight[14][28][14]     ;
;   24.579 ;   0.252 ;    ;        ;        ;                     ;           ; clock pessimism removed                                           ;
; 24.549   ; -0.030  ;    ;        ;        ;                     ;           ; clock uncertainty                                                 ;
; 24.606   ; 0.057   ;    ; uTsu   ; 1      ; FF_X111_Y65_N59     ;           ; System|npu_system_0|npu_system_17|n_matrix_weight[14][28][14]     ;
+----------+---------+----+--------+--------+---------------------+-----------+-------------------------------------------------------------------+



Path #4: Setup slack is 7.512 
===============================================================================
+-------------------------------------------------------------------------------------------------+
; Path Summary                                                                                    ;
+---------------------------------+---------------------------------------------------------------+
; Property                        ; Value                                                         ;
+---------------------------------+---------------------------------------------------------------+
; From Node                       ; System|rst_controller|r_sync_rst                              ;
; To Node                         ; System|npu_system_0|npu_system_17|n_matrix_weight[14][28][13] ;
; Launch Clock                    ; CLK_50                                                        ;
; Latch Clock                     ; CLK_50                                                        ;
; SDC Exception                   ; No SDC Exception on Path                                      ;
; Data Arrival Time               ; 17.094                                                        ;
; Data Required Time              ; 24.606                                                        ;
; Slack                           ; 7.512                                                         ;
; Worst-Case Operating Conditions ; Slow 900mV 100C Model                                         ;
+---------------------------------+---------------------------------------------------------------+

+------------------------------------------------------------------------------------+
; Statistics                                                                         ;
+------------------------+--------+-------+-------------+------------+-------+-------+
; Property               ; Value  ; Count ; Total Delay ; % of Total ; Min   ; Max   ;
+------------------------+--------+-------+-------------+------------+-------+-------+
; Setup Relationship     ; 20.000 ;       ;             ;            ;       ;       ;
; Clock Skew             ; 0.038  ;       ;             ;            ;       ;       ;
; Data Delay             ; 12.553 ;       ;             ;            ;       ;       ;
; Number of Logic Levels ;        ; 3     ;             ;            ;       ;       ;
; Physical Delays        ;        ;       ;             ;            ;       ;       ;
;  Arrival Path          ;        ;       ;             ;            ;       ;       ;
;   Clock                ;        ;       ;             ;            ;       ;       ;
;    IC                  ;        ; 3     ; 3.317       ; 73         ; 0.000 ; 3.317 ;
;    Cell                ;        ; 4     ; 1.224       ; 27         ; 0.000 ; 0.547 ;
;   Data                 ;        ;       ;             ;            ;       ;       ;
;    IC                  ;        ; 4     ; 11.749      ; 94         ; 0.685 ; 5.257 ;
;    Cell                ;        ; 8     ; 0.575       ; 5          ; 0.000 ; 0.178 ;
;    uTco                ;        ; 1     ; 0.229       ; 2          ; 0.229 ; 0.229 ;
;  Required Path         ;        ;       ;             ;            ;       ;       ;
;   Clock                ;        ;       ;             ;            ;       ;       ;
;    IC                  ;        ; 3     ; 3.211       ; 74         ; 0.000 ; 3.211 ;
;    Cell                ;        ; 4     ; 1.116       ; 26         ; 0.000 ; 0.547 ;
+------------------------+--------+-------+-------------+------------+-------+-------+
Note: Negative delays are omitted from totals when calculating percentages

+----------------------------------------------------------------------------------------------------------------------------------------------------------------------+
; Data Arrival Path                                                                                                                                                    ;
+----------+---------+----+--------+--------+----------------------+------------+--------------------------------------------------------------------------------------+
; Total    ; Incr    ; RF ; Type   ; Fanout ; Location             ; HS/LP      ; Element                                                                              ;
+----------+---------+----+--------+--------+----------------------+------------+--------------------------------------------------------------------------------------+
; 0.000    ; 0.000   ;    ;        ;        ;                      ;            ; launch edge time                                                                     ;
; 0.000    ; 0.000   ;    ; borrow ;        ;                      ;            ; time borrowed                                                                        ;
; 4.541    ; 4.541   ;    ;        ;        ;                      ;            ; clock path                                                                           ;
;   0.000  ;   0.000 ;    ;        ;        ;                      ;            ; source latency                                                                       ;
;   0.000  ;   0.000 ;    ;        ; 1      ; PIN_AM10             ;            ; CLK_50                                                                               ;
;   0.000  ;   0.000 ; RR ; IC     ; 1      ; IOIBUF_X148_Y16_N32  ;            ; CLK_50~input|i                                                                       ;
;   0.547  ;   0.547 ; RR ; CELL   ; 1      ; IOIBUF_X148_Y16_N32  ;            ; CLK_50~input|o                                                                       ;
;   0.706  ;   0.159 ; RR ; CELL   ; 1      ; IOIBUF_X148_Y16_N32  ;            ; CLK_50~input~io_48_lvds_tile_edge/ioclkin[0]                                         ;
;   0.706  ;   0.000 ; RR ; IC     ; 2      ; CLKCTRL_3A_G_I20     ;            ; CLK_50~inputCLKENA0|inclk                                                            ;
;   1.224  ;   0.518 ; RR ; CELL   ; 181454 ; CLKCTRL_3A_G_I20     ;            ; CLK_50~inputCLKENA0|outclk                                                           ;
;   4.541  ;   3.317 ; RR ; IC     ; 1      ; FF_X11_Y73_N59       ; High Speed ; System|rst_controller|r_sync_rst|clk                                                 ;
;   4.541  ;   0.000 ; RR ; CELL   ; 1      ; FF_X11_Y73_N59       ; High Speed ; System|rst_controller|r_sync_rst                                                     ;
; 17.094   ; 12.553  ;    ;        ;        ;                      ;            ; data path                                                                            ;
;   4.770  ;   0.229 ; RR ; uTco   ; 1      ; FF_X11_Y73_N59       ;            ; System|rst_controller|r_sync_rst|q                                                   ;
;   4.936  ;   0.166 ; RR ; CELL   ; 1971   ; FF_X11_Y73_N59       ; High Speed ; System|rst_controller|r_sync_rst~la_mlab/laboutb[19]                                 ;
;   7.267  ;   2.331 ; RR ; IC     ; 1      ; LABCELL_X93_Y78_N30  ; Mixed      ; System|npu_system_0|npu_system_17|n_matrix_weight[0][0][15]~0|datac                  ;
;   7.445  ;   0.178 ; RF ; CELL   ; 1      ; LABCELL_X93_Y78_N30  ; Low Power  ; System|npu_system_0|npu_system_17|n_matrix_weight[0][0][15]~0|combout                ;
;   7.449  ;   0.004 ; FF ; CELL   ; 33     ; LABCELL_X93_Y78_N30  ; Low Power  ; System|npu_system_0|npu_system_17|n_matrix_weight[0][0][15]~0~la_lab/laboutb[0]      ;
;   10.925 ;   3.476 ; FF ; IC     ; 1      ; LABCELL_X113_Y108_N0 ; Mixed      ; System|npu_system_0|npu_system_17|n_matrix_weight[14][29][15]~23|dataf               ;
;   10.977 ;   0.052 ; FF ; CELL   ; 1      ; LABCELL_X113_Y108_N0 ; Low Power  ; System|npu_system_0|npu_system_17|n_matrix_weight[14][29][15]~23|combout             ;
;   10.982 ;   0.005 ; FF ; CELL   ; 31     ; LABCELL_X113_Y108_N0 ; Low Power  ; System|npu_system_0|npu_system_17|n_matrix_weight[14][29][15]~23~la_lab/laboutt[1]   ;
;   16.239 ;   5.257 ; FF ; IC     ; 1      ; LABCELL_X112_Y66_N15 ; Mixed      ; System|npu_system_0|npu_system_17|n_matrix_weight[14][28][15]~435|datac              ;
;   16.404 ;   0.165 ; FF ; CELL   ; 1      ; LABCELL_X112_Y66_N15 ; Low Power  ; System|npu_system_0|npu_system_17|n_matrix_weight[14][28][15]~435|combout            ;
;   16.409 ;   0.005 ; FF ; CELL   ; 16     ; LABCELL_X112_Y66_N15 ; Low Power  ; System|npu_system_0|npu_system_17|n_matrix_weight[14][28][15]~435~la_lab/laboutt[11] ;
;   17.094 ;   0.685 ; FF ; IC     ; 1      ; FF_X111_Y65_N31      ; Low Power  ; System|npu_system_0|npu_system_17|n_matrix_weight[14][28][13]|ena                    ;
;   17.094 ;   0.000 ; FF ; CELL   ; 1      ; FF_X111_Y65_N31      ; Low Power  ; System|npu_system_0|npu_system_17|n_matrix_weight[14][28][13]                        ;
+----------+---------+----+--------+--------+----------------------+------------+--------------------------------------------------------------------------------------+

+-------------------------------------------------------------------------------------------------------------------------------------------------+
; Data Required Path                                                                                                                              ;
+----------+---------+----+--------+--------+---------------------+-----------+-------------------------------------------------------------------+
; Total    ; Incr    ; RF ; Type   ; Fanout ; Location            ; HS/LP     ; Element                                                           ;
+----------+---------+----+--------+--------+---------------------+-----------+-------------------------------------------------------------------+
; 20.000   ; 20.000  ;    ;        ;        ;                     ;           ; latch edge time                                                   ;
; 20.000   ; 0.000   ;    ; borrow ;        ;                     ;           ; time borrowed                                                     ;
; 24.579   ; 4.579   ;    ;        ;        ;                     ;           ; clock path                                                        ;
;   20.000 ;   0.000 ;    ;        ;        ;                     ;           ; source latency                                                    ;
;   20.000 ;   0.000 ;    ;        ; 1      ; PIN_AM10            ;           ; CLK_50                                                            ;
;   20.000 ;   0.000 ; RR ; IC     ; 1      ; IOIBUF_X148_Y16_N32 ;           ; CLK_50~input|i                                                    ;
;   20.547 ;   0.547 ; RR ; CELL   ; 1      ; IOIBUF_X148_Y16_N32 ;           ; CLK_50~input|o                                                    ;
;   20.676 ;   0.129 ; RR ; CELL   ; 1      ; IOIBUF_X148_Y16_N32 ;           ; CLK_50~input~io_48_lvds_tile_edge/ioclkin[0]                      ;
;   20.676 ;   0.000 ; RR ; IC     ; 2      ; CLKCTRL_3A_G_I20    ;           ; CLK_50~inputCLKENA0|inclk                                         ;
;   21.116 ;   0.440 ; RR ; CELL   ; 181454 ; CLKCTRL_3A_G_I20    ;           ; CLK_50~inputCLKENA0|outclk                                        ;
;   24.327 ;   3.211 ; RR ; IC     ; 1      ; FF_X111_Y65_N31     ; Low Power ; System|npu_system_0|npu_system_17|n_matrix_weight[14][28][13]|clk ;
;   24.327 ;   0.000 ; RR ; CELL   ; 1      ; FF_X111_Y65_N31     ; Low Power ; System|npu_system_0|npu_system_17|n_matrix_weight[14][28][13]     ;
;   24.579 ;   0.252 ;    ;        ;        ;                     ;           ; clock pessimism removed                                           ;
; 24.549   ; -0.030  ;    ;        ;        ;                     ;           ; clock uncertainty                                                 ;
; 24.606   ; 0.057   ;    ; uTsu   ; 1      ; FF_X111_Y65_N31     ;           ; System|npu_system_0|npu_system_17|n_matrix_weight[14][28][13]     ;
+----------+---------+----+--------+--------+---------------------+-----------+-------------------------------------------------------------------+



Path #5: Setup slack is 7.512 
===============================================================================
+-------------------------------------------------------------------------------------------------+
; Path Summary                                                                                    ;
+---------------------------------+---------------------------------------------------------------+
; Property                        ; Value                                                         ;
+---------------------------------+---------------------------------------------------------------+
; From Node                       ; System|rst_controller|r_sync_rst                              ;
; To Node                         ; System|npu_system_0|npu_system_17|n_matrix_weight[14][28][12] ;
; Launch Clock                    ; CLK_50                                                        ;
; Latch Clock                     ; CLK_50                                                        ;
; SDC Exception                   ; No SDC Exception on Path                                      ;
; Data Arrival Time               ; 17.094                                                        ;
; Data Required Time              ; 24.606                                                        ;
; Slack                           ; 7.512                                                         ;
; Worst-Case Operating Conditions ; Slow 900mV 100C Model                                         ;
+---------------------------------+---------------------------------------------------------------+

+------------------------------------------------------------------------------------+
; Statistics                                                                         ;
+------------------------+--------+-------+-------------+------------+-------+-------+
; Property               ; Value  ; Count ; Total Delay ; % of Total ; Min   ; Max   ;
+------------------------+--------+-------+-------------+------------+-------+-------+
; Setup Relationship     ; 20.000 ;       ;             ;            ;       ;       ;
; Clock Skew             ; 0.038  ;       ;             ;            ;       ;       ;
; Data Delay             ; 12.553 ;       ;             ;            ;       ;       ;
; Number of Logic Levels ;        ; 3     ;             ;            ;       ;       ;
; Physical Delays        ;        ;       ;             ;            ;       ;       ;
;  Arrival Path          ;        ;       ;             ;            ;       ;       ;
;   Clock                ;        ;       ;             ;            ;       ;       ;
;    IC                  ;        ; 3     ; 3.317       ; 73         ; 0.000 ; 3.317 ;
;    Cell                ;        ; 4     ; 1.224       ; 27         ; 0.000 ; 0.547 ;
;   Data                 ;        ;       ;             ;            ;       ;       ;
;    IC                  ;        ; 4     ; 11.749      ; 94         ; 0.685 ; 5.257 ;
;    Cell                ;        ; 8     ; 0.575       ; 5          ; 0.000 ; 0.178 ;
;    uTco                ;        ; 1     ; 0.229       ; 2          ; 0.229 ; 0.229 ;
;  Required Path         ;        ;       ;             ;            ;       ;       ;
;   Clock                ;        ;       ;             ;            ;       ;       ;
;    IC                  ;        ; 3     ; 3.211       ; 74         ; 0.000 ; 3.211 ;
;    Cell                ;        ; 4     ; 1.116       ; 26         ; 0.000 ; 0.547 ;
+------------------------+--------+-------+-------------+------------+-------+-------+
Note: Negative delays are omitted from totals when calculating percentages

+----------------------------------------------------------------------------------------------------------------------------------------------------------------------+
; Data Arrival Path                                                                                                                                                    ;
+----------+---------+----+--------+--------+----------------------+------------+--------------------------------------------------------------------------------------+
; Total    ; Incr    ; RF ; Type   ; Fanout ; Location             ; HS/LP      ; Element                                                                              ;
+----------+---------+----+--------+--------+----------------------+------------+--------------------------------------------------------------------------------------+
; 0.000    ; 0.000   ;    ;        ;        ;                      ;            ; launch edge time                                                                     ;
; 0.000    ; 0.000   ;    ; borrow ;        ;                      ;            ; time borrowed                                                                        ;
; 4.541    ; 4.541   ;    ;        ;        ;                      ;            ; clock path                                                                           ;
;   0.000  ;   0.000 ;    ;        ;        ;                      ;            ; source latency                                                                       ;
;   0.000  ;   0.000 ;    ;        ; 1      ; PIN_AM10             ;            ; CLK_50                                                                               ;
;   0.000  ;   0.000 ; RR ; IC     ; 1      ; IOIBUF_X148_Y16_N32  ;            ; CLK_50~input|i                                                                       ;
;   0.547  ;   0.547 ; RR ; CELL   ; 1      ; IOIBUF_X148_Y16_N32  ;            ; CLK_50~input|o                                                                       ;
;   0.706  ;   0.159 ; RR ; CELL   ; 1      ; IOIBUF_X148_Y16_N32  ;            ; CLK_50~input~io_48_lvds_tile_edge/ioclkin[0]                                         ;
;   0.706  ;   0.000 ; RR ; IC     ; 2      ; CLKCTRL_3A_G_I20     ;            ; CLK_50~inputCLKENA0|inclk                                                            ;
;   1.224  ;   0.518 ; RR ; CELL   ; 181454 ; CLKCTRL_3A_G_I20     ;            ; CLK_50~inputCLKENA0|outclk                                                           ;
;   4.541  ;   3.317 ; RR ; IC     ; 1      ; FF_X11_Y73_N59       ; High Speed ; System|rst_controller|r_sync_rst|clk                                                 ;
;   4.541  ;   0.000 ; RR ; CELL   ; 1      ; FF_X11_Y73_N59       ; High Speed ; System|rst_controller|r_sync_rst                                                     ;
; 17.094   ; 12.553  ;    ;        ;        ;                      ;            ; data path                                                                            ;
;   4.770  ;   0.229 ; RR ; uTco   ; 1      ; FF_X11_Y73_N59       ;            ; System|rst_controller|r_sync_rst|q                                                   ;
;   4.936  ;   0.166 ; RR ; CELL   ; 1971   ; FF_X11_Y73_N59       ; High Speed ; System|rst_controller|r_sync_rst~la_mlab/laboutb[19]                                 ;
;   7.267  ;   2.331 ; RR ; IC     ; 1      ; LABCELL_X93_Y78_N30  ; Mixed      ; System|npu_system_0|npu_system_17|n_matrix_weight[0][0][15]~0|datac                  ;
;   7.445  ;   0.178 ; RF ; CELL   ; 1      ; LABCELL_X93_Y78_N30  ; Low Power  ; System|npu_system_0|npu_system_17|n_matrix_weight[0][0][15]~0|combout                ;
;   7.449  ;   0.004 ; FF ; CELL   ; 33     ; LABCELL_X93_Y78_N30  ; Low Power  ; System|npu_system_0|npu_system_17|n_matrix_weight[0][0][15]~0~la_lab/laboutb[0]      ;
;   10.925 ;   3.476 ; FF ; IC     ; 1      ; LABCELL_X113_Y108_N0 ; Mixed      ; System|npu_system_0|npu_system_17|n_matrix_weight[14][29][15]~23|dataf               ;
;   10.977 ;   0.052 ; FF ; CELL   ; 1      ; LABCELL_X113_Y108_N0 ; Low Power  ; System|npu_system_0|npu_system_17|n_matrix_weight[14][29][15]~23|combout             ;
;   10.982 ;   0.005 ; FF ; CELL   ; 31     ; LABCELL_X113_Y108_N0 ; Low Power  ; System|npu_system_0|npu_system_17|n_matrix_weight[14][29][15]~23~la_lab/laboutt[1]   ;
;   16.239 ;   5.257 ; FF ; IC     ; 1      ; LABCELL_X112_Y66_N15 ; Mixed      ; System|npu_system_0|npu_system_17|n_matrix_weight[14][28][15]~435|datac              ;
;   16.404 ;   0.165 ; FF ; CELL   ; 1      ; LABCELL_X112_Y66_N15 ; Low Power  ; System|npu_system_0|npu_system_17|n_matrix_weight[14][28][15]~435|combout            ;
;   16.409 ;   0.005 ; FF ; CELL   ; 16     ; LABCELL_X112_Y66_N15 ; Low Power  ; System|npu_system_0|npu_system_17|n_matrix_weight[14][28][15]~435~la_lab/laboutt[11] ;
;   17.094 ;   0.685 ; FF ; IC     ; 1      ; FF_X111_Y65_N35      ; Low Power  ; System|npu_system_0|npu_system_17|n_matrix_weight[14][28][12]|ena                    ;
;   17.094 ;   0.000 ; FF ; CELL   ; 1      ; FF_X111_Y65_N35      ; Low Power  ; System|npu_system_0|npu_system_17|n_matrix_weight[14][28][12]                        ;
+----------+---------+----+--------+--------+----------------------+------------+--------------------------------------------------------------------------------------+

+-------------------------------------------------------------------------------------------------------------------------------------------------+
; Data Required Path                                                                                                                              ;
+----------+---------+----+--------+--------+---------------------+-----------+-------------------------------------------------------------------+
; Total    ; Incr    ; RF ; Type   ; Fanout ; Location            ; HS/LP     ; Element                                                           ;
+----------+---------+----+--------+--------+---------------------+-----------+-------------------------------------------------------------------+
; 20.000   ; 20.000  ;    ;        ;        ;                     ;           ; latch edge time                                                   ;
; 20.000   ; 0.000   ;    ; borrow ;        ;                     ;           ; time borrowed                                                     ;
; 24.579   ; 4.579   ;    ;        ;        ;                     ;           ; clock path                                                        ;
;   20.000 ;   0.000 ;    ;        ;        ;                     ;           ; source latency                                                    ;
;   20.000 ;   0.000 ;    ;        ; 1      ; PIN_AM10            ;           ; CLK_50                                                            ;
;   20.000 ;   0.000 ; RR ; IC     ; 1      ; IOIBUF_X148_Y16_N32 ;           ; CLK_50~input|i                                                    ;
;   20.547 ;   0.547 ; RR ; CELL   ; 1      ; IOIBUF_X148_Y16_N32 ;           ; CLK_50~input|o                                                    ;
;   20.676 ;   0.129 ; RR ; CELL   ; 1      ; IOIBUF_X148_Y16_N32 ;           ; CLK_50~input~io_48_lvds_tile_edge/ioclkin[0]                      ;
;   20.676 ;   0.000 ; RR ; IC     ; 2      ; CLKCTRL_3A_G_I20    ;           ; CLK_50~inputCLKENA0|inclk                                         ;
;   21.116 ;   0.440 ; RR ; CELL   ; 181454 ; CLKCTRL_3A_G_I20    ;           ; CLK_50~inputCLKENA0|outclk                                        ;
;   24.327 ;   3.211 ; RR ; IC     ; 1      ; FF_X111_Y65_N35     ; Low Power ; System|npu_system_0|npu_system_17|n_matrix_weight[14][28][12]|clk ;
;   24.327 ;   0.000 ; RR ; CELL   ; 1      ; FF_X111_Y65_N35     ; Low Power ; System|npu_system_0|npu_system_17|n_matrix_weight[14][28][12]     ;
;   24.579 ;   0.252 ;    ;        ;        ;                     ;           ; clock pessimism removed                                           ;
; 24.549   ; -0.030  ;    ;        ;        ;                     ;           ; clock uncertainty                                                 ;
; 24.606   ; 0.057   ;    ; uTsu   ; 1      ; FF_X111_Y65_N35     ;           ; System|npu_system_0|npu_system_17|n_matrix_weight[14][28][12]     ;
+----------+---------+----+--------+--------+---------------------+-----------+-------------------------------------------------------------------+



Path #6: Setup slack is 7.512 
===============================================================================
+-------------------------------------------------------------------------------------------------+
; Path Summary                                                                                    ;
+---------------------------------+---------------------------------------------------------------+
; Property                        ; Value                                                         ;
+---------------------------------+---------------------------------------------------------------+
; From Node                       ; System|rst_controller|r_sync_rst                              ;
; To Node                         ; System|npu_system_0|npu_system_17|n_matrix_weight[14][28][11] ;
; Launch Clock                    ; CLK_50                                                        ;
; Latch Clock                     ; CLK_50                                                        ;
; SDC Exception                   ; No SDC Exception on Path                                      ;
; Data Arrival Time               ; 17.094                                                        ;
; Data Required Time              ; 24.606                                                        ;
; Slack                           ; 7.512                                                         ;
; Worst-Case Operating Conditions ; Slow 900mV 100C Model                                         ;
+---------------------------------+---------------------------------------------------------------+

+------------------------------------------------------------------------------------+
; Statistics                                                                         ;
+------------------------+--------+-------+-------------+------------+-------+-------+
; Property               ; Value  ; Count ; Total Delay ; % of Total ; Min   ; Max   ;
+------------------------+--------+-------+-------------+------------+-------+-------+
; Setup Relationship     ; 20.000 ;       ;             ;            ;       ;       ;
; Clock Skew             ; 0.038  ;       ;             ;            ;       ;       ;
; Data Delay             ; 12.553 ;       ;             ;            ;       ;       ;
; Number of Logic Levels ;        ; 3     ;             ;            ;       ;       ;
; Physical Delays        ;        ;       ;             ;            ;       ;       ;
;  Arrival Path          ;        ;       ;             ;            ;       ;       ;
;   Clock                ;        ;       ;             ;            ;       ;       ;
;    IC                  ;        ; 3     ; 3.317       ; 73         ; 0.000 ; 3.317 ;
;    Cell                ;        ; 4     ; 1.224       ; 27         ; 0.000 ; 0.547 ;
;   Data                 ;        ;       ;             ;            ;       ;       ;
;    IC                  ;        ; 4     ; 11.749      ; 94         ; 0.685 ; 5.257 ;
;    Cell                ;        ; 8     ; 0.575       ; 5          ; 0.000 ; 0.178 ;
;    uTco                ;        ; 1     ; 0.229       ; 2          ; 0.229 ; 0.229 ;
;  Required Path         ;        ;       ;             ;            ;       ;       ;
;   Clock                ;        ;       ;             ;            ;       ;       ;
;    IC                  ;        ; 3     ; 3.211       ; 74         ; 0.000 ; 3.211 ;
;    Cell                ;        ; 4     ; 1.116       ; 26         ; 0.000 ; 0.547 ;
+------------------------+--------+-------+-------------+------------+-------+-------+
Note: Negative delays are omitted from totals when calculating percentages

+----------------------------------------------------------------------------------------------------------------------------------------------------------------------+
; Data Arrival Path                                                                                                                                                    ;
+----------+---------+----+--------+--------+----------------------+------------+--------------------------------------------------------------------------------------+
; Total    ; Incr    ; RF ; Type   ; Fanout ; Location             ; HS/LP      ; Element                                                                              ;
+----------+---------+----+--------+--------+----------------------+------------+--------------------------------------------------------------------------------------+
; 0.000    ; 0.000   ;    ;        ;        ;                      ;            ; launch edge time                                                                     ;
; 0.000    ; 0.000   ;    ; borrow ;        ;                      ;            ; time borrowed                                                                        ;
; 4.541    ; 4.541   ;    ;        ;        ;                      ;            ; clock path                                                                           ;
;   0.000  ;   0.000 ;    ;        ;        ;                      ;            ; source latency                                                                       ;
;   0.000  ;   0.000 ;    ;        ; 1      ; PIN_AM10             ;            ; CLK_50                                                                               ;
;   0.000  ;   0.000 ; RR ; IC     ; 1      ; IOIBUF_X148_Y16_N32  ;            ; CLK_50~input|i                                                                       ;
;   0.547  ;   0.547 ; RR ; CELL   ; 1      ; IOIBUF_X148_Y16_N32  ;            ; CLK_50~input|o                                                                       ;
;   0.706  ;   0.159 ; RR ; CELL   ; 1      ; IOIBUF_X148_Y16_N32  ;            ; CLK_50~input~io_48_lvds_tile_edge/ioclkin[0]                                         ;
;   0.706  ;   0.000 ; RR ; IC     ; 2      ; CLKCTRL_3A_G_I20     ;            ; CLK_50~inputCLKENA0|inclk                                                            ;
;   1.224  ;   0.518 ; RR ; CELL   ; 181454 ; CLKCTRL_3A_G_I20     ;            ; CLK_50~inputCLKENA0|outclk                                                           ;
;   4.541  ;   3.317 ; RR ; IC     ; 1      ; FF_X11_Y73_N59       ; High Speed ; System|rst_controller|r_sync_rst|clk                                                 ;
;   4.541  ;   0.000 ; RR ; CELL   ; 1      ; FF_X11_Y73_N59       ; High Speed ; System|rst_controller|r_sync_rst                                                     ;
; 17.094   ; 12.553  ;    ;        ;        ;                      ;            ; data path                                                                            ;
;   4.770  ;   0.229 ; RR ; uTco   ; 1      ; FF_X11_Y73_N59       ;            ; System|rst_controller|r_sync_rst|q                                                   ;
;   4.936  ;   0.166 ; RR ; CELL   ; 1971   ; FF_X11_Y73_N59       ; High Speed ; System|rst_controller|r_sync_rst~la_mlab/laboutb[19]                                 ;
;   7.267  ;   2.331 ; RR ; IC     ; 1      ; LABCELL_X93_Y78_N30  ; Mixed      ; System|npu_system_0|npu_system_17|n_matrix_weight[0][0][15]~0|datac                  ;
;   7.445  ;   0.178 ; RF ; CELL   ; 1      ; LABCELL_X93_Y78_N30  ; Low Power  ; System|npu_system_0|npu_system_17|n_matrix_weight[0][0][15]~0|combout                ;
;   7.449  ;   0.004 ; FF ; CELL   ; 33     ; LABCELL_X93_Y78_N30  ; Low Power  ; System|npu_system_0|npu_system_17|n_matrix_weight[0][0][15]~0~la_lab/laboutb[0]      ;
;   10.925 ;   3.476 ; FF ; IC     ; 1      ; LABCELL_X113_Y108_N0 ; Mixed      ; System|npu_system_0|npu_system_17|n_matrix_weight[14][29][15]~23|dataf               ;
;   10.977 ;   0.052 ; FF ; CELL   ; 1      ; LABCELL_X113_Y108_N0 ; Low Power  ; System|npu_system_0|npu_system_17|n_matrix_weight[14][29][15]~23|combout             ;
;   10.982 ;   0.005 ; FF ; CELL   ; 31     ; LABCELL_X113_Y108_N0 ; Low Power  ; System|npu_system_0|npu_system_17|n_matrix_weight[14][29][15]~23~la_lab/laboutt[1]   ;
;   16.239 ;   5.257 ; FF ; IC     ; 1      ; LABCELL_X112_Y66_N15 ; Mixed      ; System|npu_system_0|npu_system_17|n_matrix_weight[14][28][15]~435|datac              ;
;   16.404 ;   0.165 ; FF ; CELL   ; 1      ; LABCELL_X112_Y66_N15 ; Low Power  ; System|npu_system_0|npu_system_17|n_matrix_weight[14][28][15]~435|combout            ;
;   16.409 ;   0.005 ; FF ; CELL   ; 16     ; LABCELL_X112_Y66_N15 ; Low Power  ; System|npu_system_0|npu_system_17|n_matrix_weight[14][28][15]~435~la_lab/laboutt[11] ;
;   17.094 ;   0.685 ; FF ; IC     ; 1      ; FF_X111_Y65_N32      ; Low Power  ; System|npu_system_0|npu_system_17|n_matrix_weight[14][28][11]|ena                    ;
;   17.094 ;   0.000 ; FF ; CELL   ; 1      ; FF_X111_Y65_N32      ; Low Power  ; System|npu_system_0|npu_system_17|n_matrix_weight[14][28][11]                        ;
+----------+---------+----+--------+--------+----------------------+------------+--------------------------------------------------------------------------------------+

+-------------------------------------------------------------------------------------------------------------------------------------------------+
; Data Required Path                                                                                                                              ;
+----------+---------+----+--------+--------+---------------------+-----------+-------------------------------------------------------------------+
; Total    ; Incr    ; RF ; Type   ; Fanout ; Location            ; HS/LP     ; Element                                                           ;
+----------+---------+----+--------+--------+---------------------+-----------+-------------------------------------------------------------------+
; 20.000   ; 20.000  ;    ;        ;        ;                     ;           ; latch edge time                                                   ;
; 20.000   ; 0.000   ;    ; borrow ;        ;                     ;           ; time borrowed                                                     ;
; 24.579   ; 4.579   ;    ;        ;        ;                     ;           ; clock path                                                        ;
;   20.000 ;   0.000 ;    ;        ;        ;                     ;           ; source latency                                                    ;
;   20.000 ;   0.000 ;    ;        ; 1      ; PIN_AM10            ;           ; CLK_50                                                            ;
;   20.000 ;   0.000 ; RR ; IC     ; 1      ; IOIBUF_X148_Y16_N32 ;           ; CLK_50~input|i                                                    ;
;   20.547 ;   0.547 ; RR ; CELL   ; 1      ; IOIBUF_X148_Y16_N32 ;           ; CLK_50~input|o                                                    ;
;   20.676 ;   0.129 ; RR ; CELL   ; 1      ; IOIBUF_X148_Y16_N32 ;           ; CLK_50~input~io_48_lvds_tile_edge/ioclkin[0]                      ;
;   20.676 ;   0.000 ; RR ; IC     ; 2      ; CLKCTRL_3A_G_I20    ;           ; CLK_50~inputCLKENA0|inclk                                         ;
;   21.116 ;   0.440 ; RR ; CELL   ; 181454 ; CLKCTRL_3A_G_I20    ;           ; CLK_50~inputCLKENA0|outclk                                        ;
;   24.327 ;   3.211 ; RR ; IC     ; 1      ; FF_X111_Y65_N32     ; Low Power ; System|npu_system_0|npu_system_17|n_matrix_weight[14][28][11]|clk ;
;   24.327 ;   0.000 ; RR ; CELL   ; 1      ; FF_X111_Y65_N32     ; Low Power ; System|npu_system_0|npu_system_17|n_matrix_weight[14][28][11]     ;
;   24.579 ;   0.252 ;    ;        ;        ;                     ;           ; clock pessimism removed                                           ;
; 24.549   ; -0.030  ;    ;        ;        ;                     ;           ; clock uncertainty                                                 ;
; 24.606   ; 0.057   ;    ; uTsu   ; 1      ; FF_X111_Y65_N32     ;           ; System|npu_system_0|npu_system_17|n_matrix_weight[14][28][11]     ;
+----------+---------+----+--------+--------+---------------------+-----------+-------------------------------------------------------------------+



Path #7: Setup slack is 7.512 
===============================================================================
+-------------------------------------------------------------------------------------------------+
; Path Summary                                                                                    ;
+---------------------------------+---------------------------------------------------------------+
; Property                        ; Value                                                         ;
+---------------------------------+---------------------------------------------------------------+
; From Node                       ; System|rst_controller|r_sync_rst                              ;
; To Node                         ; System|npu_system_0|npu_system_17|n_matrix_weight[14][28][10] ;
; Launch Clock                    ; CLK_50                                                        ;
; Latch Clock                     ; CLK_50                                                        ;
; SDC Exception                   ; No SDC Exception on Path                                      ;
; Data Arrival Time               ; 17.094                                                        ;
; Data Required Time              ; 24.606                                                        ;
; Slack                           ; 7.512                                                         ;
; Worst-Case Operating Conditions ; Slow 900mV 100C Model                                         ;
+---------------------------------+---------------------------------------------------------------+

+------------------------------------------------------------------------------------+
; Statistics                                                                         ;
+------------------------+--------+-------+-------------+------------+-------+-------+
; Property               ; Value  ; Count ; Total Delay ; % of Total ; Min   ; Max   ;
+------------------------+--------+-------+-------------+------------+-------+-------+
; Setup Relationship     ; 20.000 ;       ;             ;            ;       ;       ;
; Clock Skew             ; 0.038  ;       ;             ;            ;       ;       ;
; Data Delay             ; 12.553 ;       ;             ;            ;       ;       ;
; Number of Logic Levels ;        ; 3     ;             ;            ;       ;       ;
; Physical Delays        ;        ;       ;             ;            ;       ;       ;
;  Arrival Path          ;        ;       ;             ;            ;       ;       ;
;   Clock                ;        ;       ;             ;            ;       ;       ;
;    IC                  ;        ; 3     ; 3.317       ; 73         ; 0.000 ; 3.317 ;
;    Cell                ;        ; 4     ; 1.224       ; 27         ; 0.000 ; 0.547 ;
;   Data                 ;        ;       ;             ;            ;       ;       ;
;    IC                  ;        ; 4     ; 11.749      ; 94         ; 0.685 ; 5.257 ;
;    Cell                ;        ; 8     ; 0.575       ; 5          ; 0.000 ; 0.178 ;
;    uTco                ;        ; 1     ; 0.229       ; 2          ; 0.229 ; 0.229 ;
;  Required Path         ;        ;       ;             ;            ;       ;       ;
;   Clock                ;        ;       ;             ;            ;       ;       ;
;    IC                  ;        ; 3     ; 3.211       ; 74         ; 0.000 ; 3.211 ;
;    Cell                ;        ; 4     ; 1.116       ; 26         ; 0.000 ; 0.547 ;
+------------------------+--------+-------+-------------+------------+-------+-------+
Note: Negative delays are omitted from totals when calculating percentages

+----------------------------------------------------------------------------------------------------------------------------------------------------------------------+
; Data Arrival Path                                                                                                                                                    ;
+----------+---------+----+--------+--------+----------------------+------------+--------------------------------------------------------------------------------------+
; Total    ; Incr    ; RF ; Type   ; Fanout ; Location             ; HS/LP      ; Element                                                                              ;
+----------+---------+----+--------+--------+----------------------+------------+--------------------------------------------------------------------------------------+
; 0.000    ; 0.000   ;    ;        ;        ;                      ;            ; launch edge time                                                                     ;
; 0.000    ; 0.000   ;    ; borrow ;        ;                      ;            ; time borrowed                                                                        ;
; 4.541    ; 4.541   ;    ;        ;        ;                      ;            ; clock path                                                                           ;
;   0.000  ;   0.000 ;    ;        ;        ;                      ;            ; source latency                                                                       ;
;   0.000  ;   0.000 ;    ;        ; 1      ; PIN_AM10             ;            ; CLK_50                                                                               ;
;   0.000  ;   0.000 ; RR ; IC     ; 1      ; IOIBUF_X148_Y16_N32  ;            ; CLK_50~input|i                                                                       ;
;   0.547  ;   0.547 ; RR ; CELL   ; 1      ; IOIBUF_X148_Y16_N32  ;            ; CLK_50~input|o                                                                       ;
;   0.706  ;   0.159 ; RR ; CELL   ; 1      ; IOIBUF_X148_Y16_N32  ;            ; CLK_50~input~io_48_lvds_tile_edge/ioclkin[0]                                         ;
;   0.706  ;   0.000 ; RR ; IC     ; 2      ; CLKCTRL_3A_G_I20     ;            ; CLK_50~inputCLKENA0|inclk                                                            ;
;   1.224  ;   0.518 ; RR ; CELL   ; 181454 ; CLKCTRL_3A_G_I20     ;            ; CLK_50~inputCLKENA0|outclk                                                           ;
;   4.541  ;   3.317 ; RR ; IC     ; 1      ; FF_X11_Y73_N59       ; High Speed ; System|rst_controller|r_sync_rst|clk                                                 ;
;   4.541  ;   0.000 ; RR ; CELL   ; 1      ; FF_X11_Y73_N59       ; High Speed ; System|rst_controller|r_sync_rst                                                     ;
; 17.094   ; 12.553  ;    ;        ;        ;                      ;            ; data path                                                                            ;
;   4.770  ;   0.229 ; RR ; uTco   ; 1      ; FF_X11_Y73_N59       ;            ; System|rst_controller|r_sync_rst|q                                                   ;
;   4.936  ;   0.166 ; RR ; CELL   ; 1971   ; FF_X11_Y73_N59       ; High Speed ; System|rst_controller|r_sync_rst~la_mlab/laboutb[19]                                 ;
;   7.267  ;   2.331 ; RR ; IC     ; 1      ; LABCELL_X93_Y78_N30  ; Mixed      ; System|npu_system_0|npu_system_17|n_matrix_weight[0][0][15]~0|datac                  ;
;   7.445  ;   0.178 ; RF ; CELL   ; 1      ; LABCELL_X93_Y78_N30  ; Low Power  ; System|npu_system_0|npu_system_17|n_matrix_weight[0][0][15]~0|combout                ;
;   7.449  ;   0.004 ; FF ; CELL   ; 33     ; LABCELL_X93_Y78_N30  ; Low Power  ; System|npu_system_0|npu_system_17|n_matrix_weight[0][0][15]~0~la_lab/laboutb[0]      ;
;   10.925 ;   3.476 ; FF ; IC     ; 1      ; LABCELL_X113_Y108_N0 ; Mixed      ; System|npu_system_0|npu_system_17|n_matrix_weight[14][29][15]~23|dataf               ;
;   10.977 ;   0.052 ; FF ; CELL   ; 1      ; LABCELL_X113_Y108_N0 ; Low Power  ; System|npu_system_0|npu_system_17|n_matrix_weight[14][29][15]~23|combout             ;
;   10.982 ;   0.005 ; FF ; CELL   ; 31     ; LABCELL_X113_Y108_N0 ; Low Power  ; System|npu_system_0|npu_system_17|n_matrix_weight[14][29][15]~23~la_lab/laboutt[1]   ;
;   16.239 ;   5.257 ; FF ; IC     ; 1      ; LABCELL_X112_Y66_N15 ; Mixed      ; System|npu_system_0|npu_system_17|n_matrix_weight[14][28][15]~435|datac              ;
;   16.404 ;   0.165 ; FF ; CELL   ; 1      ; LABCELL_X112_Y66_N15 ; Low Power  ; System|npu_system_0|npu_system_17|n_matrix_weight[14][28][15]~435|combout            ;
;   16.409 ;   0.005 ; FF ; CELL   ; 16     ; LABCELL_X112_Y66_N15 ; Low Power  ; System|npu_system_0|npu_system_17|n_matrix_weight[14][28][15]~435~la_lab/laboutt[11] ;
;   17.094 ;   0.685 ; FF ; IC     ; 1      ; FF_X111_Y65_N58      ; Low Power  ; System|npu_system_0|npu_system_17|n_matrix_weight[14][28][10]|ena                    ;
;   17.094 ;   0.000 ; FF ; CELL   ; 1      ; FF_X111_Y65_N58      ; Low Power  ; System|npu_system_0|npu_system_17|n_matrix_weight[14][28][10]                        ;
+----------+---------+----+--------+--------+----------------------+------------+--------------------------------------------------------------------------------------+

+-------------------------------------------------------------------------------------------------------------------------------------------------+
; Data Required Path                                                                                                                              ;
+----------+---------+----+--------+--------+---------------------+-----------+-------------------------------------------------------------------+
; Total    ; Incr    ; RF ; Type   ; Fanout ; Location            ; HS/LP     ; Element                                                           ;
+----------+---------+----+--------+--------+---------------------+-----------+-------------------------------------------------------------------+
; 20.000   ; 20.000  ;    ;        ;        ;                     ;           ; latch edge time                                                   ;
; 20.000   ; 0.000   ;    ; borrow ;        ;                     ;           ; time borrowed                                                     ;
; 24.579   ; 4.579   ;    ;        ;        ;                     ;           ; clock path                                                        ;
;   20.000 ;   0.000 ;    ;        ;        ;                     ;           ; source latency                                                    ;
;   20.000 ;   0.000 ;    ;        ; 1      ; PIN_AM10            ;           ; CLK_50                                                            ;
;   20.000 ;   0.000 ; RR ; IC     ; 1      ; IOIBUF_X148_Y16_N32 ;           ; CLK_50~input|i                                                    ;
;   20.547 ;   0.547 ; RR ; CELL   ; 1      ; IOIBUF_X148_Y16_N32 ;           ; CLK_50~input|o                                                    ;
;   20.676 ;   0.129 ; RR ; CELL   ; 1      ; IOIBUF_X148_Y16_N32 ;           ; CLK_50~input~io_48_lvds_tile_edge/ioclkin[0]                      ;
;   20.676 ;   0.000 ; RR ; IC     ; 2      ; CLKCTRL_3A_G_I20    ;           ; CLK_50~inputCLKENA0|inclk                                         ;
;   21.116 ;   0.440 ; RR ; CELL   ; 181454 ; CLKCTRL_3A_G_I20    ;           ; CLK_50~inputCLKENA0|outclk                                        ;
;   24.327 ;   3.211 ; RR ; IC     ; 1      ; FF_X111_Y65_N58     ; Low Power ; System|npu_system_0|npu_system_17|n_matrix_weight[14][28][10]|clk ;
;   24.327 ;   0.000 ; RR ; CELL   ; 1      ; FF_X111_Y65_N58     ; Low Power ; System|npu_system_0|npu_system_17|n_matrix_weight[14][28][10]     ;
;   24.579 ;   0.252 ;    ;        ;        ;                     ;           ; clock pessimism removed                                           ;
; 24.549   ; -0.030  ;    ;        ;        ;                     ;           ; clock uncertainty                                                 ;
; 24.606   ; 0.057   ;    ; uTsu   ; 1      ; FF_X111_Y65_N58     ;           ; System|npu_system_0|npu_system_17|n_matrix_weight[14][28][10]     ;
+----------+---------+----+--------+--------+---------------------+-----------+-------------------------------------------------------------------+



Path #8: Setup slack is 7.512 
===============================================================================
+------------------------------------------------------------------------------------------------+
; Path Summary                                                                                   ;
+---------------------------------+--------------------------------------------------------------+
; Property                        ; Value                                                        ;
+---------------------------------+--------------------------------------------------------------+
; From Node                       ; System|rst_controller|r_sync_rst                             ;
; To Node                         ; System|npu_system_0|npu_system_17|n_matrix_weight[14][28][8] ;
; Launch Clock                    ; CLK_50                                                       ;
; Latch Clock                     ; CLK_50                                                       ;
; SDC Exception                   ; No SDC Exception on Path                                     ;
; Data Arrival Time               ; 17.094                                                       ;
; Data Required Time              ; 24.606                                                       ;
; Slack                           ; 7.512                                                        ;
; Worst-Case Operating Conditions ; Slow 900mV 100C Model                                        ;
+---------------------------------+--------------------------------------------------------------+

+------------------------------------------------------------------------------------+
; Statistics                                                                         ;
+------------------------+--------+-------+-------------+------------+-------+-------+
; Property               ; Value  ; Count ; Total Delay ; % of Total ; Min   ; Max   ;
+------------------------+--------+-------+-------------+------------+-------+-------+
; Setup Relationship     ; 20.000 ;       ;             ;            ;       ;       ;
; Clock Skew             ; 0.038  ;       ;             ;            ;       ;       ;
; Data Delay             ; 12.553 ;       ;             ;            ;       ;       ;
; Number of Logic Levels ;        ; 3     ;             ;            ;       ;       ;
; Physical Delays        ;        ;       ;             ;            ;       ;       ;
;  Arrival Path          ;        ;       ;             ;            ;       ;       ;
;   Clock                ;        ;       ;             ;            ;       ;       ;
;    IC                  ;        ; 3     ; 3.317       ; 73         ; 0.000 ; 3.317 ;
;    Cell                ;        ; 4     ; 1.224       ; 27         ; 0.000 ; 0.547 ;
;   Data                 ;        ;       ;             ;            ;       ;       ;
;    IC                  ;        ; 4     ; 11.749      ; 94         ; 0.685 ; 5.257 ;
;    Cell                ;        ; 8     ; 0.575       ; 5          ; 0.000 ; 0.178 ;
;    uTco                ;        ; 1     ; 0.229       ; 2          ; 0.229 ; 0.229 ;
;  Required Path         ;        ;       ;             ;            ;       ;       ;
;   Clock                ;        ;       ;             ;            ;       ;       ;
;    IC                  ;        ; 3     ; 3.211       ; 74         ; 0.000 ; 3.211 ;
;    Cell                ;        ; 4     ; 1.116       ; 26         ; 0.000 ; 0.547 ;
+------------------------+--------+-------+-------------+------------+-------+-------+
Note: Negative delays are omitted from totals when calculating percentages

+----------------------------------------------------------------------------------------------------------------------------------------------------------------------+
; Data Arrival Path                                                                                                                                                    ;
+----------+---------+----+--------+--------+----------------------+------------+--------------------------------------------------------------------------------------+
; Total    ; Incr    ; RF ; Type   ; Fanout ; Location             ; HS/LP      ; Element                                                                              ;
+----------+---------+----+--------+--------+----------------------+------------+--------------------------------------------------------------------------------------+
; 0.000    ; 0.000   ;    ;        ;        ;                      ;            ; launch edge time                                                                     ;
; 0.000    ; 0.000   ;    ; borrow ;        ;                      ;            ; time borrowed                                                                        ;
; 4.541    ; 4.541   ;    ;        ;        ;                      ;            ; clock path                                                                           ;
;   0.000  ;   0.000 ;    ;        ;        ;                      ;            ; source latency                                                                       ;
;   0.000  ;   0.000 ;    ;        ; 1      ; PIN_AM10             ;            ; CLK_50                                                                               ;
;   0.000  ;   0.000 ; RR ; IC     ; 1      ; IOIBUF_X148_Y16_N32  ;            ; CLK_50~input|i                                                                       ;
;   0.547  ;   0.547 ; RR ; CELL   ; 1      ; IOIBUF_X148_Y16_N32  ;            ; CLK_50~input|o                                                                       ;
;   0.706  ;   0.159 ; RR ; CELL   ; 1      ; IOIBUF_X148_Y16_N32  ;            ; CLK_50~input~io_48_lvds_tile_edge/ioclkin[0]                                         ;
;   0.706  ;   0.000 ; RR ; IC     ; 2      ; CLKCTRL_3A_G_I20     ;            ; CLK_50~inputCLKENA0|inclk                                                            ;
;   1.224  ;   0.518 ; RR ; CELL   ; 181454 ; CLKCTRL_3A_G_I20     ;            ; CLK_50~inputCLKENA0|outclk                                                           ;
;   4.541  ;   3.317 ; RR ; IC     ; 1      ; FF_X11_Y73_N59       ; High Speed ; System|rst_controller|r_sync_rst|clk                                                 ;
;   4.541  ;   0.000 ; RR ; CELL   ; 1      ; FF_X11_Y73_N59       ; High Speed ; System|rst_controller|r_sync_rst                                                     ;
; 17.094   ; 12.553  ;    ;        ;        ;                      ;            ; data path                                                                            ;
;   4.770  ;   0.229 ; RR ; uTco   ; 1      ; FF_X11_Y73_N59       ;            ; System|rst_controller|r_sync_rst|q                                                   ;
;   4.936  ;   0.166 ; RR ; CELL   ; 1971   ; FF_X11_Y73_N59       ; High Speed ; System|rst_controller|r_sync_rst~la_mlab/laboutb[19]                                 ;
;   7.267  ;   2.331 ; RR ; IC     ; 1      ; LABCELL_X93_Y78_N30  ; Mixed      ; System|npu_system_0|npu_system_17|n_matrix_weight[0][0][15]~0|datac                  ;
;   7.445  ;   0.178 ; RF ; CELL   ; 1      ; LABCELL_X93_Y78_N30  ; Low Power  ; System|npu_system_0|npu_system_17|n_matrix_weight[0][0][15]~0|combout                ;
;   7.449  ;   0.004 ; FF ; CELL   ; 33     ; LABCELL_X93_Y78_N30  ; Low Power  ; System|npu_system_0|npu_system_17|n_matrix_weight[0][0][15]~0~la_lab/laboutb[0]      ;
;   10.925 ;   3.476 ; FF ; IC     ; 1      ; LABCELL_X113_Y108_N0 ; Mixed      ; System|npu_system_0|npu_system_17|n_matrix_weight[14][29][15]~23|dataf               ;
;   10.977 ;   0.052 ; FF ; CELL   ; 1      ; LABCELL_X113_Y108_N0 ; Low Power  ; System|npu_system_0|npu_system_17|n_matrix_weight[14][29][15]~23|combout             ;
;   10.982 ;   0.005 ; FF ; CELL   ; 31     ; LABCELL_X113_Y108_N0 ; Low Power  ; System|npu_system_0|npu_system_17|n_matrix_weight[14][29][15]~23~la_lab/laboutt[1]   ;
;   16.239 ;   5.257 ; FF ; IC     ; 1      ; LABCELL_X112_Y66_N15 ; Mixed      ; System|npu_system_0|npu_system_17|n_matrix_weight[14][28][15]~435|datac              ;
;   16.404 ;   0.165 ; FF ; CELL   ; 1      ; LABCELL_X112_Y66_N15 ; Low Power  ; System|npu_system_0|npu_system_17|n_matrix_weight[14][28][15]~435|combout            ;
;   16.409 ;   0.005 ; FF ; CELL   ; 16     ; LABCELL_X112_Y66_N15 ; Low Power  ; System|npu_system_0|npu_system_17|n_matrix_weight[14][28][15]~435~la_lab/laboutt[11] ;
;   17.094 ;   0.685 ; FF ; IC     ; 1      ; FF_X111_Y65_N56      ; Low Power  ; System|npu_system_0|npu_system_17|n_matrix_weight[14][28][8]|ena                     ;
;   17.094 ;   0.000 ; FF ; CELL   ; 1      ; FF_X111_Y65_N56      ; Low Power  ; System|npu_system_0|npu_system_17|n_matrix_weight[14][28][8]                         ;
+----------+---------+----+--------+--------+----------------------+------------+--------------------------------------------------------------------------------------+

+------------------------------------------------------------------------------------------------------------------------------------------------+
; Data Required Path                                                                                                                             ;
+----------+---------+----+--------+--------+---------------------+-----------+------------------------------------------------------------------+
; Total    ; Incr    ; RF ; Type   ; Fanout ; Location            ; HS/LP     ; Element                                                          ;
+----------+---------+----+--------+--------+---------------------+-----------+------------------------------------------------------------------+
; 20.000   ; 20.000  ;    ;        ;        ;                     ;           ; latch edge time                                                  ;
; 20.000   ; 0.000   ;    ; borrow ;        ;                     ;           ; time borrowed                                                    ;
; 24.579   ; 4.579   ;    ;        ;        ;                     ;           ; clock path                                                       ;
;   20.000 ;   0.000 ;    ;        ;        ;                     ;           ; source latency                                                   ;
;   20.000 ;   0.000 ;    ;        ; 1      ; PIN_AM10            ;           ; CLK_50                                                           ;
;   20.000 ;   0.000 ; RR ; IC     ; 1      ; IOIBUF_X148_Y16_N32 ;           ; CLK_50~input|i                                                   ;
;   20.547 ;   0.547 ; RR ; CELL   ; 1      ; IOIBUF_X148_Y16_N32 ;           ; CLK_50~input|o                                                   ;
;   20.676 ;   0.129 ; RR ; CELL   ; 1      ; IOIBUF_X148_Y16_N32 ;           ; CLK_50~input~io_48_lvds_tile_edge/ioclkin[0]                     ;
;   20.676 ;   0.000 ; RR ; IC     ; 2      ; CLKCTRL_3A_G_I20    ;           ; CLK_50~inputCLKENA0|inclk                                        ;
;   21.116 ;   0.440 ; RR ; CELL   ; 181454 ; CLKCTRL_3A_G_I20    ;           ; CLK_50~inputCLKENA0|outclk                                       ;
;   24.327 ;   3.211 ; RR ; IC     ; 1      ; FF_X111_Y65_N56     ; Low Power ; System|npu_system_0|npu_system_17|n_matrix_weight[14][28][8]|clk ;
;   24.327 ;   0.000 ; RR ; CELL   ; 1      ; FF_X111_Y65_N56     ; Low Power ; System|npu_system_0|npu_system_17|n_matrix_weight[14][28][8]     ;
;   24.579 ;   0.252 ;    ;        ;        ;                     ;           ; clock pessimism removed                                          ;
; 24.549   ; -0.030  ;    ;        ;        ;                     ;           ; clock uncertainty                                                ;
; 24.606   ; 0.057   ;    ; uTsu   ; 1      ; FF_X111_Y65_N56     ;           ; System|npu_system_0|npu_system_17|n_matrix_weight[14][28][8]     ;
+----------+---------+----+--------+--------+---------------------+-----------+------------------------------------------------------------------+



Path #9: Setup slack is 7.546 
===============================================================================
+------------------------------------------------------------------------------------------------+
; Path Summary                                                                                   ;
+---------------------------------+--------------------------------------------------------------+
; Property                        ; Value                                                        ;
+---------------------------------+--------------------------------------------------------------+
; From Node                       ; System|npu_system_0|npu_system_17|w_row_idx[0]~_Duplicate_11 ;
; To Node                         ; System|npu_system_0|npu_system_17|out_data_reg[13]~LRTM_36   ;
; Launch Clock                    ; CLK_50                                                       ;
; Latch Clock                     ; CLK_50                                                       ;
; SDC Exception                   ; No SDC Exception on Path                                     ;
; Data Arrival Time               ; 17.309                                                       ;
; Data Required Time              ; 24.855                                                       ;
; Slack                           ; 7.546                                                        ;
; Worst-Case Operating Conditions ; Slow 900mV 100C Model                                        ;
+---------------------------------+--------------------------------------------------------------+

+------------------------------------------------------------------------------------+
; Statistics                                                                         ;
+------------------------+--------+-------+-------------+------------+-------+-------+
; Property               ; Value  ; Count ; Total Delay ; % of Total ; Min   ; Max   ;
+------------------------+--------+-------+-------------+------------+-------+-------+
; Setup Relationship     ; 20.000 ;       ;             ;            ;       ;       ;
; Clock Skew             ; -0.003 ;       ;             ;            ;       ;       ;
; Data Delay             ; 12.690 ;       ;             ;            ;       ;       ;
; Number of Logic Levels ;        ; 5     ;             ;            ;       ;       ;
; Physical Delays        ;        ;       ;             ;            ;       ;       ;
;  Arrival Path          ;        ;       ;             ;            ;       ;       ;
;   Clock                ;        ;       ;             ;            ;       ;       ;
;    IC                  ;        ; 3     ; 3.395       ; 74         ; 0.000 ; 3.395 ;
;    Cell                ;        ; 4     ; 1.224       ; 26         ; 0.000 ; 0.547 ;
;   Data                 ;        ;       ;             ;            ;       ;       ;
;    IC                  ;        ; 5     ; 11.402      ; 90         ; 0.672 ; 3.682 ;
;    Cell                ;        ; 12    ; 1.071       ; 8          ; 0.000 ; 0.259 ;
;    uTco                ;        ; 1     ; 0.217       ; 2          ; 0.217 ; 0.217 ;
;  Required Path         ;        ;       ;             ;            ;       ;       ;
;   Clock                ;        ;       ;             ;            ;       ;       ;
;    IC                  ;        ; 3     ; 3.166       ; 74         ; 0.000 ; 3.166 ;
;    Cell                ;        ; 4     ; 1.116       ; 26         ; 0.000 ; 0.547 ;
+------------------------+--------+-------+-------------+------------+-------+-------+
Note: Negative delays are omitted from totals when calculating percentages

+-----------------------------------------------------------------------------------------------------------------------------------------------------------------+
; Data Arrival Path                                                                                                                                               ;
+----------+---------+----+--------+--------+-----------------------+------------+--------------------------------------------------------------------------------+
; Total    ; Incr    ; RF ; Type   ; Fanout ; Location              ; HS/LP      ; Element                                                                        ;
+----------+---------+----+--------+--------+-----------------------+------------+--------------------------------------------------------------------------------+
; 0.000    ; 0.000   ;    ;        ;        ;                       ;            ; launch edge time                                                               ;
; 0.000    ; 0.000   ;    ; borrow ;        ;                       ;            ; time borrowed                                                                  ;
; 4.619    ; 4.619   ;    ;        ;        ;                       ;            ; clock path                                                                     ;
;   0.000  ;   0.000 ;    ;        ;        ;                       ;            ; source latency                                                                 ;
;   0.000  ;   0.000 ;    ;        ; 1      ; PIN_AM10              ;            ; CLK_50                                                                         ;
;   0.000  ;   0.000 ; RR ; IC     ; 1      ; IOIBUF_X148_Y16_N32   ;            ; CLK_50~input|i                                                                 ;
;   0.547  ;   0.547 ; RR ; CELL   ; 1      ; IOIBUF_X148_Y16_N32   ;            ; CLK_50~input|o                                                                 ;
;   0.706  ;   0.159 ; RR ; CELL   ; 1      ; IOIBUF_X148_Y16_N32   ;            ; CLK_50~input~io_48_lvds_tile_edge/ioclkin[0]                                   ;
;   0.706  ;   0.000 ; RR ; IC     ; 2      ; CLKCTRL_3A_G_I20      ;            ; CLK_50~inputCLKENA0|inclk                                                      ;
;   1.224  ;   0.518 ; RR ; CELL   ; 181454 ; CLKCTRL_3A_G_I20      ;            ; CLK_50~inputCLKENA0|outclk                                                     ;
;   4.619  ;   3.395 ; RR ; IC     ; 1      ; FF_X54_Y122_N43       ; High Speed ; System|npu_system_0|npu_system_17|w_row_idx[0]~_Duplicate_11|clk               ;
;   4.619  ;   0.000 ; RR ; CELL   ; 1      ; FF_X54_Y122_N43       ; High Speed ; System|npu_system_0|npu_system_17|w_row_idx[0]~_Duplicate_11                   ;
; 17.309   ; 12.690  ;    ;        ;        ;                       ;            ; data path                                                                      ;
;   4.836  ;   0.217 ; RR ; uTco   ; 1      ; FF_X54_Y122_N43       ;            ; System|npu_system_0|npu_system_17|w_row_idx[0]~_Duplicate_11|q                 ;
;   4.995  ;   0.159 ; RR ; CELL   ; 1141   ; FF_X54_Y122_N43       ; High Speed ; System|npu_system_0|npu_system_17|w_row_idx[0]~_Duplicate_11~la_lab/laboutb[8] ;
;   8.677  ;   3.682 ; RR ; IC     ; 1      ; LABCELL_X111_Y168_N30 ; Mixed      ; System|npu_system_0|npu_system_17|i70467~9736|datab                            ;
;   8.921  ;   0.244 ; RF ; CELL   ; 1      ; LABCELL_X111_Y168_N30 ; High Speed ; System|npu_system_0|npu_system_17|i70467~9736|combout                          ;
;   8.926  ;   0.005 ; FF ; CELL   ; 1      ; LABCELL_X111_Y168_N30 ; High Speed ; System|npu_system_0|npu_system_17|i70467~9736~la_lab/laboutb[1]                ;
;   12.352 ;   3.426 ; FF ; IC     ; 1      ; MLABCELL_X60_Y182_N42 ; High Speed ; System|npu_system_0|npu_system_17|i70467~9740|datae                            ;
;   12.462 ;   0.110 ; FF ; CELL   ; 1      ; MLABCELL_X60_Y182_N42 ; High Speed ; System|npu_system_0|npu_system_17|i70467~9740|combout                          ;
;   12.467 ;   0.005 ; FF ; CELL   ; 1      ; MLABCELL_X60_Y182_N42 ; High Speed ; System|npu_system_0|npu_system_17|i70467~9740~la_mlab/laboutb[8]               ;
;   13.998 ;   1.531 ; FF ; IC     ; 1      ; LABCELL_X66_Y159_N18  ; Mixed      ; System|npu_system_0|npu_system_17|i70467~9741|datad                            ;
;   14.145 ;   0.147 ; FF ; CELL   ; 1      ; LABCELL_X66_Y159_N18  ; High Speed ; System|npu_system_0|npu_system_17|i70467~9741|combout                          ;
;   14.149 ;   0.004 ; FF ; CELL   ; 1      ; LABCELL_X66_Y159_N18  ; High Speed ; System|npu_system_0|npu_system_17|i70467~9741~la_lab/laboutt[12]               ;
;   14.821 ;   0.672 ; FF ; IC     ; 1      ; LABCELL_X67_Y151_N30  ; Mixed      ; System|npu_system_0|npu_system_17|i70467~9742|dataa                            ;
;   15.080 ;   0.259 ; FF ; CELL   ; 1      ; LABCELL_X67_Y151_N30  ; Low Power  ; System|npu_system_0|npu_system_17|i70467~9742|combout                          ;
;   15.085 ;   0.005 ; FF ; CELL   ; 1      ; LABCELL_X67_Y151_N30  ; Low Power  ; System|npu_system_0|npu_system_17|i70467~9742~la_lab/laboutb[1]                ;
;   17.176 ;   2.091 ; FF ; IC     ; 1      ; LABCELL_X72_Y123_N45  ; Mixed      ; System|npu_system_0|npu_system_17|i70467~9828|datad                            ;
;   17.309 ;   0.133 ; FF ; CELL   ; 1      ; LABCELL_X72_Y123_N45  ; High Speed ; System|npu_system_0|npu_system_17|i70467~9828|combout                          ;
;   17.309 ;   0.000 ; FF ; CELL   ; 1      ; FF_X72_Y123_N46       ; High Speed ; System|npu_system_0|npu_system_17|out_data_reg[13]~LRTM_36|d                   ;
;   17.309 ;   0.000 ; FF ; CELL   ; 1      ; FF_X72_Y123_N46       ; High Speed ; System|npu_system_0|npu_system_17|out_data_reg[13]~LRTM_36                     ;
+----------+---------+----+--------+--------+-----------------------+------------+--------------------------------------------------------------------------------+

+-----------------------------------------------------------------------------------------------------------------------------------------------+
; Data Required Path                                                                                                                            ;
+----------+---------+----+--------+--------+---------------------+------------+----------------------------------------------------------------+
; Total    ; Incr    ; RF ; Type   ; Fanout ; Location            ; HS/LP      ; Element                                                        ;
+----------+---------+----+--------+--------+---------------------+------------+----------------------------------------------------------------+
; 20.000   ; 20.000  ;    ;        ;        ;                     ;            ; latch edge time                                                ;
; 20.000   ; 0.000   ;    ; borrow ;        ;                     ;            ; time borrowed                                                  ;
; 24.616   ; 4.616   ;    ;        ;        ;                     ;            ; clock path                                                     ;
;   20.000 ;   0.000 ;    ;        ;        ;                     ;            ; source latency                                                 ;
;   20.000 ;   0.000 ;    ;        ; 1      ; PIN_AM10            ;            ; CLK_50                                                         ;
;   20.000 ;   0.000 ; RR ; IC     ; 1      ; IOIBUF_X148_Y16_N32 ;            ; CLK_50~input|i                                                 ;
;   20.547 ;   0.547 ; RR ; CELL   ; 1      ; IOIBUF_X148_Y16_N32 ;            ; CLK_50~input|o                                                 ;
;   20.676 ;   0.129 ; RR ; CELL   ; 1      ; IOIBUF_X148_Y16_N32 ;            ; CLK_50~input~io_48_lvds_tile_edge/ioclkin[0]                   ;
;   20.676 ;   0.000 ; RR ; IC     ; 2      ; CLKCTRL_3A_G_I20    ;            ; CLK_50~inputCLKENA0|inclk                                      ;
;   21.116 ;   0.440 ; RR ; CELL   ; 181454 ; CLKCTRL_3A_G_I20    ;            ; CLK_50~inputCLKENA0|outclk                                     ;
;   24.282 ;   3.166 ; RR ; IC     ; 1      ; FF_X72_Y123_N46     ; High Speed ; System|npu_system_0|npu_system_17|out_data_reg[13]~LRTM_36|clk ;
;   24.282 ;   0.000 ; RR ; CELL   ; 1      ; FF_X72_Y123_N46     ; High Speed ; System|npu_system_0|npu_system_17|out_data_reg[13]~LRTM_36     ;
;   24.616 ;   0.334 ;    ;        ;        ;                     ;            ; clock pessimism removed                                        ;
; 24.586   ; -0.030  ;    ;        ;        ;                     ;            ; clock uncertainty                                              ;
; 24.855   ; 0.269   ;    ; uTsu   ; 1      ; FF_X72_Y123_N46     ;            ; System|npu_system_0|npu_system_17|out_data_reg[13]~LRTM_36     ;
+----------+---------+----+--------+--------+---------------------+------------+----------------------------------------------------------------+



Path #10: Setup slack is 7.596 
===============================================================================
+------------------------------------------------------------------------------------------------+
; Path Summary                                                                                   ;
+---------------------------------+--------------------------------------------------------------+
; Property                        ; Value                                                        ;
+---------------------------------+--------------------------------------------------------------+
; From Node                       ; System|rst_controller|r_sync_rst                             ;
; To Node                         ; System|npu_system_0|npu_system_17|n_matrix_weight[14][28][6] ;
; Launch Clock                    ; CLK_50                                                       ;
; Latch Clock                     ; CLK_50                                                       ;
; SDC Exception                   ; No SDC Exception on Path                                     ;
; Data Arrival Time               ; 17.007                                                       ;
; Data Required Time              ; 24.603                                                       ;
; Slack                           ; 7.596                                                        ;
; Worst-Case Operating Conditions ; Slow 900mV 100C Model                                        ;
+---------------------------------+--------------------------------------------------------------+

+------------------------------------------------------------------------------------+
; Statistics                                                                         ;
+------------------------+--------+-------+-------------+------------+-------+-------+
; Property               ; Value  ; Count ; Total Delay ; % of Total ; Min   ; Max   ;
+------------------------+--------+-------+-------------+------------+-------+-------+
; Setup Relationship     ; 20.000 ;       ;             ;            ;       ;       ;
; Clock Skew             ; 0.038  ;       ;             ;            ;       ;       ;
; Data Delay             ; 12.466 ;       ;             ;            ;       ;       ;
; Number of Logic Levels ;        ; 3     ;             ;            ;       ;       ;
; Physical Delays        ;        ;       ;             ;            ;       ;       ;
;  Arrival Path          ;        ;       ;             ;            ;       ;       ;
;   Clock                ;        ;       ;             ;            ;       ;       ;
;    IC                  ;        ; 3     ; 3.317       ; 73         ; 0.000 ; 3.317 ;
;    Cell                ;        ; 4     ; 1.224       ; 27         ; 0.000 ; 0.547 ;
;   Data                 ;        ;       ;             ;            ;       ;       ;
;    IC                  ;        ; 4     ; 11.662      ; 94         ; 0.598 ; 5.257 ;
;    Cell                ;        ; 8     ; 0.575       ; 5          ; 0.000 ; 0.178 ;
;    uTco                ;        ; 1     ; 0.229       ; 2          ; 0.229 ; 0.229 ;
;  Required Path         ;        ;       ;             ;            ;       ;       ;
;   Clock                ;        ;       ;             ;            ;       ;       ;
;    IC                  ;        ; 3     ; 3.211       ; 74         ; 0.000 ; 3.211 ;
;    Cell                ;        ; 4     ; 1.116       ; 26         ; 0.000 ; 0.547 ;
+------------------------+--------+-------+-------------+------------+-------+-------+
Note: Negative delays are omitted from totals when calculating percentages

+----------------------------------------------------------------------------------------------------------------------------------------------------------------------+
; Data Arrival Path                                                                                                                                                    ;
+----------+---------+----+--------+--------+----------------------+------------+--------------------------------------------------------------------------------------+
; Total    ; Incr    ; RF ; Type   ; Fanout ; Location             ; HS/LP      ; Element                                                                              ;
+----------+---------+----+--------+--------+----------------------+------------+--------------------------------------------------------------------------------------+
; 0.000    ; 0.000   ;    ;        ;        ;                      ;            ; launch edge time                                                                     ;
; 0.000    ; 0.000   ;    ; borrow ;        ;                      ;            ; time borrowed                                                                        ;
; 4.541    ; 4.541   ;    ;        ;        ;                      ;            ; clock path                                                                           ;
;   0.000  ;   0.000 ;    ;        ;        ;                      ;            ; source latency                                                                       ;
;   0.000  ;   0.000 ;    ;        ; 1      ; PIN_AM10             ;            ; CLK_50                                                                               ;
;   0.000  ;   0.000 ; RR ; IC     ; 1      ; IOIBUF_X148_Y16_N32  ;            ; CLK_50~input|i                                                                       ;
;   0.547  ;   0.547 ; RR ; CELL   ; 1      ; IOIBUF_X148_Y16_N32  ;            ; CLK_50~input|o                                                                       ;
;   0.706  ;   0.159 ; RR ; CELL   ; 1      ; IOIBUF_X148_Y16_N32  ;            ; CLK_50~input~io_48_lvds_tile_edge/ioclkin[0]                                         ;
;   0.706  ;   0.000 ; RR ; IC     ; 2      ; CLKCTRL_3A_G_I20     ;            ; CLK_50~inputCLKENA0|inclk                                                            ;
;   1.224  ;   0.518 ; RR ; CELL   ; 181454 ; CLKCTRL_3A_G_I20     ;            ; CLK_50~inputCLKENA0|outclk                                                           ;
;   4.541  ;   3.317 ; RR ; IC     ; 1      ; FF_X11_Y73_N59       ; High Speed ; System|rst_controller|r_sync_rst|clk                                                 ;
;   4.541  ;   0.000 ; RR ; CELL   ; 1      ; FF_X11_Y73_N59       ; High Speed ; System|rst_controller|r_sync_rst                                                     ;
; 17.007   ; 12.466  ;    ;        ;        ;                      ;            ; data path                                                                            ;
;   4.770  ;   0.229 ; RR ; uTco   ; 1      ; FF_X11_Y73_N59       ;            ; System|rst_controller|r_sync_rst|q                                                   ;
;   4.936  ;   0.166 ; RR ; CELL   ; 1971   ; FF_X11_Y73_N59       ; High Speed ; System|rst_controller|r_sync_rst~la_mlab/laboutb[19]                                 ;
;   7.267  ;   2.331 ; RR ; IC     ; 1      ; LABCELL_X93_Y78_N30  ; Mixed      ; System|npu_system_0|npu_system_17|n_matrix_weight[0][0][15]~0|datac                  ;
;   7.445  ;   0.178 ; RF ; CELL   ; 1      ; LABCELL_X93_Y78_N30  ; Low Power  ; System|npu_system_0|npu_system_17|n_matrix_weight[0][0][15]~0|combout                ;
;   7.449  ;   0.004 ; FF ; CELL   ; 33     ; LABCELL_X93_Y78_N30  ; Low Power  ; System|npu_system_0|npu_system_17|n_matrix_weight[0][0][15]~0~la_lab/laboutb[0]      ;
;   10.925 ;   3.476 ; FF ; IC     ; 1      ; LABCELL_X113_Y108_N0 ; Mixed      ; System|npu_system_0|npu_system_17|n_matrix_weight[14][29][15]~23|dataf               ;
;   10.977 ;   0.052 ; FF ; CELL   ; 1      ; LABCELL_X113_Y108_N0 ; Low Power  ; System|npu_system_0|npu_system_17|n_matrix_weight[14][29][15]~23|combout             ;
;   10.982 ;   0.005 ; FF ; CELL   ; 31     ; LABCELL_X113_Y108_N0 ; Low Power  ; System|npu_system_0|npu_system_17|n_matrix_weight[14][29][15]~23~la_lab/laboutt[1]   ;
;   16.239 ;   5.257 ; FF ; IC     ; 1      ; LABCELL_X112_Y66_N15 ; Mixed      ; System|npu_system_0|npu_system_17|n_matrix_weight[14][28][15]~435|datac              ;
;   16.404 ;   0.165 ; FF ; CELL   ; 1      ; LABCELL_X112_Y66_N15 ; Low Power  ; System|npu_system_0|npu_system_17|n_matrix_weight[14][28][15]~435|combout            ;
;   16.409 ;   0.005 ; FF ; CELL   ; 16     ; LABCELL_X112_Y66_N15 ; Low Power  ; System|npu_system_0|npu_system_17|n_matrix_weight[14][28][15]~435~la_lab/laboutt[11] ;
;   17.007 ;   0.598 ; FF ; IC     ; 1      ; FF_X114_Y65_N47      ; Low Power  ; System|npu_system_0|npu_system_17|n_matrix_weight[14][28][6]|ena                     ;
;   17.007 ;   0.000 ; FF ; CELL   ; 1      ; FF_X114_Y65_N47      ; Low Power  ; System|npu_system_0|npu_system_17|n_matrix_weight[14][28][6]                         ;
+----------+---------+----+--------+--------+----------------------+------------+--------------------------------------------------------------------------------------+

+------------------------------------------------------------------------------------------------------------------------------------------------+
; Data Required Path                                                                                                                             ;
+----------+---------+----+--------+--------+---------------------+-----------+------------------------------------------------------------------+
; Total    ; Incr    ; RF ; Type   ; Fanout ; Location            ; HS/LP     ; Element                                                          ;
+----------+---------+----+--------+--------+---------------------+-----------+------------------------------------------------------------------+
; 20.000   ; 20.000  ;    ;        ;        ;                     ;           ; latch edge time                                                  ;
; 20.000   ; 0.000   ;    ; borrow ;        ;                     ;           ; time borrowed                                                    ;
; 24.579   ; 4.579   ;    ;        ;        ;                     ;           ; clock path                                                       ;
;   20.000 ;   0.000 ;    ;        ;        ;                     ;           ; source latency                                                   ;
;   20.000 ;   0.000 ;    ;        ; 1      ; PIN_AM10            ;           ; CLK_50                                                           ;
;   20.000 ;   0.000 ; RR ; IC     ; 1      ; IOIBUF_X148_Y16_N32 ;           ; CLK_50~input|i                                                   ;
;   20.547 ;   0.547 ; RR ; CELL   ; 1      ; IOIBUF_X148_Y16_N32 ;           ; CLK_50~input|o                                                   ;
;   20.676 ;   0.129 ; RR ; CELL   ; 1      ; IOIBUF_X148_Y16_N32 ;           ; CLK_50~input~io_48_lvds_tile_edge/ioclkin[0]                     ;
;   20.676 ;   0.000 ; RR ; IC     ; 2      ; CLKCTRL_3A_G_I20    ;           ; CLK_50~inputCLKENA0|inclk                                        ;
;   21.116 ;   0.440 ; RR ; CELL   ; 181454 ; CLKCTRL_3A_G_I20    ;           ; CLK_50~inputCLKENA0|outclk                                       ;
;   24.327 ;   3.211 ; RR ; IC     ; 1      ; FF_X114_Y65_N47     ; Low Power ; System|npu_system_0|npu_system_17|n_matrix_weight[14][28][6]|clk ;
;   24.327 ;   0.000 ; RR ; CELL   ; 1      ; FF_X114_Y65_N47     ; Low Power ; System|npu_system_0|npu_system_17|n_matrix_weight[14][28][6]     ;
;   24.579 ;   0.252 ;    ;        ;        ;                     ;           ; clock pessimism removed                                          ;
; 24.549   ; -0.030  ;    ;        ;        ;                     ;           ; clock uncertainty                                                ;
; 24.603   ; 0.054   ;    ; uTsu   ; 1      ; FF_X114_Y65_N47     ;           ; System|npu_system_0|npu_system_17|n_matrix_weight[14][28][6]     ;
+----------+---------+----+--------+--------+---------------------+-----------+------------------------------------------------------------------+



----------------
; Command Info ;
----------------
Report Timing: Found 10 hold paths (0 violated).  Worst case slack is 0.015 

Tcl Command:
    report_timing -hold -panel_name {Worst-Case Timing Paths||Hold||CLK_50} -to_clock [get_clocks {CLK_50}] -npaths 10 -detail full_path

Options:
    -to_clock [get_clocks {CLK_50}] 
    -hold 
    -npaths 10 
    -detail full_path 
    -panel_name {CLK_50} 

Snapshot:
    final

Delay Models:
    Slow 900mV 100C Model
    Slow 900mV 0C Model
    Fast 900mV 100C Model
    Fast 900mV 0C Model


+-------------------------------------------------------------------------------------------------------------------------------------------------------------------------------------------------------------------------------------------------------------------------------------------------------------------+
; Summary of Paths                                                                                                                                                                                                                                                                                                  ;
+-------+-------------------------------------------------------------------------------------------------+-------------------------------------------------------------------------------------------------+--------------+-------------+--------------+------------+------------+---------------------------------+
; Slack ; From Node                                                                                       ; To Node                                                                                         ; Launch Clock ; Latch Clock ; Relationship ; Clock Skew ; Data Delay ; Worst-Case Operating Conditions ;
+-------+-------------------------------------------------------------------------------------------------+-------------------------------------------------------------------------------------------------+--------------+-------------+--------------+------------+------------+---------------------------------+
; 0.015 ; System|mm_interconnect_1|jtag_uart_0_avalon_jtag_slave_agent_rdata_fifo|mem_used[1]             ; System|mm_interconnect_1|jtag_uart_0_avalon_jtag_slave_agent_rdata_fifo|mem_used[1]             ; CLK_50       ; CLK_50      ; 0.000        ; 0.001      ; 0.262      ; Fast 900mV 0C Model             ;
; 0.015 ; System|intel_niosv_g_0|intel_niosv_g_0|hart|core_inst|lsu_inst|write_adrs|state[0]              ; System|intel_niosv_g_0|intel_niosv_g_0|hart|core_inst|lsu_inst|write_adrs|state[0]              ; CLK_50       ; CLK_50      ; 0.000        ; 0.001      ; 0.262      ; Fast 900mV 0C Model             ;
; 0.015 ; System|mm_interconnect_1|jtag_uart_0_avalon_jtag_slave_agent|uncompressor|burst_uncompress_busy ; System|mm_interconnect_1|jtag_uart_0_avalon_jtag_slave_agent|uncompressor|burst_uncompress_busy ; CLK_50       ; CLK_50      ; 0.000        ; 0.001      ; 0.261      ; Fast 900mV 0C Model             ;
; 0.015 ; System|intel_niosv_g_0|intel_niosv_g_0|hart|core_inst|icache_inst|gate_nca_request              ; System|intel_niosv_g_0|intel_niosv_g_0|hart|core_inst|icache_inst|gate_nca_request              ; CLK_50       ; CLK_50      ; 0.000        ; 0.000      ; 0.261      ; Fast 900mV 0C Model             ;
; 0.016 ; System|intel_niosv_g_0|intel_niosv_g_0|hart|core_inst|csr_inst|mtvec.base[29]                   ; System|intel_niosv_g_0|intel_niosv_g_0|hart|core_inst|csr_inst|mtvec.base[29]                   ; CLK_50       ; CLK_50      ; 0.000        ; 0.000      ; 0.261      ; Fast 900mV 0C Model             ;
; 0.016 ; System|intel_niosv_g_0|intel_niosv_g_0|hart|core_inst|csr_inst|mtval[14]                        ; System|intel_niosv_g_0|intel_niosv_g_0|hart|core_inst|csr_inst|mtval[14]                        ; CLK_50       ; CLK_50      ; 0.000        ; 0.000      ; 0.267      ; Fast 900mV 0C Model             ;
; 0.016 ; System|intel_niosv_g_0|intel_niosv_g_0|hart|core_inst|csr_inst|mtval[11]                        ; System|intel_niosv_g_0|intel_niosv_g_0|hart|core_inst|csr_inst|mtval[11]                        ; CLK_50       ; CLK_50      ; 0.000        ; 0.000      ; 0.266      ; Fast 900mV 0C Model             ;
; 0.016 ; System|mm_interconnect_1|intel_niosv_g_0_timer_sw_agent_agent_rsp_fifo|mem_used[1]              ; System|mm_interconnect_1|intel_niosv_g_0_timer_sw_agent_agent_rsp_fifo|mem_used[1]              ; CLK_50       ; CLK_50      ; 0.000        ; 0.000      ; 0.262      ; Fast 900mV 0C Model             ;
; 0.016 ; System|intel_niosv_g_0|intel_niosv_g_0|hart|core_inst|lsu_inst|write_data|state[0]              ; System|intel_niosv_g_0|intel_niosv_g_0|hart|core_inst|lsu_inst|write_data|state[0]              ; CLK_50       ; CLK_50      ; 0.000        ; 0.000      ; 0.267      ; Fast 900mV 0C Model             ;
; 0.017 ; System|mm_interconnect_1|weight_mem_s1_agent_rsp_fifo|mem[1][149]                               ; System|mm_interconnect_1|weight_mem_s1_agent_rsp_fifo|mem[1][149]                               ; CLK_50       ; CLK_50      ; 0.000        ; 0.000      ; 0.270      ; Fast 900mV 0C Model             ;
+-------+-------------------------------------------------------------------------------------------------+-------------------------------------------------------------------------------------------------+--------------+-------------+--------------+------------+------------+---------------------------------+


Path #1: Hold slack is 0.015 
===============================================================================
+-----------------------------------------------------------------------------------------------------------------------+
; Path Summary                                                                                                          ;
+---------------------------------+-------------------------------------------------------------------------------------+
; Property                        ; Value                                                                               ;
+---------------------------------+-------------------------------------------------------------------------------------+
; From Node                       ; System|mm_interconnect_1|jtag_uart_0_avalon_jtag_slave_agent_rdata_fifo|mem_used[1] ;
; To Node                         ; System|mm_interconnect_1|jtag_uart_0_avalon_jtag_slave_agent_rdata_fifo|mem_used[1] ;
; Launch Clock                    ; CLK_50                                                                              ;
; Latch Clock                     ; CLK_50                                                                              ;
; SDC Exception                   ; No SDC Exception on Path                                                            ;
; Data Arrival Time               ; 2.695                                                                               ;
; Data Required Time              ; 2.680                                                                               ;
; Slack                           ; 0.015                                                                               ;
; Worst-Case Operating Conditions ; Fast 900mV 0C Model                                                                 ;
+---------------------------------+-------------------------------------------------------------------------------------+

+-----------------------------------------------------------------------------------+
; Statistics                                                                        ;
+------------------------+-------+-------+-------------+------------+-------+-------+
; Property               ; Value ; Count ; Total Delay ; % of Total ; Min   ; Max   ;
+------------------------+-------+-------+-------------+------------+-------+-------+
; Hold Relationship      ; 0.000 ;       ;             ;            ;       ;       ;
; Clock Skew             ; 0.001 ;       ;             ;            ;       ;       ;
; Data Delay             ; 0.262 ;       ;             ;            ;       ;       ;
; Number of Logic Levels ;       ; 1     ;             ;            ;       ;       ;
; Physical Delays        ;       ;       ;             ;            ;       ;       ;
;  Arrival Path          ;       ;       ;             ;            ;       ;       ;
;   Clock                ;       ;       ;             ;            ;       ;       ;
;    IC                  ;       ; 3     ; 1.882       ; 77         ; 0.000 ; 1.882 ;
;    Cell                ;       ; 4     ; 0.551       ; 23         ; 0.000 ; 0.261 ;
;   Data                 ;       ;       ;             ;            ;       ;       ;
;    Cell                ;       ; 4     ; 0.155       ; 59         ; 0.000 ; 0.155 ;
;    uTco                ;       ; 1     ; 0.107       ; 41         ; 0.107 ; 0.107 ;
;  Required Path         ;       ;       ;             ;            ;       ;       ;
;   Clock                ;       ;       ;             ;            ;       ;       ;
;    IC                  ;       ; 3     ; 2.046       ; 77         ; 0.000 ; 2.046 ;
;    Cell                ;       ; 4     ; 0.613       ; 23         ; 0.000 ; 0.277 ;
+------------------------+-------+-------+-------------+------------+-------+-------+
Note: Negative delays are omitted from totals when calculating percentages

+-------------------------------------------------------------------------------------------------------------------------------------------------------------------------------+
; Data Arrival Path                                                                                                                                                             ;
+---------+---------+----+--------+--------+-----------------------+------------+-----------------------------------------------------------------------------------------------+
; Total   ; Incr    ; RF ; Type   ; Fanout ; Location              ; HS/LP      ; Element                                                                                       ;
+---------+---------+----+--------+--------+-----------------------+------------+-----------------------------------------------------------------------------------------------+
; 0.000   ; 0.000   ;    ;        ;        ;                       ;            ; launch edge time                                                                              ;
; 0.000   ; 0.000   ;    ; borrow ;        ;                       ;            ; time borrowed                                                                                 ;
; 2.433   ; 2.433   ;    ;        ;        ;                       ;            ; clock path                                                                                    ;
;   0.000 ;   0.000 ;    ;        ;        ;                       ;            ; source latency                                                                                ;
;   0.000 ;   0.000 ;    ;        ; 1      ; PIN_AM10              ;            ; CLK_50                                                                                        ;
;   0.000 ;   0.000 ; RR ; IC     ; 1      ; IOIBUF_X148_Y16_N32   ;            ; CLK_50~input|i                                                                                ;
;   0.261 ;   0.261 ; RR ; CELL   ; 1      ; IOIBUF_X148_Y16_N32   ;            ; CLK_50~input|o                                                                                ;
;   0.322 ;   0.061 ; RR ; CELL   ; 1      ; IOIBUF_X148_Y16_N32   ;            ; CLK_50~input~io_48_lvds_tile_edge/ioclkin[0]                                                  ;
;   0.322 ;   0.000 ; RR ; IC     ; 2      ; CLKCTRL_3A_G_I20      ;            ; CLK_50~inputCLKENA0|inclk                                                                     ;
;   0.551 ;   0.229 ; RR ; CELL   ; 181454 ; CLKCTRL_3A_G_I20      ;            ; CLK_50~inputCLKENA0|outclk                                                                    ;
;   2.433 ;   1.882 ; RR ; IC     ; 1      ; FF_X109_Y46_N37       ; High Speed ; System|mm_interconnect_1|jtag_uart_0_avalon_jtag_slave_agent_rdata_fifo|mem_used[1]|clk       ;
;   2.433 ;   0.000 ; RR ; CELL   ; 1      ; FF_X109_Y46_N37       ; High Speed ; System|mm_interconnect_1|jtag_uart_0_avalon_jtag_slave_agent_rdata_fifo|mem_used[1]           ;
; 2.695   ; 0.262   ;    ;        ;        ;                       ;            ; data path                                                                                     ;
;   2.540 ;   0.107 ; FF ; uTco   ; 2      ; FF_X109_Y46_N37       ;            ; System|mm_interconnect_1|jtag_uart_0_avalon_jtag_slave_agent_rdata_fifo|mem_used[1]|q         ;
;   2.540 ;   0.000 ; FF ; CELL   ; 1      ; MLABCELL_X109_Y46_N36 ; High Speed ; System|mm_interconnect_1|jtag_uart_0_avalon_jtag_slave_agent_rdata_fifo|mem_used[1]~1|datad   ;
;   2.695 ;   0.155 ; FF ; CELL   ; 1      ; MLABCELL_X109_Y46_N36 ; High Speed ; System|mm_interconnect_1|jtag_uart_0_avalon_jtag_slave_agent_rdata_fifo|mem_used[1]~1|combout ;
;   2.695 ;   0.000 ; FF ; CELL   ; 1      ; FF_X109_Y46_N37       ; High Speed ; System|mm_interconnect_1|jtag_uart_0_avalon_jtag_slave_agent_rdata_fifo|mem_used[1]|d         ;
;   2.695 ;   0.000 ; FF ; CELL   ; 1      ; FF_X109_Y46_N37       ; High Speed ; System|mm_interconnect_1|jtag_uart_0_avalon_jtag_slave_agent_rdata_fifo|mem_used[1]           ;
+---------+---------+----+--------+--------+-----------------------+------------+-----------------------------------------------------------------------------------------------+

+------------------------------------------------------------------------------------------------------------------------------------------------------------------------+
; Data Required Path                                                                                                                                                     ;
+---------+----------+----+--------+--------+---------------------+------------+-----------------------------------------------------------------------------------------+
; Total   ; Incr     ; RF ; Type   ; Fanout ; Location            ; HS/LP      ; Element                                                                                 ;
+---------+----------+----+--------+--------+---------------------+------------+-----------------------------------------------------------------------------------------+
; 0.000   ; 0.000    ;    ;        ;        ;                     ;            ; latch edge time                                                                         ;
; 0.000   ; 0.000    ;    ; borrow ;        ;                     ;            ; time borrowed                                                                           ;
; 2.434   ; 2.434    ;    ;        ;        ;                     ;            ; clock path                                                                              ;
;   0.000 ;   0.000  ;    ;        ;        ;                     ;            ; source latency                                                                          ;
;   0.000 ;   0.000  ;    ;        ; 1      ; PIN_AM10            ;            ; CLK_50                                                                                  ;
;   0.000 ;   0.000  ; RR ; IC     ; 1      ; IOIBUF_X148_Y16_N32 ;            ; CLK_50~input|i                                                                          ;
;   0.261 ;   0.261  ; RR ; CELL   ; 1      ; IOIBUF_X148_Y16_N32 ;            ; CLK_50~input|o                                                                          ;
;   0.336 ;   0.075  ; RR ; CELL   ; 1      ; IOIBUF_X148_Y16_N32 ;            ; CLK_50~input~io_48_lvds_tile_edge/ioclkin[0]                                            ;
;   0.336 ;   0.000  ; RR ; IC     ; 2      ; CLKCTRL_3A_G_I20    ;            ; CLK_50~inputCLKENA0|inclk                                                               ;
;   0.613 ;   0.277  ; RR ; CELL   ; 181454 ; CLKCTRL_3A_G_I20    ;            ; CLK_50~inputCLKENA0|outclk                                                              ;
;   2.659 ;   2.046  ; RR ; IC     ; 1      ; FF_X109_Y46_N37     ; High Speed ; System|mm_interconnect_1|jtag_uart_0_avalon_jtag_slave_agent_rdata_fifo|mem_used[1]|clk ;
;   2.659 ;   0.000  ; RR ; CELL   ; 1      ; FF_X109_Y46_N37     ; High Speed ; System|mm_interconnect_1|jtag_uart_0_avalon_jtag_slave_agent_rdata_fifo|mem_used[1]     ;
;   2.434 ;   -0.225 ;    ;        ;        ;                     ;            ; clock pessimism removed                                                                 ;
; 2.434   ; 0.000    ;    ;        ;        ;                     ;            ; clock uncertainty                                                                       ;
; 2.680   ; 0.246    ;    ; uTh    ; 1      ; FF_X109_Y46_N37     ;            ; System|mm_interconnect_1|jtag_uart_0_avalon_jtag_slave_agent_rdata_fifo|mem_used[1]     ;
+---------+----------+----+--------+--------+---------------------+------------+-----------------------------------------------------------------------------------------+



Path #2: Hold slack is 0.015 
===============================================================================
+----------------------------------------------------------------------------------------------------------------------+
; Path Summary                                                                                                         ;
+---------------------------------+------------------------------------------------------------------------------------+
; Property                        ; Value                                                                              ;
+---------------------------------+------------------------------------------------------------------------------------+
; From Node                       ; System|intel_niosv_g_0|intel_niosv_g_0|hart|core_inst|lsu_inst|write_adrs|state[0] ;
; To Node                         ; System|intel_niosv_g_0|intel_niosv_g_0|hart|core_inst|lsu_inst|write_adrs|state[0] ;
; Launch Clock                    ; CLK_50                                                                             ;
; Latch Clock                     ; CLK_50                                                                             ;
; SDC Exception                   ; No SDC Exception on Path                                                           ;
; Data Arrival Time               ; 2.694                                                                              ;
; Data Required Time              ; 2.679                                                                              ;
; Slack                           ; 0.015                                                                              ;
; Worst-Case Operating Conditions ; Fast 900mV 0C Model                                                                ;
+---------------------------------+------------------------------------------------------------------------------------+

+-----------------------------------------------------------------------------------+
; Statistics                                                                        ;
+------------------------+-------+-------+-------------+------------+-------+-------+
; Property               ; Value ; Count ; Total Delay ; % of Total ; Min   ; Max   ;
+------------------------+-------+-------+-------------+------------+-------+-------+
; Hold Relationship      ; 0.000 ;       ;             ;            ;       ;       ;
; Clock Skew             ; 0.001 ;       ;             ;            ;       ;       ;
; Data Delay             ; 0.262 ;       ;             ;            ;       ;       ;
; Number of Logic Levels ;       ; 1     ;             ;            ;       ;       ;
; Physical Delays        ;       ;       ;             ;            ;       ;       ;
;  Arrival Path          ;       ;       ;             ;            ;       ;       ;
;   Clock                ;       ;       ;             ;            ;       ;       ;
;    IC                  ;       ; 3     ; 1.881       ; 77         ; 0.000 ; 1.881 ;
;    Cell                ;       ; 4     ; 0.551       ; 23         ; 0.000 ; 0.261 ;
;   Data                 ;       ;       ;             ;            ;       ;       ;
;    Cell                ;       ; 4     ; 0.155       ; 59         ; 0.000 ; 0.155 ;
;    uTco                ;       ; 1     ; 0.107       ; 41         ; 0.107 ; 0.107 ;
;  Required Path         ;       ;       ;             ;            ;       ;       ;
;   Clock                ;       ;       ;             ;            ;       ;       ;
;    IC                  ;       ; 3     ; 2.045       ; 77         ; 0.000 ; 2.045 ;
;    Cell                ;       ; 4     ; 0.613       ; 23         ; 0.000 ; 0.277 ;
+------------------------+-------+-------+-------------+------------+-------+-------+
Note: Negative delays are omitted from totals when calculating percentages

+---------------------------------------------------------------------------------------------------------------------------------------------------------------------------+
; Data Arrival Path                                                                                                                                                         ;
+---------+---------+----+--------+--------+-----------------------+------------+-------------------------------------------------------------------------------------------+
; Total   ; Incr    ; RF ; Type   ; Fanout ; Location              ; HS/LP      ; Element                                                                                   ;
+---------+---------+----+--------+--------+-----------------------+------------+-------------------------------------------------------------------------------------------+
; 0.000   ; 0.000   ;    ;        ;        ;                       ;            ; launch edge time                                                                          ;
; 0.000   ; 0.000   ;    ; borrow ;        ;                       ;            ; time borrowed                                                                             ;
; 2.432   ; 2.432   ;    ;        ;        ;                       ;            ; clock path                                                                                ;
;   0.000 ;   0.000 ;    ;        ;        ;                       ;            ; source latency                                                                            ;
;   0.000 ;   0.000 ;    ;        ; 1      ; PIN_AM10              ;            ; CLK_50                                                                                    ;
;   0.000 ;   0.000 ; RR ; IC     ; 1      ; IOIBUF_X148_Y16_N32   ;            ; CLK_50~input|i                                                                            ;
;   0.261 ;   0.261 ; RR ; CELL   ; 1      ; IOIBUF_X148_Y16_N32   ;            ; CLK_50~input|o                                                                            ;
;   0.322 ;   0.061 ; RR ; CELL   ; 1      ; IOIBUF_X148_Y16_N32   ;            ; CLK_50~input~io_48_lvds_tile_edge/ioclkin[0]                                              ;
;   0.322 ;   0.000 ; RR ; IC     ; 2      ; CLKCTRL_3A_G_I20      ;            ; CLK_50~inputCLKENA0|inclk                                                                 ;
;   0.551 ;   0.229 ; RR ; CELL   ; 181454 ; CLKCTRL_3A_G_I20      ;            ; CLK_50~inputCLKENA0|outclk                                                                ;
;   2.432 ;   1.881 ; RR ; IC     ; 1      ; FF_X119_Y49_N31       ; High Speed ; System|intel_niosv_g_0|intel_niosv_g_0|hart|core_inst|lsu_inst|write_adrs|state[0]|clk    ;
;   2.432 ;   0.000 ; RR ; CELL   ; 1      ; FF_X119_Y49_N31       ; High Speed ; System|intel_niosv_g_0|intel_niosv_g_0|hart|core_inst|lsu_inst|write_adrs|state[0]        ;
; 2.694   ; 0.262   ;    ;        ;        ;                       ;            ; data path                                                                                 ;
;   2.539 ;   0.107 ; FF ; uTco   ; 2      ; FF_X119_Y49_N31       ;            ; System|intel_niosv_g_0|intel_niosv_g_0|hart|core_inst|lsu_inst|write_adrs|state[0]|q      ;
;   2.539 ;   0.000 ; FF ; CELL   ; 1      ; MLABCELL_X119_Y49_N30 ; High Speed ; System|intel_niosv_g_0|intel_niosv_g_0|hart|core_inst|lsu_inst|write_adrs|Mux_2~1|datae   ;
;   2.694 ;   0.155 ; FF ; CELL   ; 1      ; MLABCELL_X119_Y49_N30 ; High Speed ; System|intel_niosv_g_0|intel_niosv_g_0|hart|core_inst|lsu_inst|write_adrs|Mux_2~1|combout ;
;   2.694 ;   0.000 ; FF ; CELL   ; 1      ; FF_X119_Y49_N31       ; High Speed ; System|intel_niosv_g_0|intel_niosv_g_0|hart|core_inst|lsu_inst|write_adrs|state[0]|d      ;
;   2.694 ;   0.000 ; FF ; CELL   ; 1      ; FF_X119_Y49_N31       ; High Speed ; System|intel_niosv_g_0|intel_niosv_g_0|hart|core_inst|lsu_inst|write_adrs|state[0]        ;
+---------+---------+----+--------+--------+-----------------------+------------+-------------------------------------------------------------------------------------------+

+-----------------------------------------------------------------------------------------------------------------------------------------------------------------------+
; Data Required Path                                                                                                                                                    ;
+---------+----------+----+--------+--------+---------------------+------------+----------------------------------------------------------------------------------------+
; Total   ; Incr     ; RF ; Type   ; Fanout ; Location            ; HS/LP      ; Element                                                                                ;
+---------+----------+----+--------+--------+---------------------+------------+----------------------------------------------------------------------------------------+
; 0.000   ; 0.000    ;    ;        ;        ;                     ;            ; latch edge time                                                                        ;
; 0.000   ; 0.000    ;    ; borrow ;        ;                     ;            ; time borrowed                                                                          ;
; 2.433   ; 2.433    ;    ;        ;        ;                     ;            ; clock path                                                                             ;
;   0.000 ;   0.000  ;    ;        ;        ;                     ;            ; source latency                                                                         ;
;   0.000 ;   0.000  ;    ;        ; 1      ; PIN_AM10            ;            ; CLK_50                                                                                 ;
;   0.000 ;   0.000  ; RR ; IC     ; 1      ; IOIBUF_X148_Y16_N32 ;            ; CLK_50~input|i                                                                         ;
;   0.261 ;   0.261  ; RR ; CELL   ; 1      ; IOIBUF_X148_Y16_N32 ;            ; CLK_50~input|o                                                                         ;
;   0.336 ;   0.075  ; RR ; CELL   ; 1      ; IOIBUF_X148_Y16_N32 ;            ; CLK_50~input~io_48_lvds_tile_edge/ioclkin[0]                                           ;
;   0.336 ;   0.000  ; RR ; IC     ; 2      ; CLKCTRL_3A_G_I20    ;            ; CLK_50~inputCLKENA0|inclk                                                              ;
;   0.613 ;   0.277  ; RR ; CELL   ; 181454 ; CLKCTRL_3A_G_I20    ;            ; CLK_50~inputCLKENA0|outclk                                                             ;
;   2.658 ;   2.045  ; RR ; IC     ; 1      ; FF_X119_Y49_N31     ; High Speed ; System|intel_niosv_g_0|intel_niosv_g_0|hart|core_inst|lsu_inst|write_adrs|state[0]|clk ;
;   2.658 ;   0.000  ; RR ; CELL   ; 1      ; FF_X119_Y49_N31     ; High Speed ; System|intel_niosv_g_0|intel_niosv_g_0|hart|core_inst|lsu_inst|write_adrs|state[0]     ;
;   2.433 ;   -0.225 ;    ;        ;        ;                     ;            ; clock pessimism removed                                                                ;
; 2.433   ; 0.000    ;    ;        ;        ;                     ;            ; clock uncertainty                                                                      ;
; 2.679   ; 0.246    ;    ; uTh    ; 1      ; FF_X119_Y49_N31     ;            ; System|intel_niosv_g_0|intel_niosv_g_0|hart|core_inst|lsu_inst|write_adrs|state[0]     ;
+---------+----------+----+--------+--------+---------------------+------------+----------------------------------------------------------------------------------------+



Path #3: Hold slack is 0.015 
===============================================================================
+-----------------------------------------------------------------------------------------------------------------------------------+
; Path Summary                                                                                                                      ;
+---------------------------------+-------------------------------------------------------------------------------------------------+
; Property                        ; Value                                                                                           ;
+---------------------------------+-------------------------------------------------------------------------------------------------+
; From Node                       ; System|mm_interconnect_1|jtag_uart_0_avalon_jtag_slave_agent|uncompressor|burst_uncompress_busy ;
; To Node                         ; System|mm_interconnect_1|jtag_uart_0_avalon_jtag_slave_agent|uncompressor|burst_uncompress_busy ;
; Launch Clock                    ; CLK_50                                                                                          ;
; Latch Clock                     ; CLK_50                                                                                          ;
; SDC Exception                   ; No SDC Exception on Path                                                                        ;
; Data Arrival Time               ; 2.694                                                                                           ;
; Data Required Time              ; 2.679                                                                                           ;
; Slack                           ; 0.015                                                                                           ;
; Worst-Case Operating Conditions ; Fast 900mV 0C Model                                                                             ;
+---------------------------------+-------------------------------------------------------------------------------------------------+

+-----------------------------------------------------------------------------------+
; Statistics                                                                        ;
+------------------------+-------+-------+-------------+------------+-------+-------+
; Property               ; Value ; Count ; Total Delay ; % of Total ; Min   ; Max   ;
+------------------------+-------+-------+-------------+------------+-------+-------+
; Hold Relationship      ; 0.000 ;       ;             ;            ;       ;       ;
; Clock Skew             ; 0.001 ;       ;             ;            ;       ;       ;
; Data Delay             ; 0.261 ;       ;             ;            ;       ;       ;
; Number of Logic Levels ;       ; 1     ;             ;            ;       ;       ;
; Physical Delays        ;       ;       ;             ;            ;       ;       ;
;  Arrival Path          ;       ;       ;             ;            ;       ;       ;
;   Clock                ;       ;       ;             ;            ;       ;       ;
;    IC                  ;       ; 3     ; 1.882       ; 77         ; 0.000 ; 1.882 ;
;    Cell                ;       ; 4     ; 0.551       ; 23         ; 0.000 ; 0.261 ;
;   Data                 ;       ;       ;             ;            ;       ;       ;
;    Cell                ;       ; 4     ; 0.155       ; 59         ; 0.000 ; 0.155 ;
;    uTco                ;       ; 1     ; 0.106       ; 41         ; 0.106 ; 0.106 ;
;  Required Path         ;       ;       ;             ;            ;       ;       ;
;   Clock                ;       ;       ;             ;            ;       ;       ;
;    IC                  ;       ; 3     ; 2.046       ; 77         ; 0.000 ; 2.046 ;
;    Cell                ;       ; 4     ; 0.613       ; 23         ; 0.000 ; 0.277 ;
+------------------------+-------+-------+-------------+------------+-------+-------+
Note: Negative delays are omitted from totals when calculating percentages

+-------------------------------------------------------------------------------------------------------------------------------------------------------------------------------------------+
; Data Arrival Path                                                                                                                                                                         ;
+---------+---------+----+--------+--------+-----------------------+------------+-----------------------------------------------------------------------------------------------------------+
; Total   ; Incr    ; RF ; Type   ; Fanout ; Location              ; HS/LP      ; Element                                                                                                   ;
+---------+---------+----+--------+--------+-----------------------+------------+-----------------------------------------------------------------------------------------------------------+
; 0.000   ; 0.000   ;    ;        ;        ;                       ;            ; launch edge time                                                                                          ;
; 0.000   ; 0.000   ;    ; borrow ;        ;                       ;            ; time borrowed                                                                                             ;
; 2.433   ; 2.433   ;    ;        ;        ;                       ;            ; clock path                                                                                                ;
;   0.000 ;   0.000 ;    ;        ;        ;                       ;            ; source latency                                                                                            ;
;   0.000 ;   0.000 ;    ;        ; 1      ; PIN_AM10              ;            ; CLK_50                                                                                                    ;
;   0.000 ;   0.000 ; RR ; IC     ; 1      ; IOIBUF_X148_Y16_N32   ;            ; CLK_50~input|i                                                                                            ;
;   0.261 ;   0.261 ; RR ; CELL   ; 1      ; IOIBUF_X148_Y16_N32   ;            ; CLK_50~input|o                                                                                            ;
;   0.322 ;   0.061 ; RR ; CELL   ; 1      ; IOIBUF_X148_Y16_N32   ;            ; CLK_50~input~io_48_lvds_tile_edge/ioclkin[0]                                                              ;
;   0.322 ;   0.000 ; RR ; IC     ; 2      ; CLKCTRL_3A_G_I20      ;            ; CLK_50~inputCLKENA0|inclk                                                                                 ;
;   0.551 ;   0.229 ; RR ; CELL   ; 181454 ; CLKCTRL_3A_G_I20      ;            ; CLK_50~inputCLKENA0|outclk                                                                                ;
;   2.433 ;   1.882 ; RR ; IC     ; 1      ; FF_X109_Y46_N49       ; High Speed ; System|mm_interconnect_1|jtag_uart_0_avalon_jtag_slave_agent|uncompressor|burst_uncompress_busy|clk       ;
;   2.433 ;   0.000 ; RR ; CELL   ; 1      ; FF_X109_Y46_N49       ; High Speed ; System|mm_interconnect_1|jtag_uart_0_avalon_jtag_slave_agent|uncompressor|burst_uncompress_busy           ;
; 2.694   ; 0.261   ;    ;        ;        ;                       ;            ; data path                                                                                                 ;
;   2.539 ;   0.106 ; FF ; uTco   ; 2      ; FF_X109_Y46_N49       ;            ; System|mm_interconnect_1|jtag_uart_0_avalon_jtag_slave_agent|uncompressor|burst_uncompress_busy|q         ;
;   2.539 ;   0.000 ; FF ; CELL   ; 1      ; MLABCELL_X109_Y46_N48 ; High Speed ; System|mm_interconnect_1|jtag_uart_0_avalon_jtag_slave_agent|uncompressor|burst_uncompress_busy~0|datad   ;
;   2.694 ;   0.155 ; FF ; CELL   ; 1      ; MLABCELL_X109_Y46_N48 ; High Speed ; System|mm_interconnect_1|jtag_uart_0_avalon_jtag_slave_agent|uncompressor|burst_uncompress_busy~0|combout ;
;   2.694 ;   0.000 ; FF ; CELL   ; 1      ; FF_X109_Y46_N49       ; High Speed ; System|mm_interconnect_1|jtag_uart_0_avalon_jtag_slave_agent|uncompressor|burst_uncompress_busy|d         ;
;   2.694 ;   0.000 ; FF ; CELL   ; 1      ; FF_X109_Y46_N49       ; High Speed ; System|mm_interconnect_1|jtag_uart_0_avalon_jtag_slave_agent|uncompressor|burst_uncompress_busy           ;
+---------+---------+----+--------+--------+-----------------------+------------+-----------------------------------------------------------------------------------------------------------+

+------------------------------------------------------------------------------------------------------------------------------------------------------------------------------------+
; Data Required Path                                                                                                                                                                 ;
+---------+----------+----+--------+--------+---------------------+------------+-----------------------------------------------------------------------------------------------------+
; Total   ; Incr     ; RF ; Type   ; Fanout ; Location            ; HS/LP      ; Element                                                                                             ;
+---------+----------+----+--------+--------+---------------------+------------+-----------------------------------------------------------------------------------------------------+
; 0.000   ; 0.000    ;    ;        ;        ;                     ;            ; latch edge time                                                                                     ;
; 0.000   ; 0.000    ;    ; borrow ;        ;                     ;            ; time borrowed                                                                                       ;
; 2.434   ; 2.434    ;    ;        ;        ;                     ;            ; clock path                                                                                          ;
;   0.000 ;   0.000  ;    ;        ;        ;                     ;            ; source latency                                                                                      ;
;   0.000 ;   0.000  ;    ;        ; 1      ; PIN_AM10            ;            ; CLK_50                                                                                              ;
;   0.000 ;   0.000  ; RR ; IC     ; 1      ; IOIBUF_X148_Y16_N32 ;            ; CLK_50~input|i                                                                                      ;
;   0.261 ;   0.261  ; RR ; CELL   ; 1      ; IOIBUF_X148_Y16_N32 ;            ; CLK_50~input|o                                                                                      ;
;   0.336 ;   0.075  ; RR ; CELL   ; 1      ; IOIBUF_X148_Y16_N32 ;            ; CLK_50~input~io_48_lvds_tile_edge/ioclkin[0]                                                        ;
;   0.336 ;   0.000  ; RR ; IC     ; 2      ; CLKCTRL_3A_G_I20    ;            ; CLK_50~inputCLKENA0|inclk                                                                           ;
;   0.613 ;   0.277  ; RR ; CELL   ; 181454 ; CLKCTRL_3A_G_I20    ;            ; CLK_50~inputCLKENA0|outclk                                                                          ;
;   2.659 ;   2.046  ; RR ; IC     ; 1      ; FF_X109_Y46_N49     ; High Speed ; System|mm_interconnect_1|jtag_uart_0_avalon_jtag_slave_agent|uncompressor|burst_uncompress_busy|clk ;
;   2.659 ;   0.000  ; RR ; CELL   ; 1      ; FF_X109_Y46_N49     ; High Speed ; System|mm_interconnect_1|jtag_uart_0_avalon_jtag_slave_agent|uncompressor|burst_uncompress_busy     ;
;   2.434 ;   -0.225 ;    ;        ;        ;                     ;            ; clock pessimism removed                                                                             ;
; 2.434   ; 0.000    ;    ;        ;        ;                     ;            ; clock uncertainty                                                                                   ;
; 2.679   ; 0.245    ;    ; uTh    ; 1      ; FF_X109_Y46_N49     ;            ; System|mm_interconnect_1|jtag_uart_0_avalon_jtag_slave_agent|uncompressor|burst_uncompress_busy     ;
+---------+----------+----+--------+--------+---------------------+------------+-----------------------------------------------------------------------------------------------------+



Path #4: Hold slack is 0.015 
===============================================================================
+----------------------------------------------------------------------------------------------------------------------+
; Path Summary                                                                                                         ;
+---------------------------------+------------------------------------------------------------------------------------+
; Property                        ; Value                                                                              ;
+---------------------------------+------------------------------------------------------------------------------------+
; From Node                       ; System|intel_niosv_g_0|intel_niosv_g_0|hart|core_inst|icache_inst|gate_nca_request ;
; To Node                         ; System|intel_niosv_g_0|intel_niosv_g_0|hart|core_inst|icache_inst|gate_nca_request ;
; Launch Clock                    ; CLK_50                                                                             ;
; Latch Clock                     ; CLK_50                                                                             ;
; SDC Exception                   ; No SDC Exception on Path                                                           ;
; Data Arrival Time               ; 2.694                                                                              ;
; Data Required Time              ; 2.679                                                                              ;
; Slack                           ; 0.015                                                                              ;
; Worst-Case Operating Conditions ; Fast 900mV 0C Model                                                                ;
+---------------------------------+------------------------------------------------------------------------------------+

+-----------------------------------------------------------------------------------+
; Statistics                                                                        ;
+------------------------+-------+-------+-------------+------------+-------+-------+
; Property               ; Value ; Count ; Total Delay ; % of Total ; Min   ; Max   ;
+------------------------+-------+-------+-------------+------------+-------+-------+
; Hold Relationship      ; 0.000 ;       ;             ;            ;       ;       ;
; Clock Skew             ; 0.000 ;       ;             ;            ;       ;       ;
; Data Delay             ; 0.261 ;       ;             ;            ;       ;       ;
; Number of Logic Levels ;       ; 1     ;             ;            ;       ;       ;
; Physical Delays        ;       ;       ;             ;            ;       ;       ;
;  Arrival Path          ;       ;       ;             ;            ;       ;       ;
;   Clock                ;       ;       ;             ;            ;       ;       ;
;    IC                  ;       ; 3     ; 1.882       ; 77         ; 0.000 ; 1.882 ;
;    Cell                ;       ; 4     ; 0.551       ; 23         ; 0.000 ; 0.261 ;
;   Data                 ;       ;       ;             ;            ;       ;       ;
;    Cell                ;       ; 4     ; 0.154       ; 59         ; 0.000 ; 0.154 ;
;    uTco                ;       ; 1     ; 0.107       ; 41         ; 0.107 ; 0.107 ;
;  Required Path         ;       ;       ;             ;            ;       ;       ;
;   Clock                ;       ;       ;             ;            ;       ;       ;
;    IC                  ;       ; 3     ; 2.045       ; 77         ; 0.000 ; 2.045 ;
;    Cell                ;       ; 4     ; 0.613       ; 23         ; 0.000 ; 0.277 ;
+------------------------+-------+-------+-------------+------------+-------+-------+
Note: Negative delays are omitted from totals when calculating percentages

+------------------------------------------------------------------------------------------------------------------------------------------------------------------------+
; Data Arrival Path                                                                                                                                                      ;
+---------+---------+----+--------+--------+-----------------------+------------+----------------------------------------------------------------------------------------+
; Total   ; Incr    ; RF ; Type   ; Fanout ; Location              ; HS/LP      ; Element                                                                                ;
+---------+---------+----+--------+--------+-----------------------+------------+----------------------------------------------------------------------------------------+
; 0.000   ; 0.000   ;    ;        ;        ;                       ;            ; launch edge time                                                                       ;
; 0.000   ; 0.000   ;    ; borrow ;        ;                       ;            ; time borrowed                                                                          ;
; 2.433   ; 2.433   ;    ;        ;        ;                       ;            ; clock path                                                                             ;
;   0.000 ;   0.000 ;    ;        ;        ;                       ;            ; source latency                                                                         ;
;   0.000 ;   0.000 ;    ;        ; 1      ; PIN_AM10              ;            ; CLK_50                                                                                 ;
;   0.000 ;   0.000 ; RR ; IC     ; 1      ; IOIBUF_X148_Y16_N32   ;            ; CLK_50~input|i                                                                         ;
;   0.261 ;   0.261 ; RR ; CELL   ; 1      ; IOIBUF_X148_Y16_N32   ;            ; CLK_50~input|o                                                                         ;
;   0.322 ;   0.061 ; RR ; CELL   ; 1      ; IOIBUF_X148_Y16_N32   ;            ; CLK_50~input~io_48_lvds_tile_edge/ioclkin[0]                                           ;
;   0.322 ;   0.000 ; RR ; IC     ; 2      ; CLKCTRL_3A_G_I20      ;            ; CLK_50~inputCLKENA0|inclk                                                              ;
;   0.551 ;   0.229 ; RR ; CELL   ; 181454 ; CLKCTRL_3A_G_I20      ;            ; CLK_50~inputCLKENA0|outclk                                                             ;
;   2.433 ;   1.882 ; RR ; IC     ; 1      ; FF_X115_Y44_N37       ; High Speed ; System|intel_niosv_g_0|intel_niosv_g_0|hart|core_inst|icache_inst|gate_nca_request|clk ;
;   2.433 ;   0.000 ; RR ; CELL   ; 1      ; FF_X115_Y44_N37       ; High Speed ; System|intel_niosv_g_0|intel_niosv_g_0|hart|core_inst|icache_inst|gate_nca_request     ;
; 2.694   ; 0.261   ;    ;        ;        ;                       ;            ; data path                                                                              ;
;   2.540 ;   0.107 ; FF ; uTco   ; 2      ; FF_X115_Y44_N37       ;            ; System|intel_niosv_g_0|intel_niosv_g_0|hart|core_inst|icache_inst|gate_nca_request|q   ;
;   2.540 ;   0.000 ; FF ; CELL   ; 1      ; MLABCELL_X115_Y44_N36 ; High Speed ; System|intel_niosv_g_0|intel_niosv_g_0|hart|core_inst|icache_inst|i216~1|datae         ;
;   2.694 ;   0.154 ; FF ; CELL   ; 1      ; MLABCELL_X115_Y44_N36 ; High Speed ; System|intel_niosv_g_0|intel_niosv_g_0|hart|core_inst|icache_inst|i216~1|combout       ;
;   2.694 ;   0.000 ; FF ; CELL   ; 1      ; FF_X115_Y44_N37       ; High Speed ; System|intel_niosv_g_0|intel_niosv_g_0|hart|core_inst|icache_inst|gate_nca_request|d   ;
;   2.694 ;   0.000 ; FF ; CELL   ; 1      ; FF_X115_Y44_N37       ; High Speed ; System|intel_niosv_g_0|intel_niosv_g_0|hart|core_inst|icache_inst|gate_nca_request     ;
+---------+---------+----+--------+--------+-----------------------+------------+----------------------------------------------------------------------------------------+

+-----------------------------------------------------------------------------------------------------------------------------------------------------------------------+
; Data Required Path                                                                                                                                                    ;
+---------+----------+----+--------+--------+---------------------+------------+----------------------------------------------------------------------------------------+
; Total   ; Incr     ; RF ; Type   ; Fanout ; Location            ; HS/LP      ; Element                                                                                ;
+---------+----------+----+--------+--------+---------------------+------------+----------------------------------------------------------------------------------------+
; 0.000   ; 0.000    ;    ;        ;        ;                     ;            ; latch edge time                                                                        ;
; 0.000   ; 0.000    ;    ; borrow ;        ;                     ;            ; time borrowed                                                                          ;
; 2.433   ; 2.433    ;    ;        ;        ;                     ;            ; clock path                                                                             ;
;   0.000 ;   0.000  ;    ;        ;        ;                     ;            ; source latency                                                                         ;
;   0.000 ;   0.000  ;    ;        ; 1      ; PIN_AM10            ;            ; CLK_50                                                                                 ;
;   0.000 ;   0.000  ; RR ; IC     ; 1      ; IOIBUF_X148_Y16_N32 ;            ; CLK_50~input|i                                                                         ;
;   0.261 ;   0.261  ; RR ; CELL   ; 1      ; IOIBUF_X148_Y16_N32 ;            ; CLK_50~input|o                                                                         ;
;   0.336 ;   0.075  ; RR ; CELL   ; 1      ; IOIBUF_X148_Y16_N32 ;            ; CLK_50~input~io_48_lvds_tile_edge/ioclkin[0]                                           ;
;   0.336 ;   0.000  ; RR ; IC     ; 2      ; CLKCTRL_3A_G_I20    ;            ; CLK_50~inputCLKENA0|inclk                                                              ;
;   0.613 ;   0.277  ; RR ; CELL   ; 181454 ; CLKCTRL_3A_G_I20    ;            ; CLK_50~inputCLKENA0|outclk                                                             ;
;   2.658 ;   2.045  ; RR ; IC     ; 1      ; FF_X115_Y44_N37     ; High Speed ; System|intel_niosv_g_0|intel_niosv_g_0|hart|core_inst|icache_inst|gate_nca_request|clk ;
;   2.658 ;   0.000  ; RR ; CELL   ; 1      ; FF_X115_Y44_N37     ; High Speed ; System|intel_niosv_g_0|intel_niosv_g_0|hart|core_inst|icache_inst|gate_nca_request     ;
;   2.433 ;   -0.225 ;    ;        ;        ;                     ;            ; clock pessimism removed                                                                ;
; 2.433   ; 0.000    ;    ;        ;        ;                     ;            ; clock uncertainty                                                                      ;
; 2.679   ; 0.246    ;    ; uTh    ; 1      ; FF_X115_Y44_N37     ;            ; System|intel_niosv_g_0|intel_niosv_g_0|hart|core_inst|icache_inst|gate_nca_request     ;
+---------+----------+----+--------+--------+---------------------+------------+----------------------------------------------------------------------------------------+



Path #5: Hold slack is 0.016 
===============================================================================
+-----------------------------------------------------------------------------------------------------------------+
; Path Summary                                                                                                    ;
+---------------------------------+-------------------------------------------------------------------------------+
; Property                        ; Value                                                                         ;
+---------------------------------+-------------------------------------------------------------------------------+
; From Node                       ; System|intel_niosv_g_0|intel_niosv_g_0|hart|core_inst|csr_inst|mtvec.base[29] ;
; To Node                         ; System|intel_niosv_g_0|intel_niosv_g_0|hart|core_inst|csr_inst|mtvec.base[29] ;
; Launch Clock                    ; CLK_50                                                                        ;
; Latch Clock                     ; CLK_50                                                                        ;
; SDC Exception                   ; No SDC Exception on Path                                                      ;
; Data Arrival Time               ; 2.712                                                                         ;
; Data Required Time              ; 2.696                                                                         ;
; Slack                           ; 0.016                                                                         ;
; Worst-Case Operating Conditions ; Fast 900mV 0C Model                                                           ;
+---------------------------------+-------------------------------------------------------------------------------+

+-----------------------------------------------------------------------------------+
; Statistics                                                                        ;
+------------------------+-------+-------+-------------+------------+-------+-------+
; Property               ; Value ; Count ; Total Delay ; % of Total ; Min   ; Max   ;
+------------------------+-------+-------+-------------+------------+-------+-------+
; Hold Relationship      ; 0.000 ;       ;             ;            ;       ;       ;
; Clock Skew             ; 0.000 ;       ;             ;            ;       ;       ;
; Data Delay             ; 0.261 ;       ;             ;            ;       ;       ;
; Number of Logic Levels ;       ; 1     ;             ;            ;       ;       ;
; Physical Delays        ;       ;       ;             ;            ;       ;       ;
;  Arrival Path          ;       ;       ;             ;            ;       ;       ;
;   Clock                ;       ;       ;             ;            ;       ;       ;
;    IC                  ;       ; 3     ; 1.900       ; 78         ; 0.000 ; 1.900 ;
;    Cell                ;       ; 4     ; 0.551       ; 22         ; 0.000 ; 0.261 ;
;   Data                 ;       ;       ;             ;            ;       ;       ;
;    Cell                ;       ; 4     ; 0.155       ; 59         ; 0.000 ; 0.155 ;
;    uTco                ;       ; 1     ; 0.106       ; 41         ; 0.106 ; 0.106 ;
;  Required Path         ;       ;       ;             ;            ;       ;       ;
;   Clock                ;       ;       ;             ;            ;       ;       ;
;    IC                  ;       ; 3     ; 2.065       ; 77         ; 0.000 ; 2.065 ;
;    Cell                ;       ; 4     ; 0.613       ; 23         ; 0.000 ; 0.277 ;
+------------------------+-------+-------+-------------+------------+-------+-------+
Note: Negative delays are omitted from totals when calculating percentages

+-------------------------------------------------------------------------------------------------------------------------------------------------------------------+
; Data Arrival Path                                                                                                                                                 ;
+---------+---------+----+--------+--------+-----------------------+------------+-----------------------------------------------------------------------------------+
; Total   ; Incr    ; RF ; Type   ; Fanout ; Location              ; HS/LP      ; Element                                                                           ;
+---------+---------+----+--------+--------+-----------------------+------------+-----------------------------------------------------------------------------------+
; 0.000   ; 0.000   ;    ;        ;        ;                       ;            ; launch edge time                                                                  ;
; 0.000   ; 0.000   ;    ; borrow ;        ;                       ;            ; time borrowed                                                                     ;
; 2.451   ; 2.451   ;    ;        ;        ;                       ;            ; clock path                                                                        ;
;   0.000 ;   0.000 ;    ;        ;        ;                       ;            ; source latency                                                                    ;
;   0.000 ;   0.000 ;    ;        ; 1      ; PIN_AM10              ;            ; CLK_50                                                                            ;
;   0.000 ;   0.000 ; RR ; IC     ; 1      ; IOIBUF_X148_Y16_N32   ;            ; CLK_50~input|i                                                                    ;
;   0.261 ;   0.261 ; RR ; CELL   ; 1      ; IOIBUF_X148_Y16_N32   ;            ; CLK_50~input|o                                                                    ;
;   0.322 ;   0.061 ; RR ; CELL   ; 1      ; IOIBUF_X148_Y16_N32   ;            ; CLK_50~input~io_48_lvds_tile_edge/ioclkin[0]                                      ;
;   0.322 ;   0.000 ; RR ; IC     ; 2      ; CLKCTRL_3A_G_I20      ;            ; CLK_50~inputCLKENA0|inclk                                                         ;
;   0.551 ;   0.229 ; RR ; CELL   ; 181454 ; CLKCTRL_3A_G_I20      ;            ; CLK_50~inputCLKENA0|outclk                                                        ;
;   2.451 ;   1.900 ; RR ; IC     ; 1      ; FF_X135_Y35_N31       ; High Speed ; System|intel_niosv_g_0|intel_niosv_g_0|hart|core_inst|csr_inst|mtvec.base[29]|clk ;
;   2.451 ;   0.000 ; RR ; CELL   ; 1      ; FF_X135_Y35_N31       ; High Speed ; System|intel_niosv_g_0|intel_niosv_g_0|hart|core_inst|csr_inst|mtvec.base[29]     ;
; 2.712   ; 0.261   ;    ;        ;        ;                       ;            ; data path                                                                         ;
;   2.557 ;   0.106 ; FF ; uTco   ; 2      ; FF_X135_Y35_N31       ;            ; System|intel_niosv_g_0|intel_niosv_g_0|hart|core_inst|csr_inst|mtvec.base[29]|q   ;
;   2.557 ;   0.000 ; FF ; CELL   ; 1      ; MLABCELL_X135_Y35_N30 ; High Speed ; System|intel_niosv_g_0|intel_niosv_g_0|hart|core_inst|csr_inst|i951~21|datad      ;
;   2.712 ;   0.155 ; FF ; CELL   ; 1      ; MLABCELL_X135_Y35_N30 ; High Speed ; System|intel_niosv_g_0|intel_niosv_g_0|hart|core_inst|csr_inst|i951~21|combout    ;
;   2.712 ;   0.000 ; FF ; CELL   ; 1      ; FF_X135_Y35_N31       ; High Speed ; System|intel_niosv_g_0|intel_niosv_g_0|hart|core_inst|csr_inst|mtvec.base[29]|d   ;
;   2.712 ;   0.000 ; FF ; CELL   ; 1      ; FF_X135_Y35_N31       ; High Speed ; System|intel_niosv_g_0|intel_niosv_g_0|hart|core_inst|csr_inst|mtvec.base[29]     ;
+---------+---------+----+--------+--------+-----------------------+------------+-----------------------------------------------------------------------------------+

+------------------------------------------------------------------------------------------------------------------------------------------------------------------+
; Data Required Path                                                                                                                                               ;
+---------+----------+----+--------+--------+---------------------+------------+-----------------------------------------------------------------------------------+
; Total   ; Incr     ; RF ; Type   ; Fanout ; Location            ; HS/LP      ; Element                                                                           ;
+---------+----------+----+--------+--------+---------------------+------------+-----------------------------------------------------------------------------------+
; 0.000   ; 0.000    ;    ;        ;        ;                     ;            ; latch edge time                                                                   ;
; 0.000   ; 0.000    ;    ; borrow ;        ;                     ;            ; time borrowed                                                                     ;
; 2.451   ; 2.451    ;    ;        ;        ;                     ;            ; clock path                                                                        ;
;   0.000 ;   0.000  ;    ;        ;        ;                     ;            ; source latency                                                                    ;
;   0.000 ;   0.000  ;    ;        ; 1      ; PIN_AM10            ;            ; CLK_50                                                                            ;
;   0.000 ;   0.000  ; RR ; IC     ; 1      ; IOIBUF_X148_Y16_N32 ;            ; CLK_50~input|i                                                                    ;
;   0.261 ;   0.261  ; RR ; CELL   ; 1      ; IOIBUF_X148_Y16_N32 ;            ; CLK_50~input|o                                                                    ;
;   0.336 ;   0.075  ; RR ; CELL   ; 1      ; IOIBUF_X148_Y16_N32 ;            ; CLK_50~input~io_48_lvds_tile_edge/ioclkin[0]                                      ;
;   0.336 ;   0.000  ; RR ; IC     ; 2      ; CLKCTRL_3A_G_I20    ;            ; CLK_50~inputCLKENA0|inclk                                                         ;
;   0.613 ;   0.277  ; RR ; CELL   ; 181454 ; CLKCTRL_3A_G_I20    ;            ; CLK_50~inputCLKENA0|outclk                                                        ;
;   2.678 ;   2.065  ; RR ; IC     ; 1      ; FF_X135_Y35_N31     ; High Speed ; System|intel_niosv_g_0|intel_niosv_g_0|hart|core_inst|csr_inst|mtvec.base[29]|clk ;
;   2.678 ;   0.000  ; RR ; CELL   ; 1      ; FF_X135_Y35_N31     ; High Speed ; System|intel_niosv_g_0|intel_niosv_g_0|hart|core_inst|csr_inst|mtvec.base[29]     ;
;   2.451 ;   -0.227 ;    ;        ;        ;                     ;            ; clock pessimism removed                                                           ;
; 2.451   ; 0.000    ;    ;        ;        ;                     ;            ; clock uncertainty                                                                 ;
; 2.696   ; 0.245    ;    ; uTh    ; 1      ; FF_X135_Y35_N31     ;            ; System|intel_niosv_g_0|intel_niosv_g_0|hart|core_inst|csr_inst|mtvec.base[29]     ;
+---------+----------+----+--------+--------+---------------------+------------+-----------------------------------------------------------------------------------+



Path #6: Hold slack is 0.016 
===============================================================================
+------------------------------------------------------------------------------------------------------------+
; Path Summary                                                                                               ;
+---------------------------------+--------------------------------------------------------------------------+
; Property                        ; Value                                                                    ;
+---------------------------------+--------------------------------------------------------------------------+
; From Node                       ; System|intel_niosv_g_0|intel_niosv_g_0|hart|core_inst|csr_inst|mtval[14] ;
; To Node                         ; System|intel_niosv_g_0|intel_niosv_g_0|hart|core_inst|csr_inst|mtval[14] ;
; Launch Clock                    ; CLK_50                                                                   ;
; Latch Clock                     ; CLK_50                                                                   ;
; SDC Exception                   ; No SDC Exception on Path                                                 ;
; Data Arrival Time               ; 2.718                                                                    ;
; Data Required Time              ; 2.702                                                                    ;
; Slack                           ; 0.016                                                                    ;
; Worst-Case Operating Conditions ; Fast 900mV 0C Model                                                      ;
+---------------------------------+--------------------------------------------------------------------------+

+-----------------------------------------------------------------------------------+
; Statistics                                                                        ;
+------------------------+-------+-------+-------------+------------+-------+-------+
; Property               ; Value ; Count ; Total Delay ; % of Total ; Min   ; Max   ;
+------------------------+-------+-------+-------------+------------+-------+-------+
; Hold Relationship      ; 0.000 ;       ;             ;            ;       ;       ;
; Clock Skew             ; 0.000 ;       ;             ;            ;       ;       ;
; Data Delay             ; 0.267 ;       ;             ;            ;       ;       ;
; Number of Logic Levels ;       ; 1     ;             ;            ;       ;       ;
; Physical Delays        ;       ;       ;             ;            ;       ;       ;
;  Arrival Path          ;       ;       ;             ;            ;       ;       ;
;   Clock                ;       ;       ;             ;            ;       ;       ;
;    IC                  ;       ; 3     ; 1.900       ; 78         ; 0.000 ; 1.900 ;
;    Cell                ;       ; 4     ; 0.551       ; 22         ; 0.000 ; 0.261 ;
;   Data                 ;       ;       ;             ;            ;       ;       ;
;    Cell                ;       ; 4     ; 0.155       ; 58         ; 0.000 ; 0.155 ;
;    uTco                ;       ; 1     ; 0.112       ; 42         ; 0.112 ; 0.112 ;
;  Required Path         ;       ;       ;             ;            ;       ;       ;
;   Clock                ;       ;       ;             ;            ;       ;       ;
;    IC                  ;       ; 3     ; 2.065       ; 77         ; 0.000 ; 2.065 ;
;    Cell                ;       ; 4     ; 0.613       ; 23         ; 0.000 ; 0.277 ;
+------------------------+-------+-------+-------------+------------+-------+-------+
Note: Negative delays are omitted from totals when calculating percentages

+-----------------------------------------------------------------------------------------------------------------------------------------------------------------------+
; Data Arrival Path                                                                                                                                                     ;
+---------+---------+----+--------+--------+----------------------+------------+----------------------------------------------------------------------------------------+
; Total   ; Incr    ; RF ; Type   ; Fanout ; Location             ; HS/LP      ; Element                                                                                ;
+---------+---------+----+--------+--------+----------------------+------------+----------------------------------------------------------------------------------------+
; 0.000   ; 0.000   ;    ;        ;        ;                      ;            ; launch edge time                                                                       ;
; 0.000   ; 0.000   ;    ; borrow ;        ;                      ;            ; time borrowed                                                                          ;
; 2.451   ; 2.451   ;    ;        ;        ;                      ;            ; clock path                                                                             ;
;   0.000 ;   0.000 ;    ;        ;        ;                      ;            ; source latency                                                                         ;
;   0.000 ;   0.000 ;    ;        ; 1      ; PIN_AM10             ;            ; CLK_50                                                                                 ;
;   0.000 ;   0.000 ; RR ; IC     ; 1      ; IOIBUF_X148_Y16_N32  ;            ; CLK_50~input|i                                                                         ;
;   0.261 ;   0.261 ; RR ; CELL   ; 1      ; IOIBUF_X148_Y16_N32  ;            ; CLK_50~input|o                                                                         ;
;   0.322 ;   0.061 ; RR ; CELL   ; 1      ; IOIBUF_X148_Y16_N32  ;            ; CLK_50~input~io_48_lvds_tile_edge/ioclkin[0]                                           ;
;   0.322 ;   0.000 ; RR ; IC     ; 2      ; CLKCTRL_3A_G_I20     ;            ; CLK_50~inputCLKENA0|inclk                                                              ;
;   0.551 ;   0.229 ; RR ; CELL   ; 181454 ; CLKCTRL_3A_G_I20     ;            ; CLK_50~inputCLKENA0|outclk                                                             ;
;   2.451 ;   1.900 ; RR ; IC     ; 1      ; FF_X135_Y36_N7       ; High Speed ; System|intel_niosv_g_0|intel_niosv_g_0|hart|core_inst|csr_inst|mtval[14]|clk           ;
;   2.451 ;   0.000 ; RR ; CELL   ; 1      ; FF_X135_Y36_N7       ; High Speed ; System|intel_niosv_g_0|intel_niosv_g_0|hart|core_inst|csr_inst|mtval[14]               ;
; 2.718   ; 0.267   ;    ;        ;        ;                      ;            ; data path                                                                              ;
;   2.563 ;   0.112 ; FF ; uTco   ; 2      ; FF_X135_Y36_N7       ;            ; System|intel_niosv_g_0|intel_niosv_g_0|hart|core_inst|csr_inst|mtval[14]|q             ;
;   2.563 ;   0.000 ; FF ; CELL   ; 1      ; MLABCELL_X135_Y36_N6 ; High Speed ; System|intel_niosv_g_0|intel_niosv_g_0|hart|core_inst|csr_inst|mtval_nxt[0]~15|datae   ;
;   2.718 ;   0.155 ; FF ; CELL   ; 1      ; MLABCELL_X135_Y36_N6 ; High Speed ; System|intel_niosv_g_0|intel_niosv_g_0|hart|core_inst|csr_inst|mtval_nxt[0]~15|combout ;
;   2.718 ;   0.000 ; FF ; CELL   ; 1      ; FF_X135_Y36_N7       ; High Speed ; System|intel_niosv_g_0|intel_niosv_g_0|hart|core_inst|csr_inst|mtval[14]|d             ;
;   2.718 ;   0.000 ; FF ; CELL   ; 1      ; FF_X135_Y36_N7       ; High Speed ; System|intel_niosv_g_0|intel_niosv_g_0|hart|core_inst|csr_inst|mtval[14]               ;
+---------+---------+----+--------+--------+----------------------+------------+----------------------------------------------------------------------------------------+

+-------------------------------------------------------------------------------------------------------------------------------------------------------------+
; Data Required Path                                                                                                                                          ;
+---------+----------+----+--------+--------+---------------------+------------+------------------------------------------------------------------------------+
; Total   ; Incr     ; RF ; Type   ; Fanout ; Location            ; HS/LP      ; Element                                                                      ;
+---------+----------+----+--------+--------+---------------------+------------+------------------------------------------------------------------------------+
; 0.000   ; 0.000    ;    ;        ;        ;                     ;            ; latch edge time                                                              ;
; 0.000   ; 0.000    ;    ; borrow ;        ;                     ;            ; time borrowed                                                                ;
; 2.451   ; 2.451    ;    ;        ;        ;                     ;            ; clock path                                                                   ;
;   0.000 ;   0.000  ;    ;        ;        ;                     ;            ; source latency                                                               ;
;   0.000 ;   0.000  ;    ;        ; 1      ; PIN_AM10            ;            ; CLK_50                                                                       ;
;   0.000 ;   0.000  ; RR ; IC     ; 1      ; IOIBUF_X148_Y16_N32 ;            ; CLK_50~input|i                                                               ;
;   0.261 ;   0.261  ; RR ; CELL   ; 1      ; IOIBUF_X148_Y16_N32 ;            ; CLK_50~input|o                                                               ;
;   0.336 ;   0.075  ; RR ; CELL   ; 1      ; IOIBUF_X148_Y16_N32 ;            ; CLK_50~input~io_48_lvds_tile_edge/ioclkin[0]                                 ;
;   0.336 ;   0.000  ; RR ; IC     ; 2      ; CLKCTRL_3A_G_I20    ;            ; CLK_50~inputCLKENA0|inclk                                                    ;
;   0.613 ;   0.277  ; RR ; CELL   ; 181454 ; CLKCTRL_3A_G_I20    ;            ; CLK_50~inputCLKENA0|outclk                                                   ;
;   2.678 ;   2.065  ; RR ; IC     ; 1      ; FF_X135_Y36_N7      ; High Speed ; System|intel_niosv_g_0|intel_niosv_g_0|hart|core_inst|csr_inst|mtval[14]|clk ;
;   2.678 ;   0.000  ; RR ; CELL   ; 1      ; FF_X135_Y36_N7      ; High Speed ; System|intel_niosv_g_0|intel_niosv_g_0|hart|core_inst|csr_inst|mtval[14]     ;
;   2.451 ;   -0.227 ;    ;        ;        ;                     ;            ; clock pessimism removed                                                      ;
; 2.451   ; 0.000    ;    ;        ;        ;                     ;            ; clock uncertainty                                                            ;
; 2.702   ; 0.251    ;    ; uTh    ; 1      ; FF_X135_Y36_N7      ;            ; System|intel_niosv_g_0|intel_niosv_g_0|hart|core_inst|csr_inst|mtval[14]     ;
+---------+----------+----+--------+--------+---------------------+------------+------------------------------------------------------------------------------+



Path #7: Hold slack is 0.016 
===============================================================================
+------------------------------------------------------------------------------------------------------------+
; Path Summary                                                                                               ;
+---------------------------------+--------------------------------------------------------------------------+
; Property                        ; Value                                                                    ;
+---------------------------------+--------------------------------------------------------------------------+
; From Node                       ; System|intel_niosv_g_0|intel_niosv_g_0|hart|core_inst|csr_inst|mtval[11] ;
; To Node                         ; System|intel_niosv_g_0|intel_niosv_g_0|hart|core_inst|csr_inst|mtval[11] ;
; Launch Clock                    ; CLK_50                                                                   ;
; Latch Clock                     ; CLK_50                                                                   ;
; SDC Exception                   ; No SDC Exception on Path                                                 ;
; Data Arrival Time               ; 2.717                                                                    ;
; Data Required Time              ; 2.701                                                                    ;
; Slack                           ; 0.016                                                                    ;
; Worst-Case Operating Conditions ; Fast 900mV 0C Model                                                      ;
+---------------------------------+--------------------------------------------------------------------------+

+-----------------------------------------------------------------------------------+
; Statistics                                                                        ;
+------------------------+-------+-------+-------------+------------+-------+-------+
; Property               ; Value ; Count ; Total Delay ; % of Total ; Min   ; Max   ;
+------------------------+-------+-------+-------------+------------+-------+-------+
; Hold Relationship      ; 0.000 ;       ;             ;            ;       ;       ;
; Clock Skew             ; 0.000 ;       ;             ;            ;       ;       ;
; Data Delay             ; 0.266 ;       ;             ;            ;       ;       ;
; Number of Logic Levels ;       ; 1     ;             ;            ;       ;       ;
; Physical Delays        ;       ;       ;             ;            ;       ;       ;
;  Arrival Path          ;       ;       ;             ;            ;       ;       ;
;   Clock                ;       ;       ;             ;            ;       ;       ;
;    IC                  ;       ; 3     ; 1.900       ; 78         ; 0.000 ; 1.900 ;
;    Cell                ;       ; 4     ; 0.551       ; 22         ; 0.000 ; 0.261 ;
;   Data                 ;       ;       ;             ;            ;       ;       ;
;    Cell                ;       ; 4     ; 0.155       ; 58         ; 0.000 ; 0.155 ;
;    uTco                ;       ; 1     ; 0.111       ; 42         ; 0.111 ; 0.111 ;
;  Required Path         ;       ;       ;             ;            ;       ;       ;
;   Clock                ;       ;       ;             ;            ;       ;       ;
;    IC                  ;       ; 3     ; 2.065       ; 77         ; 0.000 ; 2.065 ;
;    Cell                ;       ; 4     ; 0.613       ; 23         ; 0.000 ; 0.277 ;
+------------------------+-------+-------+-------------+------------+-------+-------+
Note: Negative delays are omitted from totals when calculating percentages

+------------------------------------------------------------------------------------------------------------------------------------------------------------------------+
; Data Arrival Path                                                                                                                                                      ;
+---------+---------+----+--------+--------+-----------------------+------------+----------------------------------------------------------------------------------------+
; Total   ; Incr    ; RF ; Type   ; Fanout ; Location              ; HS/LP      ; Element                                                                                ;
+---------+---------+----+--------+--------+-----------------------+------------+----------------------------------------------------------------------------------------+
; 0.000   ; 0.000   ;    ;        ;        ;                       ;            ; launch edge time                                                                       ;
; 0.000   ; 0.000   ;    ; borrow ;        ;                       ;            ; time borrowed                                                                          ;
; 2.451   ; 2.451   ;    ;        ;        ;                       ;            ; clock path                                                                             ;
;   0.000 ;   0.000 ;    ;        ;        ;                       ;            ; source latency                                                                         ;
;   0.000 ;   0.000 ;    ;        ; 1      ; PIN_AM10              ;            ; CLK_50                                                                                 ;
;   0.000 ;   0.000 ; RR ; IC     ; 1      ; IOIBUF_X148_Y16_N32   ;            ; CLK_50~input|i                                                                         ;
;   0.261 ;   0.261 ; RR ; CELL   ; 1      ; IOIBUF_X148_Y16_N32   ;            ; CLK_50~input|o                                                                         ;
;   0.322 ;   0.061 ; RR ; CELL   ; 1      ; IOIBUF_X148_Y16_N32   ;            ; CLK_50~input~io_48_lvds_tile_edge/ioclkin[0]                                           ;
;   0.322 ;   0.000 ; RR ; IC     ; 2      ; CLKCTRL_3A_G_I20      ;            ; CLK_50~inputCLKENA0|inclk                                                              ;
;   0.551 ;   0.229 ; RR ; CELL   ; 181454 ; CLKCTRL_3A_G_I20      ;            ; CLK_50~inputCLKENA0|outclk                                                             ;
;   2.451 ;   1.900 ; RR ; IC     ; 1      ; FF_X135_Y36_N19       ; High Speed ; System|intel_niosv_g_0|intel_niosv_g_0|hart|core_inst|csr_inst|mtval[11]|clk           ;
;   2.451 ;   0.000 ; RR ; CELL   ; 1      ; FF_X135_Y36_N19       ; High Speed ; System|intel_niosv_g_0|intel_niosv_g_0|hart|core_inst|csr_inst|mtval[11]               ;
; 2.717   ; 0.266   ;    ;        ;        ;                       ;            ; data path                                                                              ;
;   2.562 ;   0.111 ; FF ; uTco   ; 2      ; FF_X135_Y36_N19       ;            ; System|intel_niosv_g_0|intel_niosv_g_0|hart|core_inst|csr_inst|mtval[11]|q             ;
;   2.562 ;   0.000 ; FF ; CELL   ; 1      ; MLABCELL_X135_Y36_N18 ; High Speed ; System|intel_niosv_g_0|intel_niosv_g_0|hart|core_inst|csr_inst|mtval_nxt[0]~12|datae   ;
;   2.717 ;   0.155 ; FF ; CELL   ; 1      ; MLABCELL_X135_Y36_N18 ; High Speed ; System|intel_niosv_g_0|intel_niosv_g_0|hart|core_inst|csr_inst|mtval_nxt[0]~12|combout ;
;   2.717 ;   0.000 ; FF ; CELL   ; 1      ; FF_X135_Y36_N19       ; High Speed ; System|intel_niosv_g_0|intel_niosv_g_0|hart|core_inst|csr_inst|mtval[11]|d             ;
;   2.717 ;   0.000 ; FF ; CELL   ; 1      ; FF_X135_Y36_N19       ; High Speed ; System|intel_niosv_g_0|intel_niosv_g_0|hart|core_inst|csr_inst|mtval[11]               ;
+---------+---------+----+--------+--------+-----------------------+------------+----------------------------------------------------------------------------------------+

+-------------------------------------------------------------------------------------------------------------------------------------------------------------+
; Data Required Path                                                                                                                                          ;
+---------+----------+----+--------+--------+---------------------+------------+------------------------------------------------------------------------------+
; Total   ; Incr     ; RF ; Type   ; Fanout ; Location            ; HS/LP      ; Element                                                                      ;
+---------+----------+----+--------+--------+---------------------+------------+------------------------------------------------------------------------------+
; 0.000   ; 0.000    ;    ;        ;        ;                     ;            ; latch edge time                                                              ;
; 0.000   ; 0.000    ;    ; borrow ;        ;                     ;            ; time borrowed                                                                ;
; 2.451   ; 2.451    ;    ;        ;        ;                     ;            ; clock path                                                                   ;
;   0.000 ;   0.000  ;    ;        ;        ;                     ;            ; source latency                                                               ;
;   0.000 ;   0.000  ;    ;        ; 1      ; PIN_AM10            ;            ; CLK_50                                                                       ;
;   0.000 ;   0.000  ; RR ; IC     ; 1      ; IOIBUF_X148_Y16_N32 ;            ; CLK_50~input|i                                                               ;
;   0.261 ;   0.261  ; RR ; CELL   ; 1      ; IOIBUF_X148_Y16_N32 ;            ; CLK_50~input|o                                                               ;
;   0.336 ;   0.075  ; RR ; CELL   ; 1      ; IOIBUF_X148_Y16_N32 ;            ; CLK_50~input~io_48_lvds_tile_edge/ioclkin[0]                                 ;
;   0.336 ;   0.000  ; RR ; IC     ; 2      ; CLKCTRL_3A_G_I20    ;            ; CLK_50~inputCLKENA0|inclk                                                    ;
;   0.613 ;   0.277  ; RR ; CELL   ; 181454 ; CLKCTRL_3A_G_I20    ;            ; CLK_50~inputCLKENA0|outclk                                                   ;
;   2.678 ;   2.065  ; RR ; IC     ; 1      ; FF_X135_Y36_N19     ; High Speed ; System|intel_niosv_g_0|intel_niosv_g_0|hart|core_inst|csr_inst|mtval[11]|clk ;
;   2.678 ;   0.000  ; RR ; CELL   ; 1      ; FF_X135_Y36_N19     ; High Speed ; System|intel_niosv_g_0|intel_niosv_g_0|hart|core_inst|csr_inst|mtval[11]     ;
;   2.451 ;   -0.227 ;    ;        ;        ;                     ;            ; clock pessimism removed                                                      ;
; 2.451   ; 0.000    ;    ;        ;        ;                     ;            ; clock uncertainty                                                            ;
; 2.701   ; 0.250    ;    ; uTh    ; 1      ; FF_X135_Y36_N19     ;            ; System|intel_niosv_g_0|intel_niosv_g_0|hart|core_inst|csr_inst|mtval[11]     ;
+---------+----------+----+--------+--------+---------------------+------------+------------------------------------------------------------------------------+



Path #8: Hold slack is 0.016 
===============================================================================
+----------------------------------------------------------------------------------------------------------------------+
; Path Summary                                                                                                         ;
+---------------------------------+------------------------------------------------------------------------------------+
; Property                        ; Value                                                                              ;
+---------------------------------+------------------------------------------------------------------------------------+
; From Node                       ; System|mm_interconnect_1|intel_niosv_g_0_timer_sw_agent_agent_rsp_fifo|mem_used[1] ;
; To Node                         ; System|mm_interconnect_1|intel_niosv_g_0_timer_sw_agent_agent_rsp_fifo|mem_used[1] ;
; Launch Clock                    ; CLK_50                                                                             ;
; Latch Clock                     ; CLK_50                                                                             ;
; SDC Exception                   ; No SDC Exception on Path                                                           ;
; Data Arrival Time               ; 2.699                                                                              ;
; Data Required Time              ; 2.683                                                                              ;
; Slack                           ; 0.016                                                                              ;
; Worst-Case Operating Conditions ; Fast 900mV 0C Model                                                                ;
+---------------------------------+------------------------------------------------------------------------------------+

+-----------------------------------------------------------------------------------+
; Statistics                                                                        ;
+------------------------+-------+-------+-------------+------------+-------+-------+
; Property               ; Value ; Count ; Total Delay ; % of Total ; Min   ; Max   ;
+------------------------+-------+-------+-------------+------------+-------+-------+
; Hold Relationship      ; 0.000 ;       ;             ;            ;       ;       ;
; Clock Skew             ; 0.000 ;       ;             ;            ;       ;       ;
; Data Delay             ; 0.262 ;       ;             ;            ;       ;       ;
; Number of Logic Levels ;       ; 1     ;             ;            ;       ;       ;
; Physical Delays        ;       ;       ;             ;            ;       ;       ;
;  Arrival Path          ;       ;       ;             ;            ;       ;       ;
;   Clock                ;       ;       ;             ;            ;       ;       ;
;    IC                  ;       ; 3     ; 1.886       ; 77         ; 0.000 ; 1.886 ;
;    Cell                ;       ; 4     ; 0.551       ; 23         ; 0.000 ; 0.261 ;
;   Data                 ;       ;       ;             ;            ;       ;       ;
;    Cell                ;       ; 4     ; 0.155       ; 59         ; 0.000 ; 0.155 ;
;    uTco                ;       ; 1     ; 0.107       ; 41         ; 0.107 ; 0.107 ;
;  Required Path         ;       ;       ;             ;            ;       ;       ;
;   Clock                ;       ;       ;             ;            ;       ;       ;
;    IC                  ;       ; 3     ; 2.050       ; 77         ; 0.000 ; 2.050 ;
;    Cell                ;       ; 4     ; 0.613       ; 23         ; 0.000 ; 0.277 ;
+------------------------+-------+-------+-------------+------------+-------+-------+
Note: Negative delays are omitted from totals when calculating percentages

+------------------------------------------------------------------------------------------------------------------------------------------------------------------------------+
; Data Arrival Path                                                                                                                                                            ;
+---------+---------+----+--------+--------+-----------------------+------------+----------------------------------------------------------------------------------------------+
; Total   ; Incr    ; RF ; Type   ; Fanout ; Location              ; HS/LP      ; Element                                                                                      ;
+---------+---------+----+--------+--------+-----------------------+------------+----------------------------------------------------------------------------------------------+
; 0.000   ; 0.000   ;    ;        ;        ;                       ;            ; launch edge time                                                                             ;
; 0.000   ; 0.000   ;    ; borrow ;        ;                       ;            ; time borrowed                                                                                ;
; 2.437   ; 2.437   ;    ;        ;        ;                       ;            ; clock path                                                                                   ;
;   0.000 ;   0.000 ;    ;        ;        ;                       ;            ; source latency                                                                               ;
;   0.000 ;   0.000 ;    ;        ; 1      ; PIN_AM10              ;            ; CLK_50                                                                                       ;
;   0.000 ;   0.000 ; RR ; IC     ; 1      ; IOIBUF_X148_Y16_N32   ;            ; CLK_50~input|i                                                                               ;
;   0.261 ;   0.261 ; RR ; CELL   ; 1      ; IOIBUF_X148_Y16_N32   ;            ; CLK_50~input|o                                                                               ;
;   0.322 ;   0.061 ; RR ; CELL   ; 1      ; IOIBUF_X148_Y16_N32   ;            ; CLK_50~input~io_48_lvds_tile_edge/ioclkin[0]                                                 ;
;   0.322 ;   0.000 ; RR ; IC     ; 2      ; CLKCTRL_3A_G_I20      ;            ; CLK_50~inputCLKENA0|inclk                                                                    ;
;   0.551 ;   0.229 ; RR ; CELL   ; 181454 ; CLKCTRL_3A_G_I20      ;            ; CLK_50~inputCLKENA0|outclk                                                                   ;
;   2.437 ;   1.886 ; RR ; IC     ; 1      ; FF_X115_Y51_N37       ; High Speed ; System|mm_interconnect_1|intel_niosv_g_0_timer_sw_agent_agent_rsp_fifo|mem_used[1]|clk       ;
;   2.437 ;   0.000 ; RR ; CELL   ; 1      ; FF_X115_Y51_N37       ; High Speed ; System|mm_interconnect_1|intel_niosv_g_0_timer_sw_agent_agent_rsp_fifo|mem_used[1]           ;
; 2.699   ; 0.262   ;    ;        ;        ;                       ;            ; data path                                                                                    ;
;   2.544 ;   0.107 ; FF ; uTco   ; 2      ; FF_X115_Y51_N37       ;            ; System|mm_interconnect_1|intel_niosv_g_0_timer_sw_agent_agent_rsp_fifo|mem_used[1]|q         ;
;   2.544 ;   0.000 ; FF ; CELL   ; 1      ; MLABCELL_X115_Y51_N36 ; High Speed ; System|mm_interconnect_1|intel_niosv_g_0_timer_sw_agent_agent_rsp_fifo|mem_used[1]~1|datad   ;
;   2.699 ;   0.155 ; FF ; CELL   ; 1      ; MLABCELL_X115_Y51_N36 ; High Speed ; System|mm_interconnect_1|intel_niosv_g_0_timer_sw_agent_agent_rsp_fifo|mem_used[1]~1|combout ;
;   2.699 ;   0.000 ; FF ; CELL   ; 1      ; FF_X115_Y51_N37       ; High Speed ; System|mm_interconnect_1|intel_niosv_g_0_timer_sw_agent_agent_rsp_fifo|mem_used[1]|d         ;
;   2.699 ;   0.000 ; FF ; CELL   ; 1      ; FF_X115_Y51_N37       ; High Speed ; System|mm_interconnect_1|intel_niosv_g_0_timer_sw_agent_agent_rsp_fifo|mem_used[1]           ;
+---------+---------+----+--------+--------+-----------------------+------------+----------------------------------------------------------------------------------------------+

+-----------------------------------------------------------------------------------------------------------------------------------------------------------------------+
; Data Required Path                                                                                                                                                    ;
+---------+----------+----+--------+--------+---------------------+------------+----------------------------------------------------------------------------------------+
; Total   ; Incr     ; RF ; Type   ; Fanout ; Location            ; HS/LP      ; Element                                                                                ;
+---------+----------+----+--------+--------+---------------------+------------+----------------------------------------------------------------------------------------+
; 0.000   ; 0.000    ;    ;        ;        ;                     ;            ; latch edge time                                                                        ;
; 0.000   ; 0.000    ;    ; borrow ;        ;                     ;            ; time borrowed                                                                          ;
; 2.437   ; 2.437    ;    ;        ;        ;                     ;            ; clock path                                                                             ;
;   0.000 ;   0.000  ;    ;        ;        ;                     ;            ; source latency                                                                         ;
;   0.000 ;   0.000  ;    ;        ; 1      ; PIN_AM10            ;            ; CLK_50                                                                                 ;
;   0.000 ;   0.000  ; RR ; IC     ; 1      ; IOIBUF_X148_Y16_N32 ;            ; CLK_50~input|i                                                                         ;
;   0.261 ;   0.261  ; RR ; CELL   ; 1      ; IOIBUF_X148_Y16_N32 ;            ; CLK_50~input|o                                                                         ;
;   0.336 ;   0.075  ; RR ; CELL   ; 1      ; IOIBUF_X148_Y16_N32 ;            ; CLK_50~input~io_48_lvds_tile_edge/ioclkin[0]                                           ;
;   0.336 ;   0.000  ; RR ; IC     ; 2      ; CLKCTRL_3A_G_I20    ;            ; CLK_50~inputCLKENA0|inclk                                                              ;
;   0.613 ;   0.277  ; RR ; CELL   ; 181454 ; CLKCTRL_3A_G_I20    ;            ; CLK_50~inputCLKENA0|outclk                                                             ;
;   2.663 ;   2.050  ; RR ; IC     ; 1      ; FF_X115_Y51_N37     ; High Speed ; System|mm_interconnect_1|intel_niosv_g_0_timer_sw_agent_agent_rsp_fifo|mem_used[1]|clk ;
;   2.663 ;   0.000  ; RR ; CELL   ; 1      ; FF_X115_Y51_N37     ; High Speed ; System|mm_interconnect_1|intel_niosv_g_0_timer_sw_agent_agent_rsp_fifo|mem_used[1]     ;
;   2.437 ;   -0.226 ;    ;        ;        ;                     ;            ; clock pessimism removed                                                                ;
; 2.437   ; 0.000    ;    ;        ;        ;                     ;            ; clock uncertainty                                                                      ;
; 2.683   ; 0.246    ;    ; uTh    ; 1      ; FF_X115_Y51_N37     ;            ; System|mm_interconnect_1|intel_niosv_g_0_timer_sw_agent_agent_rsp_fifo|mem_used[1]     ;
+---------+----------+----+--------+--------+---------------------+------------+----------------------------------------------------------------------------------------+



Path #9: Hold slack is 0.016 
===============================================================================
+----------------------------------------------------------------------------------------------------------------------+
; Path Summary                                                                                                         ;
+---------------------------------+------------------------------------------------------------------------------------+
; Property                        ; Value                                                                              ;
+---------------------------------+------------------------------------------------------------------------------------+
; From Node                       ; System|intel_niosv_g_0|intel_niosv_g_0|hart|core_inst|lsu_inst|write_data|state[0] ;
; To Node                         ; System|intel_niosv_g_0|intel_niosv_g_0|hart|core_inst|lsu_inst|write_data|state[0] ;
; Launch Clock                    ; CLK_50                                                                             ;
; Latch Clock                     ; CLK_50                                                                             ;
; SDC Exception                   ; No SDC Exception on Path                                                           ;
; Data Arrival Time               ; 2.700                                                                              ;
; Data Required Time              ; 2.684                                                                              ;
; Slack                           ; 0.016                                                                              ;
; Worst-Case Operating Conditions ; Fast 900mV 0C Model                                                                ;
+---------------------------------+------------------------------------------------------------------------------------+

+-----------------------------------------------------------------------------------+
; Statistics                                                                        ;
+------------------------+-------+-------+-------------+------------+-------+-------+
; Property               ; Value ; Count ; Total Delay ; % of Total ; Min   ; Max   ;
+------------------------+-------+-------+-------------+------------+-------+-------+
; Hold Relationship      ; 0.000 ;       ;             ;            ;       ;       ;
; Clock Skew             ; 0.000 ;       ;             ;            ;       ;       ;
; Data Delay             ; 0.267 ;       ;             ;            ;       ;       ;
; Number of Logic Levels ;       ; 1     ;             ;            ;       ;       ;
; Physical Delays        ;       ;       ;             ;            ;       ;       ;
;  Arrival Path          ;       ;       ;             ;            ;       ;       ;
;   Clock                ;       ;       ;             ;            ;       ;       ;
;    IC                  ;       ; 3     ; 1.882       ; 77         ; 0.000 ; 1.882 ;
;    Cell                ;       ; 4     ; 0.551       ; 23         ; 0.000 ; 0.261 ;
;   Data                 ;       ;       ;             ;            ;       ;       ;
;    Cell                ;       ; 4     ; 0.155       ; 58         ; 0.000 ; 0.155 ;
;    uTco                ;       ; 1     ; 0.112       ; 42         ; 0.112 ; 0.112 ;
;  Required Path         ;       ;       ;             ;            ;       ;       ;
;   Clock                ;       ;       ;             ;            ;       ;       ;
;    IC                  ;       ; 3     ; 2.045       ; 77         ; 0.000 ; 2.045 ;
;    Cell                ;       ; 4     ; 0.613       ; 23         ; 0.000 ; 0.277 ;
+------------------------+-------+-------+-------------+------------+-------+-------+
Note: Negative delays are omitted from totals when calculating percentages

+---------------------------------------------------------------------------------------------------------------------------------------------------------------------------+
; Data Arrival Path                                                                                                                                                         ;
+---------+---------+----+--------+--------+-----------------------+------------+-------------------------------------------------------------------------------------------+
; Total   ; Incr    ; RF ; Type   ; Fanout ; Location              ; HS/LP      ; Element                                                                                   ;
+---------+---------+----+--------+--------+-----------------------+------------+-------------------------------------------------------------------------------------------+
; 0.000   ; 0.000   ;    ;        ;        ;                       ;            ; launch edge time                                                                          ;
; 0.000   ; 0.000   ;    ; borrow ;        ;                       ;            ; time borrowed                                                                             ;
; 2.433   ; 2.433   ;    ;        ;        ;                       ;            ; clock path                                                                                ;
;   0.000 ;   0.000 ;    ;        ;        ;                       ;            ; source latency                                                                            ;
;   0.000 ;   0.000 ;    ;        ; 1      ; PIN_AM10              ;            ; CLK_50                                                                                    ;
;   0.000 ;   0.000 ; RR ; IC     ; 1      ; IOIBUF_X148_Y16_N32   ;            ; CLK_50~input|i                                                                            ;
;   0.261 ;   0.261 ; RR ; CELL   ; 1      ; IOIBUF_X148_Y16_N32   ;            ; CLK_50~input|o                                                                            ;
;   0.322 ;   0.061 ; RR ; CELL   ; 1      ; IOIBUF_X148_Y16_N32   ;            ; CLK_50~input~io_48_lvds_tile_edge/ioclkin[0]                                              ;
;   0.322 ;   0.000 ; RR ; IC     ; 2      ; CLKCTRL_3A_G_I20      ;            ; CLK_50~inputCLKENA0|inclk                                                                 ;
;   0.551 ;   0.229 ; RR ; CELL   ; 181454 ; CLKCTRL_3A_G_I20      ;            ; CLK_50~inputCLKENA0|outclk                                                                ;
;   2.433 ;   1.882 ; RR ; IC     ; 1      ; FF_X119_Y52_N19       ; High Speed ; System|intel_niosv_g_0|intel_niosv_g_0|hart|core_inst|lsu_inst|write_data|state[0]|clk    ;
;   2.433 ;   0.000 ; RR ; CELL   ; 1      ; FF_X119_Y52_N19       ; High Speed ; System|intel_niosv_g_0|intel_niosv_g_0|hart|core_inst|lsu_inst|write_data|state[0]        ;
; 2.700   ; 0.267   ;    ;        ;        ;                       ;            ; data path                                                                                 ;
;   2.545 ;   0.112 ; FF ; uTco   ; 2      ; FF_X119_Y52_N19       ;            ; System|intel_niosv_g_0|intel_niosv_g_0|hart|core_inst|lsu_inst|write_data|state[0]|q      ;
;   2.545 ;   0.000 ; FF ; CELL   ; 1      ; MLABCELL_X119_Y52_N18 ; High Speed ; System|intel_niosv_g_0|intel_niosv_g_0|hart|core_inst|lsu_inst|write_data|Mux_2~0|datae   ;
;   2.700 ;   0.155 ; FF ; CELL   ; 1      ; MLABCELL_X119_Y52_N18 ; High Speed ; System|intel_niosv_g_0|intel_niosv_g_0|hart|core_inst|lsu_inst|write_data|Mux_2~0|combout ;
;   2.700 ;   0.000 ; FF ; CELL   ; 1      ; FF_X119_Y52_N19       ; High Speed ; System|intel_niosv_g_0|intel_niosv_g_0|hart|core_inst|lsu_inst|write_data|state[0]|d      ;
;   2.700 ;   0.000 ; FF ; CELL   ; 1      ; FF_X119_Y52_N19       ; High Speed ; System|intel_niosv_g_0|intel_niosv_g_0|hart|core_inst|lsu_inst|write_data|state[0]        ;
+---------+---------+----+--------+--------+-----------------------+------------+-------------------------------------------------------------------------------------------+

+-----------------------------------------------------------------------------------------------------------------------------------------------------------------------+
; Data Required Path                                                                                                                                                    ;
+---------+----------+----+--------+--------+---------------------+------------+----------------------------------------------------------------------------------------+
; Total   ; Incr     ; RF ; Type   ; Fanout ; Location            ; HS/LP      ; Element                                                                                ;
+---------+----------+----+--------+--------+---------------------+------------+----------------------------------------------------------------------------------------+
; 0.000   ; 0.000    ;    ;        ;        ;                     ;            ; latch edge time                                                                        ;
; 0.000   ; 0.000    ;    ; borrow ;        ;                     ;            ; time borrowed                                                                          ;
; 2.433   ; 2.433    ;    ;        ;        ;                     ;            ; clock path                                                                             ;
;   0.000 ;   0.000  ;    ;        ;        ;                     ;            ; source latency                                                                         ;
;   0.000 ;   0.000  ;    ;        ; 1      ; PIN_AM10            ;            ; CLK_50                                                                                 ;
;   0.000 ;   0.000  ; RR ; IC     ; 1      ; IOIBUF_X148_Y16_N32 ;            ; CLK_50~input|i                                                                         ;
;   0.261 ;   0.261  ; RR ; CELL   ; 1      ; IOIBUF_X148_Y16_N32 ;            ; CLK_50~input|o                                                                         ;
;   0.336 ;   0.075  ; RR ; CELL   ; 1      ; IOIBUF_X148_Y16_N32 ;            ; CLK_50~input~io_48_lvds_tile_edge/ioclkin[0]                                           ;
;   0.336 ;   0.000  ; RR ; IC     ; 2      ; CLKCTRL_3A_G_I20    ;            ; CLK_50~inputCLKENA0|inclk                                                              ;
;   0.613 ;   0.277  ; RR ; CELL   ; 181454 ; CLKCTRL_3A_G_I20    ;            ; CLK_50~inputCLKENA0|outclk                                                             ;
;   2.658 ;   2.045  ; RR ; IC     ; 1      ; FF_X119_Y52_N19     ; High Speed ; System|intel_niosv_g_0|intel_niosv_g_0|hart|core_inst|lsu_inst|write_data|state[0]|clk ;
;   2.658 ;   0.000  ; RR ; CELL   ; 1      ; FF_X119_Y52_N19     ; High Speed ; System|intel_niosv_g_0|intel_niosv_g_0|hart|core_inst|lsu_inst|write_data|state[0]     ;
;   2.433 ;   -0.225 ;    ;        ;        ;                     ;            ; clock pessimism removed                                                                ;
; 2.433   ; 0.000    ;    ;        ;        ;                     ;            ; clock uncertainty                                                                      ;
; 2.684   ; 0.251    ;    ; uTh    ; 1      ; FF_X119_Y52_N19     ;            ; System|intel_niosv_g_0|intel_niosv_g_0|hart|core_inst|lsu_inst|write_data|state[0]     ;
+---------+----------+----+--------+--------+---------------------+------------+----------------------------------------------------------------------------------------+



Path #10: Hold slack is 0.017 
===============================================================================
+-----------------------------------------------------------------------------------------------------+
; Path Summary                                                                                        ;
+---------------------------------+-------------------------------------------------------------------+
; Property                        ; Value                                                             ;
+---------------------------------+-------------------------------------------------------------------+
; From Node                       ; System|mm_interconnect_1|weight_mem_s1_agent_rsp_fifo|mem[1][149] ;
; To Node                         ; System|mm_interconnect_1|weight_mem_s1_agent_rsp_fifo|mem[1][149] ;
; Launch Clock                    ; CLK_50                                                            ;
; Latch Clock                     ; CLK_50                                                            ;
; SDC Exception                   ; No SDC Exception on Path                                          ;
; Data Arrival Time               ; 2.702                                                             ;
; Data Required Time              ; 2.685                                                             ;
; Slack                           ; 0.017                                                             ;
; Worst-Case Operating Conditions ; Fast 900mV 0C Model                                               ;
+---------------------------------+-------------------------------------------------------------------+

+-----------------------------------------------------------------------------------+
; Statistics                                                                        ;
+------------------------+-------+-------+-------------+------------+-------+-------+
; Property               ; Value ; Count ; Total Delay ; % of Total ; Min   ; Max   ;
+------------------------+-------+-------+-------------+------------+-------+-------+
; Hold Relationship      ; 0.000 ;       ;             ;            ;       ;       ;
; Clock Skew             ; 0.000 ;       ;             ;            ;       ;       ;
; Data Delay             ; 0.270 ;       ;             ;            ;       ;       ;
; Number of Logic Levels ;       ; 1     ;             ;            ;       ;       ;
; Physical Delays        ;       ;       ;             ;            ;       ;       ;
;  Arrival Path          ;       ;       ;             ;            ;       ;       ;
;   Clock                ;       ;       ;             ;            ;       ;       ;
;    IC                  ;       ; 3     ; 1.881       ; 77         ; 0.000 ; 1.881 ;
;    Cell                ;       ; 4     ; 0.551       ; 23         ; 0.000 ; 0.261 ;
;   Data                 ;       ;       ;             ;            ;       ;       ;
;    Cell                ;       ; 4     ; 0.158       ; 59         ; 0.000 ; 0.158 ;
;    uTco                ;       ; 1     ; 0.112       ; 41         ; 0.112 ; 0.112 ;
;  Required Path         ;       ;       ;             ;            ;       ;       ;
;   Clock                ;       ;       ;             ;            ;       ;       ;
;    IC                  ;       ; 3     ; 2.044       ; 77         ; 0.000 ; 2.044 ;
;    Cell                ;       ; 4     ; 0.613       ; 23         ; 0.000 ; 0.277 ;
+------------------------+-------+-------+-------------+------------+-------+-------+
Note: Negative delays are omitted from totals when calculating percentages

+-------------------------------------------------------------------------------------------------------------------------------------------------------+
; Data Arrival Path                                                                                                                                     ;
+---------+---------+----+--------+--------+-----------------------+------------+-----------------------------------------------------------------------+
; Total   ; Incr    ; RF ; Type   ; Fanout ; Location              ; HS/LP      ; Element                                                               ;
+---------+---------+----+--------+--------+-----------------------+------------+-----------------------------------------------------------------------+
; 0.000   ; 0.000   ;    ;        ;        ;                       ;            ; launch edge time                                                      ;
; 0.000   ; 0.000   ;    ; borrow ;        ;                       ;            ; time borrowed                                                         ;
; 2.432   ; 2.432   ;    ;        ;        ;                       ;            ; clock path                                                            ;
;   0.000 ;   0.000 ;    ;        ;        ;                       ;            ; source latency                                                        ;
;   0.000 ;   0.000 ;    ;        ; 1      ; PIN_AM10              ;            ; CLK_50                                                                ;
;   0.000 ;   0.000 ; RR ; IC     ; 1      ; IOIBUF_X148_Y16_N32   ;            ; CLK_50~input|i                                                        ;
;   0.261 ;   0.261 ; RR ; CELL   ; 1      ; IOIBUF_X148_Y16_N32   ;            ; CLK_50~input|o                                                        ;
;   0.322 ;   0.061 ; RR ; CELL   ; 1      ; IOIBUF_X148_Y16_N32   ;            ; CLK_50~input~io_48_lvds_tile_edge/ioclkin[0]                          ;
;   0.322 ;   0.000 ; RR ; IC     ; 2      ; CLKCTRL_3A_G_I20      ;            ; CLK_50~inputCLKENA0|inclk                                             ;
;   0.551 ;   0.229 ; RR ; CELL   ; 181454 ; CLKCTRL_3A_G_I20      ;            ; CLK_50~inputCLKENA0|outclk                                            ;
;   2.432 ;   1.881 ; RR ; IC     ; 1      ; FF_X109_Y55_N20       ; High Speed ; System|mm_interconnect_1|weight_mem_s1_agent_rsp_fifo|mem[1][149]|clk ;
;   2.432 ;   0.000 ; RR ; CELL   ; 1      ; FF_X109_Y55_N20       ; High Speed ; System|mm_interconnect_1|weight_mem_s1_agent_rsp_fifo|mem[1][149]     ;
; 2.702   ; 0.270   ;    ;        ;        ;                       ;            ; data path                                                             ;
;   2.544 ;   0.112 ; FF ; uTco   ; 1      ; FF_X109_Y55_N20       ;            ; System|mm_interconnect_1|weight_mem_s1_agent_rsp_fifo|mem[1][149]|q   ;
;   2.544 ;   0.000 ; FF ; CELL   ; 1      ; MLABCELL_X109_Y55_N18 ; High Speed ; System|mm_interconnect_1|weight_mem_s1_agent_rsp_fifo|i402~13|datae   ;
;   2.702 ;   0.158 ; FF ; CELL   ; 2      ; MLABCELL_X109_Y55_N18 ; High Speed ; System|mm_interconnect_1|weight_mem_s1_agent_rsp_fifo|i402~13|combout ;
;   2.702 ;   0.000 ; FF ; CELL   ; 1      ; FF_X109_Y55_N20       ; High Speed ; System|mm_interconnect_1|weight_mem_s1_agent_rsp_fifo|mem[1][149]|d   ;
;   2.702 ;   0.000 ; FF ; CELL   ; 1      ; FF_X109_Y55_N20       ; High Speed ; System|mm_interconnect_1|weight_mem_s1_agent_rsp_fifo|mem[1][149]     ;
+---------+---------+----+--------+--------+-----------------------+------------+-----------------------------------------------------------------------+

+------------------------------------------------------------------------------------------------------------------------------------------------------+
; Data Required Path                                                                                                                                   ;
+---------+----------+----+--------+--------+---------------------+------------+-----------------------------------------------------------------------+
; Total   ; Incr     ; RF ; Type   ; Fanout ; Location            ; HS/LP      ; Element                                                               ;
+---------+----------+----+--------+--------+---------------------+------------+-----------------------------------------------------------------------+
; 0.000   ; 0.000    ;    ;        ;        ;                     ;            ; latch edge time                                                       ;
; 0.000   ; 0.000    ;    ; borrow ;        ;                     ;            ; time borrowed                                                         ;
; 2.432   ; 2.432    ;    ;        ;        ;                     ;            ; clock path                                                            ;
;   0.000 ;   0.000  ;    ;        ;        ;                     ;            ; source latency                                                        ;
;   0.000 ;   0.000  ;    ;        ; 1      ; PIN_AM10            ;            ; CLK_50                                                                ;
;   0.000 ;   0.000  ; RR ; IC     ; 1      ; IOIBUF_X148_Y16_N32 ;            ; CLK_50~input|i                                                        ;
;   0.261 ;   0.261  ; RR ; CELL   ; 1      ; IOIBUF_X148_Y16_N32 ;            ; CLK_50~input|o                                                        ;
;   0.336 ;   0.075  ; RR ; CELL   ; 1      ; IOIBUF_X148_Y16_N32 ;            ; CLK_50~input~io_48_lvds_tile_edge/ioclkin[0]                          ;
;   0.336 ;   0.000  ; RR ; IC     ; 2      ; CLKCTRL_3A_G_I20    ;            ; CLK_50~inputCLKENA0|inclk                                             ;
;   0.613 ;   0.277  ; RR ; CELL   ; 181454 ; CLKCTRL_3A_G_I20    ;            ; CLK_50~inputCLKENA0|outclk                                            ;
;   2.657 ;   2.044  ; RR ; IC     ; 1      ; FF_X109_Y55_N20     ; High Speed ; System|mm_interconnect_1|weight_mem_s1_agent_rsp_fifo|mem[1][149]|clk ;
;   2.657 ;   0.000  ; RR ; CELL   ; 1      ; FF_X109_Y55_N20     ; High Speed ; System|mm_interconnect_1|weight_mem_s1_agent_rsp_fifo|mem[1][149]     ;
;   2.432 ;   -0.225 ;    ;        ;        ;                     ;            ; clock pessimism removed                                               ;
; 2.432   ; 0.000    ;    ;        ;        ;                     ;            ; clock uncertainty                                                     ;
; 2.685   ; 0.253    ;    ; uTh    ; 1      ; FF_X109_Y55_N20     ;            ; System|mm_interconnect_1|weight_mem_s1_agent_rsp_fifo|mem[1][149]     ;
+---------+----------+----+--------+--------+---------------------+------------+-----------------------------------------------------------------------+



----------------
; Command Info ;
----------------
Report Timing: Found 10 recovery paths (0 violated).  Worst case slack is 12.406 

Tcl Command:
    report_timing -recovery -panel_name {Worst-Case Timing Paths||Recovery||CLK_50} -to_clock [get_clocks {CLK_50}] -npaths 10 -detail full_path

Options:
    -to_clock [get_clocks {CLK_50}] 
    -recovery 
    -npaths 10 
    -detail full_path 
    -panel_name {CLK_50} 

Snapshot:
    final

Delay Models:
    Slow 900mV 100C Model
    Slow 900mV 0C Model
    Fast 900mV 100C Model
    Fast 900mV 0C Model


+-----------------------------------------------------------------------------------------------------------------------------------------------------------------------------------------------------------------------------------------------------------------------+
; Summary of Paths                                                                                                                                                                                                                                                      ;
+--------+----------------------------------+-------------------------------------------------------------------------------------------------------------------+--------------+-------------+--------------+------------+------------+---------------------------------+
; Slack  ; From Node                        ; To Node                                                                                                           ; Launch Clock ; Latch Clock ; Relationship ; Clock Skew ; Data Delay ; Worst-Case Operating Conditions ;
+--------+----------------------------------+-------------------------------------------------------------------------------------------------------------------+--------------+-------------+--------------+------------+------------+---------------------------------+
; 12.406 ; System|rst_controller|r_sync_rst ; System|jtag_uart_0|jtag_uart_0|NonDPR_jtag_uart_0_altera_avalon_jtag_uart_1924_v2zfocy_alt_jtag_atlantic|write1   ; CLK_50       ; CLK_50      ; 20.000       ; 0.002      ; 7.398      ; Slow 900mV 100C Model           ;
; 12.406 ; System|rst_controller|r_sync_rst ; System|jtag_uart_0|jtag_uart_0|NonDPR_jtag_uart_0_altera_avalon_jtag_uart_1924_v2zfocy_alt_jtag_atlantic|rvalid0  ; CLK_50       ; CLK_50      ; 20.000       ; 0.002      ; 7.398      ; Slow 900mV 100C Model           ;
; 12.408 ; System|rst_controller|r_sync_rst ; System|jtag_uart_0|jtag_uart_0|NonDPR_jtag_uart_0_altera_avalon_jtag_uart_1924_v2zfocy_alt_jtag_atlantic|jupdate2 ; CLK_50       ; CLK_50      ; 20.000       ; 0.002      ; 7.398      ; Slow 900mV 100C Model           ;
; 12.408 ; System|rst_controller|r_sync_rst ; System|jtag_uart_0|jtag_uart_0|NonDPR_jtag_uart_0_altera_avalon_jtag_uart_1924_v2zfocy_alt_jtag_atlantic|jupdate1 ; CLK_50       ; CLK_50      ; 20.000       ; 0.002      ; 7.398      ; Slow 900mV 100C Model           ;
; 12.411 ; System|rst_controller|r_sync_rst ; System|jtag_uart_0|jtag_uart_0|NonDPR_jtag_uart_0_altera_avalon_jtag_uart_1924_v2zfocy_alt_jtag_atlantic|read1    ; CLK_50       ; CLK_50      ; 20.000       ; 0.002      ; 7.398      ; Slow 900mV 100C Model           ;
; 12.413 ; System|rst_controller|r_sync_rst ; System|jtag_uart_0|jtag_uart_0|NonDPR_jtag_uart_0_altera_avalon_jtag_uart_1924_v2zfocy_alt_jtag_atlantic|rst2     ; CLK_50       ; CLK_50      ; 20.000       ; 0.002      ; 7.398      ; Slow 900mV 100C Model           ;
; 12.415 ; System|rst_controller|r_sync_rst ; System|jtag_uart_0|jtag_uart_0|NonDPR_jtag_uart_0_altera_avalon_jtag_uart_1924_v2zfocy_alt_jtag_atlantic|read2    ; CLK_50       ; CLK_50      ; 20.000       ; 0.002      ; 7.398      ; Slow 900mV 100C Model           ;
; 12.435 ; System|rst_controller|r_sync_rst ; System|jtag_uart_0|jtag_uart_0|NonDPR_jtag_uart_0_altera_avalon_jtag_uart_1924_v2zfocy_alt_jtag_atlantic|rst1     ; CLK_50       ; CLK_50      ; 20.000       ; 0.002      ; 7.398      ; Slow 900mV 100C Model           ;
; 12.437 ; System|rst_controller|r_sync_rst ; System|jtag_uart_0|jtag_uart_0|NonDPR_jtag_uart_0_altera_avalon_jtag_uart_1924_v2zfocy_alt_jtag_atlantic|write2   ; CLK_50       ; CLK_50      ; 20.000       ; 0.002      ; 7.398      ; Slow 900mV 100C Model           ;
; 12.439 ; System|rst_controller|r_sync_rst ; System|jtag_uart_0|jtag_uart_0|NonDPR_jtag_uart_0_altera_avalon_jtag_uart_1924_v2zfocy_alt_jtag_atlantic|t_pause  ; CLK_50       ; CLK_50      ; 20.000       ; 0.002      ; 7.398      ; Slow 900mV 100C Model           ;
+--------+----------------------------------+-------------------------------------------------------------------------------------------------------------------+--------------+-------------+--------------+------------+------------+---------------------------------+


Path #1: Recovery slack is 12.406 
===============================================================================
+---------------------------------------------------------------------------------------------------------------------------------------------------+
; Path Summary                                                                                                                                      ;
+---------------------------------+-----------------------------------------------------------------------------------------------------------------+
; Property                        ; Value                                                                                                           ;
+---------------------------------+-----------------------------------------------------------------------------------------------------------------+
; From Node                       ; System|rst_controller|r_sync_rst                                                                                ;
; To Node                         ; System|jtag_uart_0|jtag_uart_0|NonDPR_jtag_uart_0_altera_avalon_jtag_uart_1924_v2zfocy_alt_jtag_atlantic|write1 ;
; Launch Clock                    ; CLK_50                                                                                                          ;
; Latch Clock                     ; CLK_50                                                                                                          ;
; SDC Exception                   ; No SDC Exception on Path                                                                                        ;
; Data Arrival Time               ; 11.939                                                                                                          ;
; Data Required Time              ; 24.345                                                                                                          ;
; Slack                           ; 12.406                                                                                                          ;
; Worst-Case Operating Conditions ; Slow 900mV 100C Model                                                                                           ;
+---------------------------------+-----------------------------------------------------------------------------------------------------------------+

+------------------------------------------------------------------------------------+
; Statistics                                                                         ;
+------------------------+--------+-------+-------------+------------+-------+-------+
; Property               ; Value  ; Count ; Total Delay ; % of Total ; Min   ; Max   ;
+------------------------+--------+-------+-------------+------------+-------+-------+
; Recovery Relationship  ; 20.000 ;       ;             ;            ;       ;       ;
; Clock Skew             ; 0.002  ;       ;             ;            ;       ;       ;
; Data Delay             ; 7.398  ;       ;             ;            ;       ;       ;
; Number of Logic Levels ;        ; 0     ;             ;            ;       ;       ;
; Physical Delays        ;        ;       ;             ;            ;       ;       ;
;  Arrival Path          ;        ;       ;             ;            ;       ;       ;
;   Clock                ;        ;       ;             ;            ;       ;       ;
;    IC                  ;        ; 3     ; 3.317       ; 73         ; 0.000 ; 3.317 ;
;    Cell                ;        ; 4     ; 1.224       ; 27         ; 0.000 ; 0.547 ;
;   Data                 ;        ;       ;             ;            ;       ;       ;
;    IC                  ;        ; 1     ; 7.047       ; 95         ; 7.047 ; 7.047 ;
;    Cell                ;        ; 2     ; 0.122       ; 2          ; 0.000 ; 0.122 ;
;    uTco                ;        ; 1     ; 0.229       ; 3          ; 0.229 ; 0.229 ;
;  Required Path         ;        ;       ;             ;            ;       ;       ;
;   Clock                ;        ;       ;             ;            ;       ;       ;
;    IC                  ;        ; 3     ; 3.175       ; 74         ; 0.000 ; 3.175 ;
;    Cell                ;        ; 4     ; 1.116       ; 26         ; 0.000 ; 0.547 ;
+------------------------+--------+-------+-------------+------------+-------+-------+
Note: Negative delays are omitted from totals when calculating percentages

+-----------------------------------------------------------------------------------------------------------------------------------------------------------------------------------------------------+
; Data Arrival Path                                                                                                                                                                                   ;
+----------+---------+----+--------+--------+---------------------+------------+----------------------------------------------------------------------------------------------------------------------+
; Total    ; Incr    ; RF ; Type   ; Fanout ; Location            ; HS/LP      ; Element                                                                                                              ;
+----------+---------+----+--------+--------+---------------------+------------+----------------------------------------------------------------------------------------------------------------------+
; 0.000    ; 0.000   ;    ;        ;        ;                     ;            ; launch edge time                                                                                                     ;
; 0.000    ; 0.000   ;    ; borrow ;        ;                     ;            ; time borrowed                                                                                                        ;
; 4.541    ; 4.541   ;    ;        ;        ;                     ;            ; clock path                                                                                                           ;
;   0.000  ;   0.000 ;    ;        ;        ;                     ;            ; source latency                                                                                                       ;
;   0.000  ;   0.000 ;    ;        ; 1      ; PIN_AM10            ;            ; CLK_50                                                                                                               ;
;   0.000  ;   0.000 ; RR ; IC     ; 1      ; IOIBUF_X148_Y16_N32 ;            ; CLK_50~input|i                                                                                                       ;
;   0.547  ;   0.547 ; RR ; CELL   ; 1      ; IOIBUF_X148_Y16_N32 ;            ; CLK_50~input|o                                                                                                       ;
;   0.706  ;   0.159 ; RR ; CELL   ; 1      ; IOIBUF_X148_Y16_N32 ;            ; CLK_50~input~io_48_lvds_tile_edge/ioclkin[0]                                                                         ;
;   0.706  ;   0.000 ; RR ; IC     ; 2      ; CLKCTRL_3A_G_I20    ;            ; CLK_50~inputCLKENA0|inclk                                                                                            ;
;   1.224  ;   0.518 ; RR ; CELL   ; 181454 ; CLKCTRL_3A_G_I20    ;            ; CLK_50~inputCLKENA0|outclk                                                                                           ;
;   4.541  ;   3.317 ; RR ; IC     ; 1      ; FF_X11_Y73_N59      ; High Speed ; System|rst_controller|r_sync_rst|clk                                                                                 ;
;   4.541  ;   0.000 ; RR ; CELL   ; 1      ; FF_X11_Y73_N59      ; High Speed ; System|rst_controller|r_sync_rst                                                                                     ;
; 11.939   ; 7.398   ;    ;        ;        ;                     ;            ; data path                                                                                                            ;
;   4.770  ;   0.229 ; FF ; uTco   ; 1      ; FF_X11_Y73_N59      ;            ; System|rst_controller|r_sync_rst|q                                                                                   ;
;   4.892  ;   0.122 ; FF ; CELL   ; 1971   ; FF_X11_Y73_N59      ; High Speed ; System|rst_controller|r_sync_rst~la_mlab/laboutb[19]                                                                 ;
;   11.939 ;   7.047 ; FF ; IC     ; 1      ; FF_X110_Y7_N26      ; High Speed ; System|jtag_uart_0|jtag_uart_0|NonDPR_jtag_uart_0_altera_avalon_jtag_uart_1924_v2zfocy_alt_jtag_atlantic|write1|clrn ;
;   11.939 ;   0.000 ; FF ; CELL   ; 1      ; FF_X110_Y7_N26      ; High Speed ; System|jtag_uart_0|jtag_uart_0|NonDPR_jtag_uart_0_altera_avalon_jtag_uart_1924_v2zfocy_alt_jtag_atlantic|write1      ;
+----------+---------+----+--------+--------+---------------------+------------+----------------------------------------------------------------------------------------------------------------------+

+----------------------------------------------------------------------------------------------------------------------------------------------------------------------------------------------------+
; Data Required Path                                                                                                                                                                                 ;
+----------+---------+----+--------+--------+---------------------+------------+---------------------------------------------------------------------------------------------------------------------+
; Total    ; Incr    ; RF ; Type   ; Fanout ; Location            ; HS/LP      ; Element                                                                                                             ;
+----------+---------+----+--------+--------+---------------------+------------+---------------------------------------------------------------------------------------------------------------------+
; 20.000   ; 20.000  ;    ;        ;        ;                     ;            ; latch edge time                                                                                                     ;
; 20.000   ; 0.000   ;    ; borrow ;        ;                     ;            ; time borrowed                                                                                                       ;
; 24.543   ; 4.543   ;    ;        ;        ;                     ;            ; clock path                                                                                                          ;
;   20.000 ;   0.000 ;    ;        ;        ;                     ;            ; source latency                                                                                                      ;
;   20.000 ;   0.000 ;    ;        ; 1      ; PIN_AM10            ;            ; CLK_50                                                                                                              ;
;   20.000 ;   0.000 ; RR ; IC     ; 1      ; IOIBUF_X148_Y16_N32 ;            ; CLK_50~input|i                                                                                                      ;
;   20.547 ;   0.547 ; RR ; CELL   ; 1      ; IOIBUF_X148_Y16_N32 ;            ; CLK_50~input|o                                                                                                      ;
;   20.676 ;   0.129 ; RR ; CELL   ; 1      ; IOIBUF_X148_Y16_N32 ;            ; CLK_50~input~io_48_lvds_tile_edge/ioclkin[0]                                                                        ;
;   20.676 ;   0.000 ; RR ; IC     ; 2      ; CLKCTRL_3A_G_I20    ;            ; CLK_50~inputCLKENA0|inclk                                                                                           ;
;   21.116 ;   0.440 ; RR ; CELL   ; 181454 ; CLKCTRL_3A_G_I20    ;            ; CLK_50~inputCLKENA0|outclk                                                                                          ;
;   24.291 ;   3.175 ; RR ; IC     ; 1      ; FF_X110_Y7_N26      ; High Speed ; System|jtag_uart_0|jtag_uart_0|NonDPR_jtag_uart_0_altera_avalon_jtag_uart_1924_v2zfocy_alt_jtag_atlantic|write1|clk ;
;   24.291 ;   0.000 ; RR ; CELL   ; 1      ; FF_X110_Y7_N26      ; High Speed ; System|jtag_uart_0|jtag_uart_0|NonDPR_jtag_uart_0_altera_avalon_jtag_uart_1924_v2zfocy_alt_jtag_atlantic|write1     ;
;   24.543 ;   0.252 ;    ;        ;        ;                     ;            ; clock pessimism removed                                                                                             ;
; 24.513   ; -0.030  ;    ;        ;        ;                     ;            ; clock uncertainty                                                                                                   ;
; 24.345   ; -0.168  ;    ; uTsu   ; 1      ; FF_X110_Y7_N26      ;            ; System|jtag_uart_0|jtag_uart_0|NonDPR_jtag_uart_0_altera_avalon_jtag_uart_1924_v2zfocy_alt_jtag_atlantic|write1     ;
+----------+---------+----+--------+--------+---------------------+------------+---------------------------------------------------------------------------------------------------------------------+



Path #2: Recovery slack is 12.406 
===============================================================================
+----------------------------------------------------------------------------------------------------------------------------------------------------+
; Path Summary                                                                                                                                       ;
+---------------------------------+------------------------------------------------------------------------------------------------------------------+
; Property                        ; Value                                                                                                            ;
+---------------------------------+------------------------------------------------------------------------------------------------------------------+
; From Node                       ; System|rst_controller|r_sync_rst                                                                                 ;
; To Node                         ; System|jtag_uart_0|jtag_uart_0|NonDPR_jtag_uart_0_altera_avalon_jtag_uart_1924_v2zfocy_alt_jtag_atlantic|rvalid0 ;
; Launch Clock                    ; CLK_50                                                                                                           ;
; Latch Clock                     ; CLK_50                                                                                                           ;
; SDC Exception                   ; No SDC Exception on Path                                                                                         ;
; Data Arrival Time               ; 11.939                                                                                                           ;
; Data Required Time              ; 24.345                                                                                                           ;
; Slack                           ; 12.406                                                                                                           ;
; Worst-Case Operating Conditions ; Slow 900mV 100C Model                                                                                            ;
+---------------------------------+------------------------------------------------------------------------------------------------------------------+

+------------------------------------------------------------------------------------+
; Statistics                                                                         ;
+------------------------+--------+-------+-------------+------------+-------+-------+
; Property               ; Value  ; Count ; Total Delay ; % of Total ; Min   ; Max   ;
+------------------------+--------+-------+-------------+------------+-------+-------+
; Recovery Relationship  ; 20.000 ;       ;             ;            ;       ;       ;
; Clock Skew             ; 0.002  ;       ;             ;            ;       ;       ;
; Data Delay             ; 7.398  ;       ;             ;            ;       ;       ;
; Number of Logic Levels ;        ; 0     ;             ;            ;       ;       ;
; Physical Delays        ;        ;       ;             ;            ;       ;       ;
;  Arrival Path          ;        ;       ;             ;            ;       ;       ;
;   Clock                ;        ;       ;             ;            ;       ;       ;
;    IC                  ;        ; 3     ; 3.317       ; 73         ; 0.000 ; 3.317 ;
;    Cell                ;        ; 4     ; 1.224       ; 27         ; 0.000 ; 0.547 ;
;   Data                 ;        ;       ;             ;            ;       ;       ;
;    IC                  ;        ; 1     ; 7.047       ; 95         ; 7.047 ; 7.047 ;
;    Cell                ;        ; 2     ; 0.122       ; 2          ; 0.000 ; 0.122 ;
;    uTco                ;        ; 1     ; 0.229       ; 3          ; 0.229 ; 0.229 ;
;  Required Path         ;        ;       ;             ;            ;       ;       ;
;   Clock                ;        ;       ;             ;            ;       ;       ;
;    IC                  ;        ; 3     ; 3.175       ; 74         ; 0.000 ; 3.175 ;
;    Cell                ;        ; 4     ; 1.116       ; 26         ; 0.000 ; 0.547 ;
+------------------------+--------+-------+-------------+------------+-------+-------+
Note: Negative delays are omitted from totals when calculating percentages

+------------------------------------------------------------------------------------------------------------------------------------------------------------------------------------------------------+
; Data Arrival Path                                                                                                                                                                                    ;
+----------+---------+----+--------+--------+---------------------+------------+-----------------------------------------------------------------------------------------------------------------------+
; Total    ; Incr    ; RF ; Type   ; Fanout ; Location            ; HS/LP      ; Element                                                                                                               ;
+----------+---------+----+--------+--------+---------------------+------------+-----------------------------------------------------------------------------------------------------------------------+
; 0.000    ; 0.000   ;    ;        ;        ;                     ;            ; launch edge time                                                                                                      ;
; 0.000    ; 0.000   ;    ; borrow ;        ;                     ;            ; time borrowed                                                                                                         ;
; 4.541    ; 4.541   ;    ;        ;        ;                     ;            ; clock path                                                                                                            ;
;   0.000  ;   0.000 ;    ;        ;        ;                     ;            ; source latency                                                                                                        ;
;   0.000  ;   0.000 ;    ;        ; 1      ; PIN_AM10            ;            ; CLK_50                                                                                                                ;
;   0.000  ;   0.000 ; RR ; IC     ; 1      ; IOIBUF_X148_Y16_N32 ;            ; CLK_50~input|i                                                                                                        ;
;   0.547  ;   0.547 ; RR ; CELL   ; 1      ; IOIBUF_X148_Y16_N32 ;            ; CLK_50~input|o                                                                                                        ;
;   0.706  ;   0.159 ; RR ; CELL   ; 1      ; IOIBUF_X148_Y16_N32 ;            ; CLK_50~input~io_48_lvds_tile_edge/ioclkin[0]                                                                          ;
;   0.706  ;   0.000 ; RR ; IC     ; 2      ; CLKCTRL_3A_G_I20    ;            ; CLK_50~inputCLKENA0|inclk                                                                                             ;
;   1.224  ;   0.518 ; RR ; CELL   ; 181454 ; CLKCTRL_3A_G_I20    ;            ; CLK_50~inputCLKENA0|outclk                                                                                            ;
;   4.541  ;   3.317 ; RR ; IC     ; 1      ; FF_X11_Y73_N59      ; High Speed ; System|rst_controller|r_sync_rst|clk                                                                                  ;
;   4.541  ;   0.000 ; RR ; CELL   ; 1      ; FF_X11_Y73_N59      ; High Speed ; System|rst_controller|r_sync_rst                                                                                      ;
; 11.939   ; 7.398   ;    ;        ;        ;                     ;            ; data path                                                                                                             ;
;   4.770  ;   0.229 ; FF ; uTco   ; 1      ; FF_X11_Y73_N59      ;            ; System|rst_controller|r_sync_rst|q                                                                                    ;
;   4.892  ;   0.122 ; FF ; CELL   ; 1971   ; FF_X11_Y73_N59      ; High Speed ; System|rst_controller|r_sync_rst~la_mlab/laboutb[19]                                                                  ;
;   11.939 ;   7.047 ; FF ; IC     ; 1      ; FF_X110_Y7_N8       ; High Speed ; System|jtag_uart_0|jtag_uart_0|NonDPR_jtag_uart_0_altera_avalon_jtag_uart_1924_v2zfocy_alt_jtag_atlantic|rvalid0|clrn ;
;   11.939 ;   0.000 ; FF ; CELL   ; 1      ; FF_X110_Y7_N8       ; High Speed ; System|jtag_uart_0|jtag_uart_0|NonDPR_jtag_uart_0_altera_avalon_jtag_uart_1924_v2zfocy_alt_jtag_atlantic|rvalid0      ;
+----------+---------+----+--------+--------+---------------------+------------+-----------------------------------------------------------------------------------------------------------------------+

+-----------------------------------------------------------------------------------------------------------------------------------------------------------------------------------------------------+
; Data Required Path                                                                                                                                                                                  ;
+----------+---------+----+--------+--------+---------------------+------------+----------------------------------------------------------------------------------------------------------------------+
; Total    ; Incr    ; RF ; Type   ; Fanout ; Location            ; HS/LP      ; Element                                                                                                              ;
+----------+---------+----+--------+--------+---------------------+------------+----------------------------------------------------------------------------------------------------------------------+
; 20.000   ; 20.000  ;    ;        ;        ;                     ;            ; latch edge time                                                                                                      ;
; 20.000   ; 0.000   ;    ; borrow ;        ;                     ;            ; time borrowed                                                                                                        ;
; 24.543   ; 4.543   ;    ;        ;        ;                     ;            ; clock path                                                                                                           ;
;   20.000 ;   0.000 ;    ;        ;        ;                     ;            ; source latency                                                                                                       ;
;   20.000 ;   0.000 ;    ;        ; 1      ; PIN_AM10            ;            ; CLK_50                                                                                                               ;
;   20.000 ;   0.000 ; RR ; IC     ; 1      ; IOIBUF_X148_Y16_N32 ;            ; CLK_50~input|i                                                                                                       ;
;   20.547 ;   0.547 ; RR ; CELL   ; 1      ; IOIBUF_X148_Y16_N32 ;            ; CLK_50~input|o                                                                                                       ;
;   20.676 ;   0.129 ; RR ; CELL   ; 1      ; IOIBUF_X148_Y16_N32 ;            ; CLK_50~input~io_48_lvds_tile_edge/ioclkin[0]                                                                         ;
;   20.676 ;   0.000 ; RR ; IC     ; 2      ; CLKCTRL_3A_G_I20    ;            ; CLK_50~inputCLKENA0|inclk                                                                                            ;
;   21.116 ;   0.440 ; RR ; CELL   ; 181454 ; CLKCTRL_3A_G_I20    ;            ; CLK_50~inputCLKENA0|outclk                                                                                           ;
;   24.291 ;   3.175 ; RR ; IC     ; 1      ; FF_X110_Y7_N8       ; High Speed ; System|jtag_uart_0|jtag_uart_0|NonDPR_jtag_uart_0_altera_avalon_jtag_uart_1924_v2zfocy_alt_jtag_atlantic|rvalid0|clk ;
;   24.291 ;   0.000 ; RR ; CELL   ; 1      ; FF_X110_Y7_N8       ; High Speed ; System|jtag_uart_0|jtag_uart_0|NonDPR_jtag_uart_0_altera_avalon_jtag_uart_1924_v2zfocy_alt_jtag_atlantic|rvalid0     ;
;   24.543 ;   0.252 ;    ;        ;        ;                     ;            ; clock pessimism removed                                                                                              ;
; 24.513   ; -0.030  ;    ;        ;        ;                     ;            ; clock uncertainty                                                                                                    ;
; 24.345   ; -0.168  ;    ; uTsu   ; 1      ; FF_X110_Y7_N8       ;            ; System|jtag_uart_0|jtag_uart_0|NonDPR_jtag_uart_0_altera_avalon_jtag_uart_1924_v2zfocy_alt_jtag_atlantic|rvalid0     ;
+----------+---------+----+--------+--------+---------------------+------------+----------------------------------------------------------------------------------------------------------------------+



Path #3: Recovery slack is 12.408 
===============================================================================
+-----------------------------------------------------------------------------------------------------------------------------------------------------+
; Path Summary                                                                                                                                        ;
+---------------------------------+-------------------------------------------------------------------------------------------------------------------+
; Property                        ; Value                                                                                                             ;
+---------------------------------+-------------------------------------------------------------------------------------------------------------------+
; From Node                       ; System|rst_controller|r_sync_rst                                                                                  ;
; To Node                         ; System|jtag_uart_0|jtag_uart_0|NonDPR_jtag_uart_0_altera_avalon_jtag_uart_1924_v2zfocy_alt_jtag_atlantic|jupdate2 ;
; Launch Clock                    ; CLK_50                                                                                                            ;
; Latch Clock                     ; CLK_50                                                                                                            ;
; SDC Exception                   ; No SDC Exception on Path                                                                                          ;
; Data Arrival Time               ; 11.939                                                                                                            ;
; Data Required Time              ; 24.347                                                                                                            ;
; Slack                           ; 12.408                                                                                                            ;
; Worst-Case Operating Conditions ; Slow 900mV 100C Model                                                                                             ;
+---------------------------------+-------------------------------------------------------------------------------------------------------------------+

+------------------------------------------------------------------------------------+
; Statistics                                                                         ;
+------------------------+--------+-------+-------------+------------+-------+-------+
; Property               ; Value  ; Count ; Total Delay ; % of Total ; Min   ; Max   ;
+------------------------+--------+-------+-------------+------------+-------+-------+
; Recovery Relationship  ; 20.000 ;       ;             ;            ;       ;       ;
; Clock Skew             ; 0.002  ;       ;             ;            ;       ;       ;
; Data Delay             ; 7.398  ;       ;             ;            ;       ;       ;
; Number of Logic Levels ;        ; 0     ;             ;            ;       ;       ;
; Physical Delays        ;        ;       ;             ;            ;       ;       ;
;  Arrival Path          ;        ;       ;             ;            ;       ;       ;
;   Clock                ;        ;       ;             ;            ;       ;       ;
;    IC                  ;        ; 3     ; 3.317       ; 73         ; 0.000 ; 3.317 ;
;    Cell                ;        ; 4     ; 1.224       ; 27         ; 0.000 ; 0.547 ;
;   Data                 ;        ;       ;             ;            ;       ;       ;
;    IC                  ;        ; 1     ; 7.047       ; 95         ; 7.047 ; 7.047 ;
;    Cell                ;        ; 2     ; 0.122       ; 2          ; 0.000 ; 0.122 ;
;    uTco                ;        ; 1     ; 0.229       ; 3          ; 0.229 ; 0.229 ;
;  Required Path         ;        ;       ;             ;            ;       ;       ;
;   Clock                ;        ;       ;             ;            ;       ;       ;
;    IC                  ;        ; 3     ; 3.175       ; 74         ; 0.000 ; 3.175 ;
;    Cell                ;        ; 4     ; 1.116       ; 26         ; 0.000 ; 0.547 ;
+------------------------+--------+-------+-------------+------------+-------+-------+
Note: Negative delays are omitted from totals when calculating percentages

+-------------------------------------------------------------------------------------------------------------------------------------------------------------------------------------------------------+
; Data Arrival Path                                                                                                                                                                                     ;
+----------+---------+----+--------+--------+---------------------+------------+------------------------------------------------------------------------------------------------------------------------+
; Total    ; Incr    ; RF ; Type   ; Fanout ; Location            ; HS/LP      ; Element                                                                                                                ;
+----------+---------+----+--------+--------+---------------------+------------+------------------------------------------------------------------------------------------------------------------------+
; 0.000    ; 0.000   ;    ;        ;        ;                     ;            ; launch edge time                                                                                                       ;
; 0.000    ; 0.000   ;    ; borrow ;        ;                     ;            ; time borrowed                                                                                                          ;
; 4.541    ; 4.541   ;    ;        ;        ;                     ;            ; clock path                                                                                                             ;
;   0.000  ;   0.000 ;    ;        ;        ;                     ;            ; source latency                                                                                                         ;
;   0.000  ;   0.000 ;    ;        ; 1      ; PIN_AM10            ;            ; CLK_50                                                                                                                 ;
;   0.000  ;   0.000 ; RR ; IC     ; 1      ; IOIBUF_X148_Y16_N32 ;            ; CLK_50~input|i                                                                                                         ;
;   0.547  ;   0.547 ; RR ; CELL   ; 1      ; IOIBUF_X148_Y16_N32 ;            ; CLK_50~input|o                                                                                                         ;
;   0.706  ;   0.159 ; RR ; CELL   ; 1      ; IOIBUF_X148_Y16_N32 ;            ; CLK_50~input~io_48_lvds_tile_edge/ioclkin[0]                                                                           ;
;   0.706  ;   0.000 ; RR ; IC     ; 2      ; CLKCTRL_3A_G_I20    ;            ; CLK_50~inputCLKENA0|inclk                                                                                              ;
;   1.224  ;   0.518 ; RR ; CELL   ; 181454 ; CLKCTRL_3A_G_I20    ;            ; CLK_50~inputCLKENA0|outclk                                                                                             ;
;   4.541  ;   3.317 ; RR ; IC     ; 1      ; FF_X11_Y73_N59      ; High Speed ; System|rst_controller|r_sync_rst|clk                                                                                   ;
;   4.541  ;   0.000 ; RR ; CELL   ; 1      ; FF_X11_Y73_N59      ; High Speed ; System|rst_controller|r_sync_rst                                                                                       ;
; 11.939   ; 7.398   ;    ;        ;        ;                     ;            ; data path                                                                                                              ;
;   4.770  ;   0.229 ; FF ; uTco   ; 1      ; FF_X11_Y73_N59      ;            ; System|rst_controller|r_sync_rst|q                                                                                     ;
;   4.892  ;   0.122 ; FF ; CELL   ; 1971   ; FF_X11_Y73_N59      ; High Speed ; System|rst_controller|r_sync_rst~la_mlab/laboutb[19]                                                                   ;
;   11.939 ;   7.047 ; FF ; IC     ; 1      ; FF_X110_Y7_N50      ; High Speed ; System|jtag_uart_0|jtag_uart_0|NonDPR_jtag_uart_0_altera_avalon_jtag_uart_1924_v2zfocy_alt_jtag_atlantic|jupdate2|clrn ;
;   11.939 ;   0.000 ; FF ; CELL   ; 1      ; FF_X110_Y7_N50      ; High Speed ; System|jtag_uart_0|jtag_uart_0|NonDPR_jtag_uart_0_altera_avalon_jtag_uart_1924_v2zfocy_alt_jtag_atlantic|jupdate2      ;
+----------+---------+----+--------+--------+---------------------+------------+------------------------------------------------------------------------------------------------------------------------+

+------------------------------------------------------------------------------------------------------------------------------------------------------------------------------------------------------+
; Data Required Path                                                                                                                                                                                   ;
+----------+---------+----+--------+--------+---------------------+------------+-----------------------------------------------------------------------------------------------------------------------+
; Total    ; Incr    ; RF ; Type   ; Fanout ; Location            ; HS/LP      ; Element                                                                                                               ;
+----------+---------+----+--------+--------+---------------------+------------+-----------------------------------------------------------------------------------------------------------------------+
; 20.000   ; 20.000  ;    ;        ;        ;                     ;            ; latch edge time                                                                                                       ;
; 20.000   ; 0.000   ;    ; borrow ;        ;                     ;            ; time borrowed                                                                                                         ;
; 24.543   ; 4.543   ;    ;        ;        ;                     ;            ; clock path                                                                                                            ;
;   20.000 ;   0.000 ;    ;        ;        ;                     ;            ; source latency                                                                                                        ;
;   20.000 ;   0.000 ;    ;        ; 1      ; PIN_AM10            ;            ; CLK_50                                                                                                                ;
;   20.000 ;   0.000 ; RR ; IC     ; 1      ; IOIBUF_X148_Y16_N32 ;            ; CLK_50~input|i                                                                                                        ;
;   20.547 ;   0.547 ; RR ; CELL   ; 1      ; IOIBUF_X148_Y16_N32 ;            ; CLK_50~input|o                                                                                                        ;
;   20.676 ;   0.129 ; RR ; CELL   ; 1      ; IOIBUF_X148_Y16_N32 ;            ; CLK_50~input~io_48_lvds_tile_edge/ioclkin[0]                                                                          ;
;   20.676 ;   0.000 ; RR ; IC     ; 2      ; CLKCTRL_3A_G_I20    ;            ; CLK_50~inputCLKENA0|inclk                                                                                             ;
;   21.116 ;   0.440 ; RR ; CELL   ; 181454 ; CLKCTRL_3A_G_I20    ;            ; CLK_50~inputCLKENA0|outclk                                                                                            ;
;   24.291 ;   3.175 ; RR ; IC     ; 1      ; FF_X110_Y7_N50      ; High Speed ; System|jtag_uart_0|jtag_uart_0|NonDPR_jtag_uart_0_altera_avalon_jtag_uart_1924_v2zfocy_alt_jtag_atlantic|jupdate2|clk ;
;   24.291 ;   0.000 ; RR ; CELL   ; 1      ; FF_X110_Y7_N50      ; High Speed ; System|jtag_uart_0|jtag_uart_0|NonDPR_jtag_uart_0_altera_avalon_jtag_uart_1924_v2zfocy_alt_jtag_atlantic|jupdate2     ;
;   24.543 ;   0.252 ;    ;        ;        ;                     ;            ; clock pessimism removed                                                                                               ;
; 24.513   ; -0.030  ;    ;        ;        ;                     ;            ; clock uncertainty                                                                                                     ;
; 24.347   ; -0.166  ;    ; uTsu   ; 1      ; FF_X110_Y7_N50      ;            ; System|jtag_uart_0|jtag_uart_0|NonDPR_jtag_uart_0_altera_avalon_jtag_uart_1924_v2zfocy_alt_jtag_atlantic|jupdate2     ;
+----------+---------+----+--------+--------+---------------------+------------+-----------------------------------------------------------------------------------------------------------------------+



Path #4: Recovery slack is 12.408 
===============================================================================
+-----------------------------------------------------------------------------------------------------------------------------------------------------+
; Path Summary                                                                                                                                        ;
+---------------------------------+-------------------------------------------------------------------------------------------------------------------+
; Property                        ; Value                                                                                                             ;
+---------------------------------+-------------------------------------------------------------------------------------------------------------------+
; From Node                       ; System|rst_controller|r_sync_rst                                                                                  ;
; To Node                         ; System|jtag_uart_0|jtag_uart_0|NonDPR_jtag_uart_0_altera_avalon_jtag_uart_1924_v2zfocy_alt_jtag_atlantic|jupdate1 ;
; Launch Clock                    ; CLK_50                                                                                                            ;
; Latch Clock                     ; CLK_50                                                                                                            ;
; SDC Exception                   ; No SDC Exception on Path                                                                                          ;
; Data Arrival Time               ; 11.939                                                                                                            ;
; Data Required Time              ; 24.347                                                                                                            ;
; Slack                           ; 12.408                                                                                                            ;
; Worst-Case Operating Conditions ; Slow 900mV 100C Model                                                                                             ;
+---------------------------------+-------------------------------------------------------------------------------------------------------------------+

+------------------------------------------------------------------------------------+
; Statistics                                                                         ;
+------------------------+--------+-------+-------------+------------+-------+-------+
; Property               ; Value  ; Count ; Total Delay ; % of Total ; Min   ; Max   ;
+------------------------+--------+-------+-------------+------------+-------+-------+
; Recovery Relationship  ; 20.000 ;       ;             ;            ;       ;       ;
; Clock Skew             ; 0.002  ;       ;             ;            ;       ;       ;
; Data Delay             ; 7.398  ;       ;             ;            ;       ;       ;
; Number of Logic Levels ;        ; 0     ;             ;            ;       ;       ;
; Physical Delays        ;        ;       ;             ;            ;       ;       ;
;  Arrival Path          ;        ;       ;             ;            ;       ;       ;
;   Clock                ;        ;       ;             ;            ;       ;       ;
;    IC                  ;        ; 3     ; 3.317       ; 73         ; 0.000 ; 3.317 ;
;    Cell                ;        ; 4     ; 1.224       ; 27         ; 0.000 ; 0.547 ;
;   Data                 ;        ;       ;             ;            ;       ;       ;
;    IC                  ;        ; 1     ; 7.047       ; 95         ; 7.047 ; 7.047 ;
;    Cell                ;        ; 2     ; 0.122       ; 2          ; 0.000 ; 0.122 ;
;    uTco                ;        ; 1     ; 0.229       ; 3          ; 0.229 ; 0.229 ;
;  Required Path         ;        ;       ;             ;            ;       ;       ;
;   Clock                ;        ;       ;             ;            ;       ;       ;
;    IC                  ;        ; 3     ; 3.175       ; 74         ; 0.000 ; 3.175 ;
;    Cell                ;        ; 4     ; 1.116       ; 26         ; 0.000 ; 0.547 ;
+------------------------+--------+-------+-------------+------------+-------+-------+
Note: Negative delays are omitted from totals when calculating percentages

+-------------------------------------------------------------------------------------------------------------------------------------------------------------------------------------------------------+
; Data Arrival Path                                                                                                                                                                                     ;
+----------+---------+----+--------+--------+---------------------+------------+------------------------------------------------------------------------------------------------------------------------+
; Total    ; Incr    ; RF ; Type   ; Fanout ; Location            ; HS/LP      ; Element                                                                                                                ;
+----------+---------+----+--------+--------+---------------------+------------+------------------------------------------------------------------------------------------------------------------------+
; 0.000    ; 0.000   ;    ;        ;        ;                     ;            ; launch edge time                                                                                                       ;
; 0.000    ; 0.000   ;    ; borrow ;        ;                     ;            ; time borrowed                                                                                                          ;
; 4.541    ; 4.541   ;    ;        ;        ;                     ;            ; clock path                                                                                                             ;
;   0.000  ;   0.000 ;    ;        ;        ;                     ;            ; source latency                                                                                                         ;
;   0.000  ;   0.000 ;    ;        ; 1      ; PIN_AM10            ;            ; CLK_50                                                                                                                 ;
;   0.000  ;   0.000 ; RR ; IC     ; 1      ; IOIBUF_X148_Y16_N32 ;            ; CLK_50~input|i                                                                                                         ;
;   0.547  ;   0.547 ; RR ; CELL   ; 1      ; IOIBUF_X148_Y16_N32 ;            ; CLK_50~input|o                                                                                                         ;
;   0.706  ;   0.159 ; RR ; CELL   ; 1      ; IOIBUF_X148_Y16_N32 ;            ; CLK_50~input~io_48_lvds_tile_edge/ioclkin[0]                                                                           ;
;   0.706  ;   0.000 ; RR ; IC     ; 2      ; CLKCTRL_3A_G_I20    ;            ; CLK_50~inputCLKENA0|inclk                                                                                              ;
;   1.224  ;   0.518 ; RR ; CELL   ; 181454 ; CLKCTRL_3A_G_I20    ;            ; CLK_50~inputCLKENA0|outclk                                                                                             ;
;   4.541  ;   3.317 ; RR ; IC     ; 1      ; FF_X11_Y73_N59      ; High Speed ; System|rst_controller|r_sync_rst|clk                                                                                   ;
;   4.541  ;   0.000 ; RR ; CELL   ; 1      ; FF_X11_Y73_N59      ; High Speed ; System|rst_controller|r_sync_rst                                                                                       ;
; 11.939   ; 7.398   ;    ;        ;        ;                     ;            ; data path                                                                                                              ;
;   4.770  ;   0.229 ; FF ; uTco   ; 1      ; FF_X11_Y73_N59      ;            ; System|rst_controller|r_sync_rst|q                                                                                     ;
;   4.892  ;   0.122 ; FF ; CELL   ; 1971   ; FF_X11_Y73_N59      ; High Speed ; System|rst_controller|r_sync_rst~la_mlab/laboutb[19]                                                                   ;
;   11.939 ;   7.047 ; FF ; IC     ; 1      ; FF_X110_Y7_N38      ; High Speed ; System|jtag_uart_0|jtag_uart_0|NonDPR_jtag_uart_0_altera_avalon_jtag_uart_1924_v2zfocy_alt_jtag_atlantic|jupdate1|clrn ;
;   11.939 ;   0.000 ; FF ; CELL   ; 1      ; FF_X110_Y7_N38      ; High Speed ; System|jtag_uart_0|jtag_uart_0|NonDPR_jtag_uart_0_altera_avalon_jtag_uart_1924_v2zfocy_alt_jtag_atlantic|jupdate1      ;
+----------+---------+----+--------+--------+---------------------+------------+------------------------------------------------------------------------------------------------------------------------+

+------------------------------------------------------------------------------------------------------------------------------------------------------------------------------------------------------+
; Data Required Path                                                                                                                                                                                   ;
+----------+---------+----+--------+--------+---------------------+------------+-----------------------------------------------------------------------------------------------------------------------+
; Total    ; Incr    ; RF ; Type   ; Fanout ; Location            ; HS/LP      ; Element                                                                                                               ;
+----------+---------+----+--------+--------+---------------------+------------+-----------------------------------------------------------------------------------------------------------------------+
; 20.000   ; 20.000  ;    ;        ;        ;                     ;            ; latch edge time                                                                                                       ;
; 20.000   ; 0.000   ;    ; borrow ;        ;                     ;            ; time borrowed                                                                                                         ;
; 24.543   ; 4.543   ;    ;        ;        ;                     ;            ; clock path                                                                                                            ;
;   20.000 ;   0.000 ;    ;        ;        ;                     ;            ; source latency                                                                                                        ;
;   20.000 ;   0.000 ;    ;        ; 1      ; PIN_AM10            ;            ; CLK_50                                                                                                                ;
;   20.000 ;   0.000 ; RR ; IC     ; 1      ; IOIBUF_X148_Y16_N32 ;            ; CLK_50~input|i                                                                                                        ;
;   20.547 ;   0.547 ; RR ; CELL   ; 1      ; IOIBUF_X148_Y16_N32 ;            ; CLK_50~input|o                                                                                                        ;
;   20.676 ;   0.129 ; RR ; CELL   ; 1      ; IOIBUF_X148_Y16_N32 ;            ; CLK_50~input~io_48_lvds_tile_edge/ioclkin[0]                                                                          ;
;   20.676 ;   0.000 ; RR ; IC     ; 2      ; CLKCTRL_3A_G_I20    ;            ; CLK_50~inputCLKENA0|inclk                                                                                             ;
;   21.116 ;   0.440 ; RR ; CELL   ; 181454 ; CLKCTRL_3A_G_I20    ;            ; CLK_50~inputCLKENA0|outclk                                                                                            ;
;   24.291 ;   3.175 ; RR ; IC     ; 1      ; FF_X110_Y7_N38      ; High Speed ; System|jtag_uart_0|jtag_uart_0|NonDPR_jtag_uart_0_altera_avalon_jtag_uart_1924_v2zfocy_alt_jtag_atlantic|jupdate1|clk ;
;   24.291 ;   0.000 ; RR ; CELL   ; 1      ; FF_X110_Y7_N38      ; High Speed ; System|jtag_uart_0|jtag_uart_0|NonDPR_jtag_uart_0_altera_avalon_jtag_uart_1924_v2zfocy_alt_jtag_atlantic|jupdate1     ;
;   24.543 ;   0.252 ;    ;        ;        ;                     ;            ; clock pessimism removed                                                                                               ;
; 24.513   ; -0.030  ;    ;        ;        ;                     ;            ; clock uncertainty                                                                                                     ;
; 24.347   ; -0.166  ;    ; uTsu   ; 1      ; FF_X110_Y7_N38      ;            ; System|jtag_uart_0|jtag_uart_0|NonDPR_jtag_uart_0_altera_avalon_jtag_uart_1924_v2zfocy_alt_jtag_atlantic|jupdate1     ;
+----------+---------+----+--------+--------+---------------------+------------+-----------------------------------------------------------------------------------------------------------------------+



Path #5: Recovery slack is 12.411 
===============================================================================
+--------------------------------------------------------------------------------------------------------------------------------------------------+
; Path Summary                                                                                                                                     ;
+---------------------------------+----------------------------------------------------------------------------------------------------------------+
; Property                        ; Value                                                                                                          ;
+---------------------------------+----------------------------------------------------------------------------------------------------------------+
; From Node                       ; System|rst_controller|r_sync_rst                                                                               ;
; To Node                         ; System|jtag_uart_0|jtag_uart_0|NonDPR_jtag_uart_0_altera_avalon_jtag_uart_1924_v2zfocy_alt_jtag_atlantic|read1 ;
; Launch Clock                    ; CLK_50                                                                                                         ;
; Latch Clock                     ; CLK_50                                                                                                         ;
; SDC Exception                   ; No SDC Exception on Path                                                                                       ;
; Data Arrival Time               ; 11.939                                                                                                         ;
; Data Required Time              ; 24.350                                                                                                         ;
; Slack                           ; 12.411                                                                                                         ;
; Worst-Case Operating Conditions ; Slow 900mV 100C Model                                                                                          ;
+---------------------------------+----------------------------------------------------------------------------------------------------------------+

+------------------------------------------------------------------------------------+
; Statistics                                                                         ;
+------------------------+--------+-------+-------------+------------+-------+-------+
; Property               ; Value  ; Count ; Total Delay ; % of Total ; Min   ; Max   ;
+------------------------+--------+-------+-------------+------------+-------+-------+
; Recovery Relationship  ; 20.000 ;       ;             ;            ;       ;       ;
; Clock Skew             ; 0.002  ;       ;             ;            ;       ;       ;
; Data Delay             ; 7.398  ;       ;             ;            ;       ;       ;
; Number of Logic Levels ;        ; 0     ;             ;            ;       ;       ;
; Physical Delays        ;        ;       ;             ;            ;       ;       ;
;  Arrival Path          ;        ;       ;             ;            ;       ;       ;
;   Clock                ;        ;       ;             ;            ;       ;       ;
;    IC                  ;        ; 3     ; 3.317       ; 73         ; 0.000 ; 3.317 ;
;    Cell                ;        ; 4     ; 1.224       ; 27         ; 0.000 ; 0.547 ;
;   Data                 ;        ;       ;             ;            ;       ;       ;
;    IC                  ;        ; 1     ; 7.047       ; 95         ; 7.047 ; 7.047 ;
;    Cell                ;        ; 2     ; 0.122       ; 2          ; 0.000 ; 0.122 ;
;    uTco                ;        ; 1     ; 0.229       ; 3          ; 0.229 ; 0.229 ;
;  Required Path         ;        ;       ;             ;            ;       ;       ;
;   Clock                ;        ;       ;             ;            ;       ;       ;
;    IC                  ;        ; 3     ; 3.175       ; 74         ; 0.000 ; 3.175 ;
;    Cell                ;        ; 4     ; 1.116       ; 26         ; 0.000 ; 0.547 ;
+------------------------+--------+-------+-------------+------------+-------+-------+
Note: Negative delays are omitted from totals when calculating percentages

+----------------------------------------------------------------------------------------------------------------------------------------------------------------------------------------------------+
; Data Arrival Path                                                                                                                                                                                  ;
+----------+---------+----+--------+--------+---------------------+------------+---------------------------------------------------------------------------------------------------------------------+
; Total    ; Incr    ; RF ; Type   ; Fanout ; Location            ; HS/LP      ; Element                                                                                                             ;
+----------+---------+----+--------+--------+---------------------+------------+---------------------------------------------------------------------------------------------------------------------+
; 0.000    ; 0.000   ;    ;        ;        ;                     ;            ; launch edge time                                                                                                    ;
; 0.000    ; 0.000   ;    ; borrow ;        ;                     ;            ; time borrowed                                                                                                       ;
; 4.541    ; 4.541   ;    ;        ;        ;                     ;            ; clock path                                                                                                          ;
;   0.000  ;   0.000 ;    ;        ;        ;                     ;            ; source latency                                                                                                      ;
;   0.000  ;   0.000 ;    ;        ; 1      ; PIN_AM10            ;            ; CLK_50                                                                                                              ;
;   0.000  ;   0.000 ; RR ; IC     ; 1      ; IOIBUF_X148_Y16_N32 ;            ; CLK_50~input|i                                                                                                      ;
;   0.547  ;   0.547 ; RR ; CELL   ; 1      ; IOIBUF_X148_Y16_N32 ;            ; CLK_50~input|o                                                                                                      ;
;   0.706  ;   0.159 ; RR ; CELL   ; 1      ; IOIBUF_X148_Y16_N32 ;            ; CLK_50~input~io_48_lvds_tile_edge/ioclkin[0]                                                                        ;
;   0.706  ;   0.000 ; RR ; IC     ; 2      ; CLKCTRL_3A_G_I20    ;            ; CLK_50~inputCLKENA0|inclk                                                                                           ;
;   1.224  ;   0.518 ; RR ; CELL   ; 181454 ; CLKCTRL_3A_G_I20    ;            ; CLK_50~inputCLKENA0|outclk                                                                                          ;
;   4.541  ;   3.317 ; RR ; IC     ; 1      ; FF_X11_Y73_N59      ; High Speed ; System|rst_controller|r_sync_rst|clk                                                                                ;
;   4.541  ;   0.000 ; RR ; CELL   ; 1      ; FF_X11_Y73_N59      ; High Speed ; System|rst_controller|r_sync_rst                                                                                    ;
; 11.939   ; 7.398   ;    ;        ;        ;                     ;            ; data path                                                                                                           ;
;   4.770  ;   0.229 ; FF ; uTco   ; 1      ; FF_X11_Y73_N59      ;            ; System|rst_controller|r_sync_rst|q                                                                                  ;
;   4.892  ;   0.122 ; FF ; CELL   ; 1971   ; FF_X11_Y73_N59      ; High Speed ; System|rst_controller|r_sync_rst~la_mlab/laboutb[19]                                                                ;
;   11.939 ;   7.047 ; FF ; IC     ; 1      ; FF_X110_Y7_N11      ; High Speed ; System|jtag_uart_0|jtag_uart_0|NonDPR_jtag_uart_0_altera_avalon_jtag_uart_1924_v2zfocy_alt_jtag_atlantic|read1|clrn ;
;   11.939 ;   0.000 ; FF ; CELL   ; 1      ; FF_X110_Y7_N11      ; High Speed ; System|jtag_uart_0|jtag_uart_0|NonDPR_jtag_uart_0_altera_avalon_jtag_uart_1924_v2zfocy_alt_jtag_atlantic|read1      ;
+----------+---------+----+--------+--------+---------------------+------------+---------------------------------------------------------------------------------------------------------------------+

+---------------------------------------------------------------------------------------------------------------------------------------------------------------------------------------------------+
; Data Required Path                                                                                                                                                                                ;
+----------+---------+----+--------+--------+---------------------+------------+--------------------------------------------------------------------------------------------------------------------+
; Total    ; Incr    ; RF ; Type   ; Fanout ; Location            ; HS/LP      ; Element                                                                                                            ;
+----------+---------+----+--------+--------+---------------------+------------+--------------------------------------------------------------------------------------------------------------------+
; 20.000   ; 20.000  ;    ;        ;        ;                     ;            ; latch edge time                                                                                                    ;
; 20.000   ; 0.000   ;    ; borrow ;        ;                     ;            ; time borrowed                                                                                                      ;
; 24.543   ; 4.543   ;    ;        ;        ;                     ;            ; clock path                                                                                                         ;
;   20.000 ;   0.000 ;    ;        ;        ;                     ;            ; source latency                                                                                                     ;
;   20.000 ;   0.000 ;    ;        ; 1      ; PIN_AM10            ;            ; CLK_50                                                                                                             ;
;   20.000 ;   0.000 ; RR ; IC     ; 1      ; IOIBUF_X148_Y16_N32 ;            ; CLK_50~input|i                                                                                                     ;
;   20.547 ;   0.547 ; RR ; CELL   ; 1      ; IOIBUF_X148_Y16_N32 ;            ; CLK_50~input|o                                                                                                     ;
;   20.676 ;   0.129 ; RR ; CELL   ; 1      ; IOIBUF_X148_Y16_N32 ;            ; CLK_50~input~io_48_lvds_tile_edge/ioclkin[0]                                                                       ;
;   20.676 ;   0.000 ; RR ; IC     ; 2      ; CLKCTRL_3A_G_I20    ;            ; CLK_50~inputCLKENA0|inclk                                                                                          ;
;   21.116 ;   0.440 ; RR ; CELL   ; 181454 ; CLKCTRL_3A_G_I20    ;            ; CLK_50~inputCLKENA0|outclk                                                                                         ;
;   24.291 ;   3.175 ; RR ; IC     ; 1      ; FF_X110_Y7_N11      ; High Speed ; System|jtag_uart_0|jtag_uart_0|NonDPR_jtag_uart_0_altera_avalon_jtag_uart_1924_v2zfocy_alt_jtag_atlantic|read1|clk ;
;   24.291 ;   0.000 ; RR ; CELL   ; 1      ; FF_X110_Y7_N11      ; High Speed ; System|jtag_uart_0|jtag_uart_0|NonDPR_jtag_uart_0_altera_avalon_jtag_uart_1924_v2zfocy_alt_jtag_atlantic|read1     ;
;   24.543 ;   0.252 ;    ;        ;        ;                     ;            ; clock pessimism removed                                                                                            ;
; 24.513   ; -0.030  ;    ;        ;        ;                     ;            ; clock uncertainty                                                                                                  ;
; 24.350   ; -0.163  ;    ; uTsu   ; 1      ; FF_X110_Y7_N11      ;            ; System|jtag_uart_0|jtag_uart_0|NonDPR_jtag_uart_0_altera_avalon_jtag_uart_1924_v2zfocy_alt_jtag_atlantic|read1     ;
+----------+---------+----+--------+--------+---------------------+------------+--------------------------------------------------------------------------------------------------------------------+



Path #6: Recovery slack is 12.413 
===============================================================================
+-------------------------------------------------------------------------------------------------------------------------------------------------+
; Path Summary                                                                                                                                    ;
+---------------------------------+---------------------------------------------------------------------------------------------------------------+
; Property                        ; Value                                                                                                         ;
+---------------------------------+---------------------------------------------------------------------------------------------------------------+
; From Node                       ; System|rst_controller|r_sync_rst                                                                              ;
; To Node                         ; System|jtag_uart_0|jtag_uart_0|NonDPR_jtag_uart_0_altera_avalon_jtag_uart_1924_v2zfocy_alt_jtag_atlantic|rst2 ;
; Launch Clock                    ; CLK_50                                                                                                        ;
; Latch Clock                     ; CLK_50                                                                                                        ;
; SDC Exception                   ; No SDC Exception on Path                                                                                      ;
; Data Arrival Time               ; 11.939                                                                                                        ;
; Data Required Time              ; 24.352                                                                                                        ;
; Slack                           ; 12.413                                                                                                        ;
; Worst-Case Operating Conditions ; Slow 900mV 100C Model                                                                                         ;
+---------------------------------+---------------------------------------------------------------------------------------------------------------+

+------------------------------------------------------------------------------------+
; Statistics                                                                         ;
+------------------------+--------+-------+-------------+------------+-------+-------+
; Property               ; Value  ; Count ; Total Delay ; % of Total ; Min   ; Max   ;
+------------------------+--------+-------+-------------+------------+-------+-------+
; Recovery Relationship  ; 20.000 ;       ;             ;            ;       ;       ;
; Clock Skew             ; 0.002  ;       ;             ;            ;       ;       ;
; Data Delay             ; 7.398  ;       ;             ;            ;       ;       ;
; Number of Logic Levels ;        ; 0     ;             ;            ;       ;       ;
; Physical Delays        ;        ;       ;             ;            ;       ;       ;
;  Arrival Path          ;        ;       ;             ;            ;       ;       ;
;   Clock                ;        ;       ;             ;            ;       ;       ;
;    IC                  ;        ; 3     ; 3.317       ; 73         ; 0.000 ; 3.317 ;
;    Cell                ;        ; 4     ; 1.224       ; 27         ; 0.000 ; 0.547 ;
;   Data                 ;        ;       ;             ;            ;       ;       ;
;    IC                  ;        ; 1     ; 7.047       ; 95         ; 7.047 ; 7.047 ;
;    Cell                ;        ; 2     ; 0.122       ; 2          ; 0.000 ; 0.122 ;
;    uTco                ;        ; 1     ; 0.229       ; 3          ; 0.229 ; 0.229 ;
;  Required Path         ;        ;       ;             ;            ;       ;       ;
;   Clock                ;        ;       ;             ;            ;       ;       ;
;    IC                  ;        ; 3     ; 3.175       ; 74         ; 0.000 ; 3.175 ;
;    Cell                ;        ; 4     ; 1.116       ; 26         ; 0.000 ; 0.547 ;
+------------------------+--------+-------+-------------+------------+-------+-------+
Note: Negative delays are omitted from totals when calculating percentages

+---------------------------------------------------------------------------------------------------------------------------------------------------------------------------------------------------+
; Data Arrival Path                                                                                                                                                                                 ;
+----------+---------+----+--------+--------+---------------------+------------+--------------------------------------------------------------------------------------------------------------------+
; Total    ; Incr    ; RF ; Type   ; Fanout ; Location            ; HS/LP      ; Element                                                                                                            ;
+----------+---------+----+--------+--------+---------------------+------------+--------------------------------------------------------------------------------------------------------------------+
; 0.000    ; 0.000   ;    ;        ;        ;                     ;            ; launch edge time                                                                                                   ;
; 0.000    ; 0.000   ;    ; borrow ;        ;                     ;            ; time borrowed                                                                                                      ;
; 4.541    ; 4.541   ;    ;        ;        ;                     ;            ; clock path                                                                                                         ;
;   0.000  ;   0.000 ;    ;        ;        ;                     ;            ; source latency                                                                                                     ;
;   0.000  ;   0.000 ;    ;        ; 1      ; PIN_AM10            ;            ; CLK_50                                                                                                             ;
;   0.000  ;   0.000 ; RR ; IC     ; 1      ; IOIBUF_X148_Y16_N32 ;            ; CLK_50~input|i                                                                                                     ;
;   0.547  ;   0.547 ; RR ; CELL   ; 1      ; IOIBUF_X148_Y16_N32 ;            ; CLK_50~input|o                                                                                                     ;
;   0.706  ;   0.159 ; RR ; CELL   ; 1      ; IOIBUF_X148_Y16_N32 ;            ; CLK_50~input~io_48_lvds_tile_edge/ioclkin[0]                                                                       ;
;   0.706  ;   0.000 ; RR ; IC     ; 2      ; CLKCTRL_3A_G_I20    ;            ; CLK_50~inputCLKENA0|inclk                                                                                          ;
;   1.224  ;   0.518 ; RR ; CELL   ; 181454 ; CLKCTRL_3A_G_I20    ;            ; CLK_50~inputCLKENA0|outclk                                                                                         ;
;   4.541  ;   3.317 ; RR ; IC     ; 1      ; FF_X11_Y73_N59      ; High Speed ; System|rst_controller|r_sync_rst|clk                                                                               ;
;   4.541  ;   0.000 ; RR ; CELL   ; 1      ; FF_X11_Y73_N59      ; High Speed ; System|rst_controller|r_sync_rst                                                                                   ;
; 11.939   ; 7.398   ;    ;        ;        ;                     ;            ; data path                                                                                                          ;
;   4.770  ;   0.229 ; FF ; uTco   ; 1      ; FF_X11_Y73_N59      ;            ; System|rst_controller|r_sync_rst|q                                                                                 ;
;   4.892  ;   0.122 ; FF ; CELL   ; 1971   ; FF_X11_Y73_N59      ; High Speed ; System|rst_controller|r_sync_rst~la_mlab/laboutb[19]                                                               ;
;   11.939 ;   7.047 ; FF ; IC     ; 1      ; FF_X110_Y7_N35      ; High Speed ; System|jtag_uart_0|jtag_uart_0|NonDPR_jtag_uart_0_altera_avalon_jtag_uart_1924_v2zfocy_alt_jtag_atlantic|rst2|clrn ;
;   11.939 ;   0.000 ; FF ; CELL   ; 1      ; FF_X110_Y7_N35      ; High Speed ; System|jtag_uart_0|jtag_uart_0|NonDPR_jtag_uart_0_altera_avalon_jtag_uart_1924_v2zfocy_alt_jtag_atlantic|rst2      ;
+----------+---------+----+--------+--------+---------------------+------------+--------------------------------------------------------------------------------------------------------------------+

+--------------------------------------------------------------------------------------------------------------------------------------------------------------------------------------------------+
; Data Required Path                                                                                                                                                                               ;
+----------+---------+----+--------+--------+---------------------+------------+-------------------------------------------------------------------------------------------------------------------+
; Total    ; Incr    ; RF ; Type   ; Fanout ; Location            ; HS/LP      ; Element                                                                                                           ;
+----------+---------+----+--------+--------+---------------------+------------+-------------------------------------------------------------------------------------------------------------------+
; 20.000   ; 20.000  ;    ;        ;        ;                     ;            ; latch edge time                                                                                                   ;
; 20.000   ; 0.000   ;    ; borrow ;        ;                     ;            ; time borrowed                                                                                                     ;
; 24.543   ; 4.543   ;    ;        ;        ;                     ;            ; clock path                                                                                                        ;
;   20.000 ;   0.000 ;    ;        ;        ;                     ;            ; source latency                                                                                                    ;
;   20.000 ;   0.000 ;    ;        ; 1      ; PIN_AM10            ;            ; CLK_50                                                                                                            ;
;   20.000 ;   0.000 ; RR ; IC     ; 1      ; IOIBUF_X148_Y16_N32 ;            ; CLK_50~input|i                                                                                                    ;
;   20.547 ;   0.547 ; RR ; CELL   ; 1      ; IOIBUF_X148_Y16_N32 ;            ; CLK_50~input|o                                                                                                    ;
;   20.676 ;   0.129 ; RR ; CELL   ; 1      ; IOIBUF_X148_Y16_N32 ;            ; CLK_50~input~io_48_lvds_tile_edge/ioclkin[0]                                                                      ;
;   20.676 ;   0.000 ; RR ; IC     ; 2      ; CLKCTRL_3A_G_I20    ;            ; CLK_50~inputCLKENA0|inclk                                                                                         ;
;   21.116 ;   0.440 ; RR ; CELL   ; 181454 ; CLKCTRL_3A_G_I20    ;            ; CLK_50~inputCLKENA0|outclk                                                                                        ;
;   24.291 ;   3.175 ; RR ; IC     ; 1      ; FF_X110_Y7_N35      ; High Speed ; System|jtag_uart_0|jtag_uart_0|NonDPR_jtag_uart_0_altera_avalon_jtag_uart_1924_v2zfocy_alt_jtag_atlantic|rst2|clk ;
;   24.291 ;   0.000 ; RR ; CELL   ; 1      ; FF_X110_Y7_N35      ; High Speed ; System|jtag_uart_0|jtag_uart_0|NonDPR_jtag_uart_0_altera_avalon_jtag_uart_1924_v2zfocy_alt_jtag_atlantic|rst2     ;
;   24.543 ;   0.252 ;    ;        ;        ;                     ;            ; clock pessimism removed                                                                                           ;
; 24.513   ; -0.030  ;    ;        ;        ;                     ;            ; clock uncertainty                                                                                                 ;
; 24.352   ; -0.161  ;    ; uTsu   ; 1      ; FF_X110_Y7_N35      ;            ; System|jtag_uart_0|jtag_uart_0|NonDPR_jtag_uart_0_altera_avalon_jtag_uart_1924_v2zfocy_alt_jtag_atlantic|rst2     ;
+----------+---------+----+--------+--------+---------------------+------------+-------------------------------------------------------------------------------------------------------------------+



Path #7: Recovery slack is 12.415 
===============================================================================
+--------------------------------------------------------------------------------------------------------------------------------------------------+
; Path Summary                                                                                                                                     ;
+---------------------------------+----------------------------------------------------------------------------------------------------------------+
; Property                        ; Value                                                                                                          ;
+---------------------------------+----------------------------------------------------------------------------------------------------------------+
; From Node                       ; System|rst_controller|r_sync_rst                                                                               ;
; To Node                         ; System|jtag_uart_0|jtag_uart_0|NonDPR_jtag_uart_0_altera_avalon_jtag_uart_1924_v2zfocy_alt_jtag_atlantic|read2 ;
; Launch Clock                    ; CLK_50                                                                                                         ;
; Latch Clock                     ; CLK_50                                                                                                         ;
; SDC Exception                   ; No SDC Exception on Path                                                                                       ;
; Data Arrival Time               ; 11.939                                                                                                         ;
; Data Required Time              ; 24.354                                                                                                         ;
; Slack                           ; 12.415                                                                                                         ;
; Worst-Case Operating Conditions ; Slow 900mV 100C Model                                                                                          ;
+---------------------------------+----------------------------------------------------------------------------------------------------------------+

+------------------------------------------------------------------------------------+
; Statistics                                                                         ;
+------------------------+--------+-------+-------------+------------+-------+-------+
; Property               ; Value  ; Count ; Total Delay ; % of Total ; Min   ; Max   ;
+------------------------+--------+-------+-------------+------------+-------+-------+
; Recovery Relationship  ; 20.000 ;       ;             ;            ;       ;       ;
; Clock Skew             ; 0.002  ;       ;             ;            ;       ;       ;
; Data Delay             ; 7.398  ;       ;             ;            ;       ;       ;
; Number of Logic Levels ;        ; 0     ;             ;            ;       ;       ;
; Physical Delays        ;        ;       ;             ;            ;       ;       ;
;  Arrival Path          ;        ;       ;             ;            ;       ;       ;
;   Clock                ;        ;       ;             ;            ;       ;       ;
;    IC                  ;        ; 3     ; 3.317       ; 73         ; 0.000 ; 3.317 ;
;    Cell                ;        ; 4     ; 1.224       ; 27         ; 0.000 ; 0.547 ;
;   Data                 ;        ;       ;             ;            ;       ;       ;
;    IC                  ;        ; 1     ; 7.047       ; 95         ; 7.047 ; 7.047 ;
;    Cell                ;        ; 2     ; 0.122       ; 2          ; 0.000 ; 0.122 ;
;    uTco                ;        ; 1     ; 0.229       ; 3          ; 0.229 ; 0.229 ;
;  Required Path         ;        ;       ;             ;            ;       ;       ;
;   Clock                ;        ;       ;             ;            ;       ;       ;
;    IC                  ;        ; 3     ; 3.175       ; 74         ; 0.000 ; 3.175 ;
;    Cell                ;        ; 4     ; 1.116       ; 26         ; 0.000 ; 0.547 ;
+------------------------+--------+-------+-------------+------------+-------+-------+
Note: Negative delays are omitted from totals when calculating percentages

+----------------------------------------------------------------------------------------------------------------------------------------------------------------------------------------------------+
; Data Arrival Path                                                                                                                                                                                  ;
+----------+---------+----+--------+--------+---------------------+------------+---------------------------------------------------------------------------------------------------------------------+
; Total    ; Incr    ; RF ; Type   ; Fanout ; Location            ; HS/LP      ; Element                                                                                                             ;
+----------+---------+----+--------+--------+---------------------+------------+---------------------------------------------------------------------------------------------------------------------+
; 0.000    ; 0.000   ;    ;        ;        ;                     ;            ; launch edge time                                                                                                    ;
; 0.000    ; 0.000   ;    ; borrow ;        ;                     ;            ; time borrowed                                                                                                       ;
; 4.541    ; 4.541   ;    ;        ;        ;                     ;            ; clock path                                                                                                          ;
;   0.000  ;   0.000 ;    ;        ;        ;                     ;            ; source latency                                                                                                      ;
;   0.000  ;   0.000 ;    ;        ; 1      ; PIN_AM10            ;            ; CLK_50                                                                                                              ;
;   0.000  ;   0.000 ; RR ; IC     ; 1      ; IOIBUF_X148_Y16_N32 ;            ; CLK_50~input|i                                                                                                      ;
;   0.547  ;   0.547 ; RR ; CELL   ; 1      ; IOIBUF_X148_Y16_N32 ;            ; CLK_50~input|o                                                                                                      ;
;   0.706  ;   0.159 ; RR ; CELL   ; 1      ; IOIBUF_X148_Y16_N32 ;            ; CLK_50~input~io_48_lvds_tile_edge/ioclkin[0]                                                                        ;
;   0.706  ;   0.000 ; RR ; IC     ; 2      ; CLKCTRL_3A_G_I20    ;            ; CLK_50~inputCLKENA0|inclk                                                                                           ;
;   1.224  ;   0.518 ; RR ; CELL   ; 181454 ; CLKCTRL_3A_G_I20    ;            ; CLK_50~inputCLKENA0|outclk                                                                                          ;
;   4.541  ;   3.317 ; RR ; IC     ; 1      ; FF_X11_Y73_N59      ; High Speed ; System|rst_controller|r_sync_rst|clk                                                                                ;
;   4.541  ;   0.000 ; RR ; CELL   ; 1      ; FF_X11_Y73_N59      ; High Speed ; System|rst_controller|r_sync_rst                                                                                    ;
; 11.939   ; 7.398   ;    ;        ;        ;                     ;            ; data path                                                                                                           ;
;   4.770  ;   0.229 ; FF ; uTco   ; 1      ; FF_X11_Y73_N59      ;            ; System|rst_controller|r_sync_rst|q                                                                                  ;
;   4.892  ;   0.122 ; FF ; CELL   ; 1971   ; FF_X11_Y73_N59      ; High Speed ; System|rst_controller|r_sync_rst~la_mlab/laboutb[19]                                                                ;
;   11.939 ;   7.047 ; FF ; IC     ; 1      ; FF_X110_Y7_N47      ; High Speed ; System|jtag_uart_0|jtag_uart_0|NonDPR_jtag_uart_0_altera_avalon_jtag_uart_1924_v2zfocy_alt_jtag_atlantic|read2|clrn ;
;   11.939 ;   0.000 ; FF ; CELL   ; 1      ; FF_X110_Y7_N47      ; High Speed ; System|jtag_uart_0|jtag_uart_0|NonDPR_jtag_uart_0_altera_avalon_jtag_uart_1924_v2zfocy_alt_jtag_atlantic|read2      ;
+----------+---------+----+--------+--------+---------------------+------------+---------------------------------------------------------------------------------------------------------------------+

+---------------------------------------------------------------------------------------------------------------------------------------------------------------------------------------------------+
; Data Required Path                                                                                                                                                                                ;
+----------+---------+----+--------+--------+---------------------+------------+--------------------------------------------------------------------------------------------------------------------+
; Total    ; Incr    ; RF ; Type   ; Fanout ; Location            ; HS/LP      ; Element                                                                                                            ;
+----------+---------+----+--------+--------+---------------------+------------+--------------------------------------------------------------------------------------------------------------------+
; 20.000   ; 20.000  ;    ;        ;        ;                     ;            ; latch edge time                                                                                                    ;
; 20.000   ; 0.000   ;    ; borrow ;        ;                     ;            ; time borrowed                                                                                                      ;
; 24.543   ; 4.543   ;    ;        ;        ;                     ;            ; clock path                                                                                                         ;
;   20.000 ;   0.000 ;    ;        ;        ;                     ;            ; source latency                                                                                                     ;
;   20.000 ;   0.000 ;    ;        ; 1      ; PIN_AM10            ;            ; CLK_50                                                                                                             ;
;   20.000 ;   0.000 ; RR ; IC     ; 1      ; IOIBUF_X148_Y16_N32 ;            ; CLK_50~input|i                                                                                                     ;
;   20.547 ;   0.547 ; RR ; CELL   ; 1      ; IOIBUF_X148_Y16_N32 ;            ; CLK_50~input|o                                                                                                     ;
;   20.676 ;   0.129 ; RR ; CELL   ; 1      ; IOIBUF_X148_Y16_N32 ;            ; CLK_50~input~io_48_lvds_tile_edge/ioclkin[0]                                                                       ;
;   20.676 ;   0.000 ; RR ; IC     ; 2      ; CLKCTRL_3A_G_I20    ;            ; CLK_50~inputCLKENA0|inclk                                                                                          ;
;   21.116 ;   0.440 ; RR ; CELL   ; 181454 ; CLKCTRL_3A_G_I20    ;            ; CLK_50~inputCLKENA0|outclk                                                                                         ;
;   24.291 ;   3.175 ; RR ; IC     ; 1      ; FF_X110_Y7_N47      ; High Speed ; System|jtag_uart_0|jtag_uart_0|NonDPR_jtag_uart_0_altera_avalon_jtag_uart_1924_v2zfocy_alt_jtag_atlantic|read2|clk ;
;   24.291 ;   0.000 ; RR ; CELL   ; 1      ; FF_X110_Y7_N47      ; High Speed ; System|jtag_uart_0|jtag_uart_0|NonDPR_jtag_uart_0_altera_avalon_jtag_uart_1924_v2zfocy_alt_jtag_atlantic|read2     ;
;   24.543 ;   0.252 ;    ;        ;        ;                     ;            ; clock pessimism removed                                                                                            ;
; 24.513   ; -0.030  ;    ;        ;        ;                     ;            ; clock uncertainty                                                                                                  ;
; 24.354   ; -0.159  ;    ; uTsu   ; 1      ; FF_X110_Y7_N47      ;            ; System|jtag_uart_0|jtag_uart_0|NonDPR_jtag_uart_0_altera_avalon_jtag_uart_1924_v2zfocy_alt_jtag_atlantic|read2     ;
+----------+---------+----+--------+--------+---------------------+------------+--------------------------------------------------------------------------------------------------------------------+



Path #8: Recovery slack is 12.435 
===============================================================================
+-------------------------------------------------------------------------------------------------------------------------------------------------+
; Path Summary                                                                                                                                    ;
+---------------------------------+---------------------------------------------------------------------------------------------------------------+
; Property                        ; Value                                                                                                         ;
+---------------------------------+---------------------------------------------------------------------------------------------------------------+
; From Node                       ; System|rst_controller|r_sync_rst                                                                              ;
; To Node                         ; System|jtag_uart_0|jtag_uart_0|NonDPR_jtag_uart_0_altera_avalon_jtag_uart_1924_v2zfocy_alt_jtag_atlantic|rst1 ;
; Launch Clock                    ; CLK_50                                                                                                        ;
; Latch Clock                     ; CLK_50                                                                                                        ;
; SDC Exception                   ; No SDC Exception on Path                                                                                      ;
; Data Arrival Time               ; 11.939                                                                                                        ;
; Data Required Time              ; 24.374                                                                                                        ;
; Slack                           ; 12.435                                                                                                        ;
; Worst-Case Operating Conditions ; Slow 900mV 100C Model                                                                                         ;
+---------------------------------+---------------------------------------------------------------------------------------------------------------+

+------------------------------------------------------------------------------------+
; Statistics                                                                         ;
+------------------------+--------+-------+-------------+------------+-------+-------+
; Property               ; Value  ; Count ; Total Delay ; % of Total ; Min   ; Max   ;
+------------------------+--------+-------+-------------+------------+-------+-------+
; Recovery Relationship  ; 20.000 ;       ;             ;            ;       ;       ;
; Clock Skew             ; 0.002  ;       ;             ;            ;       ;       ;
; Data Delay             ; 7.398  ;       ;             ;            ;       ;       ;
; Number of Logic Levels ;        ; 0     ;             ;            ;       ;       ;
; Physical Delays        ;        ;       ;             ;            ;       ;       ;
;  Arrival Path          ;        ;       ;             ;            ;       ;       ;
;   Clock                ;        ;       ;             ;            ;       ;       ;
;    IC                  ;        ; 3     ; 3.317       ; 73         ; 0.000 ; 3.317 ;
;    Cell                ;        ; 4     ; 1.224       ; 27         ; 0.000 ; 0.547 ;
;   Data                 ;        ;       ;             ;            ;       ;       ;
;    IC                  ;        ; 1     ; 7.047       ; 95         ; 7.047 ; 7.047 ;
;    Cell                ;        ; 2     ; 0.122       ; 2          ; 0.000 ; 0.122 ;
;    uTco                ;        ; 1     ; 0.229       ; 3          ; 0.229 ; 0.229 ;
;  Required Path         ;        ;       ;             ;            ;       ;       ;
;   Clock                ;        ;       ;             ;            ;       ;       ;
;    IC                  ;        ; 3     ; 3.175       ; 74         ; 0.000 ; 3.175 ;
;    Cell                ;        ; 4     ; 1.116       ; 26         ; 0.000 ; 0.547 ;
+------------------------+--------+-------+-------------+------------+-------+-------+
Note: Negative delays are omitted from totals when calculating percentages

+---------------------------------------------------------------------------------------------------------------------------------------------------------------------------------------------------+
; Data Arrival Path                                                                                                                                                                                 ;
+----------+---------+----+--------+--------+---------------------+------------+--------------------------------------------------------------------------------------------------------------------+
; Total    ; Incr    ; RF ; Type   ; Fanout ; Location            ; HS/LP      ; Element                                                                                                            ;
+----------+---------+----+--------+--------+---------------------+------------+--------------------------------------------------------------------------------------------------------------------+
; 0.000    ; 0.000   ;    ;        ;        ;                     ;            ; launch edge time                                                                                                   ;
; 0.000    ; 0.000   ;    ; borrow ;        ;                     ;            ; time borrowed                                                                                                      ;
; 4.541    ; 4.541   ;    ;        ;        ;                     ;            ; clock path                                                                                                         ;
;   0.000  ;   0.000 ;    ;        ;        ;                     ;            ; source latency                                                                                                     ;
;   0.000  ;   0.000 ;    ;        ; 1      ; PIN_AM10            ;            ; CLK_50                                                                                                             ;
;   0.000  ;   0.000 ; RR ; IC     ; 1      ; IOIBUF_X148_Y16_N32 ;            ; CLK_50~input|i                                                                                                     ;
;   0.547  ;   0.547 ; RR ; CELL   ; 1      ; IOIBUF_X148_Y16_N32 ;            ; CLK_50~input|o                                                                                                     ;
;   0.706  ;   0.159 ; RR ; CELL   ; 1      ; IOIBUF_X148_Y16_N32 ;            ; CLK_50~input~io_48_lvds_tile_edge/ioclkin[0]                                                                       ;
;   0.706  ;   0.000 ; RR ; IC     ; 2      ; CLKCTRL_3A_G_I20    ;            ; CLK_50~inputCLKENA0|inclk                                                                                          ;
;   1.224  ;   0.518 ; RR ; CELL   ; 181454 ; CLKCTRL_3A_G_I20    ;            ; CLK_50~inputCLKENA0|outclk                                                                                         ;
;   4.541  ;   3.317 ; RR ; IC     ; 1      ; FF_X11_Y73_N59      ; High Speed ; System|rst_controller|r_sync_rst|clk                                                                               ;
;   4.541  ;   0.000 ; RR ; CELL   ; 1      ; FF_X11_Y73_N59      ; High Speed ; System|rst_controller|r_sync_rst                                                                                   ;
; 11.939   ; 7.398   ;    ;        ;        ;                     ;            ; data path                                                                                                          ;
;   4.770  ;   0.229 ; FF ; uTco   ; 1      ; FF_X11_Y73_N59      ;            ; System|rst_controller|r_sync_rst|q                                                                                 ;
;   4.892  ;   0.122 ; FF ; CELL   ; 1971   ; FF_X11_Y73_N59      ; High Speed ; System|rst_controller|r_sync_rst~la_mlab/laboutb[19]                                                               ;
;   11.939 ;   7.047 ; FF ; IC     ; 1      ; FF_X110_Y7_N34      ; High Speed ; System|jtag_uart_0|jtag_uart_0|NonDPR_jtag_uart_0_altera_avalon_jtag_uart_1924_v2zfocy_alt_jtag_atlantic|rst1|clrn ;
;   11.939 ;   0.000 ; FF ; CELL   ; 1      ; FF_X110_Y7_N34      ; High Speed ; System|jtag_uart_0|jtag_uart_0|NonDPR_jtag_uart_0_altera_avalon_jtag_uart_1924_v2zfocy_alt_jtag_atlantic|rst1      ;
+----------+---------+----+--------+--------+---------------------+------------+--------------------------------------------------------------------------------------------------------------------+

+------------------------------------------------------------------------------------------------------------------------------------------------------------------------------------------------+
; Data Required Path                                                                                                                                                                             ;
+----------+---------+----+------+--------+---------------------+------------+-------------------------------------------------------------------------------------------------------------------+
; Total    ; Incr    ; RF ; Type ; Fanout ; Location            ; HS/LP      ; Element                                                                                                           ;
+----------+---------+----+------+--------+---------------------+------------+-------------------------------------------------------------------------------------------------------------------+
; 20.000   ; 20.000  ;    ;      ;        ;                     ;            ; latch edge time                                                                                                   ;
; 24.543   ; 4.543   ;    ;      ;        ;                     ;            ; clock path                                                                                                        ;
;   20.000 ;   0.000 ;    ;      ;        ;                     ;            ; source latency                                                                                                    ;
;   20.000 ;   0.000 ;    ;      ; 1      ; PIN_AM10            ;            ; CLK_50                                                                                                            ;
;   20.000 ;   0.000 ; RR ; IC   ; 1      ; IOIBUF_X148_Y16_N32 ;            ; CLK_50~input|i                                                                                                    ;
;   20.547 ;   0.547 ; RR ; CELL ; 1      ; IOIBUF_X148_Y16_N32 ;            ; CLK_50~input|o                                                                                                    ;
;   20.676 ;   0.129 ; RR ; CELL ; 1      ; IOIBUF_X148_Y16_N32 ;            ; CLK_50~input~io_48_lvds_tile_edge/ioclkin[0]                                                                      ;
;   20.676 ;   0.000 ; RR ; IC   ; 2      ; CLKCTRL_3A_G_I20    ;            ; CLK_50~inputCLKENA0|inclk                                                                                         ;
;   21.116 ;   0.440 ; RR ; CELL ; 181454 ; CLKCTRL_3A_G_I20    ;            ; CLK_50~inputCLKENA0|outclk                                                                                        ;
;   24.291 ;   3.175 ; RR ; IC   ; 1      ; FF_X110_Y7_N34      ; High Speed ; System|jtag_uart_0|jtag_uart_0|NonDPR_jtag_uart_0_altera_avalon_jtag_uart_1924_v2zfocy_alt_jtag_atlantic|rst1|clk ;
;   24.291 ;   0.000 ; RR ; CELL ; 1      ; FF_X110_Y7_N34      ; High Speed ; System|jtag_uart_0|jtag_uart_0|NonDPR_jtag_uart_0_altera_avalon_jtag_uart_1924_v2zfocy_alt_jtag_atlantic|rst1     ;
;   24.543 ;   0.252 ;    ;      ;        ;                     ;            ; clock pessimism removed                                                                                           ;
; 24.513   ; -0.030  ;    ;      ;        ;                     ;            ; clock uncertainty                                                                                                 ;
; 24.374   ; -0.139  ;    ; uTsu ; 1      ; FF_X110_Y7_N34      ;            ; System|jtag_uart_0|jtag_uart_0|NonDPR_jtag_uart_0_altera_avalon_jtag_uart_1924_v2zfocy_alt_jtag_atlantic|rst1     ;
+----------+---------+----+------+--------+---------------------+------------+-------------------------------------------------------------------------------------------------------------------+



Path #9: Recovery slack is 12.437 
===============================================================================
+---------------------------------------------------------------------------------------------------------------------------------------------------+
; Path Summary                                                                                                                                      ;
+---------------------------------+-----------------------------------------------------------------------------------------------------------------+
; Property                        ; Value                                                                                                           ;
+---------------------------------+-----------------------------------------------------------------------------------------------------------------+
; From Node                       ; System|rst_controller|r_sync_rst                                                                                ;
; To Node                         ; System|jtag_uart_0|jtag_uart_0|NonDPR_jtag_uart_0_altera_avalon_jtag_uart_1924_v2zfocy_alt_jtag_atlantic|write2 ;
; Launch Clock                    ; CLK_50                                                                                                          ;
; Latch Clock                     ; CLK_50                                                                                                          ;
; SDC Exception                   ; No SDC Exception on Path                                                                                        ;
; Data Arrival Time               ; 11.939                                                                                                          ;
; Data Required Time              ; 24.376                                                                                                          ;
; Slack                           ; 12.437                                                                                                          ;
; Worst-Case Operating Conditions ; Slow 900mV 100C Model                                                                                           ;
+---------------------------------+-----------------------------------------------------------------------------------------------------------------+

+------------------------------------------------------------------------------------+
; Statistics                                                                         ;
+------------------------+--------+-------+-------------+------------+-------+-------+
; Property               ; Value  ; Count ; Total Delay ; % of Total ; Min   ; Max   ;
+------------------------+--------+-------+-------------+------------+-------+-------+
; Recovery Relationship  ; 20.000 ;       ;             ;            ;       ;       ;
; Clock Skew             ; 0.002  ;       ;             ;            ;       ;       ;
; Data Delay             ; 7.398  ;       ;             ;            ;       ;       ;
; Number of Logic Levels ;        ; 0     ;             ;            ;       ;       ;
; Physical Delays        ;        ;       ;             ;            ;       ;       ;
;  Arrival Path          ;        ;       ;             ;            ;       ;       ;
;   Clock                ;        ;       ;             ;            ;       ;       ;
;    IC                  ;        ; 3     ; 3.317       ; 73         ; 0.000 ; 3.317 ;
;    Cell                ;        ; 4     ; 1.224       ; 27         ; 0.000 ; 0.547 ;
;   Data                 ;        ;       ;             ;            ;       ;       ;
;    IC                  ;        ; 1     ; 7.047       ; 95         ; 7.047 ; 7.047 ;
;    Cell                ;        ; 2     ; 0.122       ; 2          ; 0.000 ; 0.122 ;
;    uTco                ;        ; 1     ; 0.229       ; 3          ; 0.229 ; 0.229 ;
;  Required Path         ;        ;       ;             ;            ;       ;       ;
;   Clock                ;        ;       ;             ;            ;       ;       ;
;    IC                  ;        ; 3     ; 3.175       ; 74         ; 0.000 ; 3.175 ;
;    Cell                ;        ; 4     ; 1.116       ; 26         ; 0.000 ; 0.547 ;
+------------------------+--------+-------+-------------+------------+-------+-------+
Note: Negative delays are omitted from totals when calculating percentages

+-----------------------------------------------------------------------------------------------------------------------------------------------------------------------------------------------------+
; Data Arrival Path                                                                                                                                                                                   ;
+----------+---------+----+--------+--------+---------------------+------------+----------------------------------------------------------------------------------------------------------------------+
; Total    ; Incr    ; RF ; Type   ; Fanout ; Location            ; HS/LP      ; Element                                                                                                              ;
+----------+---------+----+--------+--------+---------------------+------------+----------------------------------------------------------------------------------------------------------------------+
; 0.000    ; 0.000   ;    ;        ;        ;                     ;            ; launch edge time                                                                                                     ;
; 0.000    ; 0.000   ;    ; borrow ;        ;                     ;            ; time borrowed                                                                                                        ;
; 4.541    ; 4.541   ;    ;        ;        ;                     ;            ; clock path                                                                                                           ;
;   0.000  ;   0.000 ;    ;        ;        ;                     ;            ; source latency                                                                                                       ;
;   0.000  ;   0.000 ;    ;        ; 1      ; PIN_AM10            ;            ; CLK_50                                                                                                               ;
;   0.000  ;   0.000 ; RR ; IC     ; 1      ; IOIBUF_X148_Y16_N32 ;            ; CLK_50~input|i                                                                                                       ;
;   0.547  ;   0.547 ; RR ; CELL   ; 1      ; IOIBUF_X148_Y16_N32 ;            ; CLK_50~input|o                                                                                                       ;
;   0.706  ;   0.159 ; RR ; CELL   ; 1      ; IOIBUF_X148_Y16_N32 ;            ; CLK_50~input~io_48_lvds_tile_edge/ioclkin[0]                                                                         ;
;   0.706  ;   0.000 ; RR ; IC     ; 2      ; CLKCTRL_3A_G_I20    ;            ; CLK_50~inputCLKENA0|inclk                                                                                            ;
;   1.224  ;   0.518 ; RR ; CELL   ; 181454 ; CLKCTRL_3A_G_I20    ;            ; CLK_50~inputCLKENA0|outclk                                                                                           ;
;   4.541  ;   3.317 ; RR ; IC     ; 1      ; FF_X11_Y73_N59      ; High Speed ; System|rst_controller|r_sync_rst|clk                                                                                 ;
;   4.541  ;   0.000 ; RR ; CELL   ; 1      ; FF_X11_Y73_N59      ; High Speed ; System|rst_controller|r_sync_rst                                                                                     ;
; 11.939   ; 7.398   ;    ;        ;        ;                     ;            ; data path                                                                                                            ;
;   4.770  ;   0.229 ; FF ; uTco   ; 1      ; FF_X11_Y73_N59      ;            ; System|rst_controller|r_sync_rst|q                                                                                   ;
;   4.892  ;   0.122 ; FF ; CELL   ; 1971   ; FF_X11_Y73_N59      ; High Speed ; System|rst_controller|r_sync_rst~la_mlab/laboutb[19]                                                                 ;
;   11.939 ;   7.047 ; FF ; IC     ; 1      ; FF_X110_Y7_N25      ; High Speed ; System|jtag_uart_0|jtag_uart_0|NonDPR_jtag_uart_0_altera_avalon_jtag_uart_1924_v2zfocy_alt_jtag_atlantic|write2|clrn ;
;   11.939 ;   0.000 ; FF ; CELL   ; 1      ; FF_X110_Y7_N25      ; High Speed ; System|jtag_uart_0|jtag_uart_0|NonDPR_jtag_uart_0_altera_avalon_jtag_uart_1924_v2zfocy_alt_jtag_atlantic|write2      ;
+----------+---------+----+--------+--------+---------------------+------------+----------------------------------------------------------------------------------------------------------------------+

+----------------------------------------------------------------------------------------------------------------------------------------------------------------------------------------------------+
; Data Required Path                                                                                                                                                                                 ;
+----------+---------+----+--------+--------+---------------------+------------+---------------------------------------------------------------------------------------------------------------------+
; Total    ; Incr    ; RF ; Type   ; Fanout ; Location            ; HS/LP      ; Element                                                                                                             ;
+----------+---------+----+--------+--------+---------------------+------------+---------------------------------------------------------------------------------------------------------------------+
; 20.000   ; 20.000  ;    ;        ;        ;                     ;            ; latch edge time                                                                                                     ;
; 20.000   ; 0.000   ;    ; borrow ;        ;                     ;            ; time borrowed                                                                                                       ;
; 24.543   ; 4.543   ;    ;        ;        ;                     ;            ; clock path                                                                                                          ;
;   20.000 ;   0.000 ;    ;        ;        ;                     ;            ; source latency                                                                                                      ;
;   20.000 ;   0.000 ;    ;        ; 1      ; PIN_AM10            ;            ; CLK_50                                                                                                              ;
;   20.000 ;   0.000 ; RR ; IC     ; 1      ; IOIBUF_X148_Y16_N32 ;            ; CLK_50~input|i                                                                                                      ;
;   20.547 ;   0.547 ; RR ; CELL   ; 1      ; IOIBUF_X148_Y16_N32 ;            ; CLK_50~input|o                                                                                                      ;
;   20.676 ;   0.129 ; RR ; CELL   ; 1      ; IOIBUF_X148_Y16_N32 ;            ; CLK_50~input~io_48_lvds_tile_edge/ioclkin[0]                                                                        ;
;   20.676 ;   0.000 ; RR ; IC     ; 2      ; CLKCTRL_3A_G_I20    ;            ; CLK_50~inputCLKENA0|inclk                                                                                           ;
;   21.116 ;   0.440 ; RR ; CELL   ; 181454 ; CLKCTRL_3A_G_I20    ;            ; CLK_50~inputCLKENA0|outclk                                                                                          ;
;   24.291 ;   3.175 ; RR ; IC     ; 1      ; FF_X110_Y7_N25      ; High Speed ; System|jtag_uart_0|jtag_uart_0|NonDPR_jtag_uart_0_altera_avalon_jtag_uart_1924_v2zfocy_alt_jtag_atlantic|write2|clk ;
;   24.291 ;   0.000 ; RR ; CELL   ; 1      ; FF_X110_Y7_N25      ; High Speed ; System|jtag_uart_0|jtag_uart_0|NonDPR_jtag_uart_0_altera_avalon_jtag_uart_1924_v2zfocy_alt_jtag_atlantic|write2     ;
;   24.543 ;   0.252 ;    ;        ;        ;                     ;            ; clock pessimism removed                                                                                             ;
; 24.513   ; -0.030  ;    ;        ;        ;                     ;            ; clock uncertainty                                                                                                   ;
; 24.376   ; -0.137  ;    ; uTsu   ; 1      ; FF_X110_Y7_N25      ;            ; System|jtag_uart_0|jtag_uart_0|NonDPR_jtag_uart_0_altera_avalon_jtag_uart_1924_v2zfocy_alt_jtag_atlantic|write2     ;
+----------+---------+----+--------+--------+---------------------+------------+---------------------------------------------------------------------------------------------------------------------+



Path #10: Recovery slack is 12.439 
===============================================================================
+----------------------------------------------------------------------------------------------------------------------------------------------------+
; Path Summary                                                                                                                                       ;
+---------------------------------+------------------------------------------------------------------------------------------------------------------+
; Property                        ; Value                                                                                                            ;
+---------------------------------+------------------------------------------------------------------------------------------------------------------+
; From Node                       ; System|rst_controller|r_sync_rst                                                                                 ;
; To Node                         ; System|jtag_uart_0|jtag_uart_0|NonDPR_jtag_uart_0_altera_avalon_jtag_uart_1924_v2zfocy_alt_jtag_atlantic|t_pause ;
; Launch Clock                    ; CLK_50                                                                                                           ;
; Latch Clock                     ; CLK_50                                                                                                           ;
; SDC Exception                   ; No SDC Exception on Path                                                                                         ;
; Data Arrival Time               ; 11.939                                                                                                           ;
; Data Required Time              ; 24.378                                                                                                           ;
; Slack                           ; 12.439                                                                                                           ;
; Worst-Case Operating Conditions ; Slow 900mV 100C Model                                                                                            ;
+---------------------------------+------------------------------------------------------------------------------------------------------------------+

+------------------------------------------------------------------------------------+
; Statistics                                                                         ;
+------------------------+--------+-------+-------------+------------+-------+-------+
; Property               ; Value  ; Count ; Total Delay ; % of Total ; Min   ; Max   ;
+------------------------+--------+-------+-------------+------------+-------+-------+
; Recovery Relationship  ; 20.000 ;       ;             ;            ;       ;       ;
; Clock Skew             ; 0.002  ;       ;             ;            ;       ;       ;
; Data Delay             ; 7.398  ;       ;             ;            ;       ;       ;
; Number of Logic Levels ;        ; 0     ;             ;            ;       ;       ;
; Physical Delays        ;        ;       ;             ;            ;       ;       ;
;  Arrival Path          ;        ;       ;             ;            ;       ;       ;
;   Clock                ;        ;       ;             ;            ;       ;       ;
;    IC                  ;        ; 3     ; 3.317       ; 73         ; 0.000 ; 3.317 ;
;    Cell                ;        ; 4     ; 1.224       ; 27         ; 0.000 ; 0.547 ;
;   Data                 ;        ;       ;             ;            ;       ;       ;
;    IC                  ;        ; 1     ; 7.047       ; 95         ; 7.047 ; 7.047 ;
;    Cell                ;        ; 2     ; 0.122       ; 2          ; 0.000 ; 0.122 ;
;    uTco                ;        ; 1     ; 0.229       ; 3          ; 0.229 ; 0.229 ;
;  Required Path         ;        ;       ;             ;            ;       ;       ;
;   Clock                ;        ;       ;             ;            ;       ;       ;
;    IC                  ;        ; 3     ; 3.175       ; 74         ; 0.000 ; 3.175 ;
;    Cell                ;        ; 4     ; 1.116       ; 26         ; 0.000 ; 0.547 ;
+------------------------+--------+-------+-------------+------------+-------+-------+
Note: Negative delays are omitted from totals when calculating percentages

+------------------------------------------------------------------------------------------------------------------------------------------------------------------------------------------------------+
; Data Arrival Path                                                                                                                                                                                    ;
+----------+---------+----+--------+--------+---------------------+------------+-----------------------------------------------------------------------------------------------------------------------+
; Total    ; Incr    ; RF ; Type   ; Fanout ; Location            ; HS/LP      ; Element                                                                                                               ;
+----------+---------+----+--------+--------+---------------------+------------+-----------------------------------------------------------------------------------------------------------------------+
; 0.000    ; 0.000   ;    ;        ;        ;                     ;            ; launch edge time                                                                                                      ;
; 0.000    ; 0.000   ;    ; borrow ;        ;                     ;            ; time borrowed                                                                                                         ;
; 4.541    ; 4.541   ;    ;        ;        ;                     ;            ; clock path                                                                                                            ;
;   0.000  ;   0.000 ;    ;        ;        ;                     ;            ; source latency                                                                                                        ;
;   0.000  ;   0.000 ;    ;        ; 1      ; PIN_AM10            ;            ; CLK_50                                                                                                                ;
;   0.000  ;   0.000 ; RR ; IC     ; 1      ; IOIBUF_X148_Y16_N32 ;            ; CLK_50~input|i                                                                                                        ;
;   0.547  ;   0.547 ; RR ; CELL   ; 1      ; IOIBUF_X148_Y16_N32 ;            ; CLK_50~input|o                                                                                                        ;
;   0.706  ;   0.159 ; RR ; CELL   ; 1      ; IOIBUF_X148_Y16_N32 ;            ; CLK_50~input~io_48_lvds_tile_edge/ioclkin[0]                                                                          ;
;   0.706  ;   0.000 ; RR ; IC     ; 2      ; CLKCTRL_3A_G_I20    ;            ; CLK_50~inputCLKENA0|inclk                                                                                             ;
;   1.224  ;   0.518 ; RR ; CELL   ; 181454 ; CLKCTRL_3A_G_I20    ;            ; CLK_50~inputCLKENA0|outclk                                                                                            ;
;   4.541  ;   3.317 ; RR ; IC     ; 1      ; FF_X11_Y73_N59      ; High Speed ; System|rst_controller|r_sync_rst|clk                                                                                  ;
;   4.541  ;   0.000 ; RR ; CELL   ; 1      ; FF_X11_Y73_N59      ; High Speed ; System|rst_controller|r_sync_rst                                                                                      ;
; 11.939   ; 7.398   ;    ;        ;        ;                     ;            ; data path                                                                                                             ;
;   4.770  ;   0.229 ; FF ; uTco   ; 1      ; FF_X11_Y73_N59      ;            ; System|rst_controller|r_sync_rst|q                                                                                    ;
;   4.892  ;   0.122 ; FF ; CELL   ; 1971   ; FF_X11_Y73_N59      ; High Speed ; System|rst_controller|r_sync_rst~la_mlab/laboutb[19]                                                                  ;
;   11.939 ;   7.047 ; FF ; IC     ; 1      ; FF_X110_Y7_N55      ; High Speed ; System|jtag_uart_0|jtag_uart_0|NonDPR_jtag_uart_0_altera_avalon_jtag_uart_1924_v2zfocy_alt_jtag_atlantic|t_pause|clrn ;
;   11.939 ;   0.000 ; FF ; CELL   ; 1      ; FF_X110_Y7_N55      ; High Speed ; System|jtag_uart_0|jtag_uart_0|NonDPR_jtag_uart_0_altera_avalon_jtag_uart_1924_v2zfocy_alt_jtag_atlantic|t_pause      ;
+----------+---------+----+--------+--------+---------------------+------------+-----------------------------------------------------------------------------------------------------------------------+

+-----------------------------------------------------------------------------------------------------------------------------------------------------------------------------------------------------+
; Data Required Path                                                                                                                                                                                  ;
+----------+---------+----+--------+--------+---------------------+------------+----------------------------------------------------------------------------------------------------------------------+
; Total    ; Incr    ; RF ; Type   ; Fanout ; Location            ; HS/LP      ; Element                                                                                                              ;
+----------+---------+----+--------+--------+---------------------+------------+----------------------------------------------------------------------------------------------------------------------+
; 20.000   ; 20.000  ;    ;        ;        ;                     ;            ; latch edge time                                                                                                      ;
; 20.000   ; 0.000   ;    ; borrow ;        ;                     ;            ; time borrowed                                                                                                        ;
; 24.543   ; 4.543   ;    ;        ;        ;                     ;            ; clock path                                                                                                           ;
;   20.000 ;   0.000 ;    ;        ;        ;                     ;            ; source latency                                                                                                       ;
;   20.000 ;   0.000 ;    ;        ; 1      ; PIN_AM10            ;            ; CLK_50                                                                                                               ;
;   20.000 ;   0.000 ; RR ; IC     ; 1      ; IOIBUF_X148_Y16_N32 ;            ; CLK_50~input|i                                                                                                       ;
;   20.547 ;   0.547 ; RR ; CELL   ; 1      ; IOIBUF_X148_Y16_N32 ;            ; CLK_50~input|o                                                                                                       ;
;   20.676 ;   0.129 ; RR ; CELL   ; 1      ; IOIBUF_X148_Y16_N32 ;            ; CLK_50~input~io_48_lvds_tile_edge/ioclkin[0]                                                                         ;
;   20.676 ;   0.000 ; RR ; IC     ; 2      ; CLKCTRL_3A_G_I20    ;            ; CLK_50~inputCLKENA0|inclk                                                                                            ;
;   21.116 ;   0.440 ; RR ; CELL   ; 181454 ; CLKCTRL_3A_G_I20    ;            ; CLK_50~inputCLKENA0|outclk                                                                                           ;
;   24.291 ;   3.175 ; RR ; IC     ; 1      ; FF_X110_Y7_N55      ; High Speed ; System|jtag_uart_0|jtag_uart_0|NonDPR_jtag_uart_0_altera_avalon_jtag_uart_1924_v2zfocy_alt_jtag_atlantic|t_pause|clk ;
;   24.291 ;   0.000 ; RR ; CELL   ; 1      ; FF_X110_Y7_N55      ; High Speed ; System|jtag_uart_0|jtag_uart_0|NonDPR_jtag_uart_0_altera_avalon_jtag_uart_1924_v2zfocy_alt_jtag_atlantic|t_pause     ;
;   24.543 ;   0.252 ;    ;        ;        ;                     ;            ; clock pessimism removed                                                                                              ;
; 24.513   ; -0.030  ;    ;        ;        ;                     ;            ; clock uncertainty                                                                                                    ;
; 24.378   ; -0.135  ;    ; uTsu   ; 1      ; FF_X110_Y7_N55      ;            ; System|jtag_uart_0|jtag_uart_0|NonDPR_jtag_uart_0_altera_avalon_jtag_uart_1924_v2zfocy_alt_jtag_atlantic|t_pause     ;
+----------+---------+----+--------+--------+---------------------+------------+----------------------------------------------------------------------------------------------------------------------+



----------------
; Command Info ;
----------------
Report Timing: Found 10 removal paths (0 violated).  Worst case slack is 0.146 

Tcl Command:
    report_timing -removal -panel_name {Worst-Case Timing Paths||Removal||CLK_50} -to_clock [get_clocks {CLK_50}] -npaths 10 -detail full_path

Options:
    -to_clock [get_clocks {CLK_50}] 
    -removal 
    -npaths 10 
    -detail full_path 
    -panel_name {CLK_50} 

Snapshot:
    final

Delay Models:
    Slow 900mV 100C Model
    Slow 900mV 0C Model
    Fast 900mV 100C Model
    Fast 900mV 0C Model


+------------------------------------------------------------------------------------------------------------------------------------------------------------------------------------------------------------------------------------------------------------------------------------------------------------------------------------------------------------------------------+
; Summary of Paths                                                                                                                                                                                                                                                                                                                                                             ;
+-------+-----------------------------------------------------------------------------------------------------------------------------------------------+--------------------------------------------------------------------------------------------------------------+--------------+-------------+--------------+------------+------------+---------------------------------+
; Slack ; From Node                                                                                                                                     ; To Node                                                                                                      ; Launch Clock ; Latch Clock ; Relationship ; Clock Skew ; Data Delay ; Worst-Case Operating Conditions ;
+-------+-----------------------------------------------------------------------------------------------------------------------------------------------+--------------------------------------------------------------------------------------------------------------+--------------+-------------+--------------+------------+------------+---------------------------------+
; 0.146 ; System|intel_niosv_g_0|intel_niosv_g_0|dbg_mod|dtm_inst|rsp_clk_xer|clock_xer|alt_rst_req_sync_in_rst|altera_reset_synchronizer_int_chain_out ; System|intel_niosv_g_0|intel_niosv_g_0|dbg_mod|dtm_inst|rsp_clk_xer|clock_xer|out_to_in_synchronizer|dreg[0] ; CLK_50       ; CLK_50      ; 0.000        ; 0.010      ; 0.223      ; Fast 900mV 0C Model             ;
; 0.146 ; System|intel_niosv_g_0|intel_niosv_g_0|dbg_mod|dtm_inst|rsp_clk_xer|clock_xer|alt_rst_req_sync_in_rst|altera_reset_synchronizer_int_chain_out ; System|intel_niosv_g_0|intel_niosv_g_0|dbg_mod|dtm_inst|rsp_clk_xer|clock_xer|in_data_toggle                 ; CLK_50       ; CLK_50      ; 0.000        ; 0.010      ; 0.223      ; Fast 900mV 0C Model             ;
; 0.147 ; System|intel_niosv_g_0|intel_niosv_g_0|dbg_mod|dtm_inst|rsp_clk_xer|clock_xer|alt_rst_req_sync_in_rst|altera_reset_synchronizer_int_chain_out ; System|intel_niosv_g_0|intel_niosv_g_0|dbg_mod|dtm_inst|rsp_clk_xer|clock_xer|in_data_buffer[27]             ; CLK_50       ; CLK_50      ; 0.000        ; 0.010      ; 0.223      ; Fast 900mV 0C Model             ;
; 0.150 ; System|intel_niosv_g_0|intel_niosv_g_0|dbg_mod|dtm_inst|rsp_clk_xer|clock_xer|alt_rst_req_sync_in_rst|altera_reset_synchronizer_int_chain_out ; System|intel_niosv_g_0|intel_niosv_g_0|dbg_mod|dtm_inst|rsp_clk_xer|clock_xer|in_data_buffer[21]             ; CLK_50       ; CLK_50      ; 0.000        ; 0.010      ; 0.223      ; Fast 900mV 0C Model             ;
; 0.151 ; System|intel_niosv_g_0|intel_niosv_g_0|dbg_mod|dtm_inst|rsp_clk_xer|clock_xer|alt_rst_req_sync_in_rst|altera_reset_synchronizer_int_chain_out ; System|intel_niosv_g_0|intel_niosv_g_0|dbg_mod|dtm_inst|rsp_clk_xer|clock_xer|in_data_buffer[14]             ; CLK_50       ; CLK_50      ; 0.000        ; 0.010      ; 0.223      ; Fast 900mV 0C Model             ;
; 0.152 ; System|intel_niosv_g_0|intel_niosv_g_0|dbg_mod|dtm_inst|rsp_clk_xer|clock_xer|alt_rst_req_sync_in_rst|altera_reset_synchronizer_int_chain_out ; System|intel_niosv_g_0|intel_niosv_g_0|dbg_mod|dtm_inst|rsp_clk_xer|clock_xer|in_data_buffer[8]              ; CLK_50       ; CLK_50      ; 0.000        ; 0.010      ; 0.223      ; Fast 900mV 0C Model             ;
; 0.167 ; System|master_0|master_0|rst_controller|alt_rst_sync_uq1|altera_reset_synchronizer_int_chain_out                                              ; System|master_0|master_0|p2b|sent_esc                                                                        ; CLK_50       ; CLK_50      ; 0.000        ; 0.011      ; 0.247      ; Fast 900mV 0C Model             ;
; 0.173 ; System|master_0|master_0|rst_controller|alt_rst_sync_uq1|altera_reset_synchronizer_int_chain_out                                              ; System|master_0|master_0|p2b|sent_eop                                                                        ; CLK_50       ; CLK_50      ; 0.000        ; 0.011      ; 0.247      ; Fast 900mV 0C Model             ;
; 0.173 ; System|master_0|master_0|rst_controller|alt_rst_sync_uq1|altera_reset_synchronizer_int_chain_out                                              ; System|master_0|master_0|p2b|out_data[4]                                                                     ; CLK_50       ; CLK_50      ; 0.000        ; 0.011      ; 0.247      ; Fast 900mV 0C Model             ;
; 0.175 ; System|master_0|master_0|rst_controller|alt_rst_sync_uq1|altera_reset_synchronizer_int_chain_out                                              ; System|master_0|master_0|p2b|out_data[7]                                                                     ; CLK_50       ; CLK_50      ; 0.000        ; 0.011      ; 0.247      ; Fast 900mV 0C Model             ;
+-------+-----------------------------------------------------------------------------------------------------------------------------------------------+--------------------------------------------------------------------------------------------------------------+--------------+-------------+--------------+------------+------------+---------------------------------+


Path #1: Removal slack is 0.146 
===============================================================================
+---------------------------------------------------------------------------------------------------------------------------------------------------------------------------------+
; Path Summary                                                                                                                                                                    ;
+---------------------------------+-----------------------------------------------------------------------------------------------------------------------------------------------+
; Property                        ; Value                                                                                                                                         ;
+---------------------------------+-----------------------------------------------------------------------------------------------------------------------------------------------+
; From Node                       ; System|intel_niosv_g_0|intel_niosv_g_0|dbg_mod|dtm_inst|rsp_clk_xer|clock_xer|alt_rst_req_sync_in_rst|altera_reset_synchronizer_int_chain_out ;
; To Node                         ; System|intel_niosv_g_0|intel_niosv_g_0|dbg_mod|dtm_inst|rsp_clk_xer|clock_xer|out_to_in_synchronizer|dreg[0]                                  ;
; Launch Clock                    ; CLK_50                                                                                                                                        ;
; Latch Clock                     ; CLK_50                                                                                                                                        ;
; SDC Exception                   ; No SDC Exception on Path                                                                                                                      ;
; Data Arrival Time               ; 2.672                                                                                                                                         ;
; Data Required Time              ; 2.526                                                                                                                                         ;
; Slack                           ; 0.146                                                                                                                                         ;
; Worst-Case Operating Conditions ; Fast 900mV 0C Model                                                                                                                           ;
+---------------------------------+-----------------------------------------------------------------------------------------------------------------------------------------------+

+-----------------------------------------------------------------------------------+
; Statistics                                                                        ;
+------------------------+-------+-------+-------------+------------+-------+-------+
; Property               ; Value ; Count ; Total Delay ; % of Total ; Min   ; Max   ;
+------------------------+-------+-------+-------------+------------+-------+-------+
; Removal Relationship   ; 0.000 ;       ;             ;            ;       ;       ;
; Clock Skew             ; 0.010 ;       ;             ;            ;       ;       ;
; Data Delay             ; 0.223 ;       ;             ;            ;       ;       ;
; Number of Logic Levels ;       ; 0     ;             ;            ;       ;       ;
; Physical Delays        ;       ;       ;             ;            ;       ;       ;
;  Arrival Path          ;       ;       ;             ;            ;       ;       ;
;   Clock                ;       ;       ;             ;            ;       ;       ;
;    IC                  ;       ; 3     ; 1.898       ; 78         ; 0.000 ; 1.898 ;
;    Cell                ;       ; 4     ; 0.551       ; 22         ; 0.000 ; 0.261 ;
;   Data                 ;       ;       ;             ;            ;       ;       ;
;    IC                  ;       ; 1     ; 0.081       ; 36         ; 0.081 ; 0.081 ;
;    Cell                ;       ; 2     ; 0.044       ; 20         ; 0.000 ; 0.044 ;
;    uTco                ;       ; 1     ; 0.098       ; 44         ; 0.098 ; 0.098 ;
;  Required Path         ;       ;       ;             ;            ;       ;       ;
;   Clock                ;       ;       ;             ;            ;       ;       ;
;    IC                  ;       ; 3     ; 2.062       ; 77         ; 0.000 ; 2.062 ;
;    Cell                ;       ; 4     ; 0.613       ; 23         ; 0.000 ; 0.277 ;
+------------------------+-------+-------+-------------+------------+-------+-------+
Note: Negative delays are omitted from totals when calculating percentages

+------------------------------------------------------------------------------------------------------------------------------------------------------------------------------------------------------------------------------------------------+
; Data Arrival Path                                                                                                                                                                                                                              ;
+---------+---------+----+--------+--------+---------------------+------------+------------------------------------------------------------------------------------------------------------------------------------------------------------------+
; Total   ; Incr    ; RF ; Type   ; Fanout ; Location            ; HS/LP      ; Element                                                                                                                                                          ;
+---------+---------+----+--------+--------+---------------------+------------+------------------------------------------------------------------------------------------------------------------------------------------------------------------+
; 0.000   ; 0.000   ;    ;        ;        ;                     ;            ; launch edge time                                                                                                                                                 ;
; 0.000   ; 0.000   ;    ; borrow ;        ;                     ;            ; time borrowed                                                                                                                                                    ;
; 2.449   ; 2.449   ;    ;        ;        ;                     ;            ; clock path                                                                                                                                                       ;
;   0.000 ;   0.000 ;    ;        ;        ;                     ;            ; source latency                                                                                                                                                   ;
;   0.000 ;   0.000 ;    ;        ; 1      ; PIN_AM10            ;            ; CLK_50                                                                                                                                                           ;
;   0.000 ;   0.000 ; RR ; IC     ; 1      ; IOIBUF_X148_Y16_N32 ;            ; CLK_50~input|i                                                                                                                                                   ;
;   0.261 ;   0.261 ; RR ; CELL   ; 1      ; IOIBUF_X148_Y16_N32 ;            ; CLK_50~input|o                                                                                                                                                   ;
;   0.322 ;   0.061 ; RR ; CELL   ; 1      ; IOIBUF_X148_Y16_N32 ;            ; CLK_50~input~io_48_lvds_tile_edge/ioclkin[0]                                                                                                                     ;
;   0.322 ;   0.000 ; RR ; IC     ; 2      ; CLKCTRL_3A_G_I20    ;            ; CLK_50~inputCLKENA0|inclk                                                                                                                                        ;
;   0.551 ;   0.229 ; RR ; CELL   ; 181454 ; CLKCTRL_3A_G_I20    ;            ; CLK_50~inputCLKENA0|outclk                                                                                                                                       ;
;   2.449 ;   1.898 ; RR ; IC     ; 1      ; FF_X111_Y8_N16      ; High Speed ; System|intel_niosv_g_0|intel_niosv_g_0|dbg_mod|dtm_inst|rsp_clk_xer|clock_xer|alt_rst_req_sync_in_rst|altera_reset_synchronizer_int_chain_out|clk                ;
;   2.449 ;   0.000 ; RR ; CELL   ; 1      ; FF_X111_Y8_N16      ; High Speed ; System|intel_niosv_g_0|intel_niosv_g_0|dbg_mod|dtm_inst|rsp_clk_xer|clock_xer|alt_rst_req_sync_in_rst|altera_reset_synchronizer_int_chain_out                    ;
; 2.672   ; 0.223   ;    ;        ;        ;                     ;            ; data path                                                                                                                                                        ;
;   2.547 ;   0.098 ; RR ; uTco   ; 1      ; FF_X111_Y8_N16      ;            ; System|intel_niosv_g_0|intel_niosv_g_0|dbg_mod|dtm_inst|rsp_clk_xer|clock_xer|alt_rst_req_sync_in_rst|altera_reset_synchronizer_int_chain_out|q                  ;
;   2.591 ;   0.044 ; RR ; CELL   ; 35     ; FF_X111_Y8_N16      ; High Speed ; System|intel_niosv_g_0|intel_niosv_g_0|dbg_mod|dtm_inst|rsp_clk_xer|clock_xer|alt_rst_req_sync_in_rst|altera_reset_synchronizer_int_chain_out~la_lab/laboutt[10] ;
;   2.672 ;   0.081 ; RR ; IC     ; 1      ; FF_X112_Y8_N58      ; High Speed ; System|intel_niosv_g_0|intel_niosv_g_0|dbg_mod|dtm_inst|rsp_clk_xer|clock_xer|out_to_in_synchronizer|dreg[0]|clrn                                                ;
;   2.672 ;   0.000 ; RR ; CELL   ; 1      ; FF_X112_Y8_N58      ; High Speed ; System|intel_niosv_g_0|intel_niosv_g_0|dbg_mod|dtm_inst|rsp_clk_xer|clock_xer|out_to_in_synchronizer|dreg[0]                                                     ;
+---------+---------+----+--------+--------+---------------------+------------+------------------------------------------------------------------------------------------------------------------------------------------------------------------+

+-------------------------------------------------------------------------------------------------------------------------------------------------------------------------------------------------+
; Data Required Path                                                                                                                                                                              ;
+---------+----------+----+--------+--------+---------------------+------------+------------------------------------------------------------------------------------------------------------------+
; Total   ; Incr     ; RF ; Type   ; Fanout ; Location            ; HS/LP      ; Element                                                                                                          ;
+---------+----------+----+--------+--------+---------------------+------------+------------------------------------------------------------------------------------------------------------------+
; 0.000   ; 0.000    ;    ;        ;        ;                     ;            ; latch edge time                                                                                                  ;
; 0.000   ; 0.000    ;    ; borrow ;        ;                     ;            ; time borrowed                                                                                                    ;
; 2.459   ; 2.459    ;    ;        ;        ;                     ;            ; clock path                                                                                                       ;
;   0.000 ;   0.000  ;    ;        ;        ;                     ;            ; source latency                                                                                                   ;
;   0.000 ;   0.000  ;    ;        ; 1      ; PIN_AM10            ;            ; CLK_50                                                                                                           ;
;   0.000 ;   0.000  ; RR ; IC     ; 1      ; IOIBUF_X148_Y16_N32 ;            ; CLK_50~input|i                                                                                                   ;
;   0.261 ;   0.261  ; RR ; CELL   ; 1      ; IOIBUF_X148_Y16_N32 ;            ; CLK_50~input|o                                                                                                   ;
;   0.336 ;   0.075  ; RR ; CELL   ; 1      ; IOIBUF_X148_Y16_N32 ;            ; CLK_50~input~io_48_lvds_tile_edge/ioclkin[0]                                                                     ;
;   0.336 ;   0.000  ; RR ; IC     ; 2      ; CLKCTRL_3A_G_I20    ;            ; CLK_50~inputCLKENA0|inclk                                                                                        ;
;   0.613 ;   0.277  ; RR ; CELL   ; 181454 ; CLKCTRL_3A_G_I20    ;            ; CLK_50~inputCLKENA0|outclk                                                                                       ;
;   2.675 ;   2.062  ; RR ; IC     ; 1      ; FF_X112_Y8_N58      ; High Speed ; System|intel_niosv_g_0|intel_niosv_g_0|dbg_mod|dtm_inst|rsp_clk_xer|clock_xer|out_to_in_synchronizer|dreg[0]|clk ;
;   2.675 ;   0.000  ; RR ; CELL   ; 1      ; FF_X112_Y8_N58      ; High Speed ; System|intel_niosv_g_0|intel_niosv_g_0|dbg_mod|dtm_inst|rsp_clk_xer|clock_xer|out_to_in_synchronizer|dreg[0]     ;
;   2.459 ;   -0.216 ;    ;        ;        ;                     ;            ; clock pessimism removed                                                                                          ;
; 2.459   ; 0.000    ;    ;        ;        ;                     ;            ; clock uncertainty                                                                                                ;
; 2.526   ; 0.067    ;    ; uTh    ; 1      ; FF_X112_Y8_N58      ;            ; System|intel_niosv_g_0|intel_niosv_g_0|dbg_mod|dtm_inst|rsp_clk_xer|clock_xer|out_to_in_synchronizer|dreg[0]     ;
+---------+----------+----+--------+--------+---------------------+------------+------------------------------------------------------------------------------------------------------------------+



Path #2: Removal slack is 0.146 
===============================================================================
+---------------------------------------------------------------------------------------------------------------------------------------------------------------------------------+
; Path Summary                                                                                                                                                                    ;
+---------------------------------+-----------------------------------------------------------------------------------------------------------------------------------------------+
; Property                        ; Value                                                                                                                                         ;
+---------------------------------+-----------------------------------------------------------------------------------------------------------------------------------------------+
; From Node                       ; System|intel_niosv_g_0|intel_niosv_g_0|dbg_mod|dtm_inst|rsp_clk_xer|clock_xer|alt_rst_req_sync_in_rst|altera_reset_synchronizer_int_chain_out ;
; To Node                         ; System|intel_niosv_g_0|intel_niosv_g_0|dbg_mod|dtm_inst|rsp_clk_xer|clock_xer|in_data_toggle                                                  ;
; Launch Clock                    ; CLK_50                                                                                                                                        ;
; Latch Clock                     ; CLK_50                                                                                                                                        ;
; SDC Exception                   ; No SDC Exception on Path                                                                                                                      ;
; Data Arrival Time               ; 2.672                                                                                                                                         ;
; Data Required Time              ; 2.526                                                                                                                                         ;
; Slack                           ; 0.146                                                                                                                                         ;
; Worst-Case Operating Conditions ; Fast 900mV 0C Model                                                                                                                           ;
+---------------------------------+-----------------------------------------------------------------------------------------------------------------------------------------------+

+-----------------------------------------------------------------------------------+
; Statistics                                                                        ;
+------------------------+-------+-------+-------------+------------+-------+-------+
; Property               ; Value ; Count ; Total Delay ; % of Total ; Min   ; Max   ;
+------------------------+-------+-------+-------------+------------+-------+-------+
; Removal Relationship   ; 0.000 ;       ;             ;            ;       ;       ;
; Clock Skew             ; 0.010 ;       ;             ;            ;       ;       ;
; Data Delay             ; 0.223 ;       ;             ;            ;       ;       ;
; Number of Logic Levels ;       ; 0     ;             ;            ;       ;       ;
; Physical Delays        ;       ;       ;             ;            ;       ;       ;
;  Arrival Path          ;       ;       ;             ;            ;       ;       ;
;   Clock                ;       ;       ;             ;            ;       ;       ;
;    IC                  ;       ; 3     ; 1.898       ; 78         ; 0.000 ; 1.898 ;
;    Cell                ;       ; 4     ; 0.551       ; 22         ; 0.000 ; 0.261 ;
;   Data                 ;       ;       ;             ;            ;       ;       ;
;    IC                  ;       ; 1     ; 0.081       ; 36         ; 0.081 ; 0.081 ;
;    Cell                ;       ; 2     ; 0.044       ; 20         ; 0.000 ; 0.044 ;
;    uTco                ;       ; 1     ; 0.098       ; 44         ; 0.098 ; 0.098 ;
;  Required Path         ;       ;       ;             ;            ;       ;       ;
;   Clock                ;       ;       ;             ;            ;       ;       ;
;    IC                  ;       ; 3     ; 2.062       ; 77         ; 0.000 ; 2.062 ;
;    Cell                ;       ; 4     ; 0.613       ; 23         ; 0.000 ; 0.277 ;
+------------------------+-------+-------+-------------+------------+-------+-------+
Note: Negative delays are omitted from totals when calculating percentages

+------------------------------------------------------------------------------------------------------------------------------------------------------------------------------------------------------------------------------------------------+
; Data Arrival Path                                                                                                                                                                                                                              ;
+---------+---------+----+--------+--------+---------------------+------------+------------------------------------------------------------------------------------------------------------------------------------------------------------------+
; Total   ; Incr    ; RF ; Type   ; Fanout ; Location            ; HS/LP      ; Element                                                                                                                                                          ;
+---------+---------+----+--------+--------+---------------------+------------+------------------------------------------------------------------------------------------------------------------------------------------------------------------+
; 0.000   ; 0.000   ;    ;        ;        ;                     ;            ; launch edge time                                                                                                                                                 ;
; 0.000   ; 0.000   ;    ; borrow ;        ;                     ;            ; time borrowed                                                                                                                                                    ;
; 2.449   ; 2.449   ;    ;        ;        ;                     ;            ; clock path                                                                                                                                                       ;
;   0.000 ;   0.000 ;    ;        ;        ;                     ;            ; source latency                                                                                                                                                   ;
;   0.000 ;   0.000 ;    ;        ; 1      ; PIN_AM10            ;            ; CLK_50                                                                                                                                                           ;
;   0.000 ;   0.000 ; RR ; IC     ; 1      ; IOIBUF_X148_Y16_N32 ;            ; CLK_50~input|i                                                                                                                                                   ;
;   0.261 ;   0.261 ; RR ; CELL   ; 1      ; IOIBUF_X148_Y16_N32 ;            ; CLK_50~input|o                                                                                                                                                   ;
;   0.322 ;   0.061 ; RR ; CELL   ; 1      ; IOIBUF_X148_Y16_N32 ;            ; CLK_50~input~io_48_lvds_tile_edge/ioclkin[0]                                                                                                                     ;
;   0.322 ;   0.000 ; RR ; IC     ; 2      ; CLKCTRL_3A_G_I20    ;            ; CLK_50~inputCLKENA0|inclk                                                                                                                                        ;
;   0.551 ;   0.229 ; RR ; CELL   ; 181454 ; CLKCTRL_3A_G_I20    ;            ; CLK_50~inputCLKENA0|outclk                                                                                                                                       ;
;   2.449 ;   1.898 ; RR ; IC     ; 1      ; FF_X111_Y8_N16      ; High Speed ; System|intel_niosv_g_0|intel_niosv_g_0|dbg_mod|dtm_inst|rsp_clk_xer|clock_xer|alt_rst_req_sync_in_rst|altera_reset_synchronizer_int_chain_out|clk                ;
;   2.449 ;   0.000 ; RR ; CELL   ; 1      ; FF_X111_Y8_N16      ; High Speed ; System|intel_niosv_g_0|intel_niosv_g_0|dbg_mod|dtm_inst|rsp_clk_xer|clock_xer|alt_rst_req_sync_in_rst|altera_reset_synchronizer_int_chain_out                    ;
; 2.672   ; 0.223   ;    ;        ;        ;                     ;            ; data path                                                                                                                                                        ;
;   2.547 ;   0.098 ; RR ; uTco   ; 1      ; FF_X111_Y8_N16      ;            ; System|intel_niosv_g_0|intel_niosv_g_0|dbg_mod|dtm_inst|rsp_clk_xer|clock_xer|alt_rst_req_sync_in_rst|altera_reset_synchronizer_int_chain_out|q                  ;
;   2.591 ;   0.044 ; RR ; CELL   ; 35     ; FF_X111_Y8_N16      ; High Speed ; System|intel_niosv_g_0|intel_niosv_g_0|dbg_mod|dtm_inst|rsp_clk_xer|clock_xer|alt_rst_req_sync_in_rst|altera_reset_synchronizer_int_chain_out~la_lab/laboutt[10] ;
;   2.672 ;   0.081 ; RR ; IC     ; 1      ; FF_X112_Y8_N4       ; High Speed ; System|intel_niosv_g_0|intel_niosv_g_0|dbg_mod|dtm_inst|rsp_clk_xer|clock_xer|in_data_toggle|clrn                                                                ;
;   2.672 ;   0.000 ; RR ; CELL   ; 1      ; FF_X112_Y8_N4       ; High Speed ; System|intel_niosv_g_0|intel_niosv_g_0|dbg_mod|dtm_inst|rsp_clk_xer|clock_xer|in_data_toggle                                                                     ;
+---------+---------+----+--------+--------+---------------------+------------+------------------------------------------------------------------------------------------------------------------------------------------------------------------+

+---------------------------------------------------------------------------------------------------------------------------------------------------------------------------------+
; Data Required Path                                                                                                                                                              ;
+---------+----------+----+--------+--------+---------------------+------------+--------------------------------------------------------------------------------------------------+
; Total   ; Incr     ; RF ; Type   ; Fanout ; Location            ; HS/LP      ; Element                                                                                          ;
+---------+----------+----+--------+--------+---------------------+------------+--------------------------------------------------------------------------------------------------+
; 0.000   ; 0.000    ;    ;        ;        ;                     ;            ; latch edge time                                                                                  ;
; 0.000   ; 0.000    ;    ; borrow ;        ;                     ;            ; time borrowed                                                                                    ;
; 2.459   ; 2.459    ;    ;        ;        ;                     ;            ; clock path                                                                                       ;
;   0.000 ;   0.000  ;    ;        ;        ;                     ;            ; source latency                                                                                   ;
;   0.000 ;   0.000  ;    ;        ; 1      ; PIN_AM10            ;            ; CLK_50                                                                                           ;
;   0.000 ;   0.000  ; RR ; IC     ; 1      ; IOIBUF_X148_Y16_N32 ;            ; CLK_50~input|i                                                                                   ;
;   0.261 ;   0.261  ; RR ; CELL   ; 1      ; IOIBUF_X148_Y16_N32 ;            ; CLK_50~input|o                                                                                   ;
;   0.336 ;   0.075  ; RR ; CELL   ; 1      ; IOIBUF_X148_Y16_N32 ;            ; CLK_50~input~io_48_lvds_tile_edge/ioclkin[0]                                                     ;
;   0.336 ;   0.000  ; RR ; IC     ; 2      ; CLKCTRL_3A_G_I20    ;            ; CLK_50~inputCLKENA0|inclk                                                                        ;
;   0.613 ;   0.277  ; RR ; CELL   ; 181454 ; CLKCTRL_3A_G_I20    ;            ; CLK_50~inputCLKENA0|outclk                                                                       ;
;   2.675 ;   2.062  ; RR ; IC     ; 1      ; FF_X112_Y8_N4       ; High Speed ; System|intel_niosv_g_0|intel_niosv_g_0|dbg_mod|dtm_inst|rsp_clk_xer|clock_xer|in_data_toggle|clk ;
;   2.675 ;   0.000  ; RR ; CELL   ; 1      ; FF_X112_Y8_N4       ; High Speed ; System|intel_niosv_g_0|intel_niosv_g_0|dbg_mod|dtm_inst|rsp_clk_xer|clock_xer|in_data_toggle     ;
;   2.459 ;   -0.216 ;    ;        ;        ;                     ;            ; clock pessimism removed                                                                          ;
; 2.459   ; 0.000    ;    ;        ;        ;                     ;            ; clock uncertainty                                                                                ;
; 2.526   ; 0.067    ;    ; uTh    ; 1      ; FF_X112_Y8_N4       ;            ; System|intel_niosv_g_0|intel_niosv_g_0|dbg_mod|dtm_inst|rsp_clk_xer|clock_xer|in_data_toggle     ;
+---------+----------+----+--------+--------+---------------------+------------+--------------------------------------------------------------------------------------------------+



Path #3: Removal slack is 0.147 
===============================================================================
+---------------------------------------------------------------------------------------------------------------------------------------------------------------------------------+
; Path Summary                                                                                                                                                                    ;
+---------------------------------+-----------------------------------------------------------------------------------------------------------------------------------------------+
; Property                        ; Value                                                                                                                                         ;
+---------------------------------+-----------------------------------------------------------------------------------------------------------------------------------------------+
; From Node                       ; System|intel_niosv_g_0|intel_niosv_g_0|dbg_mod|dtm_inst|rsp_clk_xer|clock_xer|alt_rst_req_sync_in_rst|altera_reset_synchronizer_int_chain_out ;
; To Node                         ; System|intel_niosv_g_0|intel_niosv_g_0|dbg_mod|dtm_inst|rsp_clk_xer|clock_xer|in_data_buffer[27]                                              ;
; Launch Clock                    ; CLK_50                                                                                                                                        ;
; Latch Clock                     ; CLK_50                                                                                                                                        ;
; SDC Exception                   ; No SDC Exception on Path                                                                                                                      ;
; Data Arrival Time               ; 2.672                                                                                                                                         ;
; Data Required Time              ; 2.525                                                                                                                                         ;
; Slack                           ; 0.147                                                                                                                                         ;
; Worst-Case Operating Conditions ; Fast 900mV 0C Model                                                                                                                           ;
+---------------------------------+-----------------------------------------------------------------------------------------------------------------------------------------------+

+-----------------------------------------------------------------------------------+
; Statistics                                                                        ;
+------------------------+-------+-------+-------------+------------+-------+-------+
; Property               ; Value ; Count ; Total Delay ; % of Total ; Min   ; Max   ;
+------------------------+-------+-------+-------------+------------+-------+-------+
; Removal Relationship   ; 0.000 ;       ;             ;            ;       ;       ;
; Clock Skew             ; 0.010 ;       ;             ;            ;       ;       ;
; Data Delay             ; 0.223 ;       ;             ;            ;       ;       ;
; Number of Logic Levels ;       ; 0     ;             ;            ;       ;       ;
; Physical Delays        ;       ;       ;             ;            ;       ;       ;
;  Arrival Path          ;       ;       ;             ;            ;       ;       ;
;   Clock                ;       ;       ;             ;            ;       ;       ;
;    IC                  ;       ; 3     ; 1.898       ; 78         ; 0.000 ; 1.898 ;
;    Cell                ;       ; 4     ; 0.551       ; 22         ; 0.000 ; 0.261 ;
;   Data                 ;       ;       ;             ;            ;       ;       ;
;    IC                  ;       ; 1     ; 0.081       ; 36         ; 0.081 ; 0.081 ;
;    Cell                ;       ; 2     ; 0.044       ; 20         ; 0.000 ; 0.044 ;
;    uTco                ;       ; 1     ; 0.098       ; 44         ; 0.098 ; 0.098 ;
;  Required Path         ;       ;       ;             ;            ;       ;       ;
;   Clock                ;       ;       ;             ;            ;       ;       ;
;    IC                  ;       ; 3     ; 2.062       ; 77         ; 0.000 ; 2.062 ;
;    Cell                ;       ; 4     ; 0.613       ; 23         ; 0.000 ; 0.277 ;
+------------------------+-------+-------+-------------+------------+-------+-------+
Note: Negative delays are omitted from totals when calculating percentages

+------------------------------------------------------------------------------------------------------------------------------------------------------------------------------------------------------------------------------------------------+
; Data Arrival Path                                                                                                                                                                                                                              ;
+---------+---------+----+--------+--------+---------------------+------------+------------------------------------------------------------------------------------------------------------------------------------------------------------------+
; Total   ; Incr    ; RF ; Type   ; Fanout ; Location            ; HS/LP      ; Element                                                                                                                                                          ;
+---------+---------+----+--------+--------+---------------------+------------+------------------------------------------------------------------------------------------------------------------------------------------------------------------+
; 0.000   ; 0.000   ;    ;        ;        ;                     ;            ; launch edge time                                                                                                                                                 ;
; 0.000   ; 0.000   ;    ; borrow ;        ;                     ;            ; time borrowed                                                                                                                                                    ;
; 2.449   ; 2.449   ;    ;        ;        ;                     ;            ; clock path                                                                                                                                                       ;
;   0.000 ;   0.000 ;    ;        ;        ;                     ;            ; source latency                                                                                                                                                   ;
;   0.000 ;   0.000 ;    ;        ; 1      ; PIN_AM10            ;            ; CLK_50                                                                                                                                                           ;
;   0.000 ;   0.000 ; RR ; IC     ; 1      ; IOIBUF_X148_Y16_N32 ;            ; CLK_50~input|i                                                                                                                                                   ;
;   0.261 ;   0.261 ; RR ; CELL   ; 1      ; IOIBUF_X148_Y16_N32 ;            ; CLK_50~input|o                                                                                                                                                   ;
;   0.322 ;   0.061 ; RR ; CELL   ; 1      ; IOIBUF_X148_Y16_N32 ;            ; CLK_50~input~io_48_lvds_tile_edge/ioclkin[0]                                                                                                                     ;
;   0.322 ;   0.000 ; RR ; IC     ; 2      ; CLKCTRL_3A_G_I20    ;            ; CLK_50~inputCLKENA0|inclk                                                                                                                                        ;
;   0.551 ;   0.229 ; RR ; CELL   ; 181454 ; CLKCTRL_3A_G_I20    ;            ; CLK_50~inputCLKENA0|outclk                                                                                                                                       ;
;   2.449 ;   1.898 ; RR ; IC     ; 1      ; FF_X111_Y8_N16      ; High Speed ; System|intel_niosv_g_0|intel_niosv_g_0|dbg_mod|dtm_inst|rsp_clk_xer|clock_xer|alt_rst_req_sync_in_rst|altera_reset_synchronizer_int_chain_out|clk                ;
;   2.449 ;   0.000 ; RR ; CELL   ; 1      ; FF_X111_Y8_N16      ; High Speed ; System|intel_niosv_g_0|intel_niosv_g_0|dbg_mod|dtm_inst|rsp_clk_xer|clock_xer|alt_rst_req_sync_in_rst|altera_reset_synchronizer_int_chain_out                    ;
; 2.672   ; 0.223   ;    ;        ;        ;                     ;            ; data path                                                                                                                                                        ;
;   2.547 ;   0.098 ; RR ; uTco   ; 1      ; FF_X111_Y8_N16      ;            ; System|intel_niosv_g_0|intel_niosv_g_0|dbg_mod|dtm_inst|rsp_clk_xer|clock_xer|alt_rst_req_sync_in_rst|altera_reset_synchronizer_int_chain_out|q                  ;
;   2.591 ;   0.044 ; RR ; CELL   ; 35     ; FF_X111_Y8_N16      ; High Speed ; System|intel_niosv_g_0|intel_niosv_g_0|dbg_mod|dtm_inst|rsp_clk_xer|clock_xer|alt_rst_req_sync_in_rst|altera_reset_synchronizer_int_chain_out~la_lab/laboutt[10] ;
;   2.672 ;   0.081 ; RR ; IC     ; 1      ; FF_X112_Y8_N11      ; High Speed ; System|intel_niosv_g_0|intel_niosv_g_0|dbg_mod|dtm_inst|rsp_clk_xer|clock_xer|in_data_buffer[27]|clrn                                                            ;
;   2.672 ;   0.000 ; RR ; CELL   ; 1      ; FF_X112_Y8_N11      ; High Speed ; System|intel_niosv_g_0|intel_niosv_g_0|dbg_mod|dtm_inst|rsp_clk_xer|clock_xer|in_data_buffer[27]                                                                 ;
+---------+---------+----+--------+--------+---------------------+------------+------------------------------------------------------------------------------------------------------------------------------------------------------------------+

+-------------------------------------------------------------------------------------------------------------------------------------------------------------------------------------+
; Data Required Path                                                                                                                                                                  ;
+---------+----------+----+--------+--------+---------------------+------------+------------------------------------------------------------------------------------------------------+
; Total   ; Incr     ; RF ; Type   ; Fanout ; Location            ; HS/LP      ; Element                                                                                              ;
+---------+----------+----+--------+--------+---------------------+------------+------------------------------------------------------------------------------------------------------+
; 0.000   ; 0.000    ;    ;        ;        ;                     ;            ; latch edge time                                                                                      ;
; 0.000   ; 0.000    ;    ; borrow ;        ;                     ;            ; time borrowed                                                                                        ;
; 2.459   ; 2.459    ;    ;        ;        ;                     ;            ; clock path                                                                                           ;
;   0.000 ;   0.000  ;    ;        ;        ;                     ;            ; source latency                                                                                       ;
;   0.000 ;   0.000  ;    ;        ; 1      ; PIN_AM10            ;            ; CLK_50                                                                                               ;
;   0.000 ;   0.000  ; RR ; IC     ; 1      ; IOIBUF_X148_Y16_N32 ;            ; CLK_50~input|i                                                                                       ;
;   0.261 ;   0.261  ; RR ; CELL   ; 1      ; IOIBUF_X148_Y16_N32 ;            ; CLK_50~input|o                                                                                       ;
;   0.336 ;   0.075  ; RR ; CELL   ; 1      ; IOIBUF_X148_Y16_N32 ;            ; CLK_50~input~io_48_lvds_tile_edge/ioclkin[0]                                                         ;
;   0.336 ;   0.000  ; RR ; IC     ; 2      ; CLKCTRL_3A_G_I20    ;            ; CLK_50~inputCLKENA0|inclk                                                                            ;
;   0.613 ;   0.277  ; RR ; CELL   ; 181454 ; CLKCTRL_3A_G_I20    ;            ; CLK_50~inputCLKENA0|outclk                                                                           ;
;   2.675 ;   2.062  ; RR ; IC     ; 1      ; FF_X112_Y8_N11      ; High Speed ; System|intel_niosv_g_0|intel_niosv_g_0|dbg_mod|dtm_inst|rsp_clk_xer|clock_xer|in_data_buffer[27]|clk ;
;   2.675 ;   0.000  ; RR ; CELL   ; 1      ; FF_X112_Y8_N11      ; High Speed ; System|intel_niosv_g_0|intel_niosv_g_0|dbg_mod|dtm_inst|rsp_clk_xer|clock_xer|in_data_buffer[27]     ;
;   2.459 ;   -0.216 ;    ;        ;        ;                     ;            ; clock pessimism removed                                                                              ;
; 2.459   ; 0.000    ;    ;        ;        ;                     ;            ; clock uncertainty                                                                                    ;
; 2.525   ; 0.066    ;    ; uTh    ; 1      ; FF_X112_Y8_N11      ;            ; System|intel_niosv_g_0|intel_niosv_g_0|dbg_mod|dtm_inst|rsp_clk_xer|clock_xer|in_data_buffer[27]     ;
+---------+----------+----+--------+--------+---------------------+------------+------------------------------------------------------------------------------------------------------+



Path #4: Removal slack is 0.150 
===============================================================================
+---------------------------------------------------------------------------------------------------------------------------------------------------------------------------------+
; Path Summary                                                                                                                                                                    ;
+---------------------------------+-----------------------------------------------------------------------------------------------------------------------------------------------+
; Property                        ; Value                                                                                                                                         ;
+---------------------------------+-----------------------------------------------------------------------------------------------------------------------------------------------+
; From Node                       ; System|intel_niosv_g_0|intel_niosv_g_0|dbg_mod|dtm_inst|rsp_clk_xer|clock_xer|alt_rst_req_sync_in_rst|altera_reset_synchronizer_int_chain_out ;
; To Node                         ; System|intel_niosv_g_0|intel_niosv_g_0|dbg_mod|dtm_inst|rsp_clk_xer|clock_xer|in_data_buffer[21]                                              ;
; Launch Clock                    ; CLK_50                                                                                                                                        ;
; Latch Clock                     ; CLK_50                                                                                                                                        ;
; SDC Exception                   ; No SDC Exception on Path                                                                                                                      ;
; Data Arrival Time               ; 2.672                                                                                                                                         ;
; Data Required Time              ; 2.522                                                                                                                                         ;
; Slack                           ; 0.150                                                                                                                                         ;
; Worst-Case Operating Conditions ; Fast 900mV 0C Model                                                                                                                           ;
+---------------------------------+-----------------------------------------------------------------------------------------------------------------------------------------------+

+-----------------------------------------------------------------------------------+
; Statistics                                                                        ;
+------------------------+-------+-------+-------------+------------+-------+-------+
; Property               ; Value ; Count ; Total Delay ; % of Total ; Min   ; Max   ;
+------------------------+-------+-------+-------------+------------+-------+-------+
; Removal Relationship   ; 0.000 ;       ;             ;            ;       ;       ;
; Clock Skew             ; 0.010 ;       ;             ;            ;       ;       ;
; Data Delay             ; 0.223 ;       ;             ;            ;       ;       ;
; Number of Logic Levels ;       ; 0     ;             ;            ;       ;       ;
; Physical Delays        ;       ;       ;             ;            ;       ;       ;
;  Arrival Path          ;       ;       ;             ;            ;       ;       ;
;   Clock                ;       ;       ;             ;            ;       ;       ;
;    IC                  ;       ; 3     ; 1.898       ; 78         ; 0.000 ; 1.898 ;
;    Cell                ;       ; 4     ; 0.551       ; 22         ; 0.000 ; 0.261 ;
;   Data                 ;       ;       ;             ;            ;       ;       ;
;    IC                  ;       ; 1     ; 0.081       ; 36         ; 0.081 ; 0.081 ;
;    Cell                ;       ; 2     ; 0.044       ; 20         ; 0.000 ; 0.044 ;
;    uTco                ;       ; 1     ; 0.098       ; 44         ; 0.098 ; 0.098 ;
;  Required Path         ;       ;       ;             ;            ;       ;       ;
;   Clock                ;       ;       ;             ;            ;       ;       ;
;    IC                  ;       ; 3     ; 2.062       ; 77         ; 0.000 ; 2.062 ;
;    Cell                ;       ; 4     ; 0.613       ; 23         ; 0.000 ; 0.277 ;
+------------------------+-------+-------+-------------+------------+-------+-------+
Note: Negative delays are omitted from totals when calculating percentages

+------------------------------------------------------------------------------------------------------------------------------------------------------------------------------------------------------------------------------------------------+
; Data Arrival Path                                                                                                                                                                                                                              ;
+---------+---------+----+--------+--------+---------------------+------------+------------------------------------------------------------------------------------------------------------------------------------------------------------------+
; Total   ; Incr    ; RF ; Type   ; Fanout ; Location            ; HS/LP      ; Element                                                                                                                                                          ;
+---------+---------+----+--------+--------+---------------------+------------+------------------------------------------------------------------------------------------------------------------------------------------------------------------+
; 0.000   ; 0.000   ;    ;        ;        ;                     ;            ; launch edge time                                                                                                                                                 ;
; 0.000   ; 0.000   ;    ; borrow ;        ;                     ;            ; time borrowed                                                                                                                                                    ;
; 2.449   ; 2.449   ;    ;        ;        ;                     ;            ; clock path                                                                                                                                                       ;
;   0.000 ;   0.000 ;    ;        ;        ;                     ;            ; source latency                                                                                                                                                   ;
;   0.000 ;   0.000 ;    ;        ; 1      ; PIN_AM10            ;            ; CLK_50                                                                                                                                                           ;
;   0.000 ;   0.000 ; RR ; IC     ; 1      ; IOIBUF_X148_Y16_N32 ;            ; CLK_50~input|i                                                                                                                                                   ;
;   0.261 ;   0.261 ; RR ; CELL   ; 1      ; IOIBUF_X148_Y16_N32 ;            ; CLK_50~input|o                                                                                                                                                   ;
;   0.322 ;   0.061 ; RR ; CELL   ; 1      ; IOIBUF_X148_Y16_N32 ;            ; CLK_50~input~io_48_lvds_tile_edge/ioclkin[0]                                                                                                                     ;
;   0.322 ;   0.000 ; RR ; IC     ; 2      ; CLKCTRL_3A_G_I20    ;            ; CLK_50~inputCLKENA0|inclk                                                                                                                                        ;
;   0.551 ;   0.229 ; RR ; CELL   ; 181454 ; CLKCTRL_3A_G_I20    ;            ; CLK_50~inputCLKENA0|outclk                                                                                                                                       ;
;   2.449 ;   1.898 ; RR ; IC     ; 1      ; FF_X111_Y8_N16      ; High Speed ; System|intel_niosv_g_0|intel_niosv_g_0|dbg_mod|dtm_inst|rsp_clk_xer|clock_xer|alt_rst_req_sync_in_rst|altera_reset_synchronizer_int_chain_out|clk                ;
;   2.449 ;   0.000 ; RR ; CELL   ; 1      ; FF_X111_Y8_N16      ; High Speed ; System|intel_niosv_g_0|intel_niosv_g_0|dbg_mod|dtm_inst|rsp_clk_xer|clock_xer|alt_rst_req_sync_in_rst|altera_reset_synchronizer_int_chain_out                    ;
; 2.672   ; 0.223   ;    ;        ;        ;                     ;            ; data path                                                                                                                                                        ;
;   2.547 ;   0.098 ; RR ; uTco   ; 1      ; FF_X111_Y8_N16      ;            ; System|intel_niosv_g_0|intel_niosv_g_0|dbg_mod|dtm_inst|rsp_clk_xer|clock_xer|alt_rst_req_sync_in_rst|altera_reset_synchronizer_int_chain_out|q                  ;
;   2.591 ;   0.044 ; RR ; CELL   ; 35     ; FF_X111_Y8_N16      ; High Speed ; System|intel_niosv_g_0|intel_niosv_g_0|dbg_mod|dtm_inst|rsp_clk_xer|clock_xer|alt_rst_req_sync_in_rst|altera_reset_synchronizer_int_chain_out~la_lab/laboutt[10] ;
;   2.672 ;   0.081 ; RR ; IC     ; 1      ; FF_X112_Y8_N26      ; High Speed ; System|intel_niosv_g_0|intel_niosv_g_0|dbg_mod|dtm_inst|rsp_clk_xer|clock_xer|in_data_buffer[21]|clrn                                                            ;
;   2.672 ;   0.000 ; RR ; CELL   ; 1      ; FF_X112_Y8_N26      ; High Speed ; System|intel_niosv_g_0|intel_niosv_g_0|dbg_mod|dtm_inst|rsp_clk_xer|clock_xer|in_data_buffer[21]                                                                 ;
+---------+---------+----+--------+--------+---------------------+------------+------------------------------------------------------------------------------------------------------------------------------------------------------------------+

+-------------------------------------------------------------------------------------------------------------------------------------------------------------------------------------+
; Data Required Path                                                                                                                                                                  ;
+---------+----------+----+--------+--------+---------------------+------------+------------------------------------------------------------------------------------------------------+
; Total   ; Incr     ; RF ; Type   ; Fanout ; Location            ; HS/LP      ; Element                                                                                              ;
+---------+----------+----+--------+--------+---------------------+------------+------------------------------------------------------------------------------------------------------+
; 0.000   ; 0.000    ;    ;        ;        ;                     ;            ; latch edge time                                                                                      ;
; 0.000   ; 0.000    ;    ; borrow ;        ;                     ;            ; time borrowed                                                                                        ;
; 2.459   ; 2.459    ;    ;        ;        ;                     ;            ; clock path                                                                                           ;
;   0.000 ;   0.000  ;    ;        ;        ;                     ;            ; source latency                                                                                       ;
;   0.000 ;   0.000  ;    ;        ; 1      ; PIN_AM10            ;            ; CLK_50                                                                                               ;
;   0.000 ;   0.000  ; RR ; IC     ; 1      ; IOIBUF_X148_Y16_N32 ;            ; CLK_50~input|i                                                                                       ;
;   0.261 ;   0.261  ; RR ; CELL   ; 1      ; IOIBUF_X148_Y16_N32 ;            ; CLK_50~input|o                                                                                       ;
;   0.336 ;   0.075  ; RR ; CELL   ; 1      ; IOIBUF_X148_Y16_N32 ;            ; CLK_50~input~io_48_lvds_tile_edge/ioclkin[0]                                                         ;
;   0.336 ;   0.000  ; RR ; IC     ; 2      ; CLKCTRL_3A_G_I20    ;            ; CLK_50~inputCLKENA0|inclk                                                                            ;
;   0.613 ;   0.277  ; RR ; CELL   ; 181454 ; CLKCTRL_3A_G_I20    ;            ; CLK_50~inputCLKENA0|outclk                                                                           ;
;   2.675 ;   2.062  ; RR ; IC     ; 1      ; FF_X112_Y8_N26      ; High Speed ; System|intel_niosv_g_0|intel_niosv_g_0|dbg_mod|dtm_inst|rsp_clk_xer|clock_xer|in_data_buffer[21]|clk ;
;   2.675 ;   0.000  ; RR ; CELL   ; 1      ; FF_X112_Y8_N26      ; High Speed ; System|intel_niosv_g_0|intel_niosv_g_0|dbg_mod|dtm_inst|rsp_clk_xer|clock_xer|in_data_buffer[21]     ;
;   2.459 ;   -0.216 ;    ;        ;        ;                     ;            ; clock pessimism removed                                                                              ;
; 2.459   ; 0.000    ;    ;        ;        ;                     ;            ; clock uncertainty                                                                                    ;
; 2.522   ; 0.063    ;    ; uTh    ; 1      ; FF_X112_Y8_N26      ;            ; System|intel_niosv_g_0|intel_niosv_g_0|dbg_mod|dtm_inst|rsp_clk_xer|clock_xer|in_data_buffer[21]     ;
+---------+----------+----+--------+--------+---------------------+------------+------------------------------------------------------------------------------------------------------+



Path #5: Removal slack is 0.151 
===============================================================================
+---------------------------------------------------------------------------------------------------------------------------------------------------------------------------------+
; Path Summary                                                                                                                                                                    ;
+---------------------------------+-----------------------------------------------------------------------------------------------------------------------------------------------+
; Property                        ; Value                                                                                                                                         ;
+---------------------------------+-----------------------------------------------------------------------------------------------------------------------------------------------+
; From Node                       ; System|intel_niosv_g_0|intel_niosv_g_0|dbg_mod|dtm_inst|rsp_clk_xer|clock_xer|alt_rst_req_sync_in_rst|altera_reset_synchronizer_int_chain_out ;
; To Node                         ; System|intel_niosv_g_0|intel_niosv_g_0|dbg_mod|dtm_inst|rsp_clk_xer|clock_xer|in_data_buffer[14]                                              ;
; Launch Clock                    ; CLK_50                                                                                                                                        ;
; Latch Clock                     ; CLK_50                                                                                                                                        ;
; SDC Exception                   ; No SDC Exception on Path                                                                                                                      ;
; Data Arrival Time               ; 2.672                                                                                                                                         ;
; Data Required Time              ; 2.521                                                                                                                                         ;
; Slack                           ; 0.151                                                                                                                                         ;
; Worst-Case Operating Conditions ; Fast 900mV 0C Model                                                                                                                           ;
+---------------------------------+-----------------------------------------------------------------------------------------------------------------------------------------------+

+-----------------------------------------------------------------------------------+
; Statistics                                                                        ;
+------------------------+-------+-------+-------------+------------+-------+-------+
; Property               ; Value ; Count ; Total Delay ; % of Total ; Min   ; Max   ;
+------------------------+-------+-------+-------------+------------+-------+-------+
; Removal Relationship   ; 0.000 ;       ;             ;            ;       ;       ;
; Clock Skew             ; 0.010 ;       ;             ;            ;       ;       ;
; Data Delay             ; 0.223 ;       ;             ;            ;       ;       ;
; Number of Logic Levels ;       ; 0     ;             ;            ;       ;       ;
; Physical Delays        ;       ;       ;             ;            ;       ;       ;
;  Arrival Path          ;       ;       ;             ;            ;       ;       ;
;   Clock                ;       ;       ;             ;            ;       ;       ;
;    IC                  ;       ; 3     ; 1.898       ; 78         ; 0.000 ; 1.898 ;
;    Cell                ;       ; 4     ; 0.551       ; 22         ; 0.000 ; 0.261 ;
;   Data                 ;       ;       ;             ;            ;       ;       ;
;    IC                  ;       ; 1     ; 0.081       ; 36         ; 0.081 ; 0.081 ;
;    Cell                ;       ; 2     ; 0.044       ; 20         ; 0.000 ; 0.044 ;
;    uTco                ;       ; 1     ; 0.098       ; 44         ; 0.098 ; 0.098 ;
;  Required Path         ;       ;       ;             ;            ;       ;       ;
;   Clock                ;       ;       ;             ;            ;       ;       ;
;    IC                  ;       ; 3     ; 2.062       ; 77         ; 0.000 ; 2.062 ;
;    Cell                ;       ; 4     ; 0.613       ; 23         ; 0.000 ; 0.277 ;
+------------------------+-------+-------+-------------+------------+-------+-------+
Note: Negative delays are omitted from totals when calculating percentages

+------------------------------------------------------------------------------------------------------------------------------------------------------------------------------------------------------------------------------------------------+
; Data Arrival Path                                                                                                                                                                                                                              ;
+---------+---------+----+--------+--------+---------------------+------------+------------------------------------------------------------------------------------------------------------------------------------------------------------------+
; Total   ; Incr    ; RF ; Type   ; Fanout ; Location            ; HS/LP      ; Element                                                                                                                                                          ;
+---------+---------+----+--------+--------+---------------------+------------+------------------------------------------------------------------------------------------------------------------------------------------------------------------+
; 0.000   ; 0.000   ;    ;        ;        ;                     ;            ; launch edge time                                                                                                                                                 ;
; 0.000   ; 0.000   ;    ; borrow ;        ;                     ;            ; time borrowed                                                                                                                                                    ;
; 2.449   ; 2.449   ;    ;        ;        ;                     ;            ; clock path                                                                                                                                                       ;
;   0.000 ;   0.000 ;    ;        ;        ;                     ;            ; source latency                                                                                                                                                   ;
;   0.000 ;   0.000 ;    ;        ; 1      ; PIN_AM10            ;            ; CLK_50                                                                                                                                                           ;
;   0.000 ;   0.000 ; RR ; IC     ; 1      ; IOIBUF_X148_Y16_N32 ;            ; CLK_50~input|i                                                                                                                                                   ;
;   0.261 ;   0.261 ; RR ; CELL   ; 1      ; IOIBUF_X148_Y16_N32 ;            ; CLK_50~input|o                                                                                                                                                   ;
;   0.322 ;   0.061 ; RR ; CELL   ; 1      ; IOIBUF_X148_Y16_N32 ;            ; CLK_50~input~io_48_lvds_tile_edge/ioclkin[0]                                                                                                                     ;
;   0.322 ;   0.000 ; RR ; IC     ; 2      ; CLKCTRL_3A_G_I20    ;            ; CLK_50~inputCLKENA0|inclk                                                                                                                                        ;
;   0.551 ;   0.229 ; RR ; CELL   ; 181454 ; CLKCTRL_3A_G_I20    ;            ; CLK_50~inputCLKENA0|outclk                                                                                                                                       ;
;   2.449 ;   1.898 ; RR ; IC     ; 1      ; FF_X111_Y8_N16      ; High Speed ; System|intel_niosv_g_0|intel_niosv_g_0|dbg_mod|dtm_inst|rsp_clk_xer|clock_xer|alt_rst_req_sync_in_rst|altera_reset_synchronizer_int_chain_out|clk                ;
;   2.449 ;   0.000 ; RR ; CELL   ; 1      ; FF_X111_Y8_N16      ; High Speed ; System|intel_niosv_g_0|intel_niosv_g_0|dbg_mod|dtm_inst|rsp_clk_xer|clock_xer|alt_rst_req_sync_in_rst|altera_reset_synchronizer_int_chain_out                    ;
; 2.672   ; 0.223   ;    ;        ;        ;                     ;            ; data path                                                                                                                                                        ;
;   2.547 ;   0.098 ; RR ; uTco   ; 1      ; FF_X111_Y8_N16      ;            ; System|intel_niosv_g_0|intel_niosv_g_0|dbg_mod|dtm_inst|rsp_clk_xer|clock_xer|alt_rst_req_sync_in_rst|altera_reset_synchronizer_int_chain_out|q                  ;
;   2.591 ;   0.044 ; RR ; CELL   ; 35     ; FF_X111_Y8_N16      ; High Speed ; System|intel_niosv_g_0|intel_niosv_g_0|dbg_mod|dtm_inst|rsp_clk_xer|clock_xer|alt_rst_req_sync_in_rst|altera_reset_synchronizer_int_chain_out~la_lab/laboutt[10] ;
;   2.672 ;   0.081 ; RR ; IC     ; 1      ; FF_X112_Y8_N44      ; High Speed ; System|intel_niosv_g_0|intel_niosv_g_0|dbg_mod|dtm_inst|rsp_clk_xer|clock_xer|in_data_buffer[14]|clrn                                                            ;
;   2.672 ;   0.000 ; RR ; CELL   ; 1      ; FF_X112_Y8_N44      ; High Speed ; System|intel_niosv_g_0|intel_niosv_g_0|dbg_mod|dtm_inst|rsp_clk_xer|clock_xer|in_data_buffer[14]                                                                 ;
+---------+---------+----+--------+--------+---------------------+------------+------------------------------------------------------------------------------------------------------------------------------------------------------------------+

+-------------------------------------------------------------------------------------------------------------------------------------------------------------------------------------+
; Data Required Path                                                                                                                                                                  ;
+---------+----------+----+--------+--------+---------------------+------------+------------------------------------------------------------------------------------------------------+
; Total   ; Incr     ; RF ; Type   ; Fanout ; Location            ; HS/LP      ; Element                                                                                              ;
+---------+----------+----+--------+--------+---------------------+------------+------------------------------------------------------------------------------------------------------+
; 0.000   ; 0.000    ;    ;        ;        ;                     ;            ; latch edge time                                                                                      ;
; 0.000   ; 0.000    ;    ; borrow ;        ;                     ;            ; time borrowed                                                                                        ;
; 2.459   ; 2.459    ;    ;        ;        ;                     ;            ; clock path                                                                                           ;
;   0.000 ;   0.000  ;    ;        ;        ;                     ;            ; source latency                                                                                       ;
;   0.000 ;   0.000  ;    ;        ; 1      ; PIN_AM10            ;            ; CLK_50                                                                                               ;
;   0.000 ;   0.000  ; RR ; IC     ; 1      ; IOIBUF_X148_Y16_N32 ;            ; CLK_50~input|i                                                                                       ;
;   0.261 ;   0.261  ; RR ; CELL   ; 1      ; IOIBUF_X148_Y16_N32 ;            ; CLK_50~input|o                                                                                       ;
;   0.336 ;   0.075  ; RR ; CELL   ; 1      ; IOIBUF_X148_Y16_N32 ;            ; CLK_50~input~io_48_lvds_tile_edge/ioclkin[0]                                                         ;
;   0.336 ;   0.000  ; RR ; IC     ; 2      ; CLKCTRL_3A_G_I20    ;            ; CLK_50~inputCLKENA0|inclk                                                                            ;
;   0.613 ;   0.277  ; RR ; CELL   ; 181454 ; CLKCTRL_3A_G_I20    ;            ; CLK_50~inputCLKENA0|outclk                                                                           ;
;   2.675 ;   2.062  ; RR ; IC     ; 1      ; FF_X112_Y8_N44      ; High Speed ; System|intel_niosv_g_0|intel_niosv_g_0|dbg_mod|dtm_inst|rsp_clk_xer|clock_xer|in_data_buffer[14]|clk ;
;   2.675 ;   0.000  ; RR ; CELL   ; 1      ; FF_X112_Y8_N44      ; High Speed ; System|intel_niosv_g_0|intel_niosv_g_0|dbg_mod|dtm_inst|rsp_clk_xer|clock_xer|in_data_buffer[14]     ;
;   2.459 ;   -0.216 ;    ;        ;        ;                     ;            ; clock pessimism removed                                                                              ;
; 2.459   ; 0.000    ;    ;        ;        ;                     ;            ; clock uncertainty                                                                                    ;
; 2.521   ; 0.062    ;    ; uTh    ; 1      ; FF_X112_Y8_N44      ;            ; System|intel_niosv_g_0|intel_niosv_g_0|dbg_mod|dtm_inst|rsp_clk_xer|clock_xer|in_data_buffer[14]     ;
+---------+----------+----+--------+--------+---------------------+------------+------------------------------------------------------------------------------------------------------+



Path #6: Removal slack is 0.152 
===============================================================================
+---------------------------------------------------------------------------------------------------------------------------------------------------------------------------------+
; Path Summary                                                                                                                                                                    ;
+---------------------------------+-----------------------------------------------------------------------------------------------------------------------------------------------+
; Property                        ; Value                                                                                                                                         ;
+---------------------------------+-----------------------------------------------------------------------------------------------------------------------------------------------+
; From Node                       ; System|intel_niosv_g_0|intel_niosv_g_0|dbg_mod|dtm_inst|rsp_clk_xer|clock_xer|alt_rst_req_sync_in_rst|altera_reset_synchronizer_int_chain_out ;
; To Node                         ; System|intel_niosv_g_0|intel_niosv_g_0|dbg_mod|dtm_inst|rsp_clk_xer|clock_xer|in_data_buffer[8]                                               ;
; Launch Clock                    ; CLK_50                                                                                                                                        ;
; Latch Clock                     ; CLK_50                                                                                                                                        ;
; SDC Exception                   ; No SDC Exception on Path                                                                                                                      ;
; Data Arrival Time               ; 2.672                                                                                                                                         ;
; Data Required Time              ; 2.520                                                                                                                                         ;
; Slack                           ; 0.152                                                                                                                                         ;
; Worst-Case Operating Conditions ; Fast 900mV 0C Model                                                                                                                           ;
+---------------------------------+-----------------------------------------------------------------------------------------------------------------------------------------------+

+-----------------------------------------------------------------------------------+
; Statistics                                                                        ;
+------------------------+-------+-------+-------------+------------+-------+-------+
; Property               ; Value ; Count ; Total Delay ; % of Total ; Min   ; Max   ;
+------------------------+-------+-------+-------------+------------+-------+-------+
; Removal Relationship   ; 0.000 ;       ;             ;            ;       ;       ;
; Clock Skew             ; 0.010 ;       ;             ;            ;       ;       ;
; Data Delay             ; 0.223 ;       ;             ;            ;       ;       ;
; Number of Logic Levels ;       ; 0     ;             ;            ;       ;       ;
; Physical Delays        ;       ;       ;             ;            ;       ;       ;
;  Arrival Path          ;       ;       ;             ;            ;       ;       ;
;   Clock                ;       ;       ;             ;            ;       ;       ;
;    IC                  ;       ; 3     ; 1.898       ; 78         ; 0.000 ; 1.898 ;
;    Cell                ;       ; 4     ; 0.551       ; 22         ; 0.000 ; 0.261 ;
;   Data                 ;       ;       ;             ;            ;       ;       ;
;    IC                  ;       ; 1     ; 0.081       ; 36         ; 0.081 ; 0.081 ;
;    Cell                ;       ; 2     ; 0.044       ; 20         ; 0.000 ; 0.044 ;
;    uTco                ;       ; 1     ; 0.098       ; 44         ; 0.098 ; 0.098 ;
;  Required Path         ;       ;       ;             ;            ;       ;       ;
;   Clock                ;       ;       ;             ;            ;       ;       ;
;    IC                  ;       ; 3     ; 2.062       ; 77         ; 0.000 ; 2.062 ;
;    Cell                ;       ; 4     ; 0.613       ; 23         ; 0.000 ; 0.277 ;
+------------------------+-------+-------+-------------+------------+-------+-------+
Note: Negative delays are omitted from totals when calculating percentages

+------------------------------------------------------------------------------------------------------------------------------------------------------------------------------------------------------------------------------------------------+
; Data Arrival Path                                                                                                                                                                                                                              ;
+---------+---------+----+--------+--------+---------------------+------------+------------------------------------------------------------------------------------------------------------------------------------------------------------------+
; Total   ; Incr    ; RF ; Type   ; Fanout ; Location            ; HS/LP      ; Element                                                                                                                                                          ;
+---------+---------+----+--------+--------+---------------------+------------+------------------------------------------------------------------------------------------------------------------------------------------------------------------+
; 0.000   ; 0.000   ;    ;        ;        ;                     ;            ; launch edge time                                                                                                                                                 ;
; 0.000   ; 0.000   ;    ; borrow ;        ;                     ;            ; time borrowed                                                                                                                                                    ;
; 2.449   ; 2.449   ;    ;        ;        ;                     ;            ; clock path                                                                                                                                                       ;
;   0.000 ;   0.000 ;    ;        ;        ;                     ;            ; source latency                                                                                                                                                   ;
;   0.000 ;   0.000 ;    ;        ; 1      ; PIN_AM10            ;            ; CLK_50                                                                                                                                                           ;
;   0.000 ;   0.000 ; RR ; IC     ; 1      ; IOIBUF_X148_Y16_N32 ;            ; CLK_50~input|i                                                                                                                                                   ;
;   0.261 ;   0.261 ; RR ; CELL   ; 1      ; IOIBUF_X148_Y16_N32 ;            ; CLK_50~input|o                                                                                                                                                   ;
;   0.322 ;   0.061 ; RR ; CELL   ; 1      ; IOIBUF_X148_Y16_N32 ;            ; CLK_50~input~io_48_lvds_tile_edge/ioclkin[0]                                                                                                                     ;
;   0.322 ;   0.000 ; RR ; IC     ; 2      ; CLKCTRL_3A_G_I20    ;            ; CLK_50~inputCLKENA0|inclk                                                                                                                                        ;
;   0.551 ;   0.229 ; RR ; CELL   ; 181454 ; CLKCTRL_3A_G_I20    ;            ; CLK_50~inputCLKENA0|outclk                                                                                                                                       ;
;   2.449 ;   1.898 ; RR ; IC     ; 1      ; FF_X111_Y8_N16      ; High Speed ; System|intel_niosv_g_0|intel_niosv_g_0|dbg_mod|dtm_inst|rsp_clk_xer|clock_xer|alt_rst_req_sync_in_rst|altera_reset_synchronizer_int_chain_out|clk                ;
;   2.449 ;   0.000 ; RR ; CELL   ; 1      ; FF_X111_Y8_N16      ; High Speed ; System|intel_niosv_g_0|intel_niosv_g_0|dbg_mod|dtm_inst|rsp_clk_xer|clock_xer|alt_rst_req_sync_in_rst|altera_reset_synchronizer_int_chain_out                    ;
; 2.672   ; 0.223   ;    ;        ;        ;                     ;            ; data path                                                                                                                                                        ;
;   2.547 ;   0.098 ; RR ; uTco   ; 1      ; FF_X111_Y8_N16      ;            ; System|intel_niosv_g_0|intel_niosv_g_0|dbg_mod|dtm_inst|rsp_clk_xer|clock_xer|alt_rst_req_sync_in_rst|altera_reset_synchronizer_int_chain_out|q                  ;
;   2.591 ;   0.044 ; RR ; CELL   ; 35     ; FF_X111_Y8_N16      ; High Speed ; System|intel_niosv_g_0|intel_niosv_g_0|dbg_mod|dtm_inst|rsp_clk_xer|clock_xer|alt_rst_req_sync_in_rst|altera_reset_synchronizer_int_chain_out~la_lab/laboutt[10] ;
;   2.672 ;   0.081 ; RR ; IC     ; 1      ; FF_X112_Y8_N34      ; High Speed ; System|intel_niosv_g_0|intel_niosv_g_0|dbg_mod|dtm_inst|rsp_clk_xer|clock_xer|in_data_buffer[8]|clrn                                                             ;
;   2.672 ;   0.000 ; RR ; CELL   ; 1      ; FF_X112_Y8_N34      ; High Speed ; System|intel_niosv_g_0|intel_niosv_g_0|dbg_mod|dtm_inst|rsp_clk_xer|clock_xer|in_data_buffer[8]                                                                  ;
+---------+---------+----+--------+--------+---------------------+------------+------------------------------------------------------------------------------------------------------------------------------------------------------------------+

+------------------------------------------------------------------------------------------------------------------------------------------------------------------------------------+
; Data Required Path                                                                                                                                                                 ;
+---------+----------+----+--------+--------+---------------------+------------+-----------------------------------------------------------------------------------------------------+
; Total   ; Incr     ; RF ; Type   ; Fanout ; Location            ; HS/LP      ; Element                                                                                             ;
+---------+----------+----+--------+--------+---------------------+------------+-----------------------------------------------------------------------------------------------------+
; 0.000   ; 0.000    ;    ;        ;        ;                     ;            ; latch edge time                                                                                     ;
; 0.000   ; 0.000    ;    ; borrow ;        ;                     ;            ; time borrowed                                                                                       ;
; 2.459   ; 2.459    ;    ;        ;        ;                     ;            ; clock path                                                                                          ;
;   0.000 ;   0.000  ;    ;        ;        ;                     ;            ; source latency                                                                                      ;
;   0.000 ;   0.000  ;    ;        ; 1      ; PIN_AM10            ;            ; CLK_50                                                                                              ;
;   0.000 ;   0.000  ; RR ; IC     ; 1      ; IOIBUF_X148_Y16_N32 ;            ; CLK_50~input|i                                                                                      ;
;   0.261 ;   0.261  ; RR ; CELL   ; 1      ; IOIBUF_X148_Y16_N32 ;            ; CLK_50~input|o                                                                                      ;
;   0.336 ;   0.075  ; RR ; CELL   ; 1      ; IOIBUF_X148_Y16_N32 ;            ; CLK_50~input~io_48_lvds_tile_edge/ioclkin[0]                                                        ;
;   0.336 ;   0.000  ; RR ; IC     ; 2      ; CLKCTRL_3A_G_I20    ;            ; CLK_50~inputCLKENA0|inclk                                                                           ;
;   0.613 ;   0.277  ; RR ; CELL   ; 181454 ; CLKCTRL_3A_G_I20    ;            ; CLK_50~inputCLKENA0|outclk                                                                          ;
;   2.675 ;   2.062  ; RR ; IC     ; 1      ; FF_X112_Y8_N34      ; High Speed ; System|intel_niosv_g_0|intel_niosv_g_0|dbg_mod|dtm_inst|rsp_clk_xer|clock_xer|in_data_buffer[8]|clk ;
;   2.675 ;   0.000  ; RR ; CELL   ; 1      ; FF_X112_Y8_N34      ; High Speed ; System|intel_niosv_g_0|intel_niosv_g_0|dbg_mod|dtm_inst|rsp_clk_xer|clock_xer|in_data_buffer[8]     ;
;   2.459 ;   -0.216 ;    ;        ;        ;                     ;            ; clock pessimism removed                                                                             ;
; 2.459   ; 0.000    ;    ;        ;        ;                     ;            ; clock uncertainty                                                                                   ;
; 2.520   ; 0.061    ;    ; uTh    ; 1      ; FF_X112_Y8_N34      ;            ; System|intel_niosv_g_0|intel_niosv_g_0|dbg_mod|dtm_inst|rsp_clk_xer|clock_xer|in_data_buffer[8]     ;
+---------+----------+----+--------+--------+---------------------+------------+-----------------------------------------------------------------------------------------------------+



Path #7: Removal slack is 0.167 
===============================================================================
+------------------------------------------------------------------------------------------------------------------------------------+
; Path Summary                                                                                                                       ;
+---------------------------------+--------------------------------------------------------------------------------------------------+
; Property                        ; Value                                                                                            ;
+---------------------------------+--------------------------------------------------------------------------------------------------+
; From Node                       ; System|master_0|master_0|rst_controller|alt_rst_sync_uq1|altera_reset_synchronizer_int_chain_out ;
; To Node                         ; System|master_0|master_0|p2b|sent_esc                                                            ;
; Launch Clock                    ; CLK_50                                                                                           ;
; Latch Clock                     ; CLK_50                                                                                           ;
; SDC Exception                   ; No SDC Exception on Path                                                                         ;
; Data Arrival Time               ; 2.700                                                                                            ;
; Data Required Time              ; 2.533                                                                                            ;
; Slack                           ; 0.167                                                                                            ;
; Worst-Case Operating Conditions ; Fast 900mV 0C Model                                                                              ;
+---------------------------------+--------------------------------------------------------------------------------------------------+

+-----------------------------------------------------------------------------------+
; Statistics                                                                        ;
+------------------------+-------+-------+-------------+------------+-------+-------+
; Property               ; Value ; Count ; Total Delay ; % of Total ; Min   ; Max   ;
+------------------------+-------+-------+-------------+------------+-------+-------+
; Removal Relationship   ; 0.000 ;       ;             ;            ;       ;       ;
; Clock Skew             ; 0.011 ;       ;             ;            ;       ;       ;
; Data Delay             ; 0.247 ;       ;             ;            ;       ;       ;
; Number of Logic Levels ;       ; 0     ;             ;            ;       ;       ;
; Physical Delays        ;       ;       ;             ;            ;       ;       ;
;  Arrival Path          ;       ;       ;             ;            ;       ;       ;
;   Clock                ;       ;       ;             ;            ;       ;       ;
;    IC                  ;       ; 3     ; 1.902       ; 78         ; 0.000 ; 1.902 ;
;    Cell                ;       ; 4     ; 0.551       ; 22         ; 0.000 ; 0.261 ;
;   Data                 ;       ;       ;             ;            ;       ;       ;
;    IC                  ;       ; 1     ; 0.094       ; 38         ; 0.094 ; 0.094 ;
;    Cell                ;       ; 2     ; 0.049       ; 20         ; 0.000 ; 0.049 ;
;    uTco                ;       ; 1     ; 0.104       ; 42         ; 0.104 ; 0.104 ;
;  Required Path         ;       ;       ;             ;            ;       ;       ;
;   Clock                ;       ;       ;             ;            ;       ;       ;
;    IC                  ;       ; 3     ; 2.067       ; 77         ; 0.000 ; 2.067 ;
;    Cell                ;       ; 4     ; 0.613       ; 23         ; 0.000 ; 0.277 ;
+------------------------+-------+-------+-------------+------------+-------+-------+
Note: Negative delays are omitted from totals when calculating percentages

+-------------------------------------------------------------------------------------------------------------------------------------------------------------------------------------------------+
; Data Arrival Path                                                                                                                                                                               ;
+---------+---------+----+--------+--------+---------------------+-----------+--------------------------------------------------------------------------------------------------------------------+
; Total   ; Incr    ; RF ; Type   ; Fanout ; Location            ; HS/LP     ; Element                                                                                                            ;
+---------+---------+----+--------+--------+---------------------+-----------+--------------------------------------------------------------------------------------------------------------------+
; 0.000   ; 0.000   ;    ;        ;        ;                     ;           ; launch edge time                                                                                                   ;
; 0.000   ; 0.000   ;    ; borrow ;        ;                     ;           ; time borrowed                                                                                                      ;
; 2.453   ; 2.453   ;    ;        ;        ;                     ;           ; clock path                                                                                                         ;
;   0.000 ;   0.000 ;    ;        ;        ;                     ;           ; source latency                                                                                                     ;
;   0.000 ;   0.000 ;    ;        ; 1      ; PIN_AM10            ;           ; CLK_50                                                                                                             ;
;   0.000 ;   0.000 ; RR ; IC     ; 1      ; IOIBUF_X148_Y16_N32 ;           ; CLK_50~input|i                                                                                                     ;
;   0.261 ;   0.261 ; RR ; CELL   ; 1      ; IOIBUF_X148_Y16_N32 ;           ; CLK_50~input|o                                                                                                     ;
;   0.322 ;   0.061 ; RR ; CELL   ; 1      ; IOIBUF_X148_Y16_N32 ;           ; CLK_50~input~io_48_lvds_tile_edge/ioclkin[0]                                                                       ;
;   0.322 ;   0.000 ; RR ; IC     ; 2      ; CLKCTRL_3A_G_I20    ;           ; CLK_50~inputCLKENA0|inclk                                                                                          ;
;   0.551 ;   0.229 ; RR ; CELL   ; 181454 ; CLKCTRL_3A_G_I20    ;           ; CLK_50~inputCLKENA0|outclk                                                                                         ;
;   2.453 ;   1.902 ; RR ; IC     ; 1      ; FF_X110_Y29_N14     ; Low Power ; System|master_0|master_0|rst_controller|alt_rst_sync_uq1|altera_reset_synchronizer_int_chain_out|clk               ;
;   2.453 ;   0.000 ; RR ; CELL   ; 1      ; FF_X110_Y29_N14     ; Low Power ; System|master_0|master_0|rst_controller|alt_rst_sync_uq1|altera_reset_synchronizer_int_chain_out                   ;
; 2.700   ; 0.247   ;    ;        ;        ;                     ;           ; data path                                                                                                          ;
;   2.557 ;   0.104 ; RR ; uTco   ; 1      ; FF_X110_Y29_N14     ;           ; System|master_0|master_0|rst_controller|alt_rst_sync_uq1|altera_reset_synchronizer_int_chain_out|q                 ;
;   2.606 ;   0.049 ; RR ; CELL   ; 231    ; FF_X110_Y29_N14     ; Low Power ; System|master_0|master_0|rst_controller|alt_rst_sync_uq1|altera_reset_synchronizer_int_chain_out~la_lab/laboutt[9] ;
;   2.700 ;   0.094 ; RR ; IC     ; 1      ; FF_X109_Y29_N37     ; Low Power ; System|master_0|master_0|p2b|sent_esc|clrn                                                                         ;
;   2.700 ;   0.000 ; RR ; CELL   ; 1      ; FF_X109_Y29_N37     ; Low Power ; System|master_0|master_0|p2b|sent_esc                                                                              ;
+---------+---------+----+--------+--------+---------------------+-----------+--------------------------------------------------------------------------------------------------------------------+

+----------------------------------------------------------------------------------------------------------------------------+
; Data Required Path                                                                                                         ;
+---------+----------+----+--------+--------+---------------------+-----------+----------------------------------------------+
; Total   ; Incr     ; RF ; Type   ; Fanout ; Location            ; HS/LP     ; Element                                      ;
+---------+----------+----+--------+--------+---------------------+-----------+----------------------------------------------+
; 0.000   ; 0.000    ;    ;        ;        ;                     ;           ; latch edge time                              ;
; 0.000   ; 0.000    ;    ; borrow ;        ;                     ;           ; time borrowed                                ;
; 2.464   ; 2.464    ;    ;        ;        ;                     ;           ; clock path                                   ;
;   0.000 ;   0.000  ;    ;        ;        ;                     ;           ; source latency                               ;
;   0.000 ;   0.000  ;    ;        ; 1      ; PIN_AM10            ;           ; CLK_50                                       ;
;   0.000 ;   0.000  ; RR ; IC     ; 1      ; IOIBUF_X148_Y16_N32 ;           ; CLK_50~input|i                               ;
;   0.261 ;   0.261  ; RR ; CELL   ; 1      ; IOIBUF_X148_Y16_N32 ;           ; CLK_50~input|o                               ;
;   0.336 ;   0.075  ; RR ; CELL   ; 1      ; IOIBUF_X148_Y16_N32 ;           ; CLK_50~input~io_48_lvds_tile_edge/ioclkin[0] ;
;   0.336 ;   0.000  ; RR ; IC     ; 2      ; CLKCTRL_3A_G_I20    ;           ; CLK_50~inputCLKENA0|inclk                    ;
;   0.613 ;   0.277  ; RR ; CELL   ; 181454 ; CLKCTRL_3A_G_I20    ;           ; CLK_50~inputCLKENA0|outclk                   ;
;   2.680 ;   2.067  ; RR ; IC     ; 1      ; FF_X109_Y29_N37     ; Low Power ; System|master_0|master_0|p2b|sent_esc|clk    ;
;   2.680 ;   0.000  ; RR ; CELL   ; 1      ; FF_X109_Y29_N37     ; Low Power ; System|master_0|master_0|p2b|sent_esc        ;
;   2.464 ;   -0.216 ;    ;        ;        ;                     ;           ; clock pessimism removed                      ;
; 2.464   ; 0.000    ;    ;        ;        ;                     ;           ; clock uncertainty                            ;
; 2.533   ; 0.069    ;    ; uTh    ; 1      ; FF_X109_Y29_N37     ;           ; System|master_0|master_0|p2b|sent_esc        ;
+---------+----------+----+--------+--------+---------------------+-----------+----------------------------------------------+



Path #8: Removal slack is 0.173 
===============================================================================
+------------------------------------------------------------------------------------------------------------------------------------+
; Path Summary                                                                                                                       ;
+---------------------------------+--------------------------------------------------------------------------------------------------+
; Property                        ; Value                                                                                            ;
+---------------------------------+--------------------------------------------------------------------------------------------------+
; From Node                       ; System|master_0|master_0|rst_controller|alt_rst_sync_uq1|altera_reset_synchronizer_int_chain_out ;
; To Node                         ; System|master_0|master_0|p2b|sent_eop                                                            ;
; Launch Clock                    ; CLK_50                                                                                           ;
; Latch Clock                     ; CLK_50                                                                                           ;
; SDC Exception                   ; No SDC Exception on Path                                                                         ;
; Data Arrival Time               ; 2.700                                                                                            ;
; Data Required Time              ; 2.527                                                                                            ;
; Slack                           ; 0.173                                                                                            ;
; Worst-Case Operating Conditions ; Fast 900mV 0C Model                                                                              ;
+---------------------------------+--------------------------------------------------------------------------------------------------+

+-----------------------------------------------------------------------------------+
; Statistics                                                                        ;
+------------------------+-------+-------+-------------+------------+-------+-------+
; Property               ; Value ; Count ; Total Delay ; % of Total ; Min   ; Max   ;
+------------------------+-------+-------+-------------+------------+-------+-------+
; Removal Relationship   ; 0.000 ;       ;             ;            ;       ;       ;
; Clock Skew             ; 0.011 ;       ;             ;            ;       ;       ;
; Data Delay             ; 0.247 ;       ;             ;            ;       ;       ;
; Number of Logic Levels ;       ; 0     ;             ;            ;       ;       ;
; Physical Delays        ;       ;       ;             ;            ;       ;       ;
;  Arrival Path          ;       ;       ;             ;            ;       ;       ;
;   Clock                ;       ;       ;             ;            ;       ;       ;
;    IC                  ;       ; 3     ; 1.902       ; 78         ; 0.000 ; 1.902 ;
;    Cell                ;       ; 4     ; 0.551       ; 22         ; 0.000 ; 0.261 ;
;   Data                 ;       ;       ;             ;            ;       ;       ;
;    IC                  ;       ; 1     ; 0.094       ; 38         ; 0.094 ; 0.094 ;
;    Cell                ;       ; 2     ; 0.049       ; 20         ; 0.000 ; 0.049 ;
;    uTco                ;       ; 1     ; 0.104       ; 42         ; 0.104 ; 0.104 ;
;  Required Path         ;       ;       ;             ;            ;       ;       ;
;   Clock                ;       ;       ;             ;            ;       ;       ;
;    IC                  ;       ; 3     ; 2.067       ; 77         ; 0.000 ; 2.067 ;
;    Cell                ;       ; 4     ; 0.613       ; 23         ; 0.000 ; 0.277 ;
+------------------------+-------+-------+-------------+------------+-------+-------+
Note: Negative delays are omitted from totals when calculating percentages

+-------------------------------------------------------------------------------------------------------------------------------------------------------------------------------------------------+
; Data Arrival Path                                                                                                                                                                               ;
+---------+---------+----+--------+--------+---------------------+-----------+--------------------------------------------------------------------------------------------------------------------+
; Total   ; Incr    ; RF ; Type   ; Fanout ; Location            ; HS/LP     ; Element                                                                                                            ;
+---------+---------+----+--------+--------+---------------------+-----------+--------------------------------------------------------------------------------------------------------------------+
; 0.000   ; 0.000   ;    ;        ;        ;                     ;           ; launch edge time                                                                                                   ;
; 0.000   ; 0.000   ;    ; borrow ;        ;                     ;           ; time borrowed                                                                                                      ;
; 2.453   ; 2.453   ;    ;        ;        ;                     ;           ; clock path                                                                                                         ;
;   0.000 ;   0.000 ;    ;        ;        ;                     ;           ; source latency                                                                                                     ;
;   0.000 ;   0.000 ;    ;        ; 1      ; PIN_AM10            ;           ; CLK_50                                                                                                             ;
;   0.000 ;   0.000 ; RR ; IC     ; 1      ; IOIBUF_X148_Y16_N32 ;           ; CLK_50~input|i                                                                                                     ;
;   0.261 ;   0.261 ; RR ; CELL   ; 1      ; IOIBUF_X148_Y16_N32 ;           ; CLK_50~input|o                                                                                                     ;
;   0.322 ;   0.061 ; RR ; CELL   ; 1      ; IOIBUF_X148_Y16_N32 ;           ; CLK_50~input~io_48_lvds_tile_edge/ioclkin[0]                                                                       ;
;   0.322 ;   0.000 ; RR ; IC     ; 2      ; CLKCTRL_3A_G_I20    ;           ; CLK_50~inputCLKENA0|inclk                                                                                          ;
;   0.551 ;   0.229 ; RR ; CELL   ; 181454 ; CLKCTRL_3A_G_I20    ;           ; CLK_50~inputCLKENA0|outclk                                                                                         ;
;   2.453 ;   1.902 ; RR ; IC     ; 1      ; FF_X110_Y29_N14     ; Low Power ; System|master_0|master_0|rst_controller|alt_rst_sync_uq1|altera_reset_synchronizer_int_chain_out|clk               ;
;   2.453 ;   0.000 ; RR ; CELL   ; 1      ; FF_X110_Y29_N14     ; Low Power ; System|master_0|master_0|rst_controller|alt_rst_sync_uq1|altera_reset_synchronizer_int_chain_out                   ;
; 2.700   ; 0.247   ;    ;        ;        ;                     ;           ; data path                                                                                                          ;
;   2.557 ;   0.104 ; RR ; uTco   ; 1      ; FF_X110_Y29_N14     ;           ; System|master_0|master_0|rst_controller|alt_rst_sync_uq1|altera_reset_synchronizer_int_chain_out|q                 ;
;   2.606 ;   0.049 ; RR ; CELL   ; 231    ; FF_X110_Y29_N14     ; Low Power ; System|master_0|master_0|rst_controller|alt_rst_sync_uq1|altera_reset_synchronizer_int_chain_out~la_lab/laboutt[9] ;
;   2.700 ;   0.094 ; RR ; IC     ; 1      ; FF_X109_Y29_N43     ; Low Power ; System|master_0|master_0|p2b|sent_eop|clrn                                                                         ;
;   2.700 ;   0.000 ; RR ; CELL   ; 1      ; FF_X109_Y29_N43     ; Low Power ; System|master_0|master_0|p2b|sent_eop                                                                              ;
+---------+---------+----+--------+--------+---------------------+-----------+--------------------------------------------------------------------------------------------------------------------+

+----------------------------------------------------------------------------------------------------------------------------+
; Data Required Path                                                                                                         ;
+---------+----------+----+--------+--------+---------------------+-----------+----------------------------------------------+
; Total   ; Incr     ; RF ; Type   ; Fanout ; Location            ; HS/LP     ; Element                                      ;
+---------+----------+----+--------+--------+---------------------+-----------+----------------------------------------------+
; 0.000   ; 0.000    ;    ;        ;        ;                     ;           ; latch edge time                              ;
; 0.000   ; 0.000    ;    ; borrow ;        ;                     ;           ; time borrowed                                ;
; 2.464   ; 2.464    ;    ;        ;        ;                     ;           ; clock path                                   ;
;   0.000 ;   0.000  ;    ;        ;        ;                     ;           ; source latency                               ;
;   0.000 ;   0.000  ;    ;        ; 1      ; PIN_AM10            ;           ; CLK_50                                       ;
;   0.000 ;   0.000  ; RR ; IC     ; 1      ; IOIBUF_X148_Y16_N32 ;           ; CLK_50~input|i                               ;
;   0.261 ;   0.261  ; RR ; CELL   ; 1      ; IOIBUF_X148_Y16_N32 ;           ; CLK_50~input|o                               ;
;   0.336 ;   0.075  ; RR ; CELL   ; 1      ; IOIBUF_X148_Y16_N32 ;           ; CLK_50~input~io_48_lvds_tile_edge/ioclkin[0] ;
;   0.336 ;   0.000  ; RR ; IC     ; 2      ; CLKCTRL_3A_G_I20    ;           ; CLK_50~inputCLKENA0|inclk                    ;
;   0.613 ;   0.277  ; RR ; CELL   ; 181454 ; CLKCTRL_3A_G_I20    ;           ; CLK_50~inputCLKENA0|outclk                   ;
;   2.680 ;   2.067  ; RR ; IC     ; 1      ; FF_X109_Y29_N43     ; Low Power ; System|master_0|master_0|p2b|sent_eop|clk    ;
;   2.680 ;   0.000  ; RR ; CELL   ; 1      ; FF_X109_Y29_N43     ; Low Power ; System|master_0|master_0|p2b|sent_eop        ;
;   2.464 ;   -0.216 ;    ;        ;        ;                     ;           ; clock pessimism removed                      ;
; 2.464   ; 0.000    ;    ;        ;        ;                     ;           ; clock uncertainty                            ;
; 2.527   ; 0.063    ;    ; uTh    ; 1      ; FF_X109_Y29_N43     ;           ; System|master_0|master_0|p2b|sent_eop        ;
+---------+----------+----+--------+--------+---------------------+-----------+----------------------------------------------+



Path #9: Removal slack is 0.173 
===============================================================================
+------------------------------------------------------------------------------------------------------------------------------------+
; Path Summary                                                                                                                       ;
+---------------------------------+--------------------------------------------------------------------------------------------------+
; Property                        ; Value                                                                                            ;
+---------------------------------+--------------------------------------------------------------------------------------------------+
; From Node                       ; System|master_0|master_0|rst_controller|alt_rst_sync_uq1|altera_reset_synchronizer_int_chain_out ;
; To Node                         ; System|master_0|master_0|p2b|out_data[4]                                                         ;
; Launch Clock                    ; CLK_50                                                                                           ;
; Latch Clock                     ; CLK_50                                                                                           ;
; SDC Exception                   ; No SDC Exception on Path                                                                         ;
; Data Arrival Time               ; 2.700                                                                                            ;
; Data Required Time              ; 2.527                                                                                            ;
; Slack                           ; 0.173                                                                                            ;
; Worst-Case Operating Conditions ; Fast 900mV 0C Model                                                                              ;
+---------------------------------+--------------------------------------------------------------------------------------------------+

+-----------------------------------------------------------------------------------+
; Statistics                                                                        ;
+------------------------+-------+-------+-------------+------------+-------+-------+
; Property               ; Value ; Count ; Total Delay ; % of Total ; Min   ; Max   ;
+------------------------+-------+-------+-------------+------------+-------+-------+
; Removal Relationship   ; 0.000 ;       ;             ;            ;       ;       ;
; Clock Skew             ; 0.011 ;       ;             ;            ;       ;       ;
; Data Delay             ; 0.247 ;       ;             ;            ;       ;       ;
; Number of Logic Levels ;       ; 0     ;             ;            ;       ;       ;
; Physical Delays        ;       ;       ;             ;            ;       ;       ;
;  Arrival Path          ;       ;       ;             ;            ;       ;       ;
;   Clock                ;       ;       ;             ;            ;       ;       ;
;    IC                  ;       ; 3     ; 1.902       ; 78         ; 0.000 ; 1.902 ;
;    Cell                ;       ; 4     ; 0.551       ; 22         ; 0.000 ; 0.261 ;
;   Data                 ;       ;       ;             ;            ;       ;       ;
;    IC                  ;       ; 1     ; 0.094       ; 38         ; 0.094 ; 0.094 ;
;    Cell                ;       ; 2     ; 0.049       ; 20         ; 0.000 ; 0.049 ;
;    uTco                ;       ; 1     ; 0.104       ; 42         ; 0.104 ; 0.104 ;
;  Required Path         ;       ;       ;             ;            ;       ;       ;
;   Clock                ;       ;       ;             ;            ;       ;       ;
;    IC                  ;       ; 3     ; 2.067       ; 77         ; 0.000 ; 2.067 ;
;    Cell                ;       ; 4     ; 0.613       ; 23         ; 0.000 ; 0.277 ;
+------------------------+-------+-------+-------------+------------+-------+-------+
Note: Negative delays are omitted from totals when calculating percentages

+-------------------------------------------------------------------------------------------------------------------------------------------------------------------------------------------------+
; Data Arrival Path                                                                                                                                                                               ;
+---------+---------+----+--------+--------+---------------------+-----------+--------------------------------------------------------------------------------------------------------------------+
; Total   ; Incr    ; RF ; Type   ; Fanout ; Location            ; HS/LP     ; Element                                                                                                            ;
+---------+---------+----+--------+--------+---------------------+-----------+--------------------------------------------------------------------------------------------------------------------+
; 0.000   ; 0.000   ;    ;        ;        ;                     ;           ; launch edge time                                                                                                   ;
; 0.000   ; 0.000   ;    ; borrow ;        ;                     ;           ; time borrowed                                                                                                      ;
; 2.453   ; 2.453   ;    ;        ;        ;                     ;           ; clock path                                                                                                         ;
;   0.000 ;   0.000 ;    ;        ;        ;                     ;           ; source latency                                                                                                     ;
;   0.000 ;   0.000 ;    ;        ; 1      ; PIN_AM10            ;           ; CLK_50                                                                                                             ;
;   0.000 ;   0.000 ; RR ; IC     ; 1      ; IOIBUF_X148_Y16_N32 ;           ; CLK_50~input|i                                                                                                     ;
;   0.261 ;   0.261 ; RR ; CELL   ; 1      ; IOIBUF_X148_Y16_N32 ;           ; CLK_50~input|o                                                                                                     ;
;   0.322 ;   0.061 ; RR ; CELL   ; 1      ; IOIBUF_X148_Y16_N32 ;           ; CLK_50~input~io_48_lvds_tile_edge/ioclkin[0]                                                                       ;
;   0.322 ;   0.000 ; RR ; IC     ; 2      ; CLKCTRL_3A_G_I20    ;           ; CLK_50~inputCLKENA0|inclk                                                                                          ;
;   0.551 ;   0.229 ; RR ; CELL   ; 181454 ; CLKCTRL_3A_G_I20    ;           ; CLK_50~inputCLKENA0|outclk                                                                                         ;
;   2.453 ;   1.902 ; RR ; IC     ; 1      ; FF_X110_Y29_N14     ; Low Power ; System|master_0|master_0|rst_controller|alt_rst_sync_uq1|altera_reset_synchronizer_int_chain_out|clk               ;
;   2.453 ;   0.000 ; RR ; CELL   ; 1      ; FF_X110_Y29_N14     ; Low Power ; System|master_0|master_0|rst_controller|alt_rst_sync_uq1|altera_reset_synchronizer_int_chain_out                   ;
; 2.700   ; 0.247   ;    ;        ;        ;                     ;           ; data path                                                                                                          ;
;   2.557 ;   0.104 ; RR ; uTco   ; 1      ; FF_X110_Y29_N14     ;           ; System|master_0|master_0|rst_controller|alt_rst_sync_uq1|altera_reset_synchronizer_int_chain_out|q                 ;
;   2.606 ;   0.049 ; RR ; CELL   ; 231    ; FF_X110_Y29_N14     ; Low Power ; System|master_0|master_0|rst_controller|alt_rst_sync_uq1|altera_reset_synchronizer_int_chain_out~la_lab/laboutt[9] ;
;   2.700 ;   0.094 ; RR ; IC     ; 1      ; FF_X109_Y29_N17     ; Low Power ; System|master_0|master_0|p2b|out_data[4]|clrn                                                                      ;
;   2.700 ;   0.000 ; RR ; CELL   ; 1      ; FF_X109_Y29_N17     ; Low Power ; System|master_0|master_0|p2b|out_data[4]                                                                           ;
+---------+---------+----+--------+--------+---------------------+-----------+--------------------------------------------------------------------------------------------------------------------+

+----------------------------------------------------------------------------------------------------------------------------+
; Data Required Path                                                                                                         ;
+---------+----------+----+--------+--------+---------------------+-----------+----------------------------------------------+
; Total   ; Incr     ; RF ; Type   ; Fanout ; Location            ; HS/LP     ; Element                                      ;
+---------+----------+----+--------+--------+---------------------+-----------+----------------------------------------------+
; 0.000   ; 0.000    ;    ;        ;        ;                     ;           ; latch edge time                              ;
; 0.000   ; 0.000    ;    ; borrow ;        ;                     ;           ; time borrowed                                ;
; 2.464   ; 2.464    ;    ;        ;        ;                     ;           ; clock path                                   ;
;   0.000 ;   0.000  ;    ;        ;        ;                     ;           ; source latency                               ;
;   0.000 ;   0.000  ;    ;        ; 1      ; PIN_AM10            ;           ; CLK_50                                       ;
;   0.000 ;   0.000  ; RR ; IC     ; 1      ; IOIBUF_X148_Y16_N32 ;           ; CLK_50~input|i                               ;
;   0.261 ;   0.261  ; RR ; CELL   ; 1      ; IOIBUF_X148_Y16_N32 ;           ; CLK_50~input|o                               ;
;   0.336 ;   0.075  ; RR ; CELL   ; 1      ; IOIBUF_X148_Y16_N32 ;           ; CLK_50~input~io_48_lvds_tile_edge/ioclkin[0] ;
;   0.336 ;   0.000  ; RR ; IC     ; 2      ; CLKCTRL_3A_G_I20    ;           ; CLK_50~inputCLKENA0|inclk                    ;
;   0.613 ;   0.277  ; RR ; CELL   ; 181454 ; CLKCTRL_3A_G_I20    ;           ; CLK_50~inputCLKENA0|outclk                   ;
;   2.680 ;   2.067  ; RR ; IC     ; 1      ; FF_X109_Y29_N17     ; Low Power ; System|master_0|master_0|p2b|out_data[4]|clk ;
;   2.680 ;   0.000  ; RR ; CELL   ; 1      ; FF_X109_Y29_N17     ; Low Power ; System|master_0|master_0|p2b|out_data[4]     ;
;   2.464 ;   -0.216 ;    ;        ;        ;                     ;           ; clock pessimism removed                      ;
; 2.464   ; 0.000    ;    ;        ;        ;                     ;           ; clock uncertainty                            ;
; 2.527   ; 0.063    ;    ; uTh    ; 1      ; FF_X109_Y29_N17     ;           ; System|master_0|master_0|p2b|out_data[4]     ;
+---------+----------+----+--------+--------+---------------------+-----------+----------------------------------------------+



Path #10: Removal slack is 0.175 
===============================================================================
+------------------------------------------------------------------------------------------------------------------------------------+
; Path Summary                                                                                                                       ;
+---------------------------------+--------------------------------------------------------------------------------------------------+
; Property                        ; Value                                                                                            ;
+---------------------------------+--------------------------------------------------------------------------------------------------+
; From Node                       ; System|master_0|master_0|rst_controller|alt_rst_sync_uq1|altera_reset_synchronizer_int_chain_out ;
; To Node                         ; System|master_0|master_0|p2b|out_data[7]                                                         ;
; Launch Clock                    ; CLK_50                                                                                           ;
; Latch Clock                     ; CLK_50                                                                                           ;
; SDC Exception                   ; No SDC Exception on Path                                                                         ;
; Data Arrival Time               ; 2.700                                                                                            ;
; Data Required Time              ; 2.525                                                                                            ;
; Slack                           ; 0.175                                                                                            ;
; Worst-Case Operating Conditions ; Fast 900mV 0C Model                                                                              ;
+---------------------------------+--------------------------------------------------------------------------------------------------+

+-----------------------------------------------------------------------------------+
; Statistics                                                                        ;
+------------------------+-------+-------+-------------+------------+-------+-------+
; Property               ; Value ; Count ; Total Delay ; % of Total ; Min   ; Max   ;
+------------------------+-------+-------+-------------+------------+-------+-------+
; Removal Relationship   ; 0.000 ;       ;             ;            ;       ;       ;
; Clock Skew             ; 0.011 ;       ;             ;            ;       ;       ;
; Data Delay             ; 0.247 ;       ;             ;            ;       ;       ;
; Number of Logic Levels ;       ; 0     ;             ;            ;       ;       ;
; Physical Delays        ;       ;       ;             ;            ;       ;       ;
;  Arrival Path          ;       ;       ;             ;            ;       ;       ;
;   Clock                ;       ;       ;             ;            ;       ;       ;
;    IC                  ;       ; 3     ; 1.902       ; 78         ; 0.000 ; 1.902 ;
;    Cell                ;       ; 4     ; 0.551       ; 22         ; 0.000 ; 0.261 ;
;   Data                 ;       ;       ;             ;            ;       ;       ;
;    IC                  ;       ; 1     ; 0.094       ; 38         ; 0.094 ; 0.094 ;
;    Cell                ;       ; 2     ; 0.049       ; 20         ; 0.000 ; 0.049 ;
;    uTco                ;       ; 1     ; 0.104       ; 42         ; 0.104 ; 0.104 ;
;  Required Path         ;       ;       ;             ;            ;       ;       ;
;   Clock                ;       ;       ;             ;            ;       ;       ;
;    IC                  ;       ; 3     ; 2.067       ; 77         ; 0.000 ; 2.067 ;
;    Cell                ;       ; 4     ; 0.613       ; 23         ; 0.000 ; 0.277 ;
+------------------------+-------+-------+-------------+------------+-------+-------+
Note: Negative delays are omitted from totals when calculating percentages

+-------------------------------------------------------------------------------------------------------------------------------------------------------------------------------------------------+
; Data Arrival Path                                                                                                                                                                               ;
+---------+---------+----+--------+--------+---------------------+-----------+--------------------------------------------------------------------------------------------------------------------+
; Total   ; Incr    ; RF ; Type   ; Fanout ; Location            ; HS/LP     ; Element                                                                                                            ;
+---------+---------+----+--------+--------+---------------------+-----------+--------------------------------------------------------------------------------------------------------------------+
; 0.000   ; 0.000   ;    ;        ;        ;                     ;           ; launch edge time                                                                                                   ;
; 0.000   ; 0.000   ;    ; borrow ;        ;                     ;           ; time borrowed                                                                                                      ;
; 2.453   ; 2.453   ;    ;        ;        ;                     ;           ; clock path                                                                                                         ;
;   0.000 ;   0.000 ;    ;        ;        ;                     ;           ; source latency                                                                                                     ;
;   0.000 ;   0.000 ;    ;        ; 1      ; PIN_AM10            ;           ; CLK_50                                                                                                             ;
;   0.000 ;   0.000 ; RR ; IC     ; 1      ; IOIBUF_X148_Y16_N32 ;           ; CLK_50~input|i                                                                                                     ;
;   0.261 ;   0.261 ; RR ; CELL   ; 1      ; IOIBUF_X148_Y16_N32 ;           ; CLK_50~input|o                                                                                                     ;
;   0.322 ;   0.061 ; RR ; CELL   ; 1      ; IOIBUF_X148_Y16_N32 ;           ; CLK_50~input~io_48_lvds_tile_edge/ioclkin[0]                                                                       ;
;   0.322 ;   0.000 ; RR ; IC     ; 2      ; CLKCTRL_3A_G_I20    ;           ; CLK_50~inputCLKENA0|inclk                                                                                          ;
;   0.551 ;   0.229 ; RR ; CELL   ; 181454 ; CLKCTRL_3A_G_I20    ;           ; CLK_50~inputCLKENA0|outclk                                                                                         ;
;   2.453 ;   1.902 ; RR ; IC     ; 1      ; FF_X110_Y29_N14     ; Low Power ; System|master_0|master_0|rst_controller|alt_rst_sync_uq1|altera_reset_synchronizer_int_chain_out|clk               ;
;   2.453 ;   0.000 ; RR ; CELL   ; 1      ; FF_X110_Y29_N14     ; Low Power ; System|master_0|master_0|rst_controller|alt_rst_sync_uq1|altera_reset_synchronizer_int_chain_out                   ;
; 2.700   ; 0.247   ;    ;        ;        ;                     ;           ; data path                                                                                                          ;
;   2.557 ;   0.104 ; RR ; uTco   ; 1      ; FF_X110_Y29_N14     ;           ; System|master_0|master_0|rst_controller|alt_rst_sync_uq1|altera_reset_synchronizer_int_chain_out|q                 ;
;   2.606 ;   0.049 ; RR ; CELL   ; 231    ; FF_X110_Y29_N14     ; Low Power ; System|master_0|master_0|rst_controller|alt_rst_sync_uq1|altera_reset_synchronizer_int_chain_out~la_lab/laboutt[9] ;
;   2.700 ;   0.094 ; RR ; IC     ; 1      ; FF_X109_Y29_N32     ; Low Power ; System|master_0|master_0|p2b|out_data[7]|clrn                                                                      ;
;   2.700 ;   0.000 ; RR ; CELL   ; 1      ; FF_X109_Y29_N32     ; Low Power ; System|master_0|master_0|p2b|out_data[7]                                                                           ;
+---------+---------+----+--------+--------+---------------------+-----------+--------------------------------------------------------------------------------------------------------------------+

+----------------------------------------------------------------------------------------------------------------------------+
; Data Required Path                                                                                                         ;
+---------+----------+----+--------+--------+---------------------+-----------+----------------------------------------------+
; Total   ; Incr     ; RF ; Type   ; Fanout ; Location            ; HS/LP     ; Element                                      ;
+---------+----------+----+--------+--------+---------------------+-----------+----------------------------------------------+
; 0.000   ; 0.000    ;    ;        ;        ;                     ;           ; latch edge time                              ;
; 0.000   ; 0.000    ;    ; borrow ;        ;                     ;           ; time borrowed                                ;
; 2.464   ; 2.464    ;    ;        ;        ;                     ;           ; clock path                                   ;
;   0.000 ;   0.000  ;    ;        ;        ;                     ;           ; source latency                               ;
;   0.000 ;   0.000  ;    ;        ; 1      ; PIN_AM10            ;           ; CLK_50                                       ;
;   0.000 ;   0.000  ; RR ; IC     ; 1      ; IOIBUF_X148_Y16_N32 ;           ; CLK_50~input|i                               ;
;   0.261 ;   0.261  ; RR ; CELL   ; 1      ; IOIBUF_X148_Y16_N32 ;           ; CLK_50~input|o                               ;
;   0.336 ;   0.075  ; RR ; CELL   ; 1      ; IOIBUF_X148_Y16_N32 ;           ; CLK_50~input~io_48_lvds_tile_edge/ioclkin[0] ;
;   0.336 ;   0.000  ; RR ; IC     ; 2      ; CLKCTRL_3A_G_I20    ;           ; CLK_50~inputCLKENA0|inclk                    ;
;   0.613 ;   0.277  ; RR ; CELL   ; 181454 ; CLKCTRL_3A_G_I20    ;           ; CLK_50~inputCLKENA0|outclk                   ;
;   2.680 ;   2.067  ; RR ; IC     ; 1      ; FF_X109_Y29_N32     ; Low Power ; System|master_0|master_0|p2b|out_data[7]|clk ;
;   2.680 ;   0.000  ; RR ; CELL   ; 1      ; FF_X109_Y29_N32     ; Low Power ; System|master_0|master_0|p2b|out_data[7]     ;
;   2.464 ;   -0.216 ;    ;        ;        ;                     ;           ; clock pessimism removed                      ;
; 2.464   ; 0.000    ;    ;        ;        ;                     ;           ; clock uncertainty                            ;
; 2.525   ; 0.061    ;    ; uTh    ; 1      ; FF_X109_Y29_N32     ;           ; System|master_0|master_0|p2b|out_data[7]     ;
+---------+----------+----+--------+--------+---------------------+-----------+----------------------------------------------+



+------------------------------------------------------------------+
; Unconstrained Paths Summary                                      ;
+---------------------------------------------------+-------+------+
; Property                                          ; Setup ; Hold ;
+---------------------------------------------------+-------+------+
; Illegal Clocks                                    ; 0     ; 0    ;
; Unconstrained Clocks                              ; 1     ; 1    ;
; Unconstrained Input Ports                         ; 3     ; 3    ;
; Paths from Unconstrained Input Ports (Pairs-Only) ; 76    ; 76   ;
; Unconstrained Output Ports                        ; 5     ; 5    ;
; Paths to Unconstrained Output Ports (Pairs-Only)  ; 8     ; 8    ;
+---------------------------------------------------+-------+------+


+-----------------------------------------------------+
; Clock Status Summary                                ;
+---------------------+--------+------+---------------+
; Target              ; Clock  ; Type ; Status        ;
+---------------------+--------+------+---------------+
; altera_reserved_tck ;        ; Base ; Unconstrained ;
; CLK_50              ; CLK_50 ; Base ; Constrained   ;
+---------------------+--------+------+---------------+


+------------------------------------------------------------------------------------------------------------+
; Unconstrained Input Ports                                                                                  ;
+---------------------+--------------------------------------------------------------------------------------+
; Input Port          ; Comment                                                                              ;
+---------------------+--------------------------------------------------------------------------------------+
; BTN_RESET           ; Partially constrained                                                                ;
; altera_reserved_tdi ; No input delay, min/max delays, false-path exceptions, or max skew assignments found ;
; altera_reserved_tms ; No input delay, min/max delays, false-path exceptions, or max skew assignments found ;
+---------------------+--------------------------------------------------------------------------------------+


+-------------------------------------------------------------------------------------------------------------+
; Unconstrained Output Ports                                                                                  ;
+---------------------+---------------------------------------------------------------------------------------+
; Output Port         ; Comment                                                                               ;
+---------------------+---------------------------------------------------------------------------------------+
; LED_STATUS[0]       ; No output delay, min/max delays, false-path exceptions, or max skew assignments found ;
; LED_STATUS[1]       ; No output delay, min/max delays, false-path exceptions, or max skew assignments found ;
; LED_STATUS[2]       ; No output delay, min/max delays, false-path exceptions, or max skew assignments found ;
; LED_STATUS[3]       ; No output delay, min/max delays, false-path exceptions, or max skew assignments found ;
; altera_reserved_tdo ; No output delay, min/max delays, false-path exceptions, or max skew assignments found ;
+---------------------+---------------------------------------------------------------------------------------+


+------------------------------------------------------------------------------------------------------------+
; Unconstrained Input Ports                                                                                  ;
+---------------------+--------------------------------------------------------------------------------------+
; Input Port          ; Comment                                                                              ;
+---------------------+--------------------------------------------------------------------------------------+
; BTN_RESET           ; Partially constrained                                                                ;
; altera_reserved_tdi ; No input delay, min/max delays, false-path exceptions, or max skew assignments found ;
; altera_reserved_tms ; No input delay, min/max delays, false-path exceptions, or max skew assignments found ;
+---------------------+--------------------------------------------------------------------------------------+


+-------------------------------------------------------------------------------------------------------------+
; Unconstrained Output Ports                                                                                  ;
+---------------------+---------------------------------------------------------------------------------------+
; Output Port         ; Comment                                                                               ;
+---------------------+---------------------------------------------------------------------------------------+
; LED_STATUS[0]       ; No output delay, min/max delays, false-path exceptions, or max skew assignments found ;
; LED_STATUS[1]       ; No output delay, min/max delays, false-path exceptions, or max skew assignments found ;
; LED_STATUS[2]       ; No output delay, min/max delays, false-path exceptions, or max skew assignments found ;
; LED_STATUS[3]       ; No output delay, min/max delays, false-path exceptions, or max skew assignments found ;
; altera_reserved_tdo ; No output delay, min/max delays, false-path exceptions, or max skew assignments found ;
+---------------------+---------------------------------------------------------------------------------------+


-------------
; INI Usage ;
-------------
Nothing to report.


+-----------------------------------------------------------------------------+
; Multicorner Timing Analysis Summary                                         ;
+------------------+-------+-------+----------+---------+---------------------+
; Clock            ; Setup ; Hold  ; Recovery ; Removal ; Minimum Pulse Width ;
+------------------+-------+-------+----------+---------+---------------------+
; Worst-case Slack ; 6.867 ; 0.015 ; 12.406   ; 0.146   ; 9.443               ;
;  CLK_50          ; 6.867 ; 0.015 ; 12.406   ; 0.146   ; 9.443               ;
; Design-wide TNS  ; 0.0   ; 0.0   ; 0.0      ; 0.0     ; 0.0                 ;
;  CLK_50          ; 0.000 ; 0.000 ; 0.000    ; 0.000   ; 0.000               ;
+------------------+-------+-------+----------+---------+---------------------+


+--------------------------+
; Timing Analyzer Messages ;
+--------------------------+
Info (20030): Parallel compilation is enabled and will use 12 of the 12 processors detected
Info: *******************************************************************
Info: Running Quartus Prime Timing Analyzer
    Info: Version 24.1.0 Build 115 03/21/2024 SC Pro Edition
    Info: Processing started: Thu Mar  5 21:10:30 2026
    Info: System process ID: 21060
Info: Command: quartus_sta SummerResearchProject -c NonDPR --mode=finalize
Info: qsta_default_script.tcl version: #2
Info (16677): Loading final database.
Info (16734): Loading "final" snapshot for partition "root_partition".
Info (16734): Loading "final" snapshot for partition "auto_fab_0".
Info (16678): Successfully loaded final database: elapsed time is 00:00:05.
Warning (20846): The entity name "SummerResearchTopLevel" specified on the assignment "set_instance_assignment -name PARTITION top_level_systolic_array -to npu_core -entity SummerResearchTopLevel does not exist in the design".
Warning (20846): The entity name "SummerResearchTopLevel" specified on the assignment "set_instance_assignment -name PARTITION_COLOUR 4294937543 -to npu_core -entity SummerResearchTopLevel does not exist in the design".
Warning (20846): The entity name "SummerResearchTopLevel" specified on the assignment "set_instance_assignment -name PARTIAL_RECONFIGURATION_PARTITION ON -to npu_core -entity SummerResearchTopLevel does not exist in the design".
Info (21076): Core supply voltage operating condition is not set. Assuming a default value of '0.9V'.
Info (21077): Low junction temperature is 0 degrees C
Info (21077): High junction temperature is 100 degrees C
Info (332164): Evaluating HDL-embedded SDC commands
    Info (332165): Entity alt_jtag_atlantic
        Info (332166): set_false_path -from [get_registers {*|alt_jtag_atlantic:*|jupdate}] -to [get_registers {*|alt_jtag_atlantic:*|jupdate1*}] 
        Info (332166): set_false_path -from [get_registers {*|alt_jtag_atlantic:*|rdata[*]}] -to [get_registers {*|alt_jtag_atlantic*|td_shift[*]}]
        Info (332166): set_false_path -from [get_registers {*|alt_jtag_atlantic:*|read}] -to [get_registers {*|alt_jtag_atlantic:*|read1*}] 
        Info (332166): set_false_path -from [get_registers {*|alt_jtag_atlantic:*|read_req}]
        Info (332166): set_false_path -from [get_registers {*|alt_jtag_atlantic:*|rvalid}] -to [get_registers {*|alt_jtag_atlantic*|td_shift[*]}]
        Info (332166): set_false_path -from [get_registers {*|t_dav}] -to [get_registers {*|alt_jtag_atlantic:*|tck_t_dav}]
        Info (332166): set_false_path -from [get_registers {*|alt_jtag_atlantic:*|user_saw_rvalid}] -to [get_registers {*|alt_jtag_atlantic:*|rvalid0*}]
        Info (332166): set_false_path -from [get_registers {*|alt_jtag_atlantic:*|wdata[*]}] -to [get_registers {*}]
        Info (332166): set_false_path -from [get_registers {*|alt_jtag_atlantic:*|write}] -to [get_registers {*|alt_jtag_atlantic:*|write1*}] 
        Info (332166): set_false_path -from [get_registers {*|alt_jtag_atlantic:*|write_stalled}] -to [get_registers {*|alt_jtag_atlantic:*|t_ena*}]
        Info (332166): set_false_path -from [get_registers {*|alt_jtag_atlantic:*|write_stalled}] -to [get_registers {*|alt_jtag_atlantic:*|t_pause*}]
        Info (332166): set_false_path -from [get_registers {*|alt_jtag_atlantic:*|write_valid}]
    Info (332165): Entity altera_std_synchronizer
        Info (332166): set_false_path -to [get_keepers {*altera_std_synchronizer:*|din_s1}]
Info (19539): Reading the HDL-embedded SDC files elapsed 00:00:01.
Info (332104): Reading SDC File: 'NonDPR.out.sdc'
Info (332151): Clock uncertainty is not calculated until you update the timing netlist.
Warning (332174): Ignored filter at NonDPR.out.sdc(17): altera_reserved_tck could not be matched with a clock File: C:/Users/pchh520/Documents/GitHub/part-4-project/SummerResearch/quartus/NonDPR.out.sdc Line: 17
Warning (332054): Assignment set_clock_groups is accepted but has some problems at NonDPR.out.sdc(17): Argument -group with value [get_clocks {altera_reserved_tck}] contains zero elements File: C:/Users/pchh520/Documents/GitHub/part-4-project/SummerResearch/quartus/NonDPR.out.sdc Line: 17
    Info (332050): set_clock_groups -asynchronous -group [get_clocks {CLK_50}] -group [get_clocks {altera_reserved_tck}] File: C:/Users/pchh520/Documents/GitHub/part-4-project/SummerResearch/quartus/NonDPR.out.sdc Line: 17
Info (332104): Reading SDC File: 'ip/NonDPR/NonDPR_master_0/altera_jtag_dc_streaming_191/synth/altera_avalon_st_jtag_interface.sdc'
Info (18794): Reading SDC File: 'ip/NonDPR/NonDPR_master_0/altera_reset_controller_1922/synth/altera_reset_controller.sdc' for instance: 'System|master_0|master_0|rst_controller'
Info: Following instance found in the design -  System|master_0|master_0|rst_controller|*
Info (18794): Reading SDC File: 'ip/NonDPR/NonDPR_master_0/altera_reset_controller_1922/synth/altera_reset_controller.sdc' for instance: 'System|rst_controller'
Info: Following instance found in the design -  System|rst_controller|*
Info (18794): Reading SDC File: 'NonDPR/altera_reset_controller_1922/synth/altera_reset_controller.sdc' for instance: 'System|master_0|master_0|rst_controller'
Info: Following instance found in the design -  System|master_0|master_0|rst_controller|*
Info (18794): Reading SDC File: 'NonDPR/altera_reset_controller_1922/synth/altera_reset_controller.sdc' for instance: 'System|rst_controller'
Info: Following instance found in the design -  System|rst_controller|*
Info (18794): Reading SDC File: 'ip/NonDPR/NonDPR_intel_niosv_g_0/altera_reset_controller_1922/synth/altera_reset_controller.sdc' for instance: 'System|master_0|master_0|rst_controller'
Info: Following instance found in the design -  System|master_0|master_0|rst_controller|*
Info (18794): Reading SDC File: 'ip/NonDPR/NonDPR_intel_niosv_g_0/altera_reset_controller_1922/synth/altera_reset_controller.sdc' for instance: 'System|rst_controller'
Info: Following instance found in the design -  System|rst_controller|*
Info (332104): Reading SDC File: 'ip/NonDPR/NonDPR_intel_niosv_g_0/intel_niosv_dbg_mod_210/synth/altera_avalon_st_handshake_clock_crosser.sdc'
Info (332104): Reading SDC File: 'ip/NonDPR/NonDPR_intel_niosv_g_0/intel_niosv_dbg_mod_210/synth/altera_reset_controller.sdc'
Info: Following instance found in the design -  
Info (332104): Reading SDC File: 'C:/Users/pchh520/Documents/GitHub/part-4-project/SummerResearch/quartus/dni/sandboxes/EN433358_12748_0/sld/default_jtag.sdc'
Info (19449): Reading SDC files elapsed 00:00:02.
Warning (332060): Node: altera_reserved_tck was determined to be a clock but was found without an associated clock assignment.
    Info (13166): Register System|intel_niosv_g_0|intel_niosv_g_0|dbg_mod|dtm_inst|read_rsp_pndg is being clocked by altera_reserved_tck
Info (332123): Deriving Clock Uncertainty. Please refer to report_sdc in the Timing Analyzer to see clock uncertainties.
Info: Found TIMING_ANALYZER_REPORT_SCRIPT_INCLUDE_DEFAULT_ANALYSIS = ON
Info (332146): Worst-case setup slack is 6.867
    Info (332119):     Slack       End Point TNS Failing End Points      Clock Worst-Case Operating Conditions 
    Info (332119): ========= =================== ========= ========== ===================== 
    Info (332119):     6.867               0.000         0     CLK_50 Slow 900mV 100C Model 
Info (332146): Worst-case hold slack is 0.015
    Info (332119):     Slack       End Point TNS Failing End Points      Clock Worst-Case Operating Conditions 
    Info (332119): ========= =================== ========= ========== ===================== 
    Info (332119):     0.015               0.000         0     CLK_50   Fast 900mV 0C Model 
Info (332146): Worst-case recovery slack is 12.406
    Info (332119):     Slack       End Point TNS Failing End Points      Clock Worst-Case Operating Conditions 
    Info (332119): ========= =================== ========= ========== ===================== 
    Info (332119):    12.406               0.000         0     CLK_50 Slow 900mV 100C Model 
Info (332146): Worst-case removal slack is 0.146
    Info (332119):     Slack       End Point TNS Failing End Points      Clock Worst-Case Operating Conditions 
    Info (332119): ========= =================== ========= ========== ===================== 
    Info (332119):     0.146               0.000         0     CLK_50   Fast 900mV 0C Model 
Info (332140): No Setup paths to report
Info (332140): No Recovery paths to report
Info (332146): Worst-case minimum pulse width slack is 9.443
    Info (332119):     Slack       End Point TNS Failing End Points      Clock Worst-Case Operating Conditions 
    Info (332119): ========= =================== ========= ========== ===================== 
    Info (332119):     9.443               0.000         0     CLK_50   Slow 900mV 0C Model 
Warning (17897): No destination clock period was found satisfying the set_net_delay assignment from "[get_registers {System|master_0|master_0|jtag_phy_embedded_in_jtag_master|normal.jtag_dc_streaming|sink_crosser|in_data_buffer*}]" to "[get_registers {System|master_0|master_0|jtag_phy_embedded_in_jtag_master|normal.jtag_dc_streaming|sink_crosser|out_data_buffer*}]". The assignment at location altera_avalon_st_handshake_clock_crosser.sdc:83 is invalid.
Warning (17897): No destination clock period was found satisfying the set_net_delay assignment from "[get_registers {System|intel_niosv_g_0|intel_niosv_g_0|dbg_mod|dtm_inst|rsp_clk_xer|clock_xer|in_data_toggle}]" to "[get_registers {System|intel_niosv_g_0|intel_niosv_g_0|dbg_mod|dtm_inst|rsp_clk_xer|clock_xer|in_to_out_synchronizer|din_s1}]". The assignment at location altera_avalon_st_handshake_clock_crosser.sdc:100 is invalid.
Warning (17897): No destination clock period was found satisfying the set_net_delay assignment from "[get_registers {System|master_0|master_0|jtag_phy_embedded_in_jtag_master|normal.jtag_dc_streaming|sink_crosser|in_data_toggle}]" to "[get_registers {System|master_0|master_0|jtag_phy_embedded_in_jtag_master|normal.jtag_dc_streaming|sink_crosser|in_to_out_synchronizer|din_s1}]". The assignment at location altera_avalon_st_handshake_clock_crosser.sdc:100 is invalid.
Warning (17897): No destination clock period was found satisfying the set_net_delay assignment from "[get_registers {System|intel_niosv_g_0|intel_niosv_g_0|dbg_mod|dtm_inst|cmd_clk_xer|clock_xer|out_data_toggle_flopped_n}]" to "[get_registers {System|intel_niosv_g_0|intel_niosv_g_0|dbg_mod|dtm_inst|cmd_clk_xer|clock_xer|out_to_in_synchronizer|din_s1}]". The assignment at location altera_avalon_st_handshake_clock_crosser.sdc:118 is invalid.
Warning (17897): No destination clock period was found satisfying the set_net_delay assignment from "[get_registers {System|intel_niosv_g_0|intel_niosv_g_0|dbg_mod|dtm_inst|rsp_clk_xer|clock_xer|in_data_buffer*}]" to "[get_registers {System|intel_niosv_g_0|intel_niosv_g_0|dbg_mod|dtm_inst|rsp_clk_xer|clock_xer|out_data_buffer*}]". The assignment at location altera_avalon_st_handshake_clock_crosser.sdc:83 is invalid.
Info (332114): Report Metastability (Slow 900mV 100C Model): Found 9 synchronizer chains.
    Info (332114): Worst-Case MTBF of Design is 1e+09 years or 3.15e+16 seconds.
    Info (332114): Typical MTBF of Design is 1e+09 years or 3.15e+16 seconds.

    Info (332114): MTBF(design) = 1 / SUM(1 / MTBF(synchronizer chain))

    Info (332114): Number of Synchronizer Chains Found: 9
    Info (332114): Shortest Synchronizer Chain: 2 Registers
    Info (332114): Number of Chains For Which MTBFs Could Not be Calculated Due to Timing Violations: 0, or 0.0%.
    Info (332114): Number of Chains Excluded from MTBF Analysis: 5, or 55.6%
    Info (332114): Worst Case Available Settling Time: 38.416 ns

    Info (332114): Worst-Case MTBF values are calculated based on the worst-case silicon characteristics, with worst-case operating conditions.
    Info (332114):   - Under worst-case conditions, an increase of 100ps in available settling time will increase MTBF values by a factor of 288.8
    Info (332114): Typical MTBF values are calculated based on the nominal silicon characteristics, at nominal operating conditions.
    Info (332114):   - Under typical conditions, an increase of 100ps in available settling time will increase MTBF values by a factor of 4590.3
Info (332114): Report Metastability (Slow 900mV 0C Model): Found 9 synchronizer chains.
    Info (332114): Worst-Case MTBF of Design is 1e+09 years or 3.15e+16 seconds.
    Info (332114): Typical MTBF of Design is 1e+09 years or 3.15e+16 seconds.

    Info (332114): MTBF(design) = 1 / SUM(1 / MTBF(synchronizer chain))

    Info (332114): Number of Synchronizer Chains Found: 9
    Info (332114): Shortest Synchronizer Chain: 2 Registers
    Info (332114): Number of Chains For Which MTBFs Could Not be Calculated Due to Timing Violations: 0, or 0.0%.
    Info (332114): Number of Chains Excluded from MTBF Analysis: 5, or 55.6%
    Info (332114): Worst Case Available Settling Time: 38.482 ns

    Info (332114): Worst-Case MTBF values are calculated based on the worst-case silicon characteristics, with worst-case operating conditions.
    Info (332114):   - Under worst-case conditions, an increase of 100ps in available settling time will increase MTBF values by a factor of 78.2
    Info (332114): Typical MTBF values are calculated based on the nominal silicon characteristics, at nominal operating conditions.
    Info (332114):   - Under typical conditions, an increase of 100ps in available settling time will increase MTBF values by a factor of 4590.3
Info (332114): Report Metastability (Fast 900mV 100C Model): Found 9 synchronizer chains.
    Info (332114): Worst-Case MTBF of Design is 1e+09 years or 3.15e+16 seconds.
    Info (332114): Typical MTBF of Design is 1e+09 years or 3.15e+16 seconds.

    Info (332114): MTBF(design) = 1 / SUM(1 / MTBF(synchronizer chain))

    Info (332114): Number of Synchronizer Chains Found: 9
    Info (332114): Shortest Synchronizer Chain: 2 Registers
    Info (332114): Number of Chains For Which MTBFs Could Not be Calculated Due to Timing Violations: 0, or 0.0%.
    Info (332114): Number of Chains Excluded from MTBF Analysis: 5, or 55.6%
    Info (332114): Worst Case Available Settling Time: 38.965 ns

    Info (332114): Worst-Case MTBF values are calculated based on the worst-case silicon characteristics, with worst-case operating conditions.
    Info (332114):   - Under worst-case conditions, an increase of 100ps in available settling time will increase MTBF values by a factor of 288.8
    Info (332114): Typical MTBF values are calculated based on the nominal silicon characteristics, at nominal operating conditions.
    Info (332114):   - Under typical conditions, an increase of 100ps in available settling time will increase MTBF values by a factor of 4590.3
Info (332114): Report Metastability (Fast 900mV 0C Model): Found 9 synchronizer chains.
    Info (332114): Worst-Case MTBF of Design is 1e+09 years or 3.15e+16 seconds.
    Info (332114): Typical MTBF of Design is 1e+09 years or 3.15e+16 seconds.

    Info (332114): MTBF(design) = 1 / SUM(1 / MTBF(synchronizer chain))

    Info (332114): Number of Synchronizer Chains Found: 9
    Info (332114): Shortest Synchronizer Chain: 2 Registers
    Info (332114): Number of Chains For Which MTBFs Could Not be Calculated Due to Timing Violations: 0, or 0.0%.
    Info (332114): Number of Chains Excluded from MTBF Analysis: 5, or 55.6%
    Info (332114): Worst Case Available Settling Time: 39.113 ns

    Info (332114): Worst-Case MTBF values are calculated based on the worst-case silicon characteristics, with worst-case operating conditions.
    Info (332114):   - Under worst-case conditions, an increase of 100ps in available settling time will increase MTBF values by a factor of 78.2
    Info (332114): Typical MTBF values are calculated based on the nominal silicon characteristics, at nominal operating conditions.
    Info (332114):   - Under typical conditions, an increase of 100ps in available settling time will increase MTBF values by a factor of 4590.3
Info (332102): Design is not fully constrained for setup requirements
Info (332102): Design is not fully constrained for hold requirements
Info (24095): Timing requirements were met
Info: Quartus Prime Timing Analyzer was successful. 0 errors, 11 warnings
    Info: Peak virtual memory: 5243 megabytes
    Info: Processing ended: Thu Mar  5 21:10:51 2026
    Info: Elapsed time: 00:00:21
    Info: System process ID: 21060
Info (19538): Reading SDC files took 00:00:02 cumulatively in this process.


