Timing Analyzer report for NonDPR
Wed Mar 11 16:51:49 2026
Quartus Prime Version 24.1.0 Build 115 03/21/2024 SC Pro Edition


---------------------
; Table of Contents ;
---------------------
  1. Legal Notice
  2. Timing Analyzer Summary
  3. Timing Delays: Final Snapshot
  4. Parallel Compilation
  5. SDC File List
  6. Clocks
  7. Timing Closure Summary
  8. Fmax Summary
  9. Setup Summary
 10. Hold Summary
 11. Recovery Summary
 12. Removal Summary
 13. Minimum Pulse Width Summary
 14. Net Delay Summary
 15. Metastability Summary Slow 900mV 100C Model
 16. Metastability Summary Slow 900mV 0C Model
 17. Metastability Summary Fast 900mV 100C Model
 18. Metastability Summary Fast 900mV 0C Model
 19. Board Trace Model Assignments
 20. Input Transition Times
 21. Signal Integrity Metrics (Slow 900mv 100c Model)
 22. Setup Transfers
 23. Hold Transfers
 24. Recovery Transfers
 25. Removal Transfers
---- Setup Reports ----
     ---- CLK_50 Reports ----
           26. Command Info
           27. Summary of Paths
           28. Path #1: Setup slack is 5.527 
           29. Path #2: Setup slack is 5.626 
           30. Path #3: Setup slack is 5.682 
           31. Path #4: Setup slack is 5.745 
           32. Path #5: Setup slack is 5.801 
           33. Path #6: Setup slack is 5.837 
           34. Path #7: Setup slack is 5.956 
           35. Path #8: Setup slack is 6.011 
           36. Path #9: Setup slack is 6.029 
           37. Path #10: Setup slack is 6.031 
---- Hold Reports ----
     ---- CLK_50 Reports ----
           38. Command Info
           39. Summary of Paths
           40. Path #1: Hold slack is 0.015 
           41. Path #2: Hold slack is 0.017 
           42. Path #3: Hold slack is 0.020 
           43. Path #4: Hold slack is 0.020 
           44. Path #5: Hold slack is 0.020 
           45. Path #6: Hold slack is 0.021 
           46. Path #7: Hold slack is 0.021 
           47. Path #8: Hold slack is 0.021 
           48. Path #9: Hold slack is 0.021 
           49. Path #10: Hold slack is 0.021 
---- Recovery Reports ----
     ---- CLK_50 Reports ----
           50. Command Info
           51. Summary of Paths
           52. Path #1: Recovery slack is 14.078 
           53. Path #2: Recovery slack is 14.080 
           54. Path #3: Recovery slack is 14.083 
           55. Path #4: Recovery slack is 14.088 
           56. Path #5: Recovery slack is 14.101 
           57. Path #6: Recovery slack is 14.103 
           58. Path #7: Recovery slack is 14.105 
           59. Path #8: Recovery slack is 14.105 
           60. Path #9: Recovery slack is 14.106 
           61. Path #10: Recovery slack is 14.107 
---- Removal Reports ----
     ---- CLK_50 Reports ----
           62. Command Info
           63. Summary of Paths
           64. Path #1: Removal slack is 0.168 
           65. Path #2: Removal slack is 0.169 
           66. Path #3: Removal slack is 0.169 
           67. Path #4: Removal slack is 0.243 
           68. Path #5: Removal slack is 0.243 
           69. Path #6: Removal slack is 0.244 
           70. Path #7: Removal slack is 0.244 
           71. Path #8: Removal slack is 0.244 
           72. Path #9: Removal slack is 0.244 
           73. Path #10: Removal slack is 0.245 
---- Unconstrained Paths Reports ----
      74. Unconstrained Paths Summary
      75. Clock Status Summary
     ---- Setup Analysis Reports ----
           76. Unconstrained Input Ports
           77. Unconstrained Output Ports
     ---- Hold Analysis Reports ----
           78. Unconstrained Input Ports
           79. Unconstrained Output Ports
 80. INI Usage
 81. Multicorner Timing Analysis Summary
 82. Timing Analyzer Messages



----------------
; Legal Notice ;
----------------
Copyright (C) 2024  Intel Corporation. All rights reserved.
Your use of Intel Corporation's design tools, logic functions 
and other software and tools, and any partner logic 
functions, and any output files from any of the foregoing 
(including device programming or simulation files), and any 
associated documentation or information are expressly subject 
to the terms and conditions of the Intel Program License 
Subscription Agreement, the Intel Quartus Prime License Agreement,
the Intel FPGA IP License Agreement, or other applicable license
agreement, including, without limitation, that your use is for
the sole purpose of programming logic devices manufactured by
Intel and sold by Intel or its authorized distributors.  Please
refer to the Intel FPGA Software License Subscription Agreements 
on the Quartus Prime software download page.



+----------------------------------------------------------------------------+
; Timing Analyzer Summary                                                    ;
+-----------------------+----------------------------------------------------+
; Quartus Prime Version ; Version 24.1.0 Build 115 03/21/2024 SC Pro Edition ;
; Timing Analyzer       ; Timing Analyzer                                    ;
; Revision Name         ; NonDPR                                             ;
; Device Family         ; Arria 10                                           ;
; Device                ; 10AS066N3F40E2SG                                   ;
; Snapshot              ; final                                              ;
; Timing Models         ; Final                                              ;
; Power Models          ; Final                                              ;
; Device Status         ; Final                                              ;
; Rise/Fall Delays      ; Enabled                                            ;
+-----------------------+----------------------------------------------------+


+---------------------------------------------+
; Timing Delays: Final Snapshot               ;
+----------------------------------+----------+
; Snapshot                         ; final    ;
; Periphery block cell delays      ; Sign-off ;
; Core block cell delays           ; Sign-off ;
; Routing interconnect (IC) delays ; Sign-off ;
+----------------------------------+----------+


+-------------------------------------+
; Parallel Compilation                ;
+----------------------------+--------+
; Processors                 ; Number ;
+----------------------------+--------+
; Number detected on machine ; 20     ;
; Maximum allowed            ; 12     ;
+----------------------------+--------+


+---------------------------------------------------------------------------------------------------------------------------------------------------------------------------------------------------------------------------------------------------------------------------------------------------------------------+
; SDC File List                                                                                                                                                                                                                                                                                                       ;
+----------------------------------------------------------------------------------------------------------------------------+-----------------------------------------+---------------------------------+------------------------------+----------+--------+--------------------------+-----------------+------------+
; SDC File Path                                                                                                              ; Instance                                ; Entity                          ; Library                      ; Promoted ; Status ; Read at                  ; Processing Time ; SDC on RTL ;
+----------------------------------------------------------------------------------------------------------------------------+-----------------------------------------+---------------------------------+------------------------------+----------+--------+--------------------------+-----------------+------------+
; NonDPR.out.sdc                                                                                                             ;                                         ;                                 ;                              ; No       ; OK     ; Wed Mar 11 16:43:52 2026 ; 00:00:03        ; No         ;
; ip/NonDPR/NonDPR_master_0/altera_jtag_dc_streaming_191/synth/altera_avalon_st_jtag_interface.sdc                           ;                                         ; altera_avalon_st_jtag_interface ; altera_jtag_dc_streaming_191 ; No       ; OK     ; Wed Mar 11 16:43:52 2026 ; 00:00:00        ; No         ;
; ip/NonDPR/NonDPR_master_0/altera_reset_controller_1922/synth/altera_reset_controller.sdc                                   ; System|master_0|master_0|rst_controller ; altera_reset_controller         ; altera_reset_controller_1922 ; No       ; OK     ; Wed Mar 11 16:43:52 2026 ; 00:00:00        ; No         ;
; ip/NonDPR/NonDPR_master_0/altera_reset_controller_1922/synth/altera_reset_controller.sdc                                   ; System|rst_controller                   ; altera_reset_controller         ; altera_reset_controller_1922 ; No       ; OK     ; Wed Mar 11 16:43:52 2026 ; 00:00:00        ; No         ;
; NonDPR/altera_reset_controller_1922/synth/altera_reset_controller.sdc                                                      ; System|master_0|master_0|rst_controller ; altera_reset_controller         ; altera_reset_controller_1922 ; No       ; OK     ; Wed Mar 11 16:43:52 2026 ; 00:00:00        ; No         ;
; NonDPR/altera_reset_controller_1922/synth/altera_reset_controller.sdc                                                      ; System|rst_controller                   ; altera_reset_controller         ; altera_reset_controller_1922 ; No       ; OK     ; Wed Mar 11 16:43:52 2026 ; 00:00:00        ; No         ;
; C:/Users/pchh520/Documents/GitHub/part-4-project/SummerResearch/quartus/dni/sandboxes/EN433358_8244_0/sld/default_jtag.sdc ;                                         ; alt_sld_fab_0                   ; altera_work                  ; No       ; OK     ; Wed Mar 11 16:43:52 2026 ; 00:00:00        ; No         ;
+----------------------------------------------------------------------------------------------------------------------------+-----------------------------------------+---------------------------------+------------------------------+----------+--------+--------------------------+-----------------+------------+
Note: All paths for non-entity SDC files are reported relative to the project directory (C:/Users/pchh520/Documents/GitHub/part-4-project/SummerResearch/quartus/).


+------------------------------------------------------------------------------------------------------------------------------------------------------------------------------------+
; Clocks                                                                                                                                                                             ;
+------------+------+--------+-----------+-------+--------+------------+-----------+-------------+-------+--------+-----------+------------+----------+--------+--------+------------+
; Clock Name ; Type ; Period ; Frequency ; Rise  ; Fall   ; Duty Cycle ; Divide by ; Multiply by ; Phase ; Offset ; Edge List ; Edge Shift ; Inverted ; Master ; Source ; Targets    ;
+------------+------+--------+-----------+-------+--------+------------+-----------+-------------+-------+--------+-----------+------------+----------+--------+--------+------------+
; CLK_50     ; Base ; 20.000 ; 50.0 MHz  ; 0.000 ; 10.000 ;            ;           ;             ;       ;        ;           ;            ;          ;        ;        ; { CLK_50 } ;
+------------+------+--------+-----------+-------+--------+------------+-----------+-------------+-------+--------+-----------+------------+----------+--------+--------+------------+


+--------------------------------------------------------------------+
; Timing Closure Summary                                             ;
+------------------------------------------------------+-------------+
; Panel Name                                           ; Result Flag ;
+------------------------------------------------------+-------------+
; Timing Closure                                       ; Pass        ;
;   Setup Summary                                      ; Pass        ;
;   Hold Summary                                       ; Pass        ;
;   Recovery Summary                                   ; Pass        ;
;   Removal Summary                                    ; Pass        ;
;   Setup Data Delay Summary                           ; Not Found   ;
;   Recovery Data Delay Summary                        ; Not Found   ;
;   Minimum Pulse Width Summary                        ; Pass        ;
;   Max Skew Summary                                   ; Not Found   ;
;   Max Clock Skew Summary                             ; Not Found   ;
;   Net Delay Summary                                  ; Pass        ;
;   Metastability Summary                              ; Pass        ;
;   Double Data Rate (DDR) Summary                     ; Not Found   ;
;   Transmitter Channel-to-Channel Skew (TCCS) Summary ; Not Found   ;
;   Receiver Input Skew Margin (RSKM) Summary          ; Not Found   ;
;   Design Assistant Summary                           ; Not Found   ;
+------------------------------------------------------+-------------+


+-----------------------------------------------------------------------------------+
; Fmax Summary                                                                      ;
+-----------+-----------------+------------+------+---------------------------------+
; Fmax      ; Restricted Fmax ; Clock Name ; Note ; Worst-Case Operating Conditions ;
+-----------+-----------------+------------+------+---------------------------------+
; 69.09 MHz ; 69.09 MHz       ; CLK_50     ;      ; Slow 900mV 100C Model           ;
+-----------+-----------------+------------+------+---------------------------------+
This panel reports FMAX for every clock in the design, regardless of the user-specified clock periods.  FMAX is only computed for paths where the source and destination registers or ports are driven by the same clock.  Paths of different clocks, including generated clocks, are ignored.  For paths between a clock and its inversion, FMAX is computed as if the rising and falling edges are scaled along with FMAX, such that the duty cycle (in terms of a percentage) is maintained. Intel recommends that you always use clock constraints and other slack reports for sign-off analysis.
Delay Models:
Slow 900mV 100C Model
Slow 900mV 0C Model
Fast 900mV 100C Model
Fast 900mV 0C Model


+---------------------------------------------------------------------------------------+
; Setup Summary                                                                         ;
+--------+-------+---------------+--------------------+---------------------------------+
; Clock  ; Slack ; End Point TNS ; Failing End Points ; Worst-Case Operating Conditions ;
+--------+-------+---------------+--------------------+---------------------------------+
; CLK_50 ; 5.527 ; 0.000         ; 0                  ; Slow 900mV 100C Model           ;
+--------+-------+---------------+--------------------+---------------------------------+
Delay Models:
Slow 900mV 100C Model
Slow 900mV 0C Model
Fast 900mV 100C Model
Fast 900mV 0C Model


+---------------------------------------------------------------------------------------+
; Hold Summary                                                                          ;
+--------+-------+---------------+--------------------+---------------------------------+
; Clock  ; Slack ; End Point TNS ; Failing End Points ; Worst-Case Operating Conditions ;
+--------+-------+---------------+--------------------+---------------------------------+
; CLK_50 ; 0.015 ; 0.000         ; 0                  ; Fast 900mV 0C Model             ;
+--------+-------+---------------+--------------------+---------------------------------+
Delay Models:
Slow 900mV 100C Model
Slow 900mV 0C Model
Fast 900mV 100C Model
Fast 900mV 0C Model


+----------------------------------------------------------------------------------------+
; Recovery Summary                                                                       ;
+--------+--------+---------------+--------------------+---------------------------------+
; Clock  ; Slack  ; End Point TNS ; Failing End Points ; Worst-Case Operating Conditions ;
+--------+--------+---------------+--------------------+---------------------------------+
; CLK_50 ; 14.078 ; 0.000         ; 0                  ; Slow 900mV 100C Model           ;
+--------+--------+---------------+--------------------+---------------------------------+
Delay Models:
Slow 900mV 100C Model
Slow 900mV 0C Model
Fast 900mV 100C Model
Fast 900mV 0C Model


+---------------------------------------------------------------------------------------+
; Removal Summary                                                                       ;
+--------+-------+---------------+--------------------+---------------------------------+
; Clock  ; Slack ; End Point TNS ; Failing End Points ; Worst-Case Operating Conditions ;
+--------+-------+---------------+--------------------+---------------------------------+
; CLK_50 ; 0.168 ; 0.000         ; 0                  ; Fast 900mV 0C Model             ;
+--------+-------+---------------+--------------------+---------------------------------+
Delay Models:
Slow 900mV 100C Model
Slow 900mV 0C Model
Fast 900mV 100C Model
Fast 900mV 0C Model


+----------------------------------------------------------------------------------------------------+
; Minimum Pulse Width Summary                                                                        ;
+--------+-------+---------------+--------------------+------------+---------------------------------+
; Clock  ; Slack ; End Point TNS ; Failing End Points ; Type       ; Worst-Case Operating Conditions ;
+--------+-------+---------------+--------------------+------------+---------------------------------+
; CLK_50 ; 9.466 ; 0.000         ; 0                  ; High Pulse ; Slow 900mV 0C Model             ;
+--------+-------+---------------+--------------------+------------+---------------------------------+
Delay Models:
Slow 900mV 100C Model
Slow 900mV 0C Model
Fast 900mV 100C Model
Fast 900mV 0C Model


+------------------------------------------------------------------------------------------------------------------------------------------------------------------------------------------------------------------------------------------------------------------------------------------------------------------------------------------------------------------------------------------------------------------------+
; Net Delay Summary                                                                                                                                                                                                                                                                                                                                                                                                      ;
+---------------+---------------+----------+---------------+---------------------------------------------------------------------------------------------------------------------------------------------+-------------------------------------------------------------------------------------------------------------------------------------------------+------+--------------------+---------------------------------+
; Name          ; Slack         ; Required ; Actual        ; From                                                                                                                                        ; To                                                                                                                                              ; Type ; SDC Location       ; Worst-Case Operating Conditions ;
+---------------+---------------+----------+---------------+---------------------------------------------------------------------------------------------------------------------------------------------+-------------------------------------------------------------------------------------------------------------------------------------------------+------+--------------------+---------------------------------+
; set_net_delay ; 15.566        ; 16.000   ; 0.434         ; [get_registers {System|master_0|master_0|jtag_phy_embedded_in_jtag_master|normal.jtag_dc_streaming|sink_crosser|out_data_toggle_flopped_n}] ; [get_registers {System|master_0|master_0|jtag_phy_embedded_in_jtag_master|normal.jtag_dc_streaming|sink_crosser|out_to_in_synchronizer|din_s1}] ; max  ; NonDPR.out.sdc:151 ; Slow 900mV 100C Model           ;
; set_net_delay ; Invalid clock ; --       ; Invalid clock ; [get_registers {System|master_0|master_0|jtag_phy_embedded_in_jtag_master|normal.jtag_dc_streaming|sink_crosser|in_data_buffer*}]           ; [get_registers {System|master_0|master_0|jtag_phy_embedded_in_jtag_master|normal.jtag_dc_streaming|sink_crosser|out_data_buffer*}]              ; max  ; NonDPR.out.sdc:144 ;                                 ;
; set_net_delay ; Invalid clock ; --       ; Invalid clock ; [get_registers {System|master_0|master_0|jtag_phy_embedded_in_jtag_master|normal.jtag_dc_streaming|sink_crosser|in_data_toggle}]            ; [get_registers {System|master_0|master_0|jtag_phy_embedded_in_jtag_master|normal.jtag_dc_streaming|sink_crosser|in_to_out_synchronizer|din_s1}] ; max  ; NonDPR.out.sdc:147 ;                                 ;
+---------------+---------------+----------+---------------+---------------------------------------------------------------------------------------------------------------------------------------------+-------------------------------------------------------------------------------------------------------------------------------------------------+------+--------------------+---------------------------------+


-----------------------------------------------
; Metastability Summary Slow 900mV 100C Model ;
-----------------------------------------------
Worst-Case MTBF of Design is 1e+09 years or 3.15e+16 seconds.
Typical MTBF of Design is 1e+09 years or 3.15e+16 seconds.

MTBF(design) = 1 / SUM(1 / MTBF(synchronizer chain))

Number of Synchronizer Chains Found: 5
Shortest Synchronizer Chain: 3 Registers
Number of Chains For Which MTBFs Could Not be Calculated Due to Timing Violations: 0, or 0.0%.
Number of Chains Excluded from MTBF Analysis: 3, or 60.0%
Worst Case Available Settling Time: 38.594 ns

Worst-Case MTBF values are calculated based on the worst-case silicon characteristics, with worst-case operating conditions.
  - Under worst-case conditions, an increase of 100ps in available settling time will increase MTBF values by a factor of 288.8
Typical MTBF values are calculated based on the nominal silicon characteristics, at nominal operating conditions.
  - Under typical conditions, an increase of 100ps in available settling time will increase MTBF values by a factor of 4590.3



---------------------------------------------
; Metastability Summary Slow 900mV 0C Model ;
---------------------------------------------
Worst-Case MTBF of Design is 1e+09 years or 3.15e+16 seconds.
Typical MTBF of Design is 1e+09 years or 3.15e+16 seconds.

MTBF(design) = 1 / SUM(1 / MTBF(synchronizer chain))

Number of Synchronizer Chains Found: 5
Shortest Synchronizer Chain: 3 Registers
Number of Chains For Which MTBFs Could Not be Calculated Due to Timing Violations: 0, or 0.0%.
Number of Chains Excluded from MTBF Analysis: 3, or 60.0%
Worst Case Available Settling Time: 38.627 ns

Worst-Case MTBF values are calculated based on the worst-case silicon characteristics, with worst-case operating conditions.
  - Under worst-case conditions, an increase of 100ps in available settling time will increase MTBF values by a factor of 78.2
Typical MTBF values are calculated based on the nominal silicon characteristics, at nominal operating conditions.
  - Under typical conditions, an increase of 100ps in available settling time will increase MTBF values by a factor of 4590.3



-----------------------------------------------
; Metastability Summary Fast 900mV 100C Model ;
-----------------------------------------------
Worst-Case MTBF of Design is 1e+09 years or 3.15e+16 seconds.
Typical MTBF of Design is 1e+09 years or 3.15e+16 seconds.

MTBF(design) = 1 / SUM(1 / MTBF(synchronizer chain))

Number of Synchronizer Chains Found: 5
Shortest Synchronizer Chain: 3 Registers
Number of Chains For Which MTBFs Could Not be Calculated Due to Timing Violations: 0, or 0.0%.
Number of Chains Excluded from MTBF Analysis: 3, or 60.0%
Worst Case Available Settling Time: 39.212 ns

Worst-Case MTBF values are calculated based on the worst-case silicon characteristics, with worst-case operating conditions.
  - Under worst-case conditions, an increase of 100ps in available settling time will increase MTBF values by a factor of 288.8
Typical MTBF values are calculated based on the nominal silicon characteristics, at nominal operating conditions.
  - Under typical conditions, an increase of 100ps in available settling time will increase MTBF values by a factor of 4590.3



---------------------------------------------
; Metastability Summary Fast 900mV 0C Model ;
---------------------------------------------
Worst-Case MTBF of Design is 1e+09 years or 3.15e+16 seconds.
Typical MTBF of Design is 1e+09 years or 3.15e+16 seconds.

MTBF(design) = 1 / SUM(1 / MTBF(synchronizer chain))

Number of Synchronizer Chains Found: 5
Shortest Synchronizer Chain: 3 Registers
Number of Chains For Which MTBFs Could Not be Calculated Due to Timing Violations: 0, or 0.0%.
Number of Chains Excluded from MTBF Analysis: 3, or 60.0%
Worst Case Available Settling Time: 39.320 ns

Worst-Case MTBF values are calculated based on the worst-case silicon characteristics, with worst-case operating conditions.
  - Under worst-case conditions, an increase of 100ps in available settling time will increase MTBF values by a factor of 78.2
Typical MTBF values are calculated based on the nominal silicon characteristics, at nominal operating conditions.
  - Under typical conditions, an increase of 100ps in available settling time will increase MTBF values by a factor of 4590.3



+------------------------------------------------------------------------------------------------------------------------------------------------------------------------------------------------------------------------------------------------------------------------------------------------------------------------------------------------------------------------------------------------------------------------+
; Board Trace Model Assignments                                                                                                                                                                                                                                                                                                                                                                                          ;
+---------------------+--------------+-------------------+-------------------------+-------------------------+---------------+---------------------+----------------+------------------+--------+------------------+------------------------+------------------------+--------------+---------------+-----------------+-------+---------------------+--------------------+---------------+-----------------+-------------+
; Pin                 ; I/O Standard ; Near Tline Length ; Near Tline L per Length ; Near Tline C per Length ; Near Series R ; Near Differential R ; Near Pull-up R ; Near Pull-down R ; Near C ; Far Tline Length ; Far Tline L per Length ; Far Tline C per Length ; Far Series R ; Far Pull-up R ; Far Pull-down R ; Far C ; Termination Voltage ; Far Differential R ; EBD File Name ; EBD Signal Name ; EBD Far-end ;
+---------------------+--------------+-------------------+-------------------------+-------------------------+---------------+---------------------+----------------+------------------+--------+------------------+------------------------+------------------------+--------------+---------------+-----------------+-------+---------------------+--------------------+---------------+-----------------+-------------+
; LED_STATUS(0)       ; 1.8 V        ; 0 in              ; 0 H/in                  ; 0 F/in                  ; short         ; -                   ; open           ; open             ; open   ; 0 in             ; 0 H/in                 ; 0 F/in                 ; short        ; open          ; open            ; open  ; 0 V                 ; -                  ; n/a           ; n/a             ; n/a         ;
; LED_STATUS(1)       ; 1.8 V        ; 0 in              ; 0 H/in                  ; 0 F/in                  ; short         ; -                   ; open           ; open             ; open   ; 0 in             ; 0 H/in                 ; 0 F/in                 ; short        ; open          ; open            ; open  ; 0 V                 ; -                  ; n/a           ; n/a             ; n/a         ;
; LED_STATUS(2)       ; 1.8 V        ; 0 in              ; 0 H/in                  ; 0 F/in                  ; short         ; -                   ; open           ; open             ; open   ; 0 in             ; 0 H/in                 ; 0 F/in                 ; short        ; open          ; open            ; open  ; 0 V                 ; -                  ; n/a           ; n/a             ; n/a         ;
; LED_STATUS(3)       ; 1.8 V        ; 0 in              ; 0 H/in                  ; 0 F/in                  ; short         ; -                   ; open           ; open             ; open   ; 0 in             ; 0 H/in                 ; 0 F/in                 ; short        ; open          ; open            ; open  ; 0 V                 ; -                  ; n/a           ; n/a             ; n/a         ;
; altera_reserved_tdo ; 1.8 V        ; 0 in              ; 0 H/in                  ; 0 F/in                  ; short         ; -                   ; open           ; open             ; open   ; 0 in             ; 0 H/in                 ; 0 F/in                 ; short        ; open          ; open            ; open  ; 0 V                 ; -                  ; n/a           ; n/a             ; n/a         ;
; LED_STATUS(4)       ; 1.8 V        ; 0 in              ; 0 H/in                  ; 0 F/in                  ; short         ; -                   ; open           ; open             ; open   ; 0 in             ; 0 H/in                 ; 0 F/in                 ; short        ; open          ; open            ; open  ; 0 V                 ; -                  ; n/a           ; n/a             ; n/a         ;
; LED_STATUS(5)       ; 1.8 V        ; 0 in              ; 0 H/in                  ; 0 F/in                  ; short         ; -                   ; open           ; open             ; open   ; 0 in             ; 0 H/in                 ; 0 F/in                 ; short        ; open          ; open            ; open  ; 0 V                 ; -                  ; n/a           ; n/a             ; n/a         ;
; LED_STATUS(6)       ; 1.8 V        ; 0 in              ; 0 H/in                  ; 0 F/in                  ; short         ; -                   ; open           ; open             ; open   ; 0 in             ; 0 H/in                 ; 0 F/in                 ; short        ; open          ; open            ; open  ; 0 V                 ; -                  ; n/a           ; n/a             ; n/a         ;
; LED_STATUS(7)       ; 1.8 V        ; 0 in              ; 0 H/in                  ; 0 F/in                  ; short         ; -                   ; open           ; open             ; open   ; 0 in             ; 0 H/in                 ; 0 F/in                 ; short        ; open          ; open            ; open  ; 0 V                 ; -                  ; n/a           ; n/a             ; n/a         ;
+---------------------+--------------+-------------------+-------------------------+-------------------------+---------------+---------------------+----------------+------------------+--------+------------------+------------------------+------------------------+--------------+---------------+-----------------+-------+---------------------+--------------------+---------------+-----------------+-------------+


+------------------------------------------------------------------------+
; Input Transition Times                                                 ;
+---------------------+--------------+-----------------+-----------------+
; Pin                 ; I/O Standard ; 10-90 Rise Time ; 90-10 Fall Time ;
+---------------------+--------------+-----------------+-----------------+
; BTN_RESET           ; 1.8 V        ; 1440 ps         ; 1440 ps         ;
; altera_reserved_tck ; 1.8 V        ; 1440 ps         ; 1440 ps         ;
; altera_reserved_tdi ; 1.8 V        ; 1440 ps         ; 1440 ps         ;
; altera_reserved_tms ; 1.8 V        ; 1440 ps         ; 1440 ps         ;
; CLK_50              ; 1.8 V        ; 1440 ps         ; 1440 ps         ;
; ~ALTERA_DATA0~      ; 1.8 V        ; 1440 ps         ; 1440 ps         ;
+---------------------+--------------+-----------------+-----------------+


+--------------------------------------------------------------------------------------------------------------------------------------------------------------------------------------------------------------------------------------------------------------------------------------------------------------------------------------------------------------------------------------------------------------------------------------------------------------------------------------------------------------------------------------------------------------------------------------------------------------------------------------------------------------------------------------------------+
; Signal Integrity Metrics (Slow 900mv 100c Model)                                                                                                                                                                                                                                                                                                                                                                                                                                                                                                                                                                                                                                                 ;
+---------------------+--------------+---------------------+---------------------+------------------------------+------------------------------+---------------------+---------------------+--------------------------------------+--------------------------------------+-----------------------------+-----------------------------+----------------------------+----------------------------+-----------------------------+-----------------------------+--------------------+--------------------+-------------------------------------+-------------------------------------+----------------------------+----------------------------+---------------------------+---------------------------+
; Pin                 ; I/O Standard ; Board Delay on Rise ; Board Delay on Fall ; Steady State Voh at FPGA Pin ; Steady State Vol at FPGA Pin ; Voh Max at FPGA Pin ; Vol Min at FPGA Pin ; Ringback Voltage on Rise at FPGA Pin ; Ringback Voltage on Fall at FPGA Pin ; 10-90 Rise Time at FPGA Pin ; 90-10 Fall Time at FPGA Pin ; Monotonic Rise at FPGA Pin ; Monotonic Fall at FPGA Pin ; Steady State Voh at Far-end ; Steady State Vol at Far-end ; Voh Max at Far-end ; Vol Min at Far-end ; Ringback Voltage on Rise at Far-end ; Ringback Voltage on Fall at Far-end ; 10-90 Rise Time at Far-end ; 90-10 Fall Time at Far-end ; Monotonic Rise at Far-end ; Monotonic Fall at Far-end ;
+---------------------+--------------+---------------------+---------------------+------------------------------+------------------------------+---------------------+---------------------+--------------------------------------+--------------------------------------+-----------------------------+-----------------------------+----------------------------+----------------------------+-----------------------------+-----------------------------+--------------------+--------------------+-------------------------------------+-------------------------------------+----------------------------+----------------------------+---------------------------+---------------------------+
; LED_STATUS(0)       ; 1.8 V        ; 0 s                 ; 0 s                 ; 1.66 V                       ; 4.43e-06 V                   ; 1.7 V               ; -0.0552 V           ; 0.108 V                              ; 0.08 V                               ; 2.35e-10 s                  ; 2.24e-10 s                  ; No                         ; No                         ; 1.66 V                      ; 4.43e-06 V                  ; 1.7 V              ; -0.0552 V          ; 0.108 V                             ; 0.08 V                              ; 2.35e-10 s                 ; 2.24e-10 s                 ; No                        ; No                        ;
; LED_STATUS(1)       ; 1.8 V        ; 0 s                 ; 0 s                 ; 1.66 V                       ; 4.43e-06 V                   ; 1.7 V               ; -0.0552 V           ; 0.108 V                              ; 0.08 V                               ; 2.35e-10 s                  ; 2.24e-10 s                  ; No                         ; No                         ; 1.66 V                      ; 4.43e-06 V                  ; 1.7 V              ; -0.0552 V          ; 0.108 V                             ; 0.08 V                              ; 2.35e-10 s                 ; 2.24e-10 s                 ; No                        ; No                        ;
; LED_STATUS(2)       ; 1.8 V        ; 0 s                 ; 0 s                 ; 1.66 V                       ; 4.43e-06 V                   ; 1.7 V               ; -0.0552 V           ; 0.108 V                              ; 0.08 V                               ; 2.35e-10 s                  ; 2.24e-10 s                  ; No                         ; No                         ; 1.66 V                      ; 4.43e-06 V                  ; 1.7 V              ; -0.0552 V          ; 0.108 V                             ; 0.08 V                              ; 2.35e-10 s                 ; 2.24e-10 s                 ; No                        ; No                        ;
; LED_STATUS(3)       ; 1.8 V        ; 0 s                 ; 0 s                 ; 1.66 V                       ; 4.43e-06 V                   ; 1.7 V               ; -0.0552 V           ; 0.108 V                              ; 0.08 V                               ; 2.35e-10 s                  ; 2.24e-10 s                  ; No                         ; No                         ; 1.66 V                      ; 4.43e-06 V                  ; 1.7 V              ; -0.0552 V          ; 0.108 V                             ; 0.08 V                              ; 2.35e-10 s                 ; 2.24e-10 s                 ; No                        ; No                        ;
; altera_reserved_tdo ; 1.8 V        ; 0 s                 ; 0 s                 ; 1.66 V                       ; 3.7e-06 V                    ; 1.73 V              ; -0.0751 V           ; 0.178 V                              ; 0.161 V                              ; 1.41e-10 s                  ; 1.39e-10 s                  ; No                         ; No                         ; 1.66 V                      ; 3.7e-06 V                   ; 1.73 V             ; -0.0751 V          ; 0.178 V                             ; 0.161 V                             ; 1.41e-10 s                 ; 1.39e-10 s                 ; No                        ; No                        ;
; LED_STATUS(4)       ; 1.8 V        ; 0 s                 ; 0 s                 ; 1.66 V                       ; 4.43e-06 V                   ; 1.7 V               ; -0.0552 V           ; 0.108 V                              ; 0.08 V                               ; 2.35e-10 s                  ; 2.24e-10 s                  ; No                         ; No                         ; 1.66 V                      ; 4.43e-06 V                  ; 1.7 V              ; -0.0552 V          ; 0.108 V                             ; 0.08 V                              ; 2.35e-10 s                 ; 2.24e-10 s                 ; No                        ; No                        ;
; LED_STATUS(5)       ; 1.8 V        ; 0 s                 ; 0 s                 ; 1.66 V                       ; 4.43e-06 V                   ; 1.7 V               ; -0.0552 V           ; 0.108 V                              ; 0.08 V                               ; 2.35e-10 s                  ; 2.24e-10 s                  ; No                         ; No                         ; 1.66 V                      ; 4.43e-06 V                  ; 1.7 V              ; -0.0552 V          ; 0.108 V                             ; 0.08 V                              ; 2.35e-10 s                 ; 2.24e-10 s                 ; No                        ; No                        ;
; LED_STATUS(6)       ; 1.8 V        ; 0 s                 ; 0 s                 ; 1.66 V                       ; 4.43e-06 V                   ; 1.7 V               ; -0.0552 V           ; 0.108 V                              ; 0.08 V                               ; 2.35e-10 s                  ; 2.24e-10 s                  ; No                         ; No                         ; 1.66 V                      ; 4.43e-06 V                  ; 1.7 V              ; -0.0552 V          ; 0.108 V                             ; 0.08 V                              ; 2.35e-10 s                 ; 2.24e-10 s                 ; No                        ; No                        ;
; LED_STATUS(7)       ; 1.8 V        ; 0 s                 ; 0 s                 ; 1.66 V                       ; 4.43e-06 V                   ; 1.7 V               ; -0.0552 V           ; 0.108 V                              ; 0.08 V                               ; 2.35e-10 s                  ; 2.24e-10 s                  ; No                         ; No                         ; 1.66 V                      ; 4.43e-06 V                  ; 1.7 V              ; -0.0552 V          ; 0.108 V                             ; 0.08 V                              ; 2.35e-10 s                 ; 2.24e-10 s                 ; No                        ; No                        ;
+---------------------+--------------+---------------------+---------------------+------------------------------+------------------------------+---------------------+---------------------+--------------------------------------+--------------------------------------+-----------------------------+-----------------------------+----------------------------+----------------------------+-----------------------------+-----------------------------+--------------------+--------------------+-------------------------------------+-------------------------------------+----------------------------+----------------------------+---------------------------+---------------------------+


+----------------------------------------------------------------------------------------------------------------------------------------------------+
; Setup Transfers                                                                                                                                    ;
+------------+----------+----------+----------+----------+----------+---------------------------+------------------+---------------------------------+
; From Clock ; To Clock ; RR Paths ; FR Paths ; RF Paths ; FF Paths ; Clock Pair Classification ; Worst-Case Slack ; Worst-Case Operating Conditions ;
+------------+----------+----------+----------+----------+----------+---------------------------+------------------+---------------------------------+
; CLK_50     ; CLK_50   ; 511557   ; 0        ; 0        ; 0        ; Intra-Clock (Timed Safe)  ; 5.527            ; Slow 900mV 100C Model           ;
+------------+----------+----------+----------+----------+----------+---------------------------+------------------+---------------------------------+
An "Asynchronous (Timed Unsafe)" transfer occurs when the From & To clocks are asynchronous and no timing constraints exist. Entries labeled "false path" only account for clock-to-clock false paths. Path-based false path counts are shown in rows with "Ignored (Not Timed)" classifications


+----------------------------------------------------------------------------------------------------------------------------------------------------+
; Hold Transfers                                                                                                                                     ;
+------------+----------+----------+----------+----------+----------+---------------------------+------------------+---------------------------------+
; From Clock ; To Clock ; RR Paths ; FR Paths ; RF Paths ; FF Paths ; Clock Pair Classification ; Worst-Case Slack ; Worst-Case Operating Conditions ;
+------------+----------+----------+----------+----------+----------+---------------------------+------------------+---------------------------------+
; CLK_50     ; CLK_50   ; 533473   ; 0        ; 0        ; 0        ; Intra-Clock (Timed Safe)  ; 0.015            ; Fast 900mV 0C Model             ;
+------------+----------+----------+----------+----------+----------+---------------------------+------------------+---------------------------------+
An "Asynchronous (Timed Unsafe)" transfer occurs when the From & To clocks are asynchronous and no timing constraints exist. Entries labeled "false path" only account for clock-to-clock false paths. Path-based false path counts are shown in rows with "Ignored (Not Timed)" classifications


+----------------------------------------------------------------------------------------------------------------------------------------------------+
; Recovery Transfers                                                                                                                                 ;
+------------+----------+----------+----------+----------+----------+---------------------------+------------------+---------------------------------+
; From Clock ; To Clock ; RR Paths ; FR Paths ; RF Paths ; FF Paths ; Clock Pair Classification ; Worst-Case Slack ; Worst-Case Operating Conditions ;
+------------+----------+----------+----------+----------+----------+---------------------------+------------------+---------------------------------+
; CLK_50     ; CLK_50   ; 3633     ; 0        ; 0        ; 0        ; Intra-Clock (Timed Safe)  ; 14.078           ; Slow 900mV 100C Model           ;
+------------+----------+----------+----------+----------+----------+---------------------------+------------------+---------------------------------+
An "Asynchronous (Timed Unsafe)" transfer occurs when the From & To clocks are asynchronous and no timing constraints exist. Entries labeled "false path" only account for clock-to-clock false paths. Path-based false path counts are shown in rows with "Ignored (Not Timed)" classifications


+----------------------------------------------------------------------------------------------------------------------------------------------------+
; Removal Transfers                                                                                                                                  ;
+------------+----------+----------+----------+----------+----------+---------------------------+------------------+---------------------------------+
; From Clock ; To Clock ; RR Paths ; FR Paths ; RF Paths ; FF Paths ; Clock Pair Classification ; Worst-Case Slack ; Worst-Case Operating Conditions ;
+------------+----------+----------+----------+----------+----------+---------------------------+------------------+---------------------------------+
; CLK_50     ; CLK_50   ; 3633     ; 0        ; 0        ; 0        ; Intra-Clock (Timed Safe)  ; 0.168            ; Fast 900mV 0C Model             ;
+------------+----------+----------+----------+----------+----------+---------------------------+------------------+---------------------------------+
An "Asynchronous (Timed Unsafe)" transfer occurs when the From & To clocks are asynchronous and no timing constraints exist. Entries labeled "false path" only account for clock-to-clock false paths. Path-based false path counts are shown in rows with "Ignored (Not Timed)" classifications


----------------
; Command Info ;
----------------
Report Timing: Found 10 setup paths (0 violated).  Worst case slack is 5.527 

Tcl Command:
    report_timing -setup -panel_name {Worst-Case Timing Paths||Setup||CLK_50} -to_clock [get_clocks {CLK_50}] -npaths 10 -detail full_path

Options:
    -to_clock [get_clocks {CLK_50}] 
    -setup 
    -npaths 10 
    -detail full_path 
    -panel_name {CLK_50} 

Snapshot:
    final

Delay Models:
    Slow 900mV 100C Model
    Slow 900mV 0C Model
    Fast 900mV 100C Model
    Fast 900mV 0C Model


+----------------------------------------------------------------------------------------------------------------------------------------------------------------------------------------------------------------------------------+
; Summary of Paths                                                                                                                                                                                                                 ;
+-------+-------------------------------------------------------------+----------------------------------------------------+--------------+-------------+--------------+------------+------------+---------------------------------+
; Slack ; From Node                                                   ; To Node                                            ; Launch Clock ; Latch Clock ; Relationship ; Clock Skew ; Data Delay ; Worst-Case Operating Conditions ;
+-------+-------------------------------------------------------------+----------------------------------------------------+--------------+-------------+--------------+------------+------------+---------------------------------+
; 5.527 ; System|npu_system_0|npu_system_22|w_col_idx[0]~_Duplicate   ; System|npu_system_0|npu_system_22|out_data_reg[18] ; CLK_50       ; CLK_50      ; 20.014       ; -0.107     ; 14.619     ; Slow 900mV 100C Model           ;
; 5.626 ; System|npu_system_0|npu_system_22|w_col_idx[2]~_Duplicate_9 ; System|npu_system_0|npu_system_22|out_data_reg[11] ; CLK_50       ; CLK_50      ; 20.000       ; -0.068     ; 14.556     ; Slow 900mV 100C Model           ;
; 5.682 ; System|npu_system_0|npu_system_22|w_col_idx[0]~DUPLICATE    ; System|npu_system_0|npu_system_22|out_data_reg[24] ; CLK_50       ; CLK_50      ; 20.000       ; -0.107     ; 14.460     ; Slow 900mV 100C Model           ;
; 5.745 ; System|npu_system_0|npu_system_22|w_col_idx[0]~_Duplicate   ; System|npu_system_0|npu_system_22|out_data_reg[0]  ; CLK_50       ; CLK_50      ; 20.000       ; -0.107     ; 14.385     ; Slow 900mV 100C Model           ;
; 5.801 ; System|npu_system_0|npu_system_22|w_col_idx[0]              ; System|npu_system_0|npu_system_22|out_data_reg[0]  ; CLK_50       ; CLK_50      ; 20.000       ; -0.107     ; 14.329     ; Slow 900mV 100C Model           ;
; 5.837 ; System|npu_system_0|npu_system_22|w_col_idx[0]~_Duplicate_4 ; System|npu_system_0|npu_system_22|out_data_reg[3]  ; CLK_50       ; CLK_50      ; 20.000       ; -0.089     ; 14.345     ; Slow 900mV 100C Model           ;
; 5.956 ; System|npu_system_0|npu_system_22|w_col_idx[0]~_Duplicate   ; System|npu_system_0|npu_system_22|out_data_reg[0]  ; CLK_50       ; CLK_50      ; 20.000       ; -0.107     ; 14.174     ; Slow 900mV 100C Model           ;
; 6.011 ; System|npu_system_0|npu_system_22|w_col_idx[1]              ; System|npu_system_0|npu_system_22|out_data_reg[13] ; CLK_50       ; CLK_50      ; 20.000       ; -0.142     ; 14.098     ; Slow 900mV 100C Model           ;
; 6.029 ; System|npu_system_0|npu_system_22|w_col_idx[1]~_Duplicate_7 ; System|npu_system_0|npu_system_22|out_data_reg[11] ; CLK_50       ; CLK_50      ; 20.000       ; -0.161     ; 14.060     ; Slow 900mV 100C Model           ;
; 6.031 ; System|npu_system_0|npu_system_22|w_col_idx[2]~_Duplicate_8 ; System|npu_system_0|npu_system_22|out_data_reg[13] ; CLK_50       ; CLK_50      ; 20.000       ; -0.164     ; 14.056     ; Slow 900mV 100C Model           ;
+-------+-------------------------------------------------------------+----------------------------------------------------+--------------+-------------+--------------+------------+------------+---------------------------------+


Path #1: Setup slack is 5.527 
===============================================================================
+---------------------------------------------------------------------------------------------+
; Path Summary                                                                                ;
+---------------------------------+-----------------------------------------------------------+
; Property                        ; Value                                                     ;
+---------------------------------+-----------------------------------------------------------+
; From Node                       ; System|npu_system_0|npu_system_22|w_col_idx[0]~_Duplicate ;
; To Node                         ; System|npu_system_0|npu_system_22|out_data_reg[18]        ;
; Launch Clock                    ; CLK_50                                                    ;
; Latch Clock                     ; CLK_50                                                    ;
; SDC Exception                   ; No SDC Exception on Path                                  ;
; Data Arrival Time               ; 19.205                                                    ;
; Data Required Time              ; 24.732                                                    ;
; Slack                           ; 5.527                                                     ;
; Worst-Case Operating Conditions ; Slow 900mV 100C Model                                     ;
+---------------------------------+-----------------------------------------------------------+

+------------------------------------------------------------------------------------+
; Statistics                                                                         ;
+------------------------+--------+-------+-------------+------------+-------+-------+
; Property               ; Value  ; Count ; Total Delay ; % of Total ; Min   ; Max   ;
+------------------------+--------+-------+-------------+------------+-------+-------+
; Setup Relationship     ; 20.014 ;       ;             ;            ;       ;       ;
; Clock Skew             ; -0.107 ;       ;             ;            ;       ;       ;
; Data Delay             ; 14.619 ;       ;             ;            ;       ;       ;
; Number of Logic Levels ;        ; 6     ;             ;            ;       ;       ;
; Physical Delays        ;        ;       ;             ;            ;       ;       ;
;  Arrival Path          ;        ;       ;             ;            ;       ;       ;
;   Clock                ;        ;       ;             ;            ;       ;       ;
;    IC                  ;        ; 3     ; 3.362       ; 73         ; 0.000 ; 3.362 ;
;    Cell                ;        ; 4     ; 1.224       ; 27         ; 0.000 ; 0.547 ;
;   Data                 ;        ;       ;             ;            ;       ;       ;
;    IC                  ;        ; 6     ; 13.248      ; 91         ; 0.458 ; 3.297 ;
;    Cell                ;        ; 14    ; 1.153       ; 8          ; 0.000 ; 0.224 ;
;    uTco                ;        ; 1     ; 0.218       ; 1          ; 0.218 ; 0.218 ;
;  Required Path         ;        ;       ;             ;            ;       ;       ;
;   Clock                ;        ;       ;             ;            ;       ;       ;
;    IC                  ;        ; 3     ; 3.111       ; 74         ; 0.000 ; 3.111 ;
;    Cell                ;        ; 4     ; 1.116       ; 26         ; 0.000 ; 0.547 ;
+------------------------+--------+-------+-------------+------------+-------+-------+
Note: Negative delays are omitted from totals when calculating percentages

+--------------------------------------------------------------------------------------------------------------------------------------------------------------+
; Data Arrival Path                                                                                                                                            ;
+----------+---------+----+--------+--------+-----------------------+------------+-----------------------------------------------------------------------------+
; Total    ; Incr    ; RF ; Type   ; Fanout ; Location              ; HS/LP      ; Element                                                                     ;
+----------+---------+----+--------+--------+-----------------------+------------+-----------------------------------------------------------------------------+
; 0.000    ; 0.000   ;    ;        ;        ;                       ;            ; launch edge time                                                            ;
; 0.000    ; 0.000   ;    ; borrow ;        ;                       ;            ; time borrowed                                                               ;
; 4.586    ; 4.586   ;    ;        ;        ;                       ;            ; clock path                                                                  ;
;   0.000  ;   0.000 ;    ;        ;        ;                       ;            ; source latency                                                              ;
;   0.000  ;   0.000 ;    ;        ; 1      ; PIN_AM10              ;            ; CLK_50                                                                      ;
;   0.000  ;   0.000 ; RR ; IC     ; 1      ; IOIBUF_X148_Y16_N32   ;            ; CLK_50~input|i                                                              ;
;   0.547  ;   0.547 ; RR ; CELL   ; 1      ; IOIBUF_X148_Y16_N32   ;            ; CLK_50~input|o                                                              ;
;   0.706  ;   0.159 ; RR ; CELL   ; 1      ; IOIBUF_X148_Y16_N32   ;            ; CLK_50~input~io_48_lvds_tile_edge/ioclkin[0]                                ;
;   0.706  ;   0.000 ; RR ; IC     ; 2      ; CLKCTRL_3A_G_I20      ;            ; CLK_50~inputCLKENA0|inclk                                                   ;
;   1.224  ;   0.518 ; RR ; CELL   ; 178801 ; CLKCTRL_3A_G_I20      ;            ; CLK_50~inputCLKENA0|outclk                                                  ;
;   4.586  ;   3.362 ; RR ; IC     ; 1      ; FF_X67_Y68_N4         ; High Speed ; System|npu_system_0|npu_system_22|w_col_idx[0]~_Duplicate|clk               ;
;   4.586  ;   0.000 ; RR ; CELL   ; 1      ; FF_X67_Y68_N4         ; High Speed ; System|npu_system_0|npu_system_22|w_col_idx[0]~_Duplicate                   ;
; 19.205   ; 14.619  ;    ;        ;        ;                       ;            ; data path                                                                   ;
;   4.804  ;   0.218 ; RR ; uTco   ; 1      ; FF_X67_Y68_N4         ;            ; System|npu_system_0|npu_system_22|w_col_idx[0]~_Duplicate|q                 ;
;   4.916  ;   0.112 ; RR ; CELL   ; 792    ; FF_X67_Y68_N4         ; High Speed ; System|npu_system_0|npu_system_22|w_col_idx[0]~_Duplicate~la_lab/laboutt[2] ;
;   8.213  ;   3.297 ; RR ; IC     ; 1      ; LABCELL_X107_Y131_N12 ; Mixed      ; System|npu_system_0|npu_system_22|i128470~7444|dataf                        ;
;   8.263  ;   0.050 ; RF ; CELL   ; 1      ; LABCELL_X107_Y131_N12 ; High Speed ; System|npu_system_0|npu_system_22|i128470~7444|combout                      ;
;   8.268  ;   0.005 ; FF ; CELL   ; 1      ; LABCELL_X107_Y131_N12 ; High Speed ; System|npu_system_0|npu_system_22|i128470~7444~la_lab/laboutt[9]            ;
;   11.511 ;   3.243 ; FF ; IC     ; 1      ; LABCELL_X77_Y101_N6   ; Mixed      ; System|npu_system_0|npu_system_22|i128470~7448|datab                        ;
;   11.735 ;   0.224 ; FF ; CELL   ; 1      ; LABCELL_X77_Y101_N6   ; High Speed ; System|npu_system_0|npu_system_22|i128470~7448|combout                      ;
;   11.739 ;   0.004 ; FF ; CELL   ; 1      ; LABCELL_X77_Y101_N6   ; High Speed ; System|npu_system_0|npu_system_22|i128470~7448~la_lab/laboutt[4]            ;
;   14.296 ;   2.557 ; FF ; IC     ; 1      ; LABCELL_X77_Y70_N57   ; High Speed ; System|npu_system_0|npu_system_22|i128470~7464|datab                        ;
;   14.520 ;   0.224 ; FF ; CELL   ; 1      ; LABCELL_X77_Y70_N57   ; High Speed ; System|npu_system_0|npu_system_22|i128470~7464|combout                      ;
;   14.524 ;   0.004 ; FF ; CELL   ; 1      ; LABCELL_X77_Y70_N57   ; High Speed ; System|npu_system_0|npu_system_22|i128470~7464~la_lab/laboutb[18]           ;
;   14.982 ;   0.458 ; FF ; IC     ; 1      ; LABCELL_X77_Y69_N24   ; High Speed ; System|npu_system_0|npu_system_22|i128470~7528|datad                        ;
;   15.129 ;   0.147 ; FF ; CELL   ; 1      ; LABCELL_X77_Y69_N24   ; High Speed ; System|npu_system_0|npu_system_22|i128470~7528|combout                      ;
;   15.133 ;   0.004 ; FF ; CELL   ; 1      ; LABCELL_X77_Y69_N24   ; High Speed ; System|npu_system_0|npu_system_22|i128470~7528~la_lab/laboutt[16]           ;
;   16.519 ;   1.386 ; FF ; IC     ; 1      ; MLABCELL_X62_Y77_N6   ; Mixed      ; System|npu_system_0|npu_system_22|i128470~7614|dataa                        ;
;   16.737 ;   0.218 ; FF ; CELL   ; 1      ; MLABCELL_X62_Y77_N6   ; High Speed ; System|npu_system_0|npu_system_22|i128470~7614|combout                      ;
;   16.743 ;   0.006 ; FF ; CELL   ; 1      ; MLABCELL_X62_Y77_N6   ; High Speed ; System|npu_system_0|npu_system_22|i128470~7614~la_mlab/laboutt[5]           ;
;   19.050 ;   2.307 ; FF ; IC     ; 1      ; LABCELL_X51_Y130_N9   ; Mixed      ; System|npu_system_0|npu_system_22|i128470~7615|datad                        ;
;   19.205 ;   0.155 ; FF ; CELL   ; 1      ; LABCELL_X51_Y130_N9   ; High Speed ; System|npu_system_0|npu_system_22|i128470~7615|combout                      ;
;   19.205 ;   0.000 ; FF ; CELL   ; 1      ; FF_X51_Y130_N10       ; High Speed ; System|npu_system_0|npu_system_22|out_data_reg[18]|d                        ;
;   19.205 ;   0.000 ; FF ; CELL   ; 1      ; FF_X51_Y130_N10       ; High Speed ; System|npu_system_0|npu_system_22|out_data_reg[18]                          ;
+----------+---------+----+--------+--------+-----------------------+------------+-----------------------------------------------------------------------------+

+---------------------------------------------------------------------------------------------------------------------------------------+
; Data Required Path                                                                                                                    ;
+----------+---------+----+--------+--------+---------------------+------------+--------------------------------------------------------+
; Total    ; Incr    ; RF ; Type   ; Fanout ; Location            ; HS/LP      ; Element                                                ;
+----------+---------+----+--------+--------+---------------------+------------+--------------------------------------------------------+
; 20.000   ; 20.000  ;    ;        ;        ;                     ;            ; latch edge time                                        ;
; 20.014   ; 0.014   ;    ; borrow ;        ;                     ;            ; time borrowed                                          ;
; 24.493   ; 4.479   ;    ;        ;        ;                     ;            ; clock path                                             ;
;   20.014 ;   0.000 ;    ;        ;        ;                     ;            ; source latency                                         ;
;   20.014 ;   0.000 ;    ;        ; 1      ; PIN_AM10            ;            ; CLK_50                                                 ;
;   20.014 ;   0.000 ; RR ; IC     ; 1      ; IOIBUF_X148_Y16_N32 ;            ; CLK_50~input|i                                         ;
;   20.561 ;   0.547 ; RR ; CELL   ; 1      ; IOIBUF_X148_Y16_N32 ;            ; CLK_50~input|o                                         ;
;   20.690 ;   0.129 ; RR ; CELL   ; 1      ; IOIBUF_X148_Y16_N32 ;            ; CLK_50~input~io_48_lvds_tile_edge/ioclkin[0]           ;
;   20.690 ;   0.000 ; RR ; IC     ; 2      ; CLKCTRL_3A_G_I20    ;            ; CLK_50~inputCLKENA0|inclk                              ;
;   21.130 ;   0.440 ; RR ; CELL   ; 178801 ; CLKCTRL_3A_G_I20    ;            ; CLK_50~inputCLKENA0|outclk                             ;
;   24.241 ;   3.111 ; RR ; IC     ; 1      ; FF_X51_Y130_N10     ; High Speed ; System|npu_system_0|npu_system_22|out_data_reg[18]|clk ;
;   24.241 ;   0.000 ; RR ; CELL   ; 1      ; FF_X51_Y130_N10     ; High Speed ; System|npu_system_0|npu_system_22|out_data_reg[18]     ;
;   24.493 ;   0.252 ;    ;        ;        ;                     ;            ; clock pessimism removed                                ;
; 24.463   ; -0.030  ;    ;        ;        ;                     ;            ; clock uncertainty                                      ;
; 24.732   ; 0.269   ;    ; uTsu   ; 1      ; FF_X51_Y130_N10     ;            ; System|npu_system_0|npu_system_22|out_data_reg[18]     ;
+----------+---------+----+--------+--------+---------------------+------------+--------------------------------------------------------+



Path #2: Setup slack is 5.626 
===============================================================================
+-----------------------------------------------------------------------------------------------+
; Path Summary                                                                                  ;
+---------------------------------+-------------------------------------------------------------+
; Property                        ; Value                                                       ;
+---------------------------------+-------------------------------------------------------------+
; From Node                       ; System|npu_system_0|npu_system_22|w_col_idx[2]~_Duplicate_9 ;
; To Node                         ; System|npu_system_0|npu_system_22|out_data_reg[11]          ;
; Launch Clock                    ; CLK_50                                                      ;
; Latch Clock                     ; CLK_50                                                      ;
; SDC Exception                   ; No SDC Exception on Path                                    ;
; Data Arrival Time               ; 19.103                                                      ;
; Data Required Time              ; 24.729                                                      ;
; Slack                           ; 5.626                                                       ;
; Worst-Case Operating Conditions ; Slow 900mV 100C Model                                       ;
+---------------------------------+-------------------------------------------------------------+

+------------------------------------------------------------------------------------+
; Statistics                                                                         ;
+------------------------+--------+-------+-------------+------------+-------+-------+
; Property               ; Value  ; Count ; Total Delay ; % of Total ; Min   ; Max   ;
+------------------------+--------+-------+-------------+------------+-------+-------+
; Setup Relationship     ; 20.000 ;       ;             ;            ;       ;       ;
; Clock Skew             ; -0.068 ;       ;             ;            ;       ;       ;
; Data Delay             ; 14.556 ;       ;             ;            ;       ;       ;
; Number of Logic Levels ;        ; 6     ;             ;            ;       ;       ;
; Physical Delays        ;        ;       ;             ;            ;       ;       ;
;  Arrival Path          ;        ;       ;             ;            ;       ;       ;
;   Clock                ;        ;       ;             ;            ;       ;       ;
;    IC                  ;        ; 3     ; 3.323       ; 73         ; 0.000 ; 3.323 ;
;    Cell                ;        ; 4     ; 1.224       ; 27         ; 0.000 ; 0.547 ;
;   Data                 ;        ;       ;             ;            ;       ;       ;
;    IC                  ;        ; 6     ; 13.109      ; 90         ; 0.193 ; 3.219 ;
;    Cell                ;        ; 14    ; 1.231       ; 8          ; 0.000 ; 0.307 ;
;    uTco                ;        ; 1     ; 0.216       ; 1          ; 0.216 ; 0.216 ;
;  Required Path         ;        ;       ;             ;            ;       ;       ;
;   Clock                ;        ;       ;             ;            ;       ;       ;
;    IC                  ;        ; 3     ; 3.111       ; 74         ; 0.000 ; 3.111 ;
;    Cell                ;        ; 4     ; 1.116       ; 26         ; 0.000 ; 0.547 ;
+------------------------+--------+-------+-------------+------------+-------+-------+
Note: Negative delays are omitted from totals when calculating percentages

+----------------------------------------------------------------------------------------------------------------------------------------------------------------+
; Data Arrival Path                                                                                                                                              ;
+----------+---------+----+--------+--------+----------------------+------------+--------------------------------------------------------------------------------+
; Total    ; Incr    ; RF ; Type   ; Fanout ; Location             ; HS/LP      ; Element                                                                        ;
+----------+---------+----+--------+--------+----------------------+------------+--------------------------------------------------------------------------------+
; 0.000    ; 0.000   ;    ;        ;        ;                      ;            ; launch edge time                                                               ;
; 0.000    ; 0.000   ;    ; borrow ;        ;                      ;            ; time borrowed                                                                  ;
; 4.547    ; 4.547   ;    ;        ;        ;                      ;            ; clock path                                                                     ;
;   0.000  ;   0.000 ;    ;        ;        ;                      ;            ; source latency                                                                 ;
;   0.000  ;   0.000 ;    ;        ; 1      ; PIN_AM10             ;            ; CLK_50                                                                         ;
;   0.000  ;   0.000 ; RR ; IC     ; 1      ; IOIBUF_X148_Y16_N32  ;            ; CLK_50~input|i                                                                 ;
;   0.547  ;   0.547 ; RR ; CELL   ; 1      ; IOIBUF_X148_Y16_N32  ;            ; CLK_50~input|o                                                                 ;
;   0.706  ;   0.159 ; RR ; CELL   ; 1      ; IOIBUF_X148_Y16_N32  ;            ; CLK_50~input~io_48_lvds_tile_edge/ioclkin[0]                                   ;
;   0.706  ;   0.000 ; RR ; IC     ; 2      ; CLKCTRL_3A_G_I20     ;            ; CLK_50~inputCLKENA0|inclk                                                      ;
;   1.224  ;   0.518 ; RR ; CELL   ; 178801 ; CLKCTRL_3A_G_I20     ;            ; CLK_50~inputCLKENA0|outclk                                                     ;
;   4.547  ;   3.323 ; RR ; IC     ; 1      ; FF_X56_Y59_N58       ; High Speed ; System|npu_system_0|npu_system_22|w_col_idx[2]~_Duplicate_9|clk                ;
;   4.547  ;   0.000 ; RR ; CELL   ; 1      ; FF_X56_Y59_N58       ; High Speed ; System|npu_system_0|npu_system_22|w_col_idx[2]~_Duplicate_9                    ;
; 19.103   ; 14.556  ;    ;        ;        ;                      ;            ; data path                                                                      ;
;   4.763  ;   0.216 ; RR ; uTco   ; 1      ; FF_X56_Y59_N58       ;            ; System|npu_system_0|npu_system_22|w_col_idx[2]~_Duplicate_9|q                  ;
;   4.895  ;   0.132 ; RR ; CELL   ; 710    ; FF_X56_Y59_N58       ; High Speed ; System|npu_system_0|npu_system_22|w_col_idx[2]~_Duplicate_9~la_lab/laboutb[18] ;
;   7.986  ;   3.091 ; RR ; IC     ; 1      ; LABCELL_X37_Y24_N42  ; Mixed      ; System|npu_system_0|npu_system_22|i128470~9137|datad                           ;
;   8.164  ;   0.178 ; RR ; CELL   ; 1      ; LABCELL_X37_Y24_N42  ; Low Power  ; System|npu_system_0|npu_system_22|i128470~9137|combout                         ;
;   8.169  ;   0.005 ; RR ; CELL   ; 1      ; LABCELL_X37_Y24_N42  ; Low Power  ; System|npu_system_0|npu_system_22|i128470~9137~la_lab/laboutb[9]               ;
;   11.035 ;   2.866 ; RR ; IC     ; 1      ; LABCELL_X37_Y84_N0   ; Mixed      ; System|npu_system_0|npu_system_22|i128470~9138|datac                           ;
;   11.192 ;   0.157 ; RR ; CELL   ; 1      ; LABCELL_X37_Y84_N0   ; High Speed ; System|npu_system_0|npu_system_22|i128470~9138|combout                         ;
;   11.196 ;   0.004 ; RR ; CELL   ; 1      ; LABCELL_X37_Y84_N0   ; High Speed ; System|npu_system_0|npu_system_22|i128470~9138~la_lab/laboutt[0]               ;
;   14.415 ;   3.219 ; RR ; IC     ; 1      ; MLABCELL_X83_Y76_N12 ; Mixed      ; System|npu_system_0|npu_system_22|i128470~9149|datad                           ;
;   14.620 ;   0.205 ; RR ; CELL   ; 1      ; MLABCELL_X83_Y76_N12 ; Low Power  ; System|npu_system_0|npu_system_22|i128470~9149|combout                         ;
;   14.626 ;   0.006 ; RR ; CELL   ; 1      ; MLABCELL_X83_Y76_N12 ; Low Power  ; System|npu_system_0|npu_system_22|i128470~9149~la_mlab/laboutt[9]              ;
;   14.819 ;   0.193 ; RR ; IC     ; 1      ; LABCELL_X82_Y76_N30  ; Low Power  ; System|npu_system_0|npu_system_22|i128470~9150|dataa                           ;
;   15.126 ;   0.307 ; RR ; CELL   ; 1      ; LABCELL_X82_Y76_N30  ; Low Power  ; System|npu_system_0|npu_system_22|i128470~9150|combout                         ;
;   15.131 ;   0.005 ; RR ; CELL   ; 1      ; LABCELL_X82_Y76_N30  ; Low Power  ; System|npu_system_0|npu_system_22|i128470~9150~la_lab/laboutb[1]               ;
;   16.811 ;   1.680 ; RR ; IC     ; 1      ; LABCELL_X63_Y73_N45  ; Mixed      ; System|npu_system_0|npu_system_22|i128470~9406|datad                           ;
;   16.991 ;   0.180 ; RR ; CELL   ; 1      ; LABCELL_X63_Y73_N45  ; Low Power  ; System|npu_system_0|npu_system_22|i128470~9406|combout                         ;
;   16.996 ;   0.005 ; RR ; CELL   ; 1      ; LABCELL_X63_Y73_N45  ; Low Power  ; System|npu_system_0|npu_system_22|i128470~9406~la_lab/laboutb[10]              ;
;   19.056 ;   2.060 ; RR ; IC     ; 1      ; LABCELL_X51_Y129_N6  ; Mixed      ; System|npu_system_0|npu_system_22|i128470~9407|dataf                           ;
;   19.103 ;   0.047 ; RR ; CELL   ; 1      ; LABCELL_X51_Y129_N6  ; High Speed ; System|npu_system_0|npu_system_22|i128470~9407|combout                         ;
;   19.103 ;   0.000 ; RR ; CELL   ; 1      ; FF_X51_Y129_N7       ; High Speed ; System|npu_system_0|npu_system_22|out_data_reg[11]|d                           ;
;   19.103 ;   0.000 ; RR ; CELL   ; 1      ; FF_X51_Y129_N7       ; High Speed ; System|npu_system_0|npu_system_22|out_data_reg[11]                             ;
+----------+---------+----+--------+--------+----------------------+------------+--------------------------------------------------------------------------------+

+---------------------------------------------------------------------------------------------------------------------------------------+
; Data Required Path                                                                                                                    ;
+----------+---------+----+--------+--------+---------------------+------------+--------------------------------------------------------+
; Total    ; Incr    ; RF ; Type   ; Fanout ; Location            ; HS/LP      ; Element                                                ;
+----------+---------+----+--------+--------+---------------------+------------+--------------------------------------------------------+
; 20.000   ; 20.000  ;    ;        ;        ;                     ;            ; latch edge time                                        ;
; 20.000   ; 0.000   ;    ; borrow ;        ;                     ;            ; time borrowed                                          ;
; 24.479   ; 4.479   ;    ;        ;        ;                     ;            ; clock path                                             ;
;   20.000 ;   0.000 ;    ;        ;        ;                     ;            ; source latency                                         ;
;   20.000 ;   0.000 ;    ;        ; 1      ; PIN_AM10            ;            ; CLK_50                                                 ;
;   20.000 ;   0.000 ; RR ; IC     ; 1      ; IOIBUF_X148_Y16_N32 ;            ; CLK_50~input|i                                         ;
;   20.547 ;   0.547 ; RR ; CELL   ; 1      ; IOIBUF_X148_Y16_N32 ;            ; CLK_50~input|o                                         ;
;   20.676 ;   0.129 ; RR ; CELL   ; 1      ; IOIBUF_X148_Y16_N32 ;            ; CLK_50~input~io_48_lvds_tile_edge/ioclkin[0]           ;
;   20.676 ;   0.000 ; RR ; IC     ; 2      ; CLKCTRL_3A_G_I20    ;            ; CLK_50~inputCLKENA0|inclk                              ;
;   21.116 ;   0.440 ; RR ; CELL   ; 178801 ; CLKCTRL_3A_G_I20    ;            ; CLK_50~inputCLKENA0|outclk                             ;
;   24.227 ;   3.111 ; RR ; IC     ; 1      ; FF_X51_Y129_N7      ; High Speed ; System|npu_system_0|npu_system_22|out_data_reg[11]|clk ;
;   24.227 ;   0.000 ; RR ; CELL   ; 1      ; FF_X51_Y129_N7      ; High Speed ; System|npu_system_0|npu_system_22|out_data_reg[11]     ;
;   24.479 ;   0.252 ;    ;        ;        ;                     ;            ; clock pessimism removed                                ;
; 24.449   ; -0.030  ;    ;        ;        ;                     ;            ; clock uncertainty                                      ;
; 24.729   ; 0.280   ;    ; uTsu   ; 1      ; FF_X51_Y129_N7      ;            ; System|npu_system_0|npu_system_22|out_data_reg[11]     ;
+----------+---------+----+--------+--------+---------------------+------------+--------------------------------------------------------+



Path #3: Setup slack is 5.682 
===============================================================================
+--------------------------------------------------------------------------------------------+
; Path Summary                                                                               ;
+---------------------------------+----------------------------------------------------------+
; Property                        ; Value                                                    ;
+---------------------------------+----------------------------------------------------------+
; From Node                       ; System|npu_system_0|npu_system_22|w_col_idx[0]~DUPLICATE ;
; To Node                         ; System|npu_system_0|npu_system_22|out_data_reg[24]       ;
; Launch Clock                    ; CLK_50                                                   ;
; Latch Clock                     ; CLK_50                                                   ;
; SDC Exception                   ; No SDC Exception on Path                                 ;
; Data Arrival Time               ; 19.046                                                   ;
; Data Required Time              ; 24.728                                                   ;
; Slack                           ; 5.682                                                    ;
; Worst-Case Operating Conditions ; Slow 900mV 100C Model                                    ;
+---------------------------------+----------------------------------------------------------+

+------------------------------------------------------------------------------------+
; Statistics                                                                         ;
+------------------------+--------+-------+-------------+------------+-------+-------+
; Property               ; Value  ; Count ; Total Delay ; % of Total ; Min   ; Max   ;
+------------------------+--------+-------+-------------+------------+-------+-------+
; Setup Relationship     ; 20.000 ;       ;             ;            ;       ;       ;
; Clock Skew             ; -0.107 ;       ;             ;            ;       ;       ;
; Data Delay             ; 14.460 ;       ;             ;            ;       ;       ;
; Number of Logic Levels ;        ; 6     ;             ;            ;       ;       ;
; Physical Delays        ;        ;       ;             ;            ;       ;       ;
;  Arrival Path          ;        ;       ;             ;            ;       ;       ;
;   Clock                ;        ;       ;             ;            ;       ;       ;
;    IC                  ;        ; 3     ; 3.362       ; 73         ; 0.000 ; 3.362 ;
;    Cell                ;        ; 4     ; 1.224       ; 27         ; 0.000 ; 0.547 ;
;   Data                 ;        ;       ;             ;            ;       ;       ;
;    IC                  ;        ; 6     ; 13.199      ; 91         ; 0.446 ; 4.193 ;
;    Cell                ;        ; 14    ; 1.043       ; 7          ; 0.000 ; 0.265 ;
;    uTco                ;        ; 1     ; 0.218       ; 2          ; 0.218 ; 0.218 ;
;  Required Path         ;        ;       ;             ;            ;       ;       ;
;   Clock                ;        ;       ;             ;            ;       ;       ;
;    IC                  ;        ; 3     ; 3.111       ; 74         ; 0.000 ; 3.111 ;
;    Cell                ;        ; 4     ; 1.116       ; 26         ; 0.000 ; 0.547 ;
+------------------------+--------+-------+-------------+------------+-------+-------+
Note: Negative delays are omitted from totals when calculating percentages

+------------------------------------------------------------------------------------------------------------------------------------------------------------+
; Data Arrival Path                                                                                                                                          ;
+----------+---------+----+--------+--------+----------------------+------------+----------------------------------------------------------------------------+
; Total    ; Incr    ; RF ; Type   ; Fanout ; Location             ; HS/LP      ; Element                                                                    ;
+----------+---------+----+--------+--------+----------------------+------------+----------------------------------------------------------------------------+
; 0.000    ; 0.000   ;    ;        ;        ;                      ;            ; launch edge time                                                           ;
; 0.000    ; 0.000   ;    ; borrow ;        ;                      ;            ; time borrowed                                                              ;
; 4.586    ; 4.586   ;    ;        ;        ;                      ;            ; clock path                                                                 ;
;   0.000  ;   0.000 ;    ;        ;        ;                      ;            ; source latency                                                             ;
;   0.000  ;   0.000 ;    ;        ; 1      ; PIN_AM10             ;            ; CLK_50                                                                     ;
;   0.000  ;   0.000 ; RR ; IC     ; 1      ; IOIBUF_X148_Y16_N32  ;            ; CLK_50~input|i                                                             ;
;   0.547  ;   0.547 ; RR ; CELL   ; 1      ; IOIBUF_X148_Y16_N32  ;            ; CLK_50~input|o                                                             ;
;   0.706  ;   0.159 ; RR ; CELL   ; 1      ; IOIBUF_X148_Y16_N32  ;            ; CLK_50~input~io_48_lvds_tile_edge/ioclkin[0]                               ;
;   0.706  ;   0.000 ; RR ; IC     ; 2      ; CLKCTRL_3A_G_I20     ;            ; CLK_50~inputCLKENA0|inclk                                                  ;
;   1.224  ;   0.518 ; RR ; CELL   ; 178801 ; CLKCTRL_3A_G_I20     ;            ; CLK_50~inputCLKENA0|outclk                                                 ;
;   4.586  ;   3.362 ; RR ; IC     ; 1      ; FF_X67_Y68_N38       ; High Speed ; System|npu_system_0|npu_system_22|w_col_idx[0]~DUPLICATE|clk               ;
;   4.586  ;   0.000 ; RR ; CELL   ; 1      ; FF_X67_Y68_N38       ; High Speed ; System|npu_system_0|npu_system_22|w_col_idx[0]~DUPLICATE                   ;
; 19.046   ; 14.460  ;    ;        ;        ;                      ;            ; data path                                                                  ;
;   4.804  ;   0.218 ; FF ; uTco   ; 1      ; FF_X67_Y68_N38       ;            ; System|npu_system_0|npu_system_22|w_col_idx[0]~DUPLICATE|q                 ;
;   4.879  ;   0.075 ; FF ; CELL   ; 658    ; FF_X67_Y68_N38       ; High Speed ; System|npu_system_0|npu_system_22|w_col_idx[0]~DUPLICATE~la_lab/laboutb[5] ;
;   7.743  ;   2.864 ; FF ; IC     ; 1      ; MLABCELL_X24_Y24_N48 ; Mixed      ; System|npu_system_0|npu_system_22|i128470~4188|dataf                       ;
;   7.788  ;   0.045 ; FR ; CELL   ; 1      ; MLABCELL_X24_Y24_N48 ; High Speed ; System|npu_system_0|npu_system_22|i128470~4188|combout                     ;
;   7.793  ;   0.005 ; RR ; CELL   ; 1      ; MLABCELL_X24_Y24_N48 ; High Speed ; System|npu_system_0|npu_system_22|i128470~4188~la_mlab/laboutb[12]         ;
;   11.986 ;   4.193 ; RR ; IC     ; 1      ; LABCELL_X31_Y94_N6   ; Mixed      ; System|npu_system_0|npu_system_22|i128470~4189|datab                       ;
;   12.251 ;   0.265 ; RR ; CELL   ; 1      ; LABCELL_X31_Y94_N6   ; High Speed ; System|npu_system_0|npu_system_22|i128470~4189|combout                     ;
;   12.255 ;   0.004 ; RR ; CELL   ; 1      ; LABCELL_X31_Y94_N6   ; High Speed ; System|npu_system_0|npu_system_22|i128470~4189~la_lab/laboutt[4]           ;
;   14.584 ;   2.329 ; RR ; IC     ; 1      ; MLABCELL_X68_Y87_N30 ; Mixed      ; System|npu_system_0|npu_system_22|i128470~4200|datac                       ;
;   14.763 ;   0.179 ; RR ; CELL   ; 1      ; MLABCELL_X68_Y87_N30 ; Low Power  ; System|npu_system_0|npu_system_22|i128470~4200|combout                     ;
;   14.769 ;   0.006 ; RR ; CELL   ; 1      ; MLABCELL_X68_Y87_N30 ; Low Power  ; System|npu_system_0|npu_system_22|i128470~4200~la_mlab/laboutb[0]          ;
;   15.215 ;   0.446 ; RR ; IC     ; 1      ; MLABCELL_X68_Y87_N6  ; Low Power  ; System|npu_system_0|npu_system_22|i128470~4222|datae                       ;
;   15.374 ;   0.159 ; RR ; CELL   ; 1      ; MLABCELL_X68_Y87_N6  ; Low Power  ; System|npu_system_0|npu_system_22|i128470~4222|combout                     ;
;   15.380 ;   0.006 ; RR ; CELL   ; 1      ; MLABCELL_X68_Y87_N6  ; Low Power  ; System|npu_system_0|npu_system_22|i128470~4222~la_mlab/laboutt[5]          ;
;   16.375 ;   0.995 ; RR ; IC     ; 1      ; MLABCELL_X65_Y72_N15 ; Mixed      ; System|npu_system_0|npu_system_22|i128470~4478|datac                       ;
;   16.556 ;   0.181 ; RR ; CELL   ; 1      ; MLABCELL_X65_Y72_N15 ; High Speed ; System|npu_system_0|npu_system_22|i128470~4478|combout                     ;
;   16.561 ;   0.005 ; RR ; CELL   ; 1      ; MLABCELL_X65_Y72_N15 ; High Speed ; System|npu_system_0|npu_system_22|i128470~4478~la_mlab/laboutt[10]         ;
;   18.933 ;   2.372 ; RR ; IC     ; 1      ; LABCELL_X51_Y129_N27 ; Mixed      ; System|npu_system_0|npu_system_22|i128470~4479|datae                       ;
;   19.046 ;   0.113 ; RR ; CELL   ; 1      ; LABCELL_X51_Y129_N27 ; High Speed ; System|npu_system_0|npu_system_22|i128470~4479|combout                     ;
;   19.046 ;   0.000 ; RR ; CELL   ; 1      ; FF_X51_Y129_N28      ; High Speed ; System|npu_system_0|npu_system_22|out_data_reg[24]|d                       ;
;   19.046 ;   0.000 ; RR ; CELL   ; 1      ; FF_X51_Y129_N28      ; High Speed ; System|npu_system_0|npu_system_22|out_data_reg[24]                         ;
+----------+---------+----+--------+--------+----------------------+------------+----------------------------------------------------------------------------+

+---------------------------------------------------------------------------------------------------------------------------------------+
; Data Required Path                                                                                                                    ;
+----------+---------+----+--------+--------+---------------------+------------+--------------------------------------------------------+
; Total    ; Incr    ; RF ; Type   ; Fanout ; Location            ; HS/LP      ; Element                                                ;
+----------+---------+----+--------+--------+---------------------+------------+--------------------------------------------------------+
; 20.000   ; 20.000  ;    ;        ;        ;                     ;            ; latch edge time                                        ;
; 20.000   ; 0.000   ;    ; borrow ;        ;                     ;            ; time borrowed                                          ;
; 24.479   ; 4.479   ;    ;        ;        ;                     ;            ; clock path                                             ;
;   20.000 ;   0.000 ;    ;        ;        ;                     ;            ; source latency                                         ;
;   20.000 ;   0.000 ;    ;        ; 1      ; PIN_AM10            ;            ; CLK_50                                                 ;
;   20.000 ;   0.000 ; RR ; IC     ; 1      ; IOIBUF_X148_Y16_N32 ;            ; CLK_50~input|i                                         ;
;   20.547 ;   0.547 ; RR ; CELL   ; 1      ; IOIBUF_X148_Y16_N32 ;            ; CLK_50~input|o                                         ;
;   20.676 ;   0.129 ; RR ; CELL   ; 1      ; IOIBUF_X148_Y16_N32 ;            ; CLK_50~input~io_48_lvds_tile_edge/ioclkin[0]           ;
;   20.676 ;   0.000 ; RR ; IC     ; 2      ; CLKCTRL_3A_G_I20    ;            ; CLK_50~inputCLKENA0|inclk                              ;
;   21.116 ;   0.440 ; RR ; CELL   ; 178801 ; CLKCTRL_3A_G_I20    ;            ; CLK_50~inputCLKENA0|outclk                             ;
;   24.227 ;   3.111 ; RR ; IC     ; 1      ; FF_X51_Y129_N28     ; High Speed ; System|npu_system_0|npu_system_22|out_data_reg[24]|clk ;
;   24.227 ;   0.000 ; RR ; CELL   ; 1      ; FF_X51_Y129_N28     ; High Speed ; System|npu_system_0|npu_system_22|out_data_reg[24]     ;
;   24.479 ;   0.252 ;    ;        ;        ;                     ;            ; clock pessimism removed                                ;
; 24.449   ; -0.030  ;    ;        ;        ;                     ;            ; clock uncertainty                                      ;
; 24.728   ; 0.279   ;    ; uTsu   ; 1      ; FF_X51_Y129_N28     ;            ; System|npu_system_0|npu_system_22|out_data_reg[24]     ;
+----------+---------+----+--------+--------+---------------------+------------+--------------------------------------------------------+



Path #4: Setup slack is 5.745 
===============================================================================
+---------------------------------------------------------------------------------------------+
; Path Summary                                                                                ;
+---------------------------------+-----------------------------------------------------------+
; Property                        ; Value                                                     ;
+---------------------------------+-----------------------------------------------------------+
; From Node                       ; System|npu_system_0|npu_system_22|w_col_idx[0]~_Duplicate ;
; To Node                         ; System|npu_system_0|npu_system_22|out_data_reg[0]         ;
; Launch Clock                    ; CLK_50                                                    ;
; Latch Clock                     ; CLK_50                                                    ;
; SDC Exception                   ; No SDC Exception on Path                                  ;
; Data Arrival Time               ; 18.971                                                    ;
; Data Required Time              ; 24.716                                                    ;
; Slack                           ; 5.745                                                     ;
; Worst-Case Operating Conditions ; Slow 900mV 100C Model                                     ;
+---------------------------------+-----------------------------------------------------------+

+------------------------------------------------------------------------------------+
; Statistics                                                                         ;
+------------------------+--------+-------+-------------+------------+-------+-------+
; Property               ; Value  ; Count ; Total Delay ; % of Total ; Min   ; Max   ;
+------------------------+--------+-------+-------------+------------+-------+-------+
; Setup Relationship     ; 20.000 ;       ;             ;            ;       ;       ;
; Clock Skew             ; -0.107 ;       ;             ;            ;       ;       ;
; Data Delay             ; 14.385 ;       ;             ;            ;       ;       ;
; Number of Logic Levels ;        ; 6     ;             ;            ;       ;       ;
; Physical Delays        ;        ;       ;             ;            ;       ;       ;
;  Arrival Path          ;        ;       ;             ;            ;       ;       ;
;   Clock                ;        ;       ;             ;            ;       ;       ;
;    IC                  ;        ; 3     ; 3.362       ; 73         ; 0.000 ; 3.362 ;
;    Cell                ;        ; 4     ; 1.224       ; 27         ; 0.000 ; 0.547 ;
;   Data                 ;        ;       ;             ;            ;       ;       ;
;    IC                  ;        ; 6     ; 13.313      ; 93         ; 0.914 ; 4.225 ;
;    Cell                ;        ; 14    ; 0.854       ; 6          ; 0.000 ; 0.178 ;
;    uTco                ;        ; 1     ; 0.218       ; 2          ; 0.218 ; 0.218 ;
;  Required Path         ;        ;       ;             ;            ;       ;       ;
;   Clock                ;        ;       ;             ;            ;       ;       ;
;    IC                  ;        ; 3     ; 3.111       ; 74         ; 0.000 ; 3.111 ;
;    Cell                ;        ; 4     ; 1.116       ; 26         ; 0.000 ; 0.547 ;
+------------------------+--------+-------+-------------+------------+-------+-------+
Note: Negative delays are omitted from totals when calculating percentages

+-------------------------------------------------------------------------------------------------------------------------------------------------------------+
; Data Arrival Path                                                                                                                                           ;
+----------+---------+----+--------+--------+----------------------+------------+-----------------------------------------------------------------------------+
; Total    ; Incr    ; RF ; Type   ; Fanout ; Location             ; HS/LP      ; Element                                                                     ;
+----------+---------+----+--------+--------+----------------------+------------+-----------------------------------------------------------------------------+
; 0.000    ; 0.000   ;    ;        ;        ;                      ;            ; launch edge time                                                            ;
; 0.000    ; 0.000   ;    ; borrow ;        ;                      ;            ; time borrowed                                                               ;
; 4.586    ; 4.586   ;    ;        ;        ;                      ;            ; clock path                                                                  ;
;   0.000  ;   0.000 ;    ;        ;        ;                      ;            ; source latency                                                              ;
;   0.000  ;   0.000 ;    ;        ; 1      ; PIN_AM10             ;            ; CLK_50                                                                      ;
;   0.000  ;   0.000 ; RR ; IC     ; 1      ; IOIBUF_X148_Y16_N32  ;            ; CLK_50~input|i                                                              ;
;   0.547  ;   0.547 ; RR ; CELL   ; 1      ; IOIBUF_X148_Y16_N32  ;            ; CLK_50~input|o                                                              ;
;   0.706  ;   0.159 ; RR ; CELL   ; 1      ; IOIBUF_X148_Y16_N32  ;            ; CLK_50~input~io_48_lvds_tile_edge/ioclkin[0]                                ;
;   0.706  ;   0.000 ; RR ; IC     ; 2      ; CLKCTRL_3A_G_I20     ;            ; CLK_50~inputCLKENA0|inclk                                                   ;
;   1.224  ;   0.518 ; RR ; CELL   ; 178801 ; CLKCTRL_3A_G_I20     ;            ; CLK_50~inputCLKENA0|outclk                                                  ;
;   4.586  ;   3.362 ; RR ; IC     ; 1      ; FF_X67_Y68_N4        ; High Speed ; System|npu_system_0|npu_system_22|w_col_idx[0]~_Duplicate|clk               ;
;   4.586  ;   0.000 ; RR ; CELL   ; 1      ; FF_X67_Y68_N4        ; High Speed ; System|npu_system_0|npu_system_22|w_col_idx[0]~_Duplicate                   ;
; 18.971   ; 14.385  ;    ;        ;        ;                      ;            ; data path                                                                   ;
;   4.804  ;   0.218 ; RR ; uTco   ; 1      ; FF_X67_Y68_N4        ;            ; System|npu_system_0|npu_system_22|w_col_idx[0]~_Duplicate|q                 ;
;   4.916  ;   0.112 ; RR ; CELL   ; 792    ; FF_X67_Y68_N4        ; High Speed ; System|npu_system_0|npu_system_22|w_col_idx[0]~_Duplicate~la_lab/laboutt[2] ;
;   7.928  ;   3.012 ; RR ; IC     ; 1      ; LABCELL_X98_Y45_N48  ; Mixed      ; System|npu_system_0|npu_system_22|i128470~143|datac                         ;
;   8.080  ;   0.152 ; RF ; CELL   ; 1      ; LABCELL_X98_Y45_N48  ; High Speed ; System|npu_system_0|npu_system_22|i128470~143|combout                       ;
;   8.085  ;   0.005 ; FF ; CELL   ; 1      ; LABCELL_X98_Y45_N48  ; High Speed ; System|npu_system_0|npu_system_22|i128470~143~la_lab/laboutb[13]            ;
;   8.999  ;   0.914 ; FF ; IC     ; 1      ; MLABCELL_X91_Y38_N30 ; High Speed ; System|npu_system_0|npu_system_22|i128470~146|datad                         ;
;   9.169  ;   0.170 ; FF ; CELL   ; 1      ; MLABCELL_X91_Y38_N30 ; High Speed ; System|npu_system_0|npu_system_22|i128470~146|combout                       ;
;   9.174  ;   0.005 ; FF ; CELL   ; 1      ; MLABCELL_X91_Y38_N30 ; High Speed ; System|npu_system_0|npu_system_22|i128470~146~la_mlab/laboutb[0]            ;
;   13.399 ;   4.225 ; FF ; IC     ; 1      ; MLABCELL_X83_Y80_N33 ; Mixed      ; System|npu_system_0|npu_system_22|i128470~147|datad                         ;
;   13.577 ;   0.178 ; FF ; CELL   ; 1      ; MLABCELL_X83_Y80_N33 ; Low Power  ; System|npu_system_0|npu_system_22|i128470~147|combout                       ;
;   13.583 ;   0.006 ; FF ; CELL   ; 1      ; MLABCELL_X83_Y80_N33 ; Low Power  ; System|npu_system_0|npu_system_22|i128470~147~la_mlab/laboutb[3]            ;
;   15.177 ;   1.594 ; FF ; IC     ; 1      ; MLABCELL_X68_Y87_N54 ; Mixed      ; System|npu_system_0|npu_system_22|i128470~190|datae                         ;
;   15.304 ;   0.127 ; FF ; CELL   ; 1      ; MLABCELL_X68_Y87_N54 ; Low Power  ; System|npu_system_0|npu_system_22|i128470~190|combout                       ;
;   15.310 ;   0.006 ; FF ; CELL   ; 1      ; MLABCELL_X68_Y87_N54 ; Low Power  ; System|npu_system_0|npu_system_22|i128470~190~la_mlab/laboutb[17]           ;
;   16.464 ;   1.154 ; FF ; IC     ; 1      ; LABCELL_X66_Y76_N42  ; Mixed      ; System|npu_system_0|npu_system_22|i128470~446|dataf                         ;
;   16.512 ;   0.048 ; FF ; CELL   ; 1      ; LABCELL_X66_Y76_N42  ; Low Power  ; System|npu_system_0|npu_system_22|i128470~446|combout                       ;
;   16.516 ;   0.004 ; FF ; CELL   ; 1      ; LABCELL_X66_Y76_N42  ; Low Power  ; System|npu_system_0|npu_system_22|i128470~446~la_lab/laboutb[8]             ;
;   18.930 ;   2.414 ; FF ; IC     ; 1      ; LABCELL_X51_Y129_N54 ; Mixed      ; System|npu_system_0|npu_system_22|i128470~447|dataf                         ;
;   18.971 ;   0.041 ; FF ; CELL   ; 1      ; LABCELL_X51_Y129_N54 ; High Speed ; System|npu_system_0|npu_system_22|i128470~447|combout                       ;
;   18.971 ;   0.000 ; FF ; CELL   ; 1      ; FF_X51_Y129_N56      ; High Speed ; System|npu_system_0|npu_system_22|out_data_reg[0]|d                         ;
;   18.971 ;   0.000 ; FF ; CELL   ; 1      ; FF_X51_Y129_N56      ; High Speed ; System|npu_system_0|npu_system_22|out_data_reg[0]                           ;
+----------+---------+----+--------+--------+----------------------+------------+-----------------------------------------------------------------------------+

+--------------------------------------------------------------------------------------------------------------------------------------+
; Data Required Path                                                                                                                   ;
+----------+---------+----+--------+--------+---------------------+------------+-------------------------------------------------------+
; Total    ; Incr    ; RF ; Type   ; Fanout ; Location            ; HS/LP      ; Element                                               ;
+----------+---------+----+--------+--------+---------------------+------------+-------------------------------------------------------+
; 20.000   ; 20.000  ;    ;        ;        ;                     ;            ; latch edge time                                       ;
; 20.000   ; 0.000   ;    ; borrow ;        ;                     ;            ; time borrowed                                         ;
; 24.479   ; 4.479   ;    ;        ;        ;                     ;            ; clock path                                            ;
;   20.000 ;   0.000 ;    ;        ;        ;                     ;            ; source latency                                        ;
;   20.000 ;   0.000 ;    ;        ; 1      ; PIN_AM10            ;            ; CLK_50                                                ;
;   20.000 ;   0.000 ; RR ; IC     ; 1      ; IOIBUF_X148_Y16_N32 ;            ; CLK_50~input|i                                        ;
;   20.547 ;   0.547 ; RR ; CELL   ; 1      ; IOIBUF_X148_Y16_N32 ;            ; CLK_50~input|o                                        ;
;   20.676 ;   0.129 ; RR ; CELL   ; 1      ; IOIBUF_X148_Y16_N32 ;            ; CLK_50~input~io_48_lvds_tile_edge/ioclkin[0]          ;
;   20.676 ;   0.000 ; RR ; IC     ; 2      ; CLKCTRL_3A_G_I20    ;            ; CLK_50~inputCLKENA0|inclk                             ;
;   21.116 ;   0.440 ; RR ; CELL   ; 178801 ; CLKCTRL_3A_G_I20    ;            ; CLK_50~inputCLKENA0|outclk                            ;
;   24.227 ;   3.111 ; RR ; IC     ; 1      ; FF_X51_Y129_N56     ; High Speed ; System|npu_system_0|npu_system_22|out_data_reg[0]|clk ;
;   24.227 ;   0.000 ; RR ; CELL   ; 1      ; FF_X51_Y129_N56     ; High Speed ; System|npu_system_0|npu_system_22|out_data_reg[0]     ;
;   24.479 ;   0.252 ;    ;        ;        ;                     ;            ; clock pessimism removed                               ;
; 24.449   ; -0.030  ;    ;        ;        ;                     ;            ; clock uncertainty                                     ;
; 24.716   ; 0.267   ;    ; uTsu   ; 1      ; FF_X51_Y129_N56     ;            ; System|npu_system_0|npu_system_22|out_data_reg[0]     ;
+----------+---------+----+--------+--------+---------------------+------------+-------------------------------------------------------+



Path #5: Setup slack is 5.801 
===============================================================================
+-------------------------------------------------------------------------------------+
; Path Summary                                                                        ;
+---------------------------------+---------------------------------------------------+
; Property                        ; Value                                             ;
+---------------------------------+---------------------------------------------------+
; From Node                       ; System|npu_system_0|npu_system_22|w_col_idx[0]    ;
; To Node                         ; System|npu_system_0|npu_system_22|out_data_reg[0] ;
; Launch Clock                    ; CLK_50                                            ;
; Latch Clock                     ; CLK_50                                            ;
; SDC Exception                   ; No SDC Exception on Path                          ;
; Data Arrival Time               ; 18.915                                            ;
; Data Required Time              ; 24.716                                            ;
; Slack                           ; 5.801                                             ;
; Worst-Case Operating Conditions ; Slow 900mV 100C Model                             ;
+---------------------------------+---------------------------------------------------+

+------------------------------------------------------------------------------------+
; Statistics                                                                         ;
+------------------------+--------+-------+-------------+------------+-------+-------+
; Property               ; Value  ; Count ; Total Delay ; % of Total ; Min   ; Max   ;
+------------------------+--------+-------+-------------+------------+-------+-------+
; Setup Relationship     ; 20.000 ;       ;             ;            ;       ;       ;
; Clock Skew             ; -0.107 ;       ;             ;            ;       ;       ;
; Data Delay             ; 14.329 ;       ;             ;            ;       ;       ;
; Number of Logic Levels ;        ; 6     ;             ;            ;       ;       ;
; Physical Delays        ;        ;       ;             ;            ;       ;       ;
;  Arrival Path          ;        ;       ;             ;            ;       ;       ;
;   Clock                ;        ;       ;             ;            ;       ;       ;
;    IC                  ;        ; 3     ; 3.362       ; 73         ; 0.000 ; 3.362 ;
;    Cell                ;        ; 4     ; 1.224       ; 27         ; 0.000 ; 0.547 ;
;   Data                 ;        ;       ;             ;            ;       ;       ;
;    IC                  ;        ; 6     ; 13.253      ; 92         ; 0.896 ; 4.225 ;
;    Cell                ;        ; 14    ; 0.858       ; 6          ; 0.000 ; 0.178 ;
;    uTco                ;        ; 1     ; 0.218       ; 2          ; 0.218 ; 0.218 ;
;  Required Path         ;        ;       ;             ;            ;       ;       ;
;   Clock                ;        ;       ;             ;            ;       ;       ;
;    IC                  ;        ; 3     ; 3.111       ; 74         ; 0.000 ; 3.111 ;
;    Cell                ;        ; 4     ; 1.116       ; 26         ; 0.000 ; 0.547 ;
+------------------------+--------+-------+-------------+------------+-------+-------+
Note: Negative delays are omitted from totals when calculating percentages

+---------------------------------------------------------------------------------------------------------------------------------------------------+
; Data Arrival Path                                                                                                                                 ;
+----------+---------+----+--------+--------+----------------------+------------+-------------------------------------------------------------------+
; Total    ; Incr    ; RF ; Type   ; Fanout ; Location             ; HS/LP      ; Element                                                           ;
+----------+---------+----+--------+--------+----------------------+------------+-------------------------------------------------------------------+
; 0.000    ; 0.000   ;    ;        ;        ;                      ;            ; launch edge time                                                  ;
; 0.000    ; 0.000   ;    ; borrow ;        ;                      ;            ; time borrowed                                                     ;
; 4.586    ; 4.586   ;    ;        ;        ;                      ;            ; clock path                                                        ;
;   0.000  ;   0.000 ;    ;        ;        ;                      ;            ; source latency                                                    ;
;   0.000  ;   0.000 ;    ;        ; 1      ; PIN_AM10             ;            ; CLK_50                                                            ;
;   0.000  ;   0.000 ; RR ; IC     ; 1      ; IOIBUF_X148_Y16_N32  ;            ; CLK_50~input|i                                                    ;
;   0.547  ;   0.547 ; RR ; CELL   ; 1      ; IOIBUF_X148_Y16_N32  ;            ; CLK_50~input|o                                                    ;
;   0.706  ;   0.159 ; RR ; CELL   ; 1      ; IOIBUF_X148_Y16_N32  ;            ; CLK_50~input~io_48_lvds_tile_edge/ioclkin[0]                      ;
;   0.706  ;   0.000 ; RR ; IC     ; 2      ; CLKCTRL_3A_G_I20     ;            ; CLK_50~inputCLKENA0|inclk                                         ;
;   1.224  ;   0.518 ; RR ; CELL   ; 178801 ; CLKCTRL_3A_G_I20     ;            ; CLK_50~inputCLKENA0|outclk                                        ;
;   4.586  ;   3.362 ; RR ; IC     ; 1      ; FF_X67_Y68_N37       ; High Speed ; System|npu_system_0|npu_system_22|w_col_idx[0]|clk                ;
;   4.586  ;   0.000 ; RR ; CELL   ; 1      ; FF_X67_Y68_N37       ; High Speed ; System|npu_system_0|npu_system_22|w_col_idx[0]                    ;
; 18.915   ; 14.329  ;    ;        ;        ;                      ;            ; data path                                                         ;
;   4.804  ;   0.218 ; RR ; uTco   ; 1      ; FF_X67_Y68_N37       ;            ; System|npu_system_0|npu_system_22|w_col_idx[0]|q                  ;
;   4.963  ;   0.159 ; RR ; CELL   ; 138    ; FF_X67_Y68_N37       ; High Speed ; System|npu_system_0|npu_system_22|w_col_idx[0]~la_lab/laboutb[4]  ;
;   7.933  ;   2.970 ; RR ; IC     ; 1      ; MLABCELL_X86_Y32_N36 ; Mixed      ; System|npu_system_0|npu_system_22|i128470~145|datae               ;
;   8.100  ;   0.167 ; RF ; CELL   ; 1      ; MLABCELL_X86_Y32_N36 ; Low Power  ; System|npu_system_0|npu_system_22|i128470~145|combout             ;
;   8.106  ;   0.006 ; FF ; CELL   ; 1      ; MLABCELL_X86_Y32_N36 ; Low Power  ; System|npu_system_0|npu_system_22|i128470~145~la_mlab/laboutb[5]  ;
;   9.002  ;   0.896 ; FF ; IC     ; 1      ; MLABCELL_X91_Y38_N30 ; Mixed      ; System|npu_system_0|npu_system_22|i128470~146|datae               ;
;   9.113  ;   0.111 ; FF ; CELL   ; 1      ; MLABCELL_X91_Y38_N30 ; High Speed ; System|npu_system_0|npu_system_22|i128470~146|combout             ;
;   9.118  ;   0.005 ; FF ; CELL   ; 1      ; MLABCELL_X91_Y38_N30 ; High Speed ; System|npu_system_0|npu_system_22|i128470~146~la_mlab/laboutb[0]  ;
;   13.343 ;   4.225 ; FF ; IC     ; 1      ; MLABCELL_X83_Y80_N33 ; Mixed      ; System|npu_system_0|npu_system_22|i128470~147|datad               ;
;   13.521 ;   0.178 ; FF ; CELL   ; 1      ; MLABCELL_X83_Y80_N33 ; Low Power  ; System|npu_system_0|npu_system_22|i128470~147|combout             ;
;   13.527 ;   0.006 ; FF ; CELL   ; 1      ; MLABCELL_X83_Y80_N33 ; Low Power  ; System|npu_system_0|npu_system_22|i128470~147~la_mlab/laboutb[3]  ;
;   15.121 ;   1.594 ; FF ; IC     ; 1      ; MLABCELL_X68_Y87_N54 ; Mixed      ; System|npu_system_0|npu_system_22|i128470~190|datae               ;
;   15.248 ;   0.127 ; FF ; CELL   ; 1      ; MLABCELL_X68_Y87_N54 ; Low Power  ; System|npu_system_0|npu_system_22|i128470~190|combout             ;
;   15.254 ;   0.006 ; FF ; CELL   ; 1      ; MLABCELL_X68_Y87_N54 ; Low Power  ; System|npu_system_0|npu_system_22|i128470~190~la_mlab/laboutb[17] ;
;   16.408 ;   1.154 ; FF ; IC     ; 1      ; LABCELL_X66_Y76_N42  ; Mixed      ; System|npu_system_0|npu_system_22|i128470~446|dataf               ;
;   16.456 ;   0.048 ; FF ; CELL   ; 1      ; LABCELL_X66_Y76_N42  ; Low Power  ; System|npu_system_0|npu_system_22|i128470~446|combout             ;
;   16.460 ;   0.004 ; FF ; CELL   ; 1      ; LABCELL_X66_Y76_N42  ; Low Power  ; System|npu_system_0|npu_system_22|i128470~446~la_lab/laboutb[8]   ;
;   18.874 ;   2.414 ; FF ; IC     ; 1      ; LABCELL_X51_Y129_N54 ; Mixed      ; System|npu_system_0|npu_system_22|i128470~447|dataf               ;
;   18.915 ;   0.041 ; FF ; CELL   ; 1      ; LABCELL_X51_Y129_N54 ; High Speed ; System|npu_system_0|npu_system_22|i128470~447|combout             ;
;   18.915 ;   0.000 ; FF ; CELL   ; 1      ; FF_X51_Y129_N56      ; High Speed ; System|npu_system_0|npu_system_22|out_data_reg[0]|d               ;
;   18.915 ;   0.000 ; FF ; CELL   ; 1      ; FF_X51_Y129_N56      ; High Speed ; System|npu_system_0|npu_system_22|out_data_reg[0]                 ;
+----------+---------+----+--------+--------+----------------------+------------+-------------------------------------------------------------------+

+--------------------------------------------------------------------------------------------------------------------------------------+
; Data Required Path                                                                                                                   ;
+----------+---------+----+--------+--------+---------------------+------------+-------------------------------------------------------+
; Total    ; Incr    ; RF ; Type   ; Fanout ; Location            ; HS/LP      ; Element                                               ;
+----------+---------+----+--------+--------+---------------------+------------+-------------------------------------------------------+
; 20.000   ; 20.000  ;    ;        ;        ;                     ;            ; latch edge time                                       ;
; 20.000   ; 0.000   ;    ; borrow ;        ;                     ;            ; time borrowed                                         ;
; 24.479   ; 4.479   ;    ;        ;        ;                     ;            ; clock path                                            ;
;   20.000 ;   0.000 ;    ;        ;        ;                     ;            ; source latency                                        ;
;   20.000 ;   0.000 ;    ;        ; 1      ; PIN_AM10            ;            ; CLK_50                                                ;
;   20.000 ;   0.000 ; RR ; IC     ; 1      ; IOIBUF_X148_Y16_N32 ;            ; CLK_50~input|i                                        ;
;   20.547 ;   0.547 ; RR ; CELL   ; 1      ; IOIBUF_X148_Y16_N32 ;            ; CLK_50~input|o                                        ;
;   20.676 ;   0.129 ; RR ; CELL   ; 1      ; IOIBUF_X148_Y16_N32 ;            ; CLK_50~input~io_48_lvds_tile_edge/ioclkin[0]          ;
;   20.676 ;   0.000 ; RR ; IC     ; 2      ; CLKCTRL_3A_G_I20    ;            ; CLK_50~inputCLKENA0|inclk                             ;
;   21.116 ;   0.440 ; RR ; CELL   ; 178801 ; CLKCTRL_3A_G_I20    ;            ; CLK_50~inputCLKENA0|outclk                            ;
;   24.227 ;   3.111 ; RR ; IC     ; 1      ; FF_X51_Y129_N56     ; High Speed ; System|npu_system_0|npu_system_22|out_data_reg[0]|clk ;
;   24.227 ;   0.000 ; RR ; CELL   ; 1      ; FF_X51_Y129_N56     ; High Speed ; System|npu_system_0|npu_system_22|out_data_reg[0]     ;
;   24.479 ;   0.252 ;    ;        ;        ;                     ;            ; clock pessimism removed                               ;
; 24.449   ; -0.030  ;    ;        ;        ;                     ;            ; clock uncertainty                                     ;
; 24.716   ; 0.267   ;    ; uTsu   ; 1      ; FF_X51_Y129_N56     ;            ; System|npu_system_0|npu_system_22|out_data_reg[0]     ;
+----------+---------+----+--------+--------+---------------------+------------+-------------------------------------------------------+



Path #6: Setup slack is 5.837 
===============================================================================
+-----------------------------------------------------------------------------------------------+
; Path Summary                                                                                  ;
+---------------------------------+-------------------------------------------------------------+
; Property                        ; Value                                                       ;
+---------------------------------+-------------------------------------------------------------+
; From Node                       ; System|npu_system_0|npu_system_22|w_col_idx[0]~_Duplicate_4 ;
; To Node                         ; System|npu_system_0|npu_system_22|out_data_reg[3]           ;
; Launch Clock                    ; CLK_50                                                      ;
; Latch Clock                     ; CLK_50                                                      ;
; SDC Exception                   ; No SDC Exception on Path                                    ;
; Data Arrival Time               ; 18.951                                                      ;
; Data Required Time              ; 24.788                                                      ;
; Slack                           ; 5.837                                                       ;
; Worst-Case Operating Conditions ; Slow 900mV 100C Model                                       ;
+---------------------------------+-------------------------------------------------------------+

+------------------------------------------------------------------------------------+
; Statistics                                                                         ;
+------------------------+--------+-------+-------------+------------+-------+-------+
; Property               ; Value  ; Count ; Total Delay ; % of Total ; Min   ; Max   ;
+------------------------+--------+-------+-------------+------------+-------+-------+
; Setup Relationship     ; 20.000 ;       ;             ;            ;       ;       ;
; Clock Skew             ; -0.089 ;       ;             ;            ;       ;       ;
; Data Delay             ; 14.345 ;       ;             ;            ;       ;       ;
; Number of Logic Levels ;        ; 6     ;             ;            ;       ;       ;
; Physical Delays        ;        ;       ;             ;            ;       ;       ;
;  Arrival Path          ;        ;       ;             ;            ;       ;       ;
;   Clock                ;        ;       ;             ;            ;       ;       ;
;    IC                  ;        ; 3     ; 3.382       ; 73         ; 0.000 ; 3.382 ;
;    Cell                ;        ; 4     ; 1.224       ; 27         ; 0.000 ; 0.547 ;
;   Data                 ;        ;       ;             ;            ;       ;       ;
;    IC                  ;        ; 6     ; 13.020      ; 91         ; 0.406 ; 4.003 ;
;    Cell                ;        ; 14    ; 1.110       ; 8          ; 0.000 ; 0.251 ;
;    uTco                ;        ; 1     ; 0.215       ; 1          ; 0.215 ; 0.215 ;
;  Required Path         ;        ;       ;             ;            ;       ;       ;
;   Clock                ;        ;       ;             ;            ;       ;       ;
;    IC                  ;        ; 3     ; 3.149       ; 74         ; 0.000 ; 3.149 ;
;    Cell                ;        ; 4     ; 1.116       ; 26         ; 0.000 ; 0.547 ;
+------------------------+--------+-------+-------------+------------+-------+-------+
Note: Negative delays are omitted from totals when calculating percentages

+-----------------------------------------------------------------------------------------------------------------------------------------------------------------+
; Data Arrival Path                                                                                                                                               ;
+----------+---------+----+--------+--------+-----------------------+------------+--------------------------------------------------------------------------------+
; Total    ; Incr    ; RF ; Type   ; Fanout ; Location              ; HS/LP      ; Element                                                                        ;
+----------+---------+----+--------+--------+-----------------------+------------+--------------------------------------------------------------------------------+
; 0.000    ; 0.000   ;    ;        ;        ;                       ;            ; launch edge time                                                               ;
; 0.000    ; 0.000   ;    ; borrow ;        ;                       ;            ; time borrowed                                                                  ;
; 4.606    ; 4.606   ;    ;        ;        ;                       ;            ; clock path                                                                     ;
;   0.000  ;   0.000 ;    ;        ;        ;                       ;            ; source latency                                                                 ;
;   0.000  ;   0.000 ;    ;        ; 1      ; PIN_AM10              ;            ; CLK_50                                                                         ;
;   0.000  ;   0.000 ; RR ; IC     ; 1      ; IOIBUF_X148_Y16_N32   ;            ; CLK_50~input|i                                                                 ;
;   0.547  ;   0.547 ; RR ; CELL   ; 1      ; IOIBUF_X148_Y16_N32   ;            ; CLK_50~input|o                                                                 ;
;   0.706  ;   0.159 ; RR ; CELL   ; 1      ; IOIBUF_X148_Y16_N32   ;            ; CLK_50~input~io_48_lvds_tile_edge/ioclkin[0]                                   ;
;   0.706  ;   0.000 ; RR ; IC     ; 2      ; CLKCTRL_3A_G_I20      ;            ; CLK_50~inputCLKENA0|inclk                                                      ;
;   1.224  ;   0.518 ; RR ; CELL   ; 178801 ; CLKCTRL_3A_G_I20      ;            ; CLK_50~inputCLKENA0|outclk                                                     ;
;   4.606  ;   3.382 ; RR ; IC     ; 1      ; FF_X43_Y96_N22        ; High Speed ; System|npu_system_0|npu_system_22|w_col_idx[0]~_Duplicate_4|clk                ;
;   4.606  ;   0.000 ; RR ; CELL   ; 1      ; FF_X43_Y96_N22        ; High Speed ; System|npu_system_0|npu_system_22|w_col_idx[0]~_Duplicate_4                    ;
; 18.951   ; 14.345  ;    ;        ;        ;                       ;            ; data path                                                                      ;
;   4.821  ;   0.215 ; RR ; uTco   ; 1      ; FF_X43_Y96_N22        ;            ; System|npu_system_0|npu_system_22|w_col_idx[0]~_Duplicate_4|q                  ;
;   4.952  ;   0.131 ; RR ; CELL   ; 782    ; FF_X43_Y96_N22        ; High Speed ; System|npu_system_0|npu_system_22|w_col_idx[0]~_Duplicate_4~la_lab/laboutt[14] ;
;   8.011  ;   3.059 ; RR ; IC     ; 1      ; LABCELL_X66_Y132_N54  ; Mixed      ; System|npu_system_0|npu_system_22|i128470~1900|dataa                           ;
;   8.262  ;   0.251 ; RF ; CELL   ; 1      ; LABCELL_X66_Y132_N54  ; High Speed ; System|npu_system_0|npu_system_22|i128470~1900|combout                         ;
;   8.267  ;   0.005 ; FF ; CELL   ; 1      ; LABCELL_X66_Y132_N54  ; High Speed ; System|npu_system_0|npu_system_22|i128470~1900~la_lab/laboutb[17]              ;
;   12.270 ;   4.003 ; FF ; IC     ; 1      ; MLABCELL_X105_Y104_N6 ; Mixed      ; System|npu_system_0|npu_system_22|i128470~1902|datae                           ;
;   12.383 ;   0.113 ; FF ; CELL   ; 1      ; MLABCELL_X105_Y104_N6 ; High Speed ; System|npu_system_0|npu_system_22|i128470~1902|combout                         ;
;   12.389 ;   0.006 ; FF ; CELL   ; 1      ; MLABCELL_X105_Y104_N6 ; High Speed ; System|npu_system_0|npu_system_22|i128470~1902~la_mlab/laboutt[4]              ;
;   14.660 ;   2.271 ; FF ; IC     ; 1      ; LABCELL_X73_Y101_N3   ; Mixed      ; System|npu_system_0|npu_system_22|i128470~1918|dataf                           ;
;   14.707 ;   0.047 ; FF ; CELL   ; 1      ; LABCELL_X73_Y101_N3   ; Low Power  ; System|npu_system_0|npu_system_22|i128470~1918|combout                         ;
;   14.712 ;   0.005 ; FF ; CELL   ; 1      ; LABCELL_X73_Y101_N3   ; Low Power  ; System|npu_system_0|npu_system_22|i128470~1918~la_lab/laboutt[3]               ;
;   16.222 ;   1.510 ; FF ; IC     ; 1      ; LABCELL_X76_Y83_N36   ; Mixed      ; System|npu_system_0|npu_system_22|i128470~1982|datac                           ;
;   16.377 ;   0.155 ; FF ; CELL   ; 1      ; LABCELL_X76_Y83_N36   ; High Speed ; System|npu_system_0|npu_system_22|i128470~1982|combout                         ;
;   16.381 ;   0.004 ; FF ; CELL   ; 1      ; LABCELL_X76_Y83_N36   ; High Speed ; System|npu_system_0|npu_system_22|i128470~1982~la_lab/laboutb[4]               ;
;   16.787 ;   0.406 ; FF ; IC     ; 1      ; LABCELL_X76_Y82_N39   ; High Speed ; System|npu_system_0|npu_system_22|i128470~2238|datab                           ;
;   17.009 ;   0.222 ; FF ; CELL   ; 1      ; LABCELL_X76_Y82_N39   ; High Speed ; System|npu_system_0|npu_system_22|i128470~2238|combout                         ;
;   17.014 ;   0.005 ; FF ; CELL   ; 1      ; LABCELL_X76_Y82_N39   ; High Speed ; System|npu_system_0|npu_system_22|i128470~2238~la_lab/laboutb[7]               ;
;   18.785 ;   1.771 ; FF ; IC     ; 1      ; LABCELL_X50_Y126_N36  ; Mixed      ; System|npu_system_0|npu_system_22|i128470~2239|datad                           ;
;   18.951 ;   0.166 ; FF ; CELL   ; 1      ; LABCELL_X50_Y126_N36  ; Low Power  ; System|npu_system_0|npu_system_22|i128470~2239|combout                         ;
;   18.951 ;   0.000 ; FF ; CELL   ; 1      ; FF_X50_Y126_N38       ; Low Power  ; System|npu_system_0|npu_system_22|out_data_reg[3]|d                            ;
;   18.951 ;   0.000 ; FF ; CELL   ; 1      ; FF_X50_Y126_N38       ; Low Power  ; System|npu_system_0|npu_system_22|out_data_reg[3]                              ;
+----------+---------+----+--------+--------+-----------------------+------------+--------------------------------------------------------------------------------+

+-------------------------------------------------------------------------------------------------------------------------------------+
; Data Required Path                                                                                                                  ;
+----------+---------+----+--------+--------+---------------------+-----------+-------------------------------------------------------+
; Total    ; Incr    ; RF ; Type   ; Fanout ; Location            ; HS/LP     ; Element                                               ;
+----------+---------+----+--------+--------+---------------------+-----------+-------------------------------------------------------+
; 20.000   ; 20.000  ;    ;        ;        ;                     ;           ; latch edge time                                       ;
; 20.000   ; 0.000   ;    ; borrow ;        ;                     ;           ; time borrowed                                         ;
; 24.517   ; 4.517   ;    ;        ;        ;                     ;           ; clock path                                            ;
;   20.000 ;   0.000 ;    ;        ;        ;                     ;           ; source latency                                        ;
;   20.000 ;   0.000 ;    ;        ; 1      ; PIN_AM10            ;           ; CLK_50                                                ;
;   20.000 ;   0.000 ; RR ; IC     ; 1      ; IOIBUF_X148_Y16_N32 ;           ; CLK_50~input|i                                        ;
;   20.547 ;   0.547 ; RR ; CELL   ; 1      ; IOIBUF_X148_Y16_N32 ;           ; CLK_50~input|o                                        ;
;   20.676 ;   0.129 ; RR ; CELL   ; 1      ; IOIBUF_X148_Y16_N32 ;           ; CLK_50~input~io_48_lvds_tile_edge/ioclkin[0]          ;
;   20.676 ;   0.000 ; RR ; IC     ; 2      ; CLKCTRL_3A_G_I20    ;           ; CLK_50~inputCLKENA0|inclk                             ;
;   21.116 ;   0.440 ; RR ; CELL   ; 178801 ; CLKCTRL_3A_G_I20    ;           ; CLK_50~inputCLKENA0|outclk                            ;
;   24.265 ;   3.149 ; RR ; IC     ; 1      ; FF_X50_Y126_N38     ; Low Power ; System|npu_system_0|npu_system_22|out_data_reg[3]|clk ;
;   24.265 ;   0.000 ; RR ; CELL   ; 1      ; FF_X50_Y126_N38     ; Low Power ; System|npu_system_0|npu_system_22|out_data_reg[3]     ;
;   24.517 ;   0.252 ;    ;        ;        ;                     ;           ; clock pessimism removed                               ;
; 24.487   ; -0.030  ;    ;        ;        ;                     ;           ; clock uncertainty                                     ;
; 24.788   ; 0.301   ;    ; uTsu   ; 1      ; FF_X50_Y126_N38     ;           ; System|npu_system_0|npu_system_22|out_data_reg[3]     ;
+----------+---------+----+--------+--------+---------------------+-----------+-------------------------------------------------------+



Path #7: Setup slack is 5.956 
===============================================================================
+---------------------------------------------------------------------------------------------+
; Path Summary                                                                                ;
+---------------------------------+-----------------------------------------------------------+
; Property                        ; Value                                                     ;
+---------------------------------+-----------------------------------------------------------+
; From Node                       ; System|npu_system_0|npu_system_22|w_col_idx[0]~_Duplicate ;
; To Node                         ; System|npu_system_0|npu_system_22|out_data_reg[0]         ;
; Launch Clock                    ; CLK_50                                                    ;
; Latch Clock                     ; CLK_50                                                    ;
; SDC Exception                   ; No SDC Exception on Path                                  ;
; Data Arrival Time               ; 18.760                                                    ;
; Data Required Time              ; 24.716                                                    ;
; Slack                           ; 5.956                                                     ;
; Worst-Case Operating Conditions ; Slow 900mV 100C Model                                     ;
+---------------------------------+-----------------------------------------------------------+

+------------------------------------------------------------------------------------+
; Statistics                                                                         ;
+------------------------+--------+-------+-------------+------------+-------+-------+
; Property               ; Value  ; Count ; Total Delay ; % of Total ; Min   ; Max   ;
+------------------------+--------+-------+-------------+------------+-------+-------+
; Setup Relationship     ; 20.000 ;       ;             ;            ;       ;       ;
; Clock Skew             ; -0.107 ;       ;             ;            ;       ;       ;
; Data Delay             ; 14.174 ;       ;             ;            ;       ;       ;
; Number of Logic Levels ;        ; 6     ;             ;            ;       ;       ;
; Physical Delays        ;        ;       ;             ;            ;       ;       ;
;  Arrival Path          ;        ;       ;             ;            ;       ;       ;
;   Clock                ;        ;       ;             ;            ;       ;       ;
;    IC                  ;        ; 3     ; 3.362       ; 73         ; 0.000 ; 3.362 ;
;    Cell                ;        ; 4     ; 1.224       ; 27         ; 0.000 ; 0.547 ;
;   Data                 ;        ;       ;             ;            ;       ;       ;
;    IC                  ;        ; 6     ; 12.925      ; 91         ; 1.086 ; 4.225 ;
;    Cell                ;        ; 14    ; 1.031       ; 7          ; 0.000 ; 0.279 ;
;    uTco                ;        ; 1     ; 0.218       ; 2          ; 0.218 ; 0.218 ;
;  Required Path         ;        ;       ;             ;            ;       ;       ;
;   Clock                ;        ;       ;             ;            ;       ;       ;
;    IC                  ;        ; 3     ; 3.111       ; 74         ; 0.000 ; 3.111 ;
;    Cell                ;        ; 4     ; 1.116       ; 26         ; 0.000 ; 0.547 ;
+------------------------+--------+-------+-------------+------------+-------+-------+
Note: Negative delays are omitted from totals when calculating percentages

+-------------------------------------------------------------------------------------------------------------------------------------------------------------+
; Data Arrival Path                                                                                                                                           ;
+----------+---------+----+--------+--------+----------------------+------------+-----------------------------------------------------------------------------+
; Total    ; Incr    ; RF ; Type   ; Fanout ; Location             ; HS/LP      ; Element                                                                     ;
+----------+---------+----+--------+--------+----------------------+------------+-----------------------------------------------------------------------------+
; 0.000    ; 0.000   ;    ;        ;        ;                      ;            ; launch edge time                                                            ;
; 0.000    ; 0.000   ;    ; borrow ;        ;                      ;            ; time borrowed                                                               ;
; 4.586    ; 4.586   ;    ;        ;        ;                      ;            ; clock path                                                                  ;
;   0.000  ;   0.000 ;    ;        ;        ;                      ;            ; source latency                                                              ;
;   0.000  ;   0.000 ;    ;        ; 1      ; PIN_AM10             ;            ; CLK_50                                                                      ;
;   0.000  ;   0.000 ; RR ; IC     ; 1      ; IOIBUF_X148_Y16_N32  ;            ; CLK_50~input|i                                                              ;
;   0.547  ;   0.547 ; RR ; CELL   ; 1      ; IOIBUF_X148_Y16_N32  ;            ; CLK_50~input|o                                                              ;
;   0.706  ;   0.159 ; RR ; CELL   ; 1      ; IOIBUF_X148_Y16_N32  ;            ; CLK_50~input~io_48_lvds_tile_edge/ioclkin[0]                                ;
;   0.706  ;   0.000 ; RR ; IC     ; 2      ; CLKCTRL_3A_G_I20     ;            ; CLK_50~inputCLKENA0|inclk                                                   ;
;   1.224  ;   0.518 ; RR ; CELL   ; 178801 ; CLKCTRL_3A_G_I20     ;            ; CLK_50~inputCLKENA0|outclk                                                  ;
;   4.586  ;   3.362 ; RR ; IC     ; 1      ; FF_X67_Y68_N4        ; High Speed ; System|npu_system_0|npu_system_22|w_col_idx[0]~_Duplicate|clk               ;
;   4.586  ;   0.000 ; RR ; CELL   ; 1      ; FF_X67_Y68_N4        ; High Speed ; System|npu_system_0|npu_system_22|w_col_idx[0]~_Duplicate                   ;
; 18.760   ; 14.174  ;    ;        ;        ;                      ;            ; data path                                                                   ;
;   4.804  ;   0.218 ; RR ; uTco   ; 1      ; FF_X67_Y68_N4        ;            ; System|npu_system_0|npu_system_22|w_col_idx[0]~_Duplicate|q                 ;
;   4.916  ;   0.112 ; RR ; CELL   ; 792    ; FF_X67_Y68_N4        ; High Speed ; System|npu_system_0|npu_system_22|w_col_idx[0]~_Duplicate~la_lab/laboutt[2] ;
;   7.368  ;   2.452 ; RR ; IC     ; 1      ; LABCELL_X104_Y43_N57 ; Mixed      ; System|npu_system_0|npu_system_22|i128470~142|dataa                         ;
;   7.647  ;   0.279 ; RF ; CELL   ; 1      ; LABCELL_X104_Y43_N57 ; Low Power  ; System|npu_system_0|npu_system_22|i128470~142|combout                       ;
;   7.652  ;   0.005 ; FF ; CELL   ; 1      ; LABCELL_X104_Y43_N57 ; Low Power  ; System|npu_system_0|npu_system_22|i128470~142~la_lab/laboutb[19]            ;
;   8.738  ;   1.086 ; FF ; IC     ; 1      ; MLABCELL_X91_Y38_N30 ; Mixed      ; System|npu_system_0|npu_system_22|i128470~146|datab                         ;
;   8.958  ;   0.220 ; FF ; CELL   ; 1      ; MLABCELL_X91_Y38_N30 ; High Speed ; System|npu_system_0|npu_system_22|i128470~146|combout                       ;
;   8.963  ;   0.005 ; FF ; CELL   ; 1      ; MLABCELL_X91_Y38_N30 ; High Speed ; System|npu_system_0|npu_system_22|i128470~146~la_mlab/laboutb[0]            ;
;   13.188 ;   4.225 ; FF ; IC     ; 1      ; MLABCELL_X83_Y80_N33 ; Mixed      ; System|npu_system_0|npu_system_22|i128470~147|datad                         ;
;   13.366 ;   0.178 ; FF ; CELL   ; 1      ; MLABCELL_X83_Y80_N33 ; Low Power  ; System|npu_system_0|npu_system_22|i128470~147|combout                       ;
;   13.372 ;   0.006 ; FF ; CELL   ; 1      ; MLABCELL_X83_Y80_N33 ; Low Power  ; System|npu_system_0|npu_system_22|i128470~147~la_mlab/laboutb[3]            ;
;   14.966 ;   1.594 ; FF ; IC     ; 1      ; MLABCELL_X68_Y87_N54 ; Mixed      ; System|npu_system_0|npu_system_22|i128470~190|datae                         ;
;   15.093 ;   0.127 ; FF ; CELL   ; 1      ; MLABCELL_X68_Y87_N54 ; Low Power  ; System|npu_system_0|npu_system_22|i128470~190|combout                       ;
;   15.099 ;   0.006 ; FF ; CELL   ; 1      ; MLABCELL_X68_Y87_N54 ; Low Power  ; System|npu_system_0|npu_system_22|i128470~190~la_mlab/laboutb[17]           ;
;   16.253 ;   1.154 ; FF ; IC     ; 1      ; LABCELL_X66_Y76_N42  ; Mixed      ; System|npu_system_0|npu_system_22|i128470~446|dataf                         ;
;   16.301 ;   0.048 ; FF ; CELL   ; 1      ; LABCELL_X66_Y76_N42  ; Low Power  ; System|npu_system_0|npu_system_22|i128470~446|combout                       ;
;   16.305 ;   0.004 ; FF ; CELL   ; 1      ; LABCELL_X66_Y76_N42  ; Low Power  ; System|npu_system_0|npu_system_22|i128470~446~la_lab/laboutb[8]             ;
;   18.719 ;   2.414 ; FF ; IC     ; 1      ; LABCELL_X51_Y129_N54 ; Mixed      ; System|npu_system_0|npu_system_22|i128470~447|dataf                         ;
;   18.760 ;   0.041 ; FF ; CELL   ; 1      ; LABCELL_X51_Y129_N54 ; High Speed ; System|npu_system_0|npu_system_22|i128470~447|combout                       ;
;   18.760 ;   0.000 ; FF ; CELL   ; 1      ; FF_X51_Y129_N56      ; High Speed ; System|npu_system_0|npu_system_22|out_data_reg[0]|d                         ;
;   18.760 ;   0.000 ; FF ; CELL   ; 1      ; FF_X51_Y129_N56      ; High Speed ; System|npu_system_0|npu_system_22|out_data_reg[0]                           ;
+----------+---------+----+--------+--------+----------------------+------------+-----------------------------------------------------------------------------+

+--------------------------------------------------------------------------------------------------------------------------------------+
; Data Required Path                                                                                                                   ;
+----------+---------+----+--------+--------+---------------------+------------+-------------------------------------------------------+
; Total    ; Incr    ; RF ; Type   ; Fanout ; Location            ; HS/LP      ; Element                                               ;
+----------+---------+----+--------+--------+---------------------+------------+-------------------------------------------------------+
; 20.000   ; 20.000  ;    ;        ;        ;                     ;            ; latch edge time                                       ;
; 20.000   ; 0.000   ;    ; borrow ;        ;                     ;            ; time borrowed                                         ;
; 24.479   ; 4.479   ;    ;        ;        ;                     ;            ; clock path                                            ;
;   20.000 ;   0.000 ;    ;        ;        ;                     ;            ; source latency                                        ;
;   20.000 ;   0.000 ;    ;        ; 1      ; PIN_AM10            ;            ; CLK_50                                                ;
;   20.000 ;   0.000 ; RR ; IC     ; 1      ; IOIBUF_X148_Y16_N32 ;            ; CLK_50~input|i                                        ;
;   20.547 ;   0.547 ; RR ; CELL   ; 1      ; IOIBUF_X148_Y16_N32 ;            ; CLK_50~input|o                                        ;
;   20.676 ;   0.129 ; RR ; CELL   ; 1      ; IOIBUF_X148_Y16_N32 ;            ; CLK_50~input~io_48_lvds_tile_edge/ioclkin[0]          ;
;   20.676 ;   0.000 ; RR ; IC     ; 2      ; CLKCTRL_3A_G_I20    ;            ; CLK_50~inputCLKENA0|inclk                             ;
;   21.116 ;   0.440 ; RR ; CELL   ; 178801 ; CLKCTRL_3A_G_I20    ;            ; CLK_50~inputCLKENA0|outclk                            ;
;   24.227 ;   3.111 ; RR ; IC     ; 1      ; FF_X51_Y129_N56     ; High Speed ; System|npu_system_0|npu_system_22|out_data_reg[0]|clk ;
;   24.227 ;   0.000 ; RR ; CELL   ; 1      ; FF_X51_Y129_N56     ; High Speed ; System|npu_system_0|npu_system_22|out_data_reg[0]     ;
;   24.479 ;   0.252 ;    ;        ;        ;                     ;            ; clock pessimism removed                               ;
; 24.449   ; -0.030  ;    ;        ;        ;                     ;            ; clock uncertainty                                     ;
; 24.716   ; 0.267   ;    ; uTsu   ; 1      ; FF_X51_Y129_N56     ;            ; System|npu_system_0|npu_system_22|out_data_reg[0]     ;
+----------+---------+----+--------+--------+---------------------+------------+-------------------------------------------------------+



Path #8: Setup slack is 6.011 
===============================================================================
+--------------------------------------------------------------------------------------+
; Path Summary                                                                         ;
+---------------------------------+----------------------------------------------------+
; Property                        ; Value                                              ;
+---------------------------------+----------------------------------------------------+
; From Node                       ; System|npu_system_0|npu_system_22|w_col_idx[1]     ;
; To Node                         ; System|npu_system_0|npu_system_22|out_data_reg[13] ;
; Launch Clock                    ; CLK_50                                             ;
; Latch Clock                     ; CLK_50                                             ;
; SDC Exception                   ; No SDC Exception on Path                           ;
; Data Arrival Time               ; 18.719                                             ;
; Data Required Time              ; 24.730                                             ;
; Slack                           ; 6.011                                              ;
; Worst-Case Operating Conditions ; Slow 900mV 100C Model                              ;
+---------------------------------+----------------------------------------------------+

+------------------------------------------------------------------------------------+
; Statistics                                                                         ;
+------------------------+--------+-------+-------------+------------+-------+-------+
; Property               ; Value  ; Count ; Total Delay ; % of Total ; Min   ; Max   ;
+------------------------+--------+-------+-------------+------------+-------+-------+
; Setup Relationship     ; 20.000 ;       ;             ;            ;       ;       ;
; Clock Skew             ; -0.142 ;       ;             ;            ;       ;       ;
; Data Delay             ; 14.098 ;       ;             ;            ;       ;       ;
; Number of Logic Levels ;        ; 6     ;             ;            ;       ;       ;
; Physical Delays        ;        ;       ;             ;            ;       ;       ;
;  Arrival Path          ;        ;       ;             ;            ;       ;       ;
;   Clock                ;        ;       ;             ;            ;       ;       ;
;    IC                  ;        ; 3     ; 3.397       ; 74         ; 0.000 ; 3.397 ;
;    Cell                ;        ; 4     ; 1.224       ; 26         ; 0.000 ; 0.547 ;
;   Data                 ;        ;       ;             ;            ;       ;       ;
;    IC                  ;        ; 6     ; 12.502      ; 89         ; 0.183 ; 3.198 ;
;    Cell                ;        ; 14    ; 1.346       ; 10         ; 0.000 ; 0.304 ;
;    uTco                ;        ; 1     ; 0.250       ; 2          ; 0.250 ; 0.250 ;
;  Required Path         ;        ;       ;             ;            ;       ;       ;
;   Clock                ;        ;       ;             ;            ;       ;       ;
;    IC                  ;        ; 3     ; 3.111       ; 74         ; 0.000 ; 3.111 ;
;    Cell                ;        ; 4     ; 1.116       ; 26         ; 0.000 ; 0.547 ;
+------------------------+--------+-------+-------------+------------+-------+-------+
Note: Negative delays are omitted from totals when calculating percentages

+-----------------------------------------------------------------------------------------------------------------------------------------------------+
; Data Arrival Path                                                                                                                                   ;
+----------+---------+----+--------+--------+-----------------------+------------+--------------------------------------------------------------------+
; Total    ; Incr    ; RF ; Type   ; Fanout ; Location              ; HS/LP      ; Element                                                            ;
+----------+---------+----+--------+--------+-----------------------+------------+--------------------------------------------------------------------+
; 0.000    ; 0.000   ;    ;        ;        ;                       ;            ; launch edge time                                                   ;
; 0.000    ; 0.000   ;    ; borrow ;        ;                       ;            ; time borrowed                                                      ;
; 4.621    ; 4.621   ;    ;        ;        ;                       ;            ; clock path                                                         ;
;   0.000  ;   0.000 ;    ;        ;        ;                       ;            ; source latency                                                     ;
;   0.000  ;   0.000 ;    ;        ; 1      ; PIN_AM10              ;            ; CLK_50                                                             ;
;   0.000  ;   0.000 ; RR ; IC     ; 1      ; IOIBUF_X148_Y16_N32   ;            ; CLK_50~input|i                                                     ;
;   0.547  ;   0.547 ; RR ; CELL   ; 1      ; IOIBUF_X148_Y16_N32   ;            ; CLK_50~input|o                                                     ;
;   0.706  ;   0.159 ; RR ; CELL   ; 1      ; IOIBUF_X148_Y16_N32   ;            ; CLK_50~input~io_48_lvds_tile_edge/ioclkin[0]                       ;
;   0.706  ;   0.000 ; RR ; IC     ; 2      ; CLKCTRL_3A_G_I20      ;            ; CLK_50~inputCLKENA0|inclk                                          ;
;   1.224  ;   0.518 ; RR ; CELL   ; 178801 ; CLKCTRL_3A_G_I20      ;            ; CLK_50~inputCLKENA0|outclk                                         ;
;   4.621  ;   3.397 ; RR ; IC     ; 1      ; FF_X74_Y75_N58        ; Low Power  ; System|npu_system_0|npu_system_22|w_col_idx[1]|clk                 ;
;   4.621  ;   0.000 ; RR ; CELL   ; 1      ; FF_X74_Y75_N58        ; Low Power  ; System|npu_system_0|npu_system_22|w_col_idx[1]                     ;
; 18.719   ; 14.098  ;    ;        ;        ;                       ;            ; data path                                                          ;
;   4.871  ;   0.250 ; RR ; uTco   ; 1      ; FF_X74_Y75_N58        ;            ; System|npu_system_0|npu_system_22|w_col_idx[1]|q                   ;
;   5.003  ;   0.132 ; RR ; CELL   ; 640    ; FF_X74_Y75_N58        ; Low Power  ; System|npu_system_0|npu_system_22|w_col_idx[1]~la_lab/laboutb[18]  ;
;   8.064  ;   3.061 ; RR ; IC     ; 1      ; LABCELL_X98_Y129_N36  ; Mixed      ; System|npu_system_0|npu_system_22|i128470~12009|dataf              ;
;   8.111  ;   0.047 ; RR ; CELL   ; 1      ; LABCELL_X98_Y129_N36  ; High Speed ; System|npu_system_0|npu_system_22|i128470~12009|combout            ;
;   8.116  ;   0.005 ; RR ; CELL   ; 1      ; LABCELL_X98_Y129_N36  ; High Speed ; System|npu_system_0|npu_system_22|i128470~12009~la_lab/laboutb[5]  ;
;   11.069 ;   2.953 ; RR ; IC     ; 1      ; MLABCELL_X83_Y101_N12 ; Mixed      ; System|npu_system_0|npu_system_22|i128470~12013|datab              ;
;   11.360 ;   0.291 ; RR ; CELL   ; 1      ; MLABCELL_X83_Y101_N12 ; Low Power  ; System|npu_system_0|npu_system_22|i128470~12013|combout            ;
;   11.366 ;   0.006 ; RR ; CELL   ; 1      ; MLABCELL_X83_Y101_N12 ; Low Power  ; System|npu_system_0|npu_system_22|i128470~12013~la_mlab/laboutt[9] ;
;   14.564 ;   3.198 ; RR ; IC     ; 1      ; LABCELL_X74_Y65_N57   ; Mixed      ; System|npu_system_0|npu_system_22|i128470~12029|datae              ;
;   14.693 ;   0.129 ; RR ; CELL   ; 1      ; LABCELL_X74_Y65_N57   ; Low Power  ; System|npu_system_0|npu_system_22|i128470~12029|combout            ;
;   14.698 ;   0.005 ; RR ; CELL   ; 1      ; LABCELL_X74_Y65_N57   ; Low Power  ; System|npu_system_0|npu_system_22|i128470~12029~la_lab/laboutb[19] ;
;   14.881 ;   0.183 ; RR ; IC     ; 1      ; LABCELL_X74_Y65_N6    ; Low Power  ; System|npu_system_0|npu_system_22|i128470~12093|datab              ;
;   15.185 ;   0.304 ; RR ; CELL   ; 1      ; LABCELL_X74_Y65_N6    ; Low Power  ; System|npu_system_0|npu_system_22|i128470~12093|combout            ;
;   15.190 ;   0.005 ; RR ; CELL   ; 1      ; LABCELL_X74_Y65_N6    ; Low Power  ; System|npu_system_0|npu_system_22|i128470~12093~la_lab/laboutt[5]  ;
;   16.098 ;   0.908 ; RR ; IC     ; 1      ; LABCELL_X74_Y79_N48   ; Mixed      ; System|npu_system_0|npu_system_22|i128470~12094|datae              ;
;   16.251 ;   0.153 ; RR ; CELL   ; 1      ; LABCELL_X74_Y79_N48   ; Low Power  ; System|npu_system_0|npu_system_22|i128470~12094|combout            ;
;   16.255 ;   0.004 ; RR ; CELL   ; 1      ; LABCELL_X74_Y79_N48   ; Low Power  ; System|npu_system_0|npu_system_22|i128470~12094~la_lab/laboutb[12] ;
;   18.454 ;   2.199 ; RR ; IC     ; 1      ; LABCELL_X51_Y129_N48  ; Mixed      ; System|npu_system_0|npu_system_22|i128470~12095|datab              ;
;   18.719 ;   0.265 ; RR ; CELL   ; 1      ; LABCELL_X51_Y129_N48  ; High Speed ; System|npu_system_0|npu_system_22|i128470~12095|combout            ;
;   18.719 ;   0.000 ; RR ; CELL   ; 1      ; FF_X51_Y129_N50       ; High Speed ; System|npu_system_0|npu_system_22|out_data_reg[13]|d               ;
;   18.719 ;   0.000 ; RR ; CELL   ; 1      ; FF_X51_Y129_N50       ; High Speed ; System|npu_system_0|npu_system_22|out_data_reg[13]                 ;
+----------+---------+----+--------+--------+-----------------------+------------+--------------------------------------------------------------------+

+---------------------------------------------------------------------------------------------------------------------------------------+
; Data Required Path                                                                                                                    ;
+----------+---------+----+--------+--------+---------------------+------------+--------------------------------------------------------+
; Total    ; Incr    ; RF ; Type   ; Fanout ; Location            ; HS/LP      ; Element                                                ;
+----------+---------+----+--------+--------+---------------------+------------+--------------------------------------------------------+
; 20.000   ; 20.000  ;    ;        ;        ;                     ;            ; latch edge time                                        ;
; 20.000   ; 0.000   ;    ; borrow ;        ;                     ;            ; time borrowed                                          ;
; 24.479   ; 4.479   ;    ;        ;        ;                     ;            ; clock path                                             ;
;   20.000 ;   0.000 ;    ;        ;        ;                     ;            ; source latency                                         ;
;   20.000 ;   0.000 ;    ;        ; 1      ; PIN_AM10            ;            ; CLK_50                                                 ;
;   20.000 ;   0.000 ; RR ; IC     ; 1      ; IOIBUF_X148_Y16_N32 ;            ; CLK_50~input|i                                         ;
;   20.547 ;   0.547 ; RR ; CELL   ; 1      ; IOIBUF_X148_Y16_N32 ;            ; CLK_50~input|o                                         ;
;   20.676 ;   0.129 ; RR ; CELL   ; 1      ; IOIBUF_X148_Y16_N32 ;            ; CLK_50~input~io_48_lvds_tile_edge/ioclkin[0]           ;
;   20.676 ;   0.000 ; RR ; IC     ; 2      ; CLKCTRL_3A_G_I20    ;            ; CLK_50~inputCLKENA0|inclk                              ;
;   21.116 ;   0.440 ; RR ; CELL   ; 178801 ; CLKCTRL_3A_G_I20    ;            ; CLK_50~inputCLKENA0|outclk                             ;
;   24.227 ;   3.111 ; RR ; IC     ; 1      ; FF_X51_Y129_N50     ; High Speed ; System|npu_system_0|npu_system_22|out_data_reg[13]|clk ;
;   24.227 ;   0.000 ; RR ; CELL   ; 1      ; FF_X51_Y129_N50     ; High Speed ; System|npu_system_0|npu_system_22|out_data_reg[13]     ;
;   24.479 ;   0.252 ;    ;        ;        ;                     ;            ; clock pessimism removed                                ;
; 24.449   ; -0.030  ;    ;        ;        ;                     ;            ; clock uncertainty                                      ;
; 24.730   ; 0.281   ;    ; uTsu   ; 1      ; FF_X51_Y129_N50     ;            ; System|npu_system_0|npu_system_22|out_data_reg[13]     ;
+----------+---------+----+--------+--------+---------------------+------------+--------------------------------------------------------+



Path #9: Setup slack is 6.029 
===============================================================================
+-----------------------------------------------------------------------------------------------+
; Path Summary                                                                                  ;
+---------------------------------+-------------------------------------------------------------+
; Property                        ; Value                                                       ;
+---------------------------------+-------------------------------------------------------------+
; From Node                       ; System|npu_system_0|npu_system_22|w_col_idx[1]~_Duplicate_7 ;
; To Node                         ; System|npu_system_0|npu_system_22|out_data_reg[11]          ;
; Launch Clock                    ; CLK_50                                                      ;
; Latch Clock                     ; CLK_50                                                      ;
; SDC Exception                   ; No SDC Exception on Path                                    ;
; Data Arrival Time               ; 18.700                                                      ;
; Data Required Time              ; 24.729                                                      ;
; Slack                           ; 6.029                                                       ;
; Worst-Case Operating Conditions ; Slow 900mV 100C Model                                       ;
+---------------------------------+-------------------------------------------------------------+

+------------------------------------------------------------------------------------+
; Statistics                                                                         ;
+------------------------+--------+-------+-------------+------------+-------+-------+
; Property               ; Value  ; Count ; Total Delay ; % of Total ; Min   ; Max   ;
+------------------------+--------+-------+-------------+------------+-------+-------+
; Setup Relationship     ; 20.000 ;       ;             ;            ;       ;       ;
; Clock Skew             ; -0.161 ;       ;             ;            ;       ;       ;
; Data Delay             ; 14.060 ;       ;             ;            ;       ;       ;
; Number of Logic Levels ;        ; 6     ;             ;            ;       ;       ;
; Physical Delays        ;        ;       ;             ;            ;       ;       ;
;  Arrival Path          ;        ;       ;             ;            ;       ;       ;
;   Clock                ;        ;       ;             ;            ;       ;       ;
;    IC                  ;        ; 3     ; 3.416       ; 74         ; 0.000 ; 3.416 ;
;    Cell                ;        ; 4     ; 1.224       ; 26         ; 0.000 ; 0.547 ;
;   Data                 ;        ;       ;             ;            ;       ;       ;
;    IC                  ;        ; 6     ; 12.571      ; 89         ; 0.193 ; 3.219 ;
;    Cell                ;        ; 14    ; 1.239       ; 9          ; 0.000 ; 0.307 ;
;    uTco                ;        ; 1     ; 0.250       ; 2          ; 0.250 ; 0.250 ;
;  Required Path         ;        ;       ;             ;            ;       ;       ;
;   Clock                ;        ;       ;             ;            ;       ;       ;
;    IC                  ;        ; 3     ; 3.111       ; 74         ; 0.000 ; 3.111 ;
;    Cell                ;        ; 4     ; 1.116       ; 26         ; 0.000 ; 0.547 ;
+------------------------+--------+-------+-------------+------------+-------+-------+
Note: Negative delays are omitted from totals when calculating percentages

+---------------------------------------------------------------------------------------------------------------------------------------------------------------+
; Data Arrival Path                                                                                                                                             ;
+----------+---------+----+--------+--------+----------------------+------------+-------------------------------------------------------------------------------+
; Total    ; Incr    ; RF ; Type   ; Fanout ; Location             ; HS/LP      ; Element                                                                       ;
+----------+---------+----+--------+--------+----------------------+------------+-------------------------------------------------------------------------------+
; 0.000    ; 0.000   ;    ;        ;        ;                      ;            ; launch edge time                                                              ;
; 0.000    ; 0.000   ;    ; borrow ;        ;                      ;            ; time borrowed                                                                 ;
; 4.640    ; 4.640   ;    ;        ;        ;                      ;            ; clock path                                                                    ;
;   0.000  ;   0.000 ;    ;        ;        ;                      ;            ; source latency                                                                ;
;   0.000  ;   0.000 ;    ;        ; 1      ; PIN_AM10             ;            ; CLK_50                                                                        ;
;   0.000  ;   0.000 ; RR ; IC     ; 1      ; IOIBUF_X148_Y16_N32  ;            ; CLK_50~input|i                                                                ;
;   0.547  ;   0.547 ; RR ; CELL   ; 1      ; IOIBUF_X148_Y16_N32  ;            ; CLK_50~input|o                                                                ;
;   0.706  ;   0.159 ; RR ; CELL   ; 1      ; IOIBUF_X148_Y16_N32  ;            ; CLK_50~input~io_48_lvds_tile_edge/ioclkin[0]                                  ;
;   0.706  ;   0.000 ; RR ; IC     ; 2      ; CLKCTRL_3A_G_I20     ;            ; CLK_50~inputCLKENA0|inclk                                                     ;
;   1.224  ;   0.518 ; RR ; CELL   ; 178801 ; CLKCTRL_3A_G_I20     ;            ; CLK_50~inputCLKENA0|outclk                                                    ;
;   4.640  ;   3.416 ; RR ; IC     ; 1      ; FF_X72_Y59_N1        ; Low Power  ; System|npu_system_0|npu_system_22|w_col_idx[1]~_Duplicate_7|clk               ;
;   4.640  ;   0.000 ; RR ; CELL   ; 1      ; FF_X72_Y59_N1        ; Low Power  ; System|npu_system_0|npu_system_22|w_col_idx[1]~_Duplicate_7                   ;
; 18.700   ; 14.060  ;    ;        ;        ;                      ;            ; data path                                                                     ;
;   4.890  ;   0.250 ; FF ; uTco   ; 1      ; FF_X72_Y59_N1        ;            ; System|npu_system_0|npu_system_22|w_col_idx[1]~_Duplicate_7|q                 ;
;   5.028  ;   0.138 ; FF ; CELL   ; 690    ; FF_X72_Y59_N1        ; Low Power  ; System|npu_system_0|npu_system_22|w_col_idx[1]~_Duplicate_7~la_lab/laboutt[0] ;
;   7.581  ;   2.553 ; FF ; IC     ; 1      ; LABCELL_X37_Y24_N42  ; Mixed      ; System|npu_system_0|npu_system_22|i128470~9137|datac                          ;
;   7.761  ;   0.180 ; FR ; CELL   ; 1      ; LABCELL_X37_Y24_N42  ; Low Power  ; System|npu_system_0|npu_system_22|i128470~9137|combout                        ;
;   7.766  ;   0.005 ; RR ; CELL   ; 1      ; LABCELL_X37_Y24_N42  ; Low Power  ; System|npu_system_0|npu_system_22|i128470~9137~la_lab/laboutb[9]              ;
;   10.632 ;   2.866 ; RR ; IC     ; 1      ; LABCELL_X37_Y84_N0   ; Mixed      ; System|npu_system_0|npu_system_22|i128470~9138|datac                          ;
;   10.789 ;   0.157 ; RR ; CELL   ; 1      ; LABCELL_X37_Y84_N0   ; High Speed ; System|npu_system_0|npu_system_22|i128470~9138|combout                        ;
;   10.793 ;   0.004 ; RR ; CELL   ; 1      ; LABCELL_X37_Y84_N0   ; High Speed ; System|npu_system_0|npu_system_22|i128470~9138~la_lab/laboutt[0]              ;
;   14.012 ;   3.219 ; RR ; IC     ; 1      ; MLABCELL_X83_Y76_N12 ; Mixed      ; System|npu_system_0|npu_system_22|i128470~9149|datad                          ;
;   14.217 ;   0.205 ; RR ; CELL   ; 1      ; MLABCELL_X83_Y76_N12 ; Low Power  ; System|npu_system_0|npu_system_22|i128470~9149|combout                        ;
;   14.223 ;   0.006 ; RR ; CELL   ; 1      ; MLABCELL_X83_Y76_N12 ; Low Power  ; System|npu_system_0|npu_system_22|i128470~9149~la_mlab/laboutt[9]             ;
;   14.416 ;   0.193 ; RR ; IC     ; 1      ; LABCELL_X82_Y76_N30  ; Low Power  ; System|npu_system_0|npu_system_22|i128470~9150|dataa                          ;
;   14.723 ;   0.307 ; RR ; CELL   ; 1      ; LABCELL_X82_Y76_N30  ; Low Power  ; System|npu_system_0|npu_system_22|i128470~9150|combout                        ;
;   14.728 ;   0.005 ; RR ; CELL   ; 1      ; LABCELL_X82_Y76_N30  ; Low Power  ; System|npu_system_0|npu_system_22|i128470~9150~la_lab/laboutb[1]              ;
;   16.408 ;   1.680 ; RR ; IC     ; 1      ; LABCELL_X63_Y73_N45  ; Mixed      ; System|npu_system_0|npu_system_22|i128470~9406|datad                          ;
;   16.588 ;   0.180 ; RR ; CELL   ; 1      ; LABCELL_X63_Y73_N45  ; Low Power  ; System|npu_system_0|npu_system_22|i128470~9406|combout                        ;
;   16.593 ;   0.005 ; RR ; CELL   ; 1      ; LABCELL_X63_Y73_N45  ; Low Power  ; System|npu_system_0|npu_system_22|i128470~9406~la_lab/laboutb[10]             ;
;   18.653 ;   2.060 ; RR ; IC     ; 1      ; LABCELL_X51_Y129_N6  ; Mixed      ; System|npu_system_0|npu_system_22|i128470~9407|dataf                          ;
;   18.700 ;   0.047 ; RR ; CELL   ; 1      ; LABCELL_X51_Y129_N6  ; High Speed ; System|npu_system_0|npu_system_22|i128470~9407|combout                        ;
;   18.700 ;   0.000 ; RR ; CELL   ; 1      ; FF_X51_Y129_N7       ; High Speed ; System|npu_system_0|npu_system_22|out_data_reg[11]|d                          ;
;   18.700 ;   0.000 ; RR ; CELL   ; 1      ; FF_X51_Y129_N7       ; High Speed ; System|npu_system_0|npu_system_22|out_data_reg[11]                            ;
+----------+---------+----+--------+--------+----------------------+------------+-------------------------------------------------------------------------------+

+---------------------------------------------------------------------------------------------------------------------------------------+
; Data Required Path                                                                                                                    ;
+----------+---------+----+--------+--------+---------------------+------------+--------------------------------------------------------+
; Total    ; Incr    ; RF ; Type   ; Fanout ; Location            ; HS/LP      ; Element                                                ;
+----------+---------+----+--------+--------+---------------------+------------+--------------------------------------------------------+
; 20.000   ; 20.000  ;    ;        ;        ;                     ;            ; latch edge time                                        ;
; 20.000   ; 0.000   ;    ; borrow ;        ;                     ;            ; time borrowed                                          ;
; 24.479   ; 4.479   ;    ;        ;        ;                     ;            ; clock path                                             ;
;   20.000 ;   0.000 ;    ;        ;        ;                     ;            ; source latency                                         ;
;   20.000 ;   0.000 ;    ;        ; 1      ; PIN_AM10            ;            ; CLK_50                                                 ;
;   20.000 ;   0.000 ; RR ; IC     ; 1      ; IOIBUF_X148_Y16_N32 ;            ; CLK_50~input|i                                         ;
;   20.547 ;   0.547 ; RR ; CELL   ; 1      ; IOIBUF_X148_Y16_N32 ;            ; CLK_50~input|o                                         ;
;   20.676 ;   0.129 ; RR ; CELL   ; 1      ; IOIBUF_X148_Y16_N32 ;            ; CLK_50~input~io_48_lvds_tile_edge/ioclkin[0]           ;
;   20.676 ;   0.000 ; RR ; IC     ; 2      ; CLKCTRL_3A_G_I20    ;            ; CLK_50~inputCLKENA0|inclk                              ;
;   21.116 ;   0.440 ; RR ; CELL   ; 178801 ; CLKCTRL_3A_G_I20    ;            ; CLK_50~inputCLKENA0|outclk                             ;
;   24.227 ;   3.111 ; RR ; IC     ; 1      ; FF_X51_Y129_N7      ; High Speed ; System|npu_system_0|npu_system_22|out_data_reg[11]|clk ;
;   24.227 ;   0.000 ; RR ; CELL   ; 1      ; FF_X51_Y129_N7      ; High Speed ; System|npu_system_0|npu_system_22|out_data_reg[11]     ;
;   24.479 ;   0.252 ;    ;        ;        ;                     ;            ; clock pessimism removed                                ;
; 24.449   ; -0.030  ;    ;        ;        ;                     ;            ; clock uncertainty                                      ;
; 24.729   ; 0.280   ;    ; uTsu   ; 1      ; FF_X51_Y129_N7      ;            ; System|npu_system_0|npu_system_22|out_data_reg[11]     ;
+----------+---------+----+--------+--------+---------------------+------------+--------------------------------------------------------+



Path #10: Setup slack is 6.031 
===============================================================================
+-----------------------------------------------------------------------------------------------+
; Path Summary                                                                                  ;
+---------------------------------+-------------------------------------------------------------+
; Property                        ; Value                                                       ;
+---------------------------------+-------------------------------------------------------------+
; From Node                       ; System|npu_system_0|npu_system_22|w_col_idx[2]~_Duplicate_8 ;
; To Node                         ; System|npu_system_0|npu_system_22|out_data_reg[13]          ;
; Launch Clock                    ; CLK_50                                                      ;
; Latch Clock                     ; CLK_50                                                      ;
; SDC Exception                   ; No SDC Exception on Path                                    ;
; Data Arrival Time               ; 18.699                                                      ;
; Data Required Time              ; 24.730                                                      ;
; Slack                           ; 6.031                                                       ;
; Worst-Case Operating Conditions ; Slow 900mV 100C Model                                       ;
+---------------------------------+-------------------------------------------------------------+

+------------------------------------------------------------------------------------+
; Statistics                                                                         ;
+------------------------+--------+-------+-------------+------------+-------+-------+
; Property               ; Value  ; Count ; Total Delay ; % of Total ; Min   ; Max   ;
+------------------------+--------+-------+-------------+------------+-------+-------+
; Setup Relationship     ; 20.000 ;       ;             ;            ;       ;       ;
; Clock Skew             ; -0.164 ;       ;             ;            ;       ;       ;
; Data Delay             ; 14.056 ;       ;             ;            ;       ;       ;
; Number of Logic Levels ;        ; 6     ;             ;            ;       ;       ;
; Physical Delays        ;        ;       ;             ;            ;       ;       ;
;  Arrival Path          ;        ;       ;             ;            ;       ;       ;
;   Clock                ;        ;       ;             ;            ;       ;       ;
;    IC                  ;        ; 3     ; 3.419       ; 74         ; 0.000 ; 3.419 ;
;    Cell                ;        ; 4     ; 1.224       ; 26         ; 0.000 ; 0.547 ;
;   Data                 ;        ;       ;             ;            ;       ;       ;
;    IC                  ;        ; 6     ; 12.454      ; 89         ; 0.183 ; 3.198 ;
;    Cell                ;        ; 14    ; 1.387       ; 10         ; 0.000 ; 0.304 ;
;    uTco                ;        ; 1     ; 0.215       ; 2          ; 0.215 ; 0.215 ;
;  Required Path         ;        ;       ;             ;            ;       ;       ;
;   Clock                ;        ;       ;             ;            ;       ;       ;
;    IC                  ;        ; 3     ; 3.111       ; 74         ; 0.000 ; 3.111 ;
;    Cell                ;        ; 4     ; 1.116       ; 26         ; 0.000 ; 0.547 ;
+------------------------+--------+-------+-------------+------------+-------+-------+
Note: Negative delays are omitted from totals when calculating percentages

+-----------------------------------------------------------------------------------------------------------------------------------------------------------------+
; Data Arrival Path                                                                                                                                               ;
+----------+---------+----+--------+--------+-----------------------+------------+--------------------------------------------------------------------------------+
; Total    ; Incr    ; RF ; Type   ; Fanout ; Location              ; HS/LP      ; Element                                                                        ;
+----------+---------+----+--------+--------+-----------------------+------------+--------------------------------------------------------------------------------+
; 0.000    ; 0.000   ;    ;        ;        ;                       ;            ; launch edge time                                                               ;
; 0.000    ; 0.000   ;    ; borrow ;        ;                       ;            ; time borrowed                                                                  ;
; 4.643    ; 4.643   ;    ;        ;        ;                       ;            ; clock path                                                                     ;
;   0.000  ;   0.000 ;    ;        ;        ;                       ;            ; source latency                                                                 ;
;   0.000  ;   0.000 ;    ;        ; 1      ; PIN_AM10              ;            ; CLK_50                                                                         ;
;   0.000  ;   0.000 ; RR ; IC     ; 1      ; IOIBUF_X148_Y16_N32   ;            ; CLK_50~input|i                                                                 ;
;   0.547  ;   0.547 ; RR ; CELL   ; 1      ; IOIBUF_X148_Y16_N32   ;            ; CLK_50~input|o                                                                 ;
;   0.706  ;   0.159 ; RR ; CELL   ; 1      ; IOIBUF_X148_Y16_N32   ;            ; CLK_50~input~io_48_lvds_tile_edge/ioclkin[0]                                   ;
;   0.706  ;   0.000 ; RR ; IC     ; 2      ; CLKCTRL_3A_G_I20      ;            ; CLK_50~inputCLKENA0|inclk                                                      ;
;   1.224  ;   0.518 ; RR ; CELL   ; 178801 ; CLKCTRL_3A_G_I20      ;            ; CLK_50~inputCLKENA0|outclk                                                     ;
;   4.643  ;   3.419 ; RR ; IC     ; 1      ; FF_X77_Y91_N52        ; High Speed ; System|npu_system_0|npu_system_22|w_col_idx[2]~_Duplicate_8|clk                ;
;   4.643  ;   0.000 ; RR ; CELL   ; 1      ; FF_X77_Y91_N52        ; High Speed ; System|npu_system_0|npu_system_22|w_col_idx[2]~_Duplicate_8                    ;
; 18.699   ; 14.056  ;    ;        ;        ;                       ;            ; data path                                                                      ;
;   4.858  ;   0.215 ; FF ; uTco   ; 1      ; FF_X77_Y91_N52        ;            ; System|npu_system_0|npu_system_22|w_col_idx[2]~_Duplicate_8|q                  ;
;   4.947  ;   0.089 ; FF ; CELL   ; 657    ; FF_X77_Y91_N52        ; High Speed ; System|npu_system_0|npu_system_22|w_col_idx[2]~_Duplicate_8~la_lab/laboutb[14] ;
;   7.960  ;   3.013 ; FF ; IC     ; 1      ; LABCELL_X98_Y129_N36  ; Mixed      ; System|npu_system_0|npu_system_22|i128470~12009|datae                          ;
;   8.091  ;   0.131 ; FR ; CELL   ; 1      ; LABCELL_X98_Y129_N36  ; High Speed ; System|npu_system_0|npu_system_22|i128470~12009|combout                        ;
;   8.096  ;   0.005 ; RR ; CELL   ; 1      ; LABCELL_X98_Y129_N36  ; High Speed ; System|npu_system_0|npu_system_22|i128470~12009~la_lab/laboutb[5]              ;
;   11.049 ;   2.953 ; RR ; IC     ; 1      ; MLABCELL_X83_Y101_N12 ; Mixed      ; System|npu_system_0|npu_system_22|i128470~12013|datab                          ;
;   11.340 ;   0.291 ; RR ; CELL   ; 1      ; MLABCELL_X83_Y101_N12 ; Low Power  ; System|npu_system_0|npu_system_22|i128470~12013|combout                        ;
;   11.346 ;   0.006 ; RR ; CELL   ; 1      ; MLABCELL_X83_Y101_N12 ; Low Power  ; System|npu_system_0|npu_system_22|i128470~12013~la_mlab/laboutt[9]             ;
;   14.544 ;   3.198 ; RR ; IC     ; 1      ; LABCELL_X74_Y65_N57   ; Mixed      ; System|npu_system_0|npu_system_22|i128470~12029|datae                          ;
;   14.673 ;   0.129 ; RR ; CELL   ; 1      ; LABCELL_X74_Y65_N57   ; Low Power  ; System|npu_system_0|npu_system_22|i128470~12029|combout                        ;
;   14.678 ;   0.005 ; RR ; CELL   ; 1      ; LABCELL_X74_Y65_N57   ; Low Power  ; System|npu_system_0|npu_system_22|i128470~12029~la_lab/laboutb[19]             ;
;   14.861 ;   0.183 ; RR ; IC     ; 1      ; LABCELL_X74_Y65_N6    ; Low Power  ; System|npu_system_0|npu_system_22|i128470~12093|datab                          ;
;   15.165 ;   0.304 ; RR ; CELL   ; 1      ; LABCELL_X74_Y65_N6    ; Low Power  ; System|npu_system_0|npu_system_22|i128470~12093|combout                        ;
;   15.170 ;   0.005 ; RR ; CELL   ; 1      ; LABCELL_X74_Y65_N6    ; Low Power  ; System|npu_system_0|npu_system_22|i128470~12093~la_lab/laboutt[5]              ;
;   16.078 ;   0.908 ; RR ; IC     ; 1      ; LABCELL_X74_Y79_N48   ; Mixed      ; System|npu_system_0|npu_system_22|i128470~12094|datae                          ;
;   16.231 ;   0.153 ; RR ; CELL   ; 1      ; LABCELL_X74_Y79_N48   ; Low Power  ; System|npu_system_0|npu_system_22|i128470~12094|combout                        ;
;   16.235 ;   0.004 ; RR ; CELL   ; 1      ; LABCELL_X74_Y79_N48   ; Low Power  ; System|npu_system_0|npu_system_22|i128470~12094~la_lab/laboutb[12]             ;
;   18.434 ;   2.199 ; RR ; IC     ; 1      ; LABCELL_X51_Y129_N48  ; Mixed      ; System|npu_system_0|npu_system_22|i128470~12095|datab                          ;
;   18.699 ;   0.265 ; RR ; CELL   ; 1      ; LABCELL_X51_Y129_N48  ; High Speed ; System|npu_system_0|npu_system_22|i128470~12095|combout                        ;
;   18.699 ;   0.000 ; RR ; CELL   ; 1      ; FF_X51_Y129_N50       ; High Speed ; System|npu_system_0|npu_system_22|out_data_reg[13]|d                           ;
;   18.699 ;   0.000 ; RR ; CELL   ; 1      ; FF_X51_Y129_N50       ; High Speed ; System|npu_system_0|npu_system_22|out_data_reg[13]                             ;
+----------+---------+----+--------+--------+-----------------------+------------+--------------------------------------------------------------------------------+

+---------------------------------------------------------------------------------------------------------------------------------------+
; Data Required Path                                                                                                                    ;
+----------+---------+----+--------+--------+---------------------+------------+--------------------------------------------------------+
; Total    ; Incr    ; RF ; Type   ; Fanout ; Location            ; HS/LP      ; Element                                                ;
+----------+---------+----+--------+--------+---------------------+------------+--------------------------------------------------------+
; 20.000   ; 20.000  ;    ;        ;        ;                     ;            ; latch edge time                                        ;
; 20.000   ; 0.000   ;    ; borrow ;        ;                     ;            ; time borrowed                                          ;
; 24.479   ; 4.479   ;    ;        ;        ;                     ;            ; clock path                                             ;
;   20.000 ;   0.000 ;    ;        ;        ;                     ;            ; source latency                                         ;
;   20.000 ;   0.000 ;    ;        ; 1      ; PIN_AM10            ;            ; CLK_50                                                 ;
;   20.000 ;   0.000 ; RR ; IC     ; 1      ; IOIBUF_X148_Y16_N32 ;            ; CLK_50~input|i                                         ;
;   20.547 ;   0.547 ; RR ; CELL   ; 1      ; IOIBUF_X148_Y16_N32 ;            ; CLK_50~input|o                                         ;
;   20.676 ;   0.129 ; RR ; CELL   ; 1      ; IOIBUF_X148_Y16_N32 ;            ; CLK_50~input~io_48_lvds_tile_edge/ioclkin[0]           ;
;   20.676 ;   0.000 ; RR ; IC     ; 2      ; CLKCTRL_3A_G_I20    ;            ; CLK_50~inputCLKENA0|inclk                              ;
;   21.116 ;   0.440 ; RR ; CELL   ; 178801 ; CLKCTRL_3A_G_I20    ;            ; CLK_50~inputCLKENA0|outclk                             ;
;   24.227 ;   3.111 ; RR ; IC     ; 1      ; FF_X51_Y129_N50     ; High Speed ; System|npu_system_0|npu_system_22|out_data_reg[13]|clk ;
;   24.227 ;   0.000 ; RR ; CELL   ; 1      ; FF_X51_Y129_N50     ; High Speed ; System|npu_system_0|npu_system_22|out_data_reg[13]     ;
;   24.479 ;   0.252 ;    ;        ;        ;                     ;            ; clock pessimism removed                                ;
; 24.449   ; -0.030  ;    ;        ;        ;                     ;            ; clock uncertainty                                      ;
; 24.730   ; 0.281   ;    ; uTsu   ; 1      ; FF_X51_Y129_N50     ;            ; System|npu_system_0|npu_system_22|out_data_reg[13]     ;
+----------+---------+----+--------+--------+---------------------+------------+--------------------------------------------------------+



----------------
; Command Info ;
----------------
Report Timing: Found 10 hold paths (0 violated).  Worst case slack is 0.015 

Tcl Command:
    report_timing -hold -panel_name {Worst-Case Timing Paths||Hold||CLK_50} -to_clock [get_clocks {CLK_50}] -npaths 10 -detail full_path

Options:
    -to_clock [get_clocks {CLK_50}] 
    -hold 
    -npaths 10 
    -detail full_path 
    -panel_name {CLK_50} 

Snapshot:
    final

Delay Models:
    Slow 900mV 100C Model
    Slow 900mV 0C Model
    Fast 900mV 100C Model
    Fast 900mV 0C Model


+-------------------------------------------------------------------------------------------------------------------------------------------------------------------------------------------------------------------------------------------------------------------------------------------------+
; Summary of Paths                                                                                                                                                                                                                                                                                ;
+-------+----------------------------------------------------------------------------------------+----------------------------------------------------------------------------------------+--------------+-------------+--------------+------------+------------+---------------------------------+
; Slack ; From Node                                                                              ; To Node                                                                                ; Launch Clock ; Latch Clock ; Relationship ; Clock Skew ; Data Delay ; Worst-Case Operating Conditions ;
+-------+----------------------------------------------------------------------------------------+----------------------------------------------------------------------------------------+--------------+-------------+--------------+------------+------------+---------------------------------+
; 0.015 ; System|master_0|master_0|b2p|received_esc                                              ; System|master_0|master_0|b2p|received_esc                                              ; CLK_50       ; CLK_50      ; 0.000        ; 0.000      ; 0.267      ; Fast 900mV 0C Model             ;
; 0.017 ; System|npu_system_0|npu_system_22|NPU_CORE_INT8|control_unit_inst|run_enable           ; System|npu_system_0|npu_system_22|NPU_CORE_INT8|control_unit_inst|run_enable           ; CLK_50       ; CLK_50      ; 0.000        ; 0.000      ; 0.281      ; Fast 900mV 0C Model             ;
; 0.020 ; System|master_0|master_0|transacto|p2m|state.GET_ADDR4                                 ; System|master_0|master_0|transacto|p2m|state.GET_ADDR4~DUPLICATE                       ; CLK_50       ; CLK_50      ; 0.000        ; 0.000      ; 0.257      ; Fast 900mV 0C Model             ;
; 0.020 ; System|master_0|master_0|transacto|p2m|last_trans                                      ; System|master_0|master_0|transacto|p2m|last_trans~DUPLICATE                            ; CLK_50       ; CLK_50      ; 0.000        ; 0.001      ; 0.258      ; Fast 900mV 0C Model             ;
; 0.020 ; System|npu_system_0|npu_system_22|NPU_CORE_INT16_16x16|control_unit|completed_internal ; System|npu_system_0|npu_system_22|NPU_CORE_INT16_16x16|control_unit|completed_internal ; CLK_50       ; CLK_50      ; 0.000        ; 0.000      ; 0.254      ; Fast 900mV 0C Model             ;
; 0.021 ; System|master_0|master_0|p2b|sent_eop                                                  ; System|master_0|master_0|p2b|sent_eop~DUPLICATE                                        ; CLK_50       ; CLK_50      ; 0.000        ; 0.000      ; 0.258      ; Fast 900mV 0C Model             ;
; 0.021 ; System|rst_controller|altera_reset_synchronizer_int_chain[3]                           ; System|rst_controller|altera_reset_synchronizer_int_chain[4]                           ; CLK_50       ; CLK_50      ; 0.000        ; 0.000      ; 0.258      ; Fast 900mV 0C Model             ;
; 0.021 ; System|master_0|master_0|transacto|p2m|state.GET_SIZE2                                 ; System|master_0|master_0|transacto|p2m|state.GET_SIZE2                                 ; CLK_50       ; CLK_50      ; 0.000        ; 0.000      ; 0.257      ; Fast 900mV 0C Model             ;
; 0.021 ; System|master_0|master_0|transacto|p2m|state.GET_EXTRA                                 ; System|master_0|master_0|transacto|p2m|state.GET_EXTRA                                 ; CLK_50       ; CLK_50      ; 0.000        ; 0.000      ; 0.256      ; Fast 900mV 0C Model             ;
; 0.021 ; System|master_0|master_0|transacto|p2m|state.GET_ADDR4                                 ; System|master_0|master_0|transacto|p2m|state.GET_ADDR4                                 ; CLK_50       ; CLK_50      ; 0.000        ; 0.000      ; 0.257      ; Fast 900mV 0C Model             ;
+-------+----------------------------------------------------------------------------------------+----------------------------------------------------------------------------------------+--------------+-------------+--------------+------------+------------+---------------------------------+


Path #1: Hold slack is 0.015 
===============================================================================
+-----------------------------------------------------------------------------+
; Path Summary                                                                ;
+---------------------------------+-------------------------------------------+
; Property                        ; Value                                     ;
+---------------------------------+-------------------------------------------+
; From Node                       ; System|master_0|master_0|b2p|received_esc ;
; To Node                         ; System|master_0|master_0|b2p|received_esc ;
; Launch Clock                    ; CLK_50                                    ;
; Latch Clock                     ; CLK_50                                    ;
; SDC Exception                   ; No SDC Exception on Path                  ;
; Data Arrival Time               ; 2.701                                     ;
; Data Required Time              ; 2.686                                     ;
; Slack                           ; 0.015                                     ;
; Worst-Case Operating Conditions ; Fast 900mV 0C Model                       ;
+---------------------------------+-------------------------------------------+

+-----------------------------------------------------------------------------------+
; Statistics                                                                        ;
+------------------------+-------+-------+-------------+------------+-------+-------+
; Property               ; Value ; Count ; Total Delay ; % of Total ; Min   ; Max   ;
+------------------------+-------+-------+-------------+------------+-------+-------+
; Hold Relationship      ; 0.000 ;       ;             ;            ;       ;       ;
; Clock Skew             ; 0.000 ;       ;             ;            ;       ;       ;
; Data Delay             ; 0.267 ;       ;             ;            ;       ;       ;
; Number of Logic Levels ;       ; 1     ;             ;            ;       ;       ;
; Physical Delays        ;       ;       ;             ;            ;       ;       ;
;  Arrival Path          ;       ;       ;             ;            ;       ;       ;
;   Clock                ;       ;       ;             ;            ;       ;       ;
;    IC                  ;       ; 3     ; 1.883       ; 77         ; 0.000 ; 1.883 ;
;    Cell                ;       ; 4     ; 0.551       ; 23         ; 0.000 ; 0.261 ;
;   Data                 ;       ;       ;             ;            ;       ;       ;
;    Cell                ;       ; 4     ; 0.155       ; 58         ; 0.000 ; 0.155 ;
;    uTco                ;       ; 1     ; 0.112       ; 42         ; 0.112 ; 0.112 ;
;  Required Path         ;       ;       ;             ;            ;       ;       ;
;   Clock                ;       ;       ;             ;            ;       ;       ;
;    IC                  ;       ; 3     ; 2.050       ; 77         ; 0.000 ; 2.050 ;
;    Cell                ;       ; 4     ; 0.613       ; 23         ; 0.000 ; 0.277 ;
+------------------------+-------+-------+-------------+------------+-------+-------+
Note: Negative delays are omitted from totals when calculating percentages

+------------------------------------------------------------------------------------------------------------------------------------+
; Data Arrival Path                                                                                                                  ;
+---------+---------+----+--------+--------+----------------------+------------+-----------------------------------------------------+
; Total   ; Incr    ; RF ; Type   ; Fanout ; Location             ; HS/LP      ; Element                                             ;
+---------+---------+----+--------+--------+----------------------+------------+-----------------------------------------------------+
; 0.000   ; 0.000   ;    ;        ;        ;                      ;            ; launch edge time                                    ;
; 0.000   ; 0.000   ;    ; borrow ;        ;                      ;            ; time borrowed                                       ;
; 2.434   ; 2.434   ;    ;        ;        ;                      ;            ; clock path                                          ;
;   0.000 ;   0.000 ;    ;        ;        ;                      ;            ; source latency                                      ;
;   0.000 ;   0.000 ;    ;        ; 1      ; PIN_AM10             ;            ; CLK_50                                              ;
;   0.000 ;   0.000 ; RR ; IC     ; 1      ; IOIBUF_X148_Y16_N32  ;            ; CLK_50~input|i                                      ;
;   0.261 ;   0.261 ; RR ; CELL   ; 1      ; IOIBUF_X148_Y16_N32  ;            ; CLK_50~input|o                                      ;
;   0.322 ;   0.061 ; RR ; CELL   ; 1      ; IOIBUF_X148_Y16_N32  ;            ; CLK_50~input~io_48_lvds_tile_edge/ioclkin[0]        ;
;   0.322 ;   0.000 ; RR ; IC     ; 2      ; CLKCTRL_3A_G_I20     ;            ; CLK_50~inputCLKENA0|inclk                           ;
;   0.551 ;   0.229 ; RR ; CELL   ; 178801 ; CLKCTRL_3A_G_I20     ;            ; CLK_50~inputCLKENA0|outclk                          ;
;   2.434 ;   1.883 ; RR ; IC     ; 1      ; FF_X68_Y110_N7       ; High Speed ; System|master_0|master_0|b2p|received_esc|clk       ;
;   2.434 ;   0.000 ; RR ; CELL   ; 1      ; FF_X68_Y110_N7       ; High Speed ; System|master_0|master_0|b2p|received_esc           ;
; 2.701   ; 0.267   ;    ;        ;        ;                      ;            ; data path                                           ;
;   2.546 ;   0.112 ; FF ; uTco   ; 2      ; FF_X68_Y110_N7       ;            ; System|master_0|master_0|b2p|received_esc|q         ;
;   2.546 ;   0.000 ; FF ; CELL   ; 1      ; MLABCELL_X68_Y110_N6 ; High Speed ; System|master_0|master_0|b2p|received_esc~0|datad   ;
;   2.701 ;   0.155 ; FF ; CELL   ; 1      ; MLABCELL_X68_Y110_N6 ; High Speed ; System|master_0|master_0|b2p|received_esc~0|combout ;
;   2.701 ;   0.000 ; FF ; CELL   ; 1      ; FF_X68_Y110_N7       ; High Speed ; System|master_0|master_0|b2p|received_esc|d         ;
;   2.701 ;   0.000 ; FF ; CELL   ; 1      ; FF_X68_Y110_N7       ; High Speed ; System|master_0|master_0|b2p|received_esc           ;
+---------+---------+----+--------+--------+----------------------+------------+-----------------------------------------------------+

+------------------------------------------------------------------------------------------------------------------------------+
; Data Required Path                                                                                                           ;
+---------+----------+----+--------+--------+---------------------+------------+-----------------------------------------------+
; Total   ; Incr     ; RF ; Type   ; Fanout ; Location            ; HS/LP      ; Element                                       ;
+---------+----------+----+--------+--------+---------------------+------------+-----------------------------------------------+
; 0.000   ; 0.000    ;    ;        ;        ;                     ;            ; latch edge time                               ;
; 0.000   ; 0.000    ;    ; borrow ;        ;                     ;            ; time borrowed                                 ;
; 2.434   ; 2.434    ;    ;        ;        ;                     ;            ; clock path                                    ;
;   0.000 ;   0.000  ;    ;        ;        ;                     ;            ; source latency                                ;
;   0.000 ;   0.000  ;    ;        ; 1      ; PIN_AM10            ;            ; CLK_50                                        ;
;   0.000 ;   0.000  ; RR ; IC     ; 1      ; IOIBUF_X148_Y16_N32 ;            ; CLK_50~input|i                                ;
;   0.261 ;   0.261  ; RR ; CELL   ; 1      ; IOIBUF_X148_Y16_N32 ;            ; CLK_50~input|o                                ;
;   0.336 ;   0.075  ; RR ; CELL   ; 1      ; IOIBUF_X148_Y16_N32 ;            ; CLK_50~input~io_48_lvds_tile_edge/ioclkin[0]  ;
;   0.336 ;   0.000  ; RR ; IC     ; 2      ; CLKCTRL_3A_G_I20    ;            ; CLK_50~inputCLKENA0|inclk                     ;
;   0.613 ;   0.277  ; RR ; CELL   ; 178801 ; CLKCTRL_3A_G_I20    ;            ; CLK_50~inputCLKENA0|outclk                    ;
;   2.663 ;   2.050  ; RR ; IC     ; 1      ; FF_X68_Y110_N7      ; High Speed ; System|master_0|master_0|b2p|received_esc|clk ;
;   2.663 ;   0.000  ; RR ; CELL   ; 1      ; FF_X68_Y110_N7      ; High Speed ; System|master_0|master_0|b2p|received_esc     ;
;   2.434 ;   -0.229 ;    ;        ;        ;                     ;            ; clock pessimism removed                       ;
; 2.434   ; 0.000    ;    ;        ;        ;                     ;            ; clock uncertainty                             ;
; 2.686   ; 0.252    ;    ; uTh    ; 1      ; FF_X68_Y110_N7      ;            ; System|master_0|master_0|b2p|received_esc     ;
+---------+----------+----+--------+--------+---------------------+------------+-----------------------------------------------+



Path #2: Hold slack is 0.017 
===============================================================================
+----------------------------------------------------------------------------------------------------------------+
; Path Summary                                                                                                   ;
+---------------------------------+------------------------------------------------------------------------------+
; Property                        ; Value                                                                        ;
+---------------------------------+------------------------------------------------------------------------------+
; From Node                       ; System|npu_system_0|npu_system_22|NPU_CORE_INT8|control_unit_inst|run_enable ;
; To Node                         ; System|npu_system_0|npu_system_22|NPU_CORE_INT8|control_unit_inst|run_enable ;
; Launch Clock                    ; CLK_50                                                                       ;
; Latch Clock                     ; CLK_50                                                                       ;
; SDC Exception                   ; No SDC Exception on Path                                                     ;
; Data Arrival Time               ; 2.695                                                                        ;
; Data Required Time              ; 2.678                                                                        ;
; Slack                           ; 0.017                                                                        ;
; Worst-Case Operating Conditions ; Fast 900mV 0C Model                                                          ;
+---------------------------------+------------------------------------------------------------------------------+

+-----------------------------------------------------------------------------------+
; Statistics                                                                        ;
+------------------------+-------+-------+-------------+------------+-------+-------+
; Property               ; Value ; Count ; Total Delay ; % of Total ; Min   ; Max   ;
+------------------------+-------+-------+-------------+------------+-------+-------+
; Hold Relationship      ; 0.000 ;       ;             ;            ;       ;       ;
; Clock Skew             ; 0.000 ;       ;             ;            ;       ;       ;
; Data Delay             ; 0.281 ;       ;             ;            ;       ;       ;
; Number of Logic Levels ;       ; 1     ;             ;            ;       ;       ;
; Physical Delays        ;       ;       ;             ;            ;       ;       ;
;  Arrival Path          ;       ;       ;             ;            ;       ;       ;
;   Clock                ;       ;       ;             ;            ;       ;       ;
;    IC                  ;       ; 3     ; 1.863       ; 77         ; 0.000 ; 1.863 ;
;    Cell                ;       ; 4     ; 0.551       ; 23         ; 0.000 ; 0.261 ;
;   Data                 ;       ;       ;             ;            ;       ;       ;
;    Cell                ;       ; 4     ; 0.163       ; 58         ; 0.000 ; 0.163 ;
;    uTco                ;       ; 1     ; 0.118       ; 42         ; 0.118 ; 0.118 ;
;  Required Path         ;       ;       ;             ;            ;       ;       ;
;   Clock                ;       ;       ;             ;            ;       ;       ;
;    IC                  ;       ; 3     ; 2.029       ; 77         ; 0.000 ; 2.029 ;
;    Cell                ;       ; 4     ; 0.613       ; 23         ; 0.000 ; 0.277 ;
+------------------------+-------+-------+-------------+------------+-------+-------+
Note: Negative delays are omitted from totals when calculating percentages

+-----------------------------------------------------------------------------------------------------------------------------------------------------------------+
; Data Arrival Path                                                                                                                                               ;
+---------+---------+----+--------+--------+-----------------------+-----------+----------------------------------------------------------------------------------+
; Total   ; Incr    ; RF ; Type   ; Fanout ; Location              ; HS/LP     ; Element                                                                          ;
+---------+---------+----+--------+--------+-----------------------+-----------+----------------------------------------------------------------------------------+
; 0.000   ; 0.000   ;    ;        ;        ;                       ;           ; launch edge time                                                                 ;
; 0.000   ; 0.000   ;    ; borrow ;        ;                       ;           ; time borrowed                                                                    ;
; 2.414   ; 2.414   ;    ;        ;        ;                       ;           ; clock path                                                                       ;
;   0.000 ;   0.000 ;    ;        ;        ;                       ;           ; source latency                                                                   ;
;   0.000 ;   0.000 ;    ;        ; 1      ; PIN_AM10              ;           ; CLK_50                                                                           ;
;   0.000 ;   0.000 ; RR ; IC     ; 1      ; IOIBUF_X148_Y16_N32   ;           ; CLK_50~input|i                                                                   ;
;   0.261 ;   0.261 ; RR ; CELL   ; 1      ; IOIBUF_X148_Y16_N32   ;           ; CLK_50~input|o                                                                   ;
;   0.322 ;   0.061 ; RR ; CELL   ; 1      ; IOIBUF_X148_Y16_N32   ;           ; CLK_50~input~io_48_lvds_tile_edge/ioclkin[0]                                     ;
;   0.322 ;   0.000 ; RR ; IC     ; 2      ; CLKCTRL_3A_G_I20      ;           ; CLK_50~inputCLKENA0|inclk                                                        ;
;   0.551 ;   0.229 ; RR ; CELL   ; 178801 ; CLKCTRL_3A_G_I20      ;           ; CLK_50~inputCLKENA0|outclk                                                       ;
;   2.414 ;   1.863 ; RR ; IC     ; 1      ; FF_X11_Y120_N13       ; Low Power ; System|npu_system_0|npu_system_22|NPU_CORE_INT8|control_unit_inst|run_enable|clk ;
;   2.414 ;   0.000 ; RR ; CELL   ; 1      ; FF_X11_Y120_N13       ; Low Power ; System|npu_system_0|npu_system_22|NPU_CORE_INT8|control_unit_inst|run_enable     ;
; 2.695   ; 0.281   ;    ;        ;        ;                       ;           ; data path                                                                        ;
;   2.532 ;   0.118 ; FF ; uTco   ; 2      ; FF_X11_Y120_N13       ;           ; System|npu_system_0|npu_system_22|NPU_CORE_INT8|control_unit_inst|run_enable|q   ;
;   2.532 ;   0.000 ; FF ; CELL   ; 1      ; MLABCELL_X11_Y120_N12 ; Low Power ; System|npu_system_0|npu_system_22|NPU_CORE_INT8|control_unit_inst|i111~0|datad   ;
;   2.695 ;   0.163 ; FF ; CELL   ; 1      ; MLABCELL_X11_Y120_N12 ; Low Power ; System|npu_system_0|npu_system_22|NPU_CORE_INT8|control_unit_inst|i111~0|combout ;
;   2.695 ;   0.000 ; FF ; CELL   ; 1      ; FF_X11_Y120_N13       ; Low Power ; System|npu_system_0|npu_system_22|NPU_CORE_INT8|control_unit_inst|run_enable|d   ;
;   2.695 ;   0.000 ; FF ; CELL   ; 1      ; FF_X11_Y120_N13       ; Low Power ; System|npu_system_0|npu_system_22|NPU_CORE_INT8|control_unit_inst|run_enable     ;
+---------+---------+----+--------+--------+-----------------------+-----------+----------------------------------------------------------------------------------+

+----------------------------------------------------------------------------------------------------------------------------------------------------------------+
; Data Required Path                                                                                                                                             ;
+---------+----------+----+--------+--------+---------------------+-----------+----------------------------------------------------------------------------------+
; Total   ; Incr     ; RF ; Type   ; Fanout ; Location            ; HS/LP     ; Element                                                                          ;
+---------+----------+----+--------+--------+---------------------+-----------+----------------------------------------------------------------------------------+
; 0.000   ; 0.000    ;    ;        ;        ;                     ;           ; latch edge time                                                                  ;
; 0.000   ; 0.000    ;    ; borrow ;        ;                     ;           ; time borrowed                                                                    ;
; 2.414   ; 2.414    ;    ;        ;        ;                     ;           ; clock path                                                                       ;
;   0.000 ;   0.000  ;    ;        ;        ;                     ;           ; source latency                                                                   ;
;   0.000 ;   0.000  ;    ;        ; 1      ; PIN_AM10            ;           ; CLK_50                                                                           ;
;   0.000 ;   0.000  ; RR ; IC     ; 1      ; IOIBUF_X148_Y16_N32 ;           ; CLK_50~input|i                                                                   ;
;   0.261 ;   0.261  ; RR ; CELL   ; 1      ; IOIBUF_X148_Y16_N32 ;           ; CLK_50~input|o                                                                   ;
;   0.336 ;   0.075  ; RR ; CELL   ; 1      ; IOIBUF_X148_Y16_N32 ;           ; CLK_50~input~io_48_lvds_tile_edge/ioclkin[0]                                     ;
;   0.336 ;   0.000  ; RR ; IC     ; 2      ; CLKCTRL_3A_G_I20    ;           ; CLK_50~inputCLKENA0|inclk                                                        ;
;   0.613 ;   0.277  ; RR ; CELL   ; 178801 ; CLKCTRL_3A_G_I20    ;           ; CLK_50~inputCLKENA0|outclk                                                       ;
;   2.642 ;   2.029  ; RR ; IC     ; 1      ; FF_X11_Y120_N13     ; Low Power ; System|npu_system_0|npu_system_22|NPU_CORE_INT8|control_unit_inst|run_enable|clk ;
;   2.642 ;   0.000  ; RR ; CELL   ; 1      ; FF_X11_Y120_N13     ; Low Power ; System|npu_system_0|npu_system_22|NPU_CORE_INT8|control_unit_inst|run_enable     ;
;   2.414 ;   -0.228 ;    ;        ;        ;                     ;           ; clock pessimism removed                                                          ;
; 2.414   ; 0.000    ;    ;        ;        ;                     ;           ; clock uncertainty                                                                ;
; 2.678   ; 0.264    ;    ; uTh    ; 1      ; FF_X11_Y120_N13     ;           ; System|npu_system_0|npu_system_22|NPU_CORE_INT8|control_unit_inst|run_enable     ;
+---------+----------+----+--------+--------+---------------------+-----------+----------------------------------------------------------------------------------+



Path #3: Hold slack is 0.020 
===============================================================================
+----------------------------------------------------------------------------------------------------+
; Path Summary                                                                                       ;
+---------------------------------+------------------------------------------------------------------+
; Property                        ; Value                                                            ;
+---------------------------------+------------------------------------------------------------------+
; From Node                       ; System|master_0|master_0|transacto|p2m|state.GET_ADDR4           ;
; To Node                         ; System|master_0|master_0|transacto|p2m|state.GET_ADDR4~DUPLICATE ;
; Launch Clock                    ; CLK_50                                                           ;
; Latch Clock                     ; CLK_50                                                           ;
; SDC Exception                   ; No SDC Exception on Path                                         ;
; Data Arrival Time               ; 2.666                                                            ;
; Data Required Time              ; 2.646                                                            ;
; Slack                           ; 0.020                                                            ;
; Worst-Case Operating Conditions ; Fast 900mV 0C Model                                              ;
+---------------------------------+------------------------------------------------------------------+

+-----------------------------------------------------------------------------------+
; Statistics                                                                        ;
+------------------------+-------+-------+-------------+------------+-------+-------+
; Property               ; Value ; Count ; Total Delay ; % of Total ; Min   ; Max   ;
+------------------------+-------+-------+-------------+------------+-------+-------+
; Hold Relationship      ; 0.000 ;       ;             ;            ;       ;       ;
; Clock Skew             ; 0.000 ;       ;             ;            ;       ;       ;
; Data Delay             ; 0.257 ;       ;             ;            ;       ;       ;
; Number of Logic Levels ;       ; 1     ;             ;            ;       ;       ;
; Physical Delays        ;       ;       ;             ;            ;       ;       ;
;  Arrival Path          ;       ;       ;             ;            ;       ;       ;
;   Clock                ;       ;       ;             ;            ;       ;       ;
;    IC                  ;       ; 3     ; 1.858       ; 77         ; 0.000 ; 1.858 ;
;    Cell                ;       ; 4     ; 0.551       ; 23         ; 0.000 ; 0.261 ;
;   Data                 ;       ;       ;             ;            ;       ;       ;
;    Cell                ;       ; 4     ; 0.157       ; 61         ; 0.000 ; 0.157 ;
;    uTco                ;       ; 1     ; 0.100       ; 39         ; 0.100 ; 0.100 ;
;  Required Path         ;       ;       ;             ;            ;       ;       ;
;   Clock                ;       ;       ;             ;            ;       ;       ;
;    IC                  ;       ; 3     ; 2.023       ; 77         ; 0.000 ; 2.023 ;
;    Cell                ;       ; 4     ; 0.613       ; 23         ; 0.000 ; 0.277 ;
+------------------------+-------+-------+-------------+------------+-------+-------+
Note: Negative delays are omitted from totals when calculating percentages

+---------------------------------------------------------------------------------------------------------------------------------------------------+
; Data Arrival Path                                                                                                                                 ;
+---------+---------+----+--------+--------+----------------------+------------+--------------------------------------------------------------------+
; Total   ; Incr    ; RF ; Type   ; Fanout ; Location             ; HS/LP      ; Element                                                            ;
+---------+---------+----+--------+--------+----------------------+------------+--------------------------------------------------------------------+
; 0.000   ; 0.000   ;    ;        ;        ;                      ;            ; launch edge time                                                   ;
; 0.000   ; 0.000   ;    ; borrow ;        ;                      ;            ; time borrowed                                                      ;
; 2.409   ; 2.409   ;    ;        ;        ;                      ;            ; clock path                                                         ;
;   0.000 ;   0.000 ;    ;        ;        ;                      ;            ; source latency                                                     ;
;   0.000 ;   0.000 ;    ;        ; 1      ; PIN_AM10             ;            ; CLK_50                                                             ;
;   0.000 ;   0.000 ; RR ; IC     ; 1      ; IOIBUF_X148_Y16_N32  ;            ; CLK_50~input|i                                                     ;
;   0.261 ;   0.261 ; RR ; CELL   ; 1      ; IOIBUF_X148_Y16_N32  ;            ; CLK_50~input|o                                                     ;
;   0.322 ;   0.061 ; RR ; CELL   ; 1      ; IOIBUF_X148_Y16_N32  ;            ; CLK_50~input~io_48_lvds_tile_edge/ioclkin[0]                       ;
;   0.322 ;   0.000 ; RR ; IC     ; 2      ; CLKCTRL_3A_G_I20     ;            ; CLK_50~inputCLKENA0|inclk                                          ;
;   0.551 ;   0.229 ; RR ; CELL   ; 178801 ; CLKCTRL_3A_G_I20     ;            ; CLK_50~inputCLKENA0|outclk                                         ;
;   2.409 ;   1.858 ; RR ; IC     ; 1      ; FF_X53_Y113_N59      ; High Speed ; System|master_0|master_0|transacto|p2m|state.GET_ADDR4|clk         ;
;   2.409 ;   0.000 ; RR ; CELL   ; 1      ; FF_X53_Y113_N59      ; High Speed ; System|master_0|master_0|transacto|p2m|state.GET_ADDR4             ;
; 2.666   ; 0.257   ;    ;        ;        ;                      ;            ; data path                                                          ;
;   2.509 ;   0.100 ; FF ; uTco   ; 2      ; FF_X53_Y113_N59      ;            ; System|master_0|master_0|transacto|p2m|state.GET_ADDR4|q           ;
;   2.509 ;   0.000 ; FF ; CELL   ; 1      ; LABCELL_X53_Y113_N57 ; High Speed ; System|master_0|master_0|transacto|p2m|i776~0|datad                ;
;   2.666 ;   0.157 ; FF ; CELL   ; 2      ; LABCELL_X53_Y113_N57 ; High Speed ; System|master_0|master_0|transacto|p2m|i776~0|combout              ;
;   2.666 ;   0.000 ; FF ; CELL   ; 1      ; FF_X53_Y113_N58      ; High Speed ; System|master_0|master_0|transacto|p2m|state.GET_ADDR4~DUPLICATE|d ;
;   2.666 ;   0.000 ; FF ; CELL   ; 1      ; FF_X53_Y113_N58      ; High Speed ; System|master_0|master_0|transacto|p2m|state.GET_ADDR4~DUPLICATE   ;
+---------+---------+----+--------+--------+----------------------+------------+--------------------------------------------------------------------+

+-----------------------------------------------------------------------------------------------------------------------------------------------------+
; Data Required Path                                                                                                                                  ;
+---------+----------+----+--------+--------+---------------------+------------+----------------------------------------------------------------------+
; Total   ; Incr     ; RF ; Type   ; Fanout ; Location            ; HS/LP      ; Element                                                              ;
+---------+----------+----+--------+--------+---------------------+------------+----------------------------------------------------------------------+
; 0.000   ; 0.000    ;    ;        ;        ;                     ;            ; latch edge time                                                      ;
; 0.000   ; 0.000    ;    ; borrow ;        ;                     ;            ; time borrowed                                                        ;
; 2.409   ; 2.409    ;    ;        ;        ;                     ;            ; clock path                                                           ;
;   0.000 ;   0.000  ;    ;        ;        ;                     ;            ; source latency                                                       ;
;   0.000 ;   0.000  ;    ;        ; 1      ; PIN_AM10            ;            ; CLK_50                                                               ;
;   0.000 ;   0.000  ; RR ; IC     ; 1      ; IOIBUF_X148_Y16_N32 ;            ; CLK_50~input|i                                                       ;
;   0.261 ;   0.261  ; RR ; CELL   ; 1      ; IOIBUF_X148_Y16_N32 ;            ; CLK_50~input|o                                                       ;
;   0.336 ;   0.075  ; RR ; CELL   ; 1      ; IOIBUF_X148_Y16_N32 ;            ; CLK_50~input~io_48_lvds_tile_edge/ioclkin[0]                         ;
;   0.336 ;   0.000  ; RR ; IC     ; 2      ; CLKCTRL_3A_G_I20    ;            ; CLK_50~inputCLKENA0|inclk                                            ;
;   0.613 ;   0.277  ; RR ; CELL   ; 178801 ; CLKCTRL_3A_G_I20    ;            ; CLK_50~inputCLKENA0|outclk                                           ;
;   2.636 ;   2.023  ; RR ; IC     ; 1      ; FF_X53_Y113_N58     ; High Speed ; System|master_0|master_0|transacto|p2m|state.GET_ADDR4~DUPLICATE|clk ;
;   2.636 ;   0.000  ; RR ; CELL   ; 1      ; FF_X53_Y113_N58     ; High Speed ; System|master_0|master_0|transacto|p2m|state.GET_ADDR4~DUPLICATE     ;
;   2.409 ;   -0.227 ;    ;        ;        ;                     ;            ; clock pessimism removed                                              ;
; 2.409   ; 0.000    ;    ;        ;        ;                     ;            ; clock uncertainty                                                    ;
; 2.646   ; 0.237    ;    ; uTh    ; 1      ; FF_X53_Y113_N58     ;            ; System|master_0|master_0|transacto|p2m|state.GET_ADDR4~DUPLICATE     ;
+---------+----------+----+--------+--------+---------------------+------------+----------------------------------------------------------------------+



Path #4: Hold slack is 0.020 
===============================================================================
+-----------------------------------------------------------------------------------------------+
; Path Summary                                                                                  ;
+---------------------------------+-------------------------------------------------------------+
; Property                        ; Value                                                       ;
+---------------------------------+-------------------------------------------------------------+
; From Node                       ; System|master_0|master_0|transacto|p2m|last_trans           ;
; To Node                         ; System|master_0|master_0|transacto|p2m|last_trans~DUPLICATE ;
; Launch Clock                    ; CLK_50                                                      ;
; Latch Clock                     ; CLK_50                                                      ;
; SDC Exception                   ; No SDC Exception on Path                                    ;
; Data Arrival Time               ; 2.669                                                       ;
; Data Required Time              ; 2.649                                                       ;
; Slack                           ; 0.020                                                       ;
; Worst-Case Operating Conditions ; Fast 900mV 0C Model                                         ;
+---------------------------------+-------------------------------------------------------------+

+-----------------------------------------------------------------------------------+
; Statistics                                                                        ;
+------------------------+-------+-------+-------------+------------+-------+-------+
; Property               ; Value ; Count ; Total Delay ; % of Total ; Min   ; Max   ;
+------------------------+-------+-------+-------------+------------+-------+-------+
; Hold Relationship      ; 0.000 ;       ;             ;            ;       ;       ;
; Clock Skew             ; 0.001 ;       ;             ;            ;       ;       ;
; Data Delay             ; 0.258 ;       ;             ;            ;       ;       ;
; Number of Logic Levels ;       ; 1     ;             ;            ;       ;       ;
; Physical Delays        ;       ;       ;             ;            ;       ;       ;
;  Arrival Path          ;       ;       ;             ;            ;       ;       ;
;   Clock                ;       ;       ;             ;            ;       ;       ;
;    IC                  ;       ; 3     ; 1.860       ; 77         ; 0.000 ; 1.860 ;
;    Cell                ;       ; 4     ; 0.551       ; 23         ; 0.000 ; 0.261 ;
;   Data                 ;       ;       ;             ;            ;       ;       ;
;    Cell                ;       ; 4     ; 0.157       ; 61         ; 0.000 ; 0.157 ;
;    uTco                ;       ; 1     ; 0.101       ; 39         ; 0.101 ; 0.101 ;
;  Required Path         ;       ;       ;             ;            ;       ;       ;
;   Clock                ;       ;       ;             ;            ;       ;       ;
;    IC                  ;       ; 3     ; 2.026       ; 77         ; 0.000 ; 2.026 ;
;    Cell                ;       ; 4     ; 0.613       ; 23         ; 0.000 ; 0.277 ;
+------------------------+-------+-------+-------------+------------+-------+-------+
Note: Negative delays are omitted from totals when calculating percentages

+----------------------------------------------------------------------------------------------------------------------------------------------+
; Data Arrival Path                                                                                                                            ;
+---------+---------+----+--------+--------+----------------------+------------+---------------------------------------------------------------+
; Total   ; Incr    ; RF ; Type   ; Fanout ; Location             ; HS/LP      ; Element                                                       ;
+---------+---------+----+--------+--------+----------------------+------------+---------------------------------------------------------------+
; 0.000   ; 0.000   ;    ;        ;        ;                      ;            ; launch edge time                                              ;
; 0.000   ; 0.000   ;    ; borrow ;        ;                      ;            ; time borrowed                                                 ;
; 2.411   ; 2.411   ;    ;        ;        ;                      ;            ; clock path                                                    ;
;   0.000 ;   0.000 ;    ;        ;        ;                      ;            ; source latency                                                ;
;   0.000 ;   0.000 ;    ;        ; 1      ; PIN_AM10             ;            ; CLK_50                                                        ;
;   0.000 ;   0.000 ; RR ; IC     ; 1      ; IOIBUF_X148_Y16_N32  ;            ; CLK_50~input|i                                                ;
;   0.261 ;   0.261 ; RR ; CELL   ; 1      ; IOIBUF_X148_Y16_N32  ;            ; CLK_50~input|o                                                ;
;   0.322 ;   0.061 ; RR ; CELL   ; 1      ; IOIBUF_X148_Y16_N32  ;            ; CLK_50~input~io_48_lvds_tile_edge/ioclkin[0]                  ;
;   0.322 ;   0.000 ; RR ; IC     ; 2      ; CLKCTRL_3A_G_I20     ;            ; CLK_50~inputCLKENA0|inclk                                     ;
;   0.551 ;   0.229 ; RR ; CELL   ; 178801 ; CLKCTRL_3A_G_I20     ;            ; CLK_50~inputCLKENA0|outclk                                    ;
;   2.411 ;   1.860 ; RR ; IC     ; 1      ; FF_X54_Y109_N17      ; High Speed ; System|master_0|master_0|transacto|p2m|last_trans|clk         ;
;   2.411 ;   0.000 ; RR ; CELL   ; 1      ; FF_X54_Y109_N17      ; High Speed ; System|master_0|master_0|transacto|p2m|last_trans             ;
; 2.669   ; 0.258   ;    ;        ;        ;                      ;            ; data path                                                     ;
;   2.512 ;   0.101 ; FF ; uTco   ; 2      ; FF_X54_Y109_N17      ;            ; System|master_0|master_0|transacto|p2m|last_trans|q           ;
;   2.512 ;   0.000 ; FF ; CELL   ; 1      ; LABCELL_X54_Y109_N15 ; High Speed ; System|master_0|master_0|transacto|p2m|Select_39~0|datad      ;
;   2.669 ;   0.157 ; FF ; CELL   ; 2      ; LABCELL_X54_Y109_N15 ; High Speed ; System|master_0|master_0|transacto|p2m|Select_39~0|combout    ;
;   2.669 ;   0.000 ; FF ; CELL   ; 1      ; FF_X54_Y109_N16      ; High Speed ; System|master_0|master_0|transacto|p2m|last_trans~DUPLICATE|d ;
;   2.669 ;   0.000 ; FF ; CELL   ; 1      ; FF_X54_Y109_N16      ; High Speed ; System|master_0|master_0|transacto|p2m|last_trans~DUPLICATE   ;
+---------+---------+----+--------+--------+----------------------+------------+---------------------------------------------------------------+

+------------------------------------------------------------------------------------------------------------------------------------------------+
; Data Required Path                                                                                                                             ;
+---------+----------+----+--------+--------+---------------------+------------+-----------------------------------------------------------------+
; Total   ; Incr     ; RF ; Type   ; Fanout ; Location            ; HS/LP      ; Element                                                         ;
+---------+----------+----+--------+--------+---------------------+------------+-----------------------------------------------------------------+
; 0.000   ; 0.000    ;    ;        ;        ;                     ;            ; latch edge time                                                 ;
; 0.000   ; 0.000    ;    ; borrow ;        ;                     ;            ; time borrowed                                                   ;
; 2.412   ; 2.412    ;    ;        ;        ;                     ;            ; clock path                                                      ;
;   0.000 ;   0.000  ;    ;        ;        ;                     ;            ; source latency                                                  ;
;   0.000 ;   0.000  ;    ;        ; 1      ; PIN_AM10            ;            ; CLK_50                                                          ;
;   0.000 ;   0.000  ; RR ; IC     ; 1      ; IOIBUF_X148_Y16_N32 ;            ; CLK_50~input|i                                                  ;
;   0.261 ;   0.261  ; RR ; CELL   ; 1      ; IOIBUF_X148_Y16_N32 ;            ; CLK_50~input|o                                                  ;
;   0.336 ;   0.075  ; RR ; CELL   ; 1      ; IOIBUF_X148_Y16_N32 ;            ; CLK_50~input~io_48_lvds_tile_edge/ioclkin[0]                    ;
;   0.336 ;   0.000  ; RR ; IC     ; 2      ; CLKCTRL_3A_G_I20    ;            ; CLK_50~inputCLKENA0|inclk                                       ;
;   0.613 ;   0.277  ; RR ; CELL   ; 178801 ; CLKCTRL_3A_G_I20    ;            ; CLK_50~inputCLKENA0|outclk                                      ;
;   2.639 ;   2.026  ; RR ; IC     ; 1      ; FF_X54_Y109_N16     ; High Speed ; System|master_0|master_0|transacto|p2m|last_trans~DUPLICATE|clk ;
;   2.639 ;   0.000  ; RR ; CELL   ; 1      ; FF_X54_Y109_N16     ; High Speed ; System|master_0|master_0|transacto|p2m|last_trans~DUPLICATE     ;
;   2.412 ;   -0.227 ;    ;        ;        ;                     ;            ; clock pessimism removed                                         ;
; 2.412   ; 0.000    ;    ;        ;        ;                     ;            ; clock uncertainty                                               ;
; 2.649   ; 0.237    ;    ; uTh    ; 1      ; FF_X54_Y109_N16     ;            ; System|master_0|master_0|transacto|p2m|last_trans~DUPLICATE     ;
+---------+----------+----+--------+--------+---------------------+------------+-----------------------------------------------------------------+



Path #5: Hold slack is 0.020 
===============================================================================
+--------------------------------------------------------------------------------------------------------------------------+
; Path Summary                                                                                                             ;
+---------------------------------+----------------------------------------------------------------------------------------+
; Property                        ; Value                                                                                  ;
+---------------------------------+----------------------------------------------------------------------------------------+
; From Node                       ; System|npu_system_0|npu_system_22|NPU_CORE_INT16_16x16|control_unit|completed_internal ;
; To Node                         ; System|npu_system_0|npu_system_22|NPU_CORE_INT16_16x16|control_unit|completed_internal ;
; Launch Clock                    ; CLK_50                                                                                 ;
; Latch Clock                     ; CLK_50                                                                                 ;
; SDC Exception                   ; No SDC Exception on Path                                                               ;
; Data Arrival Time               ; 2.662                                                                                  ;
; Data Required Time              ; 2.642                                                                                  ;
; Slack                           ; 0.020                                                                                  ;
; Worst-Case Operating Conditions ; Fast 900mV 0C Model                                                                    ;
+---------------------------------+----------------------------------------------------------------------------------------+

+-----------------------------------------------------------------------------------+
; Statistics                                                                        ;
+------------------------+-------+-------+-------------+------------+-------+-------+
; Property               ; Value ; Count ; Total Delay ; % of Total ; Min   ; Max   ;
+------------------------+-------+-------+-------------+------------+-------+-------+
; Hold Relationship      ; 0.000 ;       ;             ;            ;       ;       ;
; Clock Skew             ; 0.000 ;       ;             ;            ;       ;       ;
; Data Delay             ; 0.254 ;       ;             ;            ;       ;       ;
; Number of Logic Levels ;       ; 1     ;             ;            ;       ;       ;
; Physical Delays        ;       ;       ;             ;            ;       ;       ;
;  Arrival Path          ;       ;       ;             ;            ;       ;       ;
;   Clock                ;       ;       ;             ;            ;       ;       ;
;    IC                  ;       ; 3     ; 1.857       ; 77         ; 0.000 ; 1.857 ;
;    Cell                ;       ; 4     ; 0.551       ; 23         ; 0.000 ; 0.261 ;
;   Data                 ;       ;       ;             ;            ;       ;       ;
;    Cell                ;       ; 4     ; 0.155       ; 61         ; 0.000 ; 0.155 ;
;    uTco                ;       ; 1     ; 0.099       ; 39         ; 0.099 ; 0.099 ;
;  Required Path         ;       ;       ;             ;            ;       ;       ;
;   Clock                ;       ;       ;             ;            ;       ;       ;
;    IC                  ;       ; 3     ; 2.022       ; 77         ; 0.000 ; 2.022 ;
;    Cell                ;       ; 4     ; 0.613       ; 23         ; 0.000 ; 0.277 ;
+------------------------+-------+-------+-------------+------------+-------+-------+
Note: Negative delays are omitted from totals when calculating percentages

+----------------------------------------------------------------------------------------------------------------------------------------------------------------------------------+
; Data Arrival Path                                                                                                                                                                ;
+---------+---------+----+--------+--------+-----------------------+------------+--------------------------------------------------------------------------------------------------+
; Total   ; Incr    ; RF ; Type   ; Fanout ; Location              ; HS/LP      ; Element                                                                                          ;
+---------+---------+----+--------+--------+-----------------------+------------+--------------------------------------------------------------------------------------------------+
; 0.000   ; 0.000   ;    ;        ;        ;                       ;            ; launch edge time                                                                                 ;
; 0.000   ; 0.000   ;    ; borrow ;        ;                       ;            ; time borrowed                                                                                    ;
; 2.408   ; 2.408   ;    ;        ;        ;                       ;            ; clock path                                                                                       ;
;   0.000 ;   0.000 ;    ;        ;        ;                       ;            ; source latency                                                                                   ;
;   0.000 ;   0.000 ;    ;        ; 1      ; PIN_AM10              ;            ; CLK_50                                                                                           ;
;   0.000 ;   0.000 ; RR ; IC     ; 1      ; IOIBUF_X148_Y16_N32   ;            ; CLK_50~input|i                                                                                   ;
;   0.261 ;   0.261 ; RR ; CELL   ; 1      ; IOIBUF_X148_Y16_N32   ;            ; CLK_50~input|o                                                                                   ;
;   0.322 ;   0.061 ; RR ; CELL   ; 1      ; IOIBUF_X148_Y16_N32   ;            ; CLK_50~input~io_48_lvds_tile_edge/ioclkin[0]                                                     ;
;   0.322 ;   0.000 ; RR ; IC     ; 2      ; CLKCTRL_3A_G_I20      ;            ; CLK_50~inputCLKENA0|inclk                                                                        ;
;   0.551 ;   0.229 ; RR ; CELL   ; 178801 ; CLKCTRL_3A_G_I20      ;            ; CLK_50~inputCLKENA0|outclk                                                                       ;
;   2.408 ;   1.857 ; RR ; IC     ; 1      ; FF_X22_Y121_N49       ; High Speed ; System|npu_system_0|npu_system_22|NPU_CORE_INT16_16x16|control_unit|completed_internal|clk       ;
;   2.408 ;   0.000 ; RR ; CELL   ; 1      ; FF_X22_Y121_N49       ; High Speed ; System|npu_system_0|npu_system_22|NPU_CORE_INT16_16x16|control_unit|completed_internal           ;
; 2.662   ; 0.254   ;    ;        ;        ;                       ;            ; data path                                                                                        ;
;   2.507 ;   0.099 ; FF ; uTco   ; 2      ; FF_X22_Y121_N49       ;            ; System|npu_system_0|npu_system_22|NPU_CORE_INT16_16x16|control_unit|completed_internal|q         ;
;   2.507 ;   0.000 ; FF ; CELL   ; 1      ; MLABCELL_X22_Y121_N48 ; High Speed ; System|npu_system_0|npu_system_22|NPU_CORE_INT16_16x16|control_unit|completed_internal~0|datad   ;
;   2.662 ;   0.155 ; FF ; CELL   ; 1      ; MLABCELL_X22_Y121_N48 ; High Speed ; System|npu_system_0|npu_system_22|NPU_CORE_INT16_16x16|control_unit|completed_internal~0|combout ;
;   2.662 ;   0.000 ; FF ; CELL   ; 1      ; FF_X22_Y121_N49       ; High Speed ; System|npu_system_0|npu_system_22|NPU_CORE_INT16_16x16|control_unit|completed_internal|d         ;
;   2.662 ;   0.000 ; FF ; CELL   ; 1      ; FF_X22_Y121_N49       ; High Speed ; System|npu_system_0|npu_system_22|NPU_CORE_INT16_16x16|control_unit|completed_internal           ;
+---------+---------+----+--------+--------+-----------------------+------------+--------------------------------------------------------------------------------------------------+

+---------------------------------------------------------------------------------------------------------------------------------------------------------------------------+
; Data Required Path                                                                                                                                                        ;
+---------+----------+----+--------+--------+---------------------+------------+--------------------------------------------------------------------------------------------+
; Total   ; Incr     ; RF ; Type   ; Fanout ; Location            ; HS/LP      ; Element                                                                                    ;
+---------+----------+----+--------+--------+---------------------+------------+--------------------------------------------------------------------------------------------+
; 0.000   ; 0.000    ;    ;        ;        ;                     ;            ; latch edge time                                                                            ;
; 0.000   ; 0.000    ;    ; borrow ;        ;                     ;            ; time borrowed                                                                              ;
; 2.408   ; 2.408    ;    ;        ;        ;                     ;            ; clock path                                                                                 ;
;   0.000 ;   0.000  ;    ;        ;        ;                     ;            ; source latency                                                                             ;
;   0.000 ;   0.000  ;    ;        ; 1      ; PIN_AM10            ;            ; CLK_50                                                                                     ;
;   0.000 ;   0.000  ; RR ; IC     ; 1      ; IOIBUF_X148_Y16_N32 ;            ; CLK_50~input|i                                                                             ;
;   0.261 ;   0.261  ; RR ; CELL   ; 1      ; IOIBUF_X148_Y16_N32 ;            ; CLK_50~input|o                                                                             ;
;   0.336 ;   0.075  ; RR ; CELL   ; 1      ; IOIBUF_X148_Y16_N32 ;            ; CLK_50~input~io_48_lvds_tile_edge/ioclkin[0]                                               ;
;   0.336 ;   0.000  ; RR ; IC     ; 2      ; CLKCTRL_3A_G_I20    ;            ; CLK_50~inputCLKENA0|inclk                                                                  ;
;   0.613 ;   0.277  ; RR ; CELL   ; 178801 ; CLKCTRL_3A_G_I20    ;            ; CLK_50~inputCLKENA0|outclk                                                                 ;
;   2.635 ;   2.022  ; RR ; IC     ; 1      ; FF_X22_Y121_N49     ; High Speed ; System|npu_system_0|npu_system_22|NPU_CORE_INT16_16x16|control_unit|completed_internal|clk ;
;   2.635 ;   0.000  ; RR ; CELL   ; 1      ; FF_X22_Y121_N49     ; High Speed ; System|npu_system_0|npu_system_22|NPU_CORE_INT16_16x16|control_unit|completed_internal     ;
;   2.408 ;   -0.227 ;    ;        ;        ;                     ;            ; clock pessimism removed                                                                    ;
; 2.408   ; 0.000    ;    ;        ;        ;                     ;            ; clock uncertainty                                                                          ;
; 2.642   ; 0.234    ;    ; uTh    ; 1      ; FF_X22_Y121_N49     ;            ; System|npu_system_0|npu_system_22|NPU_CORE_INT16_16x16|control_unit|completed_internal     ;
+---------+----------+----+--------+--------+---------------------+------------+--------------------------------------------------------------------------------------------+



Path #6: Hold slack is 0.021 
===============================================================================
+-----------------------------------------------------------------------------------+
; Path Summary                                                                      ;
+---------------------------------+-------------------------------------------------+
; Property                        ; Value                                           ;
+---------------------------------+-------------------------------------------------+
; From Node                       ; System|master_0|master_0|p2b|sent_eop           ;
; To Node                         ; System|master_0|master_0|p2b|sent_eop~DUPLICATE ;
; Launch Clock                    ; CLK_50                                          ;
; Latch Clock                     ; CLK_50                                          ;
; SDC Exception                   ; No SDC Exception on Path                        ;
; Data Arrival Time               ; 2.696                                           ;
; Data Required Time              ; 2.675                                           ;
; Slack                           ; 0.021                                           ;
; Worst-Case Operating Conditions ; Fast 900mV 0C Model                             ;
+---------------------------------+-------------------------------------------------+

+-----------------------------------------------------------------------------------+
; Statistics                                                                        ;
+------------------------+-------+-------+-------------+------------+-------+-------+
; Property               ; Value ; Count ; Total Delay ; % of Total ; Min   ; Max   ;
+------------------------+-------+-------+-------------+------------+-------+-------+
; Hold Relationship      ; 0.000 ;       ;             ;            ;       ;       ;
; Clock Skew             ; 0.000 ;       ;             ;            ;       ;       ;
; Data Delay             ; 0.258 ;       ;             ;            ;       ;       ;
; Number of Logic Levels ;       ; 1     ;             ;            ;       ;       ;
; Physical Delays        ;       ;       ;             ;            ;       ;       ;
;  Arrival Path          ;       ;       ;             ;            ;       ;       ;
;   Clock                ;       ;       ;             ;            ;       ;       ;
;    IC                  ;       ; 3     ; 1.887       ; 77         ; 0.000 ; 1.887 ;
;    Cell                ;       ; 4     ; 0.551       ; 23         ; 0.000 ; 0.261 ;
;   Data                 ;       ;       ;             ;            ;       ;       ;
;    Cell                ;       ; 4     ; 0.157       ; 61         ; 0.000 ; 0.157 ;
;    uTco                ;       ; 1     ; 0.101       ; 39         ; 0.101 ; 0.101 ;
;  Required Path         ;       ;       ;             ;            ;       ;       ;
;   Clock                ;       ;       ;             ;            ;       ;       ;
;    IC                  ;       ; 3     ; 2.054       ; 77         ; 0.000 ; 2.054 ;
;    Cell                ;       ; 4     ; 0.613       ; 23         ; 0.000 ; 0.277 ;
+------------------------+-------+-------+-------------+------------+-------+-------+
Note: Negative delays are omitted from totals when calculating percentages

+---------------------------------------------------------------------------------------------------------------------------------+
; Data Arrival Path                                                                                                               ;
+---------+---------+----+--------+--------+---------------------+------------+---------------------------------------------------+
; Total   ; Incr    ; RF ; Type   ; Fanout ; Location            ; HS/LP      ; Element                                           ;
+---------+---------+----+--------+--------+---------------------+------------+---------------------------------------------------+
; 0.000   ; 0.000   ;    ;        ;        ;                     ;            ; launch edge time                                  ;
; 0.000   ; 0.000   ;    ; borrow ;        ;                     ;            ; time borrowed                                     ;
; 2.438   ; 2.438   ;    ;        ;        ;                     ;            ; clock path                                        ;
;   0.000 ;   0.000 ;    ;        ;        ;                     ;            ; source latency                                    ;
;   0.000 ;   0.000 ;    ;        ; 1      ; PIN_AM10            ;            ; CLK_50                                            ;
;   0.000 ;   0.000 ; RR ; IC     ; 1      ; IOIBUF_X148_Y16_N32 ;            ; CLK_50~input|i                                    ;
;   0.261 ;   0.261 ; RR ; CELL   ; 1      ; IOIBUF_X148_Y16_N32 ;            ; CLK_50~input|o                                    ;
;   0.322 ;   0.061 ; RR ; CELL   ; 1      ; IOIBUF_X148_Y16_N32 ;            ; CLK_50~input~io_48_lvds_tile_edge/ioclkin[0]      ;
;   0.322 ;   0.000 ; RR ; IC     ; 2      ; CLKCTRL_3A_G_I20    ;            ; CLK_50~inputCLKENA0|inclk                         ;
;   0.551 ;   0.229 ; RR ; CELL   ; 178801 ; CLKCTRL_3A_G_I20    ;            ; CLK_50~inputCLKENA0|outclk                        ;
;   2.438 ;   1.887 ; RR ; IC     ; 1      ; FF_X77_Y105_N11     ; High Speed ; System|master_0|master_0|p2b|sent_eop|clk         ;
;   2.438 ;   0.000 ; RR ; CELL   ; 1      ; FF_X77_Y105_N11     ; High Speed ; System|master_0|master_0|p2b|sent_eop             ;
; 2.696   ; 0.258   ;    ;        ;        ;                     ;            ; data path                                         ;
;   2.539 ;   0.101 ; FF ; uTco   ; 2      ; FF_X77_Y105_N11     ;            ; System|master_0|master_0|p2b|sent_eop|q           ;
;   2.539 ;   0.000 ; FF ; CELL   ; 1      ; LABCELL_X77_Y105_N9 ; High Speed ; System|master_0|master_0|p2b|sent_eop~1|datad     ;
;   2.696 ;   0.157 ; FF ; CELL   ; 2      ; LABCELL_X77_Y105_N9 ; High Speed ; System|master_0|master_0|p2b|sent_eop~1|combout   ;
;   2.696 ;   0.000 ; FF ; CELL   ; 1      ; FF_X77_Y105_N10     ; High Speed ; System|master_0|master_0|p2b|sent_eop~DUPLICATE|d ;
;   2.696 ;   0.000 ; FF ; CELL   ; 1      ; FF_X77_Y105_N10     ; High Speed ; System|master_0|master_0|p2b|sent_eop~DUPLICATE   ;
+---------+---------+----+--------+--------+---------------------+------------+---------------------------------------------------+

+------------------------------------------------------------------------------------------------------------------------------------+
; Data Required Path                                                                                                                 ;
+---------+----------+----+--------+--------+---------------------+------------+-----------------------------------------------------+
; Total   ; Incr     ; RF ; Type   ; Fanout ; Location            ; HS/LP      ; Element                                             ;
+---------+----------+----+--------+--------+---------------------+------------+-----------------------------------------------------+
; 0.000   ; 0.000    ;    ;        ;        ;                     ;            ; latch edge time                                     ;
; 0.000   ; 0.000    ;    ; borrow ;        ;                     ;            ; time borrowed                                       ;
; 2.438   ; 2.438    ;    ;        ;        ;                     ;            ; clock path                                          ;
;   0.000 ;   0.000  ;    ;        ;        ;                     ;            ; source latency                                      ;
;   0.000 ;   0.000  ;    ;        ; 1      ; PIN_AM10            ;            ; CLK_50                                              ;
;   0.000 ;   0.000  ; RR ; IC     ; 1      ; IOIBUF_X148_Y16_N32 ;            ; CLK_50~input|i                                      ;
;   0.261 ;   0.261  ; RR ; CELL   ; 1      ; IOIBUF_X148_Y16_N32 ;            ; CLK_50~input|o                                      ;
;   0.336 ;   0.075  ; RR ; CELL   ; 1      ; IOIBUF_X148_Y16_N32 ;            ; CLK_50~input~io_48_lvds_tile_edge/ioclkin[0]        ;
;   0.336 ;   0.000  ; RR ; IC     ; 2      ; CLKCTRL_3A_G_I20    ;            ; CLK_50~inputCLKENA0|inclk                           ;
;   0.613 ;   0.277  ; RR ; CELL   ; 178801 ; CLKCTRL_3A_G_I20    ;            ; CLK_50~inputCLKENA0|outclk                          ;
;   2.667 ;   2.054  ; RR ; IC     ; 1      ; FF_X77_Y105_N10     ; High Speed ; System|master_0|master_0|p2b|sent_eop~DUPLICATE|clk ;
;   2.667 ;   0.000  ; RR ; CELL   ; 1      ; FF_X77_Y105_N10     ; High Speed ; System|master_0|master_0|p2b|sent_eop~DUPLICATE     ;
;   2.438 ;   -0.229 ;    ;        ;        ;                     ;            ; clock pessimism removed                             ;
; 2.438   ; 0.000    ;    ;        ;        ;                     ;            ; clock uncertainty                                   ;
; 2.675   ; 0.237    ;    ; uTh    ; 1      ; FF_X77_Y105_N10     ;            ; System|master_0|master_0|p2b|sent_eop~DUPLICATE     ;
+---------+----------+----+--------+--------+---------------------+------------+-----------------------------------------------------+



Path #7: Hold slack is 0.021 
===============================================================================
+------------------------------------------------------------------------------------------------+
; Path Summary                                                                                   ;
+---------------------------------+--------------------------------------------------------------+
; Property                        ; Value                                                        ;
+---------------------------------+--------------------------------------------------------------+
; From Node                       ; System|rst_controller|altera_reset_synchronizer_int_chain[3] ;
; To Node                         ; System|rst_controller|altera_reset_synchronizer_int_chain[4] ;
; Launch Clock                    ; CLK_50                                                       ;
; Latch Clock                     ; CLK_50                                                       ;
; SDC Exception                   ; No SDC Exception on Path                                     ;
; Data Arrival Time               ; 2.648                                                        ;
; Data Required Time              ; 2.627                                                        ;
; Slack                           ; 0.021                                                        ;
; Worst-Case Operating Conditions ; Fast 900mV 0C Model                                          ;
+---------------------------------+--------------------------------------------------------------+

+-----------------------------------------------------------------------------------+
; Statistics                                                                        ;
+------------------------+-------+-------+-------------+------------+-------+-------+
; Property               ; Value ; Count ; Total Delay ; % of Total ; Min   ; Max   ;
+------------------------+-------+-------+-------------+------------+-------+-------+
; Hold Relationship      ; 0.000 ;       ;             ;            ;       ;       ;
; Clock Skew             ; 0.000 ;       ;             ;            ;       ;       ;
; Data Delay             ; 0.258 ;       ;             ;            ;       ;       ;
; Number of Logic Levels ;       ; 0     ;             ;            ;       ;       ;
; Physical Delays        ;       ;       ;             ;            ;       ;       ;
;  Arrival Path          ;       ;       ;             ;            ;       ;       ;
;   Clock                ;       ;       ;             ;            ;       ;       ;
;    IC                  ;       ; 3     ; 1.839       ; 77         ; 0.000 ; 1.839 ;
;    Cell                ;       ; 4     ; 0.551       ; 23         ; 0.000 ; 0.261 ;
;   Data                 ;       ;       ;             ;            ;       ;       ;
;    Cell                ;       ; 2     ; 0.160       ; 62         ; 0.000 ; 0.160 ;
;    uTco                ;       ; 1     ; 0.098       ; 38         ; 0.098 ; 0.098 ;
;  Required Path         ;       ;       ;             ;            ;       ;       ;
;   Clock                ;       ;       ;             ;            ;       ;       ;
;    IC                  ;       ; 3     ; 2.003       ; 77         ; 0.000 ; 2.003 ;
;    Cell                ;       ; 4     ; 0.613       ; 23         ; 0.000 ; 0.277 ;
+------------------------+-------+-------+-------------+------------+-------+-------+
Note: Negative delays are omitted from totals when calculating percentages

+------------------------------------------------------------------------------------------------------------------------------------------------+
; Data Arrival Path                                                                                                                              ;
+---------+---------+----+--------+--------+---------------------+------------+------------------------------------------------------------------+
; Total   ; Incr    ; RF ; Type   ; Fanout ; Location            ; HS/LP      ; Element                                                          ;
+---------+---------+----+--------+--------+---------------------+------------+------------------------------------------------------------------+
; 0.000   ; 0.000   ;    ;        ;        ;                     ;            ; launch edge time                                                 ;
; 0.000   ; 0.000   ;    ; borrow ;        ;                     ;            ; time borrowed                                                    ;
; 2.390   ; 2.390   ;    ;        ;        ;                     ;            ; clock path                                                       ;
;   0.000 ;   0.000 ;    ;        ;        ;                     ;            ; source latency                                                   ;
;   0.000 ;   0.000 ;    ;        ; 1      ; PIN_AM10            ;            ; CLK_50                                                           ;
;   0.000 ;   0.000 ; RR ; IC     ; 1      ; IOIBUF_X148_Y16_N32 ;            ; CLK_50~input|i                                                   ;
;   0.261 ;   0.261 ; RR ; CELL   ; 1      ; IOIBUF_X148_Y16_N32 ;            ; CLK_50~input|o                                                   ;
;   0.322 ;   0.061 ; RR ; CELL   ; 1      ; IOIBUF_X148_Y16_N32 ;            ; CLK_50~input~io_48_lvds_tile_edge/ioclkin[0]                     ;
;   0.322 ;   0.000 ; RR ; IC     ; 2      ; CLKCTRL_3A_G_I20    ;            ; CLK_50~inputCLKENA0|inclk                                        ;
;   0.551 ;   0.229 ; RR ; CELL   ; 178801 ; CLKCTRL_3A_G_I20    ;            ; CLK_50~inputCLKENA0|outclk                                       ;
;   2.390 ;   1.839 ; RR ; IC     ; 1      ; FF_X2_Y73_N2        ; High Speed ; System|rst_controller|altera_reset_synchronizer_int_chain[3]|clk ;
;   2.390 ;   0.000 ; RR ; CELL   ; 1      ; FF_X2_Y73_N2        ; High Speed ; System|rst_controller|altera_reset_synchronizer_int_chain[3]     ;
; 2.648   ; 0.258   ;    ;        ;        ;                     ;            ; data path                                                        ;
;   2.488 ;   0.098 ; FF ; uTco   ; 1      ; FF_X2_Y73_N2        ;            ; System|rst_controller|altera_reset_synchronizer_int_chain[3]|q   ;
;   2.648 ;   0.160 ; FF ; CELL   ; 1      ; FF_X2_Y73_N1        ; High Speed ; System|rst_controller|altera_reset_synchronizer_int_chain[4]|d   ;
;   2.648 ;   0.000 ; FF ; CELL   ; 1      ; FF_X2_Y73_N1        ; High Speed ; System|rst_controller|altera_reset_synchronizer_int_chain[4]     ;
+---------+---------+----+--------+--------+---------------------+------------+------------------------------------------------------------------+

+-------------------------------------------------------------------------------------------------------------------------------------------------+
; Data Required Path                                                                                                                              ;
+---------+----------+----+--------+--------+---------------------+------------+------------------------------------------------------------------+
; Total   ; Incr     ; RF ; Type   ; Fanout ; Location            ; HS/LP      ; Element                                                          ;
+---------+----------+----+--------+--------+---------------------+------------+------------------------------------------------------------------+
; 0.000   ; 0.000    ;    ;        ;        ;                     ;            ; latch edge time                                                  ;
; 0.000   ; 0.000    ;    ; borrow ;        ;                     ;            ; time borrowed                                                    ;
; 2.390   ; 2.390    ;    ;        ;        ;                     ;            ; clock path                                                       ;
;   0.000 ;   0.000  ;    ;        ;        ;                     ;            ; source latency                                                   ;
;   0.000 ;   0.000  ;    ;        ; 1      ; PIN_AM10            ;            ; CLK_50                                                           ;
;   0.000 ;   0.000  ; RR ; IC     ; 1      ; IOIBUF_X148_Y16_N32 ;            ; CLK_50~input|i                                                   ;
;   0.261 ;   0.261  ; RR ; CELL   ; 1      ; IOIBUF_X148_Y16_N32 ;            ; CLK_50~input|o                                                   ;
;   0.336 ;   0.075  ; RR ; CELL   ; 1      ; IOIBUF_X148_Y16_N32 ;            ; CLK_50~input~io_48_lvds_tile_edge/ioclkin[0]                     ;
;   0.336 ;   0.000  ; RR ; IC     ; 2      ; CLKCTRL_3A_G_I20    ;            ; CLK_50~inputCLKENA0|inclk                                        ;
;   0.613 ;   0.277  ; RR ; CELL   ; 178801 ; CLKCTRL_3A_G_I20    ;            ; CLK_50~inputCLKENA0|outclk                                       ;
;   2.616 ;   2.003  ; RR ; IC     ; 1      ; FF_X2_Y73_N1        ; High Speed ; System|rst_controller|altera_reset_synchronizer_int_chain[4]|clk ;
;   2.616 ;   0.000  ; RR ; CELL   ; 1      ; FF_X2_Y73_N1        ; High Speed ; System|rst_controller|altera_reset_synchronizer_int_chain[4]     ;
;   2.390 ;   -0.226 ;    ;        ;        ;                     ;            ; clock pessimism removed                                          ;
; 2.390   ; 0.000    ;    ;        ;        ;                     ;            ; clock uncertainty                                                ;
; 2.627   ; 0.237    ;    ; uTh    ; 1      ; FF_X2_Y73_N1        ;            ; System|rst_controller|altera_reset_synchronizer_int_chain[4]     ;
+---------+----------+----+--------+--------+---------------------+------------+------------------------------------------------------------------+



Path #8: Hold slack is 0.021 
===============================================================================
+------------------------------------------------------------------------------------------+
; Path Summary                                                                             ;
+---------------------------------+--------------------------------------------------------+
; Property                        ; Value                                                  ;
+---------------------------------+--------------------------------------------------------+
; From Node                       ; System|master_0|master_0|transacto|p2m|state.GET_SIZE2 ;
; To Node                         ; System|master_0|master_0|transacto|p2m|state.GET_SIZE2 ;
; Launch Clock                    ; CLK_50                                                 ;
; Latch Clock                     ; CLK_50                                                 ;
; SDC Exception                   ; No SDC Exception on Path                               ;
; Data Arrival Time               ; 2.666                                                  ;
; Data Required Time              ; 2.645                                                  ;
; Slack                           ; 0.021                                                  ;
; Worst-Case Operating Conditions ; Fast 900mV 0C Model                                    ;
+---------------------------------+--------------------------------------------------------+

+-----------------------------------------------------------------------------------+
; Statistics                                                                        ;
+------------------------+-------+-------+-------------+------------+-------+-------+
; Property               ; Value ; Count ; Total Delay ; % of Total ; Min   ; Max   ;
+------------------------+-------+-------+-------------+------------+-------+-------+
; Hold Relationship      ; 0.000 ;       ;             ;            ;       ;       ;
; Clock Skew             ; 0.000 ;       ;             ;            ;       ;       ;
; Data Delay             ; 0.257 ;       ;             ;            ;       ;       ;
; Number of Logic Levels ;       ; 1     ;             ;            ;       ;       ;
; Physical Delays        ;       ;       ;             ;            ;       ;       ;
;  Arrival Path          ;       ;       ;             ;            ;       ;       ;
;   Clock                ;       ;       ;             ;            ;       ;       ;
;    IC                  ;       ; 3     ; 1.858       ; 77         ; 0.000 ; 1.858 ;
;    Cell                ;       ; 4     ; 0.551       ; 23         ; 0.000 ; 0.261 ;
;   Data                 ;       ;       ;             ;            ;       ;       ;
;    Cell                ;       ; 4     ; 0.157       ; 61         ; 0.000 ; 0.157 ;
;    uTco                ;       ; 1     ; 0.100       ; 39         ; 0.100 ; 0.100 ;
;  Required Path         ;       ;       ;             ;            ;       ;       ;
;   Clock                ;       ;       ;             ;            ;       ;       ;
;    IC                  ;       ; 3     ; 2.023       ; 77         ; 0.000 ; 2.023 ;
;    Cell                ;       ; 4     ; 0.613       ; 23         ; 0.000 ; 0.277 ;
+------------------------+-------+-------+-------------+------------+-------+-------+
Note: Negative delays are omitted from totals when calculating percentages

+-------------------------------------------------------------------------------------------------------------------------------------------+
; Data Arrival Path                                                                                                                         ;
+---------+---------+----+--------+--------+----------------------+------------+------------------------------------------------------------+
; Total   ; Incr    ; RF ; Type   ; Fanout ; Location             ; HS/LP      ; Element                                                    ;
+---------+---------+----+--------+--------+----------------------+------------+------------------------------------------------------------+
; 0.000   ; 0.000   ;    ;        ;        ;                      ;            ; launch edge time                                           ;
; 0.000   ; 0.000   ;    ; borrow ;        ;                      ;            ; time borrowed                                              ;
; 2.409   ; 2.409   ;    ;        ;        ;                      ;            ; clock path                                                 ;
;   0.000 ;   0.000 ;    ;        ;        ;                      ;            ; source latency                                             ;
;   0.000 ;   0.000 ;    ;        ; 1      ; PIN_AM10             ;            ; CLK_50                                                     ;
;   0.000 ;   0.000 ; RR ; IC     ; 1      ; IOIBUF_X148_Y16_N32  ;            ; CLK_50~input|i                                             ;
;   0.261 ;   0.261 ; RR ; CELL   ; 1      ; IOIBUF_X148_Y16_N32  ;            ; CLK_50~input|o                                             ;
;   0.322 ;   0.061 ; RR ; CELL   ; 1      ; IOIBUF_X148_Y16_N32  ;            ; CLK_50~input~io_48_lvds_tile_edge/ioclkin[0]               ;
;   0.322 ;   0.000 ; RR ; IC     ; 2      ; CLKCTRL_3A_G_I20     ;            ; CLK_50~inputCLKENA0|inclk                                  ;
;   0.551 ;   0.229 ; RR ; CELL   ; 178801 ; CLKCTRL_3A_G_I20     ;            ; CLK_50~inputCLKENA0|outclk                                 ;
;   2.409 ;   1.858 ; RR ; IC     ; 1      ; FF_X53_Y113_N23      ; High Speed ; System|master_0|master_0|transacto|p2m|state.GET_SIZE2|clk ;
;   2.409 ;   0.000 ; RR ; CELL   ; 1      ; FF_X53_Y113_N23      ; High Speed ; System|master_0|master_0|transacto|p2m|state.GET_SIZE2     ;
; 2.666   ; 0.257   ;    ;        ;        ;                      ;            ; data path                                                  ;
;   2.509 ;   0.100 ; FF ; uTco   ; 2      ; FF_X53_Y113_N23      ;            ; System|master_0|master_0|transacto|p2m|state.GET_SIZE2|q   ;
;   2.509 ;   0.000 ; FF ; CELL   ; 1      ; LABCELL_X53_Y113_N21 ; High Speed ; System|master_0|master_0|transacto|p2m|i772~0|datad        ;
;   2.666 ;   0.157 ; FF ; CELL   ; 1      ; LABCELL_X53_Y113_N21 ; High Speed ; System|master_0|master_0|transacto|p2m|i772~0|combout      ;
;   2.666 ;   0.000 ; FF ; CELL   ; 1      ; FF_X53_Y113_N23      ; High Speed ; System|master_0|master_0|transacto|p2m|state.GET_SIZE2|d   ;
;   2.666 ;   0.000 ; FF ; CELL   ; 1      ; FF_X53_Y113_N23      ; High Speed ; System|master_0|master_0|transacto|p2m|state.GET_SIZE2     ;
+---------+---------+----+--------+--------+----------------------+------------+------------------------------------------------------------+

+-------------------------------------------------------------------------------------------------------------------------------------------+
; Data Required Path                                                                                                                        ;
+---------+----------+----+--------+--------+---------------------+------------+------------------------------------------------------------+
; Total   ; Incr     ; RF ; Type   ; Fanout ; Location            ; HS/LP      ; Element                                                    ;
+---------+----------+----+--------+--------+---------------------+------------+------------------------------------------------------------+
; 0.000   ; 0.000    ;    ;        ;        ;                     ;            ; latch edge time                                            ;
; 0.000   ; 0.000    ;    ; borrow ;        ;                     ;            ; time borrowed                                              ;
; 2.409   ; 2.409    ;    ;        ;        ;                     ;            ; clock path                                                 ;
;   0.000 ;   0.000  ;    ;        ;        ;                     ;            ; source latency                                             ;
;   0.000 ;   0.000  ;    ;        ; 1      ; PIN_AM10            ;            ; CLK_50                                                     ;
;   0.000 ;   0.000  ; RR ; IC     ; 1      ; IOIBUF_X148_Y16_N32 ;            ; CLK_50~input|i                                             ;
;   0.261 ;   0.261  ; RR ; CELL   ; 1      ; IOIBUF_X148_Y16_N32 ;            ; CLK_50~input|o                                             ;
;   0.336 ;   0.075  ; RR ; CELL   ; 1      ; IOIBUF_X148_Y16_N32 ;            ; CLK_50~input~io_48_lvds_tile_edge/ioclkin[0]               ;
;   0.336 ;   0.000  ; RR ; IC     ; 2      ; CLKCTRL_3A_G_I20    ;            ; CLK_50~inputCLKENA0|inclk                                  ;
;   0.613 ;   0.277  ; RR ; CELL   ; 178801 ; CLKCTRL_3A_G_I20    ;            ; CLK_50~inputCLKENA0|outclk                                 ;
;   2.636 ;   2.023  ; RR ; IC     ; 1      ; FF_X53_Y113_N23     ; High Speed ; System|master_0|master_0|transacto|p2m|state.GET_SIZE2|clk ;
;   2.636 ;   0.000  ; RR ; CELL   ; 1      ; FF_X53_Y113_N23     ; High Speed ; System|master_0|master_0|transacto|p2m|state.GET_SIZE2     ;
;   2.409 ;   -0.227 ;    ;        ;        ;                     ;            ; clock pessimism removed                                    ;
; 2.409   ; 0.000    ;    ;        ;        ;                     ;            ; clock uncertainty                                          ;
; 2.645   ; 0.236    ;    ; uTh    ; 1      ; FF_X53_Y113_N23     ;            ; System|master_0|master_0|transacto|p2m|state.GET_SIZE2     ;
+---------+----------+----+--------+--------+---------------------+------------+------------------------------------------------------------+



Path #9: Hold slack is 0.021 
===============================================================================
+------------------------------------------------------------------------------------------+
; Path Summary                                                                             ;
+---------------------------------+--------------------------------------------------------+
; Property                        ; Value                                                  ;
+---------------------------------+--------------------------------------------------------+
; From Node                       ; System|master_0|master_0|transacto|p2m|state.GET_EXTRA ;
; To Node                         ; System|master_0|master_0|transacto|p2m|state.GET_EXTRA ;
; Launch Clock                    ; CLK_50                                                 ;
; Latch Clock                     ; CLK_50                                                 ;
; SDC Exception                   ; No SDC Exception on Path                               ;
; Data Arrival Time               ; 2.665                                                  ;
; Data Required Time              ; 2.644                                                  ;
; Slack                           ; 0.021                                                  ;
; Worst-Case Operating Conditions ; Fast 900mV 0C Model                                    ;
+---------------------------------+--------------------------------------------------------+

+-----------------------------------------------------------------------------------+
; Statistics                                                                        ;
+------------------------+-------+-------+-------------+------------+-------+-------+
; Property               ; Value ; Count ; Total Delay ; % of Total ; Min   ; Max   ;
+------------------------+-------+-------+-------------+------------+-------+-------+
; Hold Relationship      ; 0.000 ;       ;             ;            ;       ;       ;
; Clock Skew             ; 0.000 ;       ;             ;            ;       ;       ;
; Data Delay             ; 0.256 ;       ;             ;            ;       ;       ;
; Number of Logic Levels ;       ; 1     ;             ;            ;       ;       ;
; Physical Delays        ;       ;       ;             ;            ;       ;       ;
;  Arrival Path          ;       ;       ;             ;            ;       ;       ;
;   Clock                ;       ;       ;             ;            ;       ;       ;
;    IC                  ;       ; 3     ; 1.858       ; 77         ; 0.000 ; 1.858 ;
;    Cell                ;       ; 4     ; 0.551       ; 23         ; 0.000 ; 0.261 ;
;   Data                 ;       ;       ;             ;            ;       ;       ;
;    Cell                ;       ; 4     ; 0.155       ; 61         ; 0.000 ; 0.155 ;
;    uTco                ;       ; 1     ; 0.101       ; 39         ; 0.101 ; 0.101 ;
;  Required Path         ;       ;       ;             ;            ;       ;       ;
;   Clock                ;       ;       ;             ;            ;       ;       ;
;    IC                  ;       ; 3     ; 2.023       ; 77         ; 0.000 ; 2.023 ;
;    Cell                ;       ; 4     ; 0.613       ; 23         ; 0.000 ; 0.277 ;
+------------------------+-------+-------+-------------+------------+-------+-------+
Note: Negative delays are omitted from totals when calculating percentages

+------------------------------------------------------------------------------------------------------------------------------------------+
; Data Arrival Path                                                                                                                        ;
+---------+---------+----+--------+--------+---------------------+------------+------------------------------------------------------------+
; Total   ; Incr    ; RF ; Type   ; Fanout ; Location            ; HS/LP      ; Element                                                    ;
+---------+---------+----+--------+--------+---------------------+------------+------------------------------------------------------------+
; 0.000   ; 0.000   ;    ;        ;        ;                     ;            ; launch edge time                                           ;
; 0.000   ; 0.000   ;    ; borrow ;        ;                     ;            ; time borrowed                                              ;
; 2.409   ; 2.409   ;    ;        ;        ;                     ;            ; clock path                                                 ;
;   0.000 ;   0.000 ;    ;        ;        ;                     ;            ; source latency                                             ;
;   0.000 ;   0.000 ;    ;        ; 1      ; PIN_AM10            ;            ; CLK_50                                                     ;
;   0.000 ;   0.000 ; RR ; IC     ; 1      ; IOIBUF_X148_Y16_N32 ;            ; CLK_50~input|i                                             ;
;   0.261 ;   0.261 ; RR ; CELL   ; 1      ; IOIBUF_X148_Y16_N32 ;            ; CLK_50~input|o                                             ;
;   0.322 ;   0.061 ; RR ; CELL   ; 1      ; IOIBUF_X148_Y16_N32 ;            ; CLK_50~input~io_48_lvds_tile_edge/ioclkin[0]               ;
;   0.322 ;   0.000 ; RR ; IC     ; 2      ; CLKCTRL_3A_G_I20    ;            ; CLK_50~inputCLKENA0|inclk                                  ;
;   0.551 ;   0.229 ; RR ; CELL   ; 178801 ; CLKCTRL_3A_G_I20    ;            ; CLK_50~inputCLKENA0|outclk                                 ;
;   2.409 ;   1.858 ; RR ; IC     ; 1      ; FF_X53_Y112_N7      ; High Speed ; System|master_0|master_0|transacto|p2m|state.GET_EXTRA|clk ;
;   2.409 ;   0.000 ; RR ; CELL   ; 1      ; FF_X53_Y112_N7      ; High Speed ; System|master_0|master_0|transacto|p2m|state.GET_EXTRA     ;
; 2.665   ; 0.256   ;    ;        ;        ;                     ;            ; data path                                                  ;
;   2.510 ;   0.101 ; FF ; uTco   ; 2      ; FF_X53_Y112_N7      ;            ; System|master_0|master_0|transacto|p2m|state.GET_EXTRA|q   ;
;   2.510 ;   0.000 ; FF ; CELL   ; 1      ; LABCELL_X53_Y112_N6 ; High Speed ; System|master_0|master_0|transacto|p2m|i770~5|datae        ;
;   2.665 ;   0.155 ; FF ; CELL   ; 1      ; LABCELL_X53_Y112_N6 ; High Speed ; System|master_0|master_0|transacto|p2m|i770~5|combout      ;
;   2.665 ;   0.000 ; FF ; CELL   ; 1      ; FF_X53_Y112_N7      ; High Speed ; System|master_0|master_0|transacto|p2m|state.GET_EXTRA|d   ;
;   2.665 ;   0.000 ; FF ; CELL   ; 1      ; FF_X53_Y112_N7      ; High Speed ; System|master_0|master_0|transacto|p2m|state.GET_EXTRA     ;
+---------+---------+----+--------+--------+---------------------+------------+------------------------------------------------------------+

+-------------------------------------------------------------------------------------------------------------------------------------------+
; Data Required Path                                                                                                                        ;
+---------+----------+----+--------+--------+---------------------+------------+------------------------------------------------------------+
; Total   ; Incr     ; RF ; Type   ; Fanout ; Location            ; HS/LP      ; Element                                                    ;
+---------+----------+----+--------+--------+---------------------+------------+------------------------------------------------------------+
; 0.000   ; 0.000    ;    ;        ;        ;                     ;            ; latch edge time                                            ;
; 0.000   ; 0.000    ;    ; borrow ;        ;                     ;            ; time borrowed                                              ;
; 2.409   ; 2.409    ;    ;        ;        ;                     ;            ; clock path                                                 ;
;   0.000 ;   0.000  ;    ;        ;        ;                     ;            ; source latency                                             ;
;   0.000 ;   0.000  ;    ;        ; 1      ; PIN_AM10            ;            ; CLK_50                                                     ;
;   0.000 ;   0.000  ; RR ; IC     ; 1      ; IOIBUF_X148_Y16_N32 ;            ; CLK_50~input|i                                             ;
;   0.261 ;   0.261  ; RR ; CELL   ; 1      ; IOIBUF_X148_Y16_N32 ;            ; CLK_50~input|o                                             ;
;   0.336 ;   0.075  ; RR ; CELL   ; 1      ; IOIBUF_X148_Y16_N32 ;            ; CLK_50~input~io_48_lvds_tile_edge/ioclkin[0]               ;
;   0.336 ;   0.000  ; RR ; IC     ; 2      ; CLKCTRL_3A_G_I20    ;            ; CLK_50~inputCLKENA0|inclk                                  ;
;   0.613 ;   0.277  ; RR ; CELL   ; 178801 ; CLKCTRL_3A_G_I20    ;            ; CLK_50~inputCLKENA0|outclk                                 ;
;   2.636 ;   2.023  ; RR ; IC     ; 1      ; FF_X53_Y112_N7      ; High Speed ; System|master_0|master_0|transacto|p2m|state.GET_EXTRA|clk ;
;   2.636 ;   0.000  ; RR ; CELL   ; 1      ; FF_X53_Y112_N7      ; High Speed ; System|master_0|master_0|transacto|p2m|state.GET_EXTRA     ;
;   2.409 ;   -0.227 ;    ;        ;        ;                     ;            ; clock pessimism removed                                    ;
; 2.409   ; 0.000    ;    ;        ;        ;                     ;            ; clock uncertainty                                          ;
; 2.644   ; 0.235    ;    ; uTh    ; 1      ; FF_X53_Y112_N7      ;            ; System|master_0|master_0|transacto|p2m|state.GET_EXTRA     ;
+---------+----------+----+--------+--------+---------------------+------------+------------------------------------------------------------+



Path #10: Hold slack is 0.021 
===============================================================================
+------------------------------------------------------------------------------------------+
; Path Summary                                                                             ;
+---------------------------------+--------------------------------------------------------+
; Property                        ; Value                                                  ;
+---------------------------------+--------------------------------------------------------+
; From Node                       ; System|master_0|master_0|transacto|p2m|state.GET_ADDR4 ;
; To Node                         ; System|master_0|master_0|transacto|p2m|state.GET_ADDR4 ;
; Launch Clock                    ; CLK_50                                                 ;
; Latch Clock                     ; CLK_50                                                 ;
; SDC Exception                   ; No SDC Exception on Path                               ;
; Data Arrival Time               ; 2.666                                                  ;
; Data Required Time              ; 2.645                                                  ;
; Slack                           ; 0.021                                                  ;
; Worst-Case Operating Conditions ; Fast 900mV 0C Model                                    ;
+---------------------------------+--------------------------------------------------------+

+-----------------------------------------------------------------------------------+
; Statistics                                                                        ;
+------------------------+-------+-------+-------------+------------+-------+-------+
; Property               ; Value ; Count ; Total Delay ; % of Total ; Min   ; Max   ;
+------------------------+-------+-------+-------------+------------+-------+-------+
; Hold Relationship      ; 0.000 ;       ;             ;            ;       ;       ;
; Clock Skew             ; 0.000 ;       ;             ;            ;       ;       ;
; Data Delay             ; 0.257 ;       ;             ;            ;       ;       ;
; Number of Logic Levels ;       ; 1     ;             ;            ;       ;       ;
; Physical Delays        ;       ;       ;             ;            ;       ;       ;
;  Arrival Path          ;       ;       ;             ;            ;       ;       ;
;   Clock                ;       ;       ;             ;            ;       ;       ;
;    IC                  ;       ; 3     ; 1.858       ; 77         ; 0.000 ; 1.858 ;
;    Cell                ;       ; 4     ; 0.551       ; 23         ; 0.000 ; 0.261 ;
;   Data                 ;       ;       ;             ;            ;       ;       ;
;    Cell                ;       ; 4     ; 0.157       ; 61         ; 0.000 ; 0.157 ;
;    uTco                ;       ; 1     ; 0.100       ; 39         ; 0.100 ; 0.100 ;
;  Required Path         ;       ;       ;             ;            ;       ;       ;
;   Clock                ;       ;       ;             ;            ;       ;       ;
;    IC                  ;       ; 3     ; 2.023       ; 77         ; 0.000 ; 2.023 ;
;    Cell                ;       ; 4     ; 0.613       ; 23         ; 0.000 ; 0.277 ;
+------------------------+-------+-------+-------------+------------+-------+-------+
Note: Negative delays are omitted from totals when calculating percentages

+-------------------------------------------------------------------------------------------------------------------------------------------+
; Data Arrival Path                                                                                                                         ;
+---------+---------+----+--------+--------+----------------------+------------+------------------------------------------------------------+
; Total   ; Incr    ; RF ; Type   ; Fanout ; Location             ; HS/LP      ; Element                                                    ;
+---------+---------+----+--------+--------+----------------------+------------+------------------------------------------------------------+
; 0.000   ; 0.000   ;    ;        ;        ;                      ;            ; launch edge time                                           ;
; 0.000   ; 0.000   ;    ; borrow ;        ;                      ;            ; time borrowed                                              ;
; 2.409   ; 2.409   ;    ;        ;        ;                      ;            ; clock path                                                 ;
;   0.000 ;   0.000 ;    ;        ;        ;                      ;            ; source latency                                             ;
;   0.000 ;   0.000 ;    ;        ; 1      ; PIN_AM10             ;            ; CLK_50                                                     ;
;   0.000 ;   0.000 ; RR ; IC     ; 1      ; IOIBUF_X148_Y16_N32  ;            ; CLK_50~input|i                                             ;
;   0.261 ;   0.261 ; RR ; CELL   ; 1      ; IOIBUF_X148_Y16_N32  ;            ; CLK_50~input|o                                             ;
;   0.322 ;   0.061 ; RR ; CELL   ; 1      ; IOIBUF_X148_Y16_N32  ;            ; CLK_50~input~io_48_lvds_tile_edge/ioclkin[0]               ;
;   0.322 ;   0.000 ; RR ; IC     ; 2      ; CLKCTRL_3A_G_I20     ;            ; CLK_50~inputCLKENA0|inclk                                  ;
;   0.551 ;   0.229 ; RR ; CELL   ; 178801 ; CLKCTRL_3A_G_I20     ;            ; CLK_50~inputCLKENA0|outclk                                 ;
;   2.409 ;   1.858 ; RR ; IC     ; 1      ; FF_X53_Y113_N59      ; High Speed ; System|master_0|master_0|transacto|p2m|state.GET_ADDR4|clk ;
;   2.409 ;   0.000 ; RR ; CELL   ; 1      ; FF_X53_Y113_N59      ; High Speed ; System|master_0|master_0|transacto|p2m|state.GET_ADDR4     ;
; 2.666   ; 0.257   ;    ;        ;        ;                      ;            ; data path                                                  ;
;   2.509 ;   0.100 ; FF ; uTco   ; 2      ; FF_X53_Y113_N59      ;            ; System|master_0|master_0|transacto|p2m|state.GET_ADDR4|q   ;
;   2.509 ;   0.000 ; FF ; CELL   ; 1      ; LABCELL_X53_Y113_N57 ; High Speed ; System|master_0|master_0|transacto|p2m|i776~0|datad        ;
;   2.666 ;   0.157 ; FF ; CELL   ; 2      ; LABCELL_X53_Y113_N57 ; High Speed ; System|master_0|master_0|transacto|p2m|i776~0|combout      ;
;   2.666 ;   0.000 ; FF ; CELL   ; 1      ; FF_X53_Y113_N59      ; High Speed ; System|master_0|master_0|transacto|p2m|state.GET_ADDR4|d   ;
;   2.666 ;   0.000 ; FF ; CELL   ; 1      ; FF_X53_Y113_N59      ; High Speed ; System|master_0|master_0|transacto|p2m|state.GET_ADDR4     ;
+---------+---------+----+--------+--------+----------------------+------------+------------------------------------------------------------+

+-------------------------------------------------------------------------------------------------------------------------------------------+
; Data Required Path                                                                                                                        ;
+---------+----------+----+--------+--------+---------------------+------------+------------------------------------------------------------+
; Total   ; Incr     ; RF ; Type   ; Fanout ; Location            ; HS/LP      ; Element                                                    ;
+---------+----------+----+--------+--------+---------------------+------------+------------------------------------------------------------+
; 0.000   ; 0.000    ;    ;        ;        ;                     ;            ; latch edge time                                            ;
; 0.000   ; 0.000    ;    ; borrow ;        ;                     ;            ; time borrowed                                              ;
; 2.409   ; 2.409    ;    ;        ;        ;                     ;            ; clock path                                                 ;
;   0.000 ;   0.000  ;    ;        ;        ;                     ;            ; source latency                                             ;
;   0.000 ;   0.000  ;    ;        ; 1      ; PIN_AM10            ;            ; CLK_50                                                     ;
;   0.000 ;   0.000  ; RR ; IC     ; 1      ; IOIBUF_X148_Y16_N32 ;            ; CLK_50~input|i                                             ;
;   0.261 ;   0.261  ; RR ; CELL   ; 1      ; IOIBUF_X148_Y16_N32 ;            ; CLK_50~input|o                                             ;
;   0.336 ;   0.075  ; RR ; CELL   ; 1      ; IOIBUF_X148_Y16_N32 ;            ; CLK_50~input~io_48_lvds_tile_edge/ioclkin[0]               ;
;   0.336 ;   0.000  ; RR ; IC     ; 2      ; CLKCTRL_3A_G_I20    ;            ; CLK_50~inputCLKENA0|inclk                                  ;
;   0.613 ;   0.277  ; RR ; CELL   ; 178801 ; CLKCTRL_3A_G_I20    ;            ; CLK_50~inputCLKENA0|outclk                                 ;
;   2.636 ;   2.023  ; RR ; IC     ; 1      ; FF_X53_Y113_N59     ; High Speed ; System|master_0|master_0|transacto|p2m|state.GET_ADDR4|clk ;
;   2.636 ;   0.000  ; RR ; CELL   ; 1      ; FF_X53_Y113_N59     ; High Speed ; System|master_0|master_0|transacto|p2m|state.GET_ADDR4     ;
;   2.409 ;   -0.227 ;    ;        ;        ;                     ;            ; clock pessimism removed                                    ;
; 2.409   ; 0.000    ;    ;        ;        ;                     ;            ; clock uncertainty                                          ;
; 2.645   ; 0.236    ;    ; uTh    ; 1      ; FF_X53_Y113_N59     ;            ; System|master_0|master_0|transacto|p2m|state.GET_ADDR4     ;
+---------+----------+----+--------+--------+---------------------+------------+------------------------------------------------------------+



----------------
; Command Info ;
----------------
Report Timing: Found 10 recovery paths (0 violated).  Worst case slack is 14.078 

Tcl Command:
    report_timing -recovery -panel_name {Worst-Case Timing Paths||Recovery||CLK_50} -to_clock [get_clocks {CLK_50}] -npaths 10 -detail full_path

Options:
    -to_clock [get_clocks {CLK_50}] 
    -recovery 
    -npaths 10 
    -detail full_path 
    -panel_name {CLK_50} 

Snapshot:
    final

Delay Models:
    Slow 900mV 100C Model
    Slow 900mV 0C Model
    Fast 900mV 100C Model
    Fast 900mV 0C Model


+--------------------------------------------------------------------------------------------------------------------------------------------------------------------------------------------------------------------------------------------------------------------------+
; Summary of Paths                                                                                                                                                                                                                                                         ;
+--------+--------------------------------------------------------------------------------------------------+------------------------------------------------------+--------------+-------------+--------------+------------+------------+---------------------------------+
; Slack  ; From Node                                                                                        ; To Node                                              ; Launch Clock ; Latch Clock ; Relationship ; Clock Skew ; Data Delay ; Worst-Case Operating Conditions ;
+--------+--------------------------------------------------------------------------------------------------+------------------------------------------------------+--------------+-------------+--------------+------------+------------+---------------------------------+
; 14.078 ; System|master_0|master_0|rst_controller|alt_rst_sync_uq1|altera_reset_synchronizer_int_chain_out ; System|master_0|master_0|transacto|p2m|address[7]    ; CLK_50       ; CLK_50      ; 20.000       ; -0.270     ; 5.466      ; Slow 900mV 100C Model           ;
; 14.080 ; System|master_0|master_0|rst_controller|alt_rst_sync_uq1|altera_reset_synchronizer_int_chain_out ; System|master_0|master_0|transacto|p2m|writedata[28] ; CLK_50       ; CLK_50      ; 20.000       ; -0.270     ; 5.466      ; Slow 900mV 100C Model           ;
; 14.083 ; System|master_0|master_0|rst_controller|alt_rst_sync_uq1|altera_reset_synchronizer_int_chain_out ; System|master_0|master_0|transacto|p2m|address[11]   ; CLK_50       ; CLK_50      ; 20.000       ; -0.270     ; 5.466      ; Slow 900mV 100C Model           ;
; 14.088 ; System|master_0|master_0|rst_controller|alt_rst_sync_uq1|altera_reset_synchronizer_int_chain_out ; System|master_0|master_0|transacto|p2m|address[15]   ; CLK_50       ; CLK_50      ; 20.000       ; -0.270     ; 5.466      ; Slow 900mV 100C Model           ;
; 14.101 ; System|master_0|master_0|rst_controller|alt_rst_sync_uq1|altera_reset_synchronizer_int_chain_out ; System|master_0|master_0|transacto|p2m|writedata[27] ; CLK_50       ; CLK_50      ; 20.000       ; -0.270     ; 5.466      ; Slow 900mV 100C Model           ;
; 14.103 ; System|master_0|master_0|rst_controller|alt_rst_sync_uq1|altera_reset_synchronizer_int_chain_out ; System|master_0|master_0|transacto|p2m|writedata[24] ; CLK_50       ; CLK_50      ; 20.000       ; -0.270     ; 5.466      ; Slow 900mV 100C Model           ;
; 14.105 ; System|master_0|master_0|rst_controller|alt_rst_sync_uq1|altera_reset_synchronizer_int_chain_out ; System|master_0|master_0|transacto|p2m|address[2]    ; CLK_50       ; CLK_50      ; 20.000       ; -0.270     ; 5.466      ; Slow 900mV 100C Model           ;
; 14.105 ; System|master_0|master_0|rst_controller|alt_rst_sync_uq1|altera_reset_synchronizer_int_chain_out ; System|master_0|master_0|transacto|p2m|address[3]    ; CLK_50       ; CLK_50      ; 20.000       ; -0.270     ; 5.466      ; Slow 900mV 100C Model           ;
; 14.106 ; System|master_0|master_0|rst_controller|alt_rst_sync_uq1|altera_reset_synchronizer_int_chain_out ; System|master_0|master_0|transacto|p2m|writedata[29] ; CLK_50       ; CLK_50      ; 20.000       ; -0.270     ; 5.466      ; Slow 900mV 100C Model           ;
; 14.107 ; System|master_0|master_0|rst_controller|alt_rst_sync_uq1|altera_reset_synchronizer_int_chain_out ; System|master_0|master_0|transacto|p2m|writedata[26] ; CLK_50       ; CLK_50      ; 20.000       ; -0.270     ; 5.466      ; Slow 900mV 100C Model           ;
+--------+--------------------------------------------------------------------------------------------------+------------------------------------------------------+--------------+-------------+--------------+------------+------------+---------------------------------+


Path #1: Recovery slack is 14.078 
===============================================================================
+------------------------------------------------------------------------------------------------------------------------------------+
; Path Summary                                                                                                                       ;
+---------------------------------+--------------------------------------------------------------------------------------------------+
; Property                        ; Value                                                                                            ;
+---------------------------------+--------------------------------------------------------------------------------------------------+
; From Node                       ; System|master_0|master_0|rst_controller|alt_rst_sync_uq1|altera_reset_synchronizer_int_chain_out ;
; To Node                         ; System|master_0|master_0|transacto|p2m|address[7]                                                ;
; Launch Clock                    ; CLK_50                                                                                           ;
; Latch Clock                     ; CLK_50                                                                                           ;
; SDC Exception                   ; No SDC Exception on Path                                                                         ;
; Data Arrival Time               ; 10.197                                                                                           ;
; Data Required Time              ; 24.275                                                                                           ;
; Slack                           ; 14.078                                                                                           ;
; Worst-Case Operating Conditions ; Slow 900mV 100C Model                                                                            ;
+---------------------------------+--------------------------------------------------------------------------------------------------+

+------------------------------------------------------------------------------------+
; Statistics                                                                         ;
+------------------------+--------+-------+-------------+------------+-------+-------+
; Property               ; Value  ; Count ; Total Delay ; % of Total ; Min   ; Max   ;
+------------------------+--------+-------+-------------+------------+-------+-------+
; Recovery Relationship  ; 20.000 ;       ;             ;            ;       ;       ;
; Clock Skew             ; -0.270 ;       ;             ;            ;       ;       ;
; Data Delay             ; 5.466  ;       ;             ;            ;       ;       ;
; Number of Logic Levels ;        ; 0     ;             ;            ;       ;       ;
; Physical Delays        ;        ;       ;             ;            ;       ;       ;
;  Arrival Path          ;        ;       ;             ;            ;       ;       ;
;   Clock                ;        ;       ;             ;            ;       ;       ;
;    IC                  ;        ; 3     ; 3.507       ; 74         ; 0.000 ; 3.507 ;
;    Cell                ;        ; 4     ; 1.224       ; 26         ; 0.000 ; 0.547 ;
;   Data                 ;        ;       ;             ;            ;       ;       ;
;    IC                  ;        ; 1     ; 5.085       ; 93         ; 5.085 ; 5.085 ;
;    Cell                ;        ; 2     ; 0.131       ; 2          ; 0.000 ; 0.131 ;
;    uTco                ;        ; 1     ; 0.250       ; 5          ; 0.250 ; 0.250 ;
;  Required Path         ;        ;       ;             ;            ;       ;       ;
;   Clock                ;        ;       ;             ;            ;       ;       ;
;    IC                  ;        ; 3     ; 3.093       ; 73         ; 0.000 ; 3.093 ;
;    Cell                ;        ; 4     ; 1.116       ; 27         ; 0.000 ; 0.547 ;
+------------------------+--------+-------+-------------+------------+-------+-------+
Note: Negative delays are omitted from totals when calculating percentages

+----------------------------------------------------------------------------------------------------------------------------------------------------------------------------------------------------+
; Data Arrival Path                                                                                                                                                                                  ;
+----------+---------+----+--------+--------+---------------------+------------+---------------------------------------------------------------------------------------------------------------------+
; Total    ; Incr    ; RF ; Type   ; Fanout ; Location            ; HS/LP      ; Element                                                                                                             ;
+----------+---------+----+--------+--------+---------------------+------------+---------------------------------------------------------------------------------------------------------------------+
; 0.000    ; 0.000   ;    ;        ;        ;                     ;            ; launch edge time                                                                                                    ;
; 0.000    ; 0.000   ;    ; borrow ;        ;                     ;            ; time borrowed                                                                                                       ;
; 4.731    ; 4.731   ;    ;        ;        ;                     ;            ; clock path                                                                                                          ;
;   0.000  ;   0.000 ;    ;        ;        ;                     ;            ; source latency                                                                                                      ;
;   0.000  ;   0.000 ;    ;        ; 1      ; PIN_AM10            ;            ; CLK_50                                                                                                              ;
;   0.000  ;   0.000 ; RR ; IC     ; 1      ; IOIBUF_X148_Y16_N32 ;            ; CLK_50~input|i                                                                                                      ;
;   0.547  ;   0.547 ; RR ; CELL   ; 1      ; IOIBUF_X148_Y16_N32 ;            ; CLK_50~input|o                                                                                                      ;
;   0.706  ;   0.159 ; RR ; CELL   ; 1      ; IOIBUF_X148_Y16_N32 ;            ; CLK_50~input~io_48_lvds_tile_edge/ioclkin[0]                                                                        ;
;   0.706  ;   0.000 ; RR ; IC     ; 2      ; CLKCTRL_3A_G_I20    ;            ; CLK_50~inputCLKENA0|inclk                                                                                           ;
;   1.224  ;   0.518 ; RR ; CELL   ; 178801 ; CLKCTRL_3A_G_I20    ;            ; CLK_50~inputCLKENA0|outclk                                                                                          ;
;   4.731  ;   3.507 ; RR ; IC     ; 1      ; FF_X79_Y60_N16      ; Low Power  ; System|master_0|master_0|rst_controller|alt_rst_sync_uq1|altera_reset_synchronizer_int_chain_out|clk                ;
;   4.731  ;   0.000 ; RR ; CELL   ; 1      ; FF_X79_Y60_N16      ; Low Power  ; System|master_0|master_0|rst_controller|alt_rst_sync_uq1|altera_reset_synchronizer_int_chain_out                    ;
; 10.197   ; 5.466   ;    ;        ;        ;                     ;            ; data path                                                                                                           ;
;   4.981  ;   0.250 ; RR ; uTco   ; 1      ; FF_X79_Y60_N16      ;            ; System|master_0|master_0|rst_controller|alt_rst_sync_uq1|altera_reset_synchronizer_int_chain_out|q                  ;
;   5.112  ;   0.131 ; RR ; CELL   ; 226    ; FF_X79_Y60_N16      ; Low Power  ; System|master_0|master_0|rst_controller|alt_rst_sync_uq1|altera_reset_synchronizer_int_chain_out~la_lab/laboutt[10] ;
;   10.197 ;   5.085 ; RR ; IC     ; 1      ; FF_X51_Y113_N50     ; Mixed      ; System|master_0|master_0|transacto|p2m|address[7]|clrn                                                              ;
;   10.197 ;   0.000 ; RR ; CELL   ; 1      ; FF_X51_Y113_N50     ; High Speed ; System|master_0|master_0|transacto|p2m|address[7]                                                                   ;
+----------+---------+----+--------+--------+---------------------+------------+---------------------------------------------------------------------------------------------------------------------+

+--------------------------------------------------------------------------------------------------------------------------------------+
; Data Required Path                                                                                                                   ;
+----------+---------+----+--------+--------+---------------------+------------+-------------------------------------------------------+
; Total    ; Incr    ; RF ; Type   ; Fanout ; Location            ; HS/LP      ; Element                                               ;
+----------+---------+----+--------+--------+---------------------+------------+-------------------------------------------------------+
; 20.000   ; 20.000  ;    ;        ;        ;                     ;            ; latch edge time                                       ;
; 20.000   ; 0.000   ;    ; borrow ;        ;                     ;            ; time borrowed                                         ;
; 24.461   ; 4.461   ;    ;        ;        ;                     ;            ; clock path                                            ;
;   20.000 ;   0.000 ;    ;        ;        ;                     ;            ; source latency                                        ;
;   20.000 ;   0.000 ;    ;        ; 1      ; PIN_AM10            ;            ; CLK_50                                                ;
;   20.000 ;   0.000 ; RR ; IC     ; 1      ; IOIBUF_X148_Y16_N32 ;            ; CLK_50~input|i                                        ;
;   20.547 ;   0.547 ; RR ; CELL   ; 1      ; IOIBUF_X148_Y16_N32 ;            ; CLK_50~input|o                                        ;
;   20.676 ;   0.129 ; RR ; CELL   ; 1      ; IOIBUF_X148_Y16_N32 ;            ; CLK_50~input~io_48_lvds_tile_edge/ioclkin[0]          ;
;   20.676 ;   0.000 ; RR ; IC     ; 2      ; CLKCTRL_3A_G_I20    ;            ; CLK_50~inputCLKENA0|inclk                             ;
;   21.116 ;   0.440 ; RR ; CELL   ; 178801 ; CLKCTRL_3A_G_I20    ;            ; CLK_50~inputCLKENA0|outclk                            ;
;   24.209 ;   3.093 ; RR ; IC     ; 1      ; FF_X51_Y113_N50     ; High Speed ; System|master_0|master_0|transacto|p2m|address[7]|clk ;
;   24.209 ;   0.000 ; RR ; CELL   ; 1      ; FF_X51_Y113_N50     ; High Speed ; System|master_0|master_0|transacto|p2m|address[7]     ;
;   24.461 ;   0.252 ;    ;        ;        ;                     ;            ; clock pessimism removed                               ;
; 24.431   ; -0.030  ;    ;        ;        ;                     ;            ; clock uncertainty                                     ;
; 24.275   ; -0.156  ;    ; uTsu   ; 1      ; FF_X51_Y113_N50     ;            ; System|master_0|master_0|transacto|p2m|address[7]     ;
+----------+---------+----+--------+--------+---------------------+------------+-------------------------------------------------------+



Path #2: Recovery slack is 14.080 
===============================================================================
+------------------------------------------------------------------------------------------------------------------------------------+
; Path Summary                                                                                                                       ;
+---------------------------------+--------------------------------------------------------------------------------------------------+
; Property                        ; Value                                                                                            ;
+---------------------------------+--------------------------------------------------------------------------------------------------+
; From Node                       ; System|master_0|master_0|rst_controller|alt_rst_sync_uq1|altera_reset_synchronizer_int_chain_out ;
; To Node                         ; System|master_0|master_0|transacto|p2m|writedata[28]                                             ;
; Launch Clock                    ; CLK_50                                                                                           ;
; Latch Clock                     ; CLK_50                                                                                           ;
; SDC Exception                   ; No SDC Exception on Path                                                                         ;
; Data Arrival Time               ; 10.197                                                                                           ;
; Data Required Time              ; 24.277                                                                                           ;
; Slack                           ; 14.080                                                                                           ;
; Worst-Case Operating Conditions ; Slow 900mV 100C Model                                                                            ;
+---------------------------------+--------------------------------------------------------------------------------------------------+

+------------------------------------------------------------------------------------+
; Statistics                                                                         ;
+------------------------+--------+-------+-------------+------------+-------+-------+
; Property               ; Value  ; Count ; Total Delay ; % of Total ; Min   ; Max   ;
+------------------------+--------+-------+-------------+------------+-------+-------+
; Recovery Relationship  ; 20.000 ;       ;             ;            ;       ;       ;
; Clock Skew             ; -0.270 ;       ;             ;            ;       ;       ;
; Data Delay             ; 5.466  ;       ;             ;            ;       ;       ;
; Number of Logic Levels ;        ; 0     ;             ;            ;       ;       ;
; Physical Delays        ;        ;       ;             ;            ;       ;       ;
;  Arrival Path          ;        ;       ;             ;            ;       ;       ;
;   Clock                ;        ;       ;             ;            ;       ;       ;
;    IC                  ;        ; 3     ; 3.507       ; 74         ; 0.000 ; 3.507 ;
;    Cell                ;        ; 4     ; 1.224       ; 26         ; 0.000 ; 0.547 ;
;   Data                 ;        ;       ;             ;            ;       ;       ;
;    IC                  ;        ; 1     ; 5.085       ; 93         ; 5.085 ; 5.085 ;
;    Cell                ;        ; 2     ; 0.131       ; 2          ; 0.000 ; 0.131 ;
;    uTco                ;        ; 1     ; 0.250       ; 5          ; 0.250 ; 0.250 ;
;  Required Path         ;        ;       ;             ;            ;       ;       ;
;   Clock                ;        ;       ;             ;            ;       ;       ;
;    IC                  ;        ; 3     ; 3.093       ; 73         ; 0.000 ; 3.093 ;
;    Cell                ;        ; 4     ; 1.116       ; 27         ; 0.000 ; 0.547 ;
+------------------------+--------+-------+-------------+------------+-------+-------+
Note: Negative delays are omitted from totals when calculating percentages

+----------------------------------------------------------------------------------------------------------------------------------------------------------------------------------------------------+
; Data Arrival Path                                                                                                                                                                                  ;
+----------+---------+----+--------+--------+---------------------+------------+---------------------------------------------------------------------------------------------------------------------+
; Total    ; Incr    ; RF ; Type   ; Fanout ; Location            ; HS/LP      ; Element                                                                                                             ;
+----------+---------+----+--------+--------+---------------------+------------+---------------------------------------------------------------------------------------------------------------------+
; 0.000    ; 0.000   ;    ;        ;        ;                     ;            ; launch edge time                                                                                                    ;
; 0.000    ; 0.000   ;    ; borrow ;        ;                     ;            ; time borrowed                                                                                                       ;
; 4.731    ; 4.731   ;    ;        ;        ;                     ;            ; clock path                                                                                                          ;
;   0.000  ;   0.000 ;    ;        ;        ;                     ;            ; source latency                                                                                                      ;
;   0.000  ;   0.000 ;    ;        ; 1      ; PIN_AM10            ;            ; CLK_50                                                                                                              ;
;   0.000  ;   0.000 ; RR ; IC     ; 1      ; IOIBUF_X148_Y16_N32 ;            ; CLK_50~input|i                                                                                                      ;
;   0.547  ;   0.547 ; RR ; CELL   ; 1      ; IOIBUF_X148_Y16_N32 ;            ; CLK_50~input|o                                                                                                      ;
;   0.706  ;   0.159 ; RR ; CELL   ; 1      ; IOIBUF_X148_Y16_N32 ;            ; CLK_50~input~io_48_lvds_tile_edge/ioclkin[0]                                                                        ;
;   0.706  ;   0.000 ; RR ; IC     ; 2      ; CLKCTRL_3A_G_I20    ;            ; CLK_50~inputCLKENA0|inclk                                                                                           ;
;   1.224  ;   0.518 ; RR ; CELL   ; 178801 ; CLKCTRL_3A_G_I20    ;            ; CLK_50~inputCLKENA0|outclk                                                                                          ;
;   4.731  ;   3.507 ; RR ; IC     ; 1      ; FF_X79_Y60_N16      ; Low Power  ; System|master_0|master_0|rst_controller|alt_rst_sync_uq1|altera_reset_synchronizer_int_chain_out|clk                ;
;   4.731  ;   0.000 ; RR ; CELL   ; 1      ; FF_X79_Y60_N16      ; Low Power  ; System|master_0|master_0|rst_controller|alt_rst_sync_uq1|altera_reset_synchronizer_int_chain_out                    ;
; 10.197   ; 5.466   ;    ;        ;        ;                     ;            ; data path                                                                                                           ;
;   4.981  ;   0.250 ; RR ; uTco   ; 1      ; FF_X79_Y60_N16      ;            ; System|master_0|master_0|rst_controller|alt_rst_sync_uq1|altera_reset_synchronizer_int_chain_out|q                  ;
;   5.112  ;   0.131 ; RR ; CELL   ; 226    ; FF_X79_Y60_N16      ; Low Power  ; System|master_0|master_0|rst_controller|alt_rst_sync_uq1|altera_reset_synchronizer_int_chain_out~la_lab/laboutt[10] ;
;   10.197 ;   5.085 ; RR ; IC     ; 1      ; FF_X51_Y113_N5      ; Mixed      ; System|master_0|master_0|transacto|p2m|writedata[28]|clrn                                                           ;
;   10.197 ;   0.000 ; RR ; CELL   ; 1      ; FF_X51_Y113_N5      ; High Speed ; System|master_0|master_0|transacto|p2m|writedata[28]                                                                ;
+----------+---------+----+--------+--------+---------------------+------------+---------------------------------------------------------------------------------------------------------------------+

+-----------------------------------------------------------------------------------------------------------------------------------------+
; Data Required Path                                                                                                                      ;
+----------+---------+----+--------+--------+---------------------+------------+----------------------------------------------------------+
; Total    ; Incr    ; RF ; Type   ; Fanout ; Location            ; HS/LP      ; Element                                                  ;
+----------+---------+----+--------+--------+---------------------+------------+----------------------------------------------------------+
; 20.000   ; 20.000  ;    ;        ;        ;                     ;            ; latch edge time                                          ;
; 20.000   ; 0.000   ;    ; borrow ;        ;                     ;            ; time borrowed                                            ;
; 24.461   ; 4.461   ;    ;        ;        ;                     ;            ; clock path                                               ;
;   20.000 ;   0.000 ;    ;        ;        ;                     ;            ; source latency                                           ;
;   20.000 ;   0.000 ;    ;        ; 1      ; PIN_AM10            ;            ; CLK_50                                                   ;
;   20.000 ;   0.000 ; RR ; IC     ; 1      ; IOIBUF_X148_Y16_N32 ;            ; CLK_50~input|i                                           ;
;   20.547 ;   0.547 ; RR ; CELL   ; 1      ; IOIBUF_X148_Y16_N32 ;            ; CLK_50~input|o                                           ;
;   20.676 ;   0.129 ; RR ; CELL   ; 1      ; IOIBUF_X148_Y16_N32 ;            ; CLK_50~input~io_48_lvds_tile_edge/ioclkin[0]             ;
;   20.676 ;   0.000 ; RR ; IC     ; 2      ; CLKCTRL_3A_G_I20    ;            ; CLK_50~inputCLKENA0|inclk                                ;
;   21.116 ;   0.440 ; RR ; CELL   ; 178801 ; CLKCTRL_3A_G_I20    ;            ; CLK_50~inputCLKENA0|outclk                               ;
;   24.209 ;   3.093 ; RR ; IC     ; 1      ; FF_X51_Y113_N5      ; High Speed ; System|master_0|master_0|transacto|p2m|writedata[28]|clk ;
;   24.209 ;   0.000 ; RR ; CELL   ; 1      ; FF_X51_Y113_N5      ; High Speed ; System|master_0|master_0|transacto|p2m|writedata[28]     ;
;   24.461 ;   0.252 ;    ;        ;        ;                     ;            ; clock pessimism removed                                  ;
; 24.431   ; -0.030  ;    ;        ;        ;                     ;            ; clock uncertainty                                        ;
; 24.277   ; -0.154  ;    ; uTsu   ; 1      ; FF_X51_Y113_N5      ;            ; System|master_0|master_0|transacto|p2m|writedata[28]     ;
+----------+---------+----+--------+--------+---------------------+------------+----------------------------------------------------------+



Path #3: Recovery slack is 14.083 
===============================================================================
+------------------------------------------------------------------------------------------------------------------------------------+
; Path Summary                                                                                                                       ;
+---------------------------------+--------------------------------------------------------------------------------------------------+
; Property                        ; Value                                                                                            ;
+---------------------------------+--------------------------------------------------------------------------------------------------+
; From Node                       ; System|master_0|master_0|rst_controller|alt_rst_sync_uq1|altera_reset_synchronizer_int_chain_out ;
; To Node                         ; System|master_0|master_0|transacto|p2m|address[11]                                               ;
; Launch Clock                    ; CLK_50                                                                                           ;
; Latch Clock                     ; CLK_50                                                                                           ;
; SDC Exception                   ; No SDC Exception on Path                                                                         ;
; Data Arrival Time               ; 10.197                                                                                           ;
; Data Required Time              ; 24.280                                                                                           ;
; Slack                           ; 14.083                                                                                           ;
; Worst-Case Operating Conditions ; Slow 900mV 100C Model                                                                            ;
+---------------------------------+--------------------------------------------------------------------------------------------------+

+------------------------------------------------------------------------------------+
; Statistics                                                                         ;
+------------------------+--------+-------+-------------+------------+-------+-------+
; Property               ; Value  ; Count ; Total Delay ; % of Total ; Min   ; Max   ;
+------------------------+--------+-------+-------------+------------+-------+-------+
; Recovery Relationship  ; 20.000 ;       ;             ;            ;       ;       ;
; Clock Skew             ; -0.270 ;       ;             ;            ;       ;       ;
; Data Delay             ; 5.466  ;       ;             ;            ;       ;       ;
; Number of Logic Levels ;        ; 0     ;             ;            ;       ;       ;
; Physical Delays        ;        ;       ;             ;            ;       ;       ;
;  Arrival Path          ;        ;       ;             ;            ;       ;       ;
;   Clock                ;        ;       ;             ;            ;       ;       ;
;    IC                  ;        ; 3     ; 3.507       ; 74         ; 0.000 ; 3.507 ;
;    Cell                ;        ; 4     ; 1.224       ; 26         ; 0.000 ; 0.547 ;
;   Data                 ;        ;       ;             ;            ;       ;       ;
;    IC                  ;        ; 1     ; 5.085       ; 93         ; 5.085 ; 5.085 ;
;    Cell                ;        ; 2     ; 0.131       ; 2          ; 0.000 ; 0.131 ;
;    uTco                ;        ; 1     ; 0.250       ; 5          ; 0.250 ; 0.250 ;
;  Required Path         ;        ;       ;             ;            ;       ;       ;
;   Clock                ;        ;       ;             ;            ;       ;       ;
;    IC                  ;        ; 3     ; 3.093       ; 73         ; 0.000 ; 3.093 ;
;    Cell                ;        ; 4     ; 1.116       ; 27         ; 0.000 ; 0.547 ;
+------------------------+--------+-------+-------------+------------+-------+-------+
Note: Negative delays are omitted from totals when calculating percentages

+----------------------------------------------------------------------------------------------------------------------------------------------------------------------------------------------------+
; Data Arrival Path                                                                                                                                                                                  ;
+----------+---------+----+--------+--------+---------------------+------------+---------------------------------------------------------------------------------------------------------------------+
; Total    ; Incr    ; RF ; Type   ; Fanout ; Location            ; HS/LP      ; Element                                                                                                             ;
+----------+---------+----+--------+--------+---------------------+------------+---------------------------------------------------------------------------------------------------------------------+
; 0.000    ; 0.000   ;    ;        ;        ;                     ;            ; launch edge time                                                                                                    ;
; 0.000    ; 0.000   ;    ; borrow ;        ;                     ;            ; time borrowed                                                                                                       ;
; 4.731    ; 4.731   ;    ;        ;        ;                     ;            ; clock path                                                                                                          ;
;   0.000  ;   0.000 ;    ;        ;        ;                     ;            ; source latency                                                                                                      ;
;   0.000  ;   0.000 ;    ;        ; 1      ; PIN_AM10            ;            ; CLK_50                                                                                                              ;
;   0.000  ;   0.000 ; RR ; IC     ; 1      ; IOIBUF_X148_Y16_N32 ;            ; CLK_50~input|i                                                                                                      ;
;   0.547  ;   0.547 ; RR ; CELL   ; 1      ; IOIBUF_X148_Y16_N32 ;            ; CLK_50~input|o                                                                                                      ;
;   0.706  ;   0.159 ; RR ; CELL   ; 1      ; IOIBUF_X148_Y16_N32 ;            ; CLK_50~input~io_48_lvds_tile_edge/ioclkin[0]                                                                        ;
;   0.706  ;   0.000 ; RR ; IC     ; 2      ; CLKCTRL_3A_G_I20    ;            ; CLK_50~inputCLKENA0|inclk                                                                                           ;
;   1.224  ;   0.518 ; RR ; CELL   ; 178801 ; CLKCTRL_3A_G_I20    ;            ; CLK_50~inputCLKENA0|outclk                                                                                          ;
;   4.731  ;   3.507 ; RR ; IC     ; 1      ; FF_X79_Y60_N16      ; Low Power  ; System|master_0|master_0|rst_controller|alt_rst_sync_uq1|altera_reset_synchronizer_int_chain_out|clk                ;
;   4.731  ;   0.000 ; RR ; CELL   ; 1      ; FF_X79_Y60_N16      ; Low Power  ; System|master_0|master_0|rst_controller|alt_rst_sync_uq1|altera_reset_synchronizer_int_chain_out                    ;
; 10.197   ; 5.466   ;    ;        ;        ;                     ;            ; data path                                                                                                           ;
;   4.981  ;   0.250 ; RR ; uTco   ; 1      ; FF_X79_Y60_N16      ;            ; System|master_0|master_0|rst_controller|alt_rst_sync_uq1|altera_reset_synchronizer_int_chain_out|q                  ;
;   5.112  ;   0.131 ; RR ; CELL   ; 226    ; FF_X79_Y60_N16      ; Low Power  ; System|master_0|master_0|rst_controller|alt_rst_sync_uq1|altera_reset_synchronizer_int_chain_out~la_lab/laboutt[10] ;
;   10.197 ;   5.085 ; RR ; IC     ; 1      ; FF_X51_Y113_N29     ; Mixed      ; System|master_0|master_0|transacto|p2m|address[11]|clrn                                                             ;
;   10.197 ;   0.000 ; RR ; CELL   ; 1      ; FF_X51_Y113_N29     ; High Speed ; System|master_0|master_0|transacto|p2m|address[11]                                                                  ;
+----------+---------+----+--------+--------+---------------------+------------+---------------------------------------------------------------------------------------------------------------------+

+---------------------------------------------------------------------------------------------------------------------------------------+
; Data Required Path                                                                                                                    ;
+----------+---------+----+--------+--------+---------------------+------------+--------------------------------------------------------+
; Total    ; Incr    ; RF ; Type   ; Fanout ; Location            ; HS/LP      ; Element                                                ;
+----------+---------+----+--------+--------+---------------------+------------+--------------------------------------------------------+
; 20.000   ; 20.000  ;    ;        ;        ;                     ;            ; latch edge time                                        ;
; 20.000   ; 0.000   ;    ; borrow ;        ;                     ;            ; time borrowed                                          ;
; 24.461   ; 4.461   ;    ;        ;        ;                     ;            ; clock path                                             ;
;   20.000 ;   0.000 ;    ;        ;        ;                     ;            ; source latency                                         ;
;   20.000 ;   0.000 ;    ;        ; 1      ; PIN_AM10            ;            ; CLK_50                                                 ;
;   20.000 ;   0.000 ; RR ; IC     ; 1      ; IOIBUF_X148_Y16_N32 ;            ; CLK_50~input|i                                         ;
;   20.547 ;   0.547 ; RR ; CELL   ; 1      ; IOIBUF_X148_Y16_N32 ;            ; CLK_50~input|o                                         ;
;   20.676 ;   0.129 ; RR ; CELL   ; 1      ; IOIBUF_X148_Y16_N32 ;            ; CLK_50~input~io_48_lvds_tile_edge/ioclkin[0]           ;
;   20.676 ;   0.000 ; RR ; IC     ; 2      ; CLKCTRL_3A_G_I20    ;            ; CLK_50~inputCLKENA0|inclk                              ;
;   21.116 ;   0.440 ; RR ; CELL   ; 178801 ; CLKCTRL_3A_G_I20    ;            ; CLK_50~inputCLKENA0|outclk                             ;
;   24.209 ;   3.093 ; RR ; IC     ; 1      ; FF_X51_Y113_N29     ; High Speed ; System|master_0|master_0|transacto|p2m|address[11]|clk ;
;   24.209 ;   0.000 ; RR ; CELL   ; 1      ; FF_X51_Y113_N29     ; High Speed ; System|master_0|master_0|transacto|p2m|address[11]     ;
;   24.461 ;   0.252 ;    ;        ;        ;                     ;            ; clock pessimism removed                                ;
; 24.431   ; -0.030  ;    ;        ;        ;                     ;            ; clock uncertainty                                      ;
; 24.280   ; -0.151  ;    ; uTsu   ; 1      ; FF_X51_Y113_N29     ;            ; System|master_0|master_0|transacto|p2m|address[11]     ;
+----------+---------+----+--------+--------+---------------------+------------+--------------------------------------------------------+



Path #4: Recovery slack is 14.088 
===============================================================================
+------------------------------------------------------------------------------------------------------------------------------------+
; Path Summary                                                                                                                       ;
+---------------------------------+--------------------------------------------------------------------------------------------------+
; Property                        ; Value                                                                                            ;
+---------------------------------+--------------------------------------------------------------------------------------------------+
; From Node                       ; System|master_0|master_0|rst_controller|alt_rst_sync_uq1|altera_reset_synchronizer_int_chain_out ;
; To Node                         ; System|master_0|master_0|transacto|p2m|address[15]                                               ;
; Launch Clock                    ; CLK_50                                                                                           ;
; Latch Clock                     ; CLK_50                                                                                           ;
; SDC Exception                   ; No SDC Exception on Path                                                                         ;
; Data Arrival Time               ; 10.197                                                                                           ;
; Data Required Time              ; 24.285                                                                                           ;
; Slack                           ; 14.088                                                                                           ;
; Worst-Case Operating Conditions ; Slow 900mV 100C Model                                                                            ;
+---------------------------------+--------------------------------------------------------------------------------------------------+

+------------------------------------------------------------------------------------+
; Statistics                                                                         ;
+------------------------+--------+-------+-------------+------------+-------+-------+
; Property               ; Value  ; Count ; Total Delay ; % of Total ; Min   ; Max   ;
+------------------------+--------+-------+-------------+------------+-------+-------+
; Recovery Relationship  ; 20.000 ;       ;             ;            ;       ;       ;
; Clock Skew             ; -0.270 ;       ;             ;            ;       ;       ;
; Data Delay             ; 5.466  ;       ;             ;            ;       ;       ;
; Number of Logic Levels ;        ; 0     ;             ;            ;       ;       ;
; Physical Delays        ;        ;       ;             ;            ;       ;       ;
;  Arrival Path          ;        ;       ;             ;            ;       ;       ;
;   Clock                ;        ;       ;             ;            ;       ;       ;
;    IC                  ;        ; 3     ; 3.507       ; 74         ; 0.000 ; 3.507 ;
;    Cell                ;        ; 4     ; 1.224       ; 26         ; 0.000 ; 0.547 ;
;   Data                 ;        ;       ;             ;            ;       ;       ;
;    IC                  ;        ; 1     ; 5.085       ; 93         ; 5.085 ; 5.085 ;
;    Cell                ;        ; 2     ; 0.131       ; 2          ; 0.000 ; 0.131 ;
;    uTco                ;        ; 1     ; 0.250       ; 5          ; 0.250 ; 0.250 ;
;  Required Path         ;        ;       ;             ;            ;       ;       ;
;   Clock                ;        ;       ;             ;            ;       ;       ;
;    IC                  ;        ; 3     ; 3.093       ; 73         ; 0.000 ; 3.093 ;
;    Cell                ;        ; 4     ; 1.116       ; 27         ; 0.000 ; 0.547 ;
+------------------------+--------+-------+-------------+------------+-------+-------+
Note: Negative delays are omitted from totals when calculating percentages

+----------------------------------------------------------------------------------------------------------------------------------------------------------------------------------------------------+
; Data Arrival Path                                                                                                                                                                                  ;
+----------+---------+----+--------+--------+---------------------+------------+---------------------------------------------------------------------------------------------------------------------+
; Total    ; Incr    ; RF ; Type   ; Fanout ; Location            ; HS/LP      ; Element                                                                                                             ;
+----------+---------+----+--------+--------+---------------------+------------+---------------------------------------------------------------------------------------------------------------------+
; 0.000    ; 0.000   ;    ;        ;        ;                     ;            ; launch edge time                                                                                                    ;
; 0.000    ; 0.000   ;    ; borrow ;        ;                     ;            ; time borrowed                                                                                                       ;
; 4.731    ; 4.731   ;    ;        ;        ;                     ;            ; clock path                                                                                                          ;
;   0.000  ;   0.000 ;    ;        ;        ;                     ;            ; source latency                                                                                                      ;
;   0.000  ;   0.000 ;    ;        ; 1      ; PIN_AM10            ;            ; CLK_50                                                                                                              ;
;   0.000  ;   0.000 ; RR ; IC     ; 1      ; IOIBUF_X148_Y16_N32 ;            ; CLK_50~input|i                                                                                                      ;
;   0.547  ;   0.547 ; RR ; CELL   ; 1      ; IOIBUF_X148_Y16_N32 ;            ; CLK_50~input|o                                                                                                      ;
;   0.706  ;   0.159 ; RR ; CELL   ; 1      ; IOIBUF_X148_Y16_N32 ;            ; CLK_50~input~io_48_lvds_tile_edge/ioclkin[0]                                                                        ;
;   0.706  ;   0.000 ; RR ; IC     ; 2      ; CLKCTRL_3A_G_I20    ;            ; CLK_50~inputCLKENA0|inclk                                                                                           ;
;   1.224  ;   0.518 ; RR ; CELL   ; 178801 ; CLKCTRL_3A_G_I20    ;            ; CLK_50~inputCLKENA0|outclk                                                                                          ;
;   4.731  ;   3.507 ; RR ; IC     ; 1      ; FF_X79_Y60_N16      ; Low Power  ; System|master_0|master_0|rst_controller|alt_rst_sync_uq1|altera_reset_synchronizer_int_chain_out|clk                ;
;   4.731  ;   0.000 ; RR ; CELL   ; 1      ; FF_X79_Y60_N16      ; Low Power  ; System|master_0|master_0|rst_controller|alt_rst_sync_uq1|altera_reset_synchronizer_int_chain_out                    ;
; 10.197   ; 5.466   ;    ;        ;        ;                     ;            ; data path                                                                                                           ;
;   4.981  ;   0.250 ; RR ; uTco   ; 1      ; FF_X79_Y60_N16      ;            ; System|master_0|master_0|rst_controller|alt_rst_sync_uq1|altera_reset_synchronizer_int_chain_out|q                  ;
;   5.112  ;   0.131 ; RR ; CELL   ; 226    ; FF_X79_Y60_N16      ; Low Power  ; System|master_0|master_0|rst_controller|alt_rst_sync_uq1|altera_reset_synchronizer_int_chain_out~la_lab/laboutt[10] ;
;   10.197 ;   5.085 ; RR ; IC     ; 1      ; FF_X51_Y113_N41     ; Mixed      ; System|master_0|master_0|transacto|p2m|address[15]|clrn                                                             ;
;   10.197 ;   0.000 ; RR ; CELL   ; 1      ; FF_X51_Y113_N41     ; High Speed ; System|master_0|master_0|transacto|p2m|address[15]                                                                  ;
+----------+---------+----+--------+--------+---------------------+------------+---------------------------------------------------------------------------------------------------------------------+

+---------------------------------------------------------------------------------------------------------------------------------------+
; Data Required Path                                                                                                                    ;
+----------+---------+----+--------+--------+---------------------+------------+--------------------------------------------------------+
; Total    ; Incr    ; RF ; Type   ; Fanout ; Location            ; HS/LP      ; Element                                                ;
+----------+---------+----+--------+--------+---------------------+------------+--------------------------------------------------------+
; 20.000   ; 20.000  ;    ;        ;        ;                     ;            ; latch edge time                                        ;
; 20.000   ; 0.000   ;    ; borrow ;        ;                     ;            ; time borrowed                                          ;
; 24.461   ; 4.461   ;    ;        ;        ;                     ;            ; clock path                                             ;
;   20.000 ;   0.000 ;    ;        ;        ;                     ;            ; source latency                                         ;
;   20.000 ;   0.000 ;    ;        ; 1      ; PIN_AM10            ;            ; CLK_50                                                 ;
;   20.000 ;   0.000 ; RR ; IC     ; 1      ; IOIBUF_X148_Y16_N32 ;            ; CLK_50~input|i                                         ;
;   20.547 ;   0.547 ; RR ; CELL   ; 1      ; IOIBUF_X148_Y16_N32 ;            ; CLK_50~input|o                                         ;
;   20.676 ;   0.129 ; RR ; CELL   ; 1      ; IOIBUF_X148_Y16_N32 ;            ; CLK_50~input~io_48_lvds_tile_edge/ioclkin[0]           ;
;   20.676 ;   0.000 ; RR ; IC     ; 2      ; CLKCTRL_3A_G_I20    ;            ; CLK_50~inputCLKENA0|inclk                              ;
;   21.116 ;   0.440 ; RR ; CELL   ; 178801 ; CLKCTRL_3A_G_I20    ;            ; CLK_50~inputCLKENA0|outclk                             ;
;   24.209 ;   3.093 ; RR ; IC     ; 1      ; FF_X51_Y113_N41     ; High Speed ; System|master_0|master_0|transacto|p2m|address[15]|clk ;
;   24.209 ;   0.000 ; RR ; CELL   ; 1      ; FF_X51_Y113_N41     ; High Speed ; System|master_0|master_0|transacto|p2m|address[15]     ;
;   24.461 ;   0.252 ;    ;        ;        ;                     ;            ; clock pessimism removed                                ;
; 24.431   ; -0.030  ;    ;        ;        ;                     ;            ; clock uncertainty                                      ;
; 24.285   ; -0.146  ;    ; uTsu   ; 1      ; FF_X51_Y113_N41     ;            ; System|master_0|master_0|transacto|p2m|address[15]     ;
+----------+---------+----+--------+--------+---------------------+------------+--------------------------------------------------------+



Path #5: Recovery slack is 14.101 
===============================================================================
+------------------------------------------------------------------------------------------------------------------------------------+
; Path Summary                                                                                                                       ;
+---------------------------------+--------------------------------------------------------------------------------------------------+
; Property                        ; Value                                                                                            ;
+---------------------------------+--------------------------------------------------------------------------------------------------+
; From Node                       ; System|master_0|master_0|rst_controller|alt_rst_sync_uq1|altera_reset_synchronizer_int_chain_out ;
; To Node                         ; System|master_0|master_0|transacto|p2m|writedata[27]                                             ;
; Launch Clock                    ; CLK_50                                                                                           ;
; Latch Clock                     ; CLK_50                                                                                           ;
; SDC Exception                   ; No SDC Exception on Path                                                                         ;
; Data Arrival Time               ; 10.197                                                                                           ;
; Data Required Time              ; 24.298                                                                                           ;
; Slack                           ; 14.101                                                                                           ;
; Worst-Case Operating Conditions ; Slow 900mV 100C Model                                                                            ;
+---------------------------------+--------------------------------------------------------------------------------------------------+

+------------------------------------------------------------------------------------+
; Statistics                                                                         ;
+------------------------+--------+-------+-------------+------------+-------+-------+
; Property               ; Value  ; Count ; Total Delay ; % of Total ; Min   ; Max   ;
+------------------------+--------+-------+-------------+------------+-------+-------+
; Recovery Relationship  ; 20.000 ;       ;             ;            ;       ;       ;
; Clock Skew             ; -0.270 ;       ;             ;            ;       ;       ;
; Data Delay             ; 5.466  ;       ;             ;            ;       ;       ;
; Number of Logic Levels ;        ; 0     ;             ;            ;       ;       ;
; Physical Delays        ;        ;       ;             ;            ;       ;       ;
;  Arrival Path          ;        ;       ;             ;            ;       ;       ;
;   Clock                ;        ;       ;             ;            ;       ;       ;
;    IC                  ;        ; 3     ; 3.507       ; 74         ; 0.000 ; 3.507 ;
;    Cell                ;        ; 4     ; 1.224       ; 26         ; 0.000 ; 0.547 ;
;   Data                 ;        ;       ;             ;            ;       ;       ;
;    IC                  ;        ; 1     ; 5.085       ; 93         ; 5.085 ; 5.085 ;
;    Cell                ;        ; 2     ; 0.131       ; 2          ; 0.000 ; 0.131 ;
;    uTco                ;        ; 1     ; 0.250       ; 5          ; 0.250 ; 0.250 ;
;  Required Path         ;        ;       ;             ;            ;       ;       ;
;   Clock                ;        ;       ;             ;            ;       ;       ;
;    IC                  ;        ; 3     ; 3.093       ; 73         ; 0.000 ; 3.093 ;
;    Cell                ;        ; 4     ; 1.116       ; 27         ; 0.000 ; 0.547 ;
+------------------------+--------+-------+-------------+------------+-------+-------+
Note: Negative delays are omitted from totals when calculating percentages

+----------------------------------------------------------------------------------------------------------------------------------------------------------------------------------------------------+
; Data Arrival Path                                                                                                                                                                                  ;
+----------+---------+----+--------+--------+---------------------+------------+---------------------------------------------------------------------------------------------------------------------+
; Total    ; Incr    ; RF ; Type   ; Fanout ; Location            ; HS/LP      ; Element                                                                                                             ;
+----------+---------+----+--------+--------+---------------------+------------+---------------------------------------------------------------------------------------------------------------------+
; 0.000    ; 0.000   ;    ;        ;        ;                     ;            ; launch edge time                                                                                                    ;
; 0.000    ; 0.000   ;    ; borrow ;        ;                     ;            ; time borrowed                                                                                                       ;
; 4.731    ; 4.731   ;    ;        ;        ;                     ;            ; clock path                                                                                                          ;
;   0.000  ;   0.000 ;    ;        ;        ;                     ;            ; source latency                                                                                                      ;
;   0.000  ;   0.000 ;    ;        ; 1      ; PIN_AM10            ;            ; CLK_50                                                                                                              ;
;   0.000  ;   0.000 ; RR ; IC     ; 1      ; IOIBUF_X148_Y16_N32 ;            ; CLK_50~input|i                                                                                                      ;
;   0.547  ;   0.547 ; RR ; CELL   ; 1      ; IOIBUF_X148_Y16_N32 ;            ; CLK_50~input|o                                                                                                      ;
;   0.706  ;   0.159 ; RR ; CELL   ; 1      ; IOIBUF_X148_Y16_N32 ;            ; CLK_50~input~io_48_lvds_tile_edge/ioclkin[0]                                                                        ;
;   0.706  ;   0.000 ; RR ; IC     ; 2      ; CLKCTRL_3A_G_I20    ;            ; CLK_50~inputCLKENA0|inclk                                                                                           ;
;   1.224  ;   0.518 ; RR ; CELL   ; 178801 ; CLKCTRL_3A_G_I20    ;            ; CLK_50~inputCLKENA0|outclk                                                                                          ;
;   4.731  ;   3.507 ; RR ; IC     ; 1      ; FF_X79_Y60_N16      ; Low Power  ; System|master_0|master_0|rst_controller|alt_rst_sync_uq1|altera_reset_synchronizer_int_chain_out|clk                ;
;   4.731  ;   0.000 ; RR ; CELL   ; 1      ; FF_X79_Y60_N16      ; Low Power  ; System|master_0|master_0|rst_controller|alt_rst_sync_uq1|altera_reset_synchronizer_int_chain_out                    ;
; 10.197   ; 5.466   ;    ;        ;        ;                     ;            ; data path                                                                                                           ;
;   4.981  ;   0.250 ; RR ; uTco   ; 1      ; FF_X79_Y60_N16      ;            ; System|master_0|master_0|rst_controller|alt_rst_sync_uq1|altera_reset_synchronizer_int_chain_out|q                  ;
;   5.112  ;   0.131 ; RR ; CELL   ; 226    ; FF_X79_Y60_N16      ; Low Power  ; System|master_0|master_0|rst_controller|alt_rst_sync_uq1|altera_reset_synchronizer_int_chain_out~la_lab/laboutt[10] ;
;   10.197 ;   5.085 ; RR ; IC     ; 1      ; FF_X51_Y113_N16     ; Mixed      ; System|master_0|master_0|transacto|p2m|writedata[27]|clrn                                                           ;
;   10.197 ;   0.000 ; RR ; CELL   ; 1      ; FF_X51_Y113_N16     ; High Speed ; System|master_0|master_0|transacto|p2m|writedata[27]                                                                ;
+----------+---------+----+--------+--------+---------------------+------------+---------------------------------------------------------------------------------------------------------------------+

+-----------------------------------------------------------------------------------------------------------------------------------------+
; Data Required Path                                                                                                                      ;
+----------+---------+----+--------+--------+---------------------+------------+----------------------------------------------------------+
; Total    ; Incr    ; RF ; Type   ; Fanout ; Location            ; HS/LP      ; Element                                                  ;
+----------+---------+----+--------+--------+---------------------+------------+----------------------------------------------------------+
; 20.000   ; 20.000  ;    ;        ;        ;                     ;            ; latch edge time                                          ;
; 20.000   ; 0.000   ;    ; borrow ;        ;                     ;            ; time borrowed                                            ;
; 24.461   ; 4.461   ;    ;        ;        ;                     ;            ; clock path                                               ;
;   20.000 ;   0.000 ;    ;        ;        ;                     ;            ; source latency                                           ;
;   20.000 ;   0.000 ;    ;        ; 1      ; PIN_AM10            ;            ; CLK_50                                                   ;
;   20.000 ;   0.000 ; RR ; IC     ; 1      ; IOIBUF_X148_Y16_N32 ;            ; CLK_50~input|i                                           ;
;   20.547 ;   0.547 ; RR ; CELL   ; 1      ; IOIBUF_X148_Y16_N32 ;            ; CLK_50~input|o                                           ;
;   20.676 ;   0.129 ; RR ; CELL   ; 1      ; IOIBUF_X148_Y16_N32 ;            ; CLK_50~input~io_48_lvds_tile_edge/ioclkin[0]             ;
;   20.676 ;   0.000 ; RR ; IC     ; 2      ; CLKCTRL_3A_G_I20    ;            ; CLK_50~inputCLKENA0|inclk                                ;
;   21.116 ;   0.440 ; RR ; CELL   ; 178801 ; CLKCTRL_3A_G_I20    ;            ; CLK_50~inputCLKENA0|outclk                               ;
;   24.209 ;   3.093 ; RR ; IC     ; 1      ; FF_X51_Y113_N16     ; High Speed ; System|master_0|master_0|transacto|p2m|writedata[27]|clk ;
;   24.209 ;   0.000 ; RR ; CELL   ; 1      ; FF_X51_Y113_N16     ; High Speed ; System|master_0|master_0|transacto|p2m|writedata[27]     ;
;   24.461 ;   0.252 ;    ;        ;        ;                     ;            ; clock pessimism removed                                  ;
; 24.431   ; -0.030  ;    ;        ;        ;                     ;            ; clock uncertainty                                        ;
; 24.298   ; -0.133  ;    ; uTsu   ; 1      ; FF_X51_Y113_N16     ;            ; System|master_0|master_0|transacto|p2m|writedata[27]     ;
+----------+---------+----+--------+--------+---------------------+------------+----------------------------------------------------------+



Path #6: Recovery slack is 14.103 
===============================================================================
+------------------------------------------------------------------------------------------------------------------------------------+
; Path Summary                                                                                                                       ;
+---------------------------------+--------------------------------------------------------------------------------------------------+
; Property                        ; Value                                                                                            ;
+---------------------------------+--------------------------------------------------------------------------------------------------+
; From Node                       ; System|master_0|master_0|rst_controller|alt_rst_sync_uq1|altera_reset_synchronizer_int_chain_out ;
; To Node                         ; System|master_0|master_0|transacto|p2m|writedata[24]                                             ;
; Launch Clock                    ; CLK_50                                                                                           ;
; Latch Clock                     ; CLK_50                                                                                           ;
; SDC Exception                   ; No SDC Exception on Path                                                                         ;
; Data Arrival Time               ; 10.197                                                                                           ;
; Data Required Time              ; 24.300                                                                                           ;
; Slack                           ; 14.103                                                                                           ;
; Worst-Case Operating Conditions ; Slow 900mV 100C Model                                                                            ;
+---------------------------------+--------------------------------------------------------------------------------------------------+

+------------------------------------------------------------------------------------+
; Statistics                                                                         ;
+------------------------+--------+-------+-------------+------------+-------+-------+
; Property               ; Value  ; Count ; Total Delay ; % of Total ; Min   ; Max   ;
+------------------------+--------+-------+-------------+------------+-------+-------+
; Recovery Relationship  ; 20.000 ;       ;             ;            ;       ;       ;
; Clock Skew             ; -0.270 ;       ;             ;            ;       ;       ;
; Data Delay             ; 5.466  ;       ;             ;            ;       ;       ;
; Number of Logic Levels ;        ; 0     ;             ;            ;       ;       ;
; Physical Delays        ;        ;       ;             ;            ;       ;       ;
;  Arrival Path          ;        ;       ;             ;            ;       ;       ;
;   Clock                ;        ;       ;             ;            ;       ;       ;
;    IC                  ;        ; 3     ; 3.507       ; 74         ; 0.000 ; 3.507 ;
;    Cell                ;        ; 4     ; 1.224       ; 26         ; 0.000 ; 0.547 ;
;   Data                 ;        ;       ;             ;            ;       ;       ;
;    IC                  ;        ; 1     ; 5.085       ; 93         ; 5.085 ; 5.085 ;
;    Cell                ;        ; 2     ; 0.131       ; 2          ; 0.000 ; 0.131 ;
;    uTco                ;        ; 1     ; 0.250       ; 5          ; 0.250 ; 0.250 ;
;  Required Path         ;        ;       ;             ;            ;       ;       ;
;   Clock                ;        ;       ;             ;            ;       ;       ;
;    IC                  ;        ; 3     ; 3.093       ; 73         ; 0.000 ; 3.093 ;
;    Cell                ;        ; 4     ; 1.116       ; 27         ; 0.000 ; 0.547 ;
+------------------------+--------+-------+-------------+------------+-------+-------+
Note: Negative delays are omitted from totals when calculating percentages

+----------------------------------------------------------------------------------------------------------------------------------------------------------------------------------------------------+
; Data Arrival Path                                                                                                                                                                                  ;
+----------+---------+----+--------+--------+---------------------+------------+---------------------------------------------------------------------------------------------------------------------+
; Total    ; Incr    ; RF ; Type   ; Fanout ; Location            ; HS/LP      ; Element                                                                                                             ;
+----------+---------+----+--------+--------+---------------------+------------+---------------------------------------------------------------------------------------------------------------------+
; 0.000    ; 0.000   ;    ;        ;        ;                     ;            ; launch edge time                                                                                                    ;
; 0.000    ; 0.000   ;    ; borrow ;        ;                     ;            ; time borrowed                                                                                                       ;
; 4.731    ; 4.731   ;    ;        ;        ;                     ;            ; clock path                                                                                                          ;
;   0.000  ;   0.000 ;    ;        ;        ;                     ;            ; source latency                                                                                                      ;
;   0.000  ;   0.000 ;    ;        ; 1      ; PIN_AM10            ;            ; CLK_50                                                                                                              ;
;   0.000  ;   0.000 ; RR ; IC     ; 1      ; IOIBUF_X148_Y16_N32 ;            ; CLK_50~input|i                                                                                                      ;
;   0.547  ;   0.547 ; RR ; CELL   ; 1      ; IOIBUF_X148_Y16_N32 ;            ; CLK_50~input|o                                                                                                      ;
;   0.706  ;   0.159 ; RR ; CELL   ; 1      ; IOIBUF_X148_Y16_N32 ;            ; CLK_50~input~io_48_lvds_tile_edge/ioclkin[0]                                                                        ;
;   0.706  ;   0.000 ; RR ; IC     ; 2      ; CLKCTRL_3A_G_I20    ;            ; CLK_50~inputCLKENA0|inclk                                                                                           ;
;   1.224  ;   0.518 ; RR ; CELL   ; 178801 ; CLKCTRL_3A_G_I20    ;            ; CLK_50~inputCLKENA0|outclk                                                                                          ;
;   4.731  ;   3.507 ; RR ; IC     ; 1      ; FF_X79_Y60_N16      ; Low Power  ; System|master_0|master_0|rst_controller|alt_rst_sync_uq1|altera_reset_synchronizer_int_chain_out|clk                ;
;   4.731  ;   0.000 ; RR ; CELL   ; 1      ; FF_X79_Y60_N16      ; Low Power  ; System|master_0|master_0|rst_controller|alt_rst_sync_uq1|altera_reset_synchronizer_int_chain_out                    ;
; 10.197   ; 5.466   ;    ;        ;        ;                     ;            ; data path                                                                                                           ;
;   4.981  ;   0.250 ; RR ; uTco   ; 1      ; FF_X79_Y60_N16      ;            ; System|master_0|master_0|rst_controller|alt_rst_sync_uq1|altera_reset_synchronizer_int_chain_out|q                  ;
;   5.112  ;   0.131 ; RR ; CELL   ; 226    ; FF_X79_Y60_N16      ; Low Power  ; System|master_0|master_0|rst_controller|alt_rst_sync_uq1|altera_reset_synchronizer_int_chain_out~la_lab/laboutt[10] ;
;   10.197 ;   5.085 ; RR ; IC     ; 1      ; FF_X51_Y113_N46     ; Mixed      ; System|master_0|master_0|transacto|p2m|writedata[24]|clrn                                                           ;
;   10.197 ;   0.000 ; RR ; CELL   ; 1      ; FF_X51_Y113_N46     ; High Speed ; System|master_0|master_0|transacto|p2m|writedata[24]                                                                ;
+----------+---------+----+--------+--------+---------------------+------------+---------------------------------------------------------------------------------------------------------------------+

+-----------------------------------------------------------------------------------------------------------------------------------------+
; Data Required Path                                                                                                                      ;
+----------+---------+----+--------+--------+---------------------+------------+----------------------------------------------------------+
; Total    ; Incr    ; RF ; Type   ; Fanout ; Location            ; HS/LP      ; Element                                                  ;
+----------+---------+----+--------+--------+---------------------+------------+----------------------------------------------------------+
; 20.000   ; 20.000  ;    ;        ;        ;                     ;            ; latch edge time                                          ;
; 20.000   ; 0.000   ;    ; borrow ;        ;                     ;            ; time borrowed                                            ;
; 24.461   ; 4.461   ;    ;        ;        ;                     ;            ; clock path                                               ;
;   20.000 ;   0.000 ;    ;        ;        ;                     ;            ; source latency                                           ;
;   20.000 ;   0.000 ;    ;        ; 1      ; PIN_AM10            ;            ; CLK_50                                                   ;
;   20.000 ;   0.000 ; RR ; IC     ; 1      ; IOIBUF_X148_Y16_N32 ;            ; CLK_50~input|i                                           ;
;   20.547 ;   0.547 ; RR ; CELL   ; 1      ; IOIBUF_X148_Y16_N32 ;            ; CLK_50~input|o                                           ;
;   20.676 ;   0.129 ; RR ; CELL   ; 1      ; IOIBUF_X148_Y16_N32 ;            ; CLK_50~input~io_48_lvds_tile_edge/ioclkin[0]             ;
;   20.676 ;   0.000 ; RR ; IC     ; 2      ; CLKCTRL_3A_G_I20    ;            ; CLK_50~inputCLKENA0|inclk                                ;
;   21.116 ;   0.440 ; RR ; CELL   ; 178801 ; CLKCTRL_3A_G_I20    ;            ; CLK_50~inputCLKENA0|outclk                               ;
;   24.209 ;   3.093 ; RR ; IC     ; 1      ; FF_X51_Y113_N46     ; High Speed ; System|master_0|master_0|transacto|p2m|writedata[24]|clk ;
;   24.209 ;   0.000 ; RR ; CELL   ; 1      ; FF_X51_Y113_N46     ; High Speed ; System|master_0|master_0|transacto|p2m|writedata[24]     ;
;   24.461 ;   0.252 ;    ;        ;        ;                     ;            ; clock pessimism removed                                  ;
; 24.431   ; -0.030  ;    ;        ;        ;                     ;            ; clock uncertainty                                        ;
; 24.300   ; -0.131  ;    ; uTsu   ; 1      ; FF_X51_Y113_N46     ;            ; System|master_0|master_0|transacto|p2m|writedata[24]     ;
+----------+---------+----+--------+--------+---------------------+------------+----------------------------------------------------------+



Path #7: Recovery slack is 14.105 
===============================================================================
+------------------------------------------------------------------------------------------------------------------------------------+
; Path Summary                                                                                                                       ;
+---------------------------------+--------------------------------------------------------------------------------------------------+
; Property                        ; Value                                                                                            ;
+---------------------------------+--------------------------------------------------------------------------------------------------+
; From Node                       ; System|master_0|master_0|rst_controller|alt_rst_sync_uq1|altera_reset_synchronizer_int_chain_out ;
; To Node                         ; System|master_0|master_0|transacto|p2m|address[2]                                                ;
; Launch Clock                    ; CLK_50                                                                                           ;
; Latch Clock                     ; CLK_50                                                                                           ;
; SDC Exception                   ; No SDC Exception on Path                                                                         ;
; Data Arrival Time               ; 10.197                                                                                           ;
; Data Required Time              ; 24.302                                                                                           ;
; Slack                           ; 14.105                                                                                           ;
; Worst-Case Operating Conditions ; Slow 900mV 100C Model                                                                            ;
+---------------------------------+--------------------------------------------------------------------------------------------------+

+------------------------------------------------------------------------------------+
; Statistics                                                                         ;
+------------------------+--------+-------+-------------+------------+-------+-------+
; Property               ; Value  ; Count ; Total Delay ; % of Total ; Min   ; Max   ;
+------------------------+--------+-------+-------------+------------+-------+-------+
; Recovery Relationship  ; 20.000 ;       ;             ;            ;       ;       ;
; Clock Skew             ; -0.270 ;       ;             ;            ;       ;       ;
; Data Delay             ; 5.466  ;       ;             ;            ;       ;       ;
; Number of Logic Levels ;        ; 0     ;             ;            ;       ;       ;
; Physical Delays        ;        ;       ;             ;            ;       ;       ;
;  Arrival Path          ;        ;       ;             ;            ;       ;       ;
;   Clock                ;        ;       ;             ;            ;       ;       ;
;    IC                  ;        ; 3     ; 3.507       ; 74         ; 0.000 ; 3.507 ;
;    Cell                ;        ; 4     ; 1.224       ; 26         ; 0.000 ; 0.547 ;
;   Data                 ;        ;       ;             ;            ;       ;       ;
;    IC                  ;        ; 1     ; 5.085       ; 93         ; 5.085 ; 5.085 ;
;    Cell                ;        ; 2     ; 0.131       ; 2          ; 0.000 ; 0.131 ;
;    uTco                ;        ; 1     ; 0.250       ; 5          ; 0.250 ; 0.250 ;
;  Required Path         ;        ;       ;             ;            ;       ;       ;
;   Clock                ;        ;       ;             ;            ;       ;       ;
;    IC                  ;        ; 3     ; 3.093       ; 73         ; 0.000 ; 3.093 ;
;    Cell                ;        ; 4     ; 1.116       ; 27         ; 0.000 ; 0.547 ;
+------------------------+--------+-------+-------------+------------+-------+-------+
Note: Negative delays are omitted from totals when calculating percentages

+----------------------------------------------------------------------------------------------------------------------------------------------------------------------------------------------------+
; Data Arrival Path                                                                                                                                                                                  ;
+----------+---------+----+--------+--------+---------------------+------------+---------------------------------------------------------------------------------------------------------------------+
; Total    ; Incr    ; RF ; Type   ; Fanout ; Location            ; HS/LP      ; Element                                                                                                             ;
+----------+---------+----+--------+--------+---------------------+------------+---------------------------------------------------------------------------------------------------------------------+
; 0.000    ; 0.000   ;    ;        ;        ;                     ;            ; launch edge time                                                                                                    ;
; 0.000    ; 0.000   ;    ; borrow ;        ;                     ;            ; time borrowed                                                                                                       ;
; 4.731    ; 4.731   ;    ;        ;        ;                     ;            ; clock path                                                                                                          ;
;   0.000  ;   0.000 ;    ;        ;        ;                     ;            ; source latency                                                                                                      ;
;   0.000  ;   0.000 ;    ;        ; 1      ; PIN_AM10            ;            ; CLK_50                                                                                                              ;
;   0.000  ;   0.000 ; RR ; IC     ; 1      ; IOIBUF_X148_Y16_N32 ;            ; CLK_50~input|i                                                                                                      ;
;   0.547  ;   0.547 ; RR ; CELL   ; 1      ; IOIBUF_X148_Y16_N32 ;            ; CLK_50~input|o                                                                                                      ;
;   0.706  ;   0.159 ; RR ; CELL   ; 1      ; IOIBUF_X148_Y16_N32 ;            ; CLK_50~input~io_48_lvds_tile_edge/ioclkin[0]                                                                        ;
;   0.706  ;   0.000 ; RR ; IC     ; 2      ; CLKCTRL_3A_G_I20    ;            ; CLK_50~inputCLKENA0|inclk                                                                                           ;
;   1.224  ;   0.518 ; RR ; CELL   ; 178801 ; CLKCTRL_3A_G_I20    ;            ; CLK_50~inputCLKENA0|outclk                                                                                          ;
;   4.731  ;   3.507 ; RR ; IC     ; 1      ; FF_X79_Y60_N16      ; Low Power  ; System|master_0|master_0|rst_controller|alt_rst_sync_uq1|altera_reset_synchronizer_int_chain_out|clk                ;
;   4.731  ;   0.000 ; RR ; CELL   ; 1      ; FF_X79_Y60_N16      ; Low Power  ; System|master_0|master_0|rst_controller|alt_rst_sync_uq1|altera_reset_synchronizer_int_chain_out                    ;
; 10.197   ; 5.466   ;    ;        ;        ;                     ;            ; data path                                                                                                           ;
;   4.981  ;   0.250 ; RR ; uTco   ; 1      ; FF_X79_Y60_N16      ;            ; System|master_0|master_0|rst_controller|alt_rst_sync_uq1|altera_reset_synchronizer_int_chain_out|q                  ;
;   5.112  ;   0.131 ; RR ; CELL   ; 226    ; FF_X79_Y60_N16      ; Low Power  ; System|master_0|master_0|rst_controller|alt_rst_sync_uq1|altera_reset_synchronizer_int_chain_out~la_lab/laboutt[10] ;
;   10.197 ;   5.085 ; RR ; IC     ; 1      ; FF_X51_Y113_N58     ; Mixed      ; System|master_0|master_0|transacto|p2m|address[2]|clrn                                                              ;
;   10.197 ;   0.000 ; RR ; CELL   ; 1      ; FF_X51_Y113_N58     ; High Speed ; System|master_0|master_0|transacto|p2m|address[2]                                                                   ;
+----------+---------+----+--------+--------+---------------------+------------+---------------------------------------------------------------------------------------------------------------------+

+--------------------------------------------------------------------------------------------------------------------------------------+
; Data Required Path                                                                                                                   ;
+----------+---------+----+--------+--------+---------------------+------------+-------------------------------------------------------+
; Total    ; Incr    ; RF ; Type   ; Fanout ; Location            ; HS/LP      ; Element                                               ;
+----------+---------+----+--------+--------+---------------------+------------+-------------------------------------------------------+
; 20.000   ; 20.000  ;    ;        ;        ;                     ;            ; latch edge time                                       ;
; 20.000   ; 0.000   ;    ; borrow ;        ;                     ;            ; time borrowed                                         ;
; 24.461   ; 4.461   ;    ;        ;        ;                     ;            ; clock path                                            ;
;   20.000 ;   0.000 ;    ;        ;        ;                     ;            ; source latency                                        ;
;   20.000 ;   0.000 ;    ;        ; 1      ; PIN_AM10            ;            ; CLK_50                                                ;
;   20.000 ;   0.000 ; RR ; IC     ; 1      ; IOIBUF_X148_Y16_N32 ;            ; CLK_50~input|i                                        ;
;   20.547 ;   0.547 ; RR ; CELL   ; 1      ; IOIBUF_X148_Y16_N32 ;            ; CLK_50~input|o                                        ;
;   20.676 ;   0.129 ; RR ; CELL   ; 1      ; IOIBUF_X148_Y16_N32 ;            ; CLK_50~input~io_48_lvds_tile_edge/ioclkin[0]          ;
;   20.676 ;   0.000 ; RR ; IC     ; 2      ; CLKCTRL_3A_G_I20    ;            ; CLK_50~inputCLKENA0|inclk                             ;
;   21.116 ;   0.440 ; RR ; CELL   ; 178801 ; CLKCTRL_3A_G_I20    ;            ; CLK_50~inputCLKENA0|outclk                            ;
;   24.209 ;   3.093 ; RR ; IC     ; 1      ; FF_X51_Y113_N58     ; High Speed ; System|master_0|master_0|transacto|p2m|address[2]|clk ;
;   24.209 ;   0.000 ; RR ; CELL   ; 1      ; FF_X51_Y113_N58     ; High Speed ; System|master_0|master_0|transacto|p2m|address[2]     ;
;   24.461 ;   0.252 ;    ;        ;        ;                     ;            ; clock pessimism removed                               ;
; 24.431   ; -0.030  ;    ;        ;        ;                     ;            ; clock uncertainty                                     ;
; 24.302   ; -0.129  ;    ; uTsu   ; 1      ; FF_X51_Y113_N58     ;            ; System|master_0|master_0|transacto|p2m|address[2]     ;
+----------+---------+----+--------+--------+---------------------+------------+-------------------------------------------------------+



Path #8: Recovery slack is 14.105 
===============================================================================
+------------------------------------------------------------------------------------------------------------------------------------+
; Path Summary                                                                                                                       ;
+---------------------------------+--------------------------------------------------------------------------------------------------+
; Property                        ; Value                                                                                            ;
+---------------------------------+--------------------------------------------------------------------------------------------------+
; From Node                       ; System|master_0|master_0|rst_controller|alt_rst_sync_uq1|altera_reset_synchronizer_int_chain_out ;
; To Node                         ; System|master_0|master_0|transacto|p2m|address[3]                                                ;
; Launch Clock                    ; CLK_50                                                                                           ;
; Latch Clock                     ; CLK_50                                                                                           ;
; SDC Exception                   ; No SDC Exception on Path                                                                         ;
; Data Arrival Time               ; 10.197                                                                                           ;
; Data Required Time              ; 24.302                                                                                           ;
; Slack                           ; 14.105                                                                                           ;
; Worst-Case Operating Conditions ; Slow 900mV 100C Model                                                                            ;
+---------------------------------+--------------------------------------------------------------------------------------------------+

+------------------------------------------------------------------------------------+
; Statistics                                                                         ;
+------------------------+--------+-------+-------------+------------+-------+-------+
; Property               ; Value  ; Count ; Total Delay ; % of Total ; Min   ; Max   ;
+------------------------+--------+-------+-------------+------------+-------+-------+
; Recovery Relationship  ; 20.000 ;       ;             ;            ;       ;       ;
; Clock Skew             ; -0.270 ;       ;             ;            ;       ;       ;
; Data Delay             ; 5.466  ;       ;             ;            ;       ;       ;
; Number of Logic Levels ;        ; 0     ;             ;            ;       ;       ;
; Physical Delays        ;        ;       ;             ;            ;       ;       ;
;  Arrival Path          ;        ;       ;             ;            ;       ;       ;
;   Clock                ;        ;       ;             ;            ;       ;       ;
;    IC                  ;        ; 3     ; 3.507       ; 74         ; 0.000 ; 3.507 ;
;    Cell                ;        ; 4     ; 1.224       ; 26         ; 0.000 ; 0.547 ;
;   Data                 ;        ;       ;             ;            ;       ;       ;
;    IC                  ;        ; 1     ; 5.085       ; 93         ; 5.085 ; 5.085 ;
;    Cell                ;        ; 2     ; 0.131       ; 2          ; 0.000 ; 0.131 ;
;    uTco                ;        ; 1     ; 0.250       ; 5          ; 0.250 ; 0.250 ;
;  Required Path         ;        ;       ;             ;            ;       ;       ;
;   Clock                ;        ;       ;             ;            ;       ;       ;
;    IC                  ;        ; 3     ; 3.093       ; 73         ; 0.000 ; 3.093 ;
;    Cell                ;        ; 4     ; 1.116       ; 27         ; 0.000 ; 0.547 ;
+------------------------+--------+-------+-------------+------------+-------+-------+
Note: Negative delays are omitted from totals when calculating percentages

+----------------------------------------------------------------------------------------------------------------------------------------------------------------------------------------------------+
; Data Arrival Path                                                                                                                                                                                  ;
+----------+---------+----+--------+--------+---------------------+------------+---------------------------------------------------------------------------------------------------------------------+
; Total    ; Incr    ; RF ; Type   ; Fanout ; Location            ; HS/LP      ; Element                                                                                                             ;
+----------+---------+----+--------+--------+---------------------+------------+---------------------------------------------------------------------------------------------------------------------+
; 0.000    ; 0.000   ;    ;        ;        ;                     ;            ; launch edge time                                                                                                    ;
; 0.000    ; 0.000   ;    ; borrow ;        ;                     ;            ; time borrowed                                                                                                       ;
; 4.731    ; 4.731   ;    ;        ;        ;                     ;            ; clock path                                                                                                          ;
;   0.000  ;   0.000 ;    ;        ;        ;                     ;            ; source latency                                                                                                      ;
;   0.000  ;   0.000 ;    ;        ; 1      ; PIN_AM10            ;            ; CLK_50                                                                                                              ;
;   0.000  ;   0.000 ; RR ; IC     ; 1      ; IOIBUF_X148_Y16_N32 ;            ; CLK_50~input|i                                                                                                      ;
;   0.547  ;   0.547 ; RR ; CELL   ; 1      ; IOIBUF_X148_Y16_N32 ;            ; CLK_50~input|o                                                                                                      ;
;   0.706  ;   0.159 ; RR ; CELL   ; 1      ; IOIBUF_X148_Y16_N32 ;            ; CLK_50~input~io_48_lvds_tile_edge/ioclkin[0]                                                                        ;
;   0.706  ;   0.000 ; RR ; IC     ; 2      ; CLKCTRL_3A_G_I20    ;            ; CLK_50~inputCLKENA0|inclk                                                                                           ;
;   1.224  ;   0.518 ; RR ; CELL   ; 178801 ; CLKCTRL_3A_G_I20    ;            ; CLK_50~inputCLKENA0|outclk                                                                                          ;
;   4.731  ;   3.507 ; RR ; IC     ; 1      ; FF_X79_Y60_N16      ; Low Power  ; System|master_0|master_0|rst_controller|alt_rst_sync_uq1|altera_reset_synchronizer_int_chain_out|clk                ;
;   4.731  ;   0.000 ; RR ; CELL   ; 1      ; FF_X79_Y60_N16      ; Low Power  ; System|master_0|master_0|rst_controller|alt_rst_sync_uq1|altera_reset_synchronizer_int_chain_out                    ;
; 10.197   ; 5.466   ;    ;        ;        ;                     ;            ; data path                                                                                                           ;
;   4.981  ;   0.250 ; RR ; uTco   ; 1      ; FF_X79_Y60_N16      ;            ; System|master_0|master_0|rst_controller|alt_rst_sync_uq1|altera_reset_synchronizer_int_chain_out|q                  ;
;   5.112  ;   0.131 ; RR ; CELL   ; 226    ; FF_X79_Y60_N16      ; Low Power  ; System|master_0|master_0|rst_controller|alt_rst_sync_uq1|altera_reset_synchronizer_int_chain_out~la_lab/laboutt[10] ;
;   10.197 ;   5.085 ; RR ; IC     ; 1      ; FF_X51_Y113_N52     ; Mixed      ; System|master_0|master_0|transacto|p2m|address[3]|clrn                                                              ;
;   10.197 ;   0.000 ; RR ; CELL   ; 1      ; FF_X51_Y113_N52     ; High Speed ; System|master_0|master_0|transacto|p2m|address[3]                                                                   ;
+----------+---------+----+--------+--------+---------------------+------------+---------------------------------------------------------------------------------------------------------------------+

+--------------------------------------------------------------------------------------------------------------------------------------+
; Data Required Path                                                                                                                   ;
+----------+---------+----+--------+--------+---------------------+------------+-------------------------------------------------------+
; Total    ; Incr    ; RF ; Type   ; Fanout ; Location            ; HS/LP      ; Element                                               ;
+----------+---------+----+--------+--------+---------------------+------------+-------------------------------------------------------+
; 20.000   ; 20.000  ;    ;        ;        ;                     ;            ; latch edge time                                       ;
; 20.000   ; 0.000   ;    ; borrow ;        ;                     ;            ; time borrowed                                         ;
; 24.461   ; 4.461   ;    ;        ;        ;                     ;            ; clock path                                            ;
;   20.000 ;   0.000 ;    ;        ;        ;                     ;            ; source latency                                        ;
;   20.000 ;   0.000 ;    ;        ; 1      ; PIN_AM10            ;            ; CLK_50                                                ;
;   20.000 ;   0.000 ; RR ; IC     ; 1      ; IOIBUF_X148_Y16_N32 ;            ; CLK_50~input|i                                        ;
;   20.547 ;   0.547 ; RR ; CELL   ; 1      ; IOIBUF_X148_Y16_N32 ;            ; CLK_50~input|o                                        ;
;   20.676 ;   0.129 ; RR ; CELL   ; 1      ; IOIBUF_X148_Y16_N32 ;            ; CLK_50~input~io_48_lvds_tile_edge/ioclkin[0]          ;
;   20.676 ;   0.000 ; RR ; IC     ; 2      ; CLKCTRL_3A_G_I20    ;            ; CLK_50~inputCLKENA0|inclk                             ;
;   21.116 ;   0.440 ; RR ; CELL   ; 178801 ; CLKCTRL_3A_G_I20    ;            ; CLK_50~inputCLKENA0|outclk                            ;
;   24.209 ;   3.093 ; RR ; IC     ; 1      ; FF_X51_Y113_N52     ; High Speed ; System|master_0|master_0|transacto|p2m|address[3]|clk ;
;   24.209 ;   0.000 ; RR ; CELL   ; 1      ; FF_X51_Y113_N52     ; High Speed ; System|master_0|master_0|transacto|p2m|address[3]     ;
;   24.461 ;   0.252 ;    ;        ;        ;                     ;            ; clock pessimism removed                               ;
; 24.431   ; -0.030  ;    ;        ;        ;                     ;            ; clock uncertainty                                     ;
; 24.302   ; -0.129  ;    ; uTsu   ; 1      ; FF_X51_Y113_N52     ;            ; System|master_0|master_0|transacto|p2m|address[3]     ;
+----------+---------+----+--------+--------+---------------------+------------+-------------------------------------------------------+



Path #9: Recovery slack is 14.106 
===============================================================================
+------------------------------------------------------------------------------------------------------------------------------------+
; Path Summary                                                                                                                       ;
+---------------------------------+--------------------------------------------------------------------------------------------------+
; Property                        ; Value                                                                                            ;
+---------------------------------+--------------------------------------------------------------------------------------------------+
; From Node                       ; System|master_0|master_0|rst_controller|alt_rst_sync_uq1|altera_reset_synchronizer_int_chain_out ;
; To Node                         ; System|master_0|master_0|transacto|p2m|writedata[29]                                             ;
; Launch Clock                    ; CLK_50                                                                                           ;
; Latch Clock                     ; CLK_50                                                                                           ;
; SDC Exception                   ; No SDC Exception on Path                                                                         ;
; Data Arrival Time               ; 10.197                                                                                           ;
; Data Required Time              ; 24.303                                                                                           ;
; Slack                           ; 14.106                                                                                           ;
; Worst-Case Operating Conditions ; Slow 900mV 100C Model                                                                            ;
+---------------------------------+--------------------------------------------------------------------------------------------------+

+------------------------------------------------------------------------------------+
; Statistics                                                                         ;
+------------------------+--------+-------+-------------+------------+-------+-------+
; Property               ; Value  ; Count ; Total Delay ; % of Total ; Min   ; Max   ;
+------------------------+--------+-------+-------------+------------+-------+-------+
; Recovery Relationship  ; 20.000 ;       ;             ;            ;       ;       ;
; Clock Skew             ; -0.270 ;       ;             ;            ;       ;       ;
; Data Delay             ; 5.466  ;       ;             ;            ;       ;       ;
; Number of Logic Levels ;        ; 0     ;             ;            ;       ;       ;
; Physical Delays        ;        ;       ;             ;            ;       ;       ;
;  Arrival Path          ;        ;       ;             ;            ;       ;       ;
;   Clock                ;        ;       ;             ;            ;       ;       ;
;    IC                  ;        ; 3     ; 3.507       ; 74         ; 0.000 ; 3.507 ;
;    Cell                ;        ; 4     ; 1.224       ; 26         ; 0.000 ; 0.547 ;
;   Data                 ;        ;       ;             ;            ;       ;       ;
;    IC                  ;        ; 1     ; 5.085       ; 93         ; 5.085 ; 5.085 ;
;    Cell                ;        ; 2     ; 0.131       ; 2          ; 0.000 ; 0.131 ;
;    uTco                ;        ; 1     ; 0.250       ; 5          ; 0.250 ; 0.250 ;
;  Required Path         ;        ;       ;             ;            ;       ;       ;
;   Clock                ;        ;       ;             ;            ;       ;       ;
;    IC                  ;        ; 3     ; 3.093       ; 73         ; 0.000 ; 3.093 ;
;    Cell                ;        ; 4     ; 1.116       ; 27         ; 0.000 ; 0.547 ;
+------------------------+--------+-------+-------------+------------+-------+-------+
Note: Negative delays are omitted from totals when calculating percentages

+----------------------------------------------------------------------------------------------------------------------------------------------------------------------------------------------------+
; Data Arrival Path                                                                                                                                                                                  ;
+----------+---------+----+--------+--------+---------------------+------------+---------------------------------------------------------------------------------------------------------------------+
; Total    ; Incr    ; RF ; Type   ; Fanout ; Location            ; HS/LP      ; Element                                                                                                             ;
+----------+---------+----+--------+--------+---------------------+------------+---------------------------------------------------------------------------------------------------------------------+
; 0.000    ; 0.000   ;    ;        ;        ;                     ;            ; launch edge time                                                                                                    ;
; 0.000    ; 0.000   ;    ; borrow ;        ;                     ;            ; time borrowed                                                                                                       ;
; 4.731    ; 4.731   ;    ;        ;        ;                     ;            ; clock path                                                                                                          ;
;   0.000  ;   0.000 ;    ;        ;        ;                     ;            ; source latency                                                                                                      ;
;   0.000  ;   0.000 ;    ;        ; 1      ; PIN_AM10            ;            ; CLK_50                                                                                                              ;
;   0.000  ;   0.000 ; RR ; IC     ; 1      ; IOIBUF_X148_Y16_N32 ;            ; CLK_50~input|i                                                                                                      ;
;   0.547  ;   0.547 ; RR ; CELL   ; 1      ; IOIBUF_X148_Y16_N32 ;            ; CLK_50~input|o                                                                                                      ;
;   0.706  ;   0.159 ; RR ; CELL   ; 1      ; IOIBUF_X148_Y16_N32 ;            ; CLK_50~input~io_48_lvds_tile_edge/ioclkin[0]                                                                        ;
;   0.706  ;   0.000 ; RR ; IC     ; 2      ; CLKCTRL_3A_G_I20    ;            ; CLK_50~inputCLKENA0|inclk                                                                                           ;
;   1.224  ;   0.518 ; RR ; CELL   ; 178801 ; CLKCTRL_3A_G_I20    ;            ; CLK_50~inputCLKENA0|outclk                                                                                          ;
;   4.731  ;   3.507 ; RR ; IC     ; 1      ; FF_X79_Y60_N16      ; Low Power  ; System|master_0|master_0|rst_controller|alt_rst_sync_uq1|altera_reset_synchronizer_int_chain_out|clk                ;
;   4.731  ;   0.000 ; RR ; CELL   ; 1      ; FF_X79_Y60_N16      ; Low Power  ; System|master_0|master_0|rst_controller|alt_rst_sync_uq1|altera_reset_synchronizer_int_chain_out                    ;
; 10.197   ; 5.466   ;    ;        ;        ;                     ;            ; data path                                                                                                           ;
;   4.981  ;   0.250 ; RR ; uTco   ; 1      ; FF_X79_Y60_N16      ;            ; System|master_0|master_0|rst_controller|alt_rst_sync_uq1|altera_reset_synchronizer_int_chain_out|q                  ;
;   5.112  ;   0.131 ; RR ; CELL   ; 226    ; FF_X79_Y60_N16      ; Low Power  ; System|master_0|master_0|rst_controller|alt_rst_sync_uq1|altera_reset_synchronizer_int_chain_out~la_lab/laboutt[10] ;
;   10.197 ;   5.085 ; RR ; IC     ; 1      ; FF_X51_Y113_N13     ; Mixed      ; System|master_0|master_0|transacto|p2m|writedata[29]|clrn                                                           ;
;   10.197 ;   0.000 ; RR ; CELL   ; 1      ; FF_X51_Y113_N13     ; High Speed ; System|master_0|master_0|transacto|p2m|writedata[29]                                                                ;
+----------+---------+----+--------+--------+---------------------+------------+---------------------------------------------------------------------------------------------------------------------+

+-----------------------------------------------------------------------------------------------------------------------------------------+
; Data Required Path                                                                                                                      ;
+----------+---------+----+--------+--------+---------------------+------------+----------------------------------------------------------+
; Total    ; Incr    ; RF ; Type   ; Fanout ; Location            ; HS/LP      ; Element                                                  ;
+----------+---------+----+--------+--------+---------------------+------------+----------------------------------------------------------+
; 20.000   ; 20.000  ;    ;        ;        ;                     ;            ; latch edge time                                          ;
; 20.000   ; 0.000   ;    ; borrow ;        ;                     ;            ; time borrowed                                            ;
; 24.461   ; 4.461   ;    ;        ;        ;                     ;            ; clock path                                               ;
;   20.000 ;   0.000 ;    ;        ;        ;                     ;            ; source latency                                           ;
;   20.000 ;   0.000 ;    ;        ; 1      ; PIN_AM10            ;            ; CLK_50                                                   ;
;   20.000 ;   0.000 ; RR ; IC     ; 1      ; IOIBUF_X148_Y16_N32 ;            ; CLK_50~input|i                                           ;
;   20.547 ;   0.547 ; RR ; CELL   ; 1      ; IOIBUF_X148_Y16_N32 ;            ; CLK_50~input|o                                           ;
;   20.676 ;   0.129 ; RR ; CELL   ; 1      ; IOIBUF_X148_Y16_N32 ;            ; CLK_50~input~io_48_lvds_tile_edge/ioclkin[0]             ;
;   20.676 ;   0.000 ; RR ; IC     ; 2      ; CLKCTRL_3A_G_I20    ;            ; CLK_50~inputCLKENA0|inclk                                ;
;   21.116 ;   0.440 ; RR ; CELL   ; 178801 ; CLKCTRL_3A_G_I20    ;            ; CLK_50~inputCLKENA0|outclk                               ;
;   24.209 ;   3.093 ; RR ; IC     ; 1      ; FF_X51_Y113_N13     ; High Speed ; System|master_0|master_0|transacto|p2m|writedata[29]|clk ;
;   24.209 ;   0.000 ; RR ; CELL   ; 1      ; FF_X51_Y113_N13     ; High Speed ; System|master_0|master_0|transacto|p2m|writedata[29]     ;
;   24.461 ;   0.252 ;    ;        ;        ;                     ;            ; clock pessimism removed                                  ;
; 24.431   ; -0.030  ;    ;        ;        ;                     ;            ; clock uncertainty                                        ;
; 24.303   ; -0.128  ;    ; uTsu   ; 1      ; FF_X51_Y113_N13     ;            ; System|master_0|master_0|transacto|p2m|writedata[29]     ;
+----------+---------+----+--------+--------+---------------------+------------+----------------------------------------------------------+



Path #10: Recovery slack is 14.107 
===============================================================================
+------------------------------------------------------------------------------------------------------------------------------------+
; Path Summary                                                                                                                       ;
+---------------------------------+--------------------------------------------------------------------------------------------------+
; Property                        ; Value                                                                                            ;
+---------------------------------+--------------------------------------------------------------------------------------------------+
; From Node                       ; System|master_0|master_0|rst_controller|alt_rst_sync_uq1|altera_reset_synchronizer_int_chain_out ;
; To Node                         ; System|master_0|master_0|transacto|p2m|writedata[26]                                             ;
; Launch Clock                    ; CLK_50                                                                                           ;
; Latch Clock                     ; CLK_50                                                                                           ;
; SDC Exception                   ; No SDC Exception on Path                                                                         ;
; Data Arrival Time               ; 10.197                                                                                           ;
; Data Required Time              ; 24.304                                                                                           ;
; Slack                           ; 14.107                                                                                           ;
; Worst-Case Operating Conditions ; Slow 900mV 100C Model                                                                            ;
+---------------------------------+--------------------------------------------------------------------------------------------------+

+------------------------------------------------------------------------------------+
; Statistics                                                                         ;
+------------------------+--------+-------+-------------+------------+-------+-------+
; Property               ; Value  ; Count ; Total Delay ; % of Total ; Min   ; Max   ;
+------------------------+--------+-------+-------------+------------+-------+-------+
; Recovery Relationship  ; 20.000 ;       ;             ;            ;       ;       ;
; Clock Skew             ; -0.270 ;       ;             ;            ;       ;       ;
; Data Delay             ; 5.466  ;       ;             ;            ;       ;       ;
; Number of Logic Levels ;        ; 0     ;             ;            ;       ;       ;
; Physical Delays        ;        ;       ;             ;            ;       ;       ;
;  Arrival Path          ;        ;       ;             ;            ;       ;       ;
;   Clock                ;        ;       ;             ;            ;       ;       ;
;    IC                  ;        ; 3     ; 3.507       ; 74         ; 0.000 ; 3.507 ;
;    Cell                ;        ; 4     ; 1.224       ; 26         ; 0.000 ; 0.547 ;
;   Data                 ;        ;       ;             ;            ;       ;       ;
;    IC                  ;        ; 1     ; 5.085       ; 93         ; 5.085 ; 5.085 ;
;    Cell                ;        ; 2     ; 0.131       ; 2          ; 0.000 ; 0.131 ;
;    uTco                ;        ; 1     ; 0.250       ; 5          ; 0.250 ; 0.250 ;
;  Required Path         ;        ;       ;             ;            ;       ;       ;
;   Clock                ;        ;       ;             ;            ;       ;       ;
;    IC                  ;        ; 3     ; 3.093       ; 73         ; 0.000 ; 3.093 ;
;    Cell                ;        ; 4     ; 1.116       ; 27         ; 0.000 ; 0.547 ;
+------------------------+--------+-------+-------------+------------+-------+-------+
Note: Negative delays are omitted from totals when calculating percentages

+----------------------------------------------------------------------------------------------------------------------------------------------------------------------------------------------------+
; Data Arrival Path                                                                                                                                                                                  ;
+----------+---------+----+--------+--------+---------------------+------------+---------------------------------------------------------------------------------------------------------------------+
; Total    ; Incr    ; RF ; Type   ; Fanout ; Location            ; HS/LP      ; Element                                                                                                             ;
+----------+---------+----+--------+--------+---------------------+------------+---------------------------------------------------------------------------------------------------------------------+
; 0.000    ; 0.000   ;    ;        ;        ;                     ;            ; launch edge time                                                                                                    ;
; 0.000    ; 0.000   ;    ; borrow ;        ;                     ;            ; time borrowed                                                                                                       ;
; 4.731    ; 4.731   ;    ;        ;        ;                     ;            ; clock path                                                                                                          ;
;   0.000  ;   0.000 ;    ;        ;        ;                     ;            ; source latency                                                                                                      ;
;   0.000  ;   0.000 ;    ;        ; 1      ; PIN_AM10            ;            ; CLK_50                                                                                                              ;
;   0.000  ;   0.000 ; RR ; IC     ; 1      ; IOIBUF_X148_Y16_N32 ;            ; CLK_50~input|i                                                                                                      ;
;   0.547  ;   0.547 ; RR ; CELL   ; 1      ; IOIBUF_X148_Y16_N32 ;            ; CLK_50~input|o                                                                                                      ;
;   0.706  ;   0.159 ; RR ; CELL   ; 1      ; IOIBUF_X148_Y16_N32 ;            ; CLK_50~input~io_48_lvds_tile_edge/ioclkin[0]                                                                        ;
;   0.706  ;   0.000 ; RR ; IC     ; 2      ; CLKCTRL_3A_G_I20    ;            ; CLK_50~inputCLKENA0|inclk                                                                                           ;
;   1.224  ;   0.518 ; RR ; CELL   ; 178801 ; CLKCTRL_3A_G_I20    ;            ; CLK_50~inputCLKENA0|outclk                                                                                          ;
;   4.731  ;   3.507 ; RR ; IC     ; 1      ; FF_X79_Y60_N16      ; Low Power  ; System|master_0|master_0|rst_controller|alt_rst_sync_uq1|altera_reset_synchronizer_int_chain_out|clk                ;
;   4.731  ;   0.000 ; RR ; CELL   ; 1      ; FF_X79_Y60_N16      ; Low Power  ; System|master_0|master_0|rst_controller|alt_rst_sync_uq1|altera_reset_synchronizer_int_chain_out                    ;
; 10.197   ; 5.466   ;    ;        ;        ;                     ;            ; data path                                                                                                           ;
;   4.981  ;   0.250 ; RR ; uTco   ; 1      ; FF_X79_Y60_N16      ;            ; System|master_0|master_0|rst_controller|alt_rst_sync_uq1|altera_reset_synchronizer_int_chain_out|q                  ;
;   5.112  ;   0.131 ; RR ; CELL   ; 226    ; FF_X79_Y60_N16      ; Low Power  ; System|master_0|master_0|rst_controller|alt_rst_sync_uq1|altera_reset_synchronizer_int_chain_out~la_lab/laboutt[10] ;
;   10.197 ;   5.085 ; RR ; IC     ; 1      ; FF_X51_Y113_N1      ; Mixed      ; System|master_0|master_0|transacto|p2m|writedata[26]|clrn                                                           ;
;   10.197 ;   0.000 ; RR ; CELL   ; 1      ; FF_X51_Y113_N1      ; High Speed ; System|master_0|master_0|transacto|p2m|writedata[26]                                                                ;
+----------+---------+----+--------+--------+---------------------+------------+---------------------------------------------------------------------------------------------------------------------+

+-----------------------------------------------------------------------------------------------------------------------------------------+
; Data Required Path                                                                                                                      ;
+----------+---------+----+--------+--------+---------------------+------------+----------------------------------------------------------+
; Total    ; Incr    ; RF ; Type   ; Fanout ; Location            ; HS/LP      ; Element                                                  ;
+----------+---------+----+--------+--------+---------------------+------------+----------------------------------------------------------+
; 20.000   ; 20.000  ;    ;        ;        ;                     ;            ; latch edge time                                          ;
; 20.000   ; 0.000   ;    ; borrow ;        ;                     ;            ; time borrowed                                            ;
; 24.461   ; 4.461   ;    ;        ;        ;                     ;            ; clock path                                               ;
;   20.000 ;   0.000 ;    ;        ;        ;                     ;            ; source latency                                           ;
;   20.000 ;   0.000 ;    ;        ; 1      ; PIN_AM10            ;            ; CLK_50                                                   ;
;   20.000 ;   0.000 ; RR ; IC     ; 1      ; IOIBUF_X148_Y16_N32 ;            ; CLK_50~input|i                                           ;
;   20.547 ;   0.547 ; RR ; CELL   ; 1      ; IOIBUF_X148_Y16_N32 ;            ; CLK_50~input|o                                           ;
;   20.676 ;   0.129 ; RR ; CELL   ; 1      ; IOIBUF_X148_Y16_N32 ;            ; CLK_50~input~io_48_lvds_tile_edge/ioclkin[0]             ;
;   20.676 ;   0.000 ; RR ; IC     ; 2      ; CLKCTRL_3A_G_I20    ;            ; CLK_50~inputCLKENA0|inclk                                ;
;   21.116 ;   0.440 ; RR ; CELL   ; 178801 ; CLKCTRL_3A_G_I20    ;            ; CLK_50~inputCLKENA0|outclk                               ;
;   24.209 ;   3.093 ; RR ; IC     ; 1      ; FF_X51_Y113_N1      ; High Speed ; System|master_0|master_0|transacto|p2m|writedata[26]|clk ;
;   24.209 ;   0.000 ; RR ; CELL   ; 1      ; FF_X51_Y113_N1      ; High Speed ; System|master_0|master_0|transacto|p2m|writedata[26]     ;
;   24.461 ;   0.252 ;    ;        ;        ;                     ;            ; clock pessimism removed                                  ;
; 24.431   ; -0.030  ;    ;        ;        ;                     ;            ; clock uncertainty                                        ;
; 24.304   ; -0.127  ;    ; uTsu   ; 1      ; FF_X51_Y113_N1      ;            ; System|master_0|master_0|transacto|p2m|writedata[26]     ;
+----------+---------+----+--------+--------+---------------------+------------+----------------------------------------------------------+



----------------
; Command Info ;
----------------
Report Timing: Found 10 removal paths (0 violated).  Worst case slack is 0.168 

Tcl Command:
    report_timing -removal -panel_name {Worst-Case Timing Paths||Removal||CLK_50} -to_clock [get_clocks {CLK_50}] -npaths 10 -detail full_path

Options:
    -to_clock [get_clocks {CLK_50}] 
    -removal 
    -npaths 10 
    -detail full_path 
    -panel_name {CLK_50} 

Snapshot:
    final

Delay Models:
    Slow 900mV 100C Model
    Slow 900mV 0C Model
    Fast 900mV 100C Model
    Fast 900mV 0C Model


+------------------------------------------------------------------------------------------------------------------------------------------------------------------------------------------------------------------------------------------------------------------------------------------------------------------------------------------------------------------------------------------------------------------+
; Summary of Paths                                                                                                                                                                                                                                                                                                                                                                                                 ;
+-------+-----------------------------------------------------------------------------------------------------------------------------------------------------------------+--------------------------------------------------------------------------------------------------------------------------------+--------------+-------------+--------------+------------+------------+---------------------------------+
; Slack ; From Node                                                                                                                                                       ; To Node                                                                                                                        ; Launch Clock ; Latch Clock ; Relationship ; Clock Skew ; Data Delay ; Worst-Case Operating Conditions ;
+-------+-----------------------------------------------------------------------------------------------------------------------------------------------------------------+--------------------------------------------------------------------------------------------------------------------------------+--------------+-------------+--------------+------------+------------+---------------------------------+
; 0.168 ; System|rst_controller|r_sync_rst                                                                                                                                ; System|npu_system_0|npu_system_22|sa_start_trigger_int8                                                                        ; CLK_50       ; CLK_50      ; 0.000        ; 0.000      ; 0.219      ; Fast 900mV 0C Model             ;
; 0.169 ; System|rst_controller|r_sync_rst                                                                                                                                ; System|npu_system_0|npu_system_22|sa_start_trigger_16                                                                          ; CLK_50       ; CLK_50      ; 0.000        ; 0.000      ; 0.219      ; Fast 900mV 0C Model             ;
; 0.169 ; System|rst_controller|r_sync_rst                                                                                                                                ; System|npu_system_0|npu_system_22|sa_start_trigger                                                                             ; CLK_50       ; CLK_50      ; 0.000        ; 0.000      ; 0.219      ; Fast 900mV 0C Model             ;
; 0.243 ; System|master_0|master_0|jtag_phy_embedded_in_jtag_master|normal.jtag_dc_streaming|sink_crosser|alt_rst_req_sync_in_rst|altera_reset_synchronizer_int_chain_out ; System|master_0|master_0|jtag_phy_embedded_in_jtag_master|normal.jtag_dc_streaming|sink_crosser|out_to_in_synchronizer|dreg[4] ; CLK_50       ; CLK_50      ; 0.000        ; 0.012      ; 0.323      ; Fast 900mV 0C Model             ;
; 0.243 ; System|master_0|master_0|jtag_phy_embedded_in_jtag_master|normal.jtag_dc_streaming|sink_crosser|alt_rst_req_sync_in_rst|altera_reset_synchronizer_int_chain_out ; System|master_0|master_0|jtag_phy_embedded_in_jtag_master|normal.jtag_dc_streaming|sink_crosser|in_data_toggle                 ; CLK_50       ; CLK_50      ; 0.000        ; 0.012      ; 0.323      ; Fast 900mV 0C Model             ;
; 0.244 ; System|master_0|master_0|jtag_phy_embedded_in_jtag_master|normal.jtag_dc_streaming|sink_crosser|alt_rst_req_sync_in_rst|altera_reset_synchronizer_int_chain_out ; System|master_0|master_0|jtag_phy_embedded_in_jtag_master|normal.jtag_dc_streaming|sink_crosser|out_to_in_synchronizer|dreg[0] ; CLK_50       ; CLK_50      ; 0.000        ; 0.012      ; 0.323      ; Fast 900mV 0C Model             ;
; 0.244 ; System|master_0|master_0|jtag_phy_embedded_in_jtag_master|normal.jtag_dc_streaming|sink_crosser|alt_rst_req_sync_in_rst|altera_reset_synchronizer_int_chain_out ; System|master_0|master_0|jtag_phy_embedded_in_jtag_master|normal.jtag_dc_streaming|sink_crosser|out_to_in_synchronizer|dreg[2] ; CLK_50       ; CLK_50      ; 0.000        ; 0.012      ; 0.323      ; Fast 900mV 0C Model             ;
; 0.244 ; System|master_0|master_0|jtag_phy_embedded_in_jtag_master|normal.jtag_dc_streaming|sink_crosser|alt_rst_req_sync_in_rst|altera_reset_synchronizer_int_chain_out ; System|master_0|master_0|jtag_phy_embedded_in_jtag_master|normal.jtag_dc_streaming|sink_crosser|out_to_in_synchronizer|dreg[6] ; CLK_50       ; CLK_50      ; 0.000        ; 0.012      ; 0.323      ; Fast 900mV 0C Model             ;
; 0.244 ; System|master_0|master_0|jtag_phy_embedded_in_jtag_master|normal.jtag_dc_streaming|sink_crosser|alt_rst_req_sync_in_rst|altera_reset_synchronizer_int_chain_out ; System|master_0|master_0|jtag_phy_embedded_in_jtag_master|normal.jtag_dc_streaming|sink_crosser|in_data_buffer[1]              ; CLK_50       ; CLK_50      ; 0.000        ; 0.012      ; 0.323      ; Fast 900mV 0C Model             ;
; 0.245 ; System|master_0|master_0|jtag_phy_embedded_in_jtag_master|normal.jtag_dc_streaming|sink_crosser|alt_rst_req_sync_in_rst|altera_reset_synchronizer_int_chain_out ; System|master_0|master_0|jtag_phy_embedded_in_jtag_master|normal.jtag_dc_streaming|sink_crosser|out_to_in_synchronizer|dreg[3] ; CLK_50       ; CLK_50      ; 0.000        ; 0.012      ; 0.323      ; Fast 900mV 0C Model             ;
+-------+-----------------------------------------------------------------------------------------------------------------------------------------------------------------+--------------------------------------------------------------------------------------------------------------------------------+--------------+-------------+--------------+------------+------------+---------------------------------+


Path #1: Removal slack is 0.168 
===============================================================================
+-------------------------------------------------------------------------------------------+
; Path Summary                                                                              ;
+---------------------------------+---------------------------------------------------------+
; Property                        ; Value                                                   ;
+---------------------------------+---------------------------------------------------------+
; From Node                       ; System|rst_controller|r_sync_rst                        ;
; To Node                         ; System|npu_system_0|npu_system_22|sa_start_trigger_int8 ;
; Launch Clock                    ; CLK_50                                                  ;
; Latch Clock                     ; CLK_50                                                  ;
; SDC Exception                   ; No SDC Exception on Path                                ;
; Data Arrival Time               ; 2.609                                                   ;
; Data Required Time              ; 2.441                                                   ;
; Slack                           ; 0.168                                                   ;
; Worst-Case Operating Conditions ; Fast 900mV 0C Model                                     ;
+---------------------------------+---------------------------------------------------------+

+-----------------------------------------------------------------------------------+
; Statistics                                                                        ;
+------------------------+-------+-------+-------------+------------+-------+-------+
; Property               ; Value ; Count ; Total Delay ; % of Total ; Min   ; Max   ;
+------------------------+-------+-------+-------------+------------+-------+-------+
; Removal Relationship   ; 0.000 ;       ;             ;            ;       ;       ;
; Clock Skew             ; 0.000 ;       ;             ;            ;       ;       ;
; Data Delay             ; 0.219 ;       ;             ;            ;       ;       ;
; Number of Logic Levels ;       ; 0     ;             ;            ;       ;       ;
; Physical Delays        ;       ;       ;             ;            ;       ;       ;
;  Arrival Path          ;       ;       ;             ;            ;       ;       ;
;   Clock                ;       ;       ;             ;            ;       ;       ;
;    IC                  ;       ; 3     ; 1.839       ; 77         ; 0.000 ; 1.839 ;
;    Cell                ;       ; 4     ; 0.551       ; 23         ; 0.000 ; 0.261 ;
;   Data                 ;       ;       ;             ;            ;       ;       ;
;    IC                  ;       ; 1     ; 0.089       ; 41         ; 0.089 ; 0.089 ;
;    Cell                ;       ; 2     ; 0.032       ; 15         ; 0.000 ; 0.032 ;
;    uTco                ;       ; 1     ; 0.098       ; 45         ; 0.098 ; 0.098 ;
;  Required Path         ;       ;       ;             ;            ;       ;       ;
;   Clock                ;       ;       ;             ;            ;       ;       ;
;    IC                  ;       ; 3     ; 2.003       ; 77         ; 0.000 ; 2.003 ;
;    Cell                ;       ; 4     ; 0.613       ; 23         ; 0.000 ; 0.277 ;
+------------------------+-------+-------+-------------+------------+-------+-------+
Note: Negative delays are omitted from totals when calculating percentages

+--------------------------------------------------------------------------------------------------------------------------------------------+
; Data Arrival Path                                                                                                                          ;
+---------+---------+----+--------+--------+---------------------+------------+--------------------------------------------------------------+
; Total   ; Incr    ; RF ; Type   ; Fanout ; Location            ; HS/LP      ; Element                                                      ;
+---------+---------+----+--------+--------+---------------------+------------+--------------------------------------------------------------+
; 0.000   ; 0.000   ;    ;        ;        ;                     ;            ; launch edge time                                             ;
; 0.000   ; 0.000   ;    ; borrow ;        ;                     ;            ; time borrowed                                                ;
; 2.390   ; 2.390   ;    ;        ;        ;                     ;            ; clock path                                                   ;
;   0.000 ;   0.000 ;    ;        ;        ;                     ;            ; source latency                                               ;
;   0.000 ;   0.000 ;    ;        ; 1      ; PIN_AM10            ;            ; CLK_50                                                       ;
;   0.000 ;   0.000 ; RR ; IC     ; 1      ; IOIBUF_X148_Y16_N32 ;            ; CLK_50~input|i                                               ;
;   0.261 ;   0.261 ; RR ; CELL   ; 1      ; IOIBUF_X148_Y16_N32 ;            ; CLK_50~input|o                                               ;
;   0.322 ;   0.061 ; RR ; CELL   ; 1      ; IOIBUF_X148_Y16_N32 ;            ; CLK_50~input~io_48_lvds_tile_edge/ioclkin[0]                 ;
;   0.322 ;   0.000 ; RR ; IC     ; 2      ; CLKCTRL_3A_G_I20    ;            ; CLK_50~inputCLKENA0|inclk                                    ;
;   0.551 ;   0.229 ; RR ; CELL   ; 178801 ; CLKCTRL_3A_G_I20    ;            ; CLK_50~inputCLKENA0|outclk                                   ;
;   2.390 ;   1.839 ; RR ; IC     ; 1      ; FF_X1_Y73_N32       ; High Speed ; System|rst_controller|r_sync_rst|clk                         ;
;   2.390 ;   0.000 ; RR ; CELL   ; 1      ; FF_X1_Y73_N32       ; High Speed ; System|rst_controller|r_sync_rst                             ;
; 2.609   ; 0.219   ;    ;        ;        ;                     ;            ; data path                                                    ;
;   2.488 ;   0.098 ; FF ; uTco   ; 2      ; FF_X1_Y73_N32       ;            ; System|rst_controller|r_sync_rst|q                           ;
;   2.520 ;   0.032 ; FF ; CELL   ; 108    ; FF_X1_Y73_N32       ; High Speed ; System|rst_controller|r_sync_rst~la_lab/laboutb[1]           ;
;   2.609 ;   0.089 ; FF ; IC     ; 1      ; FF_X1_Y73_N25       ; High Speed ; System|npu_system_0|npu_system_22|sa_start_trigger_int8|clrn ;
;   2.609 ;   0.000 ; FF ; CELL   ; 1      ; FF_X1_Y73_N25       ; High Speed ; System|npu_system_0|npu_system_22|sa_start_trigger_int8      ;
+---------+---------+----+--------+--------+---------------------+------------+--------------------------------------------------------------+

+--------------------------------------------------------------------------------------------------------------------------------------------+
; Data Required Path                                                                                                                         ;
+---------+----------+----+--------+--------+---------------------+------------+-------------------------------------------------------------+
; Total   ; Incr     ; RF ; Type   ; Fanout ; Location            ; HS/LP      ; Element                                                     ;
+---------+----------+----+--------+--------+---------------------+------------+-------------------------------------------------------------+
; 0.000   ; 0.000    ;    ;        ;        ;                     ;            ; latch edge time                                             ;
; 0.000   ; 0.000    ;    ; borrow ;        ;                     ;            ; time borrowed                                               ;
; 2.390   ; 2.390    ;    ;        ;        ;                     ;            ; clock path                                                  ;
;   0.000 ;   0.000  ;    ;        ;        ;                     ;            ; source latency                                              ;
;   0.000 ;   0.000  ;    ;        ; 1      ; PIN_AM10            ;            ; CLK_50                                                      ;
;   0.000 ;   0.000  ; RR ; IC     ; 1      ; IOIBUF_X148_Y16_N32 ;            ; CLK_50~input|i                                              ;
;   0.261 ;   0.261  ; RR ; CELL   ; 1      ; IOIBUF_X148_Y16_N32 ;            ; CLK_50~input|o                                              ;
;   0.336 ;   0.075  ; RR ; CELL   ; 1      ; IOIBUF_X148_Y16_N32 ;            ; CLK_50~input~io_48_lvds_tile_edge/ioclkin[0]                ;
;   0.336 ;   0.000  ; RR ; IC     ; 2      ; CLKCTRL_3A_G_I20    ;            ; CLK_50~inputCLKENA0|inclk                                   ;
;   0.613 ;   0.277  ; RR ; CELL   ; 178801 ; CLKCTRL_3A_G_I20    ;            ; CLK_50~inputCLKENA0|outclk                                  ;
;   2.616 ;   2.003  ; RR ; IC     ; 1      ; FF_X1_Y73_N25       ; High Speed ; System|npu_system_0|npu_system_22|sa_start_trigger_int8|clk ;
;   2.616 ;   0.000  ; RR ; CELL   ; 1      ; FF_X1_Y73_N25       ; High Speed ; System|npu_system_0|npu_system_22|sa_start_trigger_int8     ;
;   2.390 ;   -0.226 ;    ;        ;        ;                     ;            ; clock pessimism removed                                     ;
; 2.390   ; 0.000    ;    ;        ;        ;                     ;            ; clock uncertainty                                           ;
; 2.441   ; 0.051    ;    ; uTh    ; 1      ; FF_X1_Y73_N25       ;            ; System|npu_system_0|npu_system_22|sa_start_trigger_int8     ;
+---------+----------+----+--------+--------+---------------------+------------+-------------------------------------------------------------+



Path #2: Removal slack is 0.169 
===============================================================================
+-----------------------------------------------------------------------------------------+
; Path Summary                                                                            ;
+---------------------------------+-------------------------------------------------------+
; Property                        ; Value                                                 ;
+---------------------------------+-------------------------------------------------------+
; From Node                       ; System|rst_controller|r_sync_rst                      ;
; To Node                         ; System|npu_system_0|npu_system_22|sa_start_trigger_16 ;
; Launch Clock                    ; CLK_50                                                ;
; Latch Clock                     ; CLK_50                                                ;
; SDC Exception                   ; No SDC Exception on Path                              ;
; Data Arrival Time               ; 2.609                                                 ;
; Data Required Time              ; 2.440                                                 ;
; Slack                           ; 0.169                                                 ;
; Worst-Case Operating Conditions ; Fast 900mV 0C Model                                   ;
+---------------------------------+-------------------------------------------------------+

+-----------------------------------------------------------------------------------+
; Statistics                                                                        ;
+------------------------+-------+-------+-------------+------------+-------+-------+
; Property               ; Value ; Count ; Total Delay ; % of Total ; Min   ; Max   ;
+------------------------+-------+-------+-------------+------------+-------+-------+
; Removal Relationship   ; 0.000 ;       ;             ;            ;       ;       ;
; Clock Skew             ; 0.000 ;       ;             ;            ;       ;       ;
; Data Delay             ; 0.219 ;       ;             ;            ;       ;       ;
; Number of Logic Levels ;       ; 0     ;             ;            ;       ;       ;
; Physical Delays        ;       ;       ;             ;            ;       ;       ;
;  Arrival Path          ;       ;       ;             ;            ;       ;       ;
;   Clock                ;       ;       ;             ;            ;       ;       ;
;    IC                  ;       ; 3     ; 1.839       ; 77         ; 0.000 ; 1.839 ;
;    Cell                ;       ; 4     ; 0.551       ; 23         ; 0.000 ; 0.261 ;
;   Data                 ;       ;       ;             ;            ;       ;       ;
;    IC                  ;       ; 1     ; 0.089       ; 41         ; 0.089 ; 0.089 ;
;    Cell                ;       ; 2     ; 0.032       ; 15         ; 0.000 ; 0.032 ;
;    uTco                ;       ; 1     ; 0.098       ; 45         ; 0.098 ; 0.098 ;
;  Required Path         ;       ;       ;             ;            ;       ;       ;
;   Clock                ;       ;       ;             ;            ;       ;       ;
;    IC                  ;       ; 3     ; 2.003       ; 77         ; 0.000 ; 2.003 ;
;    Cell                ;       ; 4     ; 0.613       ; 23         ; 0.000 ; 0.277 ;
+------------------------+-------+-------+-------------+------------+-------+-------+
Note: Negative delays are omitted from totals when calculating percentages

+------------------------------------------------------------------------------------------------------------------------------------------+
; Data Arrival Path                                                                                                                        ;
+---------+---------+----+--------+--------+---------------------+------------+------------------------------------------------------------+
; Total   ; Incr    ; RF ; Type   ; Fanout ; Location            ; HS/LP      ; Element                                                    ;
+---------+---------+----+--------+--------+---------------------+------------+------------------------------------------------------------+
; 0.000   ; 0.000   ;    ;        ;        ;                     ;            ; launch edge time                                           ;
; 0.000   ; 0.000   ;    ; borrow ;        ;                     ;            ; time borrowed                                              ;
; 2.390   ; 2.390   ;    ;        ;        ;                     ;            ; clock path                                                 ;
;   0.000 ;   0.000 ;    ;        ;        ;                     ;            ; source latency                                             ;
;   0.000 ;   0.000 ;    ;        ; 1      ; PIN_AM10            ;            ; CLK_50                                                     ;
;   0.000 ;   0.000 ; RR ; IC     ; 1      ; IOIBUF_X148_Y16_N32 ;            ; CLK_50~input|i                                             ;
;   0.261 ;   0.261 ; RR ; CELL   ; 1      ; IOIBUF_X148_Y16_N32 ;            ; CLK_50~input|o                                             ;
;   0.322 ;   0.061 ; RR ; CELL   ; 1      ; IOIBUF_X148_Y16_N32 ;            ; CLK_50~input~io_48_lvds_tile_edge/ioclkin[0]               ;
;   0.322 ;   0.000 ; RR ; IC     ; 2      ; CLKCTRL_3A_G_I20    ;            ; CLK_50~inputCLKENA0|inclk                                  ;
;   0.551 ;   0.229 ; RR ; CELL   ; 178801 ; CLKCTRL_3A_G_I20    ;            ; CLK_50~inputCLKENA0|outclk                                 ;
;   2.390 ;   1.839 ; RR ; IC     ; 1      ; FF_X1_Y73_N32       ; High Speed ; System|rst_controller|r_sync_rst|clk                       ;
;   2.390 ;   0.000 ; RR ; CELL   ; 1      ; FF_X1_Y73_N32       ; High Speed ; System|rst_controller|r_sync_rst                           ;
; 2.609   ; 0.219   ;    ;        ;        ;                     ;            ; data path                                                  ;
;   2.488 ;   0.098 ; FF ; uTco   ; 2      ; FF_X1_Y73_N32       ;            ; System|rst_controller|r_sync_rst|q                         ;
;   2.520 ;   0.032 ; FF ; CELL   ; 108    ; FF_X1_Y73_N32       ; High Speed ; System|rst_controller|r_sync_rst~la_lab/laboutb[1]         ;
;   2.609 ;   0.089 ; FF ; IC     ; 1      ; FF_X1_Y73_N14       ; High Speed ; System|npu_system_0|npu_system_22|sa_start_trigger_16|clrn ;
;   2.609 ;   0.000 ; FF ; CELL   ; 1      ; FF_X1_Y73_N14       ; High Speed ; System|npu_system_0|npu_system_22|sa_start_trigger_16      ;
+---------+---------+----+--------+--------+---------------------+------------+------------------------------------------------------------+

+------------------------------------------------------------------------------------------------------------------------------------------+
; Data Required Path                                                                                                                       ;
+---------+----------+----+--------+--------+---------------------+------------+-----------------------------------------------------------+
; Total   ; Incr     ; RF ; Type   ; Fanout ; Location            ; HS/LP      ; Element                                                   ;
+---------+----------+----+--------+--------+---------------------+------------+-----------------------------------------------------------+
; 0.000   ; 0.000    ;    ;        ;        ;                     ;            ; latch edge time                                           ;
; 0.000   ; 0.000    ;    ; borrow ;        ;                     ;            ; time borrowed                                             ;
; 2.390   ; 2.390    ;    ;        ;        ;                     ;            ; clock path                                                ;
;   0.000 ;   0.000  ;    ;        ;        ;                     ;            ; source latency                                            ;
;   0.000 ;   0.000  ;    ;        ; 1      ; PIN_AM10            ;            ; CLK_50                                                    ;
;   0.000 ;   0.000  ; RR ; IC     ; 1      ; IOIBUF_X148_Y16_N32 ;            ; CLK_50~input|i                                            ;
;   0.261 ;   0.261  ; RR ; CELL   ; 1      ; IOIBUF_X148_Y16_N32 ;            ; CLK_50~input|o                                            ;
;   0.336 ;   0.075  ; RR ; CELL   ; 1      ; IOIBUF_X148_Y16_N32 ;            ; CLK_50~input~io_48_lvds_tile_edge/ioclkin[0]              ;
;   0.336 ;   0.000  ; RR ; IC     ; 2      ; CLKCTRL_3A_G_I20    ;            ; CLK_50~inputCLKENA0|inclk                                 ;
;   0.613 ;   0.277  ; RR ; CELL   ; 178801 ; CLKCTRL_3A_G_I20    ;            ; CLK_50~inputCLKENA0|outclk                                ;
;   2.616 ;   2.003  ; RR ; IC     ; 1      ; FF_X1_Y73_N14       ; High Speed ; System|npu_system_0|npu_system_22|sa_start_trigger_16|clk ;
;   2.616 ;   0.000  ; RR ; CELL   ; 1      ; FF_X1_Y73_N14       ; High Speed ; System|npu_system_0|npu_system_22|sa_start_trigger_16     ;
;   2.390 ;   -0.226 ;    ;        ;        ;                     ;            ; clock pessimism removed                                   ;
; 2.390   ; 0.000    ;    ;        ;        ;                     ;            ; clock uncertainty                                         ;
; 2.440   ; 0.050    ;    ; uTh    ; 1      ; FF_X1_Y73_N14       ;            ; System|npu_system_0|npu_system_22|sa_start_trigger_16     ;
+---------+----------+----+--------+--------+---------------------+------------+-----------------------------------------------------------+



Path #3: Removal slack is 0.169 
===============================================================================
+--------------------------------------------------------------------------------------+
; Path Summary                                                                         ;
+---------------------------------+----------------------------------------------------+
; Property                        ; Value                                              ;
+---------------------------------+----------------------------------------------------+
; From Node                       ; System|rst_controller|r_sync_rst                   ;
; To Node                         ; System|npu_system_0|npu_system_22|sa_start_trigger ;
; Launch Clock                    ; CLK_50                                             ;
; Latch Clock                     ; CLK_50                                             ;
; SDC Exception                   ; No SDC Exception on Path                           ;
; Data Arrival Time               ; 2.609                                              ;
; Data Required Time              ; 2.440                                              ;
; Slack                           ; 0.169                                              ;
; Worst-Case Operating Conditions ; Fast 900mV 0C Model                                ;
+---------------------------------+----------------------------------------------------+

+-----------------------------------------------------------------------------------+
; Statistics                                                                        ;
+------------------------+-------+-------+-------------+------------+-------+-------+
; Property               ; Value ; Count ; Total Delay ; % of Total ; Min   ; Max   ;
+------------------------+-------+-------+-------------+------------+-------+-------+
; Removal Relationship   ; 0.000 ;       ;             ;            ;       ;       ;
; Clock Skew             ; 0.000 ;       ;             ;            ;       ;       ;
; Data Delay             ; 0.219 ;       ;             ;            ;       ;       ;
; Number of Logic Levels ;       ; 0     ;             ;            ;       ;       ;
; Physical Delays        ;       ;       ;             ;            ;       ;       ;
;  Arrival Path          ;       ;       ;             ;            ;       ;       ;
;   Clock                ;       ;       ;             ;            ;       ;       ;
;    IC                  ;       ; 3     ; 1.839       ; 77         ; 0.000 ; 1.839 ;
;    Cell                ;       ; 4     ; 0.551       ; 23         ; 0.000 ; 0.261 ;
;   Data                 ;       ;       ;             ;            ;       ;       ;
;    IC                  ;       ; 1     ; 0.089       ; 41         ; 0.089 ; 0.089 ;
;    Cell                ;       ; 2     ; 0.032       ; 15         ; 0.000 ; 0.032 ;
;    uTco                ;       ; 1     ; 0.098       ; 45         ; 0.098 ; 0.098 ;
;  Required Path         ;       ;       ;             ;            ;       ;       ;
;   Clock                ;       ;       ;             ;            ;       ;       ;
;    IC                  ;       ; 3     ; 2.003       ; 77         ; 0.000 ; 2.003 ;
;    Cell                ;       ; 4     ; 0.613       ; 23         ; 0.000 ; 0.277 ;
+------------------------+-------+-------+-------------+------------+-------+-------+
Note: Negative delays are omitted from totals when calculating percentages

+---------------------------------------------------------------------------------------------------------------------------------------+
; Data Arrival Path                                                                                                                     ;
+---------+---------+----+--------+--------+---------------------+------------+---------------------------------------------------------+
; Total   ; Incr    ; RF ; Type   ; Fanout ; Location            ; HS/LP      ; Element                                                 ;
+---------+---------+----+--------+--------+---------------------+------------+---------------------------------------------------------+
; 0.000   ; 0.000   ;    ;        ;        ;                     ;            ; launch edge time                                        ;
; 0.000   ; 0.000   ;    ; borrow ;        ;                     ;            ; time borrowed                                           ;
; 2.390   ; 2.390   ;    ;        ;        ;                     ;            ; clock path                                              ;
;   0.000 ;   0.000 ;    ;        ;        ;                     ;            ; source latency                                          ;
;   0.000 ;   0.000 ;    ;        ; 1      ; PIN_AM10            ;            ; CLK_50                                                  ;
;   0.000 ;   0.000 ; RR ; IC     ; 1      ; IOIBUF_X148_Y16_N32 ;            ; CLK_50~input|i                                          ;
;   0.261 ;   0.261 ; RR ; CELL   ; 1      ; IOIBUF_X148_Y16_N32 ;            ; CLK_50~input|o                                          ;
;   0.322 ;   0.061 ; RR ; CELL   ; 1      ; IOIBUF_X148_Y16_N32 ;            ; CLK_50~input~io_48_lvds_tile_edge/ioclkin[0]            ;
;   0.322 ;   0.000 ; RR ; IC     ; 2      ; CLKCTRL_3A_G_I20    ;            ; CLK_50~inputCLKENA0|inclk                               ;
;   0.551 ;   0.229 ; RR ; CELL   ; 178801 ; CLKCTRL_3A_G_I20    ;            ; CLK_50~inputCLKENA0|outclk                              ;
;   2.390 ;   1.839 ; RR ; IC     ; 1      ; FF_X1_Y73_N32       ; High Speed ; System|rst_controller|r_sync_rst|clk                    ;
;   2.390 ;   0.000 ; RR ; CELL   ; 1      ; FF_X1_Y73_N32       ; High Speed ; System|rst_controller|r_sync_rst                        ;
; 2.609   ; 0.219   ;    ;        ;        ;                     ;            ; data path                                               ;
;   2.488 ;   0.098 ; FF ; uTco   ; 2      ; FF_X1_Y73_N32       ;            ; System|rst_controller|r_sync_rst|q                      ;
;   2.520 ;   0.032 ; FF ; CELL   ; 108    ; FF_X1_Y73_N32       ; High Speed ; System|rst_controller|r_sync_rst~la_lab/laboutb[1]      ;
;   2.609 ;   0.089 ; FF ; IC     ; 1      ; FF_X1_Y73_N43       ; High Speed ; System|npu_system_0|npu_system_22|sa_start_trigger|clrn ;
;   2.609 ;   0.000 ; FF ; CELL   ; 1      ; FF_X1_Y73_N43       ; High Speed ; System|npu_system_0|npu_system_22|sa_start_trigger      ;
+---------+---------+----+--------+--------+---------------------+------------+---------------------------------------------------------+

+---------------------------------------------------------------------------------------------------------------------------------------+
; Data Required Path                                                                                                                    ;
+---------+----------+----+--------+--------+---------------------+------------+--------------------------------------------------------+
; Total   ; Incr     ; RF ; Type   ; Fanout ; Location            ; HS/LP      ; Element                                                ;
+---------+----------+----+--------+--------+---------------------+------------+--------------------------------------------------------+
; 0.000   ; 0.000    ;    ;        ;        ;                     ;            ; latch edge time                                        ;
; 0.000   ; 0.000    ;    ; borrow ;        ;                     ;            ; time borrowed                                          ;
; 2.390   ; 2.390    ;    ;        ;        ;                     ;            ; clock path                                             ;
;   0.000 ;   0.000  ;    ;        ;        ;                     ;            ; source latency                                         ;
;   0.000 ;   0.000  ;    ;        ; 1      ; PIN_AM10            ;            ; CLK_50                                                 ;
;   0.000 ;   0.000  ; RR ; IC     ; 1      ; IOIBUF_X148_Y16_N32 ;            ; CLK_50~input|i                                         ;
;   0.261 ;   0.261  ; RR ; CELL   ; 1      ; IOIBUF_X148_Y16_N32 ;            ; CLK_50~input|o                                         ;
;   0.336 ;   0.075  ; RR ; CELL   ; 1      ; IOIBUF_X148_Y16_N32 ;            ; CLK_50~input~io_48_lvds_tile_edge/ioclkin[0]           ;
;   0.336 ;   0.000  ; RR ; IC     ; 2      ; CLKCTRL_3A_G_I20    ;            ; CLK_50~inputCLKENA0|inclk                              ;
;   0.613 ;   0.277  ; RR ; CELL   ; 178801 ; CLKCTRL_3A_G_I20    ;            ; CLK_50~inputCLKENA0|outclk                             ;
;   2.616 ;   2.003  ; RR ; IC     ; 1      ; FF_X1_Y73_N43       ; High Speed ; System|npu_system_0|npu_system_22|sa_start_trigger|clk ;
;   2.616 ;   0.000  ; RR ; CELL   ; 1      ; FF_X1_Y73_N43       ; High Speed ; System|npu_system_0|npu_system_22|sa_start_trigger     ;
;   2.390 ;   -0.226 ;    ;        ;        ;                     ;            ; clock pessimism removed                                ;
; 2.390   ; 0.000    ;    ;        ;        ;                     ;            ; clock uncertainty                                      ;
; 2.440   ; 0.050    ;    ; uTh    ; 1      ; FF_X1_Y73_N43       ;            ; System|npu_system_0|npu_system_22|sa_start_trigger     ;
+---------+----------+----+--------+--------+---------------------+------------+--------------------------------------------------------+



Path #4: Removal slack is 0.243 
===============================================================================
+---------------------------------------------------------------------------------------------------------------------------------------------------------------------------------------------------+
; Path Summary                                                                                                                                                                                      ;
+---------------------------------+-----------------------------------------------------------------------------------------------------------------------------------------------------------------+
; Property                        ; Value                                                                                                                                                           ;
+---------------------------------+-----------------------------------------------------------------------------------------------------------------------------------------------------------------+
; From Node                       ; System|master_0|master_0|jtag_phy_embedded_in_jtag_master|normal.jtag_dc_streaming|sink_crosser|alt_rst_req_sync_in_rst|altera_reset_synchronizer_int_chain_out ;
; To Node                         ; System|master_0|master_0|jtag_phy_embedded_in_jtag_master|normal.jtag_dc_streaming|sink_crosser|out_to_in_synchronizer|dreg[4]                                  ;
; Launch Clock                    ; CLK_50                                                                                                                                                          ;
; Latch Clock                     ; CLK_50                                                                                                                                                          ;
; SDC Exception                   ; No SDC Exception on Path                                                                                                                                        ;
; Data Arrival Time               ; 2.774                                                                                                                                                           ;
; Data Required Time              ; 2.531                                                                                                                                                           ;
; Slack                           ; 0.243                                                                                                                                                           ;
; Worst-Case Operating Conditions ; Fast 900mV 0C Model                                                                                                                                             ;
+---------------------------------+-----------------------------------------------------------------------------------------------------------------------------------------------------------------+

+-----------------------------------------------------------------------------------+
; Statistics                                                                        ;
+------------------------+-------+-------+-------------+------------+-------+-------+
; Property               ; Value ; Count ; Total Delay ; % of Total ; Min   ; Max   ;
+------------------------+-------+-------+-------------+------------+-------+-------+
; Removal Relationship   ; 0.000 ;       ;             ;            ;       ;       ;
; Clock Skew             ; 0.012 ;       ;             ;            ;       ;       ;
; Data Delay             ; 0.323 ;       ;             ;            ;       ;       ;
; Number of Logic Levels ;       ; 0     ;             ;            ;       ;       ;
; Physical Delays        ;       ;       ;             ;            ;       ;       ;
;  Arrival Path          ;       ;       ;             ;            ;       ;       ;
;   Clock                ;       ;       ;             ;            ;       ;       ;
;    IC                  ;       ; 3     ; 1.900       ; 78         ; 0.000 ; 1.900 ;
;    Cell                ;       ; 4     ; 0.551       ; 22         ; 0.000 ; 0.261 ;
;   Data                 ;       ;       ;             ;            ;       ;       ;
;    IC                  ;       ; 1     ; 0.153       ; 47         ; 0.153 ; 0.153 ;
;    Cell                ;       ; 2     ; 0.063       ; 20         ; 0.000 ; 0.063 ;
;    uTco                ;       ; 1     ; 0.107       ; 33         ; 0.107 ; 0.107 ;
;  Required Path         ;       ;       ;             ;            ;       ;       ;
;   Clock                ;       ;       ;             ;            ;       ;       ;
;    IC                  ;       ; 3     ; 2.066       ; 77         ; 0.000 ; 2.066 ;
;    Cell                ;       ; 4     ; 0.613       ; 23         ; 0.000 ; 0.277 ;
+------------------------+-------+-------+-------------+------------+-------+-------+
Note: Negative delays are omitted from totals when calculating percentages

+-------------------------------------------------------------------------------------------------------------------------------------------------------------------------------------------------------------------------------------------------------------------+
; Data Arrival Path                                                                                                                                                                                                                                                 ;
+---------+---------+----+--------+--------+---------------------+------------+-------------------------------------------------------------------------------------------------------------------------------------------------------------------------------------+
; Total   ; Incr    ; RF ; Type   ; Fanout ; Location            ; HS/LP      ; Element                                                                                                                                                                             ;
+---------+---------+----+--------+--------+---------------------+------------+-------------------------------------------------------------------------------------------------------------------------------------------------------------------------------------+
; 0.000   ; 0.000   ;    ;        ;        ;                     ;            ; launch edge time                                                                                                                                                                    ;
; 0.000   ; 0.000   ;    ; borrow ;        ;                     ;            ; time borrowed                                                                                                                                                                       ;
; 2.451   ; 2.451   ;    ;        ;        ;                     ;            ; clock path                                                                                                                                                                          ;
;   0.000 ;   0.000 ;    ;        ;        ;                     ;            ; source latency                                                                                                                                                                      ;
;   0.000 ;   0.000 ;    ;        ; 1      ; PIN_AM10            ;            ; CLK_50                                                                                                                                                                              ;
;   0.000 ;   0.000 ; RR ; IC     ; 1      ; IOIBUF_X148_Y16_N32 ;            ; CLK_50~input|i                                                                                                                                                                      ;
;   0.261 ;   0.261 ; RR ; CELL   ; 1      ; IOIBUF_X148_Y16_N32 ;            ; CLK_50~input|o                                                                                                                                                                      ;
;   0.322 ;   0.061 ; RR ; CELL   ; 1      ; IOIBUF_X148_Y16_N32 ;            ; CLK_50~input~io_48_lvds_tile_edge/ioclkin[0]                                                                                                                                        ;
;   0.322 ;   0.000 ; RR ; IC     ; 2      ; CLKCTRL_3A_G_I20    ;            ; CLK_50~inputCLKENA0|inclk                                                                                                                                                           ;
;   0.551 ;   0.229 ; RR ; CELL   ; 178801 ; CLKCTRL_3A_G_I20    ;            ; CLK_50~inputCLKENA0|outclk                                                                                                                                                          ;
;   2.451 ;   1.900 ; RR ; IC     ; 1      ; FF_X115_Y6_N49      ; High Speed ; System|master_0|master_0|jtag_phy_embedded_in_jtag_master|normal.jtag_dc_streaming|sink_crosser|alt_rst_req_sync_in_rst|altera_reset_synchronizer_int_chain_out|clk                 ;
;   2.451 ;   0.000 ; RR ; CELL   ; 1      ; FF_X115_Y6_N49      ; High Speed ; System|master_0|master_0|jtag_phy_embedded_in_jtag_master|normal.jtag_dc_streaming|sink_crosser|alt_rst_req_sync_in_rst|altera_reset_synchronizer_int_chain_out                     ;
; 2.774   ; 0.323   ;    ;        ;        ;                     ;            ; data path                                                                                                                                                                           ;
;   2.558 ;   0.107 ; RR ; uTco   ; 1      ; FF_X115_Y6_N49      ;            ; System|master_0|master_0|jtag_phy_embedded_in_jtag_master|normal.jtag_dc_streaming|sink_crosser|alt_rst_req_sync_in_rst|altera_reset_synchronizer_int_chain_out|q                   ;
;   2.621 ;   0.063 ; RR ; CELL   ; 17     ; FF_X115_Y6_N49      ; High Speed ; System|master_0|master_0|jtag_phy_embedded_in_jtag_master|normal.jtag_dc_streaming|sink_crosser|alt_rst_req_sync_in_rst|altera_reset_synchronizer_int_chain_out~la_mlab/laboutb[12] ;
;   2.774 ;   0.153 ; RR ; IC     ; 1      ; FF_X110_Y6_N8       ; High Speed ; System|master_0|master_0|jtag_phy_embedded_in_jtag_master|normal.jtag_dc_streaming|sink_crosser|out_to_in_synchronizer|dreg[4]|clrn                                                 ;
;   2.774 ;   0.000 ; RR ; CELL   ; 1      ; FF_X110_Y6_N8       ; High Speed ; System|master_0|master_0|jtag_phy_embedded_in_jtag_master|normal.jtag_dc_streaming|sink_crosser|out_to_in_synchronizer|dreg[4]                                                      ;
+---------+---------+----+--------+--------+---------------------+------------+-------------------------------------------------------------------------------------------------------------------------------------------------------------------------------------+

+-------------------------------------------------------------------------------------------------------------------------------------------------------------------------------------------------------------------+
; Data Required Path                                                                                                                                                                                                ;
+---------+----------+----+--------+--------+---------------------+------------+------------------------------------------------------------------------------------------------------------------------------------+
; Total   ; Incr     ; RF ; Type   ; Fanout ; Location            ; HS/LP      ; Element                                                                                                                            ;
+---------+----------+----+--------+--------+---------------------+------------+------------------------------------------------------------------------------------------------------------------------------------+
; 0.000   ; 0.000    ;    ;        ;        ;                     ;            ; latch edge time                                                                                                                    ;
; 0.000   ; 0.000    ;    ; borrow ;        ;                     ;            ; time borrowed                                                                                                                      ;
; 2.463   ; 2.463    ;    ;        ;        ;                     ;            ; clock path                                                                                                                         ;
;   0.000 ;   0.000  ;    ;        ;        ;                     ;            ; source latency                                                                                                                     ;
;   0.000 ;   0.000  ;    ;        ; 1      ; PIN_AM10            ;            ; CLK_50                                                                                                                             ;
;   0.000 ;   0.000  ; RR ; IC     ; 1      ; IOIBUF_X148_Y16_N32 ;            ; CLK_50~input|i                                                                                                                     ;
;   0.261 ;   0.261  ; RR ; CELL   ; 1      ; IOIBUF_X148_Y16_N32 ;            ; CLK_50~input|o                                                                                                                     ;
;   0.336 ;   0.075  ; RR ; CELL   ; 1      ; IOIBUF_X148_Y16_N32 ;            ; CLK_50~input~io_48_lvds_tile_edge/ioclkin[0]                                                                                       ;
;   0.336 ;   0.000  ; RR ; IC     ; 2      ; CLKCTRL_3A_G_I20    ;            ; CLK_50~inputCLKENA0|inclk                                                                                                          ;
;   0.613 ;   0.277  ; RR ; CELL   ; 178801 ; CLKCTRL_3A_G_I20    ;            ; CLK_50~inputCLKENA0|outclk                                                                                                         ;
;   2.679 ;   2.066  ; RR ; IC     ; 1      ; FF_X110_Y6_N8       ; High Speed ; System|master_0|master_0|jtag_phy_embedded_in_jtag_master|normal.jtag_dc_streaming|sink_crosser|out_to_in_synchronizer|dreg[4]|clk ;
;   2.679 ;   0.000  ; RR ; CELL   ; 1      ; FF_X110_Y6_N8       ; High Speed ; System|master_0|master_0|jtag_phy_embedded_in_jtag_master|normal.jtag_dc_streaming|sink_crosser|out_to_in_synchronizer|dreg[4]     ;
;   2.463 ;   -0.216 ;    ;        ;        ;                     ;            ; clock pessimism removed                                                                                                            ;
; 2.463   ; 0.000    ;    ;        ;        ;                     ;            ; clock uncertainty                                                                                                                  ;
; 2.531   ; 0.068    ;    ; uTh    ; 1      ; FF_X110_Y6_N8       ;            ; System|master_0|master_0|jtag_phy_embedded_in_jtag_master|normal.jtag_dc_streaming|sink_crosser|out_to_in_synchronizer|dreg[4]     ;
+---------+----------+----+--------+--------+---------------------+------------+------------------------------------------------------------------------------------------------------------------------------------+



Path #5: Removal slack is 0.243 
===============================================================================
+---------------------------------------------------------------------------------------------------------------------------------------------------------------------------------------------------+
; Path Summary                                                                                                                                                                                      ;
+---------------------------------+-----------------------------------------------------------------------------------------------------------------------------------------------------------------+
; Property                        ; Value                                                                                                                                                           ;
+---------------------------------+-----------------------------------------------------------------------------------------------------------------------------------------------------------------+
; From Node                       ; System|master_0|master_0|jtag_phy_embedded_in_jtag_master|normal.jtag_dc_streaming|sink_crosser|alt_rst_req_sync_in_rst|altera_reset_synchronizer_int_chain_out ;
; To Node                         ; System|master_0|master_0|jtag_phy_embedded_in_jtag_master|normal.jtag_dc_streaming|sink_crosser|in_data_toggle                                                  ;
; Launch Clock                    ; CLK_50                                                                                                                                                          ;
; Latch Clock                     ; CLK_50                                                                                                                                                          ;
; SDC Exception                   ; No SDC Exception on Path                                                                                                                                        ;
; Data Arrival Time               ; 2.774                                                                                                                                                           ;
; Data Required Time              ; 2.531                                                                                                                                                           ;
; Slack                           ; 0.243                                                                                                                                                           ;
; Worst-Case Operating Conditions ; Fast 900mV 0C Model                                                                                                                                             ;
+---------------------------------+-----------------------------------------------------------------------------------------------------------------------------------------------------------------+

+-----------------------------------------------------------------------------------+
; Statistics                                                                        ;
+------------------------+-------+-------+-------------+------------+-------+-------+
; Property               ; Value ; Count ; Total Delay ; % of Total ; Min   ; Max   ;
+------------------------+-------+-------+-------------+------------+-------+-------+
; Removal Relationship   ; 0.000 ;       ;             ;            ;       ;       ;
; Clock Skew             ; 0.012 ;       ;             ;            ;       ;       ;
; Data Delay             ; 0.323 ;       ;             ;            ;       ;       ;
; Number of Logic Levels ;       ; 0     ;             ;            ;       ;       ;
; Physical Delays        ;       ;       ;             ;            ;       ;       ;
;  Arrival Path          ;       ;       ;             ;            ;       ;       ;
;   Clock                ;       ;       ;             ;            ;       ;       ;
;    IC                  ;       ; 3     ; 1.900       ; 78         ; 0.000 ; 1.900 ;
;    Cell                ;       ; 4     ; 0.551       ; 22         ; 0.000 ; 0.261 ;
;   Data                 ;       ;       ;             ;            ;       ;       ;
;    IC                  ;       ; 1     ; 0.153       ; 47         ; 0.153 ; 0.153 ;
;    Cell                ;       ; 2     ; 0.063       ; 20         ; 0.000 ; 0.063 ;
;    uTco                ;       ; 1     ; 0.107       ; 33         ; 0.107 ; 0.107 ;
;  Required Path         ;       ;       ;             ;            ;       ;       ;
;   Clock                ;       ;       ;             ;            ;       ;       ;
;    IC                  ;       ; 3     ; 2.066       ; 77         ; 0.000 ; 2.066 ;
;    Cell                ;       ; 4     ; 0.613       ; 23         ; 0.000 ; 0.277 ;
+------------------------+-------+-------+-------------+------------+-------+-------+
Note: Negative delays are omitted from totals when calculating percentages

+-------------------------------------------------------------------------------------------------------------------------------------------------------------------------------------------------------------------------------------------------------------------+
; Data Arrival Path                                                                                                                                                                                                                                                 ;
+---------+---------+----+--------+--------+---------------------+------------+-------------------------------------------------------------------------------------------------------------------------------------------------------------------------------------+
; Total   ; Incr    ; RF ; Type   ; Fanout ; Location            ; HS/LP      ; Element                                                                                                                                                                             ;
+---------+---------+----+--------+--------+---------------------+------------+-------------------------------------------------------------------------------------------------------------------------------------------------------------------------------------+
; 0.000   ; 0.000   ;    ;        ;        ;                     ;            ; launch edge time                                                                                                                                                                    ;
; 0.000   ; 0.000   ;    ; borrow ;        ;                     ;            ; time borrowed                                                                                                                                                                       ;
; 2.451   ; 2.451   ;    ;        ;        ;                     ;            ; clock path                                                                                                                                                                          ;
;   0.000 ;   0.000 ;    ;        ;        ;                     ;            ; source latency                                                                                                                                                                      ;
;   0.000 ;   0.000 ;    ;        ; 1      ; PIN_AM10            ;            ; CLK_50                                                                                                                                                                              ;
;   0.000 ;   0.000 ; RR ; IC     ; 1      ; IOIBUF_X148_Y16_N32 ;            ; CLK_50~input|i                                                                                                                                                                      ;
;   0.261 ;   0.261 ; RR ; CELL   ; 1      ; IOIBUF_X148_Y16_N32 ;            ; CLK_50~input|o                                                                                                                                                                      ;
;   0.322 ;   0.061 ; RR ; CELL   ; 1      ; IOIBUF_X148_Y16_N32 ;            ; CLK_50~input~io_48_lvds_tile_edge/ioclkin[0]                                                                                                                                        ;
;   0.322 ;   0.000 ; RR ; IC     ; 2      ; CLKCTRL_3A_G_I20    ;            ; CLK_50~inputCLKENA0|inclk                                                                                                                                                           ;
;   0.551 ;   0.229 ; RR ; CELL   ; 178801 ; CLKCTRL_3A_G_I20    ;            ; CLK_50~inputCLKENA0|outclk                                                                                                                                                          ;
;   2.451 ;   1.900 ; RR ; IC     ; 1      ; FF_X115_Y6_N49      ; High Speed ; System|master_0|master_0|jtag_phy_embedded_in_jtag_master|normal.jtag_dc_streaming|sink_crosser|alt_rst_req_sync_in_rst|altera_reset_synchronizer_int_chain_out|clk                 ;
;   2.451 ;   0.000 ; RR ; CELL   ; 1      ; FF_X115_Y6_N49      ; High Speed ; System|master_0|master_0|jtag_phy_embedded_in_jtag_master|normal.jtag_dc_streaming|sink_crosser|alt_rst_req_sync_in_rst|altera_reset_synchronizer_int_chain_out                     ;
; 2.774   ; 0.323   ;    ;        ;        ;                     ;            ; data path                                                                                                                                                                           ;
;   2.558 ;   0.107 ; RR ; uTco   ; 1      ; FF_X115_Y6_N49      ;            ; System|master_0|master_0|jtag_phy_embedded_in_jtag_master|normal.jtag_dc_streaming|sink_crosser|alt_rst_req_sync_in_rst|altera_reset_synchronizer_int_chain_out|q                   ;
;   2.621 ;   0.063 ; RR ; CELL   ; 17     ; FF_X115_Y6_N49      ; High Speed ; System|master_0|master_0|jtag_phy_embedded_in_jtag_master|normal.jtag_dc_streaming|sink_crosser|alt_rst_req_sync_in_rst|altera_reset_synchronizer_int_chain_out~la_mlab/laboutb[12] ;
;   2.774 ;   0.153 ; RR ; IC     ; 1      ; FF_X110_Y6_N44      ; High Speed ; System|master_0|master_0|jtag_phy_embedded_in_jtag_master|normal.jtag_dc_streaming|sink_crosser|in_data_toggle|clrn                                                                 ;
;   2.774 ;   0.000 ; RR ; CELL   ; 1      ; FF_X110_Y6_N44      ; High Speed ; System|master_0|master_0|jtag_phy_embedded_in_jtag_master|normal.jtag_dc_streaming|sink_crosser|in_data_toggle                                                                      ;
+---------+---------+----+--------+--------+---------------------+------------+-------------------------------------------------------------------------------------------------------------------------------------------------------------------------------------+

+---------------------------------------------------------------------------------------------------------------------------------------------------------------------------------------------------+
; Data Required Path                                                                                                                                                                                ;
+---------+----------+----+--------+--------+---------------------+------------+--------------------------------------------------------------------------------------------------------------------+
; Total   ; Incr     ; RF ; Type   ; Fanout ; Location            ; HS/LP      ; Element                                                                                                            ;
+---------+----------+----+--------+--------+---------------------+------------+--------------------------------------------------------------------------------------------------------------------+
; 0.000   ; 0.000    ;    ;        ;        ;                     ;            ; latch edge time                                                                                                    ;
; 0.000   ; 0.000    ;    ; borrow ;        ;                     ;            ; time borrowed                                                                                                      ;
; 2.463   ; 2.463    ;    ;        ;        ;                     ;            ; clock path                                                                                                         ;
;   0.000 ;   0.000  ;    ;        ;        ;                     ;            ; source latency                                                                                                     ;
;   0.000 ;   0.000  ;    ;        ; 1      ; PIN_AM10            ;            ; CLK_50                                                                                                             ;
;   0.000 ;   0.000  ; RR ; IC     ; 1      ; IOIBUF_X148_Y16_N32 ;            ; CLK_50~input|i                                                                                                     ;
;   0.261 ;   0.261  ; RR ; CELL   ; 1      ; IOIBUF_X148_Y16_N32 ;            ; CLK_50~input|o                                                                                                     ;
;   0.336 ;   0.075  ; RR ; CELL   ; 1      ; IOIBUF_X148_Y16_N32 ;            ; CLK_50~input~io_48_lvds_tile_edge/ioclkin[0]                                                                       ;
;   0.336 ;   0.000  ; RR ; IC     ; 2      ; CLKCTRL_3A_G_I20    ;            ; CLK_50~inputCLKENA0|inclk                                                                                          ;
;   0.613 ;   0.277  ; RR ; CELL   ; 178801 ; CLKCTRL_3A_G_I20    ;            ; CLK_50~inputCLKENA0|outclk                                                                                         ;
;   2.679 ;   2.066  ; RR ; IC     ; 1      ; FF_X110_Y6_N44      ; High Speed ; System|master_0|master_0|jtag_phy_embedded_in_jtag_master|normal.jtag_dc_streaming|sink_crosser|in_data_toggle|clk ;
;   2.679 ;   0.000  ; RR ; CELL   ; 1      ; FF_X110_Y6_N44      ; High Speed ; System|master_0|master_0|jtag_phy_embedded_in_jtag_master|normal.jtag_dc_streaming|sink_crosser|in_data_toggle     ;
;   2.463 ;   -0.216 ;    ;        ;        ;                     ;            ; clock pessimism removed                                                                                            ;
; 2.463   ; 0.000    ;    ;        ;        ;                     ;            ; clock uncertainty                                                                                                  ;
; 2.531   ; 0.068    ;    ; uTh    ; 1      ; FF_X110_Y6_N44      ;            ; System|master_0|master_0|jtag_phy_embedded_in_jtag_master|normal.jtag_dc_streaming|sink_crosser|in_data_toggle     ;
+---------+----------+----+--------+--------+---------------------+------------+--------------------------------------------------------------------------------------------------------------------+



Path #6: Removal slack is 0.244 
===============================================================================
+---------------------------------------------------------------------------------------------------------------------------------------------------------------------------------------------------+
; Path Summary                                                                                                                                                                                      ;
+---------------------------------+-----------------------------------------------------------------------------------------------------------------------------------------------------------------+
; Property                        ; Value                                                                                                                                                           ;
+---------------------------------+-----------------------------------------------------------------------------------------------------------------------------------------------------------------+
; From Node                       ; System|master_0|master_0|jtag_phy_embedded_in_jtag_master|normal.jtag_dc_streaming|sink_crosser|alt_rst_req_sync_in_rst|altera_reset_synchronizer_int_chain_out ;
; To Node                         ; System|master_0|master_0|jtag_phy_embedded_in_jtag_master|normal.jtag_dc_streaming|sink_crosser|out_to_in_synchronizer|dreg[0]                                  ;
; Launch Clock                    ; CLK_50                                                                                                                                                          ;
; Latch Clock                     ; CLK_50                                                                                                                                                          ;
; SDC Exception                   ; No SDC Exception on Path                                                                                                                                        ;
; Data Arrival Time               ; 2.774                                                                                                                                                           ;
; Data Required Time              ; 2.530                                                                                                                                                           ;
; Slack                           ; 0.244                                                                                                                                                           ;
; Worst-Case Operating Conditions ; Fast 900mV 0C Model                                                                                                                                             ;
+---------------------------------+-----------------------------------------------------------------------------------------------------------------------------------------------------------------+

+-----------------------------------------------------------------------------------+
; Statistics                                                                        ;
+------------------------+-------+-------+-------------+------------+-------+-------+
; Property               ; Value ; Count ; Total Delay ; % of Total ; Min   ; Max   ;
+------------------------+-------+-------+-------------+------------+-------+-------+
; Removal Relationship   ; 0.000 ;       ;             ;            ;       ;       ;
; Clock Skew             ; 0.012 ;       ;             ;            ;       ;       ;
; Data Delay             ; 0.323 ;       ;             ;            ;       ;       ;
; Number of Logic Levels ;       ; 0     ;             ;            ;       ;       ;
; Physical Delays        ;       ;       ;             ;            ;       ;       ;
;  Arrival Path          ;       ;       ;             ;            ;       ;       ;
;   Clock                ;       ;       ;             ;            ;       ;       ;
;    IC                  ;       ; 3     ; 1.900       ; 78         ; 0.000 ; 1.900 ;
;    Cell                ;       ; 4     ; 0.551       ; 22         ; 0.000 ; 0.261 ;
;   Data                 ;       ;       ;             ;            ;       ;       ;
;    IC                  ;       ; 1     ; 0.153       ; 47         ; 0.153 ; 0.153 ;
;    Cell                ;       ; 2     ; 0.063       ; 20         ; 0.000 ; 0.063 ;
;    uTco                ;       ; 1     ; 0.107       ; 33         ; 0.107 ; 0.107 ;
;  Required Path         ;       ;       ;             ;            ;       ;       ;
;   Clock                ;       ;       ;             ;            ;       ;       ;
;    IC                  ;       ; 3     ; 2.066       ; 77         ; 0.000 ; 2.066 ;
;    Cell                ;       ; 4     ; 0.613       ; 23         ; 0.000 ; 0.277 ;
+------------------------+-------+-------+-------------+------------+-------+-------+
Note: Negative delays are omitted from totals when calculating percentages

+-------------------------------------------------------------------------------------------------------------------------------------------------------------------------------------------------------------------------------------------------------------------+
; Data Arrival Path                                                                                                                                                                                                                                                 ;
+---------+---------+----+--------+--------+---------------------+------------+-------------------------------------------------------------------------------------------------------------------------------------------------------------------------------------+
; Total   ; Incr    ; RF ; Type   ; Fanout ; Location            ; HS/LP      ; Element                                                                                                                                                                             ;
+---------+---------+----+--------+--------+---------------------+------------+-------------------------------------------------------------------------------------------------------------------------------------------------------------------------------------+
; 0.000   ; 0.000   ;    ;        ;        ;                     ;            ; launch edge time                                                                                                                                                                    ;
; 0.000   ; 0.000   ;    ; borrow ;        ;                     ;            ; time borrowed                                                                                                                                                                       ;
; 2.451   ; 2.451   ;    ;        ;        ;                     ;            ; clock path                                                                                                                                                                          ;
;   0.000 ;   0.000 ;    ;        ;        ;                     ;            ; source latency                                                                                                                                                                      ;
;   0.000 ;   0.000 ;    ;        ; 1      ; PIN_AM10            ;            ; CLK_50                                                                                                                                                                              ;
;   0.000 ;   0.000 ; RR ; IC     ; 1      ; IOIBUF_X148_Y16_N32 ;            ; CLK_50~input|i                                                                                                                                                                      ;
;   0.261 ;   0.261 ; RR ; CELL   ; 1      ; IOIBUF_X148_Y16_N32 ;            ; CLK_50~input|o                                                                                                                                                                      ;
;   0.322 ;   0.061 ; RR ; CELL   ; 1      ; IOIBUF_X148_Y16_N32 ;            ; CLK_50~input~io_48_lvds_tile_edge/ioclkin[0]                                                                                                                                        ;
;   0.322 ;   0.000 ; RR ; IC     ; 2      ; CLKCTRL_3A_G_I20    ;            ; CLK_50~inputCLKENA0|inclk                                                                                                                                                           ;
;   0.551 ;   0.229 ; RR ; CELL   ; 178801 ; CLKCTRL_3A_G_I20    ;            ; CLK_50~inputCLKENA0|outclk                                                                                                                                                          ;
;   2.451 ;   1.900 ; RR ; IC     ; 1      ; FF_X115_Y6_N49      ; High Speed ; System|master_0|master_0|jtag_phy_embedded_in_jtag_master|normal.jtag_dc_streaming|sink_crosser|alt_rst_req_sync_in_rst|altera_reset_synchronizer_int_chain_out|clk                 ;
;   2.451 ;   0.000 ; RR ; CELL   ; 1      ; FF_X115_Y6_N49      ; High Speed ; System|master_0|master_0|jtag_phy_embedded_in_jtag_master|normal.jtag_dc_streaming|sink_crosser|alt_rst_req_sync_in_rst|altera_reset_synchronizer_int_chain_out                     ;
; 2.774   ; 0.323   ;    ;        ;        ;                     ;            ; data path                                                                                                                                                                           ;
;   2.558 ;   0.107 ; RR ; uTco   ; 1      ; FF_X115_Y6_N49      ;            ; System|master_0|master_0|jtag_phy_embedded_in_jtag_master|normal.jtag_dc_streaming|sink_crosser|alt_rst_req_sync_in_rst|altera_reset_synchronizer_int_chain_out|q                   ;
;   2.621 ;   0.063 ; RR ; CELL   ; 17     ; FF_X115_Y6_N49      ; High Speed ; System|master_0|master_0|jtag_phy_embedded_in_jtag_master|normal.jtag_dc_streaming|sink_crosser|alt_rst_req_sync_in_rst|altera_reset_synchronizer_int_chain_out~la_mlab/laboutb[12] ;
;   2.774 ;   0.153 ; RR ; IC     ; 1      ; FF_X110_Y6_N11      ; High Speed ; System|master_0|master_0|jtag_phy_embedded_in_jtag_master|normal.jtag_dc_streaming|sink_crosser|out_to_in_synchronizer|dreg[0]|clrn                                                 ;
;   2.774 ;   0.000 ; RR ; CELL   ; 1      ; FF_X110_Y6_N11      ; High Speed ; System|master_0|master_0|jtag_phy_embedded_in_jtag_master|normal.jtag_dc_streaming|sink_crosser|out_to_in_synchronizer|dreg[0]                                                      ;
+---------+---------+----+--------+--------+---------------------+------------+-------------------------------------------------------------------------------------------------------------------------------------------------------------------------------------+

+-------------------------------------------------------------------------------------------------------------------------------------------------------------------------------------------------------------------+
; Data Required Path                                                                                                                                                                                                ;
+---------+----------+----+--------+--------+---------------------+------------+------------------------------------------------------------------------------------------------------------------------------------+
; Total   ; Incr     ; RF ; Type   ; Fanout ; Location            ; HS/LP      ; Element                                                                                                                            ;
+---------+----------+----+--------+--------+---------------------+------------+------------------------------------------------------------------------------------------------------------------------------------+
; 0.000   ; 0.000    ;    ;        ;        ;                     ;            ; latch edge time                                                                                                                    ;
; 0.000   ; 0.000    ;    ; borrow ;        ;                     ;            ; time borrowed                                                                                                                      ;
; 2.463   ; 2.463    ;    ;        ;        ;                     ;            ; clock path                                                                                                                         ;
;   0.000 ;   0.000  ;    ;        ;        ;                     ;            ; source latency                                                                                                                     ;
;   0.000 ;   0.000  ;    ;        ; 1      ; PIN_AM10            ;            ; CLK_50                                                                                                                             ;
;   0.000 ;   0.000  ; RR ; IC     ; 1      ; IOIBUF_X148_Y16_N32 ;            ; CLK_50~input|i                                                                                                                     ;
;   0.261 ;   0.261  ; RR ; CELL   ; 1      ; IOIBUF_X148_Y16_N32 ;            ; CLK_50~input|o                                                                                                                     ;
;   0.336 ;   0.075  ; RR ; CELL   ; 1      ; IOIBUF_X148_Y16_N32 ;            ; CLK_50~input~io_48_lvds_tile_edge/ioclkin[0]                                                                                       ;
;   0.336 ;   0.000  ; RR ; IC     ; 2      ; CLKCTRL_3A_G_I20    ;            ; CLK_50~inputCLKENA0|inclk                                                                                                          ;
;   0.613 ;   0.277  ; RR ; CELL   ; 178801 ; CLKCTRL_3A_G_I20    ;            ; CLK_50~inputCLKENA0|outclk                                                                                                         ;
;   2.679 ;   2.066  ; RR ; IC     ; 1      ; FF_X110_Y6_N11      ; High Speed ; System|master_0|master_0|jtag_phy_embedded_in_jtag_master|normal.jtag_dc_streaming|sink_crosser|out_to_in_synchronizer|dreg[0]|clk ;
;   2.679 ;   0.000  ; RR ; CELL   ; 1      ; FF_X110_Y6_N11      ; High Speed ; System|master_0|master_0|jtag_phy_embedded_in_jtag_master|normal.jtag_dc_streaming|sink_crosser|out_to_in_synchronizer|dreg[0]     ;
;   2.463 ;   -0.216 ;    ;        ;        ;                     ;            ; clock pessimism removed                                                                                                            ;
; 2.463   ; 0.000    ;    ;        ;        ;                     ;            ; clock uncertainty                                                                                                                  ;
; 2.530   ; 0.067    ;    ; uTh    ; 1      ; FF_X110_Y6_N11      ;            ; System|master_0|master_0|jtag_phy_embedded_in_jtag_master|normal.jtag_dc_streaming|sink_crosser|out_to_in_synchronizer|dreg[0]     ;
+---------+----------+----+--------+--------+---------------------+------------+------------------------------------------------------------------------------------------------------------------------------------+



Path #7: Removal slack is 0.244 
===============================================================================
+---------------------------------------------------------------------------------------------------------------------------------------------------------------------------------------------------+
; Path Summary                                                                                                                                                                                      ;
+---------------------------------+-----------------------------------------------------------------------------------------------------------------------------------------------------------------+
; Property                        ; Value                                                                                                                                                           ;
+---------------------------------+-----------------------------------------------------------------------------------------------------------------------------------------------------------------+
; From Node                       ; System|master_0|master_0|jtag_phy_embedded_in_jtag_master|normal.jtag_dc_streaming|sink_crosser|alt_rst_req_sync_in_rst|altera_reset_synchronizer_int_chain_out ;
; To Node                         ; System|master_0|master_0|jtag_phy_embedded_in_jtag_master|normal.jtag_dc_streaming|sink_crosser|out_to_in_synchronizer|dreg[2]                                  ;
; Launch Clock                    ; CLK_50                                                                                                                                                          ;
; Latch Clock                     ; CLK_50                                                                                                                                                          ;
; SDC Exception                   ; No SDC Exception on Path                                                                                                                                        ;
; Data Arrival Time               ; 2.774                                                                                                                                                           ;
; Data Required Time              ; 2.530                                                                                                                                                           ;
; Slack                           ; 0.244                                                                                                                                                           ;
; Worst-Case Operating Conditions ; Fast 900mV 0C Model                                                                                                                                             ;
+---------------------------------+-----------------------------------------------------------------------------------------------------------------------------------------------------------------+

+-----------------------------------------------------------------------------------+
; Statistics                                                                        ;
+------------------------+-------+-------+-------------+------------+-------+-------+
; Property               ; Value ; Count ; Total Delay ; % of Total ; Min   ; Max   ;
+------------------------+-------+-------+-------------+------------+-------+-------+
; Removal Relationship   ; 0.000 ;       ;             ;            ;       ;       ;
; Clock Skew             ; 0.012 ;       ;             ;            ;       ;       ;
; Data Delay             ; 0.323 ;       ;             ;            ;       ;       ;
; Number of Logic Levels ;       ; 0     ;             ;            ;       ;       ;
; Physical Delays        ;       ;       ;             ;            ;       ;       ;
;  Arrival Path          ;       ;       ;             ;            ;       ;       ;
;   Clock                ;       ;       ;             ;            ;       ;       ;
;    IC                  ;       ; 3     ; 1.900       ; 78         ; 0.000 ; 1.900 ;
;    Cell                ;       ; 4     ; 0.551       ; 22         ; 0.000 ; 0.261 ;
;   Data                 ;       ;       ;             ;            ;       ;       ;
;    IC                  ;       ; 1     ; 0.153       ; 47         ; 0.153 ; 0.153 ;
;    Cell                ;       ; 2     ; 0.063       ; 20         ; 0.000 ; 0.063 ;
;    uTco                ;       ; 1     ; 0.107       ; 33         ; 0.107 ; 0.107 ;
;  Required Path         ;       ;       ;             ;            ;       ;       ;
;   Clock                ;       ;       ;             ;            ;       ;       ;
;    IC                  ;       ; 3     ; 2.066       ; 77         ; 0.000 ; 2.066 ;
;    Cell                ;       ; 4     ; 0.613       ; 23         ; 0.000 ; 0.277 ;
+------------------------+-------+-------+-------------+------------+-------+-------+
Note: Negative delays are omitted from totals when calculating percentages

+-------------------------------------------------------------------------------------------------------------------------------------------------------------------------------------------------------------------------------------------------------------------+
; Data Arrival Path                                                                                                                                                                                                                                                 ;
+---------+---------+----+--------+--------+---------------------+------------+-------------------------------------------------------------------------------------------------------------------------------------------------------------------------------------+
; Total   ; Incr    ; RF ; Type   ; Fanout ; Location            ; HS/LP      ; Element                                                                                                                                                                             ;
+---------+---------+----+--------+--------+---------------------+------------+-------------------------------------------------------------------------------------------------------------------------------------------------------------------------------------+
; 0.000   ; 0.000   ;    ;        ;        ;                     ;            ; launch edge time                                                                                                                                                                    ;
; 0.000   ; 0.000   ;    ; borrow ;        ;                     ;            ; time borrowed                                                                                                                                                                       ;
; 2.451   ; 2.451   ;    ;        ;        ;                     ;            ; clock path                                                                                                                                                                          ;
;   0.000 ;   0.000 ;    ;        ;        ;                     ;            ; source latency                                                                                                                                                                      ;
;   0.000 ;   0.000 ;    ;        ; 1      ; PIN_AM10            ;            ; CLK_50                                                                                                                                                                              ;
;   0.000 ;   0.000 ; RR ; IC     ; 1      ; IOIBUF_X148_Y16_N32 ;            ; CLK_50~input|i                                                                                                                                                                      ;
;   0.261 ;   0.261 ; RR ; CELL   ; 1      ; IOIBUF_X148_Y16_N32 ;            ; CLK_50~input|o                                                                                                                                                                      ;
;   0.322 ;   0.061 ; RR ; CELL   ; 1      ; IOIBUF_X148_Y16_N32 ;            ; CLK_50~input~io_48_lvds_tile_edge/ioclkin[0]                                                                                                                                        ;
;   0.322 ;   0.000 ; RR ; IC     ; 2      ; CLKCTRL_3A_G_I20    ;            ; CLK_50~inputCLKENA0|inclk                                                                                                                                                           ;
;   0.551 ;   0.229 ; RR ; CELL   ; 178801 ; CLKCTRL_3A_G_I20    ;            ; CLK_50~inputCLKENA0|outclk                                                                                                                                                          ;
;   2.451 ;   1.900 ; RR ; IC     ; 1      ; FF_X115_Y6_N49      ; High Speed ; System|master_0|master_0|jtag_phy_embedded_in_jtag_master|normal.jtag_dc_streaming|sink_crosser|alt_rst_req_sync_in_rst|altera_reset_synchronizer_int_chain_out|clk                 ;
;   2.451 ;   0.000 ; RR ; CELL   ; 1      ; FF_X115_Y6_N49      ; High Speed ; System|master_0|master_0|jtag_phy_embedded_in_jtag_master|normal.jtag_dc_streaming|sink_crosser|alt_rst_req_sync_in_rst|altera_reset_synchronizer_int_chain_out                     ;
; 2.774   ; 0.323   ;    ;        ;        ;                     ;            ; data path                                                                                                                                                                           ;
;   2.558 ;   0.107 ; RR ; uTco   ; 1      ; FF_X115_Y6_N49      ;            ; System|master_0|master_0|jtag_phy_embedded_in_jtag_master|normal.jtag_dc_streaming|sink_crosser|alt_rst_req_sync_in_rst|altera_reset_synchronizer_int_chain_out|q                   ;
;   2.621 ;   0.063 ; RR ; CELL   ; 17     ; FF_X115_Y6_N49      ; High Speed ; System|master_0|master_0|jtag_phy_embedded_in_jtag_master|normal.jtag_dc_streaming|sink_crosser|alt_rst_req_sync_in_rst|altera_reset_synchronizer_int_chain_out~la_mlab/laboutb[12] ;
;   2.774 ;   0.153 ; RR ; IC     ; 1      ; FF_X110_Y6_N29      ; High Speed ; System|master_0|master_0|jtag_phy_embedded_in_jtag_master|normal.jtag_dc_streaming|sink_crosser|out_to_in_synchronizer|dreg[2]|clrn                                                 ;
;   2.774 ;   0.000 ; RR ; CELL   ; 1      ; FF_X110_Y6_N29      ; High Speed ; System|master_0|master_0|jtag_phy_embedded_in_jtag_master|normal.jtag_dc_streaming|sink_crosser|out_to_in_synchronizer|dreg[2]                                                      ;
+---------+---------+----+--------+--------+---------------------+------------+-------------------------------------------------------------------------------------------------------------------------------------------------------------------------------------+

+-------------------------------------------------------------------------------------------------------------------------------------------------------------------------------------------------------------------+
; Data Required Path                                                                                                                                                                                                ;
+---------+----------+----+--------+--------+---------------------+------------+------------------------------------------------------------------------------------------------------------------------------------+
; Total   ; Incr     ; RF ; Type   ; Fanout ; Location            ; HS/LP      ; Element                                                                                                                            ;
+---------+----------+----+--------+--------+---------------------+------------+------------------------------------------------------------------------------------------------------------------------------------+
; 0.000   ; 0.000    ;    ;        ;        ;                     ;            ; latch edge time                                                                                                                    ;
; 0.000   ; 0.000    ;    ; borrow ;        ;                     ;            ; time borrowed                                                                                                                      ;
; 2.463   ; 2.463    ;    ;        ;        ;                     ;            ; clock path                                                                                                                         ;
;   0.000 ;   0.000  ;    ;        ;        ;                     ;            ; source latency                                                                                                                     ;
;   0.000 ;   0.000  ;    ;        ; 1      ; PIN_AM10            ;            ; CLK_50                                                                                                                             ;
;   0.000 ;   0.000  ; RR ; IC     ; 1      ; IOIBUF_X148_Y16_N32 ;            ; CLK_50~input|i                                                                                                                     ;
;   0.261 ;   0.261  ; RR ; CELL   ; 1      ; IOIBUF_X148_Y16_N32 ;            ; CLK_50~input|o                                                                                                                     ;
;   0.336 ;   0.075  ; RR ; CELL   ; 1      ; IOIBUF_X148_Y16_N32 ;            ; CLK_50~input~io_48_lvds_tile_edge/ioclkin[0]                                                                                       ;
;   0.336 ;   0.000  ; RR ; IC     ; 2      ; CLKCTRL_3A_G_I20    ;            ; CLK_50~inputCLKENA0|inclk                                                                                                          ;
;   0.613 ;   0.277  ; RR ; CELL   ; 178801 ; CLKCTRL_3A_G_I20    ;            ; CLK_50~inputCLKENA0|outclk                                                                                                         ;
;   2.679 ;   2.066  ; RR ; IC     ; 1      ; FF_X110_Y6_N29      ; High Speed ; System|master_0|master_0|jtag_phy_embedded_in_jtag_master|normal.jtag_dc_streaming|sink_crosser|out_to_in_synchronizer|dreg[2]|clk ;
;   2.679 ;   0.000  ; RR ; CELL   ; 1      ; FF_X110_Y6_N29      ; High Speed ; System|master_0|master_0|jtag_phy_embedded_in_jtag_master|normal.jtag_dc_streaming|sink_crosser|out_to_in_synchronizer|dreg[2]     ;
;   2.463 ;   -0.216 ;    ;        ;        ;                     ;            ; clock pessimism removed                                                                                                            ;
; 2.463   ; 0.000    ;    ;        ;        ;                     ;            ; clock uncertainty                                                                                                                  ;
; 2.530   ; 0.067    ;    ; uTh    ; 1      ; FF_X110_Y6_N29      ;            ; System|master_0|master_0|jtag_phy_embedded_in_jtag_master|normal.jtag_dc_streaming|sink_crosser|out_to_in_synchronizer|dreg[2]     ;
+---------+----------+----+--------+--------+---------------------+------------+------------------------------------------------------------------------------------------------------------------------------------+



Path #8: Removal slack is 0.244 
===============================================================================
+---------------------------------------------------------------------------------------------------------------------------------------------------------------------------------------------------+
; Path Summary                                                                                                                                                                                      ;
+---------------------------------+-----------------------------------------------------------------------------------------------------------------------------------------------------------------+
; Property                        ; Value                                                                                                                                                           ;
+---------------------------------+-----------------------------------------------------------------------------------------------------------------------------------------------------------------+
; From Node                       ; System|master_0|master_0|jtag_phy_embedded_in_jtag_master|normal.jtag_dc_streaming|sink_crosser|alt_rst_req_sync_in_rst|altera_reset_synchronizer_int_chain_out ;
; To Node                         ; System|master_0|master_0|jtag_phy_embedded_in_jtag_master|normal.jtag_dc_streaming|sink_crosser|out_to_in_synchronizer|dreg[6]                                  ;
; Launch Clock                    ; CLK_50                                                                                                                                                          ;
; Latch Clock                     ; CLK_50                                                                                                                                                          ;
; SDC Exception                   ; No SDC Exception on Path                                                                                                                                        ;
; Data Arrival Time               ; 2.774                                                                                                                                                           ;
; Data Required Time              ; 2.530                                                                                                                                                           ;
; Slack                           ; 0.244                                                                                                                                                           ;
; Worst-Case Operating Conditions ; Fast 900mV 0C Model                                                                                                                                             ;
+---------------------------------+-----------------------------------------------------------------------------------------------------------------------------------------------------------------+

+-----------------------------------------------------------------------------------+
; Statistics                                                                        ;
+------------------------+-------+-------+-------------+------------+-------+-------+
; Property               ; Value ; Count ; Total Delay ; % of Total ; Min   ; Max   ;
+------------------------+-------+-------+-------------+------------+-------+-------+
; Removal Relationship   ; 0.000 ;       ;             ;            ;       ;       ;
; Clock Skew             ; 0.012 ;       ;             ;            ;       ;       ;
; Data Delay             ; 0.323 ;       ;             ;            ;       ;       ;
; Number of Logic Levels ;       ; 0     ;             ;            ;       ;       ;
; Physical Delays        ;       ;       ;             ;            ;       ;       ;
;  Arrival Path          ;       ;       ;             ;            ;       ;       ;
;   Clock                ;       ;       ;             ;            ;       ;       ;
;    IC                  ;       ; 3     ; 1.900       ; 78         ; 0.000 ; 1.900 ;
;    Cell                ;       ; 4     ; 0.551       ; 22         ; 0.000 ; 0.261 ;
;   Data                 ;       ;       ;             ;            ;       ;       ;
;    IC                  ;       ; 1     ; 0.153       ; 47         ; 0.153 ; 0.153 ;
;    Cell                ;       ; 2     ; 0.063       ; 20         ; 0.000 ; 0.063 ;
;    uTco                ;       ; 1     ; 0.107       ; 33         ; 0.107 ; 0.107 ;
;  Required Path         ;       ;       ;             ;            ;       ;       ;
;   Clock                ;       ;       ;             ;            ;       ;       ;
;    IC                  ;       ; 3     ; 2.066       ; 77         ; 0.000 ; 2.066 ;
;    Cell                ;       ; 4     ; 0.613       ; 23         ; 0.000 ; 0.277 ;
+------------------------+-------+-------+-------------+------------+-------+-------+
Note: Negative delays are omitted from totals when calculating percentages

+-------------------------------------------------------------------------------------------------------------------------------------------------------------------------------------------------------------------------------------------------------------------+
; Data Arrival Path                                                                                                                                                                                                                                                 ;
+---------+---------+----+--------+--------+---------------------+------------+-------------------------------------------------------------------------------------------------------------------------------------------------------------------------------------+
; Total   ; Incr    ; RF ; Type   ; Fanout ; Location            ; HS/LP      ; Element                                                                                                                                                                             ;
+---------+---------+----+--------+--------+---------------------+------------+-------------------------------------------------------------------------------------------------------------------------------------------------------------------------------------+
; 0.000   ; 0.000   ;    ;        ;        ;                     ;            ; launch edge time                                                                                                                                                                    ;
; 0.000   ; 0.000   ;    ; borrow ;        ;                     ;            ; time borrowed                                                                                                                                                                       ;
; 2.451   ; 2.451   ;    ;        ;        ;                     ;            ; clock path                                                                                                                                                                          ;
;   0.000 ;   0.000 ;    ;        ;        ;                     ;            ; source latency                                                                                                                                                                      ;
;   0.000 ;   0.000 ;    ;        ; 1      ; PIN_AM10            ;            ; CLK_50                                                                                                                                                                              ;
;   0.000 ;   0.000 ; RR ; IC     ; 1      ; IOIBUF_X148_Y16_N32 ;            ; CLK_50~input|i                                                                                                                                                                      ;
;   0.261 ;   0.261 ; RR ; CELL   ; 1      ; IOIBUF_X148_Y16_N32 ;            ; CLK_50~input|o                                                                                                                                                                      ;
;   0.322 ;   0.061 ; RR ; CELL   ; 1      ; IOIBUF_X148_Y16_N32 ;            ; CLK_50~input~io_48_lvds_tile_edge/ioclkin[0]                                                                                                                                        ;
;   0.322 ;   0.000 ; RR ; IC     ; 2      ; CLKCTRL_3A_G_I20    ;            ; CLK_50~inputCLKENA0|inclk                                                                                                                                                           ;
;   0.551 ;   0.229 ; RR ; CELL   ; 178801 ; CLKCTRL_3A_G_I20    ;            ; CLK_50~inputCLKENA0|outclk                                                                                                                                                          ;
;   2.451 ;   1.900 ; RR ; IC     ; 1      ; FF_X115_Y6_N49      ; High Speed ; System|master_0|master_0|jtag_phy_embedded_in_jtag_master|normal.jtag_dc_streaming|sink_crosser|alt_rst_req_sync_in_rst|altera_reset_synchronizer_int_chain_out|clk                 ;
;   2.451 ;   0.000 ; RR ; CELL   ; 1      ; FF_X115_Y6_N49      ; High Speed ; System|master_0|master_0|jtag_phy_embedded_in_jtag_master|normal.jtag_dc_streaming|sink_crosser|alt_rst_req_sync_in_rst|altera_reset_synchronizer_int_chain_out                     ;
; 2.774   ; 0.323   ;    ;        ;        ;                     ;            ; data path                                                                                                                                                                           ;
;   2.558 ;   0.107 ; RR ; uTco   ; 1      ; FF_X115_Y6_N49      ;            ; System|master_0|master_0|jtag_phy_embedded_in_jtag_master|normal.jtag_dc_streaming|sink_crosser|alt_rst_req_sync_in_rst|altera_reset_synchronizer_int_chain_out|q                   ;
;   2.621 ;   0.063 ; RR ; CELL   ; 17     ; FF_X115_Y6_N49      ; High Speed ; System|master_0|master_0|jtag_phy_embedded_in_jtag_master|normal.jtag_dc_streaming|sink_crosser|alt_rst_req_sync_in_rst|altera_reset_synchronizer_int_chain_out~la_mlab/laboutb[12] ;
;   2.774 ;   0.153 ; RR ; IC     ; 1      ; FF_X110_Y6_N59      ; High Speed ; System|master_0|master_0|jtag_phy_embedded_in_jtag_master|normal.jtag_dc_streaming|sink_crosser|out_to_in_synchronizer|dreg[6]|clrn                                                 ;
;   2.774 ;   0.000 ; RR ; CELL   ; 1      ; FF_X110_Y6_N59      ; High Speed ; System|master_0|master_0|jtag_phy_embedded_in_jtag_master|normal.jtag_dc_streaming|sink_crosser|out_to_in_synchronizer|dreg[6]                                                      ;
+---------+---------+----+--------+--------+---------------------+------------+-------------------------------------------------------------------------------------------------------------------------------------------------------------------------------------+

+-------------------------------------------------------------------------------------------------------------------------------------------------------------------------------------------------------------------+
; Data Required Path                                                                                                                                                                                                ;
+---------+----------+----+--------+--------+---------------------+------------+------------------------------------------------------------------------------------------------------------------------------------+
; Total   ; Incr     ; RF ; Type   ; Fanout ; Location            ; HS/LP      ; Element                                                                                                                            ;
+---------+----------+----+--------+--------+---------------------+------------+------------------------------------------------------------------------------------------------------------------------------------+
; 0.000   ; 0.000    ;    ;        ;        ;                     ;            ; latch edge time                                                                                                                    ;
; 0.000   ; 0.000    ;    ; borrow ;        ;                     ;            ; time borrowed                                                                                                                      ;
; 2.463   ; 2.463    ;    ;        ;        ;                     ;            ; clock path                                                                                                                         ;
;   0.000 ;   0.000  ;    ;        ;        ;                     ;            ; source latency                                                                                                                     ;
;   0.000 ;   0.000  ;    ;        ; 1      ; PIN_AM10            ;            ; CLK_50                                                                                                                             ;
;   0.000 ;   0.000  ; RR ; IC     ; 1      ; IOIBUF_X148_Y16_N32 ;            ; CLK_50~input|i                                                                                                                     ;
;   0.261 ;   0.261  ; RR ; CELL   ; 1      ; IOIBUF_X148_Y16_N32 ;            ; CLK_50~input|o                                                                                                                     ;
;   0.336 ;   0.075  ; RR ; CELL   ; 1      ; IOIBUF_X148_Y16_N32 ;            ; CLK_50~input~io_48_lvds_tile_edge/ioclkin[0]                                                                                       ;
;   0.336 ;   0.000  ; RR ; IC     ; 2      ; CLKCTRL_3A_G_I20    ;            ; CLK_50~inputCLKENA0|inclk                                                                                                          ;
;   0.613 ;   0.277  ; RR ; CELL   ; 178801 ; CLKCTRL_3A_G_I20    ;            ; CLK_50~inputCLKENA0|outclk                                                                                                         ;
;   2.679 ;   2.066  ; RR ; IC     ; 1      ; FF_X110_Y6_N59      ; High Speed ; System|master_0|master_0|jtag_phy_embedded_in_jtag_master|normal.jtag_dc_streaming|sink_crosser|out_to_in_synchronizer|dreg[6]|clk ;
;   2.679 ;   0.000  ; RR ; CELL   ; 1      ; FF_X110_Y6_N59      ; High Speed ; System|master_0|master_0|jtag_phy_embedded_in_jtag_master|normal.jtag_dc_streaming|sink_crosser|out_to_in_synchronizer|dreg[6]     ;
;   2.463 ;   -0.216 ;    ;        ;        ;                     ;            ; clock pessimism removed                                                                                                            ;
; 2.463   ; 0.000    ;    ;        ;        ;                     ;            ; clock uncertainty                                                                                                                  ;
; 2.530   ; 0.067    ;    ; uTh    ; 1      ; FF_X110_Y6_N59      ;            ; System|master_0|master_0|jtag_phy_embedded_in_jtag_master|normal.jtag_dc_streaming|sink_crosser|out_to_in_synchronizer|dreg[6]     ;
+---------+----------+----+--------+--------+---------------------+------------+------------------------------------------------------------------------------------------------------------------------------------+



Path #9: Removal slack is 0.244 
===============================================================================
+---------------------------------------------------------------------------------------------------------------------------------------------------------------------------------------------------+
; Path Summary                                                                                                                                                                                      ;
+---------------------------------+-----------------------------------------------------------------------------------------------------------------------------------------------------------------+
; Property                        ; Value                                                                                                                                                           ;
+---------------------------------+-----------------------------------------------------------------------------------------------------------------------------------------------------------------+
; From Node                       ; System|master_0|master_0|jtag_phy_embedded_in_jtag_master|normal.jtag_dc_streaming|sink_crosser|alt_rst_req_sync_in_rst|altera_reset_synchronizer_int_chain_out ;
; To Node                         ; System|master_0|master_0|jtag_phy_embedded_in_jtag_master|normal.jtag_dc_streaming|sink_crosser|in_data_buffer[1]                                               ;
; Launch Clock                    ; CLK_50                                                                                                                                                          ;
; Latch Clock                     ; CLK_50                                                                                                                                                          ;
; SDC Exception                   ; No SDC Exception on Path                                                                                                                                        ;
; Data Arrival Time               ; 2.774                                                                                                                                                           ;
; Data Required Time              ; 2.530                                                                                                                                                           ;
; Slack                           ; 0.244                                                                                                                                                           ;
; Worst-Case Operating Conditions ; Fast 900mV 0C Model                                                                                                                                             ;
+---------------------------------+-----------------------------------------------------------------------------------------------------------------------------------------------------------------+

+-----------------------------------------------------------------------------------+
; Statistics                                                                        ;
+------------------------+-------+-------+-------------+------------+-------+-------+
; Property               ; Value ; Count ; Total Delay ; % of Total ; Min   ; Max   ;
+------------------------+-------+-------+-------------+------------+-------+-------+
; Removal Relationship   ; 0.000 ;       ;             ;            ;       ;       ;
; Clock Skew             ; 0.012 ;       ;             ;            ;       ;       ;
; Data Delay             ; 0.323 ;       ;             ;            ;       ;       ;
; Number of Logic Levels ;       ; 0     ;             ;            ;       ;       ;
; Physical Delays        ;       ;       ;             ;            ;       ;       ;
;  Arrival Path          ;       ;       ;             ;            ;       ;       ;
;   Clock                ;       ;       ;             ;            ;       ;       ;
;    IC                  ;       ; 3     ; 1.900       ; 78         ; 0.000 ; 1.900 ;
;    Cell                ;       ; 4     ; 0.551       ; 22         ; 0.000 ; 0.261 ;
;   Data                 ;       ;       ;             ;            ;       ;       ;
;    IC                  ;       ; 1     ; 0.153       ; 47         ; 0.153 ; 0.153 ;
;    Cell                ;       ; 2     ; 0.063       ; 20         ; 0.000 ; 0.063 ;
;    uTco                ;       ; 1     ; 0.107       ; 33         ; 0.107 ; 0.107 ;
;  Required Path         ;       ;       ;             ;            ;       ;       ;
;   Clock                ;       ;       ;             ;            ;       ;       ;
;    IC                  ;       ; 3     ; 2.066       ; 77         ; 0.000 ; 2.066 ;
;    Cell                ;       ; 4     ; 0.613       ; 23         ; 0.000 ; 0.277 ;
+------------------------+-------+-------+-------------+------------+-------+-------+
Note: Negative delays are omitted from totals when calculating percentages

+-------------------------------------------------------------------------------------------------------------------------------------------------------------------------------------------------------------------------------------------------------------------+
; Data Arrival Path                                                                                                                                                                                                                                                 ;
+---------+---------+----+--------+--------+---------------------+------------+-------------------------------------------------------------------------------------------------------------------------------------------------------------------------------------+
; Total   ; Incr    ; RF ; Type   ; Fanout ; Location            ; HS/LP      ; Element                                                                                                                                                                             ;
+---------+---------+----+--------+--------+---------------------+------------+-------------------------------------------------------------------------------------------------------------------------------------------------------------------------------------+
; 0.000   ; 0.000   ;    ;        ;        ;                     ;            ; launch edge time                                                                                                                                                                    ;
; 0.000   ; 0.000   ;    ; borrow ;        ;                     ;            ; time borrowed                                                                                                                                                                       ;
; 2.451   ; 2.451   ;    ;        ;        ;                     ;            ; clock path                                                                                                                                                                          ;
;   0.000 ;   0.000 ;    ;        ;        ;                     ;            ; source latency                                                                                                                                                                      ;
;   0.000 ;   0.000 ;    ;        ; 1      ; PIN_AM10            ;            ; CLK_50                                                                                                                                                                              ;
;   0.000 ;   0.000 ; RR ; IC     ; 1      ; IOIBUF_X148_Y16_N32 ;            ; CLK_50~input|i                                                                                                                                                                      ;
;   0.261 ;   0.261 ; RR ; CELL   ; 1      ; IOIBUF_X148_Y16_N32 ;            ; CLK_50~input|o                                                                                                                                                                      ;
;   0.322 ;   0.061 ; RR ; CELL   ; 1      ; IOIBUF_X148_Y16_N32 ;            ; CLK_50~input~io_48_lvds_tile_edge/ioclkin[0]                                                                                                                                        ;
;   0.322 ;   0.000 ; RR ; IC     ; 2      ; CLKCTRL_3A_G_I20    ;            ; CLK_50~inputCLKENA0|inclk                                                                                                                                                           ;
;   0.551 ;   0.229 ; RR ; CELL   ; 178801 ; CLKCTRL_3A_G_I20    ;            ; CLK_50~inputCLKENA0|outclk                                                                                                                                                          ;
;   2.451 ;   1.900 ; RR ; IC     ; 1      ; FF_X115_Y6_N49      ; High Speed ; System|master_0|master_0|jtag_phy_embedded_in_jtag_master|normal.jtag_dc_streaming|sink_crosser|alt_rst_req_sync_in_rst|altera_reset_synchronizer_int_chain_out|clk                 ;
;   2.451 ;   0.000 ; RR ; CELL   ; 1      ; FF_X115_Y6_N49      ; High Speed ; System|master_0|master_0|jtag_phy_embedded_in_jtag_master|normal.jtag_dc_streaming|sink_crosser|alt_rst_req_sync_in_rst|altera_reset_synchronizer_int_chain_out                     ;
; 2.774   ; 0.323   ;    ;        ;        ;                     ;            ; data path                                                                                                                                                                           ;
;   2.558 ;   0.107 ; RR ; uTco   ; 1      ; FF_X115_Y6_N49      ;            ; System|master_0|master_0|jtag_phy_embedded_in_jtag_master|normal.jtag_dc_streaming|sink_crosser|alt_rst_req_sync_in_rst|altera_reset_synchronizer_int_chain_out|q                   ;
;   2.621 ;   0.063 ; RR ; CELL   ; 17     ; FF_X115_Y6_N49      ; High Speed ; System|master_0|master_0|jtag_phy_embedded_in_jtag_master|normal.jtag_dc_streaming|sink_crosser|alt_rst_req_sync_in_rst|altera_reset_synchronizer_int_chain_out~la_mlab/laboutb[12] ;
;   2.774 ;   0.153 ; RR ; IC     ; 1      ; FF_X110_Y6_N5       ; High Speed ; System|master_0|master_0|jtag_phy_embedded_in_jtag_master|normal.jtag_dc_streaming|sink_crosser|in_data_buffer[1]|clrn                                                              ;
;   2.774 ;   0.000 ; RR ; CELL   ; 1      ; FF_X110_Y6_N5       ; High Speed ; System|master_0|master_0|jtag_phy_embedded_in_jtag_master|normal.jtag_dc_streaming|sink_crosser|in_data_buffer[1]                                                                   ;
+---------+---------+----+--------+--------+---------------------+------------+-------------------------------------------------------------------------------------------------------------------------------------------------------------------------------------+

+------------------------------------------------------------------------------------------------------------------------------------------------------------------------------------------------------+
; Data Required Path                                                                                                                                                                                   ;
+---------+----------+----+--------+--------+---------------------+------------+-----------------------------------------------------------------------------------------------------------------------+
; Total   ; Incr     ; RF ; Type   ; Fanout ; Location            ; HS/LP      ; Element                                                                                                               ;
+---------+----------+----+--------+--------+---------------------+------------+-----------------------------------------------------------------------------------------------------------------------+
; 0.000   ; 0.000    ;    ;        ;        ;                     ;            ; latch edge time                                                                                                       ;
; 0.000   ; 0.000    ;    ; borrow ;        ;                     ;            ; time borrowed                                                                                                         ;
; 2.463   ; 2.463    ;    ;        ;        ;                     ;            ; clock path                                                                                                            ;
;   0.000 ;   0.000  ;    ;        ;        ;                     ;            ; source latency                                                                                                        ;
;   0.000 ;   0.000  ;    ;        ; 1      ; PIN_AM10            ;            ; CLK_50                                                                                                                ;
;   0.000 ;   0.000  ; RR ; IC     ; 1      ; IOIBUF_X148_Y16_N32 ;            ; CLK_50~input|i                                                                                                        ;
;   0.261 ;   0.261  ; RR ; CELL   ; 1      ; IOIBUF_X148_Y16_N32 ;            ; CLK_50~input|o                                                                                                        ;
;   0.336 ;   0.075  ; RR ; CELL   ; 1      ; IOIBUF_X148_Y16_N32 ;            ; CLK_50~input~io_48_lvds_tile_edge/ioclkin[0]                                                                          ;
;   0.336 ;   0.000  ; RR ; IC     ; 2      ; CLKCTRL_3A_G_I20    ;            ; CLK_50~inputCLKENA0|inclk                                                                                             ;
;   0.613 ;   0.277  ; RR ; CELL   ; 178801 ; CLKCTRL_3A_G_I20    ;            ; CLK_50~inputCLKENA0|outclk                                                                                            ;
;   2.679 ;   2.066  ; RR ; IC     ; 1      ; FF_X110_Y6_N5       ; High Speed ; System|master_0|master_0|jtag_phy_embedded_in_jtag_master|normal.jtag_dc_streaming|sink_crosser|in_data_buffer[1]|clk ;
;   2.679 ;   0.000  ; RR ; CELL   ; 1      ; FF_X110_Y6_N5       ; High Speed ; System|master_0|master_0|jtag_phy_embedded_in_jtag_master|normal.jtag_dc_streaming|sink_crosser|in_data_buffer[1]     ;
;   2.463 ;   -0.216 ;    ;        ;        ;                     ;            ; clock pessimism removed                                                                                               ;
; 2.463   ; 0.000    ;    ;        ;        ;                     ;            ; clock uncertainty                                                                                                     ;
; 2.530   ; 0.067    ;    ; uTh    ; 1      ; FF_X110_Y6_N5       ;            ; System|master_0|master_0|jtag_phy_embedded_in_jtag_master|normal.jtag_dc_streaming|sink_crosser|in_data_buffer[1]     ;
+---------+----------+----+--------+--------+---------------------+------------+-----------------------------------------------------------------------------------------------------------------------+



Path #10: Removal slack is 0.245 
===============================================================================
+---------------------------------------------------------------------------------------------------------------------------------------------------------------------------------------------------+
; Path Summary                                                                                                                                                                                      ;
+---------------------------------+-----------------------------------------------------------------------------------------------------------------------------------------------------------------+
; Property                        ; Value                                                                                                                                                           ;
+---------------------------------+-----------------------------------------------------------------------------------------------------------------------------------------------------------------+
; From Node                       ; System|master_0|master_0|jtag_phy_embedded_in_jtag_master|normal.jtag_dc_streaming|sink_crosser|alt_rst_req_sync_in_rst|altera_reset_synchronizer_int_chain_out ;
; To Node                         ; System|master_0|master_0|jtag_phy_embedded_in_jtag_master|normal.jtag_dc_streaming|sink_crosser|out_to_in_synchronizer|dreg[3]                                  ;
; Launch Clock                    ; CLK_50                                                                                                                                                          ;
; Latch Clock                     ; CLK_50                                                                                                                                                          ;
; SDC Exception                   ; No SDC Exception on Path                                                                                                                                        ;
; Data Arrival Time               ; 2.774                                                                                                                                                           ;
; Data Required Time              ; 2.529                                                                                                                                                           ;
; Slack                           ; 0.245                                                                                                                                                           ;
; Worst-Case Operating Conditions ; Fast 900mV 0C Model                                                                                                                                             ;
+---------------------------------+-----------------------------------------------------------------------------------------------------------------------------------------------------------------+

+-----------------------------------------------------------------------------------+
; Statistics                                                                        ;
+------------------------+-------+-------+-------------+------------+-------+-------+
; Property               ; Value ; Count ; Total Delay ; % of Total ; Min   ; Max   ;
+------------------------+-------+-------+-------------+------------+-------+-------+
; Removal Relationship   ; 0.000 ;       ;             ;            ;       ;       ;
; Clock Skew             ; 0.012 ;       ;             ;            ;       ;       ;
; Data Delay             ; 0.323 ;       ;             ;            ;       ;       ;
; Number of Logic Levels ;       ; 0     ;             ;            ;       ;       ;
; Physical Delays        ;       ;       ;             ;            ;       ;       ;
;  Arrival Path          ;       ;       ;             ;            ;       ;       ;
;   Clock                ;       ;       ;             ;            ;       ;       ;
;    IC                  ;       ; 3     ; 1.900       ; 78         ; 0.000 ; 1.900 ;
;    Cell                ;       ; 4     ; 0.551       ; 22         ; 0.000 ; 0.261 ;
;   Data                 ;       ;       ;             ;            ;       ;       ;
;    IC                  ;       ; 1     ; 0.153       ; 47         ; 0.153 ; 0.153 ;
;    Cell                ;       ; 2     ; 0.063       ; 20         ; 0.000 ; 0.063 ;
;    uTco                ;       ; 1     ; 0.107       ; 33         ; 0.107 ; 0.107 ;
;  Required Path         ;       ;       ;             ;            ;       ;       ;
;   Clock                ;       ;       ;             ;            ;       ;       ;
;    IC                  ;       ; 3     ; 2.066       ; 77         ; 0.000 ; 2.066 ;
;    Cell                ;       ; 4     ; 0.613       ; 23         ; 0.000 ; 0.277 ;
+------------------------+-------+-------+-------------+------------+-------+-------+
Note: Negative delays are omitted from totals when calculating percentages

+-------------------------------------------------------------------------------------------------------------------------------------------------------------------------------------------------------------------------------------------------------------------+
; Data Arrival Path                                                                                                                                                                                                                                                 ;
+---------+---------+----+--------+--------+---------------------+------------+-------------------------------------------------------------------------------------------------------------------------------------------------------------------------------------+
; Total   ; Incr    ; RF ; Type   ; Fanout ; Location            ; HS/LP      ; Element                                                                                                                                                                             ;
+---------+---------+----+--------+--------+---------------------+------------+-------------------------------------------------------------------------------------------------------------------------------------------------------------------------------------+
; 0.000   ; 0.000   ;    ;        ;        ;                     ;            ; launch edge time                                                                                                                                                                    ;
; 0.000   ; 0.000   ;    ; borrow ;        ;                     ;            ; time borrowed                                                                                                                                                                       ;
; 2.451   ; 2.451   ;    ;        ;        ;                     ;            ; clock path                                                                                                                                                                          ;
;   0.000 ;   0.000 ;    ;        ;        ;                     ;            ; source latency                                                                                                                                                                      ;
;   0.000 ;   0.000 ;    ;        ; 1      ; PIN_AM10            ;            ; CLK_50                                                                                                                                                                              ;
;   0.000 ;   0.000 ; RR ; IC     ; 1      ; IOIBUF_X148_Y16_N32 ;            ; CLK_50~input|i                                                                                                                                                                      ;
;   0.261 ;   0.261 ; RR ; CELL   ; 1      ; IOIBUF_X148_Y16_N32 ;            ; CLK_50~input|o                                                                                                                                                                      ;
;   0.322 ;   0.061 ; RR ; CELL   ; 1      ; IOIBUF_X148_Y16_N32 ;            ; CLK_50~input~io_48_lvds_tile_edge/ioclkin[0]                                                                                                                                        ;
;   0.322 ;   0.000 ; RR ; IC     ; 2      ; CLKCTRL_3A_G_I20    ;            ; CLK_50~inputCLKENA0|inclk                                                                                                                                                           ;
;   0.551 ;   0.229 ; RR ; CELL   ; 178801 ; CLKCTRL_3A_G_I20    ;            ; CLK_50~inputCLKENA0|outclk                                                                                                                                                          ;
;   2.451 ;   1.900 ; RR ; IC     ; 1      ; FF_X115_Y6_N49      ; High Speed ; System|master_0|master_0|jtag_phy_embedded_in_jtag_master|normal.jtag_dc_streaming|sink_crosser|alt_rst_req_sync_in_rst|altera_reset_synchronizer_int_chain_out|clk                 ;
;   2.451 ;   0.000 ; RR ; CELL   ; 1      ; FF_X115_Y6_N49      ; High Speed ; System|master_0|master_0|jtag_phy_embedded_in_jtag_master|normal.jtag_dc_streaming|sink_crosser|alt_rst_req_sync_in_rst|altera_reset_synchronizer_int_chain_out                     ;
; 2.774   ; 0.323   ;    ;        ;        ;                     ;            ; data path                                                                                                                                                                           ;
;   2.558 ;   0.107 ; RR ; uTco   ; 1      ; FF_X115_Y6_N49      ;            ; System|master_0|master_0|jtag_phy_embedded_in_jtag_master|normal.jtag_dc_streaming|sink_crosser|alt_rst_req_sync_in_rst|altera_reset_synchronizer_int_chain_out|q                   ;
;   2.621 ;   0.063 ; RR ; CELL   ; 17     ; FF_X115_Y6_N49      ; High Speed ; System|master_0|master_0|jtag_phy_embedded_in_jtag_master|normal.jtag_dc_streaming|sink_crosser|alt_rst_req_sync_in_rst|altera_reset_synchronizer_int_chain_out~la_mlab/laboutb[12] ;
;   2.774 ;   0.153 ; RR ; IC     ; 1      ; FF_X110_Y6_N28      ; High Speed ; System|master_0|master_0|jtag_phy_embedded_in_jtag_master|normal.jtag_dc_streaming|sink_crosser|out_to_in_synchronizer|dreg[3]|clrn                                                 ;
;   2.774 ;   0.000 ; RR ; CELL   ; 1      ; FF_X110_Y6_N28      ; High Speed ; System|master_0|master_0|jtag_phy_embedded_in_jtag_master|normal.jtag_dc_streaming|sink_crosser|out_to_in_synchronizer|dreg[3]                                                      ;
+---------+---------+----+--------+--------+---------------------+------------+-------------------------------------------------------------------------------------------------------------------------------------------------------------------------------------+

+-------------------------------------------------------------------------------------------------------------------------------------------------------------------------------------------------------------------+
; Data Required Path                                                                                                                                                                                                ;
+---------+----------+----+--------+--------+---------------------+------------+------------------------------------------------------------------------------------------------------------------------------------+
; Total   ; Incr     ; RF ; Type   ; Fanout ; Location            ; HS/LP      ; Element                                                                                                                            ;
+---------+----------+----+--------+--------+---------------------+------------+------------------------------------------------------------------------------------------------------------------------------------+
; 0.000   ; 0.000    ;    ;        ;        ;                     ;            ; latch edge time                                                                                                                    ;
; 0.000   ; 0.000    ;    ; borrow ;        ;                     ;            ; time borrowed                                                                                                                      ;
; 2.463   ; 2.463    ;    ;        ;        ;                     ;            ; clock path                                                                                                                         ;
;   0.000 ;   0.000  ;    ;        ;        ;                     ;            ; source latency                                                                                                                     ;
;   0.000 ;   0.000  ;    ;        ; 1      ; PIN_AM10            ;            ; CLK_50                                                                                                                             ;
;   0.000 ;   0.000  ; RR ; IC     ; 1      ; IOIBUF_X148_Y16_N32 ;            ; CLK_50~input|i                                                                                                                     ;
;   0.261 ;   0.261  ; RR ; CELL   ; 1      ; IOIBUF_X148_Y16_N32 ;            ; CLK_50~input|o                                                                                                                     ;
;   0.336 ;   0.075  ; RR ; CELL   ; 1      ; IOIBUF_X148_Y16_N32 ;            ; CLK_50~input~io_48_lvds_tile_edge/ioclkin[0]                                                                                       ;
;   0.336 ;   0.000  ; RR ; IC     ; 2      ; CLKCTRL_3A_G_I20    ;            ; CLK_50~inputCLKENA0|inclk                                                                                                          ;
;   0.613 ;   0.277  ; RR ; CELL   ; 178801 ; CLKCTRL_3A_G_I20    ;            ; CLK_50~inputCLKENA0|outclk                                                                                                         ;
;   2.679 ;   2.066  ; RR ; IC     ; 1      ; FF_X110_Y6_N28      ; High Speed ; System|master_0|master_0|jtag_phy_embedded_in_jtag_master|normal.jtag_dc_streaming|sink_crosser|out_to_in_synchronizer|dreg[3]|clk ;
;   2.679 ;   0.000  ; RR ; CELL   ; 1      ; FF_X110_Y6_N28      ; High Speed ; System|master_0|master_0|jtag_phy_embedded_in_jtag_master|normal.jtag_dc_streaming|sink_crosser|out_to_in_synchronizer|dreg[3]     ;
;   2.463 ;   -0.216 ;    ;        ;        ;                     ;            ; clock pessimism removed                                                                                                            ;
; 2.463   ; 0.000    ;    ;        ;        ;                     ;            ; clock uncertainty                                                                                                                  ;
; 2.529   ; 0.066    ;    ; uTh    ; 1      ; FF_X110_Y6_N28      ;            ; System|master_0|master_0|jtag_phy_embedded_in_jtag_master|normal.jtag_dc_streaming|sink_crosser|out_to_in_synchronizer|dreg[3]     ;
+---------+----------+----+--------+--------+---------------------+------------+------------------------------------------------------------------------------------------------------------------------------------+



+------------------------------------------------------------------+
; Unconstrained Paths Summary                                      ;
+---------------------------------------------------+-------+------+
; Property                                          ; Setup ; Hold ;
+---------------------------------------------------+-------+------+
; Illegal Clocks                                    ; 0     ; 0    ;
; Unconstrained Clocks                              ; 1     ; 1    ;
; Unconstrained Input Ports                         ; 3     ; 3    ;
; Paths from Unconstrained Input Ports (Pairs-Only) ; 48    ; 48   ;
; Unconstrained Output Ports                        ; 5     ; 5    ;
; Paths to Unconstrained Output Ports (Pairs-Only)  ; 13    ; 13   ;
+---------------------------------------------------+-------+------+


+-----------------------------------------------------+
; Clock Status Summary                                ;
+---------------------+--------+------+---------------+
; Target              ; Clock  ; Type ; Status        ;
+---------------------+--------+------+---------------+
; altera_reserved_tck ;        ; Base ; Unconstrained ;
; CLK_50              ; CLK_50 ; Base ; Constrained   ;
+---------------------+--------+------+---------------+


+------------------------------------------------------------------------------------------------------------+
; Unconstrained Input Ports                                                                                  ;
+---------------------+--------------------------------------------------------------------------------------+
; Input Port          ; Comment                                                                              ;
+---------------------+--------------------------------------------------------------------------------------+
; BTN_RESET           ; Partially constrained                                                                ;
; altera_reserved_tdi ; No input delay, min/max delays, false-path exceptions, or max skew assignments found ;
; altera_reserved_tms ; No input delay, min/max delays, false-path exceptions, or max skew assignments found ;
+---------------------+--------------------------------------------------------------------------------------+


+-------------------------------------------------------------------------------------------------------------+
; Unconstrained Output Ports                                                                                  ;
+---------------------+---------------------------------------------------------------------------------------+
; Output Port         ; Comment                                                                               ;
+---------------------+---------------------------------------------------------------------------------------+
; LED_STATUS[0]       ; No output delay, min/max delays, false-path exceptions, or max skew assignments found ;
; LED_STATUS[1]       ; No output delay, min/max delays, false-path exceptions, or max skew assignments found ;
; LED_STATUS[2]       ; No output delay, min/max delays, false-path exceptions, or max skew assignments found ;
; LED_STATUS[3]       ; No output delay, min/max delays, false-path exceptions, or max skew assignments found ;
; altera_reserved_tdo ; No output delay, min/max delays, false-path exceptions, or max skew assignments found ;
+---------------------+---------------------------------------------------------------------------------------+


+------------------------------------------------------------------------------------------------------------+
; Unconstrained Input Ports                                                                                  ;
+---------------------+--------------------------------------------------------------------------------------+
; Input Port          ; Comment                                                                              ;
+---------------------+--------------------------------------------------------------------------------------+
; BTN_RESET           ; Partially constrained                                                                ;
; altera_reserved_tdi ; No input delay, min/max delays, false-path exceptions, or max skew assignments found ;
; altera_reserved_tms ; No input delay, min/max delays, false-path exceptions, or max skew assignments found ;
+---------------------+--------------------------------------------------------------------------------------+


+-------------------------------------------------------------------------------------------------------------+
; Unconstrained Output Ports                                                                                  ;
+---------------------+---------------------------------------------------------------------------------------+
; Output Port         ; Comment                                                                               ;
+---------------------+---------------------------------------------------------------------------------------+
; LED_STATUS[0]       ; No output delay, min/max delays, false-path exceptions, or max skew assignments found ;
; LED_STATUS[1]       ; No output delay, min/max delays, false-path exceptions, or max skew assignments found ;
; LED_STATUS[2]       ; No output delay, min/max delays, false-path exceptions, or max skew assignments found ;
; LED_STATUS[3]       ; No output delay, min/max delays, false-path exceptions, or max skew assignments found ;
; altera_reserved_tdo ; No output delay, min/max delays, false-path exceptions, or max skew assignments found ;
+---------------------+---------------------------------------------------------------------------------------+


-------------
; INI Usage ;
-------------
Nothing to report.


+-----------------------------------------------------------------------------+
; Multicorner Timing Analysis Summary                                         ;
+------------------+-------+-------+----------+---------+---------------------+
; Clock            ; Setup ; Hold  ; Recovery ; Removal ; Minimum Pulse Width ;
+------------------+-------+-------+----------+---------+---------------------+
; Worst-case Slack ; 5.527 ; 0.015 ; 14.078   ; 0.168   ; 9.466               ;
;  CLK_50          ; 5.527 ; 0.015 ; 14.078   ; 0.168   ; 9.466               ;
; Design-wide TNS  ; 0.0   ; 0.0   ; 0.0      ; 0.0     ; 0.0                 ;
;  CLK_50          ; 0.000 ; 0.000 ; 0.000    ; 0.000   ; 0.000               ;
+------------------+-------+-------+----------+---------+---------------------+


+--------------------------+
; Timing Analyzer Messages ;
+--------------------------+
Info (20030): Parallel compilation is enabled and will use 12 of the 12 processors detected
Info: *******************************************************************
Info: Running Quartus Prime Timing Analyzer
    Info: Version 24.1.0 Build 115 03/21/2024 SC Pro Edition
    Info: Processing started: Wed Mar 11 16:43:32 2026
    Info: System process ID: 2692
Info: Command: quartus_sta SummerResearchProject -c NonDPR --mode=finalize
Info: qsta_default_script.tcl version: #2
Info (16677): Loading final database.
Info (16734): Loading "final" snapshot for partition "root_partition".
Info (16734): Loading "final" snapshot for partition "auto_fab_0".
Info (16678): Successfully loaded final database: elapsed time is 00:00:06.
Warning (20846): The entity name "SummerResearchTopLevel" specified on the assignment "set_instance_assignment -name PARTITION top_level_systolic_array -to npu_core -entity SummerResearchTopLevel does not exist in the design".
Warning (20846): The entity name "SummerResearchTopLevel" specified on the assignment "set_instance_assignment -name PARTITION_COLOUR 4294937543 -to npu_core -entity SummerResearchTopLevel does not exist in the design".
Warning (20846): The entity name "SummerResearchTopLevel" specified on the assignment "set_instance_assignment -name PARTIAL_RECONFIGURATION_PARTITION ON -to npu_core -entity SummerResearchTopLevel does not exist in the design".
Info (21076): Core supply voltage operating condition is not set. Assuming a default value of '0.9V'.
Info (21077): Low junction temperature is 0 degrees C
Info (21077): High junction temperature is 100 degrees C
Info (332164): Evaluating HDL-embedded SDC commands
    Info (332165): Entity altera_std_synchronizer
        Info (332166): set_false_path -to [get_keepers {*altera_std_synchronizer:*|din_s1}]
Info (19539): Reading the HDL-embedded SDC files elapsed 00:00:01.
Info (332104): Reading SDC File: 'NonDPR.out.sdc'
Warning (332174): Ignored filter at NonDPR.out.sdc(83): altera_reserved_tck could not be matched with a clock File: C:/Users/pchh520/Documents/GitHub/part-4-project/SummerResearch/quartus/NonDPR.out.sdc Line: 83
Warning (332054): Assignment set_clock_groups is accepted but has some problems at NonDPR.out.sdc(83): Argument -group with value [get_clocks {altera_reserved_tck}] contains zero elements File: C:/Users/pchh520/Documents/GitHub/part-4-project/SummerResearch/quartus/NonDPR.out.sdc Line: 83
    Info (332050): set_clock_groups -asynchronous -group [get_clocks {CLK_50}] -group [get_clocks {altera_reserved_tck}]  File: C:/Users/pchh520/Documents/GitHub/part-4-project/SummerResearch/quartus/NonDPR.out.sdc Line: 83
Warning (332174): Ignored filter at NonDPR.out.sdc(90): *|alt_jtag_atlantic:*|jupdate could not be matched with a register File: C:/Users/pchh520/Documents/GitHub/part-4-project/SummerResearch/quartus/NonDPR.out.sdc Line: 90
Warning (332174): Ignored filter at NonDPR.out.sdc(90): *|alt_jtag_atlantic:*|jupdate1* could not be matched with a register File: C:/Users/pchh520/Documents/GitHub/part-4-project/SummerResearch/quartus/NonDPR.out.sdc Line: 90
Warning (332049): Ignored set_false_path at NonDPR.out.sdc(90): Argument -from is an empty collection File: C:/Users/pchh520/Documents/GitHub/part-4-project/SummerResearch/quartus/NonDPR.out.sdc Line: 90
    Info (332050): set_false_path -from [get_registers {*|alt_jtag_atlantic:*|jupdate}] -to [get_registers {*|alt_jtag_atlantic:*|jupdate1*}] File: C:/Users/pchh520/Documents/GitHub/part-4-project/SummerResearch/quartus/NonDPR.out.sdc Line: 90
Warning (332049): Ignored set_false_path at NonDPR.out.sdc(90): Argument -to is an empty collection File: C:/Users/pchh520/Documents/GitHub/part-4-project/SummerResearch/quartus/NonDPR.out.sdc Line: 90
Warning (332174): Ignored filter at NonDPR.out.sdc(91): *|alt_jtag_atlantic:*|rdata[*] could not be matched with a register File: C:/Users/pchh520/Documents/GitHub/part-4-project/SummerResearch/quartus/NonDPR.out.sdc Line: 91
Warning (332174): Ignored filter at NonDPR.out.sdc(91): *|alt_jtag_atlantic*|td_shift[*] could not be matched with a register File: C:/Users/pchh520/Documents/GitHub/part-4-project/SummerResearch/quartus/NonDPR.out.sdc Line: 91
Warning (332049): Ignored set_false_path at NonDPR.out.sdc(91): Argument -from is an empty collection File: C:/Users/pchh520/Documents/GitHub/part-4-project/SummerResearch/quartus/NonDPR.out.sdc Line: 91
    Info (332050): set_false_path -from [get_registers {*|alt_jtag_atlantic:*|rdata[*]}] -to [get_registers {*|alt_jtag_atlantic*|td_shift[*]}] File: C:/Users/pchh520/Documents/GitHub/part-4-project/SummerResearch/quartus/NonDPR.out.sdc Line: 91
Warning (332049): Ignored set_false_path at NonDPR.out.sdc(91): Argument -to is an empty collection File: C:/Users/pchh520/Documents/GitHub/part-4-project/SummerResearch/quartus/NonDPR.out.sdc Line: 91
Warning (332174): Ignored filter at NonDPR.out.sdc(92): *|alt_jtag_atlantic:*|read could not be matched with a register File: C:/Users/pchh520/Documents/GitHub/part-4-project/SummerResearch/quartus/NonDPR.out.sdc Line: 92
Warning (332174): Ignored filter at NonDPR.out.sdc(92): *|alt_jtag_atlantic:*|read1* could not be matched with a register File: C:/Users/pchh520/Documents/GitHub/part-4-project/SummerResearch/quartus/NonDPR.out.sdc Line: 92
Warning (332049): Ignored set_false_path at NonDPR.out.sdc(92): Argument -from is an empty collection File: C:/Users/pchh520/Documents/GitHub/part-4-project/SummerResearch/quartus/NonDPR.out.sdc Line: 92
    Info (332050): set_false_path -from [get_registers {*|alt_jtag_atlantic:*|read}] -to [get_registers {*|alt_jtag_atlantic:*|read1*}] File: C:/Users/pchh520/Documents/GitHub/part-4-project/SummerResearch/quartus/NonDPR.out.sdc Line: 92
Warning (332049): Ignored set_false_path at NonDPR.out.sdc(92): Argument -to is an empty collection File: C:/Users/pchh520/Documents/GitHub/part-4-project/SummerResearch/quartus/NonDPR.out.sdc Line: 92
Warning (332174): Ignored filter at NonDPR.out.sdc(93): *|alt_jtag_atlantic:*|read_req could not be matched with a register File: C:/Users/pchh520/Documents/GitHub/part-4-project/SummerResearch/quartus/NonDPR.out.sdc Line: 93
Warning (332049): Ignored set_false_path at NonDPR.out.sdc(93): Argument -from is an empty collection File: C:/Users/pchh520/Documents/GitHub/part-4-project/SummerResearch/quartus/NonDPR.out.sdc Line: 93
    Info (332050): set_false_path -from [get_registers {*|alt_jtag_atlantic:*|read_req}]  File: C:/Users/pchh520/Documents/GitHub/part-4-project/SummerResearch/quartus/NonDPR.out.sdc Line: 93
Warning (332174): Ignored filter at NonDPR.out.sdc(94): *|alt_jtag_atlantic:*|rvalid could not be matched with a register File: C:/Users/pchh520/Documents/GitHub/part-4-project/SummerResearch/quartus/NonDPR.out.sdc Line: 94
Warning (332049): Ignored set_false_path at NonDPR.out.sdc(94): Argument -from is an empty collection File: C:/Users/pchh520/Documents/GitHub/part-4-project/SummerResearch/quartus/NonDPR.out.sdc Line: 94
    Info (332050): set_false_path -from [get_registers {*|alt_jtag_atlantic:*|rvalid}] -to [get_registers {*|alt_jtag_atlantic*|td_shift[*]}] File: C:/Users/pchh520/Documents/GitHub/part-4-project/SummerResearch/quartus/NonDPR.out.sdc Line: 94
Warning (332049): Ignored set_false_path at NonDPR.out.sdc(94): Argument -to is an empty collection File: C:/Users/pchh520/Documents/GitHub/part-4-project/SummerResearch/quartus/NonDPR.out.sdc Line: 94
Warning (332174): Ignored filter at NonDPR.out.sdc(95): *|t_dav could not be matched with a register File: C:/Users/pchh520/Documents/GitHub/part-4-project/SummerResearch/quartus/NonDPR.out.sdc Line: 95
Warning (332174): Ignored filter at NonDPR.out.sdc(95): *|alt_jtag_atlantic:*|tck_t_dav could not be matched with a register File: C:/Users/pchh520/Documents/GitHub/part-4-project/SummerResearch/quartus/NonDPR.out.sdc Line: 95
Warning (332049): Ignored set_false_path at NonDPR.out.sdc(95): Argument -from is an empty collection File: C:/Users/pchh520/Documents/GitHub/part-4-project/SummerResearch/quartus/NonDPR.out.sdc Line: 95
    Info (332050): set_false_path -from [get_registers {*|t_dav}] -to [get_registers {*|alt_jtag_atlantic:*|tck_t_dav}] File: C:/Users/pchh520/Documents/GitHub/part-4-project/SummerResearch/quartus/NonDPR.out.sdc Line: 95
Warning (332049): Ignored set_false_path at NonDPR.out.sdc(95): Argument -to is an empty collection File: C:/Users/pchh520/Documents/GitHub/part-4-project/SummerResearch/quartus/NonDPR.out.sdc Line: 95
Warning (332174): Ignored filter at NonDPR.out.sdc(96): *|alt_jtag_atlantic:*|user_saw_rvalid could not be matched with a register File: C:/Users/pchh520/Documents/GitHub/part-4-project/SummerResearch/quartus/NonDPR.out.sdc Line: 96
Warning (332174): Ignored filter at NonDPR.out.sdc(96): *|alt_jtag_atlantic:*|rvalid0* could not be matched with a register File: C:/Users/pchh520/Documents/GitHub/part-4-project/SummerResearch/quartus/NonDPR.out.sdc Line: 96
Warning (332049): Ignored set_false_path at NonDPR.out.sdc(96): Argument -from is an empty collection File: C:/Users/pchh520/Documents/GitHub/part-4-project/SummerResearch/quartus/NonDPR.out.sdc Line: 96
    Info (332050): set_false_path -from [get_registers {*|alt_jtag_atlantic:*|user_saw_rvalid}] -to [get_registers {*|alt_jtag_atlantic:*|rvalid0*}] File: C:/Users/pchh520/Documents/GitHub/part-4-project/SummerResearch/quartus/NonDPR.out.sdc Line: 96
Warning (332049): Ignored set_false_path at NonDPR.out.sdc(96): Argument -to is an empty collection File: C:/Users/pchh520/Documents/GitHub/part-4-project/SummerResearch/quartus/NonDPR.out.sdc Line: 96
Warning (332174): Ignored filter at NonDPR.out.sdc(97): *|alt_jtag_atlantic:*|wdata[*] could not be matched with a register File: C:/Users/pchh520/Documents/GitHub/part-4-project/SummerResearch/quartus/NonDPR.out.sdc Line: 97
Warning (332049): Ignored set_false_path at NonDPR.out.sdc(97): Argument -from is an empty collection File: C:/Users/pchh520/Documents/GitHub/part-4-project/SummerResearch/quartus/NonDPR.out.sdc Line: 97
    Info (332050): set_false_path -from [get_registers {*|alt_jtag_atlantic:*|wdata[*]}] -to [get_registers *] File: C:/Users/pchh520/Documents/GitHub/part-4-project/SummerResearch/quartus/NonDPR.out.sdc Line: 97
Warning (332174): Ignored filter at NonDPR.out.sdc(98): *|alt_jtag_atlantic:*|write could not be matched with a register File: C:/Users/pchh520/Documents/GitHub/part-4-project/SummerResearch/quartus/NonDPR.out.sdc Line: 98
Warning (332174): Ignored filter at NonDPR.out.sdc(98): *|alt_jtag_atlantic:*|write1* could not be matched with a register File: C:/Users/pchh520/Documents/GitHub/part-4-project/SummerResearch/quartus/NonDPR.out.sdc Line: 98
Warning (332049): Ignored set_false_path at NonDPR.out.sdc(98): Argument -from is an empty collection File: C:/Users/pchh520/Documents/GitHub/part-4-project/SummerResearch/quartus/NonDPR.out.sdc Line: 98
    Info (332050): set_false_path -from [get_registers {*|alt_jtag_atlantic:*|write}] -to [get_registers {*|alt_jtag_atlantic:*|write1*}] File: C:/Users/pchh520/Documents/GitHub/part-4-project/SummerResearch/quartus/NonDPR.out.sdc Line: 98
Warning (332049): Ignored set_false_path at NonDPR.out.sdc(98): Argument -to is an empty collection File: C:/Users/pchh520/Documents/GitHub/part-4-project/SummerResearch/quartus/NonDPR.out.sdc Line: 98
Warning (332174): Ignored filter at NonDPR.out.sdc(99): *|alt_jtag_atlantic:*|write_stalled could not be matched with a register File: C:/Users/pchh520/Documents/GitHub/part-4-project/SummerResearch/quartus/NonDPR.out.sdc Line: 99
Warning (332174): Ignored filter at NonDPR.out.sdc(99): *|alt_jtag_atlantic:*|t_ena* could not be matched with a register File: C:/Users/pchh520/Documents/GitHub/part-4-project/SummerResearch/quartus/NonDPR.out.sdc Line: 99
Warning (332049): Ignored set_false_path at NonDPR.out.sdc(99): Argument -from is an empty collection File: C:/Users/pchh520/Documents/GitHub/part-4-project/SummerResearch/quartus/NonDPR.out.sdc Line: 99
    Info (332050): set_false_path -from [get_registers {*|alt_jtag_atlantic:*|write_stalled}] -to [get_registers {*|alt_jtag_atlantic:*|t_ena*}] File: C:/Users/pchh520/Documents/GitHub/part-4-project/SummerResearch/quartus/NonDPR.out.sdc Line: 99
Warning (332049): Ignored set_false_path at NonDPR.out.sdc(99): Argument -to is an empty collection File: C:/Users/pchh520/Documents/GitHub/part-4-project/SummerResearch/quartus/NonDPR.out.sdc Line: 99
Warning (332174): Ignored filter at NonDPR.out.sdc(100): *|alt_jtag_atlantic:*|t_pause* could not be matched with a register File: C:/Users/pchh520/Documents/GitHub/part-4-project/SummerResearch/quartus/NonDPR.out.sdc Line: 100
Warning (332049): Ignored set_false_path at NonDPR.out.sdc(100): Argument -from is an empty collection File: C:/Users/pchh520/Documents/GitHub/part-4-project/SummerResearch/quartus/NonDPR.out.sdc Line: 100
    Info (332050): set_false_path -from [get_registers {*|alt_jtag_atlantic:*|write_stalled}] -to [get_registers {*|alt_jtag_atlantic:*|t_pause*}] File: C:/Users/pchh520/Documents/GitHub/part-4-project/SummerResearch/quartus/NonDPR.out.sdc Line: 100
Warning (332049): Ignored set_false_path at NonDPR.out.sdc(100): Argument -to is an empty collection File: C:/Users/pchh520/Documents/GitHub/part-4-project/SummerResearch/quartus/NonDPR.out.sdc Line: 100
Warning (332174): Ignored filter at NonDPR.out.sdc(101): *|alt_jtag_atlantic:*|write_valid could not be matched with a register File: C:/Users/pchh520/Documents/GitHub/part-4-project/SummerResearch/quartus/NonDPR.out.sdc Line: 101
Warning (332049): Ignored set_false_path at NonDPR.out.sdc(101): Argument -from is an empty collection File: C:/Users/pchh520/Documents/GitHub/part-4-project/SummerResearch/quartus/NonDPR.out.sdc Line: 101
    Info (332050): set_false_path -from [get_registers {*|alt_jtag_atlantic:*|write_valid}]  File: C:/Users/pchh520/Documents/GitHub/part-4-project/SummerResearch/quartus/NonDPR.out.sdc Line: 101
Warning (332174): Ignored filter at NonDPR.out.sdc(145): System|intel_niosv_g_0|intel_niosv_g_0|dbg_mod|dtm_inst|rsp_clk_xer|clock_xer|in_data_buffer* could not be matched with a register File: C:/Users/pchh520/Documents/GitHub/part-4-project/SummerResearch/quartus/NonDPR.out.sdc Line: 145
Warning (332174): Ignored filter at NonDPR.out.sdc(145): System|intel_niosv_g_0|intel_niosv_g_0|dbg_mod|dtm_inst|rsp_clk_xer|clock_xer|out_data_buffer* could not be matched with a register File: C:/Users/pchh520/Documents/GitHub/part-4-project/SummerResearch/quartus/NonDPR.out.sdc Line: 145
Warning (332049): Ignored set_net_delay at NonDPR.out.sdc(145): Argument <from> is an empty collection File: C:/Users/pchh520/Documents/GitHub/part-4-project/SummerResearch/quartus/NonDPR.out.sdc Line: 145
    Info (332050): set_net_delay -max -value_multiplier 0.800 -get_value_from_clock_period dst_clock_period -from [get_registers {System|intel_niosv_g_0|intel_niosv_g_0|dbg_mod|dtm_inst|rsp_clk_xer|clock_xer|in_data_buffer*}] -to [get_registers {System|intel_niosv_g_0|intel_niosv_g_0|dbg_mod|dtm_inst|rsp_clk_xer|clock_xer|out_data_buffer*}] File: C:/Users/pchh520/Documents/GitHub/part-4-project/SummerResearch/quartus/NonDPR.out.sdc Line: 145
Warning (332174): Ignored filter at NonDPR.out.sdc(146): System|intel_niosv_g_0|intel_niosv_g_0|dbg_mod|dtm_inst|cmd_clk_xer|clock_xer|in_data_buffer* could not be matched with a register File: C:/Users/pchh520/Documents/GitHub/part-4-project/SummerResearch/quartus/NonDPR.out.sdc Line: 146
Warning (332174): Ignored filter at NonDPR.out.sdc(146): System|intel_niosv_g_0|intel_niosv_g_0|dbg_mod|dtm_inst|cmd_clk_xer|clock_xer|out_data_buffer* could not be matched with a register File: C:/Users/pchh520/Documents/GitHub/part-4-project/SummerResearch/quartus/NonDPR.out.sdc Line: 146
Warning (332049): Ignored set_net_delay at NonDPR.out.sdc(146): Argument <from> is an empty collection File: C:/Users/pchh520/Documents/GitHub/part-4-project/SummerResearch/quartus/NonDPR.out.sdc Line: 146
    Info (332050): set_net_delay -max -value_multiplier 0.800 -get_value_from_clock_period dst_clock_period -from [get_registers {System|intel_niosv_g_0|intel_niosv_g_0|dbg_mod|dtm_inst|cmd_clk_xer|clock_xer|in_data_buffer*}] -to [get_registers {System|intel_niosv_g_0|intel_niosv_g_0|dbg_mod|dtm_inst|cmd_clk_xer|clock_xer|out_data_buffer*}] File: C:/Users/pchh520/Documents/GitHub/part-4-project/SummerResearch/quartus/NonDPR.out.sdc Line: 146
Warning (332174): Ignored filter at NonDPR.out.sdc(148): System|intel_niosv_g_0|intel_niosv_g_0|dbg_mod|dtm_inst|rsp_clk_xer|clock_xer|in_data_toggle could not be matched with a register File: C:/Users/pchh520/Documents/GitHub/part-4-project/SummerResearch/quartus/NonDPR.out.sdc Line: 148
Warning (332174): Ignored filter at NonDPR.out.sdc(148): System|intel_niosv_g_0|intel_niosv_g_0|dbg_mod|dtm_inst|rsp_clk_xer|clock_xer|in_to_out_synchronizer|din_s1 could not be matched with a register File: C:/Users/pchh520/Documents/GitHub/part-4-project/SummerResearch/quartus/NonDPR.out.sdc Line: 148
Warning (332049): Ignored set_net_delay at NonDPR.out.sdc(148): Argument <from> is an empty collection File: C:/Users/pchh520/Documents/GitHub/part-4-project/SummerResearch/quartus/NonDPR.out.sdc Line: 148
    Info (332050): set_net_delay -max -value_multiplier 0.800 -get_value_from_clock_period dst_clock_period -from [get_registers {System|intel_niosv_g_0|intel_niosv_g_0|dbg_mod|dtm_inst|rsp_clk_xer|clock_xer|in_data_toggle}] -to [get_registers {System|intel_niosv_g_0|intel_niosv_g_0|dbg_mod|dtm_inst|rsp_clk_xer|clock_xer|in_to_out_synchronizer|din_s1}] File: C:/Users/pchh520/Documents/GitHub/part-4-project/SummerResearch/quartus/NonDPR.out.sdc Line: 148
Warning (332174): Ignored filter at NonDPR.out.sdc(149): System|intel_niosv_g_0|intel_niosv_g_0|dbg_mod|dtm_inst|cmd_clk_xer|clock_xer|in_data_toggle could not be matched with a register File: C:/Users/pchh520/Documents/GitHub/part-4-project/SummerResearch/quartus/NonDPR.out.sdc Line: 149
Warning (332174): Ignored filter at NonDPR.out.sdc(149): System|intel_niosv_g_0|intel_niosv_g_0|dbg_mod|dtm_inst|cmd_clk_xer|clock_xer|in_to_out_synchronizer|din_s1 could not be matched with a register File: C:/Users/pchh520/Documents/GitHub/part-4-project/SummerResearch/quartus/NonDPR.out.sdc Line: 149
Warning (332049): Ignored set_net_delay at NonDPR.out.sdc(149): Argument <from> is an empty collection File: C:/Users/pchh520/Documents/GitHub/part-4-project/SummerResearch/quartus/NonDPR.out.sdc Line: 149
    Info (332050): set_net_delay -max -value_multiplier 0.800 -get_value_from_clock_period dst_clock_period -from [get_registers {System|intel_niosv_g_0|intel_niosv_g_0|dbg_mod|dtm_inst|cmd_clk_xer|clock_xer|in_data_toggle}] -to [get_registers {System|intel_niosv_g_0|intel_niosv_g_0|dbg_mod|dtm_inst|cmd_clk_xer|clock_xer|in_to_out_synchronizer|din_s1}] File: C:/Users/pchh520/Documents/GitHub/part-4-project/SummerResearch/quartus/NonDPR.out.sdc Line: 149
Warning (332174): Ignored filter at NonDPR.out.sdc(150): System|intel_niosv_g_0|intel_niosv_g_0|dbg_mod|dtm_inst|rsp_clk_xer|clock_xer|out_data_toggle_flopped_n could not be matched with a register File: C:/Users/pchh520/Documents/GitHub/part-4-project/SummerResearch/quartus/NonDPR.out.sdc Line: 150
Warning (332174): Ignored filter at NonDPR.out.sdc(150): System|intel_niosv_g_0|intel_niosv_g_0|dbg_mod|dtm_inst|rsp_clk_xer|clock_xer|out_to_in_synchronizer|din_s1 could not be matched with a register File: C:/Users/pchh520/Documents/GitHub/part-4-project/SummerResearch/quartus/NonDPR.out.sdc Line: 150
Warning (332049): Ignored set_net_delay at NonDPR.out.sdc(150): Argument <from> is an empty collection File: C:/Users/pchh520/Documents/GitHub/part-4-project/SummerResearch/quartus/NonDPR.out.sdc Line: 150
    Info (332050): set_net_delay -max -value_multiplier 0.800 -get_value_from_clock_period dst_clock_period -from [get_registers {System|intel_niosv_g_0|intel_niosv_g_0|dbg_mod|dtm_inst|rsp_clk_xer|clock_xer|out_data_toggle_flopped_n}] -to [get_registers {System|intel_niosv_g_0|intel_niosv_g_0|dbg_mod|dtm_inst|rsp_clk_xer|clock_xer|out_to_in_synchronizer|din_s1}] File: C:/Users/pchh520/Documents/GitHub/part-4-project/SummerResearch/quartus/NonDPR.out.sdc Line: 150
Warning (332174): Ignored filter at NonDPR.out.sdc(152): System|intel_niosv_g_0|intel_niosv_g_0|dbg_mod|dtm_inst|cmd_clk_xer|clock_xer|out_data_toggle_flopped_n could not be matched with a register File: C:/Users/pchh520/Documents/GitHub/part-4-project/SummerResearch/quartus/NonDPR.out.sdc Line: 152
Warning (332174): Ignored filter at NonDPR.out.sdc(152): System|intel_niosv_g_0|intel_niosv_g_0|dbg_mod|dtm_inst|cmd_clk_xer|clock_xer|out_to_in_synchronizer|din_s1 could not be matched with a register File: C:/Users/pchh520/Documents/GitHub/part-4-project/SummerResearch/quartus/NonDPR.out.sdc Line: 152
Warning (332049): Ignored set_net_delay at NonDPR.out.sdc(152): Argument <from> is an empty collection File: C:/Users/pchh520/Documents/GitHub/part-4-project/SummerResearch/quartus/NonDPR.out.sdc Line: 152
    Info (332050): set_net_delay -max -value_multiplier 0.800 -get_value_from_clock_period dst_clock_period -from [get_registers {System|intel_niosv_g_0|intel_niosv_g_0|dbg_mod|dtm_inst|cmd_clk_xer|clock_xer|out_data_toggle_flopped_n}] -to [get_registers {System|intel_niosv_g_0|intel_niosv_g_0|dbg_mod|dtm_inst|cmd_clk_xer|clock_xer|out_to_in_synchronizer|din_s1}] File: C:/Users/pchh520/Documents/GitHub/part-4-project/SummerResearch/quartus/NonDPR.out.sdc Line: 152
Warning (332049): Ignored set_max_skew at NonDPR.out.sdc(160): Argument -from with value [get_registers {System|intel_niosv_g_0|intel_niosv_g_0|dbg_mod|dtm_inst|rsp_clk_xer|clock_xer|in_data_buffer*}] contains zero elements File: C:/Users/pchh520/Documents/GitHub/part-4-project/SummerResearch/quartus/NonDPR.out.sdc Line: 160
    Info (332050): set_max_skew -from [get_registers {System|intel_niosv_g_0|intel_niosv_g_0|dbg_mod|dtm_inst|rsp_clk_xer|clock_xer|in_data_buffer*}] -to [get_registers {System|intel_niosv_g_0|intel_niosv_g_0|dbg_mod|dtm_inst|rsp_clk_xer|clock_xer|out_data_buffer*}] -get_skew_value_from_clock_period src_clock_period -skew_value_multiplier 0.800 -nowarn File: C:/Users/pchh520/Documents/GitHub/part-4-project/SummerResearch/quartus/NonDPR.out.sdc Line: 160
Warning (332049): Ignored set_max_skew at NonDPR.out.sdc(160): Argument -to with value [get_registers {System|intel_niosv_g_0|intel_niosv_g_0|dbg_mod|dtm_inst|rsp_clk_xer|clock_xer|out_data_buffer*}] contains zero elements File: C:/Users/pchh520/Documents/GitHub/part-4-project/SummerResearch/quartus/NonDPR.out.sdc Line: 160
Warning (332049): Ignored set_max_skew at NonDPR.out.sdc(161): Argument -from with value [get_registers {System|intel_niosv_g_0|intel_niosv_g_0|dbg_mod|dtm_inst|cmd_clk_xer|clock_xer|in_data_buffer*}] contains zero elements File: C:/Users/pchh520/Documents/GitHub/part-4-project/SummerResearch/quartus/NonDPR.out.sdc Line: 161
    Info (332050): set_max_skew -from [get_registers {System|intel_niosv_g_0|intel_niosv_g_0|dbg_mod|dtm_inst|cmd_clk_xer|clock_xer|in_data_buffer*}] -to [get_registers {System|intel_niosv_g_0|intel_niosv_g_0|dbg_mod|dtm_inst|cmd_clk_xer|clock_xer|out_data_buffer*}] -get_skew_value_from_clock_period src_clock_period -skew_value_multiplier 0.800 -nowarn File: C:/Users/pchh520/Documents/GitHub/part-4-project/SummerResearch/quartus/NonDPR.out.sdc Line: 161
Warning (332049): Ignored set_max_skew at NonDPR.out.sdc(161): Argument -to with value [get_registers {System|intel_niosv_g_0|intel_niosv_g_0|dbg_mod|dtm_inst|cmd_clk_xer|clock_xer|out_data_buffer*}] contains zero elements File: C:/Users/pchh520/Documents/GitHub/part-4-project/SummerResearch/quartus/NonDPR.out.sdc Line: 161
Warning (332049): Ignored set_max_skew at NonDPR.out.sdc(163): Argument -from with value [get_registers {System|intel_niosv_g_0|intel_niosv_g_0|dbg_mod|dtm_inst|rsp_clk_xer|clock_xer|in_data_toggle}] contains zero elements File: C:/Users/pchh520/Documents/GitHub/part-4-project/SummerResearch/quartus/NonDPR.out.sdc Line: 163
    Info (332050): set_max_skew -from [get_registers {System|intel_niosv_g_0|intel_niosv_g_0|dbg_mod|dtm_inst|rsp_clk_xer|clock_xer|in_data_toggle}] -to [get_registers {System|intel_niosv_g_0|intel_niosv_g_0|dbg_mod|dtm_inst|rsp_clk_xer|clock_xer|in_to_out_synchronizer|din_s1}] -get_skew_value_from_clock_period src_clock_period -skew_value_multiplier 0.800 -nowarn File: C:/Users/pchh520/Documents/GitHub/part-4-project/SummerResearch/quartus/NonDPR.out.sdc Line: 163
Warning (332049): Ignored set_max_skew at NonDPR.out.sdc(163): Argument -to with value [get_registers {System|intel_niosv_g_0|intel_niosv_g_0|dbg_mod|dtm_inst|rsp_clk_xer|clock_xer|in_to_out_synchronizer|din_s1}] contains zero elements File: C:/Users/pchh520/Documents/GitHub/part-4-project/SummerResearch/quartus/NonDPR.out.sdc Line: 163
Warning (332049): Ignored set_max_skew at NonDPR.out.sdc(164): Argument -from with value [get_registers {System|intel_niosv_g_0|intel_niosv_g_0|dbg_mod|dtm_inst|cmd_clk_xer|clock_xer|in_data_toggle}] contains zero elements File: C:/Users/pchh520/Documents/GitHub/part-4-project/SummerResearch/quartus/NonDPR.out.sdc Line: 164
    Info (332050): set_max_skew -from [get_registers {System|intel_niosv_g_0|intel_niosv_g_0|dbg_mod|dtm_inst|cmd_clk_xer|clock_xer|in_data_toggle}] -to [get_registers {System|intel_niosv_g_0|intel_niosv_g_0|dbg_mod|dtm_inst|cmd_clk_xer|clock_xer|in_to_out_synchronizer|din_s1}] -get_skew_value_from_clock_period src_clock_period -skew_value_multiplier 0.800 -nowarn File: C:/Users/pchh520/Documents/GitHub/part-4-project/SummerResearch/quartus/NonDPR.out.sdc Line: 164
Warning (332049): Ignored set_max_skew at NonDPR.out.sdc(164): Argument -to with value [get_registers {System|intel_niosv_g_0|intel_niosv_g_0|dbg_mod|dtm_inst|cmd_clk_xer|clock_xer|in_to_out_synchronizer|din_s1}] contains zero elements File: C:/Users/pchh520/Documents/GitHub/part-4-project/SummerResearch/quartus/NonDPR.out.sdc Line: 164
Warning (332049): Ignored set_max_skew at NonDPR.out.sdc(165): Argument -from with value [get_registers {System|intel_niosv_g_0|intel_niosv_g_0|dbg_mod|dtm_inst|rsp_clk_xer|clock_xer|out_data_toggle_flopped_n}] contains zero elements File: C:/Users/pchh520/Documents/GitHub/part-4-project/SummerResearch/quartus/NonDPR.out.sdc Line: 165
    Info (332050): set_max_skew -from [get_registers {System|intel_niosv_g_0|intel_niosv_g_0|dbg_mod|dtm_inst|rsp_clk_xer|clock_xer|out_data_toggle_flopped_n}] -to [get_registers {System|intel_niosv_g_0|intel_niosv_g_0|dbg_mod|dtm_inst|rsp_clk_xer|clock_xer|out_to_in_synchronizer|din_s1}] -get_skew_value_from_clock_period src_clock_period -skew_value_multiplier 0.800 -nowarn File: C:/Users/pchh520/Documents/GitHub/part-4-project/SummerResearch/quartus/NonDPR.out.sdc Line: 165
Warning (332049): Ignored set_max_skew at NonDPR.out.sdc(165): Argument -to with value [get_registers {System|intel_niosv_g_0|intel_niosv_g_0|dbg_mod|dtm_inst|rsp_clk_xer|clock_xer|out_to_in_synchronizer|din_s1}] contains zero elements File: C:/Users/pchh520/Documents/GitHub/part-4-project/SummerResearch/quartus/NonDPR.out.sdc Line: 165
Warning (332049): Ignored set_max_skew at NonDPR.out.sdc(167): Argument -from with value [get_registers {System|intel_niosv_g_0|intel_niosv_g_0|dbg_mod|dtm_inst|cmd_clk_xer|clock_xer|out_data_toggle_flopped_n}] contains zero elements File: C:/Users/pchh520/Documents/GitHub/part-4-project/SummerResearch/quartus/NonDPR.out.sdc Line: 167
    Info (332050): set_max_skew -from [get_registers {System|intel_niosv_g_0|intel_niosv_g_0|dbg_mod|dtm_inst|cmd_clk_xer|clock_xer|out_data_toggle_flopped_n}] -to [get_registers {System|intel_niosv_g_0|intel_niosv_g_0|dbg_mod|dtm_inst|cmd_clk_xer|clock_xer|out_to_in_synchronizer|din_s1}] -get_skew_value_from_clock_period src_clock_period -skew_value_multiplier 0.800 -nowarn File: C:/Users/pchh520/Documents/GitHub/part-4-project/SummerResearch/quartus/NonDPR.out.sdc Line: 167
Warning (332049): Ignored set_max_skew at NonDPR.out.sdc(167): Argument -to with value [get_registers {System|intel_niosv_g_0|intel_niosv_g_0|dbg_mod|dtm_inst|cmd_clk_xer|clock_xer|out_to_in_synchronizer|din_s1}] contains zero elements File: C:/Users/pchh520/Documents/GitHub/part-4-project/SummerResearch/quartus/NonDPR.out.sdc Line: 167
Info (332104): Reading SDC File: 'ip/NonDPR/NonDPR_master_0/altera_jtag_dc_streaming_191/synth/altera_avalon_st_jtag_interface.sdc'
Info (18794): Reading SDC File: 'ip/NonDPR/NonDPR_master_0/altera_reset_controller_1922/synth/altera_reset_controller.sdc' for instance: 'System|master_0|master_0|rst_controller'
Info: Following instance found in the design -  System|master_0|master_0|rst_controller|*
Info (18794): Reading SDC File: 'ip/NonDPR/NonDPR_master_0/altera_reset_controller_1922/synth/altera_reset_controller.sdc' for instance: 'System|rst_controller'
Info: Following instance found in the design -  System|rst_controller|*
Info (18794): Reading SDC File: 'NonDPR/altera_reset_controller_1922/synth/altera_reset_controller.sdc' for instance: 'System|master_0|master_0|rst_controller'
Info: Following instance found in the design -  System|master_0|master_0|rst_controller|*
Info (18794): Reading SDC File: 'NonDPR/altera_reset_controller_1922/synth/altera_reset_controller.sdc' for instance: 'System|rst_controller'
Info: Following instance found in the design -  System|rst_controller|*
Info (332104): Reading SDC File: 'C:/Users/pchh520/Documents/GitHub/part-4-project/SummerResearch/quartus/dni/sandboxes/EN433358_8244_0/sld/default_jtag.sdc'
Info (19449): Reading SDC files elapsed 00:00:03.
Warning (332060): Node: altera_reserved_tck was determined to be a clock but was found without an associated clock assignment.
    Info (13166): Register System|master_0|master_0|jtag_phy_embedded_in_jtag_master|normal.jtag_dc_streaming|sink_crosser|output_stage|data1[0] is being clocked by altera_reserved_tck
Info (332152): Existing clock uncertainty assignments were detected. They will take precedence over the derive_clock_uncertainty command
Info: Found TIMING_ANALYZER_REPORT_SCRIPT_INCLUDE_DEFAULT_ANALYSIS = ON
Info (332146): Worst-case setup slack is 5.527
    Info (332119):     Slack       End Point TNS Failing End Points      Clock Worst-Case Operating Conditions 
    Info (332119): ========= =================== ========= ========== ===================== 
    Info (332119):     5.527               0.000         0     CLK_50 Slow 900mV 100C Model 
Info (332146): Worst-case hold slack is 0.015
    Info (332119):     Slack       End Point TNS Failing End Points      Clock Worst-Case Operating Conditions 
    Info (332119): ========= =================== ========= ========== ===================== 
    Info (332119):     0.015               0.000         0     CLK_50   Fast 900mV 0C Model 
Info (332146): Worst-case recovery slack is 14.078
    Info (332119):     Slack       End Point TNS Failing End Points      Clock Worst-Case Operating Conditions 
    Info (332119): ========= =================== ========= ========== ===================== 
    Info (332119):    14.078               0.000         0     CLK_50 Slow 900mV 100C Model 
Info (332146): Worst-case removal slack is 0.168
    Info (332119):     Slack       End Point TNS Failing End Points      Clock Worst-Case Operating Conditions 
    Info (332119): ========= =================== ========= ========== ===================== 
    Info (332119):     0.168               0.000         0     CLK_50   Fast 900mV 0C Model 
Info (332140): No Setup paths to report
Info (332140): No Recovery paths to report
Info (332146): Worst-case minimum pulse width slack is 9.466
    Info (332119):     Slack       End Point TNS Failing End Points      Clock Worst-Case Operating Conditions 
    Info (332119): ========= =================== ========= ========== ===================== 
    Info (332119):     9.466               0.000         0     CLK_50   Slow 900mV 0C Model 
Warning (17897): No destination clock period was found satisfying the set_net_delay assignment from "[get_registers {System|master_0|master_0|jtag_phy_embedded_in_jtag_master|normal.jtag_dc_streaming|sink_crosser|in_data_buffer*}]" to "[get_registers {System|master_0|master_0|jtag_phy_embedded_in_jtag_master|normal.jtag_dc_streaming|sink_crosser|out_data_buffer*}]". The assignment at location NonDPR.out.sdc:144 is invalid.
Warning (17897): No destination clock period was found satisfying the set_net_delay assignment from "[get_registers {System|master_0|master_0|jtag_phy_embedded_in_jtag_master|normal.jtag_dc_streaming|sink_crosser|in_data_toggle}]" to "[get_registers {System|master_0|master_0|jtag_phy_embedded_in_jtag_master|normal.jtag_dc_streaming|sink_crosser|in_to_out_synchronizer|din_s1}]". The assignment at location NonDPR.out.sdc:147 is invalid.
Info (332114): Report Metastability (Slow 900mV 100C Model): Found 5 synchronizer chains.
    Info (332114): Worst-Case MTBF of Design is 1e+09 years or 3.15e+16 seconds.
    Info (332114): Typical MTBF of Design is 1e+09 years or 3.15e+16 seconds.

    Info (332114): MTBF(design) = 1 / SUM(1 / MTBF(synchronizer chain))

    Info (332114): Number of Synchronizer Chains Found: 5
    Info (332114): Shortest Synchronizer Chain: 3 Registers
    Info (332114): Number of Chains For Which MTBFs Could Not be Calculated Due to Timing Violations: 0, or 0.0%.
    Info (332114): Number of Chains Excluded from MTBF Analysis: 3, or 60.0%
    Info (332114): Worst Case Available Settling Time: 38.594 ns

    Info (332114): Worst-Case MTBF values are calculated based on the worst-case silicon characteristics, with worst-case operating conditions.
    Info (332114):   - Under worst-case conditions, an increase of 100ps in available settling time will increase MTBF values by a factor of 288.8
    Info (332114): Typical MTBF values are calculated based on the nominal silicon characteristics, at nominal operating conditions.
    Info (332114):   - Under typical conditions, an increase of 100ps in available settling time will increase MTBF values by a factor of 4590.3
Info (332114): Report Metastability (Slow 900mV 0C Model): Found 5 synchronizer chains.
    Info (332114): Worst-Case MTBF of Design is 1e+09 years or 3.15e+16 seconds.
    Info (332114): Typical MTBF of Design is 1e+09 years or 3.15e+16 seconds.

    Info (332114): MTBF(design) = 1 / SUM(1 / MTBF(synchronizer chain))

    Info (332114): Number of Synchronizer Chains Found: 5
    Info (332114): Shortest Synchronizer Chain: 3 Registers
    Info (332114): Number of Chains For Which MTBFs Could Not be Calculated Due to Timing Violations: 0, or 0.0%.
    Info (332114): Number of Chains Excluded from MTBF Analysis: 3, or 60.0%
    Info (332114): Worst Case Available Settling Time: 38.627 ns

    Info (332114): Worst-Case MTBF values are calculated based on the worst-case silicon characteristics, with worst-case operating conditions.
    Info (332114):   - Under worst-case conditions, an increase of 100ps in available settling time will increase MTBF values by a factor of 78.2
    Info (332114): Typical MTBF values are calculated based on the nominal silicon characteristics, at nominal operating conditions.
    Info (332114):   - Under typical conditions, an increase of 100ps in available settling time will increase MTBF values by a factor of 4590.3
Info (332114): Report Metastability (Fast 900mV 100C Model): Found 5 synchronizer chains.
    Info (332114): Worst-Case MTBF of Design is 1e+09 years or 3.15e+16 seconds.
    Info (332114): Typical MTBF of Design is 1e+09 years or 3.15e+16 seconds.

    Info (332114): MTBF(design) = 1 / SUM(1 / MTBF(synchronizer chain))

    Info (332114): Number of Synchronizer Chains Found: 5
    Info (332114): Shortest Synchronizer Chain: 3 Registers
    Info (332114): Number of Chains For Which MTBFs Could Not be Calculated Due to Timing Violations: 0, or 0.0%.
    Info (332114): Number of Chains Excluded from MTBF Analysis: 3, or 60.0%
    Info (332114): Worst Case Available Settling Time: 39.212 ns

    Info (332114): Worst-Case MTBF values are calculated based on the worst-case silicon characteristics, with worst-case operating conditions.
    Info (332114):   - Under worst-case conditions, an increase of 100ps in available settling time will increase MTBF values by a factor of 288.8
    Info (332114): Typical MTBF values are calculated based on the nominal silicon characteristics, at nominal operating conditions.
    Info (332114):   - Under typical conditions, an increase of 100ps in available settling time will increase MTBF values by a factor of 4590.3
Info (332114): Report Metastability (Fast 900mV 0C Model): Found 5 synchronizer chains.
    Info (332114): Worst-Case MTBF of Design is 1e+09 years or 3.15e+16 seconds.
    Info (332114): Typical MTBF of Design is 1e+09 years or 3.15e+16 seconds.

    Info (332114): MTBF(design) = 1 / SUM(1 / MTBF(synchronizer chain))

    Info (332114): Number of Synchronizer Chains Found: 5
    Info (332114): Shortest Synchronizer Chain: 3 Registers
    Info (332114): Number of Chains For Which MTBFs Could Not be Calculated Due to Timing Violations: 0, or 0.0%.
    Info (332114): Number of Chains Excluded from MTBF Analysis: 3, or 60.0%
    Info (332114): Worst Case Available Settling Time: 39.320 ns

    Info (332114): Worst-Case MTBF values are calculated based on the worst-case silicon characteristics, with worst-case operating conditions.
    Info (332114):   - Under worst-case conditions, an increase of 100ps in available settling time will increase MTBF values by a factor of 78.2
    Info (332114): Typical MTBF values are calculated based on the nominal silicon characteristics, at nominal operating conditions.
    Info (332114):   - Under typical conditions, an increase of 100ps in available settling time will increase MTBF values by a factor of 4590.3
Info (332102): Design is not fully constrained for setup requirements
Info (332102): Design is not fully constrained for hold requirements
Info (24095): Timing requirements were met
Info: Quartus Prime Timing Analyzer was successful. 0 errors, 78 warnings
    Info: Peak virtual memory: 5030 megabytes
    Info: Processing ended: Wed Mar 11 16:44:07 2026
    Info: Elapsed time: 00:00:35
    Info: System process ID: 2692
Info (19538): Reading SDC files took 00:00:03 cumulatively in this process.


