Timing Analyzer report for NonDPR
Tue Mar  3 18:38:00 2026
Quartus Prime Version 24.1.0 Build 115 03/21/2024 SC Pro Edition


---------------------
; Table of Contents ;
---------------------
  1. Legal Notice
  2. Timing Analyzer Summary
  3. Timing Delays: Final Snapshot
  4. Parallel Compilation
  5. SDC File List
  6. Clocks
  7. Timing Closure Summary
  8. Fmax Summary
  9. Setup Summary
 10. Hold Summary
 11. Recovery Summary
 12. Removal Summary
 13. Minimum Pulse Width Summary
 14. Net Delay Summary
 15. Metastability Summary Slow 900mV 100C Model
 16. Metastability Summary Slow 900mV 0C Model
 17. Metastability Summary Fast 900mV 100C Model
 18. Metastability Summary Fast 900mV 0C Model
 19. Board Trace Model Assignments
 20. Input Transition Times
 21. Signal Integrity Metrics (Slow 900mv 100c Model)
 22. Setup Transfers
 23. Hold Transfers
 24. Recovery Transfers
 25. Removal Transfers
---- Setup Reports ----
     ---- CLK_50 Reports ----
           26. Command Info
           27. Summary of Paths
           28. Path #1: Setup slack is 5.644 
           29. Path #2: Setup slack is 6.104 
           30. Path #3: Setup slack is 6.362 
           31. Path #4: Setup slack is 6.377 
           32. Path #5: Setup slack is 6.440 
           33. Path #6: Setup slack is 6.527 
           34. Path #7: Setup slack is 6.620 
           35. Path #8: Setup slack is 6.647 
           36. Path #9: Setup slack is 6.695 
           37. Path #10: Setup slack is 6.703 
---- Hold Reports ----
     ---- CLK_50 Reports ----
           38. Command Info
           39. Summary of Paths
           40. Path #1: Hold slack is 0.015 
           41. Path #2: Hold slack is 0.017 
           42. Path #3: Hold slack is 0.017 
           43. Path #4: Hold slack is 0.017 
           44. Path #5: Hold slack is 0.017 
           45. Path #6: Hold slack is 0.018 
           46. Path #7: Hold slack is 0.018 
           47. Path #8: Hold slack is 0.018 
           48. Path #9: Hold slack is 0.019 
           49. Path #10: Hold slack is 0.019 
---- Recovery Reports ----
     ---- CLK_50 Reports ----
           50. Command Info
           51. Summary of Paths
           52. Path #1: Recovery slack is 14.533 
           53. Path #2: Recovery slack is 14.533 
           54. Path #3: Recovery slack is 14.533 
           55. Path #4: Recovery slack is 14.533 
           56. Path #5: Recovery slack is 14.533 
           57. Path #6: Recovery slack is 14.533 
           58. Path #7: Recovery slack is 14.533 
           59. Path #8: Recovery slack is 14.533 
           60. Path #9: Recovery slack is 14.855 
           61. Path #10: Recovery slack is 14.856 
---- Removal Reports ----
     ---- CLK_50 Reports ----
           62. Command Info
           63. Summary of Paths
           64. Path #1: Removal slack is 0.227 
           65. Path #2: Removal slack is 0.264 
           66. Path #3: Removal slack is 0.264 
           67. Path #4: Removal slack is 0.265 
           68. Path #5: Removal slack is 0.266 
           69. Path #6: Removal slack is 0.267 
           70. Path #7: Removal slack is 0.290 
           71. Path #8: Removal slack is 0.291 
           72. Path #9: Removal slack is 0.292 
           73. Path #10: Removal slack is 0.292 
---- Unconstrained Paths Reports ----
      74. Unconstrained Paths Summary
      75. Clock Status Summary
     ---- Setup Analysis Reports ----
           76. Unconstrained Input Ports
           77. Unconstrained Output Ports
     ---- Hold Analysis Reports ----
           78. Unconstrained Input Ports
           79. Unconstrained Output Ports
 80. INI Usage
 81. Multicorner Timing Analysis Summary
 82. Timing Analyzer Messages



----------------
; Legal Notice ;
----------------
Copyright (C) 2024  Intel Corporation. All rights reserved.
Your use of Intel Corporation's design tools, logic functions 
and other software and tools, and any partner logic 
functions, and any output files from any of the foregoing 
(including device programming or simulation files), and any 
associated documentation or information are expressly subject 
to the terms and conditions of the Intel Program License 
Subscription Agreement, the Intel Quartus Prime License Agreement,
the Intel FPGA IP License Agreement, or other applicable license
agreement, including, without limitation, that your use is for
the sole purpose of programming logic devices manufactured by
Intel and sold by Intel or its authorized distributors.  Please
refer to the Intel FPGA Software License Subscription Agreements 
on the Quartus Prime software download page.



+----------------------------------------------------------------------------+
; Timing Analyzer Summary                                                    ;
+-----------------------+----------------------------------------------------+
; Quartus Prime Version ; Version 24.1.0 Build 115 03/21/2024 SC Pro Edition ;
; Timing Analyzer       ; Timing Analyzer                                    ;
; Revision Name         ; NonDPR                                             ;
; Device Family         ; Arria 10                                           ;
; Device                ; 10AS066N3F40E2SG                                   ;
; Snapshot              ; final                                              ;
; Timing Models         ; Final                                              ;
; Power Models          ; Final                                              ;
; Device Status         ; Final                                              ;
; Rise/Fall Delays      ; Enabled                                            ;
+-----------------------+----------------------------------------------------+


+---------------------------------------------+
; Timing Delays: Final Snapshot               ;
+----------------------------------+----------+
; Snapshot                         ; final    ;
; Periphery block cell delays      ; Sign-off ;
; Core block cell delays           ; Sign-off ;
; Routing interconnect (IC) delays ; Sign-off ;
+----------------------------------+----------+


+-------------------------------------+
; Parallel Compilation                ;
+----------------------------+--------+
; Processors                 ; Number ;
+----------------------------+--------+
; Number detected on machine ; 20     ;
; Maximum allowed            ; 12     ;
+----------------------------+--------+


+----------------------------------------------------------------------------------------------------------------------------------------------------------------------------------------------------------------------------------------------------------------------------------------------------------------------+
; SDC File List                                                                                                                                                                                                                                                                                                        ;
+-----------------------------------------------------------------------------------------------------------------------------+-----------------------------------------+---------------------------------+------------------------------+----------+--------+--------------------------+-----------------+------------+
; SDC File Path                                                                                                               ; Instance                                ; Entity                          ; Library                      ; Promoted ; Status ; Read at                  ; Processing Time ; SDC on RTL ;
+-----------------------------------------------------------------------------------------------------------------------------+-----------------------------------------+---------------------------------+------------------------------+----------+--------+--------------------------+-----------------+------------+
; NonDPR.out.sdc                                                                                                              ;                                         ;                                 ;                              ; No       ; OK     ; Tue Mar  3 13:31:41 2026 ; 00:00:00        ; No         ;
; ip/NonDPR/NonDPR_master_0/altera_jtag_dc_streaming_191/synth/altera_avalon_st_jtag_interface.sdc                            ;                                         ; altera_avalon_st_jtag_interface ; altera_jtag_dc_streaming_191 ; No       ; OK     ; Tue Mar  3 13:31:41 2026 ; 00:00:00        ; No         ;
; ip/NonDPR/NonDPR_master_0/altera_reset_controller_1922/synth/altera_reset_controller.sdc                                    ; System|master_0|master_0|rst_controller ; altera_reset_controller         ; altera_reset_controller_1922 ; No       ; OK     ; Tue Mar  3 13:31:43 2026 ; 00:00:02        ; No         ;
; ip/NonDPR/NonDPR_master_0/altera_reset_controller_1922/synth/altera_reset_controller.sdc                                    ; System|rst_controller                   ; altera_reset_controller         ; altera_reset_controller_1922 ; No       ; OK     ; Tue Mar  3 13:31:43 2026 ; 00:00:00        ; No         ;
; NonDPR/altera_reset_controller_1922/synth/altera_reset_controller.sdc                                                       ; System|master_0|master_0|rst_controller ; altera_reset_controller         ; altera_reset_controller_1922 ; No       ; OK     ; Tue Mar  3 13:31:43 2026 ; 00:00:00        ; No         ;
; NonDPR/altera_reset_controller_1922/synth/altera_reset_controller.sdc                                                       ; System|rst_controller                   ; altera_reset_controller         ; altera_reset_controller_1922 ; No       ; OK     ; Tue Mar  3 13:31:43 2026 ; 00:00:00        ; No         ;
; ip/NonDPR/NonDPR_intel_niosv_g_0/altera_reset_controller_1922/synth/altera_reset_controller.sdc                             ; System|master_0|master_0|rst_controller ; altera_reset_controller         ; altera_reset_controller_1922 ; No       ; OK     ; Tue Mar  3 13:31:43 2026 ; 00:00:00        ; No         ;
; ip/NonDPR/NonDPR_intel_niosv_g_0/altera_reset_controller_1922/synth/altera_reset_controller.sdc                             ; System|rst_controller                   ; altera_reset_controller         ; altera_reset_controller_1922 ; No       ; OK     ; Tue Mar  3 13:31:43 2026 ; 00:00:00        ; No         ;
; ip/NonDPR/NonDPR_intel_niosv_g_0/intel_niosv_dbg_mod_210/synth/altera_avalon_st_handshake_clock_crosser.sdc                 ;                                         ; niosv_dm_top                    ; intel_niosv_dbg_mod_210      ; No       ; OK     ; Tue Mar  3 13:31:43 2026 ; 00:00:00        ; No         ;
; ip/NonDPR/NonDPR_intel_niosv_g_0/intel_niosv_dbg_mod_210/synth/altera_reset_controller.sdc                                  ;                                         ; niosv_dm_top                    ; intel_niosv_dbg_mod_210      ; No       ; OK     ; Tue Mar  3 13:31:43 2026 ; 00:00:00        ; No         ;
; C:/Users/pchh520/Documents/GitHub/part-4-project/SummerResearch/quartus/dni/sandboxes/EN433358_20036_0/sld/default_jtag.sdc ;                                         ; alt_sld_fab_0                   ; altera_work                  ; No       ; OK     ; Tue Mar  3 13:31:43 2026 ; 00:00:00        ; No         ;
+-----------------------------------------------------------------------------------------------------------------------------+-----------------------------------------+---------------------------------+------------------------------+----------+--------+--------------------------+-----------------+------------+
Note: All paths for non-entity SDC files are reported relative to the project directory (C:/Users/pchh520/Documents/GitHub/part-4-project/SummerResearch/quartus/).


+------------------------------------------------------------------------------------------------------------------------------------------------------------------------------------+
; Clocks                                                                                                                                                                             ;
+------------+------+--------+-----------+-------+--------+------------+-----------+-------------+-------+--------+-----------+------------+----------+--------+--------+------------+
; Clock Name ; Type ; Period ; Frequency ; Rise  ; Fall   ; Duty Cycle ; Divide by ; Multiply by ; Phase ; Offset ; Edge List ; Edge Shift ; Inverted ; Master ; Source ; Targets    ;
+------------+------+--------+-----------+-------+--------+------------+-----------+-------------+-------+--------+-----------+------------+----------+--------+--------+------------+
; CLK_50     ; Base ; 20.000 ; 50.0 MHz  ; 0.000 ; 10.000 ;            ;           ;             ;       ;        ;           ;            ;          ;        ;        ; { CLK_50 } ;
+------------+------+--------+-----------+-------+--------+------------+-----------+-------------+-------+--------+-----------+------------+----------+--------+--------+------------+


+--------------------------------------------------------------------+
; Timing Closure Summary                                             ;
+------------------------------------------------------+-------------+
; Panel Name                                           ; Result Flag ;
+------------------------------------------------------+-------------+
; Timing Closure                                       ; Pass        ;
;   Setup Summary                                      ; Pass        ;
;   Hold Summary                                       ; Pass        ;
;   Recovery Summary                                   ; Pass        ;
;   Removal Summary                                    ; Pass        ;
;   Setup Data Delay Summary                           ; Not Found   ;
;   Recovery Data Delay Summary                        ; Not Found   ;
;   Minimum Pulse Width Summary                        ; Pass        ;
;   Max Skew Summary                                   ; Not Found   ;
;   Max Clock Skew Summary                             ; Not Found   ;
;   Net Delay Summary                                  ; Pass        ;
;   Metastability Summary                              ; Pass        ;
;   Double Data Rate (DDR) Summary                     ; Not Found   ;
;   Transmitter Channel-to-Channel Skew (TCCS) Summary ; Not Found   ;
;   Receiver Input Skew Margin (RSKM) Summary          ; Not Found   ;
;   Design Assistant Summary                           ; Not Found   ;
+------------------------------------------------------+-------------+


+-----------------------------------------------------------------------------------+
; Fmax Summary                                                                      ;
+-----------+-----------------+------------+------+---------------------------------+
; Fmax      ; Restricted Fmax ; Clock Name ; Note ; Worst-Case Operating Conditions ;
+-----------+-----------------+------------+------+---------------------------------+
; 69.66 MHz ; 69.66 MHz       ; CLK_50     ;      ; Slow 900mV 100C Model           ;
+-----------+-----------------+------------+------+---------------------------------+
This panel reports FMAX for every clock in the design, regardless of the user-specified clock periods.  FMAX is only computed for paths where the source and destination registers or ports are driven by the same clock.  Paths of different clocks, including generated clocks, are ignored.  For paths between a clock and its inversion, FMAX is computed as if the rising and falling edges are scaled along with FMAX, such that the duty cycle (in terms of a percentage) is maintained. Intel recommends that you always use clock constraints and other slack reports for sign-off analysis.
Delay Models:
Slow 900mV 100C Model
Slow 900mV 0C Model
Fast 900mV 100C Model
Fast 900mV 0C Model


+---------------------------------------------------------------------------------------+
; Setup Summary                                                                         ;
+--------+-------+---------------+--------------------+---------------------------------+
; Clock  ; Slack ; End Point TNS ; Failing End Points ; Worst-Case Operating Conditions ;
+--------+-------+---------------+--------------------+---------------------------------+
; CLK_50 ; 5.644 ; 0.000         ; 0                  ; Slow 900mV 100C Model           ;
+--------+-------+---------------+--------------------+---------------------------------+
Delay Models:
Slow 900mV 100C Model
Slow 900mV 0C Model
Fast 900mV 100C Model
Fast 900mV 0C Model


+---------------------------------------------------------------------------------------+
; Hold Summary                                                                          ;
+--------+-------+---------------+--------------------+---------------------------------+
; Clock  ; Slack ; End Point TNS ; Failing End Points ; Worst-Case Operating Conditions ;
+--------+-------+---------------+--------------------+---------------------------------+
; CLK_50 ; 0.015 ; 0.000         ; 0                  ; Fast 900mV 0C Model             ;
+--------+-------+---------------+--------------------+---------------------------------+
Delay Models:
Slow 900mV 100C Model
Slow 900mV 0C Model
Fast 900mV 100C Model
Fast 900mV 0C Model


+----------------------------------------------------------------------------------------+
; Recovery Summary                                                                       ;
+--------+--------+---------------+--------------------+---------------------------------+
; Clock  ; Slack  ; End Point TNS ; Failing End Points ; Worst-Case Operating Conditions ;
+--------+--------+---------------+--------------------+---------------------------------+
; CLK_50 ; 14.533 ; 0.000         ; 0                  ; Slow 900mV 0C Model             ;
+--------+--------+---------------+--------------------+---------------------------------+
Delay Models:
Slow 900mV 100C Model
Slow 900mV 0C Model
Fast 900mV 100C Model
Fast 900mV 0C Model


+---------------------------------------------------------------------------------------+
; Removal Summary                                                                       ;
+--------+-------+---------------+--------------------+---------------------------------+
; Clock  ; Slack ; End Point TNS ; Failing End Points ; Worst-Case Operating Conditions ;
+--------+-------+---------------+--------------------+---------------------------------+
; CLK_50 ; 0.227 ; 0.000         ; 0                  ; Fast 900mV 0C Model             ;
+--------+-------+---------------+--------------------+---------------------------------+
Delay Models:
Slow 900mV 100C Model
Slow 900mV 0C Model
Fast 900mV 100C Model
Fast 900mV 0C Model


+----------------------------------------------------------------------------------------------------+
; Minimum Pulse Width Summary                                                                        ;
+--------+-------+---------------+--------------------+------------+---------------------------------+
; Clock  ; Slack ; End Point TNS ; Failing End Points ; Type       ; Worst-Case Operating Conditions ;
+--------+-------+---------------+--------------------+------------+---------------------------------+
; CLK_50 ; 9.428 ; 0.000         ; 0                  ; High Pulse ; Slow 900mV 0C Model             ;
+--------+-------+---------------+--------------------+------------+---------------------------------+
Delay Models:
Slow 900mV 100C Model
Slow 900mV 0C Model
Fast 900mV 100C Model
Fast 900mV 0C Model


+------------------------------------------------------------------------------------------------------------------------------------------------------------------------------------------------------------------------------------------------------------------------------------------------------------------------------------------------------------------------------------------------------------------------------------------------------+
; Net Delay Summary                                                                                                                                                                                                                                                                                                                                                                                                                                    ;
+---------------+---------------+----------+---------------+---------------------------------------------------------------------------------------------------------------------------------------------+-------------------------------------------------------------------------------------------------------------------------------------------------+------+--------------------------------------------------+---------------------------------+
; Name          ; Slack         ; Required ; Actual        ; From                                                                                                                                        ; To                                                                                                                                              ; Type ; SDC Location                                     ; Worst-Case Operating Conditions ;
+---------------+---------------+----------+---------------+---------------------------------------------------------------------------------------------------------------------------------------------+-------------------------------------------------------------------------------------------------------------------------------------------------+------+--------------------------------------------------+---------------------------------+
; set_net_delay ; 15.382        ; 16.000   ; 0.618         ; [get_registers {System|intel_niosv_g_0|intel_niosv_g_0|dbg_mod|dtm_inst|cmd_clk_xer|clock_xer|in_data_toggle}]                              ; [get_registers {System|intel_niosv_g_0|intel_niosv_g_0|dbg_mod|dtm_inst|cmd_clk_xer|clock_xer|in_to_out_synchronizer|din_s1}]                   ; max  ; altera_avalon_st_handshake_clock_crosser.sdc:100 ; Slow 900mV 100C Model           ;
; set_net_delay ; 15.411        ; 16.000   ; 0.589         ; [get_registers {System|intel_niosv_g_0|intel_niosv_g_0|dbg_mod|dtm_inst|cmd_clk_xer|clock_xer|in_data_buffer*}]                             ; [get_registers {System|intel_niosv_g_0|intel_niosv_g_0|dbg_mod|dtm_inst|cmd_clk_xer|clock_xer|out_data_buffer*}]                                ; max  ; altera_avalon_st_handshake_clock_crosser.sdc:83  ; Slow 900mV 0C Model             ;
; set_net_delay ; 15.505        ; 16.000   ; 0.495         ; [get_registers {System|master_0|master_0|jtag_phy_embedded_in_jtag_master|normal.jtag_dc_streaming|sink_crosser|out_data_toggle_flopped_n}] ; [get_registers {System|master_0|master_0|jtag_phy_embedded_in_jtag_master|normal.jtag_dc_streaming|sink_crosser|out_to_in_synchronizer|din_s1}] ; max  ; altera_avalon_st_handshake_clock_crosser.sdc:118 ; Slow 900mV 100C Model           ;
; set_net_delay ; 15.507        ; 16.000   ; 0.493         ; [get_registers {System|intel_niosv_g_0|intel_niosv_g_0|dbg_mod|dtm_inst|rsp_clk_xer|clock_xer|out_data_toggle_flopped_n}]                   ; [get_registers {System|intel_niosv_g_0|intel_niosv_g_0|dbg_mod|dtm_inst|rsp_clk_xer|clock_xer|out_to_in_synchronizer|din_s1}]                   ; max  ; altera_avalon_st_handshake_clock_crosser.sdc:118 ; Slow 900mV 100C Model           ;
; set_net_delay ; Invalid clock ; --       ; Invalid clock ; [get_registers {System|master_0|master_0|jtag_phy_embedded_in_jtag_master|normal.jtag_dc_streaming|sink_crosser|in_data_buffer*}]           ; [get_registers {System|master_0|master_0|jtag_phy_embedded_in_jtag_master|normal.jtag_dc_streaming|sink_crosser|out_data_buffer*}]              ; max  ; altera_avalon_st_handshake_clock_crosser.sdc:83  ;                                 ;
; set_net_delay ; Invalid clock ; --       ; Invalid clock ; [get_registers {System|intel_niosv_g_0|intel_niosv_g_0|dbg_mod|dtm_inst|rsp_clk_xer|clock_xer|in_data_buffer*}]                             ; [get_registers {System|intel_niosv_g_0|intel_niosv_g_0|dbg_mod|dtm_inst|rsp_clk_xer|clock_xer|out_data_buffer*}]                                ; max  ; altera_avalon_st_handshake_clock_crosser.sdc:83  ;                                 ;
; set_net_delay ; Invalid clock ; --       ; Invalid clock ; [get_registers {System|master_0|master_0|jtag_phy_embedded_in_jtag_master|normal.jtag_dc_streaming|sink_crosser|in_data_toggle}]            ; [get_registers {System|master_0|master_0|jtag_phy_embedded_in_jtag_master|normal.jtag_dc_streaming|sink_crosser|in_to_out_synchronizer|din_s1}] ; max  ; altera_avalon_st_handshake_clock_crosser.sdc:100 ;                                 ;
; set_net_delay ; Invalid clock ; --       ; Invalid clock ; [get_registers {System|intel_niosv_g_0|intel_niosv_g_0|dbg_mod|dtm_inst|rsp_clk_xer|clock_xer|in_data_toggle}]                              ; [get_registers {System|intel_niosv_g_0|intel_niosv_g_0|dbg_mod|dtm_inst|rsp_clk_xer|clock_xer|in_to_out_synchronizer|din_s1}]                   ; max  ; altera_avalon_st_handshake_clock_crosser.sdc:100 ;                                 ;
; set_net_delay ; Invalid clock ; --       ; Invalid clock ; [get_registers {System|intel_niosv_g_0|intel_niosv_g_0|dbg_mod|dtm_inst|cmd_clk_xer|clock_xer|out_data_toggle_flopped_n}]                   ; [get_registers {System|intel_niosv_g_0|intel_niosv_g_0|dbg_mod|dtm_inst|cmd_clk_xer|clock_xer|out_to_in_synchronizer|din_s1}]                   ; max  ; altera_avalon_st_handshake_clock_crosser.sdc:118 ;                                 ;
+---------------+---------------+----------+---------------+---------------------------------------------------------------------------------------------------------------------------------------------+-------------------------------------------------------------------------------------------------------------------------------------------------+------+--------------------------------------------------+---------------------------------+


-----------------------------------------------
; Metastability Summary Slow 900mV 100C Model ;
-----------------------------------------------
Worst-Case MTBF of Design is 1e+09 years or 3.15e+16 seconds.
Typical MTBF of Design is 1e+09 years or 3.15e+16 seconds.

MTBF(design) = 1 / SUM(1 / MTBF(synchronizer chain))

Number of Synchronizer Chains Found: 9
Shortest Synchronizer Chain: 2 Registers
Number of Chains For Which MTBFs Could Not be Calculated Due to Timing Violations: 0, or 0.0%.
Number of Chains Excluded from MTBF Analysis: 5, or 55.6%
Worst Case Available Settling Time: 38.028 ns

Worst-Case MTBF values are calculated based on the worst-case silicon characteristics, with worst-case operating conditions.
  - Under worst-case conditions, an increase of 100ps in available settling time will increase MTBF values by a factor of 288.8
Typical MTBF values are calculated based on the nominal silicon characteristics, at nominal operating conditions.
  - Under typical conditions, an increase of 100ps in available settling time will increase MTBF values by a factor of 4590.3



---------------------------------------------
; Metastability Summary Slow 900mV 0C Model ;
---------------------------------------------
Worst-Case MTBF of Design is 1e+09 years or 3.15e+16 seconds.
Typical MTBF of Design is 1e+09 years or 3.15e+16 seconds.

MTBF(design) = 1 / SUM(1 / MTBF(synchronizer chain))

Number of Synchronizer Chains Found: 9
Shortest Synchronizer Chain: 2 Registers
Number of Chains For Which MTBFs Could Not be Calculated Due to Timing Violations: 0, or 0.0%.
Number of Chains Excluded from MTBF Analysis: 5, or 55.6%
Worst Case Available Settling Time: 38.031 ns

Worst-Case MTBF values are calculated based on the worst-case silicon characteristics, with worst-case operating conditions.
  - Under worst-case conditions, an increase of 100ps in available settling time will increase MTBF values by a factor of 78.2
Typical MTBF values are calculated based on the nominal silicon characteristics, at nominal operating conditions.
  - Under typical conditions, an increase of 100ps in available settling time will increase MTBF values by a factor of 4590.3



-----------------------------------------------
; Metastability Summary Fast 900mV 100C Model ;
-----------------------------------------------
Worst-Case MTBF of Design is 1e+09 years or 3.15e+16 seconds.
Typical MTBF of Design is 1e+09 years or 3.15e+16 seconds.

MTBF(design) = 1 / SUM(1 / MTBF(synchronizer chain))

Number of Synchronizer Chains Found: 9
Shortest Synchronizer Chain: 2 Registers
Number of Chains For Which MTBFs Could Not be Calculated Due to Timing Violations: 0, or 0.0%.
Number of Chains Excluded from MTBF Analysis: 5, or 55.6%
Worst Case Available Settling Time: 38.762 ns

Worst-Case MTBF values are calculated based on the worst-case silicon characteristics, with worst-case operating conditions.
  - Under worst-case conditions, an increase of 100ps in available settling time will increase MTBF values by a factor of 288.8
Typical MTBF values are calculated based on the nominal silicon characteristics, at nominal operating conditions.
  - Under typical conditions, an increase of 100ps in available settling time will increase MTBF values by a factor of 4590.3



---------------------------------------------
; Metastability Summary Fast 900mV 0C Model ;
---------------------------------------------
Worst-Case MTBF of Design is 1e+09 years or 3.15e+16 seconds.
Typical MTBF of Design is 1e+09 years or 3.15e+16 seconds.

MTBF(design) = 1 / SUM(1 / MTBF(synchronizer chain))

Number of Synchronizer Chains Found: 9
Shortest Synchronizer Chain: 2 Registers
Number of Chains For Which MTBFs Could Not be Calculated Due to Timing Violations: 0, or 0.0%.
Number of Chains Excluded from MTBF Analysis: 5, or 55.6%
Worst Case Available Settling Time: 38.893 ns

Worst-Case MTBF values are calculated based on the worst-case silicon characteristics, with worst-case operating conditions.
  - Under worst-case conditions, an increase of 100ps in available settling time will increase MTBF values by a factor of 78.2
Typical MTBF values are calculated based on the nominal silicon characteristics, at nominal operating conditions.
  - Under typical conditions, an increase of 100ps in available settling time will increase MTBF values by a factor of 4590.3



+------------------------------------------------------------------------------------------------------------------------------------------------------------------------------------------------------------------------------------------------------------------------------------------------------------------------------------------------------------------------------------------------------------------------+
; Board Trace Model Assignments                                                                                                                                                                                                                                                                                                                                                                                          ;
+---------------------+--------------+-------------------+-------------------------+-------------------------+---------------+---------------------+----------------+------------------+--------+------------------+------------------------+------------------------+--------------+---------------+-----------------+-------+---------------------+--------------------+---------------+-----------------+-------------+
; Pin                 ; I/O Standard ; Near Tline Length ; Near Tline L per Length ; Near Tline C per Length ; Near Series R ; Near Differential R ; Near Pull-up R ; Near Pull-down R ; Near C ; Far Tline Length ; Far Tline L per Length ; Far Tline C per Length ; Far Series R ; Far Pull-up R ; Far Pull-down R ; Far C ; Termination Voltage ; Far Differential R ; EBD File Name ; EBD Signal Name ; EBD Far-end ;
+---------------------+--------------+-------------------+-------------------------+-------------------------+---------------+---------------------+----------------+------------------+--------+------------------+------------------------+------------------------+--------------+---------------+-----------------+-------+---------------------+--------------------+---------------+-----------------+-------------+
; LED_STATUS(0)       ; 1.8 V        ; 0 in              ; 0 H/in                  ; 0 F/in                  ; short         ; -                   ; open           ; open             ; open   ; 0 in             ; 0 H/in                 ; 0 F/in                 ; short        ; open          ; open            ; open  ; 0 V                 ; -                  ; n/a           ; n/a             ; n/a         ;
; LED_STATUS(1)       ; 1.8 V        ; 0 in              ; 0 H/in                  ; 0 F/in                  ; short         ; -                   ; open           ; open             ; open   ; 0 in             ; 0 H/in                 ; 0 F/in                 ; short        ; open          ; open            ; open  ; 0 V                 ; -                  ; n/a           ; n/a             ; n/a         ;
; LED_STATUS(2)       ; 1.8 V        ; 0 in              ; 0 H/in                  ; 0 F/in                  ; short         ; -                   ; open           ; open             ; open   ; 0 in             ; 0 H/in                 ; 0 F/in                 ; short        ; open          ; open            ; open  ; 0 V                 ; -                  ; n/a           ; n/a             ; n/a         ;
; LED_STATUS(3)       ; 1.8 V        ; 0 in              ; 0 H/in                  ; 0 F/in                  ; short         ; -                   ; open           ; open             ; open   ; 0 in             ; 0 H/in                 ; 0 F/in                 ; short        ; open          ; open            ; open  ; 0 V                 ; -                  ; n/a           ; n/a             ; n/a         ;
; altera_reserved_tdo ; 1.8 V        ; 0 in              ; 0 H/in                  ; 0 F/in                  ; short         ; -                   ; open           ; open             ; open   ; 0 in             ; 0 H/in                 ; 0 F/in                 ; short        ; open          ; open            ; open  ; 0 V                 ; -                  ; n/a           ; n/a             ; n/a         ;
; LED_STATUS(4)       ; 1.8 V        ; 0 in              ; 0 H/in                  ; 0 F/in                  ; short         ; -                   ; open           ; open             ; open   ; 0 in             ; 0 H/in                 ; 0 F/in                 ; short        ; open          ; open            ; open  ; 0 V                 ; -                  ; n/a           ; n/a             ; n/a         ;
; LED_STATUS(5)       ; 1.8 V        ; 0 in              ; 0 H/in                  ; 0 F/in                  ; short         ; -                   ; open           ; open             ; open   ; 0 in             ; 0 H/in                 ; 0 F/in                 ; short        ; open          ; open            ; open  ; 0 V                 ; -                  ; n/a           ; n/a             ; n/a         ;
; LED_STATUS(6)       ; 1.8 V        ; 0 in              ; 0 H/in                  ; 0 F/in                  ; short         ; -                   ; open           ; open             ; open   ; 0 in             ; 0 H/in                 ; 0 F/in                 ; short        ; open          ; open            ; open  ; 0 V                 ; -                  ; n/a           ; n/a             ; n/a         ;
; LED_STATUS(7)       ; 1.8 V        ; 0 in              ; 0 H/in                  ; 0 F/in                  ; short         ; -                   ; open           ; open             ; open   ; 0 in             ; 0 H/in                 ; 0 F/in                 ; short        ; open          ; open            ; open  ; 0 V                 ; -                  ; n/a           ; n/a             ; n/a         ;
+---------------------+--------------+-------------------+-------------------------+-------------------------+---------------+---------------------+----------------+------------------+--------+------------------+------------------------+------------------------+--------------+---------------+-----------------+-------+---------------------+--------------------+---------------+-----------------+-------------+


+------------------------------------------------------------------------+
; Input Transition Times                                                 ;
+---------------------+--------------+-----------------+-----------------+
; Pin                 ; I/O Standard ; 10-90 Rise Time ; 90-10 Fall Time ;
+---------------------+--------------+-----------------+-----------------+
; BTN_RESET           ; 1.8 V        ; 1440 ps         ; 1440 ps         ;
; altera_reserved_tck ; 1.8 V        ; 1440 ps         ; 1440 ps         ;
; altera_reserved_tdi ; 1.8 V        ; 1440 ps         ; 1440 ps         ;
; altera_reserved_tms ; 1.8 V        ; 1440 ps         ; 1440 ps         ;
; CLK_50              ; 1.8 V        ; 1440 ps         ; 1440 ps         ;
; ~ALTERA_DATA0~      ; 1.8 V        ; 1440 ps         ; 1440 ps         ;
+---------------------+--------------+-----------------+-----------------+


+--------------------------------------------------------------------------------------------------------------------------------------------------------------------------------------------------------------------------------------------------------------------------------------------------------------------------------------------------------------------------------------------------------------------------------------------------------------------------------------------------------------------------------------------------------------------------------------------------------------------------------------------------------------------------------------------------+
; Signal Integrity Metrics (Slow 900mv 100c Model)                                                                                                                                                                                                                                                                                                                                                                                                                                                                                                                                                                                                                                                 ;
+---------------------+--------------+---------------------+---------------------+------------------------------+------------------------------+---------------------+---------------------+--------------------------------------+--------------------------------------+-----------------------------+-----------------------------+----------------------------+----------------------------+-----------------------------+-----------------------------+--------------------+--------------------+-------------------------------------+-------------------------------------+----------------------------+----------------------------+---------------------------+---------------------------+
; Pin                 ; I/O Standard ; Board Delay on Rise ; Board Delay on Fall ; Steady State Voh at FPGA Pin ; Steady State Vol at FPGA Pin ; Voh Max at FPGA Pin ; Vol Min at FPGA Pin ; Ringback Voltage on Rise at FPGA Pin ; Ringback Voltage on Fall at FPGA Pin ; 10-90 Rise Time at FPGA Pin ; 90-10 Fall Time at FPGA Pin ; Monotonic Rise at FPGA Pin ; Monotonic Fall at FPGA Pin ; Steady State Voh at Far-end ; Steady State Vol at Far-end ; Voh Max at Far-end ; Vol Min at Far-end ; Ringback Voltage on Rise at Far-end ; Ringback Voltage on Fall at Far-end ; 10-90 Rise Time at Far-end ; 90-10 Fall Time at Far-end ; Monotonic Rise at Far-end ; Monotonic Fall at Far-end ;
+---------------------+--------------+---------------------+---------------------+------------------------------+------------------------------+---------------------+---------------------+--------------------------------------+--------------------------------------+-----------------------------+-----------------------------+----------------------------+----------------------------+-----------------------------+-----------------------------+--------------------+--------------------+-------------------------------------+-------------------------------------+----------------------------+----------------------------+---------------------------+---------------------------+
; LED_STATUS(0)       ; 1.8 V        ; 0 s                 ; 0 s                 ; 1.66 V                       ; 4.43e-06 V                   ; 1.7 V               ; -0.0552 V           ; 0.108 V                              ; 0.08 V                               ; 2.35e-10 s                  ; 2.24e-10 s                  ; No                         ; No                         ; 1.66 V                      ; 4.43e-06 V                  ; 1.7 V              ; -0.0552 V          ; 0.108 V                             ; 0.08 V                              ; 2.35e-10 s                 ; 2.24e-10 s                 ; No                        ; No                        ;
; LED_STATUS(1)       ; 1.8 V        ; 0 s                 ; 0 s                 ; 1.66 V                       ; 4.43e-06 V                   ; 1.7 V               ; -0.0552 V           ; 0.108 V                              ; 0.08 V                               ; 2.35e-10 s                  ; 2.24e-10 s                  ; No                         ; No                         ; 1.66 V                      ; 4.43e-06 V                  ; 1.7 V              ; -0.0552 V          ; 0.108 V                             ; 0.08 V                              ; 2.35e-10 s                 ; 2.24e-10 s                 ; No                        ; No                        ;
; LED_STATUS(2)       ; 1.8 V        ; 0 s                 ; 0 s                 ; 1.66 V                       ; 4.43e-06 V                   ; 1.7 V               ; -0.0552 V           ; 0.108 V                              ; 0.08 V                               ; 2.35e-10 s                  ; 2.24e-10 s                  ; No                         ; No                         ; 1.66 V                      ; 4.43e-06 V                  ; 1.7 V              ; -0.0552 V          ; 0.108 V                             ; 0.08 V                              ; 2.35e-10 s                 ; 2.24e-10 s                 ; No                        ; No                        ;
; LED_STATUS(3)       ; 1.8 V        ; 0 s                 ; 0 s                 ; 1.66 V                       ; 4.43e-06 V                   ; 1.7 V               ; -0.0552 V           ; 0.108 V                              ; 0.08 V                               ; 2.35e-10 s                  ; 2.24e-10 s                  ; No                         ; No                         ; 1.66 V                      ; 4.43e-06 V                  ; 1.7 V              ; -0.0552 V          ; 0.108 V                             ; 0.08 V                              ; 2.35e-10 s                 ; 2.24e-10 s                 ; No                        ; No                        ;
; altera_reserved_tdo ; 1.8 V        ; 0 s                 ; 0 s                 ; 1.66 V                       ; 3.7e-06 V                    ; 1.73 V              ; -0.0751 V           ; 0.178 V                              ; 0.161 V                              ; 1.41e-10 s                  ; 1.39e-10 s                  ; No                         ; No                         ; 1.66 V                      ; 3.7e-06 V                   ; 1.73 V             ; -0.0751 V          ; 0.178 V                             ; 0.161 V                             ; 1.41e-10 s                 ; 1.39e-10 s                 ; No                        ; No                        ;
; LED_STATUS(4)       ; 1.8 V        ; 0 s                 ; 0 s                 ; 1.66 V                       ; 4.43e-06 V                   ; 1.7 V               ; -0.0552 V           ; 0.108 V                              ; 0.08 V                               ; 2.35e-10 s                  ; 2.24e-10 s                  ; No                         ; No                         ; 1.66 V                      ; 4.43e-06 V                  ; 1.7 V              ; -0.0552 V          ; 0.108 V                             ; 0.08 V                              ; 2.35e-10 s                 ; 2.24e-10 s                 ; No                        ; No                        ;
; LED_STATUS(5)       ; 1.8 V        ; 0 s                 ; 0 s                 ; 1.66 V                       ; 4.43e-06 V                   ; 1.7 V               ; -0.0552 V           ; 0.108 V                              ; 0.08 V                               ; 2.35e-10 s                  ; 2.24e-10 s                  ; No                         ; No                         ; 1.66 V                      ; 4.43e-06 V                  ; 1.7 V              ; -0.0552 V          ; 0.108 V                             ; 0.08 V                              ; 2.35e-10 s                 ; 2.24e-10 s                 ; No                        ; No                        ;
; LED_STATUS(6)       ; 1.8 V        ; 0 s                 ; 0 s                 ; 1.66 V                       ; 4.43e-06 V                   ; 1.7 V               ; -0.0552 V           ; 0.108 V                              ; 0.08 V                               ; 2.35e-10 s                  ; 2.24e-10 s                  ; No                         ; No                         ; 1.66 V                      ; 4.43e-06 V                  ; 1.7 V              ; -0.0552 V          ; 0.108 V                             ; 0.08 V                              ; 2.35e-10 s                 ; 2.24e-10 s                 ; No                        ; No                        ;
; LED_STATUS(7)       ; 1.8 V        ; 0 s                 ; 0 s                 ; 1.66 V                       ; 4.43e-06 V                   ; 1.7 V               ; -0.0552 V           ; 0.108 V                              ; 0.08 V                               ; 2.35e-10 s                  ; 2.24e-10 s                  ; No                         ; No                         ; 1.66 V                      ; 4.43e-06 V                  ; 1.7 V              ; -0.0552 V          ; 0.108 V                             ; 0.08 V                              ; 2.35e-10 s                 ; 2.24e-10 s                 ; No                        ; No                        ;
+---------------------+--------------+---------------------+---------------------+------------------------------+------------------------------+---------------------+---------------------+--------------------------------------+--------------------------------------+-----------------------------+-----------------------------+----------------------------+----------------------------+-----------------------------+-----------------------------+--------------------+--------------------+-------------------------------------+-------------------------------------+----------------------------+----------------------------+---------------------------+---------------------------+


+----------------------------------------------------------------------------------------------------------------------------------------------------+
; Setup Transfers                                                                                                                                    ;
+------------+----------+----------+----------+----------+----------+---------------------------+------------------+---------------------------------+
; From Clock ; To Clock ; RR Paths ; FR Paths ; RF Paths ; FF Paths ; Clock Pair Classification ; Worst-Case Slack ; Worst-Case Operating Conditions ;
+------------+----------+----------+----------+----------+----------+---------------------------+------------------+---------------------------------+
; CLK_50     ; CLK_50   ; 536734   ; 0        ; 0        ; 0        ; Intra-Clock (Timed Safe)  ; 5.644            ; Slow 900mV 100C Model           ;
+------------+----------+----------+----------+----------+----------+---------------------------+------------------+---------------------------------+
An "Asynchronous (Timed Unsafe)" transfer occurs when the From & To clocks are asynchronous and no timing constraints exist. Entries labeled "false path" only account for clock-to-clock false paths. Path-based false path counts are shown in rows with "Ignored (Not Timed)" classifications


+----------------------------------------------------------------------------------------------------------------------------------------------------+
; Hold Transfers                                                                                                                                     ;
+------------+----------+----------+----------+----------+----------+---------------------------+------------------+---------------------------------+
; From Clock ; To Clock ; RR Paths ; FR Paths ; RF Paths ; FF Paths ; Clock Pair Classification ; Worst-Case Slack ; Worst-Case Operating Conditions ;
+------------+----------+----------+----------+----------+----------+---------------------------+------------------+---------------------------------+
; CLK_50     ; CLK_50   ; 556359   ; 0        ; 0        ; 0        ; Intra-Clock (Timed Safe)  ; 0.015            ; Fast 900mV 0C Model             ;
+------------+----------+----------+----------+----------+----------+---------------------------+------------------+---------------------------------+
An "Asynchronous (Timed Unsafe)" transfer occurs when the From & To clocks are asynchronous and no timing constraints exist. Entries labeled "false path" only account for clock-to-clock false paths. Path-based false path counts are shown in rows with "Ignored (Not Timed)" classifications


+----------------------------------------------------------------------------------------------------------------------------------------------------+
; Recovery Transfers                                                                                                                                 ;
+------------+----------+----------+----------+----------+----------+---------------------------+------------------+---------------------------------+
; From Clock ; To Clock ; RR Paths ; FR Paths ; RF Paths ; FF Paths ; Clock Pair Classification ; Worst-Case Slack ; Worst-Case Operating Conditions ;
+------------+----------+----------+----------+----------+----------+---------------------------+------------------+---------------------------------+
; CLK_50     ; CLK_50   ; 4606     ; 0        ; 0        ; 0        ; Intra-Clock (Timed Safe)  ; 14.533           ; Slow 900mV 0C Model             ;
+------------+----------+----------+----------+----------+----------+---------------------------+------------------+---------------------------------+
An "Asynchronous (Timed Unsafe)" transfer occurs when the From & To clocks are asynchronous and no timing constraints exist. Entries labeled "false path" only account for clock-to-clock false paths. Path-based false path counts are shown in rows with "Ignored (Not Timed)" classifications


+----------------------------------------------------------------------------------------------------------------------------------------------------+
; Removal Transfers                                                                                                                                  ;
+------------+----------+----------+----------+----------+----------+---------------------------+------------------+---------------------------------+
; From Clock ; To Clock ; RR Paths ; FR Paths ; RF Paths ; FF Paths ; Clock Pair Classification ; Worst-Case Slack ; Worst-Case Operating Conditions ;
+------------+----------+----------+----------+----------+----------+---------------------------+------------------+---------------------------------+
; CLK_50     ; CLK_50   ; 4606     ; 0        ; 0        ; 0        ; Intra-Clock (Timed Safe)  ; 0.227            ; Fast 900mV 0C Model             ;
+------------+----------+----------+----------+----------+----------+---------------------------+------------------+---------------------------------+
An "Asynchronous (Timed Unsafe)" transfer occurs when the From & To clocks are asynchronous and no timing constraints exist. Entries labeled "false path" only account for clock-to-clock false paths. Path-based false path counts are shown in rows with "Ignored (Not Timed)" classifications


----------------
; Command Info ;
----------------
Report Timing: Found 10 setup paths (0 violated).  Worst case slack is 5.644 

Tcl Command:
    report_timing -setup -panel_name {Worst-Case Timing Paths||Setup||CLK_50} -to_clock [get_clocks {CLK_50}] -npaths 10 -detail full_path

Options:
    -to_clock [get_clocks {CLK_50}] 
    -setup 
    -npaths 10 
    -detail full_path 
    -panel_name {CLK_50} 

Snapshot:
    final

Delay Models:
    Slow 900mV 100C Model
    Slow 900mV 0C Model
    Fast 900mV 100C Model
    Fast 900mV 0C Model


+------------------------------------------------------------------------------------------------------------------------------------------------------------------------------------------------------------------------------------+
; Summary of Paths                                                                                                                                                                                                                   ;
+-------+----------------------------------------------------------+---------------------------------------------------------+--------------+-------------+--------------+------------+------------+---------------------------------+
; Slack ; From Node                                                ; To Node                                                 ; Launch Clock ; Latch Clock ; Relationship ; Clock Skew ; Data Delay ; Worst-Case Operating Conditions ;
+-------+----------------------------------------------------------+---------------------------------------------------------+--------------+-------------+--------------+------------+------------+---------------------------------+
; 5.644 ; System|npu_system_0|npu_system_13|w_row_idx[4]           ; System|npu_system_0|npu_system_13|avm_out_writedata[22] ; CLK_50       ; CLK_50      ; 20.000       ; -0.137     ; 14.457     ; Slow 900mV 100C Model           ;
; 6.104 ; System|npu_system_0|npu_system_13|w_row_idx[4]           ; System|npu_system_0|npu_system_13|avm_out_writedata[22] ; CLK_50       ; CLK_50      ; 20.000       ; -0.137     ; 13.997     ; Slow 900mV 100C Model           ;
; 6.362 ; System|npu_system_0|npu_system_13|w_row_idx[3]           ; System|npu_system_0|npu_system_13|avm_out_writedata[22] ; CLK_50       ; CLK_50      ; 20.000       ; -0.137     ; 13.739     ; Slow 900mV 100C Model           ;
; 6.377 ; System|npu_system_0|npu_system_13|w_col_idx[0]           ; System|npu_system_0|npu_system_13|avm_out_writedata[5]  ; CLK_50       ; CLK_50      ; 20.000       ; -0.111     ; 13.783     ; Slow 900mV 100C Model           ;
; 6.440 ; System|npu_system_0|npu_system_13|w_col_idx[0]           ; System|npu_system_0|npu_system_13|avm_out_writedata[5]  ; CLK_50       ; CLK_50      ; 20.000       ; -0.111     ; 13.720     ; Slow 900mV 100C Model           ;
; 6.527 ; System|npu_system_0|npu_system_13|w_col_idx[0]           ; System|npu_system_0|npu_system_13|avm_out_writedata[3]  ; CLK_50       ; CLK_50      ; 20.000       ; -0.111     ; 13.632     ; Slow 900mV 100C Model           ;
; 6.620 ; System|npu_system_0|npu_system_13|w_row_idx[4]           ; System|npu_system_0|npu_system_13|avm_out_writedata[22] ; CLK_50       ; CLK_50      ; 20.000       ; -0.137     ; 13.481     ; Slow 900mV 100C Model           ;
; 6.647 ; System|npu_system_0|npu_system_13|w_row_idx[4]           ; System|npu_system_0|npu_system_13|avm_out_writedata[0]  ; CLK_50       ; CLK_50      ; 20.000       ; -0.099     ; 13.543     ; Slow 900mV 100C Model           ;
; 6.695 ; System|npu_system_0|npu_system_13|w_row_idx[0]~DUPLICATE ; System|npu_system_0|npu_system_13|avm_out_writedata[3]  ; CLK_50       ; CLK_50      ; 20.000       ; -0.099     ; 13.476     ; Slow 900mV 100C Model           ;
; 6.703 ; System|npu_system_0|npu_system_13|w_row_idx[3]           ; System|npu_system_0|npu_system_13|avm_out_writedata[22] ; CLK_50       ; CLK_50      ; 20.000       ; -0.137     ; 13.398     ; Slow 900mV 100C Model           ;
+-------+----------------------------------------------------------+---------------------------------------------------------+--------------+-------------+--------------+------------+------------+---------------------------------+


Path #1: Setup slack is 5.644 
===============================================================================
+-------------------------------------------------------------------------------------------+
; Path Summary                                                                              ;
+---------------------------------+---------------------------------------------------------+
; Property                        ; Value                                                   ;
+---------------------------------+---------------------------------------------------------+
; From Node                       ; System|npu_system_0|npu_system_13|w_row_idx[4]          ;
; To Node                         ; System|npu_system_0|npu_system_13|avm_out_writedata[22] ;
; Launch Clock                    ; CLK_50                                                  ;
; Latch Clock                     ; CLK_50                                                  ;
; SDC Exception                   ; No SDC Exception on Path                                ;
; Data Arrival Time               ; 19.130                                                  ;
; Data Required Time              ; 24.774                                                  ;
; Slack                           ; 5.644                                                   ;
; Worst-Case Operating Conditions ; Slow 900mV 100C Model                                   ;
+---------------------------------+---------------------------------------------------------+

+------------------------------------------------------------------------------------+
; Statistics                                                                         ;
+------------------------+--------+-------+-------------+------------+-------+-------+
; Property               ; Value  ; Count ; Total Delay ; % of Total ; Min   ; Max   ;
+------------------------+--------+-------+-------------+------------+-------+-------+
; Setup Relationship     ; 20.000 ;       ;             ;            ;       ;       ;
; Clock Skew             ; -0.137 ;       ;             ;            ;       ;       ;
; Data Delay             ; 14.457 ;       ;             ;            ;       ;       ;
; Number of Logic Levels ;        ; 6     ;             ;            ;       ;       ;
; Physical Delays        ;        ;       ;             ;            ;       ;       ;
;  Arrival Path          ;        ;       ;             ;            ;       ;       ;
;   Clock                ;        ;       ;             ;            ;       ;       ;
;    IC                  ;        ; 3     ; 3.449       ; 74         ; 0.000 ; 3.449 ;
;    Cell                ;        ; 4     ; 1.224       ; 26         ; 0.000 ; 0.547 ;
;   Data                 ;        ;       ;             ;            ;       ;       ;
;    IC                  ;        ; 6     ; 13.282      ; 92         ; 1.189 ; 3.351 ;
;    Cell                ;        ; 14    ; 0.958       ; 7          ; 0.000 ; 0.163 ;
;    uTco                ;        ; 1     ; 0.217       ; 2          ; 0.217 ; 0.217 ;
;  Required Path         ;        ;       ;             ;            ;       ;       ;
;   Clock                ;        ;       ;             ;            ;       ;       ;
;    IC                  ;        ; 3     ; 3.168       ; 74         ; 0.000 ; 3.168 ;
;    Cell                ;        ; 4     ; 1.116       ; 26         ; 0.000 ; 0.547 ;
+------------------------+--------+-------+-------------+------------+-------+-------+
Note: Negative delays are omitted from totals when calculating percentages

+----------------------------------------------------------------------------------------------------------------------------------------------------+
; Data Arrival Path                                                                                                                                  ;
+----------+---------+----+--------+--------+-----------------------+------------+-------------------------------------------------------------------+
; Total    ; Incr    ; RF ; Type   ; Fanout ; Location              ; HS/LP      ; Element                                                           ;
+----------+---------+----+--------+--------+-----------------------+------------+-------------------------------------------------------------------+
; 0.000    ; 0.000   ;    ;        ;        ;                       ;            ; launch edge time                                                  ;
; 0.000    ; 0.000   ;    ; borrow ;        ;                       ;            ; time borrowed                                                     ;
; 4.673    ; 4.673   ;    ;        ;        ;                       ;            ; clock path                                                        ;
;   0.000  ;   0.000 ;    ;        ;        ;                       ;            ; source latency                                                    ;
;   0.000  ;   0.000 ;    ;        ; 1      ; PIN_AM10              ;            ; CLK_50                                                            ;
;   0.000  ;   0.000 ; RR ; IC     ; 1      ; IOIBUF_X148_Y16_N32   ;            ; CLK_50~input|i                                                    ;
;   0.547  ;   0.547 ; RR ; CELL   ; 1      ; IOIBUF_X148_Y16_N32   ;            ; CLK_50~input|o                                                    ;
;   0.706  ;   0.159 ; RR ; CELL   ; 1      ; IOIBUF_X148_Y16_N32   ;            ; CLK_50~input~io_48_lvds_tile_edge/ioclkin[0]                      ;
;   0.706  ;   0.000 ; RR ; IC     ; 2      ; CLKCTRL_3A_G_I20      ;            ; CLK_50~inputCLKENA0|inclk                                         ;
;   1.224  ;   0.518 ; RR ; CELL   ; 181589 ; CLKCTRL_3A_G_I20      ;            ; CLK_50~inputCLKENA0|outclk                                        ;
;   4.673  ;   3.449 ; RR ; IC     ; 1      ; FF_X73_Y134_N35       ; High Speed ; System|npu_system_0|npu_system_13|w_row_idx[4]|clk                ;
;   4.673  ;   0.000 ; RR ; CELL   ; 1      ; FF_X73_Y134_N35       ; High Speed ; System|npu_system_0|npu_system_13|w_row_idx[4]                    ;
; 19.130   ; 14.457  ;    ;        ;        ;                       ;            ; data path                                                         ;
;   4.890  ;   0.217 ; FF ; uTco   ; 2      ; FF_X73_Y134_N35       ;            ; System|npu_system_0|npu_system_13|w_row_idx[4]|q                  ;
;   5.018  ;   0.128 ; FF ; CELL   ; 2835   ; FF_X73_Y134_N35       ; High Speed ; System|npu_system_0|npu_system_13|w_row_idx[4]~la_lab/laboutb[3]  ;
;   8.316  ;   3.298 ; FF ; IC     ; 1      ; MLABCELL_X29_Y185_N48 ; Mixed      ; System|npu_system_0|npu_system_13|i70272~8316|datac               ;
;   8.474  ;   0.158 ; FF ; CELL   ; 1      ; MLABCELL_X29_Y185_N48 ; High Speed ; System|npu_system_0|npu_system_13|i70272~8316|combout             ;
;   8.480  ;   0.006 ; FF ; CELL   ; 1      ; MLABCELL_X29_Y185_N48 ; High Speed ; System|npu_system_0|npu_system_13|i70272~8316~la_mlab/laboutb[13] ;
;   9.669  ;   1.189 ; FF ; IC     ; 1      ; LABCELL_X18_Y176_N48  ; Mixed      ; System|npu_system_0|npu_system_13|i70272~8317|datad               ;
;   9.832  ;   0.163 ; FF ; CELL   ; 1      ; LABCELL_X18_Y176_N48  ; Low Power  ; System|npu_system_0|npu_system_13|i70272~8317|combout             ;
;   9.837  ;   0.005 ; FF ; CELL   ; 1      ; LABCELL_X18_Y176_N48  ; Low Power  ; System|npu_system_0|npu_system_13|i70272~8317~la_lab/laboutb[13]  ;
;   11.201 ;   1.364 ; FF ; IC     ; 1      ; LABCELL_X37_Y173_N30  ; Mixed      ; System|npu_system_0|npu_system_13|i70272~8328|datac               ;
;   11.355 ;   0.154 ; FF ; CELL   ; 1      ; LABCELL_X37_Y173_N30  ; High Speed ; System|npu_system_0|npu_system_13|i70272~8328|combout             ;
;   11.359 ;   0.004 ; FF ; CELL   ; 1      ; LABCELL_X37_Y173_N30  ; High Speed ; System|npu_system_0|npu_system_13|i70272~8328~la_lab/laboutb[0]   ;
;   14.710 ;   3.351 ; FF ; IC     ; 1      ; LABCELL_X53_Y143_N36  ; Mixed      ; System|npu_system_0|npu_system_13|i70272~8371|datae               ;
;   14.842 ;   0.132 ; FF ; CELL   ; 1      ; LABCELL_X53_Y143_N36  ; Low Power  ; System|npu_system_0|npu_system_13|i70272~8371|combout             ;
;   14.847 ;   0.005 ; FF ; CELL   ; 1      ; LABCELL_X53_Y143_N36  ; Low Power  ; System|npu_system_0|npu_system_13|i70272~8371~la_lab/laboutb[5]   ;
;   17.085 ;   2.238 ; FF ; IC     ; 1      ; LABCELL_X53_Y101_N0   ; Mixed      ; System|npu_system_0|npu_system_13|i70272~8372|dataf               ;
;   17.132 ;   0.047 ; FF ; CELL   ; 1      ; LABCELL_X53_Y101_N0   ; Low Power  ; System|npu_system_0|npu_system_13|i70272~8372|combout             ;
;   17.136 ;   0.004 ; FF ; CELL   ; 1      ; LABCELL_X53_Y101_N0   ; Low Power  ; System|npu_system_0|npu_system_13|i70272~8372~la_lab/laboutt[0]   ;
;   18.978 ;   1.842 ; FF ; IC     ; 1      ; LABCELL_X106_Y101_N57 ; Mixed      ; System|npu_system_0|npu_system_13|i70272~8373|datad               ;
;   19.130 ;   0.152 ; FF ; CELL   ; 1      ; LABCELL_X106_Y101_N57 ; High Speed ; System|npu_system_0|npu_system_13|i70272~8373|combout             ;
;   19.130 ;   0.000 ; FF ; CELL   ; 1      ; FF_X106_Y101_N58      ; High Speed ; System|npu_system_0|npu_system_13|avm_out_writedata[22]|d         ;
;   19.130 ;   0.000 ; FF ; CELL   ; 1      ; FF_X106_Y101_N58      ; High Speed ; System|npu_system_0|npu_system_13|avm_out_writedata[22]           ;
+----------+---------+----+--------+--------+-----------------------+------------+-------------------------------------------------------------------+

+--------------------------------------------------------------------------------------------------------------------------------------------+
; Data Required Path                                                                                                                         ;
+----------+---------+----+--------+--------+---------------------+------------+-------------------------------------------------------------+
; Total    ; Incr    ; RF ; Type   ; Fanout ; Location            ; HS/LP      ; Element                                                     ;
+----------+---------+----+--------+--------+---------------------+------------+-------------------------------------------------------------+
; 20.000   ; 20.000  ;    ;        ;        ;                     ;            ; latch edge time                                             ;
; 20.000   ; 0.000   ;    ; borrow ;        ;                     ;            ; time borrowed                                               ;
; 24.536   ; 4.536   ;    ;        ;        ;                     ;            ; clock path                                                  ;
;   20.000 ;   0.000 ;    ;        ;        ;                     ;            ; source latency                                              ;
;   20.000 ;   0.000 ;    ;        ; 1      ; PIN_AM10            ;            ; CLK_50                                                      ;
;   20.000 ;   0.000 ; RR ; IC     ; 1      ; IOIBUF_X148_Y16_N32 ;            ; CLK_50~input|i                                              ;
;   20.547 ;   0.547 ; RR ; CELL   ; 1      ; IOIBUF_X148_Y16_N32 ;            ; CLK_50~input|o                                              ;
;   20.676 ;   0.129 ; RR ; CELL   ; 1      ; IOIBUF_X148_Y16_N32 ;            ; CLK_50~input~io_48_lvds_tile_edge/ioclkin[0]                ;
;   20.676 ;   0.000 ; RR ; IC     ; 2      ; CLKCTRL_3A_G_I20    ;            ; CLK_50~inputCLKENA0|inclk                                   ;
;   21.116 ;   0.440 ; RR ; CELL   ; 181589 ; CLKCTRL_3A_G_I20    ;            ; CLK_50~inputCLKENA0|outclk                                  ;
;   24.284 ;   3.168 ; RR ; IC     ; 1      ; FF_X106_Y101_N58    ; High Speed ; System|npu_system_0|npu_system_13|avm_out_writedata[22]|clk ;
;   24.284 ;   0.000 ; RR ; CELL   ; 1      ; FF_X106_Y101_N58    ; High Speed ; System|npu_system_0|npu_system_13|avm_out_writedata[22]     ;
;   24.536 ;   0.252 ;    ;        ;        ;                     ;            ; clock pessimism removed                                     ;
; 24.506   ; -0.030  ;    ;        ;        ;                     ;            ; clock uncertainty                                           ;
; 24.774   ; 0.268   ;    ; uTsu   ; 1      ; FF_X106_Y101_N58    ;            ; System|npu_system_0|npu_system_13|avm_out_writedata[22]     ;
+----------+---------+----+--------+--------+---------------------+------------+-------------------------------------------------------------+



Path #2: Setup slack is 6.104 
===============================================================================
+-------------------------------------------------------------------------------------------+
; Path Summary                                                                              ;
+---------------------------------+---------------------------------------------------------+
; Property                        ; Value                                                   ;
+---------------------------------+---------------------------------------------------------+
; From Node                       ; System|npu_system_0|npu_system_13|w_row_idx[4]          ;
; To Node                         ; System|npu_system_0|npu_system_13|avm_out_writedata[22] ;
; Launch Clock                    ; CLK_50                                                  ;
; Latch Clock                     ; CLK_50                                                  ;
; SDC Exception                   ; No SDC Exception on Path                                ;
; Data Arrival Time               ; 18.670                                                  ;
; Data Required Time              ; 24.774                                                  ;
; Slack                           ; 6.104                                                   ;
; Worst-Case Operating Conditions ; Slow 900mV 100C Model                                   ;
+---------------------------------+---------------------------------------------------------+

+------------------------------------------------------------------------------------+
; Statistics                                                                         ;
+------------------------+--------+-------+-------------+------------+-------+-------+
; Property               ; Value  ; Count ; Total Delay ; % of Total ; Min   ; Max   ;
+------------------------+--------+-------+-------------+------------+-------+-------+
; Setup Relationship     ; 20.000 ;       ;             ;            ;       ;       ;
; Clock Skew             ; -0.137 ;       ;             ;            ;       ;       ;
; Data Delay             ; 13.997 ;       ;             ;            ;       ;       ;
; Number of Logic Levels ;        ; 6     ;             ;            ;       ;       ;
; Physical Delays        ;        ;       ;             ;            ;       ;       ;
;  Arrival Path          ;        ;       ;             ;            ;       ;       ;
;   Clock                ;        ;       ;             ;            ;       ;       ;
;    IC                  ;        ; 3     ; 3.449       ; 74         ; 0.000 ; 3.449 ;
;    Cell                ;        ; 4     ; 1.224       ; 26         ; 0.000 ; 0.547 ;
;   Data                 ;        ;       ;             ;            ;       ;       ;
;    IC                  ;        ; 6     ; 12.918      ; 92         ; 0.956 ; 3.351 ;
;    Cell                ;        ; 14    ; 0.862       ; 6          ; 0.000 ; 0.177 ;
;    uTco                ;        ; 1     ; 0.217       ; 2          ; 0.217 ; 0.217 ;
;  Required Path         ;        ;       ;             ;            ;       ;       ;
;   Clock                ;        ;       ;             ;            ;       ;       ;
;    IC                  ;        ; 3     ; 3.168       ; 74         ; 0.000 ; 3.168 ;
;    Cell                ;        ; 4     ; 1.116       ; 26         ; 0.000 ; 0.547 ;
+------------------------+--------+-------+-------------+------------+-------+-------+
Note: Negative delays are omitted from totals when calculating percentages

+---------------------------------------------------------------------------------------------------------------------------------------------------+
; Data Arrival Path                                                                                                                                 ;
+----------+---------+----+--------+--------+-----------------------+------------+------------------------------------------------------------------+
; Total    ; Incr    ; RF ; Type   ; Fanout ; Location              ; HS/LP      ; Element                                                          ;
+----------+---------+----+--------+--------+-----------------------+------------+------------------------------------------------------------------+
; 0.000    ; 0.000   ;    ;        ;        ;                       ;            ; launch edge time                                                 ;
; 0.000    ; 0.000   ;    ; borrow ;        ;                       ;            ; time borrowed                                                    ;
; 4.673    ; 4.673   ;    ;        ;        ;                       ;            ; clock path                                                       ;
;   0.000  ;   0.000 ;    ;        ;        ;                       ;            ; source latency                                                   ;
;   0.000  ;   0.000 ;    ;        ; 1      ; PIN_AM10              ;            ; CLK_50                                                           ;
;   0.000  ;   0.000 ; RR ; IC     ; 1      ; IOIBUF_X148_Y16_N32   ;            ; CLK_50~input|i                                                   ;
;   0.547  ;   0.547 ; RR ; CELL   ; 1      ; IOIBUF_X148_Y16_N32   ;            ; CLK_50~input|o                                                   ;
;   0.706  ;   0.159 ; RR ; CELL   ; 1      ; IOIBUF_X148_Y16_N32   ;            ; CLK_50~input~io_48_lvds_tile_edge/ioclkin[0]                     ;
;   0.706  ;   0.000 ; RR ; IC     ; 2      ; CLKCTRL_3A_G_I20      ;            ; CLK_50~inputCLKENA0|inclk                                        ;
;   1.224  ;   0.518 ; RR ; CELL   ; 181589 ; CLKCTRL_3A_G_I20      ;            ; CLK_50~inputCLKENA0|outclk                                       ;
;   4.673  ;   3.449 ; RR ; IC     ; 1      ; FF_X73_Y134_N35       ; High Speed ; System|npu_system_0|npu_system_13|w_row_idx[4]|clk               ;
;   4.673  ;   0.000 ; RR ; CELL   ; 1      ; FF_X73_Y134_N35       ; High Speed ; System|npu_system_0|npu_system_13|w_row_idx[4]                   ;
; 18.670   ; 13.997  ;    ;        ;        ;                       ;            ; data path                                                        ;
;   4.890  ;   0.217 ; FF ; uTco   ; 2      ; FF_X73_Y134_N35       ;            ; System|npu_system_0|npu_system_13|w_row_idx[4]|q                 ;
;   5.018  ;   0.128 ; FF ; CELL   ; 2835   ; FF_X73_Y134_N35       ; High Speed ; System|npu_system_0|npu_system_13|w_row_idx[4]~la_lab/laboutb[3] ;
;   8.185  ;   3.167 ; FF ; IC     ; 1      ; MLABCELL_X22_Y184_N0  ; Mixed      ; System|npu_system_0|npu_system_13|i70272~8314|dataf              ;
;   8.233  ;   0.048 ; FF ; CELL   ; 1      ; MLABCELL_X22_Y184_N0  ; Low Power  ; System|npu_system_0|npu_system_13|i70272~8314|combout            ;
;   8.239  ;   0.006 ; FF ; CELL   ; 1      ; MLABCELL_X22_Y184_N0  ; Low Power  ; System|npu_system_0|npu_system_13|i70272~8314~la_mlab/laboutt[0] ;
;   9.195  ;   0.956 ; FF ; IC     ; 1      ; LABCELL_X18_Y176_N48  ; Mixed      ; System|npu_system_0|npu_system_13|i70272~8317|datac              ;
;   9.372  ;   0.177 ; FF ; CELL   ; 1      ; LABCELL_X18_Y176_N48  ; Low Power  ; System|npu_system_0|npu_system_13|i70272~8317|combout            ;
;   9.377  ;   0.005 ; FF ; CELL   ; 1      ; LABCELL_X18_Y176_N48  ; Low Power  ; System|npu_system_0|npu_system_13|i70272~8317~la_lab/laboutb[13] ;
;   10.741 ;   1.364 ; FF ; IC     ; 1      ; LABCELL_X37_Y173_N30  ; Mixed      ; System|npu_system_0|npu_system_13|i70272~8328|datac              ;
;   10.895 ;   0.154 ; FF ; CELL   ; 1      ; LABCELL_X37_Y173_N30  ; High Speed ; System|npu_system_0|npu_system_13|i70272~8328|combout            ;
;   10.899 ;   0.004 ; FF ; CELL   ; 1      ; LABCELL_X37_Y173_N30  ; High Speed ; System|npu_system_0|npu_system_13|i70272~8328~la_lab/laboutb[0]  ;
;   14.250 ;   3.351 ; FF ; IC     ; 1      ; LABCELL_X53_Y143_N36  ; Mixed      ; System|npu_system_0|npu_system_13|i70272~8371|datae              ;
;   14.382 ;   0.132 ; FF ; CELL   ; 1      ; LABCELL_X53_Y143_N36  ; Low Power  ; System|npu_system_0|npu_system_13|i70272~8371|combout            ;
;   14.387 ;   0.005 ; FF ; CELL   ; 1      ; LABCELL_X53_Y143_N36  ; Low Power  ; System|npu_system_0|npu_system_13|i70272~8371~la_lab/laboutb[5]  ;
;   16.625 ;   2.238 ; FF ; IC     ; 1      ; LABCELL_X53_Y101_N0   ; Mixed      ; System|npu_system_0|npu_system_13|i70272~8372|dataf              ;
;   16.672 ;   0.047 ; FF ; CELL   ; 1      ; LABCELL_X53_Y101_N0   ; Low Power  ; System|npu_system_0|npu_system_13|i70272~8372|combout            ;
;   16.676 ;   0.004 ; FF ; CELL   ; 1      ; LABCELL_X53_Y101_N0   ; Low Power  ; System|npu_system_0|npu_system_13|i70272~8372~la_lab/laboutt[0]  ;
;   18.518 ;   1.842 ; FF ; IC     ; 1      ; LABCELL_X106_Y101_N57 ; Mixed      ; System|npu_system_0|npu_system_13|i70272~8373|datad              ;
;   18.670 ;   0.152 ; FF ; CELL   ; 1      ; LABCELL_X106_Y101_N57 ; High Speed ; System|npu_system_0|npu_system_13|i70272~8373|combout            ;
;   18.670 ;   0.000 ; FF ; CELL   ; 1      ; FF_X106_Y101_N58      ; High Speed ; System|npu_system_0|npu_system_13|avm_out_writedata[22]|d        ;
;   18.670 ;   0.000 ; FF ; CELL   ; 1      ; FF_X106_Y101_N58      ; High Speed ; System|npu_system_0|npu_system_13|avm_out_writedata[22]          ;
+----------+---------+----+--------+--------+-----------------------+------------+------------------------------------------------------------------+

+--------------------------------------------------------------------------------------------------------------------------------------------+
; Data Required Path                                                                                                                         ;
+----------+---------+----+--------+--------+---------------------+------------+-------------------------------------------------------------+
; Total    ; Incr    ; RF ; Type   ; Fanout ; Location            ; HS/LP      ; Element                                                     ;
+----------+---------+----+--------+--------+---------------------+------------+-------------------------------------------------------------+
; 20.000   ; 20.000  ;    ;        ;        ;                     ;            ; latch edge time                                             ;
; 20.000   ; 0.000   ;    ; borrow ;        ;                     ;            ; time borrowed                                               ;
; 24.536   ; 4.536   ;    ;        ;        ;                     ;            ; clock path                                                  ;
;   20.000 ;   0.000 ;    ;        ;        ;                     ;            ; source latency                                              ;
;   20.000 ;   0.000 ;    ;        ; 1      ; PIN_AM10            ;            ; CLK_50                                                      ;
;   20.000 ;   0.000 ; RR ; IC     ; 1      ; IOIBUF_X148_Y16_N32 ;            ; CLK_50~input|i                                              ;
;   20.547 ;   0.547 ; RR ; CELL   ; 1      ; IOIBUF_X148_Y16_N32 ;            ; CLK_50~input|o                                              ;
;   20.676 ;   0.129 ; RR ; CELL   ; 1      ; IOIBUF_X148_Y16_N32 ;            ; CLK_50~input~io_48_lvds_tile_edge/ioclkin[0]                ;
;   20.676 ;   0.000 ; RR ; IC     ; 2      ; CLKCTRL_3A_G_I20    ;            ; CLK_50~inputCLKENA0|inclk                                   ;
;   21.116 ;   0.440 ; RR ; CELL   ; 181589 ; CLKCTRL_3A_G_I20    ;            ; CLK_50~inputCLKENA0|outclk                                  ;
;   24.284 ;   3.168 ; RR ; IC     ; 1      ; FF_X106_Y101_N58    ; High Speed ; System|npu_system_0|npu_system_13|avm_out_writedata[22]|clk ;
;   24.284 ;   0.000 ; RR ; CELL   ; 1      ; FF_X106_Y101_N58    ; High Speed ; System|npu_system_0|npu_system_13|avm_out_writedata[22]     ;
;   24.536 ;   0.252 ;    ;        ;        ;                     ;            ; clock pessimism removed                                     ;
; 24.506   ; -0.030  ;    ;        ;        ;                     ;            ; clock uncertainty                                           ;
; 24.774   ; 0.268   ;    ; uTsu   ; 1      ; FF_X106_Y101_N58    ;            ; System|npu_system_0|npu_system_13|avm_out_writedata[22]     ;
+----------+---------+----+--------+--------+---------------------+------------+-------------------------------------------------------------+



Path #3: Setup slack is 6.362 
===============================================================================
+-------------------------------------------------------------------------------------------+
; Path Summary                                                                              ;
+---------------------------------+---------------------------------------------------------+
; Property                        ; Value                                                   ;
+---------------------------------+---------------------------------------------------------+
; From Node                       ; System|npu_system_0|npu_system_13|w_row_idx[3]          ;
; To Node                         ; System|npu_system_0|npu_system_13|avm_out_writedata[22] ;
; Launch Clock                    ; CLK_50                                                  ;
; Latch Clock                     ; CLK_50                                                  ;
; SDC Exception                   ; No SDC Exception on Path                                ;
; Data Arrival Time               ; 18.412                                                  ;
; Data Required Time              ; 24.774                                                  ;
; Slack                           ; 6.362                                                   ;
; Worst-Case Operating Conditions ; Slow 900mV 100C Model                                   ;
+---------------------------------+---------------------------------------------------------+

+------------------------------------------------------------------------------------+
; Statistics                                                                         ;
+------------------------+--------+-------+-------------+------------+-------+-------+
; Property               ; Value  ; Count ; Total Delay ; % of Total ; Min   ; Max   ;
+------------------------+--------+-------+-------------+------------+-------+-------+
; Setup Relationship     ; 20.000 ;       ;             ;            ;       ;       ;
; Clock Skew             ; -0.137 ;       ;             ;            ;       ;       ;
; Data Delay             ; 13.739 ;       ;             ;            ;       ;       ;
; Number of Logic Levels ;        ; 6     ;             ;            ;       ;       ;
; Physical Delays        ;        ;       ;             ;            ;       ;       ;
;  Arrival Path          ;        ;       ;             ;            ;       ;       ;
;   Clock                ;        ;       ;             ;            ;       ;       ;
;    IC                  ;        ; 3     ; 3.449       ; 74         ; 0.000 ; 3.449 ;
;    Cell                ;        ; 4     ; 1.224       ; 26         ; 0.000 ; 0.547 ;
;   Data                 ;        ;       ;             ;            ;       ;       ;
;    IC                  ;        ; 6     ; 12.572      ; 92         ; 0.956 ; 3.351 ;
;    Cell                ;        ; 14    ; 0.950       ; 7          ; 0.000 ; 0.182 ;
;    uTco                ;        ; 1     ; 0.217       ; 2          ; 0.217 ; 0.217 ;
;  Required Path         ;        ;       ;             ;            ;       ;       ;
;   Clock                ;        ;       ;             ;            ;       ;       ;
;    IC                  ;        ; 3     ; 3.168       ; 74         ; 0.000 ; 3.168 ;
;    Cell                ;        ; 4     ; 1.116       ; 26         ; 0.000 ; 0.547 ;
+------------------------+--------+-------+-------------+------------+-------+-------+
Note: Negative delays are omitted from totals when calculating percentages

+---------------------------------------------------------------------------------------------------------------------------------------------------+
; Data Arrival Path                                                                                                                                 ;
+----------+---------+----+--------+--------+-----------------------+------------+------------------------------------------------------------------+
; Total    ; Incr    ; RF ; Type   ; Fanout ; Location              ; HS/LP      ; Element                                                          ;
+----------+---------+----+--------+--------+-----------------------+------------+------------------------------------------------------------------+
; 0.000    ; 0.000   ;    ;        ;        ;                       ;            ; launch edge time                                                 ;
; 0.000    ; 0.000   ;    ; borrow ;        ;                       ;            ; time borrowed                                                    ;
; 4.673    ; 4.673   ;    ;        ;        ;                       ;            ; clock path                                                       ;
;   0.000  ;   0.000 ;    ;        ;        ;                       ;            ; source latency                                                   ;
;   0.000  ;   0.000 ;    ;        ; 1      ; PIN_AM10              ;            ; CLK_50                                                           ;
;   0.000  ;   0.000 ; RR ; IC     ; 1      ; IOIBUF_X148_Y16_N32   ;            ; CLK_50~input|i                                                   ;
;   0.547  ;   0.547 ; RR ; CELL   ; 1      ; IOIBUF_X148_Y16_N32   ;            ; CLK_50~input|o                                                   ;
;   0.706  ;   0.159 ; RR ; CELL   ; 1      ; IOIBUF_X148_Y16_N32   ;            ; CLK_50~input~io_48_lvds_tile_edge/ioclkin[0]                     ;
;   0.706  ;   0.000 ; RR ; IC     ; 2      ; CLKCTRL_3A_G_I20      ;            ; CLK_50~inputCLKENA0|inclk                                        ;
;   1.224  ;   0.518 ; RR ; CELL   ; 181589 ; CLKCTRL_3A_G_I20      ;            ; CLK_50~inputCLKENA0|outclk                                       ;
;   4.673  ;   3.449 ; RR ; IC     ; 1      ; FF_X73_Y134_N40       ; High Speed ; System|npu_system_0|npu_system_13|w_row_idx[3]|clk               ;
;   4.673  ;   0.000 ; RR ; CELL   ; 1      ; FF_X73_Y134_N40       ; High Speed ; System|npu_system_0|npu_system_13|w_row_idx[3]                   ;
; 18.412   ; 13.739  ;    ;        ;        ;                       ;            ; data path                                                        ;
;   4.890  ;   0.217 ; FF ; uTco   ; 2      ; FF_X73_Y134_N40       ;            ; System|npu_system_0|npu_system_13|w_row_idx[3]|q                 ;
;   4.972  ;   0.082 ; FF ; CELL   ; 2923   ; FF_X73_Y134_N40       ; High Speed ; System|npu_system_0|npu_system_13|w_row_idx[3]~la_lab/laboutb[6] ;
;   7.793  ;   2.821 ; FF ; IC     ; 1      ; MLABCELL_X22_Y184_N0  ; Mixed      ; System|npu_system_0|npu_system_13|i70272~8314|datac              ;
;   7.975  ;   0.182 ; FF ; CELL   ; 1      ; MLABCELL_X22_Y184_N0  ; Low Power  ; System|npu_system_0|npu_system_13|i70272~8314|combout            ;
;   7.981  ;   0.006 ; FF ; CELL   ; 1      ; MLABCELL_X22_Y184_N0  ; Low Power  ; System|npu_system_0|npu_system_13|i70272~8314~la_mlab/laboutt[0] ;
;   8.937  ;   0.956 ; FF ; IC     ; 1      ; LABCELL_X18_Y176_N48  ; Mixed      ; System|npu_system_0|npu_system_13|i70272~8317|datac              ;
;   9.114  ;   0.177 ; FF ; CELL   ; 1      ; LABCELL_X18_Y176_N48  ; Low Power  ; System|npu_system_0|npu_system_13|i70272~8317|combout            ;
;   9.119  ;   0.005 ; FF ; CELL   ; 1      ; LABCELL_X18_Y176_N48  ; Low Power  ; System|npu_system_0|npu_system_13|i70272~8317~la_lab/laboutb[13] ;
;   10.483 ;   1.364 ; FF ; IC     ; 1      ; LABCELL_X37_Y173_N30  ; Mixed      ; System|npu_system_0|npu_system_13|i70272~8328|datac              ;
;   10.637 ;   0.154 ; FF ; CELL   ; 1      ; LABCELL_X37_Y173_N30  ; High Speed ; System|npu_system_0|npu_system_13|i70272~8328|combout            ;
;   10.641 ;   0.004 ; FF ; CELL   ; 1      ; LABCELL_X37_Y173_N30  ; High Speed ; System|npu_system_0|npu_system_13|i70272~8328~la_lab/laboutb[0]  ;
;   13.992 ;   3.351 ; FF ; IC     ; 1      ; LABCELL_X53_Y143_N36  ; Mixed      ; System|npu_system_0|npu_system_13|i70272~8371|datae              ;
;   14.124 ;   0.132 ; FF ; CELL   ; 1      ; LABCELL_X53_Y143_N36  ; Low Power  ; System|npu_system_0|npu_system_13|i70272~8371|combout            ;
;   14.129 ;   0.005 ; FF ; CELL   ; 1      ; LABCELL_X53_Y143_N36  ; Low Power  ; System|npu_system_0|npu_system_13|i70272~8371~la_lab/laboutb[5]  ;
;   16.367 ;   2.238 ; FF ; IC     ; 1      ; LABCELL_X53_Y101_N0   ; Mixed      ; System|npu_system_0|npu_system_13|i70272~8372|dataf              ;
;   16.414 ;   0.047 ; FF ; CELL   ; 1      ; LABCELL_X53_Y101_N0   ; Low Power  ; System|npu_system_0|npu_system_13|i70272~8372|combout            ;
;   16.418 ;   0.004 ; FF ; CELL   ; 1      ; LABCELL_X53_Y101_N0   ; Low Power  ; System|npu_system_0|npu_system_13|i70272~8372~la_lab/laboutt[0]  ;
;   18.260 ;   1.842 ; FF ; IC     ; 1      ; LABCELL_X106_Y101_N57 ; Mixed      ; System|npu_system_0|npu_system_13|i70272~8373|datad              ;
;   18.412 ;   0.152 ; FF ; CELL   ; 1      ; LABCELL_X106_Y101_N57 ; High Speed ; System|npu_system_0|npu_system_13|i70272~8373|combout            ;
;   18.412 ;   0.000 ; FF ; CELL   ; 1      ; FF_X106_Y101_N58      ; High Speed ; System|npu_system_0|npu_system_13|avm_out_writedata[22]|d        ;
;   18.412 ;   0.000 ; FF ; CELL   ; 1      ; FF_X106_Y101_N58      ; High Speed ; System|npu_system_0|npu_system_13|avm_out_writedata[22]          ;
+----------+---------+----+--------+--------+-----------------------+------------+------------------------------------------------------------------+

+--------------------------------------------------------------------------------------------------------------------------------------------+
; Data Required Path                                                                                                                         ;
+----------+---------+----+--------+--------+---------------------+------------+-------------------------------------------------------------+
; Total    ; Incr    ; RF ; Type   ; Fanout ; Location            ; HS/LP      ; Element                                                     ;
+----------+---------+----+--------+--------+---------------------+------------+-------------------------------------------------------------+
; 20.000   ; 20.000  ;    ;        ;        ;                     ;            ; latch edge time                                             ;
; 20.000   ; 0.000   ;    ; borrow ;        ;                     ;            ; time borrowed                                               ;
; 24.536   ; 4.536   ;    ;        ;        ;                     ;            ; clock path                                                  ;
;   20.000 ;   0.000 ;    ;        ;        ;                     ;            ; source latency                                              ;
;   20.000 ;   0.000 ;    ;        ; 1      ; PIN_AM10            ;            ; CLK_50                                                      ;
;   20.000 ;   0.000 ; RR ; IC     ; 1      ; IOIBUF_X148_Y16_N32 ;            ; CLK_50~input|i                                              ;
;   20.547 ;   0.547 ; RR ; CELL   ; 1      ; IOIBUF_X148_Y16_N32 ;            ; CLK_50~input|o                                              ;
;   20.676 ;   0.129 ; RR ; CELL   ; 1      ; IOIBUF_X148_Y16_N32 ;            ; CLK_50~input~io_48_lvds_tile_edge/ioclkin[0]                ;
;   20.676 ;   0.000 ; RR ; IC     ; 2      ; CLKCTRL_3A_G_I20    ;            ; CLK_50~inputCLKENA0|inclk                                   ;
;   21.116 ;   0.440 ; RR ; CELL   ; 181589 ; CLKCTRL_3A_G_I20    ;            ; CLK_50~inputCLKENA0|outclk                                  ;
;   24.284 ;   3.168 ; RR ; IC     ; 1      ; FF_X106_Y101_N58    ; High Speed ; System|npu_system_0|npu_system_13|avm_out_writedata[22]|clk ;
;   24.284 ;   0.000 ; RR ; CELL   ; 1      ; FF_X106_Y101_N58    ; High Speed ; System|npu_system_0|npu_system_13|avm_out_writedata[22]     ;
;   24.536 ;   0.252 ;    ;        ;        ;                     ;            ; clock pessimism removed                                     ;
; 24.506   ; -0.030  ;    ;        ;        ;                     ;            ; clock uncertainty                                           ;
; 24.774   ; 0.268   ;    ; uTsu   ; 1      ; FF_X106_Y101_N58    ;            ; System|npu_system_0|npu_system_13|avm_out_writedata[22]     ;
+----------+---------+----+--------+--------+---------------------+------------+-------------------------------------------------------------+



Path #4: Setup slack is 6.377 
===============================================================================
+------------------------------------------------------------------------------------------+
; Path Summary                                                                             ;
+---------------------------------+--------------------------------------------------------+
; Property                        ; Value                                                  ;
+---------------------------------+--------------------------------------------------------+
; From Node                       ; System|npu_system_0|npu_system_13|w_col_idx[0]         ;
; To Node                         ; System|npu_system_0|npu_system_13|avm_out_writedata[5] ;
; Launch Clock                    ; CLK_50                                                 ;
; Latch Clock                     ; CLK_50                                                 ;
; SDC Exception                   ; No SDC Exception on Path                               ;
; Data Arrival Time               ; 18.468                                                 ;
; Data Required Time              ; 24.845                                                 ;
; Slack                           ; 6.377                                                  ;
; Worst-Case Operating Conditions ; Slow 900mV 100C Model                                  ;
+---------------------------------+--------------------------------------------------------+

+------------------------------------------------------------------------------------+
; Statistics                                                                         ;
+------------------------+--------+-------+-------------+------------+-------+-------+
; Property               ; Value  ; Count ; Total Delay ; % of Total ; Min   ; Max   ;
+------------------------+--------+-------+-------------+------------+-------+-------+
; Setup Relationship     ; 20.000 ;       ;             ;            ;       ;       ;
; Clock Skew             ; -0.111 ;       ;             ;            ;       ;       ;
; Data Delay             ; 13.783 ;       ;             ;            ;       ;       ;
; Number of Logic Levels ;        ; 6     ;             ;            ;       ;       ;
; Physical Delays        ;        ;       ;             ;            ;       ;       ;
;  Arrival Path          ;        ;       ;             ;            ;       ;       ;
;   Clock                ;        ;       ;             ;            ;       ;       ;
;    IC                  ;        ; 3     ; 3.461       ; 74         ; 0.000 ; 3.461 ;
;    Cell                ;        ; 4     ; 1.224       ; 26         ; 0.000 ; 0.547 ;
;   Data                 ;        ;       ;             ;            ;       ;       ;
;    IC                  ;        ; 6     ; 12.371      ; 90         ; 0.268 ; 3.978 ;
;    Cell                ;        ; 14    ; 1.197       ; 9          ; 0.000 ; 0.258 ;
;    uTco                ;        ; 1     ; 0.215       ; 2          ; 0.215 ; 0.215 ;
;  Required Path         ;        ;       ;             ;            ;       ;       ;
;   Clock                ;        ;       ;             ;            ;       ;       ;
;    IC                  ;        ; 3     ; 3.206       ; 74         ; 0.000 ; 3.206 ;
;    Cell                ;        ; 4     ; 1.116       ; 26         ; 0.000 ; 0.547 ;
+------------------------+--------+-------+-------------+------------+-------+-------+
Note: Negative delays are omitted from totals when calculating percentages

+----------------------------------------------------------------------------------------------------------------------------------------------------+
; Data Arrival Path                                                                                                                                  ;
+----------+---------+----+--------+--------+-----------------------+------------+-------------------------------------------------------------------+
; Total    ; Incr    ; RF ; Type   ; Fanout ; Location              ; HS/LP      ; Element                                                           ;
+----------+---------+----+--------+--------+-----------------------+------------+-------------------------------------------------------------------+
; 0.000    ; 0.000   ;    ;        ;        ;                       ;            ; launch edge time                                                  ;
; 0.000    ; 0.000   ;    ; borrow ;        ;                       ;            ; time borrowed                                                     ;
; 4.685    ; 4.685   ;    ;        ;        ;                       ;            ; clock path                                                        ;
;   0.000  ;   0.000 ;    ;        ;        ;                       ;            ; source latency                                                    ;
;   0.000  ;   0.000 ;    ;        ; 1      ; PIN_AM10              ;            ; CLK_50                                                            ;
;   0.000  ;   0.000 ; RR ; IC     ; 1      ; IOIBUF_X148_Y16_N32   ;            ; CLK_50~input|i                                                    ;
;   0.547  ;   0.547 ; RR ; CELL   ; 1      ; IOIBUF_X148_Y16_N32   ;            ; CLK_50~input|o                                                    ;
;   0.706  ;   0.159 ; RR ; CELL   ; 1      ; IOIBUF_X148_Y16_N32   ;            ; CLK_50~input~io_48_lvds_tile_edge/ioclkin[0]                      ;
;   0.706  ;   0.000 ; RR ; IC     ; 2      ; CLKCTRL_3A_G_I20      ;            ; CLK_50~inputCLKENA0|inclk                                         ;
;   1.224  ;   0.518 ; RR ; CELL   ; 181589 ; CLKCTRL_3A_G_I20      ;            ; CLK_50~inputCLKENA0|outclk                                        ;
;   4.685  ;   3.461 ; RR ; IC     ; 1      ; FF_X93_Y125_N55       ; High Speed ; System|npu_system_0|npu_system_13|w_col_idx[0]|clk                ;
;   4.685  ;   0.000 ; RR ; CELL   ; 1      ; FF_X93_Y125_N55       ; High Speed ; System|npu_system_0|npu_system_13|w_col_idx[0]                    ;
; 18.468   ; 13.783  ;    ;        ;        ;                       ;            ; data path                                                         ;
;   4.900  ;   0.215 ; FF ; uTco   ; 2      ; FF_X93_Y125_N55       ;            ; System|npu_system_0|npu_system_13|w_col_idx[0]|q                  ;
;   5.020  ;   0.120 ; FF ; CELL   ; 2918   ; FF_X93_Y125_N55       ; High Speed ; System|npu_system_0|npu_system_13|w_col_idx[0]~la_lab/laboutb[16] ;
;   8.998  ;   3.978 ; FF ; IC     ; 1      ; LABCELL_X37_Y190_N6   ; Mixed      ; System|npu_system_0|npu_system_13|i70272~2499|datad               ;
;   9.164  ;   0.166 ; FF ; CELL   ; 1      ; LABCELL_X37_Y190_N6   ; Low Power  ; System|npu_system_0|npu_system_13|i70272~2499|combout             ;
;   9.169  ;   0.005 ; FF ; CELL   ; 1      ; LABCELL_X37_Y190_N6   ; Low Power  ; System|npu_system_0|npu_system_13|i70272~2499~la_lab/laboutt[5]   ;
;   9.437  ;   0.268 ; FF ; IC     ; 1      ; LABCELL_X35_Y190_N54  ; Low Power  ; System|npu_system_0|npu_system_13|i70272~2503|datab               ;
;   9.695  ;   0.258 ; FF ; CELL   ; 1      ; LABCELL_X35_Y190_N54  ; Low Power  ; System|npu_system_0|npu_system_13|i70272~2503|combout             ;
;   9.699  ;   0.004 ; FF ; CELL   ; 1      ; LABCELL_X35_Y190_N54  ; Low Power  ; System|npu_system_0|npu_system_13|i70272~2503~la_lab/laboutb[16]  ;
;   10.778 ;   1.079 ; FF ; IC     ; 1      ; LABCELL_X30_Y178_N24  ; Mixed      ; System|npu_system_0|npu_system_13|i70272~2504|datad               ;
;   10.944 ;   0.166 ; FF ; CELL   ; 1      ; LABCELL_X30_Y178_N24  ; Low Power  ; System|npu_system_0|npu_system_13|i70272~2504|combout             ;
;   10.948 ;   0.004 ; FF ; CELL   ; 1      ; LABCELL_X30_Y178_N24  ; Low Power  ; System|npu_system_0|npu_system_13|i70272~2504~la_lab/laboutt[16]  ;
;   13.779 ;   2.831 ; FF ; IC     ; 1      ; LABCELL_X43_Y146_N54  ; Mixed      ; System|npu_system_0|npu_system_13|i70272~2547|datae               ;
;   13.893 ;   0.114 ; FF ; CELL   ; 1      ; LABCELL_X43_Y146_N54  ; High Speed ; System|npu_system_0|npu_system_13|i70272~2547|combout             ;
;   13.897 ;   0.004 ; FF ; CELL   ; 1      ; LABCELL_X43_Y146_N54  ; High Speed ; System|npu_system_0|npu_system_13|i70272~2547~la_lab/laboutb[16]  ;
;   15.786 ;   1.889 ; FF ; IC     ; 1      ; MLABCELL_X49_Y104_N6  ; Mixed      ; System|npu_system_0|npu_system_13|i70272~2548|datac               ;
;   15.961 ;   0.175 ; FF ; CELL   ; 1      ; MLABCELL_X49_Y104_N6  ; Low Power  ; System|npu_system_0|npu_system_13|i70272~2548|combout             ;
;   15.967 ;   0.006 ; FF ; CELL   ; 1      ; MLABCELL_X49_Y104_N6  ; Low Power  ; System|npu_system_0|npu_system_13|i70272~2548~la_mlab/laboutt[4]  ;
;   18.293 ;   2.326 ; FF ; IC     ; 1      ; LABCELL_X106_Y104_N27 ; Mixed      ; System|npu_system_0|npu_system_13|i70272~2549|datad               ;
;   18.468 ;   0.175 ; FF ; CELL   ; 1      ; LABCELL_X106_Y104_N27 ; Low Power  ; System|npu_system_0|npu_system_13|i70272~2549|combout             ;
;   18.468 ;   0.000 ; FF ; CELL   ; 1      ; FF_X106_Y104_N28      ; Low Power  ; System|npu_system_0|npu_system_13|avm_out_writedata[5]|d          ;
;   18.468 ;   0.000 ; FF ; CELL   ; 1      ; FF_X106_Y104_N28      ; Low Power  ; System|npu_system_0|npu_system_13|avm_out_writedata[5]            ;
+----------+---------+----+--------+--------+-----------------------+------------+-------------------------------------------------------------------+

+------------------------------------------------------------------------------------------------------------------------------------------+
; Data Required Path                                                                                                                       ;
+----------+---------+----+--------+--------+---------------------+-----------+------------------------------------------------------------+
; Total    ; Incr    ; RF ; Type   ; Fanout ; Location            ; HS/LP     ; Element                                                    ;
+----------+---------+----+--------+--------+---------------------+-----------+------------------------------------------------------------+
; 20.000   ; 20.000  ;    ;        ;        ;                     ;           ; latch edge time                                            ;
; 20.000   ; 0.000   ;    ; borrow ;        ;                     ;           ; time borrowed                                              ;
; 24.574   ; 4.574   ;    ;        ;        ;                     ;           ; clock path                                                 ;
;   20.000 ;   0.000 ;    ;        ;        ;                     ;           ; source latency                                             ;
;   20.000 ;   0.000 ;    ;        ; 1      ; PIN_AM10            ;           ; CLK_50                                                     ;
;   20.000 ;   0.000 ; RR ; IC     ; 1      ; IOIBUF_X148_Y16_N32 ;           ; CLK_50~input|i                                             ;
;   20.547 ;   0.547 ; RR ; CELL   ; 1      ; IOIBUF_X148_Y16_N32 ;           ; CLK_50~input|o                                             ;
;   20.676 ;   0.129 ; RR ; CELL   ; 1      ; IOIBUF_X148_Y16_N32 ;           ; CLK_50~input~io_48_lvds_tile_edge/ioclkin[0]               ;
;   20.676 ;   0.000 ; RR ; IC     ; 2      ; CLKCTRL_3A_G_I20    ;           ; CLK_50~inputCLKENA0|inclk                                  ;
;   21.116 ;   0.440 ; RR ; CELL   ; 181589 ; CLKCTRL_3A_G_I20    ;           ; CLK_50~inputCLKENA0|outclk                                 ;
;   24.322 ;   3.206 ; RR ; IC     ; 1      ; FF_X106_Y104_N28    ; Low Power ; System|npu_system_0|npu_system_13|avm_out_writedata[5]|clk ;
;   24.322 ;   0.000 ; RR ; CELL   ; 1      ; FF_X106_Y104_N28    ; Low Power ; System|npu_system_0|npu_system_13|avm_out_writedata[5]     ;
;   24.574 ;   0.252 ;    ;        ;        ;                     ;           ; clock pessimism removed                                    ;
; 24.544   ; -0.030  ;    ;        ;        ;                     ;           ; clock uncertainty                                          ;
; 24.845   ; 0.301   ;    ; uTsu   ; 1      ; FF_X106_Y104_N28    ;           ; System|npu_system_0|npu_system_13|avm_out_writedata[5]     ;
+----------+---------+----+--------+--------+---------------------+-----------+------------------------------------------------------------+



Path #5: Setup slack is 6.440 
===============================================================================
+------------------------------------------------------------------------------------------+
; Path Summary                                                                             ;
+---------------------------------+--------------------------------------------------------+
; Property                        ; Value                                                  ;
+---------------------------------+--------------------------------------------------------+
; From Node                       ; System|npu_system_0|npu_system_13|w_col_idx[0]         ;
; To Node                         ; System|npu_system_0|npu_system_13|avm_out_writedata[5] ;
; Launch Clock                    ; CLK_50                                                 ;
; Latch Clock                     ; CLK_50                                                 ;
; SDC Exception                   ; No SDC Exception on Path                               ;
; Data Arrival Time               ; 18.405                                                 ;
; Data Required Time              ; 24.845                                                 ;
; Slack                           ; 6.440                                                  ;
; Worst-Case Operating Conditions ; Slow 900mV 100C Model                                  ;
+---------------------------------+--------------------------------------------------------+

+------------------------------------------------------------------------------------+
; Statistics                                                                         ;
+------------------------+--------+-------+-------------+------------+-------+-------+
; Property               ; Value  ; Count ; Total Delay ; % of Total ; Min   ; Max   ;
+------------------------+--------+-------+-------------+------------+-------+-------+
; Setup Relationship     ; 20.000 ;       ;             ;            ;       ;       ;
; Clock Skew             ; -0.111 ;       ;             ;            ;       ;       ;
; Data Delay             ; 13.720 ;       ;             ;            ;       ;       ;
; Number of Logic Levels ;        ; 6     ;             ;            ;       ;       ;
; Physical Delays        ;        ;       ;             ;            ;       ;       ;
;  Arrival Path          ;        ;       ;             ;            ;       ;       ;
;   Clock                ;        ;       ;             ;            ;       ;       ;
;    IC                  ;        ; 3     ; 3.461       ; 74         ; 0.000 ; 3.461 ;
;    Cell                ;        ; 4     ; 1.224       ; 26         ; 0.000 ; 0.547 ;
;   Data                 ;        ;       ;             ;            ;       ;       ;
;    IC                  ;        ; 6     ; 12.453      ; 91         ; 0.160 ; 4.168 ;
;    Cell                ;        ; 14    ; 1.052       ; 8          ; 0.000 ; 0.175 ;
;    uTco                ;        ; 1     ; 0.215       ; 2          ; 0.215 ; 0.215 ;
;  Required Path         ;        ;       ;             ;            ;       ;       ;
;   Clock                ;        ;       ;             ;            ;       ;       ;
;    IC                  ;        ; 3     ; 3.206       ; 74         ; 0.000 ; 3.206 ;
;    Cell                ;        ; 4     ; 1.116       ; 26         ; 0.000 ; 0.547 ;
+------------------------+--------+-------+-------------+------------+-------+-------+
Note: Negative delays are omitted from totals when calculating percentages

+----------------------------------------------------------------------------------------------------------------------------------------------------+
; Data Arrival Path                                                                                                                                  ;
+----------+---------+----+--------+--------+-----------------------+------------+-------------------------------------------------------------------+
; Total    ; Incr    ; RF ; Type   ; Fanout ; Location              ; HS/LP      ; Element                                                           ;
+----------+---------+----+--------+--------+-----------------------+------------+-------------------------------------------------------------------+
; 0.000    ; 0.000   ;    ;        ;        ;                       ;            ; launch edge time                                                  ;
; 0.000    ; 0.000   ;    ; borrow ;        ;                       ;            ; time borrowed                                                     ;
; 4.685    ; 4.685   ;    ;        ;        ;                       ;            ; clock path                                                        ;
;   0.000  ;   0.000 ;    ;        ;        ;                       ;            ; source latency                                                    ;
;   0.000  ;   0.000 ;    ;        ; 1      ; PIN_AM10              ;            ; CLK_50                                                            ;
;   0.000  ;   0.000 ; RR ; IC     ; 1      ; IOIBUF_X148_Y16_N32   ;            ; CLK_50~input|i                                                    ;
;   0.547  ;   0.547 ; RR ; CELL   ; 1      ; IOIBUF_X148_Y16_N32   ;            ; CLK_50~input|o                                                    ;
;   0.706  ;   0.159 ; RR ; CELL   ; 1      ; IOIBUF_X148_Y16_N32   ;            ; CLK_50~input~io_48_lvds_tile_edge/ioclkin[0]                      ;
;   0.706  ;   0.000 ; RR ; IC     ; 2      ; CLKCTRL_3A_G_I20      ;            ; CLK_50~inputCLKENA0|inclk                                         ;
;   1.224  ;   0.518 ; RR ; CELL   ; 181589 ; CLKCTRL_3A_G_I20      ;            ; CLK_50~inputCLKENA0|outclk                                        ;
;   4.685  ;   3.461 ; RR ; IC     ; 1      ; FF_X93_Y125_N55       ; High Speed ; System|npu_system_0|npu_system_13|w_col_idx[0]|clk                ;
;   4.685  ;   0.000 ; RR ; CELL   ; 1      ; FF_X93_Y125_N55       ; High Speed ; System|npu_system_0|npu_system_13|w_col_idx[0]                    ;
; 18.405   ; 13.720  ;    ;        ;        ;                       ;            ; data path                                                         ;
;   4.900  ;   0.215 ; FF ; uTco   ; 2      ; FF_X93_Y125_N55       ;            ; System|npu_system_0|npu_system_13|w_col_idx[0]|q                  ;
;   5.020  ;   0.120 ; FF ; CELL   ; 2918   ; FF_X93_Y125_N55       ; High Speed ; System|npu_system_0|npu_system_13|w_col_idx[0]~la_lab/laboutb[16] ;
;   9.188  ;   4.168 ; FF ; IC     ; 1      ; LABCELL_X34_Y190_N33  ; Mixed      ; System|npu_system_0|npu_system_13|i70272~2502|datac               ;
;   9.337  ;   0.149 ; FF ; CELL   ; 1      ; LABCELL_X34_Y190_N33  ; High Speed ; System|npu_system_0|npu_system_13|i70272~2502|combout             ;
;   9.341  ;   0.004 ; FF ; CELL   ; 1      ; LABCELL_X34_Y190_N33  ; High Speed ; System|npu_system_0|npu_system_13|i70272~2502~la_lab/laboutb[2]   ;
;   9.501  ;   0.160 ; FF ; IC     ; 1      ; LABCELL_X35_Y190_N54  ; Mixed      ; System|npu_system_0|npu_system_13|i70272~2503|datae               ;
;   9.632  ;   0.131 ; FF ; CELL   ; 1      ; LABCELL_X35_Y190_N54  ; Low Power  ; System|npu_system_0|npu_system_13|i70272~2503|combout             ;
;   9.636  ;   0.004 ; FF ; CELL   ; 1      ; LABCELL_X35_Y190_N54  ; Low Power  ; System|npu_system_0|npu_system_13|i70272~2503~la_lab/laboutb[16]  ;
;   10.715 ;   1.079 ; FF ; IC     ; 1      ; LABCELL_X30_Y178_N24  ; Mixed      ; System|npu_system_0|npu_system_13|i70272~2504|datad               ;
;   10.881 ;   0.166 ; FF ; CELL   ; 1      ; LABCELL_X30_Y178_N24  ; Low Power  ; System|npu_system_0|npu_system_13|i70272~2504|combout             ;
;   10.885 ;   0.004 ; FF ; CELL   ; 1      ; LABCELL_X30_Y178_N24  ; Low Power  ; System|npu_system_0|npu_system_13|i70272~2504~la_lab/laboutt[16]  ;
;   13.716 ;   2.831 ; FF ; IC     ; 1      ; LABCELL_X43_Y146_N54  ; Mixed      ; System|npu_system_0|npu_system_13|i70272~2547|datae               ;
;   13.830 ;   0.114 ; FF ; CELL   ; 1      ; LABCELL_X43_Y146_N54  ; High Speed ; System|npu_system_0|npu_system_13|i70272~2547|combout             ;
;   13.834 ;   0.004 ; FF ; CELL   ; 1      ; LABCELL_X43_Y146_N54  ; High Speed ; System|npu_system_0|npu_system_13|i70272~2547~la_lab/laboutb[16]  ;
;   15.723 ;   1.889 ; FF ; IC     ; 1      ; MLABCELL_X49_Y104_N6  ; Mixed      ; System|npu_system_0|npu_system_13|i70272~2548|datac               ;
;   15.898 ;   0.175 ; FF ; CELL   ; 1      ; MLABCELL_X49_Y104_N6  ; Low Power  ; System|npu_system_0|npu_system_13|i70272~2548|combout             ;
;   15.904 ;   0.006 ; FF ; CELL   ; 1      ; MLABCELL_X49_Y104_N6  ; Low Power  ; System|npu_system_0|npu_system_13|i70272~2548~la_mlab/laboutt[4]  ;
;   18.230 ;   2.326 ; FF ; IC     ; 1      ; LABCELL_X106_Y104_N27 ; Mixed      ; System|npu_system_0|npu_system_13|i70272~2549|datad               ;
;   18.405 ;   0.175 ; FF ; CELL   ; 1      ; LABCELL_X106_Y104_N27 ; Low Power  ; System|npu_system_0|npu_system_13|i70272~2549|combout             ;
;   18.405 ;   0.000 ; FF ; CELL   ; 1      ; FF_X106_Y104_N28      ; Low Power  ; System|npu_system_0|npu_system_13|avm_out_writedata[5]|d          ;
;   18.405 ;   0.000 ; FF ; CELL   ; 1      ; FF_X106_Y104_N28      ; Low Power  ; System|npu_system_0|npu_system_13|avm_out_writedata[5]            ;
+----------+---------+----+--------+--------+-----------------------+------------+-------------------------------------------------------------------+

+------------------------------------------------------------------------------------------------------------------------------------------+
; Data Required Path                                                                                                                       ;
+----------+---------+----+--------+--------+---------------------+-----------+------------------------------------------------------------+
; Total    ; Incr    ; RF ; Type   ; Fanout ; Location            ; HS/LP     ; Element                                                    ;
+----------+---------+----+--------+--------+---------------------+-----------+------------------------------------------------------------+
; 20.000   ; 20.000  ;    ;        ;        ;                     ;           ; latch edge time                                            ;
; 20.000   ; 0.000   ;    ; borrow ;        ;                     ;           ; time borrowed                                              ;
; 24.574   ; 4.574   ;    ;        ;        ;                     ;           ; clock path                                                 ;
;   20.000 ;   0.000 ;    ;        ;        ;                     ;           ; source latency                                             ;
;   20.000 ;   0.000 ;    ;        ; 1      ; PIN_AM10            ;           ; CLK_50                                                     ;
;   20.000 ;   0.000 ; RR ; IC     ; 1      ; IOIBUF_X148_Y16_N32 ;           ; CLK_50~input|i                                             ;
;   20.547 ;   0.547 ; RR ; CELL   ; 1      ; IOIBUF_X148_Y16_N32 ;           ; CLK_50~input|o                                             ;
;   20.676 ;   0.129 ; RR ; CELL   ; 1      ; IOIBUF_X148_Y16_N32 ;           ; CLK_50~input~io_48_lvds_tile_edge/ioclkin[0]               ;
;   20.676 ;   0.000 ; RR ; IC     ; 2      ; CLKCTRL_3A_G_I20    ;           ; CLK_50~inputCLKENA0|inclk                                  ;
;   21.116 ;   0.440 ; RR ; CELL   ; 181589 ; CLKCTRL_3A_G_I20    ;           ; CLK_50~inputCLKENA0|outclk                                 ;
;   24.322 ;   3.206 ; RR ; IC     ; 1      ; FF_X106_Y104_N28    ; Low Power ; System|npu_system_0|npu_system_13|avm_out_writedata[5]|clk ;
;   24.322 ;   0.000 ; RR ; CELL   ; 1      ; FF_X106_Y104_N28    ; Low Power ; System|npu_system_0|npu_system_13|avm_out_writedata[5]     ;
;   24.574 ;   0.252 ;    ;        ;        ;                     ;           ; clock pessimism removed                                    ;
; 24.544   ; -0.030  ;    ;        ;        ;                     ;           ; clock uncertainty                                          ;
; 24.845   ; 0.301   ;    ; uTsu   ; 1      ; FF_X106_Y104_N28    ;           ; System|npu_system_0|npu_system_13|avm_out_writedata[5]     ;
+----------+---------+----+--------+--------+---------------------+-----------+------------------------------------------------------------+



Path #6: Setup slack is 6.527 
===============================================================================
+------------------------------------------------------------------------------------------+
; Path Summary                                                                             ;
+---------------------------------+--------------------------------------------------------+
; Property                        ; Value                                                  ;
+---------------------------------+--------------------------------------------------------+
; From Node                       ; System|npu_system_0|npu_system_13|w_col_idx[0]         ;
; To Node                         ; System|npu_system_0|npu_system_13|avm_out_writedata[3] ;
; Launch Clock                    ; CLK_50                                                 ;
; Latch Clock                     ; CLK_50                                                 ;
; SDC Exception                   ; No SDC Exception on Path                               ;
; Data Arrival Time               ; 18.317                                                 ;
; Data Required Time              ; 24.844                                                 ;
; Slack                           ; 6.527                                                  ;
; Worst-Case Operating Conditions ; Slow 900mV 100C Model                                  ;
+---------------------------------+--------------------------------------------------------+

+------------------------------------------------------------------------------------+
; Statistics                                                                         ;
+------------------------+--------+-------+-------------+------------+-------+-------+
; Property               ; Value  ; Count ; Total Delay ; % of Total ; Min   ; Max   ;
+------------------------+--------+-------+-------------+------------+-------+-------+
; Setup Relationship     ; 20.000 ;       ;             ;            ;       ;       ;
; Clock Skew             ; -0.111 ;       ;             ;            ;       ;       ;
; Data Delay             ; 13.632 ;       ;             ;            ;       ;       ;
; Number of Logic Levels ;        ; 5     ;             ;            ;       ;       ;
; Physical Delays        ;        ;       ;             ;            ;       ;       ;
;  Arrival Path          ;        ;       ;             ;            ;       ;       ;
;   Clock                ;        ;       ;             ;            ;       ;       ;
;    IC                  ;        ; 3     ; 3.461       ; 74         ; 0.000 ; 3.461 ;
;    Cell                ;        ; 4     ; 1.224       ; 26         ; 0.000 ; 0.547 ;
;   Data                 ;        ;       ;             ;            ;       ;       ;
;    IC                  ;        ; 5     ; 12.587      ; 92         ; 1.009 ; 4.166 ;
;    Cell                ;        ; 12    ; 0.830       ; 6          ; 0.000 ; 0.176 ;
;    uTco                ;        ; 1     ; 0.215       ; 2          ; 0.215 ; 0.215 ;
;  Required Path         ;        ;       ;             ;            ;       ;       ;
;   Clock                ;        ;       ;             ;            ;       ;       ;
;    IC                  ;        ; 3     ; 3.206       ; 74         ; 0.000 ; 3.206 ;
;    Cell                ;        ; 4     ; 1.116       ; 26         ; 0.000 ; 0.547 ;
+------------------------+--------+-------+-------------+------------+-------+-------+
Note: Negative delays are omitted from totals when calculating percentages

+----------------------------------------------------------------------------------------------------------------------------------------------------+
; Data Arrival Path                                                                                                                                  ;
+----------+---------+----+--------+--------+-----------------------+------------+-------------------------------------------------------------------+
; Total    ; Incr    ; RF ; Type   ; Fanout ; Location              ; HS/LP      ; Element                                                           ;
+----------+---------+----+--------+--------+-----------------------+------------+-------------------------------------------------------------------+
; 0.000    ; 0.000   ;    ;        ;        ;                       ;            ; launch edge time                                                  ;
; 0.000    ; 0.000   ;    ; borrow ;        ;                       ;            ; time borrowed                                                     ;
; 4.685    ; 4.685   ;    ;        ;        ;                       ;            ; clock path                                                        ;
;   0.000  ;   0.000 ;    ;        ;        ;                       ;            ; source latency                                                    ;
;   0.000  ;   0.000 ;    ;        ; 1      ; PIN_AM10              ;            ; CLK_50                                                            ;
;   0.000  ;   0.000 ; RR ; IC     ; 1      ; IOIBUF_X148_Y16_N32   ;            ; CLK_50~input|i                                                    ;
;   0.547  ;   0.547 ; RR ; CELL   ; 1      ; IOIBUF_X148_Y16_N32   ;            ; CLK_50~input|o                                                    ;
;   0.706  ;   0.159 ; RR ; CELL   ; 1      ; IOIBUF_X148_Y16_N32   ;            ; CLK_50~input~io_48_lvds_tile_edge/ioclkin[0]                      ;
;   0.706  ;   0.000 ; RR ; IC     ; 2      ; CLKCTRL_3A_G_I20      ;            ; CLK_50~inputCLKENA0|inclk                                         ;
;   1.224  ;   0.518 ; RR ; CELL   ; 181589 ; CLKCTRL_3A_G_I20      ;            ; CLK_50~inputCLKENA0|outclk                                        ;
;   4.685  ;   3.461 ; RR ; IC     ; 1      ; FF_X93_Y125_N55       ; High Speed ; System|npu_system_0|npu_system_13|w_col_idx[0]|clk                ;
;   4.685  ;   0.000 ; RR ; CELL   ; 1      ; FF_X93_Y125_N55       ; High Speed ; System|npu_system_0|npu_system_13|w_col_idx[0]                    ;
; 18.317   ; 13.632  ;    ;        ;        ;                       ;            ; data path                                                         ;
;   4.900  ;   0.215 ; FF ; uTco   ; 2      ; FF_X93_Y125_N55       ;            ; System|npu_system_0|npu_system_13|w_col_idx[0]|q                  ;
;   5.020  ;   0.120 ; FF ; CELL   ; 2918   ; FF_X93_Y125_N55       ; High Speed ; System|npu_system_0|npu_system_13|w_col_idx[0]~la_lab/laboutb[16] ;
;   9.186  ;   4.166 ; FF ; IC     ; 1      ; LABCELL_X34_Y190_N42  ; Mixed      ; System|npu_system_0|npu_system_13|i70272~3231|datad               ;
;   9.334  ;   0.148 ; FF ; CELL   ; 1      ; LABCELL_X34_Y190_N42  ; High Speed ; System|npu_system_0|npu_system_13|i70272~3231|combout             ;
;   9.339  ;   0.005 ; FF ; CELL   ; 1      ; LABCELL_X34_Y190_N42  ; High Speed ; System|npu_system_0|npu_system_13|i70272~3231~la_lab/laboutb[9]   ;
;   10.348 ;   1.009 ; FF ; IC     ; 1      ; LABCELL_X31_Y174_N42  ; Mixed      ; System|npu_system_0|npu_system_13|i70272~3232|datad               ;
;   10.515 ;   0.167 ; FF ; CELL   ; 1      ; LABCELL_X31_Y174_N42  ; Low Power  ; System|npu_system_0|npu_system_13|i70272~3232|combout             ;
;   10.519 ;   0.004 ; FF ; CELL   ; 1      ; LABCELL_X31_Y174_N42  ; Low Power  ; System|npu_system_0|npu_system_13|i70272~3232~la_lab/laboutb[8]   ;
;   12.280 ;   1.761 ; FF ; IC     ; 1      ; MLABCELL_X49_Y146_N30 ; Mixed      ; System|npu_system_0|npu_system_13|i70272~3275|datac               ;
;   12.432 ;   0.152 ; FF ; CELL   ; 1      ; MLABCELL_X49_Y146_N30 ; High Speed ; System|npu_system_0|npu_system_13|i70272~3275|combout             ;
;   12.438 ;   0.006 ; FF ; CELL   ; 1      ; MLABCELL_X49_Y146_N30 ; High Speed ; System|npu_system_0|npu_system_13|i70272~3275~la_mlab/laboutb[1]  ;
;   15.871 ;   3.433 ; FF ; IC     ; 1      ; MLABCELL_X49_Y104_N27 ; Mixed      ; System|npu_system_0|npu_system_13|i70272~3276|dataf               ;
;   15.917 ;   0.046 ; FF ; CELL   ; 1      ; MLABCELL_X49_Y104_N27 ; Low Power  ; System|npu_system_0|npu_system_13|i70272~3276|combout             ;
;   15.923 ;   0.006 ; FF ; CELL   ; 1      ; MLABCELL_X49_Y104_N27 ; Low Power  ; System|npu_system_0|npu_system_13|i70272~3276~la_mlab/laboutt[19] ;
;   18.141 ;   2.218 ; FF ; IC     ; 1      ; LABCELL_X106_Y104_N54 ; Mixed      ; System|npu_system_0|npu_system_13|i70272~3277|datac               ;
;   18.317 ;   0.176 ; FF ; CELL   ; 1      ; LABCELL_X106_Y104_N54 ; Low Power  ; System|npu_system_0|npu_system_13|i70272~3277|combout             ;
;   18.317 ;   0.000 ; FF ; CELL   ; 1      ; FF_X106_Y104_N55      ; Low Power  ; System|npu_system_0|npu_system_13|avm_out_writedata[3]|d          ;
;   18.317 ;   0.000 ; FF ; CELL   ; 1      ; FF_X106_Y104_N55      ; Low Power  ; System|npu_system_0|npu_system_13|avm_out_writedata[3]            ;
+----------+---------+----+--------+--------+-----------------------+------------+-------------------------------------------------------------------+

+------------------------------------------------------------------------------------------------------------------------------------------+
; Data Required Path                                                                                                                       ;
+----------+---------+----+--------+--------+---------------------+-----------+------------------------------------------------------------+
; Total    ; Incr    ; RF ; Type   ; Fanout ; Location            ; HS/LP     ; Element                                                    ;
+----------+---------+----+--------+--------+---------------------+-----------+------------------------------------------------------------+
; 20.000   ; 20.000  ;    ;        ;        ;                     ;           ; latch edge time                                            ;
; 20.000   ; 0.000   ;    ; borrow ;        ;                     ;           ; time borrowed                                              ;
; 24.574   ; 4.574   ;    ;        ;        ;                     ;           ; clock path                                                 ;
;   20.000 ;   0.000 ;    ;        ;        ;                     ;           ; source latency                                             ;
;   20.000 ;   0.000 ;    ;        ; 1      ; PIN_AM10            ;           ; CLK_50                                                     ;
;   20.000 ;   0.000 ; RR ; IC     ; 1      ; IOIBUF_X148_Y16_N32 ;           ; CLK_50~input|i                                             ;
;   20.547 ;   0.547 ; RR ; CELL   ; 1      ; IOIBUF_X148_Y16_N32 ;           ; CLK_50~input|o                                             ;
;   20.676 ;   0.129 ; RR ; CELL   ; 1      ; IOIBUF_X148_Y16_N32 ;           ; CLK_50~input~io_48_lvds_tile_edge/ioclkin[0]               ;
;   20.676 ;   0.000 ; RR ; IC     ; 2      ; CLKCTRL_3A_G_I20    ;           ; CLK_50~inputCLKENA0|inclk                                  ;
;   21.116 ;   0.440 ; RR ; CELL   ; 181589 ; CLKCTRL_3A_G_I20    ;           ; CLK_50~inputCLKENA0|outclk                                 ;
;   24.322 ;   3.206 ; RR ; IC     ; 1      ; FF_X106_Y104_N55    ; Low Power ; System|npu_system_0|npu_system_13|avm_out_writedata[3]|clk ;
;   24.322 ;   0.000 ; RR ; CELL   ; 1      ; FF_X106_Y104_N55    ; Low Power ; System|npu_system_0|npu_system_13|avm_out_writedata[3]     ;
;   24.574 ;   0.252 ;    ;        ;        ;                     ;           ; clock pessimism removed                                    ;
; 24.544   ; -0.030  ;    ;        ;        ;                     ;           ; clock uncertainty                                          ;
; 24.844   ; 0.300   ;    ; uTsu   ; 1      ; FF_X106_Y104_N55    ;           ; System|npu_system_0|npu_system_13|avm_out_writedata[3]     ;
+----------+---------+----+--------+--------+---------------------+-----------+------------------------------------------------------------+



Path #7: Setup slack is 6.620 
===============================================================================
+-------------------------------------------------------------------------------------------+
; Path Summary                                                                              ;
+---------------------------------+---------------------------------------------------------+
; Property                        ; Value                                                   ;
+---------------------------------+---------------------------------------------------------+
; From Node                       ; System|npu_system_0|npu_system_13|w_row_idx[4]          ;
; To Node                         ; System|npu_system_0|npu_system_13|avm_out_writedata[22] ;
; Launch Clock                    ; CLK_50                                                  ;
; Latch Clock                     ; CLK_50                                                  ;
; SDC Exception                   ; No SDC Exception on Path                                ;
; Data Arrival Time               ; 18.154                                                  ;
; Data Required Time              ; 24.774                                                  ;
; Slack                           ; 6.620                                                   ;
; Worst-Case Operating Conditions ; Slow 900mV 100C Model                                   ;
+---------------------------------+---------------------------------------------------------+

+------------------------------------------------------------------------------------+
; Statistics                                                                         ;
+------------------------+--------+-------+-------------+------------+-------+-------+
; Property               ; Value  ; Count ; Total Delay ; % of Total ; Min   ; Max   ;
+------------------------+--------+-------+-------------+------------+-------+-------+
; Setup Relationship     ; 20.000 ;       ;             ;            ;       ;       ;
; Clock Skew             ; -0.137 ;       ;             ;            ;       ;       ;
; Data Delay             ; 13.481 ;       ;             ;            ;       ;       ;
; Number of Logic Levels ;        ; 6     ;             ;            ;       ;       ;
; Physical Delays        ;        ;       ;             ;            ;       ;       ;
;  Arrival Path          ;        ;       ;             ;            ;       ;       ;
;   Clock                ;        ;       ;             ;            ;       ;       ;
;    IC                  ;        ; 3     ; 3.449       ; 74         ; 0.000 ; 3.449 ;
;    Cell                ;        ; 4     ; 1.224       ; 26         ; 0.000 ; 0.547 ;
;   Data                 ;        ;       ;             ;            ;       ;       ;
;    IC                  ;        ; 6     ; 12.361      ; 92         ; 0.990 ; 3.351 ;
;    Cell                ;        ; 14    ; 0.903       ; 7          ; 0.000 ; 0.257 ;
;    uTco                ;        ; 1     ; 0.217       ; 2          ; 0.217 ; 0.217 ;
;  Required Path         ;        ;       ;             ;            ;       ;       ;
;   Clock                ;        ;       ;             ;            ;       ;       ;
;    IC                  ;        ; 3     ; 3.168       ; 74         ; 0.000 ; 3.168 ;
;    Cell                ;        ; 4     ; 1.116       ; 26         ; 0.000 ; 0.547 ;
+------------------------+--------+-------+-------------+------------+-------+-------+
Note: Negative delays are omitted from totals when calculating percentages

+---------------------------------------------------------------------------------------------------------------------------------------------------+
; Data Arrival Path                                                                                                                                 ;
+----------+---------+----+--------+--------+-----------------------+------------+------------------------------------------------------------------+
; Total    ; Incr    ; RF ; Type   ; Fanout ; Location              ; HS/LP      ; Element                                                          ;
+----------+---------+----+--------+--------+-----------------------+------------+------------------------------------------------------------------+
; 0.000    ; 0.000   ;    ;        ;        ;                       ;            ; launch edge time                                                 ;
; 0.000    ; 0.000   ;    ; borrow ;        ;                       ;            ; time borrowed                                                    ;
; 4.673    ; 4.673   ;    ;        ;        ;                       ;            ; clock path                                                       ;
;   0.000  ;   0.000 ;    ;        ;        ;                       ;            ; source latency                                                   ;
;   0.000  ;   0.000 ;    ;        ; 1      ; PIN_AM10              ;            ; CLK_50                                                           ;
;   0.000  ;   0.000 ; RR ; IC     ; 1      ; IOIBUF_X148_Y16_N32   ;            ; CLK_50~input|i                                                   ;
;   0.547  ;   0.547 ; RR ; CELL   ; 1      ; IOIBUF_X148_Y16_N32   ;            ; CLK_50~input|o                                                   ;
;   0.706  ;   0.159 ; RR ; CELL   ; 1      ; IOIBUF_X148_Y16_N32   ;            ; CLK_50~input~io_48_lvds_tile_edge/ioclkin[0]                     ;
;   0.706  ;   0.000 ; RR ; IC     ; 2      ; CLKCTRL_3A_G_I20      ;            ; CLK_50~inputCLKENA0|inclk                                        ;
;   1.224  ;   0.518 ; RR ; CELL   ; 181589 ; CLKCTRL_3A_G_I20      ;            ; CLK_50~inputCLKENA0|outclk                                       ;
;   4.673  ;   3.449 ; RR ; IC     ; 1      ; FF_X73_Y134_N35       ; High Speed ; System|npu_system_0|npu_system_13|w_row_idx[4]|clk               ;
;   4.673  ;   0.000 ; RR ; CELL   ; 1      ; FF_X73_Y134_N35       ; High Speed ; System|npu_system_0|npu_system_13|w_row_idx[4]                   ;
; 18.154   ; 13.481  ;    ;        ;        ;                       ;            ; data path                                                        ;
;   4.890  ;   0.217 ; FF ; uTco   ; 2      ; FF_X73_Y134_N35       ;            ; System|npu_system_0|npu_system_13|w_row_idx[4]|q                 ;
;   5.018  ;   0.128 ; FF ; CELL   ; 2835   ; FF_X73_Y134_N35       ; High Speed ; System|npu_system_0|npu_system_13|w_row_idx[4]~la_lab/laboutb[3] ;
;   7.517  ;   2.499 ; FF ; IC     ; 1      ; LABCELL_X34_Y185_N36  ; Mixed      ; System|npu_system_0|npu_system_13|i70272~8311|datab              ;
;   7.774  ;   0.257 ; FF ; CELL   ; 1      ; LABCELL_X34_Y185_N36  ; Low Power  ; System|npu_system_0|npu_system_13|i70272~8311|combout            ;
;   7.778  ;   0.004 ; FF ; CELL   ; 1      ; LABCELL_X34_Y185_N36  ; Low Power  ; System|npu_system_0|npu_system_13|i70272~8311~la_lab/laboutb[4]  ;
;   9.219  ;   1.441 ; FF ; IC     ; 1      ; MLABCELL_X24_Y175_N12 ; Mixed      ; System|npu_system_0|npu_system_13|i70272~8312|dataf              ;
;   9.267  ;   0.048 ; FF ; CELL   ; 1      ; MLABCELL_X24_Y175_N12 ; Low Power  ; System|npu_system_0|npu_system_13|i70272~8312|combout            ;
;   9.273  ;   0.006 ; FF ; CELL   ; 1      ; MLABCELL_X24_Y175_N12 ; Low Power  ; System|npu_system_0|npu_system_13|i70272~8312~la_mlab/laboutt[8] ;
;   10.263 ;   0.990 ; FF ; IC     ; 1      ; LABCELL_X37_Y173_N30  ; Mixed      ; System|npu_system_0|npu_system_13|i70272~8328|datae              ;
;   10.379 ;   0.116 ; FF ; CELL   ; 1      ; LABCELL_X37_Y173_N30  ; High Speed ; System|npu_system_0|npu_system_13|i70272~8328|combout            ;
;   10.383 ;   0.004 ; FF ; CELL   ; 1      ; LABCELL_X37_Y173_N30  ; High Speed ; System|npu_system_0|npu_system_13|i70272~8328~la_lab/laboutb[0]  ;
;   13.734 ;   3.351 ; FF ; IC     ; 1      ; LABCELL_X53_Y143_N36  ; Mixed      ; System|npu_system_0|npu_system_13|i70272~8371|datae              ;
;   13.866 ;   0.132 ; FF ; CELL   ; 1      ; LABCELL_X53_Y143_N36  ; Low Power  ; System|npu_system_0|npu_system_13|i70272~8371|combout            ;
;   13.871 ;   0.005 ; FF ; CELL   ; 1      ; LABCELL_X53_Y143_N36  ; Low Power  ; System|npu_system_0|npu_system_13|i70272~8371~la_lab/laboutb[5]  ;
;   16.109 ;   2.238 ; FF ; IC     ; 1      ; LABCELL_X53_Y101_N0   ; Mixed      ; System|npu_system_0|npu_system_13|i70272~8372|dataf              ;
;   16.156 ;   0.047 ; FF ; CELL   ; 1      ; LABCELL_X53_Y101_N0   ; Low Power  ; System|npu_system_0|npu_system_13|i70272~8372|combout            ;
;   16.160 ;   0.004 ; FF ; CELL   ; 1      ; LABCELL_X53_Y101_N0   ; Low Power  ; System|npu_system_0|npu_system_13|i70272~8372~la_lab/laboutt[0]  ;
;   18.002 ;   1.842 ; FF ; IC     ; 1      ; LABCELL_X106_Y101_N57 ; Mixed      ; System|npu_system_0|npu_system_13|i70272~8373|datad              ;
;   18.154 ;   0.152 ; FF ; CELL   ; 1      ; LABCELL_X106_Y101_N57 ; High Speed ; System|npu_system_0|npu_system_13|i70272~8373|combout            ;
;   18.154 ;   0.000 ; FF ; CELL   ; 1      ; FF_X106_Y101_N58      ; High Speed ; System|npu_system_0|npu_system_13|avm_out_writedata[22]|d        ;
;   18.154 ;   0.000 ; FF ; CELL   ; 1      ; FF_X106_Y101_N58      ; High Speed ; System|npu_system_0|npu_system_13|avm_out_writedata[22]          ;
+----------+---------+----+--------+--------+-----------------------+------------+------------------------------------------------------------------+

+--------------------------------------------------------------------------------------------------------------------------------------------+
; Data Required Path                                                                                                                         ;
+----------+---------+----+--------+--------+---------------------+------------+-------------------------------------------------------------+
; Total    ; Incr    ; RF ; Type   ; Fanout ; Location            ; HS/LP      ; Element                                                     ;
+----------+---------+----+--------+--------+---------------------+------------+-------------------------------------------------------------+
; 20.000   ; 20.000  ;    ;        ;        ;                     ;            ; latch edge time                                             ;
; 20.000   ; 0.000   ;    ; borrow ;        ;                     ;            ; time borrowed                                               ;
; 24.536   ; 4.536   ;    ;        ;        ;                     ;            ; clock path                                                  ;
;   20.000 ;   0.000 ;    ;        ;        ;                     ;            ; source latency                                              ;
;   20.000 ;   0.000 ;    ;        ; 1      ; PIN_AM10            ;            ; CLK_50                                                      ;
;   20.000 ;   0.000 ; RR ; IC     ; 1      ; IOIBUF_X148_Y16_N32 ;            ; CLK_50~input|i                                              ;
;   20.547 ;   0.547 ; RR ; CELL   ; 1      ; IOIBUF_X148_Y16_N32 ;            ; CLK_50~input|o                                              ;
;   20.676 ;   0.129 ; RR ; CELL   ; 1      ; IOIBUF_X148_Y16_N32 ;            ; CLK_50~input~io_48_lvds_tile_edge/ioclkin[0]                ;
;   20.676 ;   0.000 ; RR ; IC     ; 2      ; CLKCTRL_3A_G_I20    ;            ; CLK_50~inputCLKENA0|inclk                                   ;
;   21.116 ;   0.440 ; RR ; CELL   ; 181589 ; CLKCTRL_3A_G_I20    ;            ; CLK_50~inputCLKENA0|outclk                                  ;
;   24.284 ;   3.168 ; RR ; IC     ; 1      ; FF_X106_Y101_N58    ; High Speed ; System|npu_system_0|npu_system_13|avm_out_writedata[22]|clk ;
;   24.284 ;   0.000 ; RR ; CELL   ; 1      ; FF_X106_Y101_N58    ; High Speed ; System|npu_system_0|npu_system_13|avm_out_writedata[22]     ;
;   24.536 ;   0.252 ;    ;        ;        ;                     ;            ; clock pessimism removed                                     ;
; 24.506   ; -0.030  ;    ;        ;        ;                     ;            ; clock uncertainty                                           ;
; 24.774   ; 0.268   ;    ; uTsu   ; 1      ; FF_X106_Y101_N58    ;            ; System|npu_system_0|npu_system_13|avm_out_writedata[22]     ;
+----------+---------+----+--------+--------+---------------------+------------+-------------------------------------------------------------+



Path #8: Setup slack is 6.647 
===============================================================================
+------------------------------------------------------------------------------------------+
; Path Summary                                                                             ;
+---------------------------------+--------------------------------------------------------+
; Property                        ; Value                                                  ;
+---------------------------------+--------------------------------------------------------+
; From Node                       ; System|npu_system_0|npu_system_13|w_row_idx[4]         ;
; To Node                         ; System|npu_system_0|npu_system_13|avm_out_writedata[0] ;
; Launch Clock                    ; CLK_50                                                 ;
; Latch Clock                     ; CLK_50                                                 ;
; SDC Exception                   ; No SDC Exception on Path                               ;
; Data Arrival Time               ; 18.216                                                 ;
; Data Required Time              ; 24.863                                                 ;
; Slack                           ; 6.647                                                  ;
; Worst-Case Operating Conditions ; Slow 900mV 100C Model                                  ;
+---------------------------------+--------------------------------------------------------+

+------------------------------------------------------------------------------------+
; Statistics                                                                         ;
+------------------------+--------+-------+-------------+------------+-------+-------+
; Property               ; Value  ; Count ; Total Delay ; % of Total ; Min   ; Max   ;
+------------------------+--------+-------+-------------+------------+-------+-------+
; Setup Relationship     ; 20.000 ;       ;             ;            ;       ;       ;
; Clock Skew             ; -0.099 ;       ;             ;            ;       ;       ;
; Data Delay             ; 13.543 ;       ;             ;            ;       ;       ;
; Number of Logic Levels ;        ; 6     ;             ;            ;       ;       ;
; Physical Delays        ;        ;       ;             ;            ;       ;       ;
;  Arrival Path          ;        ;       ;             ;            ;       ;       ;
;   Clock                ;        ;       ;             ;            ;       ;       ;
;    IC                  ;        ; 3     ; 3.449       ; 74         ; 0.000 ; 3.449 ;
;    Cell                ;        ; 4     ; 1.224       ; 26         ; 0.000 ; 0.547 ;
;   Data                 ;        ;       ;             ;            ;       ;       ;
;    IC                  ;        ; 6     ; 11.686      ; 86         ; 0.795 ; 3.472 ;
;    Cell                ;        ; 14    ; 1.640       ; 12         ; 0.000 ; 0.307 ;
;    uTco                ;        ; 1     ; 0.217       ; 2          ; 0.217 ; 0.217 ;
;  Required Path         ;        ;       ;             ;            ;       ;       ;
;   Clock                ;        ;       ;             ;            ;       ;       ;
;    IC                  ;        ; 3     ; 3.206       ; 74         ; 0.000 ; 3.206 ;
;    Cell                ;        ; 4     ; 1.116       ; 26         ; 0.000 ; 0.547 ;
+------------------------+--------+-------+-------------+------------+-------+-------+
Note: Negative delays are omitted from totals when calculating percentages

+---------------------------------------------------------------------------------------------------------------------------------------------------+
; Data Arrival Path                                                                                                                                 ;
+----------+---------+----+--------+--------+-----------------------+------------+------------------------------------------------------------------+
; Total    ; Incr    ; RF ; Type   ; Fanout ; Location              ; HS/LP      ; Element                                                          ;
+----------+---------+----+--------+--------+-----------------------+------------+------------------------------------------------------------------+
; 0.000    ; 0.000   ;    ;        ;        ;                       ;            ; launch edge time                                                 ;
; 0.000    ; 0.000   ;    ; borrow ;        ;                       ;            ; time borrowed                                                    ;
; 4.673    ; 4.673   ;    ;        ;        ;                       ;            ; clock path                                                       ;
;   0.000  ;   0.000 ;    ;        ;        ;                       ;            ; source latency                                                   ;
;   0.000  ;   0.000 ;    ;        ; 1      ; PIN_AM10              ;            ; CLK_50                                                           ;
;   0.000  ;   0.000 ; RR ; IC     ; 1      ; IOIBUF_X148_Y16_N32   ;            ; CLK_50~input|i                                                   ;
;   0.547  ;   0.547 ; RR ; CELL   ; 1      ; IOIBUF_X148_Y16_N32   ;            ; CLK_50~input|o                                                   ;
;   0.706  ;   0.159 ; RR ; CELL   ; 1      ; IOIBUF_X148_Y16_N32   ;            ; CLK_50~input~io_48_lvds_tile_edge/ioclkin[0]                     ;
;   0.706  ;   0.000 ; RR ; IC     ; 2      ; CLKCTRL_3A_G_I20      ;            ; CLK_50~inputCLKENA0|inclk                                        ;
;   1.224  ;   0.518 ; RR ; CELL   ; 181589 ; CLKCTRL_3A_G_I20      ;            ; CLK_50~inputCLKENA0|outclk                                       ;
;   4.673  ;   3.449 ; RR ; IC     ; 1      ; FF_X73_Y134_N35       ; High Speed ; System|npu_system_0|npu_system_13|w_row_idx[4]|clk               ;
;   4.673  ;   0.000 ; RR ; CELL   ; 1      ; FF_X73_Y134_N35       ; High Speed ; System|npu_system_0|npu_system_13|w_row_idx[4]                   ;
; 18.216   ; 13.543  ;    ;        ;        ;                       ;            ; data path                                                        ;
;   4.890  ;   0.217 ; FF ; uTco   ; 2      ; FF_X73_Y134_N35       ;            ; System|npu_system_0|npu_system_13|w_row_idx[4]|q                 ;
;   5.018  ;   0.128 ; FF ; CELL   ; 2835   ; FF_X73_Y134_N35       ; High Speed ; System|npu_system_0|npu_system_13|w_row_idx[4]~la_lab/laboutb[3] ;
;   8.490  ;   3.472 ; FF ; IC     ; 1      ; LABCELL_X34_Y183_N27  ; Mixed      ; System|npu_system_0|npu_system_13|i70272~308|datac               ;
;   8.659  ;   0.169 ; FR ; CELL   ; 1      ; LABCELL_X34_Y183_N27  ; Low Power  ; System|npu_system_0|npu_system_13|i70272~308|combout             ;
;   8.664  ;   0.005 ; RR ; CELL   ; 1      ; LABCELL_X34_Y183_N27  ; Low Power  ; System|npu_system_0|npu_system_13|i70272~308~la_lab/laboutt[19]  ;
;   9.459  ;   0.795 ; RR ; IC     ; 1      ; MLABCELL_X22_Y182_N0  ; Mixed      ; System|npu_system_0|npu_system_13|i70272~310|datab               ;
;   9.715  ;   0.256 ; RR ; CELL   ; 1      ; MLABCELL_X22_Y182_N0  ; High Speed ; System|npu_system_0|npu_system_13|i70272~310|combout             ;
;   9.721  ;   0.006 ; RR ; CELL   ; 1      ; MLABCELL_X22_Y182_N0  ; High Speed ; System|npu_system_0|npu_system_13|i70272~310~la_mlab/laboutt[0]  ;
;   10.571 ;   0.850 ; RR ; IC     ; 1      ; LABCELL_X31_Y174_N6   ; Mixed      ; System|npu_system_0|npu_system_13|i70272~321|dataa               ;
;   10.878 ;   0.307 ; RR ; CELL   ; 1      ; LABCELL_X31_Y174_N6   ; Low Power  ; System|npu_system_0|npu_system_13|i70272~321|combout             ;
;   10.882 ;   0.004 ; RR ; CELL   ; 1      ; LABCELL_X31_Y174_N6   ; Low Power  ; System|npu_system_0|npu_system_13|i70272~321~la_lab/laboutt[4]   ;
;   13.388 ;   2.506 ; RR ; IC     ; 1      ; MLABCELL_X49_Y146_N12 ; Mixed      ; System|npu_system_0|npu_system_13|i70272~364|datab               ;
;   13.651 ;   0.263 ; RR ; CELL   ; 1      ; MLABCELL_X49_Y146_N12 ; High Speed ; System|npu_system_0|npu_system_13|i70272~364|combout             ;
;   13.657 ;   0.006 ; RR ; CELL   ; 1      ; MLABCELL_X49_Y146_N12 ; High Speed ; System|npu_system_0|npu_system_13|i70272~364~la_mlab/laboutt[8]  ;
;   15.691 ;   2.034 ; RR ; IC     ; 1      ; MLABCELL_X49_Y104_N24 ; Mixed      ; System|npu_system_0|npu_system_13|i70272~365|datac               ;
;   15.876 ;   0.185 ; RR ; CELL   ; 1      ; MLABCELL_X49_Y104_N24 ; Low Power  ; System|npu_system_0|npu_system_13|i70272~365|combout             ;
;   15.882 ;   0.006 ; RR ; CELL   ; 1      ; MLABCELL_X49_Y104_N24 ; Low Power  ; System|npu_system_0|npu_system_13|i70272~365~la_mlab/laboutt[16] ;
;   17.911 ;   2.029 ; RR ; IC     ; 1      ; LABCELL_X106_Y104_N42 ; Mixed      ; System|npu_system_0|npu_system_13|i70272~366|dataa               ;
;   18.216 ;   0.305 ; RR ; CELL   ; 1      ; LABCELL_X106_Y104_N42 ; Low Power  ; System|npu_system_0|npu_system_13|i70272~366|combout             ;
;   18.216 ;   0.000 ; RR ; CELL   ; 1      ; FF_X106_Y104_N44      ; Low Power  ; System|npu_system_0|npu_system_13|avm_out_writedata[0]|d         ;
;   18.216 ;   0.000 ; RR ; CELL   ; 1      ; FF_X106_Y104_N44      ; Low Power  ; System|npu_system_0|npu_system_13|avm_out_writedata[0]           ;
+----------+---------+----+--------+--------+-----------------------+------------+------------------------------------------------------------------+

+------------------------------------------------------------------------------------------------------------------------------------------+
; Data Required Path                                                                                                                       ;
+----------+---------+----+--------+--------+---------------------+-----------+------------------------------------------------------------+
; Total    ; Incr    ; RF ; Type   ; Fanout ; Location            ; HS/LP     ; Element                                                    ;
+----------+---------+----+--------+--------+---------------------+-----------+------------------------------------------------------------+
; 20.000   ; 20.000  ;    ;        ;        ;                     ;           ; latch edge time                                            ;
; 20.000   ; 0.000   ;    ; borrow ;        ;                     ;           ; time borrowed                                              ;
; 24.574   ; 4.574   ;    ;        ;        ;                     ;           ; clock path                                                 ;
;   20.000 ;   0.000 ;    ;        ;        ;                     ;           ; source latency                                             ;
;   20.000 ;   0.000 ;    ;        ; 1      ; PIN_AM10            ;           ; CLK_50                                                     ;
;   20.000 ;   0.000 ; RR ; IC     ; 1      ; IOIBUF_X148_Y16_N32 ;           ; CLK_50~input|i                                             ;
;   20.547 ;   0.547 ; RR ; CELL   ; 1      ; IOIBUF_X148_Y16_N32 ;           ; CLK_50~input|o                                             ;
;   20.676 ;   0.129 ; RR ; CELL   ; 1      ; IOIBUF_X148_Y16_N32 ;           ; CLK_50~input~io_48_lvds_tile_edge/ioclkin[0]               ;
;   20.676 ;   0.000 ; RR ; IC     ; 2      ; CLKCTRL_3A_G_I20    ;           ; CLK_50~inputCLKENA0|inclk                                  ;
;   21.116 ;   0.440 ; RR ; CELL   ; 181589 ; CLKCTRL_3A_G_I20    ;           ; CLK_50~inputCLKENA0|outclk                                 ;
;   24.322 ;   3.206 ; RR ; IC     ; 1      ; FF_X106_Y104_N44    ; Low Power ; System|npu_system_0|npu_system_13|avm_out_writedata[0]|clk ;
;   24.322 ;   0.000 ; RR ; CELL   ; 1      ; FF_X106_Y104_N44    ; Low Power ; System|npu_system_0|npu_system_13|avm_out_writedata[0]     ;
;   24.574 ;   0.252 ;    ;        ;        ;                     ;           ; clock pessimism removed                                    ;
; 24.544   ; -0.030  ;    ;        ;        ;                     ;           ; clock uncertainty                                          ;
; 24.863   ; 0.319   ;    ; uTsu   ; 1      ; FF_X106_Y104_N44    ;           ; System|npu_system_0|npu_system_13|avm_out_writedata[0]     ;
+----------+---------+----+--------+--------+---------------------+-----------+------------------------------------------------------------+



Path #9: Setup slack is 6.695 
===============================================================================
+--------------------------------------------------------------------------------------------+
; Path Summary                                                                               ;
+---------------------------------+----------------------------------------------------------+
; Property                        ; Value                                                    ;
+---------------------------------+----------------------------------------------------------+
; From Node                       ; System|npu_system_0|npu_system_13|w_row_idx[0]~DUPLICATE ;
; To Node                         ; System|npu_system_0|npu_system_13|avm_out_writedata[3]   ;
; Launch Clock                    ; CLK_50                                                   ;
; Latch Clock                     ; CLK_50                                                   ;
; SDC Exception                   ; No SDC Exception on Path                                 ;
; Data Arrival Time               ; 18.149                                                   ;
; Data Required Time              ; 24.844                                                   ;
; Slack                           ; 6.695                                                    ;
; Worst-Case Operating Conditions ; Slow 900mV 100C Model                                    ;
+---------------------------------+----------------------------------------------------------+

+------------------------------------------------------------------------------------+
; Statistics                                                                         ;
+------------------------+--------+-------+-------------+------------+-------+-------+
; Property               ; Value  ; Count ; Total Delay ; % of Total ; Min   ; Max   ;
+------------------------+--------+-------+-------------+------------+-------+-------+
; Setup Relationship     ; 20.000 ;       ;             ;            ;       ;       ;
; Clock Skew             ; -0.099 ;       ;             ;            ;       ;       ;
; Data Delay             ; 13.476 ;       ;             ;            ;       ;       ;
; Number of Logic Levels ;        ; 6     ;             ;            ;       ;       ;
; Physical Delays        ;        ;       ;             ;            ;       ;       ;
;  Arrival Path          ;        ;       ;             ;            ;       ;       ;
;   Clock                ;        ;       ;             ;            ;       ;       ;
;    IC                  ;        ; 3     ; 3.449       ; 74         ; 0.000 ; 3.449 ;
;    Cell                ;        ; 4     ; 1.224       ; 26         ; 0.000 ; 0.547 ;
;   Data                 ;        ;       ;             ;            ;       ;       ;
;    IC                  ;        ; 6     ; 11.959      ; 89         ; 1.114 ; 3.433 ;
;    Cell                ;        ; 14    ; 1.301       ; 10         ; 0.000 ; 0.264 ;
;    uTco                ;        ; 1     ; 0.216       ; 2          ; 0.216 ; 0.216 ;
;  Required Path         ;        ;       ;             ;            ;       ;       ;
;   Clock                ;        ;       ;             ;            ;       ;       ;
;    IC                  ;        ; 3     ; 3.206       ; 74         ; 0.000 ; 3.206 ;
;    Cell                ;        ; 4     ; 1.116       ; 26         ; 0.000 ; 0.547 ;
+------------------------+--------+-------+-------------+------------+-------+-------+
Note: Negative delays are omitted from totals when calculating percentages

+-------------------------------------------------------------------------------------------------------------------------------------------------------------+
; Data Arrival Path                                                                                                                                           ;
+----------+---------+----+--------+--------+-----------------------+------------+----------------------------------------------------------------------------+
; Total    ; Incr    ; RF ; Type   ; Fanout ; Location              ; HS/LP      ; Element                                                                    ;
+----------+---------+----+--------+--------+-----------------------+------------+----------------------------------------------------------------------------+
; 0.000    ; 0.000   ;    ;        ;        ;                       ;            ; launch edge time                                                           ;
; 0.000    ; 0.000   ;    ; borrow ;        ;                       ;            ; time borrowed                                                              ;
; 4.673    ; 4.673   ;    ;        ;        ;                       ;            ; clock path                                                                 ;
;   0.000  ;   0.000 ;    ;        ;        ;                       ;            ; source latency                                                             ;
;   0.000  ;   0.000 ;    ;        ; 1      ; PIN_AM10              ;            ; CLK_50                                                                     ;
;   0.000  ;   0.000 ; RR ; IC     ; 1      ; IOIBUF_X148_Y16_N32   ;            ; CLK_50~input|i                                                             ;
;   0.547  ;   0.547 ; RR ; CELL   ; 1      ; IOIBUF_X148_Y16_N32   ;            ; CLK_50~input|o                                                             ;
;   0.706  ;   0.159 ; RR ; CELL   ; 1      ; IOIBUF_X148_Y16_N32   ;            ; CLK_50~input~io_48_lvds_tile_edge/ioclkin[0]                               ;
;   0.706  ;   0.000 ; RR ; IC     ; 2      ; CLKCTRL_3A_G_I20      ;            ; CLK_50~inputCLKENA0|inclk                                                  ;
;   1.224  ;   0.518 ; RR ; CELL   ; 181589 ; CLKCTRL_3A_G_I20      ;            ; CLK_50~inputCLKENA0|outclk                                                 ;
;   4.673  ;   3.449 ; RR ; IC     ; 1      ; FF_X73_Y134_N13       ; High Speed ; System|npu_system_0|npu_system_13|w_row_idx[0]~DUPLICATE|clk               ;
;   4.673  ;   0.000 ; RR ; CELL   ; 1      ; FF_X73_Y134_N13       ; High Speed ; System|npu_system_0|npu_system_13|w_row_idx[0]~DUPLICATE                   ;
; 18.149   ; 13.476  ;    ;        ;        ;                       ;            ; data path                                                                  ;
;   4.889  ;   0.216 ; FF ; uTco   ; 1      ; FF_X73_Y134_N13       ;            ; System|npu_system_0|npu_system_13|w_row_idx[0]~DUPLICATE|q                 ;
;   5.009  ;   0.120 ; FF ; CELL   ; 1462   ; FF_X73_Y134_N13       ; High Speed ; System|npu_system_0|npu_system_13|w_row_idx[0]~DUPLICATE~la_lab/laboutt[8] ;
;   7.419  ;   2.410 ; FF ; IC     ; 1      ; LABCELL_X48_Y167_N30  ; Mixed      ; System|npu_system_0|npu_system_13|i70272~3238|datab                        ;
;   7.646  ;   0.227 ; FF ; CELL   ; 1      ; LABCELL_X48_Y167_N30  ; High Speed ; System|npu_system_0|npu_system_13|i70272~3238|combout                      ;
;   7.651  ;   0.005 ; FF ; CELL   ; 1      ; LABCELL_X48_Y167_N30  ; High Speed ; System|npu_system_0|npu_system_13|i70272~3238~la_lab/laboutb[1]            ;
;   8.816  ;   1.165 ; FF ; IC     ; 1      ; LABCELL_X51_Y184_N33  ; Mixed      ; System|npu_system_0|npu_system_13|i70272~3242|dataa                        ;
;   9.041  ;   0.225 ; FF ; CELL   ; 1      ; LABCELL_X51_Y184_N33  ; High Speed ; System|npu_system_0|npu_system_13|i70272~3242|combout                      ;
;   9.045  ;   0.004 ; FF ; CELL   ; 1      ; LABCELL_X51_Y184_N33  ; High Speed ; System|npu_system_0|npu_system_13|i70272~3242~la_lab/laboutb[2]            ;
;   10.159 ;   1.114 ; FF ; IC     ; 1      ; LABCELL_X53_Y168_N6   ; Mixed      ; System|npu_system_0|npu_system_13|i70272~3253|dataa                        ;
;   10.423 ;   0.264 ; FF ; CELL   ; 1      ; LABCELL_X53_Y168_N6   ; Low Power  ; System|npu_system_0|npu_system_13|i70272~3253|combout                      ;
;   10.428 ;   0.005 ; FF ; CELL   ; 1      ; LABCELL_X53_Y168_N6   ; Low Power  ; System|npu_system_0|npu_system_13|i70272~3253~la_lab/laboutt[5]            ;
;   12.047 ;   1.619 ; FF ; IC     ; 1      ; MLABCELL_X49_Y146_N30 ; Mixed      ; System|npu_system_0|npu_system_13|i70272~3275|datab                        ;
;   12.264 ;   0.217 ; FF ; CELL   ; 1      ; MLABCELL_X49_Y146_N30 ; High Speed ; System|npu_system_0|npu_system_13|i70272~3275|combout                      ;
;   12.270 ;   0.006 ; FF ; CELL   ; 1      ; MLABCELL_X49_Y146_N30 ; High Speed ; System|npu_system_0|npu_system_13|i70272~3275~la_mlab/laboutb[1]           ;
;   15.703 ;   3.433 ; FF ; IC     ; 1      ; MLABCELL_X49_Y104_N27 ; Mixed      ; System|npu_system_0|npu_system_13|i70272~3276|dataf                        ;
;   15.749 ;   0.046 ; FF ; CELL   ; 1      ; MLABCELL_X49_Y104_N27 ; Low Power  ; System|npu_system_0|npu_system_13|i70272~3276|combout                      ;
;   15.755 ;   0.006 ; FF ; CELL   ; 1      ; MLABCELL_X49_Y104_N27 ; Low Power  ; System|npu_system_0|npu_system_13|i70272~3276~la_mlab/laboutt[19]          ;
;   17.973 ;   2.218 ; FF ; IC     ; 1      ; LABCELL_X106_Y104_N54 ; Mixed      ; System|npu_system_0|npu_system_13|i70272~3277|datac                        ;
;   18.149 ;   0.176 ; FF ; CELL   ; 1      ; LABCELL_X106_Y104_N54 ; Low Power  ; System|npu_system_0|npu_system_13|i70272~3277|combout                      ;
;   18.149 ;   0.000 ; FF ; CELL   ; 1      ; FF_X106_Y104_N55      ; Low Power  ; System|npu_system_0|npu_system_13|avm_out_writedata[3]|d                   ;
;   18.149 ;   0.000 ; FF ; CELL   ; 1      ; FF_X106_Y104_N55      ; Low Power  ; System|npu_system_0|npu_system_13|avm_out_writedata[3]                     ;
+----------+---------+----+--------+--------+-----------------------+------------+----------------------------------------------------------------------------+

+------------------------------------------------------------------------------------------------------------------------------------------+
; Data Required Path                                                                                                                       ;
+----------+---------+----+--------+--------+---------------------+-----------+------------------------------------------------------------+
; Total    ; Incr    ; RF ; Type   ; Fanout ; Location            ; HS/LP     ; Element                                                    ;
+----------+---------+----+--------+--------+---------------------+-----------+------------------------------------------------------------+
; 20.000   ; 20.000  ;    ;        ;        ;                     ;           ; latch edge time                                            ;
; 20.000   ; 0.000   ;    ; borrow ;        ;                     ;           ; time borrowed                                              ;
; 24.574   ; 4.574   ;    ;        ;        ;                     ;           ; clock path                                                 ;
;   20.000 ;   0.000 ;    ;        ;        ;                     ;           ; source latency                                             ;
;   20.000 ;   0.000 ;    ;        ; 1      ; PIN_AM10            ;           ; CLK_50                                                     ;
;   20.000 ;   0.000 ; RR ; IC     ; 1      ; IOIBUF_X148_Y16_N32 ;           ; CLK_50~input|i                                             ;
;   20.547 ;   0.547 ; RR ; CELL   ; 1      ; IOIBUF_X148_Y16_N32 ;           ; CLK_50~input|o                                             ;
;   20.676 ;   0.129 ; RR ; CELL   ; 1      ; IOIBUF_X148_Y16_N32 ;           ; CLK_50~input~io_48_lvds_tile_edge/ioclkin[0]               ;
;   20.676 ;   0.000 ; RR ; IC     ; 2      ; CLKCTRL_3A_G_I20    ;           ; CLK_50~inputCLKENA0|inclk                                  ;
;   21.116 ;   0.440 ; RR ; CELL   ; 181589 ; CLKCTRL_3A_G_I20    ;           ; CLK_50~inputCLKENA0|outclk                                 ;
;   24.322 ;   3.206 ; RR ; IC     ; 1      ; FF_X106_Y104_N55    ; Low Power ; System|npu_system_0|npu_system_13|avm_out_writedata[3]|clk ;
;   24.322 ;   0.000 ; RR ; CELL   ; 1      ; FF_X106_Y104_N55    ; Low Power ; System|npu_system_0|npu_system_13|avm_out_writedata[3]     ;
;   24.574 ;   0.252 ;    ;        ;        ;                     ;           ; clock pessimism removed                                    ;
; 24.544   ; -0.030  ;    ;        ;        ;                     ;           ; clock uncertainty                                          ;
; 24.844   ; 0.300   ;    ; uTsu   ; 1      ; FF_X106_Y104_N55    ;           ; System|npu_system_0|npu_system_13|avm_out_writedata[3]     ;
+----------+---------+----+--------+--------+---------------------+-----------+------------------------------------------------------------+



Path #10: Setup slack is 6.703 
===============================================================================
+-------------------------------------------------------------------------------------------+
; Path Summary                                                                              ;
+---------------------------------+---------------------------------------------------------+
; Property                        ; Value                                                   ;
+---------------------------------+---------------------------------------------------------+
; From Node                       ; System|npu_system_0|npu_system_13|w_row_idx[3]          ;
; To Node                         ; System|npu_system_0|npu_system_13|avm_out_writedata[22] ;
; Launch Clock                    ; CLK_50                                                  ;
; Latch Clock                     ; CLK_50                                                  ;
; SDC Exception                   ; No SDC Exception on Path                                ;
; Data Arrival Time               ; 18.071                                                  ;
; Data Required Time              ; 24.774                                                  ;
; Slack                           ; 6.703                                                   ;
; Worst-Case Operating Conditions ; Slow 900mV 100C Model                                   ;
+---------------------------------+---------------------------------------------------------+

+------------------------------------------------------------------------------------+
; Statistics                                                                         ;
+------------------------+--------+-------+-------------+------------+-------+-------+
; Property               ; Value  ; Count ; Total Delay ; % of Total ; Min   ; Max   ;
+------------------------+--------+-------+-------------+------------+-------+-------+
; Setup Relationship     ; 20.000 ;       ;             ;            ;       ;       ;
; Clock Skew             ; -0.137 ;       ;             ;            ;       ;       ;
; Data Delay             ; 13.398 ;       ;             ;            ;       ;       ;
; Number of Logic Levels ;        ; 6     ;             ;            ;       ;       ;
; Physical Delays        ;        ;       ;             ;            ;       ;       ;
;  Arrival Path          ;        ;       ;             ;            ;       ;       ;
;   Clock                ;        ;       ;             ;            ;       ;       ;
;    IC                  ;        ; 3     ; 3.449       ; 74         ; 0.000 ; 3.449 ;
;    Cell                ;        ; 4     ; 1.224       ; 26         ; 0.000 ; 0.547 ;
;   Data                 ;        ;       ;             ;            ;       ;       ;
;    IC                  ;        ; 6     ; 12.313      ; 92         ; 1.189 ; 3.351 ;
;    Cell                ;        ; 14    ; 0.868       ; 6          ; 0.000 ; 0.163 ;
;    uTco                ;        ; 1     ; 0.217       ; 2          ; 0.217 ; 0.217 ;
;  Required Path         ;        ;       ;             ;            ;       ;       ;
;   Clock                ;        ;       ;             ;            ;       ;       ;
;    IC                  ;        ; 3     ; 3.168       ; 74         ; 0.000 ; 3.168 ;
;    Cell                ;        ; 4     ; 1.116       ; 26         ; 0.000 ; 0.547 ;
+------------------------+--------+-------+-------------+------------+-------+-------+
Note: Negative delays are omitted from totals when calculating percentages

+----------------------------------------------------------------------------------------------------------------------------------------------------+
; Data Arrival Path                                                                                                                                  ;
+----------+---------+----+--------+--------+-----------------------+------------+-------------------------------------------------------------------+
; Total    ; Incr    ; RF ; Type   ; Fanout ; Location              ; HS/LP      ; Element                                                           ;
+----------+---------+----+--------+--------+-----------------------+------------+-------------------------------------------------------------------+
; 0.000    ; 0.000   ;    ;        ;        ;                       ;            ; launch edge time                                                  ;
; 0.000    ; 0.000   ;    ; borrow ;        ;                       ;            ; time borrowed                                                     ;
; 4.673    ; 4.673   ;    ;        ;        ;                       ;            ; clock path                                                        ;
;   0.000  ;   0.000 ;    ;        ;        ;                       ;            ; source latency                                                    ;
;   0.000  ;   0.000 ;    ;        ; 1      ; PIN_AM10              ;            ; CLK_50                                                            ;
;   0.000  ;   0.000 ; RR ; IC     ; 1      ; IOIBUF_X148_Y16_N32   ;            ; CLK_50~input|i                                                    ;
;   0.547  ;   0.547 ; RR ; CELL   ; 1      ; IOIBUF_X148_Y16_N32   ;            ; CLK_50~input|o                                                    ;
;   0.706  ;   0.159 ; RR ; CELL   ; 1      ; IOIBUF_X148_Y16_N32   ;            ; CLK_50~input~io_48_lvds_tile_edge/ioclkin[0]                      ;
;   0.706  ;   0.000 ; RR ; IC     ; 2      ; CLKCTRL_3A_G_I20      ;            ; CLK_50~inputCLKENA0|inclk                                         ;
;   1.224  ;   0.518 ; RR ; CELL   ; 181589 ; CLKCTRL_3A_G_I20      ;            ; CLK_50~inputCLKENA0|outclk                                        ;
;   4.673  ;   3.449 ; RR ; IC     ; 1      ; FF_X73_Y134_N40       ; High Speed ; System|npu_system_0|npu_system_13|w_row_idx[3]|clk                ;
;   4.673  ;   0.000 ; RR ; CELL   ; 1      ; FF_X73_Y134_N40       ; High Speed ; System|npu_system_0|npu_system_13|w_row_idx[3]                    ;
; 18.071   ; 13.398  ;    ;        ;        ;                       ;            ; data path                                                         ;
;   4.890  ;   0.217 ; FF ; uTco   ; 2      ; FF_X73_Y134_N40       ;            ; System|npu_system_0|npu_system_13|w_row_idx[3]|q                  ;
;   4.972  ;   0.082 ; FF ; CELL   ; 2923   ; FF_X73_Y134_N40       ; High Speed ; System|npu_system_0|npu_system_13|w_row_idx[3]~la_lab/laboutb[6]  ;
;   7.301  ;   2.329 ; FF ; IC     ; 1      ; MLABCELL_X29_Y185_N48 ; Mixed      ; System|npu_system_0|npu_system_13|i70272~8316|datae               ;
;   7.415  ;   0.114 ; FF ; CELL   ; 1      ; MLABCELL_X29_Y185_N48 ; High Speed ; System|npu_system_0|npu_system_13|i70272~8316|combout             ;
;   7.421  ;   0.006 ; FF ; CELL   ; 1      ; MLABCELL_X29_Y185_N48 ; High Speed ; System|npu_system_0|npu_system_13|i70272~8316~la_mlab/laboutb[13] ;
;   8.610  ;   1.189 ; FF ; IC     ; 1      ; LABCELL_X18_Y176_N48  ; Mixed      ; System|npu_system_0|npu_system_13|i70272~8317|datad               ;
;   8.773  ;   0.163 ; FF ; CELL   ; 1      ; LABCELL_X18_Y176_N48  ; Low Power  ; System|npu_system_0|npu_system_13|i70272~8317|combout             ;
;   8.778  ;   0.005 ; FF ; CELL   ; 1      ; LABCELL_X18_Y176_N48  ; Low Power  ; System|npu_system_0|npu_system_13|i70272~8317~la_lab/laboutb[13]  ;
;   10.142 ;   1.364 ; FF ; IC     ; 1      ; LABCELL_X37_Y173_N30  ; Mixed      ; System|npu_system_0|npu_system_13|i70272~8328|datac               ;
;   10.296 ;   0.154 ; FF ; CELL   ; 1      ; LABCELL_X37_Y173_N30  ; High Speed ; System|npu_system_0|npu_system_13|i70272~8328|combout             ;
;   10.300 ;   0.004 ; FF ; CELL   ; 1      ; LABCELL_X37_Y173_N30  ; High Speed ; System|npu_system_0|npu_system_13|i70272~8328~la_lab/laboutb[0]   ;
;   13.651 ;   3.351 ; FF ; IC     ; 1      ; LABCELL_X53_Y143_N36  ; Mixed      ; System|npu_system_0|npu_system_13|i70272~8371|datae               ;
;   13.783 ;   0.132 ; FF ; CELL   ; 1      ; LABCELL_X53_Y143_N36  ; Low Power  ; System|npu_system_0|npu_system_13|i70272~8371|combout             ;
;   13.788 ;   0.005 ; FF ; CELL   ; 1      ; LABCELL_X53_Y143_N36  ; Low Power  ; System|npu_system_0|npu_system_13|i70272~8371~la_lab/laboutb[5]   ;
;   16.026 ;   2.238 ; FF ; IC     ; 1      ; LABCELL_X53_Y101_N0   ; Mixed      ; System|npu_system_0|npu_system_13|i70272~8372|dataf               ;
;   16.073 ;   0.047 ; FF ; CELL   ; 1      ; LABCELL_X53_Y101_N0   ; Low Power  ; System|npu_system_0|npu_system_13|i70272~8372|combout             ;
;   16.077 ;   0.004 ; FF ; CELL   ; 1      ; LABCELL_X53_Y101_N0   ; Low Power  ; System|npu_system_0|npu_system_13|i70272~8372~la_lab/laboutt[0]   ;
;   17.919 ;   1.842 ; FF ; IC     ; 1      ; LABCELL_X106_Y101_N57 ; Mixed      ; System|npu_system_0|npu_system_13|i70272~8373|datad               ;
;   18.071 ;   0.152 ; FF ; CELL   ; 1      ; LABCELL_X106_Y101_N57 ; High Speed ; System|npu_system_0|npu_system_13|i70272~8373|combout             ;
;   18.071 ;   0.000 ; FF ; CELL   ; 1      ; FF_X106_Y101_N58      ; High Speed ; System|npu_system_0|npu_system_13|avm_out_writedata[22]|d         ;
;   18.071 ;   0.000 ; FF ; CELL   ; 1      ; FF_X106_Y101_N58      ; High Speed ; System|npu_system_0|npu_system_13|avm_out_writedata[22]           ;
+----------+---------+----+--------+--------+-----------------------+------------+-------------------------------------------------------------------+

+--------------------------------------------------------------------------------------------------------------------------------------------+
; Data Required Path                                                                                                                         ;
+----------+---------+----+--------+--------+---------------------+------------+-------------------------------------------------------------+
; Total    ; Incr    ; RF ; Type   ; Fanout ; Location            ; HS/LP      ; Element                                                     ;
+----------+---------+----+--------+--------+---------------------+------------+-------------------------------------------------------------+
; 20.000   ; 20.000  ;    ;        ;        ;                     ;            ; latch edge time                                             ;
; 20.000   ; 0.000   ;    ; borrow ;        ;                     ;            ; time borrowed                                               ;
; 24.536   ; 4.536   ;    ;        ;        ;                     ;            ; clock path                                                  ;
;   20.000 ;   0.000 ;    ;        ;        ;                     ;            ; source latency                                              ;
;   20.000 ;   0.000 ;    ;        ; 1      ; PIN_AM10            ;            ; CLK_50                                                      ;
;   20.000 ;   0.000 ; RR ; IC     ; 1      ; IOIBUF_X148_Y16_N32 ;            ; CLK_50~input|i                                              ;
;   20.547 ;   0.547 ; RR ; CELL   ; 1      ; IOIBUF_X148_Y16_N32 ;            ; CLK_50~input|o                                              ;
;   20.676 ;   0.129 ; RR ; CELL   ; 1      ; IOIBUF_X148_Y16_N32 ;            ; CLK_50~input~io_48_lvds_tile_edge/ioclkin[0]                ;
;   20.676 ;   0.000 ; RR ; IC     ; 2      ; CLKCTRL_3A_G_I20    ;            ; CLK_50~inputCLKENA0|inclk                                   ;
;   21.116 ;   0.440 ; RR ; CELL   ; 181589 ; CLKCTRL_3A_G_I20    ;            ; CLK_50~inputCLKENA0|outclk                                  ;
;   24.284 ;   3.168 ; RR ; IC     ; 1      ; FF_X106_Y101_N58    ; High Speed ; System|npu_system_0|npu_system_13|avm_out_writedata[22]|clk ;
;   24.284 ;   0.000 ; RR ; CELL   ; 1      ; FF_X106_Y101_N58    ; High Speed ; System|npu_system_0|npu_system_13|avm_out_writedata[22]     ;
;   24.536 ;   0.252 ;    ;        ;        ;                     ;            ; clock pessimism removed                                     ;
; 24.506   ; -0.030  ;    ;        ;        ;                     ;            ; clock uncertainty                                           ;
; 24.774   ; 0.268   ;    ; uTsu   ; 1      ; FF_X106_Y101_N58    ;            ; System|npu_system_0|npu_system_13|avm_out_writedata[22]     ;
+----------+---------+----+--------+--------+---------------------+------------+-------------------------------------------------------------+



----------------
; Command Info ;
----------------
Report Timing: Found 10 hold paths (0 violated).  Worst case slack is 0.015 

Tcl Command:
    report_timing -hold -panel_name {Worst-Case Timing Paths||Hold||CLK_50} -to_clock [get_clocks {CLK_50}] -npaths 10 -detail full_path

Options:
    -to_clock [get_clocks {CLK_50}] 
    -hold 
    -npaths 10 
    -detail full_path 
    -panel_name {CLK_50} 

Snapshot:
    final

Delay Models:
    Slow 900mV 100C Model
    Slow 900mV 0C Model
    Fast 900mV 100C Model
    Fast 900mV 0C Model


+---------------------------------------------------------------------------------------------------------------------------------------------------------------------------------------------------------------------------------------------------------------------------------------------------+
; Summary of Paths                                                                                                                                                                                                                                                                                  ;
+-------+------------------------------------------------------------------------------------+----------------------------------------------------------------------------------------------+--------------+-------------+--------------+------------+------------+---------------------------------+
; Slack ; From Node                                                                          ; To Node                                                                                      ; Launch Clock ; Latch Clock ; Relationship ; Clock Skew ; Data Delay ; Worst-Case Operating Conditions ;
+-------+------------------------------------------------------------------------------------+----------------------------------------------------------------------------------------------+--------------+-------------+--------------+------------+------------+---------------------------------+
; 0.015 ; System|intel_niosv_g_0|intel_niosv_g_0|hart|core_inst|lsu_inst|store_miss          ; System|intel_niosv_g_0|intel_niosv_g_0|hart|core_inst|lsu_inst|store_miss                    ; CLK_50       ; CLK_50      ; 0.000        ; 0.001      ; 0.261      ; Fast 900mV 0C Model             ;
; 0.017 ; System|intel_niosv_g_0|intel_niosv_g_0|hart|core_inst|csr_inst|debug_pc[26]        ; System|intel_niosv_g_0|intel_niosv_g_0|hart|core_inst|csr_inst|debug_pc[26]                  ; CLK_50       ; CLK_50      ; 0.000        ; 0.000      ; 0.275      ; Fast 900mV 0C Model             ;
; 0.017 ; System|intel_niosv_g_0|intel_niosv_g_0|hart|core_inst|csr_inst|debug_pc[22]        ; System|intel_niosv_g_0|intel_niosv_g_0|hart|core_inst|csr_inst|debug_pc[22]                  ; CLK_50       ; CLK_50      ; 0.000        ; 0.000      ; 0.275      ; Fast 900mV 0C Model             ;
; 0.017 ; System|mm_interconnect_1|weight_mem_s1_agent_rdata_fifo|mem_used[1]                ; System|mm_interconnect_1|weight_mem_s1_agent_rdata_fifo|mem_used[1]                          ; CLK_50       ; CLK_50      ; 0.000        ; 0.000      ; 0.275      ; Fast 900mV 0C Model             ;
; 0.017 ; System|mm_interconnect_1|npu_system_0_avalon_slave_0_agent_rdata_fifo|mem_used[0]  ; System|mm_interconnect_1|npu_system_0_avalon_slave_0_agent_rdata_fifo|mem_used[0]            ; CLK_50       ; CLK_50      ; 0.000        ; 0.001      ; 0.276      ; Fast 900mV 0C Model             ;
; 0.018 ; System|npu_system_0|npu_system_13|NPU_CORE_INT8|control_unit_inst|run_enable       ; System|npu_system_0|npu_system_13|NPU_CORE_INT8|control_unit_inst|run_enable                 ; CLK_50       ; CLK_50      ; 0.000        ; 0.000      ; 0.275      ; Fast 900mV 0C Model             ;
; 0.018 ; System|intel_niosv_g_0|intel_niosv_g_0|hart|core_inst|csr_inst|dscratch1[4]        ; System|intel_niosv_g_0|intel_niosv_g_0|hart|core_inst|csr_inst|dscratch1[4]                  ; CLK_50       ; CLK_50      ; 0.000        ; 0.000      ; 0.264      ; Fast 900mV 0C Model             ;
; 0.018 ; System|intel_niosv_g_0|intel_niosv_g_0|hart|core_inst|icache_inst|ren_buf          ; System|intel_niosv_g_0|intel_niosv_g_0|hart|core_inst|icache_inst|ren_buf                    ; CLK_50       ; CLK_50      ; 0.000        ; 0.001      ; 0.272      ; Fast 900mV 0C Model             ;
; 0.019 ; System|intel_niosv_g_0|intel_niosv_g_0|hart|core_inst|lsu_inst|write_adrs|state[1] ; System|intel_niosv_g_0|intel_niosv_g_0|hart|core_inst|lsu_inst|write_adrs|state[1]~DUPLICATE ; CLK_50       ; CLK_50      ; 0.000        ; 0.001      ; 0.257      ; Fast 900mV 0C Model             ;
; 0.019 ; System|intel_niosv_g_0|intel_niosv_g_0|hart|core_inst|csr_inst|debug_pc[21]        ; System|intel_niosv_g_0|intel_niosv_g_0|hart|core_inst|csr_inst|debug_pc[21]                  ; CLK_50       ; CLK_50      ; 0.000        ; 0.000      ; 0.282      ; Fast 900mV 0C Model             ;
+-------+------------------------------------------------------------------------------------+----------------------------------------------------------------------------------------------+--------------+-------------+--------------+------------+------------+---------------------------------+


Path #1: Hold slack is 0.015 
===============================================================================
+-------------------------------------------------------------------------------------------------------------+
; Path Summary                                                                                                ;
+---------------------------------+---------------------------------------------------------------------------+
; Property                        ; Value                                                                     ;
+---------------------------------+---------------------------------------------------------------------------+
; From Node                       ; System|intel_niosv_g_0|intel_niosv_g_0|hart|core_inst|lsu_inst|store_miss ;
; To Node                         ; System|intel_niosv_g_0|intel_niosv_g_0|hart|core_inst|lsu_inst|store_miss ;
; Launch Clock                    ; CLK_50                                                                    ;
; Latch Clock                     ; CLK_50                                                                    ;
; SDC Exception                   ; No SDC Exception on Path                                                  ;
; Data Arrival Time               ; 2.690                                                                     ;
; Data Required Time              ; 2.675                                                                     ;
; Slack                           ; 0.015                                                                     ;
; Worst-Case Operating Conditions ; Fast 900mV 0C Model                                                       ;
+---------------------------------+---------------------------------------------------------------------------+

+-----------------------------------------------------------------------------------+
; Statistics                                                                        ;
+------------------------+-------+-------+-------------+------------+-------+-------+
; Property               ; Value ; Count ; Total Delay ; % of Total ; Min   ; Max   ;
+------------------------+-------+-------+-------------+------------+-------+-------+
; Hold Relationship      ; 0.000 ;       ;             ;            ;       ;       ;
; Clock Skew             ; 0.001 ;       ;             ;            ;       ;       ;
; Data Delay             ; 0.261 ;       ;             ;            ;       ;       ;
; Number of Logic Levels ;       ; 1     ;             ;            ;       ;       ;
; Physical Delays        ;       ;       ;             ;            ;       ;       ;
;  Arrival Path          ;       ;       ;             ;            ;       ;       ;
;   Clock                ;       ;       ;             ;            ;       ;       ;
;    IC                  ;       ; 3     ; 1.878       ; 77         ; 0.000 ; 1.878 ;
;    Cell                ;       ; 4     ; 0.551       ; 23         ; 0.000 ; 0.261 ;
;   Data                 ;       ;       ;             ;            ;       ;       ;
;    Cell                ;       ; 4     ; 0.155       ; 59         ; 0.000 ; 0.155 ;
;    uTco                ;       ; 1     ; 0.106       ; 41         ; 0.106 ; 0.106 ;
;  Required Path         ;       ;       ;             ;            ;       ;       ;
;   Clock                ;       ;       ;             ;            ;       ;       ;
;    IC                  ;       ; 3     ; 2.042       ; 77         ; 0.000 ; 2.042 ;
;    Cell                ;       ; 4     ; 0.613       ; 23         ; 0.000 ; 0.277 ;
+------------------------+-------+-------+-------------+------------+-------+-------+
Note: Negative delays are omitted from totals when calculating percentages

+---------------------------------------------------------------------------------------------------------------------------------------------------------------+
; Data Arrival Path                                                                                                                                             ;
+---------+---------+----+--------+--------+----------------------+------------+--------------------------------------------------------------------------------+
; Total   ; Incr    ; RF ; Type   ; Fanout ; Location             ; HS/LP      ; Element                                                                        ;
+---------+---------+----+--------+--------+----------------------+------------+--------------------------------------------------------------------------------+
; 0.000   ; 0.000   ;    ;        ;        ;                      ;            ; launch edge time                                                               ;
; 0.000   ; 0.000   ;    ; borrow ;        ;                      ;            ; time borrowed                                                                  ;
; 2.429   ; 2.429   ;    ;        ;        ;                      ;            ; clock path                                                                     ;
;   0.000 ;   0.000 ;    ;        ;        ;                      ;            ; source latency                                                                 ;
;   0.000 ;   0.000 ;    ;        ; 1      ; PIN_AM10             ;            ; CLK_50                                                                         ;
;   0.000 ;   0.000 ; RR ; IC     ; 1      ; IOIBUF_X148_Y16_N32  ;            ; CLK_50~input|i                                                                 ;
;   0.261 ;   0.261 ; RR ; CELL   ; 1      ; IOIBUF_X148_Y16_N32  ;            ; CLK_50~input|o                                                                 ;
;   0.322 ;   0.061 ; RR ; CELL   ; 1      ; IOIBUF_X148_Y16_N32  ;            ; CLK_50~input~io_48_lvds_tile_edge/ioclkin[0]                                   ;
;   0.322 ;   0.000 ; RR ; IC     ; 2      ; CLKCTRL_3A_G_I20     ;            ; CLK_50~inputCLKENA0|inclk                                                      ;
;   0.551 ;   0.229 ; RR ; CELL   ; 181589 ; CLKCTRL_3A_G_I20     ;            ; CLK_50~inputCLKENA0|outclk                                                     ;
;   2.429 ;   1.878 ; RR ; IC     ; 1      ; FF_X99_Y22_N43       ; High Speed ; System|intel_niosv_g_0|intel_niosv_g_0|hart|core_inst|lsu_inst|store_miss|clk  ;
;   2.429 ;   0.000 ; RR ; CELL   ; 1      ; FF_X99_Y22_N43       ; High Speed ; System|intel_niosv_g_0|intel_niosv_g_0|hart|core_inst|lsu_inst|store_miss      ;
; 2.690   ; 0.261   ;    ;        ;        ;                      ;            ; data path                                                                      ;
;   2.535 ;   0.106 ; FF ; uTco   ; 2      ; FF_X99_Y22_N43       ;            ; System|intel_niosv_g_0|intel_niosv_g_0|hart|core_inst|lsu_inst|store_miss|q    ;
;   2.535 ;   0.000 ; FF ; CELL   ; 1      ; MLABCELL_X99_Y22_N42 ; High Speed ; System|intel_niosv_g_0|intel_niosv_g_0|hart|core_inst|lsu_inst|i1251~0|datae   ;
;   2.690 ;   0.155 ; FF ; CELL   ; 1      ; MLABCELL_X99_Y22_N42 ; High Speed ; System|intel_niosv_g_0|intel_niosv_g_0|hart|core_inst|lsu_inst|i1251~0|combout ;
;   2.690 ;   0.000 ; FF ; CELL   ; 1      ; FF_X99_Y22_N43       ; High Speed ; System|intel_niosv_g_0|intel_niosv_g_0|hart|core_inst|lsu_inst|store_miss|d    ;
;   2.690 ;   0.000 ; FF ; CELL   ; 1      ; FF_X99_Y22_N43       ; High Speed ; System|intel_niosv_g_0|intel_niosv_g_0|hart|core_inst|lsu_inst|store_miss      ;
+---------+---------+----+--------+--------+----------------------+------------+--------------------------------------------------------------------------------+

+--------------------------------------------------------------------------------------------------------------------------------------------------------------+
; Data Required Path                                                                                                                                           ;
+---------+----------+----+--------+--------+---------------------+------------+-------------------------------------------------------------------------------+
; Total   ; Incr     ; RF ; Type   ; Fanout ; Location            ; HS/LP      ; Element                                                                       ;
+---------+----------+----+--------+--------+---------------------+------------+-------------------------------------------------------------------------------+
; 0.000   ; 0.000    ;    ;        ;        ;                     ;            ; latch edge time                                                               ;
; 0.000   ; 0.000    ;    ; borrow ;        ;                     ;            ; time borrowed                                                                 ;
; 2.430   ; 2.430    ;    ;        ;        ;                     ;            ; clock path                                                                    ;
;   0.000 ;   0.000  ;    ;        ;        ;                     ;            ; source latency                                                                ;
;   0.000 ;   0.000  ;    ;        ; 1      ; PIN_AM10            ;            ; CLK_50                                                                        ;
;   0.000 ;   0.000  ; RR ; IC     ; 1      ; IOIBUF_X148_Y16_N32 ;            ; CLK_50~input|i                                                                ;
;   0.261 ;   0.261  ; RR ; CELL   ; 1      ; IOIBUF_X148_Y16_N32 ;            ; CLK_50~input|o                                                                ;
;   0.336 ;   0.075  ; RR ; CELL   ; 1      ; IOIBUF_X148_Y16_N32 ;            ; CLK_50~input~io_48_lvds_tile_edge/ioclkin[0]                                  ;
;   0.336 ;   0.000  ; RR ; IC     ; 2      ; CLKCTRL_3A_G_I20    ;            ; CLK_50~inputCLKENA0|inclk                                                     ;
;   0.613 ;   0.277  ; RR ; CELL   ; 181589 ; CLKCTRL_3A_G_I20    ;            ; CLK_50~inputCLKENA0|outclk                                                    ;
;   2.655 ;   2.042  ; RR ; IC     ; 1      ; FF_X99_Y22_N43      ; High Speed ; System|intel_niosv_g_0|intel_niosv_g_0|hart|core_inst|lsu_inst|store_miss|clk ;
;   2.655 ;   0.000  ; RR ; CELL   ; 1      ; FF_X99_Y22_N43      ; High Speed ; System|intel_niosv_g_0|intel_niosv_g_0|hart|core_inst|lsu_inst|store_miss     ;
;   2.430 ;   -0.225 ;    ;        ;        ;                     ;            ; clock pessimism removed                                                       ;
; 2.430   ; 0.000    ;    ;        ;        ;                     ;            ; clock uncertainty                                                             ;
; 2.675   ; 0.245    ;    ; uTh    ; 1      ; FF_X99_Y22_N43      ;            ; System|intel_niosv_g_0|intel_niosv_g_0|hart|core_inst|lsu_inst|store_miss     ;
+---------+----------+----+--------+--------+---------------------+------------+-------------------------------------------------------------------------------+



Path #2: Hold slack is 0.017 
===============================================================================
+---------------------------------------------------------------------------------------------------------------+
; Path Summary                                                                                                  ;
+---------------------------------+-----------------------------------------------------------------------------+
; Property                        ; Value                                                                       ;
+---------------------------------+-----------------------------------------------------------------------------+
; From Node                       ; System|intel_niosv_g_0|intel_niosv_g_0|hart|core_inst|csr_inst|debug_pc[26] ;
; To Node                         ; System|intel_niosv_g_0|intel_niosv_g_0|hart|core_inst|csr_inst|debug_pc[26] ;
; Launch Clock                    ; CLK_50                                                                      ;
; Latch Clock                     ; CLK_50                                                                      ;
; SDC Exception                   ; No SDC Exception on Path                                                    ;
; Data Arrival Time               ; 2.723                                                                       ;
; Data Required Time              ; 2.706                                                                       ;
; Slack                           ; 0.017                                                                       ;
; Worst-Case Operating Conditions ; Fast 900mV 0C Model                                                         ;
+---------------------------------+-----------------------------------------------------------------------------+

+-----------------------------------------------------------------------------------+
; Statistics                                                                        ;
+------------------------+-------+-------+-------------+------------+-------+-------+
; Property               ; Value ; Count ; Total Delay ; % of Total ; Min   ; Max   ;
+------------------------+-------+-------+-------------+------------+-------+-------+
; Hold Relationship      ; 0.000 ;       ;             ;            ;       ;       ;
; Clock Skew             ; 0.000 ;       ;             ;            ;       ;       ;
; Data Delay             ; 0.275 ;       ;             ;            ;       ;       ;
; Number of Logic Levels ;       ; 1     ;             ;            ;       ;       ;
; Physical Delays        ;       ;       ;             ;            ;       ;       ;
;  Arrival Path          ;       ;       ;             ;            ;       ;       ;
;   Clock                ;       ;       ;             ;            ;       ;       ;
;    IC                  ;       ; 3     ; 1.897       ; 77         ; 0.000 ; 1.897 ;
;    Cell                ;       ; 4     ; 0.551       ; 23         ; 0.000 ; 0.261 ;
;   Data                 ;       ;       ;             ;            ;       ;       ;
;    Cell                ;       ; 4     ; 0.162       ; 59         ; 0.000 ; 0.162 ;
;    uTco                ;       ; 1     ; 0.113       ; 41         ; 0.113 ; 0.113 ;
;  Required Path         ;       ;       ;             ;            ;       ;       ;
;   Clock                ;       ;       ;             ;            ;       ;       ;
;    IC                  ;       ; 3     ; 2.061       ; 77         ; 0.000 ; 2.061 ;
;    Cell                ;       ; 4     ; 0.613       ; 23         ; 0.000 ; 0.277 ;
+------------------------+-------+-------+-------------+------------+-------+-------+
Note: Negative delays are omitted from totals when calculating percentages

+--------------------------------------------------------------------------------------------------------------------------------------------------------------------------+
; Data Arrival Path                                                                                                                                                        ;
+---------+---------+----+--------+--------+-----------------------+-----------+-------------------------------------------------------------------------------------------+
; Total   ; Incr    ; RF ; Type   ; Fanout ; Location              ; HS/LP     ; Element                                                                                   ;
+---------+---------+----+--------+--------+-----------------------+-----------+-------------------------------------------------------------------------------------------+
; 0.000   ; 0.000   ;    ;        ;        ;                       ;           ; launch edge time                                                                          ;
; 0.000   ; 0.000   ;    ; borrow ;        ;                       ;           ; time borrowed                                                                             ;
; 2.448   ; 2.448   ;    ;        ;        ;                       ;           ; clock path                                                                                ;
;   0.000 ;   0.000 ;    ;        ;        ;                       ;           ; source latency                                                                            ;
;   0.000 ;   0.000 ;    ;        ; 1      ; PIN_AM10              ;           ; CLK_50                                                                                    ;
;   0.000 ;   0.000 ; RR ; IC     ; 1      ; IOIBUF_X148_Y16_N32   ;           ; CLK_50~input|i                                                                            ;
;   0.261 ;   0.261 ; RR ; CELL   ; 1      ; IOIBUF_X148_Y16_N32   ;           ; CLK_50~input|o                                                                            ;
;   0.322 ;   0.061 ; RR ; CELL   ; 1      ; IOIBUF_X148_Y16_N32   ;           ; CLK_50~input~io_48_lvds_tile_edge/ioclkin[0]                                              ;
;   0.322 ;   0.000 ; RR ; IC     ; 2      ; CLKCTRL_3A_G_I20      ;           ; CLK_50~inputCLKENA0|inclk                                                                 ;
;   0.551 ;   0.229 ; RR ; CELL   ; 181589 ; CLKCTRL_3A_G_I20      ;           ; CLK_50~inputCLKENA0|outclk                                                                ;
;   2.448 ;   1.897 ; RR ; IC     ; 1      ; FF_X115_Y16_N43       ; Low Power ; System|intel_niosv_g_0|intel_niosv_g_0|hart|core_inst|csr_inst|debug_pc[26]|clk           ;
;   2.448 ;   0.000 ; RR ; CELL   ; 1      ; FF_X115_Y16_N43       ; Low Power ; System|intel_niosv_g_0|intel_niosv_g_0|hart|core_inst|csr_inst|debug_pc[26]               ;
; 2.723   ; 0.275   ;    ;        ;        ;                       ;           ; data path                                                                                 ;
;   2.561 ;   0.113 ; FF ; uTco   ; 2      ; FF_X115_Y16_N43       ;           ; System|intel_niosv_g_0|intel_niosv_g_0|hart|core_inst|csr_inst|debug_pc[26]|q             ;
;   2.561 ;   0.000 ; FF ; CELL   ; 1      ; MLABCELL_X115_Y16_N42 ; Low Power ; System|intel_niosv_g_0|intel_niosv_g_0|hart|core_inst|csr_inst|debug_pc_nxt[0]~32|datae   ;
;   2.723 ;   0.162 ; FF ; CELL   ; 1      ; MLABCELL_X115_Y16_N42 ; Low Power ; System|intel_niosv_g_0|intel_niosv_g_0|hart|core_inst|csr_inst|debug_pc_nxt[0]~32|combout ;
;   2.723 ;   0.000 ; FF ; CELL   ; 1      ; FF_X115_Y16_N43       ; Low Power ; System|intel_niosv_g_0|intel_niosv_g_0|hart|core_inst|csr_inst|debug_pc[26]|d             ;
;   2.723 ;   0.000 ; FF ; CELL   ; 1      ; FF_X115_Y16_N43       ; Low Power ; System|intel_niosv_g_0|intel_niosv_g_0|hart|core_inst|csr_inst|debug_pc[26]               ;
+---------+---------+----+--------+--------+-----------------------+-----------+-------------------------------------------------------------------------------------------+

+---------------------------------------------------------------------------------------------------------------------------------------------------------------+
; Data Required Path                                                                                                                                            ;
+---------+----------+----+--------+--------+---------------------+-----------+---------------------------------------------------------------------------------+
; Total   ; Incr     ; RF ; Type   ; Fanout ; Location            ; HS/LP     ; Element                                                                         ;
+---------+----------+----+--------+--------+---------------------+-----------+---------------------------------------------------------------------------------+
; 0.000   ; 0.000    ;    ;        ;        ;                     ;           ; latch edge time                                                                 ;
; 0.000   ; 0.000    ;    ; borrow ;        ;                     ;           ; time borrowed                                                                   ;
; 2.448   ; 2.448    ;    ;        ;        ;                     ;           ; clock path                                                                      ;
;   0.000 ;   0.000  ;    ;        ;        ;                     ;           ; source latency                                                                  ;
;   0.000 ;   0.000  ;    ;        ; 1      ; PIN_AM10            ;           ; CLK_50                                                                          ;
;   0.000 ;   0.000  ; RR ; IC     ; 1      ; IOIBUF_X148_Y16_N32 ;           ; CLK_50~input|i                                                                  ;
;   0.261 ;   0.261  ; RR ; CELL   ; 1      ; IOIBUF_X148_Y16_N32 ;           ; CLK_50~input|o                                                                  ;
;   0.336 ;   0.075  ; RR ; CELL   ; 1      ; IOIBUF_X148_Y16_N32 ;           ; CLK_50~input~io_48_lvds_tile_edge/ioclkin[0]                                    ;
;   0.336 ;   0.000  ; RR ; IC     ; 2      ; CLKCTRL_3A_G_I20    ;           ; CLK_50~inputCLKENA0|inclk                                                       ;
;   0.613 ;   0.277  ; RR ; CELL   ; 181589 ; CLKCTRL_3A_G_I20    ;           ; CLK_50~inputCLKENA0|outclk                                                      ;
;   2.674 ;   2.061  ; RR ; IC     ; 1      ; FF_X115_Y16_N43     ; Low Power ; System|intel_niosv_g_0|intel_niosv_g_0|hart|core_inst|csr_inst|debug_pc[26]|clk ;
;   2.674 ;   0.000  ; RR ; CELL   ; 1      ; FF_X115_Y16_N43     ; Low Power ; System|intel_niosv_g_0|intel_niosv_g_0|hart|core_inst|csr_inst|debug_pc[26]     ;
;   2.448 ;   -0.226 ;    ;        ;        ;                     ;           ; clock pessimism removed                                                         ;
; 2.448   ; 0.000    ;    ;        ;        ;                     ;           ; clock uncertainty                                                               ;
; 2.706   ; 0.258    ;    ; uTh    ; 1      ; FF_X115_Y16_N43     ;           ; System|intel_niosv_g_0|intel_niosv_g_0|hart|core_inst|csr_inst|debug_pc[26]     ;
+---------+----------+----+--------+--------+---------------------+-----------+---------------------------------------------------------------------------------+



Path #3: Hold slack is 0.017 
===============================================================================
+---------------------------------------------------------------------------------------------------------------+
; Path Summary                                                                                                  ;
+---------------------------------+-----------------------------------------------------------------------------+
; Property                        ; Value                                                                       ;
+---------------------------------+-----------------------------------------------------------------------------+
; From Node                       ; System|intel_niosv_g_0|intel_niosv_g_0|hart|core_inst|csr_inst|debug_pc[22] ;
; To Node                         ; System|intel_niosv_g_0|intel_niosv_g_0|hart|core_inst|csr_inst|debug_pc[22] ;
; Launch Clock                    ; CLK_50                                                                      ;
; Latch Clock                     ; CLK_50                                                                      ;
; SDC Exception                   ; No SDC Exception on Path                                                    ;
; Data Arrival Time               ; 2.723                                                                       ;
; Data Required Time              ; 2.706                                                                       ;
; Slack                           ; 0.017                                                                       ;
; Worst-Case Operating Conditions ; Fast 900mV 0C Model                                                         ;
+---------------------------------+-----------------------------------------------------------------------------+

+-----------------------------------------------------------------------------------+
; Statistics                                                                        ;
+------------------------+-------+-------+-------------+------------+-------+-------+
; Property               ; Value ; Count ; Total Delay ; % of Total ; Min   ; Max   ;
+------------------------+-------+-------+-------------+------------+-------+-------+
; Hold Relationship      ; 0.000 ;       ;             ;            ;       ;       ;
; Clock Skew             ; 0.000 ;       ;             ;            ;       ;       ;
; Data Delay             ; 0.275 ;       ;             ;            ;       ;       ;
; Number of Logic Levels ;       ; 1     ;             ;            ;       ;       ;
; Physical Delays        ;       ;       ;             ;            ;       ;       ;
;  Arrival Path          ;       ;       ;             ;            ;       ;       ;
;   Clock                ;       ;       ;             ;            ;       ;       ;
;    IC                  ;       ; 3     ; 1.897       ; 77         ; 0.000 ; 1.897 ;
;    Cell                ;       ; 4     ; 0.551       ; 23         ; 0.000 ; 0.261 ;
;   Data                 ;       ;       ;             ;            ;       ;       ;
;    Cell                ;       ; 4     ; 0.162       ; 59         ; 0.000 ; 0.162 ;
;    uTco                ;       ; 1     ; 0.113       ; 41         ; 0.113 ; 0.113 ;
;  Required Path         ;       ;       ;             ;            ;       ;       ;
;   Clock                ;       ;       ;             ;            ;       ;       ;
;    IC                  ;       ; 3     ; 2.061       ; 77         ; 0.000 ; 2.061 ;
;    Cell                ;       ; 4     ; 0.613       ; 23         ; 0.000 ; 0.277 ;
+------------------------+-------+-------+-------------+------------+-------+-------+
Note: Negative delays are omitted from totals when calculating percentages

+--------------------------------------------------------------------------------------------------------------------------------------------------------------------------+
; Data Arrival Path                                                                                                                                                        ;
+---------+---------+----+--------+--------+-----------------------+-----------+-------------------------------------------------------------------------------------------+
; Total   ; Incr    ; RF ; Type   ; Fanout ; Location              ; HS/LP     ; Element                                                                                   ;
+---------+---------+----+--------+--------+-----------------------+-----------+-------------------------------------------------------------------------------------------+
; 0.000   ; 0.000   ;    ;        ;        ;                       ;           ; launch edge time                                                                          ;
; 0.000   ; 0.000   ;    ; borrow ;        ;                       ;           ; time borrowed                                                                             ;
; 2.448   ; 2.448   ;    ;        ;        ;                       ;           ; clock path                                                                                ;
;   0.000 ;   0.000 ;    ;        ;        ;                       ;           ; source latency                                                                            ;
;   0.000 ;   0.000 ;    ;        ; 1      ; PIN_AM10              ;           ; CLK_50                                                                                    ;
;   0.000 ;   0.000 ; RR ; IC     ; 1      ; IOIBUF_X148_Y16_N32   ;           ; CLK_50~input|i                                                                            ;
;   0.261 ;   0.261 ; RR ; CELL   ; 1      ; IOIBUF_X148_Y16_N32   ;           ; CLK_50~input|o                                                                            ;
;   0.322 ;   0.061 ; RR ; CELL   ; 1      ; IOIBUF_X148_Y16_N32   ;           ; CLK_50~input~io_48_lvds_tile_edge/ioclkin[0]                                              ;
;   0.322 ;   0.000 ; RR ; IC     ; 2      ; CLKCTRL_3A_G_I20      ;           ; CLK_50~inputCLKENA0|inclk                                                                 ;
;   0.551 ;   0.229 ; RR ; CELL   ; 181589 ; CLKCTRL_3A_G_I20      ;           ; CLK_50~inputCLKENA0|outclk                                                                ;
;   2.448 ;   1.897 ; RR ; IC     ; 1      ; FF_X115_Y16_N37       ; Low Power ; System|intel_niosv_g_0|intel_niosv_g_0|hart|core_inst|csr_inst|debug_pc[22]|clk           ;
;   2.448 ;   0.000 ; RR ; CELL   ; 1      ; FF_X115_Y16_N37       ; Low Power ; System|intel_niosv_g_0|intel_niosv_g_0|hart|core_inst|csr_inst|debug_pc[22]               ;
; 2.723   ; 0.275   ;    ;        ;        ;                       ;           ; data path                                                                                 ;
;   2.561 ;   0.113 ; FF ; uTco   ; 2      ; FF_X115_Y16_N37       ;           ; System|intel_niosv_g_0|intel_niosv_g_0|hart|core_inst|csr_inst|debug_pc[22]|q             ;
;   2.561 ;   0.000 ; FF ; CELL   ; 1      ; MLABCELL_X115_Y16_N36 ; Low Power ; System|intel_niosv_g_0|intel_niosv_g_0|hart|core_inst|csr_inst|debug_pc_nxt[0]~27|datae   ;
;   2.723 ;   0.162 ; FF ; CELL   ; 1      ; MLABCELL_X115_Y16_N36 ; Low Power ; System|intel_niosv_g_0|intel_niosv_g_0|hart|core_inst|csr_inst|debug_pc_nxt[0]~27|combout ;
;   2.723 ;   0.000 ; FF ; CELL   ; 1      ; FF_X115_Y16_N37       ; Low Power ; System|intel_niosv_g_0|intel_niosv_g_0|hart|core_inst|csr_inst|debug_pc[22]|d             ;
;   2.723 ;   0.000 ; FF ; CELL   ; 1      ; FF_X115_Y16_N37       ; Low Power ; System|intel_niosv_g_0|intel_niosv_g_0|hart|core_inst|csr_inst|debug_pc[22]               ;
+---------+---------+----+--------+--------+-----------------------+-----------+-------------------------------------------------------------------------------------------+

+---------------------------------------------------------------------------------------------------------------------------------------------------------------+
; Data Required Path                                                                                                                                            ;
+---------+----------+----+--------+--------+---------------------+-----------+---------------------------------------------------------------------------------+
; Total   ; Incr     ; RF ; Type   ; Fanout ; Location            ; HS/LP     ; Element                                                                         ;
+---------+----------+----+--------+--------+---------------------+-----------+---------------------------------------------------------------------------------+
; 0.000   ; 0.000    ;    ;        ;        ;                     ;           ; latch edge time                                                                 ;
; 0.000   ; 0.000    ;    ; borrow ;        ;                     ;           ; time borrowed                                                                   ;
; 2.448   ; 2.448    ;    ;        ;        ;                     ;           ; clock path                                                                      ;
;   0.000 ;   0.000  ;    ;        ;        ;                     ;           ; source latency                                                                  ;
;   0.000 ;   0.000  ;    ;        ; 1      ; PIN_AM10            ;           ; CLK_50                                                                          ;
;   0.000 ;   0.000  ; RR ; IC     ; 1      ; IOIBUF_X148_Y16_N32 ;           ; CLK_50~input|i                                                                  ;
;   0.261 ;   0.261  ; RR ; CELL   ; 1      ; IOIBUF_X148_Y16_N32 ;           ; CLK_50~input|o                                                                  ;
;   0.336 ;   0.075  ; RR ; CELL   ; 1      ; IOIBUF_X148_Y16_N32 ;           ; CLK_50~input~io_48_lvds_tile_edge/ioclkin[0]                                    ;
;   0.336 ;   0.000  ; RR ; IC     ; 2      ; CLKCTRL_3A_G_I20    ;           ; CLK_50~inputCLKENA0|inclk                                                       ;
;   0.613 ;   0.277  ; RR ; CELL   ; 181589 ; CLKCTRL_3A_G_I20    ;           ; CLK_50~inputCLKENA0|outclk                                                      ;
;   2.674 ;   2.061  ; RR ; IC     ; 1      ; FF_X115_Y16_N37     ; Low Power ; System|intel_niosv_g_0|intel_niosv_g_0|hart|core_inst|csr_inst|debug_pc[22]|clk ;
;   2.674 ;   0.000  ; RR ; CELL   ; 1      ; FF_X115_Y16_N37     ; Low Power ; System|intel_niosv_g_0|intel_niosv_g_0|hart|core_inst|csr_inst|debug_pc[22]     ;
;   2.448 ;   -0.226 ;    ;        ;        ;                     ;           ; clock pessimism removed                                                         ;
; 2.448   ; 0.000    ;    ;        ;        ;                     ;           ; clock uncertainty                                                               ;
; 2.706   ; 0.258    ;    ; uTh    ; 1      ; FF_X115_Y16_N37     ;           ; System|intel_niosv_g_0|intel_niosv_g_0|hart|core_inst|csr_inst|debug_pc[22]     ;
+---------+----------+----+--------+--------+---------------------+-----------+---------------------------------------------------------------------------------+



Path #4: Hold slack is 0.017 
===============================================================================
+-------------------------------------------------------------------------------------------------------+
; Path Summary                                                                                          ;
+---------------------------------+---------------------------------------------------------------------+
; Property                        ; Value                                                               ;
+---------------------------------+---------------------------------------------------------------------+
; From Node                       ; System|mm_interconnect_1|weight_mem_s1_agent_rdata_fifo|mem_used[1] ;
; To Node                         ; System|mm_interconnect_1|weight_mem_s1_agent_rdata_fifo|mem_used[1] ;
; Launch Clock                    ; CLK_50                                                              ;
; Latch Clock                     ; CLK_50                                                              ;
; SDC Exception                   ; No SDC Exception on Path                                            ;
; Data Arrival Time               ; 2.736                                                               ;
; Data Required Time              ; 2.719                                                               ;
; Slack                           ; 0.017                                                               ;
; Worst-Case Operating Conditions ; Fast 900mV 0C Model                                                 ;
+---------------------------------+---------------------------------------------------------------------+

+-----------------------------------------------------------------------------------+
; Statistics                                                                        ;
+------------------------+-------+-------+-------------+------------+-------+-------+
; Property               ; Value ; Count ; Total Delay ; % of Total ; Min   ; Max   ;
+------------------------+-------+-------+-------------+------------+-------+-------+
; Hold Relationship      ; 0.000 ;       ;             ;            ;       ;       ;
; Clock Skew             ; 0.000 ;       ;             ;            ;       ;       ;
; Data Delay             ; 0.275 ;       ;             ;            ;       ;       ;
; Number of Logic Levels ;       ; 1     ;             ;            ;       ;       ;
; Physical Delays        ;       ;       ;             ;            ;       ;       ;
;  Arrival Path          ;       ;       ;             ;            ;       ;       ;
;   Clock                ;       ;       ;             ;            ;       ;       ;
;    IC                  ;       ; 3     ; 1.910       ; 78         ; 0.000 ; 1.910 ;
;    Cell                ;       ; 4     ; 0.551       ; 22         ; 0.000 ; 0.261 ;
;   Data                 ;       ;       ;             ;            ;       ;       ;
;    Cell                ;       ; 4     ; 0.162       ; 59         ; 0.000 ; 0.162 ;
;    uTco                ;       ; 1     ; 0.113       ; 41         ; 0.113 ; 0.113 ;
;  Required Path         ;       ;       ;             ;            ;       ;       ;
;   Clock                ;       ;       ;             ;            ;       ;       ;
;    IC                  ;       ; 3     ; 2.075       ; 77         ; 0.000 ; 2.075 ;
;    Cell                ;       ; 4     ; 0.613       ; 23         ; 0.000 ; 0.277 ;
+------------------------+-------+-------+-------------+------------+-------+-------+
Note: Negative delays are omitted from totals when calculating percentages

+-------------------------------------------------------------------------------------------------------------------------------------------------------------+
; Data Arrival Path                                                                                                                                           ;
+---------+---------+----+--------+--------+----------------------+-----------+-------------------------------------------------------------------------------+
; Total   ; Incr    ; RF ; Type   ; Fanout ; Location             ; HS/LP     ; Element                                                                       ;
+---------+---------+----+--------+--------+----------------------+-----------+-------------------------------------------------------------------------------+
; 0.000   ; 0.000   ;    ;        ;        ;                      ;           ; launch edge time                                                              ;
; 0.000   ; 0.000   ;    ; borrow ;        ;                      ;           ; time borrowed                                                                 ;
; 2.461   ; 2.461   ;    ;        ;        ;                      ;           ; clock path                                                                    ;
;   0.000 ;   0.000 ;    ;        ;        ;                      ;           ; source latency                                                                ;
;   0.000 ;   0.000 ;    ;        ; 1      ; PIN_AM10             ;           ; CLK_50                                                                        ;
;   0.000 ;   0.000 ; RR ; IC     ; 1      ; IOIBUF_X148_Y16_N32  ;           ; CLK_50~input|i                                                                ;
;   0.261 ;   0.261 ; RR ; CELL   ; 1      ; IOIBUF_X148_Y16_N32  ;           ; CLK_50~input|o                                                                ;
;   0.322 ;   0.061 ; RR ; CELL   ; 1      ; IOIBUF_X148_Y16_N32  ;           ; CLK_50~input~io_48_lvds_tile_edge/ioclkin[0]                                  ;
;   0.322 ;   0.000 ; RR ; IC     ; 2      ; CLKCTRL_3A_G_I20     ;           ; CLK_50~inputCLKENA0|inclk                                                     ;
;   0.551 ;   0.229 ; RR ; CELL   ; 181589 ; CLKCTRL_3A_G_I20     ;           ; CLK_50~inputCLKENA0|outclk                                                    ;
;   2.461 ;   1.910 ; RR ; IC     ; 1      ; FF_X92_Y28_N37       ; Low Power ; System|mm_interconnect_1|weight_mem_s1_agent_rdata_fifo|mem_used[1]|clk       ;
;   2.461 ;   0.000 ; RR ; CELL   ; 1      ; FF_X92_Y28_N37       ; Low Power ; System|mm_interconnect_1|weight_mem_s1_agent_rdata_fifo|mem_used[1]           ;
; 2.736   ; 0.275   ;    ;        ;        ;                      ;           ; data path                                                                     ;
;   2.574 ;   0.113 ; FF ; uTco   ; 2      ; FF_X92_Y28_N37       ;           ; System|mm_interconnect_1|weight_mem_s1_agent_rdata_fifo|mem_used[1]|q         ;
;   2.574 ;   0.000 ; FF ; CELL   ; 1      ; MLABCELL_X92_Y28_N36 ; Low Power ; System|mm_interconnect_1|weight_mem_s1_agent_rdata_fifo|mem_used[1]~1|datae   ;
;   2.736 ;   0.162 ; FF ; CELL   ; 1      ; MLABCELL_X92_Y28_N36 ; Low Power ; System|mm_interconnect_1|weight_mem_s1_agent_rdata_fifo|mem_used[1]~1|combout ;
;   2.736 ;   0.000 ; FF ; CELL   ; 1      ; FF_X92_Y28_N37       ; Low Power ; System|mm_interconnect_1|weight_mem_s1_agent_rdata_fifo|mem_used[1]|d         ;
;   2.736 ;   0.000 ; FF ; CELL   ; 1      ; FF_X92_Y28_N37       ; Low Power ; System|mm_interconnect_1|weight_mem_s1_agent_rdata_fifo|mem_used[1]           ;
+---------+---------+----+--------+--------+----------------------+-----------+-------------------------------------------------------------------------------+

+-------------------------------------------------------------------------------------------------------------------------------------------------------+
; Data Required Path                                                                                                                                    ;
+---------+----------+----+--------+--------+---------------------+-----------+-------------------------------------------------------------------------+
; Total   ; Incr     ; RF ; Type   ; Fanout ; Location            ; HS/LP     ; Element                                                                 ;
+---------+----------+----+--------+--------+---------------------+-----------+-------------------------------------------------------------------------+
; 0.000   ; 0.000    ;    ;        ;        ;                     ;           ; latch edge time                                                         ;
; 0.000   ; 0.000    ;    ; borrow ;        ;                     ;           ; time borrowed                                                           ;
; 2.461   ; 2.461    ;    ;        ;        ;                     ;           ; clock path                                                              ;
;   0.000 ;   0.000  ;    ;        ;        ;                     ;           ; source latency                                                          ;
;   0.000 ;   0.000  ;    ;        ; 1      ; PIN_AM10            ;           ; CLK_50                                                                  ;
;   0.000 ;   0.000  ; RR ; IC     ; 1      ; IOIBUF_X148_Y16_N32 ;           ; CLK_50~input|i                                                          ;
;   0.261 ;   0.261  ; RR ; CELL   ; 1      ; IOIBUF_X148_Y16_N32 ;           ; CLK_50~input|o                                                          ;
;   0.336 ;   0.075  ; RR ; CELL   ; 1      ; IOIBUF_X148_Y16_N32 ;           ; CLK_50~input~io_48_lvds_tile_edge/ioclkin[0]                            ;
;   0.336 ;   0.000  ; RR ; IC     ; 2      ; CLKCTRL_3A_G_I20    ;           ; CLK_50~inputCLKENA0|inclk                                               ;
;   0.613 ;   0.277  ; RR ; CELL   ; 181589 ; CLKCTRL_3A_G_I20    ;           ; CLK_50~inputCLKENA0|outclk                                              ;
;   2.688 ;   2.075  ; RR ; IC     ; 1      ; FF_X92_Y28_N37      ; Low Power ; System|mm_interconnect_1|weight_mem_s1_agent_rdata_fifo|mem_used[1]|clk ;
;   2.688 ;   0.000  ; RR ; CELL   ; 1      ; FF_X92_Y28_N37      ; Low Power ; System|mm_interconnect_1|weight_mem_s1_agent_rdata_fifo|mem_used[1]     ;
;   2.461 ;   -0.227 ;    ;        ;        ;                     ;           ; clock pessimism removed                                                 ;
; 2.461   ; 0.000    ;    ;        ;        ;                     ;           ; clock uncertainty                                                       ;
; 2.719   ; 0.258    ;    ; uTh    ; 1      ; FF_X92_Y28_N37      ;           ; System|mm_interconnect_1|weight_mem_s1_agent_rdata_fifo|mem_used[1]     ;
+---------+----------+----+--------+--------+---------------------+-----------+-------------------------------------------------------------------------+



Path #5: Hold slack is 0.017 
===============================================================================
+---------------------------------------------------------------------------------------------------------------------+
; Path Summary                                                                                                        ;
+---------------------------------+-----------------------------------------------------------------------------------+
; Property                        ; Value                                                                             ;
+---------------------------------+-----------------------------------------------------------------------------------+
; From Node                       ; System|mm_interconnect_1|npu_system_0_avalon_slave_0_agent_rdata_fifo|mem_used[0] ;
; To Node                         ; System|mm_interconnect_1|npu_system_0_avalon_slave_0_agent_rdata_fifo|mem_used[0] ;
; Launch Clock                    ; CLK_50                                                                            ;
; Latch Clock                     ; CLK_50                                                                            ;
; SDC Exception                   ; No SDC Exception on Path                                                          ;
; Data Arrival Time               ; 2.724                                                                             ;
; Data Required Time              ; 2.707                                                                             ;
; Slack                           ; 0.017                                                                             ;
; Worst-Case Operating Conditions ; Fast 900mV 0C Model                                                               ;
+---------------------------------+-----------------------------------------------------------------------------------+

+-----------------------------------------------------------------------------------+
; Statistics                                                                        ;
+------------------------+-------+-------+-------------+------------+-------+-------+
; Property               ; Value ; Count ; Total Delay ; % of Total ; Min   ; Max   ;
+------------------------+-------+-------+-------------+------------+-------+-------+
; Hold Relationship      ; 0.000 ;       ;             ;            ;       ;       ;
; Clock Skew             ; 0.001 ;       ;             ;            ;       ;       ;
; Data Delay             ; 0.276 ;       ;             ;            ;       ;       ;
; Number of Logic Levels ;       ; 1     ;             ;            ;       ;       ;
; Physical Delays        ;       ;       ;             ;            ;       ;       ;
;  Arrival Path          ;       ;       ;             ;            ;       ;       ;
;   Clock                ;       ;       ;             ;            ;       ;       ;
;    IC                  ;       ; 3     ; 1.897       ; 77         ; 0.000 ; 1.897 ;
;    Cell                ;       ; 4     ; 0.551       ; 23         ; 0.000 ; 0.261 ;
;   Data                 ;       ;       ;             ;            ;       ;       ;
;    Cell                ;       ; 4     ; 0.163       ; 59         ; 0.000 ; 0.163 ;
;    uTco                ;       ; 1     ; 0.113       ; 41         ; 0.113 ; 0.113 ;
;  Required Path         ;       ;       ;             ;            ;       ;       ;
;   Clock                ;       ;       ;             ;            ;       ;       ;
;    IC                  ;       ; 3     ; 2.062       ; 77         ; 0.000 ; 2.062 ;
;    Cell                ;       ; 4     ; 0.613       ; 23         ; 0.000 ; 0.277 ;
+------------------------+-------+-------+-------------+------------+-------+-------+
Note: Negative delays are omitted from totals when calculating percentages

+---------------------------------------------------------------------------------------------------------------------------------------------------------------------------+
; Data Arrival Path                                                                                                                                                         ;
+---------+---------+----+--------+--------+----------------------+-----------+---------------------------------------------------------------------------------------------+
; Total   ; Incr    ; RF ; Type   ; Fanout ; Location             ; HS/LP     ; Element                                                                                     ;
+---------+---------+----+--------+--------+----------------------+-----------+---------------------------------------------------------------------------------------------+
; 0.000   ; 0.000   ;    ;        ;        ;                      ;           ; launch edge time                                                                            ;
; 0.000   ; 0.000   ;    ; borrow ;        ;                      ;           ; time borrowed                                                                               ;
; 2.448   ; 2.448   ;    ;        ;        ;                      ;           ; clock path                                                                                  ;
;   0.000 ;   0.000 ;    ;        ;        ;                      ;           ; source latency                                                                              ;
;   0.000 ;   0.000 ;    ;        ; 1      ; PIN_AM10             ;           ; CLK_50                                                                                      ;
;   0.000 ;   0.000 ; RR ; IC     ; 1      ; IOIBUF_X148_Y16_N32  ;           ; CLK_50~input|i                                                                              ;
;   0.261 ;   0.261 ; RR ; CELL   ; 1      ; IOIBUF_X148_Y16_N32  ;           ; CLK_50~input|o                                                                              ;
;   0.322 ;   0.061 ; RR ; CELL   ; 1      ; IOIBUF_X148_Y16_N32  ;           ; CLK_50~input~io_48_lvds_tile_edge/ioclkin[0]                                                ;
;   0.322 ;   0.000 ; RR ; IC     ; 2      ; CLKCTRL_3A_G_I20     ;           ; CLK_50~inputCLKENA0|inclk                                                                   ;
;   0.551 ;   0.229 ; RR ; CELL   ; 181589 ; CLKCTRL_3A_G_I20     ;           ; CLK_50~inputCLKENA0|outclk                                                                  ;
;   2.448 ;   1.897 ; RR ; IC     ; 1      ; FF_X99_Y30_N31       ; Low Power ; System|mm_interconnect_1|npu_system_0_avalon_slave_0_agent_rdata_fifo|mem_used[0]|clk       ;
;   2.448 ;   0.000 ; RR ; CELL   ; 1      ; FF_X99_Y30_N31       ; Low Power ; System|mm_interconnect_1|npu_system_0_avalon_slave_0_agent_rdata_fifo|mem_used[0]           ;
; 2.724   ; 0.276   ;    ;        ;        ;                      ;           ; data path                                                                                   ;
;   2.561 ;   0.113 ; FF ; uTco   ; 2      ; FF_X99_Y30_N31       ;           ; System|mm_interconnect_1|npu_system_0_avalon_slave_0_agent_rdata_fifo|mem_used[0]|q         ;
;   2.561 ;   0.000 ; FF ; CELL   ; 1      ; MLABCELL_X99_Y30_N30 ; Low Power ; System|mm_interconnect_1|npu_system_0_avalon_slave_0_agent_rdata_fifo|mem_used[0]~0|datad   ;
;   2.724 ;   0.163 ; FF ; CELL   ; 1      ; MLABCELL_X99_Y30_N30 ; Low Power ; System|mm_interconnect_1|npu_system_0_avalon_slave_0_agent_rdata_fifo|mem_used[0]~0|combout ;
;   2.724 ;   0.000 ; FF ; CELL   ; 1      ; FF_X99_Y30_N31       ; Low Power ; System|mm_interconnect_1|npu_system_0_avalon_slave_0_agent_rdata_fifo|mem_used[0]|d         ;
;   2.724 ;   0.000 ; FF ; CELL   ; 1      ; FF_X99_Y30_N31       ; Low Power ; System|mm_interconnect_1|npu_system_0_avalon_slave_0_agent_rdata_fifo|mem_used[0]           ;
+---------+---------+----+--------+--------+----------------------+-----------+---------------------------------------------------------------------------------------------+

+---------------------------------------------------------------------------------------------------------------------------------------------------------------------+
; Data Required Path                                                                                                                                                  ;
+---------+----------+----+--------+--------+---------------------+-----------+---------------------------------------------------------------------------------------+
; Total   ; Incr     ; RF ; Type   ; Fanout ; Location            ; HS/LP     ; Element                                                                               ;
+---------+----------+----+--------+--------+---------------------+-----------+---------------------------------------------------------------------------------------+
; 0.000   ; 0.000    ;    ;        ;        ;                     ;           ; latch edge time                                                                       ;
; 0.000   ; 0.000    ;    ; borrow ;        ;                     ;           ; time borrowed                                                                         ;
; 2.449   ; 2.449    ;    ;        ;        ;                     ;           ; clock path                                                                            ;
;   0.000 ;   0.000  ;    ;        ;        ;                     ;           ; source latency                                                                        ;
;   0.000 ;   0.000  ;    ;        ; 1      ; PIN_AM10            ;           ; CLK_50                                                                                ;
;   0.000 ;   0.000  ; RR ; IC     ; 1      ; IOIBUF_X148_Y16_N32 ;           ; CLK_50~input|i                                                                        ;
;   0.261 ;   0.261  ; RR ; CELL   ; 1      ; IOIBUF_X148_Y16_N32 ;           ; CLK_50~input|o                                                                        ;
;   0.336 ;   0.075  ; RR ; CELL   ; 1      ; IOIBUF_X148_Y16_N32 ;           ; CLK_50~input~io_48_lvds_tile_edge/ioclkin[0]                                          ;
;   0.336 ;   0.000  ; RR ; IC     ; 2      ; CLKCTRL_3A_G_I20    ;           ; CLK_50~inputCLKENA0|inclk                                                             ;
;   0.613 ;   0.277  ; RR ; CELL   ; 181589 ; CLKCTRL_3A_G_I20    ;           ; CLK_50~inputCLKENA0|outclk                                                            ;
;   2.675 ;   2.062  ; RR ; IC     ; 1      ; FF_X99_Y30_N31      ; Low Power ; System|mm_interconnect_1|npu_system_0_avalon_slave_0_agent_rdata_fifo|mem_used[0]|clk ;
;   2.675 ;   0.000  ; RR ; CELL   ; 1      ; FF_X99_Y30_N31      ; Low Power ; System|mm_interconnect_1|npu_system_0_avalon_slave_0_agent_rdata_fifo|mem_used[0]     ;
;   2.449 ;   -0.226 ;    ;        ;        ;                     ;           ; clock pessimism removed                                                               ;
; 2.449   ; 0.000    ;    ;        ;        ;                     ;           ; clock uncertainty                                                                     ;
; 2.707   ; 0.258    ;    ; uTh    ; 1      ; FF_X99_Y30_N31      ;           ; System|mm_interconnect_1|npu_system_0_avalon_slave_0_agent_rdata_fifo|mem_used[0]     ;
+---------+----------+----+--------+--------+---------------------+-----------+---------------------------------------------------------------------------------------+



Path #6: Hold slack is 0.018 
===============================================================================
+----------------------------------------------------------------------------------------------------------------+
; Path Summary                                                                                                   ;
+---------------------------------+------------------------------------------------------------------------------+
; Property                        ; Value                                                                        ;
+---------------------------------+------------------------------------------------------------------------------+
; From Node                       ; System|npu_system_0|npu_system_13|NPU_CORE_INT8|control_unit_inst|run_enable ;
; To Node                         ; System|npu_system_0|npu_system_13|NPU_CORE_INT8|control_unit_inst|run_enable ;
; Launch Clock                    ; CLK_50                                                                       ;
; Latch Clock                     ; CLK_50                                                                       ;
; SDC Exception                   ; No SDC Exception on Path                                                     ;
; Data Arrival Time               ; 2.719                                                                        ;
; Data Required Time              ; 2.701                                                                        ;
; Slack                           ; 0.018                                                                        ;
; Worst-Case Operating Conditions ; Fast 900mV 0C Model                                                          ;
+---------------------------------+------------------------------------------------------------------------------+

+-----------------------------------------------------------------------------------+
; Statistics                                                                        ;
+------------------------+-------+-------+-------------+------------+-------+-------+
; Property               ; Value ; Count ; Total Delay ; % of Total ; Min   ; Max   ;
+------------------------+-------+-------+-------------+------------+-------+-------+
; Hold Relationship      ; 0.000 ;       ;             ;            ;       ;       ;
; Clock Skew             ; 0.000 ;       ;             ;            ;       ;       ;
; Data Delay             ; 0.275 ;       ;             ;            ;       ;       ;
; Number of Logic Levels ;       ; 1     ;             ;            ;       ;       ;
; Physical Delays        ;       ;       ;             ;            ;       ;       ;
;  Arrival Path          ;       ;       ;             ;            ;       ;       ;
;   Clock                ;       ;       ;             ;            ;       ;       ;
;    IC                  ;       ; 3     ; 1.893       ; 77         ; 0.000 ; 1.893 ;
;    Cell                ;       ; 4     ; 0.551       ; 23         ; 0.000 ; 0.261 ;
;   Data                 ;       ;       ;             ;            ;       ;       ;
;    Cell                ;       ; 4     ; 0.162       ; 59         ; 0.000 ; 0.162 ;
;    uTco                ;       ; 1     ; 0.113       ; 41         ; 0.113 ; 0.113 ;
;  Required Path         ;       ;       ;             ;            ;       ;       ;
;   Clock                ;       ;       ;             ;            ;       ;       ;
;    IC                  ;       ; 3     ; 2.057       ; 77         ; 0.000 ; 2.057 ;
;    Cell                ;       ; 4     ; 0.613       ; 23         ; 0.000 ; 0.277 ;
+------------------------+-------+-------+-------------+------------+-------+-------+
Note: Negative delays are omitted from totals when calculating percentages

+----------------------------------------------------------------------------------------------------------------------------------------------------------------+
; Data Arrival Path                                                                                                                                              ;
+---------+---------+----+--------+--------+----------------------+-----------+----------------------------------------------------------------------------------+
; Total   ; Incr    ; RF ; Type   ; Fanout ; Location             ; HS/LP     ; Element                                                                          ;
+---------+---------+----+--------+--------+----------------------+-----------+----------------------------------------------------------------------------------+
; 0.000   ; 0.000   ;    ;        ;        ;                      ;           ; launch edge time                                                                 ;
; 0.000   ; 0.000   ;    ; borrow ;        ;                      ;           ; time borrowed                                                                    ;
; 2.444   ; 2.444   ;    ;        ;        ;                      ;           ; clock path                                                                       ;
;   0.000 ;   0.000 ;    ;        ;        ;                      ;           ; source latency                                                                   ;
;   0.000 ;   0.000 ;    ;        ; 1      ; PIN_AM10             ;           ; CLK_50                                                                           ;
;   0.000 ;   0.000 ; RR ; IC     ; 1      ; IOIBUF_X148_Y16_N32  ;           ; CLK_50~input|i                                                                   ;
;   0.261 ;   0.261 ; RR ; CELL   ; 1      ; IOIBUF_X148_Y16_N32  ;           ; CLK_50~input|o                                                                   ;
;   0.322 ;   0.061 ; RR ; CELL   ; 1      ; IOIBUF_X148_Y16_N32  ;           ; CLK_50~input~io_48_lvds_tile_edge/ioclkin[0]                                     ;
;   0.322 ;   0.000 ; RR ; IC     ; 2      ; CLKCTRL_3A_G_I20     ;           ; CLK_50~inputCLKENA0|inclk                                                        ;
;   0.551 ;   0.229 ; RR ; CELL   ; 181589 ; CLKCTRL_3A_G_I20     ;           ; CLK_50~inputCLKENA0|outclk                                                       ;
;   2.444 ;   1.893 ; RR ; IC     ; 1      ; FF_X99_Y72_N43       ; Low Power ; System|npu_system_0|npu_system_13|NPU_CORE_INT8|control_unit_inst|run_enable|clk ;
;   2.444 ;   0.000 ; RR ; CELL   ; 1      ; FF_X99_Y72_N43       ; Low Power ; System|npu_system_0|npu_system_13|NPU_CORE_INT8|control_unit_inst|run_enable     ;
; 2.719   ; 0.275   ;    ;        ;        ;                      ;           ; data path                                                                        ;
;   2.557 ;   0.113 ; FF ; uTco   ; 2      ; FF_X99_Y72_N43       ;           ; System|npu_system_0|npu_system_13|NPU_CORE_INT8|control_unit_inst|run_enable|q   ;
;   2.557 ;   0.000 ; FF ; CELL   ; 1      ; MLABCELL_X99_Y72_N42 ; Low Power ; System|npu_system_0|npu_system_13|NPU_CORE_INT8|control_unit_inst|i47~0|datae    ;
;   2.719 ;   0.162 ; FF ; CELL   ; 1      ; MLABCELL_X99_Y72_N42 ; Low Power ; System|npu_system_0|npu_system_13|NPU_CORE_INT8|control_unit_inst|i47~0|combout  ;
;   2.719 ;   0.000 ; FF ; CELL   ; 1      ; FF_X99_Y72_N43       ; Low Power ; System|npu_system_0|npu_system_13|NPU_CORE_INT8|control_unit_inst|run_enable|d   ;
;   2.719 ;   0.000 ; FF ; CELL   ; 1      ; FF_X99_Y72_N43       ; Low Power ; System|npu_system_0|npu_system_13|NPU_CORE_INT8|control_unit_inst|run_enable     ;
+---------+---------+----+--------+--------+----------------------+-----------+----------------------------------------------------------------------------------+

+----------------------------------------------------------------------------------------------------------------------------------------------------------------+
; Data Required Path                                                                                                                                             ;
+---------+----------+----+--------+--------+---------------------+-----------+----------------------------------------------------------------------------------+
; Total   ; Incr     ; RF ; Type   ; Fanout ; Location            ; HS/LP     ; Element                                                                          ;
+---------+----------+----+--------+--------+---------------------+-----------+----------------------------------------------------------------------------------+
; 0.000   ; 0.000    ;    ;        ;        ;                     ;           ; latch edge time                                                                  ;
; 0.000   ; 0.000    ;    ; borrow ;        ;                     ;           ; time borrowed                                                                    ;
; 2.444   ; 2.444    ;    ;        ;        ;                     ;           ; clock path                                                                       ;
;   0.000 ;   0.000  ;    ;        ;        ;                     ;           ; source latency                                                                   ;
;   0.000 ;   0.000  ;    ;        ; 1      ; PIN_AM10            ;           ; CLK_50                                                                           ;
;   0.000 ;   0.000  ; RR ; IC     ; 1      ; IOIBUF_X148_Y16_N32 ;           ; CLK_50~input|i                                                                   ;
;   0.261 ;   0.261  ; RR ; CELL   ; 1      ; IOIBUF_X148_Y16_N32 ;           ; CLK_50~input|o                                                                   ;
;   0.336 ;   0.075  ; RR ; CELL   ; 1      ; IOIBUF_X148_Y16_N32 ;           ; CLK_50~input~io_48_lvds_tile_edge/ioclkin[0]                                     ;
;   0.336 ;   0.000  ; RR ; IC     ; 2      ; CLKCTRL_3A_G_I20    ;           ; CLK_50~inputCLKENA0|inclk                                                        ;
;   0.613 ;   0.277  ; RR ; CELL   ; 181589 ; CLKCTRL_3A_G_I20    ;           ; CLK_50~inputCLKENA0|outclk                                                       ;
;   2.670 ;   2.057  ; RR ; IC     ; 1      ; FF_X99_Y72_N43      ; Low Power ; System|npu_system_0|npu_system_13|NPU_CORE_INT8|control_unit_inst|run_enable|clk ;
;   2.670 ;   0.000  ; RR ; CELL   ; 1      ; FF_X99_Y72_N43      ; Low Power ; System|npu_system_0|npu_system_13|NPU_CORE_INT8|control_unit_inst|run_enable     ;
;   2.444 ;   -0.226 ;    ;        ;        ;                     ;           ; clock pessimism removed                                                          ;
; 2.444   ; 0.000    ;    ;        ;        ;                     ;           ; clock uncertainty                                                                ;
; 2.701   ; 0.257    ;    ; uTh    ; 1      ; FF_X99_Y72_N43      ;           ; System|npu_system_0|npu_system_13|NPU_CORE_INT8|control_unit_inst|run_enable     ;
+---------+----------+----+--------+--------+---------------------+-----------+----------------------------------------------------------------------------------+



Path #7: Hold slack is 0.018 
===============================================================================
+---------------------------------------------------------------------------------------------------------------+
; Path Summary                                                                                                  ;
+---------------------------------+-----------------------------------------------------------------------------+
; Property                        ; Value                                                                       ;
+---------------------------------+-----------------------------------------------------------------------------+
; From Node                       ; System|intel_niosv_g_0|intel_niosv_g_0|hart|core_inst|csr_inst|dscratch1[4] ;
; To Node                         ; System|intel_niosv_g_0|intel_niosv_g_0|hart|core_inst|csr_inst|dscratch1[4] ;
; Launch Clock                    ; CLK_50                                                                      ;
; Latch Clock                     ; CLK_50                                                                      ;
; SDC Exception                   ; No SDC Exception on Path                                                    ;
; Data Arrival Time               ; 2.701                                                                       ;
; Data Required Time              ; 2.683                                                                       ;
; Slack                           ; 0.018                                                                       ;
; Worst-Case Operating Conditions ; Fast 900mV 0C Model                                                         ;
+---------------------------------+-----------------------------------------------------------------------------+

+-----------------------------------------------------------------------------------+
; Statistics                                                                        ;
+------------------------+-------+-------+-------------+------------+-------+-------+
; Property               ; Value ; Count ; Total Delay ; % of Total ; Min   ; Max   ;
+------------------------+-------+-------+-------------+------------+-------+-------+
; Hold Relationship      ; 0.000 ;       ;             ;            ;       ;       ;
; Clock Skew             ; 0.000 ;       ;             ;            ;       ;       ;
; Data Delay             ; 0.264 ;       ;             ;            ;       ;       ;
; Number of Logic Levels ;       ; 1     ;             ;            ;       ;       ;
; Physical Delays        ;       ;       ;             ;            ;       ;       ;
;  Arrival Path          ;       ;       ;             ;            ;       ;       ;
;   Clock                ;       ;       ;             ;            ;       ;       ;
;    IC                  ;       ; 3     ; 1.886       ; 77         ; 0.000 ; 1.886 ;
;    Cell                ;       ; 4     ; 0.551       ; 23         ; 0.000 ; 0.261 ;
;   Data                 ;       ;       ;             ;            ;       ;       ;
;    Cell                ;       ; 4     ; 0.158       ; 60         ; 0.000 ; 0.158 ;
;    uTco                ;       ; 1     ; 0.106       ; 40         ; 0.106 ; 0.106 ;
;  Required Path         ;       ;       ;             ;            ;       ;       ;
;   Clock                ;       ;       ;             ;            ;       ;       ;
;    IC                  ;       ; 3     ; 2.050       ; 77         ; 0.000 ; 2.050 ;
;    Cell                ;       ; 4     ; 0.613       ; 23         ; 0.000 ; 0.277 ;
+------------------------+-------+-------+-------------+------------+-------+-------+
Note: Negative delays are omitted from totals when calculating percentages

+-----------------------------------------------------------------------------------------------------------------------------------------------------------------+
; Data Arrival Path                                                                                                                                               ;
+---------+---------+----+--------+--------+-----------------------+------------+---------------------------------------------------------------------------------+
; Total   ; Incr    ; RF ; Type   ; Fanout ; Location              ; HS/LP      ; Element                                                                         ;
+---------+---------+----+--------+--------+-----------------------+------------+---------------------------------------------------------------------------------+
; 0.000   ; 0.000   ;    ;        ;        ;                       ;            ; launch edge time                                                                ;
; 0.000   ; 0.000   ;    ; borrow ;        ;                       ;            ; time borrowed                                                                   ;
; 2.437   ; 2.437   ;    ;        ;        ;                       ;            ; clock path                                                                      ;
;   0.000 ;   0.000 ;    ;        ;        ;                       ;            ; source latency                                                                  ;
;   0.000 ;   0.000 ;    ;        ; 1      ; PIN_AM10              ;            ; CLK_50                                                                          ;
;   0.000 ;   0.000 ; RR ; IC     ; 1      ; IOIBUF_X148_Y16_N32   ;            ; CLK_50~input|i                                                                  ;
;   0.261 ;   0.261 ; RR ; CELL   ; 1      ; IOIBUF_X148_Y16_N32   ;            ; CLK_50~input|o                                                                  ;
;   0.322 ;   0.061 ; RR ; CELL   ; 1      ; IOIBUF_X148_Y16_N32   ;            ; CLK_50~input~io_48_lvds_tile_edge/ioclkin[0]                                    ;
;   0.322 ;   0.000 ; RR ; IC     ; 2      ; CLKCTRL_3A_G_I20      ;            ; CLK_50~inputCLKENA0|inclk                                                       ;
;   0.551 ;   0.229 ; RR ; CELL   ; 181589 ; CLKCTRL_3A_G_I20      ;            ; CLK_50~inputCLKENA0|outclk                                                      ;
;   2.437 ;   1.886 ; RR ; IC     ; 1      ; FF_X115_Y18_N50       ; High Speed ; System|intel_niosv_g_0|intel_niosv_g_0|hart|core_inst|csr_inst|dscratch1[4]|clk ;
;   2.437 ;   0.000 ; RR ; CELL   ; 1      ; FF_X115_Y18_N50       ; High Speed ; System|intel_niosv_g_0|intel_niosv_g_0|hart|core_inst|csr_inst|dscratch1[4]     ;
; 2.701   ; 0.264   ;    ;        ;        ;                       ;            ; data path                                                                       ;
;   2.543 ;   0.106 ; FF ; uTco   ; 2      ; FF_X115_Y18_N50       ;            ; System|intel_niosv_g_0|intel_niosv_g_0|hart|core_inst|csr_inst|dscratch1[4]|q   ;
;   2.543 ;   0.000 ; FF ; CELL   ; 1      ; MLABCELL_X115_Y18_N48 ; High Speed ; System|intel_niosv_g_0|intel_niosv_g_0|hart|core_inst|csr_inst|i2155~1|datae    ;
;   2.701 ;   0.158 ; FF ; CELL   ; 1      ; MLABCELL_X115_Y18_N48 ; High Speed ; System|intel_niosv_g_0|intel_niosv_g_0|hart|core_inst|csr_inst|i2155~1|combout  ;
;   2.701 ;   0.000 ; FF ; CELL   ; 1      ; FF_X115_Y18_N50       ; High Speed ; System|intel_niosv_g_0|intel_niosv_g_0|hart|core_inst|csr_inst|dscratch1[4]|d   ;
;   2.701 ;   0.000 ; FF ; CELL   ; 1      ; FF_X115_Y18_N50       ; High Speed ; System|intel_niosv_g_0|intel_niosv_g_0|hart|core_inst|csr_inst|dscratch1[4]     ;
+---------+---------+----+--------+--------+-----------------------+------------+---------------------------------------------------------------------------------+

+----------------------------------------------------------------------------------------------------------------------------------------------------------------+
; Data Required Path                                                                                                                                             ;
+---------+----------+----+--------+--------+---------------------+------------+---------------------------------------------------------------------------------+
; Total   ; Incr     ; RF ; Type   ; Fanout ; Location            ; HS/LP      ; Element                                                                         ;
+---------+----------+----+--------+--------+---------------------+------------+---------------------------------------------------------------------------------+
; 0.000   ; 0.000    ;    ;        ;        ;                     ;            ; latch edge time                                                                 ;
; 0.000   ; 0.000    ;    ; borrow ;        ;                     ;            ; time borrowed                                                                   ;
; 2.437   ; 2.437    ;    ;        ;        ;                     ;            ; clock path                                                                      ;
;   0.000 ;   0.000  ;    ;        ;        ;                     ;            ; source latency                                                                  ;
;   0.000 ;   0.000  ;    ;        ; 1      ; PIN_AM10            ;            ; CLK_50                                                                          ;
;   0.000 ;   0.000  ; RR ; IC     ; 1      ; IOIBUF_X148_Y16_N32 ;            ; CLK_50~input|i                                                                  ;
;   0.261 ;   0.261  ; RR ; CELL   ; 1      ; IOIBUF_X148_Y16_N32 ;            ; CLK_50~input|o                                                                  ;
;   0.336 ;   0.075  ; RR ; CELL   ; 1      ; IOIBUF_X148_Y16_N32 ;            ; CLK_50~input~io_48_lvds_tile_edge/ioclkin[0]                                    ;
;   0.336 ;   0.000  ; RR ; IC     ; 2      ; CLKCTRL_3A_G_I20    ;            ; CLK_50~inputCLKENA0|inclk                                                       ;
;   0.613 ;   0.277  ; RR ; CELL   ; 181589 ; CLKCTRL_3A_G_I20    ;            ; CLK_50~inputCLKENA0|outclk                                                      ;
;   2.663 ;   2.050  ; RR ; IC     ; 1      ; FF_X115_Y18_N50     ; High Speed ; System|intel_niosv_g_0|intel_niosv_g_0|hart|core_inst|csr_inst|dscratch1[4]|clk ;
;   2.663 ;   0.000  ; RR ; CELL   ; 1      ; FF_X115_Y18_N50     ; High Speed ; System|intel_niosv_g_0|intel_niosv_g_0|hart|core_inst|csr_inst|dscratch1[4]     ;
;   2.437 ;   -0.226 ;    ;        ;        ;                     ;            ; clock pessimism removed                                                         ;
; 2.437   ; 0.000    ;    ;        ;        ;                     ;            ; clock uncertainty                                                               ;
; 2.683   ; 0.246    ;    ; uTh    ; 1      ; FF_X115_Y18_N50     ;            ; System|intel_niosv_g_0|intel_niosv_g_0|hart|core_inst|csr_inst|dscratch1[4]     ;
+---------+----------+----+--------+--------+---------------------+------------+---------------------------------------------------------------------------------+



Path #8: Hold slack is 0.018 
===============================================================================
+-------------------------------------------------------------------------------------------------------------+
; Path Summary                                                                                                ;
+---------------------------------+---------------------------------------------------------------------------+
; Property                        ; Value                                                                     ;
+---------------------------------+---------------------------------------------------------------------------+
; From Node                       ; System|intel_niosv_g_0|intel_niosv_g_0|hart|core_inst|icache_inst|ren_buf ;
; To Node                         ; System|intel_niosv_g_0|intel_niosv_g_0|hart|core_inst|icache_inst|ren_buf ;
; Launch Clock                    ; CLK_50                                                                    ;
; Latch Clock                     ; CLK_50                                                                    ;
; SDC Exception                   ; No SDC Exception on Path                                                  ;
; Data Arrival Time               ; 2.705                                                                     ;
; Data Required Time              ; 2.687                                                                     ;
; Slack                           ; 0.018                                                                     ;
; Worst-Case Operating Conditions ; Fast 900mV 0C Model                                                       ;
+---------------------------------+---------------------------------------------------------------------------+

+-----------------------------------------------------------------------------------+
; Statistics                                                                        ;
+------------------------+-------+-------+-------------+------------+-------+-------+
; Property               ; Value ; Count ; Total Delay ; % of Total ; Min   ; Max   ;
+------------------------+-------+-------+-------------+------------+-------+-------+
; Hold Relationship      ; 0.000 ;       ;             ;            ;       ;       ;
; Clock Skew             ; 0.001 ;       ;             ;            ;       ;       ;
; Data Delay             ; 0.272 ;       ;             ;            ;       ;       ;
; Number of Logic Levels ;       ; 1     ;             ;            ;       ;       ;
; Physical Delays        ;       ;       ;             ;            ;       ;       ;
;  Arrival Path          ;       ;       ;             ;            ;       ;       ;
;   Clock                ;       ;       ;             ;            ;       ;       ;
;    IC                  ;       ; 3     ; 1.882       ; 77         ; 0.000 ; 1.882 ;
;    Cell                ;       ; 4     ; 0.551       ; 23         ; 0.000 ; 0.261 ;
;   Data                 ;       ;       ;             ;            ;       ;       ;
;    Cell                ;       ; 4     ; 0.159       ; 58         ; 0.000 ; 0.159 ;
;    uTco                ;       ; 1     ; 0.113       ; 42         ; 0.113 ; 0.113 ;
;  Required Path         ;       ;       ;             ;            ;       ;       ;
;   Clock                ;       ;       ;             ;            ;       ;       ;
;    IC                  ;       ; 3     ; 2.046       ; 77         ; 0.000 ; 2.046 ;
;    Cell                ;       ; 4     ; 0.613       ; 23         ; 0.000 ; 0.277 ;
+------------------------+-------+-------+-------------+------------+-------+-------+
Note: Negative delays are omitted from totals when calculating percentages

+------------------------------------------------------------------------------------------------------------------------------------------------------------------+
; Data Arrival Path                                                                                                                                                ;
+---------+---------+----+--------+--------+-----------------------+------------+----------------------------------------------------------------------------------+
; Total   ; Incr    ; RF ; Type   ; Fanout ; Location              ; HS/LP      ; Element                                                                          ;
+---------+---------+----+--------+--------+-----------------------+------------+----------------------------------------------------------------------------------+
; 0.000   ; 0.000   ;    ;        ;        ;                       ;            ; launch edge time                                                                 ;
; 0.000   ; 0.000   ;    ; borrow ;        ;                       ;            ; time borrowed                                                                    ;
; 2.433   ; 2.433   ;    ;        ;        ;                       ;            ; clock path                                                                       ;
;   0.000 ;   0.000 ;    ;        ;        ;                       ;            ; source latency                                                                   ;
;   0.000 ;   0.000 ;    ;        ; 1      ; PIN_AM10              ;            ; CLK_50                                                                           ;
;   0.000 ;   0.000 ; RR ; IC     ; 1      ; IOIBUF_X148_Y16_N32   ;            ; CLK_50~input|i                                                                   ;
;   0.261 ;   0.261 ; RR ; CELL   ; 1      ; IOIBUF_X148_Y16_N32   ;            ; CLK_50~input|o                                                                   ;
;   0.322 ;   0.061 ; RR ; CELL   ; 1      ; IOIBUF_X148_Y16_N32   ;            ; CLK_50~input~io_48_lvds_tile_edge/ioclkin[0]                                     ;
;   0.322 ;   0.000 ; RR ; IC     ; 2      ; CLKCTRL_3A_G_I20      ;            ; CLK_50~inputCLKENA0|inclk                                                        ;
;   0.551 ;   0.229 ; RR ; CELL   ; 181589 ; CLKCTRL_3A_G_I20      ;            ; CLK_50~inputCLKENA0|outclk                                                       ;
;   2.433 ;   1.882 ; RR ; IC     ; 1      ; FF_X105_Y25_N26       ; High Speed ; System|intel_niosv_g_0|intel_niosv_g_0|hart|core_inst|icache_inst|ren_buf|clk    ;
;   2.433 ;   0.000 ; RR ; CELL   ; 1      ; FF_X105_Y25_N26       ; High Speed ; System|intel_niosv_g_0|intel_niosv_g_0|hart|core_inst|icache_inst|ren_buf        ;
; 2.705   ; 0.272   ;    ;        ;        ;                       ;            ; data path                                                                        ;
;   2.546 ;   0.113 ; FF ; uTco   ; 2      ; FF_X105_Y25_N26       ;            ; System|intel_niosv_g_0|intel_niosv_g_0|hart|core_inst|icache_inst|ren_buf|q      ;
;   2.546 ;   0.000 ; FF ; CELL   ; 1      ; MLABCELL_X105_Y25_N24 ; High Speed ; System|intel_niosv_g_0|intel_niosv_g_0|hart|core_inst|icache_inst|i541~3|datad   ;
;   2.705 ;   0.159 ; FF ; CELL   ; 2      ; MLABCELL_X105_Y25_N24 ; High Speed ; System|intel_niosv_g_0|intel_niosv_g_0|hart|core_inst|icache_inst|i541~3|combout ;
;   2.705 ;   0.000 ; FF ; CELL   ; 1      ; FF_X105_Y25_N26       ; High Speed ; System|intel_niosv_g_0|intel_niosv_g_0|hart|core_inst|icache_inst|ren_buf|d      ;
;   2.705 ;   0.000 ; FF ; CELL   ; 1      ; FF_X105_Y25_N26       ; High Speed ; System|intel_niosv_g_0|intel_niosv_g_0|hart|core_inst|icache_inst|ren_buf        ;
+---------+---------+----+--------+--------+-----------------------+------------+----------------------------------------------------------------------------------+

+--------------------------------------------------------------------------------------------------------------------------------------------------------------+
; Data Required Path                                                                                                                                           ;
+---------+----------+----+--------+--------+---------------------+------------+-------------------------------------------------------------------------------+
; Total   ; Incr     ; RF ; Type   ; Fanout ; Location            ; HS/LP      ; Element                                                                       ;
+---------+----------+----+--------+--------+---------------------+------------+-------------------------------------------------------------------------------+
; 0.000   ; 0.000    ;    ;        ;        ;                     ;            ; latch edge time                                                               ;
; 0.000   ; 0.000    ;    ; borrow ;        ;                     ;            ; time borrowed                                                                 ;
; 2.434   ; 2.434    ;    ;        ;        ;                     ;            ; clock path                                                                    ;
;   0.000 ;   0.000  ;    ;        ;        ;                     ;            ; source latency                                                                ;
;   0.000 ;   0.000  ;    ;        ; 1      ; PIN_AM10            ;            ; CLK_50                                                                        ;
;   0.000 ;   0.000  ; RR ; IC     ; 1      ; IOIBUF_X148_Y16_N32 ;            ; CLK_50~input|i                                                                ;
;   0.261 ;   0.261  ; RR ; CELL   ; 1      ; IOIBUF_X148_Y16_N32 ;            ; CLK_50~input|o                                                                ;
;   0.336 ;   0.075  ; RR ; CELL   ; 1      ; IOIBUF_X148_Y16_N32 ;            ; CLK_50~input~io_48_lvds_tile_edge/ioclkin[0]                                  ;
;   0.336 ;   0.000  ; RR ; IC     ; 2      ; CLKCTRL_3A_G_I20    ;            ; CLK_50~inputCLKENA0|inclk                                                     ;
;   0.613 ;   0.277  ; RR ; CELL   ; 181589 ; CLKCTRL_3A_G_I20    ;            ; CLK_50~inputCLKENA0|outclk                                                    ;
;   2.659 ;   2.046  ; RR ; IC     ; 1      ; FF_X105_Y25_N26     ; High Speed ; System|intel_niosv_g_0|intel_niosv_g_0|hart|core_inst|icache_inst|ren_buf|clk ;
;   2.659 ;   0.000  ; RR ; CELL   ; 1      ; FF_X105_Y25_N26     ; High Speed ; System|intel_niosv_g_0|intel_niosv_g_0|hart|core_inst|icache_inst|ren_buf     ;
;   2.434 ;   -0.225 ;    ;        ;        ;                     ;            ; clock pessimism removed                                                       ;
; 2.434   ; 0.000    ;    ;        ;        ;                     ;            ; clock uncertainty                                                             ;
; 2.687   ; 0.253    ;    ; uTh    ; 1      ; FF_X105_Y25_N26     ;            ; System|intel_niosv_g_0|intel_niosv_g_0|hart|core_inst|icache_inst|ren_buf     ;
+---------+----------+----+--------+--------+---------------------+------------+-------------------------------------------------------------------------------+



Path #9: Hold slack is 0.019 
===============================================================================
+--------------------------------------------------------------------------------------------------------------------------------+
; Path Summary                                                                                                                   ;
+---------------------------------+----------------------------------------------------------------------------------------------+
; Property                        ; Value                                                                                        ;
+---------------------------------+----------------------------------------------------------------------------------------------+
; From Node                       ; System|intel_niosv_g_0|intel_niosv_g_0|hart|core_inst|lsu_inst|write_adrs|state[1]           ;
; To Node                         ; System|intel_niosv_g_0|intel_niosv_g_0|hart|core_inst|lsu_inst|write_adrs|state[1]~DUPLICATE ;
; Launch Clock                    ; CLK_50                                                                                       ;
; Latch Clock                     ; CLK_50                                                                                       ;
; SDC Exception                   ; No SDC Exception on Path                                                                     ;
; Data Arrival Time               ; 2.690                                                                                        ;
; Data Required Time              ; 2.671                                                                                        ;
; Slack                           ; 0.019                                                                                        ;
; Worst-Case Operating Conditions ; Fast 900mV 0C Model                                                                          ;
+---------------------------------+----------------------------------------------------------------------------------------------+

+-----------------------------------------------------------------------------------+
; Statistics                                                                        ;
+------------------------+-------+-------+-------------+------------+-------+-------+
; Property               ; Value ; Count ; Total Delay ; % of Total ; Min   ; Max   ;
+------------------------+-------+-------+-------------+------------+-------+-------+
; Hold Relationship      ; 0.000 ;       ;             ;            ;       ;       ;
; Clock Skew             ; 0.001 ;       ;             ;            ;       ;       ;
; Data Delay             ; 0.257 ;       ;             ;            ;       ;       ;
; Number of Logic Levels ;       ; 1     ;             ;            ;       ;       ;
; Physical Delays        ;       ;       ;             ;            ;       ;       ;
;  Arrival Path          ;       ;       ;             ;            ;       ;       ;
;   Clock                ;       ;       ;             ;            ;       ;       ;
;    IC                  ;       ; 3     ; 1.882       ; 77         ; 0.000 ; 1.882 ;
;    Cell                ;       ; 4     ; 0.551       ; 23         ; 0.000 ; 0.261 ;
;   Data                 ;       ;       ;             ;            ;       ;       ;
;    Cell                ;       ; 4     ; 0.157       ; 61         ; 0.000 ; 0.157 ;
;    uTco                ;       ; 1     ; 0.100       ; 39         ; 0.100 ; 0.100 ;
;  Required Path         ;       ;       ;             ;            ;       ;       ;
;   Clock                ;       ;       ;             ;            ;       ;       ;
;    IC                  ;       ; 3     ; 2.046       ; 77         ; 0.000 ; 2.046 ;
;    Cell                ;       ; 4     ; 0.613       ; 23         ; 0.000 ; 0.277 ;
+------------------------+-------+-------+-------------+------------+-------+-------+
Note: Negative delays are omitted from totals when calculating percentages

+------------------------------------------------------------------------------------------------------------------------------------------------------------------------------+
; Data Arrival Path                                                                                                                                                            ;
+---------+---------+----+--------+--------+---------------------+------------+------------------------------------------------------------------------------------------------+
; Total   ; Incr    ; RF ; Type   ; Fanout ; Location            ; HS/LP      ; Element                                                                                        ;
+---------+---------+----+--------+--------+---------------------+------------+------------------------------------------------------------------------------------------------+
; 0.000   ; 0.000   ;    ;        ;        ;                     ;            ; launch edge time                                                                               ;
; 0.000   ; 0.000   ;    ; borrow ;        ;                     ;            ; time borrowed                                                                                  ;
; 2.433   ; 2.433   ;    ;        ;        ;                     ;            ; clock path                                                                                     ;
;   0.000 ;   0.000 ;    ;        ;        ;                     ;            ; source latency                                                                                 ;
;   0.000 ;   0.000 ;    ;        ; 1      ; PIN_AM10            ;            ; CLK_50                                                                                         ;
;   0.000 ;   0.000 ; RR ; IC     ; 1      ; IOIBUF_X148_Y16_N32 ;            ; CLK_50~input|i                                                                                 ;
;   0.261 ;   0.261 ; RR ; CELL   ; 1      ; IOIBUF_X148_Y16_N32 ;            ; CLK_50~input|o                                                                                 ;
;   0.322 ;   0.061 ; RR ; CELL   ; 1      ; IOIBUF_X148_Y16_N32 ;            ; CLK_50~input~io_48_lvds_tile_edge/ioclkin[0]                                                   ;
;   0.322 ;   0.000 ; RR ; IC     ; 2      ; CLKCTRL_3A_G_I20    ;            ; CLK_50~inputCLKENA0|inclk                                                                      ;
;   0.551 ;   0.229 ; RR ; CELL   ; 181589 ; CLKCTRL_3A_G_I20    ;            ; CLK_50~inputCLKENA0|outclk                                                                     ;
;   2.433 ;   1.882 ; RR ; IC     ; 1      ; FF_X98_Y21_N59      ; High Speed ; System|intel_niosv_g_0|intel_niosv_g_0|hart|core_inst|lsu_inst|write_adrs|state[1]|clk         ;
;   2.433 ;   0.000 ; RR ; CELL   ; 1      ; FF_X98_Y21_N59      ; High Speed ; System|intel_niosv_g_0|intel_niosv_g_0|hart|core_inst|lsu_inst|write_adrs|state[1]             ;
; 2.690   ; 0.257   ;    ;        ;        ;                     ;            ; data path                                                                                      ;
;   2.533 ;   0.100 ; FF ; uTco   ; 2      ; FF_X98_Y21_N59      ;            ; System|intel_niosv_g_0|intel_niosv_g_0|hart|core_inst|lsu_inst|write_adrs|state[1]|q           ;
;   2.533 ;   0.000 ; FF ; CELL   ; 1      ; LABCELL_X98_Y21_N57 ; High Speed ; System|intel_niosv_g_0|intel_niosv_g_0|hart|core_inst|lsu_inst|write_adrs|Mux_2~1|datad        ;
;   2.690 ;   0.157 ; FF ; CELL   ; 2      ; LABCELL_X98_Y21_N57 ; High Speed ; System|intel_niosv_g_0|intel_niosv_g_0|hart|core_inst|lsu_inst|write_adrs|Mux_2~1|combout      ;
;   2.690 ;   0.000 ; FF ; CELL   ; 1      ; FF_X98_Y21_N58      ; High Speed ; System|intel_niosv_g_0|intel_niosv_g_0|hart|core_inst|lsu_inst|write_adrs|state[1]~DUPLICATE|d ;
;   2.690 ;   0.000 ; FF ; CELL   ; 1      ; FF_X98_Y21_N58      ; High Speed ; System|intel_niosv_g_0|intel_niosv_g_0|hart|core_inst|lsu_inst|write_adrs|state[1]~DUPLICATE   ;
+---------+---------+----+--------+--------+---------------------+------------+------------------------------------------------------------------------------------------------+

+---------------------------------------------------------------------------------------------------------------------------------------------------------------------------------+
; Data Required Path                                                                                                                                                              ;
+---------+----------+----+--------+--------+---------------------+------------+--------------------------------------------------------------------------------------------------+
; Total   ; Incr     ; RF ; Type   ; Fanout ; Location            ; HS/LP      ; Element                                                                                          ;
+---------+----------+----+--------+--------+---------------------+------------+--------------------------------------------------------------------------------------------------+
; 0.000   ; 0.000    ;    ;        ;        ;                     ;            ; latch edge time                                                                                  ;
; 0.000   ; 0.000    ;    ; borrow ;        ;                     ;            ; time borrowed                                                                                    ;
; 2.434   ; 2.434    ;    ;        ;        ;                     ;            ; clock path                                                                                       ;
;   0.000 ;   0.000  ;    ;        ;        ;                     ;            ; source latency                                                                                   ;
;   0.000 ;   0.000  ;    ;        ; 1      ; PIN_AM10            ;            ; CLK_50                                                                                           ;
;   0.000 ;   0.000  ; RR ; IC     ; 1      ; IOIBUF_X148_Y16_N32 ;            ; CLK_50~input|i                                                                                   ;
;   0.261 ;   0.261  ; RR ; CELL   ; 1      ; IOIBUF_X148_Y16_N32 ;            ; CLK_50~input|o                                                                                   ;
;   0.336 ;   0.075  ; RR ; CELL   ; 1      ; IOIBUF_X148_Y16_N32 ;            ; CLK_50~input~io_48_lvds_tile_edge/ioclkin[0]                                                     ;
;   0.336 ;   0.000  ; RR ; IC     ; 2      ; CLKCTRL_3A_G_I20    ;            ; CLK_50~inputCLKENA0|inclk                                                                        ;
;   0.613 ;   0.277  ; RR ; CELL   ; 181589 ; CLKCTRL_3A_G_I20    ;            ; CLK_50~inputCLKENA0|outclk                                                                       ;
;   2.659 ;   2.046  ; RR ; IC     ; 1      ; FF_X98_Y21_N58      ; High Speed ; System|intel_niosv_g_0|intel_niosv_g_0|hart|core_inst|lsu_inst|write_adrs|state[1]~DUPLICATE|clk ;
;   2.659 ;   0.000  ; RR ; CELL   ; 1      ; FF_X98_Y21_N58      ; High Speed ; System|intel_niosv_g_0|intel_niosv_g_0|hart|core_inst|lsu_inst|write_adrs|state[1]~DUPLICATE     ;
;   2.434 ;   -0.225 ;    ;        ;        ;                     ;            ; clock pessimism removed                                                                          ;
; 2.434   ; 0.000    ;    ;        ;        ;                     ;            ; clock uncertainty                                                                                ;
; 2.671   ; 0.237    ;    ; uTh    ; 1      ; FF_X98_Y21_N58      ;            ; System|intel_niosv_g_0|intel_niosv_g_0|hart|core_inst|lsu_inst|write_adrs|state[1]~DUPLICATE     ;
+---------+----------+----+--------+--------+---------------------+------------+--------------------------------------------------------------------------------------------------+



Path #10: Hold slack is 0.019 
===============================================================================
+---------------------------------------------------------------------------------------------------------------+
; Path Summary                                                                                                  ;
+---------------------------------+-----------------------------------------------------------------------------+
; Property                        ; Value                                                                       ;
+---------------------------------+-----------------------------------------------------------------------------+
; From Node                       ; System|intel_niosv_g_0|intel_niosv_g_0|hart|core_inst|csr_inst|debug_pc[21] ;
; To Node                         ; System|intel_niosv_g_0|intel_niosv_g_0|hart|core_inst|csr_inst|debug_pc[21] ;
; Launch Clock                    ; CLK_50                                                                      ;
; Latch Clock                     ; CLK_50                                                                      ;
; SDC Exception                   ; No SDC Exception on Path                                                    ;
; Data Arrival Time               ; 2.730                                                                       ;
; Data Required Time              ; 2.711                                                                       ;
; Slack                           ; 0.019                                                                       ;
; Worst-Case Operating Conditions ; Fast 900mV 0C Model                                                         ;
+---------------------------------+-----------------------------------------------------------------------------+

+-----------------------------------------------------------------------------------+
; Statistics                                                                        ;
+------------------------+-------+-------+-------------+------------+-------+-------+
; Property               ; Value ; Count ; Total Delay ; % of Total ; Min   ; Max   ;
+------------------------+-------+-------+-------------+------------+-------+-------+
; Hold Relationship      ; 0.000 ;       ;             ;            ;       ;       ;
; Clock Skew             ; 0.000 ;       ;             ;            ;       ;       ;
; Data Delay             ; 0.282 ;       ;             ;            ;       ;       ;
; Number of Logic Levels ;       ; 1     ;             ;            ;       ;       ;
; Physical Delays        ;       ;       ;             ;            ;       ;       ;
;  Arrival Path          ;       ;       ;             ;            ;       ;       ;
;   Clock                ;       ;       ;             ;            ;       ;       ;
;    IC                  ;       ; 3     ; 1.897       ; 77         ; 0.000 ; 1.897 ;
;    Cell                ;       ; 4     ; 0.551       ; 23         ; 0.000 ; 0.261 ;
;   Data                 ;       ;       ;             ;            ;       ;       ;
;    Cell                ;       ; 4     ; 0.164       ; 58         ; 0.000 ; 0.164 ;
;    uTco                ;       ; 1     ; 0.118       ; 42         ; 0.118 ; 0.118 ;
;  Required Path         ;       ;       ;             ;            ;       ;       ;
;   Clock                ;       ;       ;             ;            ;       ;       ;
;    IC                  ;       ; 3     ; 2.061       ; 77         ; 0.000 ; 2.061 ;
;    Cell                ;       ; 4     ; 0.613       ; 23         ; 0.000 ; 0.277 ;
+------------------------+-------+-------+-------------+------------+-------+-------+
Note: Negative delays are omitted from totals when calculating percentages

+--------------------------------------------------------------------------------------------------------------------------------------------------------------------------+
; Data Arrival Path                                                                                                                                                        ;
+---------+---------+----+--------+--------+-----------------------+-----------+-------------------------------------------------------------------------------------------+
; Total   ; Incr    ; RF ; Type   ; Fanout ; Location              ; HS/LP     ; Element                                                                                   ;
+---------+---------+----+--------+--------+-----------------------+-----------+-------------------------------------------------------------------------------------------+
; 0.000   ; 0.000   ;    ;        ;        ;                       ;           ; launch edge time                                                                          ;
; 0.000   ; 0.000   ;    ; borrow ;        ;                       ;           ; time borrowed                                                                             ;
; 2.448   ; 2.448   ;    ;        ;        ;                       ;           ; clock path                                                                                ;
;   0.000 ;   0.000 ;    ;        ;        ;                       ;           ; source latency                                                                            ;
;   0.000 ;   0.000 ;    ;        ; 1      ; PIN_AM10              ;           ; CLK_50                                                                                    ;
;   0.000 ;   0.000 ; RR ; IC     ; 1      ; IOIBUF_X148_Y16_N32   ;           ; CLK_50~input|i                                                                            ;
;   0.261 ;   0.261 ; RR ; CELL   ; 1      ; IOIBUF_X148_Y16_N32   ;           ; CLK_50~input|o                                                                            ;
;   0.322 ;   0.061 ; RR ; CELL   ; 1      ; IOIBUF_X148_Y16_N32   ;           ; CLK_50~input~io_48_lvds_tile_edge/ioclkin[0]                                              ;
;   0.322 ;   0.000 ; RR ; IC     ; 2      ; CLKCTRL_3A_G_I20      ;           ; CLK_50~inputCLKENA0|inclk                                                                 ;
;   0.551 ;   0.229 ; RR ; CELL   ; 181589 ; CLKCTRL_3A_G_I20      ;           ; CLK_50~inputCLKENA0|outclk                                                                ;
;   2.448 ;   1.897 ; RR ; IC     ; 1      ; FF_X115_Y16_N25       ; Low Power ; System|intel_niosv_g_0|intel_niosv_g_0|hart|core_inst|csr_inst|debug_pc[21]|clk           ;
;   2.448 ;   0.000 ; RR ; CELL   ; 1      ; FF_X115_Y16_N25       ; Low Power ; System|intel_niosv_g_0|intel_niosv_g_0|hart|core_inst|csr_inst|debug_pc[21]               ;
; 2.730   ; 0.282   ;    ;        ;        ;                       ;           ; data path                                                                                 ;
;   2.566 ;   0.118 ; FF ; uTco   ; 2      ; FF_X115_Y16_N25       ;           ; System|intel_niosv_g_0|intel_niosv_g_0|hart|core_inst|csr_inst|debug_pc[21]|q             ;
;   2.566 ;   0.000 ; FF ; CELL   ; 1      ; MLABCELL_X115_Y16_N24 ; Low Power ; System|intel_niosv_g_0|intel_niosv_g_0|hart|core_inst|csr_inst|debug_pc_nxt[0]~25|datae   ;
;   2.730 ;   0.164 ; FF ; CELL   ; 1      ; MLABCELL_X115_Y16_N24 ; Low Power ; System|intel_niosv_g_0|intel_niosv_g_0|hart|core_inst|csr_inst|debug_pc_nxt[0]~25|combout ;
;   2.730 ;   0.000 ; FF ; CELL   ; 1      ; FF_X115_Y16_N25       ; Low Power ; System|intel_niosv_g_0|intel_niosv_g_0|hart|core_inst|csr_inst|debug_pc[21]|d             ;
;   2.730 ;   0.000 ; FF ; CELL   ; 1      ; FF_X115_Y16_N25       ; Low Power ; System|intel_niosv_g_0|intel_niosv_g_0|hart|core_inst|csr_inst|debug_pc[21]               ;
+---------+---------+----+--------+--------+-----------------------+-----------+-------------------------------------------------------------------------------------------+

+---------------------------------------------------------------------------------------------------------------------------------------------------------------+
; Data Required Path                                                                                                                                            ;
+---------+----------+----+--------+--------+---------------------+-----------+---------------------------------------------------------------------------------+
; Total   ; Incr     ; RF ; Type   ; Fanout ; Location            ; HS/LP     ; Element                                                                         ;
+---------+----------+----+--------+--------+---------------------+-----------+---------------------------------------------------------------------------------+
; 0.000   ; 0.000    ;    ;        ;        ;                     ;           ; latch edge time                                                                 ;
; 0.000   ; 0.000    ;    ; borrow ;        ;                     ;           ; time borrowed                                                                   ;
; 2.448   ; 2.448    ;    ;        ;        ;                     ;           ; clock path                                                                      ;
;   0.000 ;   0.000  ;    ;        ;        ;                     ;           ; source latency                                                                  ;
;   0.000 ;   0.000  ;    ;        ; 1      ; PIN_AM10            ;           ; CLK_50                                                                          ;
;   0.000 ;   0.000  ; RR ; IC     ; 1      ; IOIBUF_X148_Y16_N32 ;           ; CLK_50~input|i                                                                  ;
;   0.261 ;   0.261  ; RR ; CELL   ; 1      ; IOIBUF_X148_Y16_N32 ;           ; CLK_50~input|o                                                                  ;
;   0.336 ;   0.075  ; RR ; CELL   ; 1      ; IOIBUF_X148_Y16_N32 ;           ; CLK_50~input~io_48_lvds_tile_edge/ioclkin[0]                                    ;
;   0.336 ;   0.000  ; RR ; IC     ; 2      ; CLKCTRL_3A_G_I20    ;           ; CLK_50~inputCLKENA0|inclk                                                       ;
;   0.613 ;   0.277  ; RR ; CELL   ; 181589 ; CLKCTRL_3A_G_I20    ;           ; CLK_50~inputCLKENA0|outclk                                                      ;
;   2.674 ;   2.061  ; RR ; IC     ; 1      ; FF_X115_Y16_N25     ; Low Power ; System|intel_niosv_g_0|intel_niosv_g_0|hart|core_inst|csr_inst|debug_pc[21]|clk ;
;   2.674 ;   0.000  ; RR ; CELL   ; 1      ; FF_X115_Y16_N25     ; Low Power ; System|intel_niosv_g_0|intel_niosv_g_0|hart|core_inst|csr_inst|debug_pc[21]     ;
;   2.448 ;   -0.226 ;    ;        ;        ;                     ;           ; clock pessimism removed                                                         ;
; 2.448   ; 0.000    ;    ;        ;        ;                     ;           ; clock uncertainty                                                               ;
; 2.711   ; 0.263    ;    ; uTh    ; 1      ; FF_X115_Y16_N25     ;           ; System|intel_niosv_g_0|intel_niosv_g_0|hart|core_inst|csr_inst|debug_pc[21]     ;
+---------+----------+----+--------+--------+---------------------+-----------+---------------------------------------------------------------------------------+



----------------
; Command Info ;
----------------
Report Timing: Found 10 recovery paths (0 violated).  Worst case slack is 14.533 

Tcl Command:
    report_timing -recovery -panel_name {Worst-Case Timing Paths||Recovery||CLK_50} -to_clock [get_clocks {CLK_50}] -npaths 10 -detail full_path

Options:
    -to_clock [get_clocks {CLK_50}] 
    -recovery 
    -npaths 10 
    -detail full_path 
    -panel_name {CLK_50} 

Snapshot:
    final

Delay Models:
    Slow 900mV 100C Model
    Slow 900mV 0C Model
    Fast 900mV 100C Model
    Fast 900mV 0C Model


+---------------------------------------------------------------------------------------------------------------------------------------------------------------------------------------------------------------------------------------------------------------------------------------------------------------+
; Summary of Paths                                                                                                                                                                                                                                                                                              ;
+--------+----------------------------------+-----------------------------------------------------------------------------------------------------------------------------------------------------------+--------------+-------------+--------------+------------+------------+---------------------------------+
; Slack  ; From Node                        ; To Node                                                                                                                                                   ; Launch Clock ; Latch Clock ; Relationship ; Clock Skew ; Data Delay ; Worst-Case Operating Conditions ;
+--------+----------------------------------+-----------------------------------------------------------------------------------------------------------------------------------------------------------+--------------+-------------+--------------+------------+------------+---------------------------------+
; 14.533 ; System|rst_controller|r_sync_rst ; System|jtag_uart_0|jtag_uart_0|the_NonDPR_jtag_uart_0_altera_avalon_jtag_uart_1924_v2zfocy_scfifo_w|wfifo|auto_generated|dpfifo|FIFOram|ram_block1a6~reg0 ; CLK_50       ; CLK_50      ; 20.000       ; -0.155     ; 4.779      ; Slow 900mV 0C Model             ;
; 14.533 ; System|rst_controller|r_sync_rst ; System|jtag_uart_0|jtag_uart_0|the_NonDPR_jtag_uart_0_altera_avalon_jtag_uart_1924_v2zfocy_scfifo_w|wfifo|auto_generated|dpfifo|FIFOram|ram_block1a5~reg0 ; CLK_50       ; CLK_50      ; 20.000       ; -0.155     ; 4.779      ; Slow 900mV 0C Model             ;
; 14.533 ; System|rst_controller|r_sync_rst ; System|jtag_uart_0|jtag_uart_0|the_NonDPR_jtag_uart_0_altera_avalon_jtag_uart_1924_v2zfocy_scfifo_w|wfifo|auto_generated|dpfifo|FIFOram|ram_block1a4~reg0 ; CLK_50       ; CLK_50      ; 20.000       ; -0.155     ; 4.779      ; Slow 900mV 0C Model             ;
; 14.533 ; System|rst_controller|r_sync_rst ; System|jtag_uart_0|jtag_uart_0|the_NonDPR_jtag_uart_0_altera_avalon_jtag_uart_1924_v2zfocy_scfifo_w|wfifo|auto_generated|dpfifo|FIFOram|ram_block1a3~reg0 ; CLK_50       ; CLK_50      ; 20.000       ; -0.155     ; 4.779      ; Slow 900mV 0C Model             ;
; 14.533 ; System|rst_controller|r_sync_rst ; System|jtag_uart_0|jtag_uart_0|the_NonDPR_jtag_uart_0_altera_avalon_jtag_uart_1924_v2zfocy_scfifo_w|wfifo|auto_generated|dpfifo|FIFOram|ram_block1a2~reg0 ; CLK_50       ; CLK_50      ; 20.000       ; -0.155     ; 4.779      ; Slow 900mV 0C Model             ;
; 14.533 ; System|rst_controller|r_sync_rst ; System|jtag_uart_0|jtag_uart_0|the_NonDPR_jtag_uart_0_altera_avalon_jtag_uart_1924_v2zfocy_scfifo_w|wfifo|auto_generated|dpfifo|FIFOram|ram_block1a1~reg0 ; CLK_50       ; CLK_50      ; 20.000       ; -0.155     ; 4.779      ; Slow 900mV 0C Model             ;
; 14.533 ; System|rst_controller|r_sync_rst ; System|jtag_uart_0|jtag_uart_0|the_NonDPR_jtag_uart_0_altera_avalon_jtag_uart_1924_v2zfocy_scfifo_w|wfifo|auto_generated|dpfifo|FIFOram|ram_block1a0~reg0 ; CLK_50       ; CLK_50      ; 20.000       ; -0.155     ; 4.779      ; Slow 900mV 0C Model             ;
; 14.533 ; System|rst_controller|r_sync_rst ; System|jtag_uart_0|jtag_uart_0|the_NonDPR_jtag_uart_0_altera_avalon_jtag_uart_1924_v2zfocy_scfifo_w|wfifo|auto_generated|dpfifo|FIFOram|ram_block1a7~reg0 ; CLK_50       ; CLK_50      ; 20.000       ; -0.155     ; 4.779      ; Slow 900mV 0C Model             ;
; 14.855 ; System|rst_controller|r_sync_rst ; System|intel_niosv_g_0|intel_niosv_g_0|dbg_mod|dm_inst|abstauto.progbuf[2]                                                                                ; CLK_50       ; CLK_50      ; 20.000       ; -0.126     ; 4.841      ; Slow 900mV 0C Model             ;
; 14.856 ; System|rst_controller|r_sync_rst ; System|intel_niosv_g_0|intel_niosv_g_0|dbg_mod|dm_inst|abstauto.progbuf[3]                                                                                ; CLK_50       ; CLK_50      ; 20.000       ; -0.126     ; 4.841      ; Slow 900mV 0C Model             ;
+--------+----------------------------------+-----------------------------------------------------------------------------------------------------------------------------------------------------------+--------------+-------------+--------------+------------+------------+---------------------------------+


Path #1: Recovery slack is 14.533 
===============================================================================
+---------------------------------------------------------------------------------------------------------------------------------------------------------------------------------------------+
; Path Summary                                                                                                                                                                                ;
+---------------------------------+-----------------------------------------------------------------------------------------------------------------------------------------------------------+
; Property                        ; Value                                                                                                                                                     ;
+---------------------------------+-----------------------------------------------------------------------------------------------------------------------------------------------------------+
; From Node                       ; System|rst_controller|r_sync_rst                                                                                                                          ;
; To Node                         ; System|jtag_uart_0|jtag_uart_0|the_NonDPR_jtag_uart_0_altera_avalon_jtag_uart_1924_v2zfocy_scfifo_w|wfifo|auto_generated|dpfifo|FIFOram|ram_block1a6~reg0 ;
; Launch Clock                    ; CLK_50                                                                                                                                                    ;
; Latch Clock                     ; CLK_50                                                                                                                                                    ;
; SDC Exception                   ; No SDC Exception on Path                                                                                                                                  ;
; Data Arrival Time               ; 9.599                                                                                                                                                     ;
; Data Required Time              ; 24.132                                                                                                                                                    ;
; Slack                           ; 14.533                                                                                                                                                    ;
; Worst-Case Operating Conditions ; Slow 900mV 0C Model                                                                                                                                       ;
+---------------------------------+-----------------------------------------------------------------------------------------------------------------------------------------------------------+

+------------------------------------------------------------------------------------+
; Statistics                                                                         ;
+------------------------+--------+-------+-------------+------------+-------+-------+
; Property               ; Value  ; Count ; Total Delay ; % of Total ; Min   ; Max   ;
+------------------------+--------+-------+-------------+------------+-------+-------+
; Recovery Relationship  ; 20.000 ;       ;             ;            ;       ;       ;
; Clock Skew             ; -0.155 ;       ;             ;            ;       ;       ;
; Data Delay             ; 4.779  ;       ;             ;            ;       ;       ;
; Number of Logic Levels ;        ; 1     ;             ;            ;       ;       ;
; Physical Delays        ;        ;       ;             ;            ;       ;       ;
;  Arrival Path          ;        ;       ;             ;            ;       ;       ;
;   Clock                ;        ;       ;             ;            ;       ;       ;
;    IC                  ;        ; 3     ; 3.470       ; 72         ; 0.000 ; 3.470 ;
;    Cell                ;        ; 4     ; 1.350       ; 28         ; 0.000 ; 0.606 ;
;   Data                 ;        ;       ;             ;            ;       ;       ;
;    IC                  ;        ; 2     ; 3.960       ; 83         ; 0.552 ; 3.408 ;
;    Cell                ;        ; 3     ; 0.589       ; 12         ; 0.000 ; 0.511 ;
;    uTco                ;        ; 1     ; 0.230       ; 5          ; 0.230 ; 0.230 ;
;  Required Path         ;        ;       ;             ;            ;       ;       ;
;   Clock                ;        ;       ;             ;            ;       ;       ;
;    IC                  ;        ; 3     ; 3.154       ; 72         ; 0.000 ; 3.154 ;
;    Cell                ;        ; 4     ; 1.233       ; 28         ; 0.000 ; 0.606 ;
+------------------------+--------+-------+-------------+------------+-------+-------+
Note: Negative delays are omitted from totals when calculating percentages

+-----------------------------------------------------------------------------------------------------------------------------------------------------------------------------------------------------------------------------------------+
; Data Arrival Path                                                                                                                                                                                                                       ;
+---------+---------+----+--------+--------+---------------------+------------+-----------------------------------------------------------------------------------------------------------------------------------------------------------+
; Total   ; Incr    ; RF ; Type   ; Fanout ; Location            ; HS/LP      ; Element                                                                                                                                                   ;
+---------+---------+----+--------+--------+---------------------+------------+-----------------------------------------------------------------------------------------------------------------------------------------------------------+
; 0.000   ; 0.000   ;    ;        ;        ;                     ;            ; launch edge time                                                                                                                                          ;
; 0.000   ; 0.000   ;    ; borrow ;        ;                     ;            ; time borrowed                                                                                                                                             ;
; 4.820   ; 4.820   ;    ;        ;        ;                     ;            ; clock path                                                                                                                                                ;
;   0.000 ;   0.000 ;    ;        ;        ;                     ;            ; source latency                                                                                                                                            ;
;   0.000 ;   0.000 ;    ;        ; 1      ; PIN_AM10            ;            ; CLK_50                                                                                                                                                    ;
;   0.000 ;   0.000 ; RR ; IC     ; 1      ; IOIBUF_X148_Y16_N32 ;            ; CLK_50~input|i                                                                                                                                            ;
;   0.606 ;   0.606 ; RR ; CELL   ; 1      ; IOIBUF_X148_Y16_N32 ;            ; CLK_50~input|o                                                                                                                                            ;
;   0.777 ;   0.171 ; RR ; CELL   ; 1      ; IOIBUF_X148_Y16_N32 ;            ; CLK_50~input~io_48_lvds_tile_edge/ioclkin[0]                                                                                                              ;
;   0.777 ;   0.000 ; RR ; IC     ; 2      ; CLKCTRL_3A_G_I20    ;            ; CLK_50~inputCLKENA0|inclk                                                                                                                                 ;
;   1.350 ;   0.573 ; RR ; CELL   ; 181589 ; CLKCTRL_3A_G_I20    ;            ; CLK_50~inputCLKENA0|outclk                                                                                                                                ;
;   4.820 ;   3.470 ; RR ; IC     ; 1      ; FF_X147_Y17_N22     ; High Speed ; System|rst_controller|r_sync_rst|clk                                                                                                                      ;
;   4.820 ;   0.000 ; RR ; CELL   ; 1      ; FF_X147_Y17_N22     ; High Speed ; System|rst_controller|r_sync_rst                                                                                                                          ;
; 9.599   ; 4.779   ;    ;        ;        ;                     ;            ; data path                                                                                                                                                 ;
;   5.050 ;   0.230 ; FF ; uTco   ; 1      ; FF_X147_Y17_N22     ;            ; System|rst_controller|r_sync_rst|q                                                                                                                        ;
;   5.128 ;   0.078 ; FF ; CELL   ; 140581 ; FF_X147_Y17_N22     ; High Speed ; System|rst_controller|r_sync_rst~la_lab/laboutt[14]                                                                                                       ;
;   5.680 ;   0.552 ; FF ; IC     ; 2      ; CLKCTRL_3A_G_I21    ; High Speed ; System|rst_controller|r_sync_rst~CLKENA0|inclk                                                                                                            ;
;   6.191 ;   0.511 ; FF ; CELL   ; 4281   ; CLKCTRL_3A_G_I21    ;            ; System|rst_controller|r_sync_rst~CLKENA0|outclk                                                                                                           ;
;   9.599 ;   3.408 ; FF ; IC     ; 1      ; EC_X102_Y9_N6       ; Mixed      ; System|jtag_uart_0|jtag_uart_0|the_NonDPR_jtag_uart_0_altera_avalon_jtag_uart_1924_v2zfocy_scfifo_w|wfifo|auto_generated|dpfifo|FIFOram|ram_block1a6|clr0 ;
;   9.599 ;   0.000 ; FF ; CELL   ; 0      ; EC_X102_Y9_N6       ; High Speed ; System|jtag_uart_0|jtag_uart_0|the_NonDPR_jtag_uart_0_altera_avalon_jtag_uart_1924_v2zfocy_scfifo_w|wfifo|auto_generated|dpfifo|FIFOram|ram_block1a6~reg0 ;
+---------+---------+----+--------+--------+---------------------+------------+-----------------------------------------------------------------------------------------------------------------------------------------------------------+

+----------------------------------------------------------------------------------------------------------------------------------------------------------------------------------------------------------------------------------------+
; Data Required Path                                                                                                                                                                                                                     ;
+----------+---------+----+------+--------+---------------------+------------+-----------------------------------------------------------------------------------------------------------------------------------------------------------+
; Total    ; Incr    ; RF ; Type ; Fanout ; Location            ; HS/LP      ; Element                                                                                                                                                   ;
+----------+---------+----+------+--------+---------------------+------------+-----------------------------------------------------------------------------------------------------------------------------------------------------------+
; 20.000   ; 20.000  ;    ;      ;        ;                     ;            ; latch edge time                                                                                                                                           ;
; 24.665   ; 4.665   ;    ;      ;        ;                     ;            ; clock path                                                                                                                                                ;
;   20.000 ;   0.000 ;    ;      ;        ;                     ;            ; source latency                                                                                                                                            ;
;   20.000 ;   0.000 ;    ;      ; 1      ; PIN_AM10            ;            ; CLK_50                                                                                                                                                    ;
;   20.000 ;   0.000 ; RR ; IC   ; 1      ; IOIBUF_X148_Y16_N32 ;            ; CLK_50~input|i                                                                                                                                            ;
;   20.606 ;   0.606 ; RR ; CELL ; 1      ; IOIBUF_X148_Y16_N32 ;            ; CLK_50~input|o                                                                                                                                            ;
;   20.744 ;   0.138 ; RR ; CELL ; 1      ; IOIBUF_X148_Y16_N32 ;            ; CLK_50~input~io_48_lvds_tile_edge/ioclkin[0]                                                                                                              ;
;   20.744 ;   0.000 ; RR ; IC   ; 2      ; CLKCTRL_3A_G_I20    ;            ; CLK_50~inputCLKENA0|inclk                                                                                                                                 ;
;   21.233 ;   0.489 ; RR ; CELL ; 181589 ; CLKCTRL_3A_G_I20    ;            ; CLK_50~inputCLKENA0|outclk                                                                                                                                ;
;   24.387 ;   3.154 ; RR ; IC   ; 2      ; EC_X102_Y9_N6       ; Mixed      ; System|jtag_uart_0|jtag_uart_0|the_NonDPR_jtag_uart_0_altera_avalon_jtag_uart_1924_v2zfocy_scfifo_w|wfifo|auto_generated|dpfifo|FIFOram|ram_block1a6|clk0 ;
;   24.387 ;   0.000 ; RR ; CELL ; 0      ; EC_X102_Y9_N6       ; High Speed ; System|jtag_uart_0|jtag_uart_0|the_NonDPR_jtag_uart_0_altera_avalon_jtag_uart_1924_v2zfocy_scfifo_w|wfifo|auto_generated|dpfifo|FIFOram|ram_block1a6~reg0 ;
;   24.665 ;   0.278 ;    ;      ;        ;                     ;            ; clock pessimism removed                                                                                                                                   ;
; 24.635   ; -0.030  ;    ;      ;        ;                     ;            ; clock uncertainty                                                                                                                                         ;
; 24.132   ; -0.503  ;    ; uTsu ; 0      ; EC_X102_Y9_N6       ;            ; System|jtag_uart_0|jtag_uart_0|the_NonDPR_jtag_uart_0_altera_avalon_jtag_uart_1924_v2zfocy_scfifo_w|wfifo|auto_generated|dpfifo|FIFOram|ram_block1a6~reg0 ;
+----------+---------+----+------+--------+---------------------+------------+-----------------------------------------------------------------------------------------------------------------------------------------------------------+



Path #2: Recovery slack is 14.533 
===============================================================================
+---------------------------------------------------------------------------------------------------------------------------------------------------------------------------------------------+
; Path Summary                                                                                                                                                                                ;
+---------------------------------+-----------------------------------------------------------------------------------------------------------------------------------------------------------+
; Property                        ; Value                                                                                                                                                     ;
+---------------------------------+-----------------------------------------------------------------------------------------------------------------------------------------------------------+
; From Node                       ; System|rst_controller|r_sync_rst                                                                                                                          ;
; To Node                         ; System|jtag_uart_0|jtag_uart_0|the_NonDPR_jtag_uart_0_altera_avalon_jtag_uart_1924_v2zfocy_scfifo_w|wfifo|auto_generated|dpfifo|FIFOram|ram_block1a5~reg0 ;
; Launch Clock                    ; CLK_50                                                                                                                                                    ;
; Latch Clock                     ; CLK_50                                                                                                                                                    ;
; SDC Exception                   ; No SDC Exception on Path                                                                                                                                  ;
; Data Arrival Time               ; 9.599                                                                                                                                                     ;
; Data Required Time              ; 24.132                                                                                                                                                    ;
; Slack                           ; 14.533                                                                                                                                                    ;
; Worst-Case Operating Conditions ; Slow 900mV 0C Model                                                                                                                                       ;
+---------------------------------+-----------------------------------------------------------------------------------------------------------------------------------------------------------+

+------------------------------------------------------------------------------------+
; Statistics                                                                         ;
+------------------------+--------+-------+-------------+------------+-------+-------+
; Property               ; Value  ; Count ; Total Delay ; % of Total ; Min   ; Max   ;
+------------------------+--------+-------+-------------+------------+-------+-------+
; Recovery Relationship  ; 20.000 ;       ;             ;            ;       ;       ;
; Clock Skew             ; -0.155 ;       ;             ;            ;       ;       ;
; Data Delay             ; 4.779  ;       ;             ;            ;       ;       ;
; Number of Logic Levels ;        ; 1     ;             ;            ;       ;       ;
; Physical Delays        ;        ;       ;             ;            ;       ;       ;
;  Arrival Path          ;        ;       ;             ;            ;       ;       ;
;   Clock                ;        ;       ;             ;            ;       ;       ;
;    IC                  ;        ; 3     ; 3.470       ; 72         ; 0.000 ; 3.470 ;
;    Cell                ;        ; 4     ; 1.350       ; 28         ; 0.000 ; 0.606 ;
;   Data                 ;        ;       ;             ;            ;       ;       ;
;    IC                  ;        ; 2     ; 3.960       ; 83         ; 0.552 ; 3.408 ;
;    Cell                ;        ; 3     ; 0.589       ; 12         ; 0.000 ; 0.511 ;
;    uTco                ;        ; 1     ; 0.230       ; 5          ; 0.230 ; 0.230 ;
;  Required Path         ;        ;       ;             ;            ;       ;       ;
;   Clock                ;        ;       ;             ;            ;       ;       ;
;    IC                  ;        ; 3     ; 3.154       ; 72         ; 0.000 ; 3.154 ;
;    Cell                ;        ; 4     ; 1.233       ; 28         ; 0.000 ; 0.606 ;
+------------------------+--------+-------+-------------+------------+-------+-------+
Note: Negative delays are omitted from totals when calculating percentages

+-----------------------------------------------------------------------------------------------------------------------------------------------------------------------------------------------------------------------------------------+
; Data Arrival Path                                                                                                                                                                                                                       ;
+---------+---------+----+--------+--------+---------------------+------------+-----------------------------------------------------------------------------------------------------------------------------------------------------------+
; Total   ; Incr    ; RF ; Type   ; Fanout ; Location            ; HS/LP      ; Element                                                                                                                                                   ;
+---------+---------+----+--------+--------+---------------------+------------+-----------------------------------------------------------------------------------------------------------------------------------------------------------+
; 0.000   ; 0.000   ;    ;        ;        ;                     ;            ; launch edge time                                                                                                                                          ;
; 0.000   ; 0.000   ;    ; borrow ;        ;                     ;            ; time borrowed                                                                                                                                             ;
; 4.820   ; 4.820   ;    ;        ;        ;                     ;            ; clock path                                                                                                                                                ;
;   0.000 ;   0.000 ;    ;        ;        ;                     ;            ; source latency                                                                                                                                            ;
;   0.000 ;   0.000 ;    ;        ; 1      ; PIN_AM10            ;            ; CLK_50                                                                                                                                                    ;
;   0.000 ;   0.000 ; RR ; IC     ; 1      ; IOIBUF_X148_Y16_N32 ;            ; CLK_50~input|i                                                                                                                                            ;
;   0.606 ;   0.606 ; RR ; CELL   ; 1      ; IOIBUF_X148_Y16_N32 ;            ; CLK_50~input|o                                                                                                                                            ;
;   0.777 ;   0.171 ; RR ; CELL   ; 1      ; IOIBUF_X148_Y16_N32 ;            ; CLK_50~input~io_48_lvds_tile_edge/ioclkin[0]                                                                                                              ;
;   0.777 ;   0.000 ; RR ; IC     ; 2      ; CLKCTRL_3A_G_I20    ;            ; CLK_50~inputCLKENA0|inclk                                                                                                                                 ;
;   1.350 ;   0.573 ; RR ; CELL   ; 181589 ; CLKCTRL_3A_G_I20    ;            ; CLK_50~inputCLKENA0|outclk                                                                                                                                ;
;   4.820 ;   3.470 ; RR ; IC     ; 1      ; FF_X147_Y17_N22     ; High Speed ; System|rst_controller|r_sync_rst|clk                                                                                                                      ;
;   4.820 ;   0.000 ; RR ; CELL   ; 1      ; FF_X147_Y17_N22     ; High Speed ; System|rst_controller|r_sync_rst                                                                                                                          ;
; 9.599   ; 4.779   ;    ;        ;        ;                     ;            ; data path                                                                                                                                                 ;
;   5.050 ;   0.230 ; FF ; uTco   ; 1      ; FF_X147_Y17_N22     ;            ; System|rst_controller|r_sync_rst|q                                                                                                                        ;
;   5.128 ;   0.078 ; FF ; CELL   ; 140581 ; FF_X147_Y17_N22     ; High Speed ; System|rst_controller|r_sync_rst~la_lab/laboutt[14]                                                                                                       ;
;   5.680 ;   0.552 ; FF ; IC     ; 2      ; CLKCTRL_3A_G_I21    ; High Speed ; System|rst_controller|r_sync_rst~CLKENA0|inclk                                                                                                            ;
;   6.191 ;   0.511 ; FF ; CELL   ; 4281   ; CLKCTRL_3A_G_I21    ;            ; System|rst_controller|r_sync_rst~CLKENA0|outclk                                                                                                           ;
;   9.599 ;   3.408 ; FF ; IC     ; 1      ; EC_X102_Y9_N5       ; Mixed      ; System|jtag_uart_0|jtag_uart_0|the_NonDPR_jtag_uart_0_altera_avalon_jtag_uart_1924_v2zfocy_scfifo_w|wfifo|auto_generated|dpfifo|FIFOram|ram_block1a5|clr0 ;
;   9.599 ;   0.000 ; FF ; CELL   ; 0      ; EC_X102_Y9_N5       ; High Speed ; System|jtag_uart_0|jtag_uart_0|the_NonDPR_jtag_uart_0_altera_avalon_jtag_uart_1924_v2zfocy_scfifo_w|wfifo|auto_generated|dpfifo|FIFOram|ram_block1a5~reg0 ;
+---------+---------+----+--------+--------+---------------------+------------+-----------------------------------------------------------------------------------------------------------------------------------------------------------+

+----------------------------------------------------------------------------------------------------------------------------------------------------------------------------------------------------------------------------------------+
; Data Required Path                                                                                                                                                                                                                     ;
+----------+---------+----+------+--------+---------------------+------------+-----------------------------------------------------------------------------------------------------------------------------------------------------------+
; Total    ; Incr    ; RF ; Type ; Fanout ; Location            ; HS/LP      ; Element                                                                                                                                                   ;
+----------+---------+----+------+--------+---------------------+------------+-----------------------------------------------------------------------------------------------------------------------------------------------------------+
; 20.000   ; 20.000  ;    ;      ;        ;                     ;            ; latch edge time                                                                                                                                           ;
; 24.665   ; 4.665   ;    ;      ;        ;                     ;            ; clock path                                                                                                                                                ;
;   20.000 ;   0.000 ;    ;      ;        ;                     ;            ; source latency                                                                                                                                            ;
;   20.000 ;   0.000 ;    ;      ; 1      ; PIN_AM10            ;            ; CLK_50                                                                                                                                                    ;
;   20.000 ;   0.000 ; RR ; IC   ; 1      ; IOIBUF_X148_Y16_N32 ;            ; CLK_50~input|i                                                                                                                                            ;
;   20.606 ;   0.606 ; RR ; CELL ; 1      ; IOIBUF_X148_Y16_N32 ;            ; CLK_50~input|o                                                                                                                                            ;
;   20.744 ;   0.138 ; RR ; CELL ; 1      ; IOIBUF_X148_Y16_N32 ;            ; CLK_50~input~io_48_lvds_tile_edge/ioclkin[0]                                                                                                              ;
;   20.744 ;   0.000 ; RR ; IC   ; 2      ; CLKCTRL_3A_G_I20    ;            ; CLK_50~inputCLKENA0|inclk                                                                                                                                 ;
;   21.233 ;   0.489 ; RR ; CELL ; 181589 ; CLKCTRL_3A_G_I20    ;            ; CLK_50~inputCLKENA0|outclk                                                                                                                                ;
;   24.387 ;   3.154 ; RR ; IC   ; 2      ; EC_X102_Y9_N5       ; Mixed      ; System|jtag_uart_0|jtag_uart_0|the_NonDPR_jtag_uart_0_altera_avalon_jtag_uart_1924_v2zfocy_scfifo_w|wfifo|auto_generated|dpfifo|FIFOram|ram_block1a5|clk0 ;
;   24.387 ;   0.000 ; RR ; CELL ; 0      ; EC_X102_Y9_N5       ; High Speed ; System|jtag_uart_0|jtag_uart_0|the_NonDPR_jtag_uart_0_altera_avalon_jtag_uart_1924_v2zfocy_scfifo_w|wfifo|auto_generated|dpfifo|FIFOram|ram_block1a5~reg0 ;
;   24.665 ;   0.278 ;    ;      ;        ;                     ;            ; clock pessimism removed                                                                                                                                   ;
; 24.635   ; -0.030  ;    ;      ;        ;                     ;            ; clock uncertainty                                                                                                                                         ;
; 24.132   ; -0.503  ;    ; uTsu ; 0      ; EC_X102_Y9_N5       ;            ; System|jtag_uart_0|jtag_uart_0|the_NonDPR_jtag_uart_0_altera_avalon_jtag_uart_1924_v2zfocy_scfifo_w|wfifo|auto_generated|dpfifo|FIFOram|ram_block1a5~reg0 ;
+----------+---------+----+------+--------+---------------------+------------+-----------------------------------------------------------------------------------------------------------------------------------------------------------+



Path #3: Recovery slack is 14.533 
===============================================================================
+---------------------------------------------------------------------------------------------------------------------------------------------------------------------------------------------+
; Path Summary                                                                                                                                                                                ;
+---------------------------------+-----------------------------------------------------------------------------------------------------------------------------------------------------------+
; Property                        ; Value                                                                                                                                                     ;
+---------------------------------+-----------------------------------------------------------------------------------------------------------------------------------------------------------+
; From Node                       ; System|rst_controller|r_sync_rst                                                                                                                          ;
; To Node                         ; System|jtag_uart_0|jtag_uart_0|the_NonDPR_jtag_uart_0_altera_avalon_jtag_uart_1924_v2zfocy_scfifo_w|wfifo|auto_generated|dpfifo|FIFOram|ram_block1a4~reg0 ;
; Launch Clock                    ; CLK_50                                                                                                                                                    ;
; Latch Clock                     ; CLK_50                                                                                                                                                    ;
; SDC Exception                   ; No SDC Exception on Path                                                                                                                                  ;
; Data Arrival Time               ; 9.599                                                                                                                                                     ;
; Data Required Time              ; 24.132                                                                                                                                                    ;
; Slack                           ; 14.533                                                                                                                                                    ;
; Worst-Case Operating Conditions ; Slow 900mV 0C Model                                                                                                                                       ;
+---------------------------------+-----------------------------------------------------------------------------------------------------------------------------------------------------------+

+------------------------------------------------------------------------------------+
; Statistics                                                                         ;
+------------------------+--------+-------+-------------+------------+-------+-------+
; Property               ; Value  ; Count ; Total Delay ; % of Total ; Min   ; Max   ;
+------------------------+--------+-------+-------------+------------+-------+-------+
; Recovery Relationship  ; 20.000 ;       ;             ;            ;       ;       ;
; Clock Skew             ; -0.155 ;       ;             ;            ;       ;       ;
; Data Delay             ; 4.779  ;       ;             ;            ;       ;       ;
; Number of Logic Levels ;        ; 1     ;             ;            ;       ;       ;
; Physical Delays        ;        ;       ;             ;            ;       ;       ;
;  Arrival Path          ;        ;       ;             ;            ;       ;       ;
;   Clock                ;        ;       ;             ;            ;       ;       ;
;    IC                  ;        ; 3     ; 3.470       ; 72         ; 0.000 ; 3.470 ;
;    Cell                ;        ; 4     ; 1.350       ; 28         ; 0.000 ; 0.606 ;
;   Data                 ;        ;       ;             ;            ;       ;       ;
;    IC                  ;        ; 2     ; 3.960       ; 83         ; 0.552 ; 3.408 ;
;    Cell                ;        ; 3     ; 0.589       ; 12         ; 0.000 ; 0.511 ;
;    uTco                ;        ; 1     ; 0.230       ; 5          ; 0.230 ; 0.230 ;
;  Required Path         ;        ;       ;             ;            ;       ;       ;
;   Clock                ;        ;       ;             ;            ;       ;       ;
;    IC                  ;        ; 3     ; 3.154       ; 72         ; 0.000 ; 3.154 ;
;    Cell                ;        ; 4     ; 1.233       ; 28         ; 0.000 ; 0.606 ;
+------------------------+--------+-------+-------------+------------+-------+-------+
Note: Negative delays are omitted from totals when calculating percentages

+-----------------------------------------------------------------------------------------------------------------------------------------------------------------------------------------------------------------------------------------+
; Data Arrival Path                                                                                                                                                                                                                       ;
+---------+---------+----+--------+--------+---------------------+------------+-----------------------------------------------------------------------------------------------------------------------------------------------------------+
; Total   ; Incr    ; RF ; Type   ; Fanout ; Location            ; HS/LP      ; Element                                                                                                                                                   ;
+---------+---------+----+--------+--------+---------------------+------------+-----------------------------------------------------------------------------------------------------------------------------------------------------------+
; 0.000   ; 0.000   ;    ;        ;        ;                     ;            ; launch edge time                                                                                                                                          ;
; 0.000   ; 0.000   ;    ; borrow ;        ;                     ;            ; time borrowed                                                                                                                                             ;
; 4.820   ; 4.820   ;    ;        ;        ;                     ;            ; clock path                                                                                                                                                ;
;   0.000 ;   0.000 ;    ;        ;        ;                     ;            ; source latency                                                                                                                                            ;
;   0.000 ;   0.000 ;    ;        ; 1      ; PIN_AM10            ;            ; CLK_50                                                                                                                                                    ;
;   0.000 ;   0.000 ; RR ; IC     ; 1      ; IOIBUF_X148_Y16_N32 ;            ; CLK_50~input|i                                                                                                                                            ;
;   0.606 ;   0.606 ; RR ; CELL   ; 1      ; IOIBUF_X148_Y16_N32 ;            ; CLK_50~input|o                                                                                                                                            ;
;   0.777 ;   0.171 ; RR ; CELL   ; 1      ; IOIBUF_X148_Y16_N32 ;            ; CLK_50~input~io_48_lvds_tile_edge/ioclkin[0]                                                                                                              ;
;   0.777 ;   0.000 ; RR ; IC     ; 2      ; CLKCTRL_3A_G_I20    ;            ; CLK_50~inputCLKENA0|inclk                                                                                                                                 ;
;   1.350 ;   0.573 ; RR ; CELL   ; 181589 ; CLKCTRL_3A_G_I20    ;            ; CLK_50~inputCLKENA0|outclk                                                                                                                                ;
;   4.820 ;   3.470 ; RR ; IC     ; 1      ; FF_X147_Y17_N22     ; High Speed ; System|rst_controller|r_sync_rst|clk                                                                                                                      ;
;   4.820 ;   0.000 ; RR ; CELL   ; 1      ; FF_X147_Y17_N22     ; High Speed ; System|rst_controller|r_sync_rst                                                                                                                          ;
; 9.599   ; 4.779   ;    ;        ;        ;                     ;            ; data path                                                                                                                                                 ;
;   5.050 ;   0.230 ; FF ; uTco   ; 1      ; FF_X147_Y17_N22     ;            ; System|rst_controller|r_sync_rst|q                                                                                                                        ;
;   5.128 ;   0.078 ; FF ; CELL   ; 140581 ; FF_X147_Y17_N22     ; High Speed ; System|rst_controller|r_sync_rst~la_lab/laboutt[14]                                                                                                       ;
;   5.680 ;   0.552 ; FF ; IC     ; 2      ; CLKCTRL_3A_G_I21    ; High Speed ; System|rst_controller|r_sync_rst~CLKENA0|inclk                                                                                                            ;
;   6.191 ;   0.511 ; FF ; CELL   ; 4281   ; CLKCTRL_3A_G_I21    ;            ; System|rst_controller|r_sync_rst~CLKENA0|outclk                                                                                                           ;
;   9.599 ;   3.408 ; FF ; IC     ; 1      ; EC_X102_Y9_N4       ; Mixed      ; System|jtag_uart_0|jtag_uart_0|the_NonDPR_jtag_uart_0_altera_avalon_jtag_uart_1924_v2zfocy_scfifo_w|wfifo|auto_generated|dpfifo|FIFOram|ram_block1a4|clr0 ;
;   9.599 ;   0.000 ; FF ; CELL   ; 0      ; EC_X102_Y9_N4       ; High Speed ; System|jtag_uart_0|jtag_uart_0|the_NonDPR_jtag_uart_0_altera_avalon_jtag_uart_1924_v2zfocy_scfifo_w|wfifo|auto_generated|dpfifo|FIFOram|ram_block1a4~reg0 ;
+---------+---------+----+--------+--------+---------------------+------------+-----------------------------------------------------------------------------------------------------------------------------------------------------------+

+----------------------------------------------------------------------------------------------------------------------------------------------------------------------------------------------------------------------------------------+
; Data Required Path                                                                                                                                                                                                                     ;
+----------+---------+----+------+--------+---------------------+------------+-----------------------------------------------------------------------------------------------------------------------------------------------------------+
; Total    ; Incr    ; RF ; Type ; Fanout ; Location            ; HS/LP      ; Element                                                                                                                                                   ;
+----------+---------+----+------+--------+---------------------+------------+-----------------------------------------------------------------------------------------------------------------------------------------------------------+
; 20.000   ; 20.000  ;    ;      ;        ;                     ;            ; latch edge time                                                                                                                                           ;
; 24.665   ; 4.665   ;    ;      ;        ;                     ;            ; clock path                                                                                                                                                ;
;   20.000 ;   0.000 ;    ;      ;        ;                     ;            ; source latency                                                                                                                                            ;
;   20.000 ;   0.000 ;    ;      ; 1      ; PIN_AM10            ;            ; CLK_50                                                                                                                                                    ;
;   20.000 ;   0.000 ; RR ; IC   ; 1      ; IOIBUF_X148_Y16_N32 ;            ; CLK_50~input|i                                                                                                                                            ;
;   20.606 ;   0.606 ; RR ; CELL ; 1      ; IOIBUF_X148_Y16_N32 ;            ; CLK_50~input|o                                                                                                                                            ;
;   20.744 ;   0.138 ; RR ; CELL ; 1      ; IOIBUF_X148_Y16_N32 ;            ; CLK_50~input~io_48_lvds_tile_edge/ioclkin[0]                                                                                                              ;
;   20.744 ;   0.000 ; RR ; IC   ; 2      ; CLKCTRL_3A_G_I20    ;            ; CLK_50~inputCLKENA0|inclk                                                                                                                                 ;
;   21.233 ;   0.489 ; RR ; CELL ; 181589 ; CLKCTRL_3A_G_I20    ;            ; CLK_50~inputCLKENA0|outclk                                                                                                                                ;
;   24.387 ;   3.154 ; RR ; IC   ; 2      ; EC_X102_Y9_N4       ; Mixed      ; System|jtag_uart_0|jtag_uart_0|the_NonDPR_jtag_uart_0_altera_avalon_jtag_uart_1924_v2zfocy_scfifo_w|wfifo|auto_generated|dpfifo|FIFOram|ram_block1a4|clk0 ;
;   24.387 ;   0.000 ; RR ; CELL ; 0      ; EC_X102_Y9_N4       ; High Speed ; System|jtag_uart_0|jtag_uart_0|the_NonDPR_jtag_uart_0_altera_avalon_jtag_uart_1924_v2zfocy_scfifo_w|wfifo|auto_generated|dpfifo|FIFOram|ram_block1a4~reg0 ;
;   24.665 ;   0.278 ;    ;      ;        ;                     ;            ; clock pessimism removed                                                                                                                                   ;
; 24.635   ; -0.030  ;    ;      ;        ;                     ;            ; clock uncertainty                                                                                                                                         ;
; 24.132   ; -0.503  ;    ; uTsu ; 0      ; EC_X102_Y9_N4       ;            ; System|jtag_uart_0|jtag_uart_0|the_NonDPR_jtag_uart_0_altera_avalon_jtag_uart_1924_v2zfocy_scfifo_w|wfifo|auto_generated|dpfifo|FIFOram|ram_block1a4~reg0 ;
+----------+---------+----+------+--------+---------------------+------------+-----------------------------------------------------------------------------------------------------------------------------------------------------------+



Path #4: Recovery slack is 14.533 
===============================================================================
+---------------------------------------------------------------------------------------------------------------------------------------------------------------------------------------------+
; Path Summary                                                                                                                                                                                ;
+---------------------------------+-----------------------------------------------------------------------------------------------------------------------------------------------------------+
; Property                        ; Value                                                                                                                                                     ;
+---------------------------------+-----------------------------------------------------------------------------------------------------------------------------------------------------------+
; From Node                       ; System|rst_controller|r_sync_rst                                                                                                                          ;
; To Node                         ; System|jtag_uart_0|jtag_uart_0|the_NonDPR_jtag_uart_0_altera_avalon_jtag_uart_1924_v2zfocy_scfifo_w|wfifo|auto_generated|dpfifo|FIFOram|ram_block1a3~reg0 ;
; Launch Clock                    ; CLK_50                                                                                                                                                    ;
; Latch Clock                     ; CLK_50                                                                                                                                                    ;
; SDC Exception                   ; No SDC Exception on Path                                                                                                                                  ;
; Data Arrival Time               ; 9.599                                                                                                                                                     ;
; Data Required Time              ; 24.132                                                                                                                                                    ;
; Slack                           ; 14.533                                                                                                                                                    ;
; Worst-Case Operating Conditions ; Slow 900mV 0C Model                                                                                                                                       ;
+---------------------------------+-----------------------------------------------------------------------------------------------------------------------------------------------------------+

+------------------------------------------------------------------------------------+
; Statistics                                                                         ;
+------------------------+--------+-------+-------------+------------+-------+-------+
; Property               ; Value  ; Count ; Total Delay ; % of Total ; Min   ; Max   ;
+------------------------+--------+-------+-------------+------------+-------+-------+
; Recovery Relationship  ; 20.000 ;       ;             ;            ;       ;       ;
; Clock Skew             ; -0.155 ;       ;             ;            ;       ;       ;
; Data Delay             ; 4.779  ;       ;             ;            ;       ;       ;
; Number of Logic Levels ;        ; 1     ;             ;            ;       ;       ;
; Physical Delays        ;        ;       ;             ;            ;       ;       ;
;  Arrival Path          ;        ;       ;             ;            ;       ;       ;
;   Clock                ;        ;       ;             ;            ;       ;       ;
;    IC                  ;        ; 3     ; 3.470       ; 72         ; 0.000 ; 3.470 ;
;    Cell                ;        ; 4     ; 1.350       ; 28         ; 0.000 ; 0.606 ;
;   Data                 ;        ;       ;             ;            ;       ;       ;
;    IC                  ;        ; 2     ; 3.960       ; 83         ; 0.552 ; 3.408 ;
;    Cell                ;        ; 3     ; 0.589       ; 12         ; 0.000 ; 0.511 ;
;    uTco                ;        ; 1     ; 0.230       ; 5          ; 0.230 ; 0.230 ;
;  Required Path         ;        ;       ;             ;            ;       ;       ;
;   Clock                ;        ;       ;             ;            ;       ;       ;
;    IC                  ;        ; 3     ; 3.154       ; 72         ; 0.000 ; 3.154 ;
;    Cell                ;        ; 4     ; 1.233       ; 28         ; 0.000 ; 0.606 ;
+------------------------+--------+-------+-------------+------------+-------+-------+
Note: Negative delays are omitted from totals when calculating percentages

+-----------------------------------------------------------------------------------------------------------------------------------------------------------------------------------------------------------------------------------------+
; Data Arrival Path                                                                                                                                                                                                                       ;
+---------+---------+----+--------+--------+---------------------+------------+-----------------------------------------------------------------------------------------------------------------------------------------------------------+
; Total   ; Incr    ; RF ; Type   ; Fanout ; Location            ; HS/LP      ; Element                                                                                                                                                   ;
+---------+---------+----+--------+--------+---------------------+------------+-----------------------------------------------------------------------------------------------------------------------------------------------------------+
; 0.000   ; 0.000   ;    ;        ;        ;                     ;            ; launch edge time                                                                                                                                          ;
; 0.000   ; 0.000   ;    ; borrow ;        ;                     ;            ; time borrowed                                                                                                                                             ;
; 4.820   ; 4.820   ;    ;        ;        ;                     ;            ; clock path                                                                                                                                                ;
;   0.000 ;   0.000 ;    ;        ;        ;                     ;            ; source latency                                                                                                                                            ;
;   0.000 ;   0.000 ;    ;        ; 1      ; PIN_AM10            ;            ; CLK_50                                                                                                                                                    ;
;   0.000 ;   0.000 ; RR ; IC     ; 1      ; IOIBUF_X148_Y16_N32 ;            ; CLK_50~input|i                                                                                                                                            ;
;   0.606 ;   0.606 ; RR ; CELL   ; 1      ; IOIBUF_X148_Y16_N32 ;            ; CLK_50~input|o                                                                                                                                            ;
;   0.777 ;   0.171 ; RR ; CELL   ; 1      ; IOIBUF_X148_Y16_N32 ;            ; CLK_50~input~io_48_lvds_tile_edge/ioclkin[0]                                                                                                              ;
;   0.777 ;   0.000 ; RR ; IC     ; 2      ; CLKCTRL_3A_G_I20    ;            ; CLK_50~inputCLKENA0|inclk                                                                                                                                 ;
;   1.350 ;   0.573 ; RR ; CELL   ; 181589 ; CLKCTRL_3A_G_I20    ;            ; CLK_50~inputCLKENA0|outclk                                                                                                                                ;
;   4.820 ;   3.470 ; RR ; IC     ; 1      ; FF_X147_Y17_N22     ; High Speed ; System|rst_controller|r_sync_rst|clk                                                                                                                      ;
;   4.820 ;   0.000 ; RR ; CELL   ; 1      ; FF_X147_Y17_N22     ; High Speed ; System|rst_controller|r_sync_rst                                                                                                                          ;
; 9.599   ; 4.779   ;    ;        ;        ;                     ;            ; data path                                                                                                                                                 ;
;   5.050 ;   0.230 ; FF ; uTco   ; 1      ; FF_X147_Y17_N22     ;            ; System|rst_controller|r_sync_rst|q                                                                                                                        ;
;   5.128 ;   0.078 ; FF ; CELL   ; 140581 ; FF_X147_Y17_N22     ; High Speed ; System|rst_controller|r_sync_rst~la_lab/laboutt[14]                                                                                                       ;
;   5.680 ;   0.552 ; FF ; IC     ; 2      ; CLKCTRL_3A_G_I21    ; High Speed ; System|rst_controller|r_sync_rst~CLKENA0|inclk                                                                                                            ;
;   6.191 ;   0.511 ; FF ; CELL   ; 4281   ; CLKCTRL_3A_G_I21    ;            ; System|rst_controller|r_sync_rst~CLKENA0|outclk                                                                                                           ;
;   9.599 ;   3.408 ; FF ; IC     ; 1      ; EC_X102_Y9_N3       ; Mixed      ; System|jtag_uart_0|jtag_uart_0|the_NonDPR_jtag_uart_0_altera_avalon_jtag_uart_1924_v2zfocy_scfifo_w|wfifo|auto_generated|dpfifo|FIFOram|ram_block1a3|clr0 ;
;   9.599 ;   0.000 ; FF ; CELL   ; 0      ; EC_X102_Y9_N3       ; High Speed ; System|jtag_uart_0|jtag_uart_0|the_NonDPR_jtag_uart_0_altera_avalon_jtag_uart_1924_v2zfocy_scfifo_w|wfifo|auto_generated|dpfifo|FIFOram|ram_block1a3~reg0 ;
+---------+---------+----+--------+--------+---------------------+------------+-----------------------------------------------------------------------------------------------------------------------------------------------------------+

+----------------------------------------------------------------------------------------------------------------------------------------------------------------------------------------------------------------------------------------+
; Data Required Path                                                                                                                                                                                                                     ;
+----------+---------+----+------+--------+---------------------+------------+-----------------------------------------------------------------------------------------------------------------------------------------------------------+
; Total    ; Incr    ; RF ; Type ; Fanout ; Location            ; HS/LP      ; Element                                                                                                                                                   ;
+----------+---------+----+------+--------+---------------------+------------+-----------------------------------------------------------------------------------------------------------------------------------------------------------+
; 20.000   ; 20.000  ;    ;      ;        ;                     ;            ; latch edge time                                                                                                                                           ;
; 24.665   ; 4.665   ;    ;      ;        ;                     ;            ; clock path                                                                                                                                                ;
;   20.000 ;   0.000 ;    ;      ;        ;                     ;            ; source latency                                                                                                                                            ;
;   20.000 ;   0.000 ;    ;      ; 1      ; PIN_AM10            ;            ; CLK_50                                                                                                                                                    ;
;   20.000 ;   0.000 ; RR ; IC   ; 1      ; IOIBUF_X148_Y16_N32 ;            ; CLK_50~input|i                                                                                                                                            ;
;   20.606 ;   0.606 ; RR ; CELL ; 1      ; IOIBUF_X148_Y16_N32 ;            ; CLK_50~input|o                                                                                                                                            ;
;   20.744 ;   0.138 ; RR ; CELL ; 1      ; IOIBUF_X148_Y16_N32 ;            ; CLK_50~input~io_48_lvds_tile_edge/ioclkin[0]                                                                                                              ;
;   20.744 ;   0.000 ; RR ; IC   ; 2      ; CLKCTRL_3A_G_I20    ;            ; CLK_50~inputCLKENA0|inclk                                                                                                                                 ;
;   21.233 ;   0.489 ; RR ; CELL ; 181589 ; CLKCTRL_3A_G_I20    ;            ; CLK_50~inputCLKENA0|outclk                                                                                                                                ;
;   24.387 ;   3.154 ; RR ; IC   ; 2      ; EC_X102_Y9_N3       ; Mixed      ; System|jtag_uart_0|jtag_uart_0|the_NonDPR_jtag_uart_0_altera_avalon_jtag_uart_1924_v2zfocy_scfifo_w|wfifo|auto_generated|dpfifo|FIFOram|ram_block1a3|clk0 ;
;   24.387 ;   0.000 ; RR ; CELL ; 0      ; EC_X102_Y9_N3       ; High Speed ; System|jtag_uart_0|jtag_uart_0|the_NonDPR_jtag_uart_0_altera_avalon_jtag_uart_1924_v2zfocy_scfifo_w|wfifo|auto_generated|dpfifo|FIFOram|ram_block1a3~reg0 ;
;   24.665 ;   0.278 ;    ;      ;        ;                     ;            ; clock pessimism removed                                                                                                                                   ;
; 24.635   ; -0.030  ;    ;      ;        ;                     ;            ; clock uncertainty                                                                                                                                         ;
; 24.132   ; -0.503  ;    ; uTsu ; 0      ; EC_X102_Y9_N3       ;            ; System|jtag_uart_0|jtag_uart_0|the_NonDPR_jtag_uart_0_altera_avalon_jtag_uart_1924_v2zfocy_scfifo_w|wfifo|auto_generated|dpfifo|FIFOram|ram_block1a3~reg0 ;
+----------+---------+----+------+--------+---------------------+------------+-----------------------------------------------------------------------------------------------------------------------------------------------------------+



Path #5: Recovery slack is 14.533 
===============================================================================
+---------------------------------------------------------------------------------------------------------------------------------------------------------------------------------------------+
; Path Summary                                                                                                                                                                                ;
+---------------------------------+-----------------------------------------------------------------------------------------------------------------------------------------------------------+
; Property                        ; Value                                                                                                                                                     ;
+---------------------------------+-----------------------------------------------------------------------------------------------------------------------------------------------------------+
; From Node                       ; System|rst_controller|r_sync_rst                                                                                                                          ;
; To Node                         ; System|jtag_uart_0|jtag_uart_0|the_NonDPR_jtag_uart_0_altera_avalon_jtag_uart_1924_v2zfocy_scfifo_w|wfifo|auto_generated|dpfifo|FIFOram|ram_block1a2~reg0 ;
; Launch Clock                    ; CLK_50                                                                                                                                                    ;
; Latch Clock                     ; CLK_50                                                                                                                                                    ;
; SDC Exception                   ; No SDC Exception on Path                                                                                                                                  ;
; Data Arrival Time               ; 9.599                                                                                                                                                     ;
; Data Required Time              ; 24.132                                                                                                                                                    ;
; Slack                           ; 14.533                                                                                                                                                    ;
; Worst-Case Operating Conditions ; Slow 900mV 0C Model                                                                                                                                       ;
+---------------------------------+-----------------------------------------------------------------------------------------------------------------------------------------------------------+

+------------------------------------------------------------------------------------+
; Statistics                                                                         ;
+------------------------+--------+-------+-------------+------------+-------+-------+
; Property               ; Value  ; Count ; Total Delay ; % of Total ; Min   ; Max   ;
+------------------------+--------+-------+-------------+------------+-------+-------+
; Recovery Relationship  ; 20.000 ;       ;             ;            ;       ;       ;
; Clock Skew             ; -0.155 ;       ;             ;            ;       ;       ;
; Data Delay             ; 4.779  ;       ;             ;            ;       ;       ;
; Number of Logic Levels ;        ; 1     ;             ;            ;       ;       ;
; Physical Delays        ;        ;       ;             ;            ;       ;       ;
;  Arrival Path          ;        ;       ;             ;            ;       ;       ;
;   Clock                ;        ;       ;             ;            ;       ;       ;
;    IC                  ;        ; 3     ; 3.470       ; 72         ; 0.000 ; 3.470 ;
;    Cell                ;        ; 4     ; 1.350       ; 28         ; 0.000 ; 0.606 ;
;   Data                 ;        ;       ;             ;            ;       ;       ;
;    IC                  ;        ; 2     ; 3.960       ; 83         ; 0.552 ; 3.408 ;
;    Cell                ;        ; 3     ; 0.589       ; 12         ; 0.000 ; 0.511 ;
;    uTco                ;        ; 1     ; 0.230       ; 5          ; 0.230 ; 0.230 ;
;  Required Path         ;        ;       ;             ;            ;       ;       ;
;   Clock                ;        ;       ;             ;            ;       ;       ;
;    IC                  ;        ; 3     ; 3.154       ; 72         ; 0.000 ; 3.154 ;
;    Cell                ;        ; 4     ; 1.233       ; 28         ; 0.000 ; 0.606 ;
+------------------------+--------+-------+-------------+------------+-------+-------+
Note: Negative delays are omitted from totals when calculating percentages

+-----------------------------------------------------------------------------------------------------------------------------------------------------------------------------------------------------------------------------------------+
; Data Arrival Path                                                                                                                                                                                                                       ;
+---------+---------+----+--------+--------+---------------------+------------+-----------------------------------------------------------------------------------------------------------------------------------------------------------+
; Total   ; Incr    ; RF ; Type   ; Fanout ; Location            ; HS/LP      ; Element                                                                                                                                                   ;
+---------+---------+----+--------+--------+---------------------+------------+-----------------------------------------------------------------------------------------------------------------------------------------------------------+
; 0.000   ; 0.000   ;    ;        ;        ;                     ;            ; launch edge time                                                                                                                                          ;
; 0.000   ; 0.000   ;    ; borrow ;        ;                     ;            ; time borrowed                                                                                                                                             ;
; 4.820   ; 4.820   ;    ;        ;        ;                     ;            ; clock path                                                                                                                                                ;
;   0.000 ;   0.000 ;    ;        ;        ;                     ;            ; source latency                                                                                                                                            ;
;   0.000 ;   0.000 ;    ;        ; 1      ; PIN_AM10            ;            ; CLK_50                                                                                                                                                    ;
;   0.000 ;   0.000 ; RR ; IC     ; 1      ; IOIBUF_X148_Y16_N32 ;            ; CLK_50~input|i                                                                                                                                            ;
;   0.606 ;   0.606 ; RR ; CELL   ; 1      ; IOIBUF_X148_Y16_N32 ;            ; CLK_50~input|o                                                                                                                                            ;
;   0.777 ;   0.171 ; RR ; CELL   ; 1      ; IOIBUF_X148_Y16_N32 ;            ; CLK_50~input~io_48_lvds_tile_edge/ioclkin[0]                                                                                                              ;
;   0.777 ;   0.000 ; RR ; IC     ; 2      ; CLKCTRL_3A_G_I20    ;            ; CLK_50~inputCLKENA0|inclk                                                                                                                                 ;
;   1.350 ;   0.573 ; RR ; CELL   ; 181589 ; CLKCTRL_3A_G_I20    ;            ; CLK_50~inputCLKENA0|outclk                                                                                                                                ;
;   4.820 ;   3.470 ; RR ; IC     ; 1      ; FF_X147_Y17_N22     ; High Speed ; System|rst_controller|r_sync_rst|clk                                                                                                                      ;
;   4.820 ;   0.000 ; RR ; CELL   ; 1      ; FF_X147_Y17_N22     ; High Speed ; System|rst_controller|r_sync_rst                                                                                                                          ;
; 9.599   ; 4.779   ;    ;        ;        ;                     ;            ; data path                                                                                                                                                 ;
;   5.050 ;   0.230 ; FF ; uTco   ; 1      ; FF_X147_Y17_N22     ;            ; System|rst_controller|r_sync_rst|q                                                                                                                        ;
;   5.128 ;   0.078 ; FF ; CELL   ; 140581 ; FF_X147_Y17_N22     ; High Speed ; System|rst_controller|r_sync_rst~la_lab/laboutt[14]                                                                                                       ;
;   5.680 ;   0.552 ; FF ; IC     ; 2      ; CLKCTRL_3A_G_I21    ; High Speed ; System|rst_controller|r_sync_rst~CLKENA0|inclk                                                                                                            ;
;   6.191 ;   0.511 ; FF ; CELL   ; 4281   ; CLKCTRL_3A_G_I21    ;            ; System|rst_controller|r_sync_rst~CLKENA0|outclk                                                                                                           ;
;   9.599 ;   3.408 ; FF ; IC     ; 1      ; EC_X102_Y9_N2       ; Mixed      ; System|jtag_uart_0|jtag_uart_0|the_NonDPR_jtag_uart_0_altera_avalon_jtag_uart_1924_v2zfocy_scfifo_w|wfifo|auto_generated|dpfifo|FIFOram|ram_block1a2|clr0 ;
;   9.599 ;   0.000 ; FF ; CELL   ; 0      ; EC_X102_Y9_N2       ; High Speed ; System|jtag_uart_0|jtag_uart_0|the_NonDPR_jtag_uart_0_altera_avalon_jtag_uart_1924_v2zfocy_scfifo_w|wfifo|auto_generated|dpfifo|FIFOram|ram_block1a2~reg0 ;
+---------+---------+----+--------+--------+---------------------+------------+-----------------------------------------------------------------------------------------------------------------------------------------------------------+

+----------------------------------------------------------------------------------------------------------------------------------------------------------------------------------------------------------------------------------------+
; Data Required Path                                                                                                                                                                                                                     ;
+----------+---------+----+------+--------+---------------------+------------+-----------------------------------------------------------------------------------------------------------------------------------------------------------+
; Total    ; Incr    ; RF ; Type ; Fanout ; Location            ; HS/LP      ; Element                                                                                                                                                   ;
+----------+---------+----+------+--------+---------------------+------------+-----------------------------------------------------------------------------------------------------------------------------------------------------------+
; 20.000   ; 20.000  ;    ;      ;        ;                     ;            ; latch edge time                                                                                                                                           ;
; 24.665   ; 4.665   ;    ;      ;        ;                     ;            ; clock path                                                                                                                                                ;
;   20.000 ;   0.000 ;    ;      ;        ;                     ;            ; source latency                                                                                                                                            ;
;   20.000 ;   0.000 ;    ;      ; 1      ; PIN_AM10            ;            ; CLK_50                                                                                                                                                    ;
;   20.000 ;   0.000 ; RR ; IC   ; 1      ; IOIBUF_X148_Y16_N32 ;            ; CLK_50~input|i                                                                                                                                            ;
;   20.606 ;   0.606 ; RR ; CELL ; 1      ; IOIBUF_X148_Y16_N32 ;            ; CLK_50~input|o                                                                                                                                            ;
;   20.744 ;   0.138 ; RR ; CELL ; 1      ; IOIBUF_X148_Y16_N32 ;            ; CLK_50~input~io_48_lvds_tile_edge/ioclkin[0]                                                                                                              ;
;   20.744 ;   0.000 ; RR ; IC   ; 2      ; CLKCTRL_3A_G_I20    ;            ; CLK_50~inputCLKENA0|inclk                                                                                                                                 ;
;   21.233 ;   0.489 ; RR ; CELL ; 181589 ; CLKCTRL_3A_G_I20    ;            ; CLK_50~inputCLKENA0|outclk                                                                                                                                ;
;   24.387 ;   3.154 ; RR ; IC   ; 2      ; EC_X102_Y9_N2       ; Mixed      ; System|jtag_uart_0|jtag_uart_0|the_NonDPR_jtag_uart_0_altera_avalon_jtag_uart_1924_v2zfocy_scfifo_w|wfifo|auto_generated|dpfifo|FIFOram|ram_block1a2|clk0 ;
;   24.387 ;   0.000 ; RR ; CELL ; 0      ; EC_X102_Y9_N2       ; High Speed ; System|jtag_uart_0|jtag_uart_0|the_NonDPR_jtag_uart_0_altera_avalon_jtag_uart_1924_v2zfocy_scfifo_w|wfifo|auto_generated|dpfifo|FIFOram|ram_block1a2~reg0 ;
;   24.665 ;   0.278 ;    ;      ;        ;                     ;            ; clock pessimism removed                                                                                                                                   ;
; 24.635   ; -0.030  ;    ;      ;        ;                     ;            ; clock uncertainty                                                                                                                                         ;
; 24.132   ; -0.503  ;    ; uTsu ; 0      ; EC_X102_Y9_N2       ;            ; System|jtag_uart_0|jtag_uart_0|the_NonDPR_jtag_uart_0_altera_avalon_jtag_uart_1924_v2zfocy_scfifo_w|wfifo|auto_generated|dpfifo|FIFOram|ram_block1a2~reg0 ;
+----------+---------+----+------+--------+---------------------+------------+-----------------------------------------------------------------------------------------------------------------------------------------------------------+



Path #6: Recovery slack is 14.533 
===============================================================================
+---------------------------------------------------------------------------------------------------------------------------------------------------------------------------------------------+
; Path Summary                                                                                                                                                                                ;
+---------------------------------+-----------------------------------------------------------------------------------------------------------------------------------------------------------+
; Property                        ; Value                                                                                                                                                     ;
+---------------------------------+-----------------------------------------------------------------------------------------------------------------------------------------------------------+
; From Node                       ; System|rst_controller|r_sync_rst                                                                                                                          ;
; To Node                         ; System|jtag_uart_0|jtag_uart_0|the_NonDPR_jtag_uart_0_altera_avalon_jtag_uart_1924_v2zfocy_scfifo_w|wfifo|auto_generated|dpfifo|FIFOram|ram_block1a1~reg0 ;
; Launch Clock                    ; CLK_50                                                                                                                                                    ;
; Latch Clock                     ; CLK_50                                                                                                                                                    ;
; SDC Exception                   ; No SDC Exception on Path                                                                                                                                  ;
; Data Arrival Time               ; 9.599                                                                                                                                                     ;
; Data Required Time              ; 24.132                                                                                                                                                    ;
; Slack                           ; 14.533                                                                                                                                                    ;
; Worst-Case Operating Conditions ; Slow 900mV 0C Model                                                                                                                                       ;
+---------------------------------+-----------------------------------------------------------------------------------------------------------------------------------------------------------+

+------------------------------------------------------------------------------------+
; Statistics                                                                         ;
+------------------------+--------+-------+-------------+------------+-------+-------+
; Property               ; Value  ; Count ; Total Delay ; % of Total ; Min   ; Max   ;
+------------------------+--------+-------+-------------+------------+-------+-------+
; Recovery Relationship  ; 20.000 ;       ;             ;            ;       ;       ;
; Clock Skew             ; -0.155 ;       ;             ;            ;       ;       ;
; Data Delay             ; 4.779  ;       ;             ;            ;       ;       ;
; Number of Logic Levels ;        ; 1     ;             ;            ;       ;       ;
; Physical Delays        ;        ;       ;             ;            ;       ;       ;
;  Arrival Path          ;        ;       ;             ;            ;       ;       ;
;   Clock                ;        ;       ;             ;            ;       ;       ;
;    IC                  ;        ; 3     ; 3.470       ; 72         ; 0.000 ; 3.470 ;
;    Cell                ;        ; 4     ; 1.350       ; 28         ; 0.000 ; 0.606 ;
;   Data                 ;        ;       ;             ;            ;       ;       ;
;    IC                  ;        ; 2     ; 3.960       ; 83         ; 0.552 ; 3.408 ;
;    Cell                ;        ; 3     ; 0.589       ; 12         ; 0.000 ; 0.511 ;
;    uTco                ;        ; 1     ; 0.230       ; 5          ; 0.230 ; 0.230 ;
;  Required Path         ;        ;       ;             ;            ;       ;       ;
;   Clock                ;        ;       ;             ;            ;       ;       ;
;    IC                  ;        ; 3     ; 3.154       ; 72         ; 0.000 ; 3.154 ;
;    Cell                ;        ; 4     ; 1.233       ; 28         ; 0.000 ; 0.606 ;
+------------------------+--------+-------+-------------+------------+-------+-------+
Note: Negative delays are omitted from totals when calculating percentages

+-----------------------------------------------------------------------------------------------------------------------------------------------------------------------------------------------------------------------------------------+
; Data Arrival Path                                                                                                                                                                                                                       ;
+---------+---------+----+--------+--------+---------------------+------------+-----------------------------------------------------------------------------------------------------------------------------------------------------------+
; Total   ; Incr    ; RF ; Type   ; Fanout ; Location            ; HS/LP      ; Element                                                                                                                                                   ;
+---------+---------+----+--------+--------+---------------------+------------+-----------------------------------------------------------------------------------------------------------------------------------------------------------+
; 0.000   ; 0.000   ;    ;        ;        ;                     ;            ; launch edge time                                                                                                                                          ;
; 0.000   ; 0.000   ;    ; borrow ;        ;                     ;            ; time borrowed                                                                                                                                             ;
; 4.820   ; 4.820   ;    ;        ;        ;                     ;            ; clock path                                                                                                                                                ;
;   0.000 ;   0.000 ;    ;        ;        ;                     ;            ; source latency                                                                                                                                            ;
;   0.000 ;   0.000 ;    ;        ; 1      ; PIN_AM10            ;            ; CLK_50                                                                                                                                                    ;
;   0.000 ;   0.000 ; RR ; IC     ; 1      ; IOIBUF_X148_Y16_N32 ;            ; CLK_50~input|i                                                                                                                                            ;
;   0.606 ;   0.606 ; RR ; CELL   ; 1      ; IOIBUF_X148_Y16_N32 ;            ; CLK_50~input|o                                                                                                                                            ;
;   0.777 ;   0.171 ; RR ; CELL   ; 1      ; IOIBUF_X148_Y16_N32 ;            ; CLK_50~input~io_48_lvds_tile_edge/ioclkin[0]                                                                                                              ;
;   0.777 ;   0.000 ; RR ; IC     ; 2      ; CLKCTRL_3A_G_I20    ;            ; CLK_50~inputCLKENA0|inclk                                                                                                                                 ;
;   1.350 ;   0.573 ; RR ; CELL   ; 181589 ; CLKCTRL_3A_G_I20    ;            ; CLK_50~inputCLKENA0|outclk                                                                                                                                ;
;   4.820 ;   3.470 ; RR ; IC     ; 1      ; FF_X147_Y17_N22     ; High Speed ; System|rst_controller|r_sync_rst|clk                                                                                                                      ;
;   4.820 ;   0.000 ; RR ; CELL   ; 1      ; FF_X147_Y17_N22     ; High Speed ; System|rst_controller|r_sync_rst                                                                                                                          ;
; 9.599   ; 4.779   ;    ;        ;        ;                     ;            ; data path                                                                                                                                                 ;
;   5.050 ;   0.230 ; FF ; uTco   ; 1      ; FF_X147_Y17_N22     ;            ; System|rst_controller|r_sync_rst|q                                                                                                                        ;
;   5.128 ;   0.078 ; FF ; CELL   ; 140581 ; FF_X147_Y17_N22     ; High Speed ; System|rst_controller|r_sync_rst~la_lab/laboutt[14]                                                                                                       ;
;   5.680 ;   0.552 ; FF ; IC     ; 2      ; CLKCTRL_3A_G_I21    ; High Speed ; System|rst_controller|r_sync_rst~CLKENA0|inclk                                                                                                            ;
;   6.191 ;   0.511 ; FF ; CELL   ; 4281   ; CLKCTRL_3A_G_I21    ;            ; System|rst_controller|r_sync_rst~CLKENA0|outclk                                                                                                           ;
;   9.599 ;   3.408 ; FF ; IC     ; 1      ; EC_X102_Y9_N1       ; Mixed      ; System|jtag_uart_0|jtag_uart_0|the_NonDPR_jtag_uart_0_altera_avalon_jtag_uart_1924_v2zfocy_scfifo_w|wfifo|auto_generated|dpfifo|FIFOram|ram_block1a1|clr0 ;
;   9.599 ;   0.000 ; FF ; CELL   ; 0      ; EC_X102_Y9_N1       ; High Speed ; System|jtag_uart_0|jtag_uart_0|the_NonDPR_jtag_uart_0_altera_avalon_jtag_uart_1924_v2zfocy_scfifo_w|wfifo|auto_generated|dpfifo|FIFOram|ram_block1a1~reg0 ;
+---------+---------+----+--------+--------+---------------------+------------+-----------------------------------------------------------------------------------------------------------------------------------------------------------+

+----------------------------------------------------------------------------------------------------------------------------------------------------------------------------------------------------------------------------------------+
; Data Required Path                                                                                                                                                                                                                     ;
+----------+---------+----+------+--------+---------------------+------------+-----------------------------------------------------------------------------------------------------------------------------------------------------------+
; Total    ; Incr    ; RF ; Type ; Fanout ; Location            ; HS/LP      ; Element                                                                                                                                                   ;
+----------+---------+----+------+--------+---------------------+------------+-----------------------------------------------------------------------------------------------------------------------------------------------------------+
; 20.000   ; 20.000  ;    ;      ;        ;                     ;            ; latch edge time                                                                                                                                           ;
; 24.665   ; 4.665   ;    ;      ;        ;                     ;            ; clock path                                                                                                                                                ;
;   20.000 ;   0.000 ;    ;      ;        ;                     ;            ; source latency                                                                                                                                            ;
;   20.000 ;   0.000 ;    ;      ; 1      ; PIN_AM10            ;            ; CLK_50                                                                                                                                                    ;
;   20.000 ;   0.000 ; RR ; IC   ; 1      ; IOIBUF_X148_Y16_N32 ;            ; CLK_50~input|i                                                                                                                                            ;
;   20.606 ;   0.606 ; RR ; CELL ; 1      ; IOIBUF_X148_Y16_N32 ;            ; CLK_50~input|o                                                                                                                                            ;
;   20.744 ;   0.138 ; RR ; CELL ; 1      ; IOIBUF_X148_Y16_N32 ;            ; CLK_50~input~io_48_lvds_tile_edge/ioclkin[0]                                                                                                              ;
;   20.744 ;   0.000 ; RR ; IC   ; 2      ; CLKCTRL_3A_G_I20    ;            ; CLK_50~inputCLKENA0|inclk                                                                                                                                 ;
;   21.233 ;   0.489 ; RR ; CELL ; 181589 ; CLKCTRL_3A_G_I20    ;            ; CLK_50~inputCLKENA0|outclk                                                                                                                                ;
;   24.387 ;   3.154 ; RR ; IC   ; 2      ; EC_X102_Y9_N1       ; Mixed      ; System|jtag_uart_0|jtag_uart_0|the_NonDPR_jtag_uart_0_altera_avalon_jtag_uart_1924_v2zfocy_scfifo_w|wfifo|auto_generated|dpfifo|FIFOram|ram_block1a1|clk0 ;
;   24.387 ;   0.000 ; RR ; CELL ; 0      ; EC_X102_Y9_N1       ; High Speed ; System|jtag_uart_0|jtag_uart_0|the_NonDPR_jtag_uart_0_altera_avalon_jtag_uart_1924_v2zfocy_scfifo_w|wfifo|auto_generated|dpfifo|FIFOram|ram_block1a1~reg0 ;
;   24.665 ;   0.278 ;    ;      ;        ;                     ;            ; clock pessimism removed                                                                                                                                   ;
; 24.635   ; -0.030  ;    ;      ;        ;                     ;            ; clock uncertainty                                                                                                                                         ;
; 24.132   ; -0.503  ;    ; uTsu ; 0      ; EC_X102_Y9_N1       ;            ; System|jtag_uart_0|jtag_uart_0|the_NonDPR_jtag_uart_0_altera_avalon_jtag_uart_1924_v2zfocy_scfifo_w|wfifo|auto_generated|dpfifo|FIFOram|ram_block1a1~reg0 ;
+----------+---------+----+------+--------+---------------------+------------+-----------------------------------------------------------------------------------------------------------------------------------------------------------+



Path #7: Recovery slack is 14.533 
===============================================================================
+---------------------------------------------------------------------------------------------------------------------------------------------------------------------------------------------+
; Path Summary                                                                                                                                                                                ;
+---------------------------------+-----------------------------------------------------------------------------------------------------------------------------------------------------------+
; Property                        ; Value                                                                                                                                                     ;
+---------------------------------+-----------------------------------------------------------------------------------------------------------------------------------------------------------+
; From Node                       ; System|rst_controller|r_sync_rst                                                                                                                          ;
; To Node                         ; System|jtag_uart_0|jtag_uart_0|the_NonDPR_jtag_uart_0_altera_avalon_jtag_uart_1924_v2zfocy_scfifo_w|wfifo|auto_generated|dpfifo|FIFOram|ram_block1a0~reg0 ;
; Launch Clock                    ; CLK_50                                                                                                                                                    ;
; Latch Clock                     ; CLK_50                                                                                                                                                    ;
; SDC Exception                   ; No SDC Exception on Path                                                                                                                                  ;
; Data Arrival Time               ; 9.599                                                                                                                                                     ;
; Data Required Time              ; 24.132                                                                                                                                                    ;
; Slack                           ; 14.533                                                                                                                                                    ;
; Worst-Case Operating Conditions ; Slow 900mV 0C Model                                                                                                                                       ;
+---------------------------------+-----------------------------------------------------------------------------------------------------------------------------------------------------------+

+------------------------------------------------------------------------------------+
; Statistics                                                                         ;
+------------------------+--------+-------+-------------+------------+-------+-------+
; Property               ; Value  ; Count ; Total Delay ; % of Total ; Min   ; Max   ;
+------------------------+--------+-------+-------------+------------+-------+-------+
; Recovery Relationship  ; 20.000 ;       ;             ;            ;       ;       ;
; Clock Skew             ; -0.155 ;       ;             ;            ;       ;       ;
; Data Delay             ; 4.779  ;       ;             ;            ;       ;       ;
; Number of Logic Levels ;        ; 1     ;             ;            ;       ;       ;
; Physical Delays        ;        ;       ;             ;            ;       ;       ;
;  Arrival Path          ;        ;       ;             ;            ;       ;       ;
;   Clock                ;        ;       ;             ;            ;       ;       ;
;    IC                  ;        ; 3     ; 3.470       ; 72         ; 0.000 ; 3.470 ;
;    Cell                ;        ; 4     ; 1.350       ; 28         ; 0.000 ; 0.606 ;
;   Data                 ;        ;       ;             ;            ;       ;       ;
;    IC                  ;        ; 2     ; 3.960       ; 83         ; 0.552 ; 3.408 ;
;    Cell                ;        ; 3     ; 0.589       ; 12         ; 0.000 ; 0.511 ;
;    uTco                ;        ; 1     ; 0.230       ; 5          ; 0.230 ; 0.230 ;
;  Required Path         ;        ;       ;             ;            ;       ;       ;
;   Clock                ;        ;       ;             ;            ;       ;       ;
;    IC                  ;        ; 3     ; 3.154       ; 72         ; 0.000 ; 3.154 ;
;    Cell                ;        ; 4     ; 1.233       ; 28         ; 0.000 ; 0.606 ;
+------------------------+--------+-------+-------------+------------+-------+-------+
Note: Negative delays are omitted from totals when calculating percentages

+-----------------------------------------------------------------------------------------------------------------------------------------------------------------------------------------------------------------------------------------+
; Data Arrival Path                                                                                                                                                                                                                       ;
+---------+---------+----+--------+--------+---------------------+------------+-----------------------------------------------------------------------------------------------------------------------------------------------------------+
; Total   ; Incr    ; RF ; Type   ; Fanout ; Location            ; HS/LP      ; Element                                                                                                                                                   ;
+---------+---------+----+--------+--------+---------------------+------------+-----------------------------------------------------------------------------------------------------------------------------------------------------------+
; 0.000   ; 0.000   ;    ;        ;        ;                     ;            ; launch edge time                                                                                                                                          ;
; 0.000   ; 0.000   ;    ; borrow ;        ;                     ;            ; time borrowed                                                                                                                                             ;
; 4.820   ; 4.820   ;    ;        ;        ;                     ;            ; clock path                                                                                                                                                ;
;   0.000 ;   0.000 ;    ;        ;        ;                     ;            ; source latency                                                                                                                                            ;
;   0.000 ;   0.000 ;    ;        ; 1      ; PIN_AM10            ;            ; CLK_50                                                                                                                                                    ;
;   0.000 ;   0.000 ; RR ; IC     ; 1      ; IOIBUF_X148_Y16_N32 ;            ; CLK_50~input|i                                                                                                                                            ;
;   0.606 ;   0.606 ; RR ; CELL   ; 1      ; IOIBUF_X148_Y16_N32 ;            ; CLK_50~input|o                                                                                                                                            ;
;   0.777 ;   0.171 ; RR ; CELL   ; 1      ; IOIBUF_X148_Y16_N32 ;            ; CLK_50~input~io_48_lvds_tile_edge/ioclkin[0]                                                                                                              ;
;   0.777 ;   0.000 ; RR ; IC     ; 2      ; CLKCTRL_3A_G_I20    ;            ; CLK_50~inputCLKENA0|inclk                                                                                                                                 ;
;   1.350 ;   0.573 ; RR ; CELL   ; 181589 ; CLKCTRL_3A_G_I20    ;            ; CLK_50~inputCLKENA0|outclk                                                                                                                                ;
;   4.820 ;   3.470 ; RR ; IC     ; 1      ; FF_X147_Y17_N22     ; High Speed ; System|rst_controller|r_sync_rst|clk                                                                                                                      ;
;   4.820 ;   0.000 ; RR ; CELL   ; 1      ; FF_X147_Y17_N22     ; High Speed ; System|rst_controller|r_sync_rst                                                                                                                          ;
; 9.599   ; 4.779   ;    ;        ;        ;                     ;            ; data path                                                                                                                                                 ;
;   5.050 ;   0.230 ; FF ; uTco   ; 1      ; FF_X147_Y17_N22     ;            ; System|rst_controller|r_sync_rst|q                                                                                                                        ;
;   5.128 ;   0.078 ; FF ; CELL   ; 140581 ; FF_X147_Y17_N22     ; High Speed ; System|rst_controller|r_sync_rst~la_lab/laboutt[14]                                                                                                       ;
;   5.680 ;   0.552 ; FF ; IC     ; 2      ; CLKCTRL_3A_G_I21    ; High Speed ; System|rst_controller|r_sync_rst~CLKENA0|inclk                                                                                                            ;
;   6.191 ;   0.511 ; FF ; CELL   ; 4281   ; CLKCTRL_3A_G_I21    ;            ; System|rst_controller|r_sync_rst~CLKENA0|outclk                                                                                                           ;
;   9.599 ;   3.408 ; FF ; IC     ; 1      ; EC_X102_Y9_N0       ; Mixed      ; System|jtag_uart_0|jtag_uart_0|the_NonDPR_jtag_uart_0_altera_avalon_jtag_uart_1924_v2zfocy_scfifo_w|wfifo|auto_generated|dpfifo|FIFOram|ram_block1a0|clr0 ;
;   9.599 ;   0.000 ; FF ; CELL   ; 0      ; EC_X102_Y9_N0       ; High Speed ; System|jtag_uart_0|jtag_uart_0|the_NonDPR_jtag_uart_0_altera_avalon_jtag_uart_1924_v2zfocy_scfifo_w|wfifo|auto_generated|dpfifo|FIFOram|ram_block1a0~reg0 ;
+---------+---------+----+--------+--------+---------------------+------------+-----------------------------------------------------------------------------------------------------------------------------------------------------------+

+----------------------------------------------------------------------------------------------------------------------------------------------------------------------------------------------------------------------------------------+
; Data Required Path                                                                                                                                                                                                                     ;
+----------+---------+----+------+--------+---------------------+------------+-----------------------------------------------------------------------------------------------------------------------------------------------------------+
; Total    ; Incr    ; RF ; Type ; Fanout ; Location            ; HS/LP      ; Element                                                                                                                                                   ;
+----------+---------+----+------+--------+---------------------+------------+-----------------------------------------------------------------------------------------------------------------------------------------------------------+
; 20.000   ; 20.000  ;    ;      ;        ;                     ;            ; latch edge time                                                                                                                                           ;
; 24.665   ; 4.665   ;    ;      ;        ;                     ;            ; clock path                                                                                                                                                ;
;   20.000 ;   0.000 ;    ;      ;        ;                     ;            ; source latency                                                                                                                                            ;
;   20.000 ;   0.000 ;    ;      ; 1      ; PIN_AM10            ;            ; CLK_50                                                                                                                                                    ;
;   20.000 ;   0.000 ; RR ; IC   ; 1      ; IOIBUF_X148_Y16_N32 ;            ; CLK_50~input|i                                                                                                                                            ;
;   20.606 ;   0.606 ; RR ; CELL ; 1      ; IOIBUF_X148_Y16_N32 ;            ; CLK_50~input|o                                                                                                                                            ;
;   20.744 ;   0.138 ; RR ; CELL ; 1      ; IOIBUF_X148_Y16_N32 ;            ; CLK_50~input~io_48_lvds_tile_edge/ioclkin[0]                                                                                                              ;
;   20.744 ;   0.000 ; RR ; IC   ; 2      ; CLKCTRL_3A_G_I20    ;            ; CLK_50~inputCLKENA0|inclk                                                                                                                                 ;
;   21.233 ;   0.489 ; RR ; CELL ; 181589 ; CLKCTRL_3A_G_I20    ;            ; CLK_50~inputCLKENA0|outclk                                                                                                                                ;
;   24.387 ;   3.154 ; RR ; IC   ; 2      ; EC_X102_Y9_N0       ; Mixed      ; System|jtag_uart_0|jtag_uart_0|the_NonDPR_jtag_uart_0_altera_avalon_jtag_uart_1924_v2zfocy_scfifo_w|wfifo|auto_generated|dpfifo|FIFOram|ram_block1a0|clk0 ;
;   24.387 ;   0.000 ; RR ; CELL ; 0      ; EC_X102_Y9_N0       ; High Speed ; System|jtag_uart_0|jtag_uart_0|the_NonDPR_jtag_uart_0_altera_avalon_jtag_uart_1924_v2zfocy_scfifo_w|wfifo|auto_generated|dpfifo|FIFOram|ram_block1a0~reg0 ;
;   24.665 ;   0.278 ;    ;      ;        ;                     ;            ; clock pessimism removed                                                                                                                                   ;
; 24.635   ; -0.030  ;    ;      ;        ;                     ;            ; clock uncertainty                                                                                                                                         ;
; 24.132   ; -0.503  ;    ; uTsu ; 0      ; EC_X102_Y9_N0       ;            ; System|jtag_uart_0|jtag_uart_0|the_NonDPR_jtag_uart_0_altera_avalon_jtag_uart_1924_v2zfocy_scfifo_w|wfifo|auto_generated|dpfifo|FIFOram|ram_block1a0~reg0 ;
+----------+---------+----+------+--------+---------------------+------------+-----------------------------------------------------------------------------------------------------------------------------------------------------------+



Path #8: Recovery slack is 14.533 
===============================================================================
+---------------------------------------------------------------------------------------------------------------------------------------------------------------------------------------------+
; Path Summary                                                                                                                                                                                ;
+---------------------------------+-----------------------------------------------------------------------------------------------------------------------------------------------------------+
; Property                        ; Value                                                                                                                                                     ;
+---------------------------------+-----------------------------------------------------------------------------------------------------------------------------------------------------------+
; From Node                       ; System|rst_controller|r_sync_rst                                                                                                                          ;
; To Node                         ; System|jtag_uart_0|jtag_uart_0|the_NonDPR_jtag_uart_0_altera_avalon_jtag_uart_1924_v2zfocy_scfifo_w|wfifo|auto_generated|dpfifo|FIFOram|ram_block1a7~reg0 ;
; Launch Clock                    ; CLK_50                                                                                                                                                    ;
; Latch Clock                     ; CLK_50                                                                                                                                                    ;
; SDC Exception                   ; No SDC Exception on Path                                                                                                                                  ;
; Data Arrival Time               ; 9.599                                                                                                                                                     ;
; Data Required Time              ; 24.132                                                                                                                                                    ;
; Slack                           ; 14.533                                                                                                                                                    ;
; Worst-Case Operating Conditions ; Slow 900mV 0C Model                                                                                                                                       ;
+---------------------------------+-----------------------------------------------------------------------------------------------------------------------------------------------------------+

+------------------------------------------------------------------------------------+
; Statistics                                                                         ;
+------------------------+--------+-------+-------------+------------+-------+-------+
; Property               ; Value  ; Count ; Total Delay ; % of Total ; Min   ; Max   ;
+------------------------+--------+-------+-------------+------------+-------+-------+
; Recovery Relationship  ; 20.000 ;       ;             ;            ;       ;       ;
; Clock Skew             ; -0.155 ;       ;             ;            ;       ;       ;
; Data Delay             ; 4.779  ;       ;             ;            ;       ;       ;
; Number of Logic Levels ;        ; 1     ;             ;            ;       ;       ;
; Physical Delays        ;        ;       ;             ;            ;       ;       ;
;  Arrival Path          ;        ;       ;             ;            ;       ;       ;
;   Clock                ;        ;       ;             ;            ;       ;       ;
;    IC                  ;        ; 3     ; 3.470       ; 72         ; 0.000 ; 3.470 ;
;    Cell                ;        ; 4     ; 1.350       ; 28         ; 0.000 ; 0.606 ;
;   Data                 ;        ;       ;             ;            ;       ;       ;
;    IC                  ;        ; 2     ; 3.960       ; 83         ; 0.552 ; 3.408 ;
;    Cell                ;        ; 3     ; 0.589       ; 12         ; 0.000 ; 0.511 ;
;    uTco                ;        ; 1     ; 0.230       ; 5          ; 0.230 ; 0.230 ;
;  Required Path         ;        ;       ;             ;            ;       ;       ;
;   Clock                ;        ;       ;             ;            ;       ;       ;
;    IC                  ;        ; 3     ; 3.154       ; 72         ; 0.000 ; 3.154 ;
;    Cell                ;        ; 4     ; 1.233       ; 28         ; 0.000 ; 0.606 ;
+------------------------+--------+-------+-------------+------------+-------+-------+
Note: Negative delays are omitted from totals when calculating percentages

+-----------------------------------------------------------------------------------------------------------------------------------------------------------------------------------------------------------------------------------------+
; Data Arrival Path                                                                                                                                                                                                                       ;
+---------+---------+----+--------+--------+---------------------+------------+-----------------------------------------------------------------------------------------------------------------------------------------------------------+
; Total   ; Incr    ; RF ; Type   ; Fanout ; Location            ; HS/LP      ; Element                                                                                                                                                   ;
+---------+---------+----+--------+--------+---------------------+------------+-----------------------------------------------------------------------------------------------------------------------------------------------------------+
; 0.000   ; 0.000   ;    ;        ;        ;                     ;            ; launch edge time                                                                                                                                          ;
; 0.000   ; 0.000   ;    ; borrow ;        ;                     ;            ; time borrowed                                                                                                                                             ;
; 4.820   ; 4.820   ;    ;        ;        ;                     ;            ; clock path                                                                                                                                                ;
;   0.000 ;   0.000 ;    ;        ;        ;                     ;            ; source latency                                                                                                                                            ;
;   0.000 ;   0.000 ;    ;        ; 1      ; PIN_AM10            ;            ; CLK_50                                                                                                                                                    ;
;   0.000 ;   0.000 ; RR ; IC     ; 1      ; IOIBUF_X148_Y16_N32 ;            ; CLK_50~input|i                                                                                                                                            ;
;   0.606 ;   0.606 ; RR ; CELL   ; 1      ; IOIBUF_X148_Y16_N32 ;            ; CLK_50~input|o                                                                                                                                            ;
;   0.777 ;   0.171 ; RR ; CELL   ; 1      ; IOIBUF_X148_Y16_N32 ;            ; CLK_50~input~io_48_lvds_tile_edge/ioclkin[0]                                                                                                              ;
;   0.777 ;   0.000 ; RR ; IC     ; 2      ; CLKCTRL_3A_G_I20    ;            ; CLK_50~inputCLKENA0|inclk                                                                                                                                 ;
;   1.350 ;   0.573 ; RR ; CELL   ; 181589 ; CLKCTRL_3A_G_I20    ;            ; CLK_50~inputCLKENA0|outclk                                                                                                                                ;
;   4.820 ;   3.470 ; RR ; IC     ; 1      ; FF_X147_Y17_N22     ; High Speed ; System|rst_controller|r_sync_rst|clk                                                                                                                      ;
;   4.820 ;   0.000 ; RR ; CELL   ; 1      ; FF_X147_Y17_N22     ; High Speed ; System|rst_controller|r_sync_rst                                                                                                                          ;
; 9.599   ; 4.779   ;    ;        ;        ;                     ;            ; data path                                                                                                                                                 ;
;   5.050 ;   0.230 ; FF ; uTco   ; 1      ; FF_X147_Y17_N22     ;            ; System|rst_controller|r_sync_rst|q                                                                                                                        ;
;   5.128 ;   0.078 ; FF ; CELL   ; 140581 ; FF_X147_Y17_N22     ; High Speed ; System|rst_controller|r_sync_rst~la_lab/laboutt[14]                                                                                                       ;
;   5.680 ;   0.552 ; FF ; IC     ; 2      ; CLKCTRL_3A_G_I21    ; High Speed ; System|rst_controller|r_sync_rst~CLKENA0|inclk                                                                                                            ;
;   6.191 ;   0.511 ; FF ; CELL   ; 4281   ; CLKCTRL_3A_G_I21    ;            ; System|rst_controller|r_sync_rst~CLKENA0|outclk                                                                                                           ;
;   9.599 ;   3.408 ; FF ; IC     ; 1      ; EC_X102_Y9_N7       ; Mixed      ; System|jtag_uart_0|jtag_uart_0|the_NonDPR_jtag_uart_0_altera_avalon_jtag_uart_1924_v2zfocy_scfifo_w|wfifo|auto_generated|dpfifo|FIFOram|ram_block1a7|clr0 ;
;   9.599 ;   0.000 ; FF ; CELL   ; 0      ; EC_X102_Y9_N7       ; High Speed ; System|jtag_uart_0|jtag_uart_0|the_NonDPR_jtag_uart_0_altera_avalon_jtag_uart_1924_v2zfocy_scfifo_w|wfifo|auto_generated|dpfifo|FIFOram|ram_block1a7~reg0 ;
+---------+---------+----+--------+--------+---------------------+------------+-----------------------------------------------------------------------------------------------------------------------------------------------------------+

+----------------------------------------------------------------------------------------------------------------------------------------------------------------------------------------------------------------------------------------+
; Data Required Path                                                                                                                                                                                                                     ;
+----------+---------+----+------+--------+---------------------+------------+-----------------------------------------------------------------------------------------------------------------------------------------------------------+
; Total    ; Incr    ; RF ; Type ; Fanout ; Location            ; HS/LP      ; Element                                                                                                                                                   ;
+----------+---------+----+------+--------+---------------------+------------+-----------------------------------------------------------------------------------------------------------------------------------------------------------+
; 20.000   ; 20.000  ;    ;      ;        ;                     ;            ; latch edge time                                                                                                                                           ;
; 24.665   ; 4.665   ;    ;      ;        ;                     ;            ; clock path                                                                                                                                                ;
;   20.000 ;   0.000 ;    ;      ;        ;                     ;            ; source latency                                                                                                                                            ;
;   20.000 ;   0.000 ;    ;      ; 1      ; PIN_AM10            ;            ; CLK_50                                                                                                                                                    ;
;   20.000 ;   0.000 ; RR ; IC   ; 1      ; IOIBUF_X148_Y16_N32 ;            ; CLK_50~input|i                                                                                                                                            ;
;   20.606 ;   0.606 ; RR ; CELL ; 1      ; IOIBUF_X148_Y16_N32 ;            ; CLK_50~input|o                                                                                                                                            ;
;   20.744 ;   0.138 ; RR ; CELL ; 1      ; IOIBUF_X148_Y16_N32 ;            ; CLK_50~input~io_48_lvds_tile_edge/ioclkin[0]                                                                                                              ;
;   20.744 ;   0.000 ; RR ; IC   ; 2      ; CLKCTRL_3A_G_I20    ;            ; CLK_50~inputCLKENA0|inclk                                                                                                                                 ;
;   21.233 ;   0.489 ; RR ; CELL ; 181589 ; CLKCTRL_3A_G_I20    ;            ; CLK_50~inputCLKENA0|outclk                                                                                                                                ;
;   24.387 ;   3.154 ; RR ; IC   ; 2      ; EC_X102_Y9_N7       ; Mixed      ; System|jtag_uart_0|jtag_uart_0|the_NonDPR_jtag_uart_0_altera_avalon_jtag_uart_1924_v2zfocy_scfifo_w|wfifo|auto_generated|dpfifo|FIFOram|ram_block1a7|clk0 ;
;   24.387 ;   0.000 ; RR ; CELL ; 0      ; EC_X102_Y9_N7       ; High Speed ; System|jtag_uart_0|jtag_uart_0|the_NonDPR_jtag_uart_0_altera_avalon_jtag_uart_1924_v2zfocy_scfifo_w|wfifo|auto_generated|dpfifo|FIFOram|ram_block1a7~reg0 ;
;   24.665 ;   0.278 ;    ;      ;        ;                     ;            ; clock pessimism removed                                                                                                                                   ;
; 24.635   ; -0.030  ;    ;      ;        ;                     ;            ; clock uncertainty                                                                                                                                         ;
; 24.132   ; -0.503  ;    ; uTsu ; 0      ; EC_X102_Y9_N7       ;            ; System|jtag_uart_0|jtag_uart_0|the_NonDPR_jtag_uart_0_altera_avalon_jtag_uart_1924_v2zfocy_scfifo_w|wfifo|auto_generated|dpfifo|FIFOram|ram_block1a7~reg0 ;
+----------+---------+----+------+--------+---------------------+------------+-----------------------------------------------------------------------------------------------------------------------------------------------------------+



Path #9: Recovery slack is 14.855 
===============================================================================
+--------------------------------------------------------------------------------------------------------------+
; Path Summary                                                                                                 ;
+---------------------------------+----------------------------------------------------------------------------+
; Property                        ; Value                                                                      ;
+---------------------------------+----------------------------------------------------------------------------+
; From Node                       ; System|rst_controller|r_sync_rst                                           ;
; To Node                         ; System|intel_niosv_g_0|intel_niosv_g_0|dbg_mod|dm_inst|abstauto.progbuf[2] ;
; Launch Clock                    ; CLK_50                                                                     ;
; Latch Clock                     ; CLK_50                                                                     ;
; SDC Exception                   ; No SDC Exception on Path                                                   ;
; Data Arrival Time               ; 9.661                                                                      ;
; Data Required Time              ; 24.516                                                                     ;
; Slack                           ; 14.855                                                                     ;
; Worst-Case Operating Conditions ; Slow 900mV 0C Model                                                        ;
+---------------------------------+----------------------------------------------------------------------------+

+------------------------------------------------------------------------------------+
; Statistics                                                                         ;
+------------------------+--------+-------+-------------+------------+-------+-------+
; Property               ; Value  ; Count ; Total Delay ; % of Total ; Min   ; Max   ;
+------------------------+--------+-------+-------------+------------+-------+-------+
; Recovery Relationship  ; 20.000 ;       ;             ;            ;       ;       ;
; Clock Skew             ; -0.126 ;       ;             ;            ;       ;       ;
; Data Delay             ; 4.841  ;       ;             ;            ;       ;       ;
; Number of Logic Levels ;        ; 1     ;             ;            ;       ;       ;
; Physical Delays        ;        ;       ;             ;            ;       ;       ;
;  Arrival Path          ;        ;       ;             ;            ;       ;       ;
;   Clock                ;        ;       ;             ;            ;       ;       ;
;    IC                  ;        ; 3     ; 3.470       ; 72         ; 0.000 ; 3.470 ;
;    Cell                ;        ; 4     ; 1.350       ; 28         ; 0.000 ; 0.606 ;
;   Data                 ;        ;       ;             ;            ;       ;       ;
;    IC                  ;        ; 2     ; 4.022       ; 83         ; 0.552 ; 3.470 ;
;    Cell                ;        ; 3     ; 0.589       ; 12         ; 0.000 ; 0.511 ;
;    uTco                ;        ; 1     ; 0.230       ; 5          ; 0.230 ; 0.230 ;
;  Required Path         ;        ;       ;             ;            ;       ;       ;
;   Clock                ;        ;       ;             ;            ;       ;       ;
;    IC                  ;        ; 3     ; 3.183       ; 72         ; 0.000 ; 3.183 ;
;    Cell                ;        ; 4     ; 1.233       ; 28         ; 0.000 ; 0.606 ;
+------------------------+--------+-------+-------------+------------+-------+-------+
Note: Negative delays are omitted from totals when calculating percentages

+---------------------------------------------------------------------------------------------------------------------------------------------------------------+
; Data Arrival Path                                                                                                                                             ;
+---------+---------+----+--------+--------+---------------------+------------+---------------------------------------------------------------------------------+
; Total   ; Incr    ; RF ; Type   ; Fanout ; Location            ; HS/LP      ; Element                                                                         ;
+---------+---------+----+--------+--------+---------------------+------------+---------------------------------------------------------------------------------+
; 0.000   ; 0.000   ;    ;        ;        ;                     ;            ; launch edge time                                                                ;
; 0.000   ; 0.000   ;    ; borrow ;        ;                     ;            ; time borrowed                                                                   ;
; 4.820   ; 4.820   ;    ;        ;        ;                     ;            ; clock path                                                                      ;
;   0.000 ;   0.000 ;    ;        ;        ;                     ;            ; source latency                                                                  ;
;   0.000 ;   0.000 ;    ;        ; 1      ; PIN_AM10            ;            ; CLK_50                                                                          ;
;   0.000 ;   0.000 ; RR ; IC     ; 1      ; IOIBUF_X148_Y16_N32 ;            ; CLK_50~input|i                                                                  ;
;   0.606 ;   0.606 ; RR ; CELL   ; 1      ; IOIBUF_X148_Y16_N32 ;            ; CLK_50~input|o                                                                  ;
;   0.777 ;   0.171 ; RR ; CELL   ; 1      ; IOIBUF_X148_Y16_N32 ;            ; CLK_50~input~io_48_lvds_tile_edge/ioclkin[0]                                    ;
;   0.777 ;   0.000 ; RR ; IC     ; 2      ; CLKCTRL_3A_G_I20    ;            ; CLK_50~inputCLKENA0|inclk                                                       ;
;   1.350 ;   0.573 ; RR ; CELL   ; 181589 ; CLKCTRL_3A_G_I20    ;            ; CLK_50~inputCLKENA0|outclk                                                      ;
;   4.820 ;   3.470 ; RR ; IC     ; 1      ; FF_X147_Y17_N22     ; High Speed ; System|rst_controller|r_sync_rst|clk                                            ;
;   4.820 ;   0.000 ; RR ; CELL   ; 1      ; FF_X147_Y17_N22     ; High Speed ; System|rst_controller|r_sync_rst                                                ;
; 9.661   ; 4.841   ;    ;        ;        ;                     ;            ; data path                                                                       ;
;   5.050 ;   0.230 ; FF ; uTco   ; 1      ; FF_X147_Y17_N22     ;            ; System|rst_controller|r_sync_rst|q                                              ;
;   5.128 ;   0.078 ; FF ; CELL   ; 140581 ; FF_X147_Y17_N22     ; High Speed ; System|rst_controller|r_sync_rst~la_lab/laboutt[14]                             ;
;   5.680 ;   0.552 ; FF ; IC     ; 2      ; CLKCTRL_3A_G_I21    ; High Speed ; System|rst_controller|r_sync_rst~CLKENA0|inclk                                  ;
;   6.191 ;   0.511 ; FF ; CELL   ; 4281   ; CLKCTRL_3A_G_I21    ;            ; System|rst_controller|r_sync_rst~CLKENA0|outclk                                 ;
;   9.661 ;   3.470 ; FF ; IC     ; 1      ; FF_X93_Y6_N20       ; Low Power  ; System|intel_niosv_g_0|intel_niosv_g_0|dbg_mod|dm_inst|abstauto.progbuf[2]|clrn ;
;   9.661 ;   0.000 ; FF ; CELL   ; 1      ; FF_X93_Y6_N20       ; Low Power  ; System|intel_niosv_g_0|intel_niosv_g_0|dbg_mod|dm_inst|abstauto.progbuf[2]      ;
+---------+---------+----+--------+--------+---------------------+------------+---------------------------------------------------------------------------------+

+--------------------------------------------------------------------------------------------------------------------------------------------------------------+
; Data Required Path                                                                                                                                           ;
+----------+---------+----+--------+--------+---------------------+-----------+--------------------------------------------------------------------------------+
; Total    ; Incr    ; RF ; Type   ; Fanout ; Location            ; HS/LP     ; Element                                                                        ;
+----------+---------+----+--------+--------+---------------------+-----------+--------------------------------------------------------------------------------+
; 20.000   ; 20.000  ;    ;        ;        ;                     ;           ; latch edge time                                                                ;
; 20.000   ; 0.000   ;    ; borrow ;        ;                     ;           ; time borrowed                                                                  ;
; 24.694   ; 4.694   ;    ;        ;        ;                     ;           ; clock path                                                                     ;
;   20.000 ;   0.000 ;    ;        ;        ;                     ;           ; source latency                                                                 ;
;   20.000 ;   0.000 ;    ;        ; 1      ; PIN_AM10            ;           ; CLK_50                                                                         ;
;   20.000 ;   0.000 ; RR ; IC     ; 1      ; IOIBUF_X148_Y16_N32 ;           ; CLK_50~input|i                                                                 ;
;   20.606 ;   0.606 ; RR ; CELL   ; 1      ; IOIBUF_X148_Y16_N32 ;           ; CLK_50~input|o                                                                 ;
;   20.744 ;   0.138 ; RR ; CELL   ; 1      ; IOIBUF_X148_Y16_N32 ;           ; CLK_50~input~io_48_lvds_tile_edge/ioclkin[0]                                   ;
;   20.744 ;   0.000 ; RR ; IC     ; 2      ; CLKCTRL_3A_G_I20    ;           ; CLK_50~inputCLKENA0|inclk                                                      ;
;   21.233 ;   0.489 ; RR ; CELL   ; 181589 ; CLKCTRL_3A_G_I20    ;           ; CLK_50~inputCLKENA0|outclk                                                     ;
;   24.416 ;   3.183 ; RR ; IC     ; 1      ; FF_X93_Y6_N20       ; Low Power ; System|intel_niosv_g_0|intel_niosv_g_0|dbg_mod|dm_inst|abstauto.progbuf[2]|clk ;
;   24.416 ;   0.000 ; RR ; CELL   ; 1      ; FF_X93_Y6_N20       ; Low Power ; System|intel_niosv_g_0|intel_niosv_g_0|dbg_mod|dm_inst|abstauto.progbuf[2]     ;
;   24.694 ;   0.278 ;    ;        ;        ;                     ;           ; clock pessimism removed                                                        ;
; 24.664   ; -0.030  ;    ;        ;        ;                     ;           ; clock uncertainty                                                              ;
; 24.516   ; -0.148  ;    ; uTsu   ; 1      ; FF_X93_Y6_N20       ;           ; System|intel_niosv_g_0|intel_niosv_g_0|dbg_mod|dm_inst|abstauto.progbuf[2]     ;
+----------+---------+----+--------+--------+---------------------+-----------+--------------------------------------------------------------------------------+



Path #10: Recovery slack is 14.856 
===============================================================================
+--------------------------------------------------------------------------------------------------------------+
; Path Summary                                                                                                 ;
+---------------------------------+----------------------------------------------------------------------------+
; Property                        ; Value                                                                      ;
+---------------------------------+----------------------------------------------------------------------------+
; From Node                       ; System|rst_controller|r_sync_rst                                           ;
; To Node                         ; System|intel_niosv_g_0|intel_niosv_g_0|dbg_mod|dm_inst|abstauto.progbuf[3] ;
; Launch Clock                    ; CLK_50                                                                     ;
; Latch Clock                     ; CLK_50                                                                     ;
; SDC Exception                   ; No SDC Exception on Path                                                   ;
; Data Arrival Time               ; 9.661                                                                      ;
; Data Required Time              ; 24.517                                                                     ;
; Slack                           ; 14.856                                                                     ;
; Worst-Case Operating Conditions ; Slow 900mV 0C Model                                                        ;
+---------------------------------+----------------------------------------------------------------------------+

+------------------------------------------------------------------------------------+
; Statistics                                                                         ;
+------------------------+--------+-------+-------------+------------+-------+-------+
; Property               ; Value  ; Count ; Total Delay ; % of Total ; Min   ; Max   ;
+------------------------+--------+-------+-------------+------------+-------+-------+
; Recovery Relationship  ; 20.000 ;       ;             ;            ;       ;       ;
; Clock Skew             ; -0.126 ;       ;             ;            ;       ;       ;
; Data Delay             ; 4.841  ;       ;             ;            ;       ;       ;
; Number of Logic Levels ;        ; 1     ;             ;            ;       ;       ;
; Physical Delays        ;        ;       ;             ;            ;       ;       ;
;  Arrival Path          ;        ;       ;             ;            ;       ;       ;
;   Clock                ;        ;       ;             ;            ;       ;       ;
;    IC                  ;        ; 3     ; 3.470       ; 72         ; 0.000 ; 3.470 ;
;    Cell                ;        ; 4     ; 1.350       ; 28         ; 0.000 ; 0.606 ;
;   Data                 ;        ;       ;             ;            ;       ;       ;
;    IC                  ;        ; 2     ; 4.022       ; 83         ; 0.552 ; 3.470 ;
;    Cell                ;        ; 3     ; 0.589       ; 12         ; 0.000 ; 0.511 ;
;    uTco                ;        ; 1     ; 0.230       ; 5          ; 0.230 ; 0.230 ;
;  Required Path         ;        ;       ;             ;            ;       ;       ;
;   Clock                ;        ;       ;             ;            ;       ;       ;
;    IC                  ;        ; 3     ; 3.183       ; 72         ; 0.000 ; 3.183 ;
;    Cell                ;        ; 4     ; 1.233       ; 28         ; 0.000 ; 0.606 ;
+------------------------+--------+-------+-------------+------------+-------+-------+
Note: Negative delays are omitted from totals when calculating percentages

+---------------------------------------------------------------------------------------------------------------------------------------------------------------+
; Data Arrival Path                                                                                                                                             ;
+---------+---------+----+--------+--------+---------------------+------------+---------------------------------------------------------------------------------+
; Total   ; Incr    ; RF ; Type   ; Fanout ; Location            ; HS/LP      ; Element                                                                         ;
+---------+---------+----+--------+--------+---------------------+------------+---------------------------------------------------------------------------------+
; 0.000   ; 0.000   ;    ;        ;        ;                     ;            ; launch edge time                                                                ;
; 0.000   ; 0.000   ;    ; borrow ;        ;                     ;            ; time borrowed                                                                   ;
; 4.820   ; 4.820   ;    ;        ;        ;                     ;            ; clock path                                                                      ;
;   0.000 ;   0.000 ;    ;        ;        ;                     ;            ; source latency                                                                  ;
;   0.000 ;   0.000 ;    ;        ; 1      ; PIN_AM10            ;            ; CLK_50                                                                          ;
;   0.000 ;   0.000 ; RR ; IC     ; 1      ; IOIBUF_X148_Y16_N32 ;            ; CLK_50~input|i                                                                  ;
;   0.606 ;   0.606 ; RR ; CELL   ; 1      ; IOIBUF_X148_Y16_N32 ;            ; CLK_50~input|o                                                                  ;
;   0.777 ;   0.171 ; RR ; CELL   ; 1      ; IOIBUF_X148_Y16_N32 ;            ; CLK_50~input~io_48_lvds_tile_edge/ioclkin[0]                                    ;
;   0.777 ;   0.000 ; RR ; IC     ; 2      ; CLKCTRL_3A_G_I20    ;            ; CLK_50~inputCLKENA0|inclk                                                       ;
;   1.350 ;   0.573 ; RR ; CELL   ; 181589 ; CLKCTRL_3A_G_I20    ;            ; CLK_50~inputCLKENA0|outclk                                                      ;
;   4.820 ;   3.470 ; RR ; IC     ; 1      ; FF_X147_Y17_N22     ; High Speed ; System|rst_controller|r_sync_rst|clk                                            ;
;   4.820 ;   0.000 ; RR ; CELL   ; 1      ; FF_X147_Y17_N22     ; High Speed ; System|rst_controller|r_sync_rst                                                ;
; 9.661   ; 4.841   ;    ;        ;        ;                     ;            ; data path                                                                       ;
;   5.050 ;   0.230 ; FF ; uTco   ; 1      ; FF_X147_Y17_N22     ;            ; System|rst_controller|r_sync_rst|q                                              ;
;   5.128 ;   0.078 ; FF ; CELL   ; 140581 ; FF_X147_Y17_N22     ; High Speed ; System|rst_controller|r_sync_rst~la_lab/laboutt[14]                             ;
;   5.680 ;   0.552 ; FF ; IC     ; 2      ; CLKCTRL_3A_G_I21    ; High Speed ; System|rst_controller|r_sync_rst~CLKENA0|inclk                                  ;
;   6.191 ;   0.511 ; FF ; CELL   ; 4281   ; CLKCTRL_3A_G_I21    ;            ; System|rst_controller|r_sync_rst~CLKENA0|outclk                                 ;
;   9.661 ;   3.470 ; FF ; IC     ; 1      ; FF_X93_Y6_N26       ; Low Power  ; System|intel_niosv_g_0|intel_niosv_g_0|dbg_mod|dm_inst|abstauto.progbuf[3]|clrn ;
;   9.661 ;   0.000 ; FF ; CELL   ; 1      ; FF_X93_Y6_N26       ; Low Power  ; System|intel_niosv_g_0|intel_niosv_g_0|dbg_mod|dm_inst|abstauto.progbuf[3]      ;
+---------+---------+----+--------+--------+---------------------+------------+---------------------------------------------------------------------------------+

+--------------------------------------------------------------------------------------------------------------------------------------------------------------+
; Data Required Path                                                                                                                                           ;
+----------+---------+----+--------+--------+---------------------+-----------+--------------------------------------------------------------------------------+
; Total    ; Incr    ; RF ; Type   ; Fanout ; Location            ; HS/LP     ; Element                                                                        ;
+----------+---------+----+--------+--------+---------------------+-----------+--------------------------------------------------------------------------------+
; 20.000   ; 20.000  ;    ;        ;        ;                     ;           ; latch edge time                                                                ;
; 20.000   ; 0.000   ;    ; borrow ;        ;                     ;           ; time borrowed                                                                  ;
; 24.694   ; 4.694   ;    ;        ;        ;                     ;           ; clock path                                                                     ;
;   20.000 ;   0.000 ;    ;        ;        ;                     ;           ; source latency                                                                 ;
;   20.000 ;   0.000 ;    ;        ; 1      ; PIN_AM10            ;           ; CLK_50                                                                         ;
;   20.000 ;   0.000 ; RR ; IC     ; 1      ; IOIBUF_X148_Y16_N32 ;           ; CLK_50~input|i                                                                 ;
;   20.606 ;   0.606 ; RR ; CELL   ; 1      ; IOIBUF_X148_Y16_N32 ;           ; CLK_50~input|o                                                                 ;
;   20.744 ;   0.138 ; RR ; CELL   ; 1      ; IOIBUF_X148_Y16_N32 ;           ; CLK_50~input~io_48_lvds_tile_edge/ioclkin[0]                                   ;
;   20.744 ;   0.000 ; RR ; IC     ; 2      ; CLKCTRL_3A_G_I20    ;           ; CLK_50~inputCLKENA0|inclk                                                      ;
;   21.233 ;   0.489 ; RR ; CELL   ; 181589 ; CLKCTRL_3A_G_I20    ;           ; CLK_50~inputCLKENA0|outclk                                                     ;
;   24.416 ;   3.183 ; RR ; IC     ; 1      ; FF_X93_Y6_N26       ; Low Power ; System|intel_niosv_g_0|intel_niosv_g_0|dbg_mod|dm_inst|abstauto.progbuf[3]|clk ;
;   24.416 ;   0.000 ; RR ; CELL   ; 1      ; FF_X93_Y6_N26       ; Low Power ; System|intel_niosv_g_0|intel_niosv_g_0|dbg_mod|dm_inst|abstauto.progbuf[3]     ;
;   24.694 ;   0.278 ;    ;        ;        ;                     ;           ; clock pessimism removed                                                        ;
; 24.664   ; -0.030  ;    ;        ;        ;                     ;           ; clock uncertainty                                                              ;
; 24.517   ; -0.147  ;    ; uTsu   ; 1      ; FF_X93_Y6_N26       ;           ; System|intel_niosv_g_0|intel_niosv_g_0|dbg_mod|dm_inst|abstauto.progbuf[3]     ;
+----------+---------+----+--------+--------+---------------------+-----------+--------------------------------------------------------------------------------+



----------------
; Command Info ;
----------------
Report Timing: Found 10 removal paths (0 violated).  Worst case slack is 0.227 

Tcl Command:
    report_timing -removal -panel_name {Worst-Case Timing Paths||Removal||CLK_50} -to_clock [get_clocks {CLK_50}] -npaths 10 -detail full_path

Options:
    -to_clock [get_clocks {CLK_50}] 
    -removal 
    -npaths 10 
    -detail full_path 
    -panel_name {CLK_50} 

Snapshot:
    final

Delay Models:
    Slow 900mV 100C Model
    Slow 900mV 0C Model
    Fast 900mV 100C Model
    Fast 900mV 0C Model


+------------------------------------------------------------------------------------------------------------------------------------------------------------------------------------------------------------------------------------------------------------------------------------------------------------------------------------------------------------------------------------------------------------------+
; Summary of Paths                                                                                                                                                                                                                                                                                                                                                                                                 ;
+-------+-----------------------------------------------------------------------------------------------------------------------------------------------------------------+--------------------------------------------------------------------------------------------------------------------------------+--------------+-------------+--------------+------------+------------+---------------------------------+
; Slack ; From Node                                                                                                                                                       ; To Node                                                                                                                        ; Launch Clock ; Latch Clock ; Relationship ; Clock Skew ; Data Delay ; Worst-Case Operating Conditions ;
+-------+-----------------------------------------------------------------------------------------------------------------------------------------------------------------+--------------------------------------------------------------------------------------------------------------------------------+--------------+-------------+--------------+------------+------------+---------------------------------+
; 0.227 ; System|master_0|master_0|jtag_phy_embedded_in_jtag_master|normal.jtag_dc_streaming|jtag_streaming|clock_sense_reset_n_synchronizer|dreg[6]                      ; System|master_0|master_0|jtag_phy_embedded_in_jtag_master|normal.jtag_dc_streaming|jtag_streaming|clock_sensor                 ; CLK_50       ; CLK_50      ; 0.000        ; 0.027      ; 0.307      ; Fast 900mV 0C Model             ;
; 0.264 ; System|master_0|master_0|rst_controller|alt_rst_sync_uq1|altera_reset_synchronizer_int_chain_out                                                                ; System|master_0|master_0|jtag_phy_embedded_in_jtag_master|normal.jtag_dc_streaming|source_crosser|src_data[0]                  ; CLK_50       ; CLK_50      ; 0.000        ; 0.017      ; 0.338      ; Fast 900mV 0C Model             ;
; 0.264 ; System|master_0|master_0|rst_controller|alt_rst_sync_uq1|altera_reset_synchronizer_int_chain_out                                                                ; System|master_0|master_0|jtag_phy_embedded_in_jtag_master|normal.jtag_dc_streaming|source_crosser|src_data[2]                  ; CLK_50       ; CLK_50      ; 0.000        ; 0.017      ; 0.338      ; Fast 900mV 0C Model             ;
; 0.265 ; System|master_0|master_0|rst_controller|alt_rst_sync_uq1|altera_reset_synchronizer_int_chain_out                                                                ; System|master_0|master_0|jtag_phy_embedded_in_jtag_master|normal.jtag_dc_streaming|source_crosser|src_data[7]                  ; CLK_50       ; CLK_50      ; 0.000        ; 0.017      ; 0.338      ; Fast 900mV 0C Model             ;
; 0.266 ; System|master_0|master_0|rst_controller|alt_rst_sync_uq1|altera_reset_synchronizer_int_chain_out                                                                ; System|master_0|master_0|jtag_phy_embedded_in_jtag_master|normal.jtag_dc_streaming|source_crosser|src_data[1]                  ; CLK_50       ; CLK_50      ; 0.000        ; 0.017      ; 0.338      ; Fast 900mV 0C Model             ;
; 0.267 ; System|master_0|master_0|rst_controller|alt_rst_sync_uq1|altera_reset_synchronizer_int_chain_out                                                                ; System|master_0|master_0|jtag_phy_embedded_in_jtag_master|normal.jtag_dc_streaming|source_crosser|src_data[5]                  ; CLK_50       ; CLK_50      ; 0.000        ; 0.017      ; 0.338      ; Fast 900mV 0C Model             ;
; 0.290 ; System|master_0|master_0|jtag_phy_embedded_in_jtag_master|normal.jtag_dc_streaming|sink_crosser|alt_rst_req_sync_in_rst|altera_reset_synchronizer_int_chain_out ; System|master_0|master_0|jtag_phy_embedded_in_jtag_master|normal.jtag_dc_streaming|sink_crosser|out_to_in_synchronizer|dreg[5] ; CLK_50       ; CLK_50      ; 0.000        ; 0.024      ; 0.383      ; Fast 900mV 0C Model             ;
; 0.291 ; System|master_0|master_0|jtag_phy_embedded_in_jtag_master|normal.jtag_dc_streaming|sink_crosser|alt_rst_req_sync_in_rst|altera_reset_synchronizer_int_chain_out ; System|master_0|master_0|jtag_phy_embedded_in_jtag_master|normal.jtag_dc_streaming|sink_crosser|out_to_in_synchronizer|dreg[6] ; CLK_50       ; CLK_50      ; 0.000        ; 0.024      ; 0.383      ; Fast 900mV 0C Model             ;
; 0.292 ; System|master_0|master_0|jtag_phy_embedded_in_jtag_master|normal.jtag_dc_streaming|sink_crosser|alt_rst_req_sync_in_rst|altera_reset_synchronizer_int_chain_out ; System|master_0|master_0|jtag_phy_embedded_in_jtag_master|normal.jtag_dc_streaming|sink_crosser|out_to_in_synchronizer|dreg[0] ; CLK_50       ; CLK_50      ; 0.000        ; 0.024      ; 0.383      ; Fast 900mV 0C Model             ;
; 0.292 ; System|master_0|master_0|jtag_phy_embedded_in_jtag_master|normal.jtag_dc_streaming|sink_crosser|alt_rst_req_sync_in_rst|altera_reset_synchronizer_int_chain_out ; System|master_0|master_0|jtag_phy_embedded_in_jtag_master|normal.jtag_dc_streaming|sink_crosser|out_to_in_synchronizer|dreg[1] ; CLK_50       ; CLK_50      ; 0.000        ; 0.024      ; 0.383      ; Fast 900mV 0C Model             ;
+-------+-----------------------------------------------------------------------------------------------------------------------------------------------------------------+--------------------------------------------------------------------------------------------------------------------------------+--------------+-------------+--------------+------------+------------+---------------------------------+


Path #1: Removal slack is 0.227 
===============================================================================
+------------------------------------------------------------------------------------------------------------------------------------------------------------------------------+
; Path Summary                                                                                                                                                                 ;
+---------------------------------+--------------------------------------------------------------------------------------------------------------------------------------------+
; Property                        ; Value                                                                                                                                      ;
+---------------------------------+--------------------------------------------------------------------------------------------------------------------------------------------+
; From Node                       ; System|master_0|master_0|jtag_phy_embedded_in_jtag_master|normal.jtag_dc_streaming|jtag_streaming|clock_sense_reset_n_synchronizer|dreg[6] ;
; To Node                         ; System|master_0|master_0|jtag_phy_embedded_in_jtag_master|normal.jtag_dc_streaming|jtag_streaming|clock_sensor                             ;
; Launch Clock                    ; CLK_50                                                                                                                                     ;
; Latch Clock                     ; CLK_50                                                                                                                                     ;
; SDC Exception                   ; No SDC Exception on Path                                                                                                                   ;
; Data Arrival Time               ; 2.759                                                                                                                                      ;
; Data Required Time              ; 2.532                                                                                                                                      ;
; Slack                           ; 0.227                                                                                                                                      ;
; Worst-Case Operating Conditions ; Fast 900mV 0C Model                                                                                                                        ;
+---------------------------------+--------------------------------------------------------------------------------------------------------------------------------------------+

+-----------------------------------------------------------------------------------+
; Statistics                                                                        ;
+------------------------+-------+-------+-------------+------------+-------+-------+
; Property               ; Value ; Count ; Total Delay ; % of Total ; Min   ; Max   ;
+------------------------+-------+-------+-------------+------------+-------+-------+
; Removal Relationship   ; 0.000 ;       ;             ;            ;       ;       ;
; Clock Skew             ; 0.027 ;       ;             ;            ;       ;       ;
; Data Delay             ; 0.307 ;       ;             ;            ;       ;       ;
; Number of Logic Levels ;       ; 0     ;             ;            ;       ;       ;
; Physical Delays        ;       ;       ;             ;            ;       ;       ;
;  Arrival Path          ;       ;       ;             ;            ;       ;       ;
;   Clock                ;       ;       ;             ;            ;       ;       ;
;    IC                  ;       ; 3     ; 1.901       ; 78         ; 0.000 ; 1.901 ;
;    Cell                ;       ; 4     ; 0.551       ; 22         ; 0.000 ; 0.261 ;
;   Data                 ;       ;       ;             ;            ;       ;       ;
;    IC                  ;       ; 1     ; 0.143       ; 47         ; 0.143 ; 0.143 ;
;    Cell                ;       ; 2     ; 0.065       ; 21         ; 0.000 ; 0.065 ;
;    uTco                ;       ; 1     ; 0.099       ; 32         ; 0.099 ; 0.099 ;
;  Required Path         ;       ;       ;             ;            ;       ;       ;
;   Clock                ;       ;       ;             ;            ;       ;       ;
;    IC                  ;       ; 3     ; 2.066       ; 77         ; 0.000 ; 2.066 ;
;    Cell                ;       ; 4     ; 0.613       ; 23         ; 0.000 ; 0.277 ;
+------------------------+-------+-------+-------------+------------+-------+-------+
Note: Negative delays are omitted from totals when calculating percentages

+--------------------------------------------------------------------------------------------------------------------------------------------------------------------------------------------------------------------------------------------+
; Data Arrival Path                                                                                                                                                                                                                          ;
+---------+---------+----+--------+--------+---------------------+------------+--------------------------------------------------------------------------------------------------------------------------------------------------------------+
; Total   ; Incr    ; RF ; Type   ; Fanout ; Location            ; HS/LP      ; Element                                                                                                                                                      ;
+---------+---------+----+--------+--------+---------------------+------------+--------------------------------------------------------------------------------------------------------------------------------------------------------------+
; 0.000   ; 0.000   ;    ;        ;        ;                     ;            ; launch edge time                                                                                                                                             ;
; 0.000   ; 0.000   ;    ; borrow ;        ;                     ;            ; time borrowed                                                                                                                                                ;
; 2.452   ; 2.452   ;    ;        ;        ;                     ;            ; clock path                                                                                                                                                   ;
;   0.000 ;   0.000 ;    ;        ;        ;                     ;            ; source latency                                                                                                                                               ;
;   0.000 ;   0.000 ;    ;        ; 1      ; PIN_AM10            ;            ; CLK_50                                                                                                                                                       ;
;   0.000 ;   0.000 ; RR ; IC     ; 1      ; IOIBUF_X148_Y16_N32 ;            ; CLK_50~input|i                                                                                                                                               ;
;   0.261 ;   0.261 ; RR ; CELL   ; 1      ; IOIBUF_X148_Y16_N32 ;            ; CLK_50~input|o                                                                                                                                               ;
;   0.322 ;   0.061 ; RR ; CELL   ; 1      ; IOIBUF_X148_Y16_N32 ;            ; CLK_50~input~io_48_lvds_tile_edge/ioclkin[0]                                                                                                                 ;
;   0.322 ;   0.000 ; RR ; IC     ; 2      ; CLKCTRL_3A_G_I20    ;            ; CLK_50~inputCLKENA0|inclk                                                                                                                                    ;
;   0.551 ;   0.229 ; RR ; CELL   ; 181589 ; CLKCTRL_3A_G_I20    ;            ; CLK_50~inputCLKENA0|outclk                                                                                                                                   ;
;   2.452 ;   1.901 ; RR ; IC     ; 1      ; FF_X112_Y6_N35      ; High Speed ; System|master_0|master_0|jtag_phy_embedded_in_jtag_master|normal.jtag_dc_streaming|jtag_streaming|clock_sense_reset_n_synchronizer|dreg[6]|clk               ;
;   2.452 ;   0.000 ; RR ; CELL   ; 1      ; FF_X112_Y6_N35      ; High Speed ; System|master_0|master_0|jtag_phy_embedded_in_jtag_master|normal.jtag_dc_streaming|jtag_streaming|clock_sense_reset_n_synchronizer|dreg[6]                   ;
; 2.759   ; 0.307   ;    ;        ;        ;                     ;            ; data path                                                                                                                                                    ;
;   2.551 ;   0.099 ; RR ; uTco   ; 1      ; FF_X112_Y6_N35      ;            ; System|master_0|master_0|jtag_phy_embedded_in_jtag_master|normal.jtag_dc_streaming|jtag_streaming|clock_sense_reset_n_synchronizer|dreg[6]|q                 ;
;   2.616 ;   0.065 ; RR ; CELL   ; 1      ; FF_X112_Y6_N35      ; High Speed ; System|master_0|master_0|jtag_phy_embedded_in_jtag_master|normal.jtag_dc_streaming|jtag_streaming|clock_sense_reset_n_synchronizer|dreg[6]~la_lab/laboutb[3] ;
;   2.759 ;   0.143 ; RR ; IC     ; 1      ; FF_X112_Y7_N34      ; High Speed ; System|master_0|master_0|jtag_phy_embedded_in_jtag_master|normal.jtag_dc_streaming|jtag_streaming|clock_sensor|clrn                                          ;
;   2.759 ;   0.000 ; RR ; CELL   ; 1      ; FF_X112_Y7_N34      ; High Speed ; System|master_0|master_0|jtag_phy_embedded_in_jtag_master|normal.jtag_dc_streaming|jtag_streaming|clock_sensor                                               ;
+---------+---------+----+--------+--------+---------------------+------------+--------------------------------------------------------------------------------------------------------------------------------------------------------------+

+-------------------------------------------------------------------------------------------------------------------------------------------------------------------------------------------------+
; Data Required Path                                                                                                                                                                              ;
+---------+----------+----+------+--------+---------------------+------------+--------------------------------------------------------------------------------------------------------------------+
; Total   ; Incr     ; RF ; Type ; Fanout ; Location            ; HS/LP      ; Element                                                                                                            ;
+---------+----------+----+------+--------+---------------------+------------+--------------------------------------------------------------------------------------------------------------------+
; 0.000   ; 0.000    ;    ;      ;        ;                     ;            ; latch edge time                                                                                                    ;
; 2.479   ; 2.479    ;    ;      ;        ;                     ;            ; clock path                                                                                                         ;
;   0.000 ;   0.000  ;    ;      ;        ;                     ;            ; source latency                                                                                                     ;
;   0.000 ;   0.000  ;    ;      ; 1      ; PIN_AM10            ;            ; CLK_50                                                                                                             ;
;   0.000 ;   0.000  ; RR ; IC   ; 1      ; IOIBUF_X148_Y16_N32 ;            ; CLK_50~input|i                                                                                                     ;
;   0.261 ;   0.261  ; RR ; CELL ; 1      ; IOIBUF_X148_Y16_N32 ;            ; CLK_50~input|o                                                                                                     ;
;   0.336 ;   0.075  ; RR ; CELL ; 1      ; IOIBUF_X148_Y16_N32 ;            ; CLK_50~input~io_48_lvds_tile_edge/ioclkin[0]                                                                       ;
;   0.336 ;   0.000  ; RR ; IC   ; 2      ; CLKCTRL_3A_G_I20    ;            ; CLK_50~inputCLKENA0|inclk                                                                                          ;
;   0.613 ;   0.277  ; RR ; CELL ; 181589 ; CLKCTRL_3A_G_I20    ;            ; CLK_50~inputCLKENA0|outclk                                                                                         ;
;   2.679 ;   2.066  ; RR ; IC   ; 1      ; FF_X112_Y7_N34      ; High Speed ; System|master_0|master_0|jtag_phy_embedded_in_jtag_master|normal.jtag_dc_streaming|jtag_streaming|clock_sensor|clk ;
;   2.679 ;   0.000  ; RR ; CELL ; 1      ; FF_X112_Y7_N34      ; High Speed ; System|master_0|master_0|jtag_phy_embedded_in_jtag_master|normal.jtag_dc_streaming|jtag_streaming|clock_sensor     ;
;   2.479 ;   -0.200 ;    ;      ;        ;                     ;            ; clock pessimism removed                                                                                            ;
; 2.479   ; 0.000    ;    ;      ;        ;                     ;            ; clock uncertainty                                                                                                  ;
; 2.532   ; 0.053    ;    ; uTh  ; 1      ; FF_X112_Y7_N34      ;            ; System|master_0|master_0|jtag_phy_embedded_in_jtag_master|normal.jtag_dc_streaming|jtag_streaming|clock_sensor     ;
+---------+----------+----+------+--------+---------------------+------------+--------------------------------------------------------------------------------------------------------------------+



Path #2: Removal slack is 0.264 
===============================================================================
+-------------------------------------------------------------------------------------------------------------------------------------------------+
; Path Summary                                                                                                                                    ;
+---------------------------------+---------------------------------------------------------------------------------------------------------------+
; Property                        ; Value                                                                                                         ;
+---------------------------------+---------------------------------------------------------------------------------------------------------------+
; From Node                       ; System|master_0|master_0|rst_controller|alt_rst_sync_uq1|altera_reset_synchronizer_int_chain_out              ;
; To Node                         ; System|master_0|master_0|jtag_phy_embedded_in_jtag_master|normal.jtag_dc_streaming|source_crosser|src_data[0] ;
; Launch Clock                    ; CLK_50                                                                                                        ;
; Latch Clock                     ; CLK_50                                                                                                        ;
; SDC Exception                   ; No SDC Exception on Path                                                                                      ;
; Data Arrival Time               ; 2.798                                                                                                         ;
; Data Required Time              ; 2.534                                                                                                         ;
; Slack                           ; 0.264                                                                                                         ;
; Worst-Case Operating Conditions ; Fast 900mV 0C Model                                                                                           ;
+---------------------------------+---------------------------------------------------------------------------------------------------------------+

+-----------------------------------------------------------------------------------+
; Statistics                                                                        ;
+------------------------+-------+-------+-------------+------------+-------+-------+
; Property               ; Value ; Count ; Total Delay ; % of Total ; Min   ; Max   ;
+------------------------+-------+-------+-------------+------------+-------+-------+
; Removal Relationship   ; 0.000 ;       ;             ;            ;       ;       ;
; Clock Skew             ; 0.017 ;       ;             ;            ;       ;       ;
; Data Delay             ; 0.338 ;       ;             ;            ;       ;       ;
; Number of Logic Levels ;       ; 0     ;             ;            ;       ;       ;
; Physical Delays        ;       ;       ;             ;            ;       ;       ;
;  Arrival Path          ;       ;       ;             ;            ;       ;       ;
;   Clock                ;       ;       ;             ;            ;       ;       ;
;    IC                  ;       ; 3     ; 1.909       ; 78         ; 0.000 ; 1.909 ;
;    Cell                ;       ; 4     ; 0.551       ; 22         ; 0.000 ; 0.261 ;
;   Data                 ;       ;       ;             ;            ;       ;       ;
;    IC                  ;       ; 1     ; 0.163       ; 48         ; 0.163 ; 0.163 ;
;    Cell                ;       ; 2     ; 0.071       ; 21         ; 0.000 ; 0.071 ;
;    uTco                ;       ; 1     ; 0.104       ; 31         ; 0.104 ; 0.104 ;
;  Required Path         ;       ;       ;             ;            ;       ;       ;
;   Clock                ;       ;       ;             ;            ;       ;       ;
;    IC                  ;       ; 3     ; 2.064       ; 77         ; 0.000 ; 2.064 ;
;    Cell                ;       ; 4     ; 0.613       ; 23         ; 0.000 ; 0.277 ;
+------------------------+-------+-------+-------------+------------+-------+-------+
Note: Negative delays are omitted from totals when calculating percentages

+--------------------------------------------------------------------------------------------------------------------------------------------------------------------------------------------------+
; Data Arrival Path                                                                                                                                                                                ;
+---------+---------+----+--------+--------+---------------------+------------+--------------------------------------------------------------------------------------------------------------------+
; Total   ; Incr    ; RF ; Type   ; Fanout ; Location            ; HS/LP      ; Element                                                                                                            ;
+---------+---------+----+--------+--------+---------------------+------------+--------------------------------------------------------------------------------------------------------------------+
; 0.000   ; 0.000   ;    ;        ;        ;                     ;            ; launch edge time                                                                                                   ;
; 0.000   ; 0.000   ;    ; borrow ;        ;                     ;            ; time borrowed                                                                                                      ;
; 2.460   ; 2.460   ;    ;        ;        ;                     ;            ; clock path                                                                                                         ;
;   0.000 ;   0.000 ;    ;        ;        ;                     ;            ; source latency                                                                                                     ;
;   0.000 ;   0.000 ;    ;        ; 1      ; PIN_AM10            ;            ; CLK_50                                                                                                             ;
;   0.000 ;   0.000 ; RR ; IC     ; 1      ; IOIBUF_X148_Y16_N32 ;            ; CLK_50~input|i                                                                                                     ;
;   0.261 ;   0.261 ; RR ; CELL   ; 1      ; IOIBUF_X148_Y16_N32 ;            ; CLK_50~input|o                                                                                                     ;
;   0.322 ;   0.061 ; RR ; CELL   ; 1      ; IOIBUF_X148_Y16_N32 ;            ; CLK_50~input~io_48_lvds_tile_edge/ioclkin[0]                                                                       ;
;   0.322 ;   0.000 ; RR ; IC     ; 2      ; CLKCTRL_3A_G_I20    ;            ; CLK_50~inputCLKENA0|inclk                                                                                          ;
;   0.551 ;   0.229 ; RR ; CELL   ; 181589 ; CLKCTRL_3A_G_I20    ;            ; CLK_50~inputCLKENA0|outclk                                                                                         ;
;   2.460 ;   1.909 ; RR ; IC     ; 1      ; FF_X114_Y5_N41      ; Low Power  ; System|master_0|master_0|rst_controller|alt_rst_sync_uq1|altera_reset_synchronizer_int_chain_out|clk               ;
;   2.460 ;   0.000 ; RR ; CELL   ; 1      ; FF_X114_Y5_N41      ; Low Power  ; System|master_0|master_0|rst_controller|alt_rst_sync_uq1|altera_reset_synchronizer_int_chain_out                   ;
; 2.798   ; 0.338   ;    ;        ;        ;                     ;            ; data path                                                                                                          ;
;   2.564 ;   0.104 ; RR ; uTco   ; 1      ; FF_X114_Y5_N41      ;            ; System|master_0|master_0|rst_controller|alt_rst_sync_uq1|altera_reset_synchronizer_int_chain_out|q                 ;
;   2.635 ;   0.071 ; RR ; CELL   ; 222    ; FF_X114_Y5_N41      ; Low Power  ; System|master_0|master_0|rst_controller|alt_rst_sync_uq1|altera_reset_synchronizer_int_chain_out~la_lab/laboutb[7] ;
;   2.798 ;   0.163 ; RR ; IC     ; 1      ; FF_X114_Y9_N35      ; Mixed      ; System|master_0|master_0|jtag_phy_embedded_in_jtag_master|normal.jtag_dc_streaming|source_crosser|src_data[0]|clrn ;
;   2.798 ;   0.000 ; RR ; CELL   ; 1      ; FF_X114_Y9_N35      ; High Speed ; System|master_0|master_0|jtag_phy_embedded_in_jtag_master|normal.jtag_dc_streaming|source_crosser|src_data[0]      ;
+---------+---------+----+--------+--------+---------------------+------------+--------------------------------------------------------------------------------------------------------------------+

+--------------------------------------------------------------------------------------------------------------------------------------------------------------------------------------------------+
; Data Required Path                                                                                                                                                                               ;
+---------+----------+----+--------+--------+---------------------+------------+-------------------------------------------------------------------------------------------------------------------+
; Total   ; Incr     ; RF ; Type   ; Fanout ; Location            ; HS/LP      ; Element                                                                                                           ;
+---------+----------+----+--------+--------+---------------------+------------+-------------------------------------------------------------------------------------------------------------------+
; 0.000   ; 0.000    ;    ;        ;        ;                     ;            ; latch edge time                                                                                                   ;
; 0.000   ; 0.000    ;    ; borrow ;        ;                     ;            ; time borrowed                                                                                                     ;
; 2.477   ; 2.477    ;    ;        ;        ;                     ;            ; clock path                                                                                                        ;
;   0.000 ;   0.000  ;    ;        ;        ;                     ;            ; source latency                                                                                                    ;
;   0.000 ;   0.000  ;    ;        ; 1      ; PIN_AM10            ;            ; CLK_50                                                                                                            ;
;   0.000 ;   0.000  ; RR ; IC     ; 1      ; IOIBUF_X148_Y16_N32 ;            ; CLK_50~input|i                                                                                                    ;
;   0.261 ;   0.261  ; RR ; CELL   ; 1      ; IOIBUF_X148_Y16_N32 ;            ; CLK_50~input|o                                                                                                    ;
;   0.336 ;   0.075  ; RR ; CELL   ; 1      ; IOIBUF_X148_Y16_N32 ;            ; CLK_50~input~io_48_lvds_tile_edge/ioclkin[0]                                                                      ;
;   0.336 ;   0.000  ; RR ; IC     ; 2      ; CLKCTRL_3A_G_I20    ;            ; CLK_50~inputCLKENA0|inclk                                                                                         ;
;   0.613 ;   0.277  ; RR ; CELL   ; 181589 ; CLKCTRL_3A_G_I20    ;            ; CLK_50~inputCLKENA0|outclk                                                                                        ;
;   2.677 ;   2.064  ; RR ; IC     ; 1      ; FF_X114_Y9_N35      ; High Speed ; System|master_0|master_0|jtag_phy_embedded_in_jtag_master|normal.jtag_dc_streaming|source_crosser|src_data[0]|clk ;
;   2.677 ;   0.000  ; RR ; CELL   ; 1      ; FF_X114_Y9_N35      ; High Speed ; System|master_0|master_0|jtag_phy_embedded_in_jtag_master|normal.jtag_dc_streaming|source_crosser|src_data[0]     ;
;   2.477 ;   -0.200 ;    ;        ;        ;                     ;            ; clock pessimism removed                                                                                           ;
; 2.477   ; 0.000    ;    ;        ;        ;                     ;            ; clock uncertainty                                                                                                 ;
; 2.534   ; 0.057    ;    ; uTh    ; 1      ; FF_X114_Y9_N35      ;            ; System|master_0|master_0|jtag_phy_embedded_in_jtag_master|normal.jtag_dc_streaming|source_crosser|src_data[0]     ;
+---------+----------+----+--------+--------+---------------------+------------+-------------------------------------------------------------------------------------------------------------------+



Path #3: Removal slack is 0.264 
===============================================================================
+-------------------------------------------------------------------------------------------------------------------------------------------------+
; Path Summary                                                                                                                                    ;
+---------------------------------+---------------------------------------------------------------------------------------------------------------+
; Property                        ; Value                                                                                                         ;
+---------------------------------+---------------------------------------------------------------------------------------------------------------+
; From Node                       ; System|master_0|master_0|rst_controller|alt_rst_sync_uq1|altera_reset_synchronizer_int_chain_out              ;
; To Node                         ; System|master_0|master_0|jtag_phy_embedded_in_jtag_master|normal.jtag_dc_streaming|source_crosser|src_data[2] ;
; Launch Clock                    ; CLK_50                                                                                                        ;
; Latch Clock                     ; CLK_50                                                                                                        ;
; SDC Exception                   ; No SDC Exception on Path                                                                                      ;
; Data Arrival Time               ; 2.798                                                                                                         ;
; Data Required Time              ; 2.534                                                                                                         ;
; Slack                           ; 0.264                                                                                                         ;
; Worst-Case Operating Conditions ; Fast 900mV 0C Model                                                                                           ;
+---------------------------------+---------------------------------------------------------------------------------------------------------------+

+-----------------------------------------------------------------------------------+
; Statistics                                                                        ;
+------------------------+-------+-------+-------------+------------+-------+-------+
; Property               ; Value ; Count ; Total Delay ; % of Total ; Min   ; Max   ;
+------------------------+-------+-------+-------------+------------+-------+-------+
; Removal Relationship   ; 0.000 ;       ;             ;            ;       ;       ;
; Clock Skew             ; 0.017 ;       ;             ;            ;       ;       ;
; Data Delay             ; 0.338 ;       ;             ;            ;       ;       ;
; Number of Logic Levels ;       ; 0     ;             ;            ;       ;       ;
; Physical Delays        ;       ;       ;             ;            ;       ;       ;
;  Arrival Path          ;       ;       ;             ;            ;       ;       ;
;   Clock                ;       ;       ;             ;            ;       ;       ;
;    IC                  ;       ; 3     ; 1.909       ; 78         ; 0.000 ; 1.909 ;
;    Cell                ;       ; 4     ; 0.551       ; 22         ; 0.000 ; 0.261 ;
;   Data                 ;       ;       ;             ;            ;       ;       ;
;    IC                  ;       ; 1     ; 0.163       ; 48         ; 0.163 ; 0.163 ;
;    Cell                ;       ; 2     ; 0.071       ; 21         ; 0.000 ; 0.071 ;
;    uTco                ;       ; 1     ; 0.104       ; 31         ; 0.104 ; 0.104 ;
;  Required Path         ;       ;       ;             ;            ;       ;       ;
;   Clock                ;       ;       ;             ;            ;       ;       ;
;    IC                  ;       ; 3     ; 2.064       ; 77         ; 0.000 ; 2.064 ;
;    Cell                ;       ; 4     ; 0.613       ; 23         ; 0.000 ; 0.277 ;
+------------------------+-------+-------+-------------+------------+-------+-------+
Note: Negative delays are omitted from totals when calculating percentages

+--------------------------------------------------------------------------------------------------------------------------------------------------------------------------------------------------+
; Data Arrival Path                                                                                                                                                                                ;
+---------+---------+----+--------+--------+---------------------+------------+--------------------------------------------------------------------------------------------------------------------+
; Total   ; Incr    ; RF ; Type   ; Fanout ; Location            ; HS/LP      ; Element                                                                                                            ;
+---------+---------+----+--------+--------+---------------------+------------+--------------------------------------------------------------------------------------------------------------------+
; 0.000   ; 0.000   ;    ;        ;        ;                     ;            ; launch edge time                                                                                                   ;
; 0.000   ; 0.000   ;    ; borrow ;        ;                     ;            ; time borrowed                                                                                                      ;
; 2.460   ; 2.460   ;    ;        ;        ;                     ;            ; clock path                                                                                                         ;
;   0.000 ;   0.000 ;    ;        ;        ;                     ;            ; source latency                                                                                                     ;
;   0.000 ;   0.000 ;    ;        ; 1      ; PIN_AM10            ;            ; CLK_50                                                                                                             ;
;   0.000 ;   0.000 ; RR ; IC     ; 1      ; IOIBUF_X148_Y16_N32 ;            ; CLK_50~input|i                                                                                                     ;
;   0.261 ;   0.261 ; RR ; CELL   ; 1      ; IOIBUF_X148_Y16_N32 ;            ; CLK_50~input|o                                                                                                     ;
;   0.322 ;   0.061 ; RR ; CELL   ; 1      ; IOIBUF_X148_Y16_N32 ;            ; CLK_50~input~io_48_lvds_tile_edge/ioclkin[0]                                                                       ;
;   0.322 ;   0.000 ; RR ; IC     ; 2      ; CLKCTRL_3A_G_I20    ;            ; CLK_50~inputCLKENA0|inclk                                                                                          ;
;   0.551 ;   0.229 ; RR ; CELL   ; 181589 ; CLKCTRL_3A_G_I20    ;            ; CLK_50~inputCLKENA0|outclk                                                                                         ;
;   2.460 ;   1.909 ; RR ; IC     ; 1      ; FF_X114_Y5_N41      ; Low Power  ; System|master_0|master_0|rst_controller|alt_rst_sync_uq1|altera_reset_synchronizer_int_chain_out|clk               ;
;   2.460 ;   0.000 ; RR ; CELL   ; 1      ; FF_X114_Y5_N41      ; Low Power  ; System|master_0|master_0|rst_controller|alt_rst_sync_uq1|altera_reset_synchronizer_int_chain_out                   ;
; 2.798   ; 0.338   ;    ;        ;        ;                     ;            ; data path                                                                                                          ;
;   2.564 ;   0.104 ; RR ; uTco   ; 1      ; FF_X114_Y5_N41      ;            ; System|master_0|master_0|rst_controller|alt_rst_sync_uq1|altera_reset_synchronizer_int_chain_out|q                 ;
;   2.635 ;   0.071 ; RR ; CELL   ; 222    ; FF_X114_Y5_N41      ; Low Power  ; System|master_0|master_0|rst_controller|alt_rst_sync_uq1|altera_reset_synchronizer_int_chain_out~la_lab/laboutb[7] ;
;   2.798 ;   0.163 ; RR ; IC     ; 1      ; FF_X114_Y9_N19      ; Mixed      ; System|master_0|master_0|jtag_phy_embedded_in_jtag_master|normal.jtag_dc_streaming|source_crosser|src_data[2]|clrn ;
;   2.798 ;   0.000 ; RR ; CELL   ; 1      ; FF_X114_Y9_N19      ; High Speed ; System|master_0|master_0|jtag_phy_embedded_in_jtag_master|normal.jtag_dc_streaming|source_crosser|src_data[2]      ;
+---------+---------+----+--------+--------+---------------------+------------+--------------------------------------------------------------------------------------------------------------------+

+--------------------------------------------------------------------------------------------------------------------------------------------------------------------------------------------------+
; Data Required Path                                                                                                                                                                               ;
+---------+----------+----+--------+--------+---------------------+------------+-------------------------------------------------------------------------------------------------------------------+
; Total   ; Incr     ; RF ; Type   ; Fanout ; Location            ; HS/LP      ; Element                                                                                                           ;
+---------+----------+----+--------+--------+---------------------+------------+-------------------------------------------------------------------------------------------------------------------+
; 0.000   ; 0.000    ;    ;        ;        ;                     ;            ; latch edge time                                                                                                   ;
; 0.000   ; 0.000    ;    ; borrow ;        ;                     ;            ; time borrowed                                                                                                     ;
; 2.477   ; 2.477    ;    ;        ;        ;                     ;            ; clock path                                                                                                        ;
;   0.000 ;   0.000  ;    ;        ;        ;                     ;            ; source latency                                                                                                    ;
;   0.000 ;   0.000  ;    ;        ; 1      ; PIN_AM10            ;            ; CLK_50                                                                                                            ;
;   0.000 ;   0.000  ; RR ; IC     ; 1      ; IOIBUF_X148_Y16_N32 ;            ; CLK_50~input|i                                                                                                    ;
;   0.261 ;   0.261  ; RR ; CELL   ; 1      ; IOIBUF_X148_Y16_N32 ;            ; CLK_50~input|o                                                                                                    ;
;   0.336 ;   0.075  ; RR ; CELL   ; 1      ; IOIBUF_X148_Y16_N32 ;            ; CLK_50~input~io_48_lvds_tile_edge/ioclkin[0]                                                                      ;
;   0.336 ;   0.000  ; RR ; IC     ; 2      ; CLKCTRL_3A_G_I20    ;            ; CLK_50~inputCLKENA0|inclk                                                                                         ;
;   0.613 ;   0.277  ; RR ; CELL   ; 181589 ; CLKCTRL_3A_G_I20    ;            ; CLK_50~inputCLKENA0|outclk                                                                                        ;
;   2.677 ;   2.064  ; RR ; IC     ; 1      ; FF_X114_Y9_N19      ; High Speed ; System|master_0|master_0|jtag_phy_embedded_in_jtag_master|normal.jtag_dc_streaming|source_crosser|src_data[2]|clk ;
;   2.677 ;   0.000  ; RR ; CELL   ; 1      ; FF_X114_Y9_N19      ; High Speed ; System|master_0|master_0|jtag_phy_embedded_in_jtag_master|normal.jtag_dc_streaming|source_crosser|src_data[2]     ;
;   2.477 ;   -0.200 ;    ;        ;        ;                     ;            ; clock pessimism removed                                                                                           ;
; 2.477   ; 0.000    ;    ;        ;        ;                     ;            ; clock uncertainty                                                                                                 ;
; 2.534   ; 0.057    ;    ; uTh    ; 1      ; FF_X114_Y9_N19      ;            ; System|master_0|master_0|jtag_phy_embedded_in_jtag_master|normal.jtag_dc_streaming|source_crosser|src_data[2]     ;
+---------+----------+----+--------+--------+---------------------+------------+-------------------------------------------------------------------------------------------------------------------+



Path #4: Removal slack is 0.265 
===============================================================================
+-------------------------------------------------------------------------------------------------------------------------------------------------+
; Path Summary                                                                                                                                    ;
+---------------------------------+---------------------------------------------------------------------------------------------------------------+
; Property                        ; Value                                                                                                         ;
+---------------------------------+---------------------------------------------------------------------------------------------------------------+
; From Node                       ; System|master_0|master_0|rst_controller|alt_rst_sync_uq1|altera_reset_synchronizer_int_chain_out              ;
; To Node                         ; System|master_0|master_0|jtag_phy_embedded_in_jtag_master|normal.jtag_dc_streaming|source_crosser|src_data[7] ;
; Launch Clock                    ; CLK_50                                                                                                        ;
; Latch Clock                     ; CLK_50                                                                                                        ;
; SDC Exception                   ; No SDC Exception on Path                                                                                      ;
; Data Arrival Time               ; 2.798                                                                                                         ;
; Data Required Time              ; 2.533                                                                                                         ;
; Slack                           ; 0.265                                                                                                         ;
; Worst-Case Operating Conditions ; Fast 900mV 0C Model                                                                                           ;
+---------------------------------+---------------------------------------------------------------------------------------------------------------+

+-----------------------------------------------------------------------------------+
; Statistics                                                                        ;
+------------------------+-------+-------+-------------+------------+-------+-------+
; Property               ; Value ; Count ; Total Delay ; % of Total ; Min   ; Max   ;
+------------------------+-------+-------+-------------+------------+-------+-------+
; Removal Relationship   ; 0.000 ;       ;             ;            ;       ;       ;
; Clock Skew             ; 0.017 ;       ;             ;            ;       ;       ;
; Data Delay             ; 0.338 ;       ;             ;            ;       ;       ;
; Number of Logic Levels ;       ; 0     ;             ;            ;       ;       ;
; Physical Delays        ;       ;       ;             ;            ;       ;       ;
;  Arrival Path          ;       ;       ;             ;            ;       ;       ;
;   Clock                ;       ;       ;             ;            ;       ;       ;
;    IC                  ;       ; 3     ; 1.909       ; 78         ; 0.000 ; 1.909 ;
;    Cell                ;       ; 4     ; 0.551       ; 22         ; 0.000 ; 0.261 ;
;   Data                 ;       ;       ;             ;            ;       ;       ;
;    IC                  ;       ; 1     ; 0.163       ; 48         ; 0.163 ; 0.163 ;
;    Cell                ;       ; 2     ; 0.071       ; 21         ; 0.000 ; 0.071 ;
;    uTco                ;       ; 1     ; 0.104       ; 31         ; 0.104 ; 0.104 ;
;  Required Path         ;       ;       ;             ;            ;       ;       ;
;   Clock                ;       ;       ;             ;            ;       ;       ;
;    IC                  ;       ; 3     ; 2.064       ; 77         ; 0.000 ; 2.064 ;
;    Cell                ;       ; 4     ; 0.613       ; 23         ; 0.000 ; 0.277 ;
+------------------------+-------+-------+-------------+------------+-------+-------+
Note: Negative delays are omitted from totals when calculating percentages

+--------------------------------------------------------------------------------------------------------------------------------------------------------------------------------------------------+
; Data Arrival Path                                                                                                                                                                                ;
+---------+---------+----+--------+--------+---------------------+------------+--------------------------------------------------------------------------------------------------------------------+
; Total   ; Incr    ; RF ; Type   ; Fanout ; Location            ; HS/LP      ; Element                                                                                                            ;
+---------+---------+----+--------+--------+---------------------+------------+--------------------------------------------------------------------------------------------------------------------+
; 0.000   ; 0.000   ;    ;        ;        ;                     ;            ; launch edge time                                                                                                   ;
; 0.000   ; 0.000   ;    ; borrow ;        ;                     ;            ; time borrowed                                                                                                      ;
; 2.460   ; 2.460   ;    ;        ;        ;                     ;            ; clock path                                                                                                         ;
;   0.000 ;   0.000 ;    ;        ;        ;                     ;            ; source latency                                                                                                     ;
;   0.000 ;   0.000 ;    ;        ; 1      ; PIN_AM10            ;            ; CLK_50                                                                                                             ;
;   0.000 ;   0.000 ; RR ; IC     ; 1      ; IOIBUF_X148_Y16_N32 ;            ; CLK_50~input|i                                                                                                     ;
;   0.261 ;   0.261 ; RR ; CELL   ; 1      ; IOIBUF_X148_Y16_N32 ;            ; CLK_50~input|o                                                                                                     ;
;   0.322 ;   0.061 ; RR ; CELL   ; 1      ; IOIBUF_X148_Y16_N32 ;            ; CLK_50~input~io_48_lvds_tile_edge/ioclkin[0]                                                                       ;
;   0.322 ;   0.000 ; RR ; IC     ; 2      ; CLKCTRL_3A_G_I20    ;            ; CLK_50~inputCLKENA0|inclk                                                                                          ;
;   0.551 ;   0.229 ; RR ; CELL   ; 181589 ; CLKCTRL_3A_G_I20    ;            ; CLK_50~inputCLKENA0|outclk                                                                                         ;
;   2.460 ;   1.909 ; RR ; IC     ; 1      ; FF_X114_Y5_N41      ; Low Power  ; System|master_0|master_0|rst_controller|alt_rst_sync_uq1|altera_reset_synchronizer_int_chain_out|clk               ;
;   2.460 ;   0.000 ; RR ; CELL   ; 1      ; FF_X114_Y5_N41      ; Low Power  ; System|master_0|master_0|rst_controller|alt_rst_sync_uq1|altera_reset_synchronizer_int_chain_out                   ;
; 2.798   ; 0.338   ;    ;        ;        ;                     ;            ; data path                                                                                                          ;
;   2.564 ;   0.104 ; RR ; uTco   ; 1      ; FF_X114_Y5_N41      ;            ; System|master_0|master_0|rst_controller|alt_rst_sync_uq1|altera_reset_synchronizer_int_chain_out|q                 ;
;   2.635 ;   0.071 ; RR ; CELL   ; 222    ; FF_X114_Y5_N41      ; Low Power  ; System|master_0|master_0|rst_controller|alt_rst_sync_uq1|altera_reset_synchronizer_int_chain_out~la_lab/laboutb[7] ;
;   2.798 ;   0.163 ; RR ; IC     ; 1      ; FF_X114_Y9_N37      ; Mixed      ; System|master_0|master_0|jtag_phy_embedded_in_jtag_master|normal.jtag_dc_streaming|source_crosser|src_data[7]|clrn ;
;   2.798 ;   0.000 ; RR ; CELL   ; 1      ; FF_X114_Y9_N37      ; High Speed ; System|master_0|master_0|jtag_phy_embedded_in_jtag_master|normal.jtag_dc_streaming|source_crosser|src_data[7]      ;
+---------+---------+----+--------+--------+---------------------+------------+--------------------------------------------------------------------------------------------------------------------+

+--------------------------------------------------------------------------------------------------------------------------------------------------------------------------------------------------+
; Data Required Path                                                                                                                                                                               ;
+---------+----------+----+--------+--------+---------------------+------------+-------------------------------------------------------------------------------------------------------------------+
; Total   ; Incr     ; RF ; Type   ; Fanout ; Location            ; HS/LP      ; Element                                                                                                           ;
+---------+----------+----+--------+--------+---------------------+------------+-------------------------------------------------------------------------------------------------------------------+
; 0.000   ; 0.000    ;    ;        ;        ;                     ;            ; latch edge time                                                                                                   ;
; 0.000   ; 0.000    ;    ; borrow ;        ;                     ;            ; time borrowed                                                                                                     ;
; 2.477   ; 2.477    ;    ;        ;        ;                     ;            ; clock path                                                                                                        ;
;   0.000 ;   0.000  ;    ;        ;        ;                     ;            ; source latency                                                                                                    ;
;   0.000 ;   0.000  ;    ;        ; 1      ; PIN_AM10            ;            ; CLK_50                                                                                                            ;
;   0.000 ;   0.000  ; RR ; IC     ; 1      ; IOIBUF_X148_Y16_N32 ;            ; CLK_50~input|i                                                                                                    ;
;   0.261 ;   0.261  ; RR ; CELL   ; 1      ; IOIBUF_X148_Y16_N32 ;            ; CLK_50~input|o                                                                                                    ;
;   0.336 ;   0.075  ; RR ; CELL   ; 1      ; IOIBUF_X148_Y16_N32 ;            ; CLK_50~input~io_48_lvds_tile_edge/ioclkin[0]                                                                      ;
;   0.336 ;   0.000  ; RR ; IC     ; 2      ; CLKCTRL_3A_G_I20    ;            ; CLK_50~inputCLKENA0|inclk                                                                                         ;
;   0.613 ;   0.277  ; RR ; CELL   ; 181589 ; CLKCTRL_3A_G_I20    ;            ; CLK_50~inputCLKENA0|outclk                                                                                        ;
;   2.677 ;   2.064  ; RR ; IC     ; 1      ; FF_X114_Y9_N37      ; High Speed ; System|master_0|master_0|jtag_phy_embedded_in_jtag_master|normal.jtag_dc_streaming|source_crosser|src_data[7]|clk ;
;   2.677 ;   0.000  ; RR ; CELL   ; 1      ; FF_X114_Y9_N37      ; High Speed ; System|master_0|master_0|jtag_phy_embedded_in_jtag_master|normal.jtag_dc_streaming|source_crosser|src_data[7]     ;
;   2.477 ;   -0.200 ;    ;        ;        ;                     ;            ; clock pessimism removed                                                                                           ;
; 2.477   ; 0.000    ;    ;        ;        ;                     ;            ; clock uncertainty                                                                                                 ;
; 2.533   ; 0.056    ;    ; uTh    ; 1      ; FF_X114_Y9_N37      ;            ; System|master_0|master_0|jtag_phy_embedded_in_jtag_master|normal.jtag_dc_streaming|source_crosser|src_data[7]     ;
+---------+----------+----+--------+--------+---------------------+------------+-------------------------------------------------------------------------------------------------------------------+



Path #5: Removal slack is 0.266 
===============================================================================
+-------------------------------------------------------------------------------------------------------------------------------------------------+
; Path Summary                                                                                                                                    ;
+---------------------------------+---------------------------------------------------------------------------------------------------------------+
; Property                        ; Value                                                                                                         ;
+---------------------------------+---------------------------------------------------------------------------------------------------------------+
; From Node                       ; System|master_0|master_0|rst_controller|alt_rst_sync_uq1|altera_reset_synchronizer_int_chain_out              ;
; To Node                         ; System|master_0|master_0|jtag_phy_embedded_in_jtag_master|normal.jtag_dc_streaming|source_crosser|src_data[1] ;
; Launch Clock                    ; CLK_50                                                                                                        ;
; Latch Clock                     ; CLK_50                                                                                                        ;
; SDC Exception                   ; No SDC Exception on Path                                                                                      ;
; Data Arrival Time               ; 2.798                                                                                                         ;
; Data Required Time              ; 2.532                                                                                                         ;
; Slack                           ; 0.266                                                                                                         ;
; Worst-Case Operating Conditions ; Fast 900mV 0C Model                                                                                           ;
+---------------------------------+---------------------------------------------------------------------------------------------------------------+

+-----------------------------------------------------------------------------------+
; Statistics                                                                        ;
+------------------------+-------+-------+-------------+------------+-------+-------+
; Property               ; Value ; Count ; Total Delay ; % of Total ; Min   ; Max   ;
+------------------------+-------+-------+-------------+------------+-------+-------+
; Removal Relationship   ; 0.000 ;       ;             ;            ;       ;       ;
; Clock Skew             ; 0.017 ;       ;             ;            ;       ;       ;
; Data Delay             ; 0.338 ;       ;             ;            ;       ;       ;
; Number of Logic Levels ;       ; 0     ;             ;            ;       ;       ;
; Physical Delays        ;       ;       ;             ;            ;       ;       ;
;  Arrival Path          ;       ;       ;             ;            ;       ;       ;
;   Clock                ;       ;       ;             ;            ;       ;       ;
;    IC                  ;       ; 3     ; 1.909       ; 78         ; 0.000 ; 1.909 ;
;    Cell                ;       ; 4     ; 0.551       ; 22         ; 0.000 ; 0.261 ;
;   Data                 ;       ;       ;             ;            ;       ;       ;
;    IC                  ;       ; 1     ; 0.163       ; 48         ; 0.163 ; 0.163 ;
;    Cell                ;       ; 2     ; 0.071       ; 21         ; 0.000 ; 0.071 ;
;    uTco                ;       ; 1     ; 0.104       ; 31         ; 0.104 ; 0.104 ;
;  Required Path         ;       ;       ;             ;            ;       ;       ;
;   Clock                ;       ;       ;             ;            ;       ;       ;
;    IC                  ;       ; 3     ; 2.064       ; 77         ; 0.000 ; 2.064 ;
;    Cell                ;       ; 4     ; 0.613       ; 23         ; 0.000 ; 0.277 ;
+------------------------+-------+-------+-------------+------------+-------+-------+
Note: Negative delays are omitted from totals when calculating percentages

+--------------------------------------------------------------------------------------------------------------------------------------------------------------------------------------------------+
; Data Arrival Path                                                                                                                                                                                ;
+---------+---------+----+--------+--------+---------------------+------------+--------------------------------------------------------------------------------------------------------------------+
; Total   ; Incr    ; RF ; Type   ; Fanout ; Location            ; HS/LP      ; Element                                                                                                            ;
+---------+---------+----+--------+--------+---------------------+------------+--------------------------------------------------------------------------------------------------------------------+
; 0.000   ; 0.000   ;    ;        ;        ;                     ;            ; launch edge time                                                                                                   ;
; 0.000   ; 0.000   ;    ; borrow ;        ;                     ;            ; time borrowed                                                                                                      ;
; 2.460   ; 2.460   ;    ;        ;        ;                     ;            ; clock path                                                                                                         ;
;   0.000 ;   0.000 ;    ;        ;        ;                     ;            ; source latency                                                                                                     ;
;   0.000 ;   0.000 ;    ;        ; 1      ; PIN_AM10            ;            ; CLK_50                                                                                                             ;
;   0.000 ;   0.000 ; RR ; IC     ; 1      ; IOIBUF_X148_Y16_N32 ;            ; CLK_50~input|i                                                                                                     ;
;   0.261 ;   0.261 ; RR ; CELL   ; 1      ; IOIBUF_X148_Y16_N32 ;            ; CLK_50~input|o                                                                                                     ;
;   0.322 ;   0.061 ; RR ; CELL   ; 1      ; IOIBUF_X148_Y16_N32 ;            ; CLK_50~input~io_48_lvds_tile_edge/ioclkin[0]                                                                       ;
;   0.322 ;   0.000 ; RR ; IC     ; 2      ; CLKCTRL_3A_G_I20    ;            ; CLK_50~inputCLKENA0|inclk                                                                                          ;
;   0.551 ;   0.229 ; RR ; CELL   ; 181589 ; CLKCTRL_3A_G_I20    ;            ; CLK_50~inputCLKENA0|outclk                                                                                         ;
;   2.460 ;   1.909 ; RR ; IC     ; 1      ; FF_X114_Y5_N41      ; Low Power  ; System|master_0|master_0|rst_controller|alt_rst_sync_uq1|altera_reset_synchronizer_int_chain_out|clk               ;
;   2.460 ;   0.000 ; RR ; CELL   ; 1      ; FF_X114_Y5_N41      ; Low Power  ; System|master_0|master_0|rst_controller|alt_rst_sync_uq1|altera_reset_synchronizer_int_chain_out                   ;
; 2.798   ; 0.338   ;    ;        ;        ;                     ;            ; data path                                                                                                          ;
;   2.564 ;   0.104 ; RR ; uTco   ; 1      ; FF_X114_Y5_N41      ;            ; System|master_0|master_0|rst_controller|alt_rst_sync_uq1|altera_reset_synchronizer_int_chain_out|q                 ;
;   2.635 ;   0.071 ; RR ; CELL   ; 222    ; FF_X114_Y5_N41      ; Low Power  ; System|master_0|master_0|rst_controller|alt_rst_sync_uq1|altera_reset_synchronizer_int_chain_out~la_lab/laboutb[7] ;
;   2.798 ;   0.163 ; RR ; IC     ; 1      ; FF_X114_Y9_N4       ; Mixed      ; System|master_0|master_0|jtag_phy_embedded_in_jtag_master|normal.jtag_dc_streaming|source_crosser|src_data[1]|clrn ;
;   2.798 ;   0.000 ; RR ; CELL   ; 1      ; FF_X114_Y9_N4       ; High Speed ; System|master_0|master_0|jtag_phy_embedded_in_jtag_master|normal.jtag_dc_streaming|source_crosser|src_data[1]      ;
+---------+---------+----+--------+--------+---------------------+------------+--------------------------------------------------------------------------------------------------------------------+

+--------------------------------------------------------------------------------------------------------------------------------------------------------------------------------------------------+
; Data Required Path                                                                                                                                                                               ;
+---------+----------+----+--------+--------+---------------------+------------+-------------------------------------------------------------------------------------------------------------------+
; Total   ; Incr     ; RF ; Type   ; Fanout ; Location            ; HS/LP      ; Element                                                                                                           ;
+---------+----------+----+--------+--------+---------------------+------------+-------------------------------------------------------------------------------------------------------------------+
; 0.000   ; 0.000    ;    ;        ;        ;                     ;            ; latch edge time                                                                                                   ;
; 0.000   ; 0.000    ;    ; borrow ;        ;                     ;            ; time borrowed                                                                                                     ;
; 2.477   ; 2.477    ;    ;        ;        ;                     ;            ; clock path                                                                                                        ;
;   0.000 ;   0.000  ;    ;        ;        ;                     ;            ; source latency                                                                                                    ;
;   0.000 ;   0.000  ;    ;        ; 1      ; PIN_AM10            ;            ; CLK_50                                                                                                            ;
;   0.000 ;   0.000  ; RR ; IC     ; 1      ; IOIBUF_X148_Y16_N32 ;            ; CLK_50~input|i                                                                                                    ;
;   0.261 ;   0.261  ; RR ; CELL   ; 1      ; IOIBUF_X148_Y16_N32 ;            ; CLK_50~input|o                                                                                                    ;
;   0.336 ;   0.075  ; RR ; CELL   ; 1      ; IOIBUF_X148_Y16_N32 ;            ; CLK_50~input~io_48_lvds_tile_edge/ioclkin[0]                                                                      ;
;   0.336 ;   0.000  ; RR ; IC     ; 2      ; CLKCTRL_3A_G_I20    ;            ; CLK_50~inputCLKENA0|inclk                                                                                         ;
;   0.613 ;   0.277  ; RR ; CELL   ; 181589 ; CLKCTRL_3A_G_I20    ;            ; CLK_50~inputCLKENA0|outclk                                                                                        ;
;   2.677 ;   2.064  ; RR ; IC     ; 1      ; FF_X114_Y9_N4       ; High Speed ; System|master_0|master_0|jtag_phy_embedded_in_jtag_master|normal.jtag_dc_streaming|source_crosser|src_data[1]|clk ;
;   2.677 ;   0.000  ; RR ; CELL   ; 1      ; FF_X114_Y9_N4       ; High Speed ; System|master_0|master_0|jtag_phy_embedded_in_jtag_master|normal.jtag_dc_streaming|source_crosser|src_data[1]     ;
;   2.477 ;   -0.200 ;    ;        ;        ;                     ;            ; clock pessimism removed                                                                                           ;
; 2.477   ; 0.000    ;    ;        ;        ;                     ;            ; clock uncertainty                                                                                                 ;
; 2.532   ; 0.055    ;    ; uTh    ; 1      ; FF_X114_Y9_N4       ;            ; System|master_0|master_0|jtag_phy_embedded_in_jtag_master|normal.jtag_dc_streaming|source_crosser|src_data[1]     ;
+---------+----------+----+--------+--------+---------------------+------------+-------------------------------------------------------------------------------------------------------------------+



Path #6: Removal slack is 0.267 
===============================================================================
+-------------------------------------------------------------------------------------------------------------------------------------------------+
; Path Summary                                                                                                                                    ;
+---------------------------------+---------------------------------------------------------------------------------------------------------------+
; Property                        ; Value                                                                                                         ;
+---------------------------------+---------------------------------------------------------------------------------------------------------------+
; From Node                       ; System|master_0|master_0|rst_controller|alt_rst_sync_uq1|altera_reset_synchronizer_int_chain_out              ;
; To Node                         ; System|master_0|master_0|jtag_phy_embedded_in_jtag_master|normal.jtag_dc_streaming|source_crosser|src_data[5] ;
; Launch Clock                    ; CLK_50                                                                                                        ;
; Latch Clock                     ; CLK_50                                                                                                        ;
; SDC Exception                   ; No SDC Exception on Path                                                                                      ;
; Data Arrival Time               ; 2.798                                                                                                         ;
; Data Required Time              ; 2.531                                                                                                         ;
; Slack                           ; 0.267                                                                                                         ;
; Worst-Case Operating Conditions ; Fast 900mV 0C Model                                                                                           ;
+---------------------------------+---------------------------------------------------------------------------------------------------------------+

+-----------------------------------------------------------------------------------+
; Statistics                                                                        ;
+------------------------+-------+-------+-------------+------------+-------+-------+
; Property               ; Value ; Count ; Total Delay ; % of Total ; Min   ; Max   ;
+------------------------+-------+-------+-------------+------------+-------+-------+
; Removal Relationship   ; 0.000 ;       ;             ;            ;       ;       ;
; Clock Skew             ; 0.017 ;       ;             ;            ;       ;       ;
; Data Delay             ; 0.338 ;       ;             ;            ;       ;       ;
; Number of Logic Levels ;       ; 0     ;             ;            ;       ;       ;
; Physical Delays        ;       ;       ;             ;            ;       ;       ;
;  Arrival Path          ;       ;       ;             ;            ;       ;       ;
;   Clock                ;       ;       ;             ;            ;       ;       ;
;    IC                  ;       ; 3     ; 1.909       ; 78         ; 0.000 ; 1.909 ;
;    Cell                ;       ; 4     ; 0.551       ; 22         ; 0.000 ; 0.261 ;
;   Data                 ;       ;       ;             ;            ;       ;       ;
;    IC                  ;       ; 1     ; 0.163       ; 48         ; 0.163 ; 0.163 ;
;    Cell                ;       ; 2     ; 0.071       ; 21         ; 0.000 ; 0.071 ;
;    uTco                ;       ; 1     ; 0.104       ; 31         ; 0.104 ; 0.104 ;
;  Required Path         ;       ;       ;             ;            ;       ;       ;
;   Clock                ;       ;       ;             ;            ;       ;       ;
;    IC                  ;       ; 3     ; 2.064       ; 77         ; 0.000 ; 2.064 ;
;    Cell                ;       ; 4     ; 0.613       ; 23         ; 0.000 ; 0.277 ;
+------------------------+-------+-------+-------------+------------+-------+-------+
Note: Negative delays are omitted from totals when calculating percentages

+--------------------------------------------------------------------------------------------------------------------------------------------------------------------------------------------------+
; Data Arrival Path                                                                                                                                                                                ;
+---------+---------+----+--------+--------+---------------------+------------+--------------------------------------------------------------------------------------------------------------------+
; Total   ; Incr    ; RF ; Type   ; Fanout ; Location            ; HS/LP      ; Element                                                                                                            ;
+---------+---------+----+--------+--------+---------------------+------------+--------------------------------------------------------------------------------------------------------------------+
; 0.000   ; 0.000   ;    ;        ;        ;                     ;            ; launch edge time                                                                                                   ;
; 0.000   ; 0.000   ;    ; borrow ;        ;                     ;            ; time borrowed                                                                                                      ;
; 2.460   ; 2.460   ;    ;        ;        ;                     ;            ; clock path                                                                                                         ;
;   0.000 ;   0.000 ;    ;        ;        ;                     ;            ; source latency                                                                                                     ;
;   0.000 ;   0.000 ;    ;        ; 1      ; PIN_AM10            ;            ; CLK_50                                                                                                             ;
;   0.000 ;   0.000 ; RR ; IC     ; 1      ; IOIBUF_X148_Y16_N32 ;            ; CLK_50~input|i                                                                                                     ;
;   0.261 ;   0.261 ; RR ; CELL   ; 1      ; IOIBUF_X148_Y16_N32 ;            ; CLK_50~input|o                                                                                                     ;
;   0.322 ;   0.061 ; RR ; CELL   ; 1      ; IOIBUF_X148_Y16_N32 ;            ; CLK_50~input~io_48_lvds_tile_edge/ioclkin[0]                                                                       ;
;   0.322 ;   0.000 ; RR ; IC     ; 2      ; CLKCTRL_3A_G_I20    ;            ; CLK_50~inputCLKENA0|inclk                                                                                          ;
;   0.551 ;   0.229 ; RR ; CELL   ; 181589 ; CLKCTRL_3A_G_I20    ;            ; CLK_50~inputCLKENA0|outclk                                                                                         ;
;   2.460 ;   1.909 ; RR ; IC     ; 1      ; FF_X114_Y5_N41      ; Low Power  ; System|master_0|master_0|rst_controller|alt_rst_sync_uq1|altera_reset_synchronizer_int_chain_out|clk               ;
;   2.460 ;   0.000 ; RR ; CELL   ; 1      ; FF_X114_Y5_N41      ; Low Power  ; System|master_0|master_0|rst_controller|alt_rst_sync_uq1|altera_reset_synchronizer_int_chain_out                   ;
; 2.798   ; 0.338   ;    ;        ;        ;                     ;            ; data path                                                                                                          ;
;   2.564 ;   0.104 ; RR ; uTco   ; 1      ; FF_X114_Y5_N41      ;            ; System|master_0|master_0|rst_controller|alt_rst_sync_uq1|altera_reset_synchronizer_int_chain_out|q                 ;
;   2.635 ;   0.071 ; RR ; CELL   ; 222    ; FF_X114_Y5_N41      ; Low Power  ; System|master_0|master_0|rst_controller|alt_rst_sync_uq1|altera_reset_synchronizer_int_chain_out~la_lab/laboutb[7] ;
;   2.798 ;   0.163 ; RR ; IC     ; 1      ; FF_X114_Y9_N56      ; Mixed      ; System|master_0|master_0|jtag_phy_embedded_in_jtag_master|normal.jtag_dc_streaming|source_crosser|src_data[5]|clrn ;
;   2.798 ;   0.000 ; RR ; CELL   ; 1      ; FF_X114_Y9_N56      ; High Speed ; System|master_0|master_0|jtag_phy_embedded_in_jtag_master|normal.jtag_dc_streaming|source_crosser|src_data[5]      ;
+---------+---------+----+--------+--------+---------------------+------------+--------------------------------------------------------------------------------------------------------------------+

+--------------------------------------------------------------------------------------------------------------------------------------------------------------------------------------------------+
; Data Required Path                                                                                                                                                                               ;
+---------+----------+----+--------+--------+---------------------+------------+-------------------------------------------------------------------------------------------------------------------+
; Total   ; Incr     ; RF ; Type   ; Fanout ; Location            ; HS/LP      ; Element                                                                                                           ;
+---------+----------+----+--------+--------+---------------------+------------+-------------------------------------------------------------------------------------------------------------------+
; 0.000   ; 0.000    ;    ;        ;        ;                     ;            ; latch edge time                                                                                                   ;
; 0.000   ; 0.000    ;    ; borrow ;        ;                     ;            ; time borrowed                                                                                                     ;
; 2.477   ; 2.477    ;    ;        ;        ;                     ;            ; clock path                                                                                                        ;
;   0.000 ;   0.000  ;    ;        ;        ;                     ;            ; source latency                                                                                                    ;
;   0.000 ;   0.000  ;    ;        ; 1      ; PIN_AM10            ;            ; CLK_50                                                                                                            ;
;   0.000 ;   0.000  ; RR ; IC     ; 1      ; IOIBUF_X148_Y16_N32 ;            ; CLK_50~input|i                                                                                                    ;
;   0.261 ;   0.261  ; RR ; CELL   ; 1      ; IOIBUF_X148_Y16_N32 ;            ; CLK_50~input|o                                                                                                    ;
;   0.336 ;   0.075  ; RR ; CELL   ; 1      ; IOIBUF_X148_Y16_N32 ;            ; CLK_50~input~io_48_lvds_tile_edge/ioclkin[0]                                                                      ;
;   0.336 ;   0.000  ; RR ; IC     ; 2      ; CLKCTRL_3A_G_I20    ;            ; CLK_50~inputCLKENA0|inclk                                                                                         ;
;   0.613 ;   0.277  ; RR ; CELL   ; 181589 ; CLKCTRL_3A_G_I20    ;            ; CLK_50~inputCLKENA0|outclk                                                                                        ;
;   2.677 ;   2.064  ; RR ; IC     ; 1      ; FF_X114_Y9_N56      ; High Speed ; System|master_0|master_0|jtag_phy_embedded_in_jtag_master|normal.jtag_dc_streaming|source_crosser|src_data[5]|clk ;
;   2.677 ;   0.000  ; RR ; CELL   ; 1      ; FF_X114_Y9_N56      ; High Speed ; System|master_0|master_0|jtag_phy_embedded_in_jtag_master|normal.jtag_dc_streaming|source_crosser|src_data[5]     ;
;   2.477 ;   -0.200 ;    ;        ;        ;                     ;            ; clock pessimism removed                                                                                           ;
; 2.477   ; 0.000    ;    ;        ;        ;                     ;            ; clock uncertainty                                                                                                 ;
; 2.531   ; 0.054    ;    ; uTh    ; 1      ; FF_X114_Y9_N56      ;            ; System|master_0|master_0|jtag_phy_embedded_in_jtag_master|normal.jtag_dc_streaming|source_crosser|src_data[5]     ;
+---------+----------+----+--------+--------+---------------------+------------+-------------------------------------------------------------------------------------------------------------------+



Path #7: Removal slack is 0.290 
===============================================================================
+---------------------------------------------------------------------------------------------------------------------------------------------------------------------------------------------------+
; Path Summary                                                                                                                                                                                      ;
+---------------------------------+-----------------------------------------------------------------------------------------------------------------------------------------------------------------+
; Property                        ; Value                                                                                                                                                           ;
+---------------------------------+-----------------------------------------------------------------------------------------------------------------------------------------------------------------+
; From Node                       ; System|master_0|master_0|jtag_phy_embedded_in_jtag_master|normal.jtag_dc_streaming|sink_crosser|alt_rst_req_sync_in_rst|altera_reset_synchronizer_int_chain_out ;
; To Node                         ; System|master_0|master_0|jtag_phy_embedded_in_jtag_master|normal.jtag_dc_streaming|sink_crosser|out_to_in_synchronizer|dreg[5]                                  ;
; Launch Clock                    ; CLK_50                                                                                                                                                          ;
; Latch Clock                     ; CLK_50                                                                                                                                                          ;
; SDC Exception                   ; No SDC Exception on Path                                                                                                                                        ;
; Data Arrival Time               ; 2.843                                                                                                                                                           ;
; Data Required Time              ; 2.553                                                                                                                                                           ;
; Slack                           ; 0.290                                                                                                                                                           ;
; Worst-Case Operating Conditions ; Fast 900mV 0C Model                                                                                                                                             ;
+---------------------------------+-----------------------------------------------------------------------------------------------------------------------------------------------------------------+

+-----------------------------------------------------------------------------------+
; Statistics                                                                        ;
+------------------------+-------+-------+-------------+------------+-------+-------+
; Property               ; Value ; Count ; Total Delay ; % of Total ; Min   ; Max   ;
+------------------------+-------+-------+-------------+------------+-------+-------+
; Removal Relationship   ; 0.000 ;       ;             ;            ;       ;       ;
; Clock Skew             ; 0.024 ;       ;             ;            ;       ;       ;
; Data Delay             ; 0.383 ;       ;             ;            ;       ;       ;
; Number of Logic Levels ;       ; 0     ;             ;            ;       ;       ;
; Physical Delays        ;       ;       ;             ;            ;       ;       ;
;  Arrival Path          ;       ;       ;             ;            ;       ;       ;
;   Clock                ;       ;       ;             ;            ;       ;       ;
;    IC                  ;       ; 3     ; 1.909       ; 78         ; 0.000 ; 1.909 ;
;    Cell                ;       ; 4     ; 0.551       ; 22         ; 0.000 ; 0.261 ;
;   Data                 ;       ;       ;             ;            ;       ;       ;
;    IC                  ;       ; 1     ; 0.210       ; 55         ; 0.210 ; 0.210 ;
;    Cell                ;       ; 2     ; 0.069       ; 18         ; 0.000 ; 0.069 ;
;    uTco                ;       ; 1     ; 0.104       ; 27         ; 0.104 ; 0.104 ;
;  Required Path         ;       ;       ;             ;            ;       ;       ;
;   Clock                ;       ;       ;             ;            ;       ;       ;
;    IC                  ;       ; 3     ; 2.071       ; 77         ; 0.000 ; 2.071 ;
;    Cell                ;       ; 4     ; 0.613       ; 23         ; 0.000 ; 0.277 ;
+------------------------+-------+-------+-------------+------------+-------+-------+
Note: Negative delays are omitted from totals when calculating percentages

+-----------------------------------------------------------------------------------------------------------------------------------------------------------------------------------------------------------------------------------------------------------------+
; Data Arrival Path                                                                                                                                                                                                                                               ;
+---------+---------+----+--------+--------+---------------------+------------+-----------------------------------------------------------------------------------------------------------------------------------------------------------------------------------+
; Total   ; Incr    ; RF ; Type   ; Fanout ; Location            ; HS/LP      ; Element                                                                                                                                                                           ;
+---------+---------+----+--------+--------+---------------------+------------+-----------------------------------------------------------------------------------------------------------------------------------------------------------------------------------+
; 0.000   ; 0.000   ;    ;        ;        ;                     ;            ; launch edge time                                                                                                                                                                  ;
; 0.000   ; 0.000   ;    ; borrow ;        ;                     ;            ; time borrowed                                                                                                                                                                     ;
; 2.460   ; 2.460   ;    ;        ;        ;                     ;            ; clock path                                                                                                                                                                        ;
;   0.000 ;   0.000 ;    ;        ;        ;                     ;            ; source latency                                                                                                                                                                    ;
;   0.000 ;   0.000 ;    ;        ; 1      ; PIN_AM10            ;            ; CLK_50                                                                                                                                                                            ;
;   0.000 ;   0.000 ; RR ; IC     ; 1      ; IOIBUF_X148_Y16_N32 ;            ; CLK_50~input|i                                                                                                                                                                    ;
;   0.261 ;   0.261 ; RR ; CELL   ; 1      ; IOIBUF_X148_Y16_N32 ;            ; CLK_50~input|o                                                                                                                                                                    ;
;   0.322 ;   0.061 ; RR ; CELL   ; 1      ; IOIBUF_X148_Y16_N32 ;            ; CLK_50~input~io_48_lvds_tile_edge/ioclkin[0]                                                                                                                                      ;
;   0.322 ;   0.000 ; RR ; IC     ; 2      ; CLKCTRL_3A_G_I20    ;            ; CLK_50~inputCLKENA0|inclk                                                                                                                                                         ;
;   0.551 ;   0.229 ; RR ; CELL   ; 181589 ; CLKCTRL_3A_G_I20    ;            ; CLK_50~inputCLKENA0|outclk                                                                                                                                                        ;
;   2.460 ;   1.909 ; RR ; IC     ; 1      ; FF_X114_Y5_N35      ; Low Power  ; System|master_0|master_0|jtag_phy_embedded_in_jtag_master|normal.jtag_dc_streaming|sink_crosser|alt_rst_req_sync_in_rst|altera_reset_synchronizer_int_chain_out|clk               ;
;   2.460 ;   0.000 ; RR ; CELL   ; 1      ; FF_X114_Y5_N35      ; Low Power  ; System|master_0|master_0|jtag_phy_embedded_in_jtag_master|normal.jtag_dc_streaming|sink_crosser|alt_rst_req_sync_in_rst|altera_reset_synchronizer_int_chain_out                   ;
; 2.843   ; 0.383   ;    ;        ;        ;                     ;            ; data path                                                                                                                                                                         ;
;   2.564 ;   0.104 ; RR ; uTco   ; 1      ; FF_X114_Y5_N35      ;            ; System|master_0|master_0|jtag_phy_embedded_in_jtag_master|normal.jtag_dc_streaming|sink_crosser|alt_rst_req_sync_in_rst|altera_reset_synchronizer_int_chain_out|q                 ;
;   2.633 ;   0.069 ; RR ; CELL   ; 17     ; FF_X114_Y5_N35      ; Low Power  ; System|master_0|master_0|jtag_phy_embedded_in_jtag_master|normal.jtag_dc_streaming|sink_crosser|alt_rst_req_sync_in_rst|altera_reset_synchronizer_int_chain_out~la_lab/laboutb[3] ;
;   2.843 ;   0.210 ; RR ; IC     ; 1      ; FF_X112_Y3_N41      ; Mixed      ; System|master_0|master_0|jtag_phy_embedded_in_jtag_master|normal.jtag_dc_streaming|sink_crosser|out_to_in_synchronizer|dreg[5]|clrn                                               ;
;   2.843 ;   0.000 ; RR ; CELL   ; 1      ; FF_X112_Y3_N41      ; High Speed ; System|master_0|master_0|jtag_phy_embedded_in_jtag_master|normal.jtag_dc_streaming|sink_crosser|out_to_in_synchronizer|dreg[5]                                                    ;
+---------+---------+----+--------+--------+---------------------+------------+-----------------------------------------------------------------------------------------------------------------------------------------------------------------------------------+

+-------------------------------------------------------------------------------------------------------------------------------------------------------------------------------------------------------------------+
; Data Required Path                                                                                                                                                                                                ;
+---------+----------+----+--------+--------+---------------------+------------+------------------------------------------------------------------------------------------------------------------------------------+
; Total   ; Incr     ; RF ; Type   ; Fanout ; Location            ; HS/LP      ; Element                                                                                                                            ;
+---------+----------+----+--------+--------+---------------------+------------+------------------------------------------------------------------------------------------------------------------------------------+
; 0.000   ; 0.000    ;    ;        ;        ;                     ;            ; latch edge time                                                                                                                    ;
; 0.000   ; 0.000    ;    ; borrow ;        ;                     ;            ; time borrowed                                                                                                                      ;
; 2.484   ; 2.484    ;    ;        ;        ;                     ;            ; clock path                                                                                                                         ;
;   0.000 ;   0.000  ;    ;        ;        ;                     ;            ; source latency                                                                                                                     ;
;   0.000 ;   0.000  ;    ;        ; 1      ; PIN_AM10            ;            ; CLK_50                                                                                                                             ;
;   0.000 ;   0.000  ; RR ; IC     ; 1      ; IOIBUF_X148_Y16_N32 ;            ; CLK_50~input|i                                                                                                                     ;
;   0.261 ;   0.261  ; RR ; CELL   ; 1      ; IOIBUF_X148_Y16_N32 ;            ; CLK_50~input|o                                                                                                                     ;
;   0.336 ;   0.075  ; RR ; CELL   ; 1      ; IOIBUF_X148_Y16_N32 ;            ; CLK_50~input~io_48_lvds_tile_edge/ioclkin[0]                                                                                       ;
;   0.336 ;   0.000  ; RR ; IC     ; 2      ; CLKCTRL_3A_G_I20    ;            ; CLK_50~inputCLKENA0|inclk                                                                                                          ;
;   0.613 ;   0.277  ; RR ; CELL   ; 181589 ; CLKCTRL_3A_G_I20    ;            ; CLK_50~inputCLKENA0|outclk                                                                                                         ;
;   2.684 ;   2.071  ; RR ; IC     ; 1      ; FF_X112_Y3_N41      ; High Speed ; System|master_0|master_0|jtag_phy_embedded_in_jtag_master|normal.jtag_dc_streaming|sink_crosser|out_to_in_synchronizer|dreg[5]|clk ;
;   2.684 ;   0.000  ; RR ; CELL   ; 1      ; FF_X112_Y3_N41      ; High Speed ; System|master_0|master_0|jtag_phy_embedded_in_jtag_master|normal.jtag_dc_streaming|sink_crosser|out_to_in_synchronizer|dreg[5]     ;
;   2.484 ;   -0.200 ;    ;        ;        ;                     ;            ; clock pessimism removed                                                                                                            ;
; 2.484   ; 0.000    ;    ;        ;        ;                     ;            ; clock uncertainty                                                                                                                  ;
; 2.553   ; 0.069    ;    ; uTh    ; 1      ; FF_X112_Y3_N41      ;            ; System|master_0|master_0|jtag_phy_embedded_in_jtag_master|normal.jtag_dc_streaming|sink_crosser|out_to_in_synchronizer|dreg[5]     ;
+---------+----------+----+--------+--------+---------------------+------------+------------------------------------------------------------------------------------------------------------------------------------+



Path #8: Removal slack is 0.291 
===============================================================================
+---------------------------------------------------------------------------------------------------------------------------------------------------------------------------------------------------+
; Path Summary                                                                                                                                                                                      ;
+---------------------------------+-----------------------------------------------------------------------------------------------------------------------------------------------------------------+
; Property                        ; Value                                                                                                                                                           ;
+---------------------------------+-----------------------------------------------------------------------------------------------------------------------------------------------------------------+
; From Node                       ; System|master_0|master_0|jtag_phy_embedded_in_jtag_master|normal.jtag_dc_streaming|sink_crosser|alt_rst_req_sync_in_rst|altera_reset_synchronizer_int_chain_out ;
; To Node                         ; System|master_0|master_0|jtag_phy_embedded_in_jtag_master|normal.jtag_dc_streaming|sink_crosser|out_to_in_synchronizer|dreg[6]                                  ;
; Launch Clock                    ; CLK_50                                                                                                                                                          ;
; Latch Clock                     ; CLK_50                                                                                                                                                          ;
; SDC Exception                   ; No SDC Exception on Path                                                                                                                                        ;
; Data Arrival Time               ; 2.843                                                                                                                                                           ;
; Data Required Time              ; 2.552                                                                                                                                                           ;
; Slack                           ; 0.291                                                                                                                                                           ;
; Worst-Case Operating Conditions ; Fast 900mV 0C Model                                                                                                                                             ;
+---------------------------------+-----------------------------------------------------------------------------------------------------------------------------------------------------------------+

+-----------------------------------------------------------------------------------+
; Statistics                                                                        ;
+------------------------+-------+-------+-------------+------------+-------+-------+
; Property               ; Value ; Count ; Total Delay ; % of Total ; Min   ; Max   ;
+------------------------+-------+-------+-------------+------------+-------+-------+
; Removal Relationship   ; 0.000 ;       ;             ;            ;       ;       ;
; Clock Skew             ; 0.024 ;       ;             ;            ;       ;       ;
; Data Delay             ; 0.383 ;       ;             ;            ;       ;       ;
; Number of Logic Levels ;       ; 0     ;             ;            ;       ;       ;
; Physical Delays        ;       ;       ;             ;            ;       ;       ;
;  Arrival Path          ;       ;       ;             ;            ;       ;       ;
;   Clock                ;       ;       ;             ;            ;       ;       ;
;    IC                  ;       ; 3     ; 1.909       ; 78         ; 0.000 ; 1.909 ;
;    Cell                ;       ; 4     ; 0.551       ; 22         ; 0.000 ; 0.261 ;
;   Data                 ;       ;       ;             ;            ;       ;       ;
;    IC                  ;       ; 1     ; 0.210       ; 55         ; 0.210 ; 0.210 ;
;    Cell                ;       ; 2     ; 0.069       ; 18         ; 0.000 ; 0.069 ;
;    uTco                ;       ; 1     ; 0.104       ; 27         ; 0.104 ; 0.104 ;
;  Required Path         ;       ;       ;             ;            ;       ;       ;
;   Clock                ;       ;       ;             ;            ;       ;       ;
;    IC                  ;       ; 3     ; 2.071       ; 77         ; 0.000 ; 2.071 ;
;    Cell                ;       ; 4     ; 0.613       ; 23         ; 0.000 ; 0.277 ;
+------------------------+-------+-------+-------------+------------+-------+-------+
Note: Negative delays are omitted from totals when calculating percentages

+-----------------------------------------------------------------------------------------------------------------------------------------------------------------------------------------------------------------------------------------------------------------+
; Data Arrival Path                                                                                                                                                                                                                                               ;
+---------+---------+----+--------+--------+---------------------+------------+-----------------------------------------------------------------------------------------------------------------------------------------------------------------------------------+
; Total   ; Incr    ; RF ; Type   ; Fanout ; Location            ; HS/LP      ; Element                                                                                                                                                                           ;
+---------+---------+----+--------+--------+---------------------+------------+-----------------------------------------------------------------------------------------------------------------------------------------------------------------------------------+
; 0.000   ; 0.000   ;    ;        ;        ;                     ;            ; launch edge time                                                                                                                                                                  ;
; 0.000   ; 0.000   ;    ; borrow ;        ;                     ;            ; time borrowed                                                                                                                                                                     ;
; 2.460   ; 2.460   ;    ;        ;        ;                     ;            ; clock path                                                                                                                                                                        ;
;   0.000 ;   0.000 ;    ;        ;        ;                     ;            ; source latency                                                                                                                                                                    ;
;   0.000 ;   0.000 ;    ;        ; 1      ; PIN_AM10            ;            ; CLK_50                                                                                                                                                                            ;
;   0.000 ;   0.000 ; RR ; IC     ; 1      ; IOIBUF_X148_Y16_N32 ;            ; CLK_50~input|i                                                                                                                                                                    ;
;   0.261 ;   0.261 ; RR ; CELL   ; 1      ; IOIBUF_X148_Y16_N32 ;            ; CLK_50~input|o                                                                                                                                                                    ;
;   0.322 ;   0.061 ; RR ; CELL   ; 1      ; IOIBUF_X148_Y16_N32 ;            ; CLK_50~input~io_48_lvds_tile_edge/ioclkin[0]                                                                                                                                      ;
;   0.322 ;   0.000 ; RR ; IC     ; 2      ; CLKCTRL_3A_G_I20    ;            ; CLK_50~inputCLKENA0|inclk                                                                                                                                                         ;
;   0.551 ;   0.229 ; RR ; CELL   ; 181589 ; CLKCTRL_3A_G_I20    ;            ; CLK_50~inputCLKENA0|outclk                                                                                                                                                        ;
;   2.460 ;   1.909 ; RR ; IC     ; 1      ; FF_X114_Y5_N35      ; Low Power  ; System|master_0|master_0|jtag_phy_embedded_in_jtag_master|normal.jtag_dc_streaming|sink_crosser|alt_rst_req_sync_in_rst|altera_reset_synchronizer_int_chain_out|clk               ;
;   2.460 ;   0.000 ; RR ; CELL   ; 1      ; FF_X114_Y5_N35      ; Low Power  ; System|master_0|master_0|jtag_phy_embedded_in_jtag_master|normal.jtag_dc_streaming|sink_crosser|alt_rst_req_sync_in_rst|altera_reset_synchronizer_int_chain_out                   ;
; 2.843   ; 0.383   ;    ;        ;        ;                     ;            ; data path                                                                                                                                                                         ;
;   2.564 ;   0.104 ; RR ; uTco   ; 1      ; FF_X114_Y5_N35      ;            ; System|master_0|master_0|jtag_phy_embedded_in_jtag_master|normal.jtag_dc_streaming|sink_crosser|alt_rst_req_sync_in_rst|altera_reset_synchronizer_int_chain_out|q                 ;
;   2.633 ;   0.069 ; RR ; CELL   ; 17     ; FF_X114_Y5_N35      ; Low Power  ; System|master_0|master_0|jtag_phy_embedded_in_jtag_master|normal.jtag_dc_streaming|sink_crosser|alt_rst_req_sync_in_rst|altera_reset_synchronizer_int_chain_out~la_lab/laboutb[3] ;
;   2.843 ;   0.210 ; RR ; IC     ; 1      ; FF_X112_Y3_N38      ; Mixed      ; System|master_0|master_0|jtag_phy_embedded_in_jtag_master|normal.jtag_dc_streaming|sink_crosser|out_to_in_synchronizer|dreg[6]|clrn                                               ;
;   2.843 ;   0.000 ; RR ; CELL   ; 1      ; FF_X112_Y3_N38      ; High Speed ; System|master_0|master_0|jtag_phy_embedded_in_jtag_master|normal.jtag_dc_streaming|sink_crosser|out_to_in_synchronizer|dreg[6]                                                    ;
+---------+---------+----+--------+--------+---------------------+------------+-----------------------------------------------------------------------------------------------------------------------------------------------------------------------------------+

+-------------------------------------------------------------------------------------------------------------------------------------------------------------------------------------------------------------------+
; Data Required Path                                                                                                                                                                                                ;
+---------+----------+----+--------+--------+---------------------+------------+------------------------------------------------------------------------------------------------------------------------------------+
; Total   ; Incr     ; RF ; Type   ; Fanout ; Location            ; HS/LP      ; Element                                                                                                                            ;
+---------+----------+----+--------+--------+---------------------+------------+------------------------------------------------------------------------------------------------------------------------------------+
; 0.000   ; 0.000    ;    ;        ;        ;                     ;            ; latch edge time                                                                                                                    ;
; 0.000   ; 0.000    ;    ; borrow ;        ;                     ;            ; time borrowed                                                                                                                      ;
; 2.484   ; 2.484    ;    ;        ;        ;                     ;            ; clock path                                                                                                                         ;
;   0.000 ;   0.000  ;    ;        ;        ;                     ;            ; source latency                                                                                                                     ;
;   0.000 ;   0.000  ;    ;        ; 1      ; PIN_AM10            ;            ; CLK_50                                                                                                                             ;
;   0.000 ;   0.000  ; RR ; IC     ; 1      ; IOIBUF_X148_Y16_N32 ;            ; CLK_50~input|i                                                                                                                     ;
;   0.261 ;   0.261  ; RR ; CELL   ; 1      ; IOIBUF_X148_Y16_N32 ;            ; CLK_50~input|o                                                                                                                     ;
;   0.336 ;   0.075  ; RR ; CELL   ; 1      ; IOIBUF_X148_Y16_N32 ;            ; CLK_50~input~io_48_lvds_tile_edge/ioclkin[0]                                                                                       ;
;   0.336 ;   0.000  ; RR ; IC     ; 2      ; CLKCTRL_3A_G_I20    ;            ; CLK_50~inputCLKENA0|inclk                                                                                                          ;
;   0.613 ;   0.277  ; RR ; CELL   ; 181589 ; CLKCTRL_3A_G_I20    ;            ; CLK_50~inputCLKENA0|outclk                                                                                                         ;
;   2.684 ;   2.071  ; RR ; IC     ; 1      ; FF_X112_Y3_N38      ; High Speed ; System|master_0|master_0|jtag_phy_embedded_in_jtag_master|normal.jtag_dc_streaming|sink_crosser|out_to_in_synchronizer|dreg[6]|clk ;
;   2.684 ;   0.000  ; RR ; CELL   ; 1      ; FF_X112_Y3_N38      ; High Speed ; System|master_0|master_0|jtag_phy_embedded_in_jtag_master|normal.jtag_dc_streaming|sink_crosser|out_to_in_synchronizer|dreg[6]     ;
;   2.484 ;   -0.200 ;    ;        ;        ;                     ;            ; clock pessimism removed                                                                                                            ;
; 2.484   ; 0.000    ;    ;        ;        ;                     ;            ; clock uncertainty                                                                                                                  ;
; 2.552   ; 0.068    ;    ; uTh    ; 1      ; FF_X112_Y3_N38      ;            ; System|master_0|master_0|jtag_phy_embedded_in_jtag_master|normal.jtag_dc_streaming|sink_crosser|out_to_in_synchronizer|dreg[6]     ;
+---------+----------+----+--------+--------+---------------------+------------+------------------------------------------------------------------------------------------------------------------------------------+



Path #9: Removal slack is 0.292 
===============================================================================
+---------------------------------------------------------------------------------------------------------------------------------------------------------------------------------------------------+
; Path Summary                                                                                                                                                                                      ;
+---------------------------------+-----------------------------------------------------------------------------------------------------------------------------------------------------------------+
; Property                        ; Value                                                                                                                                                           ;
+---------------------------------+-----------------------------------------------------------------------------------------------------------------------------------------------------------------+
; From Node                       ; System|master_0|master_0|jtag_phy_embedded_in_jtag_master|normal.jtag_dc_streaming|sink_crosser|alt_rst_req_sync_in_rst|altera_reset_synchronizer_int_chain_out ;
; To Node                         ; System|master_0|master_0|jtag_phy_embedded_in_jtag_master|normal.jtag_dc_streaming|sink_crosser|out_to_in_synchronizer|dreg[0]                                  ;
; Launch Clock                    ; CLK_50                                                                                                                                                          ;
; Latch Clock                     ; CLK_50                                                                                                                                                          ;
; SDC Exception                   ; No SDC Exception on Path                                                                                                                                        ;
; Data Arrival Time               ; 2.843                                                                                                                                                           ;
; Data Required Time              ; 2.551                                                                                                                                                           ;
; Slack                           ; 0.292                                                                                                                                                           ;
; Worst-Case Operating Conditions ; Fast 900mV 0C Model                                                                                                                                             ;
+---------------------------------+-----------------------------------------------------------------------------------------------------------------------------------------------------------------+

+-----------------------------------------------------------------------------------+
; Statistics                                                                        ;
+------------------------+-------+-------+-------------+------------+-------+-------+
; Property               ; Value ; Count ; Total Delay ; % of Total ; Min   ; Max   ;
+------------------------+-------+-------+-------------+------------+-------+-------+
; Removal Relationship   ; 0.000 ;       ;             ;            ;       ;       ;
; Clock Skew             ; 0.024 ;       ;             ;            ;       ;       ;
; Data Delay             ; 0.383 ;       ;             ;            ;       ;       ;
; Number of Logic Levels ;       ; 0     ;             ;            ;       ;       ;
; Physical Delays        ;       ;       ;             ;            ;       ;       ;
;  Arrival Path          ;       ;       ;             ;            ;       ;       ;
;   Clock                ;       ;       ;             ;            ;       ;       ;
;    IC                  ;       ; 3     ; 1.909       ; 78         ; 0.000 ; 1.909 ;
;    Cell                ;       ; 4     ; 0.551       ; 22         ; 0.000 ; 0.261 ;
;   Data                 ;       ;       ;             ;            ;       ;       ;
;    IC                  ;       ; 1     ; 0.210       ; 55         ; 0.210 ; 0.210 ;
;    Cell                ;       ; 2     ; 0.069       ; 18         ; 0.000 ; 0.069 ;
;    uTco                ;       ; 1     ; 0.104       ; 27         ; 0.104 ; 0.104 ;
;  Required Path         ;       ;       ;             ;            ;       ;       ;
;   Clock                ;       ;       ;             ;            ;       ;       ;
;    IC                  ;       ; 3     ; 2.071       ; 77         ; 0.000 ; 2.071 ;
;    Cell                ;       ; 4     ; 0.613       ; 23         ; 0.000 ; 0.277 ;
+------------------------+-------+-------+-------------+------------+-------+-------+
Note: Negative delays are omitted from totals when calculating percentages

+-----------------------------------------------------------------------------------------------------------------------------------------------------------------------------------------------------------------------------------------------------------------+
; Data Arrival Path                                                                                                                                                                                                                                               ;
+---------+---------+----+--------+--------+---------------------+------------+-----------------------------------------------------------------------------------------------------------------------------------------------------------------------------------+
; Total   ; Incr    ; RF ; Type   ; Fanout ; Location            ; HS/LP      ; Element                                                                                                                                                                           ;
+---------+---------+----+--------+--------+---------------------+------------+-----------------------------------------------------------------------------------------------------------------------------------------------------------------------------------+
; 0.000   ; 0.000   ;    ;        ;        ;                     ;            ; launch edge time                                                                                                                                                                  ;
; 0.000   ; 0.000   ;    ; borrow ;        ;                     ;            ; time borrowed                                                                                                                                                                     ;
; 2.460   ; 2.460   ;    ;        ;        ;                     ;            ; clock path                                                                                                                                                                        ;
;   0.000 ;   0.000 ;    ;        ;        ;                     ;            ; source latency                                                                                                                                                                    ;
;   0.000 ;   0.000 ;    ;        ; 1      ; PIN_AM10            ;            ; CLK_50                                                                                                                                                                            ;
;   0.000 ;   0.000 ; RR ; IC     ; 1      ; IOIBUF_X148_Y16_N32 ;            ; CLK_50~input|i                                                                                                                                                                    ;
;   0.261 ;   0.261 ; RR ; CELL   ; 1      ; IOIBUF_X148_Y16_N32 ;            ; CLK_50~input|o                                                                                                                                                                    ;
;   0.322 ;   0.061 ; RR ; CELL   ; 1      ; IOIBUF_X148_Y16_N32 ;            ; CLK_50~input~io_48_lvds_tile_edge/ioclkin[0]                                                                                                                                      ;
;   0.322 ;   0.000 ; RR ; IC     ; 2      ; CLKCTRL_3A_G_I20    ;            ; CLK_50~inputCLKENA0|inclk                                                                                                                                                         ;
;   0.551 ;   0.229 ; RR ; CELL   ; 181589 ; CLKCTRL_3A_G_I20    ;            ; CLK_50~inputCLKENA0|outclk                                                                                                                                                        ;
;   2.460 ;   1.909 ; RR ; IC     ; 1      ; FF_X114_Y5_N35      ; Low Power  ; System|master_0|master_0|jtag_phy_embedded_in_jtag_master|normal.jtag_dc_streaming|sink_crosser|alt_rst_req_sync_in_rst|altera_reset_synchronizer_int_chain_out|clk               ;
;   2.460 ;   0.000 ; RR ; CELL   ; 1      ; FF_X114_Y5_N35      ; Low Power  ; System|master_0|master_0|jtag_phy_embedded_in_jtag_master|normal.jtag_dc_streaming|sink_crosser|alt_rst_req_sync_in_rst|altera_reset_synchronizer_int_chain_out                   ;
; 2.843   ; 0.383   ;    ;        ;        ;                     ;            ; data path                                                                                                                                                                         ;
;   2.564 ;   0.104 ; RR ; uTco   ; 1      ; FF_X114_Y5_N35      ;            ; System|master_0|master_0|jtag_phy_embedded_in_jtag_master|normal.jtag_dc_streaming|sink_crosser|alt_rst_req_sync_in_rst|altera_reset_synchronizer_int_chain_out|q                 ;
;   2.633 ;   0.069 ; RR ; CELL   ; 17     ; FF_X114_Y5_N35      ; Low Power  ; System|master_0|master_0|jtag_phy_embedded_in_jtag_master|normal.jtag_dc_streaming|sink_crosser|alt_rst_req_sync_in_rst|altera_reset_synchronizer_int_chain_out~la_lab/laboutb[3] ;
;   2.843 ;   0.210 ; RR ; IC     ; 1      ; FF_X112_Y3_N11      ; Mixed      ; System|master_0|master_0|jtag_phy_embedded_in_jtag_master|normal.jtag_dc_streaming|sink_crosser|out_to_in_synchronizer|dreg[0]|clrn                                               ;
;   2.843 ;   0.000 ; RR ; CELL   ; 1      ; FF_X112_Y3_N11      ; High Speed ; System|master_0|master_0|jtag_phy_embedded_in_jtag_master|normal.jtag_dc_streaming|sink_crosser|out_to_in_synchronizer|dreg[0]                                                    ;
+---------+---------+----+--------+--------+---------------------+------------+-----------------------------------------------------------------------------------------------------------------------------------------------------------------------------------+

+-------------------------------------------------------------------------------------------------------------------------------------------------------------------------------------------------------------------+
; Data Required Path                                                                                                                                                                                                ;
+---------+----------+----+--------+--------+---------------------+------------+------------------------------------------------------------------------------------------------------------------------------------+
; Total   ; Incr     ; RF ; Type   ; Fanout ; Location            ; HS/LP      ; Element                                                                                                                            ;
+---------+----------+----+--------+--------+---------------------+------------+------------------------------------------------------------------------------------------------------------------------------------+
; 0.000   ; 0.000    ;    ;        ;        ;                     ;            ; latch edge time                                                                                                                    ;
; 0.000   ; 0.000    ;    ; borrow ;        ;                     ;            ; time borrowed                                                                                                                      ;
; 2.484   ; 2.484    ;    ;        ;        ;                     ;            ; clock path                                                                                                                         ;
;   0.000 ;   0.000  ;    ;        ;        ;                     ;            ; source latency                                                                                                                     ;
;   0.000 ;   0.000  ;    ;        ; 1      ; PIN_AM10            ;            ; CLK_50                                                                                                                             ;
;   0.000 ;   0.000  ; RR ; IC     ; 1      ; IOIBUF_X148_Y16_N32 ;            ; CLK_50~input|i                                                                                                                     ;
;   0.261 ;   0.261  ; RR ; CELL   ; 1      ; IOIBUF_X148_Y16_N32 ;            ; CLK_50~input|o                                                                                                                     ;
;   0.336 ;   0.075  ; RR ; CELL   ; 1      ; IOIBUF_X148_Y16_N32 ;            ; CLK_50~input~io_48_lvds_tile_edge/ioclkin[0]                                                                                       ;
;   0.336 ;   0.000  ; RR ; IC     ; 2      ; CLKCTRL_3A_G_I20    ;            ; CLK_50~inputCLKENA0|inclk                                                                                                          ;
;   0.613 ;   0.277  ; RR ; CELL   ; 181589 ; CLKCTRL_3A_G_I20    ;            ; CLK_50~inputCLKENA0|outclk                                                                                                         ;
;   2.684 ;   2.071  ; RR ; IC     ; 1      ; FF_X112_Y3_N11      ; High Speed ; System|master_0|master_0|jtag_phy_embedded_in_jtag_master|normal.jtag_dc_streaming|sink_crosser|out_to_in_synchronizer|dreg[0]|clk ;
;   2.684 ;   0.000  ; RR ; CELL   ; 1      ; FF_X112_Y3_N11      ; High Speed ; System|master_0|master_0|jtag_phy_embedded_in_jtag_master|normal.jtag_dc_streaming|sink_crosser|out_to_in_synchronizer|dreg[0]     ;
;   2.484 ;   -0.200 ;    ;        ;        ;                     ;            ; clock pessimism removed                                                                                                            ;
; 2.484   ; 0.000    ;    ;        ;        ;                     ;            ; clock uncertainty                                                                                                                  ;
; 2.551   ; 0.067    ;    ; uTh    ; 1      ; FF_X112_Y3_N11      ;            ; System|master_0|master_0|jtag_phy_embedded_in_jtag_master|normal.jtag_dc_streaming|sink_crosser|out_to_in_synchronizer|dreg[0]     ;
+---------+----------+----+--------+--------+---------------------+------------+------------------------------------------------------------------------------------------------------------------------------------+



Path #10: Removal slack is 0.292 
===============================================================================
+---------------------------------------------------------------------------------------------------------------------------------------------------------------------------------------------------+
; Path Summary                                                                                                                                                                                      ;
+---------------------------------+-----------------------------------------------------------------------------------------------------------------------------------------------------------------+
; Property                        ; Value                                                                                                                                                           ;
+---------------------------------+-----------------------------------------------------------------------------------------------------------------------------------------------------------------+
; From Node                       ; System|master_0|master_0|jtag_phy_embedded_in_jtag_master|normal.jtag_dc_streaming|sink_crosser|alt_rst_req_sync_in_rst|altera_reset_synchronizer_int_chain_out ;
; To Node                         ; System|master_0|master_0|jtag_phy_embedded_in_jtag_master|normal.jtag_dc_streaming|sink_crosser|out_to_in_synchronizer|dreg[1]                                  ;
; Launch Clock                    ; CLK_50                                                                                                                                                          ;
; Latch Clock                     ; CLK_50                                                                                                                                                          ;
; SDC Exception                   ; No SDC Exception on Path                                                                                                                                        ;
; Data Arrival Time               ; 2.843                                                                                                                                                           ;
; Data Required Time              ; 2.551                                                                                                                                                           ;
; Slack                           ; 0.292                                                                                                                                                           ;
; Worst-Case Operating Conditions ; Fast 900mV 0C Model                                                                                                                                             ;
+---------------------------------+-----------------------------------------------------------------------------------------------------------------------------------------------------------------+

+-----------------------------------------------------------------------------------+
; Statistics                                                                        ;
+------------------------+-------+-------+-------------+------------+-------+-------+
; Property               ; Value ; Count ; Total Delay ; % of Total ; Min   ; Max   ;
+------------------------+-------+-------+-------------+------------+-------+-------+
; Removal Relationship   ; 0.000 ;       ;             ;            ;       ;       ;
; Clock Skew             ; 0.024 ;       ;             ;            ;       ;       ;
; Data Delay             ; 0.383 ;       ;             ;            ;       ;       ;
; Number of Logic Levels ;       ; 0     ;             ;            ;       ;       ;
; Physical Delays        ;       ;       ;             ;            ;       ;       ;
;  Arrival Path          ;       ;       ;             ;            ;       ;       ;
;   Clock                ;       ;       ;             ;            ;       ;       ;
;    IC                  ;       ; 3     ; 1.909       ; 78         ; 0.000 ; 1.909 ;
;    Cell                ;       ; 4     ; 0.551       ; 22         ; 0.000 ; 0.261 ;
;   Data                 ;       ;       ;             ;            ;       ;       ;
;    IC                  ;       ; 1     ; 0.210       ; 55         ; 0.210 ; 0.210 ;
;    Cell                ;       ; 2     ; 0.069       ; 18         ; 0.000 ; 0.069 ;
;    uTco                ;       ; 1     ; 0.104       ; 27         ; 0.104 ; 0.104 ;
;  Required Path         ;       ;       ;             ;            ;       ;       ;
;   Clock                ;       ;       ;             ;            ;       ;       ;
;    IC                  ;       ; 3     ; 2.071       ; 77         ; 0.000 ; 2.071 ;
;    Cell                ;       ; 4     ; 0.613       ; 23         ; 0.000 ; 0.277 ;
+------------------------+-------+-------+-------------+------------+-------+-------+
Note: Negative delays are omitted from totals when calculating percentages

+-----------------------------------------------------------------------------------------------------------------------------------------------------------------------------------------------------------------------------------------------------------------+
; Data Arrival Path                                                                                                                                                                                                                                               ;
+---------+---------+----+--------+--------+---------------------+------------+-----------------------------------------------------------------------------------------------------------------------------------------------------------------------------------+
; Total   ; Incr    ; RF ; Type   ; Fanout ; Location            ; HS/LP      ; Element                                                                                                                                                                           ;
+---------+---------+----+--------+--------+---------------------+------------+-----------------------------------------------------------------------------------------------------------------------------------------------------------------------------------+
; 0.000   ; 0.000   ;    ;        ;        ;                     ;            ; launch edge time                                                                                                                                                                  ;
; 0.000   ; 0.000   ;    ; borrow ;        ;                     ;            ; time borrowed                                                                                                                                                                     ;
; 2.460   ; 2.460   ;    ;        ;        ;                     ;            ; clock path                                                                                                                                                                        ;
;   0.000 ;   0.000 ;    ;        ;        ;                     ;            ; source latency                                                                                                                                                                    ;
;   0.000 ;   0.000 ;    ;        ; 1      ; PIN_AM10            ;            ; CLK_50                                                                                                                                                                            ;
;   0.000 ;   0.000 ; RR ; IC     ; 1      ; IOIBUF_X148_Y16_N32 ;            ; CLK_50~input|i                                                                                                                                                                    ;
;   0.261 ;   0.261 ; RR ; CELL   ; 1      ; IOIBUF_X148_Y16_N32 ;            ; CLK_50~input|o                                                                                                                                                                    ;
;   0.322 ;   0.061 ; RR ; CELL   ; 1      ; IOIBUF_X148_Y16_N32 ;            ; CLK_50~input~io_48_lvds_tile_edge/ioclkin[0]                                                                                                                                      ;
;   0.322 ;   0.000 ; RR ; IC     ; 2      ; CLKCTRL_3A_G_I20    ;            ; CLK_50~inputCLKENA0|inclk                                                                                                                                                         ;
;   0.551 ;   0.229 ; RR ; CELL   ; 181589 ; CLKCTRL_3A_G_I20    ;            ; CLK_50~inputCLKENA0|outclk                                                                                                                                                        ;
;   2.460 ;   1.909 ; RR ; IC     ; 1      ; FF_X114_Y5_N35      ; Low Power  ; System|master_0|master_0|jtag_phy_embedded_in_jtag_master|normal.jtag_dc_streaming|sink_crosser|alt_rst_req_sync_in_rst|altera_reset_synchronizer_int_chain_out|clk               ;
;   2.460 ;   0.000 ; RR ; CELL   ; 1      ; FF_X114_Y5_N35      ; Low Power  ; System|master_0|master_0|jtag_phy_embedded_in_jtag_master|normal.jtag_dc_streaming|sink_crosser|alt_rst_req_sync_in_rst|altera_reset_synchronizer_int_chain_out                   ;
; 2.843   ; 0.383   ;    ;        ;        ;                     ;            ; data path                                                                                                                                                                         ;
;   2.564 ;   0.104 ; RR ; uTco   ; 1      ; FF_X114_Y5_N35      ;            ; System|master_0|master_0|jtag_phy_embedded_in_jtag_master|normal.jtag_dc_streaming|sink_crosser|alt_rst_req_sync_in_rst|altera_reset_synchronizer_int_chain_out|q                 ;
;   2.633 ;   0.069 ; RR ; CELL   ; 17     ; FF_X114_Y5_N35      ; Low Power  ; System|master_0|master_0|jtag_phy_embedded_in_jtag_master|normal.jtag_dc_streaming|sink_crosser|alt_rst_req_sync_in_rst|altera_reset_synchronizer_int_chain_out~la_lab/laboutb[3] ;
;   2.843 ;   0.210 ; RR ; IC     ; 1      ; FF_X112_Y3_N37      ; Mixed      ; System|master_0|master_0|jtag_phy_embedded_in_jtag_master|normal.jtag_dc_streaming|sink_crosser|out_to_in_synchronizer|dreg[1]|clrn                                               ;
;   2.843 ;   0.000 ; RR ; CELL   ; 1      ; FF_X112_Y3_N37      ; High Speed ; System|master_0|master_0|jtag_phy_embedded_in_jtag_master|normal.jtag_dc_streaming|sink_crosser|out_to_in_synchronizer|dreg[1]                                                    ;
+---------+---------+----+--------+--------+---------------------+------------+-----------------------------------------------------------------------------------------------------------------------------------------------------------------------------------+

+-------------------------------------------------------------------------------------------------------------------------------------------------------------------------------------------------------------------+
; Data Required Path                                                                                                                                                                                                ;
+---------+----------+----+--------+--------+---------------------+------------+------------------------------------------------------------------------------------------------------------------------------------+
; Total   ; Incr     ; RF ; Type   ; Fanout ; Location            ; HS/LP      ; Element                                                                                                                            ;
+---------+----------+----+--------+--------+---------------------+------------+------------------------------------------------------------------------------------------------------------------------------------+
; 0.000   ; 0.000    ;    ;        ;        ;                     ;            ; latch edge time                                                                                                                    ;
; 0.000   ; 0.000    ;    ; borrow ;        ;                     ;            ; time borrowed                                                                                                                      ;
; 2.484   ; 2.484    ;    ;        ;        ;                     ;            ; clock path                                                                                                                         ;
;   0.000 ;   0.000  ;    ;        ;        ;                     ;            ; source latency                                                                                                                     ;
;   0.000 ;   0.000  ;    ;        ; 1      ; PIN_AM10            ;            ; CLK_50                                                                                                                             ;
;   0.000 ;   0.000  ; RR ; IC     ; 1      ; IOIBUF_X148_Y16_N32 ;            ; CLK_50~input|i                                                                                                                     ;
;   0.261 ;   0.261  ; RR ; CELL   ; 1      ; IOIBUF_X148_Y16_N32 ;            ; CLK_50~input|o                                                                                                                     ;
;   0.336 ;   0.075  ; RR ; CELL   ; 1      ; IOIBUF_X148_Y16_N32 ;            ; CLK_50~input~io_48_lvds_tile_edge/ioclkin[0]                                                                                       ;
;   0.336 ;   0.000  ; RR ; IC     ; 2      ; CLKCTRL_3A_G_I20    ;            ; CLK_50~inputCLKENA0|inclk                                                                                                          ;
;   0.613 ;   0.277  ; RR ; CELL   ; 181589 ; CLKCTRL_3A_G_I20    ;            ; CLK_50~inputCLKENA0|outclk                                                                                                         ;
;   2.684 ;   2.071  ; RR ; IC     ; 1      ; FF_X112_Y3_N37      ; High Speed ; System|master_0|master_0|jtag_phy_embedded_in_jtag_master|normal.jtag_dc_streaming|sink_crosser|out_to_in_synchronizer|dreg[1]|clk ;
;   2.684 ;   0.000  ; RR ; CELL   ; 1      ; FF_X112_Y3_N37      ; High Speed ; System|master_0|master_0|jtag_phy_embedded_in_jtag_master|normal.jtag_dc_streaming|sink_crosser|out_to_in_synchronizer|dreg[1]     ;
;   2.484 ;   -0.200 ;    ;        ;        ;                     ;            ; clock pessimism removed                                                                                                            ;
; 2.484   ; 0.000    ;    ;        ;        ;                     ;            ; clock uncertainty                                                                                                                  ;
; 2.551   ; 0.067    ;    ; uTh    ; 1      ; FF_X112_Y3_N37      ;            ; System|master_0|master_0|jtag_phy_embedded_in_jtag_master|normal.jtag_dc_streaming|sink_crosser|out_to_in_synchronizer|dreg[1]     ;
+---------+----------+----+--------+--------+---------------------+------------+------------------------------------------------------------------------------------------------------------------------------------+



+------------------------------------------------------------------+
; Unconstrained Paths Summary                                      ;
+---------------------------------------------------+-------+------+
; Property                                          ; Setup ; Hold ;
+---------------------------------------------------+-------+------+
; Illegal Clocks                                    ; 0     ; 0    ;
; Unconstrained Clocks                              ; 1     ; 1    ;
; Unconstrained Input Ports                         ; 3     ; 3    ;
; Paths from Unconstrained Input Ports (Pairs-Only) ; 78    ; 78   ;
; Unconstrained Output Ports                        ; 5     ; 5    ;
; Paths to Unconstrained Output Ports (Pairs-Only)  ; 8     ; 8    ;
+---------------------------------------------------+-------+------+


+-----------------------------------------------------+
; Clock Status Summary                                ;
+---------------------+--------+------+---------------+
; Target              ; Clock  ; Type ; Status        ;
+---------------------+--------+------+---------------+
; altera_reserved_tck ;        ; Base ; Unconstrained ;
; CLK_50              ; CLK_50 ; Base ; Constrained   ;
+---------------------+--------+------+---------------+


+------------------------------------------------------------------------------------------------------------+
; Unconstrained Input Ports                                                                                  ;
+---------------------+--------------------------------------------------------------------------------------+
; Input Port          ; Comment                                                                              ;
+---------------------+--------------------------------------------------------------------------------------+
; BTN_RESET           ; Partially constrained                                                                ;
; altera_reserved_tdi ; No input delay, min/max delays, false-path exceptions, or max skew assignments found ;
; altera_reserved_tms ; No input delay, min/max delays, false-path exceptions, or max skew assignments found ;
+---------------------+--------------------------------------------------------------------------------------+


+-------------------------------------------------------------------------------------------------------------+
; Unconstrained Output Ports                                                                                  ;
+---------------------+---------------------------------------------------------------------------------------+
; Output Port         ; Comment                                                                               ;
+---------------------+---------------------------------------------------------------------------------------+
; LED_STATUS[0]       ; No output delay, min/max delays, false-path exceptions, or max skew assignments found ;
; LED_STATUS[1]       ; No output delay, min/max delays, false-path exceptions, or max skew assignments found ;
; LED_STATUS[2]       ; No output delay, min/max delays, false-path exceptions, or max skew assignments found ;
; LED_STATUS[3]       ; No output delay, min/max delays, false-path exceptions, or max skew assignments found ;
; altera_reserved_tdo ; No output delay, min/max delays, false-path exceptions, or max skew assignments found ;
+---------------------+---------------------------------------------------------------------------------------+


+------------------------------------------------------------------------------------------------------------+
; Unconstrained Input Ports                                                                                  ;
+---------------------+--------------------------------------------------------------------------------------+
; Input Port          ; Comment                                                                              ;
+---------------------+--------------------------------------------------------------------------------------+
; BTN_RESET           ; Partially constrained                                                                ;
; altera_reserved_tdi ; No input delay, min/max delays, false-path exceptions, or max skew assignments found ;
; altera_reserved_tms ; No input delay, min/max delays, false-path exceptions, or max skew assignments found ;
+---------------------+--------------------------------------------------------------------------------------+


+-------------------------------------------------------------------------------------------------------------+
; Unconstrained Output Ports                                                                                  ;
+---------------------+---------------------------------------------------------------------------------------+
; Output Port         ; Comment                                                                               ;
+---------------------+---------------------------------------------------------------------------------------+
; LED_STATUS[0]       ; No output delay, min/max delays, false-path exceptions, or max skew assignments found ;
; LED_STATUS[1]       ; No output delay, min/max delays, false-path exceptions, or max skew assignments found ;
; LED_STATUS[2]       ; No output delay, min/max delays, false-path exceptions, or max skew assignments found ;
; LED_STATUS[3]       ; No output delay, min/max delays, false-path exceptions, or max skew assignments found ;
; altera_reserved_tdo ; No output delay, min/max delays, false-path exceptions, or max skew assignments found ;
+---------------------+---------------------------------------------------------------------------------------+


-------------
; INI Usage ;
-------------
Nothing to report.


+-----------------------------------------------------------------------------+
; Multicorner Timing Analysis Summary                                         ;
+------------------+-------+-------+----------+---------+---------------------+
; Clock            ; Setup ; Hold  ; Recovery ; Removal ; Minimum Pulse Width ;
+------------------+-------+-------+----------+---------+---------------------+
; Worst-case Slack ; 5.644 ; 0.015 ; 14.533   ; 0.227   ; 9.428               ;
;  CLK_50          ; 5.644 ; 0.015 ; 14.533   ; 0.227   ; 9.428               ;
; Design-wide TNS  ; 0.0   ; 0.0   ; 0.0      ; 0.0     ; 0.0                 ;
;  CLK_50          ; 0.000 ; 0.000 ; 0.000    ; 0.000   ; 0.000               ;
+------------------+-------+-------+----------+---------+---------------------+


+--------------------------+
; Timing Analyzer Messages ;
+--------------------------+
Info (20030): Parallel compilation is enabled and will use 12 of the 12 processors detected
Info: *******************************************************************
Info: Running Quartus Prime Timing Analyzer
    Info: Version 24.1.0 Build 115 03/21/2024 SC Pro Edition
    Info: Processing started: Tue Mar  3 13:31:28 2026
    Info: System process ID: 19160
Info: Command: quartus_sta SummerResearchProject -c NonDPR --mode=finalize
Info: qsta_default_script.tcl version: #2
Info (16677): Loading final database.
Info (16734): Loading "final" snapshot for partition "root_partition".
Info (16734): Loading "final" snapshot for partition "auto_fab_0".
Info (16678): Successfully loaded final database: elapsed time is 00:00:05.
Warning (20846): The entity name "SummerResearchTopLevel" specified on the assignment "set_instance_assignment -name PARTITION top_level_systolic_array -to npu_core -entity SummerResearchTopLevel does not exist in the design".
Warning (20846): The entity name "SummerResearchTopLevel" specified on the assignment "set_instance_assignment -name PARTITION_COLOUR 4294937543 -to npu_core -entity SummerResearchTopLevel does not exist in the design".
Warning (20846): The entity name "SummerResearchTopLevel" specified on the assignment "set_instance_assignment -name PARTIAL_RECONFIGURATION_PARTITION ON -to npu_core -entity SummerResearchTopLevel does not exist in the design".
Info (21076): Core supply voltage operating condition is not set. Assuming a default value of '0.9V'.
Info (21077): Low junction temperature is 0 degrees C
Info (21077): High junction temperature is 100 degrees C
Info (332164): Evaluating HDL-embedded SDC commands
    Info (332165): Entity alt_jtag_atlantic
        Info (332166): set_false_path -from [get_registers {*|alt_jtag_atlantic:*|jupdate}] -to [get_registers {*|alt_jtag_atlantic:*|jupdate1*}] 
        Info (332166): set_false_path -from [get_registers {*|alt_jtag_atlantic:*|rdata[*]}] -to [get_registers {*|alt_jtag_atlantic*|td_shift[*]}]
        Info (332166): set_false_path -from [get_registers {*|alt_jtag_atlantic:*|read}] -to [get_registers {*|alt_jtag_atlantic:*|read1*}] 
        Info (332166): set_false_path -from [get_registers {*|alt_jtag_atlantic:*|read_req}]
        Info (332166): set_false_path -from [get_registers {*|alt_jtag_atlantic:*|rvalid}] -to [get_registers {*|alt_jtag_atlantic*|td_shift[*]}]
        Info (332166): set_false_path -from [get_registers {*|t_dav}] -to [get_registers {*|alt_jtag_atlantic:*|tck_t_dav}]
        Info (332166): set_false_path -from [get_registers {*|alt_jtag_atlantic:*|user_saw_rvalid}] -to [get_registers {*|alt_jtag_atlantic:*|rvalid0*}]
        Info (332166): set_false_path -from [get_registers {*|alt_jtag_atlantic:*|wdata[*]}] -to [get_registers {*}]
        Info (332166): set_false_path -from [get_registers {*|alt_jtag_atlantic:*|write}] -to [get_registers {*|alt_jtag_atlantic:*|write1*}] 
        Info (332166): set_false_path -from [get_registers {*|alt_jtag_atlantic:*|write_stalled}] -to [get_registers {*|alt_jtag_atlantic:*|t_ena*}]
        Info (332166): set_false_path -from [get_registers {*|alt_jtag_atlantic:*|write_stalled}] -to [get_registers {*|alt_jtag_atlantic:*|t_pause*}]
        Info (332166): set_false_path -from [get_registers {*|alt_jtag_atlantic:*|write_valid}]
    Info (332165): Entity altera_std_synchronizer
        Info (332166): set_false_path -to [get_keepers {*altera_std_synchronizer:*|din_s1}]
Info (19539): Reading the HDL-embedded SDC files elapsed 00:00:00.
Info (332104): Reading SDC File: 'NonDPR.out.sdc'
Info (332151): Clock uncertainty is not calculated until you update the timing netlist.
Warning (332174): Ignored filter at NonDPR.out.sdc(17): altera_reserved_tck could not be matched with a clock File: C:/Users/pchh520/Documents/GitHub/part-4-project/SummerResearch/quartus/NonDPR.out.sdc Line: 17
Warning (332054): Assignment set_clock_groups is accepted but has some problems at NonDPR.out.sdc(17): Argument -group with value [get_clocks {altera_reserved_tck}] contains zero elements File: C:/Users/pchh520/Documents/GitHub/part-4-project/SummerResearch/quartus/NonDPR.out.sdc Line: 17
    Info (332050): set_clock_groups -asynchronous -group [get_clocks {CLK_50}] -group [get_clocks {altera_reserved_tck}] File: C:/Users/pchh520/Documents/GitHub/part-4-project/SummerResearch/quartus/NonDPR.out.sdc Line: 17
Info (332104): Reading SDC File: 'ip/NonDPR/NonDPR_master_0/altera_jtag_dc_streaming_191/synth/altera_avalon_st_jtag_interface.sdc'
Info (18794): Reading SDC File: 'ip/NonDPR/NonDPR_master_0/altera_reset_controller_1922/synth/altera_reset_controller.sdc' for instance: 'System|master_0|master_0|rst_controller'
Info: Following instance found in the design -  System|master_0|master_0|rst_controller|*
Info (18794): Reading SDC File: 'ip/NonDPR/NonDPR_master_0/altera_reset_controller_1922/synth/altera_reset_controller.sdc' for instance: 'System|rst_controller'
Info: Following instance found in the design -  System|rst_controller|*
Info (18794): Reading SDC File: 'NonDPR/altera_reset_controller_1922/synth/altera_reset_controller.sdc' for instance: 'System|master_0|master_0|rst_controller'
Info: Following instance found in the design -  System|master_0|master_0|rst_controller|*
Info (18794): Reading SDC File: 'NonDPR/altera_reset_controller_1922/synth/altera_reset_controller.sdc' for instance: 'System|rst_controller'
Info: Following instance found in the design -  System|rst_controller|*
Info (18794): Reading SDC File: 'ip/NonDPR/NonDPR_intel_niosv_g_0/altera_reset_controller_1922/synth/altera_reset_controller.sdc' for instance: 'System|master_0|master_0|rst_controller'
Info: Following instance found in the design -  System|master_0|master_0|rst_controller|*
Info (18794): Reading SDC File: 'ip/NonDPR/NonDPR_intel_niosv_g_0/altera_reset_controller_1922/synth/altera_reset_controller.sdc' for instance: 'System|rst_controller'
Info: Following instance found in the design -  System|rst_controller|*
Info (332104): Reading SDC File: 'ip/NonDPR/NonDPR_intel_niosv_g_0/intel_niosv_dbg_mod_210/synth/altera_avalon_st_handshake_clock_crosser.sdc'
Info (332104): Reading SDC File: 'ip/NonDPR/NonDPR_intel_niosv_g_0/intel_niosv_dbg_mod_210/synth/altera_reset_controller.sdc'
Info: Following instance found in the design -  
Info (332104): Reading SDC File: 'C:/Users/pchh520/Documents/GitHub/part-4-project/SummerResearch/quartus/dni/sandboxes/EN433358_20036_0/sld/default_jtag.sdc'
Info (19449): Reading SDC files elapsed 00:00:02.
Warning (332060): Node: altera_reserved_tck was determined to be a clock but was found without an associated clock assignment.
    Info (13166): Register System|intel_niosv_g_0|intel_niosv_g_0|dbg_mod|dtm_inst|read_rsp_pndg is being clocked by altera_reserved_tck
Info (332123): Deriving Clock Uncertainty. Please refer to report_sdc in the Timing Analyzer to see clock uncertainties.
Info: Found TIMING_ANALYZER_REPORT_SCRIPT_INCLUDE_DEFAULT_ANALYSIS = ON
Info (332146): Worst-case setup slack is 5.644
    Info (332119):     Slack       End Point TNS Failing End Points      Clock Worst-Case Operating Conditions 
    Info (332119): ========= =================== ========= ========== ===================== 
    Info (332119):     5.644               0.000         0     CLK_50 Slow 900mV 100C Model 
Info (332146): Worst-case hold slack is 0.015
    Info (332119):     Slack       End Point TNS Failing End Points      Clock Worst-Case Operating Conditions 
    Info (332119): ========= =================== ========= ========== ===================== 
    Info (332119):     0.015               0.000         0     CLK_50   Fast 900mV 0C Model 
Info (332146): Worst-case recovery slack is 14.533
    Info (332119):     Slack       End Point TNS Failing End Points      Clock Worst-Case Operating Conditions 
    Info (332119): ========= =================== ========= ========== ===================== 
    Info (332119):    14.533               0.000         0     CLK_50   Slow 900mV 0C Model 
Info (332146): Worst-case removal slack is 0.227
    Info (332119):     Slack       End Point TNS Failing End Points      Clock Worst-Case Operating Conditions 
    Info (332119): ========= =================== ========= ========== ===================== 
    Info (332119):     0.227               0.000         0     CLK_50   Fast 900mV 0C Model 
Info (332140): No Setup paths to report
Info (332140): No Recovery paths to report
Info (332146): Worst-case minimum pulse width slack is 9.428
    Info (332119):     Slack       End Point TNS Failing End Points      Clock Worst-Case Operating Conditions 
    Info (332119): ========= =================== ========= ========== ===================== 
    Info (332119):     9.428               0.000         0     CLK_50   Slow 900mV 0C Model 
Warning (17897): No destination clock period was found satisfying the set_net_delay assignment from "[get_registers {System|master_0|master_0|jtag_phy_embedded_in_jtag_master|normal.jtag_dc_streaming|sink_crosser|in_data_toggle}]" to "[get_registers {System|master_0|master_0|jtag_phy_embedded_in_jtag_master|normal.jtag_dc_streaming|sink_crosser|in_to_out_synchronizer|din_s1}]". The assignment at location altera_avalon_st_handshake_clock_crosser.sdc:100 is invalid.
Warning (17897): No destination clock period was found satisfying the set_net_delay assignment from "[get_registers {System|master_0|master_0|jtag_phy_embedded_in_jtag_master|normal.jtag_dc_streaming|sink_crosser|in_data_buffer*}]" to "[get_registers {System|master_0|master_0|jtag_phy_embedded_in_jtag_master|normal.jtag_dc_streaming|sink_crosser|out_data_buffer*}]". The assignment at location altera_avalon_st_handshake_clock_crosser.sdc:83 is invalid.
Warning (17897): No destination clock period was found satisfying the set_net_delay assignment from "[get_registers {System|intel_niosv_g_0|intel_niosv_g_0|dbg_mod|dtm_inst|rsp_clk_xer|clock_xer|in_data_buffer*}]" to "[get_registers {System|intel_niosv_g_0|intel_niosv_g_0|dbg_mod|dtm_inst|rsp_clk_xer|clock_xer|out_data_buffer*}]". The assignment at location altera_avalon_st_handshake_clock_crosser.sdc:83 is invalid.
Warning (17897): No destination clock period was found satisfying the set_net_delay assignment from "[get_registers {System|intel_niosv_g_0|intel_niosv_g_0|dbg_mod|dtm_inst|rsp_clk_xer|clock_xer|in_data_toggle}]" to "[get_registers {System|intel_niosv_g_0|intel_niosv_g_0|dbg_mod|dtm_inst|rsp_clk_xer|clock_xer|in_to_out_synchronizer|din_s1}]". The assignment at location altera_avalon_st_handshake_clock_crosser.sdc:100 is invalid.
Warning (17897): No destination clock period was found satisfying the set_net_delay assignment from "[get_registers {System|intel_niosv_g_0|intel_niosv_g_0|dbg_mod|dtm_inst|cmd_clk_xer|clock_xer|out_data_toggle_flopped_n}]" to "[get_registers {System|intel_niosv_g_0|intel_niosv_g_0|dbg_mod|dtm_inst|cmd_clk_xer|clock_xer|out_to_in_synchronizer|din_s1}]". The assignment at location altera_avalon_st_handshake_clock_crosser.sdc:118 is invalid.
Info (332114): Report Metastability (Slow 900mV 100C Model): Found 9 synchronizer chains.
    Info (332114): Worst-Case MTBF of Design is 1e+09 years or 3.15e+16 seconds.
    Info (332114): Typical MTBF of Design is 1e+09 years or 3.15e+16 seconds.

    Info (332114): MTBF(design) = 1 / SUM(1 / MTBF(synchronizer chain))

    Info (332114): Number of Synchronizer Chains Found: 9
    Info (332114): Shortest Synchronizer Chain: 2 Registers
    Info (332114): Number of Chains For Which MTBFs Could Not be Calculated Due to Timing Violations: 0, or 0.0%.
    Info (332114): Number of Chains Excluded from MTBF Analysis: 5, or 55.6%
    Info (332114): Worst Case Available Settling Time: 38.028 ns

    Info (332114): Worst-Case MTBF values are calculated based on the worst-case silicon characteristics, with worst-case operating conditions.
    Info (332114):   - Under worst-case conditions, an increase of 100ps in available settling time will increase MTBF values by a factor of 288.8
    Info (332114): Typical MTBF values are calculated based on the nominal silicon characteristics, at nominal operating conditions.
    Info (332114):   - Under typical conditions, an increase of 100ps in available settling time will increase MTBF values by a factor of 4590.3
Info (332114): Report Metastability (Slow 900mV 0C Model): Found 9 synchronizer chains.
    Info (332114): Worst-Case MTBF of Design is 1e+09 years or 3.15e+16 seconds.
    Info (332114): Typical MTBF of Design is 1e+09 years or 3.15e+16 seconds.

    Info (332114): MTBF(design) = 1 / SUM(1 / MTBF(synchronizer chain))

    Info (332114): Number of Synchronizer Chains Found: 9
    Info (332114): Shortest Synchronizer Chain: 2 Registers
    Info (332114): Number of Chains For Which MTBFs Could Not be Calculated Due to Timing Violations: 0, or 0.0%.
    Info (332114): Number of Chains Excluded from MTBF Analysis: 5, or 55.6%
    Info (332114): Worst Case Available Settling Time: 38.031 ns

    Info (332114): Worst-Case MTBF values are calculated based on the worst-case silicon characteristics, with worst-case operating conditions.
    Info (332114):   - Under worst-case conditions, an increase of 100ps in available settling time will increase MTBF values by a factor of 78.2
    Info (332114): Typical MTBF values are calculated based on the nominal silicon characteristics, at nominal operating conditions.
    Info (332114):   - Under typical conditions, an increase of 100ps in available settling time will increase MTBF values by a factor of 4590.3
Info (332114): Report Metastability (Fast 900mV 100C Model): Found 9 synchronizer chains.
    Info (332114): Worst-Case MTBF of Design is 1e+09 years or 3.15e+16 seconds.
    Info (332114): Typical MTBF of Design is 1e+09 years or 3.15e+16 seconds.

    Info (332114): MTBF(design) = 1 / SUM(1 / MTBF(synchronizer chain))

    Info (332114): Number of Synchronizer Chains Found: 9
    Info (332114): Shortest Synchronizer Chain: 2 Registers
    Info (332114): Number of Chains For Which MTBFs Could Not be Calculated Due to Timing Violations: 0, or 0.0%.
    Info (332114): Number of Chains Excluded from MTBF Analysis: 5, or 55.6%
    Info (332114): Worst Case Available Settling Time: 38.762 ns

    Info (332114): Worst-Case MTBF values are calculated based on the worst-case silicon characteristics, with worst-case operating conditions.
    Info (332114):   - Under worst-case conditions, an increase of 100ps in available settling time will increase MTBF values by a factor of 288.8
    Info (332114): Typical MTBF values are calculated based on the nominal silicon characteristics, at nominal operating conditions.
    Info (332114):   - Under typical conditions, an increase of 100ps in available settling time will increase MTBF values by a factor of 4590.3
Info (332114): Report Metastability (Fast 900mV 0C Model): Found 9 synchronizer chains.
    Info (332114): Worst-Case MTBF of Design is 1e+09 years or 3.15e+16 seconds.
    Info (332114): Typical MTBF of Design is 1e+09 years or 3.15e+16 seconds.

    Info (332114): MTBF(design) = 1 / SUM(1 / MTBF(synchronizer chain))

    Info (332114): Number of Synchronizer Chains Found: 9
    Info (332114): Shortest Synchronizer Chain: 2 Registers
    Info (332114): Number of Chains For Which MTBFs Could Not be Calculated Due to Timing Violations: 0, or 0.0%.
    Info (332114): Number of Chains Excluded from MTBF Analysis: 5, or 55.6%
    Info (332114): Worst Case Available Settling Time: 38.893 ns

    Info (332114): Worst-Case MTBF values are calculated based on the worst-case silicon characteristics, with worst-case operating conditions.
    Info (332114):   - Under worst-case conditions, an increase of 100ps in available settling time will increase MTBF values by a factor of 78.2
    Info (332114): Typical MTBF values are calculated based on the nominal silicon characteristics, at nominal operating conditions.
    Info (332114):   - Under typical conditions, an increase of 100ps in available settling time will increase MTBF values by a factor of 4590.3
Info (332102): Design is not fully constrained for setup requirements
Info (332102): Design is not fully constrained for hold requirements
Info (24095): Timing requirements were met
Info: Quartus Prime Timing Analyzer was successful. 0 errors, 11 warnings
    Info: Peak virtual memory: 5276 megabytes
    Info: Processing ended: Tue Mar  3 13:31:50 2026
    Info: Elapsed time: 00:00:22
    Info: System process ID: 19160
Info (19538): Reading SDC files took 00:00:02 cumulatively in this process.


