Timing Analyzer report for NonDPR
Wed Mar 11 13:48:23 2026
Quartus Prime Version 24.1.0 Build 115 03/21/2024 SC Pro Edition


---------------------
; Table of Contents ;
---------------------
  1. Legal Notice
  2. Timing Analyzer Summary
  3. Timing Delays: Final Snapshot
  4. Parallel Compilation
  5. SDC File List
  6. Clocks
  7. Timing Closure Summary
  8. Fmax Summary
  9. Setup Summary
 10. Hold Summary
 11. Recovery Summary
 12. Removal Summary
 13. Minimum Pulse Width Summary
 14. Net Delay Summary
 15. Metastability Summary Slow 900mV 100C Model
 16. Metastability Summary Slow 900mV 0C Model
 17. Metastability Summary Fast 900mV 100C Model
 18. Metastability Summary Fast 900mV 0C Model
 19. Board Trace Model Assignments
 20. Input Transition Times
 21. Signal Integrity Metrics (Slow 900mv 100c Model)
 22. Setup Transfers
 23. Hold Transfers
 24. Recovery Transfers
 25. Removal Transfers
---- Setup Reports ----
     ---- CLK_50 Reports ----
           26. Command Info
           27. Summary of Paths
           28. Path #1: Setup slack is 5.236 
           29. Path #2: Setup slack is 5.681 
           30. Path #3: Setup slack is 5.731 
           31. Path #4: Setup slack is 5.767 
           32. Path #5: Setup slack is 5.794 
           33. Path #6: Setup slack is 5.861 
           34. Path #7: Setup slack is 5.867 
           35. Path #8: Setup slack is 5.875 
           36. Path #9: Setup slack is 5.899 
           37. Path #10: Setup slack is 5.995 
---- Hold Reports ----
     ---- CLK_50 Reports ----
           38. Command Info
           39. Summary of Paths
           40. Path #1: Hold slack is 0.017 
           41. Path #2: Hold slack is 0.018 
           42. Path #3: Hold slack is 0.018 
           43. Path #4: Hold slack is 0.019 
           44. Path #5: Hold slack is 0.019 
           45. Path #6: Hold slack is 0.019 
           46. Path #7: Hold slack is 0.020 
           47. Path #8: Hold slack is 0.020 
           48. Path #9: Hold slack is 0.020 
           49. Path #10: Hold slack is 0.020 
---- Recovery Reports ----
     ---- CLK_50 Reports ----
           50. Command Info
           51. Summary of Paths
           52. Path #1: Recovery slack is 11.935 
           53. Path #2: Recovery slack is 11.936 
           54. Path #3: Recovery slack is 11.936 
           55. Path #4: Recovery slack is 11.938 
           56. Path #5: Recovery slack is 11.940 
           57. Path #6: Recovery slack is 11.959 
           58. Path #7: Recovery slack is 11.961 
           59. Path #8: Recovery slack is 11.961 
           60. Path #9: Recovery slack is 11.962 
           61. Path #10: Recovery slack is 11.963 
---- Removal Reports ----
     ---- CLK_50 Reports ----
           62. Command Info
           63. Summary of Paths
           64. Path #1: Removal slack is 0.176 
           65. Path #2: Removal slack is 0.176 
           66. Path #3: Removal slack is 0.177 
           67. Path #4: Removal slack is 0.177 
           68. Path #5: Removal slack is 0.178 
           69. Path #6: Removal slack is 0.179 
           70. Path #7: Removal slack is 0.180 
           71. Path #8: Removal slack is 0.195 
           72. Path #9: Removal slack is 0.195 
           73. Path #10: Removal slack is 0.195 
---- Unconstrained Paths Reports ----
      74. Unconstrained Paths Summary
      75. Clock Status Summary
     ---- Setup Analysis Reports ----
           76. Unconstrained Input Ports
           77. Unconstrained Output Ports
     ---- Hold Analysis Reports ----
           78. Unconstrained Input Ports
           79. Unconstrained Output Ports
 80. INI Usage
 81. Multicorner Timing Analysis Summary
 82. Timing Analyzer Messages



----------------
; Legal Notice ;
----------------
Copyright (C) 2024  Intel Corporation. All rights reserved.
Your use of Intel Corporation's design tools, logic functions 
and other software and tools, and any partner logic 
functions, and any output files from any of the foregoing 
(including device programming or simulation files), and any 
associated documentation or information are expressly subject 
to the terms and conditions of the Intel Program License 
Subscription Agreement, the Intel Quartus Prime License Agreement,
the Intel FPGA IP License Agreement, or other applicable license
agreement, including, without limitation, that your use is for
the sole purpose of programming logic devices manufactured by
Intel and sold by Intel or its authorized distributors.  Please
refer to the Intel FPGA Software License Subscription Agreements 
on the Quartus Prime software download page.



+----------------------------------------------------------------------------+
; Timing Analyzer Summary                                                    ;
+-----------------------+----------------------------------------------------+
; Quartus Prime Version ; Version 24.1.0 Build 115 03/21/2024 SC Pro Edition ;
; Timing Analyzer       ; Timing Analyzer                                    ;
; Revision Name         ; NonDPR                                             ;
; Device Family         ; Arria 10                                           ;
; Device                ; 10AS066N3F40E2SG                                   ;
; Snapshot              ; final                                              ;
; Timing Models         ; Final                                              ;
; Power Models          ; Final                                              ;
; Device Status         ; Final                                              ;
; Rise/Fall Delays      ; Enabled                                            ;
+-----------------------+----------------------------------------------------+


+---------------------------------------------+
; Timing Delays: Final Snapshot               ;
+----------------------------------+----------+
; Snapshot                         ; final    ;
; Periphery block cell delays      ; Sign-off ;
; Core block cell delays           ; Sign-off ;
; Routing interconnect (IC) delays ; Sign-off ;
+----------------------------------+----------+


+-------------------------------------+
; Parallel Compilation                ;
+----------------------------+--------+
; Processors                 ; Number ;
+----------------------------+--------+
; Number detected on machine ; 20     ;
; Maximum allowed            ; 12     ;
+----------------------------+--------+


+----------------------------------------------------------------------------------------------------------------------------------------------------------------------------------------------------------------------------------------------------------------------------------------------------------------------+
; SDC File List                                                                                                                                                                                                                                                                                                        ;
+-----------------------------------------------------------------------------------------------------------------------------+-----------------------------------------+---------------------------------+------------------------------+----------+--------+--------------------------+-----------------+------------+
; SDC File Path                                                                                                               ; Instance                                ; Entity                          ; Library                      ; Promoted ; Status ; Read at                  ; Processing Time ; SDC on RTL ;
+-----------------------------------------------------------------------------------------------------------------------------+-----------------------------------------+---------------------------------+------------------------------+----------+--------+--------------------------+-----------------+------------+
; NonDPR.out.sdc                                                                                                              ;                                         ;                                 ;                              ; No       ; OK     ; Mon Mar  9 19:26:27 2026 ; 00:00:00        ; No         ;
; ip/NonDPR/NonDPR_master_0/altera_jtag_dc_streaming_191/synth/altera_avalon_st_jtag_interface.sdc                            ;                                         ; altera_avalon_st_jtag_interface ; altera_jtag_dc_streaming_191 ; No       ; OK     ; Mon Mar  9 19:26:27 2026 ; 00:00:00        ; No         ;
; ip/NonDPR/NonDPR_master_0/altera_reset_controller_1922/synth/altera_reset_controller.sdc                                    ; System|master_0|master_0|rst_controller ; altera_reset_controller         ; altera_reset_controller_1922 ; No       ; OK     ; Mon Mar  9 19:26:29 2026 ; 00:00:02        ; No         ;
; ip/NonDPR/NonDPR_master_0/altera_reset_controller_1922/synth/altera_reset_controller.sdc                                    ; System|rst_controller                   ; altera_reset_controller         ; altera_reset_controller_1922 ; No       ; OK     ; Mon Mar  9 19:26:29 2026 ; 00:00:00        ; No         ;
; NonDPR/altera_reset_controller_1922/synth/altera_reset_controller.sdc                                                       ; System|master_0|master_0|rst_controller ; altera_reset_controller         ; altera_reset_controller_1922 ; No       ; OK     ; Mon Mar  9 19:26:29 2026 ; 00:00:00        ; No         ;
; NonDPR/altera_reset_controller_1922/synth/altera_reset_controller.sdc                                                       ; System|rst_controller                   ; altera_reset_controller         ; altera_reset_controller_1922 ; No       ; OK     ; Mon Mar  9 19:26:29 2026 ; 00:00:00        ; No         ;
; ip/NonDPR/NonDPR_intel_niosv_g_0/altera_reset_controller_1922/synth/altera_reset_controller.sdc                             ; System|master_0|master_0|rst_controller ; altera_reset_controller         ; altera_reset_controller_1922 ; No       ; OK     ; Mon Mar  9 19:26:29 2026 ; 00:00:00        ; No         ;
; ip/NonDPR/NonDPR_intel_niosv_g_0/altera_reset_controller_1922/synth/altera_reset_controller.sdc                             ; System|rst_controller                   ; altera_reset_controller         ; altera_reset_controller_1922 ; No       ; OK     ; Mon Mar  9 19:26:29 2026 ; 00:00:00        ; No         ;
; ip/NonDPR/NonDPR_intel_niosv_g_0/intel_niosv_dbg_mod_210/synth/altera_avalon_st_handshake_clock_crosser.sdc                 ;                                         ; niosv_dm_top                    ; intel_niosv_dbg_mod_210      ; No       ; OK     ; Mon Mar  9 19:26:29 2026 ; 00:00:00        ; No         ;
; ip/NonDPR/NonDPR_intel_niosv_g_0/intel_niosv_dbg_mod_210/synth/altera_reset_controller.sdc                                  ;                                         ; niosv_dm_top                    ; intel_niosv_dbg_mod_210      ; No       ; OK     ; Mon Mar  9 19:26:29 2026 ; 00:00:00        ; No         ;
; C:/Users/pchh520/Documents/GitHub/part-4-project/SummerResearch/quartus/dni/sandboxes/EN433358_25024_0/sld/default_jtag.sdc ;                                         ; alt_sld_fab_0                   ; altera_work                  ; No       ; OK     ; Mon Mar  9 19:26:29 2026 ; 00:00:00        ; No         ;
+-----------------------------------------------------------------------------------------------------------------------------+-----------------------------------------+---------------------------------+------------------------------+----------+--------+--------------------------+-----------------+------------+
Note: All paths for non-entity SDC files are reported relative to the project directory (C:/Users/pchh520/Documents/GitHub/part-4-project/SummerResearch/quartus/).


+------------------------------------------------------------------------------------------------------------------------------------------------------------------------------------+
; Clocks                                                                                                                                                                             ;
+------------+------+--------+-----------+-------+--------+------------+-----------+-------------+-------+--------+-----------+------------+----------+--------+--------+------------+
; Clock Name ; Type ; Period ; Frequency ; Rise  ; Fall   ; Duty Cycle ; Divide by ; Multiply by ; Phase ; Offset ; Edge List ; Edge Shift ; Inverted ; Master ; Source ; Targets    ;
+------------+------+--------+-----------+-------+--------+------------+-----------+-------------+-------+--------+-----------+------------+----------+--------+--------+------------+
; CLK_50     ; Base ; 20.000 ; 50.0 MHz  ; 0.000 ; 10.000 ;            ;           ;             ;       ;        ;           ;            ;          ;        ;        ; { CLK_50 } ;
+------------+------+--------+-----------+-------+--------+------------+-----------+-------------+-------+--------+-----------+------------+----------+--------+--------+------------+


+--------------------------------------------------------------------+
; Timing Closure Summary                                             ;
+------------------------------------------------------+-------------+
; Panel Name                                           ; Result Flag ;
+------------------------------------------------------+-------------+
; Timing Closure                                       ; Pass        ;
;   Setup Summary                                      ; Pass        ;
;   Hold Summary                                       ; Pass        ;
;   Recovery Summary                                   ; Pass        ;
;   Removal Summary                                    ; Pass        ;
;   Setup Data Delay Summary                           ; Not Found   ;
;   Recovery Data Delay Summary                        ; Not Found   ;
;   Minimum Pulse Width Summary                        ; Pass        ;
;   Max Skew Summary                                   ; Not Found   ;
;   Max Clock Skew Summary                             ; Not Found   ;
;   Net Delay Summary                                  ; Pass        ;
;   Metastability Summary                              ; Pass        ;
;   Double Data Rate (DDR) Summary                     ; Not Found   ;
;   Transmitter Channel-to-Channel Skew (TCCS) Summary ; Not Found   ;
;   Receiver Input Skew Margin (RSKM) Summary          ; Not Found   ;
;   Design Assistant Summary                           ; Not Found   ;
+------------------------------------------------------+-------------+


+-----------------------------------------------------------------------------------+
; Fmax Summary                                                                      ;
+-----------+-----------------+------------+------+---------------------------------+
; Fmax      ; Restricted Fmax ; Clock Name ; Note ; Worst-Case Operating Conditions ;
+-----------+-----------------+------------+------+---------------------------------+
; 67.73 MHz ; 67.73 MHz       ; CLK_50     ;      ; Slow 900mV 100C Model           ;
+-----------+-----------------+------------+------+---------------------------------+
This panel reports FMAX for every clock in the design, regardless of the user-specified clock periods.  FMAX is only computed for paths where the source and destination registers or ports are driven by the same clock.  Paths of different clocks, including generated clocks, are ignored.  For paths between a clock and its inversion, FMAX is computed as if the rising and falling edges are scaled along with FMAX, such that the duty cycle (in terms of a percentage) is maintained. Intel recommends that you always use clock constraints and other slack reports for sign-off analysis.
Delay Models:
Slow 900mV 100C Model
Slow 900mV 0C Model
Fast 900mV 100C Model
Fast 900mV 0C Model


+---------------------------------------------------------------------------------------+
; Setup Summary                                                                         ;
+--------+-------+---------------+--------------------+---------------------------------+
; Clock  ; Slack ; End Point TNS ; Failing End Points ; Worst-Case Operating Conditions ;
+--------+-------+---------------+--------------------+---------------------------------+
; CLK_50 ; 5.236 ; 0.000         ; 0                  ; Slow 900mV 100C Model           ;
+--------+-------+---------------+--------------------+---------------------------------+
Delay Models:
Slow 900mV 100C Model
Slow 900mV 0C Model
Fast 900mV 100C Model
Fast 900mV 0C Model


+---------------------------------------------------------------------------------------+
; Hold Summary                                                                          ;
+--------+-------+---------------+--------------------+---------------------------------+
; Clock  ; Slack ; End Point TNS ; Failing End Points ; Worst-Case Operating Conditions ;
+--------+-------+---------------+--------------------+---------------------------------+
; CLK_50 ; 0.017 ; 0.000         ; 0                  ; Fast 900mV 0C Model             ;
+--------+-------+---------------+--------------------+---------------------------------+
Delay Models:
Slow 900mV 100C Model
Slow 900mV 0C Model
Fast 900mV 100C Model
Fast 900mV 0C Model


+----------------------------------------------------------------------------------------+
; Recovery Summary                                                                       ;
+--------+--------+---------------+--------------------+---------------------------------+
; Clock  ; Slack  ; End Point TNS ; Failing End Points ; Worst-Case Operating Conditions ;
+--------+--------+---------------+--------------------+---------------------------------+
; CLK_50 ; 11.935 ; 0.000         ; 0                  ; Slow 900mV 100C Model           ;
+--------+--------+---------------+--------------------+---------------------------------+
Delay Models:
Slow 900mV 100C Model
Slow 900mV 0C Model
Fast 900mV 100C Model
Fast 900mV 0C Model


+---------------------------------------------------------------------------------------+
; Removal Summary                                                                       ;
+--------+-------+---------------+--------------------+---------------------------------+
; Clock  ; Slack ; End Point TNS ; Failing End Points ; Worst-Case Operating Conditions ;
+--------+-------+---------------+--------------------+---------------------------------+
; CLK_50 ; 0.176 ; 0.000         ; 0                  ; Fast 900mV 0C Model             ;
+--------+-------+---------------+--------------------+---------------------------------+
Delay Models:
Slow 900mV 100C Model
Slow 900mV 0C Model
Fast 900mV 100C Model
Fast 900mV 0C Model


+----------------------------------------------------------------------------------------------------+
; Minimum Pulse Width Summary                                                                        ;
+--------+-------+---------------+--------------------+------------+---------------------------------+
; Clock  ; Slack ; End Point TNS ; Failing End Points ; Type       ; Worst-Case Operating Conditions ;
+--------+-------+---------------+--------------------+------------+---------------------------------+
; CLK_50 ; 9.433 ; 0.000         ; 0                  ; High Pulse ; Slow 900mV 0C Model             ;
+--------+-------+---------------+--------------------+------------+---------------------------------+
Delay Models:
Slow 900mV 100C Model
Slow 900mV 0C Model
Fast 900mV 100C Model
Fast 900mV 0C Model


+------------------------------------------------------------------------------------------------------------------------------------------------------------------------------------------------------------------------------------------------------------------------------------------------------------------------------------------------------------------------------------------------------------------------------------------------------+
; Net Delay Summary                                                                                                                                                                                                                                                                                                                                                                                                                                    ;
+---------------+---------------+----------+---------------+---------------------------------------------------------------------------------------------------------------------------------------------+-------------------------------------------------------------------------------------------------------------------------------------------------+------+--------------------------------------------------+---------------------------------+
; Name          ; Slack         ; Required ; Actual        ; From                                                                                                                                        ; To                                                                                                                                              ; Type ; SDC Location                                     ; Worst-Case Operating Conditions ;
+---------------+---------------+----------+---------------+---------------------------------------------------------------------------------------------------------------------------------------------+-------------------------------------------------------------------------------------------------------------------------------------------------+------+--------------------------------------------------+---------------------------------+
; set_net_delay ; 15.417        ; 16.000   ; 0.583         ; [get_registers {System|intel_niosv_g_0|intel_niosv_g_0|dbg_mod|dtm_inst|cmd_clk_xer|clock_xer|in_data_buffer*}]                             ; [get_registers {System|intel_niosv_g_0|intel_niosv_g_0|dbg_mod|dtm_inst|cmd_clk_xer|clock_xer|out_data_buffer*}]                                ; max  ; altera_avalon_st_handshake_clock_crosser.sdc:83  ; Slow 900mV 100C Model           ;
; set_net_delay ; 15.455        ; 16.000   ; 0.545         ; [get_registers {System|intel_niosv_g_0|intel_niosv_g_0|dbg_mod|dtm_inst|rsp_clk_xer|clock_xer|out_data_toggle_flopped_n}]                   ; [get_registers {System|intel_niosv_g_0|intel_niosv_g_0|dbg_mod|dtm_inst|rsp_clk_xer|clock_xer|out_to_in_synchronizer|din_s1}]                   ; max  ; altera_avalon_st_handshake_clock_crosser.sdc:118 ; Slow 900mV 100C Model           ;
; set_net_delay ; 15.505        ; 16.000   ; 0.495         ; [get_registers {System|intel_niosv_g_0|intel_niosv_g_0|dbg_mod|dtm_inst|cmd_clk_xer|clock_xer|in_data_toggle}]                              ; [get_registers {System|intel_niosv_g_0|intel_niosv_g_0|dbg_mod|dtm_inst|cmd_clk_xer|clock_xer|in_to_out_synchronizer|din_s1}]                   ; max  ; altera_avalon_st_handshake_clock_crosser.sdc:100 ; Slow 900mV 100C Model           ;
; set_net_delay ; 15.544        ; 16.000   ; 0.456         ; [get_registers {System|master_0|master_0|jtag_phy_embedded_in_jtag_master|normal.jtag_dc_streaming|sink_crosser|out_data_toggle_flopped_n}] ; [get_registers {System|master_0|master_0|jtag_phy_embedded_in_jtag_master|normal.jtag_dc_streaming|sink_crosser|out_to_in_synchronizer|din_s1}] ; max  ; altera_avalon_st_handshake_clock_crosser.sdc:118 ; Slow 900mV 100C Model           ;
; set_net_delay ; Invalid clock ; --       ; Invalid clock ; [get_registers {System|master_0|master_0|jtag_phy_embedded_in_jtag_master|normal.jtag_dc_streaming|sink_crosser|in_data_buffer*}]           ; [get_registers {System|master_0|master_0|jtag_phy_embedded_in_jtag_master|normal.jtag_dc_streaming|sink_crosser|out_data_buffer*}]              ; max  ; altera_avalon_st_handshake_clock_crosser.sdc:83  ;                                 ;
; set_net_delay ; Invalid clock ; --       ; Invalid clock ; [get_registers {System|intel_niosv_g_0|intel_niosv_g_0|dbg_mod|dtm_inst|rsp_clk_xer|clock_xer|in_data_buffer*}]                             ; [get_registers {System|intel_niosv_g_0|intel_niosv_g_0|dbg_mod|dtm_inst|rsp_clk_xer|clock_xer|out_data_buffer*}]                                ; max  ; altera_avalon_st_handshake_clock_crosser.sdc:83  ;                                 ;
; set_net_delay ; Invalid clock ; --       ; Invalid clock ; [get_registers {System|master_0|master_0|jtag_phy_embedded_in_jtag_master|normal.jtag_dc_streaming|sink_crosser|in_data_toggle}]            ; [get_registers {System|master_0|master_0|jtag_phy_embedded_in_jtag_master|normal.jtag_dc_streaming|sink_crosser|in_to_out_synchronizer|din_s1}] ; max  ; altera_avalon_st_handshake_clock_crosser.sdc:100 ;                                 ;
; set_net_delay ; Invalid clock ; --       ; Invalid clock ; [get_registers {System|intel_niosv_g_0|intel_niosv_g_0|dbg_mod|dtm_inst|rsp_clk_xer|clock_xer|in_data_toggle}]                              ; [get_registers {System|intel_niosv_g_0|intel_niosv_g_0|dbg_mod|dtm_inst|rsp_clk_xer|clock_xer|in_to_out_synchronizer|din_s1}]                   ; max  ; altera_avalon_st_handshake_clock_crosser.sdc:100 ;                                 ;
; set_net_delay ; Invalid clock ; --       ; Invalid clock ; [get_registers {System|intel_niosv_g_0|intel_niosv_g_0|dbg_mod|dtm_inst|cmd_clk_xer|clock_xer|out_data_toggle_flopped_n}]                   ; [get_registers {System|intel_niosv_g_0|intel_niosv_g_0|dbg_mod|dtm_inst|cmd_clk_xer|clock_xer|out_to_in_synchronizer|din_s1}]                   ; max  ; altera_avalon_st_handshake_clock_crosser.sdc:118 ;                                 ;
+---------------+---------------+----------+---------------+---------------------------------------------------------------------------------------------------------------------------------------------+-------------------------------------------------------------------------------------------------------------------------------------------------+------+--------------------------------------------------+---------------------------------+


-----------------------------------------------
; Metastability Summary Slow 900mV 100C Model ;
-----------------------------------------------
Worst-Case MTBF of Design is 1e+09 years or 3.15e+16 seconds.
Typical MTBF of Design is 1e+09 years or 3.15e+16 seconds.

MTBF(design) = 1 / SUM(1 / MTBF(synchronizer chain))

Number of Synchronizer Chains Found: 9
Shortest Synchronizer Chain: 2 Registers
Number of Chains For Which MTBFs Could Not be Calculated Due to Timing Violations: 0, or 0.0%.
Number of Chains Excluded from MTBF Analysis: 5, or 55.6%
Worst Case Available Settling Time: 38.164 ns

Worst-Case MTBF values are calculated based on the worst-case silicon characteristics, with worst-case operating conditions.
  - Under worst-case conditions, an increase of 100ps in available settling time will increase MTBF values by a factor of 288.8
Typical MTBF values are calculated based on the nominal silicon characteristics, at nominal operating conditions.
  - Under typical conditions, an increase of 100ps in available settling time will increase MTBF values by a factor of 4590.3



---------------------------------------------
; Metastability Summary Slow 900mV 0C Model ;
---------------------------------------------
Worst-Case MTBF of Design is 1e+09 years or 3.15e+16 seconds.
Typical MTBF of Design is 1e+09 years or 3.15e+16 seconds.

MTBF(design) = 1 / SUM(1 / MTBF(synchronizer chain))

Number of Synchronizer Chains Found: 9
Shortest Synchronizer Chain: 2 Registers
Number of Chains For Which MTBFs Could Not be Calculated Due to Timing Violations: 0, or 0.0%.
Number of Chains Excluded from MTBF Analysis: 5, or 55.6%
Worst Case Available Settling Time: 38.208 ns

Worst-Case MTBF values are calculated based on the worst-case silicon characteristics, with worst-case operating conditions.
  - Under worst-case conditions, an increase of 100ps in available settling time will increase MTBF values by a factor of 78.2
Typical MTBF values are calculated based on the nominal silicon characteristics, at nominal operating conditions.
  - Under typical conditions, an increase of 100ps in available settling time will increase MTBF values by a factor of 4590.3



-----------------------------------------------
; Metastability Summary Fast 900mV 100C Model ;
-----------------------------------------------
Worst-Case MTBF of Design is 1e+09 years or 3.15e+16 seconds.
Typical MTBF of Design is 1e+09 years or 3.15e+16 seconds.

MTBF(design) = 1 / SUM(1 / MTBF(synchronizer chain))

Number of Synchronizer Chains Found: 9
Shortest Synchronizer Chain: 2 Registers
Number of Chains For Which MTBFs Could Not be Calculated Due to Timing Violations: 0, or 0.0%.
Number of Chains Excluded from MTBF Analysis: 5, or 55.6%
Worst Case Available Settling Time: 38.827 ns

Worst-Case MTBF values are calculated based on the worst-case silicon characteristics, with worst-case operating conditions.
  - Under worst-case conditions, an increase of 100ps in available settling time will increase MTBF values by a factor of 288.8
Typical MTBF values are calculated based on the nominal silicon characteristics, at nominal operating conditions.
  - Under typical conditions, an increase of 100ps in available settling time will increase MTBF values by a factor of 4590.3



---------------------------------------------
; Metastability Summary Fast 900mV 0C Model ;
---------------------------------------------
Worst-Case MTBF of Design is 1e+09 years or 3.15e+16 seconds.
Typical MTBF of Design is 1e+09 years or 3.15e+16 seconds.

MTBF(design) = 1 / SUM(1 / MTBF(synchronizer chain))

Number of Synchronizer Chains Found: 9
Shortest Synchronizer Chain: 2 Registers
Number of Chains For Which MTBFs Could Not be Calculated Due to Timing Violations: 0, or 0.0%.
Number of Chains Excluded from MTBF Analysis: 5, or 55.6%
Worst Case Available Settling Time: 38.994 ns

Worst-Case MTBF values are calculated based on the worst-case silicon characteristics, with worst-case operating conditions.
  - Under worst-case conditions, an increase of 100ps in available settling time will increase MTBF values by a factor of 78.2
Typical MTBF values are calculated based on the nominal silicon characteristics, at nominal operating conditions.
  - Under typical conditions, an increase of 100ps in available settling time will increase MTBF values by a factor of 4590.3



+------------------------------------------------------------------------------------------------------------------------------------------------------------------------------------------------------------------------------------------------------------------------------------------------------------------------------------------------------------------------------------------------------------------------+
; Board Trace Model Assignments                                                                                                                                                                                                                                                                                                                                                                                          ;
+---------------------+--------------+-------------------+-------------------------+-------------------------+---------------+---------------------+----------------+------------------+--------+------------------+------------------------+------------------------+--------------+---------------+-----------------+-------+---------------------+--------------------+---------------+-----------------+-------------+
; Pin                 ; I/O Standard ; Near Tline Length ; Near Tline L per Length ; Near Tline C per Length ; Near Series R ; Near Differential R ; Near Pull-up R ; Near Pull-down R ; Near C ; Far Tline Length ; Far Tline L per Length ; Far Tline C per Length ; Far Series R ; Far Pull-up R ; Far Pull-down R ; Far C ; Termination Voltage ; Far Differential R ; EBD File Name ; EBD Signal Name ; EBD Far-end ;
+---------------------+--------------+-------------------+-------------------------+-------------------------+---------------+---------------------+----------------+------------------+--------+------------------+------------------------+------------------------+--------------+---------------+-----------------+-------+---------------------+--------------------+---------------+-----------------+-------------+
; LED_STATUS(0)       ; 1.8 V        ; 0 in              ; 0 H/in                  ; 0 F/in                  ; short         ; -                   ; open           ; open             ; open   ; 0 in             ; 0 H/in                 ; 0 F/in                 ; short        ; open          ; open            ; open  ; 0 V                 ; -                  ; n/a           ; n/a             ; n/a         ;
; LED_STATUS(1)       ; 1.8 V        ; 0 in              ; 0 H/in                  ; 0 F/in                  ; short         ; -                   ; open           ; open             ; open   ; 0 in             ; 0 H/in                 ; 0 F/in                 ; short        ; open          ; open            ; open  ; 0 V                 ; -                  ; n/a           ; n/a             ; n/a         ;
; LED_STATUS(2)       ; 1.8 V        ; 0 in              ; 0 H/in                  ; 0 F/in                  ; short         ; -                   ; open           ; open             ; open   ; 0 in             ; 0 H/in                 ; 0 F/in                 ; short        ; open          ; open            ; open  ; 0 V                 ; -                  ; n/a           ; n/a             ; n/a         ;
; LED_STATUS(3)       ; 1.8 V        ; 0 in              ; 0 H/in                  ; 0 F/in                  ; short         ; -                   ; open           ; open             ; open   ; 0 in             ; 0 H/in                 ; 0 F/in                 ; short        ; open          ; open            ; open  ; 0 V                 ; -                  ; n/a           ; n/a             ; n/a         ;
; altera_reserved_tdo ; 1.8 V        ; 0 in              ; 0 H/in                  ; 0 F/in                  ; short         ; -                   ; open           ; open             ; open   ; 0 in             ; 0 H/in                 ; 0 F/in                 ; short        ; open          ; open            ; open  ; 0 V                 ; -                  ; n/a           ; n/a             ; n/a         ;
; LED_STATUS(4)       ; 1.8 V        ; 0 in              ; 0 H/in                  ; 0 F/in                  ; short         ; -                   ; open           ; open             ; open   ; 0 in             ; 0 H/in                 ; 0 F/in                 ; short        ; open          ; open            ; open  ; 0 V                 ; -                  ; n/a           ; n/a             ; n/a         ;
; LED_STATUS(5)       ; 1.8 V        ; 0 in              ; 0 H/in                  ; 0 F/in                  ; short         ; -                   ; open           ; open             ; open   ; 0 in             ; 0 H/in                 ; 0 F/in                 ; short        ; open          ; open            ; open  ; 0 V                 ; -                  ; n/a           ; n/a             ; n/a         ;
; LED_STATUS(6)       ; 1.8 V        ; 0 in              ; 0 H/in                  ; 0 F/in                  ; short         ; -                   ; open           ; open             ; open   ; 0 in             ; 0 H/in                 ; 0 F/in                 ; short        ; open          ; open            ; open  ; 0 V                 ; -                  ; n/a           ; n/a             ; n/a         ;
; LED_STATUS(7)       ; 1.8 V        ; 0 in              ; 0 H/in                  ; 0 F/in                  ; short         ; -                   ; open           ; open             ; open   ; 0 in             ; 0 H/in                 ; 0 F/in                 ; short        ; open          ; open            ; open  ; 0 V                 ; -                  ; n/a           ; n/a             ; n/a         ;
+---------------------+--------------+-------------------+-------------------------+-------------------------+---------------+---------------------+----------------+------------------+--------+------------------+------------------------+------------------------+--------------+---------------+-----------------+-------+---------------------+--------------------+---------------+-----------------+-------------+


+------------------------------------------------------------------------+
; Input Transition Times                                                 ;
+---------------------+--------------+-----------------+-----------------+
; Pin                 ; I/O Standard ; 10-90 Rise Time ; 90-10 Fall Time ;
+---------------------+--------------+-----------------+-----------------+
; BTN_RESET           ; 1.8 V        ; 1440 ps         ; 1440 ps         ;
; altera_reserved_tck ; 1.8 V        ; 1440 ps         ; 1440 ps         ;
; altera_reserved_tdi ; 1.8 V        ; 1440 ps         ; 1440 ps         ;
; altera_reserved_tms ; 1.8 V        ; 1440 ps         ; 1440 ps         ;
; CLK_50              ; 1.8 V        ; 1440 ps         ; 1440 ps         ;
; ~ALTERA_DATA0~      ; 1.8 V        ; 1440 ps         ; 1440 ps         ;
+---------------------+--------------+-----------------+-----------------+


+--------------------------------------------------------------------------------------------------------------------------------------------------------------------------------------------------------------------------------------------------------------------------------------------------------------------------------------------------------------------------------------------------------------------------------------------------------------------------------------------------------------------------------------------------------------------------------------------------------------------------------------------------------------------------------------------------+
; Signal Integrity Metrics (Slow 900mv 100c Model)                                                                                                                                                                                                                                                                                                                                                                                                                                                                                                                                                                                                                                                 ;
+---------------------+--------------+---------------------+---------------------+------------------------------+------------------------------+---------------------+---------------------+--------------------------------------+--------------------------------------+-----------------------------+-----------------------------+----------------------------+----------------------------+-----------------------------+-----------------------------+--------------------+--------------------+-------------------------------------+-------------------------------------+----------------------------+----------------------------+---------------------------+---------------------------+
; Pin                 ; I/O Standard ; Board Delay on Rise ; Board Delay on Fall ; Steady State Voh at FPGA Pin ; Steady State Vol at FPGA Pin ; Voh Max at FPGA Pin ; Vol Min at FPGA Pin ; Ringback Voltage on Rise at FPGA Pin ; Ringback Voltage on Fall at FPGA Pin ; 10-90 Rise Time at FPGA Pin ; 90-10 Fall Time at FPGA Pin ; Monotonic Rise at FPGA Pin ; Monotonic Fall at FPGA Pin ; Steady State Voh at Far-end ; Steady State Vol at Far-end ; Voh Max at Far-end ; Vol Min at Far-end ; Ringback Voltage on Rise at Far-end ; Ringback Voltage on Fall at Far-end ; 10-90 Rise Time at Far-end ; 90-10 Fall Time at Far-end ; Monotonic Rise at Far-end ; Monotonic Fall at Far-end ;
+---------------------+--------------+---------------------+---------------------+------------------------------+------------------------------+---------------------+---------------------+--------------------------------------+--------------------------------------+-----------------------------+-----------------------------+----------------------------+----------------------------+-----------------------------+-----------------------------+--------------------+--------------------+-------------------------------------+-------------------------------------+----------------------------+----------------------------+---------------------------+---------------------------+
; LED_STATUS(0)       ; 1.8 V        ; 0 s                 ; 0 s                 ; 1.66 V                       ; 4.43e-06 V                   ; 1.7 V               ; -0.0552 V           ; 0.108 V                              ; 0.08 V                               ; 2.35e-10 s                  ; 2.24e-10 s                  ; No                         ; No                         ; 1.66 V                      ; 4.43e-06 V                  ; 1.7 V              ; -0.0552 V          ; 0.108 V                             ; 0.08 V                              ; 2.35e-10 s                 ; 2.24e-10 s                 ; No                        ; No                        ;
; LED_STATUS(1)       ; 1.8 V        ; 0 s                 ; 0 s                 ; 1.66 V                       ; 4.43e-06 V                   ; 1.7 V               ; -0.0552 V           ; 0.108 V                              ; 0.08 V                               ; 2.35e-10 s                  ; 2.24e-10 s                  ; No                         ; No                         ; 1.66 V                      ; 4.43e-06 V                  ; 1.7 V              ; -0.0552 V          ; 0.108 V                             ; 0.08 V                              ; 2.35e-10 s                 ; 2.24e-10 s                 ; No                        ; No                        ;
; LED_STATUS(2)       ; 1.8 V        ; 0 s                 ; 0 s                 ; 1.66 V                       ; 4.43e-06 V                   ; 1.7 V               ; -0.0552 V           ; 0.108 V                              ; 0.08 V                               ; 2.35e-10 s                  ; 2.24e-10 s                  ; No                         ; No                         ; 1.66 V                      ; 4.43e-06 V                  ; 1.7 V              ; -0.0552 V          ; 0.108 V                             ; 0.08 V                              ; 2.35e-10 s                 ; 2.24e-10 s                 ; No                        ; No                        ;
; LED_STATUS(3)       ; 1.8 V        ; 0 s                 ; 0 s                 ; 1.66 V                       ; 4.43e-06 V                   ; 1.7 V               ; -0.0552 V           ; 0.108 V                              ; 0.08 V                               ; 2.35e-10 s                  ; 2.24e-10 s                  ; No                         ; No                         ; 1.66 V                      ; 4.43e-06 V                  ; 1.7 V              ; -0.0552 V          ; 0.108 V                             ; 0.08 V                              ; 2.35e-10 s                 ; 2.24e-10 s                 ; No                        ; No                        ;
; altera_reserved_tdo ; 1.8 V        ; 0 s                 ; 0 s                 ; 1.66 V                       ; 3.7e-06 V                    ; 1.73 V              ; -0.0751 V           ; 0.178 V                              ; 0.161 V                              ; 1.41e-10 s                  ; 1.39e-10 s                  ; No                         ; No                         ; 1.66 V                      ; 3.7e-06 V                   ; 1.73 V             ; -0.0751 V          ; 0.178 V                             ; 0.161 V                             ; 1.41e-10 s                 ; 1.39e-10 s                 ; No                        ; No                        ;
; LED_STATUS(4)       ; 1.8 V        ; 0 s                 ; 0 s                 ; 1.66 V                       ; 4.43e-06 V                   ; 1.7 V               ; -0.0552 V           ; 0.108 V                              ; 0.08 V                               ; 2.35e-10 s                  ; 2.24e-10 s                  ; No                         ; No                         ; 1.66 V                      ; 4.43e-06 V                  ; 1.7 V              ; -0.0552 V          ; 0.108 V                             ; 0.08 V                              ; 2.35e-10 s                 ; 2.24e-10 s                 ; No                        ; No                        ;
; LED_STATUS(5)       ; 1.8 V        ; 0 s                 ; 0 s                 ; 1.66 V                       ; 4.43e-06 V                   ; 1.7 V               ; -0.0552 V           ; 0.108 V                              ; 0.08 V                               ; 2.35e-10 s                  ; 2.24e-10 s                  ; No                         ; No                         ; 1.66 V                      ; 4.43e-06 V                  ; 1.7 V              ; -0.0552 V          ; 0.108 V                             ; 0.08 V                              ; 2.35e-10 s                 ; 2.24e-10 s                 ; No                        ; No                        ;
; LED_STATUS(6)       ; 1.8 V        ; 0 s                 ; 0 s                 ; 1.66 V                       ; 4.43e-06 V                   ; 1.7 V               ; -0.0552 V           ; 0.108 V                              ; 0.08 V                               ; 2.35e-10 s                  ; 2.24e-10 s                  ; No                         ; No                         ; 1.66 V                      ; 4.43e-06 V                  ; 1.7 V              ; -0.0552 V          ; 0.108 V                             ; 0.08 V                              ; 2.35e-10 s                 ; 2.24e-10 s                 ; No                        ; No                        ;
; LED_STATUS(7)       ; 1.8 V        ; 0 s                 ; 0 s                 ; 1.66 V                       ; 4.43e-06 V                   ; 1.7 V               ; -0.0552 V           ; 0.108 V                              ; 0.08 V                               ; 2.35e-10 s                  ; 2.24e-10 s                  ; No                         ; No                         ; 1.66 V                      ; 4.43e-06 V                  ; 1.7 V              ; -0.0552 V          ; 0.108 V                             ; 0.08 V                              ; 2.35e-10 s                 ; 2.24e-10 s                 ; No                        ; No                        ;
+---------------------+--------------+---------------------+---------------------+------------------------------+------------------------------+---------------------+---------------------+--------------------------------------+--------------------------------------+-----------------------------+-----------------------------+----------------------------+----------------------------+-----------------------------+-----------------------------+--------------------+--------------------+-------------------------------------+-------------------------------------+----------------------------+----------------------------+---------------------------+---------------------------+


+----------------------------------------------------------------------------------------------------------------------------------------------------+
; Setup Transfers                                                                                                                                    ;
+------------+----------+----------+----------+----------+----------+---------------------------+------------------+---------------------------------+
; From Clock ; To Clock ; RR Paths ; FR Paths ; RF Paths ; FF Paths ; Clock Pair Classification ; Worst-Case Slack ; Worst-Case Operating Conditions ;
+------------+----------+----------+----------+----------+----------+---------------------------+------------------+---------------------------------+
; CLK_50     ; CLK_50   ; 659767   ; 0        ; 0        ; 0        ; Intra-Clock (Timed Safe)  ; 5.236            ; Slow 900mV 100C Model           ;
+------------+----------+----------+----------+----------+----------+---------------------------+------------------+---------------------------------+
An "Asynchronous (Timed Unsafe)" transfer occurs when the From & To clocks are asynchronous and no timing constraints exist. Entries labeled "false path" only account for clock-to-clock false paths. Path-based false path counts are shown in rows with "Ignored (Not Timed)" classifications


+----------------------------------------------------------------------------------------------------------------------------------------------------+
; Hold Transfers                                                                                                                                     ;
+------------+----------+----------+----------+----------+----------+---------------------------+------------------+---------------------------------+
; From Clock ; To Clock ; RR Paths ; FR Paths ; RF Paths ; FF Paths ; Clock Pair Classification ; Worst-Case Slack ; Worst-Case Operating Conditions ;
+------------+----------+----------+----------+----------+----------+---------------------------+------------------+---------------------------------+
; CLK_50     ; CLK_50   ; 687454   ; 0        ; 0        ; 0        ; Intra-Clock (Timed Safe)  ; 0.017            ; Fast 900mV 0C Model             ;
+------------+----------+----------+----------+----------+----------+---------------------------+------------------+---------------------------------+
An "Asynchronous (Timed Unsafe)" transfer occurs when the From & To clocks are asynchronous and no timing constraints exist. Entries labeled "false path" only account for clock-to-clock false paths. Path-based false path counts are shown in rows with "Ignored (Not Timed)" classifications


+----------------------------------------------------------------------------------------------------------------------------------------------------+
; Recovery Transfers                                                                                                                                 ;
+------------+----------+----------+----------+----------+----------+---------------------------+------------------+---------------------------------+
; From Clock ; To Clock ; RR Paths ; FR Paths ; RF Paths ; FF Paths ; Clock Pair Classification ; Worst-Case Slack ; Worst-Case Operating Conditions ;
+------------+----------+----------+----------+----------+----------+---------------------------+------------------+---------------------------------+
; CLK_50     ; CLK_50   ; 5451     ; 0        ; 0        ; 0        ; Intra-Clock (Timed Safe)  ; 11.935           ; Slow 900mV 100C Model           ;
+------------+----------+----------+----------+----------+----------+---------------------------+------------------+---------------------------------+
An "Asynchronous (Timed Unsafe)" transfer occurs when the From & To clocks are asynchronous and no timing constraints exist. Entries labeled "false path" only account for clock-to-clock false paths. Path-based false path counts are shown in rows with "Ignored (Not Timed)" classifications


+----------------------------------------------------------------------------------------------------------------------------------------------------+
; Removal Transfers                                                                                                                                  ;
+------------+----------+----------+----------+----------+----------+---------------------------+------------------+---------------------------------+
; From Clock ; To Clock ; RR Paths ; FR Paths ; RF Paths ; FF Paths ; Clock Pair Classification ; Worst-Case Slack ; Worst-Case Operating Conditions ;
+------------+----------+----------+----------+----------+----------+---------------------------+------------------+---------------------------------+
; CLK_50     ; CLK_50   ; 5451     ; 0        ; 0        ; 0        ; Intra-Clock (Timed Safe)  ; 0.176            ; Fast 900mV 0C Model             ;
+------------+----------+----------+----------+----------+----------+---------------------------+------------------+---------------------------------+
An "Asynchronous (Timed Unsafe)" transfer occurs when the From & To clocks are asynchronous and no timing constraints exist. Entries labeled "false path" only account for clock-to-clock false paths. Path-based false path counts are shown in rows with "Ignored (Not Timed)" classifications


----------------
; Command Info ;
----------------
Report Timing: Found 10 setup paths (0 violated).  Worst case slack is 5.236 

Tcl Command:
    report_timing -setup -panel_name {Worst-Case Timing Paths||Setup||CLK_50} -to_clock [get_clocks {CLK_50}] -npaths 10 -detail full_path

Options:
    -to_clock [get_clocks {CLK_50}] 
    -setup 
    -npaths 10 
    -detail full_path 
    -panel_name {CLK_50} 

Snapshot:
    final

Delay Models:
    Slow 900mV 100C Model
    Slow 900mV 0C Model
    Fast 900mV 100C Model
    Fast 900mV 0C Model


+--------------------------------------------------------------------------------------------------------------------------------------------------------------------------------------------------------------------------------------------+
; Summary of Paths                                                                                                                                                                                                                           ;
+-------+-----------------------------------------------------------------------+----------------------------------------------------+--------------+-------------+--------------+------------+------------+---------------------------------+
; Slack ; From Node                                                             ; To Node                                            ; Launch Clock ; Latch Clock ; Relationship ; Clock Skew ; Data Delay ; Worst-Case Operating Conditions ;
+-------+-----------------------------------------------------------------------+----------------------------------------------------+--------------+-------------+--------------+------------+------------+---------------------------------+
; 5.236 ; System|npu_system_0|npu_system_20|w_col_idx[0]~DUPLICATE              ; System|npu_system_0|npu_system_20|out_data_reg[9]  ; CLK_50       ; CLK_50      ; 20.022       ; -0.250     ; 14.784     ; Slow 900mV 100C Model           ;
; 5.681 ; System|npu_system_0|npu_system_20|w_col_idx[2]~_Duplicate_8           ; System|npu_system_0|npu_system_20|out_data_reg[2]  ; CLK_50       ; CLK_50      ; 20.000       ; -0.243     ; 14.313     ; Slow 900mV 100C Model           ;
; 5.731 ; System|npu_system_0|npu_system_20|w_col_idx[4]~_Duplicate_13DUPLICATE ; System|npu_system_0|npu_system_20|out_data_reg[5]  ; CLK_50       ; CLK_50      ; 20.000       ; -0.189     ; 14.319     ; Slow 900mV 100C Model           ;
; 5.767 ; System|npu_system_0|npu_system_20|w_col_idx[2]~_Duplicate             ; System|npu_system_0|npu_system_20|out_data_reg[26] ; CLK_50       ; CLK_50      ; 20.000       ; -0.227     ; 14.243     ; Slow 900mV 100C Model           ;
; 5.794 ; System|npu_system_0|npu_system_20|w_col_idx[1]~_Duplicate_6           ; System|npu_system_0|npu_system_20|out_data_reg[26] ; CLK_50       ; CLK_50      ; 20.000       ; -0.241     ; 14.202     ; Slow 900mV 100C Model           ;
; 5.861 ; System|npu_system_0|npu_system_20|w_col_idx[0]~DUPLICATE              ; System|npu_system_0|npu_system_20|out_data_reg[30] ; CLK_50       ; CLK_50      ; 20.000       ; -0.248     ; 14.129     ; Slow 900mV 100C Model           ;
; 5.867 ; System|npu_system_0|npu_system_20|w_col_idx[4]~_Duplicate_13DUPLICATE ; System|npu_system_0|npu_system_20|out_data_reg[5]  ; CLK_50       ; CLK_50      ; 20.000       ; -0.189     ; 14.183     ; Slow 900mV 100C Model           ;
; 5.875 ; System|npu_system_0|npu_system_20|w_col_idx[1]                        ; System|npu_system_0|npu_system_20|out_data_reg[26] ; CLK_50       ; CLK_50      ; 20.000       ; -0.248     ; 14.114     ; Slow 900mV 100C Model           ;
; 5.899 ; System|npu_system_0|npu_system_20|w_col_idx[0]~DUPLICATE              ; System|npu_system_0|npu_system_20|out_data_reg[30] ; CLK_50       ; CLK_50      ; 20.000       ; -0.248     ; 14.091     ; Slow 900mV 100C Model           ;
; 5.995 ; System|npu_system_0|npu_system_20|w_col_idx[0]~_Duplicate_4           ; System|npu_system_0|npu_system_20|out_data_reg[9]  ; CLK_50       ; CLK_50      ; 20.022       ; -0.242     ; 14.033     ; Slow 900mV 100C Model           ;
+-------+-----------------------------------------------------------------------+----------------------------------------------------+--------------+-------------+--------------+------------+------------+---------------------------------+


Path #1: Setup slack is 5.236 
===============================================================================
+--------------------------------------------------------------------------------------------+
; Path Summary                                                                               ;
+---------------------------------+----------------------------------------------------------+
; Property                        ; Value                                                    ;
+---------------------------------+----------------------------------------------------------+
; From Node                       ; System|npu_system_0|npu_system_20|w_col_idx[0]~DUPLICATE ;
; To Node                         ; System|npu_system_0|npu_system_20|out_data_reg[9]        ;
; Launch Clock                    ; CLK_50                                                   ;
; Latch Clock                     ; CLK_50                                                   ;
; SDC Exception                   ; No SDC Exception on Path                                 ;
; Data Arrival Time               ; 19.476                                                   ;
; Data Required Time              ; 24.712                                                   ;
; Slack                           ; 5.236                                                    ;
; Worst-Case Operating Conditions ; Slow 900mV 100C Model                                    ;
+---------------------------------+----------------------------------------------------------+

+------------------------------------------------------------------------------------+
; Statistics                                                                         ;
+------------------------+--------+-------+-------------+------------+-------+-------+
; Property               ; Value  ; Count ; Total Delay ; % of Total ; Min   ; Max   ;
+------------------------+--------+-------+-------------+------------+-------+-------+
; Setup Relationship     ; 20.022 ;       ;             ;            ;       ;       ;
; Clock Skew             ; -0.250 ;       ;             ;            ;       ;       ;
; Data Delay             ; 14.784 ;       ;             ;            ;       ;       ;
; Number of Logic Levels ;        ; 6     ;             ;            ;       ;       ;
; Physical Delays        ;        ;       ;             ;            ;       ;       ;
;  Arrival Path          ;        ;       ;             ;            ;       ;       ;
;   Clock                ;        ;       ;             ;            ;       ;       ;
;    IC                  ;        ; 3     ; 3.468       ; 74         ; 0.000 ; 3.468 ;
;    Cell                ;        ; 4     ; 1.224       ; 26         ; 0.000 ; 0.547 ;
;   Data                 ;        ;       ;             ;            ;       ;       ;
;    IC                  ;        ; 6     ; 13.638      ; 92         ; 0.182 ; 3.639 ;
;    Cell                ;        ; 14    ; 0.930       ; 6          ; 0.000 ; 0.225 ;
;    uTco                ;        ; 1     ; 0.216       ; 1          ; 0.216 ; 0.216 ;
;  Required Path         ;        ;       ;             ;            ;       ;       ;
;   Clock                ;        ;       ;             ;            ;       ;       ;
;    IC                  ;        ; 3     ; 3.074       ; 73         ; 0.000 ; 3.074 ;
;    Cell                ;        ; 4     ; 1.116       ; 27         ; 0.000 ; 0.547 ;
+------------------------+--------+-------+-------------+------------+-------+-------+
Note: Negative delays are omitted from totals when calculating percentages

+-------------------------------------------------------------------------------------------------------------------------------------------------------------+
; Data Arrival Path                                                                                                                                           ;
+----------+---------+----+--------+--------+----------------------+------------+-----------------------------------------------------------------------------+
; Total    ; Incr    ; RF ; Type   ; Fanout ; Location             ; HS/LP      ; Element                                                                     ;
+----------+---------+----+--------+--------+----------------------+------------+-----------------------------------------------------------------------------+
; 0.000    ; 0.000   ;    ;        ;        ;                      ;            ; launch edge time                                                            ;
; 0.000    ; 0.000   ;    ; borrow ;        ;                      ;            ; time borrowed                                                               ;
; 4.692    ; 4.692   ;    ;        ;        ;                      ;            ; clock path                                                                  ;
;   0.000  ;   0.000 ;    ;        ;        ;                      ;            ; source latency                                                              ;
;   0.000  ;   0.000 ;    ;        ; 1      ; PIN_AM10             ;            ; CLK_50                                                                      ;
;   0.000  ;   0.000 ; RR ; IC     ; 1      ; IOIBUF_X148_Y16_N32  ;            ; CLK_50~input|i                                                              ;
;   0.547  ;   0.547 ; RR ; CELL   ; 1      ; IOIBUF_X148_Y16_N32  ;            ; CLK_50~input|o                                                              ;
;   0.706  ;   0.159 ; RR ; CELL   ; 1      ; IOIBUF_X148_Y16_N32  ;            ; CLK_50~input~io_48_lvds_tile_edge/ioclkin[0]                                ;
;   0.706  ;   0.000 ; RR ; IC     ; 2      ; CLKCTRL_3A_G_I20     ;            ; CLK_50~inputCLKENA0|inclk                                                   ;
;   1.224  ;   0.518 ; RR ; CELL   ; 224447 ; CLKCTRL_3A_G_I20     ;            ; CLK_50~inputCLKENA0|outclk                                                  ;
;   4.692  ;   3.468 ; RR ; IC     ; 1      ; FF_X67_Y146_N56      ; High Speed ; System|npu_system_0|npu_system_20|w_col_idx[0]~DUPLICATE|clk                ;
;   4.692  ;   0.000 ; RR ; CELL   ; 1      ; FF_X67_Y146_N56      ; High Speed ; System|npu_system_0|npu_system_20|w_col_idx[0]~DUPLICATE                    ;
; 19.476   ; 14.784  ;    ;        ;        ;                      ;            ; data path                                                                   ;
;   4.908  ;   0.216 ; FF ; uTco   ; 1      ; FF_X67_Y146_N56      ;            ; System|npu_system_0|npu_system_20|w_col_idx[0]~DUPLICATE|q                  ;
;   4.983  ;   0.075 ; FF ; CELL   ; 696    ; FF_X67_Y146_N56      ; High Speed ; System|npu_system_0|npu_system_20|w_col_idx[0]~DUPLICATE~la_lab/laboutb[17] ;
;   8.622  ;   3.639 ; FF ; IC     ; 1      ; LABCELL_X112_Y173_N3 ; Mixed      ; System|npu_system_0|npu_system_20|i128470~6574|dataf                        ;
;   8.665  ;   0.043 ; FF ; CELL   ; 1      ; LABCELL_X112_Y173_N3 ; High Speed ; System|npu_system_0|npu_system_20|i128470~6574|combout                      ;
;   8.669  ;   0.004 ; FF ; CELL   ; 1      ; LABCELL_X112_Y173_N3 ; High Speed ; System|npu_system_0|npu_system_20|i128470~6574~la_lab/laboutt[2]            ;
;   12.279 ;   3.610 ; FF ; IC     ; 1      ; LABCELL_X50_Y181_N45 ; Mixed      ; System|npu_system_0|npu_system_20|i128470~6578|dataa                        ;
;   12.504 ;   0.225 ; FF ; CELL   ; 1      ; LABCELL_X50_Y181_N45 ; High Speed ; System|npu_system_0|npu_system_20|i128470~6578|combout                      ;
;   12.508 ;   0.004 ; FF ; CELL   ; 1      ; LABCELL_X50_Y181_N45 ; High Speed ; System|npu_system_0|npu_system_20|i128470~6578~la_lab/laboutb[10]           ;
;   15.358 ;   2.850 ; FF ; IC     ; 1      ; LABCELL_X51_Y148_N33 ; Mixed      ; System|npu_system_0|npu_system_20|i128470~6589|dataf                        ;
;   15.400 ;   0.042 ; FF ; CELL   ; 1      ; LABCELL_X51_Y148_N33 ; High Speed ; System|npu_system_0|npu_system_20|i128470~6589|combout                      ;
;   15.405 ;   0.005 ; FF ; CELL   ; 1      ; LABCELL_X51_Y148_N33 ; High Speed ; System|npu_system_0|npu_system_20|i128470~6589~la_lab/laboutb[3]            ;
;   15.914 ;   0.509 ; FF ; IC     ; 1      ; LABCELL_X54_Y147_N48 ; Mixed      ; System|npu_system_0|npu_system_20|i128470~6632|datac                        ;
;   16.090 ;   0.176 ; FF ; CELL   ; 1      ; LABCELL_X54_Y147_N48 ; Low Power  ; System|npu_system_0|npu_system_20|i128470~6632|combout                      ;
;   16.095 ;   0.005 ; FF ; CELL   ; 1      ; LABCELL_X54_Y147_N48 ; Low Power  ; System|npu_system_0|npu_system_20|i128470~6632~la_lab/laboutb[13]           ;
;   16.277 ;   0.182 ; FF ; IC     ; 1      ; LABCELL_X54_Y147_N18 ; Low Power  ; System|npu_system_0|npu_system_20|i128470~6718|datac                        ;
;   16.452 ;   0.175 ; FF ; CELL   ; 1      ; LABCELL_X54_Y147_N18 ; Low Power  ; System|npu_system_0|npu_system_20|i128470~6718|combout                      ;
;   16.457 ;   0.005 ; FF ; CELL   ; 1      ; LABCELL_X54_Y147_N18 ; Low Power  ; System|npu_system_0|npu_system_20|i128470~6718~la_lab/laboutt[13]           ;
;   19.305 ;   2.848 ; FF ; IC     ; 1      ; MLABCELL_X60_Y83_N51 ; Mixed      ; System|npu_system_0|npu_system_20|i128470~6719|datac                        ;
;   19.476 ;   0.171 ; FF ; CELL   ; 1      ; MLABCELL_X60_Y83_N51 ; High Speed ; System|npu_system_0|npu_system_20|i128470~6719|combout                      ;
;   19.476 ;   0.000 ; FF ; CELL   ; 1      ; FF_X60_Y83_N53       ; High Speed ; System|npu_system_0|npu_system_20|out_data_reg[9]|d                         ;
;   19.476 ;   0.000 ; FF ; CELL   ; 1      ; FF_X60_Y83_N53       ; High Speed ; System|npu_system_0|npu_system_20|out_data_reg[9]                           ;
+----------+---------+----+--------+--------+----------------------+------------+-----------------------------------------------------------------------------+

+--------------------------------------------------------------------------------------------------------------------------------------+
; Data Required Path                                                                                                                   ;
+----------+---------+----+--------+--------+---------------------+------------+-------------------------------------------------------+
; Total    ; Incr    ; RF ; Type   ; Fanout ; Location            ; HS/LP      ; Element                                               ;
+----------+---------+----+--------+--------+---------------------+------------+-------------------------------------------------------+
; 20.000   ; 20.000  ;    ;        ;        ;                     ;            ; latch edge time                                       ;
; 20.022   ; 0.022   ;    ; borrow ;        ;                     ;            ; time borrowed                                         ;
; 24.464   ; 4.442   ;    ;        ;        ;                     ;            ; clock path                                            ;
;   20.022 ;   0.000 ;    ;        ;        ;                     ;            ; source latency                                        ;
;   20.022 ;   0.000 ;    ;        ; 1      ; PIN_AM10            ;            ; CLK_50                                                ;
;   20.022 ;   0.000 ; RR ; IC     ; 1      ; IOIBUF_X148_Y16_N32 ;            ; CLK_50~input|i                                        ;
;   20.569 ;   0.547 ; RR ; CELL   ; 1      ; IOIBUF_X148_Y16_N32 ;            ; CLK_50~input|o                                        ;
;   20.698 ;   0.129 ; RR ; CELL   ; 1      ; IOIBUF_X148_Y16_N32 ;            ; CLK_50~input~io_48_lvds_tile_edge/ioclkin[0]          ;
;   20.698 ;   0.000 ; RR ; IC     ; 2      ; CLKCTRL_3A_G_I20    ;            ; CLK_50~inputCLKENA0|inclk                             ;
;   21.138 ;   0.440 ; RR ; CELL   ; 224447 ; CLKCTRL_3A_G_I20    ;            ; CLK_50~inputCLKENA0|outclk                            ;
;   24.212 ;   3.074 ; RR ; IC     ; 1      ; FF_X60_Y83_N53      ; High Speed ; System|npu_system_0|npu_system_20|out_data_reg[9]|clk ;
;   24.212 ;   0.000 ; RR ; CELL   ; 1      ; FF_X60_Y83_N53      ; High Speed ; System|npu_system_0|npu_system_20|out_data_reg[9]     ;
;   24.464 ;   0.252 ;    ;        ;        ;                     ;            ; clock pessimism removed                               ;
; 24.434   ; -0.030  ;    ;        ;        ;                     ;            ; clock uncertainty                                     ;
; 24.712   ; 0.278   ;    ; uTsu   ; 1      ; FF_X60_Y83_N53      ;            ; System|npu_system_0|npu_system_20|out_data_reg[9]     ;
+----------+---------+----+--------+--------+---------------------+------------+-------------------------------------------------------+



Path #2: Setup slack is 5.681 
===============================================================================
+-----------------------------------------------------------------------------------------------+
; Path Summary                                                                                  ;
+---------------------------------+-------------------------------------------------------------+
; Property                        ; Value                                                       ;
+---------------------------------+-------------------------------------------------------------+
; From Node                       ; System|npu_system_0|npu_system_20|w_col_idx[2]~_Duplicate_8 ;
; To Node                         ; System|npu_system_0|npu_system_20|out_data_reg[2]           ;
; Launch Clock                    ; CLK_50                                                      ;
; Latch Clock                     ; CLK_50                                                      ;
; SDC Exception                   ; No SDC Exception on Path                                    ;
; Data Arrival Time               ; 18.998                                                      ;
; Data Required Time              ; 24.679                                                      ;
; Slack                           ; 5.681                                                       ;
; Worst-Case Operating Conditions ; Slow 900mV 100C Model                                       ;
+---------------------------------+-------------------------------------------------------------+

+------------------------------------------------------------------------------------+
; Statistics                                                                         ;
+------------------------+--------+-------+-------------+------------+-------+-------+
; Property               ; Value  ; Count ; Total Delay ; % of Total ; Min   ; Max   ;
+------------------------+--------+-------+-------------+------------+-------+-------+
; Setup Relationship     ; 20.000 ;       ;             ;            ;       ;       ;
; Clock Skew             ; -0.243 ;       ;             ;            ;       ;       ;
; Data Delay             ; 14.313 ;       ;             ;            ;       ;       ;
; Number of Logic Levels ;        ; 6     ;             ;            ;       ;       ;
; Physical Delays        ;        ;       ;             ;            ;       ;       ;
;  Arrival Path          ;        ;       ;             ;            ;       ;       ;
;   Clock                ;        ;       ;             ;            ;       ;       ;
;    IC                  ;        ; 3     ; 3.461       ; 74         ; 0.000 ; 3.461 ;
;    Cell                ;        ; 4     ; 1.224       ; 26         ; 0.000 ; 0.547 ;
;   Data                 ;        ;       ;             ;            ;       ;       ;
;    IC                  ;        ; 6     ; 12.953      ; 90         ; 0.743 ; 3.218 ;
;    Cell                ;        ; 14    ; 1.144       ; 8          ; 0.000 ; 0.257 ;
;    uTco                ;        ; 1     ; 0.216       ; 2          ; 0.216 ; 0.216 ;
;  Required Path         ;        ;       ;             ;            ;       ;       ;
;   Clock                ;        ;       ;             ;            ;       ;       ;
;    IC                  ;        ; 3     ; 3.074       ; 73         ; 0.000 ; 3.074 ;
;    Cell                ;        ; 4     ; 1.116       ; 27         ; 0.000 ; 0.547 ;
+------------------------+--------+-------+-------------+------------+-------+-------+
Note: Negative delays are omitted from totals when calculating percentages

+----------------------------------------------------------------------------------------------------------------------------------------------------------------+
; Data Arrival Path                                                                                                                                              ;
+----------+---------+----+--------+--------+-----------------------+------------+-------------------------------------------------------------------------------+
; Total    ; Incr    ; RF ; Type   ; Fanout ; Location              ; HS/LP      ; Element                                                                       ;
+----------+---------+----+--------+--------+-----------------------+------------+-------------------------------------------------------------------------------+
; 0.000    ; 0.000   ;    ;        ;        ;                       ;            ; launch edge time                                                              ;
; 0.000    ; 0.000   ;    ; borrow ;        ;                       ;            ; time borrowed                                                                 ;
; 4.685    ; 4.685   ;    ;        ;        ;                       ;            ; clock path                                                                    ;
;   0.000  ;   0.000 ;    ;        ;        ;                       ;            ; source latency                                                                ;
;   0.000  ;   0.000 ;    ;        ; 1      ; PIN_AM10              ;            ; CLK_50                                                                        ;
;   0.000  ;   0.000 ; RR ; IC     ; 1      ; IOIBUF_X148_Y16_N32   ;            ; CLK_50~input|i                                                                ;
;   0.547  ;   0.547 ; RR ; CELL   ; 1      ; IOIBUF_X148_Y16_N32   ;            ; CLK_50~input|o                                                                ;
;   0.706  ;   0.159 ; RR ; CELL   ; 1      ; IOIBUF_X148_Y16_N32   ;            ; CLK_50~input~io_48_lvds_tile_edge/ioclkin[0]                                  ;
;   0.706  ;   0.000 ; RR ; IC     ; 2      ; CLKCTRL_3A_G_I20      ;            ; CLK_50~inputCLKENA0|inclk                                                     ;
;   1.224  ;   0.518 ; RR ; CELL   ; 224447 ; CLKCTRL_3A_G_I20      ;            ; CLK_50~inputCLKENA0|outclk                                                    ;
;   4.685  ;   3.461 ; RR ; IC     ; 1      ; FF_X77_Y116_N40       ; High Speed ; System|npu_system_0|npu_system_20|w_col_idx[2]~_Duplicate_8|clk               ;
;   4.685  ;   0.000 ; RR ; CELL   ; 1      ; FF_X77_Y116_N40       ; High Speed ; System|npu_system_0|npu_system_20|w_col_idx[2]~_Duplicate_8                   ;
; 18.998   ; 14.313  ;    ;        ;        ;                       ;            ; data path                                                                     ;
;   4.901  ;   0.216 ; RR ; uTco   ; 1      ; FF_X77_Y116_N40       ;            ; System|npu_system_0|npu_system_20|w_col_idx[2]~_Duplicate_8|q                 ;
;   5.013  ;   0.112 ; RR ; CELL   ; 690    ; FF_X77_Y116_N40       ; High Speed ; System|npu_system_0|npu_system_20|w_col_idx[2]~_Duplicate_8~la_lab/laboutb[6] ;
;   8.231  ;   3.218 ; RR ; IC     ; 1      ; LABCELL_X120_Y169_N54 ; Mixed      ; System|npu_system_0|npu_system_20|i128470~1577|datad                          ;
;   8.399  ;   0.168 ; RF ; CELL   ; 1      ; LABCELL_X120_Y169_N54 ; Low Power  ; System|npu_system_0|npu_system_20|i128470~1577|combout                        ;
;   8.404  ;   0.005 ; FF ; CELL   ; 1      ; LABCELL_X120_Y169_N54 ; Low Power  ; System|npu_system_0|npu_system_20|i128470~1577~la_lab/laboutb[17]             ;
;   9.268  ;   0.864 ; FF ; IC     ; 1      ; LABCELL_X111_Y177_N18 ; Mixed      ; System|npu_system_0|npu_system_20|i128470~1581|datad                          ;
;   9.415  ;   0.147 ; FF ; CELL   ; 1      ; LABCELL_X111_Y177_N18 ; High Speed ; System|npu_system_0|npu_system_20|i128470~1581|combout                        ;
;   9.419  ;   0.004 ; FF ; CELL   ; 1      ; LABCELL_X111_Y177_N18 ; High Speed ; System|npu_system_0|npu_system_20|i128470~1581~la_lab/laboutt[12]             ;
;   12.583 ;   3.164 ; FF ; IC     ; 1      ; LABCELL_X50_Y178_N18  ; Mixed      ; System|npu_system_0|npu_system_20|i128470~1597|datac                          ;
;   12.738 ;   0.155 ; FF ; CELL   ; 1      ; LABCELL_X50_Y178_N18  ; High Speed ; System|npu_system_0|npu_system_20|i128470~1597|combout                        ;
;   12.742 ;   0.004 ; FF ; CELL   ; 1      ; LABCELL_X50_Y178_N18  ; High Speed ; System|npu_system_0|npu_system_20|i128470~1597~la_lab/laboutt[12]             ;
;   15.535 ;   2.793 ; FF ; IC     ; 1      ; LABCELL_X51_Y138_N18  ; Mixed      ; System|npu_system_0|npu_system_20|i128470~1619|dataa                          ;
;   15.792 ;   0.257 ; FF ; CELL   ; 1      ; LABCELL_X51_Y138_N18  ; Low Power  ; System|npu_system_0|npu_system_20|i128470~1619|combout                        ;
;   15.796 ;   0.004 ; FF ; CELL   ; 1      ; LABCELL_X51_Y138_N18  ; Low Power  ; System|npu_system_0|npu_system_20|i128470~1619~la_lab/laboutt[12]             ;
;   16.539 ;   0.743 ; FF ; IC     ; 1      ; MLABCELL_X55_Y131_N6  ; Mixed      ; System|npu_system_0|npu_system_20|i128470~1790|datae                          ;
;   16.664 ;   0.125 ; FF ; CELL   ; 1      ; MLABCELL_X55_Y131_N6  ; Low Power  ; System|npu_system_0|npu_system_20|i128470~1790|combout                        ;
;   16.670 ;   0.006 ; FF ; CELL   ; 1      ; MLABCELL_X55_Y131_N6  ; Low Power  ; System|npu_system_0|npu_system_20|i128470~1790~la_mlab/laboutt[4]             ;
;   18.841 ;   2.171 ; FF ; IC     ; 1      ; MLABCELL_X60_Y83_N54  ; Mixed      ; System|npu_system_0|npu_system_20|i128470~1791|datac                          ;
;   18.998 ;   0.157 ; FF ; CELL   ; 1      ; MLABCELL_X60_Y83_N54  ; High Speed ; System|npu_system_0|npu_system_20|i128470~1791|combout                        ;
;   18.998 ;   0.000 ; FF ; CELL   ; 1      ; FF_X60_Y83_N56        ; High Speed ; System|npu_system_0|npu_system_20|out_data_reg[2]|d                           ;
;   18.998 ;   0.000 ; FF ; CELL   ; 1      ; FF_X60_Y83_N56        ; High Speed ; System|npu_system_0|npu_system_20|out_data_reg[2]                             ;
+----------+---------+----+--------+--------+-----------------------+------------+-------------------------------------------------------------------------------+

+--------------------------------------------------------------------------------------------------------------------------------------+
; Data Required Path                                                                                                                   ;
+----------+---------+----+--------+--------+---------------------+------------+-------------------------------------------------------+
; Total    ; Incr    ; RF ; Type   ; Fanout ; Location            ; HS/LP      ; Element                                               ;
+----------+---------+----+--------+--------+---------------------+------------+-------------------------------------------------------+
; 20.000   ; 20.000  ;    ;        ;        ;                     ;            ; latch edge time                                       ;
; 20.000   ; 0.000   ;    ; borrow ;        ;                     ;            ; time borrowed                                         ;
; 24.442   ; 4.442   ;    ;        ;        ;                     ;            ; clock path                                            ;
;   20.000 ;   0.000 ;    ;        ;        ;                     ;            ; source latency                                        ;
;   20.000 ;   0.000 ;    ;        ; 1      ; PIN_AM10            ;            ; CLK_50                                                ;
;   20.000 ;   0.000 ; RR ; IC     ; 1      ; IOIBUF_X148_Y16_N32 ;            ; CLK_50~input|i                                        ;
;   20.547 ;   0.547 ; RR ; CELL   ; 1      ; IOIBUF_X148_Y16_N32 ;            ; CLK_50~input|o                                        ;
;   20.676 ;   0.129 ; RR ; CELL   ; 1      ; IOIBUF_X148_Y16_N32 ;            ; CLK_50~input~io_48_lvds_tile_edge/ioclkin[0]          ;
;   20.676 ;   0.000 ; RR ; IC     ; 2      ; CLKCTRL_3A_G_I20    ;            ; CLK_50~inputCLKENA0|inclk                             ;
;   21.116 ;   0.440 ; RR ; CELL   ; 224447 ; CLKCTRL_3A_G_I20    ;            ; CLK_50~inputCLKENA0|outclk                            ;
;   24.190 ;   3.074 ; RR ; IC     ; 1      ; FF_X60_Y83_N56      ; High Speed ; System|npu_system_0|npu_system_20|out_data_reg[2]|clk ;
;   24.190 ;   0.000 ; RR ; CELL   ; 1      ; FF_X60_Y83_N56      ; High Speed ; System|npu_system_0|npu_system_20|out_data_reg[2]     ;
;   24.442 ;   0.252 ;    ;        ;        ;                     ;            ; clock pessimism removed                               ;
; 24.412   ; -0.030  ;    ;        ;        ;                     ;            ; clock uncertainty                                     ;
; 24.679   ; 0.267   ;    ; uTsu   ; 1      ; FF_X60_Y83_N56      ;            ; System|npu_system_0|npu_system_20|out_data_reg[2]     ;
+----------+---------+----+--------+--------+---------------------+------------+-------------------------------------------------------+



Path #3: Setup slack is 5.731 
===============================================================================
+---------------------------------------------------------------------------------------------------------+
; Path Summary                                                                                            ;
+---------------------------------+-----------------------------------------------------------------------+
; Property                        ; Value                                                                 ;
+---------------------------------+-----------------------------------------------------------------------+
; From Node                       ; System|npu_system_0|npu_system_20|w_col_idx[4]~_Duplicate_13DUPLICATE ;
; To Node                         ; System|npu_system_0|npu_system_20|out_data_reg[5]                     ;
; Launch Clock                    ; CLK_50                                                                ;
; Latch Clock                     ; CLK_50                                                                ;
; SDC Exception                   ; No SDC Exception on Path                                              ;
; Data Arrival Time               ; 18.950                                                                ;
; Data Required Time              ; 24.681                                                                ;
; Slack                           ; 5.731                                                                 ;
; Worst-Case Operating Conditions ; Slow 900mV 100C Model                                                 ;
+---------------------------------+-----------------------------------------------------------------------+

+------------------------------------------------------------------------------------+
; Statistics                                                                         ;
+------------------------+--------+-------+-------------+------------+-------+-------+
; Property               ; Value  ; Count ; Total Delay ; % of Total ; Min   ; Max   ;
+------------------------+--------+-------+-------------+------------+-------+-------+
; Setup Relationship     ; 20.000 ;       ;             ;            ;       ;       ;
; Clock Skew             ; -0.189 ;       ;             ;            ;       ;       ;
; Data Delay             ; 14.319 ;       ;             ;            ;       ;       ;
; Number of Logic Levels ;        ; 6     ;             ;            ;       ;       ;
; Physical Delays        ;        ;       ;             ;            ;       ;       ;
;  Arrival Path          ;        ;       ;             ;            ;       ;       ;
;   Clock                ;        ;       ;             ;            ;       ;       ;
;    IC                  ;        ; 3     ; 3.407       ; 74         ; 0.000 ; 3.407 ;
;    Cell                ;        ; 4     ; 1.224       ; 26         ; 0.000 ; 0.547 ;
;   Data                 ;        ;       ;             ;            ;       ;       ;
;    IC                  ;        ; 6     ; 13.038      ; 91         ; 0.603 ; 3.300 ;
;    Cell                ;        ; 14    ; 1.031       ; 7          ; 0.000 ; 0.255 ;
;    uTco                ;        ; 1     ; 0.250       ; 2          ; 0.250 ; 0.250 ;
;  Required Path         ;        ;       ;             ;            ;       ;       ;
;   Clock                ;        ;       ;             ;            ;       ;       ;
;    IC                  ;        ; 3     ; 3.074       ; 73         ; 0.000 ; 3.074 ;
;    Cell                ;        ; 4     ; 1.116       ; 27         ; 0.000 ; 0.547 ;
+------------------------+--------+-------+-------------+------------+-------+-------+
Note: Negative delays are omitted from totals when calculating percentages

+---------------------------------------------------------------------------------------------------------------------------------------------------------------------------+
; Data Arrival Path                                                                                                                                                         ;
+----------+---------+----+--------+--------+-----------------------+------------+------------------------------------------------------------------------------------------+
; Total    ; Incr    ; RF ; Type   ; Fanout ; Location              ; HS/LP      ; Element                                                                                  ;
+----------+---------+----+--------+--------+-----------------------+------------+------------------------------------------------------------------------------------------+
; 0.000    ; 0.000   ;    ;        ;        ;                       ;            ; launch edge time                                                                         ;
; 0.000    ; 0.000   ;    ; borrow ;        ;                       ;            ; time borrowed                                                                            ;
; 4.631    ; 4.631   ;    ;        ;        ;                       ;            ; clock path                                                                               ;
;   0.000  ;   0.000 ;    ;        ;        ;                       ;            ; source latency                                                                           ;
;   0.000  ;   0.000 ;    ;        ; 1      ; PIN_AM10              ;            ; CLK_50                                                                                   ;
;   0.000  ;   0.000 ; RR ; IC     ; 1      ; IOIBUF_X148_Y16_N32   ;            ; CLK_50~input|i                                                                           ;
;   0.547  ;   0.547 ; RR ; CELL   ; 1      ; IOIBUF_X148_Y16_N32   ;            ; CLK_50~input|o                                                                           ;
;   0.706  ;   0.159 ; RR ; CELL   ; 1      ; IOIBUF_X148_Y16_N32   ;            ; CLK_50~input~io_48_lvds_tile_edge/ioclkin[0]                                             ;
;   0.706  ;   0.000 ; RR ; IC     ; 2      ; CLKCTRL_3A_G_I20      ;            ; CLK_50~inputCLKENA0|inclk                                                                ;
;   1.224  ;   0.518 ; RR ; CELL   ; 224447 ; CLKCTRL_3A_G_I20      ;            ; CLK_50~inputCLKENA0|outclk                                                               ;
;   4.631  ;   3.407 ; RR ; IC     ; 1      ; FF_X51_Y125_N20       ; Low Power  ; System|npu_system_0|npu_system_20|w_col_idx[4]~_Duplicate_13DUPLICATE|clk                ;
;   4.631  ;   0.000 ; RR ; CELL   ; 1      ; FF_X51_Y125_N20       ; Low Power  ; System|npu_system_0|npu_system_20|w_col_idx[4]~_Duplicate_13DUPLICATE                    ;
; 18.950   ; 14.319  ;    ;        ;        ;                       ;            ; data path                                                                                ;
;   4.881  ;   0.250 ; RR ; uTco   ; 1      ; FF_X51_Y125_N20       ;            ; System|npu_system_0|npu_system_20|w_col_idx[4]~_Duplicate_13DUPLICATE|q                  ;
;   5.017  ;   0.136 ; RR ; CELL   ; 549    ; FF_X51_Y125_N20       ; Low Power  ; System|npu_system_0|npu_system_20|w_col_idx[4]~_Duplicate_13DUPLICATE~la_lab/laboutt[13] ;
;   8.317  ;   3.300 ; RR ; IC     ; 1      ; LABCELL_X34_Y166_N57  ; Mixed      ; System|npu_system_0|npu_system_20|i128470~3034|dataf                                     ;
;   8.374  ;   0.057 ; RF ; CELL   ; 1      ; LABCELL_X34_Y166_N57  ; Low Power  ; System|npu_system_0|npu_system_20|i128470~3034|combout                                   ;
;   8.379  ;   0.005 ; FF ; CELL   ; 1      ; LABCELL_X34_Y166_N57  ; Low Power  ; System|npu_system_0|npu_system_20|i128470~3034~la_lab/laboutb[18]                        ;
;   9.830  ;   1.451 ; FF ; IC     ; 1      ; LABCELL_X16_Y173_N24  ; Mixed      ; System|npu_system_0|npu_system_20|i128470~3036|datab                                     ;
;   10.085 ;   0.255 ; FF ; CELL   ; 1      ; LABCELL_X16_Y173_N24  ; Low Power  ; System|npu_system_0|npu_system_20|i128470~3036|combout                                   ;
;   10.089 ;   0.004 ; FF ; CELL   ; 1      ; LABCELL_X16_Y173_N24  ; Low Power  ; System|npu_system_0|npu_system_20|i128470~3036~la_lab/laboutt[16]                        ;
;   12.983 ;   2.894 ; FF ; IC     ; 1      ; LABCELL_X16_Y127_N30  ; Mixed      ; System|npu_system_0|npu_system_20|i128470~3047|datac                                     ;
;   13.139 ;   0.156 ; FF ; CELL   ; 1      ; LABCELL_X16_Y127_N30  ; High Speed ; System|npu_system_0|npu_system_20|i128470~3047|combout                                   ;
;   13.144 ;   0.005 ; FF ; CELL   ; 1      ; LABCELL_X16_Y127_N30  ; High Speed ; System|npu_system_0|npu_system_20|i128470~3047~la_lab/laboutb[1]                         ;
;   15.666 ;   2.522 ; FF ; IC     ; 1      ; MLABCELL_X65_Y147_N33 ; Mixed      ; System|npu_system_0|npu_system_20|i128470~3048|datab                                     ;
;   15.884 ;   0.218 ; FF ; CELL   ; 1      ; MLABCELL_X65_Y147_N33 ; High Speed ; System|npu_system_0|npu_system_20|i128470~3048|combout                                   ;
;   15.889 ;   0.005 ; FF ; CELL   ; 1      ; MLABCELL_X65_Y147_N33 ; High Speed ; System|npu_system_0|npu_system_20|i128470~3048~la_mlab/laboutb[2]                        ;
;   16.492 ;   0.603 ; FF ; IC     ; 1      ; LABCELL_X61_Y149_N12  ; High Speed ; System|npu_system_0|npu_system_20|i128470~3134|dataf                                     ;
;   16.535 ;   0.043 ; FF ; CELL   ; 1      ; LABCELL_X61_Y149_N12  ; High Speed ; System|npu_system_0|npu_system_20|i128470~3134|combout                                   ;
;   16.540 ;   0.005 ; FF ; CELL   ; 1      ; LABCELL_X61_Y149_N12  ; High Speed ; System|npu_system_0|npu_system_20|i128470~3134~la_lab/laboutt[9]                         ;
;   18.808 ;   2.268 ; FF ; IC     ; 1      ; MLABCELL_X60_Y83_N21  ; Mixed      ; System|npu_system_0|npu_system_20|i128470~3135|datad                                     ;
;   18.950 ;   0.142 ; FF ; CELL   ; 1      ; MLABCELL_X60_Y83_N21  ; High Speed ; System|npu_system_0|npu_system_20|i128470~3135|combout                                   ;
;   18.950 ;   0.000 ; FF ; CELL   ; 1      ; FF_X60_Y83_N22        ; High Speed ; System|npu_system_0|npu_system_20|out_data_reg[5]|d                                      ;
;   18.950 ;   0.000 ; FF ; CELL   ; 1      ; FF_X60_Y83_N22        ; High Speed ; System|npu_system_0|npu_system_20|out_data_reg[5]                                        ;
+----------+---------+----+--------+--------+-----------------------+------------+------------------------------------------------------------------------------------------+

+--------------------------------------------------------------------------------------------------------------------------------------+
; Data Required Path                                                                                                                   ;
+----------+---------+----+--------+--------+---------------------+------------+-------------------------------------------------------+
; Total    ; Incr    ; RF ; Type   ; Fanout ; Location            ; HS/LP      ; Element                                               ;
+----------+---------+----+--------+--------+---------------------+------------+-------------------------------------------------------+
; 20.000   ; 20.000  ;    ;        ;        ;                     ;            ; latch edge time                                       ;
; 20.000   ; 0.000   ;    ; borrow ;        ;                     ;            ; time borrowed                                         ;
; 24.442   ; 4.442   ;    ;        ;        ;                     ;            ; clock path                                            ;
;   20.000 ;   0.000 ;    ;        ;        ;                     ;            ; source latency                                        ;
;   20.000 ;   0.000 ;    ;        ; 1      ; PIN_AM10            ;            ; CLK_50                                                ;
;   20.000 ;   0.000 ; RR ; IC     ; 1      ; IOIBUF_X148_Y16_N32 ;            ; CLK_50~input|i                                        ;
;   20.547 ;   0.547 ; RR ; CELL   ; 1      ; IOIBUF_X148_Y16_N32 ;            ; CLK_50~input|o                                        ;
;   20.676 ;   0.129 ; RR ; CELL   ; 1      ; IOIBUF_X148_Y16_N32 ;            ; CLK_50~input~io_48_lvds_tile_edge/ioclkin[0]          ;
;   20.676 ;   0.000 ; RR ; IC     ; 2      ; CLKCTRL_3A_G_I20    ;            ; CLK_50~inputCLKENA0|inclk                             ;
;   21.116 ;   0.440 ; RR ; CELL   ; 224447 ; CLKCTRL_3A_G_I20    ;            ; CLK_50~inputCLKENA0|outclk                            ;
;   24.190 ;   3.074 ; RR ; IC     ; 1      ; FF_X60_Y83_N22      ; High Speed ; System|npu_system_0|npu_system_20|out_data_reg[5]|clk ;
;   24.190 ;   0.000 ; RR ; CELL   ; 1      ; FF_X60_Y83_N22      ; High Speed ; System|npu_system_0|npu_system_20|out_data_reg[5]     ;
;   24.442 ;   0.252 ;    ;        ;        ;                     ;            ; clock pessimism removed                               ;
; 24.412   ; -0.030  ;    ;        ;        ;                     ;            ; clock uncertainty                                     ;
; 24.681   ; 0.269   ;    ; uTsu   ; 1      ; FF_X60_Y83_N22      ;            ; System|npu_system_0|npu_system_20|out_data_reg[5]     ;
+----------+---------+----+--------+--------+---------------------+------------+-------------------------------------------------------+



Path #4: Setup slack is 5.767 
===============================================================================
+---------------------------------------------------------------------------------------------+
; Path Summary                                                                                ;
+---------------------------------+-----------------------------------------------------------+
; Property                        ; Value                                                     ;
+---------------------------------+-----------------------------------------------------------+
; From Node                       ; System|npu_system_0|npu_system_20|w_col_idx[2]~_Duplicate ;
; To Node                         ; System|npu_system_0|npu_system_20|out_data_reg[26]        ;
; Launch Clock                    ; CLK_50                                                    ;
; Latch Clock                     ; CLK_50                                                    ;
; SDC Exception                   ; No SDC Exception on Path                                  ;
; Data Arrival Time               ; 18.914                                                    ;
; Data Required Time              ; 24.681                                                    ;
; Slack                           ; 5.767                                                     ;
; Worst-Case Operating Conditions ; Slow 900mV 100C Model                                     ;
+---------------------------------+-----------------------------------------------------------+

+------------------------------------------------------------------------------------+
; Statistics                                                                         ;
+------------------------+--------+-------+-------------+------------+-------+-------+
; Property               ; Value  ; Count ; Total Delay ; % of Total ; Min   ; Max   ;
+------------------------+--------+-------+-------------+------------+-------+-------+
; Setup Relationship     ; 20.000 ;       ;             ;            ;       ;       ;
; Clock Skew             ; -0.227 ;       ;             ;            ;       ;       ;
; Data Delay             ; 14.243 ;       ;             ;            ;       ;       ;
; Number of Logic Levels ;        ; 6     ;             ;            ;       ;       ;
; Physical Delays        ;        ;       ;             ;            ;       ;       ;
;  Arrival Path          ;        ;       ;             ;            ;       ;       ;
;   Clock                ;        ;       ;             ;            ;       ;       ;
;    IC                  ;        ; 3     ; 3.447       ; 74         ; 0.000 ; 3.447 ;
;    Cell                ;        ; 4     ; 1.224       ; 26         ; 0.000 ; 0.547 ;
;   Data                 ;        ;       ;             ;            ;       ;       ;
;    IC                  ;        ; 6     ; 12.962      ; 91         ; 0.557 ; 3.619 ;
;    Cell                ;        ; 14    ; 1.066       ; 7          ; 0.000 ; 0.219 ;
;    uTco                ;        ; 1     ; 0.215       ; 2          ; 0.215 ; 0.215 ;
;  Required Path         ;        ;       ;             ;            ;       ;       ;
;   Clock                ;        ;       ;             ;            ;       ;       ;
;    IC                  ;        ; 3     ; 3.076       ; 73         ; 0.000 ; 3.076 ;
;    Cell                ;        ; 4     ; 1.116       ; 27         ; 0.000 ; 0.547 ;
+------------------------+--------+-------+-------------+------------+-------+-------+
Note: Negative delays are omitted from totals when calculating percentages

+---------------------------------------------------------------------------------------------------------------------------------------------------------------+
; Data Arrival Path                                                                                                                                             ;
+----------+---------+----+--------+--------+-----------------------+------------+------------------------------------------------------------------------------+
; Total    ; Incr    ; RF ; Type   ; Fanout ; Location              ; HS/LP      ; Element                                                                      ;
+----------+---------+----+--------+--------+-----------------------+------------+------------------------------------------------------------------------------+
; 0.000    ; 0.000   ;    ;        ;        ;                       ;            ; launch edge time                                                             ;
; 0.000    ; 0.000   ;    ; borrow ;        ;                       ;            ; time borrowed                                                                ;
; 4.671    ; 4.671   ;    ;        ;        ;                       ;            ; clock path                                                                   ;
;   0.000  ;   0.000 ;    ;        ;        ;                       ;            ; source latency                                                               ;
;   0.000  ;   0.000 ;    ;        ; 1      ; PIN_AM10              ;            ; CLK_50                                                                       ;
;   0.000  ;   0.000 ; RR ; IC     ; 1      ; IOIBUF_X148_Y16_N32   ;            ; CLK_50~input|i                                                               ;
;   0.547  ;   0.547 ; RR ; CELL   ; 1      ; IOIBUF_X148_Y16_N32   ;            ; CLK_50~input|o                                                               ;
;   0.706  ;   0.159 ; RR ; CELL   ; 1      ; IOIBUF_X148_Y16_N32   ;            ; CLK_50~input~io_48_lvds_tile_edge/ioclkin[0]                                 ;
;   0.706  ;   0.000 ; RR ; IC     ; 2      ; CLKCTRL_3A_G_I20      ;            ; CLK_50~inputCLKENA0|inclk                                                    ;
;   1.224  ;   0.518 ; RR ; CELL   ; 224447 ; CLKCTRL_3A_G_I20      ;            ; CLK_50~inputCLKENA0|outclk                                                   ;
;   4.671  ;   3.447 ; RR ; IC     ; 1      ; FF_X43_Y146_N16       ; High Speed ; System|npu_system_0|npu_system_20|w_col_idx[2]~_Duplicate|clk                ;
;   4.671  ;   0.000 ; RR ; CELL   ; 1      ; FF_X43_Y146_N16       ; High Speed ; System|npu_system_0|npu_system_20|w_col_idx[2]~_Duplicate                    ;
; 18.914   ; 14.243  ;    ;        ;        ;                       ;            ; data path                                                                    ;
;   4.886  ;   0.215 ; FF ; uTco   ; 1      ; FF_X43_Y146_N16       ;            ; System|npu_system_0|npu_system_20|w_col_idx[2]~_Duplicate|q                  ;
;   4.962  ;   0.076 ; FF ; CELL   ; 840    ; FF_X43_Y146_N16       ; High Speed ; System|npu_system_0|npu_system_20|w_col_idx[2]~_Duplicate~la_lab/laboutt[10] ;
;   8.460  ;   3.498 ; FF ; IC     ; 1      ; LABCELL_X28_Y212_N0   ; Mixed      ; System|npu_system_0|npu_system_20|i128470~7160|datae                         ;
;   8.580  ;   0.120 ; FF ; CELL   ; 1      ; LABCELL_X28_Y212_N0   ; High Speed ; System|npu_system_0|npu_system_20|i128470~7160|combout                       ;
;   8.585  ;   0.005 ; FF ; CELL   ; 1      ; LABCELL_X28_Y212_N0   ; High Speed ; System|npu_system_0|npu_system_20|i128470~7160~la_lab/laboutt[1]             ;
;   12.204 ;   3.619 ; FF ; IC     ; 1      ; MLABCELL_X36_Y152_N0  ; Mixed      ; System|npu_system_0|npu_system_20|i128470~7163|datac                         ;
;   12.357 ;   0.153 ; FF ; CELL   ; 1      ; MLABCELL_X36_Y152_N0  ; High Speed ; System|npu_system_0|npu_system_20|i128470~7163|combout                       ;
;   12.363 ;   0.006 ; FF ; CELL   ; 1      ; MLABCELL_X36_Y152_N0  ; High Speed ; System|npu_system_0|npu_system_20|i128470~7163~la_mlab/laboutt[1]            ;
;   12.920 ;   0.557 ; FF ; IC     ; 1      ; MLABCELL_X42_Y155_N48 ; High Speed ; System|npu_system_0|npu_system_20|i128470~7164|datab                         ;
;   13.139 ;   0.219 ; FF ; CELL   ; 1      ; MLABCELL_X42_Y155_N48 ; High Speed ; System|npu_system_0|npu_system_20|i128470~7164|combout                       ;
;   13.145 ;   0.006 ; FF ; CELL   ; 1      ; MLABCELL_X42_Y155_N48 ; High Speed ; System|npu_system_0|npu_system_20|i128470~7164~la_mlab/laboutb[13]           ;
;   13.717 ;   0.572 ; FF ; IC     ; 1      ; MLABCELL_X44_Y151_N42 ; High Speed ; System|npu_system_0|npu_system_20|i128470~7165|datac                         ;
;   13.871 ;   0.154 ; FF ; CELL   ; 1      ; MLABCELL_X44_Y151_N42 ; High Speed ; System|npu_system_0|npu_system_20|i128470~7165|combout                       ;
;   13.876 ;   0.005 ; FF ; CELL   ; 1      ; MLABCELL_X44_Y151_N42 ; High Speed ; System|npu_system_0|npu_system_20|i128470~7165~la_mlab/laboutb[8]            ;
;   15.866 ;   1.990 ; FF ; IC     ; 1      ; LABCELL_X71_Y142_N30  ; Mixed      ; System|npu_system_0|npu_system_20|i128470~7166|datad                         ;
;   16.014 ;   0.148 ; FF ; CELL   ; 1      ; LABCELL_X71_Y142_N30  ; High Speed ; System|npu_system_0|npu_system_20|i128470~7166|combout                       ;
;   16.019 ;   0.005 ; FF ; CELL   ; 1      ; LABCELL_X71_Y142_N30  ; High Speed ; System|npu_system_0|npu_system_20|i128470~7166~la_lab/laboutb[1]             ;
;   18.745 ;   2.726 ; FF ; IC     ; 1      ; MLABCELL_X62_Y83_N57  ; Mixed      ; System|npu_system_0|npu_system_20|i128470~7167|datae                         ;
;   18.914 ;   0.169 ; FF ; CELL   ; 1      ; MLABCELL_X62_Y83_N57  ; High Speed ; System|npu_system_0|npu_system_20|i128470~7167|combout                       ;
;   18.914 ;   0.000 ; FF ; CELL   ; 1      ; FF_X62_Y83_N58        ; High Speed ; System|npu_system_0|npu_system_20|out_data_reg[26]|d                         ;
;   18.914 ;   0.000 ; FF ; CELL   ; 1      ; FF_X62_Y83_N58        ; High Speed ; System|npu_system_0|npu_system_20|out_data_reg[26]                           ;
+----------+---------+----+--------+--------+-----------------------+------------+------------------------------------------------------------------------------+

+---------------------------------------------------------------------------------------------------------------------------------------+
; Data Required Path                                                                                                                    ;
+----------+---------+----+--------+--------+---------------------+------------+--------------------------------------------------------+
; Total    ; Incr    ; RF ; Type   ; Fanout ; Location            ; HS/LP      ; Element                                                ;
+----------+---------+----+--------+--------+---------------------+------------+--------------------------------------------------------+
; 20.000   ; 20.000  ;    ;        ;        ;                     ;            ; latch edge time                                        ;
; 20.000   ; 0.000   ;    ; borrow ;        ;                     ;            ; time borrowed                                          ;
; 24.444   ; 4.444   ;    ;        ;        ;                     ;            ; clock path                                             ;
;   20.000 ;   0.000 ;    ;        ;        ;                     ;            ; source latency                                         ;
;   20.000 ;   0.000 ;    ;        ; 1      ; PIN_AM10            ;            ; CLK_50                                                 ;
;   20.000 ;   0.000 ; RR ; IC     ; 1      ; IOIBUF_X148_Y16_N32 ;            ; CLK_50~input|i                                         ;
;   20.547 ;   0.547 ; RR ; CELL   ; 1      ; IOIBUF_X148_Y16_N32 ;            ; CLK_50~input|o                                         ;
;   20.676 ;   0.129 ; RR ; CELL   ; 1      ; IOIBUF_X148_Y16_N32 ;            ; CLK_50~input~io_48_lvds_tile_edge/ioclkin[0]           ;
;   20.676 ;   0.000 ; RR ; IC     ; 2      ; CLKCTRL_3A_G_I20    ;            ; CLK_50~inputCLKENA0|inclk                              ;
;   21.116 ;   0.440 ; RR ; CELL   ; 224447 ; CLKCTRL_3A_G_I20    ;            ; CLK_50~inputCLKENA0|outclk                             ;
;   24.192 ;   3.076 ; RR ; IC     ; 1      ; FF_X62_Y83_N58      ; High Speed ; System|npu_system_0|npu_system_20|out_data_reg[26]|clk ;
;   24.192 ;   0.000 ; RR ; CELL   ; 1      ; FF_X62_Y83_N58      ; High Speed ; System|npu_system_0|npu_system_20|out_data_reg[26]     ;
;   24.444 ;   0.252 ;    ;        ;        ;                     ;            ; clock pessimism removed                                ;
; 24.414   ; -0.030  ;    ;        ;        ;                     ;            ; clock uncertainty                                      ;
; 24.681   ; 0.267   ;    ; uTsu   ; 1      ; FF_X62_Y83_N58      ;            ; System|npu_system_0|npu_system_20|out_data_reg[26]     ;
+----------+---------+----+--------+--------+---------------------+------------+--------------------------------------------------------+



Path #5: Setup slack is 5.794 
===============================================================================
+-----------------------------------------------------------------------------------------------+
; Path Summary                                                                                  ;
+---------------------------------+-------------------------------------------------------------+
; Property                        ; Value                                                       ;
+---------------------------------+-------------------------------------------------------------+
; From Node                       ; System|npu_system_0|npu_system_20|w_col_idx[1]~_Duplicate_6 ;
; To Node                         ; System|npu_system_0|npu_system_20|out_data_reg[26]          ;
; Launch Clock                    ; CLK_50                                                      ;
; Latch Clock                     ; CLK_50                                                      ;
; SDC Exception                   ; No SDC Exception on Path                                    ;
; Data Arrival Time               ; 18.887                                                      ;
; Data Required Time              ; 24.681                                                      ;
; Slack                           ; 5.794                                                       ;
; Worst-Case Operating Conditions ; Slow 900mV 100C Model                                       ;
+---------------------------------+-------------------------------------------------------------+

+------------------------------------------------------------------------------------+
; Statistics                                                                         ;
+------------------------+--------+-------+-------------+------------+-------+-------+
; Property               ; Value  ; Count ; Total Delay ; % of Total ; Min   ; Max   ;
+------------------------+--------+-------+-------------+------------+-------+-------+
; Setup Relationship     ; 20.000 ;       ;             ;            ;       ;       ;
; Clock Skew             ; -0.241 ;       ;             ;            ;       ;       ;
; Data Delay             ; 14.202 ;       ;             ;            ;       ;       ;
; Number of Logic Levels ;        ; 6     ;             ;            ;       ;       ;
; Physical Delays        ;        ;       ;             ;            ;       ;       ;
;  Arrival Path          ;        ;       ;             ;            ;       ;       ;
;   Clock                ;        ;       ;             ;            ;       ;       ;
;    IC                  ;        ; 3     ; 3.461       ; 74         ; 0.000 ; 3.461 ;
;    Cell                ;        ; 4     ; 1.224       ; 26         ; 0.000 ; 0.547 ;
;   Data                 ;        ;       ;             ;            ;       ;       ;
;    IC                  ;        ; 6     ; 12.954      ; 91         ; 0.170 ; 3.647 ;
;    Cell                ;        ; 14    ; 1.032       ; 7          ; 0.000 ; 0.221 ;
;    uTco                ;        ; 1     ; 0.216       ; 2          ; 0.216 ; 0.216 ;
;  Required Path         ;        ;       ;             ;            ;       ;       ;
;   Clock                ;        ;       ;             ;            ;       ;       ;
;    IC                  ;        ; 3     ; 3.076       ; 73         ; 0.000 ; 3.076 ;
;    Cell                ;        ; 4     ; 1.116       ; 27         ; 0.000 ; 0.547 ;
+------------------------+--------+-------+-------------+------------+-------+-------+
Note: Negative delays are omitted from totals when calculating percentages

+-----------------------------------------------------------------------------------------------------------------------------------------------------------------+
; Data Arrival Path                                                                                                                                               ;
+----------+---------+----+--------+--------+-----------------------+------------+--------------------------------------------------------------------------------+
; Total    ; Incr    ; RF ; Type   ; Fanout ; Location              ; HS/LP      ; Element                                                                        ;
+----------+---------+----+--------+--------+-----------------------+------------+--------------------------------------------------------------------------------+
; 0.000    ; 0.000   ;    ;        ;        ;                       ;            ; launch edge time                                                               ;
; 0.000    ; 0.000   ;    ; borrow ;        ;                       ;            ; time borrowed                                                                  ;
; 4.685    ; 4.685   ;    ;        ;        ;                       ;            ; clock path                                                                     ;
;   0.000  ;   0.000 ;    ;        ;        ;                       ;            ; source latency                                                                 ;
;   0.000  ;   0.000 ;    ;        ; 1      ; PIN_AM10              ;            ; CLK_50                                                                         ;
;   0.000  ;   0.000 ; RR ; IC     ; 1      ; IOIBUF_X148_Y16_N32   ;            ; CLK_50~input|i                                                                 ;
;   0.547  ;   0.547 ; RR ; CELL   ; 1      ; IOIBUF_X148_Y16_N32   ;            ; CLK_50~input|o                                                                 ;
;   0.706  ;   0.159 ; RR ; CELL   ; 1      ; IOIBUF_X148_Y16_N32   ;            ; CLK_50~input~io_48_lvds_tile_edge/ioclkin[0]                                   ;
;   0.706  ;   0.000 ; RR ; IC     ; 2      ; CLKCTRL_3A_G_I20      ;            ; CLK_50~inputCLKENA0|inclk                                                      ;
;   1.224  ;   0.518 ; RR ; CELL   ; 224447 ; CLKCTRL_3A_G_I20      ;            ; CLK_50~inputCLKENA0|outclk                                                     ;
;   4.685  ;   3.461 ; RR ; IC     ; 1      ; FF_X77_Y116_N46       ; High Speed ; System|npu_system_0|npu_system_20|w_col_idx[1]~_Duplicate_6|clk                ;
;   4.685  ;   0.000 ; RR ; CELL   ; 1      ; FF_X77_Y116_N46       ; High Speed ; System|npu_system_0|npu_system_20|w_col_idx[1]~_Duplicate_6                    ;
; 18.887   ; 14.202  ;    ;        ;        ;                       ;            ; data path                                                                      ;
;   4.901  ;   0.216 ; FF ; uTco   ; 1      ; FF_X77_Y116_N46       ;            ; System|npu_system_0|npu_system_20|w_col_idx[1]~_Duplicate_6|q                  ;
;   4.985  ;   0.084 ; FF ; CELL   ; 677    ; FF_X77_Y116_N46       ; High Speed ; System|npu_system_0|npu_system_20|w_col_idx[1]~_Duplicate_6~la_lab/laboutb[10] ;
;   7.449  ;   2.464 ; FF ; IC     ; 1      ; LABCELL_X50_Y89_N6    ; High Speed ; System|npu_system_0|npu_system_20|i128470~7093|datae                           ;
;   7.569  ;   0.120 ; FF ; CELL   ; 1      ; LABCELL_X50_Y89_N6    ; High Speed ; System|npu_system_0|npu_system_20|i128470~7093|combout                         ;
;   7.574  ;   0.005 ; FF ; CELL   ; 1      ; LABCELL_X50_Y89_N6    ; High Speed ; System|npu_system_0|npu_system_20|i128470~7093~la_lab/laboutt[5]               ;
;   11.221 ;   3.647 ; FF ; IC     ; 1      ; LABCELL_X50_Y132_N6   ; Mixed      ; System|npu_system_0|npu_system_20|i128470~7095|dataf                           ;
;   11.264 ;   0.043 ; FF ; CELL   ; 1      ; LABCELL_X50_Y132_N6   ; High Speed ; System|npu_system_0|npu_system_20|i128470~7095|combout                         ;
;   11.269 ;   0.005 ; FF ; CELL   ; 1      ; LABCELL_X50_Y132_N6   ; High Speed ; System|npu_system_0|npu_system_20|i128470~7095~la_lab/laboutt[5]               ;
;   13.226 ;   1.957 ; FF ; IC     ; 1      ; MLABCELL_X44_Y151_N12 ; Mixed      ; System|npu_system_0|npu_system_20|i128470~7101|dataa                           ;
;   13.447 ;   0.221 ; FF ; CELL   ; 1      ; MLABCELL_X44_Y151_N12 ; High Speed ; System|npu_system_0|npu_system_20|i128470~7101|combout                         ;
;   13.453 ;   0.006 ; FF ; CELL   ; 1      ; MLABCELL_X44_Y151_N12 ; High Speed ; System|npu_system_0|npu_system_20|i128470~7101~la_mlab/laboutt[9]              ;
;   13.623 ;   0.170 ; FF ; IC     ; 1      ; MLABCELL_X44_Y151_N42 ; High Speed ; System|npu_system_0|npu_system_20|i128470~7165|dataa                           ;
;   13.844 ;   0.221 ; FF ; CELL   ; 1      ; MLABCELL_X44_Y151_N42 ; High Speed ; System|npu_system_0|npu_system_20|i128470~7165|combout                         ;
;   13.849 ;   0.005 ; FF ; CELL   ; 1      ; MLABCELL_X44_Y151_N42 ; High Speed ; System|npu_system_0|npu_system_20|i128470~7165~la_mlab/laboutb[8]              ;
;   15.839 ;   1.990 ; FF ; IC     ; 1      ; LABCELL_X71_Y142_N30  ; Mixed      ; System|npu_system_0|npu_system_20|i128470~7166|datad                           ;
;   15.987 ;   0.148 ; FF ; CELL   ; 1      ; LABCELL_X71_Y142_N30  ; High Speed ; System|npu_system_0|npu_system_20|i128470~7166|combout                         ;
;   15.992 ;   0.005 ; FF ; CELL   ; 1      ; LABCELL_X71_Y142_N30  ; High Speed ; System|npu_system_0|npu_system_20|i128470~7166~la_lab/laboutb[1]               ;
;   18.718 ;   2.726 ; FF ; IC     ; 1      ; MLABCELL_X62_Y83_N57  ; Mixed      ; System|npu_system_0|npu_system_20|i128470~7167|datae                           ;
;   18.887 ;   0.169 ; FF ; CELL   ; 1      ; MLABCELL_X62_Y83_N57  ; High Speed ; System|npu_system_0|npu_system_20|i128470~7167|combout                         ;
;   18.887 ;   0.000 ; FF ; CELL   ; 1      ; FF_X62_Y83_N58        ; High Speed ; System|npu_system_0|npu_system_20|out_data_reg[26]|d                           ;
;   18.887 ;   0.000 ; FF ; CELL   ; 1      ; FF_X62_Y83_N58        ; High Speed ; System|npu_system_0|npu_system_20|out_data_reg[26]                             ;
+----------+---------+----+--------+--------+-----------------------+------------+--------------------------------------------------------------------------------+

+---------------------------------------------------------------------------------------------------------------------------------------+
; Data Required Path                                                                                                                    ;
+----------+---------+----+--------+--------+---------------------+------------+--------------------------------------------------------+
; Total    ; Incr    ; RF ; Type   ; Fanout ; Location            ; HS/LP      ; Element                                                ;
+----------+---------+----+--------+--------+---------------------+------------+--------------------------------------------------------+
; 20.000   ; 20.000  ;    ;        ;        ;                     ;            ; latch edge time                                        ;
; 20.000   ; 0.000   ;    ; borrow ;        ;                     ;            ; time borrowed                                          ;
; 24.444   ; 4.444   ;    ;        ;        ;                     ;            ; clock path                                             ;
;   20.000 ;   0.000 ;    ;        ;        ;                     ;            ; source latency                                         ;
;   20.000 ;   0.000 ;    ;        ; 1      ; PIN_AM10            ;            ; CLK_50                                                 ;
;   20.000 ;   0.000 ; RR ; IC     ; 1      ; IOIBUF_X148_Y16_N32 ;            ; CLK_50~input|i                                         ;
;   20.547 ;   0.547 ; RR ; CELL   ; 1      ; IOIBUF_X148_Y16_N32 ;            ; CLK_50~input|o                                         ;
;   20.676 ;   0.129 ; RR ; CELL   ; 1      ; IOIBUF_X148_Y16_N32 ;            ; CLK_50~input~io_48_lvds_tile_edge/ioclkin[0]           ;
;   20.676 ;   0.000 ; RR ; IC     ; 2      ; CLKCTRL_3A_G_I20    ;            ; CLK_50~inputCLKENA0|inclk                              ;
;   21.116 ;   0.440 ; RR ; CELL   ; 224447 ; CLKCTRL_3A_G_I20    ;            ; CLK_50~inputCLKENA0|outclk                             ;
;   24.192 ;   3.076 ; RR ; IC     ; 1      ; FF_X62_Y83_N58      ; High Speed ; System|npu_system_0|npu_system_20|out_data_reg[26]|clk ;
;   24.192 ;   0.000 ; RR ; CELL   ; 1      ; FF_X62_Y83_N58      ; High Speed ; System|npu_system_0|npu_system_20|out_data_reg[26]     ;
;   24.444 ;   0.252 ;    ;        ;        ;                     ;            ; clock pessimism removed                                ;
; 24.414   ; -0.030  ;    ;        ;        ;                     ;            ; clock uncertainty                                      ;
; 24.681   ; 0.267   ;    ; uTsu   ; 1      ; FF_X62_Y83_N58      ;            ; System|npu_system_0|npu_system_20|out_data_reg[26]     ;
+----------+---------+----+--------+--------+---------------------+------------+--------------------------------------------------------+



Path #6: Setup slack is 5.861 
===============================================================================
+--------------------------------------------------------------------------------------------+
; Path Summary                                                                               ;
+---------------------------------+----------------------------------------------------------+
; Property                        ; Value                                                    ;
+---------------------------------+----------------------------------------------------------+
; From Node                       ; System|npu_system_0|npu_system_20|w_col_idx[0]~DUPLICATE ;
; To Node                         ; System|npu_system_0|npu_system_20|out_data_reg[30]       ;
; Launch Clock                    ; CLK_50                                                   ;
; Latch Clock                     ; CLK_50                                                   ;
; SDC Exception                   ; No SDC Exception on Path                                 ;
; Data Arrival Time               ; 18.821                                                   ;
; Data Required Time              ; 24.682                                                   ;
; Slack                           ; 5.861                                                    ;
; Worst-Case Operating Conditions ; Slow 900mV 100C Model                                    ;
+---------------------------------+----------------------------------------------------------+

+------------------------------------------------------------------------------------+
; Statistics                                                                         ;
+------------------------+--------+-------+-------------+------------+-------+-------+
; Property               ; Value  ; Count ; Total Delay ; % of Total ; Min   ; Max   ;
+------------------------+--------+-------+-------------+------------+-------+-------+
; Setup Relationship     ; 20.000 ;       ;             ;            ;       ;       ;
; Clock Skew             ; -0.248 ;       ;             ;            ;       ;       ;
; Data Delay             ; 14.129 ;       ;             ;            ;       ;       ;
; Number of Logic Levels ;        ; 6     ;             ;            ;       ;       ;
; Physical Delays        ;        ;       ;             ;            ;       ;       ;
;  Arrival Path          ;        ;       ;             ;            ;       ;       ;
;   Clock                ;        ;       ;             ;            ;       ;       ;
;    IC                  ;        ; 3     ; 3.468       ; 74         ; 0.000 ; 3.468 ;
;    Cell                ;        ; 4     ; 1.224       ; 26         ; 0.000 ; 0.547 ;
;   Data                 ;        ;       ;             ;            ;       ;       ;
;    IC                  ;        ; 6     ; 12.952      ; 92         ; 0.168 ; 3.851 ;
;    Cell                ;        ; 14    ; 0.961       ; 7          ; 0.000 ; 0.229 ;
;    uTco                ;        ; 1     ; 0.216       ; 2          ; 0.216 ; 0.216 ;
;  Required Path         ;        ;       ;             ;            ;       ;       ;
;   Clock                ;        ;       ;             ;            ;       ;       ;
;    IC                  ;        ; 3     ; 3.076       ; 73         ; 0.000 ; 3.076 ;
;    Cell                ;        ; 4     ; 1.116       ; 27         ; 0.000 ; 0.547 ;
+------------------------+--------+-------+-------------+------------+-------+-------+
Note: Negative delays are omitted from totals when calculating percentages

+--------------------------------------------------------------------------------------------------------------------------------------------------------------+
; Data Arrival Path                                                                                                                                            ;
+----------+---------+----+--------+--------+-----------------------+------------+-----------------------------------------------------------------------------+
; Total    ; Incr    ; RF ; Type   ; Fanout ; Location              ; HS/LP      ; Element                                                                     ;
+----------+---------+----+--------+--------+-----------------------+------------+-----------------------------------------------------------------------------+
; 0.000    ; 0.000   ;    ;        ;        ;                       ;            ; launch edge time                                                            ;
; 0.000    ; 0.000   ;    ; borrow ;        ;                       ;            ; time borrowed                                                               ;
; 4.692    ; 4.692   ;    ;        ;        ;                       ;            ; clock path                                                                  ;
;   0.000  ;   0.000 ;    ;        ;        ;                       ;            ; source latency                                                              ;
;   0.000  ;   0.000 ;    ;        ; 1      ; PIN_AM10              ;            ; CLK_50                                                                      ;
;   0.000  ;   0.000 ; RR ; IC     ; 1      ; IOIBUF_X148_Y16_N32   ;            ; CLK_50~input|i                                                              ;
;   0.547  ;   0.547 ; RR ; CELL   ; 1      ; IOIBUF_X148_Y16_N32   ;            ; CLK_50~input|o                                                              ;
;   0.706  ;   0.159 ; RR ; CELL   ; 1      ; IOIBUF_X148_Y16_N32   ;            ; CLK_50~input~io_48_lvds_tile_edge/ioclkin[0]                                ;
;   0.706  ;   0.000 ; RR ; IC     ; 2      ; CLKCTRL_3A_G_I20      ;            ; CLK_50~inputCLKENA0|inclk                                                   ;
;   1.224  ;   0.518 ; RR ; CELL   ; 224447 ; CLKCTRL_3A_G_I20      ;            ; CLK_50~inputCLKENA0|outclk                                                  ;
;   4.692  ;   3.468 ; RR ; IC     ; 1      ; FF_X67_Y146_N56       ; High Speed ; System|npu_system_0|npu_system_20|w_col_idx[0]~DUPLICATE|clk                ;
;   4.692  ;   0.000 ; RR ; CELL   ; 1      ; FF_X67_Y146_N56       ; High Speed ; System|npu_system_0|npu_system_20|w_col_idx[0]~DUPLICATE                    ;
; 18.821   ; 14.129  ;    ;        ;        ;                       ;            ; data path                                                                   ;
;   4.908  ;   0.216 ; FF ; uTco   ; 1      ; FF_X67_Y146_N56       ;            ; System|npu_system_0|npu_system_20|w_col_idx[0]~DUPLICATE|q                  ;
;   4.983  ;   0.075 ; FF ; CELL   ; 696    ; FF_X67_Y146_N56       ; High Speed ; System|npu_system_0|npu_system_20|w_col_idx[0]~DUPLICATE~la_lab/laboutb[17] ;
;   8.834  ;   3.851 ; FF ; IC     ; 1      ; LABCELL_X111_Y177_N36 ; Mixed      ; System|npu_system_0|npu_system_20|i128470~12504|datae                       ;
;   8.948  ;   0.114 ; FF ; CELL   ; 1      ; LABCELL_X111_Y177_N36 ; High Speed ; System|npu_system_0|npu_system_20|i128470~12504|combout                     ;
;   8.953  ;   0.005 ; FF ; CELL   ; 1      ; LABCELL_X111_Y177_N36 ; High Speed ; System|npu_system_0|npu_system_20|i128470~12504~la_lab/laboutb[5]           ;
;   11.716 ;   2.763 ; FF ; IC     ; 1      ; LABCELL_X51_Y187_N12  ; Mixed      ; System|npu_system_0|npu_system_20|i128470~12508|dataa                       ;
;   11.945 ;   0.229 ; FF ; CELL   ; 1      ; LABCELL_X51_Y187_N12  ; High Speed ; System|npu_system_0|npu_system_20|i128470~12508|combout                     ;
;   11.950 ;   0.005 ; FF ; CELL   ; 1      ; LABCELL_X51_Y187_N12  ; High Speed ; System|npu_system_0|npu_system_20|i128470~12508~la_lab/laboutt[9]           ;
;   14.189 ;   2.239 ; FF ; IC     ; 1      ; LABCELL_X50_Y152_N24  ; Mixed      ; System|npu_system_0|npu_system_20|i128470~12519|dataf                       ;
;   14.229 ;   0.040 ; FF ; CELL   ; 1      ; LABCELL_X50_Y152_N24  ; High Speed ; System|npu_system_0|npu_system_20|i128470~12519|combout                     ;
;   14.233 ;   0.004 ; FF ; CELL   ; 1      ; LABCELL_X50_Y152_N24  ; High Speed ; System|npu_system_0|npu_system_20|i128470~12519~la_lab/laboutt[16]          ;
;   14.401 ;   0.168 ; FF ; IC     ; 1      ; LABCELL_X50_Y152_N6   ; High Speed ; System|npu_system_0|npu_system_20|i128470~12541|datae                       ;
;   14.517 ;   0.116 ; FF ; CELL   ; 1      ; LABCELL_X50_Y152_N6   ; High Speed ; System|npu_system_0|npu_system_20|i128470~12541|combout                     ;
;   14.522 ;   0.005 ; FF ; CELL   ; 1      ; LABCELL_X50_Y152_N6   ; High Speed ; System|npu_system_0|npu_system_20|i128470~12541~la_lab/laboutt[5]           ;
;   16.250 ;   1.728 ; FF ; IC     ; 1      ; LABCELL_X57_Y134_N27  ; Mixed      ; System|npu_system_0|npu_system_20|i128470~12542|datab                       ;
;   16.473 ;   0.223 ; FF ; CELL   ; 1      ; LABCELL_X57_Y134_N27  ; High Speed ; System|npu_system_0|npu_system_20|i128470~12542|combout                     ;
;   16.478 ;   0.005 ; FF ; CELL   ; 1      ; LABCELL_X57_Y134_N27  ; High Speed ; System|npu_system_0|npu_system_20|i128470~12542~la_lab/laboutt[19]          ;
;   18.681 ;   2.203 ; FF ; IC     ; 1      ; MLABCELL_X62_Y83_N39  ; Mixed      ; System|npu_system_0|npu_system_20|i128470~12543|datad                       ;
;   18.821 ;   0.140 ; FF ; CELL   ; 1      ; MLABCELL_X62_Y83_N39  ; High Speed ; System|npu_system_0|npu_system_20|i128470~12543|combout                     ;
;   18.821 ;   0.000 ; FF ; CELL   ; 1      ; FF_X62_Y83_N40        ; High Speed ; System|npu_system_0|npu_system_20|out_data_reg[30]|d                        ;
;   18.821 ;   0.000 ; FF ; CELL   ; 1      ; FF_X62_Y83_N40        ; High Speed ; System|npu_system_0|npu_system_20|out_data_reg[30]                          ;
+----------+---------+----+--------+--------+-----------------------+------------+-----------------------------------------------------------------------------+

+---------------------------------------------------------------------------------------------------------------------------------------+
; Data Required Path                                                                                                                    ;
+----------+---------+----+--------+--------+---------------------+------------+--------------------------------------------------------+
; Total    ; Incr    ; RF ; Type   ; Fanout ; Location            ; HS/LP      ; Element                                                ;
+----------+---------+----+--------+--------+---------------------+------------+--------------------------------------------------------+
; 20.000   ; 20.000  ;    ;        ;        ;                     ;            ; latch edge time                                        ;
; 20.000   ; 0.000   ;    ; borrow ;        ;                     ;            ; time borrowed                                          ;
; 24.444   ; 4.444   ;    ;        ;        ;                     ;            ; clock path                                             ;
;   20.000 ;   0.000 ;    ;        ;        ;                     ;            ; source latency                                         ;
;   20.000 ;   0.000 ;    ;        ; 1      ; PIN_AM10            ;            ; CLK_50                                                 ;
;   20.000 ;   0.000 ; RR ; IC     ; 1      ; IOIBUF_X148_Y16_N32 ;            ; CLK_50~input|i                                         ;
;   20.547 ;   0.547 ; RR ; CELL   ; 1      ; IOIBUF_X148_Y16_N32 ;            ; CLK_50~input|o                                         ;
;   20.676 ;   0.129 ; RR ; CELL   ; 1      ; IOIBUF_X148_Y16_N32 ;            ; CLK_50~input~io_48_lvds_tile_edge/ioclkin[0]           ;
;   20.676 ;   0.000 ; RR ; IC     ; 2      ; CLKCTRL_3A_G_I20    ;            ; CLK_50~inputCLKENA0|inclk                              ;
;   21.116 ;   0.440 ; RR ; CELL   ; 224447 ; CLKCTRL_3A_G_I20    ;            ; CLK_50~inputCLKENA0|outclk                             ;
;   24.192 ;   3.076 ; RR ; IC     ; 1      ; FF_X62_Y83_N40      ; High Speed ; System|npu_system_0|npu_system_20|out_data_reg[30]|clk ;
;   24.192 ;   0.000 ; RR ; CELL   ; 1      ; FF_X62_Y83_N40      ; High Speed ; System|npu_system_0|npu_system_20|out_data_reg[30]     ;
;   24.444 ;   0.252 ;    ;        ;        ;                     ;            ; clock pessimism removed                                ;
; 24.414   ; -0.030  ;    ;        ;        ;                     ;            ; clock uncertainty                                      ;
; 24.682   ; 0.268   ;    ; uTsu   ; 1      ; FF_X62_Y83_N40      ;            ; System|npu_system_0|npu_system_20|out_data_reg[30]     ;
+----------+---------+----+--------+--------+---------------------+------------+--------------------------------------------------------+



Path #7: Setup slack is 5.867 
===============================================================================
+---------------------------------------------------------------------------------------------------------+
; Path Summary                                                                                            ;
+---------------------------------+-----------------------------------------------------------------------+
; Property                        ; Value                                                                 ;
+---------------------------------+-----------------------------------------------------------------------+
; From Node                       ; System|npu_system_0|npu_system_20|w_col_idx[4]~_Duplicate_13DUPLICATE ;
; To Node                         ; System|npu_system_0|npu_system_20|out_data_reg[5]                     ;
; Launch Clock                    ; CLK_50                                                                ;
; Latch Clock                     ; CLK_50                                                                ;
; SDC Exception                   ; No SDC Exception on Path                                              ;
; Data Arrival Time               ; 18.814                                                                ;
; Data Required Time              ; 24.681                                                                ;
; Slack                           ; 5.867                                                                 ;
; Worst-Case Operating Conditions ; Slow 900mV 100C Model                                                 ;
+---------------------------------+-----------------------------------------------------------------------+

+------------------------------------------------------------------------------------+
; Statistics                                                                         ;
+------------------------+--------+-------+-------------+------------+-------+-------+
; Property               ; Value  ; Count ; Total Delay ; % of Total ; Min   ; Max   ;
+------------------------+--------+-------+-------------+------------+-------+-------+
; Setup Relationship     ; 20.000 ;       ;             ;            ;       ;       ;
; Clock Skew             ; -0.189 ;       ;             ;            ;       ;       ;
; Data Delay             ; 14.183 ;       ;             ;            ;       ;       ;
; Number of Logic Levels ;        ; 6     ;             ;            ;       ;       ;
; Physical Delays        ;        ;       ;             ;            ;       ;       ;
;  Arrival Path          ;        ;       ;             ;            ;       ;       ;
;   Clock                ;        ;       ;             ;            ;       ;       ;
;    IC                  ;        ; 3     ; 3.407       ; 74         ; 0.000 ; 3.407 ;
;    Cell                ;        ; 4     ; 1.224       ; 26         ; 0.000 ; 0.547 ;
;   Data                 ;        ;       ;             ;            ;       ;       ;
;    IC                  ;        ; 6     ; 12.986      ; 92         ; 0.603 ; 3.342 ;
;    Cell                ;        ; 14    ; 0.947       ; 7          ; 0.000 ; 0.218 ;
;    uTco                ;        ; 1     ; 0.250       ; 2          ; 0.250 ; 0.250 ;
;  Required Path         ;        ;       ;             ;            ;       ;       ;
;   Clock                ;        ;       ;             ;            ;       ;       ;
;    IC                  ;        ; 3     ; 3.074       ; 73         ; 0.000 ; 3.074 ;
;    Cell                ;        ; 4     ; 1.116       ; 27         ; 0.000 ; 0.547 ;
+------------------------+--------+-------+-------------+------------+-------+-------+
Note: Negative delays are omitted from totals when calculating percentages

+---------------------------------------------------------------------------------------------------------------------------------------------------------------------------+
; Data Arrival Path                                                                                                                                                         ;
+----------+---------+----+--------+--------+-----------------------+------------+------------------------------------------------------------------------------------------+
; Total    ; Incr    ; RF ; Type   ; Fanout ; Location              ; HS/LP      ; Element                                                                                  ;
+----------+---------+----+--------+--------+-----------------------+------------+------------------------------------------------------------------------------------------+
; 0.000    ; 0.000   ;    ;        ;        ;                       ;            ; launch edge time                                                                         ;
; 0.000    ; 0.000   ;    ; borrow ;        ;                       ;            ; time borrowed                                                                            ;
; 4.631    ; 4.631   ;    ;        ;        ;                       ;            ; clock path                                                                               ;
;   0.000  ;   0.000 ;    ;        ;        ;                       ;            ; source latency                                                                           ;
;   0.000  ;   0.000 ;    ;        ; 1      ; PIN_AM10              ;            ; CLK_50                                                                                   ;
;   0.000  ;   0.000 ; RR ; IC     ; 1      ; IOIBUF_X148_Y16_N32   ;            ; CLK_50~input|i                                                                           ;
;   0.547  ;   0.547 ; RR ; CELL   ; 1      ; IOIBUF_X148_Y16_N32   ;            ; CLK_50~input|o                                                                           ;
;   0.706  ;   0.159 ; RR ; CELL   ; 1      ; IOIBUF_X148_Y16_N32   ;            ; CLK_50~input~io_48_lvds_tile_edge/ioclkin[0]                                             ;
;   0.706  ;   0.000 ; RR ; IC     ; 2      ; CLKCTRL_3A_G_I20      ;            ; CLK_50~inputCLKENA0|inclk                                                                ;
;   1.224  ;   0.518 ; RR ; CELL   ; 224447 ; CLKCTRL_3A_G_I20      ;            ; CLK_50~inputCLKENA0|outclk                                                               ;
;   4.631  ;   3.407 ; RR ; IC     ; 1      ; FF_X51_Y125_N20       ; Low Power  ; System|npu_system_0|npu_system_20|w_col_idx[4]~_Duplicate_13DUPLICATE|clk                ;
;   4.631  ;   0.000 ; RR ; CELL   ; 1      ; FF_X51_Y125_N20       ; Low Power  ; System|npu_system_0|npu_system_20|w_col_idx[4]~_Duplicate_13DUPLICATE                    ;
; 18.814   ; 14.183  ;    ;        ;        ;                       ;            ; data path                                                                                ;
;   4.881  ;   0.250 ; RR ; uTco   ; 1      ; FF_X51_Y125_N20       ;            ; System|npu_system_0|npu_system_20|w_col_idx[4]~_Duplicate_13DUPLICATE|q                  ;
;   5.017  ;   0.136 ; RR ; CELL   ; 549    ; FF_X51_Y125_N20       ; Low Power  ; System|npu_system_0|npu_system_20|w_col_idx[4]~_Duplicate_13DUPLICATE~la_lab/laboutt[13] ;
;   8.359  ;   3.342 ; RR ; IC     ; 1      ; MLABCELL_X36_Y170_N0  ; Mixed      ; System|npu_system_0|npu_system_20|i128470~3032|dataf                                     ;
;   8.409  ;   0.050 ; RF ; CELL   ; 1      ; MLABCELL_X36_Y170_N0  ; High Speed ; System|npu_system_0|npu_system_20|i128470~3032|combout                                   ;
;   8.415  ;   0.006 ; FF ; CELL   ; 1      ; MLABCELL_X36_Y170_N0  ; High Speed ; System|npu_system_0|npu_system_20|i128470~3032~la_mlab/laboutt[1]                        ;
;   9.772  ;   1.357 ; FF ; IC     ; 1      ; LABCELL_X16_Y173_N24  ; Mixed      ; System|npu_system_0|npu_system_20|i128470~3036|datac                                     ;
;   9.949  ;   0.177 ; FF ; CELL   ; 1      ; LABCELL_X16_Y173_N24  ; Low Power  ; System|npu_system_0|npu_system_20|i128470~3036|combout                                   ;
;   9.953  ;   0.004 ; FF ; CELL   ; 1      ; LABCELL_X16_Y173_N24  ; Low Power  ; System|npu_system_0|npu_system_20|i128470~3036~la_lab/laboutt[16]                        ;
;   12.847 ;   2.894 ; FF ; IC     ; 1      ; LABCELL_X16_Y127_N30  ; Mixed      ; System|npu_system_0|npu_system_20|i128470~3047|datac                                     ;
;   13.003 ;   0.156 ; FF ; CELL   ; 1      ; LABCELL_X16_Y127_N30  ; High Speed ; System|npu_system_0|npu_system_20|i128470~3047|combout                                   ;
;   13.008 ;   0.005 ; FF ; CELL   ; 1      ; LABCELL_X16_Y127_N30  ; High Speed ; System|npu_system_0|npu_system_20|i128470~3047~la_lab/laboutb[1]                         ;
;   15.530 ;   2.522 ; FF ; IC     ; 1      ; MLABCELL_X65_Y147_N33 ; Mixed      ; System|npu_system_0|npu_system_20|i128470~3048|datab                                     ;
;   15.748 ;   0.218 ; FF ; CELL   ; 1      ; MLABCELL_X65_Y147_N33 ; High Speed ; System|npu_system_0|npu_system_20|i128470~3048|combout                                   ;
;   15.753 ;   0.005 ; FF ; CELL   ; 1      ; MLABCELL_X65_Y147_N33 ; High Speed ; System|npu_system_0|npu_system_20|i128470~3048~la_mlab/laboutb[2]                        ;
;   16.356 ;   0.603 ; FF ; IC     ; 1      ; LABCELL_X61_Y149_N12  ; High Speed ; System|npu_system_0|npu_system_20|i128470~3134|dataf                                     ;
;   16.399 ;   0.043 ; FF ; CELL   ; 1      ; LABCELL_X61_Y149_N12  ; High Speed ; System|npu_system_0|npu_system_20|i128470~3134|combout                                   ;
;   16.404 ;   0.005 ; FF ; CELL   ; 1      ; LABCELL_X61_Y149_N12  ; High Speed ; System|npu_system_0|npu_system_20|i128470~3134~la_lab/laboutt[9]                         ;
;   18.672 ;   2.268 ; FF ; IC     ; 1      ; MLABCELL_X60_Y83_N21  ; Mixed      ; System|npu_system_0|npu_system_20|i128470~3135|datad                                     ;
;   18.814 ;   0.142 ; FF ; CELL   ; 1      ; MLABCELL_X60_Y83_N21  ; High Speed ; System|npu_system_0|npu_system_20|i128470~3135|combout                                   ;
;   18.814 ;   0.000 ; FF ; CELL   ; 1      ; FF_X60_Y83_N22        ; High Speed ; System|npu_system_0|npu_system_20|out_data_reg[5]|d                                      ;
;   18.814 ;   0.000 ; FF ; CELL   ; 1      ; FF_X60_Y83_N22        ; High Speed ; System|npu_system_0|npu_system_20|out_data_reg[5]                                        ;
+----------+---------+----+--------+--------+-----------------------+------------+------------------------------------------------------------------------------------------+

+--------------------------------------------------------------------------------------------------------------------------------------+
; Data Required Path                                                                                                                   ;
+----------+---------+----+--------+--------+---------------------+------------+-------------------------------------------------------+
; Total    ; Incr    ; RF ; Type   ; Fanout ; Location            ; HS/LP      ; Element                                               ;
+----------+---------+----+--------+--------+---------------------+------------+-------------------------------------------------------+
; 20.000   ; 20.000  ;    ;        ;        ;                     ;            ; latch edge time                                       ;
; 20.000   ; 0.000   ;    ; borrow ;        ;                     ;            ; time borrowed                                         ;
; 24.442   ; 4.442   ;    ;        ;        ;                     ;            ; clock path                                            ;
;   20.000 ;   0.000 ;    ;        ;        ;                     ;            ; source latency                                        ;
;   20.000 ;   0.000 ;    ;        ; 1      ; PIN_AM10            ;            ; CLK_50                                                ;
;   20.000 ;   0.000 ; RR ; IC     ; 1      ; IOIBUF_X148_Y16_N32 ;            ; CLK_50~input|i                                        ;
;   20.547 ;   0.547 ; RR ; CELL   ; 1      ; IOIBUF_X148_Y16_N32 ;            ; CLK_50~input|o                                        ;
;   20.676 ;   0.129 ; RR ; CELL   ; 1      ; IOIBUF_X148_Y16_N32 ;            ; CLK_50~input~io_48_lvds_tile_edge/ioclkin[0]          ;
;   20.676 ;   0.000 ; RR ; IC     ; 2      ; CLKCTRL_3A_G_I20    ;            ; CLK_50~inputCLKENA0|inclk                             ;
;   21.116 ;   0.440 ; RR ; CELL   ; 224447 ; CLKCTRL_3A_G_I20    ;            ; CLK_50~inputCLKENA0|outclk                            ;
;   24.190 ;   3.074 ; RR ; IC     ; 1      ; FF_X60_Y83_N22      ; High Speed ; System|npu_system_0|npu_system_20|out_data_reg[5]|clk ;
;   24.190 ;   0.000 ; RR ; CELL   ; 1      ; FF_X60_Y83_N22      ; High Speed ; System|npu_system_0|npu_system_20|out_data_reg[5]     ;
;   24.442 ;   0.252 ;    ;        ;        ;                     ;            ; clock pessimism removed                               ;
; 24.412   ; -0.030  ;    ;        ;        ;                     ;            ; clock uncertainty                                     ;
; 24.681   ; 0.269   ;    ; uTsu   ; 1      ; FF_X60_Y83_N22      ;            ; System|npu_system_0|npu_system_20|out_data_reg[5]     ;
+----------+---------+----+--------+--------+---------------------+------------+-------------------------------------------------------+



Path #8: Setup slack is 5.875 
===============================================================================
+--------------------------------------------------------------------------------------+
; Path Summary                                                                         ;
+---------------------------------+----------------------------------------------------+
; Property                        ; Value                                              ;
+---------------------------------+----------------------------------------------------+
; From Node                       ; System|npu_system_0|npu_system_20|w_col_idx[1]     ;
; To Node                         ; System|npu_system_0|npu_system_20|out_data_reg[26] ;
; Launch Clock                    ; CLK_50                                             ;
; Latch Clock                     ; CLK_50                                             ;
; SDC Exception                   ; No SDC Exception on Path                           ;
; Data Arrival Time               ; 18.806                                             ;
; Data Required Time              ; 24.681                                             ;
; Slack                           ; 5.875                                              ;
; Worst-Case Operating Conditions ; Slow 900mV 100C Model                              ;
+---------------------------------+----------------------------------------------------+

+------------------------------------------------------------------------------------+
; Statistics                                                                         ;
+------------------------+--------+-------+-------------+------------+-------+-------+
; Property               ; Value  ; Count ; Total Delay ; % of Total ; Min   ; Max   ;
+------------------------+--------+-------+-------------+------------+-------+-------+
; Setup Relationship     ; 20.000 ;       ;             ;            ;       ;       ;
; Clock Skew             ; -0.248 ;       ;             ;            ;       ;       ;
; Data Delay             ; 14.114 ;       ;             ;            ;       ;       ;
; Number of Logic Levels ;        ; 6     ;             ;            ;       ;       ;
; Physical Delays        ;        ;       ;             ;            ;       ;       ;
;  Arrival Path          ;        ;       ;             ;            ;       ;       ;
;   Clock                ;        ;       ;             ;            ;       ;       ;
;    IC                  ;        ; 3     ; 3.468       ; 74         ; 0.000 ; 3.468 ;
;    Cell                ;        ; 4     ; 1.224       ; 26         ; 0.000 ; 0.547 ;
;   Data                 ;        ;       ;             ;            ;       ;       ;
;    IC                  ;        ; 6     ; 12.650      ; 90         ; 0.170 ; 2.915 ;
;    Cell                ;        ; 14    ; 1.249       ; 9          ; 0.000 ; 0.226 ;
;    uTco                ;        ; 1     ; 0.215       ; 2          ; 0.215 ; 0.215 ;
;  Required Path         ;        ;       ;             ;            ;       ;       ;
;   Clock                ;        ;       ;             ;            ;       ;       ;
;    IC                  ;        ; 3     ; 3.076       ; 73         ; 0.000 ; 3.076 ;
;    Cell                ;        ; 4     ; 1.116       ; 27         ; 0.000 ; 0.547 ;
+------------------------+--------+-------+-------------+------------+-------+-------+
Note: Negative delays are omitted from totals when calculating percentages

+----------------------------------------------------------------------------------------------------------------------------------------------------+
; Data Arrival Path                                                                                                                                  ;
+----------+---------+----+--------+--------+-----------------------+------------+-------------------------------------------------------------------+
; Total    ; Incr    ; RF ; Type   ; Fanout ; Location              ; HS/LP      ; Element                                                           ;
+----------+---------+----+--------+--------+-----------------------+------------+-------------------------------------------------------------------+
; 0.000    ; 0.000   ;    ;        ;        ;                       ;            ; launch edge time                                                  ;
; 0.000    ; 0.000   ;    ; borrow ;        ;                       ;            ; time borrowed                                                     ;
; 4.692    ; 4.692   ;    ;        ;        ;                       ;            ; clock path                                                        ;
;   0.000  ;   0.000 ;    ;        ;        ;                       ;            ; source latency                                                    ;
;   0.000  ;   0.000 ;    ;        ; 1      ; PIN_AM10              ;            ; CLK_50                                                            ;
;   0.000  ;   0.000 ; RR ; IC     ; 1      ; IOIBUF_X148_Y16_N32   ;            ; CLK_50~input|i                                                    ;
;   0.547  ;   0.547 ; RR ; CELL   ; 1      ; IOIBUF_X148_Y16_N32   ;            ; CLK_50~input|o                                                    ;
;   0.706  ;   0.159 ; RR ; CELL   ; 1      ; IOIBUF_X148_Y16_N32   ;            ; CLK_50~input~io_48_lvds_tile_edge/ioclkin[0]                      ;
;   0.706  ;   0.000 ; RR ; IC     ; 2      ; CLKCTRL_3A_G_I20      ;            ; CLK_50~inputCLKENA0|inclk                                         ;
;   1.224  ;   0.518 ; RR ; CELL   ; 224447 ; CLKCTRL_3A_G_I20      ;            ; CLK_50~inputCLKENA0|outclk                                        ;
;   4.692  ;   3.468 ; RR ; IC     ; 1      ; FF_X67_Y146_N29       ; High Speed ; System|npu_system_0|npu_system_20|w_col_idx[1]|clk                ;
;   4.692  ;   0.000 ; RR ; CELL   ; 1      ; FF_X67_Y146_N29       ; High Speed ; System|npu_system_0|npu_system_20|w_col_idx[1]                    ;
; 18.806   ; 14.114  ;    ;        ;        ;                       ;            ; data path                                                         ;
;   4.907  ;   0.215 ; FF ; uTco   ; 1      ; FF_X67_Y146_N29       ;            ; System|npu_system_0|npu_system_20|w_col_idx[1]|q                  ;
;   5.029  ;   0.122 ; FF ; CELL   ; 876    ; FF_X67_Y146_N29       ; High Speed ; System|npu_system_0|npu_system_20|w_col_idx[1]~la_lab/laboutt[19] ;
;   7.921  ;   2.892 ; FF ; IC     ; 1      ; LABCELL_X50_Y182_N24  ; Mixed      ; System|npu_system_0|npu_system_20|i128470~7092|datab              ;
;   8.147  ;   0.226 ; FF ; CELL   ; 1      ; LABCELL_X50_Y182_N24  ; High Speed ; System|npu_system_0|npu_system_20|i128470~7092|combout            ;
;   8.151  ;   0.004 ; FF ; CELL   ; 1      ; LABCELL_X50_Y182_N24  ; High Speed ; System|npu_system_0|npu_system_20|i128470~7092~la_lab/laboutt[16] ;
;   11.066 ;   2.915 ; FF ; IC     ; 1      ; LABCELL_X50_Y132_N6   ; Mixed      ; System|npu_system_0|npu_system_20|i128470~7095|datae              ;
;   11.183 ;   0.117 ; FF ; CELL   ; 1      ; LABCELL_X50_Y132_N6   ; High Speed ; System|npu_system_0|npu_system_20|i128470~7095|combout            ;
;   11.188 ;   0.005 ; FF ; CELL   ; 1      ; LABCELL_X50_Y132_N6   ; High Speed ; System|npu_system_0|npu_system_20|i128470~7095~la_lab/laboutt[5]  ;
;   13.145 ;   1.957 ; FF ; IC     ; 1      ; MLABCELL_X44_Y151_N12 ; Mixed      ; System|npu_system_0|npu_system_20|i128470~7101|dataa              ;
;   13.366 ;   0.221 ; FF ; CELL   ; 1      ; MLABCELL_X44_Y151_N12 ; High Speed ; System|npu_system_0|npu_system_20|i128470~7101|combout            ;
;   13.372 ;   0.006 ; FF ; CELL   ; 1      ; MLABCELL_X44_Y151_N12 ; High Speed ; System|npu_system_0|npu_system_20|i128470~7101~la_mlab/laboutt[9] ;
;   13.542 ;   0.170 ; FF ; IC     ; 1      ; MLABCELL_X44_Y151_N42 ; High Speed ; System|npu_system_0|npu_system_20|i128470~7165|dataa              ;
;   13.763 ;   0.221 ; FF ; CELL   ; 1      ; MLABCELL_X44_Y151_N42 ; High Speed ; System|npu_system_0|npu_system_20|i128470~7165|combout            ;
;   13.768 ;   0.005 ; FF ; CELL   ; 1      ; MLABCELL_X44_Y151_N42 ; High Speed ; System|npu_system_0|npu_system_20|i128470~7165~la_mlab/laboutb[8] ;
;   15.758 ;   1.990 ; FF ; IC     ; 1      ; LABCELL_X71_Y142_N30  ; Mixed      ; System|npu_system_0|npu_system_20|i128470~7166|datad              ;
;   15.906 ;   0.148 ; FF ; CELL   ; 1      ; LABCELL_X71_Y142_N30  ; High Speed ; System|npu_system_0|npu_system_20|i128470~7166|combout            ;
;   15.911 ;   0.005 ; FF ; CELL   ; 1      ; LABCELL_X71_Y142_N30  ; High Speed ; System|npu_system_0|npu_system_20|i128470~7166~la_lab/laboutb[1]  ;
;   18.637 ;   2.726 ; FF ; IC     ; 1      ; MLABCELL_X62_Y83_N57  ; Mixed      ; System|npu_system_0|npu_system_20|i128470~7167|datae              ;
;   18.806 ;   0.169 ; FF ; CELL   ; 1      ; MLABCELL_X62_Y83_N57  ; High Speed ; System|npu_system_0|npu_system_20|i128470~7167|combout            ;
;   18.806 ;   0.000 ; FF ; CELL   ; 1      ; FF_X62_Y83_N58        ; High Speed ; System|npu_system_0|npu_system_20|out_data_reg[26]|d              ;
;   18.806 ;   0.000 ; FF ; CELL   ; 1      ; FF_X62_Y83_N58        ; High Speed ; System|npu_system_0|npu_system_20|out_data_reg[26]                ;
+----------+---------+----+--------+--------+-----------------------+------------+-------------------------------------------------------------------+

+---------------------------------------------------------------------------------------------------------------------------------------+
; Data Required Path                                                                                                                    ;
+----------+---------+----+--------+--------+---------------------+------------+--------------------------------------------------------+
; Total    ; Incr    ; RF ; Type   ; Fanout ; Location            ; HS/LP      ; Element                                                ;
+----------+---------+----+--------+--------+---------------------+------------+--------------------------------------------------------+
; 20.000   ; 20.000  ;    ;        ;        ;                     ;            ; latch edge time                                        ;
; 20.000   ; 0.000   ;    ; borrow ;        ;                     ;            ; time borrowed                                          ;
; 24.444   ; 4.444   ;    ;        ;        ;                     ;            ; clock path                                             ;
;   20.000 ;   0.000 ;    ;        ;        ;                     ;            ; source latency                                         ;
;   20.000 ;   0.000 ;    ;        ; 1      ; PIN_AM10            ;            ; CLK_50                                                 ;
;   20.000 ;   0.000 ; RR ; IC     ; 1      ; IOIBUF_X148_Y16_N32 ;            ; CLK_50~input|i                                         ;
;   20.547 ;   0.547 ; RR ; CELL   ; 1      ; IOIBUF_X148_Y16_N32 ;            ; CLK_50~input|o                                         ;
;   20.676 ;   0.129 ; RR ; CELL   ; 1      ; IOIBUF_X148_Y16_N32 ;            ; CLK_50~input~io_48_lvds_tile_edge/ioclkin[0]           ;
;   20.676 ;   0.000 ; RR ; IC     ; 2      ; CLKCTRL_3A_G_I20    ;            ; CLK_50~inputCLKENA0|inclk                              ;
;   21.116 ;   0.440 ; RR ; CELL   ; 224447 ; CLKCTRL_3A_G_I20    ;            ; CLK_50~inputCLKENA0|outclk                             ;
;   24.192 ;   3.076 ; RR ; IC     ; 1      ; FF_X62_Y83_N58      ; High Speed ; System|npu_system_0|npu_system_20|out_data_reg[26]|clk ;
;   24.192 ;   0.000 ; RR ; CELL   ; 1      ; FF_X62_Y83_N58      ; High Speed ; System|npu_system_0|npu_system_20|out_data_reg[26]     ;
;   24.444 ;   0.252 ;    ;        ;        ;                     ;            ; clock pessimism removed                                ;
; 24.414   ; -0.030  ;    ;        ;        ;                     ;            ; clock uncertainty                                      ;
; 24.681   ; 0.267   ;    ; uTsu   ; 1      ; FF_X62_Y83_N58      ;            ; System|npu_system_0|npu_system_20|out_data_reg[26]     ;
+----------+---------+----+--------+--------+---------------------+------------+--------------------------------------------------------+



Path #9: Setup slack is 5.899 
===============================================================================
+--------------------------------------------------------------------------------------------+
; Path Summary                                                                               ;
+---------------------------------+----------------------------------------------------------+
; Property                        ; Value                                                    ;
+---------------------------------+----------------------------------------------------------+
; From Node                       ; System|npu_system_0|npu_system_20|w_col_idx[0]~DUPLICATE ;
; To Node                         ; System|npu_system_0|npu_system_20|out_data_reg[30]       ;
; Launch Clock                    ; CLK_50                                                   ;
; Latch Clock                     ; CLK_50                                                   ;
; SDC Exception                   ; No SDC Exception on Path                                 ;
; Data Arrival Time               ; 18.783                                                   ;
; Data Required Time              ; 24.682                                                   ;
; Slack                           ; 5.899                                                    ;
; Worst-Case Operating Conditions ; Slow 900mV 100C Model                                    ;
+---------------------------------+----------------------------------------------------------+

+------------------------------------------------------------------------------------+
; Statistics                                                                         ;
+------------------------+--------+-------+-------------+------------+-------+-------+
; Property               ; Value  ; Count ; Total Delay ; % of Total ; Min   ; Max   ;
+------------------------+--------+-------+-------------+------------+-------+-------+
; Setup Relationship     ; 20.000 ;       ;             ;            ;       ;       ;
; Clock Skew             ; -0.248 ;       ;             ;            ;       ;       ;
; Data Delay             ; 14.091 ;       ;             ;            ;       ;       ;
; Number of Logic Levels ;        ; 6     ;             ;            ;       ;       ;
; Physical Delays        ;        ;       ;             ;            ;       ;       ;
;  Arrival Path          ;        ;       ;             ;            ;       ;       ;
;   Clock                ;        ;       ;             ;            ;       ;       ;
;    IC                  ;        ; 3     ; 3.468       ; 74         ; 0.000 ; 3.468 ;
;    Cell                ;        ; 4     ; 1.224       ; 26         ; 0.000 ; 0.547 ;
;   Data                 ;        ;       ;             ;            ;       ;       ;
;    IC                  ;        ; 6     ; 12.920      ; 92         ; 0.161 ; 3.574 ;
;    Cell                ;        ; 14    ; 0.955       ; 7          ; 0.000 ; 0.219 ;
;    uTco                ;        ; 1     ; 0.216       ; 2          ; 0.216 ; 0.216 ;
;  Required Path         ;        ;       ;             ;            ;       ;       ;
;   Clock                ;        ;       ;             ;            ;       ;       ;
;    IC                  ;        ; 3     ; 3.076       ; 73         ; 0.000 ; 3.076 ;
;    Cell                ;        ; 4     ; 1.116       ; 27         ; 0.000 ; 0.547 ;
+------------------------+--------+-------+-------------+------------+-------+-------+
Note: Negative delays are omitted from totals when calculating percentages

+--------------------------------------------------------------------------------------------------------------------------------------------------------------+
; Data Arrival Path                                                                                                                                            ;
+----------+---------+----+--------+--------+-----------------------+------------+-----------------------------------------------------------------------------+
; Total    ; Incr    ; RF ; Type   ; Fanout ; Location              ; HS/LP      ; Element                                                                     ;
+----------+---------+----+--------+--------+-----------------------+------------+-----------------------------------------------------------------------------+
; 0.000    ; 0.000   ;    ;        ;        ;                       ;            ; launch edge time                                                            ;
; 0.000    ; 0.000   ;    ; borrow ;        ;                       ;            ; time borrowed                                                               ;
; 4.692    ; 4.692   ;    ;        ;        ;                       ;            ; clock path                                                                  ;
;   0.000  ;   0.000 ;    ;        ;        ;                       ;            ; source latency                                                              ;
;   0.000  ;   0.000 ;    ;        ; 1      ; PIN_AM10              ;            ; CLK_50                                                                      ;
;   0.000  ;   0.000 ; RR ; IC     ; 1      ; IOIBUF_X148_Y16_N32   ;            ; CLK_50~input|i                                                              ;
;   0.547  ;   0.547 ; RR ; CELL   ; 1      ; IOIBUF_X148_Y16_N32   ;            ; CLK_50~input|o                                                              ;
;   0.706  ;   0.159 ; RR ; CELL   ; 1      ; IOIBUF_X148_Y16_N32   ;            ; CLK_50~input~io_48_lvds_tile_edge/ioclkin[0]                                ;
;   0.706  ;   0.000 ; RR ; IC     ; 2      ; CLKCTRL_3A_G_I20      ;            ; CLK_50~inputCLKENA0|inclk                                                   ;
;   1.224  ;   0.518 ; RR ; CELL   ; 224447 ; CLKCTRL_3A_G_I20      ;            ; CLK_50~inputCLKENA0|outclk                                                  ;
;   4.692  ;   3.468 ; RR ; IC     ; 1      ; FF_X67_Y146_N56       ; High Speed ; System|npu_system_0|npu_system_20|w_col_idx[0]~DUPLICATE|clk                ;
;   4.692  ;   0.000 ; RR ; CELL   ; 1      ; FF_X67_Y146_N56       ; High Speed ; System|npu_system_0|npu_system_20|w_col_idx[0]~DUPLICATE                    ;
; 18.783   ; 14.091  ;    ;        ;        ;                       ;            ; data path                                                                   ;
;   4.908  ;   0.216 ; FF ; uTco   ; 1      ; FF_X67_Y146_N56       ;            ; System|npu_system_0|npu_system_20|w_col_idx[0]~DUPLICATE|q                  ;
;   4.983  ;   0.075 ; FF ; CELL   ; 696    ; FF_X67_Y146_N56       ; High Speed ; System|npu_system_0|npu_system_20|w_col_idx[0]~DUPLICATE~la_lab/laboutb[17] ;
;   8.557  ;   3.574 ; FF ; IC     ; 1      ; LABCELL_X112_Y175_N6  ; Mixed      ; System|npu_system_0|npu_system_20|i128470~12313|dataf                       ;
;   8.600  ;   0.043 ; FF ; CELL   ; 1      ; LABCELL_X112_Y175_N6  ; High Speed ; System|npu_system_0|npu_system_20|i128470~12313|combout                     ;
;   8.605  ;   0.005 ; FF ; CELL   ; 1      ; LABCELL_X112_Y175_N6  ; High Speed ; System|npu_system_0|npu_system_20|i128470~12313~la_lab/laboutt[5]           ;
;   12.174 ;   3.569 ; FF ; IC     ; 1      ; MLABCELL_X44_Y178_N15 ; Mixed      ; System|npu_system_0|npu_system_20|i128470~12317|dataa                       ;
;   12.393 ;   0.219 ; FF ; CELL   ; 1      ; MLABCELL_X44_Y178_N15 ; High Speed ; System|npu_system_0|npu_system_20|i128470~12317|combout                     ;
;   12.398 ;   0.005 ; FF ; CELL   ; 1      ; MLABCELL_X44_Y178_N15 ; High Speed ; System|npu_system_0|npu_system_20|i128470~12317~la_mlab/laboutt[10]         ;
;   14.357 ;   1.959 ; FF ; IC     ; 1      ; LABCELL_X51_Y148_N27  ; Mixed      ; System|npu_system_0|npu_system_20|i128470~12328|datae                       ;
;   14.512 ;   0.155 ; FF ; CELL   ; 1      ; LABCELL_X51_Y148_N27  ; High Speed ; System|npu_system_0|npu_system_20|i128470~12328|combout                     ;
;   14.516 ;   0.004 ; FF ; CELL   ; 1      ; LABCELL_X51_Y148_N27  ; High Speed ; System|npu_system_0|npu_system_20|i128470~12328~la_lab/laboutt[18]          ;
;   14.677 ;   0.161 ; FF ; IC     ; 1      ; LABCELL_X51_Y148_N54  ; High Speed ; System|npu_system_0|npu_system_20|i128470~12371|datad                       ;
;   14.823 ;   0.146 ; FF ; CELL   ; 1      ; LABCELL_X51_Y148_N54  ; High Speed ; System|npu_system_0|npu_system_20|i128470~12371|combout                     ;
;   14.827 ;   0.004 ; FF ; CELL   ; 1      ; LABCELL_X51_Y148_N54  ; High Speed ; System|npu_system_0|npu_system_20|i128470~12371~la_lab/laboutb[16]          ;
;   16.281 ;   1.454 ; FF ; IC     ; 1      ; LABCELL_X57_Y134_N27  ; Mixed      ; System|npu_system_0|npu_system_20|i128470~12542|datad                       ;
;   16.435 ;   0.154 ; FF ; CELL   ; 1      ; LABCELL_X57_Y134_N27  ; High Speed ; System|npu_system_0|npu_system_20|i128470~12542|combout                     ;
;   16.440 ;   0.005 ; FF ; CELL   ; 1      ; LABCELL_X57_Y134_N27  ; High Speed ; System|npu_system_0|npu_system_20|i128470~12542~la_lab/laboutt[19]          ;
;   18.643 ;   2.203 ; FF ; IC     ; 1      ; MLABCELL_X62_Y83_N39  ; Mixed      ; System|npu_system_0|npu_system_20|i128470~12543|datad                       ;
;   18.783 ;   0.140 ; FF ; CELL   ; 1      ; MLABCELL_X62_Y83_N39  ; High Speed ; System|npu_system_0|npu_system_20|i128470~12543|combout                     ;
;   18.783 ;   0.000 ; FF ; CELL   ; 1      ; FF_X62_Y83_N40        ; High Speed ; System|npu_system_0|npu_system_20|out_data_reg[30]|d                        ;
;   18.783 ;   0.000 ; FF ; CELL   ; 1      ; FF_X62_Y83_N40        ; High Speed ; System|npu_system_0|npu_system_20|out_data_reg[30]                          ;
+----------+---------+----+--------+--------+-----------------------+------------+-----------------------------------------------------------------------------+

+---------------------------------------------------------------------------------------------------------------------------------------+
; Data Required Path                                                                                                                    ;
+----------+---------+----+--------+--------+---------------------+------------+--------------------------------------------------------+
; Total    ; Incr    ; RF ; Type   ; Fanout ; Location            ; HS/LP      ; Element                                                ;
+----------+---------+----+--------+--------+---------------------+------------+--------------------------------------------------------+
; 20.000   ; 20.000  ;    ;        ;        ;                     ;            ; latch edge time                                        ;
; 20.000   ; 0.000   ;    ; borrow ;        ;                     ;            ; time borrowed                                          ;
; 24.444   ; 4.444   ;    ;        ;        ;                     ;            ; clock path                                             ;
;   20.000 ;   0.000 ;    ;        ;        ;                     ;            ; source latency                                         ;
;   20.000 ;   0.000 ;    ;        ; 1      ; PIN_AM10            ;            ; CLK_50                                                 ;
;   20.000 ;   0.000 ; RR ; IC     ; 1      ; IOIBUF_X148_Y16_N32 ;            ; CLK_50~input|i                                         ;
;   20.547 ;   0.547 ; RR ; CELL   ; 1      ; IOIBUF_X148_Y16_N32 ;            ; CLK_50~input|o                                         ;
;   20.676 ;   0.129 ; RR ; CELL   ; 1      ; IOIBUF_X148_Y16_N32 ;            ; CLK_50~input~io_48_lvds_tile_edge/ioclkin[0]           ;
;   20.676 ;   0.000 ; RR ; IC     ; 2      ; CLKCTRL_3A_G_I20    ;            ; CLK_50~inputCLKENA0|inclk                              ;
;   21.116 ;   0.440 ; RR ; CELL   ; 224447 ; CLKCTRL_3A_G_I20    ;            ; CLK_50~inputCLKENA0|outclk                             ;
;   24.192 ;   3.076 ; RR ; IC     ; 1      ; FF_X62_Y83_N40      ; High Speed ; System|npu_system_0|npu_system_20|out_data_reg[30]|clk ;
;   24.192 ;   0.000 ; RR ; CELL   ; 1      ; FF_X62_Y83_N40      ; High Speed ; System|npu_system_0|npu_system_20|out_data_reg[30]     ;
;   24.444 ;   0.252 ;    ;        ;        ;                     ;            ; clock pessimism removed                                ;
; 24.414   ; -0.030  ;    ;        ;        ;                     ;            ; clock uncertainty                                      ;
; 24.682   ; 0.268   ;    ; uTsu   ; 1      ; FF_X62_Y83_N40      ;            ; System|npu_system_0|npu_system_20|out_data_reg[30]     ;
+----------+---------+----+--------+--------+---------------------+------------+--------------------------------------------------------+



Path #10: Setup slack is 5.995 
===============================================================================
+-----------------------------------------------------------------------------------------------+
; Path Summary                                                                                  ;
+---------------------------------+-------------------------------------------------------------+
; Property                        ; Value                                                       ;
+---------------------------------+-------------------------------------------------------------+
; From Node                       ; System|npu_system_0|npu_system_20|w_col_idx[0]~_Duplicate_4 ;
; To Node                         ; System|npu_system_0|npu_system_20|out_data_reg[9]           ;
; Launch Clock                    ; CLK_50                                                      ;
; Latch Clock                     ; CLK_50                                                      ;
; SDC Exception                   ; No SDC Exception on Path                                    ;
; Data Arrival Time               ; 18.717                                                      ;
; Data Required Time              ; 24.712                                                      ;
; Slack                           ; 5.995                                                       ;
; Worst-Case Operating Conditions ; Slow 900mV 100C Model                                       ;
+---------------------------------+-------------------------------------------------------------+

+------------------------------------------------------------------------------------+
; Statistics                                                                         ;
+------------------------+--------+-------+-------------+------------+-------+-------+
; Property               ; Value  ; Count ; Total Delay ; % of Total ; Min   ; Max   ;
+------------------------+--------+-------+-------------+------------+-------+-------+
; Setup Relationship     ; 20.022 ;       ;             ;            ;       ;       ;
; Clock Skew             ; -0.242 ;       ;             ;            ;       ;       ;
; Data Delay             ; 14.033 ;       ;             ;            ;       ;       ;
; Number of Logic Levels ;        ; 6     ;             ;            ;       ;       ;
; Physical Delays        ;        ;       ;             ;            ;       ;       ;
;  Arrival Path          ;        ;       ;             ;            ;       ;       ;
;   Clock                ;        ;       ;             ;            ;       ;       ;
;    IC                  ;        ; 3     ; 3.460       ; 74         ; 0.000 ; 3.460 ;
;    Cell                ;        ; 4     ; 1.224       ; 26         ; 0.000 ; 0.547 ;
;   Data                 ;        ;       ;             ;            ;       ;       ;
;    IC                  ;        ; 6     ; 12.704      ; 91         ; 0.196 ; 4.407 ;
;    Cell                ;        ; 14    ; 1.113       ; 8          ; 0.000 ; 0.281 ;
;    uTco                ;        ; 1     ; 0.216       ; 2          ; 0.216 ; 0.216 ;
;  Required Path         ;        ;       ;             ;            ;       ;       ;
;   Clock                ;        ;       ;             ;            ;       ;       ;
;    IC                  ;        ; 3     ; 3.074       ; 73         ; 0.000 ; 3.074 ;
;    Cell                ;        ; 4     ; 1.116       ; 27         ; 0.000 ; 0.547 ;
+------------------------+--------+-------+-------------+------------+-------+-------+
Note: Negative delays are omitted from totals when calculating percentages

+-----------------------------------------------------------------------------------------------------------------------------------------------------------------+
; Data Arrival Path                                                                                                                                               ;
+----------+---------+----+--------+--------+-----------------------+------------+--------------------------------------------------------------------------------+
; Total    ; Incr    ; RF ; Type   ; Fanout ; Location              ; HS/LP      ; Element                                                                        ;
+----------+---------+----+--------+--------+-----------------------+------------+--------------------------------------------------------------------------------+
; 0.000    ; 0.000   ;    ;        ;        ;                       ;            ; launch edge time                                                               ;
; 0.000    ; 0.000   ;    ; borrow ;        ;                       ;            ; time borrowed                                                                  ;
; 4.684    ; 4.684   ;    ;        ;        ;                       ;            ; clock path                                                                     ;
;   0.000  ;   0.000 ;    ;        ;        ;                       ;            ; source latency                                                                 ;
;   0.000  ;   0.000 ;    ;        ; 1      ; PIN_AM10              ;            ; CLK_50                                                                         ;
;   0.000  ;   0.000 ; RR ; IC     ; 1      ; IOIBUF_X148_Y16_N32   ;            ; CLK_50~input|i                                                                 ;
;   0.547  ;   0.547 ; RR ; CELL   ; 1      ; IOIBUF_X148_Y16_N32   ;            ; CLK_50~input|o                                                                 ;
;   0.706  ;   0.159 ; RR ; CELL   ; 1      ; IOIBUF_X148_Y16_N32   ;            ; CLK_50~input~io_48_lvds_tile_edge/ioclkin[0]                                   ;
;   0.706  ;   0.000 ; RR ; IC     ; 2      ; CLKCTRL_3A_G_I20      ;            ; CLK_50~inputCLKENA0|inclk                                                      ;
;   1.224  ;   0.518 ; RR ; CELL   ; 224447 ; CLKCTRL_3A_G_I20      ;            ; CLK_50~inputCLKENA0|outclk                                                     ;
;   4.684  ;   3.460 ; RR ; IC     ; 1      ; FF_X76_Y116_N46       ; High Speed ; System|npu_system_0|npu_system_20|w_col_idx[0]~_Duplicate_4|clk                ;
;   4.684  ;   0.000 ; RR ; CELL   ; 1      ; FF_X76_Y116_N46       ; High Speed ; System|npu_system_0|npu_system_20|w_col_idx[0]~_Duplicate_4                    ;
; 18.717   ; 14.033  ;    ;        ;        ;                       ;            ; data path                                                                      ;
;   4.900  ;   0.216 ; RR ; uTco   ; 1      ; FF_X76_Y116_N46       ;            ; System|npu_system_0|npu_system_20|w_col_idx[0]~_Duplicate_4|q                  ;
;   5.031  ;   0.131 ; RR ; CELL   ; 536    ; FF_X76_Y116_N46       ; High Speed ; System|npu_system_0|npu_system_20|w_col_idx[0]~_Duplicate_4~la_lab/laboutb[10] ;
;   7.454  ;   2.423 ; RR ; IC     ; 1      ; LABCELL_X31_Y89_N24   ; Mixed      ; System|npu_system_0|npu_system_20|i128470~6480|datab                           ;
;   7.735  ;   0.281 ; RF ; CELL   ; 1      ; LABCELL_X31_Y89_N24   ; Low Power  ; System|npu_system_0|npu_system_20|i128470~6480|combout                         ;
;   7.739  ;   0.004 ; FF ; CELL   ; 1      ; LABCELL_X31_Y89_N24   ; Low Power  ; System|npu_system_0|npu_system_20|i128470~6480~la_lab/laboutt[16]              ;
;   12.146 ;   4.407 ; FF ; IC     ; 1      ; MLABCELL_X36_Y149_N0  ; Mixed      ; System|npu_system_0|npu_system_20|i128470~6482|dataf                           ;
;   12.189 ;   0.043 ; FF ; CELL   ; 1      ; MLABCELL_X36_Y149_N0  ; High Speed ; System|npu_system_0|npu_system_20|i128470~6482|combout                         ;
;   12.195 ;   0.006 ; FF ; CELL   ; 1      ; MLABCELL_X36_Y149_N0  ; High Speed ; System|npu_system_0|npu_system_20|i128470~6482~la_mlab/laboutt[1]              ;
;   14.265 ;   2.070 ; FF ; IC     ; 1      ; MLABCELL_X68_Y147_N36 ; Mixed      ; System|npu_system_0|npu_system_20|i128470~6483|datac                           ;
;   14.419 ;   0.154 ; FF ; CELL   ; 1      ; MLABCELL_X68_Y147_N36 ; High Speed ; System|npu_system_0|npu_system_20|i128470~6483|combout                         ;
;   14.425 ;   0.006 ; FF ; CELL   ; 1      ; MLABCELL_X68_Y147_N36 ; High Speed ; System|npu_system_0|npu_system_20|i128470~6483~la_mlab/laboutb[5]              ;
;   15.185 ;   0.760 ; FF ; IC     ; 1      ; LABCELL_X54_Y147_N30  ; Mixed      ; System|npu_system_0|npu_system_20|i128470~6547|datac                           ;
;   15.361 ;   0.176 ; FF ; CELL   ; 1      ; LABCELL_X54_Y147_N30  ; Low Power  ; System|npu_system_0|npu_system_20|i128470~6547|combout                         ;
;   15.366 ;   0.005 ; FF ; CELL   ; 1      ; LABCELL_X54_Y147_N30  ; Low Power  ; System|npu_system_0|npu_system_20|i128470~6547~la_lab/laboutb[1]               ;
;   15.562 ;   0.196 ; FF ; IC     ; 1      ; LABCELL_X54_Y147_N18  ; Low Power  ; System|npu_system_0|npu_system_20|i128470~6718|datae                           ;
;   15.693 ;   0.131 ; FF ; CELL   ; 1      ; LABCELL_X54_Y147_N18  ; Low Power  ; System|npu_system_0|npu_system_20|i128470~6718|combout                         ;
;   15.698 ;   0.005 ; FF ; CELL   ; 1      ; LABCELL_X54_Y147_N18  ; Low Power  ; System|npu_system_0|npu_system_20|i128470~6718~la_lab/laboutt[13]              ;
;   18.546 ;   2.848 ; FF ; IC     ; 1      ; MLABCELL_X60_Y83_N51  ; Mixed      ; System|npu_system_0|npu_system_20|i128470~6719|datac                           ;
;   18.717 ;   0.171 ; FF ; CELL   ; 1      ; MLABCELL_X60_Y83_N51  ; High Speed ; System|npu_system_0|npu_system_20|i128470~6719|combout                         ;
;   18.717 ;   0.000 ; FF ; CELL   ; 1      ; FF_X60_Y83_N53        ; High Speed ; System|npu_system_0|npu_system_20|out_data_reg[9]|d                            ;
;   18.717 ;   0.000 ; FF ; CELL   ; 1      ; FF_X60_Y83_N53        ; High Speed ; System|npu_system_0|npu_system_20|out_data_reg[9]                              ;
+----------+---------+----+--------+--------+-----------------------+------------+--------------------------------------------------------------------------------+

+--------------------------------------------------------------------------------------------------------------------------------------+
; Data Required Path                                                                                                                   ;
+----------+---------+----+--------+--------+---------------------+------------+-------------------------------------------------------+
; Total    ; Incr    ; RF ; Type   ; Fanout ; Location            ; HS/LP      ; Element                                               ;
+----------+---------+----+--------+--------+---------------------+------------+-------------------------------------------------------+
; 20.000   ; 20.000  ;    ;        ;        ;                     ;            ; latch edge time                                       ;
; 20.022   ; 0.022   ;    ; borrow ;        ;                     ;            ; time borrowed                                         ;
; 24.464   ; 4.442   ;    ;        ;        ;                     ;            ; clock path                                            ;
;   20.022 ;   0.000 ;    ;        ;        ;                     ;            ; source latency                                        ;
;   20.022 ;   0.000 ;    ;        ; 1      ; PIN_AM10            ;            ; CLK_50                                                ;
;   20.022 ;   0.000 ; RR ; IC     ; 1      ; IOIBUF_X148_Y16_N32 ;            ; CLK_50~input|i                                        ;
;   20.569 ;   0.547 ; RR ; CELL   ; 1      ; IOIBUF_X148_Y16_N32 ;            ; CLK_50~input|o                                        ;
;   20.698 ;   0.129 ; RR ; CELL   ; 1      ; IOIBUF_X148_Y16_N32 ;            ; CLK_50~input~io_48_lvds_tile_edge/ioclkin[0]          ;
;   20.698 ;   0.000 ; RR ; IC     ; 2      ; CLKCTRL_3A_G_I20    ;            ; CLK_50~inputCLKENA0|inclk                             ;
;   21.138 ;   0.440 ; RR ; CELL   ; 224447 ; CLKCTRL_3A_G_I20    ;            ; CLK_50~inputCLKENA0|outclk                            ;
;   24.212 ;   3.074 ; RR ; IC     ; 1      ; FF_X60_Y83_N53      ; High Speed ; System|npu_system_0|npu_system_20|out_data_reg[9]|clk ;
;   24.212 ;   0.000 ; RR ; CELL   ; 1      ; FF_X60_Y83_N53      ; High Speed ; System|npu_system_0|npu_system_20|out_data_reg[9]     ;
;   24.464 ;   0.252 ;    ;        ;        ;                     ;            ; clock pessimism removed                               ;
; 24.434   ; -0.030  ;    ;        ;        ;                     ;            ; clock uncertainty                                     ;
; 24.712   ; 0.278   ;    ; uTsu   ; 1      ; FF_X60_Y83_N53      ;            ; System|npu_system_0|npu_system_20|out_data_reg[9]     ;
+----------+---------+----+--------+--------+---------------------+------------+-------------------------------------------------------+



----------------
; Command Info ;
----------------
Report Timing: Found 10 hold paths (0 violated).  Worst case slack is 0.017 

Tcl Command:
    report_timing -hold -panel_name {Worst-Case Timing Paths||Hold||CLK_50} -to_clock [get_clocks {CLK_50}] -npaths 10 -detail full_path

Options:
    -to_clock [get_clocks {CLK_50}] 
    -hold 
    -npaths 10 
    -detail full_path 
    -panel_name {CLK_50} 

Snapshot:
    final

Delay Models:
    Slow 900mV 100C Model
    Slow 900mV 0C Model
    Fast 900mV 100C Model
    Fast 900mV 0C Model


+----------------------------------------------------------------------------------------------------------------------------------------------------------------------------------------------------------------------------------------------------------------------------------------------+
; Summary of Paths                                                                                                                                                                                                                                                                             ;
+-------+-----------------------------------------------------------------------------------+------------------------------------------------------------------------------------------+--------------+-------------+--------------+------------+------------+---------------------------------+
; Slack ; From Node                                                                         ; To Node                                                                                  ; Launch Clock ; Latch Clock ; Relationship ; Clock Skew ; Data Delay ; Worst-Case Operating Conditions ;
+-------+-----------------------------------------------------------------------------------+------------------------------------------------------------------------------------------+--------------+-------------+--------------+------------+------------+---------------------------------+
; 0.017 ; System|mm_interconnect_1|intel_niosv_g_0_dm_agent_agent_rsp_fifo|mem_used[2]      ; System|mm_interconnect_1|intel_niosv_g_0_dm_agent_agent_rsp_fifo|mem_used[2]             ; CLK_50       ; CLK_50      ; 0.000        ; 0.000      ; 0.275      ; Fast 900mV 0C Model             ;
; 0.018 ; System|mm_interconnect_1|out_mem_s1_agent_rdata_fifo|mem_used[0]                  ; System|mm_interconnect_1|out_mem_s1_agent_rdata_fifo|mem_used[0]                         ; CLK_50       ; CLK_50      ; 0.000        ; 0.000      ; 0.281      ; Fast 900mV 0C Model             ;
; 0.018 ; System|mm_interconnect_1|npu_system_0_avalon_slave_0_agent_rdata_fifo|mem_used[0] ; System|mm_interconnect_1|npu_system_0_avalon_slave_0_agent_rdata_fifo|mem_used[0]        ; CLK_50       ; CLK_50      ; 0.000        ; 0.001      ; 0.284      ; Fast 900mV 0C Model             ;
; 0.019 ; System|mm_interconnect_1|onchip_memory2_0_s1_agent_rsp_fifo|mem_used[0]           ; System|mm_interconnect_1|onchip_memory2_0_s1_agent_rsp_fifo|mem_used[0]~DUPLICATE        ; CLK_50       ; CLK_50      ; 0.000        ; 0.000      ; 0.256      ; Fast 900mV 0C Model             ;
; 0.019 ; System|master_0|master_0|transacto|p2m|current_byte[0]                            ; System|master_0|master_0|transacto|p2m|current_byte[0]~DUPLICATE                         ; CLK_50       ; CLK_50      ; 0.000        ; 0.000      ; 0.256      ; Fast 900mV 0C Model             ;
; 0.019 ; System|mm_interconnect_1|intel_niosv_g_0_dm_agent_agent_rdata_fifo|mem_used[2]    ; System|mm_interconnect_1|intel_niosv_g_0_dm_agent_agent_rdata_fifo|mem_used[2]           ; CLK_50       ; CLK_50      ; 0.000        ; 0.000      ; 0.265      ; Fast 900mV 0C Model             ;
; 0.020 ; System|mm_interconnect_1|intel_niosv_g_0_dm_agent_agent_rdata_fifo|mem_used[2]    ; System|mm_interconnect_1|intel_niosv_g_0_dm_agent_agent_rdata_fifo|mem_used[2]~DUPLICATE ; CLK_50       ; CLK_50      ; 0.000        ; 0.000      ; 0.265      ; Fast 900mV 0C Model             ;
; 0.020 ; System|mm_interconnect_1|intel_niosv_g_0_dm_agent_agent_rdata_fifo|mem[2][1]      ; System|mm_interconnect_1|intel_niosv_g_0_dm_agent_agent_rdata_fifo|mem[2][1]             ; CLK_50       ; CLK_50      ; 0.000        ; 0.001      ; 0.280      ; Fast 900mV 0C Model             ;
; 0.020 ; System|mm_interconnect_1|intel_niosv_g_0_dm_agent_agent_rdata_fifo|mem[2][3]      ; System|mm_interconnect_1|intel_niosv_g_0_dm_agent_agent_rdata_fifo|mem[2][3]             ; CLK_50       ; CLK_50      ; 0.000        ; 0.001      ; 0.286      ; Fast 900mV 0C Model             ;
; 0.020 ; System|mm_interconnect_1|intel_niosv_g_0_dm_agent_agent_rdata_fifo|mem[2][22]     ; System|mm_interconnect_1|intel_niosv_g_0_dm_agent_agent_rdata_fifo|mem[2][22]            ; CLK_50       ; CLK_50      ; 0.000        ; 0.000      ; 0.285      ; Fast 900mV 0C Model             ;
+-------+-----------------------------------------------------------------------------------+------------------------------------------------------------------------------------------+--------------+-------------+--------------+------------+------------+---------------------------------+


Path #1: Hold slack is 0.017 
===============================================================================
+----------------------------------------------------------------------------------------------------------------+
; Path Summary                                                                                                   ;
+---------------------------------+------------------------------------------------------------------------------+
; Property                        ; Value                                                                        ;
+---------------------------------+------------------------------------------------------------------------------+
; From Node                       ; System|mm_interconnect_1|intel_niosv_g_0_dm_agent_agent_rsp_fifo|mem_used[2] ;
; To Node                         ; System|mm_interconnect_1|intel_niosv_g_0_dm_agent_agent_rsp_fifo|mem_used[2] ;
; Launch Clock                    ; CLK_50                                                                       ;
; Latch Clock                     ; CLK_50                                                                       ;
; SDC Exception                   ; No SDC Exception on Path                                                     ;
; Data Arrival Time               ; 2.713                                                                        ;
; Data Required Time              ; 2.696                                                                        ;
; Slack                           ; 0.017                                                                        ;
; Worst-Case Operating Conditions ; Fast 900mV 0C Model                                                          ;
+---------------------------------+------------------------------------------------------------------------------+

+-----------------------------------------------------------------------------------+
; Statistics                                                                        ;
+------------------------+-------+-------+-------------+------------+-------+-------+
; Property               ; Value ; Count ; Total Delay ; % of Total ; Min   ; Max   ;
+------------------------+-------+-------+-------------+------------+-------+-------+
; Hold Relationship      ; 0.000 ;       ;             ;            ;       ;       ;
; Clock Skew             ; 0.000 ;       ;             ;            ;       ;       ;
; Data Delay             ; 0.275 ;       ;             ;            ;       ;       ;
; Number of Logic Levels ;       ; 1     ;             ;            ;       ;       ;
; Physical Delays        ;       ;       ;             ;            ;       ;       ;
;  Arrival Path          ;       ;       ;             ;            ;       ;       ;
;   Clock                ;       ;       ;             ;            ;       ;       ;
;    IC                  ;       ; 3     ; 1.887       ; 77         ; 0.000 ; 1.887 ;
;    Cell                ;       ; 4     ; 0.551       ; 23         ; 0.000 ; 0.261 ;
;   Data                 ;       ;       ;             ;            ;       ;       ;
;    Cell                ;       ; 4     ; 0.162       ; 59         ; 0.000 ; 0.162 ;
;    uTco                ;       ; 1     ; 0.113       ; 41         ; 0.113 ; 0.113 ;
;  Required Path         ;       ;       ;             ;            ;       ;       ;
;   Clock                ;       ;       ;             ;            ;       ;       ;
;    IC                  ;       ; 3     ; 2.051       ; 77         ; 0.000 ; 2.051 ;
;    Cell                ;       ; 4     ; 0.613       ; 23         ; 0.000 ; 0.277 ;
+------------------------+-------+-------+-------------+------------+-------+-------+
Note: Negative delays are omitted from totals when calculating percentages

+-----------------------------------------------------------------------------------------------------------------------------------------------------------------------+
; Data Arrival Path                                                                                                                                                     ;
+---------+---------+----+--------+--------+-----------------------+-----------+----------------------------------------------------------------------------------------+
; Total   ; Incr    ; RF ; Type   ; Fanout ; Location              ; HS/LP     ; Element                                                                                ;
+---------+---------+----+--------+--------+-----------------------+-----------+----------------------------------------------------------------------------------------+
; 0.000   ; 0.000   ;    ;        ;        ;                       ;           ; launch edge time                                                                       ;
; 0.000   ; 0.000   ;    ; borrow ;        ;                       ;           ; time borrowed                                                                          ;
; 2.438   ; 2.438   ;    ;        ;        ;                       ;           ; clock path                                                                             ;
;   0.000 ;   0.000 ;    ;        ;        ;                       ;           ; source latency                                                                         ;
;   0.000 ;   0.000 ;    ;        ; 1      ; PIN_AM10              ;           ; CLK_50                                                                                 ;
;   0.000 ;   0.000 ; RR ; IC     ; 1      ; IOIBUF_X148_Y16_N32   ;           ; CLK_50~input|i                                                                         ;
;   0.261 ;   0.261 ; RR ; CELL   ; 1      ; IOIBUF_X148_Y16_N32   ;           ; CLK_50~input|o                                                                         ;
;   0.322 ;   0.061 ; RR ; CELL   ; 1      ; IOIBUF_X148_Y16_N32   ;           ; CLK_50~input~io_48_lvds_tile_edge/ioclkin[0]                                           ;
;   0.322 ;   0.000 ; RR ; IC     ; 2      ; CLKCTRL_3A_G_I20      ;           ; CLK_50~inputCLKENA0|inclk                                                              ;
;   0.551 ;   0.229 ; RR ; CELL   ; 224447 ; CLKCTRL_3A_G_I20      ;           ; CLK_50~inputCLKENA0|outclk                                                             ;
;   2.438 ;   1.887 ; RR ; IC     ; 1      ; FF_X126_Y25_N43       ; Low Power ; System|mm_interconnect_1|intel_niosv_g_0_dm_agent_agent_rsp_fifo|mem_used[2]|clk       ;
;   2.438 ;   0.000 ; RR ; CELL   ; 1      ; FF_X126_Y25_N43       ; Low Power ; System|mm_interconnect_1|intel_niosv_g_0_dm_agent_agent_rsp_fifo|mem_used[2]           ;
; 2.713   ; 0.275   ;    ;        ;        ;                       ;           ; data path                                                                              ;
;   2.551 ;   0.113 ; FF ; uTco   ; 2      ; FF_X126_Y25_N43       ;           ; System|mm_interconnect_1|intel_niosv_g_0_dm_agent_agent_rsp_fifo|mem_used[2]|q         ;
;   2.551 ;   0.000 ; FF ; CELL   ; 1      ; MLABCELL_X126_Y25_N42 ; Low Power ; System|mm_interconnect_1|intel_niosv_g_0_dm_agent_agent_rsp_fifo|mem_used[2]~1|datae   ;
;   2.713 ;   0.162 ; FF ; CELL   ; 1      ; MLABCELL_X126_Y25_N42 ; Low Power ; System|mm_interconnect_1|intel_niosv_g_0_dm_agent_agent_rsp_fifo|mem_used[2]~1|combout ;
;   2.713 ;   0.000 ; FF ; CELL   ; 1      ; FF_X126_Y25_N43       ; Low Power ; System|mm_interconnect_1|intel_niosv_g_0_dm_agent_agent_rsp_fifo|mem_used[2]|d         ;
;   2.713 ;   0.000 ; FF ; CELL   ; 1      ; FF_X126_Y25_N43       ; Low Power ; System|mm_interconnect_1|intel_niosv_g_0_dm_agent_agent_rsp_fifo|mem_used[2]           ;
+---------+---------+----+--------+--------+-----------------------+-----------+----------------------------------------------------------------------------------------+

+----------------------------------------------------------------------------------------------------------------------------------------------------------------+
; Data Required Path                                                                                                                                             ;
+---------+----------+----+--------+--------+---------------------+-----------+----------------------------------------------------------------------------------+
; Total   ; Incr     ; RF ; Type   ; Fanout ; Location            ; HS/LP     ; Element                                                                          ;
+---------+----------+----+--------+--------+---------------------+-----------+----------------------------------------------------------------------------------+
; 0.000   ; 0.000    ;    ;        ;        ;                     ;           ; latch edge time                                                                  ;
; 0.000   ; 0.000    ;    ; borrow ;        ;                     ;           ; time borrowed                                                                    ;
; 2.438   ; 2.438    ;    ;        ;        ;                     ;           ; clock path                                                                       ;
;   0.000 ;   0.000  ;    ;        ;        ;                     ;           ; source latency                                                                   ;
;   0.000 ;   0.000  ;    ;        ; 1      ; PIN_AM10            ;           ; CLK_50                                                                           ;
;   0.000 ;   0.000  ; RR ; IC     ; 1      ; IOIBUF_X148_Y16_N32 ;           ; CLK_50~input|i                                                                   ;
;   0.261 ;   0.261  ; RR ; CELL   ; 1      ; IOIBUF_X148_Y16_N32 ;           ; CLK_50~input|o                                                                   ;
;   0.336 ;   0.075  ; RR ; CELL   ; 1      ; IOIBUF_X148_Y16_N32 ;           ; CLK_50~input~io_48_lvds_tile_edge/ioclkin[0]                                     ;
;   0.336 ;   0.000  ; RR ; IC     ; 2      ; CLKCTRL_3A_G_I20    ;           ; CLK_50~inputCLKENA0|inclk                                                        ;
;   0.613 ;   0.277  ; RR ; CELL   ; 224447 ; CLKCTRL_3A_G_I20    ;           ; CLK_50~inputCLKENA0|outclk                                                       ;
;   2.664 ;   2.051  ; RR ; IC     ; 1      ; FF_X126_Y25_N43     ; Low Power ; System|mm_interconnect_1|intel_niosv_g_0_dm_agent_agent_rsp_fifo|mem_used[2]|clk ;
;   2.664 ;   0.000  ; RR ; CELL   ; 1      ; FF_X126_Y25_N43     ; Low Power ; System|mm_interconnect_1|intel_niosv_g_0_dm_agent_agent_rsp_fifo|mem_used[2]     ;
;   2.438 ;   -0.226 ;    ;        ;        ;                     ;           ; clock pessimism removed                                                          ;
; 2.438   ; 0.000    ;    ;        ;        ;                     ;           ; clock uncertainty                                                                ;
; 2.696   ; 0.258    ;    ; uTh    ; 1      ; FF_X126_Y25_N43     ;           ; System|mm_interconnect_1|intel_niosv_g_0_dm_agent_agent_rsp_fifo|mem_used[2]     ;
+---------+----------+----+--------+--------+---------------------+-----------+----------------------------------------------------------------------------------+



Path #2: Hold slack is 0.018 
===============================================================================
+----------------------------------------------------------------------------------------------------+
; Path Summary                                                                                       ;
+---------------------------------+------------------------------------------------------------------+
; Property                        ; Value                                                            ;
+---------------------------------+------------------------------------------------------------------+
; From Node                       ; System|mm_interconnect_1|out_mem_s1_agent_rdata_fifo|mem_used[0] ;
; To Node                         ; System|mm_interconnect_1|out_mem_s1_agent_rdata_fifo|mem_used[0] ;
; Launch Clock                    ; CLK_50                                                           ;
; Latch Clock                     ; CLK_50                                                           ;
; SDC Exception                   ; No SDC Exception on Path                                         ;
; Data Arrival Time               ; 2.726                                                            ;
; Data Required Time              ; 2.708                                                            ;
; Slack                           ; 0.018                                                            ;
; Worst-Case Operating Conditions ; Fast 900mV 0C Model                                              ;
+---------------------------------+------------------------------------------------------------------+

+-----------------------------------------------------------------------------------+
; Statistics                                                                        ;
+------------------------+-------+-------+-------------+------------+-------+-------+
; Property               ; Value ; Count ; Total Delay ; % of Total ; Min   ; Max   ;
+------------------------+-------+-------+-------------+------------+-------+-------+
; Hold Relationship      ; 0.000 ;       ;             ;            ;       ;       ;
; Clock Skew             ; 0.000 ;       ;             ;            ;       ;       ;
; Data Delay             ; 0.281 ;       ;             ;            ;       ;       ;
; Number of Logic Levels ;       ; 1     ;             ;            ;       ;       ;
; Physical Delays        ;       ;       ;             ;            ;       ;       ;
;  Arrival Path          ;       ;       ;             ;            ;       ;       ;
;   Clock                ;       ;       ;             ;            ;       ;       ;
;    IC                  ;       ; 3     ; 1.894       ; 77         ; 0.000 ; 1.894 ;
;    Cell                ;       ; 4     ; 0.551       ; 23         ; 0.000 ; 0.261 ;
;   Data                 ;       ;       ;             ;            ;       ;       ;
;    Cell                ;       ; 4     ; 0.163       ; 58         ; 0.000 ; 0.163 ;
;    uTco                ;       ; 1     ; 0.118       ; 42         ; 0.118 ; 0.118 ;
;  Required Path         ;       ;       ;             ;            ;       ;       ;
;   Clock                ;       ;       ;             ;            ;       ;       ;
;    IC                  ;       ; 3     ; 2.058       ; 77         ; 0.000 ; 2.058 ;
;    Cell                ;       ; 4     ; 0.613       ; 23         ; 0.000 ; 0.277 ;
+------------------------+-------+-------+-------------+------------+-------+-------+
Note: Negative delays are omitted from totals when calculating percentages

+-----------------------------------------------------------------------------------------------------------------------------------------------------------+
; Data Arrival Path                                                                                                                                         ;
+---------+---------+----+--------+--------+-----------------------+-----------+----------------------------------------------------------------------------+
; Total   ; Incr    ; RF ; Type   ; Fanout ; Location              ; HS/LP     ; Element                                                                    ;
+---------+---------+----+--------+--------+-----------------------+-----------+----------------------------------------------------------------------------+
; 0.000   ; 0.000   ;    ;        ;        ;                       ;           ; launch edge time                                                           ;
; 0.000   ; 0.000   ;    ; borrow ;        ;                       ;           ; time borrowed                                                              ;
; 2.445   ; 2.445   ;    ;        ;        ;                       ;           ; clock path                                                                 ;
;   0.000 ;   0.000 ;    ;        ;        ;                       ;           ; source latency                                                             ;
;   0.000 ;   0.000 ;    ;        ; 1      ; PIN_AM10              ;           ; CLK_50                                                                     ;
;   0.000 ;   0.000 ; RR ; IC     ; 1      ; IOIBUF_X148_Y16_N32   ;           ; CLK_50~input|i                                                             ;
;   0.261 ;   0.261 ; RR ; CELL   ; 1      ; IOIBUF_X148_Y16_N32   ;           ; CLK_50~input|o                                                             ;
;   0.322 ;   0.061 ; RR ; CELL   ; 1      ; IOIBUF_X148_Y16_N32   ;           ; CLK_50~input~io_48_lvds_tile_edge/ioclkin[0]                               ;
;   0.322 ;   0.000 ; RR ; IC     ; 2      ; CLKCTRL_3A_G_I20      ;           ; CLK_50~inputCLKENA0|inclk                                                  ;
;   0.551 ;   0.229 ; RR ; CELL   ; 224447 ; CLKCTRL_3A_G_I20      ;           ; CLK_50~inputCLKENA0|outclk                                                 ;
;   2.445 ;   1.894 ; RR ; IC     ; 1      ; FF_X129_Y34_N19       ; Low Power ; System|mm_interconnect_1|out_mem_s1_agent_rdata_fifo|mem_used[0]|clk       ;
;   2.445 ;   0.000 ; RR ; CELL   ; 1      ; FF_X129_Y34_N19       ; Low Power ; System|mm_interconnect_1|out_mem_s1_agent_rdata_fifo|mem_used[0]           ;
; 2.726   ; 0.281   ;    ;        ;        ;                       ;           ; data path                                                                  ;
;   2.563 ;   0.118 ; FF ; uTco   ; 2      ; FF_X129_Y34_N19       ;           ; System|mm_interconnect_1|out_mem_s1_agent_rdata_fifo|mem_used[0]|q         ;
;   2.563 ;   0.000 ; FF ; CELL   ; 1      ; MLABCELL_X129_Y34_N18 ; Low Power ; System|mm_interconnect_1|out_mem_s1_agent_rdata_fifo|mem_used[0]~0|datad   ;
;   2.726 ;   0.163 ; FF ; CELL   ; 1      ; MLABCELL_X129_Y34_N18 ; Low Power ; System|mm_interconnect_1|out_mem_s1_agent_rdata_fifo|mem_used[0]~0|combout ;
;   2.726 ;   0.000 ; FF ; CELL   ; 1      ; FF_X129_Y34_N19       ; Low Power ; System|mm_interconnect_1|out_mem_s1_agent_rdata_fifo|mem_used[0]|d         ;
;   2.726 ;   0.000 ; FF ; CELL   ; 1      ; FF_X129_Y34_N19       ; Low Power ; System|mm_interconnect_1|out_mem_s1_agent_rdata_fifo|mem_used[0]           ;
+---------+---------+----+--------+--------+-----------------------+-----------+----------------------------------------------------------------------------+

+----------------------------------------------------------------------------------------------------------------------------------------------------+
; Data Required Path                                                                                                                                 ;
+---------+----------+----+--------+--------+---------------------+-----------+----------------------------------------------------------------------+
; Total   ; Incr     ; RF ; Type   ; Fanout ; Location            ; HS/LP     ; Element                                                              ;
+---------+----------+----+--------+--------+---------------------+-----------+----------------------------------------------------------------------+
; 0.000   ; 0.000    ;    ;        ;        ;                     ;           ; latch edge time                                                      ;
; 0.000   ; 0.000    ;    ; borrow ;        ;                     ;           ; time borrowed                                                        ;
; 2.445   ; 2.445    ;    ;        ;        ;                     ;           ; clock path                                                           ;
;   0.000 ;   0.000  ;    ;        ;        ;                     ;           ; source latency                                                       ;
;   0.000 ;   0.000  ;    ;        ; 1      ; PIN_AM10            ;           ; CLK_50                                                               ;
;   0.000 ;   0.000  ; RR ; IC     ; 1      ; IOIBUF_X148_Y16_N32 ;           ; CLK_50~input|i                                                       ;
;   0.261 ;   0.261  ; RR ; CELL   ; 1      ; IOIBUF_X148_Y16_N32 ;           ; CLK_50~input|o                                                       ;
;   0.336 ;   0.075  ; RR ; CELL   ; 1      ; IOIBUF_X148_Y16_N32 ;           ; CLK_50~input~io_48_lvds_tile_edge/ioclkin[0]                         ;
;   0.336 ;   0.000  ; RR ; IC     ; 2      ; CLKCTRL_3A_G_I20    ;           ; CLK_50~inputCLKENA0|inclk                                            ;
;   0.613 ;   0.277  ; RR ; CELL   ; 224447 ; CLKCTRL_3A_G_I20    ;           ; CLK_50~inputCLKENA0|outclk                                           ;
;   2.671 ;   2.058  ; RR ; IC     ; 1      ; FF_X129_Y34_N19     ; Low Power ; System|mm_interconnect_1|out_mem_s1_agent_rdata_fifo|mem_used[0]|clk ;
;   2.671 ;   0.000  ; RR ; CELL   ; 1      ; FF_X129_Y34_N19     ; Low Power ; System|mm_interconnect_1|out_mem_s1_agent_rdata_fifo|mem_used[0]     ;
;   2.445 ;   -0.226 ;    ;        ;        ;                     ;           ; clock pessimism removed                                              ;
; 2.445   ; 0.000    ;    ;        ;        ;                     ;           ; clock uncertainty                                                    ;
; 2.708   ; 0.263    ;    ; uTh    ; 1      ; FF_X129_Y34_N19     ;           ; System|mm_interconnect_1|out_mem_s1_agent_rdata_fifo|mem_used[0]     ;
+---------+----------+----+--------+--------+---------------------+-----------+----------------------------------------------------------------------+



Path #3: Hold slack is 0.018 
===============================================================================
+---------------------------------------------------------------------------------------------------------------------+
; Path Summary                                                                                                        ;
+---------------------------------+-----------------------------------------------------------------------------------+
; Property                        ; Value                                                                             ;
+---------------------------------+-----------------------------------------------------------------------------------+
; From Node                       ; System|mm_interconnect_1|npu_system_0_avalon_slave_0_agent_rdata_fifo|mem_used[0] ;
; To Node                         ; System|mm_interconnect_1|npu_system_0_avalon_slave_0_agent_rdata_fifo|mem_used[0] ;
; Launch Clock                    ; CLK_50                                                                            ;
; Latch Clock                     ; CLK_50                                                                            ;
; SDC Exception                   ; No SDC Exception on Path                                                          ;
; Data Arrival Time               ; 2.717                                                                             ;
; Data Required Time              ; 2.699                                                                             ;
; Slack                           ; 0.018                                                                             ;
; Worst-Case Operating Conditions ; Fast 900mV 0C Model                                                               ;
+---------------------------------+-----------------------------------------------------------------------------------+

+-----------------------------------------------------------------------------------+
; Statistics                                                                        ;
+------------------------+-------+-------+-------------+------------+-------+-------+
; Property               ; Value ; Count ; Total Delay ; % of Total ; Min   ; Max   ;
+------------------------+-------+-------+-------------+------------+-------+-------+
; Hold Relationship      ; 0.000 ;       ;             ;            ;       ;       ;
; Clock Skew             ; 0.001 ;       ;             ;            ;       ;       ;
; Data Delay             ; 0.284 ;       ;             ;            ;       ;       ;
; Number of Logic Levels ;       ; 1     ;             ;            ;       ;       ;
; Physical Delays        ;       ;       ;             ;            ;       ;       ;
;  Arrival Path          ;       ;       ;             ;            ;       ;       ;
;   Clock                ;       ;       ;             ;            ;       ;       ;
;    IC                  ;       ; 3     ; 1.882       ; 77         ; 0.000 ; 1.882 ;
;    Cell                ;       ; 4     ; 0.551       ; 23         ; 0.000 ; 0.261 ;
;   Data                 ;       ;       ;             ;            ;       ;       ;
;    Cell                ;       ; 4     ; 0.166       ; 58         ; 0.000 ; 0.166 ;
;    uTco                ;       ; 1     ; 0.118       ; 42         ; 0.118 ; 0.118 ;
;  Required Path         ;       ;       ;             ;            ;       ;       ;
;   Clock                ;       ;       ;             ;            ;       ;       ;
;    IC                  ;       ; 3     ; 2.046       ; 77         ; 0.000 ; 2.046 ;
;    Cell                ;       ; 4     ; 0.613       ; 23         ; 0.000 ; 0.277 ;
+------------------------+-------+-------+-------------+------------+-------+-------+
Note: Negative delays are omitted from totals when calculating percentages

+----------------------------------------------------------------------------------------------------------------------------------------------------------------------------+
; Data Arrival Path                                                                                                                                                          ;
+---------+---------+----+--------+--------+-----------------------+-----------+---------------------------------------------------------------------------------------------+
; Total   ; Incr    ; RF ; Type   ; Fanout ; Location              ; HS/LP     ; Element                                                                                     ;
+---------+---------+----+--------+--------+-----------------------+-----------+---------------------------------------------------------------------------------------------+
; 0.000   ; 0.000   ;    ;        ;        ;                       ;           ; launch edge time                                                                            ;
; 0.000   ; 0.000   ;    ; borrow ;        ;                       ;           ; time borrowed                                                                               ;
; 2.433   ; 2.433   ;    ;        ;        ;                       ;           ; clock path                                                                                  ;
;   0.000 ;   0.000 ;    ;        ;        ;                       ;           ; source latency                                                                              ;
;   0.000 ;   0.000 ;    ;        ; 1      ; PIN_AM10              ;           ; CLK_50                                                                                      ;
;   0.000 ;   0.000 ; RR ; IC     ; 1      ; IOIBUF_X148_Y16_N32   ;           ; CLK_50~input|i                                                                              ;
;   0.261 ;   0.261 ; RR ; CELL   ; 1      ; IOIBUF_X148_Y16_N32   ;           ; CLK_50~input|o                                                                              ;
;   0.322 ;   0.061 ; RR ; CELL   ; 1      ; IOIBUF_X148_Y16_N32   ;           ; CLK_50~input~io_48_lvds_tile_edge/ioclkin[0]                                                ;
;   0.322 ;   0.000 ; RR ; IC     ; 2      ; CLKCTRL_3A_G_I20      ;           ; CLK_50~inputCLKENA0|inclk                                                                   ;
;   0.551 ;   0.229 ; RR ; CELL   ; 224447 ; CLKCTRL_3A_G_I20      ;           ; CLK_50~inputCLKENA0|outclk                                                                  ;
;   2.433 ;   1.882 ; RR ; IC     ; 1      ; FF_X126_Y34_N20       ; Low Power ; System|mm_interconnect_1|npu_system_0_avalon_slave_0_agent_rdata_fifo|mem_used[0]|clk       ;
;   2.433 ;   0.000 ; RR ; CELL   ; 1      ; FF_X126_Y34_N20       ; Low Power ; System|mm_interconnect_1|npu_system_0_avalon_slave_0_agent_rdata_fifo|mem_used[0]           ;
; 2.717   ; 0.284   ;    ;        ;        ;                       ;           ; data path                                                                                   ;
;   2.551 ;   0.118 ; FF ; uTco   ; 2      ; FF_X126_Y34_N20       ;           ; System|mm_interconnect_1|npu_system_0_avalon_slave_0_agent_rdata_fifo|mem_used[0]|q         ;
;   2.551 ;   0.000 ; FF ; CELL   ; 1      ; MLABCELL_X126_Y34_N18 ; Low Power ; System|mm_interconnect_1|npu_system_0_avalon_slave_0_agent_rdata_fifo|mem_used[0]~0|datae   ;
;   2.717 ;   0.166 ; FF ; CELL   ; 1      ; MLABCELL_X126_Y34_N18 ; Low Power ; System|mm_interconnect_1|npu_system_0_avalon_slave_0_agent_rdata_fifo|mem_used[0]~0|combout ;
;   2.717 ;   0.000 ; FF ; CELL   ; 1      ; FF_X126_Y34_N20       ; Low Power ; System|mm_interconnect_1|npu_system_0_avalon_slave_0_agent_rdata_fifo|mem_used[0]|d         ;
;   2.717 ;   0.000 ; FF ; CELL   ; 1      ; FF_X126_Y34_N20       ; Low Power ; System|mm_interconnect_1|npu_system_0_avalon_slave_0_agent_rdata_fifo|mem_used[0]           ;
+---------+---------+----+--------+--------+-----------------------+-----------+---------------------------------------------------------------------------------------------+

+---------------------------------------------------------------------------------------------------------------------------------------------------------------------+
; Data Required Path                                                                                                                                                  ;
+---------+----------+----+--------+--------+---------------------+-----------+---------------------------------------------------------------------------------------+
; Total   ; Incr     ; RF ; Type   ; Fanout ; Location            ; HS/LP     ; Element                                                                               ;
+---------+----------+----+--------+--------+---------------------+-----------+---------------------------------------------------------------------------------------+
; 0.000   ; 0.000    ;    ;        ;        ;                     ;           ; latch edge time                                                                       ;
; 0.000   ; 0.000    ;    ; borrow ;        ;                     ;           ; time borrowed                                                                         ;
; 2.434   ; 2.434    ;    ;        ;        ;                     ;           ; clock path                                                                            ;
;   0.000 ;   0.000  ;    ;        ;        ;                     ;           ; source latency                                                                        ;
;   0.000 ;   0.000  ;    ;        ; 1      ; PIN_AM10            ;           ; CLK_50                                                                                ;
;   0.000 ;   0.000  ; RR ; IC     ; 1      ; IOIBUF_X148_Y16_N32 ;           ; CLK_50~input|i                                                                        ;
;   0.261 ;   0.261  ; RR ; CELL   ; 1      ; IOIBUF_X148_Y16_N32 ;           ; CLK_50~input|o                                                                        ;
;   0.336 ;   0.075  ; RR ; CELL   ; 1      ; IOIBUF_X148_Y16_N32 ;           ; CLK_50~input~io_48_lvds_tile_edge/ioclkin[0]                                          ;
;   0.336 ;   0.000  ; RR ; IC     ; 2      ; CLKCTRL_3A_G_I20    ;           ; CLK_50~inputCLKENA0|inclk                                                             ;
;   0.613 ;   0.277  ; RR ; CELL   ; 224447 ; CLKCTRL_3A_G_I20    ;           ; CLK_50~inputCLKENA0|outclk                                                            ;
;   2.659 ;   2.046  ; RR ; IC     ; 1      ; FF_X126_Y34_N20     ; Low Power ; System|mm_interconnect_1|npu_system_0_avalon_slave_0_agent_rdata_fifo|mem_used[0]|clk ;
;   2.659 ;   0.000  ; RR ; CELL   ; 1      ; FF_X126_Y34_N20     ; Low Power ; System|mm_interconnect_1|npu_system_0_avalon_slave_0_agent_rdata_fifo|mem_used[0]     ;
;   2.434 ;   -0.225 ;    ;        ;        ;                     ;           ; clock pessimism removed                                                               ;
; 2.434   ; 0.000    ;    ;        ;        ;                     ;           ; clock uncertainty                                                                     ;
; 2.699   ; 0.265    ;    ; uTh    ; 1      ; FF_X126_Y34_N20     ;           ; System|mm_interconnect_1|npu_system_0_avalon_slave_0_agent_rdata_fifo|mem_used[0]     ;
+---------+----------+----+--------+--------+---------------------+-----------+---------------------------------------------------------------------------------------+



Path #4: Hold slack is 0.019 
===============================================================================
+---------------------------------------------------------------------------------------------------------------------+
; Path Summary                                                                                                        ;
+---------------------------------+-----------------------------------------------------------------------------------+
; Property                        ; Value                                                                             ;
+---------------------------------+-----------------------------------------------------------------------------------+
; From Node                       ; System|mm_interconnect_1|onchip_memory2_0_s1_agent_rsp_fifo|mem_used[0]           ;
; To Node                         ; System|mm_interconnect_1|onchip_memory2_0_s1_agent_rsp_fifo|mem_used[0]~DUPLICATE ;
; Launch Clock                    ; CLK_50                                                                            ;
; Latch Clock                     ; CLK_50                                                                            ;
; SDC Exception                   ; No SDC Exception on Path                                                          ;
; Data Arrival Time               ; 2.709                                                                             ;
; Data Required Time              ; 2.690                                                                             ;
; Slack                           ; 0.019                                                                             ;
; Worst-Case Operating Conditions ; Fast 900mV 0C Model                                                               ;
+---------------------------------+-----------------------------------------------------------------------------------+

+-----------------------------------------------------------------------------------+
; Statistics                                                                        ;
+------------------------+-------+-------+-------------+------------+-------+-------+
; Property               ; Value ; Count ; Total Delay ; % of Total ; Min   ; Max   ;
+------------------------+-------+-------+-------------+------------+-------+-------+
; Hold Relationship      ; 0.000 ;       ;             ;            ;       ;       ;
; Clock Skew             ; 0.000 ;       ;             ;            ;       ;       ;
; Data Delay             ; 0.256 ;       ;             ;            ;       ;       ;
; Number of Logic Levels ;       ; 1     ;             ;            ;       ;       ;
; Physical Delays        ;       ;       ;             ;            ;       ;       ;
;  Arrival Path          ;       ;       ;             ;            ;       ;       ;
;   Clock                ;       ;       ;             ;            ;       ;       ;
;    IC                  ;       ; 3     ; 1.902       ; 78         ; 0.000 ; 1.902 ;
;    Cell                ;       ; 4     ; 0.551       ; 22         ; 0.000 ; 0.261 ;
;   Data                 ;       ;       ;             ;            ;       ;       ;
;    Cell                ;       ; 4     ; 0.158       ; 62         ; 0.000 ; 0.158 ;
;    uTco                ;       ; 1     ; 0.098       ; 38         ; 0.098 ; 0.098 ;
;  Required Path         ;       ;       ;             ;            ;       ;       ;
;   Clock                ;       ;       ;             ;            ;       ;       ;
;    IC                  ;       ; 3     ; 2.067       ; 77         ; 0.000 ; 2.067 ;
;    Cell                ;       ; 4     ; 0.613       ; 23         ; 0.000 ; 0.277 ;
+------------------------+-------+-------+-------------+------------+-------+-------+
Note: Negative delays are omitted from totals when calculating percentages

+---------------------------------------------------------------------------------------------------------------------------------------------------------------------+
; Data Arrival Path                                                                                                                                                   ;
+---------+---------+----+--------+--------+-----------------------+------------+-------------------------------------------------------------------------------------+
; Total   ; Incr    ; RF ; Type   ; Fanout ; Location              ; HS/LP      ; Element                                                                             ;
+---------+---------+----+--------+--------+-----------------------+------------+-------------------------------------------------------------------------------------+
; 0.000   ; 0.000   ;    ;        ;        ;                       ;            ; launch edge time                                                                    ;
; 0.000   ; 0.000   ;    ; borrow ;        ;                       ;            ; time borrowed                                                                       ;
; 2.453   ; 2.453   ;    ;        ;        ;                       ;            ; clock path                                                                          ;
;   0.000 ;   0.000 ;    ;        ;        ;                       ;            ; source latency                                                                      ;
;   0.000 ;   0.000 ;    ;        ; 1      ; PIN_AM10              ;            ; CLK_50                                                                              ;
;   0.000 ;   0.000 ; RR ; IC     ; 1      ; IOIBUF_X148_Y16_N32   ;            ; CLK_50~input|i                                                                      ;
;   0.261 ;   0.261 ; RR ; CELL   ; 1      ; IOIBUF_X148_Y16_N32   ;            ; CLK_50~input|o                                                                      ;
;   0.322 ;   0.061 ; RR ; CELL   ; 1      ; IOIBUF_X148_Y16_N32   ;            ; CLK_50~input~io_48_lvds_tile_edge/ioclkin[0]                                        ;
;   0.322 ;   0.000 ; RR ; IC     ; 2      ; CLKCTRL_3A_G_I20      ;            ; CLK_50~inputCLKENA0|inclk                                                           ;
;   0.551 ;   0.229 ; RR ; CELL   ; 224447 ; CLKCTRL_3A_G_I20      ;            ; CLK_50~inputCLKENA0|outclk                                                          ;
;   2.453 ;   1.902 ; RR ; IC     ; 1      ; FF_X137_Y25_N32       ; High Speed ; System|mm_interconnect_1|onchip_memory2_0_s1_agent_rsp_fifo|mem_used[0]|clk         ;
;   2.453 ;   0.000 ; RR ; CELL   ; 1      ; FF_X137_Y25_N32       ; High Speed ; System|mm_interconnect_1|onchip_memory2_0_s1_agent_rsp_fifo|mem_used[0]             ;
; 2.709   ; 0.256   ;    ;        ;        ;                       ;            ; data path                                                                           ;
;   2.551 ;   0.098 ; FF ; uTco   ; 2      ; FF_X137_Y25_N32       ;            ; System|mm_interconnect_1|onchip_memory2_0_s1_agent_rsp_fifo|mem_used[0]|q           ;
;   2.551 ;   0.000 ; FF ; CELL   ; 1      ; MLABCELL_X137_Y25_N30 ; High Speed ; System|mm_interconnect_1|onchip_memory2_0_s1_agent_rsp_fifo|mem_used[0]~3|datae     ;
;   2.709 ;   0.158 ; FF ; CELL   ; 2      ; MLABCELL_X137_Y25_N30 ; High Speed ; System|mm_interconnect_1|onchip_memory2_0_s1_agent_rsp_fifo|mem_used[0]~3|combout   ;
;   2.709 ;   0.000 ; FF ; CELL   ; 1      ; FF_X137_Y25_N31       ; High Speed ; System|mm_interconnect_1|onchip_memory2_0_s1_agent_rsp_fifo|mem_used[0]~DUPLICATE|d ;
;   2.709 ;   0.000 ; FF ; CELL   ; 1      ; FF_X137_Y25_N31       ; High Speed ; System|mm_interconnect_1|onchip_memory2_0_s1_agent_rsp_fifo|mem_used[0]~DUPLICATE   ;
+---------+---------+----+--------+--------+-----------------------+------------+-------------------------------------------------------------------------------------+

+----------------------------------------------------------------------------------------------------------------------------------------------------------------------+
; Data Required Path                                                                                                                                                   ;
+---------+----------+----+--------+--------+---------------------+------------+---------------------------------------------------------------------------------------+
; Total   ; Incr     ; RF ; Type   ; Fanout ; Location            ; HS/LP      ; Element                                                                               ;
+---------+----------+----+--------+--------+---------------------+------------+---------------------------------------------------------------------------------------+
; 0.000   ; 0.000    ;    ;        ;        ;                     ;            ; latch edge time                                                                       ;
; 0.000   ; 0.000    ;    ; borrow ;        ;                     ;            ; time borrowed                                                                         ;
; 2.453   ; 2.453    ;    ;        ;        ;                     ;            ; clock path                                                                            ;
;   0.000 ;   0.000  ;    ;        ;        ;                     ;            ; source latency                                                                        ;
;   0.000 ;   0.000  ;    ;        ; 1      ; PIN_AM10            ;            ; CLK_50                                                                                ;
;   0.000 ;   0.000  ; RR ; IC     ; 1      ; IOIBUF_X148_Y16_N32 ;            ; CLK_50~input|i                                                                        ;
;   0.261 ;   0.261  ; RR ; CELL   ; 1      ; IOIBUF_X148_Y16_N32 ;            ; CLK_50~input|o                                                                        ;
;   0.336 ;   0.075  ; RR ; CELL   ; 1      ; IOIBUF_X148_Y16_N32 ;            ; CLK_50~input~io_48_lvds_tile_edge/ioclkin[0]                                          ;
;   0.336 ;   0.000  ; RR ; IC     ; 2      ; CLKCTRL_3A_G_I20    ;            ; CLK_50~inputCLKENA0|inclk                                                             ;
;   0.613 ;   0.277  ; RR ; CELL   ; 224447 ; CLKCTRL_3A_G_I20    ;            ; CLK_50~inputCLKENA0|outclk                                                            ;
;   2.680 ;   2.067  ; RR ; IC     ; 1      ; FF_X137_Y25_N31     ; High Speed ; System|mm_interconnect_1|onchip_memory2_0_s1_agent_rsp_fifo|mem_used[0]~DUPLICATE|clk ;
;   2.680 ;   0.000  ; RR ; CELL   ; 1      ; FF_X137_Y25_N31     ; High Speed ; System|mm_interconnect_1|onchip_memory2_0_s1_agent_rsp_fifo|mem_used[0]~DUPLICATE     ;
;   2.453 ;   -0.227 ;    ;        ;        ;                     ;            ; clock pessimism removed                                                               ;
; 2.453   ; 0.000    ;    ;        ;        ;                     ;            ; clock uncertainty                                                                     ;
; 2.690   ; 0.237    ;    ; uTh    ; 1      ; FF_X137_Y25_N31     ;            ; System|mm_interconnect_1|onchip_memory2_0_s1_agent_rsp_fifo|mem_used[0]~DUPLICATE     ;
+---------+----------+----+--------+--------+---------------------+------------+---------------------------------------------------------------------------------------+



Path #5: Hold slack is 0.019 
===============================================================================
+----------------------------------------------------------------------------------------------------+
; Path Summary                                                                                       ;
+---------------------------------+------------------------------------------------------------------+
; Property                        ; Value                                                            ;
+---------------------------------+------------------------------------------------------------------+
; From Node                       ; System|master_0|master_0|transacto|p2m|current_byte[0]           ;
; To Node                         ; System|master_0|master_0|transacto|p2m|current_byte[0]~DUPLICATE ;
; Launch Clock                    ; CLK_50                                                           ;
; Latch Clock                     ; CLK_50                                                           ;
; SDC Exception                   ; No SDC Exception on Path                                         ;
; Data Arrival Time               ; 2.696                                                            ;
; Data Required Time              ; 2.677                                                            ;
; Slack                           ; 0.019                                                            ;
; Worst-Case Operating Conditions ; Fast 900mV 0C Model                                              ;
+---------------------------------+------------------------------------------------------------------+

+-----------------------------------------------------------------------------------+
; Statistics                                                                        ;
+------------------------+-------+-------+-------------+------------+-------+-------+
; Property               ; Value ; Count ; Total Delay ; % of Total ; Min   ; Max   ;
+------------------------+-------+-------+-------------+------------+-------+-------+
; Hold Relationship      ; 0.000 ;       ;             ;            ;       ;       ;
; Clock Skew             ; 0.000 ;       ;             ;            ;       ;       ;
; Data Delay             ; 0.256 ;       ;             ;            ;       ;       ;
; Number of Logic Levels ;       ; 1     ;             ;            ;       ;       ;
; Physical Delays        ;       ;       ;             ;            ;       ;       ;
;  Arrival Path          ;       ;       ;             ;            ;       ;       ;
;   Clock                ;       ;       ;             ;            ;       ;       ;
;    IC                  ;       ; 3     ; 1.889       ; 77         ; 0.000 ; 1.889 ;
;    Cell                ;       ; 4     ; 0.551       ; 23         ; 0.000 ; 0.261 ;
;   Data                 ;       ;       ;             ;            ;       ;       ;
;    Cell                ;       ; 4     ; 0.158       ; 62         ; 0.000 ; 0.158 ;
;    uTco                ;       ; 1     ; 0.098       ; 38         ; 0.098 ; 0.098 ;
;  Required Path         ;       ;       ;             ;            ;       ;       ;
;   Clock                ;       ;       ;             ;            ;       ;       ;
;    IC                  ;       ; 3     ; 2.053       ; 77         ; 0.000 ; 2.053 ;
;    Cell                ;       ; 4     ; 0.613       ; 23         ; 0.000 ; 0.277 ;
+------------------------+-------+-------+-------------+------------+-------+-------+
Note: Negative delays are omitted from totals when calculating percentages

+----------------------------------------------------------------------------------------------------------------------------------------------------+
; Data Arrival Path                                                                                                                                  ;
+---------+---------+----+--------+--------+-----------------------+------------+--------------------------------------------------------------------+
; Total   ; Incr    ; RF ; Type   ; Fanout ; Location              ; HS/LP      ; Element                                                            ;
+---------+---------+----+--------+--------+-----------------------+------------+--------------------------------------------------------------------+
; 0.000   ; 0.000   ;    ;        ;        ;                       ;            ; launch edge time                                                   ;
; 0.000   ; 0.000   ;    ; borrow ;        ;                       ;            ; time borrowed                                                      ;
; 2.440   ; 2.440   ;    ;        ;        ;                       ;            ; clock path                                                         ;
;   0.000 ;   0.000 ;    ;        ;        ;                       ;            ; source latency                                                     ;
;   0.000 ;   0.000 ;    ;        ; 1      ; PIN_AM10              ;            ; CLK_50                                                             ;
;   0.000 ;   0.000 ; RR ; IC     ; 1      ; IOIBUF_X148_Y16_N32   ;            ; CLK_50~input|i                                                     ;
;   0.261 ;   0.261 ; RR ; CELL   ; 1      ; IOIBUF_X148_Y16_N32   ;            ; CLK_50~input|o                                                     ;
;   0.322 ;   0.061 ; RR ; CELL   ; 1      ; IOIBUF_X148_Y16_N32   ;            ; CLK_50~input~io_48_lvds_tile_edge/ioclkin[0]                       ;
;   0.322 ;   0.000 ; RR ; IC     ; 2      ; CLKCTRL_3A_G_I20      ;            ; CLK_50~inputCLKENA0|inclk                                          ;
;   0.551 ;   0.229 ; RR ; CELL   ; 224447 ; CLKCTRL_3A_G_I20      ;            ; CLK_50~inputCLKENA0|outclk                                         ;
;   2.440 ;   1.889 ; RR ; IC     ; 1      ; FF_X125_Y31_N32       ; High Speed ; System|master_0|master_0|transacto|p2m|current_byte[0]|clk         ;
;   2.440 ;   0.000 ; RR ; CELL   ; 1      ; FF_X125_Y31_N32       ; High Speed ; System|master_0|master_0|transacto|p2m|current_byte[0]             ;
; 2.696   ; 0.256   ;    ;        ;        ;                       ;            ; data path                                                          ;
;   2.538 ;   0.098 ; FF ; uTco   ; 2      ; FF_X125_Y31_N32       ;            ; System|master_0|master_0|transacto|p2m|current_byte[0]|q           ;
;   2.538 ;   0.000 ; FF ; CELL   ; 1      ; MLABCELL_X125_Y31_N30 ; High Speed ; System|master_0|master_0|transacto|p2m|Select_71~6|datae           ;
;   2.696 ;   0.158 ; FF ; CELL   ; 2      ; MLABCELL_X125_Y31_N30 ; High Speed ; System|master_0|master_0|transacto|p2m|Select_71~6|combout         ;
;   2.696 ;   0.000 ; FF ; CELL   ; 1      ; FF_X125_Y31_N31       ; High Speed ; System|master_0|master_0|transacto|p2m|current_byte[0]~DUPLICATE|d ;
;   2.696 ;   0.000 ; FF ; CELL   ; 1      ; FF_X125_Y31_N31       ; High Speed ; System|master_0|master_0|transacto|p2m|current_byte[0]~DUPLICATE   ;
+---------+---------+----+--------+--------+-----------------------+------------+--------------------------------------------------------------------+

+-----------------------------------------------------------------------------------------------------------------------------------------------------+
; Data Required Path                                                                                                                                  ;
+---------+----------+----+--------+--------+---------------------+------------+----------------------------------------------------------------------+
; Total   ; Incr     ; RF ; Type   ; Fanout ; Location            ; HS/LP      ; Element                                                              ;
+---------+----------+----+--------+--------+---------------------+------------+----------------------------------------------------------------------+
; 0.000   ; 0.000    ;    ;        ;        ;                     ;            ; latch edge time                                                      ;
; 0.000   ; 0.000    ;    ; borrow ;        ;                     ;            ; time borrowed                                                        ;
; 2.440   ; 2.440    ;    ;        ;        ;                     ;            ; clock path                                                           ;
;   0.000 ;   0.000  ;    ;        ;        ;                     ;            ; source latency                                                       ;
;   0.000 ;   0.000  ;    ;        ; 1      ; PIN_AM10            ;            ; CLK_50                                                               ;
;   0.000 ;   0.000  ; RR ; IC     ; 1      ; IOIBUF_X148_Y16_N32 ;            ; CLK_50~input|i                                                       ;
;   0.261 ;   0.261  ; RR ; CELL   ; 1      ; IOIBUF_X148_Y16_N32 ;            ; CLK_50~input|o                                                       ;
;   0.336 ;   0.075  ; RR ; CELL   ; 1      ; IOIBUF_X148_Y16_N32 ;            ; CLK_50~input~io_48_lvds_tile_edge/ioclkin[0]                         ;
;   0.336 ;   0.000  ; RR ; IC     ; 2      ; CLKCTRL_3A_G_I20    ;            ; CLK_50~inputCLKENA0|inclk                                            ;
;   0.613 ;   0.277  ; RR ; CELL   ; 224447 ; CLKCTRL_3A_G_I20    ;            ; CLK_50~inputCLKENA0|outclk                                           ;
;   2.666 ;   2.053  ; RR ; IC     ; 1      ; FF_X125_Y31_N31     ; High Speed ; System|master_0|master_0|transacto|p2m|current_byte[0]~DUPLICATE|clk ;
;   2.666 ;   0.000  ; RR ; CELL   ; 1      ; FF_X125_Y31_N31     ; High Speed ; System|master_0|master_0|transacto|p2m|current_byte[0]~DUPLICATE     ;
;   2.440 ;   -0.226 ;    ;        ;        ;                     ;            ; clock pessimism removed                                              ;
; 2.440   ; 0.000    ;    ;        ;        ;                     ;            ; clock uncertainty                                                    ;
; 2.677   ; 0.237    ;    ; uTh    ; 1      ; FF_X125_Y31_N31     ;            ; System|master_0|master_0|transacto|p2m|current_byte[0]~DUPLICATE     ;
+---------+----------+----+--------+--------+---------------------+------------+----------------------------------------------------------------------+



Path #6: Hold slack is 0.019 
===============================================================================
+------------------------------------------------------------------------------------------------------------------+
; Path Summary                                                                                                     ;
+---------------------------------+--------------------------------------------------------------------------------+
; Property                        ; Value                                                                          ;
+---------------------------------+--------------------------------------------------------------------------------+
; From Node                       ; System|mm_interconnect_1|intel_niosv_g_0_dm_agent_agent_rdata_fifo|mem_used[2] ;
; To Node                         ; System|mm_interconnect_1|intel_niosv_g_0_dm_agent_agent_rdata_fifo|mem_used[2] ;
; Launch Clock                    ; CLK_50                                                                         ;
; Latch Clock                     ; CLK_50                                                                         ;
; SDC Exception                   ; No SDC Exception on Path                                                       ;
; Data Arrival Time               ; 2.696                                                                          ;
; Data Required Time              ; 2.677                                                                          ;
; Slack                           ; 0.019                                                                          ;
; Worst-Case Operating Conditions ; Fast 900mV 0C Model                                                            ;
+---------------------------------+--------------------------------------------------------------------------------+

+-----------------------------------------------------------------------------------+
; Statistics                                                                        ;
+------------------------+-------+-------+-------------+------------+-------+-------+
; Property               ; Value ; Count ; Total Delay ; % of Total ; Min   ; Max   ;
+------------------------+-------+-------+-------------+------------+-------+-------+
; Hold Relationship      ; 0.000 ;       ;             ;            ;       ;       ;
; Clock Skew             ; 0.000 ;       ;             ;            ;       ;       ;
; Data Delay             ; 0.265 ;       ;             ;            ;       ;       ;
; Number of Logic Levels ;       ; 1     ;             ;            ;       ;       ;
; Physical Delays        ;       ;       ;             ;            ;       ;       ;
;  Arrival Path          ;       ;       ;             ;            ;       ;       ;
;   Clock                ;       ;       ;             ;            ;       ;       ;
;    IC                  ;       ; 3     ; 1.880       ; 77         ; 0.000 ; 1.880 ;
;    Cell                ;       ; 4     ; 0.551       ; 23         ; 0.000 ; 0.261 ;
;   Data                 ;       ;       ;             ;            ;       ;       ;
;    Cell                ;       ; 4     ; 0.158       ; 60         ; 0.000 ; 0.158 ;
;    uTco                ;       ; 1     ; 0.107       ; 40         ; 0.107 ; 0.107 ;
;  Required Path         ;       ;       ;             ;            ;       ;       ;
;   Clock                ;       ;       ;             ;            ;       ;       ;
;    IC                  ;       ; 3     ; 2.043       ; 77         ; 0.000 ; 2.043 ;
;    Cell                ;       ; 4     ; 0.613       ; 23         ; 0.000 ; 0.277 ;
+------------------------+-------+-------+-------------+------------+-------+-------+
Note: Negative delays are omitted from totals when calculating percentages

+--------------------------------------------------------------------------------------------------------------------------------------------------------------------------+
; Data Arrival Path                                                                                                                                                        ;
+---------+---------+----+--------+--------+-----------------------+------------+------------------------------------------------------------------------------------------+
; Total   ; Incr    ; RF ; Type   ; Fanout ; Location              ; HS/LP      ; Element                                                                                  ;
+---------+---------+----+--------+--------+-----------------------+------------+------------------------------------------------------------------------------------------+
; 0.000   ; 0.000   ;    ;        ;        ;                       ;            ; launch edge time                                                                         ;
; 0.000   ; 0.000   ;    ; borrow ;        ;                       ;            ; time borrowed                                                                            ;
; 2.431   ; 2.431   ;    ;        ;        ;                       ;            ; clock path                                                                               ;
;   0.000 ;   0.000 ;    ;        ;        ;                       ;            ; source latency                                                                           ;
;   0.000 ;   0.000 ;    ;        ; 1      ; PIN_AM10              ;            ; CLK_50                                                                                   ;
;   0.000 ;   0.000 ; RR ; IC     ; 1      ; IOIBUF_X148_Y16_N32   ;            ; CLK_50~input|i                                                                           ;
;   0.261 ;   0.261 ; RR ; CELL   ; 1      ; IOIBUF_X148_Y16_N32   ;            ; CLK_50~input|o                                                                           ;
;   0.322 ;   0.061 ; RR ; CELL   ; 1      ; IOIBUF_X148_Y16_N32   ;            ; CLK_50~input~io_48_lvds_tile_edge/ioclkin[0]                                             ;
;   0.322 ;   0.000 ; RR ; IC     ; 2      ; CLKCTRL_3A_G_I20      ;            ; CLK_50~inputCLKENA0|inclk                                                                ;
;   0.551 ;   0.229 ; RR ; CELL   ; 224447 ; CLKCTRL_3A_G_I20      ;            ; CLK_50~inputCLKENA0|outclk                                                               ;
;   2.431 ;   1.880 ; RR ; IC     ; 1      ; FF_X126_Y23_N50       ; High Speed ; System|mm_interconnect_1|intel_niosv_g_0_dm_agent_agent_rdata_fifo|mem_used[2]|clk       ;
;   2.431 ;   0.000 ; RR ; CELL   ; 1      ; FF_X126_Y23_N50       ; High Speed ; System|mm_interconnect_1|intel_niosv_g_0_dm_agent_agent_rdata_fifo|mem_used[2]           ;
; 2.696   ; 0.265   ;    ;        ;        ;                       ;            ; data path                                                                                ;
;   2.538 ;   0.107 ; FF ; uTco   ; 2      ; FF_X126_Y23_N50       ;            ; System|mm_interconnect_1|intel_niosv_g_0_dm_agent_agent_rdata_fifo|mem_used[2]|q         ;
;   2.538 ;   0.000 ; FF ; CELL   ; 1      ; MLABCELL_X126_Y23_N48 ; High Speed ; System|mm_interconnect_1|intel_niosv_g_0_dm_agent_agent_rdata_fifo|mem_used[2]~3|datae   ;
;   2.696 ;   0.158 ; FF ; CELL   ; 2      ; MLABCELL_X126_Y23_N48 ; High Speed ; System|mm_interconnect_1|intel_niosv_g_0_dm_agent_agent_rdata_fifo|mem_used[2]~3|combout ;
;   2.696 ;   0.000 ; FF ; CELL   ; 1      ; FF_X126_Y23_N50       ; High Speed ; System|mm_interconnect_1|intel_niosv_g_0_dm_agent_agent_rdata_fifo|mem_used[2]|d         ;
;   2.696 ;   0.000 ; FF ; CELL   ; 1      ; FF_X126_Y23_N50       ; High Speed ; System|mm_interconnect_1|intel_niosv_g_0_dm_agent_agent_rdata_fifo|mem_used[2]           ;
+---------+---------+----+--------+--------+-----------------------+------------+------------------------------------------------------------------------------------------+

+-------------------------------------------------------------------------------------------------------------------------------------------------------------------+
; Data Required Path                                                                                                                                                ;
+---------+----------+----+--------+--------+---------------------+------------+------------------------------------------------------------------------------------+
; Total   ; Incr     ; RF ; Type   ; Fanout ; Location            ; HS/LP      ; Element                                                                            ;
+---------+----------+----+--------+--------+---------------------+------------+------------------------------------------------------------------------------------+
; 0.000   ; 0.000    ;    ;        ;        ;                     ;            ; latch edge time                                                                    ;
; 0.000   ; 0.000    ;    ; borrow ;        ;                     ;            ; time borrowed                                                                      ;
; 2.431   ; 2.431    ;    ;        ;        ;                     ;            ; clock path                                                                         ;
;   0.000 ;   0.000  ;    ;        ;        ;                     ;            ; source latency                                                                     ;
;   0.000 ;   0.000  ;    ;        ; 1      ; PIN_AM10            ;            ; CLK_50                                                                             ;
;   0.000 ;   0.000  ; RR ; IC     ; 1      ; IOIBUF_X148_Y16_N32 ;            ; CLK_50~input|i                                                                     ;
;   0.261 ;   0.261  ; RR ; CELL   ; 1      ; IOIBUF_X148_Y16_N32 ;            ; CLK_50~input|o                                                                     ;
;   0.336 ;   0.075  ; RR ; CELL   ; 1      ; IOIBUF_X148_Y16_N32 ;            ; CLK_50~input~io_48_lvds_tile_edge/ioclkin[0]                                       ;
;   0.336 ;   0.000  ; RR ; IC     ; 2      ; CLKCTRL_3A_G_I20    ;            ; CLK_50~inputCLKENA0|inclk                                                          ;
;   0.613 ;   0.277  ; RR ; CELL   ; 224447 ; CLKCTRL_3A_G_I20    ;            ; CLK_50~inputCLKENA0|outclk                                                         ;
;   2.656 ;   2.043  ; RR ; IC     ; 1      ; FF_X126_Y23_N50     ; High Speed ; System|mm_interconnect_1|intel_niosv_g_0_dm_agent_agent_rdata_fifo|mem_used[2]|clk ;
;   2.656 ;   0.000  ; RR ; CELL   ; 1      ; FF_X126_Y23_N50     ; High Speed ; System|mm_interconnect_1|intel_niosv_g_0_dm_agent_agent_rdata_fifo|mem_used[2]     ;
;   2.431 ;   -0.225 ;    ;        ;        ;                     ;            ; clock pessimism removed                                                            ;
; 2.431   ; 0.000    ;    ;        ;        ;                     ;            ; clock uncertainty                                                                  ;
; 2.677   ; 0.246    ;    ; uTh    ; 1      ; FF_X126_Y23_N50     ;            ; System|mm_interconnect_1|intel_niosv_g_0_dm_agent_agent_rdata_fifo|mem_used[2]     ;
+---------+----------+----+--------+--------+---------------------+------------+------------------------------------------------------------------------------------+



Path #7: Hold slack is 0.020 
===============================================================================
+----------------------------------------------------------------------------------------------------------------------------+
; Path Summary                                                                                                               ;
+---------------------------------+------------------------------------------------------------------------------------------+
; Property                        ; Value                                                                                    ;
+---------------------------------+------------------------------------------------------------------------------------------+
; From Node                       ; System|mm_interconnect_1|intel_niosv_g_0_dm_agent_agent_rdata_fifo|mem_used[2]           ;
; To Node                         ; System|mm_interconnect_1|intel_niosv_g_0_dm_agent_agent_rdata_fifo|mem_used[2]~DUPLICATE ;
; Launch Clock                    ; CLK_50                                                                                   ;
; Latch Clock                     ; CLK_50                                                                                   ;
; SDC Exception                   ; No SDC Exception on Path                                                                 ;
; Data Arrival Time               ; 2.696                                                                                    ;
; Data Required Time              ; 2.676                                                                                    ;
; Slack                           ; 0.020                                                                                    ;
; Worst-Case Operating Conditions ; Fast 900mV 0C Model                                                                      ;
+---------------------------------+------------------------------------------------------------------------------------------+

+-----------------------------------------------------------------------------------+
; Statistics                                                                        ;
+------------------------+-------+-------+-------------+------------+-------+-------+
; Property               ; Value ; Count ; Total Delay ; % of Total ; Min   ; Max   ;
+------------------------+-------+-------+-------------+------------+-------+-------+
; Hold Relationship      ; 0.000 ;       ;             ;            ;       ;       ;
; Clock Skew             ; 0.000 ;       ;             ;            ;       ;       ;
; Data Delay             ; 0.265 ;       ;             ;            ;       ;       ;
; Number of Logic Levels ;       ; 1     ;             ;            ;       ;       ;
; Physical Delays        ;       ;       ;             ;            ;       ;       ;
;  Arrival Path          ;       ;       ;             ;            ;       ;       ;
;   Clock                ;       ;       ;             ;            ;       ;       ;
;    IC                  ;       ; 3     ; 1.880       ; 77         ; 0.000 ; 1.880 ;
;    Cell                ;       ; 4     ; 0.551       ; 23         ; 0.000 ; 0.261 ;
;   Data                 ;       ;       ;             ;            ;       ;       ;
;    Cell                ;       ; 4     ; 0.158       ; 60         ; 0.000 ; 0.158 ;
;    uTco                ;       ; 1     ; 0.107       ; 40         ; 0.107 ; 0.107 ;
;  Required Path         ;       ;       ;             ;            ;       ;       ;
;   Clock                ;       ;       ;             ;            ;       ;       ;
;    IC                  ;       ; 3     ; 2.043       ; 77         ; 0.000 ; 2.043 ;
;    Cell                ;       ; 4     ; 0.613       ; 23         ; 0.000 ; 0.277 ;
+------------------------+-------+-------+-------------+------------+-------+-------+
Note: Negative delays are omitted from totals when calculating percentages

+----------------------------------------------------------------------------------------------------------------------------------------------------------------------------+
; Data Arrival Path                                                                                                                                                          ;
+---------+---------+----+--------+--------+-----------------------+------------+--------------------------------------------------------------------------------------------+
; Total   ; Incr    ; RF ; Type   ; Fanout ; Location              ; HS/LP      ; Element                                                                                    ;
+---------+---------+----+--------+--------+-----------------------+------------+--------------------------------------------------------------------------------------------+
; 0.000   ; 0.000   ;    ;        ;        ;                       ;            ; launch edge time                                                                           ;
; 0.000   ; 0.000   ;    ; borrow ;        ;                       ;            ; time borrowed                                                                              ;
; 2.431   ; 2.431   ;    ;        ;        ;                       ;            ; clock path                                                                                 ;
;   0.000 ;   0.000 ;    ;        ;        ;                       ;            ; source latency                                                                             ;
;   0.000 ;   0.000 ;    ;        ; 1      ; PIN_AM10              ;            ; CLK_50                                                                                     ;
;   0.000 ;   0.000 ; RR ; IC     ; 1      ; IOIBUF_X148_Y16_N32   ;            ; CLK_50~input|i                                                                             ;
;   0.261 ;   0.261 ; RR ; CELL   ; 1      ; IOIBUF_X148_Y16_N32   ;            ; CLK_50~input|o                                                                             ;
;   0.322 ;   0.061 ; RR ; CELL   ; 1      ; IOIBUF_X148_Y16_N32   ;            ; CLK_50~input~io_48_lvds_tile_edge/ioclkin[0]                                               ;
;   0.322 ;   0.000 ; RR ; IC     ; 2      ; CLKCTRL_3A_G_I20      ;            ; CLK_50~inputCLKENA0|inclk                                                                  ;
;   0.551 ;   0.229 ; RR ; CELL   ; 224447 ; CLKCTRL_3A_G_I20      ;            ; CLK_50~inputCLKENA0|outclk                                                                 ;
;   2.431 ;   1.880 ; RR ; IC     ; 1      ; FF_X126_Y23_N50       ; High Speed ; System|mm_interconnect_1|intel_niosv_g_0_dm_agent_agent_rdata_fifo|mem_used[2]|clk         ;
;   2.431 ;   0.000 ; RR ; CELL   ; 1      ; FF_X126_Y23_N50       ; High Speed ; System|mm_interconnect_1|intel_niosv_g_0_dm_agent_agent_rdata_fifo|mem_used[2]             ;
; 2.696   ; 0.265   ;    ;        ;        ;                       ;            ; data path                                                                                  ;
;   2.538 ;   0.107 ; FF ; uTco   ; 2      ; FF_X126_Y23_N50       ;            ; System|mm_interconnect_1|intel_niosv_g_0_dm_agent_agent_rdata_fifo|mem_used[2]|q           ;
;   2.538 ;   0.000 ; FF ; CELL   ; 1      ; MLABCELL_X126_Y23_N48 ; High Speed ; System|mm_interconnect_1|intel_niosv_g_0_dm_agent_agent_rdata_fifo|mem_used[2]~3|datae     ;
;   2.696 ;   0.158 ; FF ; CELL   ; 2      ; MLABCELL_X126_Y23_N48 ; High Speed ; System|mm_interconnect_1|intel_niosv_g_0_dm_agent_agent_rdata_fifo|mem_used[2]~3|combout   ;
;   2.696 ;   0.000 ; FF ; CELL   ; 1      ; FF_X126_Y23_N49       ; High Speed ; System|mm_interconnect_1|intel_niosv_g_0_dm_agent_agent_rdata_fifo|mem_used[2]~DUPLICATE|d ;
;   2.696 ;   0.000 ; FF ; CELL   ; 1      ; FF_X126_Y23_N49       ; High Speed ; System|mm_interconnect_1|intel_niosv_g_0_dm_agent_agent_rdata_fifo|mem_used[2]~DUPLICATE   ;
+---------+---------+----+--------+--------+-----------------------+------------+--------------------------------------------------------------------------------------------+

+-----------------------------------------------------------------------------------------------------------------------------------------------------------------------------+
; Data Required Path                                                                                                                                                          ;
+---------+----------+----+--------+--------+---------------------+------------+----------------------------------------------------------------------------------------------+
; Total   ; Incr     ; RF ; Type   ; Fanout ; Location            ; HS/LP      ; Element                                                                                      ;
+---------+----------+----+--------+--------+---------------------+------------+----------------------------------------------------------------------------------------------+
; 0.000   ; 0.000    ;    ;        ;        ;                     ;            ; latch edge time                                                                              ;
; 0.000   ; 0.000    ;    ; borrow ;        ;                     ;            ; time borrowed                                                                                ;
; 2.431   ; 2.431    ;    ;        ;        ;                     ;            ; clock path                                                                                   ;
;   0.000 ;   0.000  ;    ;        ;        ;                     ;            ; source latency                                                                               ;
;   0.000 ;   0.000  ;    ;        ; 1      ; PIN_AM10            ;            ; CLK_50                                                                                       ;
;   0.000 ;   0.000  ; RR ; IC     ; 1      ; IOIBUF_X148_Y16_N32 ;            ; CLK_50~input|i                                                                               ;
;   0.261 ;   0.261  ; RR ; CELL   ; 1      ; IOIBUF_X148_Y16_N32 ;            ; CLK_50~input|o                                                                               ;
;   0.336 ;   0.075  ; RR ; CELL   ; 1      ; IOIBUF_X148_Y16_N32 ;            ; CLK_50~input~io_48_lvds_tile_edge/ioclkin[0]                                                 ;
;   0.336 ;   0.000  ; RR ; IC     ; 2      ; CLKCTRL_3A_G_I20    ;            ; CLK_50~inputCLKENA0|inclk                                                                    ;
;   0.613 ;   0.277  ; RR ; CELL   ; 224447 ; CLKCTRL_3A_G_I20    ;            ; CLK_50~inputCLKENA0|outclk                                                                   ;
;   2.656 ;   2.043  ; RR ; IC     ; 1      ; FF_X126_Y23_N49     ; High Speed ; System|mm_interconnect_1|intel_niosv_g_0_dm_agent_agent_rdata_fifo|mem_used[2]~DUPLICATE|clk ;
;   2.656 ;   0.000  ; RR ; CELL   ; 1      ; FF_X126_Y23_N49     ; High Speed ; System|mm_interconnect_1|intel_niosv_g_0_dm_agent_agent_rdata_fifo|mem_used[2]~DUPLICATE     ;
;   2.431 ;   -0.225 ;    ;        ;        ;                     ;            ; clock pessimism removed                                                                      ;
; 2.431   ; 0.000    ;    ;        ;        ;                     ;            ; clock uncertainty                                                                            ;
; 2.676   ; 0.245    ;    ; uTh    ; 1      ; FF_X126_Y23_N49     ;            ; System|mm_interconnect_1|intel_niosv_g_0_dm_agent_agent_rdata_fifo|mem_used[2]~DUPLICATE     ;
+---------+----------+----+--------+--------+---------------------+------------+----------------------------------------------------------------------------------------------+



Path #8: Hold slack is 0.020 
===============================================================================
+----------------------------------------------------------------------------------------------------------------+
; Path Summary                                                                                                   ;
+---------------------------------+------------------------------------------------------------------------------+
; Property                        ; Value                                                                        ;
+---------------------------------+------------------------------------------------------------------------------+
; From Node                       ; System|mm_interconnect_1|intel_niosv_g_0_dm_agent_agent_rdata_fifo|mem[2][1] ;
; To Node                         ; System|mm_interconnect_1|intel_niosv_g_0_dm_agent_agent_rdata_fifo|mem[2][1] ;
; Launch Clock                    ; CLK_50                                                                       ;
; Latch Clock                     ; CLK_50                                                                       ;
; SDC Exception                   ; No SDC Exception on Path                                                     ;
; Data Arrival Time               ; 2.714                                                                        ;
; Data Required Time              ; 2.694                                                                        ;
; Slack                           ; 0.020                                                                        ;
; Worst-Case Operating Conditions ; Fast 900mV 0C Model                                                          ;
+---------------------------------+------------------------------------------------------------------------------+

+-----------------------------------------------------------------------------------+
; Statistics                                                                        ;
+------------------------+-------+-------+-------------+------------+-------+-------+
; Property               ; Value ; Count ; Total Delay ; % of Total ; Min   ; Max   ;
+------------------------+-------+-------+-------------+------------+-------+-------+
; Hold Relationship      ; 0.000 ;       ;             ;            ;       ;       ;
; Clock Skew             ; 0.001 ;       ;             ;            ;       ;       ;
; Data Delay             ; 0.280 ;       ;             ;            ;       ;       ;
; Number of Logic Levels ;       ; 1     ;             ;            ;       ;       ;
; Physical Delays        ;       ;       ;             ;            ;       ;       ;
;  Arrival Path          ;       ;       ;             ;            ;       ;       ;
;   Clock                ;       ;       ;             ;            ;       ;       ;
;    IC                  ;       ; 3     ; 1.883       ; 77         ; 0.000 ; 1.883 ;
;    Cell                ;       ; 4     ; 0.551       ; 23         ; 0.000 ; 0.261 ;
;   Data                 ;       ;       ;             ;            ;       ;       ;
;    Cell                ;       ; 4     ; 0.167       ; 60         ; 0.000 ; 0.167 ;
;    uTco                ;       ; 1     ; 0.113       ; 40         ; 0.113 ; 0.113 ;
;  Required Path         ;       ;       ;             ;            ;       ;       ;
;   Clock                ;       ;       ;             ;            ;       ;       ;
;    IC                  ;       ; 3     ; 2.047       ; 77         ; 0.000 ; 2.047 ;
;    Cell                ;       ; 4     ; 0.613       ; 23         ; 0.000 ; 0.277 ;
+------------------------+-------+-------+-------------+------------+-------+-------+
Note: Negative delays are omitted from totals when calculating percentages

+-------------------------------------------------------------------------------------------------------------------------------------------------------------------+
; Data Arrival Path                                                                                                                                                 ;
+---------+---------+----+--------+--------+-----------------------+-----------+------------------------------------------------------------------------------------+
; Total   ; Incr    ; RF ; Type   ; Fanout ; Location              ; HS/LP     ; Element                                                                            ;
+---------+---------+----+--------+--------+-----------------------+-----------+------------------------------------------------------------------------------------+
; 0.000   ; 0.000   ;    ;        ;        ;                       ;           ; launch edge time                                                                   ;
; 0.000   ; 0.000   ;    ; borrow ;        ;                       ;           ; time borrowed                                                                      ;
; 2.434   ; 2.434   ;    ;        ;        ;                       ;           ; clock path                                                                         ;
;   0.000 ;   0.000 ;    ;        ;        ;                       ;           ; source latency                                                                     ;
;   0.000 ;   0.000 ;    ;        ; 1      ; PIN_AM10              ;           ; CLK_50                                                                             ;
;   0.000 ;   0.000 ; RR ; IC     ; 1      ; IOIBUF_X148_Y16_N32   ;           ; CLK_50~input|i                                                                     ;
;   0.261 ;   0.261 ; RR ; CELL   ; 1      ; IOIBUF_X148_Y16_N32   ;           ; CLK_50~input|o                                                                     ;
;   0.322 ;   0.061 ; RR ; CELL   ; 1      ; IOIBUF_X148_Y16_N32   ;           ; CLK_50~input~io_48_lvds_tile_edge/ioclkin[0]                                       ;
;   0.322 ;   0.000 ; RR ; IC     ; 2      ; CLKCTRL_3A_G_I20      ;           ; CLK_50~inputCLKENA0|inclk                                                          ;
;   0.551 ;   0.229 ; RR ; CELL   ; 224447 ; CLKCTRL_3A_G_I20      ;           ; CLK_50~inputCLKENA0|outclk                                                         ;
;   2.434 ;   1.883 ; RR ; IC     ; 1      ; FF_X126_Y22_N44       ; Low Power ; System|mm_interconnect_1|intel_niosv_g_0_dm_agent_agent_rdata_fifo|mem[2][1]|clk   ;
;   2.434 ;   0.000 ; RR ; CELL   ; 1      ; FF_X126_Y22_N44       ; Low Power ; System|mm_interconnect_1|intel_niosv_g_0_dm_agent_agent_rdata_fifo|mem[2][1]       ;
; 2.714   ; 0.280   ;    ;        ;        ;                       ;           ; data path                                                                          ;
;   2.547 ;   0.113 ; FF ; uTco   ; 1      ; FF_X126_Y22_N44       ;           ; System|mm_interconnect_1|intel_niosv_g_0_dm_agent_agent_rdata_fifo|mem[2][1]|q     ;
;   2.547 ;   0.000 ; FF ; CELL   ; 1      ; MLABCELL_X126_Y22_N42 ; Low Power ; System|mm_interconnect_1|intel_niosv_g_0_dm_agent_agent_rdata_fifo|i228~23|datae   ;
;   2.714 ;   0.167 ; FF ; CELL   ; 2      ; MLABCELL_X126_Y22_N42 ; Low Power ; System|mm_interconnect_1|intel_niosv_g_0_dm_agent_agent_rdata_fifo|i228~23|combout ;
;   2.714 ;   0.000 ; FF ; CELL   ; 1      ; FF_X126_Y22_N44       ; Low Power ; System|mm_interconnect_1|intel_niosv_g_0_dm_agent_agent_rdata_fifo|mem[2][1]|d     ;
;   2.714 ;   0.000 ; FF ; CELL   ; 1      ; FF_X126_Y22_N44       ; Low Power ; System|mm_interconnect_1|intel_niosv_g_0_dm_agent_agent_rdata_fifo|mem[2][1]       ;
+---------+---------+----+--------+--------+-----------------------+-----------+------------------------------------------------------------------------------------+

+----------------------------------------------------------------------------------------------------------------------------------------------------------------+
; Data Required Path                                                                                                                                             ;
+---------+----------+----+--------+--------+---------------------+-----------+----------------------------------------------------------------------------------+
; Total   ; Incr     ; RF ; Type   ; Fanout ; Location            ; HS/LP     ; Element                                                                          ;
+---------+----------+----+--------+--------+---------------------+-----------+----------------------------------------------------------------------------------+
; 0.000   ; 0.000    ;    ;        ;        ;                     ;           ; latch edge time                                                                  ;
; 0.000   ; 0.000    ;    ; borrow ;        ;                     ;           ; time borrowed                                                                    ;
; 2.435   ; 2.435    ;    ;        ;        ;                     ;           ; clock path                                                                       ;
;   0.000 ;   0.000  ;    ;        ;        ;                     ;           ; source latency                                                                   ;
;   0.000 ;   0.000  ;    ;        ; 1      ; PIN_AM10            ;           ; CLK_50                                                                           ;
;   0.000 ;   0.000  ; RR ; IC     ; 1      ; IOIBUF_X148_Y16_N32 ;           ; CLK_50~input|i                                                                   ;
;   0.261 ;   0.261  ; RR ; CELL   ; 1      ; IOIBUF_X148_Y16_N32 ;           ; CLK_50~input|o                                                                   ;
;   0.336 ;   0.075  ; RR ; CELL   ; 1      ; IOIBUF_X148_Y16_N32 ;           ; CLK_50~input~io_48_lvds_tile_edge/ioclkin[0]                                     ;
;   0.336 ;   0.000  ; RR ; IC     ; 2      ; CLKCTRL_3A_G_I20    ;           ; CLK_50~inputCLKENA0|inclk                                                        ;
;   0.613 ;   0.277  ; RR ; CELL   ; 224447 ; CLKCTRL_3A_G_I20    ;           ; CLK_50~inputCLKENA0|outclk                                                       ;
;   2.660 ;   2.047  ; RR ; IC     ; 1      ; FF_X126_Y22_N44     ; Low Power ; System|mm_interconnect_1|intel_niosv_g_0_dm_agent_agent_rdata_fifo|mem[2][1]|clk ;
;   2.660 ;   0.000  ; RR ; CELL   ; 1      ; FF_X126_Y22_N44     ; Low Power ; System|mm_interconnect_1|intel_niosv_g_0_dm_agent_agent_rdata_fifo|mem[2][1]     ;
;   2.435 ;   -0.225 ;    ;        ;        ;                     ;           ; clock pessimism removed                                                          ;
; 2.435   ; 0.000    ;    ;        ;        ;                     ;           ; clock uncertainty                                                                ;
; 2.694   ; 0.259    ;    ; uTh    ; 1      ; FF_X126_Y22_N44     ;           ; System|mm_interconnect_1|intel_niosv_g_0_dm_agent_agent_rdata_fifo|mem[2][1]     ;
+---------+----------+----+--------+--------+---------------------+-----------+----------------------------------------------------------------------------------+



Path #9: Hold slack is 0.020 
===============================================================================
+----------------------------------------------------------------------------------------------------------------+
; Path Summary                                                                                                   ;
+---------------------------------+------------------------------------------------------------------------------+
; Property                        ; Value                                                                        ;
+---------------------------------+------------------------------------------------------------------------------+
; From Node                       ; System|mm_interconnect_1|intel_niosv_g_0_dm_agent_agent_rdata_fifo|mem[2][3] ;
; To Node                         ; System|mm_interconnect_1|intel_niosv_g_0_dm_agent_agent_rdata_fifo|mem[2][3] ;
; Launch Clock                    ; CLK_50                                                                       ;
; Latch Clock                     ; CLK_50                                                                       ;
; SDC Exception                   ; No SDC Exception on Path                                                     ;
; Data Arrival Time               ; 2.720                                                                        ;
; Data Required Time              ; 2.700                                                                        ;
; Slack                           ; 0.020                                                                        ;
; Worst-Case Operating Conditions ; Fast 900mV 0C Model                                                          ;
+---------------------------------+------------------------------------------------------------------------------+

+-----------------------------------------------------------------------------------+
; Statistics                                                                        ;
+------------------------+-------+-------+-------------+------------+-------+-------+
; Property               ; Value ; Count ; Total Delay ; % of Total ; Min   ; Max   ;
+------------------------+-------+-------+-------------+------------+-------+-------+
; Hold Relationship      ; 0.000 ;       ;             ;            ;       ;       ;
; Clock Skew             ; 0.001 ;       ;             ;            ;       ;       ;
; Data Delay             ; 0.286 ;       ;             ;            ;       ;       ;
; Number of Logic Levels ;       ; 1     ;             ;            ;       ;       ;
; Physical Delays        ;       ;       ;             ;            ;       ;       ;
;  Arrival Path          ;       ;       ;             ;            ;       ;       ;
;   Clock                ;       ;       ;             ;            ;       ;       ;
;    IC                  ;       ; 3     ; 1.883       ; 77         ; 0.000 ; 1.883 ;
;    Cell                ;       ; 4     ; 0.551       ; 23         ; 0.000 ; 0.261 ;
;   Data                 ;       ;       ;             ;            ;       ;       ;
;    Cell                ;       ; 4     ; 0.167       ; 58         ; 0.000 ; 0.167 ;
;    uTco                ;       ; 1     ; 0.119       ; 42         ; 0.119 ; 0.119 ;
;  Required Path         ;       ;       ;             ;            ;       ;       ;
;   Clock                ;       ;       ;             ;            ;       ;       ;
;    IC                  ;       ; 3     ; 2.047       ; 77         ; 0.000 ; 2.047 ;
;    Cell                ;       ; 4     ; 0.613       ; 23         ; 0.000 ; 0.277 ;
+------------------------+-------+-------+-------------+------------+-------+-------+
Note: Negative delays are omitted from totals when calculating percentages

+-------------------------------------------------------------------------------------------------------------------------------------------------------------------+
; Data Arrival Path                                                                                                                                                 ;
+---------+---------+----+--------+--------+-----------------------+-----------+------------------------------------------------------------------------------------+
; Total   ; Incr    ; RF ; Type   ; Fanout ; Location              ; HS/LP     ; Element                                                                            ;
+---------+---------+----+--------+--------+-----------------------+-----------+------------------------------------------------------------------------------------+
; 0.000   ; 0.000   ;    ;        ;        ;                       ;           ; launch edge time                                                                   ;
; 0.000   ; 0.000   ;    ; borrow ;        ;                       ;           ; time borrowed                                                                      ;
; 2.434   ; 2.434   ;    ;        ;        ;                       ;           ; clock path                                                                         ;
;   0.000 ;   0.000 ;    ;        ;        ;                       ;           ; source latency                                                                     ;
;   0.000 ;   0.000 ;    ;        ; 1      ; PIN_AM10              ;           ; CLK_50                                                                             ;
;   0.000 ;   0.000 ; RR ; IC     ; 1      ; IOIBUF_X148_Y16_N32   ;           ; CLK_50~input|i                                                                     ;
;   0.261 ;   0.261 ; RR ; CELL   ; 1      ; IOIBUF_X148_Y16_N32   ;           ; CLK_50~input|o                                                                     ;
;   0.322 ;   0.061 ; RR ; CELL   ; 1      ; IOIBUF_X148_Y16_N32   ;           ; CLK_50~input~io_48_lvds_tile_edge/ioclkin[0]                                       ;
;   0.322 ;   0.000 ; RR ; IC     ; 2      ; CLKCTRL_3A_G_I20      ;           ; CLK_50~inputCLKENA0|inclk                                                          ;
;   0.551 ;   0.229 ; RR ; CELL   ; 224447 ; CLKCTRL_3A_G_I20      ;           ; CLK_50~inputCLKENA0|outclk                                                         ;
;   2.434 ;   1.883 ; RR ; IC     ; 1      ; FF_X126_Y22_N14       ; Low Power ; System|mm_interconnect_1|intel_niosv_g_0_dm_agent_agent_rdata_fifo|mem[2][3]|clk   ;
;   2.434 ;   0.000 ; RR ; CELL   ; 1      ; FF_X126_Y22_N14       ; Low Power ; System|mm_interconnect_1|intel_niosv_g_0_dm_agent_agent_rdata_fifo|mem[2][3]       ;
; 2.720   ; 0.286   ;    ;        ;        ;                       ;           ; data path                                                                          ;
;   2.553 ;   0.119 ; FF ; uTco   ; 1      ; FF_X126_Y22_N14       ;           ; System|mm_interconnect_1|intel_niosv_g_0_dm_agent_agent_rdata_fifo|mem[2][3]|q     ;
;   2.553 ;   0.000 ; FF ; CELL   ; 1      ; MLABCELL_X126_Y22_N12 ; Low Power ; System|mm_interconnect_1|intel_niosv_g_0_dm_agent_agent_rdata_fifo|i228~11|datad   ;
;   2.720 ;   0.167 ; FF ; CELL   ; 2      ; MLABCELL_X126_Y22_N12 ; Low Power ; System|mm_interconnect_1|intel_niosv_g_0_dm_agent_agent_rdata_fifo|i228~11|combout ;
;   2.720 ;   0.000 ; FF ; CELL   ; 1      ; FF_X126_Y22_N14       ; Low Power ; System|mm_interconnect_1|intel_niosv_g_0_dm_agent_agent_rdata_fifo|mem[2][3]|d     ;
;   2.720 ;   0.000 ; FF ; CELL   ; 1      ; FF_X126_Y22_N14       ; Low Power ; System|mm_interconnect_1|intel_niosv_g_0_dm_agent_agent_rdata_fifo|mem[2][3]       ;
+---------+---------+----+--------+--------+-----------------------+-----------+------------------------------------------------------------------------------------+

+----------------------------------------------------------------------------------------------------------------------------------------------------------------+
; Data Required Path                                                                                                                                             ;
+---------+----------+----+--------+--------+---------------------+-----------+----------------------------------------------------------------------------------+
; Total   ; Incr     ; RF ; Type   ; Fanout ; Location            ; HS/LP     ; Element                                                                          ;
+---------+----------+----+--------+--------+---------------------+-----------+----------------------------------------------------------------------------------+
; 0.000   ; 0.000    ;    ;        ;        ;                     ;           ; latch edge time                                                                  ;
; 0.000   ; 0.000    ;    ; borrow ;        ;                     ;           ; time borrowed                                                                    ;
; 2.435   ; 2.435    ;    ;        ;        ;                     ;           ; clock path                                                                       ;
;   0.000 ;   0.000  ;    ;        ;        ;                     ;           ; source latency                                                                   ;
;   0.000 ;   0.000  ;    ;        ; 1      ; PIN_AM10            ;           ; CLK_50                                                                           ;
;   0.000 ;   0.000  ; RR ; IC     ; 1      ; IOIBUF_X148_Y16_N32 ;           ; CLK_50~input|i                                                                   ;
;   0.261 ;   0.261  ; RR ; CELL   ; 1      ; IOIBUF_X148_Y16_N32 ;           ; CLK_50~input|o                                                                   ;
;   0.336 ;   0.075  ; RR ; CELL   ; 1      ; IOIBUF_X148_Y16_N32 ;           ; CLK_50~input~io_48_lvds_tile_edge/ioclkin[0]                                     ;
;   0.336 ;   0.000  ; RR ; IC     ; 2      ; CLKCTRL_3A_G_I20    ;           ; CLK_50~inputCLKENA0|inclk                                                        ;
;   0.613 ;   0.277  ; RR ; CELL   ; 224447 ; CLKCTRL_3A_G_I20    ;           ; CLK_50~inputCLKENA0|outclk                                                       ;
;   2.660 ;   2.047  ; RR ; IC     ; 1      ; FF_X126_Y22_N14     ; Low Power ; System|mm_interconnect_1|intel_niosv_g_0_dm_agent_agent_rdata_fifo|mem[2][3]|clk ;
;   2.660 ;   0.000  ; RR ; CELL   ; 1      ; FF_X126_Y22_N14     ; Low Power ; System|mm_interconnect_1|intel_niosv_g_0_dm_agent_agent_rdata_fifo|mem[2][3]     ;
;   2.435 ;   -0.225 ;    ;        ;        ;                     ;           ; clock pessimism removed                                                          ;
; 2.435   ; 0.000    ;    ;        ;        ;                     ;           ; clock uncertainty                                                                ;
; 2.700   ; 0.265    ;    ; uTh    ; 1      ; FF_X126_Y22_N14     ;           ; System|mm_interconnect_1|intel_niosv_g_0_dm_agent_agent_rdata_fifo|mem[2][3]     ;
+---------+----------+----+--------+--------+---------------------+-----------+----------------------------------------------------------------------------------+



Path #10: Hold slack is 0.020 
===============================================================================
+-----------------------------------------------------------------------------------------------------------------+
; Path Summary                                                                                                    ;
+---------------------------------+-------------------------------------------------------------------------------+
; Property                        ; Value                                                                         ;
+---------------------------------+-------------------------------------------------------------------------------+
; From Node                       ; System|mm_interconnect_1|intel_niosv_g_0_dm_agent_agent_rdata_fifo|mem[2][22] ;
; To Node                         ; System|mm_interconnect_1|intel_niosv_g_0_dm_agent_agent_rdata_fifo|mem[2][22] ;
; Launch Clock                    ; CLK_50                                                                        ;
; Latch Clock                     ; CLK_50                                                                        ;
; SDC Exception                   ; No SDC Exception on Path                                                      ;
; Data Arrival Time               ; 2.722                                                                         ;
; Data Required Time              ; 2.702                                                                         ;
; Slack                           ; 0.020                                                                         ;
; Worst-Case Operating Conditions ; Fast 900mV 0C Model                                                           ;
+---------------------------------+-------------------------------------------------------------------------------+

+-----------------------------------------------------------------------------------+
; Statistics                                                                        ;
+------------------------+-------+-------+-------------+------------+-------+-------+
; Property               ; Value ; Count ; Total Delay ; % of Total ; Min   ; Max   ;
+------------------------+-------+-------+-------------+------------+-------+-------+
; Hold Relationship      ; 0.000 ;       ;             ;            ;       ;       ;
; Clock Skew             ; 0.000 ;       ;             ;            ;       ;       ;
; Data Delay             ; 0.285 ;       ;             ;            ;       ;       ;
; Number of Logic Levels ;       ; 1     ;             ;            ;       ;       ;
; Physical Delays        ;       ;       ;             ;            ;       ;       ;
;  Arrival Path          ;       ;       ;             ;            ;       ;       ;
;   Clock                ;       ;       ;             ;            ;       ;       ;
;    IC                  ;       ; 3     ; 1.886       ; 77         ; 0.000 ; 1.886 ;
;    Cell                ;       ; 4     ; 0.551       ; 23         ; 0.000 ; 0.261 ;
;   Data                 ;       ;       ;             ;            ;       ;       ;
;    Cell                ;       ; 4     ; 0.167       ; 59         ; 0.000 ; 0.167 ;
;    uTco                ;       ; 1     ; 0.118       ; 41         ; 0.118 ; 0.118 ;
;  Required Path         ;       ;       ;             ;            ;       ;       ;
;   Clock                ;       ;       ;             ;            ;       ;       ;
;    IC                  ;       ; 3     ; 2.050       ; 77         ; 0.000 ; 2.050 ;
;    Cell                ;       ; 4     ; 0.613       ; 23         ; 0.000 ; 0.277 ;
+------------------------+-------+-------+-------------+------------+-------+-------+
Note: Negative delays are omitted from totals when calculating percentages

+------------------------------------------------------------------------------------------------------------------------------------------------------------------+
; Data Arrival Path                                                                                                                                                ;
+---------+---------+----+--------+--------+-----------------------+-----------+-----------------------------------------------------------------------------------+
; Total   ; Incr    ; RF ; Type   ; Fanout ; Location              ; HS/LP     ; Element                                                                           ;
+---------+---------+----+--------+--------+-----------------------+-----------+-----------------------------------------------------------------------------------+
; 0.000   ; 0.000   ;    ;        ;        ;                       ;           ; launch edge time                                                                  ;
; 0.000   ; 0.000   ;    ; borrow ;        ;                       ;           ; time borrowed                                                                     ;
; 2.437   ; 2.437   ;    ;        ;        ;                       ;           ; clock path                                                                        ;
;   0.000 ;   0.000 ;    ;        ;        ;                       ;           ; source latency                                                                    ;
;   0.000 ;   0.000 ;    ;        ; 1      ; PIN_AM10              ;           ; CLK_50                                                                            ;
;   0.000 ;   0.000 ; RR ; IC     ; 1      ; IOIBUF_X148_Y16_N32   ;           ; CLK_50~input|i                                                                    ;
;   0.261 ;   0.261 ; RR ; CELL   ; 1      ; IOIBUF_X148_Y16_N32   ;           ; CLK_50~input|o                                                                    ;
;   0.322 ;   0.061 ; RR ; CELL   ; 1      ; IOIBUF_X148_Y16_N32   ;           ; CLK_50~input~io_48_lvds_tile_edge/ioclkin[0]                                      ;
;   0.322 ;   0.000 ; RR ; IC     ; 2      ; CLKCTRL_3A_G_I20      ;           ; CLK_50~inputCLKENA0|inclk                                                         ;
;   0.551 ;   0.229 ; RR ; CELL   ; 224447 ; CLKCTRL_3A_G_I20      ;           ; CLK_50~inputCLKENA0|outclk                                                        ;
;   2.437 ;   1.886 ; RR ; IC     ; 1      ; FF_X126_Y21_N20       ; Low Power ; System|mm_interconnect_1|intel_niosv_g_0_dm_agent_agent_rdata_fifo|mem[2][22]|clk ;
;   2.437 ;   0.000 ; RR ; CELL   ; 1      ; FF_X126_Y21_N20       ; Low Power ; System|mm_interconnect_1|intel_niosv_g_0_dm_agent_agent_rdata_fifo|mem[2][22]     ;
; 2.722   ; 0.285   ;    ;        ;        ;                       ;           ; data path                                                                         ;
;   2.555 ;   0.118 ; FF ; uTco   ; 1      ; FF_X126_Y21_N20       ;           ; System|mm_interconnect_1|intel_niosv_g_0_dm_agent_agent_rdata_fifo|mem[2][22]|q   ;
;   2.555 ;   0.000 ; FF ; CELL   ; 1      ; MLABCELL_X126_Y21_N18 ; Low Power ; System|mm_interconnect_1|intel_niosv_g_0_dm_agent_agent_rdata_fifo|i228~2|datad   ;
;   2.722 ;   0.167 ; FF ; CELL   ; 2      ; MLABCELL_X126_Y21_N18 ; Low Power ; System|mm_interconnect_1|intel_niosv_g_0_dm_agent_agent_rdata_fifo|i228~2|combout ;
;   2.722 ;   0.000 ; FF ; CELL   ; 1      ; FF_X126_Y21_N20       ; Low Power ; System|mm_interconnect_1|intel_niosv_g_0_dm_agent_agent_rdata_fifo|mem[2][22]|d   ;
;   2.722 ;   0.000 ; FF ; CELL   ; 1      ; FF_X126_Y21_N20       ; Low Power ; System|mm_interconnect_1|intel_niosv_g_0_dm_agent_agent_rdata_fifo|mem[2][22]     ;
+---------+---------+----+--------+--------+-----------------------+-----------+-----------------------------------------------------------------------------------+

+-----------------------------------------------------------------------------------------------------------------------------------------------------------------+
; Data Required Path                                                                                                                                              ;
+---------+----------+----+--------+--------+---------------------+-----------+-----------------------------------------------------------------------------------+
; Total   ; Incr     ; RF ; Type   ; Fanout ; Location            ; HS/LP     ; Element                                                                           ;
+---------+----------+----+--------+--------+---------------------+-----------+-----------------------------------------------------------------------------------+
; 0.000   ; 0.000    ;    ;        ;        ;                     ;           ; latch edge time                                                                   ;
; 0.000   ; 0.000    ;    ; borrow ;        ;                     ;           ; time borrowed                                                                     ;
; 2.437   ; 2.437    ;    ;        ;        ;                     ;           ; clock path                                                                        ;
;   0.000 ;   0.000  ;    ;        ;        ;                     ;           ; source latency                                                                    ;
;   0.000 ;   0.000  ;    ;        ; 1      ; PIN_AM10            ;           ; CLK_50                                                                            ;
;   0.000 ;   0.000  ; RR ; IC     ; 1      ; IOIBUF_X148_Y16_N32 ;           ; CLK_50~input|i                                                                    ;
;   0.261 ;   0.261  ; RR ; CELL   ; 1      ; IOIBUF_X148_Y16_N32 ;           ; CLK_50~input|o                                                                    ;
;   0.336 ;   0.075  ; RR ; CELL   ; 1      ; IOIBUF_X148_Y16_N32 ;           ; CLK_50~input~io_48_lvds_tile_edge/ioclkin[0]                                      ;
;   0.336 ;   0.000  ; RR ; IC     ; 2      ; CLKCTRL_3A_G_I20    ;           ; CLK_50~inputCLKENA0|inclk                                                         ;
;   0.613 ;   0.277  ; RR ; CELL   ; 224447 ; CLKCTRL_3A_G_I20    ;           ; CLK_50~inputCLKENA0|outclk                                                        ;
;   2.663 ;   2.050  ; RR ; IC     ; 1      ; FF_X126_Y21_N20     ; Low Power ; System|mm_interconnect_1|intel_niosv_g_0_dm_agent_agent_rdata_fifo|mem[2][22]|clk ;
;   2.663 ;   0.000  ; RR ; CELL   ; 1      ; FF_X126_Y21_N20     ; Low Power ; System|mm_interconnect_1|intel_niosv_g_0_dm_agent_agent_rdata_fifo|mem[2][22]     ;
;   2.437 ;   -0.226 ;    ;        ;        ;                     ;           ; clock pessimism removed                                                           ;
; 2.437   ; 0.000    ;    ;        ;        ;                     ;           ; clock uncertainty                                                                 ;
; 2.702   ; 0.265    ;    ; uTh    ; 1      ; FF_X126_Y21_N20     ;           ; System|mm_interconnect_1|intel_niosv_g_0_dm_agent_agent_rdata_fifo|mem[2][22]     ;
+---------+----------+----+--------+--------+---------------------+-----------+-----------------------------------------------------------------------------------+



----------------
; Command Info ;
----------------
Report Timing: Found 10 recovery paths (0 violated).  Worst case slack is 11.935 

Tcl Command:
    report_timing -recovery -panel_name {Worst-Case Timing Paths||Recovery||CLK_50} -to_clock [get_clocks {CLK_50}] -npaths 10 -detail full_path

Options:
    -to_clock [get_clocks {CLK_50}] 
    -recovery 
    -npaths 10 
    -detail full_path 
    -panel_name {CLK_50} 

Snapshot:
    final

Delay Models:
    Slow 900mV 100C Model
    Slow 900mV 0C Model
    Fast 900mV 100C Model
    Fast 900mV 0C Model


+---------------------------------------------------------------------------------------------------------------------------------------------------------------------------------------------------------------------------------------------------------------------------------------------------------------------+
; Summary of Paths                                                                                                                                                                                                                                                                                                    ;
+--------+----------------------------------+-----------------------------------------------------------------------------------------------------------------------------------------------------------------+--------------+-------------+--------------+------------+------------+---------------------------------+
; Slack  ; From Node                        ; To Node                                                                                                                                                         ; Launch Clock ; Latch Clock ; Relationship ; Clock Skew ; Data Delay ; Worst-Case Operating Conditions ;
+--------+----------------------------------+-----------------------------------------------------------------------------------------------------------------------------------------------------------------+--------------+-------------+--------------+------------+------------+---------------------------------+
; 11.935 ; System|rst_controller|r_sync_rst ; System|jtag_uart_0|jtag_uart_0|the_NonDPR_jtag_uart_0_altera_avalon_jtag_uart_1924_v2zfocy_scfifo_r|rfifo|auto_generated|dpfifo|rd_ptr_count|counter_reg_bit[0] ; CLK_50       ; CLK_50      ; 20.000       ; -0.019     ; 7.857      ; Slow 900mV 100C Model           ;
; 11.936 ; System|rst_controller|r_sync_rst ; System|jtag_uart_0|jtag_uart_0|the_NonDPR_jtag_uart_0_altera_avalon_jtag_uart_1924_v2zfocy_scfifo_r|rfifo|auto_generated|dpfifo|rd_ptr_count|counter_reg_bit[5] ; CLK_50       ; CLK_50      ; 20.000       ; -0.019     ; 7.857      ; Slow 900mV 100C Model           ;
; 11.936 ; System|rst_controller|r_sync_rst ; System|jtag_uart_0|jtag_uart_0|the_NonDPR_jtag_uart_0_altera_avalon_jtag_uart_1924_v2zfocy_scfifo_r|rfifo|auto_generated|dpfifo|wr_ptr|counter_reg_bit[5]       ; CLK_50       ; CLK_50      ; 20.000       ; -0.019     ; 7.857      ; Slow 900mV 100C Model           ;
; 11.938 ; System|rst_controller|r_sync_rst ; System|jtag_uart_0|jtag_uart_0|the_NonDPR_jtag_uart_0_altera_avalon_jtag_uart_1924_v2zfocy_scfifo_r|rfifo|auto_generated|dpfifo|wr_ptr|counter_reg_bit[2]       ; CLK_50       ; CLK_50      ; 20.000       ; -0.019     ; 7.857      ; Slow 900mV 100C Model           ;
; 11.940 ; System|rst_controller|r_sync_rst ; System|jtag_uart_0|jtag_uart_0|the_NonDPR_jtag_uart_0_altera_avalon_jtag_uart_1924_v2zfocy_scfifo_r|rfifo|auto_generated|dpfifo|wr_ptr|counter_reg_bit[8]       ; CLK_50       ; CLK_50      ; 20.000       ; -0.019     ; 7.857      ; Slow 900mV 100C Model           ;
; 11.959 ; System|rst_controller|r_sync_rst ; System|jtag_uart_0|jtag_uart_0|the_NonDPR_jtag_uart_0_altera_avalon_jtag_uart_1924_v2zfocy_scfifo_r|rfifo|auto_generated|dpfifo|rd_ptr_count|counter_reg_bit[3] ; CLK_50       ; CLK_50      ; 20.000       ; -0.019     ; 7.857      ; Slow 900mV 100C Model           ;
; 11.961 ; System|rst_controller|r_sync_rst ; System|jtag_uart_0|jtag_uart_0|the_NonDPR_jtag_uart_0_altera_avalon_jtag_uart_1924_v2zfocy_scfifo_r|rfifo|auto_generated|dpfifo|rd_ptr_count|counter_reg_bit[7] ; CLK_50       ; CLK_50      ; 20.000       ; -0.019     ; 7.857      ; Slow 900mV 100C Model           ;
; 11.961 ; System|rst_controller|r_sync_rst ; System|jtag_uart_0|jtag_uart_0|the_NonDPR_jtag_uart_0_altera_avalon_jtag_uart_1924_v2zfocy_scfifo_r|rfifo|auto_generated|dpfifo|rd_ptr_count|counter_reg_bit[1] ; CLK_50       ; CLK_50      ; 20.000       ; -0.019     ; 7.857      ; Slow 900mV 100C Model           ;
; 11.962 ; System|rst_controller|r_sync_rst ; System|jtag_uart_0|jtag_uart_0|the_NonDPR_jtag_uart_0_altera_avalon_jtag_uart_1924_v2zfocy_scfifo_r|rfifo|auto_generated|dpfifo|wr_ptr|counter_reg_bit[6]       ; CLK_50       ; CLK_50      ; 20.000       ; -0.019     ; 7.857      ; Slow 900mV 100C Model           ;
; 11.963 ; System|rst_controller|r_sync_rst ; System|jtag_uart_0|jtag_uart_0|the_NonDPR_jtag_uart_0_altera_avalon_jtag_uart_1924_v2zfocy_scfifo_r|rfifo|auto_generated|dpfifo|wr_ptr|counter_reg_bit[4]       ; CLK_50       ; CLK_50      ; 20.000       ; -0.019     ; 7.857      ; Slow 900mV 100C Model           ;
+--------+----------------------------------+-----------------------------------------------------------------------------------------------------------------------------------------------------------------+--------------+-------------+--------------+------------+------------+---------------------------------+


Path #1: Recovery slack is 11.935 
===============================================================================
+---------------------------------------------------------------------------------------------------------------------------------------------------------------------------------------------------+
; Path Summary                                                                                                                                                                                      ;
+---------------------------------+-----------------------------------------------------------------------------------------------------------------------------------------------------------------+
; Property                        ; Value                                                                                                                                                           ;
+---------------------------------+-----------------------------------------------------------------------------------------------------------------------------------------------------------------+
; From Node                       ; System|rst_controller|r_sync_rst                                                                                                                                ;
; To Node                         ; System|jtag_uart_0|jtag_uart_0|the_NonDPR_jtag_uart_0_altera_avalon_jtag_uart_1924_v2zfocy_scfifo_r|rfifo|auto_generated|dpfifo|rd_ptr_count|counter_reg_bit[0] ;
; Launch Clock                    ; CLK_50                                                                                                                                                          ;
; Latch Clock                     ; CLK_50                                                                                                                                                          ;
; SDC Exception                   ; No SDC Exception on Path                                                                                                                                        ;
; Data Arrival Time               ; 12.404                                                                                                                                                          ;
; Data Required Time              ; 24.339                                                                                                                                                          ;
; Slack                           ; 11.935                                                                                                                                                          ;
; Worst-Case Operating Conditions ; Slow 900mV 100C Model                                                                                                                                           ;
+---------------------------------+-----------------------------------------------------------------------------------------------------------------------------------------------------------------+

+------------------------------------------------------------------------------------+
; Statistics                                                                         ;
+------------------------+--------+-------+-------------+------------+-------+-------+
; Property               ; Value  ; Count ; Total Delay ; % of Total ; Min   ; Max   ;
+------------------------+--------+-------+-------------+------------+-------+-------+
; Recovery Relationship  ; 20.000 ;       ;             ;            ;       ;       ;
; Clock Skew             ; -0.019 ;       ;             ;            ;       ;       ;
; Data Delay             ; 7.857  ;       ;             ;            ;       ;       ;
; Number of Logic Levels ;        ; 0     ;             ;            ;       ;       ;
; Physical Delays        ;        ;       ;             ;            ;       ;       ;
;  Arrival Path          ;        ;       ;             ;            ;       ;       ;
;   Clock                ;        ;       ;             ;            ;       ;       ;
;    IC                  ;        ; 3     ; 3.323       ; 73         ; 0.000 ; 3.323 ;
;    Cell                ;        ; 4     ; 1.224       ; 27         ; 0.000 ; 0.547 ;
;   Data                 ;        ;       ;             ;            ;       ;       ;
;    IC                  ;        ; 1     ; 7.515       ; 96         ; 7.515 ; 7.515 ;
;    Cell                ;        ; 2     ; 0.122       ; 2          ; 0.000 ; 0.122 ;
;    uTco                ;        ; 1     ; 0.220       ; 3          ; 0.220 ; 0.220 ;
;  Required Path         ;        ;       ;             ;            ;       ;       ;
;   Clock                ;        ;       ;             ;            ;       ;       ;
;    IC                  ;        ; 3     ; 3.160       ; 74         ; 0.000 ; 3.160 ;
;    Cell                ;        ; 4     ; 1.116       ; 26         ; 0.000 ; 0.547 ;
+------------------------+--------+-------+-------------+------------+-------+-------+
Note: Negative delays are omitted from totals when calculating percentages

+-----------------------------------------------------------------------------------------------------------------------------------------------------------------------------------------------------------------------------------------------------+
; Data Arrival Path                                                                                                                                                                                                                                   ;
+----------+---------+----+--------+--------+---------------------+------------+----------------------------------------------------------------------------------------------------------------------------------------------------------------------+
; Total    ; Incr    ; RF ; Type   ; Fanout ; Location            ; HS/LP      ; Element                                                                                                                                                              ;
+----------+---------+----+--------+--------+---------------------+------------+----------------------------------------------------------------------------------------------------------------------------------------------------------------------+
; 0.000    ; 0.000   ;    ;        ;        ;                     ;            ; launch edge time                                                                                                                                                     ;
; 0.000    ; 0.000   ;    ; borrow ;        ;                     ;            ; time borrowed                                                                                                                                                        ;
; 4.547    ; 4.547   ;    ;        ;        ;                     ;            ; clock path                                                                                                                                                           ;
;   0.000  ;   0.000 ;    ;        ;        ;                     ;            ; source latency                                                                                                                                                       ;
;   0.000  ;   0.000 ;    ;        ; 1      ; PIN_AM10            ;            ; CLK_50                                                                                                                                                               ;
;   0.000  ;   0.000 ; RR ; IC     ; 1      ; IOIBUF_X148_Y16_N32 ;            ; CLK_50~input|i                                                                                                                                                       ;
;   0.547  ;   0.547 ; RR ; CELL   ; 1      ; IOIBUF_X148_Y16_N32 ;            ; CLK_50~input|o                                                                                                                                                       ;
;   0.706  ;   0.159 ; RR ; CELL   ; 1      ; IOIBUF_X148_Y16_N32 ;            ; CLK_50~input~io_48_lvds_tile_edge/ioclkin[0]                                                                                                                         ;
;   0.706  ;   0.000 ; RR ; IC     ; 2      ; CLKCTRL_3A_G_I20    ;            ; CLK_50~inputCLKENA0|inclk                                                                                                                                            ;
;   1.224  ;   0.518 ; RR ; CELL   ; 224447 ; CLKCTRL_3A_G_I20    ;            ; CLK_50~inputCLKENA0|outclk                                                                                                                                           ;
;   4.547  ;   3.323 ; RR ; IC     ; 1      ; FF_X1_Y73_N17       ; High Speed ; System|rst_controller|r_sync_rst|clk                                                                                                                                 ;
;   4.547  ;   0.000 ; RR ; CELL   ; 1      ; FF_X1_Y73_N17       ; High Speed ; System|rst_controller|r_sync_rst                                                                                                                                     ;
; 12.404   ; 7.857   ;    ;        ;        ;                     ;            ; data path                                                                                                                                                            ;
;   4.767  ;   0.220 ; FF ; uTco   ; 1      ; FF_X1_Y73_N17       ;            ; System|rst_controller|r_sync_rst|q                                                                                                                                   ;
;   4.889  ;   0.122 ; FF ; CELL   ; 1963   ; FF_X1_Y73_N17       ; High Speed ; System|rst_controller|r_sync_rst~la_lab/laboutt[11]                                                                                                                  ;
;   12.404 ;   7.515 ; FF ; IC     ; 1      ; FF_X109_Y21_N2      ; High Speed ; System|jtag_uart_0|jtag_uart_0|the_NonDPR_jtag_uart_0_altera_avalon_jtag_uart_1924_v2zfocy_scfifo_r|rfifo|auto_generated|dpfifo|rd_ptr_count|counter_reg_bit[0]|clrn ;
;   12.404 ;   0.000 ; FF ; CELL   ; 1      ; FF_X109_Y21_N2      ; High Speed ; System|jtag_uart_0|jtag_uart_0|the_NonDPR_jtag_uart_0_altera_avalon_jtag_uart_1924_v2zfocy_scfifo_r|rfifo|auto_generated|dpfifo|rd_ptr_count|counter_reg_bit[0]      ;
+----------+---------+----+--------+--------+---------------------+------------+----------------------------------------------------------------------------------------------------------------------------------------------------------------------+

+----------------------------------------------------------------------------------------------------------------------------------------------------------------------------------------------------------------------------------------------------+
; Data Required Path                                                                                                                                                                                                                                 ;
+----------+---------+----+--------+--------+---------------------+------------+---------------------------------------------------------------------------------------------------------------------------------------------------------------------+
; Total    ; Incr    ; RF ; Type   ; Fanout ; Location            ; HS/LP      ; Element                                                                                                                                                             ;
+----------+---------+----+--------+--------+---------------------+------------+---------------------------------------------------------------------------------------------------------------------------------------------------------------------+
; 20.000   ; 20.000  ;    ;        ;        ;                     ;            ; latch edge time                                                                                                                                                     ;
; 20.000   ; 0.000   ;    ; borrow ;        ;                     ;            ; time borrowed                                                                                                                                                       ;
; 24.528   ; 4.528   ;    ;        ;        ;                     ;            ; clock path                                                                                                                                                          ;
;   20.000 ;   0.000 ;    ;        ;        ;                     ;            ; source latency                                                                                                                                                      ;
;   20.000 ;   0.000 ;    ;        ; 1      ; PIN_AM10            ;            ; CLK_50                                                                                                                                                              ;
;   20.000 ;   0.000 ; RR ; IC     ; 1      ; IOIBUF_X148_Y16_N32 ;            ; CLK_50~input|i                                                                                                                                                      ;
;   20.547 ;   0.547 ; RR ; CELL   ; 1      ; IOIBUF_X148_Y16_N32 ;            ; CLK_50~input|o                                                                                                                                                      ;
;   20.676 ;   0.129 ; RR ; CELL   ; 1      ; IOIBUF_X148_Y16_N32 ;            ; CLK_50~input~io_48_lvds_tile_edge/ioclkin[0]                                                                                                                        ;
;   20.676 ;   0.000 ; RR ; IC     ; 2      ; CLKCTRL_3A_G_I20    ;            ; CLK_50~inputCLKENA0|inclk                                                                                                                                           ;
;   21.116 ;   0.440 ; RR ; CELL   ; 224447 ; CLKCTRL_3A_G_I20    ;            ; CLK_50~inputCLKENA0|outclk                                                                                                                                          ;
;   24.276 ;   3.160 ; RR ; IC     ; 1      ; FF_X109_Y21_N2      ; High Speed ; System|jtag_uart_0|jtag_uart_0|the_NonDPR_jtag_uart_0_altera_avalon_jtag_uart_1924_v2zfocy_scfifo_r|rfifo|auto_generated|dpfifo|rd_ptr_count|counter_reg_bit[0]|clk ;
;   24.276 ;   0.000 ; RR ; CELL   ; 1      ; FF_X109_Y21_N2      ; High Speed ; System|jtag_uart_0|jtag_uart_0|the_NonDPR_jtag_uart_0_altera_avalon_jtag_uart_1924_v2zfocy_scfifo_r|rfifo|auto_generated|dpfifo|rd_ptr_count|counter_reg_bit[0]     ;
;   24.528 ;   0.252 ;    ;        ;        ;                     ;            ; clock pessimism removed                                                                                                                                             ;
; 24.498   ; -0.030  ;    ;        ;        ;                     ;            ; clock uncertainty                                                                                                                                                   ;
; 24.339   ; -0.159  ;    ; uTsu   ; 1      ; FF_X109_Y21_N2      ;            ; System|jtag_uart_0|jtag_uart_0|the_NonDPR_jtag_uart_0_altera_avalon_jtag_uart_1924_v2zfocy_scfifo_r|rfifo|auto_generated|dpfifo|rd_ptr_count|counter_reg_bit[0]     ;
+----------+---------+----+--------+--------+---------------------+------------+---------------------------------------------------------------------------------------------------------------------------------------------------------------------+



Path #2: Recovery slack is 11.936 
===============================================================================
+---------------------------------------------------------------------------------------------------------------------------------------------------------------------------------------------------+
; Path Summary                                                                                                                                                                                      ;
+---------------------------------+-----------------------------------------------------------------------------------------------------------------------------------------------------------------+
; Property                        ; Value                                                                                                                                                           ;
+---------------------------------+-----------------------------------------------------------------------------------------------------------------------------------------------------------------+
; From Node                       ; System|rst_controller|r_sync_rst                                                                                                                                ;
; To Node                         ; System|jtag_uart_0|jtag_uart_0|the_NonDPR_jtag_uart_0_altera_avalon_jtag_uart_1924_v2zfocy_scfifo_r|rfifo|auto_generated|dpfifo|rd_ptr_count|counter_reg_bit[5] ;
; Launch Clock                    ; CLK_50                                                                                                                                                          ;
; Latch Clock                     ; CLK_50                                                                                                                                                          ;
; SDC Exception                   ; No SDC Exception on Path                                                                                                                                        ;
; Data Arrival Time               ; 12.404                                                                                                                                                          ;
; Data Required Time              ; 24.340                                                                                                                                                          ;
; Slack                           ; 11.936                                                                                                                                                          ;
; Worst-Case Operating Conditions ; Slow 900mV 100C Model                                                                                                                                           ;
+---------------------------------+-----------------------------------------------------------------------------------------------------------------------------------------------------------------+

+------------------------------------------------------------------------------------+
; Statistics                                                                         ;
+------------------------+--------+-------+-------------+------------+-------+-------+
; Property               ; Value  ; Count ; Total Delay ; % of Total ; Min   ; Max   ;
+------------------------+--------+-------+-------------+------------+-------+-------+
; Recovery Relationship  ; 20.000 ;       ;             ;            ;       ;       ;
; Clock Skew             ; -0.019 ;       ;             ;            ;       ;       ;
; Data Delay             ; 7.857  ;       ;             ;            ;       ;       ;
; Number of Logic Levels ;        ; 0     ;             ;            ;       ;       ;
; Physical Delays        ;        ;       ;             ;            ;       ;       ;
;  Arrival Path          ;        ;       ;             ;            ;       ;       ;
;   Clock                ;        ;       ;             ;            ;       ;       ;
;    IC                  ;        ; 3     ; 3.323       ; 73         ; 0.000 ; 3.323 ;
;    Cell                ;        ; 4     ; 1.224       ; 27         ; 0.000 ; 0.547 ;
;   Data                 ;        ;       ;             ;            ;       ;       ;
;    IC                  ;        ; 1     ; 7.515       ; 96         ; 7.515 ; 7.515 ;
;    Cell                ;        ; 2     ; 0.122       ; 2          ; 0.000 ; 0.122 ;
;    uTco                ;        ; 1     ; 0.220       ; 3          ; 0.220 ; 0.220 ;
;  Required Path         ;        ;       ;             ;            ;       ;       ;
;   Clock                ;        ;       ;             ;            ;       ;       ;
;    IC                  ;        ; 3     ; 3.160       ; 74         ; 0.000 ; 3.160 ;
;    Cell                ;        ; 4     ; 1.116       ; 26         ; 0.000 ; 0.547 ;
+------------------------+--------+-------+-------------+------------+-------+-------+
Note: Negative delays are omitted from totals when calculating percentages

+-----------------------------------------------------------------------------------------------------------------------------------------------------------------------------------------------------------------------------------------------------+
; Data Arrival Path                                                                                                                                                                                                                                   ;
+----------+---------+----+--------+--------+---------------------+------------+----------------------------------------------------------------------------------------------------------------------------------------------------------------------+
; Total    ; Incr    ; RF ; Type   ; Fanout ; Location            ; HS/LP      ; Element                                                                                                                                                              ;
+----------+---------+----+--------+--------+---------------------+------------+----------------------------------------------------------------------------------------------------------------------------------------------------------------------+
; 0.000    ; 0.000   ;    ;        ;        ;                     ;            ; launch edge time                                                                                                                                                     ;
; 0.000    ; 0.000   ;    ; borrow ;        ;                     ;            ; time borrowed                                                                                                                                                        ;
; 4.547    ; 4.547   ;    ;        ;        ;                     ;            ; clock path                                                                                                                                                           ;
;   0.000  ;   0.000 ;    ;        ;        ;                     ;            ; source latency                                                                                                                                                       ;
;   0.000  ;   0.000 ;    ;        ; 1      ; PIN_AM10            ;            ; CLK_50                                                                                                                                                               ;
;   0.000  ;   0.000 ; RR ; IC     ; 1      ; IOIBUF_X148_Y16_N32 ;            ; CLK_50~input|i                                                                                                                                                       ;
;   0.547  ;   0.547 ; RR ; CELL   ; 1      ; IOIBUF_X148_Y16_N32 ;            ; CLK_50~input|o                                                                                                                                                       ;
;   0.706  ;   0.159 ; RR ; CELL   ; 1      ; IOIBUF_X148_Y16_N32 ;            ; CLK_50~input~io_48_lvds_tile_edge/ioclkin[0]                                                                                                                         ;
;   0.706  ;   0.000 ; RR ; IC     ; 2      ; CLKCTRL_3A_G_I20    ;            ; CLK_50~inputCLKENA0|inclk                                                                                                                                            ;
;   1.224  ;   0.518 ; RR ; CELL   ; 224447 ; CLKCTRL_3A_G_I20    ;            ; CLK_50~inputCLKENA0|outclk                                                                                                                                           ;
;   4.547  ;   3.323 ; RR ; IC     ; 1      ; FF_X1_Y73_N17       ; High Speed ; System|rst_controller|r_sync_rst|clk                                                                                                                                 ;
;   4.547  ;   0.000 ; RR ; CELL   ; 1      ; FF_X1_Y73_N17       ; High Speed ; System|rst_controller|r_sync_rst                                                                                                                                     ;
; 12.404   ; 7.857   ;    ;        ;        ;                     ;            ; data path                                                                                                                                                            ;
;   4.767  ;   0.220 ; FF ; uTco   ; 1      ; FF_X1_Y73_N17       ;            ; System|rst_controller|r_sync_rst|q                                                                                                                                   ;
;   4.889  ;   0.122 ; FF ; CELL   ; 1963   ; FF_X1_Y73_N17       ; High Speed ; System|rst_controller|r_sync_rst~la_lab/laboutt[11]                                                                                                                  ;
;   12.404 ;   7.515 ; FF ; IC     ; 1      ; FF_X109_Y21_N17     ; High Speed ; System|jtag_uart_0|jtag_uart_0|the_NonDPR_jtag_uart_0_altera_avalon_jtag_uart_1924_v2zfocy_scfifo_r|rfifo|auto_generated|dpfifo|rd_ptr_count|counter_reg_bit[5]|clrn ;
;   12.404 ;   0.000 ; FF ; CELL   ; 1      ; FF_X109_Y21_N17     ; High Speed ; System|jtag_uart_0|jtag_uart_0|the_NonDPR_jtag_uart_0_altera_avalon_jtag_uart_1924_v2zfocy_scfifo_r|rfifo|auto_generated|dpfifo|rd_ptr_count|counter_reg_bit[5]      ;
+----------+---------+----+--------+--------+---------------------+------------+----------------------------------------------------------------------------------------------------------------------------------------------------------------------+

+----------------------------------------------------------------------------------------------------------------------------------------------------------------------------------------------------------------------------------------------------+
; Data Required Path                                                                                                                                                                                                                                 ;
+----------+---------+----+--------+--------+---------------------+------------+---------------------------------------------------------------------------------------------------------------------------------------------------------------------+
; Total    ; Incr    ; RF ; Type   ; Fanout ; Location            ; HS/LP      ; Element                                                                                                                                                             ;
+----------+---------+----+--------+--------+---------------------+------------+---------------------------------------------------------------------------------------------------------------------------------------------------------------------+
; 20.000   ; 20.000  ;    ;        ;        ;                     ;            ; latch edge time                                                                                                                                                     ;
; 20.000   ; 0.000   ;    ; borrow ;        ;                     ;            ; time borrowed                                                                                                                                                       ;
; 24.528   ; 4.528   ;    ;        ;        ;                     ;            ; clock path                                                                                                                                                          ;
;   20.000 ;   0.000 ;    ;        ;        ;                     ;            ; source latency                                                                                                                                                      ;
;   20.000 ;   0.000 ;    ;        ; 1      ; PIN_AM10            ;            ; CLK_50                                                                                                                                                              ;
;   20.000 ;   0.000 ; RR ; IC     ; 1      ; IOIBUF_X148_Y16_N32 ;            ; CLK_50~input|i                                                                                                                                                      ;
;   20.547 ;   0.547 ; RR ; CELL   ; 1      ; IOIBUF_X148_Y16_N32 ;            ; CLK_50~input|o                                                                                                                                                      ;
;   20.676 ;   0.129 ; RR ; CELL   ; 1      ; IOIBUF_X148_Y16_N32 ;            ; CLK_50~input~io_48_lvds_tile_edge/ioclkin[0]                                                                                                                        ;
;   20.676 ;   0.000 ; RR ; IC     ; 2      ; CLKCTRL_3A_G_I20    ;            ; CLK_50~inputCLKENA0|inclk                                                                                                                                           ;
;   21.116 ;   0.440 ; RR ; CELL   ; 224447 ; CLKCTRL_3A_G_I20    ;            ; CLK_50~inputCLKENA0|outclk                                                                                                                                          ;
;   24.276 ;   3.160 ; RR ; IC     ; 1      ; FF_X109_Y21_N17     ; High Speed ; System|jtag_uart_0|jtag_uart_0|the_NonDPR_jtag_uart_0_altera_avalon_jtag_uart_1924_v2zfocy_scfifo_r|rfifo|auto_generated|dpfifo|rd_ptr_count|counter_reg_bit[5]|clk ;
;   24.276 ;   0.000 ; RR ; CELL   ; 1      ; FF_X109_Y21_N17     ; High Speed ; System|jtag_uart_0|jtag_uart_0|the_NonDPR_jtag_uart_0_altera_avalon_jtag_uart_1924_v2zfocy_scfifo_r|rfifo|auto_generated|dpfifo|rd_ptr_count|counter_reg_bit[5]     ;
;   24.528 ;   0.252 ;    ;        ;        ;                     ;            ; clock pessimism removed                                                                                                                                             ;
; 24.498   ; -0.030  ;    ;        ;        ;                     ;            ; clock uncertainty                                                                                                                                                   ;
; 24.340   ; -0.158  ;    ; uTsu   ; 1      ; FF_X109_Y21_N17     ;            ; System|jtag_uart_0|jtag_uart_0|the_NonDPR_jtag_uart_0_altera_avalon_jtag_uart_1924_v2zfocy_scfifo_r|rfifo|auto_generated|dpfifo|rd_ptr_count|counter_reg_bit[5]     ;
+----------+---------+----+--------+--------+---------------------+------------+---------------------------------------------------------------------------------------------------------------------------------------------------------------------+



Path #3: Recovery slack is 11.936 
===============================================================================
+---------------------------------------------------------------------------------------------------------------------------------------------------------------------------------------------+
; Path Summary                                                                                                                                                                                ;
+---------------------------------+-----------------------------------------------------------------------------------------------------------------------------------------------------------+
; Property                        ; Value                                                                                                                                                     ;
+---------------------------------+-----------------------------------------------------------------------------------------------------------------------------------------------------------+
; From Node                       ; System|rst_controller|r_sync_rst                                                                                                                          ;
; To Node                         ; System|jtag_uart_0|jtag_uart_0|the_NonDPR_jtag_uart_0_altera_avalon_jtag_uart_1924_v2zfocy_scfifo_r|rfifo|auto_generated|dpfifo|wr_ptr|counter_reg_bit[5] ;
; Launch Clock                    ; CLK_50                                                                                                                                                    ;
; Latch Clock                     ; CLK_50                                                                                                                                                    ;
; SDC Exception                   ; No SDC Exception on Path                                                                                                                                  ;
; Data Arrival Time               ; 12.404                                                                                                                                                    ;
; Data Required Time              ; 24.340                                                                                                                                                    ;
; Slack                           ; 11.936                                                                                                                                                    ;
; Worst-Case Operating Conditions ; Slow 900mV 100C Model                                                                                                                                     ;
+---------------------------------+-----------------------------------------------------------------------------------------------------------------------------------------------------------+

+------------------------------------------------------------------------------------+
; Statistics                                                                         ;
+------------------------+--------+-------+-------------+------------+-------+-------+
; Property               ; Value  ; Count ; Total Delay ; % of Total ; Min   ; Max   ;
+------------------------+--------+-------+-------------+------------+-------+-------+
; Recovery Relationship  ; 20.000 ;       ;             ;            ;       ;       ;
; Clock Skew             ; -0.019 ;       ;             ;            ;       ;       ;
; Data Delay             ; 7.857  ;       ;             ;            ;       ;       ;
; Number of Logic Levels ;        ; 0     ;             ;            ;       ;       ;
; Physical Delays        ;        ;       ;             ;            ;       ;       ;
;  Arrival Path          ;        ;       ;             ;            ;       ;       ;
;   Clock                ;        ;       ;             ;            ;       ;       ;
;    IC                  ;        ; 3     ; 3.323       ; 73         ; 0.000 ; 3.323 ;
;    Cell                ;        ; 4     ; 1.224       ; 27         ; 0.000 ; 0.547 ;
;   Data                 ;        ;       ;             ;            ;       ;       ;
;    IC                  ;        ; 1     ; 7.515       ; 96         ; 7.515 ; 7.515 ;
;    Cell                ;        ; 2     ; 0.122       ; 2          ; 0.000 ; 0.122 ;
;    uTco                ;        ; 1     ; 0.220       ; 3          ; 0.220 ; 0.220 ;
;  Required Path         ;        ;       ;             ;            ;       ;       ;
;   Clock                ;        ;       ;             ;            ;       ;       ;
;    IC                  ;        ; 3     ; 3.160       ; 74         ; 0.000 ; 3.160 ;
;    Cell                ;        ; 4     ; 1.116       ; 26         ; 0.000 ; 0.547 ;
+------------------------+--------+-------+-------------+------------+-------+-------+
Note: Negative delays are omitted from totals when calculating percentages

+-----------------------------------------------------------------------------------------------------------------------------------------------------------------------------------------------------------------------------------------------+
; Data Arrival Path                                                                                                                                                                                                                             ;
+----------+---------+----+--------+--------+---------------------+------------+----------------------------------------------------------------------------------------------------------------------------------------------------------------+
; Total    ; Incr    ; RF ; Type   ; Fanout ; Location            ; HS/LP      ; Element                                                                                                                                                        ;
+----------+---------+----+--------+--------+---------------------+------------+----------------------------------------------------------------------------------------------------------------------------------------------------------------+
; 0.000    ; 0.000   ;    ;        ;        ;                     ;            ; launch edge time                                                                                                                                               ;
; 0.000    ; 0.000   ;    ; borrow ;        ;                     ;            ; time borrowed                                                                                                                                                  ;
; 4.547    ; 4.547   ;    ;        ;        ;                     ;            ; clock path                                                                                                                                                     ;
;   0.000  ;   0.000 ;    ;        ;        ;                     ;            ; source latency                                                                                                                                                 ;
;   0.000  ;   0.000 ;    ;        ; 1      ; PIN_AM10            ;            ; CLK_50                                                                                                                                                         ;
;   0.000  ;   0.000 ; RR ; IC     ; 1      ; IOIBUF_X148_Y16_N32 ;            ; CLK_50~input|i                                                                                                                                                 ;
;   0.547  ;   0.547 ; RR ; CELL   ; 1      ; IOIBUF_X148_Y16_N32 ;            ; CLK_50~input|o                                                                                                                                                 ;
;   0.706  ;   0.159 ; RR ; CELL   ; 1      ; IOIBUF_X148_Y16_N32 ;            ; CLK_50~input~io_48_lvds_tile_edge/ioclkin[0]                                                                                                                   ;
;   0.706  ;   0.000 ; RR ; IC     ; 2      ; CLKCTRL_3A_G_I20    ;            ; CLK_50~inputCLKENA0|inclk                                                                                                                                      ;
;   1.224  ;   0.518 ; RR ; CELL   ; 224447 ; CLKCTRL_3A_G_I20    ;            ; CLK_50~inputCLKENA0|outclk                                                                                                                                     ;
;   4.547  ;   3.323 ; RR ; IC     ; 1      ; FF_X1_Y73_N17       ; High Speed ; System|rst_controller|r_sync_rst|clk                                                                                                                           ;
;   4.547  ;   0.000 ; RR ; CELL   ; 1      ; FF_X1_Y73_N17       ; High Speed ; System|rst_controller|r_sync_rst                                                                                                                               ;
; 12.404   ; 7.857   ;    ;        ;        ;                     ;            ; data path                                                                                                                                                      ;
;   4.767  ;   0.220 ; FF ; uTco   ; 1      ; FF_X1_Y73_N17       ;            ; System|rst_controller|r_sync_rst|q                                                                                                                             ;
;   4.889  ;   0.122 ; FF ; CELL   ; 1963   ; FF_X1_Y73_N17       ; High Speed ; System|rst_controller|r_sync_rst~la_lab/laboutt[11]                                                                                                            ;
;   12.404 ;   7.515 ; FF ; IC     ; 1      ; FF_X109_Y21_N47     ; High Speed ; System|jtag_uart_0|jtag_uart_0|the_NonDPR_jtag_uart_0_altera_avalon_jtag_uart_1924_v2zfocy_scfifo_r|rfifo|auto_generated|dpfifo|wr_ptr|counter_reg_bit[5]|clrn ;
;   12.404 ;   0.000 ; FF ; CELL   ; 1      ; FF_X109_Y21_N47     ; High Speed ; System|jtag_uart_0|jtag_uart_0|the_NonDPR_jtag_uart_0_altera_avalon_jtag_uart_1924_v2zfocy_scfifo_r|rfifo|auto_generated|dpfifo|wr_ptr|counter_reg_bit[5]      ;
+----------+---------+----+--------+--------+---------------------+------------+----------------------------------------------------------------------------------------------------------------------------------------------------------------+

+----------------------------------------------------------------------------------------------------------------------------------------------------------------------------------------------------------------------------------------------+
; Data Required Path                                                                                                                                                                                                                           ;
+----------+---------+----+--------+--------+---------------------+------------+---------------------------------------------------------------------------------------------------------------------------------------------------------------+
; Total    ; Incr    ; RF ; Type   ; Fanout ; Location            ; HS/LP      ; Element                                                                                                                                                       ;
+----------+---------+----+--------+--------+---------------------+------------+---------------------------------------------------------------------------------------------------------------------------------------------------------------+
; 20.000   ; 20.000  ;    ;        ;        ;                     ;            ; latch edge time                                                                                                                                               ;
; 20.000   ; 0.000   ;    ; borrow ;        ;                     ;            ; time borrowed                                                                                                                                                 ;
; 24.528   ; 4.528   ;    ;        ;        ;                     ;            ; clock path                                                                                                                                                    ;
;   20.000 ;   0.000 ;    ;        ;        ;                     ;            ; source latency                                                                                                                                                ;
;   20.000 ;   0.000 ;    ;        ; 1      ; PIN_AM10            ;            ; CLK_50                                                                                                                                                        ;
;   20.000 ;   0.000 ; RR ; IC     ; 1      ; IOIBUF_X148_Y16_N32 ;            ; CLK_50~input|i                                                                                                                                                ;
;   20.547 ;   0.547 ; RR ; CELL   ; 1      ; IOIBUF_X148_Y16_N32 ;            ; CLK_50~input|o                                                                                                                                                ;
;   20.676 ;   0.129 ; RR ; CELL   ; 1      ; IOIBUF_X148_Y16_N32 ;            ; CLK_50~input~io_48_lvds_tile_edge/ioclkin[0]                                                                                                                  ;
;   20.676 ;   0.000 ; RR ; IC     ; 2      ; CLKCTRL_3A_G_I20    ;            ; CLK_50~inputCLKENA0|inclk                                                                                                                                     ;
;   21.116 ;   0.440 ; RR ; CELL   ; 224447 ; CLKCTRL_3A_G_I20    ;            ; CLK_50~inputCLKENA0|outclk                                                                                                                                    ;
;   24.276 ;   3.160 ; RR ; IC     ; 1      ; FF_X109_Y21_N47     ; High Speed ; System|jtag_uart_0|jtag_uart_0|the_NonDPR_jtag_uart_0_altera_avalon_jtag_uart_1924_v2zfocy_scfifo_r|rfifo|auto_generated|dpfifo|wr_ptr|counter_reg_bit[5]|clk ;
;   24.276 ;   0.000 ; RR ; CELL   ; 1      ; FF_X109_Y21_N47     ; High Speed ; System|jtag_uart_0|jtag_uart_0|the_NonDPR_jtag_uart_0_altera_avalon_jtag_uart_1924_v2zfocy_scfifo_r|rfifo|auto_generated|dpfifo|wr_ptr|counter_reg_bit[5]     ;
;   24.528 ;   0.252 ;    ;        ;        ;                     ;            ; clock pessimism removed                                                                                                                                       ;
; 24.498   ; -0.030  ;    ;        ;        ;                     ;            ; clock uncertainty                                                                                                                                             ;
; 24.340   ; -0.158  ;    ; uTsu   ; 1      ; FF_X109_Y21_N47     ;            ; System|jtag_uart_0|jtag_uart_0|the_NonDPR_jtag_uart_0_altera_avalon_jtag_uart_1924_v2zfocy_scfifo_r|rfifo|auto_generated|dpfifo|wr_ptr|counter_reg_bit[5]     ;
+----------+---------+----+--------+--------+---------------------+------------+---------------------------------------------------------------------------------------------------------------------------------------------------------------+



Path #4: Recovery slack is 11.938 
===============================================================================
+---------------------------------------------------------------------------------------------------------------------------------------------------------------------------------------------+
; Path Summary                                                                                                                                                                                ;
+---------------------------------+-----------------------------------------------------------------------------------------------------------------------------------------------------------+
; Property                        ; Value                                                                                                                                                     ;
+---------------------------------+-----------------------------------------------------------------------------------------------------------------------------------------------------------+
; From Node                       ; System|rst_controller|r_sync_rst                                                                                                                          ;
; To Node                         ; System|jtag_uart_0|jtag_uart_0|the_NonDPR_jtag_uart_0_altera_avalon_jtag_uart_1924_v2zfocy_scfifo_r|rfifo|auto_generated|dpfifo|wr_ptr|counter_reg_bit[2] ;
; Launch Clock                    ; CLK_50                                                                                                                                                    ;
; Latch Clock                     ; CLK_50                                                                                                                                                    ;
; SDC Exception                   ; No SDC Exception on Path                                                                                                                                  ;
; Data Arrival Time               ; 12.404                                                                                                                                                    ;
; Data Required Time              ; 24.342                                                                                                                                                    ;
; Slack                           ; 11.938                                                                                                                                                    ;
; Worst-Case Operating Conditions ; Slow 900mV 100C Model                                                                                                                                     ;
+---------------------------------+-----------------------------------------------------------------------------------------------------------------------------------------------------------+

+------------------------------------------------------------------------------------+
; Statistics                                                                         ;
+------------------------+--------+-------+-------------+------------+-------+-------+
; Property               ; Value  ; Count ; Total Delay ; % of Total ; Min   ; Max   ;
+------------------------+--------+-------+-------------+------------+-------+-------+
; Recovery Relationship  ; 20.000 ;       ;             ;            ;       ;       ;
; Clock Skew             ; -0.019 ;       ;             ;            ;       ;       ;
; Data Delay             ; 7.857  ;       ;             ;            ;       ;       ;
; Number of Logic Levels ;        ; 0     ;             ;            ;       ;       ;
; Physical Delays        ;        ;       ;             ;            ;       ;       ;
;  Arrival Path          ;        ;       ;             ;            ;       ;       ;
;   Clock                ;        ;       ;             ;            ;       ;       ;
;    IC                  ;        ; 3     ; 3.323       ; 73         ; 0.000 ; 3.323 ;
;    Cell                ;        ; 4     ; 1.224       ; 27         ; 0.000 ; 0.547 ;
;   Data                 ;        ;       ;             ;            ;       ;       ;
;    IC                  ;        ; 1     ; 7.515       ; 96         ; 7.515 ; 7.515 ;
;    Cell                ;        ; 2     ; 0.122       ; 2          ; 0.000 ; 0.122 ;
;    uTco                ;        ; 1     ; 0.220       ; 3          ; 0.220 ; 0.220 ;
;  Required Path         ;        ;       ;             ;            ;       ;       ;
;   Clock                ;        ;       ;             ;            ;       ;       ;
;    IC                  ;        ; 3     ; 3.160       ; 74         ; 0.000 ; 3.160 ;
;    Cell                ;        ; 4     ; 1.116       ; 26         ; 0.000 ; 0.547 ;
+------------------------+--------+-------+-------------+------------+-------+-------+
Note: Negative delays are omitted from totals when calculating percentages

+-----------------------------------------------------------------------------------------------------------------------------------------------------------------------------------------------------------------------------------------------+
; Data Arrival Path                                                                                                                                                                                                                             ;
+----------+---------+----+--------+--------+---------------------+------------+----------------------------------------------------------------------------------------------------------------------------------------------------------------+
; Total    ; Incr    ; RF ; Type   ; Fanout ; Location            ; HS/LP      ; Element                                                                                                                                                        ;
+----------+---------+----+--------+--------+---------------------+------------+----------------------------------------------------------------------------------------------------------------------------------------------------------------+
; 0.000    ; 0.000   ;    ;        ;        ;                     ;            ; launch edge time                                                                                                                                               ;
; 0.000    ; 0.000   ;    ; borrow ;        ;                     ;            ; time borrowed                                                                                                                                                  ;
; 4.547    ; 4.547   ;    ;        ;        ;                     ;            ; clock path                                                                                                                                                     ;
;   0.000  ;   0.000 ;    ;        ;        ;                     ;            ; source latency                                                                                                                                                 ;
;   0.000  ;   0.000 ;    ;        ; 1      ; PIN_AM10            ;            ; CLK_50                                                                                                                                                         ;
;   0.000  ;   0.000 ; RR ; IC     ; 1      ; IOIBUF_X148_Y16_N32 ;            ; CLK_50~input|i                                                                                                                                                 ;
;   0.547  ;   0.547 ; RR ; CELL   ; 1      ; IOIBUF_X148_Y16_N32 ;            ; CLK_50~input|o                                                                                                                                                 ;
;   0.706  ;   0.159 ; RR ; CELL   ; 1      ; IOIBUF_X148_Y16_N32 ;            ; CLK_50~input~io_48_lvds_tile_edge/ioclkin[0]                                                                                                                   ;
;   0.706  ;   0.000 ; RR ; IC     ; 2      ; CLKCTRL_3A_G_I20    ;            ; CLK_50~inputCLKENA0|inclk                                                                                                                                      ;
;   1.224  ;   0.518 ; RR ; CELL   ; 224447 ; CLKCTRL_3A_G_I20    ;            ; CLK_50~inputCLKENA0|outclk                                                                                                                                     ;
;   4.547  ;   3.323 ; RR ; IC     ; 1      ; FF_X1_Y73_N17       ; High Speed ; System|rst_controller|r_sync_rst|clk                                                                                                                           ;
;   4.547  ;   0.000 ; RR ; CELL   ; 1      ; FF_X1_Y73_N17       ; High Speed ; System|rst_controller|r_sync_rst                                                                                                                               ;
; 12.404   ; 7.857   ;    ;        ;        ;                     ;            ; data path                                                                                                                                                      ;
;   4.767  ;   0.220 ; FF ; uTco   ; 1      ; FF_X1_Y73_N17       ;            ; System|rst_controller|r_sync_rst|q                                                                                                                             ;
;   4.889  ;   0.122 ; FF ; CELL   ; 1963   ; FF_X1_Y73_N17       ; High Speed ; System|rst_controller|r_sync_rst~la_lab/laboutt[11]                                                                                                            ;
;   12.404 ;   7.515 ; FF ; IC     ; 1      ; FF_X109_Y21_N38     ; High Speed ; System|jtag_uart_0|jtag_uart_0|the_NonDPR_jtag_uart_0_altera_avalon_jtag_uart_1924_v2zfocy_scfifo_r|rfifo|auto_generated|dpfifo|wr_ptr|counter_reg_bit[2]|clrn ;
;   12.404 ;   0.000 ; FF ; CELL   ; 1      ; FF_X109_Y21_N38     ; High Speed ; System|jtag_uart_0|jtag_uart_0|the_NonDPR_jtag_uart_0_altera_avalon_jtag_uart_1924_v2zfocy_scfifo_r|rfifo|auto_generated|dpfifo|wr_ptr|counter_reg_bit[2]      ;
+----------+---------+----+--------+--------+---------------------+------------+----------------------------------------------------------------------------------------------------------------------------------------------------------------+

+----------------------------------------------------------------------------------------------------------------------------------------------------------------------------------------------------------------------------------------------+
; Data Required Path                                                                                                                                                                                                                           ;
+----------+---------+----+--------+--------+---------------------+------------+---------------------------------------------------------------------------------------------------------------------------------------------------------------+
; Total    ; Incr    ; RF ; Type   ; Fanout ; Location            ; HS/LP      ; Element                                                                                                                                                       ;
+----------+---------+----+--------+--------+---------------------+------------+---------------------------------------------------------------------------------------------------------------------------------------------------------------+
; 20.000   ; 20.000  ;    ;        ;        ;                     ;            ; latch edge time                                                                                                                                               ;
; 20.000   ; 0.000   ;    ; borrow ;        ;                     ;            ; time borrowed                                                                                                                                                 ;
; 24.528   ; 4.528   ;    ;        ;        ;                     ;            ; clock path                                                                                                                                                    ;
;   20.000 ;   0.000 ;    ;        ;        ;                     ;            ; source latency                                                                                                                                                ;
;   20.000 ;   0.000 ;    ;        ; 1      ; PIN_AM10            ;            ; CLK_50                                                                                                                                                        ;
;   20.000 ;   0.000 ; RR ; IC     ; 1      ; IOIBUF_X148_Y16_N32 ;            ; CLK_50~input|i                                                                                                                                                ;
;   20.547 ;   0.547 ; RR ; CELL   ; 1      ; IOIBUF_X148_Y16_N32 ;            ; CLK_50~input|o                                                                                                                                                ;
;   20.676 ;   0.129 ; RR ; CELL   ; 1      ; IOIBUF_X148_Y16_N32 ;            ; CLK_50~input~io_48_lvds_tile_edge/ioclkin[0]                                                                                                                  ;
;   20.676 ;   0.000 ; RR ; IC     ; 2      ; CLKCTRL_3A_G_I20    ;            ; CLK_50~inputCLKENA0|inclk                                                                                                                                     ;
;   21.116 ;   0.440 ; RR ; CELL   ; 224447 ; CLKCTRL_3A_G_I20    ;            ; CLK_50~inputCLKENA0|outclk                                                                                                                                    ;
;   24.276 ;   3.160 ; RR ; IC     ; 1      ; FF_X109_Y21_N38     ; High Speed ; System|jtag_uart_0|jtag_uart_0|the_NonDPR_jtag_uart_0_altera_avalon_jtag_uart_1924_v2zfocy_scfifo_r|rfifo|auto_generated|dpfifo|wr_ptr|counter_reg_bit[2]|clk ;
;   24.276 ;   0.000 ; RR ; CELL   ; 1      ; FF_X109_Y21_N38     ; High Speed ; System|jtag_uart_0|jtag_uart_0|the_NonDPR_jtag_uart_0_altera_avalon_jtag_uart_1924_v2zfocy_scfifo_r|rfifo|auto_generated|dpfifo|wr_ptr|counter_reg_bit[2]     ;
;   24.528 ;   0.252 ;    ;        ;        ;                     ;            ; clock pessimism removed                                                                                                                                       ;
; 24.498   ; -0.030  ;    ;        ;        ;                     ;            ; clock uncertainty                                                                                                                                             ;
; 24.342   ; -0.156  ;    ; uTsu   ; 1      ; FF_X109_Y21_N38     ;            ; System|jtag_uart_0|jtag_uart_0|the_NonDPR_jtag_uart_0_altera_avalon_jtag_uart_1924_v2zfocy_scfifo_r|rfifo|auto_generated|dpfifo|wr_ptr|counter_reg_bit[2]     ;
+----------+---------+----+--------+--------+---------------------+------------+---------------------------------------------------------------------------------------------------------------------------------------------------------------+



Path #5: Recovery slack is 11.940 
===============================================================================
+---------------------------------------------------------------------------------------------------------------------------------------------------------------------------------------------+
; Path Summary                                                                                                                                                                                ;
+---------------------------------+-----------------------------------------------------------------------------------------------------------------------------------------------------------+
; Property                        ; Value                                                                                                                                                     ;
+---------------------------------+-----------------------------------------------------------------------------------------------------------------------------------------------------------+
; From Node                       ; System|rst_controller|r_sync_rst                                                                                                                          ;
; To Node                         ; System|jtag_uart_0|jtag_uart_0|the_NonDPR_jtag_uart_0_altera_avalon_jtag_uart_1924_v2zfocy_scfifo_r|rfifo|auto_generated|dpfifo|wr_ptr|counter_reg_bit[8] ;
; Launch Clock                    ; CLK_50                                                                                                                                                    ;
; Latch Clock                     ; CLK_50                                                                                                                                                    ;
; SDC Exception                   ; No SDC Exception on Path                                                                                                                                  ;
; Data Arrival Time               ; 12.404                                                                                                                                                    ;
; Data Required Time              ; 24.344                                                                                                                                                    ;
; Slack                           ; 11.940                                                                                                                                                    ;
; Worst-Case Operating Conditions ; Slow 900mV 100C Model                                                                                                                                     ;
+---------------------------------+-----------------------------------------------------------------------------------------------------------------------------------------------------------+

+------------------------------------------------------------------------------------+
; Statistics                                                                         ;
+------------------------+--------+-------+-------------+------------+-------+-------+
; Property               ; Value  ; Count ; Total Delay ; % of Total ; Min   ; Max   ;
+------------------------+--------+-------+-------------+------------+-------+-------+
; Recovery Relationship  ; 20.000 ;       ;             ;            ;       ;       ;
; Clock Skew             ; -0.019 ;       ;             ;            ;       ;       ;
; Data Delay             ; 7.857  ;       ;             ;            ;       ;       ;
; Number of Logic Levels ;        ; 0     ;             ;            ;       ;       ;
; Physical Delays        ;        ;       ;             ;            ;       ;       ;
;  Arrival Path          ;        ;       ;             ;            ;       ;       ;
;   Clock                ;        ;       ;             ;            ;       ;       ;
;    IC                  ;        ; 3     ; 3.323       ; 73         ; 0.000 ; 3.323 ;
;    Cell                ;        ; 4     ; 1.224       ; 27         ; 0.000 ; 0.547 ;
;   Data                 ;        ;       ;             ;            ;       ;       ;
;    IC                  ;        ; 1     ; 7.515       ; 96         ; 7.515 ; 7.515 ;
;    Cell                ;        ; 2     ; 0.122       ; 2          ; 0.000 ; 0.122 ;
;    uTco                ;        ; 1     ; 0.220       ; 3          ; 0.220 ; 0.220 ;
;  Required Path         ;        ;       ;             ;            ;       ;       ;
;   Clock                ;        ;       ;             ;            ;       ;       ;
;    IC                  ;        ; 3     ; 3.160       ; 74         ; 0.000 ; 3.160 ;
;    Cell                ;        ; 4     ; 1.116       ; 26         ; 0.000 ; 0.547 ;
+------------------------+--------+-------+-------------+------------+-------+-------+
Note: Negative delays are omitted from totals when calculating percentages

+-----------------------------------------------------------------------------------------------------------------------------------------------------------------------------------------------------------------------------------------------+
; Data Arrival Path                                                                                                                                                                                                                             ;
+----------+---------+----+--------+--------+---------------------+------------+----------------------------------------------------------------------------------------------------------------------------------------------------------------+
; Total    ; Incr    ; RF ; Type   ; Fanout ; Location            ; HS/LP      ; Element                                                                                                                                                        ;
+----------+---------+----+--------+--------+---------------------+------------+----------------------------------------------------------------------------------------------------------------------------------------------------------------+
; 0.000    ; 0.000   ;    ;        ;        ;                     ;            ; launch edge time                                                                                                                                               ;
; 0.000    ; 0.000   ;    ; borrow ;        ;                     ;            ; time borrowed                                                                                                                                                  ;
; 4.547    ; 4.547   ;    ;        ;        ;                     ;            ; clock path                                                                                                                                                     ;
;   0.000  ;   0.000 ;    ;        ;        ;                     ;            ; source latency                                                                                                                                                 ;
;   0.000  ;   0.000 ;    ;        ; 1      ; PIN_AM10            ;            ; CLK_50                                                                                                                                                         ;
;   0.000  ;   0.000 ; RR ; IC     ; 1      ; IOIBUF_X148_Y16_N32 ;            ; CLK_50~input|i                                                                                                                                                 ;
;   0.547  ;   0.547 ; RR ; CELL   ; 1      ; IOIBUF_X148_Y16_N32 ;            ; CLK_50~input|o                                                                                                                                                 ;
;   0.706  ;   0.159 ; RR ; CELL   ; 1      ; IOIBUF_X148_Y16_N32 ;            ; CLK_50~input~io_48_lvds_tile_edge/ioclkin[0]                                                                                                                   ;
;   0.706  ;   0.000 ; RR ; IC     ; 2      ; CLKCTRL_3A_G_I20    ;            ; CLK_50~inputCLKENA0|inclk                                                                                                                                      ;
;   1.224  ;   0.518 ; RR ; CELL   ; 224447 ; CLKCTRL_3A_G_I20    ;            ; CLK_50~inputCLKENA0|outclk                                                                                                                                     ;
;   4.547  ;   3.323 ; RR ; IC     ; 1      ; FF_X1_Y73_N17       ; High Speed ; System|rst_controller|r_sync_rst|clk                                                                                                                           ;
;   4.547  ;   0.000 ; RR ; CELL   ; 1      ; FF_X1_Y73_N17       ; High Speed ; System|rst_controller|r_sync_rst                                                                                                                               ;
; 12.404   ; 7.857   ;    ;        ;        ;                     ;            ; data path                                                                                                                                                      ;
;   4.767  ;   0.220 ; FF ; uTco   ; 1      ; FF_X1_Y73_N17       ;            ; System|rst_controller|r_sync_rst|q                                                                                                                             ;
;   4.889  ;   0.122 ; FF ; CELL   ; 1963   ; FF_X1_Y73_N17       ; High Speed ; System|rst_controller|r_sync_rst~la_lab/laboutt[11]                                                                                                            ;
;   12.404 ;   7.515 ; FF ; IC     ; 1      ; FF_X109_Y21_N56     ; High Speed ; System|jtag_uart_0|jtag_uart_0|the_NonDPR_jtag_uart_0_altera_avalon_jtag_uart_1924_v2zfocy_scfifo_r|rfifo|auto_generated|dpfifo|wr_ptr|counter_reg_bit[8]|clrn ;
;   12.404 ;   0.000 ; FF ; CELL   ; 1      ; FF_X109_Y21_N56     ; High Speed ; System|jtag_uart_0|jtag_uart_0|the_NonDPR_jtag_uart_0_altera_avalon_jtag_uart_1924_v2zfocy_scfifo_r|rfifo|auto_generated|dpfifo|wr_ptr|counter_reg_bit[8]      ;
+----------+---------+----+--------+--------+---------------------+------------+----------------------------------------------------------------------------------------------------------------------------------------------------------------+

+----------------------------------------------------------------------------------------------------------------------------------------------------------------------------------------------------------------------------------------------+
; Data Required Path                                                                                                                                                                                                                           ;
+----------+---------+----+--------+--------+---------------------+------------+---------------------------------------------------------------------------------------------------------------------------------------------------------------+
; Total    ; Incr    ; RF ; Type   ; Fanout ; Location            ; HS/LP      ; Element                                                                                                                                                       ;
+----------+---------+----+--------+--------+---------------------+------------+---------------------------------------------------------------------------------------------------------------------------------------------------------------+
; 20.000   ; 20.000  ;    ;        ;        ;                     ;            ; latch edge time                                                                                                                                               ;
; 20.000   ; 0.000   ;    ; borrow ;        ;                     ;            ; time borrowed                                                                                                                                                 ;
; 24.528   ; 4.528   ;    ;        ;        ;                     ;            ; clock path                                                                                                                                                    ;
;   20.000 ;   0.000 ;    ;        ;        ;                     ;            ; source latency                                                                                                                                                ;
;   20.000 ;   0.000 ;    ;        ; 1      ; PIN_AM10            ;            ; CLK_50                                                                                                                                                        ;
;   20.000 ;   0.000 ; RR ; IC     ; 1      ; IOIBUF_X148_Y16_N32 ;            ; CLK_50~input|i                                                                                                                                                ;
;   20.547 ;   0.547 ; RR ; CELL   ; 1      ; IOIBUF_X148_Y16_N32 ;            ; CLK_50~input|o                                                                                                                                                ;
;   20.676 ;   0.129 ; RR ; CELL   ; 1      ; IOIBUF_X148_Y16_N32 ;            ; CLK_50~input~io_48_lvds_tile_edge/ioclkin[0]                                                                                                                  ;
;   20.676 ;   0.000 ; RR ; IC     ; 2      ; CLKCTRL_3A_G_I20    ;            ; CLK_50~inputCLKENA0|inclk                                                                                                                                     ;
;   21.116 ;   0.440 ; RR ; CELL   ; 224447 ; CLKCTRL_3A_G_I20    ;            ; CLK_50~inputCLKENA0|outclk                                                                                                                                    ;
;   24.276 ;   3.160 ; RR ; IC     ; 1      ; FF_X109_Y21_N56     ; High Speed ; System|jtag_uart_0|jtag_uart_0|the_NonDPR_jtag_uart_0_altera_avalon_jtag_uart_1924_v2zfocy_scfifo_r|rfifo|auto_generated|dpfifo|wr_ptr|counter_reg_bit[8]|clk ;
;   24.276 ;   0.000 ; RR ; CELL   ; 1      ; FF_X109_Y21_N56     ; High Speed ; System|jtag_uart_0|jtag_uart_0|the_NonDPR_jtag_uart_0_altera_avalon_jtag_uart_1924_v2zfocy_scfifo_r|rfifo|auto_generated|dpfifo|wr_ptr|counter_reg_bit[8]     ;
;   24.528 ;   0.252 ;    ;        ;        ;                     ;            ; clock pessimism removed                                                                                                                                       ;
; 24.498   ; -0.030  ;    ;        ;        ;                     ;            ; clock uncertainty                                                                                                                                             ;
; 24.344   ; -0.154  ;    ; uTsu   ; 1      ; FF_X109_Y21_N56     ;            ; System|jtag_uart_0|jtag_uart_0|the_NonDPR_jtag_uart_0_altera_avalon_jtag_uart_1924_v2zfocy_scfifo_r|rfifo|auto_generated|dpfifo|wr_ptr|counter_reg_bit[8]     ;
+----------+---------+----+--------+--------+---------------------+------------+---------------------------------------------------------------------------------------------------------------------------------------------------------------+



Path #6: Recovery slack is 11.959 
===============================================================================
+---------------------------------------------------------------------------------------------------------------------------------------------------------------------------------------------------+
; Path Summary                                                                                                                                                                                      ;
+---------------------------------+-----------------------------------------------------------------------------------------------------------------------------------------------------------------+
; Property                        ; Value                                                                                                                                                           ;
+---------------------------------+-----------------------------------------------------------------------------------------------------------------------------------------------------------------+
; From Node                       ; System|rst_controller|r_sync_rst                                                                                                                                ;
; To Node                         ; System|jtag_uart_0|jtag_uart_0|the_NonDPR_jtag_uart_0_altera_avalon_jtag_uart_1924_v2zfocy_scfifo_r|rfifo|auto_generated|dpfifo|rd_ptr_count|counter_reg_bit[3] ;
; Launch Clock                    ; CLK_50                                                                                                                                                          ;
; Latch Clock                     ; CLK_50                                                                                                                                                          ;
; SDC Exception                   ; No SDC Exception on Path                                                                                                                                        ;
; Data Arrival Time               ; 12.404                                                                                                                                                          ;
; Data Required Time              ; 24.363                                                                                                                                                          ;
; Slack                           ; 11.959                                                                                                                                                          ;
; Worst-Case Operating Conditions ; Slow 900mV 100C Model                                                                                                                                           ;
+---------------------------------+-----------------------------------------------------------------------------------------------------------------------------------------------------------------+

+------------------------------------------------------------------------------------+
; Statistics                                                                         ;
+------------------------+--------+-------+-------------+------------+-------+-------+
; Property               ; Value  ; Count ; Total Delay ; % of Total ; Min   ; Max   ;
+------------------------+--------+-------+-------------+------------+-------+-------+
; Recovery Relationship  ; 20.000 ;       ;             ;            ;       ;       ;
; Clock Skew             ; -0.019 ;       ;             ;            ;       ;       ;
; Data Delay             ; 7.857  ;       ;             ;            ;       ;       ;
; Number of Logic Levels ;        ; 0     ;             ;            ;       ;       ;
; Physical Delays        ;        ;       ;             ;            ;       ;       ;
;  Arrival Path          ;        ;       ;             ;            ;       ;       ;
;   Clock                ;        ;       ;             ;            ;       ;       ;
;    IC                  ;        ; 3     ; 3.323       ; 73         ; 0.000 ; 3.323 ;
;    Cell                ;        ; 4     ; 1.224       ; 27         ; 0.000 ; 0.547 ;
;   Data                 ;        ;       ;             ;            ;       ;       ;
;    IC                  ;        ; 1     ; 7.515       ; 96         ; 7.515 ; 7.515 ;
;    Cell                ;        ; 2     ; 0.122       ; 2          ; 0.000 ; 0.122 ;
;    uTco                ;        ; 1     ; 0.220       ; 3          ; 0.220 ; 0.220 ;
;  Required Path         ;        ;       ;             ;            ;       ;       ;
;   Clock                ;        ;       ;             ;            ;       ;       ;
;    IC                  ;        ; 3     ; 3.160       ; 74         ; 0.000 ; 3.160 ;
;    Cell                ;        ; 4     ; 1.116       ; 26         ; 0.000 ; 0.547 ;
+------------------------+--------+-------+-------------+------------+-------+-------+
Note: Negative delays are omitted from totals when calculating percentages

+-----------------------------------------------------------------------------------------------------------------------------------------------------------------------------------------------------------------------------------------------------+
; Data Arrival Path                                                                                                                                                                                                                                   ;
+----------+---------+----+--------+--------+---------------------+------------+----------------------------------------------------------------------------------------------------------------------------------------------------------------------+
; Total    ; Incr    ; RF ; Type   ; Fanout ; Location            ; HS/LP      ; Element                                                                                                                                                              ;
+----------+---------+----+--------+--------+---------------------+------------+----------------------------------------------------------------------------------------------------------------------------------------------------------------------+
; 0.000    ; 0.000   ;    ;        ;        ;                     ;            ; launch edge time                                                                                                                                                     ;
; 0.000    ; 0.000   ;    ; borrow ;        ;                     ;            ; time borrowed                                                                                                                                                        ;
; 4.547    ; 4.547   ;    ;        ;        ;                     ;            ; clock path                                                                                                                                                           ;
;   0.000  ;   0.000 ;    ;        ;        ;                     ;            ; source latency                                                                                                                                                       ;
;   0.000  ;   0.000 ;    ;        ; 1      ; PIN_AM10            ;            ; CLK_50                                                                                                                                                               ;
;   0.000  ;   0.000 ; RR ; IC     ; 1      ; IOIBUF_X148_Y16_N32 ;            ; CLK_50~input|i                                                                                                                                                       ;
;   0.547  ;   0.547 ; RR ; CELL   ; 1      ; IOIBUF_X148_Y16_N32 ;            ; CLK_50~input|o                                                                                                                                                       ;
;   0.706  ;   0.159 ; RR ; CELL   ; 1      ; IOIBUF_X148_Y16_N32 ;            ; CLK_50~input~io_48_lvds_tile_edge/ioclkin[0]                                                                                                                         ;
;   0.706  ;   0.000 ; RR ; IC     ; 2      ; CLKCTRL_3A_G_I20    ;            ; CLK_50~inputCLKENA0|inclk                                                                                                                                            ;
;   1.224  ;   0.518 ; RR ; CELL   ; 224447 ; CLKCTRL_3A_G_I20    ;            ; CLK_50~inputCLKENA0|outclk                                                                                                                                           ;
;   4.547  ;   3.323 ; RR ; IC     ; 1      ; FF_X1_Y73_N17       ; High Speed ; System|rst_controller|r_sync_rst|clk                                                                                                                                 ;
;   4.547  ;   0.000 ; RR ; CELL   ; 1      ; FF_X1_Y73_N17       ; High Speed ; System|rst_controller|r_sync_rst                                                                                                                                     ;
; 12.404   ; 7.857   ;    ;        ;        ;                     ;            ; data path                                                                                                                                                            ;
;   4.767  ;   0.220 ; FF ; uTco   ; 1      ; FF_X1_Y73_N17       ;            ; System|rst_controller|r_sync_rst|q                                                                                                                                   ;
;   4.889  ;   0.122 ; FF ; CELL   ; 1963   ; FF_X1_Y73_N17       ; High Speed ; System|rst_controller|r_sync_rst~la_lab/laboutt[11]                                                                                                                  ;
;   12.404 ;   7.515 ; FF ; IC     ; 1      ; FF_X109_Y21_N10     ; High Speed ; System|jtag_uart_0|jtag_uart_0|the_NonDPR_jtag_uart_0_altera_avalon_jtag_uart_1924_v2zfocy_scfifo_r|rfifo|auto_generated|dpfifo|rd_ptr_count|counter_reg_bit[3]|clrn ;
;   12.404 ;   0.000 ; FF ; CELL   ; 1      ; FF_X109_Y21_N10     ; High Speed ; System|jtag_uart_0|jtag_uart_0|the_NonDPR_jtag_uart_0_altera_avalon_jtag_uart_1924_v2zfocy_scfifo_r|rfifo|auto_generated|dpfifo|rd_ptr_count|counter_reg_bit[3]      ;
+----------+---------+----+--------+--------+---------------------+------------+----------------------------------------------------------------------------------------------------------------------------------------------------------------------+

+----------------------------------------------------------------------------------------------------------------------------------------------------------------------------------------------------------------------------------------------------+
; Data Required Path                                                                                                                                                                                                                                 ;
+----------+---------+----+--------+--------+---------------------+------------+---------------------------------------------------------------------------------------------------------------------------------------------------------------------+
; Total    ; Incr    ; RF ; Type   ; Fanout ; Location            ; HS/LP      ; Element                                                                                                                                                             ;
+----------+---------+----+--------+--------+---------------------+------------+---------------------------------------------------------------------------------------------------------------------------------------------------------------------+
; 20.000   ; 20.000  ;    ;        ;        ;                     ;            ; latch edge time                                                                                                                                                     ;
; 20.000   ; 0.000   ;    ; borrow ;        ;                     ;            ; time borrowed                                                                                                                                                       ;
; 24.528   ; 4.528   ;    ;        ;        ;                     ;            ; clock path                                                                                                                                                          ;
;   20.000 ;   0.000 ;    ;        ;        ;                     ;            ; source latency                                                                                                                                                      ;
;   20.000 ;   0.000 ;    ;        ; 1      ; PIN_AM10            ;            ; CLK_50                                                                                                                                                              ;
;   20.000 ;   0.000 ; RR ; IC     ; 1      ; IOIBUF_X148_Y16_N32 ;            ; CLK_50~input|i                                                                                                                                                      ;
;   20.547 ;   0.547 ; RR ; CELL   ; 1      ; IOIBUF_X148_Y16_N32 ;            ; CLK_50~input|o                                                                                                                                                      ;
;   20.676 ;   0.129 ; RR ; CELL   ; 1      ; IOIBUF_X148_Y16_N32 ;            ; CLK_50~input~io_48_lvds_tile_edge/ioclkin[0]                                                                                                                        ;
;   20.676 ;   0.000 ; RR ; IC     ; 2      ; CLKCTRL_3A_G_I20    ;            ; CLK_50~inputCLKENA0|inclk                                                                                                                                           ;
;   21.116 ;   0.440 ; RR ; CELL   ; 224447 ; CLKCTRL_3A_G_I20    ;            ; CLK_50~inputCLKENA0|outclk                                                                                                                                          ;
;   24.276 ;   3.160 ; RR ; IC     ; 1      ; FF_X109_Y21_N10     ; High Speed ; System|jtag_uart_0|jtag_uart_0|the_NonDPR_jtag_uart_0_altera_avalon_jtag_uart_1924_v2zfocy_scfifo_r|rfifo|auto_generated|dpfifo|rd_ptr_count|counter_reg_bit[3]|clk ;
;   24.276 ;   0.000 ; RR ; CELL   ; 1      ; FF_X109_Y21_N10     ; High Speed ; System|jtag_uart_0|jtag_uart_0|the_NonDPR_jtag_uart_0_altera_avalon_jtag_uart_1924_v2zfocy_scfifo_r|rfifo|auto_generated|dpfifo|rd_ptr_count|counter_reg_bit[3]     ;
;   24.528 ;   0.252 ;    ;        ;        ;                     ;            ; clock pessimism removed                                                                                                                                             ;
; 24.498   ; -0.030  ;    ;        ;        ;                     ;            ; clock uncertainty                                                                                                                                                   ;
; 24.363   ; -0.135  ;    ; uTsu   ; 1      ; FF_X109_Y21_N10     ;            ; System|jtag_uart_0|jtag_uart_0|the_NonDPR_jtag_uart_0_altera_avalon_jtag_uart_1924_v2zfocy_scfifo_r|rfifo|auto_generated|dpfifo|rd_ptr_count|counter_reg_bit[3]     ;
+----------+---------+----+--------+--------+---------------------+------------+---------------------------------------------------------------------------------------------------------------------------------------------------------------------+



Path #7: Recovery slack is 11.961 
===============================================================================
+---------------------------------------------------------------------------------------------------------------------------------------------------------------------------------------------------+
; Path Summary                                                                                                                                                                                      ;
+---------------------------------+-----------------------------------------------------------------------------------------------------------------------------------------------------------------+
; Property                        ; Value                                                                                                                                                           ;
+---------------------------------+-----------------------------------------------------------------------------------------------------------------------------------------------------------------+
; From Node                       ; System|rst_controller|r_sync_rst                                                                                                                                ;
; To Node                         ; System|jtag_uart_0|jtag_uart_0|the_NonDPR_jtag_uart_0_altera_avalon_jtag_uart_1924_v2zfocy_scfifo_r|rfifo|auto_generated|dpfifo|rd_ptr_count|counter_reg_bit[7] ;
; Launch Clock                    ; CLK_50                                                                                                                                                          ;
; Latch Clock                     ; CLK_50                                                                                                                                                          ;
; SDC Exception                   ; No SDC Exception on Path                                                                                                                                        ;
; Data Arrival Time               ; 12.404                                                                                                                                                          ;
; Data Required Time              ; 24.365                                                                                                                                                          ;
; Slack                           ; 11.961                                                                                                                                                          ;
; Worst-Case Operating Conditions ; Slow 900mV 100C Model                                                                                                                                           ;
+---------------------------------+-----------------------------------------------------------------------------------------------------------------------------------------------------------------+

+------------------------------------------------------------------------------------+
; Statistics                                                                         ;
+------------------------+--------+-------+-------------+------------+-------+-------+
; Property               ; Value  ; Count ; Total Delay ; % of Total ; Min   ; Max   ;
+------------------------+--------+-------+-------------+------------+-------+-------+
; Recovery Relationship  ; 20.000 ;       ;             ;            ;       ;       ;
; Clock Skew             ; -0.019 ;       ;             ;            ;       ;       ;
; Data Delay             ; 7.857  ;       ;             ;            ;       ;       ;
; Number of Logic Levels ;        ; 0     ;             ;            ;       ;       ;
; Physical Delays        ;        ;       ;             ;            ;       ;       ;
;  Arrival Path          ;        ;       ;             ;            ;       ;       ;
;   Clock                ;        ;       ;             ;            ;       ;       ;
;    IC                  ;        ; 3     ; 3.323       ; 73         ; 0.000 ; 3.323 ;
;    Cell                ;        ; 4     ; 1.224       ; 27         ; 0.000 ; 0.547 ;
;   Data                 ;        ;       ;             ;            ;       ;       ;
;    IC                  ;        ; 1     ; 7.515       ; 96         ; 7.515 ; 7.515 ;
;    Cell                ;        ; 2     ; 0.122       ; 2          ; 0.000 ; 0.122 ;
;    uTco                ;        ; 1     ; 0.220       ; 3          ; 0.220 ; 0.220 ;
;  Required Path         ;        ;       ;             ;            ;       ;       ;
;   Clock                ;        ;       ;             ;            ;       ;       ;
;    IC                  ;        ; 3     ; 3.160       ; 74         ; 0.000 ; 3.160 ;
;    Cell                ;        ; 4     ; 1.116       ; 26         ; 0.000 ; 0.547 ;
+------------------------+--------+-------+-------------+------------+-------+-------+
Note: Negative delays are omitted from totals when calculating percentages

+-----------------------------------------------------------------------------------------------------------------------------------------------------------------------------------------------------------------------------------------------------+
; Data Arrival Path                                                                                                                                                                                                                                   ;
+----------+---------+----+--------+--------+---------------------+------------+----------------------------------------------------------------------------------------------------------------------------------------------------------------------+
; Total    ; Incr    ; RF ; Type   ; Fanout ; Location            ; HS/LP      ; Element                                                                                                                                                              ;
+----------+---------+----+--------+--------+---------------------+------------+----------------------------------------------------------------------------------------------------------------------------------------------------------------------+
; 0.000    ; 0.000   ;    ;        ;        ;                     ;            ; launch edge time                                                                                                                                                     ;
; 0.000    ; 0.000   ;    ; borrow ;        ;                     ;            ; time borrowed                                                                                                                                                        ;
; 4.547    ; 4.547   ;    ;        ;        ;                     ;            ; clock path                                                                                                                                                           ;
;   0.000  ;   0.000 ;    ;        ;        ;                     ;            ; source latency                                                                                                                                                       ;
;   0.000  ;   0.000 ;    ;        ; 1      ; PIN_AM10            ;            ; CLK_50                                                                                                                                                               ;
;   0.000  ;   0.000 ; RR ; IC     ; 1      ; IOIBUF_X148_Y16_N32 ;            ; CLK_50~input|i                                                                                                                                                       ;
;   0.547  ;   0.547 ; RR ; CELL   ; 1      ; IOIBUF_X148_Y16_N32 ;            ; CLK_50~input|o                                                                                                                                                       ;
;   0.706  ;   0.159 ; RR ; CELL   ; 1      ; IOIBUF_X148_Y16_N32 ;            ; CLK_50~input~io_48_lvds_tile_edge/ioclkin[0]                                                                                                                         ;
;   0.706  ;   0.000 ; RR ; IC     ; 2      ; CLKCTRL_3A_G_I20    ;            ; CLK_50~inputCLKENA0|inclk                                                                                                                                            ;
;   1.224  ;   0.518 ; RR ; CELL   ; 224447 ; CLKCTRL_3A_G_I20    ;            ; CLK_50~inputCLKENA0|outclk                                                                                                                                           ;
;   4.547  ;   3.323 ; RR ; IC     ; 1      ; FF_X1_Y73_N17       ; High Speed ; System|rst_controller|r_sync_rst|clk                                                                                                                                 ;
;   4.547  ;   0.000 ; RR ; CELL   ; 1      ; FF_X1_Y73_N17       ; High Speed ; System|rst_controller|r_sync_rst                                                                                                                                     ;
; 12.404   ; 7.857   ;    ;        ;        ;                     ;            ; data path                                                                                                                                                            ;
;   4.767  ;   0.220 ; FF ; uTco   ; 1      ; FF_X1_Y73_N17       ;            ; System|rst_controller|r_sync_rst|q                                                                                                                                   ;
;   4.889  ;   0.122 ; FF ; CELL   ; 1963   ; FF_X1_Y73_N17       ; High Speed ; System|rst_controller|r_sync_rst~la_lab/laboutt[11]                                                                                                                  ;
;   12.404 ;   7.515 ; FF ; IC     ; 1      ; FF_X109_Y21_N22     ; High Speed ; System|jtag_uart_0|jtag_uart_0|the_NonDPR_jtag_uart_0_altera_avalon_jtag_uart_1924_v2zfocy_scfifo_r|rfifo|auto_generated|dpfifo|rd_ptr_count|counter_reg_bit[7]|clrn ;
;   12.404 ;   0.000 ; FF ; CELL   ; 1      ; FF_X109_Y21_N22     ; High Speed ; System|jtag_uart_0|jtag_uart_0|the_NonDPR_jtag_uart_0_altera_avalon_jtag_uart_1924_v2zfocy_scfifo_r|rfifo|auto_generated|dpfifo|rd_ptr_count|counter_reg_bit[7]      ;
+----------+---------+----+--------+--------+---------------------+------------+----------------------------------------------------------------------------------------------------------------------------------------------------------------------+

+----------------------------------------------------------------------------------------------------------------------------------------------------------------------------------------------------------------------------------------------------+
; Data Required Path                                                                                                                                                                                                                                 ;
+----------+---------+----+--------+--------+---------------------+------------+---------------------------------------------------------------------------------------------------------------------------------------------------------------------+
; Total    ; Incr    ; RF ; Type   ; Fanout ; Location            ; HS/LP      ; Element                                                                                                                                                             ;
+----------+---------+----+--------+--------+---------------------+------------+---------------------------------------------------------------------------------------------------------------------------------------------------------------------+
; 20.000   ; 20.000  ;    ;        ;        ;                     ;            ; latch edge time                                                                                                                                                     ;
; 20.000   ; 0.000   ;    ; borrow ;        ;                     ;            ; time borrowed                                                                                                                                                       ;
; 24.528   ; 4.528   ;    ;        ;        ;                     ;            ; clock path                                                                                                                                                          ;
;   20.000 ;   0.000 ;    ;        ;        ;                     ;            ; source latency                                                                                                                                                      ;
;   20.000 ;   0.000 ;    ;        ; 1      ; PIN_AM10            ;            ; CLK_50                                                                                                                                                              ;
;   20.000 ;   0.000 ; RR ; IC     ; 1      ; IOIBUF_X148_Y16_N32 ;            ; CLK_50~input|i                                                                                                                                                      ;
;   20.547 ;   0.547 ; RR ; CELL   ; 1      ; IOIBUF_X148_Y16_N32 ;            ; CLK_50~input|o                                                                                                                                                      ;
;   20.676 ;   0.129 ; RR ; CELL   ; 1      ; IOIBUF_X148_Y16_N32 ;            ; CLK_50~input~io_48_lvds_tile_edge/ioclkin[0]                                                                                                                        ;
;   20.676 ;   0.000 ; RR ; IC     ; 2      ; CLKCTRL_3A_G_I20    ;            ; CLK_50~inputCLKENA0|inclk                                                                                                                                           ;
;   21.116 ;   0.440 ; RR ; CELL   ; 224447 ; CLKCTRL_3A_G_I20    ;            ; CLK_50~inputCLKENA0|outclk                                                                                                                                          ;
;   24.276 ;   3.160 ; RR ; IC     ; 1      ; FF_X109_Y21_N22     ; High Speed ; System|jtag_uart_0|jtag_uart_0|the_NonDPR_jtag_uart_0_altera_avalon_jtag_uart_1924_v2zfocy_scfifo_r|rfifo|auto_generated|dpfifo|rd_ptr_count|counter_reg_bit[7]|clk ;
;   24.276 ;   0.000 ; RR ; CELL   ; 1      ; FF_X109_Y21_N22     ; High Speed ; System|jtag_uart_0|jtag_uart_0|the_NonDPR_jtag_uart_0_altera_avalon_jtag_uart_1924_v2zfocy_scfifo_r|rfifo|auto_generated|dpfifo|rd_ptr_count|counter_reg_bit[7]     ;
;   24.528 ;   0.252 ;    ;        ;        ;                     ;            ; clock pessimism removed                                                                                                                                             ;
; 24.498   ; -0.030  ;    ;        ;        ;                     ;            ; clock uncertainty                                                                                                                                                   ;
; 24.365   ; -0.133  ;    ; uTsu   ; 1      ; FF_X109_Y21_N22     ;            ; System|jtag_uart_0|jtag_uart_0|the_NonDPR_jtag_uart_0_altera_avalon_jtag_uart_1924_v2zfocy_scfifo_r|rfifo|auto_generated|dpfifo|rd_ptr_count|counter_reg_bit[7]     ;
+----------+---------+----+--------+--------+---------------------+------------+---------------------------------------------------------------------------------------------------------------------------------------------------------------------+



Path #8: Recovery slack is 11.961 
===============================================================================
+---------------------------------------------------------------------------------------------------------------------------------------------------------------------------------------------------+
; Path Summary                                                                                                                                                                                      ;
+---------------------------------+-----------------------------------------------------------------------------------------------------------------------------------------------------------------+
; Property                        ; Value                                                                                                                                                           ;
+---------------------------------+-----------------------------------------------------------------------------------------------------------------------------------------------------------------+
; From Node                       ; System|rst_controller|r_sync_rst                                                                                                                                ;
; To Node                         ; System|jtag_uart_0|jtag_uart_0|the_NonDPR_jtag_uart_0_altera_avalon_jtag_uart_1924_v2zfocy_scfifo_r|rfifo|auto_generated|dpfifo|rd_ptr_count|counter_reg_bit[1] ;
; Launch Clock                    ; CLK_50                                                                                                                                                          ;
; Latch Clock                     ; CLK_50                                                                                                                                                          ;
; SDC Exception                   ; No SDC Exception on Path                                                                                                                                        ;
; Data Arrival Time               ; 12.404                                                                                                                                                          ;
; Data Required Time              ; 24.365                                                                                                                                                          ;
; Slack                           ; 11.961                                                                                                                                                          ;
; Worst-Case Operating Conditions ; Slow 900mV 100C Model                                                                                                                                           ;
+---------------------------------+-----------------------------------------------------------------------------------------------------------------------------------------------------------------+

+------------------------------------------------------------------------------------+
; Statistics                                                                         ;
+------------------------+--------+-------+-------------+------------+-------+-------+
; Property               ; Value  ; Count ; Total Delay ; % of Total ; Min   ; Max   ;
+------------------------+--------+-------+-------------+------------+-------+-------+
; Recovery Relationship  ; 20.000 ;       ;             ;            ;       ;       ;
; Clock Skew             ; -0.019 ;       ;             ;            ;       ;       ;
; Data Delay             ; 7.857  ;       ;             ;            ;       ;       ;
; Number of Logic Levels ;        ; 0     ;             ;            ;       ;       ;
; Physical Delays        ;        ;       ;             ;            ;       ;       ;
;  Arrival Path          ;        ;       ;             ;            ;       ;       ;
;   Clock                ;        ;       ;             ;            ;       ;       ;
;    IC                  ;        ; 3     ; 3.323       ; 73         ; 0.000 ; 3.323 ;
;    Cell                ;        ; 4     ; 1.224       ; 27         ; 0.000 ; 0.547 ;
;   Data                 ;        ;       ;             ;            ;       ;       ;
;    IC                  ;        ; 1     ; 7.515       ; 96         ; 7.515 ; 7.515 ;
;    Cell                ;        ; 2     ; 0.122       ; 2          ; 0.000 ; 0.122 ;
;    uTco                ;        ; 1     ; 0.220       ; 3          ; 0.220 ; 0.220 ;
;  Required Path         ;        ;       ;             ;            ;       ;       ;
;   Clock                ;        ;       ;             ;            ;       ;       ;
;    IC                  ;        ; 3     ; 3.160       ; 74         ; 0.000 ; 3.160 ;
;    Cell                ;        ; 4     ; 1.116       ; 26         ; 0.000 ; 0.547 ;
+------------------------+--------+-------+-------------+------------+-------+-------+
Note: Negative delays are omitted from totals when calculating percentages

+-----------------------------------------------------------------------------------------------------------------------------------------------------------------------------------------------------------------------------------------------------+
; Data Arrival Path                                                                                                                                                                                                                                   ;
+----------+---------+----+--------+--------+---------------------+------------+----------------------------------------------------------------------------------------------------------------------------------------------------------------------+
; Total    ; Incr    ; RF ; Type   ; Fanout ; Location            ; HS/LP      ; Element                                                                                                                                                              ;
+----------+---------+----+--------+--------+---------------------+------------+----------------------------------------------------------------------------------------------------------------------------------------------------------------------+
; 0.000    ; 0.000   ;    ;        ;        ;                     ;            ; launch edge time                                                                                                                                                     ;
; 0.000    ; 0.000   ;    ; borrow ;        ;                     ;            ; time borrowed                                                                                                                                                        ;
; 4.547    ; 4.547   ;    ;        ;        ;                     ;            ; clock path                                                                                                                                                           ;
;   0.000  ;   0.000 ;    ;        ;        ;                     ;            ; source latency                                                                                                                                                       ;
;   0.000  ;   0.000 ;    ;        ; 1      ; PIN_AM10            ;            ; CLK_50                                                                                                                                                               ;
;   0.000  ;   0.000 ; RR ; IC     ; 1      ; IOIBUF_X148_Y16_N32 ;            ; CLK_50~input|i                                                                                                                                                       ;
;   0.547  ;   0.547 ; RR ; CELL   ; 1      ; IOIBUF_X148_Y16_N32 ;            ; CLK_50~input|o                                                                                                                                                       ;
;   0.706  ;   0.159 ; RR ; CELL   ; 1      ; IOIBUF_X148_Y16_N32 ;            ; CLK_50~input~io_48_lvds_tile_edge/ioclkin[0]                                                                                                                         ;
;   0.706  ;   0.000 ; RR ; IC     ; 2      ; CLKCTRL_3A_G_I20    ;            ; CLK_50~inputCLKENA0|inclk                                                                                                                                            ;
;   1.224  ;   0.518 ; RR ; CELL   ; 224447 ; CLKCTRL_3A_G_I20    ;            ; CLK_50~inputCLKENA0|outclk                                                                                                                                           ;
;   4.547  ;   3.323 ; RR ; IC     ; 1      ; FF_X1_Y73_N17       ; High Speed ; System|rst_controller|r_sync_rst|clk                                                                                                                                 ;
;   4.547  ;   0.000 ; RR ; CELL   ; 1      ; FF_X1_Y73_N17       ; High Speed ; System|rst_controller|r_sync_rst                                                                                                                                     ;
; 12.404   ; 7.857   ;    ;        ;        ;                     ;            ; data path                                                                                                                                                            ;
;   4.767  ;   0.220 ; FF ; uTco   ; 1      ; FF_X1_Y73_N17       ;            ; System|rst_controller|r_sync_rst|q                                                                                                                                   ;
;   4.889  ;   0.122 ; FF ; CELL   ; 1963   ; FF_X1_Y73_N17       ; High Speed ; System|rst_controller|r_sync_rst~la_lab/laboutt[11]                                                                                                                  ;
;   12.404 ;   7.515 ; FF ; IC     ; 1      ; FF_X109_Y21_N4      ; High Speed ; System|jtag_uart_0|jtag_uart_0|the_NonDPR_jtag_uart_0_altera_avalon_jtag_uart_1924_v2zfocy_scfifo_r|rfifo|auto_generated|dpfifo|rd_ptr_count|counter_reg_bit[1]|clrn ;
;   12.404 ;   0.000 ; FF ; CELL   ; 1      ; FF_X109_Y21_N4      ; High Speed ; System|jtag_uart_0|jtag_uart_0|the_NonDPR_jtag_uart_0_altera_avalon_jtag_uart_1924_v2zfocy_scfifo_r|rfifo|auto_generated|dpfifo|rd_ptr_count|counter_reg_bit[1]      ;
+----------+---------+----+--------+--------+---------------------+------------+----------------------------------------------------------------------------------------------------------------------------------------------------------------------+

+----------------------------------------------------------------------------------------------------------------------------------------------------------------------------------------------------------------------------------------------------+
; Data Required Path                                                                                                                                                                                                                                 ;
+----------+---------+----+--------+--------+---------------------+------------+---------------------------------------------------------------------------------------------------------------------------------------------------------------------+
; Total    ; Incr    ; RF ; Type   ; Fanout ; Location            ; HS/LP      ; Element                                                                                                                                                             ;
+----------+---------+----+--------+--------+---------------------+------------+---------------------------------------------------------------------------------------------------------------------------------------------------------------------+
; 20.000   ; 20.000  ;    ;        ;        ;                     ;            ; latch edge time                                                                                                                                                     ;
; 20.000   ; 0.000   ;    ; borrow ;        ;                     ;            ; time borrowed                                                                                                                                                       ;
; 24.528   ; 4.528   ;    ;        ;        ;                     ;            ; clock path                                                                                                                                                          ;
;   20.000 ;   0.000 ;    ;        ;        ;                     ;            ; source latency                                                                                                                                                      ;
;   20.000 ;   0.000 ;    ;        ; 1      ; PIN_AM10            ;            ; CLK_50                                                                                                                                                              ;
;   20.000 ;   0.000 ; RR ; IC     ; 1      ; IOIBUF_X148_Y16_N32 ;            ; CLK_50~input|i                                                                                                                                                      ;
;   20.547 ;   0.547 ; RR ; CELL   ; 1      ; IOIBUF_X148_Y16_N32 ;            ; CLK_50~input|o                                                                                                                                                      ;
;   20.676 ;   0.129 ; RR ; CELL   ; 1      ; IOIBUF_X148_Y16_N32 ;            ; CLK_50~input~io_48_lvds_tile_edge/ioclkin[0]                                                                                                                        ;
;   20.676 ;   0.000 ; RR ; IC     ; 2      ; CLKCTRL_3A_G_I20    ;            ; CLK_50~inputCLKENA0|inclk                                                                                                                                           ;
;   21.116 ;   0.440 ; RR ; CELL   ; 224447 ; CLKCTRL_3A_G_I20    ;            ; CLK_50~inputCLKENA0|outclk                                                                                                                                          ;
;   24.276 ;   3.160 ; RR ; IC     ; 1      ; FF_X109_Y21_N4      ; High Speed ; System|jtag_uart_0|jtag_uart_0|the_NonDPR_jtag_uart_0_altera_avalon_jtag_uart_1924_v2zfocy_scfifo_r|rfifo|auto_generated|dpfifo|rd_ptr_count|counter_reg_bit[1]|clk ;
;   24.276 ;   0.000 ; RR ; CELL   ; 1      ; FF_X109_Y21_N4      ; High Speed ; System|jtag_uart_0|jtag_uart_0|the_NonDPR_jtag_uart_0_altera_avalon_jtag_uart_1924_v2zfocy_scfifo_r|rfifo|auto_generated|dpfifo|rd_ptr_count|counter_reg_bit[1]     ;
;   24.528 ;   0.252 ;    ;        ;        ;                     ;            ; clock pessimism removed                                                                                                                                             ;
; 24.498   ; -0.030  ;    ;        ;        ;                     ;            ; clock uncertainty                                                                                                                                                   ;
; 24.365   ; -0.133  ;    ; uTsu   ; 1      ; FF_X109_Y21_N4      ;            ; System|jtag_uart_0|jtag_uart_0|the_NonDPR_jtag_uart_0_altera_avalon_jtag_uart_1924_v2zfocy_scfifo_r|rfifo|auto_generated|dpfifo|rd_ptr_count|counter_reg_bit[1]     ;
+----------+---------+----+--------+--------+---------------------+------------+---------------------------------------------------------------------------------------------------------------------------------------------------------------------+



Path #9: Recovery slack is 11.962 
===============================================================================
+---------------------------------------------------------------------------------------------------------------------------------------------------------------------------------------------+
; Path Summary                                                                                                                                                                                ;
+---------------------------------+-----------------------------------------------------------------------------------------------------------------------------------------------------------+
; Property                        ; Value                                                                                                                                                     ;
+---------------------------------+-----------------------------------------------------------------------------------------------------------------------------------------------------------+
; From Node                       ; System|rst_controller|r_sync_rst                                                                                                                          ;
; To Node                         ; System|jtag_uart_0|jtag_uart_0|the_NonDPR_jtag_uart_0_altera_avalon_jtag_uart_1924_v2zfocy_scfifo_r|rfifo|auto_generated|dpfifo|wr_ptr|counter_reg_bit[6] ;
; Launch Clock                    ; CLK_50                                                                                                                                                    ;
; Latch Clock                     ; CLK_50                                                                                                                                                    ;
; SDC Exception                   ; No SDC Exception on Path                                                                                                                                  ;
; Data Arrival Time               ; 12.404                                                                                                                                                    ;
; Data Required Time              ; 24.366                                                                                                                                                    ;
; Slack                           ; 11.962                                                                                                                                                    ;
; Worst-Case Operating Conditions ; Slow 900mV 100C Model                                                                                                                                     ;
+---------------------------------+-----------------------------------------------------------------------------------------------------------------------------------------------------------+

+------------------------------------------------------------------------------------+
; Statistics                                                                         ;
+------------------------+--------+-------+-------------+------------+-------+-------+
; Property               ; Value  ; Count ; Total Delay ; % of Total ; Min   ; Max   ;
+------------------------+--------+-------+-------------+------------+-------+-------+
; Recovery Relationship  ; 20.000 ;       ;             ;            ;       ;       ;
; Clock Skew             ; -0.019 ;       ;             ;            ;       ;       ;
; Data Delay             ; 7.857  ;       ;             ;            ;       ;       ;
; Number of Logic Levels ;        ; 0     ;             ;            ;       ;       ;
; Physical Delays        ;        ;       ;             ;            ;       ;       ;
;  Arrival Path          ;        ;       ;             ;            ;       ;       ;
;   Clock                ;        ;       ;             ;            ;       ;       ;
;    IC                  ;        ; 3     ; 3.323       ; 73         ; 0.000 ; 3.323 ;
;    Cell                ;        ; 4     ; 1.224       ; 27         ; 0.000 ; 0.547 ;
;   Data                 ;        ;       ;             ;            ;       ;       ;
;    IC                  ;        ; 1     ; 7.515       ; 96         ; 7.515 ; 7.515 ;
;    Cell                ;        ; 2     ; 0.122       ; 2          ; 0.000 ; 0.122 ;
;    uTco                ;        ; 1     ; 0.220       ; 3          ; 0.220 ; 0.220 ;
;  Required Path         ;        ;       ;             ;            ;       ;       ;
;   Clock                ;        ;       ;             ;            ;       ;       ;
;    IC                  ;        ; 3     ; 3.160       ; 74         ; 0.000 ; 3.160 ;
;    Cell                ;        ; 4     ; 1.116       ; 26         ; 0.000 ; 0.547 ;
+------------------------+--------+-------+-------------+------------+-------+-------+
Note: Negative delays are omitted from totals when calculating percentages

+-----------------------------------------------------------------------------------------------------------------------------------------------------------------------------------------------------------------------------------------------+
; Data Arrival Path                                                                                                                                                                                                                             ;
+----------+---------+----+--------+--------+---------------------+------------+----------------------------------------------------------------------------------------------------------------------------------------------------------------+
; Total    ; Incr    ; RF ; Type   ; Fanout ; Location            ; HS/LP      ; Element                                                                                                                                                        ;
+----------+---------+----+--------+--------+---------------------+------------+----------------------------------------------------------------------------------------------------------------------------------------------------------------+
; 0.000    ; 0.000   ;    ;        ;        ;                     ;            ; launch edge time                                                                                                                                               ;
; 0.000    ; 0.000   ;    ; borrow ;        ;                     ;            ; time borrowed                                                                                                                                                  ;
; 4.547    ; 4.547   ;    ;        ;        ;                     ;            ; clock path                                                                                                                                                     ;
;   0.000  ;   0.000 ;    ;        ;        ;                     ;            ; source latency                                                                                                                                                 ;
;   0.000  ;   0.000 ;    ;        ; 1      ; PIN_AM10            ;            ; CLK_50                                                                                                                                                         ;
;   0.000  ;   0.000 ; RR ; IC     ; 1      ; IOIBUF_X148_Y16_N32 ;            ; CLK_50~input|i                                                                                                                                                 ;
;   0.547  ;   0.547 ; RR ; CELL   ; 1      ; IOIBUF_X148_Y16_N32 ;            ; CLK_50~input|o                                                                                                                                                 ;
;   0.706  ;   0.159 ; RR ; CELL   ; 1      ; IOIBUF_X148_Y16_N32 ;            ; CLK_50~input~io_48_lvds_tile_edge/ioclkin[0]                                                                                                                   ;
;   0.706  ;   0.000 ; RR ; IC     ; 2      ; CLKCTRL_3A_G_I20    ;            ; CLK_50~inputCLKENA0|inclk                                                                                                                                      ;
;   1.224  ;   0.518 ; RR ; CELL   ; 224447 ; CLKCTRL_3A_G_I20    ;            ; CLK_50~inputCLKENA0|outclk                                                                                                                                     ;
;   4.547  ;   3.323 ; RR ; IC     ; 1      ; FF_X1_Y73_N17       ; High Speed ; System|rst_controller|r_sync_rst|clk                                                                                                                           ;
;   4.547  ;   0.000 ; RR ; CELL   ; 1      ; FF_X1_Y73_N17       ; High Speed ; System|rst_controller|r_sync_rst                                                                                                                               ;
; 12.404   ; 7.857   ;    ;        ;        ;                     ;            ; data path                                                                                                                                                      ;
;   4.767  ;   0.220 ; FF ; uTco   ; 1      ; FF_X1_Y73_N17       ;            ; System|rst_controller|r_sync_rst|q                                                                                                                             ;
;   4.889  ;   0.122 ; FF ; CELL   ; 1963   ; FF_X1_Y73_N17       ; High Speed ; System|rst_controller|r_sync_rst~la_lab/laboutt[11]                                                                                                            ;
;   12.404 ;   7.515 ; FF ; IC     ; 1      ; FF_X109_Y21_N49     ; High Speed ; System|jtag_uart_0|jtag_uart_0|the_NonDPR_jtag_uart_0_altera_avalon_jtag_uart_1924_v2zfocy_scfifo_r|rfifo|auto_generated|dpfifo|wr_ptr|counter_reg_bit[6]|clrn ;
;   12.404 ;   0.000 ; FF ; CELL   ; 1      ; FF_X109_Y21_N49     ; High Speed ; System|jtag_uart_0|jtag_uart_0|the_NonDPR_jtag_uart_0_altera_avalon_jtag_uart_1924_v2zfocy_scfifo_r|rfifo|auto_generated|dpfifo|wr_ptr|counter_reg_bit[6]      ;
+----------+---------+----+--------+--------+---------------------+------------+----------------------------------------------------------------------------------------------------------------------------------------------------------------+

+----------------------------------------------------------------------------------------------------------------------------------------------------------------------------------------------------------------------------------------------+
; Data Required Path                                                                                                                                                                                                                           ;
+----------+---------+----+--------+--------+---------------------+------------+---------------------------------------------------------------------------------------------------------------------------------------------------------------+
; Total    ; Incr    ; RF ; Type   ; Fanout ; Location            ; HS/LP      ; Element                                                                                                                                                       ;
+----------+---------+----+--------+--------+---------------------+------------+---------------------------------------------------------------------------------------------------------------------------------------------------------------+
; 20.000   ; 20.000  ;    ;        ;        ;                     ;            ; latch edge time                                                                                                                                               ;
; 20.000   ; 0.000   ;    ; borrow ;        ;                     ;            ; time borrowed                                                                                                                                                 ;
; 24.528   ; 4.528   ;    ;        ;        ;                     ;            ; clock path                                                                                                                                                    ;
;   20.000 ;   0.000 ;    ;        ;        ;                     ;            ; source latency                                                                                                                                                ;
;   20.000 ;   0.000 ;    ;        ; 1      ; PIN_AM10            ;            ; CLK_50                                                                                                                                                        ;
;   20.000 ;   0.000 ; RR ; IC     ; 1      ; IOIBUF_X148_Y16_N32 ;            ; CLK_50~input|i                                                                                                                                                ;
;   20.547 ;   0.547 ; RR ; CELL   ; 1      ; IOIBUF_X148_Y16_N32 ;            ; CLK_50~input|o                                                                                                                                                ;
;   20.676 ;   0.129 ; RR ; CELL   ; 1      ; IOIBUF_X148_Y16_N32 ;            ; CLK_50~input~io_48_lvds_tile_edge/ioclkin[0]                                                                                                                  ;
;   20.676 ;   0.000 ; RR ; IC     ; 2      ; CLKCTRL_3A_G_I20    ;            ; CLK_50~inputCLKENA0|inclk                                                                                                                                     ;
;   21.116 ;   0.440 ; RR ; CELL   ; 224447 ; CLKCTRL_3A_G_I20    ;            ; CLK_50~inputCLKENA0|outclk                                                                                                                                    ;
;   24.276 ;   3.160 ; RR ; IC     ; 1      ; FF_X109_Y21_N49     ; High Speed ; System|jtag_uart_0|jtag_uart_0|the_NonDPR_jtag_uart_0_altera_avalon_jtag_uart_1924_v2zfocy_scfifo_r|rfifo|auto_generated|dpfifo|wr_ptr|counter_reg_bit[6]|clk ;
;   24.276 ;   0.000 ; RR ; CELL   ; 1      ; FF_X109_Y21_N49     ; High Speed ; System|jtag_uart_0|jtag_uart_0|the_NonDPR_jtag_uart_0_altera_avalon_jtag_uart_1924_v2zfocy_scfifo_r|rfifo|auto_generated|dpfifo|wr_ptr|counter_reg_bit[6]     ;
;   24.528 ;   0.252 ;    ;        ;        ;                     ;            ; clock pessimism removed                                                                                                                                       ;
; 24.498   ; -0.030  ;    ;        ;        ;                     ;            ; clock uncertainty                                                                                                                                             ;
; 24.366   ; -0.132  ;    ; uTsu   ; 1      ; FF_X109_Y21_N49     ;            ; System|jtag_uart_0|jtag_uart_0|the_NonDPR_jtag_uart_0_altera_avalon_jtag_uart_1924_v2zfocy_scfifo_r|rfifo|auto_generated|dpfifo|wr_ptr|counter_reg_bit[6]     ;
+----------+---------+----+--------+--------+---------------------+------------+---------------------------------------------------------------------------------------------------------------------------------------------------------------+



Path #10: Recovery slack is 11.963 
===============================================================================
+---------------------------------------------------------------------------------------------------------------------------------------------------------------------------------------------+
; Path Summary                                                                                                                                                                                ;
+---------------------------------+-----------------------------------------------------------------------------------------------------------------------------------------------------------+
; Property                        ; Value                                                                                                                                                     ;
+---------------------------------+-----------------------------------------------------------------------------------------------------------------------------------------------------------+
; From Node                       ; System|rst_controller|r_sync_rst                                                                                                                          ;
; To Node                         ; System|jtag_uart_0|jtag_uart_0|the_NonDPR_jtag_uart_0_altera_avalon_jtag_uart_1924_v2zfocy_scfifo_r|rfifo|auto_generated|dpfifo|wr_ptr|counter_reg_bit[4] ;
; Launch Clock                    ; CLK_50                                                                                                                                                    ;
; Latch Clock                     ; CLK_50                                                                                                                                                    ;
; SDC Exception                   ; No SDC Exception on Path                                                                                                                                  ;
; Data Arrival Time               ; 12.404                                                                                                                                                    ;
; Data Required Time              ; 24.367                                                                                                                                                    ;
; Slack                           ; 11.963                                                                                                                                                    ;
; Worst-Case Operating Conditions ; Slow 900mV 100C Model                                                                                                                                     ;
+---------------------------------+-----------------------------------------------------------------------------------------------------------------------------------------------------------+

+------------------------------------------------------------------------------------+
; Statistics                                                                         ;
+------------------------+--------+-------+-------------+------------+-------+-------+
; Property               ; Value  ; Count ; Total Delay ; % of Total ; Min   ; Max   ;
+------------------------+--------+-------+-------------+------------+-------+-------+
; Recovery Relationship  ; 20.000 ;       ;             ;            ;       ;       ;
; Clock Skew             ; -0.019 ;       ;             ;            ;       ;       ;
; Data Delay             ; 7.857  ;       ;             ;            ;       ;       ;
; Number of Logic Levels ;        ; 0     ;             ;            ;       ;       ;
; Physical Delays        ;        ;       ;             ;            ;       ;       ;
;  Arrival Path          ;        ;       ;             ;            ;       ;       ;
;   Clock                ;        ;       ;             ;            ;       ;       ;
;    IC                  ;        ; 3     ; 3.323       ; 73         ; 0.000 ; 3.323 ;
;    Cell                ;        ; 4     ; 1.224       ; 27         ; 0.000 ; 0.547 ;
;   Data                 ;        ;       ;             ;            ;       ;       ;
;    IC                  ;        ; 1     ; 7.515       ; 96         ; 7.515 ; 7.515 ;
;    Cell                ;        ; 2     ; 0.122       ; 2          ; 0.000 ; 0.122 ;
;    uTco                ;        ; 1     ; 0.220       ; 3          ; 0.220 ; 0.220 ;
;  Required Path         ;        ;       ;             ;            ;       ;       ;
;   Clock                ;        ;       ;             ;            ;       ;       ;
;    IC                  ;        ; 3     ; 3.160       ; 74         ; 0.000 ; 3.160 ;
;    Cell                ;        ; 4     ; 1.116       ; 26         ; 0.000 ; 0.547 ;
+------------------------+--------+-------+-------------+------------+-------+-------+
Note: Negative delays are omitted from totals when calculating percentages

+-----------------------------------------------------------------------------------------------------------------------------------------------------------------------------------------------------------------------------------------------+
; Data Arrival Path                                                                                                                                                                                                                             ;
+----------+---------+----+--------+--------+---------------------+------------+----------------------------------------------------------------------------------------------------------------------------------------------------------------+
; Total    ; Incr    ; RF ; Type   ; Fanout ; Location            ; HS/LP      ; Element                                                                                                                                                        ;
+----------+---------+----+--------+--------+---------------------+------------+----------------------------------------------------------------------------------------------------------------------------------------------------------------+
; 0.000    ; 0.000   ;    ;        ;        ;                     ;            ; launch edge time                                                                                                                                               ;
; 0.000    ; 0.000   ;    ; borrow ;        ;                     ;            ; time borrowed                                                                                                                                                  ;
; 4.547    ; 4.547   ;    ;        ;        ;                     ;            ; clock path                                                                                                                                                     ;
;   0.000  ;   0.000 ;    ;        ;        ;                     ;            ; source latency                                                                                                                                                 ;
;   0.000  ;   0.000 ;    ;        ; 1      ; PIN_AM10            ;            ; CLK_50                                                                                                                                                         ;
;   0.000  ;   0.000 ; RR ; IC     ; 1      ; IOIBUF_X148_Y16_N32 ;            ; CLK_50~input|i                                                                                                                                                 ;
;   0.547  ;   0.547 ; RR ; CELL   ; 1      ; IOIBUF_X148_Y16_N32 ;            ; CLK_50~input|o                                                                                                                                                 ;
;   0.706  ;   0.159 ; RR ; CELL   ; 1      ; IOIBUF_X148_Y16_N32 ;            ; CLK_50~input~io_48_lvds_tile_edge/ioclkin[0]                                                                                                                   ;
;   0.706  ;   0.000 ; RR ; IC     ; 2      ; CLKCTRL_3A_G_I20    ;            ; CLK_50~inputCLKENA0|inclk                                                                                                                                      ;
;   1.224  ;   0.518 ; RR ; CELL   ; 224447 ; CLKCTRL_3A_G_I20    ;            ; CLK_50~inputCLKENA0|outclk                                                                                                                                     ;
;   4.547  ;   3.323 ; RR ; IC     ; 1      ; FF_X1_Y73_N17       ; High Speed ; System|rst_controller|r_sync_rst|clk                                                                                                                           ;
;   4.547  ;   0.000 ; RR ; CELL   ; 1      ; FF_X1_Y73_N17       ; High Speed ; System|rst_controller|r_sync_rst                                                                                                                               ;
; 12.404   ; 7.857   ;    ;        ;        ;                     ;            ; data path                                                                                                                                                      ;
;   4.767  ;   0.220 ; FF ; uTco   ; 1      ; FF_X1_Y73_N17       ;            ; System|rst_controller|r_sync_rst|q                                                                                                                             ;
;   4.889  ;   0.122 ; FF ; CELL   ; 1963   ; FF_X1_Y73_N17       ; High Speed ; System|rst_controller|r_sync_rst~la_lab/laboutt[11]                                                                                                            ;
;   12.404 ;   7.515 ; FF ; IC     ; 1      ; FF_X109_Y21_N43     ; High Speed ; System|jtag_uart_0|jtag_uart_0|the_NonDPR_jtag_uart_0_altera_avalon_jtag_uart_1924_v2zfocy_scfifo_r|rfifo|auto_generated|dpfifo|wr_ptr|counter_reg_bit[4]|clrn ;
;   12.404 ;   0.000 ; FF ; CELL   ; 1      ; FF_X109_Y21_N43     ; High Speed ; System|jtag_uart_0|jtag_uart_0|the_NonDPR_jtag_uart_0_altera_avalon_jtag_uart_1924_v2zfocy_scfifo_r|rfifo|auto_generated|dpfifo|wr_ptr|counter_reg_bit[4]      ;
+----------+---------+----+--------+--------+---------------------+------------+----------------------------------------------------------------------------------------------------------------------------------------------------------------+

+----------------------------------------------------------------------------------------------------------------------------------------------------------------------------------------------------------------------------------------------+
; Data Required Path                                                                                                                                                                                                                           ;
+----------+---------+----+--------+--------+---------------------+------------+---------------------------------------------------------------------------------------------------------------------------------------------------------------+
; Total    ; Incr    ; RF ; Type   ; Fanout ; Location            ; HS/LP      ; Element                                                                                                                                                       ;
+----------+---------+----+--------+--------+---------------------+------------+---------------------------------------------------------------------------------------------------------------------------------------------------------------+
; 20.000   ; 20.000  ;    ;        ;        ;                     ;            ; latch edge time                                                                                                                                               ;
; 20.000   ; 0.000   ;    ; borrow ;        ;                     ;            ; time borrowed                                                                                                                                                 ;
; 24.528   ; 4.528   ;    ;        ;        ;                     ;            ; clock path                                                                                                                                                    ;
;   20.000 ;   0.000 ;    ;        ;        ;                     ;            ; source latency                                                                                                                                                ;
;   20.000 ;   0.000 ;    ;        ; 1      ; PIN_AM10            ;            ; CLK_50                                                                                                                                                        ;
;   20.000 ;   0.000 ; RR ; IC     ; 1      ; IOIBUF_X148_Y16_N32 ;            ; CLK_50~input|i                                                                                                                                                ;
;   20.547 ;   0.547 ; RR ; CELL   ; 1      ; IOIBUF_X148_Y16_N32 ;            ; CLK_50~input|o                                                                                                                                                ;
;   20.676 ;   0.129 ; RR ; CELL   ; 1      ; IOIBUF_X148_Y16_N32 ;            ; CLK_50~input~io_48_lvds_tile_edge/ioclkin[0]                                                                                                                  ;
;   20.676 ;   0.000 ; RR ; IC     ; 2      ; CLKCTRL_3A_G_I20    ;            ; CLK_50~inputCLKENA0|inclk                                                                                                                                     ;
;   21.116 ;   0.440 ; RR ; CELL   ; 224447 ; CLKCTRL_3A_G_I20    ;            ; CLK_50~inputCLKENA0|outclk                                                                                                                                    ;
;   24.276 ;   3.160 ; RR ; IC     ; 1      ; FF_X109_Y21_N43     ; High Speed ; System|jtag_uart_0|jtag_uart_0|the_NonDPR_jtag_uart_0_altera_avalon_jtag_uart_1924_v2zfocy_scfifo_r|rfifo|auto_generated|dpfifo|wr_ptr|counter_reg_bit[4]|clk ;
;   24.276 ;   0.000 ; RR ; CELL   ; 1      ; FF_X109_Y21_N43     ; High Speed ; System|jtag_uart_0|jtag_uart_0|the_NonDPR_jtag_uart_0_altera_avalon_jtag_uart_1924_v2zfocy_scfifo_r|rfifo|auto_generated|dpfifo|wr_ptr|counter_reg_bit[4]     ;
;   24.528 ;   0.252 ;    ;        ;        ;                     ;            ; clock pessimism removed                                                                                                                                       ;
; 24.498   ; -0.030  ;    ;        ;        ;                     ;            ; clock uncertainty                                                                                                                                             ;
; 24.367   ; -0.131  ;    ; uTsu   ; 1      ; FF_X109_Y21_N43     ;            ; System|jtag_uart_0|jtag_uart_0|the_NonDPR_jtag_uart_0_altera_avalon_jtag_uart_1924_v2zfocy_scfifo_r|rfifo|auto_generated|dpfifo|wr_ptr|counter_reg_bit[4]     ;
+----------+---------+----+--------+--------+---------------------+------------+---------------------------------------------------------------------------------------------------------------------------------------------------------------+



----------------
; Command Info ;
----------------
Report Timing: Found 10 removal paths (0 violated).  Worst case slack is 0.176 

Tcl Command:
    report_timing -removal -panel_name {Worst-Case Timing Paths||Removal||CLK_50} -to_clock [get_clocks {CLK_50}] -npaths 10 -detail full_path

Options:
    -to_clock [get_clocks {CLK_50}] 
    -removal 
    -npaths 10 
    -detail full_path 
    -panel_name {CLK_50} 

Snapshot:
    final

Delay Models:
    Slow 900mV 100C Model
    Slow 900mV 0C Model
    Fast 900mV 100C Model
    Fast 900mV 0C Model


+---------------------------------------------------------------------------------------------------------------------------------------------------------------------------------------------------------------------------------------------------------------------------------------------------------------------------------------------------+
; Summary of Paths                                                                                                                                                                                                                                                                                                                                  ;
+-------+--------------------------------------------------------------------------------------------------+--------------------------------------------------------------------------------------------------------------------------------+--------------+-------------+--------------+------------+------------+---------------------------------+
; Slack ; From Node                                                                                        ; To Node                                                                                                                        ; Launch Clock ; Latch Clock ; Relationship ; Clock Skew ; Data Delay ; Worst-Case Operating Conditions ;
+-------+--------------------------------------------------------------------------------------------------+--------------------------------------------------------------------------------------------------------------------------------+--------------+-------------+--------------+------------+------------+---------------------------------+
; 0.176 ; System|rst_controller|r_sync_rst                                                                 ; System|mm_interconnect_0|npu_system_0_act_translator|read_accepted                                                             ; CLK_50       ; CLK_50      ; 0.000        ; 0.000      ; 0.228      ; Fast 900mV 0C Model             ;
; 0.176 ; System|rst_controller|r_sync_rst                                                                 ; System|npu_system_0|npu_system_20|state.fetch_data_latency                                                                     ; CLK_50       ; CLK_50      ; 0.000        ; 0.000      ; 0.228      ; Fast 900mV 0C Model             ;
; 0.177 ; System|rst_controller|r_sync_rst                                                                 ; System|mm_interconnect_0|data_mem_s2_translator|read_latency_shift_reg[0]~DUPLICATE                                            ; CLK_50       ; CLK_50      ; 0.000        ; 0.000      ; 0.228      ; Fast 900mV 0C Model             ;
; 0.177 ; System|rst_controller|r_sync_rst                                                                 ; System|npu_system_0|npu_system_20|state.idle                                                                                   ; CLK_50       ; CLK_50      ; 0.000        ; 0.000      ; 0.228      ; Fast 900mV 0C Model             ;
; 0.178 ; System|rst_controller|r_sync_rst                                                                 ; System|mm_interconnect_0|data_mem_s2_translator|read_latency_shift_reg[0]                                                      ; CLK_50       ; CLK_50      ; 0.000        ; 0.000      ; 0.228      ; Fast 900mV 0C Model             ;
; 0.179 ; System|rst_controller|r_sync_rst                                                                 ; System|mm_interconnect_0|data_mem_s2_translator|waitrequest_reset_override                                                     ; CLK_50       ; CLK_50      ; 0.000        ; 0.000      ; 0.228      ; Fast 900mV 0C Model             ;
; 0.180 ; System|rst_controller|r_sync_rst                                                                 ; System|npu_system_0|npu_system_20|state.idle~DUPLICATE                                                                         ; CLK_50       ; CLK_50      ; 0.000        ; 0.000      ; 0.228      ; Fast 900mV 0C Model             ;
; 0.195 ; System|master_0|master_0|rst_controller|alt_rst_sync_uq1|altera_reset_synchronizer_int_chain_out ; System|master_0|master_0|jtag_phy_embedded_in_jtag_master|normal.jtag_dc_streaming|source_crosser|crosser|synchronizer|dreg[0] ; CLK_50       ; CLK_50      ; 0.000        ; 0.000      ; 0.262      ; Fast 900mV 0C Model             ;
; 0.195 ; System|master_0|master_0|rst_controller|alt_rst_sync_uq1|altera_reset_synchronizer_int_chain_out ; System|master_0|master_0|jtag_phy_embedded_in_jtag_master|normal.jtag_dc_streaming|source_crosser|crosser|synchronizer|dreg[4] ; CLK_50       ; CLK_50      ; 0.000        ; 0.000      ; 0.262      ; Fast 900mV 0C Model             ;
; 0.195 ; System|master_0|master_0|rst_controller|alt_rst_sync_uq1|altera_reset_synchronizer_int_chain_out ; System|master_0|master_0|jtag_phy_embedded_in_jtag_master|normal.jtag_dc_streaming|source_crosser|crosser|synchronizer|dreg[5] ; CLK_50       ; CLK_50      ; 0.000        ; 0.000      ; 0.262      ; Fast 900mV 0C Model             ;
+-------+--------------------------------------------------------------------------------------------------+--------------------------------------------------------------------------------------------------------------------------------+--------------+-------------+--------------+------------+------------+---------------------------------+


Path #1: Removal slack is 0.176 
===============================================================================
+------------------------------------------------------------------------------------------------------+
; Path Summary                                                                                         ;
+---------------------------------+--------------------------------------------------------------------+
; Property                        ; Value                                                              ;
+---------------------------------+--------------------------------------------------------------------+
; From Node                       ; System|rst_controller|r_sync_rst                                   ;
; To Node                         ; System|mm_interconnect_0|npu_system_0_act_translator|read_accepted ;
; Launch Clock                    ; CLK_50                                                             ;
; Latch Clock                     ; CLK_50                                                             ;
; SDC Exception                   ; No SDC Exception on Path                                           ;
; Data Arrival Time               ; 2.618                                                              ;
; Data Required Time              ; 2.442                                                              ;
; Slack                           ; 0.176                                                              ;
; Worst-Case Operating Conditions ; Fast 900mV 0C Model                                                ;
+---------------------------------+--------------------------------------------------------------------+

+-----------------------------------------------------------------------------------+
; Statistics                                                                        ;
+------------------------+-------+-------+-------------+------------+-------+-------+
; Property               ; Value ; Count ; Total Delay ; % of Total ; Min   ; Max   ;
+------------------------+-------+-------+-------------+------------+-------+-------+
; Removal Relationship   ; 0.000 ;       ;             ;            ;       ;       ;
; Clock Skew             ; 0.000 ;       ;             ;            ;       ;       ;
; Data Delay             ; 0.228 ;       ;             ;            ;       ;       ;
; Number of Logic Levels ;       ; 0     ;             ;            ;       ;       ;
; Physical Delays        ;       ;       ;             ;            ;       ;       ;
;  Arrival Path          ;       ;       ;             ;            ;       ;       ;
;   Clock                ;       ;       ;             ;            ;       ;       ;
;    IC                  ;       ; 3     ; 1.839       ; 77         ; 0.000 ; 1.839 ;
;    Cell                ;       ; 4     ; 0.551       ; 23         ; 0.000 ; 0.261 ;
;   Data                 ;       ;       ;             ;            ;       ;       ;
;    IC                  ;       ; 1     ; 0.078       ; 34         ; 0.078 ; 0.078 ;
;    Cell                ;       ; 2     ; 0.051       ; 22         ; 0.000 ; 0.051 ;
;    uTco                ;       ; 1     ; 0.099       ; 43         ; 0.099 ; 0.099 ;
;  Required Path         ;       ;       ;             ;            ;       ;       ;
;   Clock                ;       ;       ;             ;            ;       ;       ;
;    IC                  ;       ; 3     ; 2.003       ; 77         ; 0.000 ; 2.003 ;
;    Cell                ;       ; 4     ; 0.613       ; 23         ; 0.000 ; 0.277 ;
+------------------------+-------+-------+-------------+------------+-------+-------+
Note: Negative delays are omitted from totals when calculating percentages

+-------------------------------------------------------------------------------------------------------------------------------------------------------+
; Data Arrival Path                                                                                                                                     ;
+---------+---------+----+--------+--------+---------------------+------------+-------------------------------------------------------------------------+
; Total   ; Incr    ; RF ; Type   ; Fanout ; Location            ; HS/LP      ; Element                                                                 ;
+---------+---------+----+--------+--------+---------------------+------------+-------------------------------------------------------------------------+
; 0.000   ; 0.000   ;    ;        ;        ;                     ;            ; launch edge time                                                        ;
; 0.000   ; 0.000   ;    ; borrow ;        ;                     ;            ; time borrowed                                                           ;
; 2.390   ; 2.390   ;    ;        ;        ;                     ;            ; clock path                                                              ;
;   0.000 ;   0.000 ;    ;        ;        ;                     ;            ; source latency                                                          ;
;   0.000 ;   0.000 ;    ;        ; 1      ; PIN_AM10            ;            ; CLK_50                                                                  ;
;   0.000 ;   0.000 ; RR ; IC     ; 1      ; IOIBUF_X148_Y16_N32 ;            ; CLK_50~input|i                                                          ;
;   0.261 ;   0.261 ; RR ; CELL   ; 1      ; IOIBUF_X148_Y16_N32 ;            ; CLK_50~input|o                                                          ;
;   0.322 ;   0.061 ; RR ; CELL   ; 1      ; IOIBUF_X148_Y16_N32 ;            ; CLK_50~input~io_48_lvds_tile_edge/ioclkin[0]                            ;
;   0.322 ;   0.000 ; RR ; IC     ; 2      ; CLKCTRL_3A_G_I20    ;            ; CLK_50~inputCLKENA0|inclk                                               ;
;   0.551 ;   0.229 ; RR ; CELL   ; 224447 ; CLKCTRL_3A_G_I20    ;            ; CLK_50~inputCLKENA0|outclk                                              ;
;   2.390 ;   1.839 ; RR ; IC     ; 1      ; FF_X1_Y73_N17       ; High Speed ; System|rst_controller|r_sync_rst|clk                                    ;
;   2.390 ;   0.000 ; RR ; CELL   ; 1      ; FF_X1_Y73_N17       ; High Speed ; System|rst_controller|r_sync_rst                                        ;
; 2.618   ; 0.228   ;    ;        ;        ;                     ;            ; data path                                                               ;
;   2.489 ;   0.099 ; FF ; uTco   ; 1      ; FF_X1_Y73_N17       ;            ; System|rst_controller|r_sync_rst|q                                      ;
;   2.540 ;   0.051 ; FF ; CELL   ; 1963   ; FF_X1_Y73_N17       ; High Speed ; System|rst_controller|r_sync_rst~la_lab/laboutt[11]                     ;
;   2.618 ;   0.078 ; FF ; IC     ; 1      ; FF_X1_Y73_N41       ; High Speed ; System|mm_interconnect_0|npu_system_0_act_translator|read_accepted|clrn ;
;   2.618 ;   0.000 ; FF ; CELL   ; 1      ; FF_X1_Y73_N41       ; High Speed ; System|mm_interconnect_0|npu_system_0_act_translator|read_accepted      ;
+---------+---------+----+--------+--------+---------------------+------------+-------------------------------------------------------------------------+

+-------------------------------------------------------------------------------------------------------------------------------------------------------+
; Data Required Path                                                                                                                                    ;
+---------+----------+----+--------+--------+---------------------+------------+------------------------------------------------------------------------+
; Total   ; Incr     ; RF ; Type   ; Fanout ; Location            ; HS/LP      ; Element                                                                ;
+---------+----------+----+--------+--------+---------------------+------------+------------------------------------------------------------------------+
; 0.000   ; 0.000    ;    ;        ;        ;                     ;            ; latch edge time                                                        ;
; 0.000   ; 0.000    ;    ; borrow ;        ;                     ;            ; time borrowed                                                          ;
; 2.390   ; 2.390    ;    ;        ;        ;                     ;            ; clock path                                                             ;
;   0.000 ;   0.000  ;    ;        ;        ;                     ;            ; source latency                                                         ;
;   0.000 ;   0.000  ;    ;        ; 1      ; PIN_AM10            ;            ; CLK_50                                                                 ;
;   0.000 ;   0.000  ; RR ; IC     ; 1      ; IOIBUF_X148_Y16_N32 ;            ; CLK_50~input|i                                                         ;
;   0.261 ;   0.261  ; RR ; CELL   ; 1      ; IOIBUF_X148_Y16_N32 ;            ; CLK_50~input|o                                                         ;
;   0.336 ;   0.075  ; RR ; CELL   ; 1      ; IOIBUF_X148_Y16_N32 ;            ; CLK_50~input~io_48_lvds_tile_edge/ioclkin[0]                           ;
;   0.336 ;   0.000  ; RR ; IC     ; 2      ; CLKCTRL_3A_G_I20    ;            ; CLK_50~inputCLKENA0|inclk                                              ;
;   0.613 ;   0.277  ; RR ; CELL   ; 224447 ; CLKCTRL_3A_G_I20    ;            ; CLK_50~inputCLKENA0|outclk                                             ;
;   2.616 ;   2.003  ; RR ; IC     ; 1      ; FF_X1_Y73_N41       ; High Speed ; System|mm_interconnect_0|npu_system_0_act_translator|read_accepted|clk ;
;   2.616 ;   0.000  ; RR ; CELL   ; 1      ; FF_X1_Y73_N41       ; High Speed ; System|mm_interconnect_0|npu_system_0_act_translator|read_accepted     ;
;   2.390 ;   -0.226 ;    ;        ;        ;                     ;            ; clock pessimism removed                                                ;
; 2.390   ; 0.000    ;    ;        ;        ;                     ;            ; clock uncertainty                                                      ;
; 2.442   ; 0.052    ;    ; uTh    ; 1      ; FF_X1_Y73_N41       ;            ; System|mm_interconnect_0|npu_system_0_act_translator|read_accepted     ;
+---------+----------+----+--------+--------+---------------------+------------+------------------------------------------------------------------------+



Path #2: Removal slack is 0.176 
===============================================================================
+----------------------------------------------------------------------------------------------+
; Path Summary                                                                                 ;
+---------------------------------+------------------------------------------------------------+
; Property                        ; Value                                                      ;
+---------------------------------+------------------------------------------------------------+
; From Node                       ; System|rst_controller|r_sync_rst                           ;
; To Node                         ; System|npu_system_0|npu_system_20|state.fetch_data_latency ;
; Launch Clock                    ; CLK_50                                                     ;
; Latch Clock                     ; CLK_50                                                     ;
; SDC Exception                   ; No SDC Exception on Path                                   ;
; Data Arrival Time               ; 2.618                                                      ;
; Data Required Time              ; 2.442                                                      ;
; Slack                           ; 0.176                                                      ;
; Worst-Case Operating Conditions ; Fast 900mV 0C Model                                        ;
+---------------------------------+------------------------------------------------------------+

+-----------------------------------------------------------------------------------+
; Statistics                                                                        ;
+------------------------+-------+-------+-------------+------------+-------+-------+
; Property               ; Value ; Count ; Total Delay ; % of Total ; Min   ; Max   ;
+------------------------+-------+-------+-------------+------------+-------+-------+
; Removal Relationship   ; 0.000 ;       ;             ;            ;       ;       ;
; Clock Skew             ; 0.000 ;       ;             ;            ;       ;       ;
; Data Delay             ; 0.228 ;       ;             ;            ;       ;       ;
; Number of Logic Levels ;       ; 0     ;             ;            ;       ;       ;
; Physical Delays        ;       ;       ;             ;            ;       ;       ;
;  Arrival Path          ;       ;       ;             ;            ;       ;       ;
;   Clock                ;       ;       ;             ;            ;       ;       ;
;    IC                  ;       ; 3     ; 1.839       ; 77         ; 0.000 ; 1.839 ;
;    Cell                ;       ; 4     ; 0.551       ; 23         ; 0.000 ; 0.261 ;
;   Data                 ;       ;       ;             ;            ;       ;       ;
;    IC                  ;       ; 1     ; 0.078       ; 34         ; 0.078 ; 0.078 ;
;    Cell                ;       ; 2     ; 0.051       ; 22         ; 0.000 ; 0.051 ;
;    uTco                ;       ; 1     ; 0.099       ; 43         ; 0.099 ; 0.099 ;
;  Required Path         ;       ;       ;             ;            ;       ;       ;
;   Clock                ;       ;       ;             ;            ;       ;       ;
;    IC                  ;       ; 3     ; 2.003       ; 77         ; 0.000 ; 2.003 ;
;    Cell                ;       ; 4     ; 0.613       ; 23         ; 0.000 ; 0.277 ;
+------------------------+-------+-------+-------------+------------+-------+-------+
Note: Negative delays are omitted from totals when calculating percentages

+-----------------------------------------------------------------------------------------------------------------------------------------------+
; Data Arrival Path                                                                                                                             ;
+---------+---------+----+--------+--------+---------------------+------------+-----------------------------------------------------------------+
; Total   ; Incr    ; RF ; Type   ; Fanout ; Location            ; HS/LP      ; Element                                                         ;
+---------+---------+----+--------+--------+---------------------+------------+-----------------------------------------------------------------+
; 0.000   ; 0.000   ;    ;        ;        ;                     ;            ; launch edge time                                                ;
; 0.000   ; 0.000   ;    ; borrow ;        ;                     ;            ; time borrowed                                                   ;
; 2.390   ; 2.390   ;    ;        ;        ;                     ;            ; clock path                                                      ;
;   0.000 ;   0.000 ;    ;        ;        ;                     ;            ; source latency                                                  ;
;   0.000 ;   0.000 ;    ;        ; 1      ; PIN_AM10            ;            ; CLK_50                                                          ;
;   0.000 ;   0.000 ; RR ; IC     ; 1      ; IOIBUF_X148_Y16_N32 ;            ; CLK_50~input|i                                                  ;
;   0.261 ;   0.261 ; RR ; CELL   ; 1      ; IOIBUF_X148_Y16_N32 ;            ; CLK_50~input|o                                                  ;
;   0.322 ;   0.061 ; RR ; CELL   ; 1      ; IOIBUF_X148_Y16_N32 ;            ; CLK_50~input~io_48_lvds_tile_edge/ioclkin[0]                    ;
;   0.322 ;   0.000 ; RR ; IC     ; 2      ; CLKCTRL_3A_G_I20    ;            ; CLK_50~inputCLKENA0|inclk                                       ;
;   0.551 ;   0.229 ; RR ; CELL   ; 224447 ; CLKCTRL_3A_G_I20    ;            ; CLK_50~inputCLKENA0|outclk                                      ;
;   2.390 ;   1.839 ; RR ; IC     ; 1      ; FF_X1_Y73_N17       ; High Speed ; System|rst_controller|r_sync_rst|clk                            ;
;   2.390 ;   0.000 ; RR ; CELL   ; 1      ; FF_X1_Y73_N17       ; High Speed ; System|rst_controller|r_sync_rst                                ;
; 2.618   ; 0.228   ;    ;        ;        ;                     ;            ; data path                                                       ;
;   2.489 ;   0.099 ; FF ; uTco   ; 1      ; FF_X1_Y73_N17       ;            ; System|rst_controller|r_sync_rst|q                              ;
;   2.540 ;   0.051 ; FF ; CELL   ; 1963   ; FF_X1_Y73_N17       ; High Speed ; System|rst_controller|r_sync_rst~la_lab/laboutt[11]             ;
;   2.618 ;   0.078 ; FF ; IC     ; 1      ; FF_X1_Y73_N47       ; High Speed ; System|npu_system_0|npu_system_20|state.fetch_data_latency|clrn ;
;   2.618 ;   0.000 ; FF ; CELL   ; 1      ; FF_X1_Y73_N47       ; High Speed ; System|npu_system_0|npu_system_20|state.fetch_data_latency      ;
+---------+---------+----+--------+--------+---------------------+------------+-----------------------------------------------------------------+

+-----------------------------------------------------------------------------------------------------------------------------------------------+
; Data Required Path                                                                                                                            ;
+---------+----------+----+--------+--------+---------------------+------------+----------------------------------------------------------------+
; Total   ; Incr     ; RF ; Type   ; Fanout ; Location            ; HS/LP      ; Element                                                        ;
+---------+----------+----+--------+--------+---------------------+------------+----------------------------------------------------------------+
; 0.000   ; 0.000    ;    ;        ;        ;                     ;            ; latch edge time                                                ;
; 0.000   ; 0.000    ;    ; borrow ;        ;                     ;            ; time borrowed                                                  ;
; 2.390   ; 2.390    ;    ;        ;        ;                     ;            ; clock path                                                     ;
;   0.000 ;   0.000  ;    ;        ;        ;                     ;            ; source latency                                                 ;
;   0.000 ;   0.000  ;    ;        ; 1      ; PIN_AM10            ;            ; CLK_50                                                         ;
;   0.000 ;   0.000  ; RR ; IC     ; 1      ; IOIBUF_X148_Y16_N32 ;            ; CLK_50~input|i                                                 ;
;   0.261 ;   0.261  ; RR ; CELL   ; 1      ; IOIBUF_X148_Y16_N32 ;            ; CLK_50~input|o                                                 ;
;   0.336 ;   0.075  ; RR ; CELL   ; 1      ; IOIBUF_X148_Y16_N32 ;            ; CLK_50~input~io_48_lvds_tile_edge/ioclkin[0]                   ;
;   0.336 ;   0.000  ; RR ; IC     ; 2      ; CLKCTRL_3A_G_I20    ;            ; CLK_50~inputCLKENA0|inclk                                      ;
;   0.613 ;   0.277  ; RR ; CELL   ; 224447 ; CLKCTRL_3A_G_I20    ;            ; CLK_50~inputCLKENA0|outclk                                     ;
;   2.616 ;   2.003  ; RR ; IC     ; 1      ; FF_X1_Y73_N47       ; High Speed ; System|npu_system_0|npu_system_20|state.fetch_data_latency|clk ;
;   2.616 ;   0.000  ; RR ; CELL   ; 1      ; FF_X1_Y73_N47       ; High Speed ; System|npu_system_0|npu_system_20|state.fetch_data_latency     ;
;   2.390 ;   -0.226 ;    ;        ;        ;                     ;            ; clock pessimism removed                                        ;
; 2.390   ; 0.000    ;    ;        ;        ;                     ;            ; clock uncertainty                                              ;
; 2.442   ; 0.052    ;    ; uTh    ; 1      ; FF_X1_Y73_N47       ;            ; System|npu_system_0|npu_system_20|state.fetch_data_latency     ;
+---------+----------+----+--------+--------+---------------------+------------+----------------------------------------------------------------+



Path #3: Removal slack is 0.177 
===============================================================================
+-----------------------------------------------------------------------------------------------------------------------+
; Path Summary                                                                                                          ;
+---------------------------------+-------------------------------------------------------------------------------------+
; Property                        ; Value                                                                               ;
+---------------------------------+-------------------------------------------------------------------------------------+
; From Node                       ; System|rst_controller|r_sync_rst                                                    ;
; To Node                         ; System|mm_interconnect_0|data_mem_s2_translator|read_latency_shift_reg[0]~DUPLICATE ;
; Launch Clock                    ; CLK_50                                                                              ;
; Latch Clock                     ; CLK_50                                                                              ;
; SDC Exception                   ; No SDC Exception on Path                                                            ;
; Data Arrival Time               ; 2.618                                                                               ;
; Data Required Time              ; 2.441                                                                               ;
; Slack                           ; 0.177                                                                               ;
; Worst-Case Operating Conditions ; Fast 900mV 0C Model                                                                 ;
+---------------------------------+-------------------------------------------------------------------------------------+

+-----------------------------------------------------------------------------------+
; Statistics                                                                        ;
+------------------------+-------+-------+-------------+------------+-------+-------+
; Property               ; Value ; Count ; Total Delay ; % of Total ; Min   ; Max   ;
+------------------------+-------+-------+-------------+------------+-------+-------+
; Removal Relationship   ; 0.000 ;       ;             ;            ;       ;       ;
; Clock Skew             ; 0.000 ;       ;             ;            ;       ;       ;
; Data Delay             ; 0.228 ;       ;             ;            ;       ;       ;
; Number of Logic Levels ;       ; 0     ;             ;            ;       ;       ;
; Physical Delays        ;       ;       ;             ;            ;       ;       ;
;  Arrival Path          ;       ;       ;             ;            ;       ;       ;
;   Clock                ;       ;       ;             ;            ;       ;       ;
;    IC                  ;       ; 3     ; 1.839       ; 77         ; 0.000 ; 1.839 ;
;    Cell                ;       ; 4     ; 0.551       ; 23         ; 0.000 ; 0.261 ;
;   Data                 ;       ;       ;             ;            ;       ;       ;
;    IC                  ;       ; 1     ; 0.078       ; 34         ; 0.078 ; 0.078 ;
;    Cell                ;       ; 2     ; 0.051       ; 22         ; 0.000 ; 0.051 ;
;    uTco                ;       ; 1     ; 0.099       ; 43         ; 0.099 ; 0.099 ;
;  Required Path         ;       ;       ;             ;            ;       ;       ;
;   Clock                ;       ;       ;             ;            ;       ;       ;
;    IC                  ;       ; 3     ; 2.003       ; 77         ; 0.000 ; 2.003 ;
;    Cell                ;       ; 4     ; 0.613       ; 23         ; 0.000 ; 0.277 ;
+------------------------+-------+-------+-------------+------------+-------+-------+
Note: Negative delays are omitted from totals when calculating percentages

+------------------------------------------------------------------------------------------------------------------------------------------------------------------------+
; Data Arrival Path                                                                                                                                                      ;
+---------+---------+----+--------+--------+---------------------+------------+------------------------------------------------------------------------------------------+
; Total   ; Incr    ; RF ; Type   ; Fanout ; Location            ; HS/LP      ; Element                                                                                  ;
+---------+---------+----+--------+--------+---------------------+------------+------------------------------------------------------------------------------------------+
; 0.000   ; 0.000   ;    ;        ;        ;                     ;            ; launch edge time                                                                         ;
; 0.000   ; 0.000   ;    ; borrow ;        ;                     ;            ; time borrowed                                                                            ;
; 2.390   ; 2.390   ;    ;        ;        ;                     ;            ; clock path                                                                               ;
;   0.000 ;   0.000 ;    ;        ;        ;                     ;            ; source latency                                                                           ;
;   0.000 ;   0.000 ;    ;        ; 1      ; PIN_AM10            ;            ; CLK_50                                                                                   ;
;   0.000 ;   0.000 ; RR ; IC     ; 1      ; IOIBUF_X148_Y16_N32 ;            ; CLK_50~input|i                                                                           ;
;   0.261 ;   0.261 ; RR ; CELL   ; 1      ; IOIBUF_X148_Y16_N32 ;            ; CLK_50~input|o                                                                           ;
;   0.322 ;   0.061 ; RR ; CELL   ; 1      ; IOIBUF_X148_Y16_N32 ;            ; CLK_50~input~io_48_lvds_tile_edge/ioclkin[0]                                             ;
;   0.322 ;   0.000 ; RR ; IC     ; 2      ; CLKCTRL_3A_G_I20    ;            ; CLK_50~inputCLKENA0|inclk                                                                ;
;   0.551 ;   0.229 ; RR ; CELL   ; 224447 ; CLKCTRL_3A_G_I20    ;            ; CLK_50~inputCLKENA0|outclk                                                               ;
;   2.390 ;   1.839 ; RR ; IC     ; 1      ; FF_X1_Y73_N17       ; High Speed ; System|rst_controller|r_sync_rst|clk                                                     ;
;   2.390 ;   0.000 ; RR ; CELL   ; 1      ; FF_X1_Y73_N17       ; High Speed ; System|rst_controller|r_sync_rst                                                         ;
; 2.618   ; 0.228   ;    ;        ;        ;                     ;            ; data path                                                                                ;
;   2.489 ;   0.099 ; FF ; uTco   ; 1      ; FF_X1_Y73_N17       ;            ; System|rst_controller|r_sync_rst|q                                                       ;
;   2.540 ;   0.051 ; FF ; CELL   ; 1963   ; FF_X1_Y73_N17       ; High Speed ; System|rst_controller|r_sync_rst~la_lab/laboutt[11]                                      ;
;   2.618 ;   0.078 ; FF ; IC     ; 1      ; FF_X1_Y73_N37       ; High Speed ; System|mm_interconnect_0|data_mem_s2_translator|read_latency_shift_reg[0]~DUPLICATE|clrn ;
;   2.618 ;   0.000 ; FF ; CELL   ; 1      ; FF_X1_Y73_N37       ; High Speed ; System|mm_interconnect_0|data_mem_s2_translator|read_latency_shift_reg[0]~DUPLICATE      ;
+---------+---------+----+--------+--------+---------------------+------------+------------------------------------------------------------------------------------------+

+------------------------------------------------------------------------------------------------------------------------------------------------------------------------+
; Data Required Path                                                                                                                                                     ;
+---------+----------+----+--------+--------+---------------------+------------+-----------------------------------------------------------------------------------------+
; Total   ; Incr     ; RF ; Type   ; Fanout ; Location            ; HS/LP      ; Element                                                                                 ;
+---------+----------+----+--------+--------+---------------------+------------+-----------------------------------------------------------------------------------------+
; 0.000   ; 0.000    ;    ;        ;        ;                     ;            ; latch edge time                                                                         ;
; 0.000   ; 0.000    ;    ; borrow ;        ;                     ;            ; time borrowed                                                                           ;
; 2.390   ; 2.390    ;    ;        ;        ;                     ;            ; clock path                                                                              ;
;   0.000 ;   0.000  ;    ;        ;        ;                     ;            ; source latency                                                                          ;
;   0.000 ;   0.000  ;    ;        ; 1      ; PIN_AM10            ;            ; CLK_50                                                                                  ;
;   0.000 ;   0.000  ; RR ; IC     ; 1      ; IOIBUF_X148_Y16_N32 ;            ; CLK_50~input|i                                                                          ;
;   0.261 ;   0.261  ; RR ; CELL   ; 1      ; IOIBUF_X148_Y16_N32 ;            ; CLK_50~input|o                                                                          ;
;   0.336 ;   0.075  ; RR ; CELL   ; 1      ; IOIBUF_X148_Y16_N32 ;            ; CLK_50~input~io_48_lvds_tile_edge/ioclkin[0]                                            ;
;   0.336 ;   0.000  ; RR ; IC     ; 2      ; CLKCTRL_3A_G_I20    ;            ; CLK_50~inputCLKENA0|inclk                                                               ;
;   0.613 ;   0.277  ; RR ; CELL   ; 224447 ; CLKCTRL_3A_G_I20    ;            ; CLK_50~inputCLKENA0|outclk                                                              ;
;   2.616 ;   2.003  ; RR ; IC     ; 1      ; FF_X1_Y73_N37       ; High Speed ; System|mm_interconnect_0|data_mem_s2_translator|read_latency_shift_reg[0]~DUPLICATE|clk ;
;   2.616 ;   0.000  ; RR ; CELL   ; 1      ; FF_X1_Y73_N37       ; High Speed ; System|mm_interconnect_0|data_mem_s2_translator|read_latency_shift_reg[0]~DUPLICATE     ;
;   2.390 ;   -0.226 ;    ;        ;        ;                     ;            ; clock pessimism removed                                                                 ;
; 2.390   ; 0.000    ;    ;        ;        ;                     ;            ; clock uncertainty                                                                       ;
; 2.441   ; 0.051    ;    ; uTh    ; 1      ; FF_X1_Y73_N37       ;            ; System|mm_interconnect_0|data_mem_s2_translator|read_latency_shift_reg[0]~DUPLICATE     ;
+---------+----------+----+--------+--------+---------------------+------------+-----------------------------------------------------------------------------------------+



Path #4: Removal slack is 0.177 
===============================================================================
+--------------------------------------------------------------------------------+
; Path Summary                                                                   ;
+---------------------------------+----------------------------------------------+
; Property                        ; Value                                        ;
+---------------------------------+----------------------------------------------+
; From Node                       ; System|rst_controller|r_sync_rst             ;
; To Node                         ; System|npu_system_0|npu_system_20|state.idle ;
; Launch Clock                    ; CLK_50                                       ;
; Latch Clock                     ; CLK_50                                       ;
; SDC Exception                   ; No SDC Exception on Path                     ;
; Data Arrival Time               ; 2.618                                        ;
; Data Required Time              ; 2.441                                        ;
; Slack                           ; 0.177                                        ;
; Worst-Case Operating Conditions ; Fast 900mV 0C Model                          ;
+---------------------------------+----------------------------------------------+

+-----------------------------------------------------------------------------------+
; Statistics                                                                        ;
+------------------------+-------+-------+-------------+------------+-------+-------+
; Property               ; Value ; Count ; Total Delay ; % of Total ; Min   ; Max   ;
+------------------------+-------+-------+-------------+------------+-------+-------+
; Removal Relationship   ; 0.000 ;       ;             ;            ;       ;       ;
; Clock Skew             ; 0.000 ;       ;             ;            ;       ;       ;
; Data Delay             ; 0.228 ;       ;             ;            ;       ;       ;
; Number of Logic Levels ;       ; 0     ;             ;            ;       ;       ;
; Physical Delays        ;       ;       ;             ;            ;       ;       ;
;  Arrival Path          ;       ;       ;             ;            ;       ;       ;
;   Clock                ;       ;       ;             ;            ;       ;       ;
;    IC                  ;       ; 3     ; 1.839       ; 77         ; 0.000 ; 1.839 ;
;    Cell                ;       ; 4     ; 0.551       ; 23         ; 0.000 ; 0.261 ;
;   Data                 ;       ;       ;             ;            ;       ;       ;
;    IC                  ;       ; 1     ; 0.078       ; 34         ; 0.078 ; 0.078 ;
;    Cell                ;       ; 2     ; 0.051       ; 22         ; 0.000 ; 0.051 ;
;    uTco                ;       ; 1     ; 0.099       ; 43         ; 0.099 ; 0.099 ;
;  Required Path         ;       ;       ;             ;            ;       ;       ;
;   Clock                ;       ;       ;             ;            ;       ;       ;
;    IC                  ;       ; 3     ; 2.003       ; 77         ; 0.000 ; 2.003 ;
;    Cell                ;       ; 4     ; 0.613       ; 23         ; 0.000 ; 0.277 ;
+------------------------+-------+-------+-------------+------------+-------+-------+
Note: Negative delays are omitted from totals when calculating percentages

+-----------------------------------------------------------------------------------------------------------------------------------+
; Data Arrival Path                                                                                                                 ;
+---------+---------+----+--------+--------+---------------------+------------+-----------------------------------------------------+
; Total   ; Incr    ; RF ; Type   ; Fanout ; Location            ; HS/LP      ; Element                                             ;
+---------+---------+----+--------+--------+---------------------+------------+-----------------------------------------------------+
; 0.000   ; 0.000   ;    ;        ;        ;                     ;            ; launch edge time                                    ;
; 0.000   ; 0.000   ;    ; borrow ;        ;                     ;            ; time borrowed                                       ;
; 2.390   ; 2.390   ;    ;        ;        ;                     ;            ; clock path                                          ;
;   0.000 ;   0.000 ;    ;        ;        ;                     ;            ; source latency                                      ;
;   0.000 ;   0.000 ;    ;        ; 1      ; PIN_AM10            ;            ; CLK_50                                              ;
;   0.000 ;   0.000 ; RR ; IC     ; 1      ; IOIBUF_X148_Y16_N32 ;            ; CLK_50~input|i                                      ;
;   0.261 ;   0.261 ; RR ; CELL   ; 1      ; IOIBUF_X148_Y16_N32 ;            ; CLK_50~input|o                                      ;
;   0.322 ;   0.061 ; RR ; CELL   ; 1      ; IOIBUF_X148_Y16_N32 ;            ; CLK_50~input~io_48_lvds_tile_edge/ioclkin[0]        ;
;   0.322 ;   0.000 ; RR ; IC     ; 2      ; CLKCTRL_3A_G_I20    ;            ; CLK_50~inputCLKENA0|inclk                           ;
;   0.551 ;   0.229 ; RR ; CELL   ; 224447 ; CLKCTRL_3A_G_I20    ;            ; CLK_50~inputCLKENA0|outclk                          ;
;   2.390 ;   1.839 ; RR ; IC     ; 1      ; FF_X1_Y73_N17       ; High Speed ; System|rst_controller|r_sync_rst|clk                ;
;   2.390 ;   0.000 ; RR ; CELL   ; 1      ; FF_X1_Y73_N17       ; High Speed ; System|rst_controller|r_sync_rst                    ;
; 2.618   ; 0.228   ;    ;        ;        ;                     ;            ; data path                                           ;
;   2.489 ;   0.099 ; FF ; uTco   ; 1      ; FF_X1_Y73_N17       ;            ; System|rst_controller|r_sync_rst|q                  ;
;   2.540 ;   0.051 ; FF ; CELL   ; 1963   ; FF_X1_Y73_N17       ; High Speed ; System|rst_controller|r_sync_rst~la_lab/laboutt[11] ;
;   2.618 ;   0.078 ; FF ; IC     ; 1      ; FF_X1_Y73_N59       ; High Speed ; System|npu_system_0|npu_system_20|state.idle|clrn   ;
;   2.618 ;   0.000 ; FF ; CELL   ; 1      ; FF_X1_Y73_N59       ; High Speed ; System|npu_system_0|npu_system_20|state.idle        ;
+---------+---------+----+--------+--------+---------------------+------------+-----------------------------------------------------+

+---------------------------------------------------------------------------------------------------------------------------------+
; Data Required Path                                                                                                              ;
+---------+----------+----+--------+--------+---------------------+------------+--------------------------------------------------+
; Total   ; Incr     ; RF ; Type   ; Fanout ; Location            ; HS/LP      ; Element                                          ;
+---------+----------+----+--------+--------+---------------------+------------+--------------------------------------------------+
; 0.000   ; 0.000    ;    ;        ;        ;                     ;            ; latch edge time                                  ;
; 0.000   ; 0.000    ;    ; borrow ;        ;                     ;            ; time borrowed                                    ;
; 2.390   ; 2.390    ;    ;        ;        ;                     ;            ; clock path                                       ;
;   0.000 ;   0.000  ;    ;        ;        ;                     ;            ; source latency                                   ;
;   0.000 ;   0.000  ;    ;        ; 1      ; PIN_AM10            ;            ; CLK_50                                           ;
;   0.000 ;   0.000  ; RR ; IC     ; 1      ; IOIBUF_X148_Y16_N32 ;            ; CLK_50~input|i                                   ;
;   0.261 ;   0.261  ; RR ; CELL   ; 1      ; IOIBUF_X148_Y16_N32 ;            ; CLK_50~input|o                                   ;
;   0.336 ;   0.075  ; RR ; CELL   ; 1      ; IOIBUF_X148_Y16_N32 ;            ; CLK_50~input~io_48_lvds_tile_edge/ioclkin[0]     ;
;   0.336 ;   0.000  ; RR ; IC     ; 2      ; CLKCTRL_3A_G_I20    ;            ; CLK_50~inputCLKENA0|inclk                        ;
;   0.613 ;   0.277  ; RR ; CELL   ; 224447 ; CLKCTRL_3A_G_I20    ;            ; CLK_50~inputCLKENA0|outclk                       ;
;   2.616 ;   2.003  ; RR ; IC     ; 1      ; FF_X1_Y73_N59       ; High Speed ; System|npu_system_0|npu_system_20|state.idle|clk ;
;   2.616 ;   0.000  ; RR ; CELL   ; 1      ; FF_X1_Y73_N59       ; High Speed ; System|npu_system_0|npu_system_20|state.idle     ;
;   2.390 ;   -0.226 ;    ;        ;        ;                     ;            ; clock pessimism removed                          ;
; 2.390   ; 0.000    ;    ;        ;        ;                     ;            ; clock uncertainty                                ;
; 2.441   ; 0.051    ;    ; uTh    ; 1      ; FF_X1_Y73_N59       ;            ; System|npu_system_0|npu_system_20|state.idle     ;
+---------+----------+----+--------+--------+---------------------+------------+--------------------------------------------------+



Path #5: Removal slack is 0.178 
===============================================================================
+-------------------------------------------------------------------------------------------------------------+
; Path Summary                                                                                                ;
+---------------------------------+---------------------------------------------------------------------------+
; Property                        ; Value                                                                     ;
+---------------------------------+---------------------------------------------------------------------------+
; From Node                       ; System|rst_controller|r_sync_rst                                          ;
; To Node                         ; System|mm_interconnect_0|data_mem_s2_translator|read_latency_shift_reg[0] ;
; Launch Clock                    ; CLK_50                                                                    ;
; Latch Clock                     ; CLK_50                                                                    ;
; SDC Exception                   ; No SDC Exception on Path                                                  ;
; Data Arrival Time               ; 2.618                                                                     ;
; Data Required Time              ; 2.440                                                                     ;
; Slack                           ; 0.178                                                                     ;
; Worst-Case Operating Conditions ; Fast 900mV 0C Model                                                       ;
+---------------------------------+---------------------------------------------------------------------------+

+-----------------------------------------------------------------------------------+
; Statistics                                                                        ;
+------------------------+-------+-------+-------------+------------+-------+-------+
; Property               ; Value ; Count ; Total Delay ; % of Total ; Min   ; Max   ;
+------------------------+-------+-------+-------------+------------+-------+-------+
; Removal Relationship   ; 0.000 ;       ;             ;            ;       ;       ;
; Clock Skew             ; 0.000 ;       ;             ;            ;       ;       ;
; Data Delay             ; 0.228 ;       ;             ;            ;       ;       ;
; Number of Logic Levels ;       ; 0     ;             ;            ;       ;       ;
; Physical Delays        ;       ;       ;             ;            ;       ;       ;
;  Arrival Path          ;       ;       ;             ;            ;       ;       ;
;   Clock                ;       ;       ;             ;            ;       ;       ;
;    IC                  ;       ; 3     ; 1.839       ; 77         ; 0.000 ; 1.839 ;
;    Cell                ;       ; 4     ; 0.551       ; 23         ; 0.000 ; 0.261 ;
;   Data                 ;       ;       ;             ;            ;       ;       ;
;    IC                  ;       ; 1     ; 0.078       ; 34         ; 0.078 ; 0.078 ;
;    Cell                ;       ; 2     ; 0.051       ; 22         ; 0.000 ; 0.051 ;
;    uTco                ;       ; 1     ; 0.099       ; 43         ; 0.099 ; 0.099 ;
;  Required Path         ;       ;       ;             ;            ;       ;       ;
;   Clock                ;       ;       ;             ;            ;       ;       ;
;    IC                  ;       ; 3     ; 2.003       ; 77         ; 0.000 ; 2.003 ;
;    Cell                ;       ; 4     ; 0.613       ; 23         ; 0.000 ; 0.277 ;
+------------------------+-------+-------+-------------+------------+-------+-------+
Note: Negative delays are omitted from totals when calculating percentages

+--------------------------------------------------------------------------------------------------------------------------------------------------------------+
; Data Arrival Path                                                                                                                                            ;
+---------+---------+----+--------+--------+---------------------+------------+--------------------------------------------------------------------------------+
; Total   ; Incr    ; RF ; Type   ; Fanout ; Location            ; HS/LP      ; Element                                                                        ;
+---------+---------+----+--------+--------+---------------------+------------+--------------------------------------------------------------------------------+
; 0.000   ; 0.000   ;    ;        ;        ;                     ;            ; launch edge time                                                               ;
; 0.000   ; 0.000   ;    ; borrow ;        ;                     ;            ; time borrowed                                                                  ;
; 2.390   ; 2.390   ;    ;        ;        ;                     ;            ; clock path                                                                     ;
;   0.000 ;   0.000 ;    ;        ;        ;                     ;            ; source latency                                                                 ;
;   0.000 ;   0.000 ;    ;        ; 1      ; PIN_AM10            ;            ; CLK_50                                                                         ;
;   0.000 ;   0.000 ; RR ; IC     ; 1      ; IOIBUF_X148_Y16_N32 ;            ; CLK_50~input|i                                                                 ;
;   0.261 ;   0.261 ; RR ; CELL   ; 1      ; IOIBUF_X148_Y16_N32 ;            ; CLK_50~input|o                                                                 ;
;   0.322 ;   0.061 ; RR ; CELL   ; 1      ; IOIBUF_X148_Y16_N32 ;            ; CLK_50~input~io_48_lvds_tile_edge/ioclkin[0]                                   ;
;   0.322 ;   0.000 ; RR ; IC     ; 2      ; CLKCTRL_3A_G_I20    ;            ; CLK_50~inputCLKENA0|inclk                                                      ;
;   0.551 ;   0.229 ; RR ; CELL   ; 224447 ; CLKCTRL_3A_G_I20    ;            ; CLK_50~inputCLKENA0|outclk                                                     ;
;   2.390 ;   1.839 ; RR ; IC     ; 1      ; FF_X1_Y73_N17       ; High Speed ; System|rst_controller|r_sync_rst|clk                                           ;
;   2.390 ;   0.000 ; RR ; CELL   ; 1      ; FF_X1_Y73_N17       ; High Speed ; System|rst_controller|r_sync_rst                                               ;
; 2.618   ; 0.228   ;    ;        ;        ;                     ;            ; data path                                                                      ;
;   2.489 ;   0.099 ; FF ; uTco   ; 1      ; FF_X1_Y73_N17       ;            ; System|rst_controller|r_sync_rst|q                                             ;
;   2.540 ;   0.051 ; FF ; CELL   ; 1963   ; FF_X1_Y73_N17       ; High Speed ; System|rst_controller|r_sync_rst~la_lab/laboutt[11]                            ;
;   2.618 ;   0.078 ; FF ; IC     ; 1      ; FF_X1_Y73_N38       ; High Speed ; System|mm_interconnect_0|data_mem_s2_translator|read_latency_shift_reg[0]|clrn ;
;   2.618 ;   0.000 ; FF ; CELL   ; 1      ; FF_X1_Y73_N38       ; High Speed ; System|mm_interconnect_0|data_mem_s2_translator|read_latency_shift_reg[0]      ;
+---------+---------+----+--------+--------+---------------------+------------+--------------------------------------------------------------------------------+

+--------------------------------------------------------------------------------------------------------------------------------------------------------------+
; Data Required Path                                                                                                                                           ;
+---------+----------+----+--------+--------+---------------------+------------+-------------------------------------------------------------------------------+
; Total   ; Incr     ; RF ; Type   ; Fanout ; Location            ; HS/LP      ; Element                                                                       ;
+---------+----------+----+--------+--------+---------------------+------------+-------------------------------------------------------------------------------+
; 0.000   ; 0.000    ;    ;        ;        ;                     ;            ; latch edge time                                                               ;
; 0.000   ; 0.000    ;    ; borrow ;        ;                     ;            ; time borrowed                                                                 ;
; 2.390   ; 2.390    ;    ;        ;        ;                     ;            ; clock path                                                                    ;
;   0.000 ;   0.000  ;    ;        ;        ;                     ;            ; source latency                                                                ;
;   0.000 ;   0.000  ;    ;        ; 1      ; PIN_AM10            ;            ; CLK_50                                                                        ;
;   0.000 ;   0.000  ; RR ; IC     ; 1      ; IOIBUF_X148_Y16_N32 ;            ; CLK_50~input|i                                                                ;
;   0.261 ;   0.261  ; RR ; CELL   ; 1      ; IOIBUF_X148_Y16_N32 ;            ; CLK_50~input|o                                                                ;
;   0.336 ;   0.075  ; RR ; CELL   ; 1      ; IOIBUF_X148_Y16_N32 ;            ; CLK_50~input~io_48_lvds_tile_edge/ioclkin[0]                                  ;
;   0.336 ;   0.000  ; RR ; IC     ; 2      ; CLKCTRL_3A_G_I20    ;            ; CLK_50~inputCLKENA0|inclk                                                     ;
;   0.613 ;   0.277  ; RR ; CELL   ; 224447 ; CLKCTRL_3A_G_I20    ;            ; CLK_50~inputCLKENA0|outclk                                                    ;
;   2.616 ;   2.003  ; RR ; IC     ; 1      ; FF_X1_Y73_N38       ; High Speed ; System|mm_interconnect_0|data_mem_s2_translator|read_latency_shift_reg[0]|clk ;
;   2.616 ;   0.000  ; RR ; CELL   ; 1      ; FF_X1_Y73_N38       ; High Speed ; System|mm_interconnect_0|data_mem_s2_translator|read_latency_shift_reg[0]     ;
;   2.390 ;   -0.226 ;    ;        ;        ;                     ;            ; clock pessimism removed                                                       ;
; 2.390   ; 0.000    ;    ;        ;        ;                     ;            ; clock uncertainty                                                             ;
; 2.440   ; 0.050    ;    ; uTh    ; 1      ; FF_X1_Y73_N38       ;            ; System|mm_interconnect_0|data_mem_s2_translator|read_latency_shift_reg[0]     ;
+---------+----------+----+--------+--------+---------------------+------------+-------------------------------------------------------------------------------+



Path #6: Removal slack is 0.179 
===============================================================================
+--------------------------------------------------------------------------------------------------------------+
; Path Summary                                                                                                 ;
+---------------------------------+----------------------------------------------------------------------------+
; Property                        ; Value                                                                      ;
+---------------------------------+----------------------------------------------------------------------------+
; From Node                       ; System|rst_controller|r_sync_rst                                           ;
; To Node                         ; System|mm_interconnect_0|data_mem_s2_translator|waitrequest_reset_override ;
; Launch Clock                    ; CLK_50                                                                     ;
; Latch Clock                     ; CLK_50                                                                     ;
; SDC Exception                   ; No SDC Exception on Path                                                   ;
; Data Arrival Time               ; 2.618                                                                      ;
; Data Required Time              ; 2.439                                                                      ;
; Slack                           ; 0.179                                                                      ;
; Worst-Case Operating Conditions ; Fast 900mV 0C Model                                                        ;
+---------------------------------+----------------------------------------------------------------------------+

+-----------------------------------------------------------------------------------+
; Statistics                                                                        ;
+------------------------+-------+-------+-------------+------------+-------+-------+
; Property               ; Value ; Count ; Total Delay ; % of Total ; Min   ; Max   ;
+------------------------+-------+-------+-------------+------------+-------+-------+
; Removal Relationship   ; 0.000 ;       ;             ;            ;       ;       ;
; Clock Skew             ; 0.000 ;       ;             ;            ;       ;       ;
; Data Delay             ; 0.228 ;       ;             ;            ;       ;       ;
; Number of Logic Levels ;       ; 0     ;             ;            ;       ;       ;
; Physical Delays        ;       ;       ;             ;            ;       ;       ;
;  Arrival Path          ;       ;       ;             ;            ;       ;       ;
;   Clock                ;       ;       ;             ;            ;       ;       ;
;    IC                  ;       ; 3     ; 1.839       ; 77         ; 0.000 ; 1.839 ;
;    Cell                ;       ; 4     ; 0.551       ; 23         ; 0.000 ; 0.261 ;
;   Data                 ;       ;       ;             ;            ;       ;       ;
;    IC                  ;       ; 1     ; 0.078       ; 34         ; 0.078 ; 0.078 ;
;    Cell                ;       ; 2     ; 0.051       ; 22         ; 0.000 ; 0.051 ;
;    uTco                ;       ; 1     ; 0.099       ; 43         ; 0.099 ; 0.099 ;
;  Required Path         ;       ;       ;             ;            ;       ;       ;
;   Clock                ;       ;       ;             ;            ;       ;       ;
;    IC                  ;       ; 3     ; 2.003       ; 77         ; 0.000 ; 2.003 ;
;    Cell                ;       ; 4     ; 0.613       ; 23         ; 0.000 ; 0.277 ;
+------------------------+-------+-------+-------------+------------+-------+-------+
Note: Negative delays are omitted from totals when calculating percentages

+---------------------------------------------------------------------------------------------------------------------------------------------------------------+
; Data Arrival Path                                                                                                                                             ;
+---------+---------+----+--------+--------+---------------------+------------+---------------------------------------------------------------------------------+
; Total   ; Incr    ; RF ; Type   ; Fanout ; Location            ; HS/LP      ; Element                                                                         ;
+---------+---------+----+--------+--------+---------------------+------------+---------------------------------------------------------------------------------+
; 0.000   ; 0.000   ;    ;        ;        ;                     ;            ; launch edge time                                                                ;
; 0.000   ; 0.000   ;    ; borrow ;        ;                     ;            ; time borrowed                                                                   ;
; 2.390   ; 2.390   ;    ;        ;        ;                     ;            ; clock path                                                                      ;
;   0.000 ;   0.000 ;    ;        ;        ;                     ;            ; source latency                                                                  ;
;   0.000 ;   0.000 ;    ;        ; 1      ; PIN_AM10            ;            ; CLK_50                                                                          ;
;   0.000 ;   0.000 ; RR ; IC     ; 1      ; IOIBUF_X148_Y16_N32 ;            ; CLK_50~input|i                                                                  ;
;   0.261 ;   0.261 ; RR ; CELL   ; 1      ; IOIBUF_X148_Y16_N32 ;            ; CLK_50~input|o                                                                  ;
;   0.322 ;   0.061 ; RR ; CELL   ; 1      ; IOIBUF_X148_Y16_N32 ;            ; CLK_50~input~io_48_lvds_tile_edge/ioclkin[0]                                    ;
;   0.322 ;   0.000 ; RR ; IC     ; 2      ; CLKCTRL_3A_G_I20    ;            ; CLK_50~inputCLKENA0|inclk                                                       ;
;   0.551 ;   0.229 ; RR ; CELL   ; 224447 ; CLKCTRL_3A_G_I20    ;            ; CLK_50~inputCLKENA0|outclk                                                      ;
;   2.390 ;   1.839 ; RR ; IC     ; 1      ; FF_X1_Y73_N17       ; High Speed ; System|rst_controller|r_sync_rst|clk                                            ;
;   2.390 ;   0.000 ; RR ; CELL   ; 1      ; FF_X1_Y73_N17       ; High Speed ; System|rst_controller|r_sync_rst                                                ;
; 2.618   ; 0.228   ;    ;        ;        ;                     ;            ; data path                                                                       ;
;   2.489 ;   0.099 ; FF ; uTco   ; 1      ; FF_X1_Y73_N17       ;            ; System|rst_controller|r_sync_rst|q                                              ;
;   2.540 ;   0.051 ; FF ; CELL   ; 1963   ; FF_X1_Y73_N17       ; High Speed ; System|rst_controller|r_sync_rst~la_lab/laboutt[11]                             ;
;   2.618 ;   0.078 ; FF ; IC     ; 1      ; FF_X1_Y73_N50       ; High Speed ; System|mm_interconnect_0|data_mem_s2_translator|waitrequest_reset_override|clrn ;
;   2.618 ;   0.000 ; FF ; CELL   ; 1      ; FF_X1_Y73_N50       ; High Speed ; System|mm_interconnect_0|data_mem_s2_translator|waitrequest_reset_override      ;
+---------+---------+----+--------+--------+---------------------+------------+---------------------------------------------------------------------------------+

+-------------------------------------------------------------------------------------------------------------------------------------------------------------+
; Data Required Path                                                                                                                                          ;
+---------+----------+----+------+--------+---------------------+------------+--------------------------------------------------------------------------------+
; Total   ; Incr     ; RF ; Type ; Fanout ; Location            ; HS/LP      ; Element                                                                        ;
+---------+----------+----+------+--------+---------------------+------------+--------------------------------------------------------------------------------+
; 0.000   ; 0.000    ;    ;      ;        ;                     ;            ; latch edge time                                                                ;
; 2.390   ; 2.390    ;    ;      ;        ;                     ;            ; clock path                                                                     ;
;   0.000 ;   0.000  ;    ;      ;        ;                     ;            ; source latency                                                                 ;
;   0.000 ;   0.000  ;    ;      ; 1      ; PIN_AM10            ;            ; CLK_50                                                                         ;
;   0.000 ;   0.000  ; RR ; IC   ; 1      ; IOIBUF_X148_Y16_N32 ;            ; CLK_50~input|i                                                                 ;
;   0.261 ;   0.261  ; RR ; CELL ; 1      ; IOIBUF_X148_Y16_N32 ;            ; CLK_50~input|o                                                                 ;
;   0.336 ;   0.075  ; RR ; CELL ; 1      ; IOIBUF_X148_Y16_N32 ;            ; CLK_50~input~io_48_lvds_tile_edge/ioclkin[0]                                   ;
;   0.336 ;   0.000  ; RR ; IC   ; 2      ; CLKCTRL_3A_G_I20    ;            ; CLK_50~inputCLKENA0|inclk                                                      ;
;   0.613 ;   0.277  ; RR ; CELL ; 224447 ; CLKCTRL_3A_G_I20    ;            ; CLK_50~inputCLKENA0|outclk                                                     ;
;   2.616 ;   2.003  ; RR ; IC   ; 1      ; FF_X1_Y73_N50       ; High Speed ; System|mm_interconnect_0|data_mem_s2_translator|waitrequest_reset_override|clk ;
;   2.616 ;   0.000  ; RR ; CELL ; 1      ; FF_X1_Y73_N50       ; High Speed ; System|mm_interconnect_0|data_mem_s2_translator|waitrequest_reset_override     ;
;   2.390 ;   -0.226 ;    ;      ;        ;                     ;            ; clock pessimism removed                                                        ;
; 2.390   ; 0.000    ;    ;      ;        ;                     ;            ; clock uncertainty                                                              ;
; 2.439   ; 0.049    ;    ; uTh  ; 1      ; FF_X1_Y73_N50       ;            ; System|mm_interconnect_0|data_mem_s2_translator|waitrequest_reset_override     ;
+---------+----------+----+------+--------+---------------------+------------+--------------------------------------------------------------------------------+



Path #7: Removal slack is 0.180 
===============================================================================
+------------------------------------------------------------------------------------------+
; Path Summary                                                                             ;
+---------------------------------+--------------------------------------------------------+
; Property                        ; Value                                                  ;
+---------------------------------+--------------------------------------------------------+
; From Node                       ; System|rst_controller|r_sync_rst                       ;
; To Node                         ; System|npu_system_0|npu_system_20|state.idle~DUPLICATE ;
; Launch Clock                    ; CLK_50                                                 ;
; Latch Clock                     ; CLK_50                                                 ;
; SDC Exception                   ; No SDC Exception on Path                               ;
; Data Arrival Time               ; 2.618                                                  ;
; Data Required Time              ; 2.438                                                  ;
; Slack                           ; 0.180                                                  ;
; Worst-Case Operating Conditions ; Fast 900mV 0C Model                                    ;
+---------------------------------+--------------------------------------------------------+

+-----------------------------------------------------------------------------------+
; Statistics                                                                        ;
+------------------------+-------+-------+-------------+------------+-------+-------+
; Property               ; Value ; Count ; Total Delay ; % of Total ; Min   ; Max   ;
+------------------------+-------+-------+-------------+------------+-------+-------+
; Removal Relationship   ; 0.000 ;       ;             ;            ;       ;       ;
; Clock Skew             ; 0.000 ;       ;             ;            ;       ;       ;
; Data Delay             ; 0.228 ;       ;             ;            ;       ;       ;
; Number of Logic Levels ;       ; 0     ;             ;            ;       ;       ;
; Physical Delays        ;       ;       ;             ;            ;       ;       ;
;  Arrival Path          ;       ;       ;             ;            ;       ;       ;
;   Clock                ;       ;       ;             ;            ;       ;       ;
;    IC                  ;       ; 3     ; 1.839       ; 77         ; 0.000 ; 1.839 ;
;    Cell                ;       ; 4     ; 0.551       ; 23         ; 0.000 ; 0.261 ;
;   Data                 ;       ;       ;             ;            ;       ;       ;
;    IC                  ;       ; 1     ; 0.078       ; 34         ; 0.078 ; 0.078 ;
;    Cell                ;       ; 2     ; 0.051       ; 22         ; 0.000 ; 0.051 ;
;    uTco                ;       ; 1     ; 0.099       ; 43         ; 0.099 ; 0.099 ;
;  Required Path         ;       ;       ;             ;            ;       ;       ;
;   Clock                ;       ;       ;             ;            ;       ;       ;
;    IC                  ;       ; 3     ; 2.003       ; 77         ; 0.000 ; 2.003 ;
;    Cell                ;       ; 4     ; 0.613       ; 23         ; 0.000 ; 0.277 ;
+------------------------+-------+-------+-------------+------------+-------+-------+
Note: Negative delays are omitted from totals when calculating percentages

+-------------------------------------------------------------------------------------------------------------------------------------------+
; Data Arrival Path                                                                                                                         ;
+---------+---------+----+--------+--------+---------------------+------------+-------------------------------------------------------------+
; Total   ; Incr    ; RF ; Type   ; Fanout ; Location            ; HS/LP      ; Element                                                     ;
+---------+---------+----+--------+--------+---------------------+------------+-------------------------------------------------------------+
; 0.000   ; 0.000   ;    ;        ;        ;                     ;            ; launch edge time                                            ;
; 0.000   ; 0.000   ;    ; borrow ;        ;                     ;            ; time borrowed                                               ;
; 2.390   ; 2.390   ;    ;        ;        ;                     ;            ; clock path                                                  ;
;   0.000 ;   0.000 ;    ;        ;        ;                     ;            ; source latency                                              ;
;   0.000 ;   0.000 ;    ;        ; 1      ; PIN_AM10            ;            ; CLK_50                                                      ;
;   0.000 ;   0.000 ; RR ; IC     ; 1      ; IOIBUF_X148_Y16_N32 ;            ; CLK_50~input|i                                              ;
;   0.261 ;   0.261 ; RR ; CELL   ; 1      ; IOIBUF_X148_Y16_N32 ;            ; CLK_50~input|o                                              ;
;   0.322 ;   0.061 ; RR ; CELL   ; 1      ; IOIBUF_X148_Y16_N32 ;            ; CLK_50~input~io_48_lvds_tile_edge/ioclkin[0]                ;
;   0.322 ;   0.000 ; RR ; IC     ; 2      ; CLKCTRL_3A_G_I20    ;            ; CLK_50~inputCLKENA0|inclk                                   ;
;   0.551 ;   0.229 ; RR ; CELL   ; 224447 ; CLKCTRL_3A_G_I20    ;            ; CLK_50~inputCLKENA0|outclk                                  ;
;   2.390 ;   1.839 ; RR ; IC     ; 1      ; FF_X1_Y73_N17       ; High Speed ; System|rst_controller|r_sync_rst|clk                        ;
;   2.390 ;   0.000 ; RR ; CELL   ; 1      ; FF_X1_Y73_N17       ; High Speed ; System|rst_controller|r_sync_rst                            ;
; 2.618   ; 0.228   ;    ;        ;        ;                     ;            ; data path                                                   ;
;   2.489 ;   0.099 ; FF ; uTco   ; 1      ; FF_X1_Y73_N17       ;            ; System|rst_controller|r_sync_rst|q                          ;
;   2.540 ;   0.051 ; FF ; CELL   ; 1963   ; FF_X1_Y73_N17       ; High Speed ; System|rst_controller|r_sync_rst~la_lab/laboutt[11]         ;
;   2.618 ;   0.078 ; FF ; IC     ; 1      ; FF_X1_Y73_N58       ; High Speed ; System|npu_system_0|npu_system_20|state.idle~DUPLICATE|clrn ;
;   2.618 ;   0.000 ; FF ; CELL   ; 1      ; FF_X1_Y73_N58       ; High Speed ; System|npu_system_0|npu_system_20|state.idle~DUPLICATE      ;
+---------+---------+----+--------+--------+---------------------+------------+-------------------------------------------------------------+

+-------------------------------------------------------------------------------------------------------------------------------------------+
; Data Required Path                                                                                                                        ;
+---------+----------+----+--------+--------+---------------------+------------+------------------------------------------------------------+
; Total   ; Incr     ; RF ; Type   ; Fanout ; Location            ; HS/LP      ; Element                                                    ;
+---------+----------+----+--------+--------+---------------------+------------+------------------------------------------------------------+
; 0.000   ; 0.000    ;    ;        ;        ;                     ;            ; latch edge time                                            ;
; 0.000   ; 0.000    ;    ; borrow ;        ;                     ;            ; time borrowed                                              ;
; 2.390   ; 2.390    ;    ;        ;        ;                     ;            ; clock path                                                 ;
;   0.000 ;   0.000  ;    ;        ;        ;                     ;            ; source latency                                             ;
;   0.000 ;   0.000  ;    ;        ; 1      ; PIN_AM10            ;            ; CLK_50                                                     ;
;   0.000 ;   0.000  ; RR ; IC     ; 1      ; IOIBUF_X148_Y16_N32 ;            ; CLK_50~input|i                                             ;
;   0.261 ;   0.261  ; RR ; CELL   ; 1      ; IOIBUF_X148_Y16_N32 ;            ; CLK_50~input|o                                             ;
;   0.336 ;   0.075  ; RR ; CELL   ; 1      ; IOIBUF_X148_Y16_N32 ;            ; CLK_50~input~io_48_lvds_tile_edge/ioclkin[0]               ;
;   0.336 ;   0.000  ; RR ; IC     ; 2      ; CLKCTRL_3A_G_I20    ;            ; CLK_50~inputCLKENA0|inclk                                  ;
;   0.613 ;   0.277  ; RR ; CELL   ; 224447 ; CLKCTRL_3A_G_I20    ;            ; CLK_50~inputCLKENA0|outclk                                 ;
;   2.616 ;   2.003  ; RR ; IC     ; 1      ; FF_X1_Y73_N58       ; High Speed ; System|npu_system_0|npu_system_20|state.idle~DUPLICATE|clk ;
;   2.616 ;   0.000  ; RR ; CELL   ; 1      ; FF_X1_Y73_N58       ; High Speed ; System|npu_system_0|npu_system_20|state.idle~DUPLICATE     ;
;   2.390 ;   -0.226 ;    ;        ;        ;                     ;            ; clock pessimism removed                                    ;
; 2.390   ; 0.000    ;    ;        ;        ;                     ;            ; clock uncertainty                                          ;
; 2.438   ; 0.048    ;    ; uTh    ; 1      ; FF_X1_Y73_N58       ;            ; System|npu_system_0|npu_system_20|state.idle~DUPLICATE     ;
+---------+----------+----+--------+--------+---------------------+------------+------------------------------------------------------------+



Path #8: Removal slack is 0.195 
===============================================================================
+------------------------------------------------------------------------------------------------------------------------------------------------------------------+
; Path Summary                                                                                                                                                     ;
+---------------------------------+--------------------------------------------------------------------------------------------------------------------------------+
; Property                        ; Value                                                                                                                          ;
+---------------------------------+--------------------------------------------------------------------------------------------------------------------------------+
; From Node                       ; System|master_0|master_0|rst_controller|alt_rst_sync_uq1|altera_reset_synchronizer_int_chain_out                               ;
; To Node                         ; System|master_0|master_0|jtag_phy_embedded_in_jtag_master|normal.jtag_dc_streaming|source_crosser|crosser|synchronizer|dreg[0] ;
; Launch Clock                    ; CLK_50                                                                                                                         ;
; Latch Clock                     ; CLK_50                                                                                                                         ;
; SDC Exception                   ; No SDC Exception on Path                                                                                                       ;
; Data Arrival Time               ; 2.703                                                                                                                          ;
; Data Required Time              ; 2.508                                                                                                                          ;
; Slack                           ; 0.195                                                                                                                          ;
; Worst-Case Operating Conditions ; Fast 900mV 0C Model                                                                                                            ;
+---------------------------------+--------------------------------------------------------------------------------------------------------------------------------+

+-----------------------------------------------------------------------------------+
; Statistics                                                                        ;
+------------------------+-------+-------+-------------+------------+-------+-------+
; Property               ; Value ; Count ; Total Delay ; % of Total ; Min   ; Max   ;
+------------------------+-------+-------+-------------+------------+-------+-------+
; Removal Relationship   ; 0.000 ;       ;             ;            ;       ;       ;
; Clock Skew             ; 0.000 ;       ;             ;            ;       ;       ;
; Data Delay             ; 0.262 ;       ;             ;            ;       ;       ;
; Number of Logic Levels ;       ; 0     ;             ;            ;       ;       ;
; Physical Delays        ;       ;       ;             ;            ;       ;       ;
;  Arrival Path          ;       ;       ;             ;            ;       ;       ;
;   Clock                ;       ;       ;             ;            ;       ;       ;
;    IC                  ;       ; 3     ; 1.890       ; 77         ; 0.000 ; 1.890 ;
;    Cell                ;       ; 4     ; 0.551       ; 23         ; 0.000 ; 0.261 ;
;   Data                 ;       ;       ;             ;            ;       ;       ;
;    IC                  ;       ; 1     ; 0.116       ; 44         ; 0.116 ; 0.116 ;
;    Cell                ;       ; 2     ; 0.048       ; 18         ; 0.000 ; 0.048 ;
;    uTco                ;       ; 1     ; 0.098       ; 37         ; 0.098 ; 0.098 ;
;  Required Path         ;       ;       ;             ;            ;       ;       ;
;   Clock                ;       ;       ;             ;            ;       ;       ;
;    IC                  ;       ; 3     ; 2.054       ; 77         ; 0.000 ; 2.054 ;
;    Cell                ;       ; 4     ; 0.613       ; 23         ; 0.000 ; 0.277 ;
+------------------------+-------+-------+-------------+------------+-------+-------+
Note: Negative delays are omitted from totals when calculating percentages

+-------------------------------------------------------------------------------------------------------------------------------------------------------------------------------------------------------------------+
; Data Arrival Path                                                                                                                                                                                                 ;
+---------+---------+----+--------+--------+---------------------+------------+-------------------------------------------------------------------------------------------------------------------------------------+
; Total   ; Incr    ; RF ; Type   ; Fanout ; Location            ; HS/LP      ; Element                                                                                                                             ;
+---------+---------+----+--------+--------+---------------------+------------+-------------------------------------------------------------------------------------------------------------------------------------+
; 0.000   ; 0.000   ;    ;        ;        ;                     ;            ; launch edge time                                                                                                                    ;
; 0.000   ; 0.000   ;    ; borrow ;        ;                     ;            ; time borrowed                                                                                                                       ;
; 2.441   ; 2.441   ;    ;        ;        ;                     ;            ; clock path                                                                                                                          ;
;   0.000 ;   0.000 ;    ;        ;        ;                     ;            ; source latency                                                                                                                      ;
;   0.000 ;   0.000 ;    ;        ; 1      ; PIN_AM10            ;            ; CLK_50                                                                                                                              ;
;   0.000 ;   0.000 ; RR ; IC     ; 1      ; IOIBUF_X148_Y16_N32 ;            ; CLK_50~input|i                                                                                                                      ;
;   0.261 ;   0.261 ; RR ; CELL   ; 1      ; IOIBUF_X148_Y16_N32 ;            ; CLK_50~input|o                                                                                                                      ;
;   0.322 ;   0.061 ; RR ; CELL   ; 1      ; IOIBUF_X148_Y16_N32 ;            ; CLK_50~input~io_48_lvds_tile_edge/ioclkin[0]                                                                                        ;
;   0.322 ;   0.000 ; RR ; IC     ; 2      ; CLKCTRL_3A_G_I20    ;            ; CLK_50~inputCLKENA0|inclk                                                                                                           ;
;   0.551 ;   0.229 ; RR ; CELL   ; 224447 ; CLKCTRL_3A_G_I20    ;            ; CLK_50~inputCLKENA0|outclk                                                                                                          ;
;   2.441 ;   1.890 ; RR ; IC     ; 1      ; FF_X115_Y23_N44     ; High Speed ; System|master_0|master_0|rst_controller|alt_rst_sync_uq1|altera_reset_synchronizer_int_chain_out|clk                                ;
;   2.441 ;   0.000 ; RR ; CELL   ; 1      ; FF_X115_Y23_N44     ; High Speed ; System|master_0|master_0|rst_controller|alt_rst_sync_uq1|altera_reset_synchronizer_int_chain_out                                    ;
; 2.703   ; 0.262   ;    ;        ;        ;                     ;            ; data path                                                                                                                           ;
;   2.539 ;   0.098 ; RR ; uTco   ; 1      ; FF_X115_Y23_N44     ;            ; System|master_0|master_0|rst_controller|alt_rst_sync_uq1|altera_reset_synchronizer_int_chain_out|q                                  ;
;   2.587 ;   0.048 ; RR ; CELL   ; 224    ; FF_X115_Y23_N44     ; High Speed ; System|master_0|master_0|rst_controller|alt_rst_sync_uq1|altera_reset_synchronizer_int_chain_out~la_mlab/laboutb[9]                 ;
;   2.703 ;   0.116 ; RR ; IC     ; 1      ; FF_X115_Y23_N53     ; High Speed ; System|master_0|master_0|jtag_phy_embedded_in_jtag_master|normal.jtag_dc_streaming|source_crosser|crosser|synchronizer|dreg[0]|clrn ;
;   2.703 ;   0.000 ; RR ; CELL   ; 1      ; FF_X115_Y23_N53     ; High Speed ; System|master_0|master_0|jtag_phy_embedded_in_jtag_master|normal.jtag_dc_streaming|source_crosser|crosser|synchronizer|dreg[0]      ;
+---------+---------+----+--------+--------+---------------------+------------+-------------------------------------------------------------------------------------------------------------------------------------+

+-------------------------------------------------------------------------------------------------------------------------------------------------------------------------------------------------------------------+
; Data Required Path                                                                                                                                                                                                ;
+---------+----------+----+--------+--------+---------------------+------------+------------------------------------------------------------------------------------------------------------------------------------+
; Total   ; Incr     ; RF ; Type   ; Fanout ; Location            ; HS/LP      ; Element                                                                                                                            ;
+---------+----------+----+--------+--------+---------------------+------------+------------------------------------------------------------------------------------------------------------------------------------+
; 0.000   ; 0.000    ;    ;        ;        ;                     ;            ; latch edge time                                                                                                                    ;
; 0.000   ; 0.000    ;    ; borrow ;        ;                     ;            ; time borrowed                                                                                                                      ;
; 2.441   ; 2.441    ;    ;        ;        ;                     ;            ; clock path                                                                                                                         ;
;   0.000 ;   0.000  ;    ;        ;        ;                     ;            ; source latency                                                                                                                     ;
;   0.000 ;   0.000  ;    ;        ; 1      ; PIN_AM10            ;            ; CLK_50                                                                                                                             ;
;   0.000 ;   0.000  ; RR ; IC     ; 1      ; IOIBUF_X148_Y16_N32 ;            ; CLK_50~input|i                                                                                                                     ;
;   0.261 ;   0.261  ; RR ; CELL   ; 1      ; IOIBUF_X148_Y16_N32 ;            ; CLK_50~input|o                                                                                                                     ;
;   0.336 ;   0.075  ; RR ; CELL   ; 1      ; IOIBUF_X148_Y16_N32 ;            ; CLK_50~input~io_48_lvds_tile_edge/ioclkin[0]                                                                                       ;
;   0.336 ;   0.000  ; RR ; IC     ; 2      ; CLKCTRL_3A_G_I20    ;            ; CLK_50~inputCLKENA0|inclk                                                                                                          ;
;   0.613 ;   0.277  ; RR ; CELL   ; 224447 ; CLKCTRL_3A_G_I20    ;            ; CLK_50~inputCLKENA0|outclk                                                                                                         ;
;   2.667 ;   2.054  ; RR ; IC     ; 1      ; FF_X115_Y23_N53     ; High Speed ; System|master_0|master_0|jtag_phy_embedded_in_jtag_master|normal.jtag_dc_streaming|source_crosser|crosser|synchronizer|dreg[0]|clk ;
;   2.667 ;   0.000  ; RR ; CELL   ; 1      ; FF_X115_Y23_N53     ; High Speed ; System|master_0|master_0|jtag_phy_embedded_in_jtag_master|normal.jtag_dc_streaming|source_crosser|crosser|synchronizer|dreg[0]     ;
;   2.441 ;   -0.226 ;    ;        ;        ;                     ;            ; clock pessimism removed                                                                                                            ;
; 2.441   ; 0.000    ;    ;        ;        ;                     ;            ; clock uncertainty                                                                                                                  ;
; 2.508   ; 0.067    ;    ; uTh    ; 1      ; FF_X115_Y23_N53     ;            ; System|master_0|master_0|jtag_phy_embedded_in_jtag_master|normal.jtag_dc_streaming|source_crosser|crosser|synchronizer|dreg[0]     ;
+---------+----------+----+--------+--------+---------------------+------------+------------------------------------------------------------------------------------------------------------------------------------+



Path #9: Removal slack is 0.195 
===============================================================================
+------------------------------------------------------------------------------------------------------------------------------------------------------------------+
; Path Summary                                                                                                                                                     ;
+---------------------------------+--------------------------------------------------------------------------------------------------------------------------------+
; Property                        ; Value                                                                                                                          ;
+---------------------------------+--------------------------------------------------------------------------------------------------------------------------------+
; From Node                       ; System|master_0|master_0|rst_controller|alt_rst_sync_uq1|altera_reset_synchronizer_int_chain_out                               ;
; To Node                         ; System|master_0|master_0|jtag_phy_embedded_in_jtag_master|normal.jtag_dc_streaming|source_crosser|crosser|synchronizer|dreg[4] ;
; Launch Clock                    ; CLK_50                                                                                                                         ;
; Latch Clock                     ; CLK_50                                                                                                                         ;
; SDC Exception                   ; No SDC Exception on Path                                                                                                       ;
; Data Arrival Time               ; 2.703                                                                                                                          ;
; Data Required Time              ; 2.508                                                                                                                          ;
; Slack                           ; 0.195                                                                                                                          ;
; Worst-Case Operating Conditions ; Fast 900mV 0C Model                                                                                                            ;
+---------------------------------+--------------------------------------------------------------------------------------------------------------------------------+

+-----------------------------------------------------------------------------------+
; Statistics                                                                        ;
+------------------------+-------+-------+-------------+------------+-------+-------+
; Property               ; Value ; Count ; Total Delay ; % of Total ; Min   ; Max   ;
+------------------------+-------+-------+-------------+------------+-------+-------+
; Removal Relationship   ; 0.000 ;       ;             ;            ;       ;       ;
; Clock Skew             ; 0.000 ;       ;             ;            ;       ;       ;
; Data Delay             ; 0.262 ;       ;             ;            ;       ;       ;
; Number of Logic Levels ;       ; 0     ;             ;            ;       ;       ;
; Physical Delays        ;       ;       ;             ;            ;       ;       ;
;  Arrival Path          ;       ;       ;             ;            ;       ;       ;
;   Clock                ;       ;       ;             ;            ;       ;       ;
;    IC                  ;       ; 3     ; 1.890       ; 77         ; 0.000 ; 1.890 ;
;    Cell                ;       ; 4     ; 0.551       ; 23         ; 0.000 ; 0.261 ;
;   Data                 ;       ;       ;             ;            ;       ;       ;
;    IC                  ;       ; 1     ; 0.116       ; 44         ; 0.116 ; 0.116 ;
;    Cell                ;       ; 2     ; 0.048       ; 18         ; 0.000 ; 0.048 ;
;    uTco                ;       ; 1     ; 0.098       ; 37         ; 0.098 ; 0.098 ;
;  Required Path         ;       ;       ;             ;            ;       ;       ;
;   Clock                ;       ;       ;             ;            ;       ;       ;
;    IC                  ;       ; 3     ; 2.054       ; 77         ; 0.000 ; 2.054 ;
;    Cell                ;       ; 4     ; 0.613       ; 23         ; 0.000 ; 0.277 ;
+------------------------+-------+-------+-------------+------------+-------+-------+
Note: Negative delays are omitted from totals when calculating percentages

+-------------------------------------------------------------------------------------------------------------------------------------------------------------------------------------------------------------------+
; Data Arrival Path                                                                                                                                                                                                 ;
+---------+---------+----+--------+--------+---------------------+------------+-------------------------------------------------------------------------------------------------------------------------------------+
; Total   ; Incr    ; RF ; Type   ; Fanout ; Location            ; HS/LP      ; Element                                                                                                                             ;
+---------+---------+----+--------+--------+---------------------+------------+-------------------------------------------------------------------------------------------------------------------------------------+
; 0.000   ; 0.000   ;    ;        ;        ;                     ;            ; launch edge time                                                                                                                    ;
; 0.000   ; 0.000   ;    ; borrow ;        ;                     ;            ; time borrowed                                                                                                                       ;
; 2.441   ; 2.441   ;    ;        ;        ;                     ;            ; clock path                                                                                                                          ;
;   0.000 ;   0.000 ;    ;        ;        ;                     ;            ; source latency                                                                                                                      ;
;   0.000 ;   0.000 ;    ;        ; 1      ; PIN_AM10            ;            ; CLK_50                                                                                                                              ;
;   0.000 ;   0.000 ; RR ; IC     ; 1      ; IOIBUF_X148_Y16_N32 ;            ; CLK_50~input|i                                                                                                                      ;
;   0.261 ;   0.261 ; RR ; CELL   ; 1      ; IOIBUF_X148_Y16_N32 ;            ; CLK_50~input|o                                                                                                                      ;
;   0.322 ;   0.061 ; RR ; CELL   ; 1      ; IOIBUF_X148_Y16_N32 ;            ; CLK_50~input~io_48_lvds_tile_edge/ioclkin[0]                                                                                        ;
;   0.322 ;   0.000 ; RR ; IC     ; 2      ; CLKCTRL_3A_G_I20    ;            ; CLK_50~inputCLKENA0|inclk                                                                                                           ;
;   0.551 ;   0.229 ; RR ; CELL   ; 224447 ; CLKCTRL_3A_G_I20    ;            ; CLK_50~inputCLKENA0|outclk                                                                                                          ;
;   2.441 ;   1.890 ; RR ; IC     ; 1      ; FF_X115_Y23_N44     ; High Speed ; System|master_0|master_0|rst_controller|alt_rst_sync_uq1|altera_reset_synchronizer_int_chain_out|clk                                ;
;   2.441 ;   0.000 ; RR ; CELL   ; 1      ; FF_X115_Y23_N44     ; High Speed ; System|master_0|master_0|rst_controller|alt_rst_sync_uq1|altera_reset_synchronizer_int_chain_out                                    ;
; 2.703   ; 0.262   ;    ;        ;        ;                     ;            ; data path                                                                                                                           ;
;   2.539 ;   0.098 ; RR ; uTco   ; 1      ; FF_X115_Y23_N44     ;            ; System|master_0|master_0|rst_controller|alt_rst_sync_uq1|altera_reset_synchronizer_int_chain_out|q                                  ;
;   2.587 ;   0.048 ; RR ; CELL   ; 224    ; FF_X115_Y23_N44     ; High Speed ; System|master_0|master_0|rst_controller|alt_rst_sync_uq1|altera_reset_synchronizer_int_chain_out~la_mlab/laboutb[9]                 ;
;   2.703 ;   0.116 ; RR ; IC     ; 1      ; FF_X115_Y23_N41     ; High Speed ; System|master_0|master_0|jtag_phy_embedded_in_jtag_master|normal.jtag_dc_streaming|source_crosser|crosser|synchronizer|dreg[4]|clrn ;
;   2.703 ;   0.000 ; RR ; CELL   ; 1      ; FF_X115_Y23_N41     ; High Speed ; System|master_0|master_0|jtag_phy_embedded_in_jtag_master|normal.jtag_dc_streaming|source_crosser|crosser|synchronizer|dreg[4]      ;
+---------+---------+----+--------+--------+---------------------+------------+-------------------------------------------------------------------------------------------------------------------------------------+

+-------------------------------------------------------------------------------------------------------------------------------------------------------------------------------------------------------------------+
; Data Required Path                                                                                                                                                                                                ;
+---------+----------+----+--------+--------+---------------------+------------+------------------------------------------------------------------------------------------------------------------------------------+
; Total   ; Incr     ; RF ; Type   ; Fanout ; Location            ; HS/LP      ; Element                                                                                                                            ;
+---------+----------+----+--------+--------+---------------------+------------+------------------------------------------------------------------------------------------------------------------------------------+
; 0.000   ; 0.000    ;    ;        ;        ;                     ;            ; latch edge time                                                                                                                    ;
; 0.000   ; 0.000    ;    ; borrow ;        ;                     ;            ; time borrowed                                                                                                                      ;
; 2.441   ; 2.441    ;    ;        ;        ;                     ;            ; clock path                                                                                                                         ;
;   0.000 ;   0.000  ;    ;        ;        ;                     ;            ; source latency                                                                                                                     ;
;   0.000 ;   0.000  ;    ;        ; 1      ; PIN_AM10            ;            ; CLK_50                                                                                                                             ;
;   0.000 ;   0.000  ; RR ; IC     ; 1      ; IOIBUF_X148_Y16_N32 ;            ; CLK_50~input|i                                                                                                                     ;
;   0.261 ;   0.261  ; RR ; CELL   ; 1      ; IOIBUF_X148_Y16_N32 ;            ; CLK_50~input|o                                                                                                                     ;
;   0.336 ;   0.075  ; RR ; CELL   ; 1      ; IOIBUF_X148_Y16_N32 ;            ; CLK_50~input~io_48_lvds_tile_edge/ioclkin[0]                                                                                       ;
;   0.336 ;   0.000  ; RR ; IC     ; 2      ; CLKCTRL_3A_G_I20    ;            ; CLK_50~inputCLKENA0|inclk                                                                                                          ;
;   0.613 ;   0.277  ; RR ; CELL   ; 224447 ; CLKCTRL_3A_G_I20    ;            ; CLK_50~inputCLKENA0|outclk                                                                                                         ;
;   2.667 ;   2.054  ; RR ; IC     ; 1      ; FF_X115_Y23_N41     ; High Speed ; System|master_0|master_0|jtag_phy_embedded_in_jtag_master|normal.jtag_dc_streaming|source_crosser|crosser|synchronizer|dreg[4]|clk ;
;   2.667 ;   0.000  ; RR ; CELL   ; 1      ; FF_X115_Y23_N41     ; High Speed ; System|master_0|master_0|jtag_phy_embedded_in_jtag_master|normal.jtag_dc_streaming|source_crosser|crosser|synchronizer|dreg[4]     ;
;   2.441 ;   -0.226 ;    ;        ;        ;                     ;            ; clock pessimism removed                                                                                                            ;
; 2.441   ; 0.000    ;    ;        ;        ;                     ;            ; clock uncertainty                                                                                                                  ;
; 2.508   ; 0.067    ;    ; uTh    ; 1      ; FF_X115_Y23_N41     ;            ; System|master_0|master_0|jtag_phy_embedded_in_jtag_master|normal.jtag_dc_streaming|source_crosser|crosser|synchronizer|dreg[4]     ;
+---------+----------+----+--------+--------+---------------------+------------+------------------------------------------------------------------------------------------------------------------------------------+



Path #10: Removal slack is 0.195 
===============================================================================
+------------------------------------------------------------------------------------------------------------------------------------------------------------------+
; Path Summary                                                                                                                                                     ;
+---------------------------------+--------------------------------------------------------------------------------------------------------------------------------+
; Property                        ; Value                                                                                                                          ;
+---------------------------------+--------------------------------------------------------------------------------------------------------------------------------+
; From Node                       ; System|master_0|master_0|rst_controller|alt_rst_sync_uq1|altera_reset_synchronizer_int_chain_out                               ;
; To Node                         ; System|master_0|master_0|jtag_phy_embedded_in_jtag_master|normal.jtag_dc_streaming|source_crosser|crosser|synchronizer|dreg[5] ;
; Launch Clock                    ; CLK_50                                                                                                                         ;
; Latch Clock                     ; CLK_50                                                                                                                         ;
; SDC Exception                   ; No SDC Exception on Path                                                                                                       ;
; Data Arrival Time               ; 2.703                                                                                                                          ;
; Data Required Time              ; 2.508                                                                                                                          ;
; Slack                           ; 0.195                                                                                                                          ;
; Worst-Case Operating Conditions ; Fast 900mV 0C Model                                                                                                            ;
+---------------------------------+--------------------------------------------------------------------------------------------------------------------------------+

+-----------------------------------------------------------------------------------+
; Statistics                                                                        ;
+------------------------+-------+-------+-------------+------------+-------+-------+
; Property               ; Value ; Count ; Total Delay ; % of Total ; Min   ; Max   ;
+------------------------+-------+-------+-------------+------------+-------+-------+
; Removal Relationship   ; 0.000 ;       ;             ;            ;       ;       ;
; Clock Skew             ; 0.000 ;       ;             ;            ;       ;       ;
; Data Delay             ; 0.262 ;       ;             ;            ;       ;       ;
; Number of Logic Levels ;       ; 0     ;             ;            ;       ;       ;
; Physical Delays        ;       ;       ;             ;            ;       ;       ;
;  Arrival Path          ;       ;       ;             ;            ;       ;       ;
;   Clock                ;       ;       ;             ;            ;       ;       ;
;    IC                  ;       ; 3     ; 1.890       ; 77         ; 0.000 ; 1.890 ;
;    Cell                ;       ; 4     ; 0.551       ; 23         ; 0.000 ; 0.261 ;
;   Data                 ;       ;       ;             ;            ;       ;       ;
;    IC                  ;       ; 1     ; 0.116       ; 44         ; 0.116 ; 0.116 ;
;    Cell                ;       ; 2     ; 0.048       ; 18         ; 0.000 ; 0.048 ;
;    uTco                ;       ; 1     ; 0.098       ; 37         ; 0.098 ; 0.098 ;
;  Required Path         ;       ;       ;             ;            ;       ;       ;
;   Clock                ;       ;       ;             ;            ;       ;       ;
;    IC                  ;       ; 3     ; 2.054       ; 77         ; 0.000 ; 2.054 ;
;    Cell                ;       ; 4     ; 0.613       ; 23         ; 0.000 ; 0.277 ;
+------------------------+-------+-------+-------------+------------+-------+-------+
Note: Negative delays are omitted from totals when calculating percentages

+-------------------------------------------------------------------------------------------------------------------------------------------------------------------------------------------------------------------+
; Data Arrival Path                                                                                                                                                                                                 ;
+---------+---------+----+--------+--------+---------------------+------------+-------------------------------------------------------------------------------------------------------------------------------------+
; Total   ; Incr    ; RF ; Type   ; Fanout ; Location            ; HS/LP      ; Element                                                                                                                             ;
+---------+---------+----+--------+--------+---------------------+------------+-------------------------------------------------------------------------------------------------------------------------------------+
; 0.000   ; 0.000   ;    ;        ;        ;                     ;            ; launch edge time                                                                                                                    ;
; 0.000   ; 0.000   ;    ; borrow ;        ;                     ;            ; time borrowed                                                                                                                       ;
; 2.441   ; 2.441   ;    ;        ;        ;                     ;            ; clock path                                                                                                                          ;
;   0.000 ;   0.000 ;    ;        ;        ;                     ;            ; source latency                                                                                                                      ;
;   0.000 ;   0.000 ;    ;        ; 1      ; PIN_AM10            ;            ; CLK_50                                                                                                                              ;
;   0.000 ;   0.000 ; RR ; IC     ; 1      ; IOIBUF_X148_Y16_N32 ;            ; CLK_50~input|i                                                                                                                      ;
;   0.261 ;   0.261 ; RR ; CELL   ; 1      ; IOIBUF_X148_Y16_N32 ;            ; CLK_50~input|o                                                                                                                      ;
;   0.322 ;   0.061 ; RR ; CELL   ; 1      ; IOIBUF_X148_Y16_N32 ;            ; CLK_50~input~io_48_lvds_tile_edge/ioclkin[0]                                                                                        ;
;   0.322 ;   0.000 ; RR ; IC     ; 2      ; CLKCTRL_3A_G_I20    ;            ; CLK_50~inputCLKENA0|inclk                                                                                                           ;
;   0.551 ;   0.229 ; RR ; CELL   ; 224447 ; CLKCTRL_3A_G_I20    ;            ; CLK_50~inputCLKENA0|outclk                                                                                                          ;
;   2.441 ;   1.890 ; RR ; IC     ; 1      ; FF_X115_Y23_N44     ; High Speed ; System|master_0|master_0|rst_controller|alt_rst_sync_uq1|altera_reset_synchronizer_int_chain_out|clk                                ;
;   2.441 ;   0.000 ; RR ; CELL   ; 1      ; FF_X115_Y23_N44     ; High Speed ; System|master_0|master_0|rst_controller|alt_rst_sync_uq1|altera_reset_synchronizer_int_chain_out                                    ;
; 2.703   ; 0.262   ;    ;        ;        ;                     ;            ; data path                                                                                                                           ;
;   2.539 ;   0.098 ; RR ; uTco   ; 1      ; FF_X115_Y23_N44     ;            ; System|master_0|master_0|rst_controller|alt_rst_sync_uq1|altera_reset_synchronizer_int_chain_out|q                                  ;
;   2.587 ;   0.048 ; RR ; CELL   ; 224    ; FF_X115_Y23_N44     ; High Speed ; System|master_0|master_0|rst_controller|alt_rst_sync_uq1|altera_reset_synchronizer_int_chain_out~la_mlab/laboutb[9]                 ;
;   2.703 ;   0.116 ; RR ; IC     ; 1      ; FF_X115_Y23_N23     ; High Speed ; System|master_0|master_0|jtag_phy_embedded_in_jtag_master|normal.jtag_dc_streaming|source_crosser|crosser|synchronizer|dreg[5]|clrn ;
;   2.703 ;   0.000 ; RR ; CELL   ; 1      ; FF_X115_Y23_N23     ; High Speed ; System|master_0|master_0|jtag_phy_embedded_in_jtag_master|normal.jtag_dc_streaming|source_crosser|crosser|synchronizer|dreg[5]      ;
+---------+---------+----+--------+--------+---------------------+------------+-------------------------------------------------------------------------------------------------------------------------------------+

+-------------------------------------------------------------------------------------------------------------------------------------------------------------------------------------------------------------------+
; Data Required Path                                                                                                                                                                                                ;
+---------+----------+----+--------+--------+---------------------+------------+------------------------------------------------------------------------------------------------------------------------------------+
; Total   ; Incr     ; RF ; Type   ; Fanout ; Location            ; HS/LP      ; Element                                                                                                                            ;
+---------+----------+----+--------+--------+---------------------+------------+------------------------------------------------------------------------------------------------------------------------------------+
; 0.000   ; 0.000    ;    ;        ;        ;                     ;            ; latch edge time                                                                                                                    ;
; 0.000   ; 0.000    ;    ; borrow ;        ;                     ;            ; time borrowed                                                                                                                      ;
; 2.441   ; 2.441    ;    ;        ;        ;                     ;            ; clock path                                                                                                                         ;
;   0.000 ;   0.000  ;    ;        ;        ;                     ;            ; source latency                                                                                                                     ;
;   0.000 ;   0.000  ;    ;        ; 1      ; PIN_AM10            ;            ; CLK_50                                                                                                                             ;
;   0.000 ;   0.000  ; RR ; IC     ; 1      ; IOIBUF_X148_Y16_N32 ;            ; CLK_50~input|i                                                                                                                     ;
;   0.261 ;   0.261  ; RR ; CELL   ; 1      ; IOIBUF_X148_Y16_N32 ;            ; CLK_50~input|o                                                                                                                     ;
;   0.336 ;   0.075  ; RR ; CELL   ; 1      ; IOIBUF_X148_Y16_N32 ;            ; CLK_50~input~io_48_lvds_tile_edge/ioclkin[0]                                                                                       ;
;   0.336 ;   0.000  ; RR ; IC     ; 2      ; CLKCTRL_3A_G_I20    ;            ; CLK_50~inputCLKENA0|inclk                                                                                                          ;
;   0.613 ;   0.277  ; RR ; CELL   ; 224447 ; CLKCTRL_3A_G_I20    ;            ; CLK_50~inputCLKENA0|outclk                                                                                                         ;
;   2.667 ;   2.054  ; RR ; IC     ; 1      ; FF_X115_Y23_N23     ; High Speed ; System|master_0|master_0|jtag_phy_embedded_in_jtag_master|normal.jtag_dc_streaming|source_crosser|crosser|synchronizer|dreg[5]|clk ;
;   2.667 ;   0.000  ; RR ; CELL   ; 1      ; FF_X115_Y23_N23     ; High Speed ; System|master_0|master_0|jtag_phy_embedded_in_jtag_master|normal.jtag_dc_streaming|source_crosser|crosser|synchronizer|dreg[5]     ;
;   2.441 ;   -0.226 ;    ;        ;        ;                     ;            ; clock pessimism removed                                                                                                            ;
; 2.441   ; 0.000    ;    ;        ;        ;                     ;            ; clock uncertainty                                                                                                                  ;
; 2.508   ; 0.067    ;    ; uTh    ; 1      ; FF_X115_Y23_N23     ;            ; System|master_0|master_0|jtag_phy_embedded_in_jtag_master|normal.jtag_dc_streaming|source_crosser|crosser|synchronizer|dreg[5]     ;
+---------+----------+----+--------+--------+---------------------+------------+------------------------------------------------------------------------------------------------------------------------------------+



+------------------------------------------------------------------+
; Unconstrained Paths Summary                                      ;
+---------------------------------------------------+-------+------+
; Property                                          ; Setup ; Hold ;
+---------------------------------------------------+-------+------+
; Illegal Clocks                                    ; 0     ; 0    ;
; Unconstrained Clocks                              ; 1     ; 1    ;
; Unconstrained Input Ports                         ; 3     ; 3    ;
; Paths from Unconstrained Input Ports (Pairs-Only) ; 75    ; 75   ;
; Unconstrained Output Ports                        ; 5     ; 5    ;
; Paths to Unconstrained Output Ports (Pairs-Only)  ; 8     ; 8    ;
+---------------------------------------------------+-------+------+


+-----------------------------------------------------+
; Clock Status Summary                                ;
+---------------------+--------+------+---------------+
; Target              ; Clock  ; Type ; Status        ;
+---------------------+--------+------+---------------+
; altera_reserved_tck ;        ; Base ; Unconstrained ;
; CLK_50              ; CLK_50 ; Base ; Constrained   ;
+---------------------+--------+------+---------------+


+------------------------------------------------------------------------------------------------------------+
; Unconstrained Input Ports                                                                                  ;
+---------------------+--------------------------------------------------------------------------------------+
; Input Port          ; Comment                                                                              ;
+---------------------+--------------------------------------------------------------------------------------+
; BTN_RESET           ; Partially constrained                                                                ;
; altera_reserved_tdi ; No input delay, min/max delays, false-path exceptions, or max skew assignments found ;
; altera_reserved_tms ; No input delay, min/max delays, false-path exceptions, or max skew assignments found ;
+---------------------+--------------------------------------------------------------------------------------+


+-------------------------------------------------------------------------------------------------------------+
; Unconstrained Output Ports                                                                                  ;
+---------------------+---------------------------------------------------------------------------------------+
; Output Port         ; Comment                                                                               ;
+---------------------+---------------------------------------------------------------------------------------+
; LED_STATUS[0]       ; No output delay, min/max delays, false-path exceptions, or max skew assignments found ;
; LED_STATUS[1]       ; No output delay, min/max delays, false-path exceptions, or max skew assignments found ;
; LED_STATUS[2]       ; No output delay, min/max delays, false-path exceptions, or max skew assignments found ;
; LED_STATUS[3]       ; No output delay, min/max delays, false-path exceptions, or max skew assignments found ;
; altera_reserved_tdo ; No output delay, min/max delays, false-path exceptions, or max skew assignments found ;
+---------------------+---------------------------------------------------------------------------------------+


+------------------------------------------------------------------------------------------------------------+
; Unconstrained Input Ports                                                                                  ;
+---------------------+--------------------------------------------------------------------------------------+
; Input Port          ; Comment                                                                              ;
+---------------------+--------------------------------------------------------------------------------------+
; BTN_RESET           ; Partially constrained                                                                ;
; altera_reserved_tdi ; No input delay, min/max delays, false-path exceptions, or max skew assignments found ;
; altera_reserved_tms ; No input delay, min/max delays, false-path exceptions, or max skew assignments found ;
+---------------------+--------------------------------------------------------------------------------------+


+-------------------------------------------------------------------------------------------------------------+
; Unconstrained Output Ports                                                                                  ;
+---------------------+---------------------------------------------------------------------------------------+
; Output Port         ; Comment                                                                               ;
+---------------------+---------------------------------------------------------------------------------------+
; LED_STATUS[0]       ; No output delay, min/max delays, false-path exceptions, or max skew assignments found ;
; LED_STATUS[1]       ; No output delay, min/max delays, false-path exceptions, or max skew assignments found ;
; LED_STATUS[2]       ; No output delay, min/max delays, false-path exceptions, or max skew assignments found ;
; LED_STATUS[3]       ; No output delay, min/max delays, false-path exceptions, or max skew assignments found ;
; altera_reserved_tdo ; No output delay, min/max delays, false-path exceptions, or max skew assignments found ;
+---------------------+---------------------------------------------------------------------------------------+


-------------
; INI Usage ;
-------------
Nothing to report.


+-----------------------------------------------------------------------------+
; Multicorner Timing Analysis Summary                                         ;
+------------------+-------+-------+----------+---------+---------------------+
; Clock            ; Setup ; Hold  ; Recovery ; Removal ; Minimum Pulse Width ;
+------------------+-------+-------+----------+---------+---------------------+
; Worst-case Slack ; 5.236 ; 0.017 ; 11.935   ; 0.176   ; 9.433               ;
;  CLK_50          ; 5.236 ; 0.017 ; 11.935   ; 0.176   ; 9.433               ;
; Design-wide TNS  ; 0.0   ; 0.0   ; 0.0      ; 0.0     ; 0.0                 ;
;  CLK_50          ; 0.000 ; 0.000 ; 0.000    ; 0.000   ; 0.000               ;
+------------------+-------+-------+----------+---------+---------------------+


+--------------------------+
; Timing Analyzer Messages ;
+--------------------------+
Info (20030): Parallel compilation is enabled and will use 12 of the 12 processors detected
Info: *******************************************************************
Info: Running Quartus Prime Timing Analyzer
    Info: Version 24.1.0 Build 115 03/21/2024 SC Pro Edition
    Info: Processing started: Mon Mar  9 19:26:12 2026
    Info: System process ID: 25464
Info: Command: quartus_sta SummerResearchProject -c NonDPR --mode=finalize
Info: qsta_default_script.tcl version: #2
Info (16677): Loading final database.
Info (16734): Loading "final" snapshot for partition "root_partition".
Info (16734): Loading "final" snapshot for partition "auto_fab_0".
Info (16678): Successfully loaded final database: elapsed time is 00:00:06.
Warning (20846): The entity name "SummerResearchTopLevel" specified on the assignment "set_instance_assignment -name PARTITION top_level_systolic_array -to npu_core -entity SummerResearchTopLevel does not exist in the design".
Warning (20846): The entity name "SummerResearchTopLevel" specified on the assignment "set_instance_assignment -name PARTITION_COLOUR 4294937543 -to npu_core -entity SummerResearchTopLevel does not exist in the design".
Warning (20846): The entity name "SummerResearchTopLevel" specified on the assignment "set_instance_assignment -name PARTIAL_RECONFIGURATION_PARTITION ON -to npu_core -entity SummerResearchTopLevel does not exist in the design".
Info (21076): Core supply voltage operating condition is not set. Assuming a default value of '0.9V'.
Info (21077): Low junction temperature is 0 degrees C
Info (21077): High junction temperature is 100 degrees C
Info (332164): Evaluating HDL-embedded SDC commands
    Info (332165): Entity alt_jtag_atlantic
        Info (332166): set_false_path -from [get_registers {*|alt_jtag_atlantic:*|jupdate}] -to [get_registers {*|alt_jtag_atlantic:*|jupdate1*}] 
        Info (332166): set_false_path -from [get_registers {*|alt_jtag_atlantic:*|rdata[*]}] -to [get_registers {*|alt_jtag_atlantic*|td_shift[*]}]
        Info (332166): set_false_path -from [get_registers {*|alt_jtag_atlantic:*|read}] -to [get_registers {*|alt_jtag_atlantic:*|read1*}] 
        Info (332166): set_false_path -from [get_registers {*|alt_jtag_atlantic:*|read_req}]
        Info (332166): set_false_path -from [get_registers {*|alt_jtag_atlantic:*|rvalid}] -to [get_registers {*|alt_jtag_atlantic*|td_shift[*]}]
        Info (332166): set_false_path -from [get_registers {*|t_dav}] -to [get_registers {*|alt_jtag_atlantic:*|tck_t_dav}]
        Info (332166): set_false_path -from [get_registers {*|alt_jtag_atlantic:*|user_saw_rvalid}] -to [get_registers {*|alt_jtag_atlantic:*|rvalid0*}]
        Info (332166): set_false_path -from [get_registers {*|alt_jtag_atlantic:*|wdata[*]}] -to [get_registers {*}]
        Info (332166): set_false_path -from [get_registers {*|alt_jtag_atlantic:*|write}] -to [get_registers {*|alt_jtag_atlantic:*|write1*}] 
        Info (332166): set_false_path -from [get_registers {*|alt_jtag_atlantic:*|write_stalled}] -to [get_registers {*|alt_jtag_atlantic:*|t_ena*}]
        Info (332166): set_false_path -from [get_registers {*|alt_jtag_atlantic:*|write_stalled}] -to [get_registers {*|alt_jtag_atlantic:*|t_pause*}]
        Info (332166): set_false_path -from [get_registers {*|alt_jtag_atlantic:*|write_valid}]
    Info (332165): Entity altera_std_synchronizer
        Info (332166): set_false_path -to [get_keepers {*altera_std_synchronizer:*|din_s1}]
Info (19539): Reading the HDL-embedded SDC files elapsed 00:00:01.
Info (332104): Reading SDC File: 'NonDPR.out.sdc'
Info (332151): Clock uncertainty is not calculated until you update the timing netlist.
Warning (332174): Ignored filter at NonDPR.out.sdc(16): altera_reserved_tck could not be matched with a clock File: C:/Users/pchh520/Documents/GitHub/part-4-project/SummerResearch/quartus/NonDPR.out.sdc Line: 16
Warning (332054): Assignment set_clock_groups is accepted but has some problems at NonDPR.out.sdc(16): Argument -group with value [get_clocks {altera_reserved_tck}] contains zero elements File: C:/Users/pchh520/Documents/GitHub/part-4-project/SummerResearch/quartus/NonDPR.out.sdc Line: 16
    Info (332050): set_clock_groups -asynchronous -group [get_clocks {CLK_50}] -group [get_clocks {altera_reserved_tck}] File: C:/Users/pchh520/Documents/GitHub/part-4-project/SummerResearch/quartus/NonDPR.out.sdc Line: 16
Info (332104): Reading SDC File: 'ip/NonDPR/NonDPR_master_0/altera_jtag_dc_streaming_191/synth/altera_avalon_st_jtag_interface.sdc'
Info (18794): Reading SDC File: 'ip/NonDPR/NonDPR_master_0/altera_reset_controller_1922/synth/altera_reset_controller.sdc' for instance: 'System|master_0|master_0|rst_controller'
Info: Following instance found in the design -  System|master_0|master_0|rst_controller|*
Info (18794): Reading SDC File: 'ip/NonDPR/NonDPR_master_0/altera_reset_controller_1922/synth/altera_reset_controller.sdc' for instance: 'System|rst_controller'
Info: Following instance found in the design -  System|rst_controller|*
Info (18794): Reading SDC File: 'NonDPR/altera_reset_controller_1922/synth/altera_reset_controller.sdc' for instance: 'System|master_0|master_0|rst_controller'
Info: Following instance found in the design -  System|master_0|master_0|rst_controller|*
Info (18794): Reading SDC File: 'NonDPR/altera_reset_controller_1922/synth/altera_reset_controller.sdc' for instance: 'System|rst_controller'
Info: Following instance found in the design -  System|rst_controller|*
Info (18794): Reading SDC File: 'ip/NonDPR/NonDPR_intel_niosv_g_0/altera_reset_controller_1922/synth/altera_reset_controller.sdc' for instance: 'System|master_0|master_0|rst_controller'
Info: Following instance found in the design -  System|master_0|master_0|rst_controller|*
Info (18794): Reading SDC File: 'ip/NonDPR/NonDPR_intel_niosv_g_0/altera_reset_controller_1922/synth/altera_reset_controller.sdc' for instance: 'System|rst_controller'
Info: Following instance found in the design -  System|rst_controller|*
Info (332104): Reading SDC File: 'ip/NonDPR/NonDPR_intel_niosv_g_0/intel_niosv_dbg_mod_210/synth/altera_avalon_st_handshake_clock_crosser.sdc'
Info (332104): Reading SDC File: 'ip/NonDPR/NonDPR_intel_niosv_g_0/intel_niosv_dbg_mod_210/synth/altera_reset_controller.sdc'
Info: Following instance found in the design -  
Info (332104): Reading SDC File: 'C:/Users/pchh520/Documents/GitHub/part-4-project/SummerResearch/quartus/dni/sandboxes/EN433358_25024_0/sld/default_jtag.sdc'
Info (19449): Reading SDC files elapsed 00:00:02.
Warning (332060): Node: altera_reserved_tck was determined to be a clock but was found without an associated clock assignment.
    Info (13166): Register System|intel_niosv_g_0|intel_niosv_g_0|dbg_mod|dtm_inst|read_rsp_pndg is being clocked by altera_reserved_tck
Info (332123): Deriving Clock Uncertainty. Please refer to report_sdc in the Timing Analyzer to see clock uncertainties.
Info: Found TIMING_ANALYZER_REPORT_SCRIPT_INCLUDE_DEFAULT_ANALYSIS = ON
Info (332146): Worst-case setup slack is 5.236
    Info (332119):     Slack       End Point TNS Failing End Points      Clock Worst-Case Operating Conditions 
    Info (332119): ========= =================== ========= ========== ===================== 
    Info (332119):     5.236               0.000         0     CLK_50 Slow 900mV 100C Model 
Info (332146): Worst-case hold slack is 0.017
    Info (332119):     Slack       End Point TNS Failing End Points      Clock Worst-Case Operating Conditions 
    Info (332119): ========= =================== ========= ========== ===================== 
    Info (332119):     0.017               0.000         0     CLK_50   Fast 900mV 0C Model 
Info (332146): Worst-case recovery slack is 11.935
    Info (332119):     Slack       End Point TNS Failing End Points      Clock Worst-Case Operating Conditions 
    Info (332119): ========= =================== ========= ========== ===================== 
    Info (332119):    11.935               0.000         0     CLK_50 Slow 900mV 100C Model 
Info (332146): Worst-case removal slack is 0.176
    Info (332119):     Slack       End Point TNS Failing End Points      Clock Worst-Case Operating Conditions 
    Info (332119): ========= =================== ========= ========== ===================== 
    Info (332119):     0.176               0.000         0     CLK_50   Fast 900mV 0C Model 
Info (332140): No Setup paths to report
Info (332140): No Recovery paths to report
Info (332146): Worst-case minimum pulse width slack is 9.433
    Info (332119):     Slack       End Point TNS Failing End Points      Clock Worst-Case Operating Conditions 
    Info (332119): ========= =================== ========= ========== ===================== 
    Info (332119):     9.433               0.000         0     CLK_50   Slow 900mV 0C Model 
Warning (17897): No destination clock period was found satisfying the set_net_delay assignment from "[get_registers {System|master_0|master_0|jtag_phy_embedded_in_jtag_master|normal.jtag_dc_streaming|sink_crosser|in_data_buffer*}]" to "[get_registers {System|master_0|master_0|jtag_phy_embedded_in_jtag_master|normal.jtag_dc_streaming|sink_crosser|out_data_buffer*}]". The assignment at location altera_avalon_st_handshake_clock_crosser.sdc:83 is invalid.
Warning (17897): No destination clock period was found satisfying the set_net_delay assignment from "[get_registers {System|master_0|master_0|jtag_phy_embedded_in_jtag_master|normal.jtag_dc_streaming|sink_crosser|in_data_toggle}]" to "[get_registers {System|master_0|master_0|jtag_phy_embedded_in_jtag_master|normal.jtag_dc_streaming|sink_crosser|in_to_out_synchronizer|din_s1}]". The assignment at location altera_avalon_st_handshake_clock_crosser.sdc:100 is invalid.
Warning (17897): No destination clock period was found satisfying the set_net_delay assignment from "[get_registers {System|intel_niosv_g_0|intel_niosv_g_0|dbg_mod|dtm_inst|rsp_clk_xer|clock_xer|in_data_buffer*}]" to "[get_registers {System|intel_niosv_g_0|intel_niosv_g_0|dbg_mod|dtm_inst|rsp_clk_xer|clock_xer|out_data_buffer*}]". The assignment at location altera_avalon_st_handshake_clock_crosser.sdc:83 is invalid.
Warning (17897): No destination clock period was found satisfying the set_net_delay assignment from "[get_registers {System|intel_niosv_g_0|intel_niosv_g_0|dbg_mod|dtm_inst|rsp_clk_xer|clock_xer|in_data_toggle}]" to "[get_registers {System|intel_niosv_g_0|intel_niosv_g_0|dbg_mod|dtm_inst|rsp_clk_xer|clock_xer|in_to_out_synchronizer|din_s1}]". The assignment at location altera_avalon_st_handshake_clock_crosser.sdc:100 is invalid.
Warning (17897): No destination clock period was found satisfying the set_net_delay assignment from "[get_registers {System|intel_niosv_g_0|intel_niosv_g_0|dbg_mod|dtm_inst|cmd_clk_xer|clock_xer|out_data_toggle_flopped_n}]" to "[get_registers {System|intel_niosv_g_0|intel_niosv_g_0|dbg_mod|dtm_inst|cmd_clk_xer|clock_xer|out_to_in_synchronizer|din_s1}]". The assignment at location altera_avalon_st_handshake_clock_crosser.sdc:118 is invalid.
Info (332114): Report Metastability (Slow 900mV 100C Model): Found 9 synchronizer chains.
    Info (332114): Worst-Case MTBF of Design is 1e+09 years or 3.15e+16 seconds.
    Info (332114): Typical MTBF of Design is 1e+09 years or 3.15e+16 seconds.

    Info (332114): MTBF(design) = 1 / SUM(1 / MTBF(synchronizer chain))

    Info (332114): Number of Synchronizer Chains Found: 9
    Info (332114): Shortest Synchronizer Chain: 2 Registers
    Info (332114): Number of Chains For Which MTBFs Could Not be Calculated Due to Timing Violations: 0, or 0.0%.
    Info (332114): Number of Chains Excluded from MTBF Analysis: 5, or 55.6%
    Info (332114): Worst Case Available Settling Time: 38.164 ns

    Info (332114): Worst-Case MTBF values are calculated based on the worst-case silicon characteristics, with worst-case operating conditions.
    Info (332114):   - Under worst-case conditions, an increase of 100ps in available settling time will increase MTBF values by a factor of 288.8
    Info (332114): Typical MTBF values are calculated based on the nominal silicon characteristics, at nominal operating conditions.
    Info (332114):   - Under typical conditions, an increase of 100ps in available settling time will increase MTBF values by a factor of 4590.3
Info (332114): Report Metastability (Slow 900mV 0C Model): Found 9 synchronizer chains.
    Info (332114): Worst-Case MTBF of Design is 1e+09 years or 3.15e+16 seconds.
    Info (332114): Typical MTBF of Design is 1e+09 years or 3.15e+16 seconds.

    Info (332114): MTBF(design) = 1 / SUM(1 / MTBF(synchronizer chain))

    Info (332114): Number of Synchronizer Chains Found: 9
    Info (332114): Shortest Synchronizer Chain: 2 Registers
    Info (332114): Number of Chains For Which MTBFs Could Not be Calculated Due to Timing Violations: 0, or 0.0%.
    Info (332114): Number of Chains Excluded from MTBF Analysis: 5, or 55.6%
    Info (332114): Worst Case Available Settling Time: 38.208 ns

    Info (332114): Worst-Case MTBF values are calculated based on the worst-case silicon characteristics, with worst-case operating conditions.
    Info (332114):   - Under worst-case conditions, an increase of 100ps in available settling time will increase MTBF values by a factor of 78.2
    Info (332114): Typical MTBF values are calculated based on the nominal silicon characteristics, at nominal operating conditions.
    Info (332114):   - Under typical conditions, an increase of 100ps in available settling time will increase MTBF values by a factor of 4590.3
Info (332114): Report Metastability (Fast 900mV 100C Model): Found 9 synchronizer chains.
    Info (332114): Worst-Case MTBF of Design is 1e+09 years or 3.15e+16 seconds.
    Info (332114): Typical MTBF of Design is 1e+09 years or 3.15e+16 seconds.

    Info (332114): MTBF(design) = 1 / SUM(1 / MTBF(synchronizer chain))

    Info (332114): Number of Synchronizer Chains Found: 9
    Info (332114): Shortest Synchronizer Chain: 2 Registers
    Info (332114): Number of Chains For Which MTBFs Could Not be Calculated Due to Timing Violations: 0, or 0.0%.
    Info (332114): Number of Chains Excluded from MTBF Analysis: 5, or 55.6%
    Info (332114): Worst Case Available Settling Time: 38.827 ns

    Info (332114): Worst-Case MTBF values are calculated based on the worst-case silicon characteristics, with worst-case operating conditions.
    Info (332114):   - Under worst-case conditions, an increase of 100ps in available settling time will increase MTBF values by a factor of 288.8
    Info (332114): Typical MTBF values are calculated based on the nominal silicon characteristics, at nominal operating conditions.
    Info (332114):   - Under typical conditions, an increase of 100ps in available settling time will increase MTBF values by a factor of 4590.3
Info (332114): Report Metastability (Fast 900mV 0C Model): Found 9 synchronizer chains.
    Info (332114): Worst-Case MTBF of Design is 1e+09 years or 3.15e+16 seconds.
    Info (332114): Typical MTBF of Design is 1e+09 years or 3.15e+16 seconds.

    Info (332114): MTBF(design) = 1 / SUM(1 / MTBF(synchronizer chain))

    Info (332114): Number of Synchronizer Chains Found: 9
    Info (332114): Shortest Synchronizer Chain: 2 Registers
    Info (332114): Number of Chains For Which MTBFs Could Not be Calculated Due to Timing Violations: 0, or 0.0%.
    Info (332114): Number of Chains Excluded from MTBF Analysis: 5, or 55.6%
    Info (332114): Worst Case Available Settling Time: 38.994 ns

    Info (332114): Worst-Case MTBF values are calculated based on the worst-case silicon characteristics, with worst-case operating conditions.
    Info (332114):   - Under worst-case conditions, an increase of 100ps in available settling time will increase MTBF values by a factor of 78.2
    Info (332114): Typical MTBF values are calculated based on the nominal silicon characteristics, at nominal operating conditions.
    Info (332114):   - Under typical conditions, an increase of 100ps in available settling time will increase MTBF values by a factor of 4590.3
Info (332102): Design is not fully constrained for setup requirements
Info (332102): Design is not fully constrained for hold requirements
Info (24095): Timing requirements were met
Info: Quartus Prime Timing Analyzer was successful. 0 errors, 11 warnings
    Info: Peak virtual memory: 6110 megabytes
    Info: Processing ended: Mon Mar  9 19:26:37 2026
    Info: Elapsed time: 00:00:25
    Info: System process ID: 25464
Info (19538): Reading SDC files took 00:00:02 cumulatively in this process.


