Timing Analyzer report for NonDPR
Wed Mar  4 15:45:48 2026
Quartus Prime Version 24.1.0 Build 115 03/21/2024 SC Pro Edition


---------------------
; Table of Contents ;
---------------------
  1. Legal Notice
  2. Timing Analyzer Summary
  3. Timing Delays: Final Snapshot
  4. Parallel Compilation
  5. SDC File List
  6. Clocks
  7. Timing Closure Summary
  8. Fmax Summary
  9. Setup Summary
 10. Hold Summary
 11. Recovery Summary
 12. Removal Summary
 13. Minimum Pulse Width Summary
 14. Net Delay Summary
 15. Metastability Summary Slow 900mV 100C Model
 16. Metastability Summary Slow 900mV 0C Model
 17. Metastability Summary Fast 900mV 100C Model
 18. Metastability Summary Fast 900mV 0C Model
 19. Board Trace Model Assignments
 20. Input Transition Times
 21. Signal Integrity Metrics (Slow 900mv 100c Model)
 22. Setup Transfers
 23. Hold Transfers
 24. Recovery Transfers
 25. Removal Transfers
---- Setup Reports ----
     ---- CLK_50 Reports ----
           26. Command Info
           27. Summary of Paths
           28. Path #1: Setup slack is 8.067 
           29. Path #2: Setup slack is 8.087 
           30. Path #3: Setup slack is 8.141 
           31. Path #4: Setup slack is 8.164 
           32. Path #5: Setup slack is 8.368 
           33. Path #6: Setup slack is 8.372 
           34. Path #7: Setup slack is 8.405 
           35. Path #8: Setup slack is 8.503 
           36. Path #9: Setup slack is 8.556 
           37. Path #10: Setup slack is 8.648 
---- Hold Reports ----
     ---- CLK_50 Reports ----
           38. Command Info
           39. Summary of Paths
           40. Path #1: Hold slack is 0.015 
           41. Path #2: Hold slack is 0.016 
           42. Path #3: Hold slack is 0.017 
           43. Path #4: Hold slack is 0.018 
           44. Path #5: Hold slack is 0.018 
           45. Path #6: Hold slack is 0.018 
           46. Path #7: Hold slack is 0.019 
           47. Path #8: Hold slack is 0.019 
           48. Path #9: Hold slack is 0.019 
           49. Path #10: Hold slack is 0.019 
---- Recovery Reports ----
     ---- CLK_50 Reports ----
           50. Command Info
           51. Summary of Paths
           52. Path #1: Recovery slack is 14.510 
           53. Path #2: Recovery slack is 14.510 
           54. Path #3: Recovery slack is 14.510 
           55. Path #4: Recovery slack is 14.510 
           56. Path #5: Recovery slack is 14.510 
           57. Path #6: Recovery slack is 14.510 
           58. Path #7: Recovery slack is 14.510 
           59. Path #8: Recovery slack is 14.510 
           60. Path #9: Recovery slack is 14.847 
           61. Path #10: Recovery slack is 14.849 
---- Removal Reports ----
     ---- CLK_50 Reports ----
           62. Command Info
           63. Summary of Paths
           64. Path #1: Removal slack is 0.204 
           65. Path #2: Removal slack is 0.205 
           66. Path #3: Removal slack is 0.205 
           67. Path #4: Removal slack is 0.206 
           68. Path #5: Removal slack is 0.206 
           69. Path #6: Removal slack is 0.207 
           70. Path #7: Removal slack is 0.208 
           71. Path #8: Removal slack is 0.209 
           72. Path #9: Removal slack is 0.209 
           73. Path #10: Removal slack is 0.210 
---- Unconstrained Paths Reports ----
      74. Unconstrained Paths Summary
      75. Clock Status Summary
     ---- Setup Analysis Reports ----
           76. Unconstrained Input Ports
           77. Unconstrained Output Ports
     ---- Hold Analysis Reports ----
           78. Unconstrained Input Ports
           79. Unconstrained Output Ports
 80. INI Usage
 81. Multicorner Timing Analysis Summary
 82. Timing Analyzer Messages



----------------
; Legal Notice ;
----------------
Copyright (C) 2024  Intel Corporation. All rights reserved.
Your use of Intel Corporation's design tools, logic functions 
and other software and tools, and any partner logic 
functions, and any output files from any of the foregoing 
(including device programming or simulation files), and any 
associated documentation or information are expressly subject 
to the terms and conditions of the Intel Program License 
Subscription Agreement, the Intel Quartus Prime License Agreement,
the Intel FPGA IP License Agreement, or other applicable license
agreement, including, without limitation, that your use is for
the sole purpose of programming logic devices manufactured by
Intel and sold by Intel or its authorized distributors.  Please
refer to the Intel FPGA Software License Subscription Agreements 
on the Quartus Prime software download page.



+----------------------------------------------------------------------------+
; Timing Analyzer Summary                                                    ;
+-----------------------+----------------------------------------------------+
; Quartus Prime Version ; Version 24.1.0 Build 115 03/21/2024 SC Pro Edition ;
; Timing Analyzer       ; Timing Analyzer                                    ;
; Revision Name         ; NonDPR                                             ;
; Device Family         ; Arria 10                                           ;
; Device                ; 10AS066N3F40E2SG                                   ;
; Snapshot              ; final                                              ;
; Timing Models         ; Final                                              ;
; Power Models          ; Final                                              ;
; Device Status         ; Final                                              ;
; Rise/Fall Delays      ; Enabled                                            ;
+-----------------------+----------------------------------------------------+


+---------------------------------------------+
; Timing Delays: Final Snapshot               ;
+----------------------------------+----------+
; Snapshot                         ; final    ;
; Periphery block cell delays      ; Sign-off ;
; Core block cell delays           ; Sign-off ;
; Routing interconnect (IC) delays ; Sign-off ;
+----------------------------------+----------+


+-------------------------------------+
; Parallel Compilation                ;
+----------------------------+--------+
; Processors                 ; Number ;
+----------------------------+--------+
; Number detected on machine ; 20     ;
; Maximum allowed            ; 12     ;
+----------------------------+--------+


+----------------------------------------------------------------------------------------------------------------------------------------------------------------------------------------------------------------------------------------------------------------------------------------------------------------------+
; SDC File List                                                                                                                                                                                                                                                                                                        ;
+-----------------------------------------------------------------------------------------------------------------------------+-----------------------------------------+---------------------------------+------------------------------+----------+--------+--------------------------+-----------------+------------+
; SDC File Path                                                                                                               ; Instance                                ; Entity                          ; Library                      ; Promoted ; Status ; Read at                  ; Processing Time ; SDC on RTL ;
+-----------------------------------------------------------------------------------------------------------------------------+-----------------------------------------+---------------------------------+------------------------------+----------+--------+--------------------------+-----------------+------------+
; NonDPR.out.sdc                                                                                                              ;                                         ;                                 ;                              ; No       ; OK     ; Wed Mar  4 14:29:41 2026 ; 00:00:00        ; No         ;
; ip/NonDPR/NonDPR_master_0/altera_jtag_dc_streaming_191/synth/altera_avalon_st_jtag_interface.sdc                            ;                                         ; altera_avalon_st_jtag_interface ; altera_jtag_dc_streaming_191 ; No       ; OK     ; Wed Mar  4 14:29:41 2026 ; 00:00:00        ; No         ;
; ip/NonDPR/NonDPR_master_0/altera_reset_controller_1922/synth/altera_reset_controller.sdc                                    ; System|master_0|master_0|rst_controller ; altera_reset_controller         ; altera_reset_controller_1922 ; No       ; OK     ; Wed Mar  4 14:29:43 2026 ; 00:00:02        ; No         ;
; ip/NonDPR/NonDPR_master_0/altera_reset_controller_1922/synth/altera_reset_controller.sdc                                    ; System|rst_controller                   ; altera_reset_controller         ; altera_reset_controller_1922 ; No       ; OK     ; Wed Mar  4 14:29:43 2026 ; 00:00:00        ; No         ;
; NonDPR/altera_reset_controller_1922/synth/altera_reset_controller.sdc                                                       ; System|master_0|master_0|rst_controller ; altera_reset_controller         ; altera_reset_controller_1922 ; No       ; OK     ; Wed Mar  4 14:29:43 2026 ; 00:00:00        ; No         ;
; NonDPR/altera_reset_controller_1922/synth/altera_reset_controller.sdc                                                       ; System|rst_controller                   ; altera_reset_controller         ; altera_reset_controller_1922 ; No       ; OK     ; Wed Mar  4 14:29:43 2026 ; 00:00:00        ; No         ;
; ip/NonDPR/NonDPR_intel_niosv_g_0/altera_reset_controller_1922/synth/altera_reset_controller.sdc                             ; System|master_0|master_0|rst_controller ; altera_reset_controller         ; altera_reset_controller_1922 ; No       ; OK     ; Wed Mar  4 14:29:43 2026 ; 00:00:00        ; No         ;
; ip/NonDPR/NonDPR_intel_niosv_g_0/altera_reset_controller_1922/synth/altera_reset_controller.sdc                             ; System|rst_controller                   ; altera_reset_controller         ; altera_reset_controller_1922 ; No       ; OK     ; Wed Mar  4 14:29:43 2026 ; 00:00:00        ; No         ;
; ip/NonDPR/NonDPR_intel_niosv_g_0/intel_niosv_dbg_mod_210/synth/altera_avalon_st_handshake_clock_crosser.sdc                 ;                                         ; niosv_dm_top                    ; intel_niosv_dbg_mod_210      ; No       ; OK     ; Wed Mar  4 14:29:43 2026 ; 00:00:00        ; No         ;
; ip/NonDPR/NonDPR_intel_niosv_g_0/intel_niosv_dbg_mod_210/synth/altera_reset_controller.sdc                                  ;                                         ; niosv_dm_top                    ; intel_niosv_dbg_mod_210      ; No       ; OK     ; Wed Mar  4 14:29:43 2026 ; 00:00:00        ; No         ;
; C:/Users/pchh520/Documents/GitHub/part-4-project/SummerResearch/quartus/dni/sandboxes/EN433358_22460_0/sld/default_jtag.sdc ;                                         ; alt_sld_fab_0                   ; altera_work                  ; No       ; OK     ; Wed Mar  4 14:29:43 2026 ; 00:00:00        ; No         ;
+-----------------------------------------------------------------------------------------------------------------------------+-----------------------------------------+---------------------------------+------------------------------+----------+--------+--------------------------+-----------------+------------+
Note: All paths for non-entity SDC files are reported relative to the project directory (C:/Users/pchh520/Documents/GitHub/part-4-project/SummerResearch/quartus/).


+------------------------------------------------------------------------------------------------------------------------------------------------------------------------------------+
; Clocks                                                                                                                                                                             ;
+------------+------+--------+-----------+-------+--------+------------+-----------+-------------+-------+--------+-----------+------------+----------+--------+--------+------------+
; Clock Name ; Type ; Period ; Frequency ; Rise  ; Fall   ; Duty Cycle ; Divide by ; Multiply by ; Phase ; Offset ; Edge List ; Edge Shift ; Inverted ; Master ; Source ; Targets    ;
+------------+------+--------+-----------+-------+--------+------------+-----------+-------------+-------+--------+-----------+------------+----------+--------+--------+------------+
; CLK_50     ; Base ; 20.000 ; 50.0 MHz  ; 0.000 ; 10.000 ;            ;           ;             ;       ;        ;           ;            ;          ;        ;        ; { CLK_50 } ;
+------------+------+--------+-----------+-------+--------+------------+-----------+-------------+-------+--------+-----------+------------+----------+--------+--------+------------+


+--------------------------------------------------------------------+
; Timing Closure Summary                                             ;
+------------------------------------------------------+-------------+
; Panel Name                                           ; Result Flag ;
+------------------------------------------------------+-------------+
; Timing Closure                                       ; Pass        ;
;   Setup Summary                                      ; Pass        ;
;   Hold Summary                                       ; Pass        ;
;   Recovery Summary                                   ; Pass        ;
;   Removal Summary                                    ; Pass        ;
;   Setup Data Delay Summary                           ; Not Found   ;
;   Recovery Data Delay Summary                        ; Not Found   ;
;   Minimum Pulse Width Summary                        ; Pass        ;
;   Max Skew Summary                                   ; Not Found   ;
;   Max Clock Skew Summary                             ; Not Found   ;
;   Net Delay Summary                                  ; Pass        ;
;   Metastability Summary                              ; Pass        ;
;   Double Data Rate (DDR) Summary                     ; Not Found   ;
;   Transmitter Channel-to-Channel Skew (TCCS) Summary ; Not Found   ;
;   Receiver Input Skew Margin (RSKM) Summary          ; Not Found   ;
;   Design Assistant Summary                           ; Not Found   ;
+------------------------------------------------------+-------------+


+----------------------------------------------------------------------------------+
; Fmax Summary                                                                     ;
+----------+-----------------+------------+------+---------------------------------+
; Fmax     ; Restricted Fmax ; Clock Name ; Note ; Worst-Case Operating Conditions ;
+----------+-----------------+------------+------+---------------------------------+
; 83.8 MHz ; 83.8 MHz        ; CLK_50     ;      ; Slow 900mV 100C Model           ;
+----------+-----------------+------------+------+---------------------------------+
This panel reports FMAX for every clock in the design, regardless of the user-specified clock periods.  FMAX is only computed for paths where the source and destination registers or ports are driven by the same clock.  Paths of different clocks, including generated clocks, are ignored.  For paths between a clock and its inversion, FMAX is computed as if the rising and falling edges are scaled along with FMAX, such that the duty cycle (in terms of a percentage) is maintained. Intel recommends that you always use clock constraints and other slack reports for sign-off analysis.
Delay Models:
Slow 900mV 100C Model
Slow 900mV 0C Model
Fast 900mV 100C Model
Fast 900mV 0C Model


+---------------------------------------------------------------------------------------+
; Setup Summary                                                                         ;
+--------+-------+---------------+--------------------+---------------------------------+
; Clock  ; Slack ; End Point TNS ; Failing End Points ; Worst-Case Operating Conditions ;
+--------+-------+---------------+--------------------+---------------------------------+
; CLK_50 ; 8.067 ; 0.000         ; 0                  ; Slow 900mV 100C Model           ;
+--------+-------+---------------+--------------------+---------------------------------+
Delay Models:
Slow 900mV 100C Model
Slow 900mV 0C Model
Fast 900mV 100C Model
Fast 900mV 0C Model


+---------------------------------------------------------------------------------------+
; Hold Summary                                                                          ;
+--------+-------+---------------+--------------------+---------------------------------+
; Clock  ; Slack ; End Point TNS ; Failing End Points ; Worst-Case Operating Conditions ;
+--------+-------+---------------+--------------------+---------------------------------+
; CLK_50 ; 0.015 ; 0.000         ; 0                  ; Fast 900mV 0C Model             ;
+--------+-------+---------------+--------------------+---------------------------------+
Delay Models:
Slow 900mV 100C Model
Slow 900mV 0C Model
Fast 900mV 100C Model
Fast 900mV 0C Model


+----------------------------------------------------------------------------------------+
; Recovery Summary                                                                       ;
+--------+--------+---------------+--------------------+---------------------------------+
; Clock  ; Slack  ; End Point TNS ; Failing End Points ; Worst-Case Operating Conditions ;
+--------+--------+---------------+--------------------+---------------------------------+
; CLK_50 ; 14.510 ; 0.000         ; 0                  ; Slow 900mV 0C Model             ;
+--------+--------+---------------+--------------------+---------------------------------+
Delay Models:
Slow 900mV 100C Model
Slow 900mV 0C Model
Fast 900mV 100C Model
Fast 900mV 0C Model


+---------------------------------------------------------------------------------------+
; Removal Summary                                                                       ;
+--------+-------+---------------+--------------------+---------------------------------+
; Clock  ; Slack ; End Point TNS ; Failing End Points ; Worst-Case Operating Conditions ;
+--------+-------+---------------+--------------------+---------------------------------+
; CLK_50 ; 0.204 ; 0.000         ; 0                  ; Fast 900mV 0C Model             ;
+--------+-------+---------------+--------------------+---------------------------------+
Delay Models:
Slow 900mV 100C Model
Slow 900mV 0C Model
Fast 900mV 100C Model
Fast 900mV 0C Model


+----------------------------------------------------------------------------------------------------+
; Minimum Pulse Width Summary                                                                        ;
+--------+-------+---------------+--------------------+------------+---------------------------------+
; Clock  ; Slack ; End Point TNS ; Failing End Points ; Type       ; Worst-Case Operating Conditions ;
+--------+-------+---------------+--------------------+------------+---------------------------------+
; CLK_50 ; 9.431 ; 0.000         ; 0                  ; High Pulse ; Slow 900mV 0C Model             ;
+--------+-------+---------------+--------------------+------------+---------------------------------+
Delay Models:
Slow 900mV 100C Model
Slow 900mV 0C Model
Fast 900mV 100C Model
Fast 900mV 0C Model


+------------------------------------------------------------------------------------------------------------------------------------------------------------------------------------------------------------------------------------------------------------------------------------------------------------------------------------------------------------------------------------------------------------------------------------------------------+
; Net Delay Summary                                                                                                                                                                                                                                                                                                                                                                                                                                    ;
+---------------+---------------+----------+---------------+---------------------------------------------------------------------------------------------------------------------------------------------+-------------------------------------------------------------------------------------------------------------------------------------------------+------+--------------------------------------------------+---------------------------------+
; Name          ; Slack         ; Required ; Actual        ; From                                                                                                                                        ; To                                                                                                                                              ; Type ; SDC Location                                     ; Worst-Case Operating Conditions ;
+---------------+---------------+----------+---------------+---------------------------------------------------------------------------------------------------------------------------------------------+-------------------------------------------------------------------------------------------------------------------------------------------------+------+--------------------------------------------------+---------------------------------+
; set_net_delay ; 15.361        ; 16.000   ; 0.639         ; [get_registers {System|intel_niosv_g_0|intel_niosv_g_0|dbg_mod|dtm_inst|cmd_clk_xer|clock_xer|in_data_buffer*}]                             ; [get_registers {System|intel_niosv_g_0|intel_niosv_g_0|dbg_mod|dtm_inst|cmd_clk_xer|clock_xer|out_data_buffer*}]                                ; max  ; altera_avalon_st_handshake_clock_crosser.sdc:83  ; Slow 900mV 100C Model           ;
; set_net_delay ; 15.512        ; 16.000   ; 0.488         ; [get_registers {System|intel_niosv_g_0|intel_niosv_g_0|dbg_mod|dtm_inst|cmd_clk_xer|clock_xer|in_data_toggle}]                              ; [get_registers {System|intel_niosv_g_0|intel_niosv_g_0|dbg_mod|dtm_inst|cmd_clk_xer|clock_xer|in_to_out_synchronizer|din_s1}]                   ; max  ; altera_avalon_st_handshake_clock_crosser.sdc:100 ; Slow 900mV 100C Model           ;
; set_net_delay ; 15.525        ; 16.000   ; 0.475         ; [get_registers {System|intel_niosv_g_0|intel_niosv_g_0|dbg_mod|dtm_inst|rsp_clk_xer|clock_xer|out_data_toggle_flopped_n}]                   ; [get_registers {System|intel_niosv_g_0|intel_niosv_g_0|dbg_mod|dtm_inst|rsp_clk_xer|clock_xer|out_to_in_synchronizer|din_s1}]                   ; max  ; altera_avalon_st_handshake_clock_crosser.sdc:118 ; Slow 900mV 100C Model           ;
; set_net_delay ; 15.567        ; 16.000   ; 0.433         ; [get_registers {System|master_0|master_0|jtag_phy_embedded_in_jtag_master|normal.jtag_dc_streaming|sink_crosser|out_data_toggle_flopped_n}] ; [get_registers {System|master_0|master_0|jtag_phy_embedded_in_jtag_master|normal.jtag_dc_streaming|sink_crosser|out_to_in_synchronizer|din_s1}] ; max  ; altera_avalon_st_handshake_clock_crosser.sdc:118 ; Slow 900mV 100C Model           ;
; set_net_delay ; Invalid clock ; --       ; Invalid clock ; [get_registers {System|master_0|master_0|jtag_phy_embedded_in_jtag_master|normal.jtag_dc_streaming|sink_crosser|in_data_buffer*}]           ; [get_registers {System|master_0|master_0|jtag_phy_embedded_in_jtag_master|normal.jtag_dc_streaming|sink_crosser|out_data_buffer*}]              ; max  ; altera_avalon_st_handshake_clock_crosser.sdc:83  ;                                 ;
; set_net_delay ; Invalid clock ; --       ; Invalid clock ; [get_registers {System|intel_niosv_g_0|intel_niosv_g_0|dbg_mod|dtm_inst|rsp_clk_xer|clock_xer|in_data_buffer*}]                             ; [get_registers {System|intel_niosv_g_0|intel_niosv_g_0|dbg_mod|dtm_inst|rsp_clk_xer|clock_xer|out_data_buffer*}]                                ; max  ; altera_avalon_st_handshake_clock_crosser.sdc:83  ;                                 ;
; set_net_delay ; Invalid clock ; --       ; Invalid clock ; [get_registers {System|master_0|master_0|jtag_phy_embedded_in_jtag_master|normal.jtag_dc_streaming|sink_crosser|in_data_toggle}]            ; [get_registers {System|master_0|master_0|jtag_phy_embedded_in_jtag_master|normal.jtag_dc_streaming|sink_crosser|in_to_out_synchronizer|din_s1}] ; max  ; altera_avalon_st_handshake_clock_crosser.sdc:100 ;                                 ;
; set_net_delay ; Invalid clock ; --       ; Invalid clock ; [get_registers {System|intel_niosv_g_0|intel_niosv_g_0|dbg_mod|dtm_inst|rsp_clk_xer|clock_xer|in_data_toggle}]                              ; [get_registers {System|intel_niosv_g_0|intel_niosv_g_0|dbg_mod|dtm_inst|rsp_clk_xer|clock_xer|in_to_out_synchronizer|din_s1}]                   ; max  ; altera_avalon_st_handshake_clock_crosser.sdc:100 ;                                 ;
; set_net_delay ; Invalid clock ; --       ; Invalid clock ; [get_registers {System|intel_niosv_g_0|intel_niosv_g_0|dbg_mod|dtm_inst|cmd_clk_xer|clock_xer|out_data_toggle_flopped_n}]                   ; [get_registers {System|intel_niosv_g_0|intel_niosv_g_0|dbg_mod|dtm_inst|cmd_clk_xer|clock_xer|out_to_in_synchronizer|din_s1}]                   ; max  ; altera_avalon_st_handshake_clock_crosser.sdc:118 ;                                 ;
+---------------+---------------+----------+---------------+---------------------------------------------------------------------------------------------------------------------------------------------+-------------------------------------------------------------------------------------------------------------------------------------------------+------+--------------------------------------------------+---------------------------------+


-----------------------------------------------
; Metastability Summary Slow 900mV 100C Model ;
-----------------------------------------------
Worst-Case MTBF of Design is 1e+09 years or 3.15e+16 seconds.
Typical MTBF of Design is 1e+09 years or 3.15e+16 seconds.

MTBF(design) = 1 / SUM(1 / MTBF(synchronizer chain))

Number of Synchronizer Chains Found: 9
Shortest Synchronizer Chain: 2 Registers
Number of Chains For Which MTBFs Could Not be Calculated Due to Timing Violations: 0, or 0.0%.
Number of Chains Excluded from MTBF Analysis: 5, or 55.6%
Worst Case Available Settling Time: 37.601 ns

Worst-Case MTBF values are calculated based on the worst-case silicon characteristics, with worst-case operating conditions.
  - Under worst-case conditions, an increase of 100ps in available settling time will increase MTBF values by a factor of 288.8
Typical MTBF values are calculated based on the nominal silicon characteristics, at nominal operating conditions.
  - Under typical conditions, an increase of 100ps in available settling time will increase MTBF values by a factor of 4590.3



---------------------------------------------
; Metastability Summary Slow 900mV 0C Model ;
---------------------------------------------
Worst-Case MTBF of Design is 1e+09 years or 3.15e+16 seconds.
Typical MTBF of Design is 1e+09 years or 3.15e+16 seconds.

MTBF(design) = 1 / SUM(1 / MTBF(synchronizer chain))

Number of Synchronizer Chains Found: 9
Shortest Synchronizer Chain: 2 Registers
Number of Chains For Which MTBFs Could Not be Calculated Due to Timing Violations: 0, or 0.0%.
Number of Chains Excluded from MTBF Analysis: 5, or 55.6%
Worst Case Available Settling Time: 37.701 ns

Worst-Case MTBF values are calculated based on the worst-case silicon characteristics, with worst-case operating conditions.
  - Under worst-case conditions, an increase of 100ps in available settling time will increase MTBF values by a factor of 78.2
Typical MTBF values are calculated based on the nominal silicon characteristics, at nominal operating conditions.
  - Under typical conditions, an increase of 100ps in available settling time will increase MTBF values by a factor of 4590.3



-----------------------------------------------
; Metastability Summary Fast 900mV 100C Model ;
-----------------------------------------------
Worst-Case MTBF of Design is 1e+09 years or 3.15e+16 seconds.
Typical MTBF of Design is 1e+09 years or 3.15e+16 seconds.

MTBF(design) = 1 / SUM(1 / MTBF(synchronizer chain))

Number of Synchronizer Chains Found: 9
Shortest Synchronizer Chain: 2 Registers
Number of Chains For Which MTBFs Could Not be Calculated Due to Timing Violations: 0, or 0.0%.
Number of Chains Excluded from MTBF Analysis: 5, or 55.6%
Worst Case Available Settling Time: 38.405 ns

Worst-Case MTBF values are calculated based on the worst-case silicon characteristics, with worst-case operating conditions.
  - Under worst-case conditions, an increase of 100ps in available settling time will increase MTBF values by a factor of 288.8
Typical MTBF values are calculated based on the nominal silicon characteristics, at nominal operating conditions.
  - Under typical conditions, an increase of 100ps in available settling time will increase MTBF values by a factor of 4590.3



---------------------------------------------
; Metastability Summary Fast 900mV 0C Model ;
---------------------------------------------
Worst-Case MTBF of Design is 1e+09 years or 3.15e+16 seconds.
Typical MTBF of Design is 1e+09 years or 3.15e+16 seconds.

MTBF(design) = 1 / SUM(1 / MTBF(synchronizer chain))

Number of Synchronizer Chains Found: 9
Shortest Synchronizer Chain: 2 Registers
Number of Chains For Which MTBFs Could Not be Calculated Due to Timing Violations: 0, or 0.0%.
Number of Chains Excluded from MTBF Analysis: 5, or 55.6%
Worst Case Available Settling Time: 38.629 ns

Worst-Case MTBF values are calculated based on the worst-case silicon characteristics, with worst-case operating conditions.
  - Under worst-case conditions, an increase of 100ps in available settling time will increase MTBF values by a factor of 78.2
Typical MTBF values are calculated based on the nominal silicon characteristics, at nominal operating conditions.
  - Under typical conditions, an increase of 100ps in available settling time will increase MTBF values by a factor of 4590.3



+------------------------------------------------------------------------------------------------------------------------------------------------------------------------------------------------------------------------------------------------------------------------------------------------------------------------------------------------------------------------------------------------------------------------+
; Board Trace Model Assignments                                                                                                                                                                                                                                                                                                                                                                                          ;
+---------------------+--------------+-------------------+-------------------------+-------------------------+---------------+---------------------+----------------+------------------+--------+------------------+------------------------+------------------------+--------------+---------------+-----------------+-------+---------------------+--------------------+---------------+-----------------+-------------+
; Pin                 ; I/O Standard ; Near Tline Length ; Near Tline L per Length ; Near Tline C per Length ; Near Series R ; Near Differential R ; Near Pull-up R ; Near Pull-down R ; Near C ; Far Tline Length ; Far Tline L per Length ; Far Tline C per Length ; Far Series R ; Far Pull-up R ; Far Pull-down R ; Far C ; Termination Voltage ; Far Differential R ; EBD File Name ; EBD Signal Name ; EBD Far-end ;
+---------------------+--------------+-------------------+-------------------------+-------------------------+---------------+---------------------+----------------+------------------+--------+------------------+------------------------+------------------------+--------------+---------------+-----------------+-------+---------------------+--------------------+---------------+-----------------+-------------+
; LED_STATUS(0)       ; 1.8 V        ; 0 in              ; 0 H/in                  ; 0 F/in                  ; short         ; -                   ; open           ; open             ; open   ; 0 in             ; 0 H/in                 ; 0 F/in                 ; short        ; open          ; open            ; open  ; 0 V                 ; -                  ; n/a           ; n/a             ; n/a         ;
; LED_STATUS(1)       ; 1.8 V        ; 0 in              ; 0 H/in                  ; 0 F/in                  ; short         ; -                   ; open           ; open             ; open   ; 0 in             ; 0 H/in                 ; 0 F/in                 ; short        ; open          ; open            ; open  ; 0 V                 ; -                  ; n/a           ; n/a             ; n/a         ;
; LED_STATUS(2)       ; 1.8 V        ; 0 in              ; 0 H/in                  ; 0 F/in                  ; short         ; -                   ; open           ; open             ; open   ; 0 in             ; 0 H/in                 ; 0 F/in                 ; short        ; open          ; open            ; open  ; 0 V                 ; -                  ; n/a           ; n/a             ; n/a         ;
; LED_STATUS(3)       ; 1.8 V        ; 0 in              ; 0 H/in                  ; 0 F/in                  ; short         ; -                   ; open           ; open             ; open   ; 0 in             ; 0 H/in                 ; 0 F/in                 ; short        ; open          ; open            ; open  ; 0 V                 ; -                  ; n/a           ; n/a             ; n/a         ;
; altera_reserved_tdo ; 1.8 V        ; 0 in              ; 0 H/in                  ; 0 F/in                  ; short         ; -                   ; open           ; open             ; open   ; 0 in             ; 0 H/in                 ; 0 F/in                 ; short        ; open          ; open            ; open  ; 0 V                 ; -                  ; n/a           ; n/a             ; n/a         ;
; LED_STATUS(4)       ; 1.8 V        ; 0 in              ; 0 H/in                  ; 0 F/in                  ; short         ; -                   ; open           ; open             ; open   ; 0 in             ; 0 H/in                 ; 0 F/in                 ; short        ; open          ; open            ; open  ; 0 V                 ; -                  ; n/a           ; n/a             ; n/a         ;
; LED_STATUS(5)       ; 1.8 V        ; 0 in              ; 0 H/in                  ; 0 F/in                  ; short         ; -                   ; open           ; open             ; open   ; 0 in             ; 0 H/in                 ; 0 F/in                 ; short        ; open          ; open            ; open  ; 0 V                 ; -                  ; n/a           ; n/a             ; n/a         ;
; LED_STATUS(6)       ; 1.8 V        ; 0 in              ; 0 H/in                  ; 0 F/in                  ; short         ; -                   ; open           ; open             ; open   ; 0 in             ; 0 H/in                 ; 0 F/in                 ; short        ; open          ; open            ; open  ; 0 V                 ; -                  ; n/a           ; n/a             ; n/a         ;
; LED_STATUS(7)       ; 1.8 V        ; 0 in              ; 0 H/in                  ; 0 F/in                  ; short         ; -                   ; open           ; open             ; open   ; 0 in             ; 0 H/in                 ; 0 F/in                 ; short        ; open          ; open            ; open  ; 0 V                 ; -                  ; n/a           ; n/a             ; n/a         ;
+---------------------+--------------+-------------------+-------------------------+-------------------------+---------------+---------------------+----------------+------------------+--------+------------------+------------------------+------------------------+--------------+---------------+-----------------+-------+---------------------+--------------------+---------------+-----------------+-------------+


+------------------------------------------------------------------------+
; Input Transition Times                                                 ;
+---------------------+--------------+-----------------+-----------------+
; Pin                 ; I/O Standard ; 10-90 Rise Time ; 90-10 Fall Time ;
+---------------------+--------------+-----------------+-----------------+
; BTN_RESET           ; 1.8 V        ; 1440 ps         ; 1440 ps         ;
; altera_reserved_tck ; 1.8 V        ; 1440 ps         ; 1440 ps         ;
; altera_reserved_tdi ; 1.8 V        ; 1440 ps         ; 1440 ps         ;
; altera_reserved_tms ; 1.8 V        ; 1440 ps         ; 1440 ps         ;
; CLK_50              ; 1.8 V        ; 1440 ps         ; 1440 ps         ;
; ~ALTERA_DATA0~      ; 1.8 V        ; 1440 ps         ; 1440 ps         ;
+---------------------+--------------+-----------------+-----------------+


+--------------------------------------------------------------------------------------------------------------------------------------------------------------------------------------------------------------------------------------------------------------------------------------------------------------------------------------------------------------------------------------------------------------------------------------------------------------------------------------------------------------------------------------------------------------------------------------------------------------------------------------------------------------------------------------------------+
; Signal Integrity Metrics (Slow 900mv 100c Model)                                                                                                                                                                                                                                                                                                                                                                                                                                                                                                                                                                                                                                                 ;
+---------------------+--------------+---------------------+---------------------+------------------------------+------------------------------+---------------------+---------------------+--------------------------------------+--------------------------------------+-----------------------------+-----------------------------+----------------------------+----------------------------+-----------------------------+-----------------------------+--------------------+--------------------+-------------------------------------+-------------------------------------+----------------------------+----------------------------+---------------------------+---------------------------+
; Pin                 ; I/O Standard ; Board Delay on Rise ; Board Delay on Fall ; Steady State Voh at FPGA Pin ; Steady State Vol at FPGA Pin ; Voh Max at FPGA Pin ; Vol Min at FPGA Pin ; Ringback Voltage on Rise at FPGA Pin ; Ringback Voltage on Fall at FPGA Pin ; 10-90 Rise Time at FPGA Pin ; 90-10 Fall Time at FPGA Pin ; Monotonic Rise at FPGA Pin ; Monotonic Fall at FPGA Pin ; Steady State Voh at Far-end ; Steady State Vol at Far-end ; Voh Max at Far-end ; Vol Min at Far-end ; Ringback Voltage on Rise at Far-end ; Ringback Voltage on Fall at Far-end ; 10-90 Rise Time at Far-end ; 90-10 Fall Time at Far-end ; Monotonic Rise at Far-end ; Monotonic Fall at Far-end ;
+---------------------+--------------+---------------------+---------------------+------------------------------+------------------------------+---------------------+---------------------+--------------------------------------+--------------------------------------+-----------------------------+-----------------------------+----------------------------+----------------------------+-----------------------------+-----------------------------+--------------------+--------------------+-------------------------------------+-------------------------------------+----------------------------+----------------------------+---------------------------+---------------------------+
; LED_STATUS(0)       ; 1.8 V        ; 0 s                 ; 0 s                 ; 1.66 V                       ; 4.43e-06 V                   ; 1.7 V               ; -0.0552 V           ; 0.108 V                              ; 0.08 V                               ; 2.35e-10 s                  ; 2.24e-10 s                  ; No                         ; No                         ; 1.66 V                      ; 4.43e-06 V                  ; 1.7 V              ; -0.0552 V          ; 0.108 V                             ; 0.08 V                              ; 2.35e-10 s                 ; 2.24e-10 s                 ; No                        ; No                        ;
; LED_STATUS(1)       ; 1.8 V        ; 0 s                 ; 0 s                 ; 1.66 V                       ; 4.43e-06 V                   ; 1.7 V               ; -0.0552 V           ; 0.108 V                              ; 0.08 V                               ; 2.35e-10 s                  ; 2.24e-10 s                  ; No                         ; No                         ; 1.66 V                      ; 4.43e-06 V                  ; 1.7 V              ; -0.0552 V          ; 0.108 V                             ; 0.08 V                              ; 2.35e-10 s                 ; 2.24e-10 s                 ; No                        ; No                        ;
; LED_STATUS(2)       ; 1.8 V        ; 0 s                 ; 0 s                 ; 1.66 V                       ; 4.43e-06 V                   ; 1.7 V               ; -0.0552 V           ; 0.108 V                              ; 0.08 V                               ; 2.35e-10 s                  ; 2.24e-10 s                  ; No                         ; No                         ; 1.66 V                      ; 4.43e-06 V                  ; 1.7 V              ; -0.0552 V          ; 0.108 V                             ; 0.08 V                              ; 2.35e-10 s                 ; 2.24e-10 s                 ; No                        ; No                        ;
; LED_STATUS(3)       ; 1.8 V        ; 0 s                 ; 0 s                 ; 1.66 V                       ; 4.43e-06 V                   ; 1.7 V               ; -0.0552 V           ; 0.108 V                              ; 0.08 V                               ; 2.35e-10 s                  ; 2.24e-10 s                  ; No                         ; No                         ; 1.66 V                      ; 4.43e-06 V                  ; 1.7 V              ; -0.0552 V          ; 0.108 V                             ; 0.08 V                              ; 2.35e-10 s                 ; 2.24e-10 s                 ; No                        ; No                        ;
; altera_reserved_tdo ; 1.8 V        ; 0 s                 ; 0 s                 ; 1.66 V                       ; 3.7e-06 V                    ; 1.73 V              ; -0.0751 V           ; 0.178 V                              ; 0.161 V                              ; 1.41e-10 s                  ; 1.39e-10 s                  ; No                         ; No                         ; 1.66 V                      ; 3.7e-06 V                   ; 1.73 V             ; -0.0751 V          ; 0.178 V                             ; 0.161 V                             ; 1.41e-10 s                 ; 1.39e-10 s                 ; No                        ; No                        ;
; LED_STATUS(4)       ; 1.8 V        ; 0 s                 ; 0 s                 ; 1.66 V                       ; 4.43e-06 V                   ; 1.7 V               ; -0.0552 V           ; 0.108 V                              ; 0.08 V                               ; 2.35e-10 s                  ; 2.24e-10 s                  ; No                         ; No                         ; 1.66 V                      ; 4.43e-06 V                  ; 1.7 V              ; -0.0552 V          ; 0.108 V                             ; 0.08 V                              ; 2.35e-10 s                 ; 2.24e-10 s                 ; No                        ; No                        ;
; LED_STATUS(5)       ; 1.8 V        ; 0 s                 ; 0 s                 ; 1.66 V                       ; 4.43e-06 V                   ; 1.7 V               ; -0.0552 V           ; 0.108 V                              ; 0.08 V                               ; 2.35e-10 s                  ; 2.24e-10 s                  ; No                         ; No                         ; 1.66 V                      ; 4.43e-06 V                  ; 1.7 V              ; -0.0552 V          ; 0.108 V                             ; 0.08 V                              ; 2.35e-10 s                 ; 2.24e-10 s                 ; No                        ; No                        ;
; LED_STATUS(6)       ; 1.8 V        ; 0 s                 ; 0 s                 ; 1.66 V                       ; 4.43e-06 V                   ; 1.7 V               ; -0.0552 V           ; 0.108 V                              ; 0.08 V                               ; 2.35e-10 s                  ; 2.24e-10 s                  ; No                         ; No                         ; 1.66 V                      ; 4.43e-06 V                  ; 1.7 V              ; -0.0552 V          ; 0.108 V                             ; 0.08 V                              ; 2.35e-10 s                 ; 2.24e-10 s                 ; No                        ; No                        ;
; LED_STATUS(7)       ; 1.8 V        ; 0 s                 ; 0 s                 ; 1.66 V                       ; 4.43e-06 V                   ; 1.7 V               ; -0.0552 V           ; 0.108 V                              ; 0.08 V                               ; 2.35e-10 s                  ; 2.24e-10 s                  ; No                         ; No                         ; 1.66 V                      ; 4.43e-06 V                  ; 1.7 V              ; -0.0552 V          ; 0.108 V                             ; 0.08 V                              ; 2.35e-10 s                 ; 2.24e-10 s                 ; No                        ; No                        ;
+---------------------+--------------+---------------------+---------------------+------------------------------+------------------------------+---------------------+---------------------+--------------------------------------+--------------------------------------+-----------------------------+-----------------------------+----------------------------+----------------------------+-----------------------------+-----------------------------+--------------------+--------------------+-------------------------------------+-------------------------------------+----------------------------+----------------------------+---------------------------+---------------------------+


+----------------------------------------------------------------------------------------------------------------------------------------------------+
; Setup Transfers                                                                                                                                    ;
+------------+----------+----------+----------+----------+----------+---------------------------+------------------+---------------------------------+
; From Clock ; To Clock ; RR Paths ; FR Paths ; RF Paths ; FF Paths ; Clock Pair Classification ; Worst-Case Slack ; Worst-Case Operating Conditions ;
+------------+----------+----------+----------+----------+----------+---------------------------+------------------+---------------------------------+
; CLK_50     ; CLK_50   ; 537213   ; 0        ; 0        ; 0        ; Intra-Clock (Timed Safe)  ; 8.067            ; Slow 900mV 100C Model           ;
+------------+----------+----------+----------+----------+----------+---------------------------+------------------+---------------------------------+
An "Asynchronous (Timed Unsafe)" transfer occurs when the From & To clocks are asynchronous and no timing constraints exist. Entries labeled "false path" only account for clock-to-clock false paths. Path-based false path counts are shown in rows with "Ignored (Not Timed)" classifications


+----------------------------------------------------------------------------------------------------------------------------------------------------+
; Hold Transfers                                                                                                                                     ;
+------------+----------+----------+----------+----------+----------+---------------------------+------------------+---------------------------------+
; From Clock ; To Clock ; RR Paths ; FR Paths ; RF Paths ; FF Paths ; Clock Pair Classification ; Worst-Case Slack ; Worst-Case Operating Conditions ;
+------------+----------+----------+----------+----------+----------+---------------------------+------------------+---------------------------------+
; CLK_50     ; CLK_50   ; 562341   ; 0        ; 0        ; 0        ; Intra-Clock (Timed Safe)  ; 0.015            ; Fast 900mV 0C Model             ;
+------------+----------+----------+----------+----------+----------+---------------------------+------------------+---------------------------------+
An "Asynchronous (Timed Unsafe)" transfer occurs when the From & To clocks are asynchronous and no timing constraints exist. Entries labeled "false path" only account for clock-to-clock false paths. Path-based false path counts are shown in rows with "Ignored (Not Timed)" classifications


+----------------------------------------------------------------------------------------------------------------------------------------------------+
; Recovery Transfers                                                                                                                                 ;
+------------+----------+----------+----------+----------+----------+---------------------------+------------------+---------------------------------+
; From Clock ; To Clock ; RR Paths ; FR Paths ; RF Paths ; FF Paths ; Clock Pair Classification ; Worst-Case Slack ; Worst-Case Operating Conditions ;
+------------+----------+----------+----------+----------+----------+---------------------------+------------------+---------------------------------+
; CLK_50     ; CLK_50   ; 4615     ; 0        ; 0        ; 0        ; Intra-Clock (Timed Safe)  ; 14.510           ; Slow 900mV 0C Model             ;
+------------+----------+----------+----------+----------+----------+---------------------------+------------------+---------------------------------+
An "Asynchronous (Timed Unsafe)" transfer occurs when the From & To clocks are asynchronous and no timing constraints exist. Entries labeled "false path" only account for clock-to-clock false paths. Path-based false path counts are shown in rows with "Ignored (Not Timed)" classifications


+----------------------------------------------------------------------------------------------------------------------------------------------------+
; Removal Transfers                                                                                                                                  ;
+------------+----------+----------+----------+----------+----------+---------------------------+------------------+---------------------------------+
; From Clock ; To Clock ; RR Paths ; FR Paths ; RF Paths ; FF Paths ; Clock Pair Classification ; Worst-Case Slack ; Worst-Case Operating Conditions ;
+------------+----------+----------+----------+----------+----------+---------------------------+------------------+---------------------------------+
; CLK_50     ; CLK_50   ; 4615     ; 0        ; 0        ; 0        ; Intra-Clock (Timed Safe)  ; 0.204            ; Fast 900mV 0C Model             ;
+------------+----------+----------+----------+----------+----------+---------------------------+------------------+---------------------------------+
An "Asynchronous (Timed Unsafe)" transfer occurs when the From & To clocks are asynchronous and no timing constraints exist. Entries labeled "false path" only account for clock-to-clock false paths. Path-based false path counts are shown in rows with "Ignored (Not Timed)" classifications


----------------
; Command Info ;
----------------
Report Timing: Found 10 setup paths (0 violated).  Worst case slack is 8.067 

Tcl Command:
    report_timing -setup -panel_name {Worst-Case Timing Paths||Setup||CLK_50} -to_clock [get_clocks {CLK_50}] -npaths 10 -detail full_path

Options:
    -to_clock [get_clocks {CLK_50}] 
    -setup 
    -npaths 10 
    -detail full_path 
    -panel_name {CLK_50} 

Snapshot:
    final

Delay Models:
    Slow 900mV 100C Model
    Slow 900mV 0C Model
    Fast 900mV 100C Model
    Fast 900mV 0C Model


+-------------------------------------------------------------------------------------------------------------------------------------------------------------------------------------------------------------------------------------------+
; Summary of Paths                                                                                                                                                                                                                          ;
+-------+--------------------------------------------------------------+------------------------------------------------------------+--------------+-------------+--------------+------------+------------+---------------------------------+
; Slack ; From Node                                                    ; To Node                                                    ; Launch Clock ; Latch Clock ; Relationship ; Clock Skew ; Data Delay ; Worst-Case Operating Conditions ;
+-------+--------------------------------------------------------------+------------------------------------------------------------+--------------+-------------+--------------+------------+------------+---------------------------------+
; 8.067 ; System|npu_system_0|npu_system_14|w_col_idx[0]~_Duplicate_7  ; System|npu_system_0|npu_system_14|out_data_reg[23]~LRTM_48 ; CLK_50       ; CLK_50      ; 20.016       ; -0.171     ; 12.014     ; Slow 900mV 100C Model           ;
; 8.087 ; System|npu_system_0|npu_system_14|w_row_idx[2]~_Duplicate_10 ; System|npu_system_0|npu_system_14|out_data_reg[10]~LRTM_12 ; CLK_50       ; CLK_50      ; 20.000       ; -0.211     ; 11.939     ; Slow 900mV 100C Model           ;
; 8.141 ; System|npu_system_0|npu_system_14|w_row_idx[2]~_Duplicate_10 ; System|npu_system_0|npu_system_14|out_data_reg[16]~LRTM_14 ; CLK_50       ; CLK_50      ; 20.000       ; -0.217     ; 11.892     ; Slow 900mV 100C Model           ;
; 8.164 ; System|npu_system_0|npu_system_14|w_row_idx[0]~_Duplicate    ; System|npu_system_0|npu_system_14|out_data_reg[5]~LRTM_16  ; CLK_50       ; CLK_50      ; 20.000       ; -0.047     ; 12.027     ; Slow 900mV 100C Model           ;
; 8.368 ; System|npu_system_0|npu_system_14|w_row_idx[2]~_Duplicate_10 ; System|npu_system_0|npu_system_14|out_data_reg[10]~LRTM_12 ; CLK_50       ; CLK_50      ; 20.000       ; -0.211     ; 11.658     ; Slow 900mV 100C Model           ;
; 8.372 ; System|npu_system_0|npu_system_14|w_row_idx[2]~_Duplicate_10 ; System|npu_system_0|npu_system_14|out_data_reg[19]~LRTM_8  ; CLK_50       ; CLK_50      ; 20.000       ; -0.217     ; 11.649     ; Slow 900mV 100C Model           ;
; 8.405 ; System|npu_system_0|npu_system_14|w_row_idx[2]~_Duplicate_10 ; System|npu_system_0|npu_system_14|out_data_reg[19]~LRTM_8  ; CLK_50       ; CLK_50      ; 20.000       ; -0.217     ; 11.616     ; Slow 900mV 100C Model           ;
; 8.503 ; System|npu_system_0|npu_system_14|w_row_idx[2]~_Duplicate_10 ; System|npu_system_0|npu_system_14|out_data_reg[5]~LRTM_16  ; CLK_50       ; CLK_50      ; 20.000       ; -0.211     ; 11.524     ; Slow 900mV 100C Model           ;
; 8.556 ; System|npu_system_0|npu_system_14|w_row_idx[2]~_Duplicate_10 ; System|npu_system_0|npu_system_14|out_data_reg[5]~LRTM_16  ; CLK_50       ; CLK_50      ; 20.000       ; -0.211     ; 11.471     ; Slow 900mV 100C Model           ;
; 8.648 ; System|npu_system_0|npu_system_14|w_row_idx[0]~_Duplicate    ; System|npu_system_0|npu_system_14|out_data_reg[2]~LRTM_18  ; CLK_50       ; CLK_50      ; 20.000       ; -0.047     ; 11.556     ; Slow 900mV 100C Model           ;
+-------+--------------------------------------------------------------+------------------------------------------------------------+--------------+-------------+--------------+------------+------------+---------------------------------+


Path #1: Setup slack is 8.067 
===============================================================================
+-----------------------------------------------------------------------------------------------+
; Path Summary                                                                                  ;
+---------------------------------+-------------------------------------------------------------+
; Property                        ; Value                                                       ;
+---------------------------------+-------------------------------------------------------------+
; From Node                       ; System|npu_system_0|npu_system_14|w_col_idx[0]~_Duplicate_7 ;
; To Node                         ; System|npu_system_0|npu_system_14|out_data_reg[23]~LRTM_48  ;
; Launch Clock                    ; CLK_50                                                      ;
; Latch Clock                     ; CLK_50                                                      ;
; SDC Exception                   ; No SDC Exception on Path                                    ;
; Data Arrival Time               ; 16.716                                                      ;
; Data Required Time              ; 24.783                                                      ;
; Slack                           ; 8.067                                                       ;
; Worst-Case Operating Conditions ; Slow 900mV 100C Model                                       ;
+---------------------------------+-------------------------------------------------------------+

+------------------------------------------------------------------------------------+
; Statistics                                                                         ;
+------------------------+--------+-------+-------------+------------+-------+-------+
; Property               ; Value  ; Count ; Total Delay ; % of Total ; Min   ; Max   ;
+------------------------+--------+-------+-------------+------------+-------+-------+
; Setup Relationship     ; 20.016 ;       ;             ;            ;       ;       ;
; Clock Skew             ; -0.171 ;       ;             ;            ;       ;       ;
; Data Delay             ; 12.014 ;       ;             ;            ;       ;       ;
; Number of Logic Levels ;        ; 5     ;             ;            ;       ;       ;
; Physical Delays        ;        ;       ;             ;            ;       ;       ;
;  Arrival Path          ;        ;       ;             ;            ;       ;       ;
;   Clock                ;        ;       ;             ;            ;       ;       ;
;    IC                  ;        ; 3     ; 3.478       ; 74         ; 0.000 ; 3.478 ;
;    Cell                ;        ; 4     ; 1.224       ; 26         ; 0.000 ; 0.547 ;
;   Data                 ;        ;       ;             ;            ;       ;       ;
;    IC                  ;        ; 5     ; 10.635      ; 89         ; 0.176 ; 3.614 ;
;    Cell                ;        ; 12    ; 1.131       ; 9          ; 0.000 ; 0.256 ;
;    uTco                ;        ; 1     ; 0.248       ; 2          ; 0.248 ; 0.248 ;
;  Required Path         ;        ;       ;             ;            ;       ;       ;
;   Clock                ;        ;       ;             ;            ;       ;       ;
;    IC                  ;        ; 3     ; 3.163       ; 74         ; 0.000 ; 3.163 ;
;    Cell                ;        ; 4     ; 1.116       ; 26         ; 0.000 ; 0.547 ;
+------------------------+--------+-------+-------------+------------+-------+-------+
Note: Negative delays are omitted from totals when calculating percentages

+-----------------------------------------------------------------------------------------------------------------------------------------------------------------+
; Data Arrival Path                                                                                                                                               ;
+----------+---------+----+--------+--------+-----------------------+------------+--------------------------------------------------------------------------------+
; Total    ; Incr    ; RF ; Type   ; Fanout ; Location              ; HS/LP      ; Element                                                                        ;
+----------+---------+----+--------+--------+-----------------------+------------+--------------------------------------------------------------------------------+
; 0.000    ; 0.000   ;    ;        ;        ;                       ;            ; launch edge time                                                               ;
; 0.000    ; 0.000   ;    ; borrow ;        ;                       ;            ; time borrowed                                                                  ;
; 4.702    ; 4.702   ;    ;        ;        ;                       ;            ; clock path                                                                     ;
;   0.000  ;   0.000 ;    ;        ;        ;                       ;            ; source latency                                                                 ;
;   0.000  ;   0.000 ;    ;        ; 1      ; PIN_AM10              ;            ; CLK_50                                                                         ;
;   0.000  ;   0.000 ; RR ; IC     ; 1      ; IOIBUF_X148_Y16_N32   ;            ; CLK_50~input|i                                                                 ;
;   0.547  ;   0.547 ; RR ; CELL   ; 1      ; IOIBUF_X148_Y16_N32   ;            ; CLK_50~input|o                                                                 ;
;   0.706  ;   0.159 ; RR ; CELL   ; 1      ; IOIBUF_X148_Y16_N32   ;            ; CLK_50~input~io_48_lvds_tile_edge/ioclkin[0]                                   ;
;   0.706  ;   0.000 ; RR ; IC     ; 2      ; CLKCTRL_3A_G_I20      ;            ; CLK_50~inputCLKENA0|inclk                                                      ;
;   1.224  ;   0.518 ; RR ; CELL   ; 181963 ; CLKCTRL_3A_G_I20      ;            ; CLK_50~inputCLKENA0|outclk                                                     ;
;   4.702  ;   3.478 ; RR ; IC     ; 1      ; FF_X85_Y123_N55       ; Low Power  ; System|npu_system_0|npu_system_14|w_col_idx[0]~_Duplicate_7|clk                ;
;   4.702  ;   0.000 ; RR ; CELL   ; 1      ; FF_X85_Y123_N55       ; Low Power  ; System|npu_system_0|npu_system_14|w_col_idx[0]~_Duplicate_7                    ;
; 16.716   ; 12.014  ;    ;        ;        ;                       ;            ; data path                                                                      ;
;   4.950  ;   0.248 ; RR ; uTco   ; 1      ; FF_X85_Y123_N55       ;            ; System|npu_system_0|npu_system_14|w_col_idx[0]~_Duplicate_7|q                  ;
;   5.134  ;   0.184 ; RR ; CELL   ; 691    ; FF_X85_Y123_N55       ; Low Power  ; System|npu_system_0|npu_system_14|w_col_idx[0]~_Duplicate_7~la_lab/laboutb[16] ;
;   8.748  ;   3.614 ; RR ; IC     ; 1      ; MLABCELL_X55_Y171_N54 ; Mixed      ; System|npu_system_0|npu_system_14|i70456~7170|datae                            ;
;   8.894  ;   0.146 ; RF ; CELL   ; 1      ; MLABCELL_X55_Y171_N54 ; High Speed ; System|npu_system_0|npu_system_14|i70456~7170|combout                          ;
;   8.900  ;   0.006 ; FF ; CELL   ; 1      ; MLABCELL_X55_Y171_N54 ; High Speed ; System|npu_system_0|npu_system_14|i70456~7170~la_mlab/laboutb[16]              ;
;   11.679 ;   2.779 ; FF ; IC     ; 1      ; LABCELL_X89_Y163_N3   ; Mixed      ; System|npu_system_0|npu_system_14|i70456~7171|datad                            ;
;   11.855 ;   0.176 ; FF ; CELL   ; 1      ; LABCELL_X89_Y163_N3   ; Low Power  ; System|npu_system_0|npu_system_14|i70456~7171|combout                          ;
;   11.860 ;   0.005 ; FF ; CELL   ; 1      ; LABCELL_X89_Y163_N3   ; Low Power  ; System|npu_system_0|npu_system_14|i70456~7171~la_lab/laboutt[3]                ;
;   13.057 ;   1.197 ; FF ; IC     ; 1      ; MLABCELL_X88_Y149_N48 ; Low Power  ; System|npu_system_0|npu_system_14|i70456~7172|datad                            ;
;   13.249 ;   0.192 ; FF ; CELL   ; 1      ; MLABCELL_X88_Y149_N48 ; Low Power  ; System|npu_system_0|npu_system_14|i70456~7172|combout                          ;
;   13.255 ;   0.006 ; FF ; CELL   ; 1      ; MLABCELL_X88_Y149_N48 ; Low Power  ; System|npu_system_0|npu_system_14|i70456~7172~la_mlab/laboutb[13]              ;
;   13.431 ;   0.176 ; FF ; IC     ; 1      ; LABCELL_X87_Y149_N18  ; Low Power  ; System|npu_system_0|npu_system_14|i70456~7194|datab                            ;
;   13.687 ;   0.256 ; FF ; CELL   ; 1      ; LABCELL_X87_Y149_N18  ; Low Power  ; System|npu_system_0|npu_system_14|i70456~7194|combout                          ;
;   13.692 ;   0.005 ; FF ; CELL   ; 1      ; LABCELL_X87_Y149_N18  ; Low Power  ; System|npu_system_0|npu_system_14|i70456~7194~la_lab/laboutt[13]               ;
;   16.561 ;   2.869 ; FF ; IC     ; 1      ; LABCELL_X77_Y124_N24  ; Mixed      ; System|npu_system_0|npu_system_14|i70456~7280|datac                            ;
;   16.716 ;   0.155 ; FF ; CELL   ; 1      ; LABCELL_X77_Y124_N24  ; High Speed ; System|npu_system_0|npu_system_14|i70456~7280|combout                          ;
;   16.716 ;   0.000 ; FF ; CELL   ; 1      ; FF_X77_Y124_N25       ; High Speed ; System|npu_system_0|npu_system_14|out_data_reg[23]~LRTM_48|d                   ;
;   16.716 ;   0.000 ; FF ; CELL   ; 1      ; FF_X77_Y124_N25       ; High Speed ; System|npu_system_0|npu_system_14|out_data_reg[23]~LRTM_48                     ;
+----------+---------+----+--------+--------+-----------------------+------------+--------------------------------------------------------------------------------+

+-----------------------------------------------------------------------------------------------------------------------------------------------+
; Data Required Path                                                                                                                            ;
+----------+---------+----+--------+--------+---------------------+------------+----------------------------------------------------------------+
; Total    ; Incr    ; RF ; Type   ; Fanout ; Location            ; HS/LP      ; Element                                                        ;
+----------+---------+----+--------+--------+---------------------+------------+----------------------------------------------------------------+
; 20.000   ; 20.000  ;    ;        ;        ;                     ;            ; latch edge time                                                ;
; 20.016   ; 0.016   ;    ; borrow ;        ;                     ;            ; time borrowed                                                  ;
; 24.547   ; 4.531   ;    ;        ;        ;                     ;            ; clock path                                                     ;
;   20.016 ;   0.000 ;    ;        ;        ;                     ;            ; source latency                                                 ;
;   20.016 ;   0.000 ;    ;        ; 1      ; PIN_AM10            ;            ; CLK_50                                                         ;
;   20.016 ;   0.000 ; RR ; IC     ; 1      ; IOIBUF_X148_Y16_N32 ;            ; CLK_50~input|i                                                 ;
;   20.563 ;   0.547 ; RR ; CELL   ; 1      ; IOIBUF_X148_Y16_N32 ;            ; CLK_50~input|o                                                 ;
;   20.692 ;   0.129 ; RR ; CELL   ; 1      ; IOIBUF_X148_Y16_N32 ;            ; CLK_50~input~io_48_lvds_tile_edge/ioclkin[0]                   ;
;   20.692 ;   0.000 ; RR ; IC     ; 2      ; CLKCTRL_3A_G_I20    ;            ; CLK_50~inputCLKENA0|inclk                                      ;
;   21.132 ;   0.440 ; RR ; CELL   ; 181963 ; CLKCTRL_3A_G_I20    ;            ; CLK_50~inputCLKENA0|outclk                                     ;
;   24.295 ;   3.163 ; RR ; IC     ; 1      ; FF_X77_Y124_N25     ; High Speed ; System|npu_system_0|npu_system_14|out_data_reg[23]~LRTM_48|clk ;
;   24.295 ;   0.000 ; RR ; CELL   ; 1      ; FF_X77_Y124_N25     ; High Speed ; System|npu_system_0|npu_system_14|out_data_reg[23]~LRTM_48     ;
;   24.547 ;   0.252 ;    ;        ;        ;                     ;            ; clock pessimism removed                                        ;
; 24.517   ; -0.030  ;    ;        ;        ;                     ;            ; clock uncertainty                                              ;
; 24.783   ; 0.266   ;    ; uTsu   ; 1      ; FF_X77_Y124_N25     ;            ; System|npu_system_0|npu_system_14|out_data_reg[23]~LRTM_48     ;
+----------+---------+----+--------+--------+---------------------+------------+----------------------------------------------------------------+



Path #2: Setup slack is 8.087 
===============================================================================
+------------------------------------------------------------------------------------------------+
; Path Summary                                                                                   ;
+---------------------------------+--------------------------------------------------------------+
; Property                        ; Value                                                        ;
+---------------------------------+--------------------------------------------------------------+
; From Node                       ; System|npu_system_0|npu_system_14|w_row_idx[2]~_Duplicate_10 ;
; To Node                         ; System|npu_system_0|npu_system_14|out_data_reg[10]~LRTM_12   ;
; Launch Clock                    ; CLK_50                                                       ;
; Latch Clock                     ; CLK_50                                                       ;
; SDC Exception                   ; No SDC Exception on Path                                     ;
; Data Arrival Time               ; 16.681                                                       ;
; Data Required Time              ; 24.768                                                       ;
; Slack                           ; 8.087                                                        ;
; Worst-Case Operating Conditions ; Slow 900mV 100C Model                                        ;
+---------------------------------+--------------------------------------------------------------+

+------------------------------------------------------------------------------------+
; Statistics                                                                         ;
+------------------------+--------+-------+-------------+------------+-------+-------+
; Property               ; Value  ; Count ; Total Delay ; % of Total ; Min   ; Max   ;
+------------------------+--------+-------+-------------+------------+-------+-------+
; Setup Relationship     ; 20.000 ;       ;             ;            ;       ;       ;
; Clock Skew             ; -0.211 ;       ;             ;            ;       ;       ;
; Data Delay             ; 11.939 ;       ;             ;            ;       ;       ;
; Number of Logic Levels ;        ; 5     ;             ;            ;       ;       ;
; Physical Delays        ;        ;       ;             ;            ;       ;       ;
;  Arrival Path          ;        ;       ;             ;            ;       ;       ;
;   Clock                ;        ;       ;             ;            ;       ;       ;
;    IC                  ;        ; 3     ; 3.518       ; 74         ; 0.000 ; 3.518 ;
;    Cell                ;        ; 4     ; 1.224       ; 26         ; 0.000 ; 0.547 ;
;   Data                 ;        ;       ;             ;            ;       ;       ;
;    IC                  ;        ; 5     ; 10.636      ; 89         ; 0.493 ; 3.425 ;
;    Cell                ;        ; 12    ; 1.053       ; 9          ; 0.000 ; 0.213 ;
;    uTco                ;        ; 1     ; 0.250       ; 2          ; 0.250 ; 0.250 ;
;  Required Path         ;        ;       ;             ;            ;       ;       ;
;   Clock                ;        ;       ;             ;            ;       ;       ;
;    IC                  ;        ; 3     ; 3.163       ; 74         ; 0.000 ; 3.163 ;
;    Cell                ;        ; 4     ; 1.116       ; 26         ; 0.000 ; 0.547 ;
+------------------------+--------+-------+-------------+------------+-------+-------+
Note: Negative delays are omitted from totals when calculating percentages

+-----------------------------------------------------------------------------------------------------------------------------------------------------------------+
; Data Arrival Path                                                                                                                                               ;
+----------+---------+----+--------+--------+-----------------------+------------+--------------------------------------------------------------------------------+
; Total    ; Incr    ; RF ; Type   ; Fanout ; Location              ; HS/LP      ; Element                                                                        ;
+----------+---------+----+--------+--------+-----------------------+------------+--------------------------------------------------------------------------------+
; 0.000    ; 0.000   ;    ;        ;        ;                       ;            ; launch edge time                                                               ;
; 0.000    ; 0.000   ;    ; borrow ;        ;                       ;            ; time borrowed                                                                  ;
; 4.742    ; 4.742   ;    ;        ;        ;                       ;            ; clock path                                                                     ;
;   0.000  ;   0.000 ;    ;        ;        ;                       ;            ; source latency                                                                 ;
;   0.000  ;   0.000 ;    ;        ; 1      ; PIN_AM10              ;            ; CLK_50                                                                         ;
;   0.000  ;   0.000 ; RR ; IC     ; 1      ; IOIBUF_X148_Y16_N32   ;            ; CLK_50~input|i                                                                 ;
;   0.547  ;   0.547 ; RR ; CELL   ; 1      ; IOIBUF_X148_Y16_N32   ;            ; CLK_50~input|o                                                                 ;
;   0.706  ;   0.159 ; RR ; CELL   ; 1      ; IOIBUF_X148_Y16_N32   ;            ; CLK_50~input~io_48_lvds_tile_edge/ioclkin[0]                                   ;
;   0.706  ;   0.000 ; RR ; IC     ; 2      ; CLKCTRL_3A_G_I20      ;            ; CLK_50~inputCLKENA0|inclk                                                      ;
;   1.224  ;   0.518 ; RR ; CELL   ; 181963 ; CLKCTRL_3A_G_I20      ;            ; CLK_50~inputCLKENA0|outclk                                                     ;
;   4.742  ;   3.518 ; RR ; IC     ; 1      ; FF_X87_Y149_N35       ; Low Power  ; System|npu_system_0|npu_system_14|w_row_idx[2]~_Duplicate_10|clk               ;
;   4.742  ;   0.000 ; RR ; CELL   ; 1      ; FF_X87_Y149_N35       ; Low Power  ; System|npu_system_0|npu_system_14|w_row_idx[2]~_Duplicate_10                   ;
; 16.681   ; 11.939  ;    ;        ;        ;                       ;            ; data path                                                                      ;
;   4.992  ;   0.250 ; RR ; uTco   ; 1      ; FF_X87_Y149_N35       ;            ; System|npu_system_0|npu_system_14|w_row_idx[2]~_Duplicate_10|q                 ;
;   5.205  ;   0.213 ; RR ; CELL   ; 1160   ; FF_X87_Y149_N35       ; Low Power  ; System|npu_system_0|npu_system_14|w_row_idx[2]~_Duplicate_10~la_lab/laboutb[3] ;
;   8.369  ;   3.164 ; RR ; IC     ; 1      ; LABCELL_X54_Y177_N18  ; Mixed      ; System|npu_system_0|npu_system_14|i70456~6463|datae                            ;
;   8.525  ;   0.156 ; RF ; CELL   ; 1      ; LABCELL_X54_Y177_N18  ; Low Power  ; System|npu_system_0|npu_system_14|i70456~6463|combout                          ;
;   8.529  ;   0.004 ; FF ; CELL   ; 1      ; LABCELL_X54_Y177_N18  ; Low Power  ; System|npu_system_0|npu_system_14|i70456~6463~la_lab/laboutt[12]               ;
;   11.954 ;   3.425 ; FF ; IC     ; 1      ; LABCELL_X100_Y166_N33 ; Mixed      ; System|npu_system_0|npu_system_14|i70456~6464|datac                            ;
;   12.119 ;   0.165 ; FF ; CELL   ; 1      ; LABCELL_X100_Y166_N33 ; Low Power  ; System|npu_system_0|npu_system_14|i70456~6464|combout                          ;
;   12.124 ;   0.005 ; FF ; CELL   ; 1      ; LABCELL_X100_Y166_N33 ; Low Power  ; System|npu_system_0|npu_system_14|i70456~6464~la_lab/laboutb[2]                ;
;   13.141 ;   1.017 ; FF ; IC     ; 1      ; MLABCELL_X92_Y149_N3  ; Mixed      ; System|npu_system_0|npu_system_14|i70456~6465|datac                            ;
;   13.309 ;   0.168 ; FF ; CELL   ; 1      ; MLABCELL_X92_Y149_N3  ; High Speed ; System|npu_system_0|npu_system_14|i70456~6465|combout                          ;
;   13.314 ;   0.005 ; FF ; CELL   ; 1      ; MLABCELL_X92_Y149_N3  ; High Speed ; System|npu_system_0|npu_system_14|i70456~6465~la_mlab/laboutt[2]               ;
;   13.807 ;   0.493 ; FF ; IC     ; 1      ; LABCELL_X89_Y148_N30  ; Mixed      ; System|npu_system_0|npu_system_14|i70456~6466|datac                            ;
;   13.985 ;   0.178 ; FF ; CELL   ; 1      ; LABCELL_X89_Y148_N30  ; Low Power  ; System|npu_system_0|npu_system_14|i70456~6466|combout                          ;
;   13.990 ;   0.005 ; FF ; CELL   ; 1      ; LABCELL_X89_Y148_N30  ; Low Power  ; System|npu_system_0|npu_system_14|i70456~6466~la_lab/laboutb[1]                ;
;   16.527 ;   2.537 ; FF ; IC     ; 1      ; LABCELL_X77_Y124_N42  ; Mixed      ; System|npu_system_0|npu_system_14|i70456~6552|datac                            ;
;   16.681 ;   0.154 ; FF ; CELL   ; 1      ; LABCELL_X77_Y124_N42  ; High Speed ; System|npu_system_0|npu_system_14|i70456~6552|combout                          ;
;   16.681 ;   0.000 ; FF ; CELL   ; 1      ; FF_X77_Y124_N44       ; High Speed ; System|npu_system_0|npu_system_14|out_data_reg[10]~LRTM_12|d                   ;
;   16.681 ;   0.000 ; FF ; CELL   ; 1      ; FF_X77_Y124_N44       ; High Speed ; System|npu_system_0|npu_system_14|out_data_reg[10]~LRTM_12                     ;
+----------+---------+----+--------+--------+-----------------------+------------+--------------------------------------------------------------------------------+

+-----------------------------------------------------------------------------------------------------------------------------------------------+
; Data Required Path                                                                                                                            ;
+----------+---------+----+--------+--------+---------------------+------------+----------------------------------------------------------------+
; Total    ; Incr    ; RF ; Type   ; Fanout ; Location            ; HS/LP      ; Element                                                        ;
+----------+---------+----+--------+--------+---------------------+------------+----------------------------------------------------------------+
; 20.000   ; 20.000  ;    ;        ;        ;                     ;            ; latch edge time                                                ;
; 20.000   ; 0.000   ;    ; borrow ;        ;                     ;            ; time borrowed                                                  ;
; 24.531   ; 4.531   ;    ;        ;        ;                     ;            ; clock path                                                     ;
;   20.000 ;   0.000 ;    ;        ;        ;                     ;            ; source latency                                                 ;
;   20.000 ;   0.000 ;    ;        ; 1      ; PIN_AM10            ;            ; CLK_50                                                         ;
;   20.000 ;   0.000 ; RR ; IC     ; 1      ; IOIBUF_X148_Y16_N32 ;            ; CLK_50~input|i                                                 ;
;   20.547 ;   0.547 ; RR ; CELL   ; 1      ; IOIBUF_X148_Y16_N32 ;            ; CLK_50~input|o                                                 ;
;   20.676 ;   0.129 ; RR ; CELL   ; 1      ; IOIBUF_X148_Y16_N32 ;            ; CLK_50~input~io_48_lvds_tile_edge/ioclkin[0]                   ;
;   20.676 ;   0.000 ; RR ; IC     ; 2      ; CLKCTRL_3A_G_I20    ;            ; CLK_50~inputCLKENA0|inclk                                      ;
;   21.116 ;   0.440 ; RR ; CELL   ; 181963 ; CLKCTRL_3A_G_I20    ;            ; CLK_50~inputCLKENA0|outclk                                     ;
;   24.279 ;   3.163 ; RR ; IC     ; 1      ; FF_X77_Y124_N44     ; High Speed ; System|npu_system_0|npu_system_14|out_data_reg[10]~LRTM_12|clk ;
;   24.279 ;   0.000 ; RR ; CELL   ; 1      ; FF_X77_Y124_N44     ; High Speed ; System|npu_system_0|npu_system_14|out_data_reg[10]~LRTM_12     ;
;   24.531 ;   0.252 ;    ;        ;        ;                     ;            ; clock pessimism removed                                        ;
; 24.501   ; -0.030  ;    ;        ;        ;                     ;            ; clock uncertainty                                              ;
; 24.768   ; 0.267   ;    ; uTsu   ; 1      ; FF_X77_Y124_N44     ;            ; System|npu_system_0|npu_system_14|out_data_reg[10]~LRTM_12     ;
+----------+---------+----+--------+--------+---------------------+------------+----------------------------------------------------------------+



Path #3: Setup slack is 8.141 
===============================================================================
+------------------------------------------------------------------------------------------------+
; Path Summary                                                                                   ;
+---------------------------------+--------------------------------------------------------------+
; Property                        ; Value                                                        ;
+---------------------------------+--------------------------------------------------------------+
; From Node                       ; System|npu_system_0|npu_system_14|w_row_idx[2]~_Duplicate_10 ;
; To Node                         ; System|npu_system_0|npu_system_14|out_data_reg[16]~LRTM_14   ;
; Launch Clock                    ; CLK_50                                                       ;
; Latch Clock                     ; CLK_50                                                       ;
; SDC Exception                   ; No SDC Exception on Path                                     ;
; Data Arrival Time               ; 16.634                                                       ;
; Data Required Time              ; 24.775                                                       ;
; Slack                           ; 8.141                                                        ;
; Worst-Case Operating Conditions ; Slow 900mV 100C Model                                        ;
+---------------------------------+--------------------------------------------------------------+

+------------------------------------------------------------------------------------+
; Statistics                                                                         ;
+------------------------+--------+-------+-------------+------------+-------+-------+
; Property               ; Value  ; Count ; Total Delay ; % of Total ; Min   ; Max   ;
+------------------------+--------+-------+-------------+------------+-------+-------+
; Setup Relationship     ; 20.000 ;       ;             ;            ;       ;       ;
; Clock Skew             ; -0.217 ;       ;             ;            ;       ;       ;
; Data Delay             ; 11.892 ;       ;             ;            ;       ;       ;
; Number of Logic Levels ;        ; 5     ;             ;            ;       ;       ;
; Physical Delays        ;        ;       ;             ;            ;       ;       ;
;  Arrival Path          ;        ;       ;             ;            ;       ;       ;
;   Clock                ;        ;       ;             ;            ;       ;       ;
;    IC                  ;        ; 3     ; 3.518       ; 74         ; 0.000 ; 3.518 ;
;    Cell                ;        ; 4     ; 1.224       ; 26         ; 0.000 ; 0.547 ;
;   Data                 ;        ;       ;             ;            ;       ;       ;
;    IC                  ;        ; 5     ; 10.437      ; 88         ; 0.653 ; 3.971 ;
;    Cell                ;        ; 12    ; 1.205       ; 10         ; 0.000 ; 0.307 ;
;    uTco                ;        ; 1     ; 0.250       ; 2          ; 0.250 ; 0.250 ;
;  Required Path         ;        ;       ;             ;            ;       ;       ;
;   Clock                ;        ;       ;             ;            ;       ;       ;
;    IC                  ;        ; 3     ; 3.157       ; 74         ; 0.000 ; 3.157 ;
;    Cell                ;        ; 4     ; 1.116       ; 26         ; 0.000 ; 0.547 ;
+------------------------+--------+-------+-------------+------------+-------+-------+
Note: Negative delays are omitted from totals when calculating percentages

+-----------------------------------------------------------------------------------------------------------------------------------------------------------------+
; Data Arrival Path                                                                                                                                               ;
+----------+---------+----+--------+--------+-----------------------+------------+--------------------------------------------------------------------------------+
; Total    ; Incr    ; RF ; Type   ; Fanout ; Location              ; HS/LP      ; Element                                                                        ;
+----------+---------+----+--------+--------+-----------------------+------------+--------------------------------------------------------------------------------+
; 0.000    ; 0.000   ;    ;        ;        ;                       ;            ; launch edge time                                                               ;
; 0.000    ; 0.000   ;    ; borrow ;        ;                       ;            ; time borrowed                                                                  ;
; 4.742    ; 4.742   ;    ;        ;        ;                       ;            ; clock path                                                                     ;
;   0.000  ;   0.000 ;    ;        ;        ;                       ;            ; source latency                                                                 ;
;   0.000  ;   0.000 ;    ;        ; 1      ; PIN_AM10              ;            ; CLK_50                                                                         ;
;   0.000  ;   0.000 ; RR ; IC     ; 1      ; IOIBUF_X148_Y16_N32   ;            ; CLK_50~input|i                                                                 ;
;   0.547  ;   0.547 ; RR ; CELL   ; 1      ; IOIBUF_X148_Y16_N32   ;            ; CLK_50~input|o                                                                 ;
;   0.706  ;   0.159 ; RR ; CELL   ; 1      ; IOIBUF_X148_Y16_N32   ;            ; CLK_50~input~io_48_lvds_tile_edge/ioclkin[0]                                   ;
;   0.706  ;   0.000 ; RR ; IC     ; 2      ; CLKCTRL_3A_G_I20      ;            ; CLK_50~inputCLKENA0|inclk                                                      ;
;   1.224  ;   0.518 ; RR ; CELL   ; 181963 ; CLKCTRL_3A_G_I20      ;            ; CLK_50~inputCLKENA0|outclk                                                     ;
;   4.742  ;   3.518 ; RR ; IC     ; 1      ; FF_X87_Y149_N35       ; Low Power  ; System|npu_system_0|npu_system_14|w_row_idx[2]~_Duplicate_10|clk               ;
;   4.742  ;   0.000 ; RR ; CELL   ; 1      ; FF_X87_Y149_N35       ; Low Power  ; System|npu_system_0|npu_system_14|w_row_idx[2]~_Duplicate_10                   ;
; 16.634   ; 11.892  ;    ;        ;        ;                       ;            ; data path                                                                      ;
;   4.992  ;   0.250 ; RR ; uTco   ; 1      ; FF_X87_Y149_N35       ;            ; System|npu_system_0|npu_system_14|w_row_idx[2]~_Duplicate_10|q                 ;
;   5.205  ;   0.213 ; RR ; CELL   ; 1160   ; FF_X87_Y149_N35       ; Low Power  ; System|npu_system_0|npu_system_14|w_row_idx[2]~_Duplicate_10~la_lab/laboutb[3] ;
;   8.485  ;   3.280 ; RR ; IC     ; 1      ; LABCELL_X61_Y170_N39  ; Mixed      ; System|npu_system_0|npu_system_14|i70456~3868|datac                            ;
;   8.639  ;   0.154 ; RR ; CELL   ; 1      ; LABCELL_X61_Y170_N39  ; High Speed ; System|npu_system_0|npu_system_14|i70456~3868|combout                          ;
;   8.643  ;   0.004 ; RR ; CELL   ; 1      ; LABCELL_X61_Y170_N39  ; High Speed ; System|npu_system_0|npu_system_14|i70456~3868~la_lab/laboutb[6]                ;
;   12.614 ;   3.971 ; RR ; IC     ; 1      ; LABCELL_X104_Y155_N54 ; Mixed      ; System|npu_system_0|npu_system_14|i70456~3869|dataa                            ;
;   12.921 ;   0.307 ; RR ; CELL   ; 1      ; LABCELL_X104_Y155_N54 ; Low Power  ; System|npu_system_0|npu_system_14|i70456~3869|combout                          ;
;   12.926 ;   0.005 ; RR ; CELL   ; 1      ; LABCELL_X104_Y155_N54 ; Low Power  ; System|npu_system_0|npu_system_14|i70456~3869~la_lab/laboutb[17]               ;
;   13.579 ;   0.653 ; RR ; IC     ; 1      ; LABCELL_X103_Y148_N30 ; Mixed      ; System|npu_system_0|npu_system_14|i70456~3875|datab                            ;
;   13.884 ;   0.305 ; RR ; CELL   ; 1      ; LABCELL_X103_Y148_N30 ; Low Power  ; System|npu_system_0|npu_system_14|i70456~3875|combout                          ;
;   13.888 ;   0.004 ; RR ; CELL   ; 1      ; LABCELL_X103_Y148_N30 ; Low Power  ; System|npu_system_0|npu_system_14|i70456~3875~la_lab/laboutb[0]                ;
;   14.840 ;   0.952 ; RR ; IC     ; 1      ; MLABCELL_X86_Y148_N48 ; Mixed      ; System|npu_system_0|npu_system_14|i70456~3918|datae                            ;
;   15.002 ;   0.162 ; RR ; CELL   ; 1      ; MLABCELL_X86_Y148_N48 ; Low Power  ; System|npu_system_0|npu_system_14|i70456~3918|combout                          ;
;   15.008 ;   0.006 ; RR ; CELL   ; 1      ; MLABCELL_X86_Y148_N48 ; Low Power  ; System|npu_system_0|npu_system_14|i70456~3918~la_mlab/laboutb[13]              ;
;   16.589 ;   1.581 ; RR ; IC     ; 1      ; LABCELL_X77_Y125_N24  ; Mixed      ; System|npu_system_0|npu_system_14|i70456~4004|dataf                            ;
;   16.634 ;   0.045 ; RR ; CELL   ; 1      ; LABCELL_X77_Y125_N24  ; High Speed ; System|npu_system_0|npu_system_14|i70456~4004|combout                          ;
;   16.634 ;   0.000 ; RR ; CELL   ; 1      ; FF_X77_Y125_N26       ; High Speed ; System|npu_system_0|npu_system_14|out_data_reg[16]~LRTM_14|d                   ;
;   16.634 ;   0.000 ; RR ; CELL   ; 1      ; FF_X77_Y125_N26       ; High Speed ; System|npu_system_0|npu_system_14|out_data_reg[16]~LRTM_14                     ;
+----------+---------+----+--------+--------+-----------------------+------------+--------------------------------------------------------------------------------+

+-----------------------------------------------------------------------------------------------------------------------------------------------+
; Data Required Path                                                                                                                            ;
+----------+---------+----+--------+--------+---------------------+------------+----------------------------------------------------------------+
; Total    ; Incr    ; RF ; Type   ; Fanout ; Location            ; HS/LP      ; Element                                                        ;
+----------+---------+----+--------+--------+---------------------+------------+----------------------------------------------------------------+
; 20.000   ; 20.000  ;    ;        ;        ;                     ;            ; latch edge time                                                ;
; 20.000   ; 0.000   ;    ; borrow ;        ;                     ;            ; time borrowed                                                  ;
; 24.525   ; 4.525   ;    ;        ;        ;                     ;            ; clock path                                                     ;
;   20.000 ;   0.000 ;    ;        ;        ;                     ;            ; source latency                                                 ;
;   20.000 ;   0.000 ;    ;        ; 1      ; PIN_AM10            ;            ; CLK_50                                                         ;
;   20.000 ;   0.000 ; RR ; IC     ; 1      ; IOIBUF_X148_Y16_N32 ;            ; CLK_50~input|i                                                 ;
;   20.547 ;   0.547 ; RR ; CELL   ; 1      ; IOIBUF_X148_Y16_N32 ;            ; CLK_50~input|o                                                 ;
;   20.676 ;   0.129 ; RR ; CELL   ; 1      ; IOIBUF_X148_Y16_N32 ;            ; CLK_50~input~io_48_lvds_tile_edge/ioclkin[0]                   ;
;   20.676 ;   0.000 ; RR ; IC     ; 2      ; CLKCTRL_3A_G_I20    ;            ; CLK_50~inputCLKENA0|inclk                                      ;
;   21.116 ;   0.440 ; RR ; CELL   ; 181963 ; CLKCTRL_3A_G_I20    ;            ; CLK_50~inputCLKENA0|outclk                                     ;
;   24.273 ;   3.157 ; RR ; IC     ; 1      ; FF_X77_Y125_N26     ; High Speed ; System|npu_system_0|npu_system_14|out_data_reg[16]~LRTM_14|clk ;
;   24.273 ;   0.000 ; RR ; CELL   ; 1      ; FF_X77_Y125_N26     ; High Speed ; System|npu_system_0|npu_system_14|out_data_reg[16]~LRTM_14     ;
;   24.525 ;   0.252 ;    ;        ;        ;                     ;            ; clock pessimism removed                                        ;
; 24.495   ; -0.030  ;    ;        ;        ;                     ;            ; clock uncertainty                                              ;
; 24.775   ; 0.280   ;    ; uTsu   ; 1      ; FF_X77_Y125_N26     ;            ; System|npu_system_0|npu_system_14|out_data_reg[16]~LRTM_14     ;
+----------+---------+----+--------+--------+---------------------+------------+----------------------------------------------------------------+



Path #4: Setup slack is 8.164 
===============================================================================
+---------------------------------------------------------------------------------------------+
; Path Summary                                                                                ;
+---------------------------------+-----------------------------------------------------------+
; Property                        ; Value                                                     ;
+---------------------------------+-----------------------------------------------------------+
; From Node                       ; System|npu_system_0|npu_system_14|w_row_idx[0]~_Duplicate ;
; To Node                         ; System|npu_system_0|npu_system_14|out_data_reg[5]~LRTM_16 ;
; Launch Clock                    ; CLK_50                                                    ;
; Latch Clock                     ; CLK_50                                                    ;
; SDC Exception                   ; No SDC Exception on Path                                  ;
; Data Arrival Time               ; 16.687                                                    ;
; Data Required Time              ; 24.851                                                    ;
; Slack                           ; 8.164                                                     ;
; Worst-Case Operating Conditions ; Slow 900mV 100C Model                                     ;
+---------------------------------+-----------------------------------------------------------+

+------------------------------------------------------------------------------------+
; Statistics                                                                         ;
+------------------------+--------+-------+-------------+------------+-------+-------+
; Property               ; Value  ; Count ; Total Delay ; % of Total ; Min   ; Max   ;
+------------------------+--------+-------+-------------+------------+-------+-------+
; Setup Relationship     ; 20.000 ;       ;             ;            ;       ;       ;
; Clock Skew             ; -0.047 ;       ;             ;            ;       ;       ;
; Data Delay             ; 12.027 ;       ;             ;            ;       ;       ;
; Number of Logic Levels ;        ; 5     ;             ;            ;       ;       ;
; Physical Delays        ;        ;       ;             ;            ;       ;       ;
;  Arrival Path          ;        ;       ;             ;            ;       ;       ;
;   Clock                ;        ;       ;             ;            ;       ;       ;
;    IC                  ;        ; 3     ; 3.436       ; 74         ; 0.000 ; 3.436 ;
;    Cell                ;        ; 4     ; 1.224       ; 26         ; 0.000 ; 0.547 ;
;   Data                 ;        ;       ;             ;            ;       ;       ;
;    IC                  ;        ; 5     ; 10.927      ; 91         ; 0.564 ; 3.834 ;
;    Cell                ;        ; 12    ; 0.884       ; 7          ; 0.000 ; 0.257 ;
;    uTco                ;        ; 1     ; 0.216       ; 2          ; 0.216 ; 0.216 ;
;  Required Path         ;        ;       ;             ;            ;       ;       ;
;   Clock                ;        ;       ;             ;            ;       ;       ;
;    IC                  ;        ; 3     ; 3.163       ; 74         ; 0.000 ; 3.163 ;
;    Cell                ;        ; 4     ; 1.116       ; 26         ; 0.000 ; 0.547 ;
+------------------------+--------+-------+-------------+------------+-------+-------+
Note: Negative delays are omitted from totals when calculating percentages

+---------------------------------------------------------------------------------------------------------------------------------------------------------------+
; Data Arrival Path                                                                                                                                             ;
+----------+---------+----+--------+--------+------------------------+------------+-----------------------------------------------------------------------------+
; Total    ; Incr    ; RF ; Type   ; Fanout ; Location               ; HS/LP      ; Element                                                                     ;
+----------+---------+----+--------+--------+------------------------+------------+-----------------------------------------------------------------------------+
; 0.000    ; 0.000   ;    ;        ;        ;                        ;            ; launch edge time                                                            ;
; 0.000    ; 0.000   ;    ; borrow ;        ;                        ;            ; time borrowed                                                               ;
; 4.660    ; 4.660   ;    ;        ;        ;                        ;            ; clock path                                                                  ;
;   0.000  ;   0.000 ;    ;        ;        ;                        ;            ; source latency                                                              ;
;   0.000  ;   0.000 ;    ;        ; 1      ; PIN_AM10               ;            ; CLK_50                                                                      ;
;   0.000  ;   0.000 ; RR ; IC     ; 1      ; IOIBUF_X148_Y16_N32    ;            ; CLK_50~input|i                                                              ;
;   0.547  ;   0.547 ; RR ; CELL   ; 1      ; IOIBUF_X148_Y16_N32    ;            ; CLK_50~input|o                                                              ;
;   0.706  ;   0.159 ; RR ; CELL   ; 1      ; IOIBUF_X148_Y16_N32    ;            ; CLK_50~input~io_48_lvds_tile_edge/ioclkin[0]                                ;
;   0.706  ;   0.000 ; RR ; IC     ; 2      ; CLKCTRL_3A_G_I20       ;            ; CLK_50~inputCLKENA0|inclk                                                   ;
;   1.224  ;   0.518 ; RR ; CELL   ; 181963 ; CLKCTRL_3A_G_I20       ;            ; CLK_50~inputCLKENA0|outclk                                                  ;
;   4.660  ;   3.436 ; RR ; IC     ; 1      ; FF_X73_Y130_N2         ; High Speed ; System|npu_system_0|npu_system_14|w_row_idx[0]~_Duplicate|clk               ;
;   4.660  ;   0.000 ; RR ; CELL   ; 1      ; FF_X73_Y130_N2         ; High Speed ; System|npu_system_0|npu_system_14|w_row_idx[0]~_Duplicate                   ;
; 16.687   ; 12.027  ;    ;        ;        ;                        ;            ; data path                                                                   ;
;   4.876  ;   0.216 ; FF ; uTco   ; 1      ; FF_X73_Y130_N2         ;            ; System|npu_system_0|npu_system_14|w_row_idx[0]~_Duplicate|q                 ;
;   4.951  ;   0.075 ; FF ; CELL   ; 1160   ; FF_X73_Y130_N2         ; High Speed ; System|npu_system_0|npu_system_14|w_row_idx[0]~_Duplicate~la_lab/laboutt[1] ;
;   8.785  ;   3.834 ; FF ; IC     ; 1      ; MLABCELL_X125_Y164_N18 ; Mixed      ; System|npu_system_0|npu_system_14|i70456~2402|datad                         ;
;   8.960  ;   0.175 ; FF ; CELL   ; 1      ; MLABCELL_X125_Y164_N18 ; High Speed ; System|npu_system_0|npu_system_14|i70456~2402|combout                       ;
;   8.966  ;   0.006 ; FF ; CELL   ; 1      ; MLABCELL_X125_Y164_N18 ; High Speed ; System|npu_system_0|npu_system_14|i70456~2402~la_mlab/laboutt[12]           ;
;   10.581 ;   1.615 ; FF ; IC     ; 1      ; LABCELL_X120_Y150_N6   ; Mixed      ; System|npu_system_0|npu_system_14|i70456~2403|datac                         ;
;   10.735 ;   0.154 ; FF ; CELL   ; 1      ; LABCELL_X120_Y150_N6   ; High Speed ; System|npu_system_0|npu_system_14|i70456~2403|combout                       ;
;   10.740 ;   0.005 ; FF ; CELL   ; 1      ; LABCELL_X120_Y150_N6   ; High Speed ; System|npu_system_0|npu_system_14|i70456~2403~la_lab/laboutt[5]             ;
;   12.704 ;   1.964 ; FF ; IC     ; 1      ; LABCELL_X89_Y156_N6    ; Mixed      ; System|npu_system_0|npu_system_14|i70456~2419|dataa                         ;
;   12.961 ;   0.257 ; FF ; CELL   ; 1      ; LABCELL_X89_Y156_N6    ; Low Power  ; System|npu_system_0|npu_system_14|i70456~2419|combout                       ;
;   12.966 ;   0.005 ; FF ; CELL   ; 1      ; LABCELL_X89_Y156_N6    ; Low Power  ; System|npu_system_0|npu_system_14|i70456~2419~la_lab/laboutt[5]             ;
;   13.530 ;   0.564 ; FF ; IC     ; 1      ; MLABCELL_X86_Y149_N42  ; Low Power  ; System|npu_system_0|npu_system_14|i70456~2462|dataf                         ;
;   13.576 ;   0.046 ; FF ; CELL   ; 1      ; MLABCELL_X86_Y149_N42  ; Low Power  ; System|npu_system_0|npu_system_14|i70456~2462|combout                       ;
;   13.582 ;   0.006 ; FF ; CELL   ; 1      ; MLABCELL_X86_Y149_N42  ; Low Power  ; System|npu_system_0|npu_system_14|i70456~2462~la_mlab/laboutb[9]            ;
;   16.532 ;   2.950 ; FF ; IC     ; 1      ; LABCELL_X77_Y124_N9    ; Mixed      ; System|npu_system_0|npu_system_14|i70456~2548|datae                         ;
;   16.687 ;   0.155 ; FF ; CELL   ; 1      ; LABCELL_X77_Y124_N9    ; High Speed ; System|npu_system_0|npu_system_14|i70456~2548|combout                       ;
;   16.687 ;   0.000 ; FF ; CELL   ; 1      ; FF_X77_Y124_N10        ; High Speed ; System|npu_system_0|npu_system_14|out_data_reg[5]~LRTM_16|d                 ;
;   16.687 ;   0.000 ; FF ; CELL   ; 1      ; FF_X77_Y124_N10        ; High Speed ; System|npu_system_0|npu_system_14|out_data_reg[5]~LRTM_16                   ;
+----------+---------+----+--------+--------+------------------------+------------+-----------------------------------------------------------------------------+

+----------------------------------------------------------------------------------------------------------------------------------------------+
; Data Required Path                                                                                                                           ;
+----------+---------+----+--------+--------+---------------------+------------+---------------------------------------------------------------+
; Total    ; Incr    ; RF ; Type   ; Fanout ; Location            ; HS/LP      ; Element                                                       ;
+----------+---------+----+--------+--------+---------------------+------------+---------------------------------------------------------------+
; 20.000   ; 20.000  ;    ;        ;        ;                     ;            ; latch edge time                                               ;
; 20.000   ; 0.000   ;    ; borrow ;        ;                     ;            ; time borrowed                                                 ;
; 24.613   ; 4.613   ;    ;        ;        ;                     ;            ; clock path                                                    ;
;   20.000 ;   0.000 ;    ;        ;        ;                     ;            ; source latency                                                ;
;   20.000 ;   0.000 ;    ;        ; 1      ; PIN_AM10            ;            ; CLK_50                                                        ;
;   20.000 ;   0.000 ; RR ; IC     ; 1      ; IOIBUF_X148_Y16_N32 ;            ; CLK_50~input|i                                                ;
;   20.547 ;   0.547 ; RR ; CELL   ; 1      ; IOIBUF_X148_Y16_N32 ;            ; CLK_50~input|o                                                ;
;   20.676 ;   0.129 ; RR ; CELL   ; 1      ; IOIBUF_X148_Y16_N32 ;            ; CLK_50~input~io_48_lvds_tile_edge/ioclkin[0]                  ;
;   20.676 ;   0.000 ; RR ; IC     ; 2      ; CLKCTRL_3A_G_I20    ;            ; CLK_50~inputCLKENA0|inclk                                     ;
;   21.116 ;   0.440 ; RR ; CELL   ; 181963 ; CLKCTRL_3A_G_I20    ;            ; CLK_50~inputCLKENA0|outclk                                    ;
;   24.279 ;   3.163 ; RR ; IC     ; 1      ; FF_X77_Y124_N10     ; High Speed ; System|npu_system_0|npu_system_14|out_data_reg[5]~LRTM_16|clk ;
;   24.279 ;   0.000 ; RR ; CELL   ; 1      ; FF_X77_Y124_N10     ; High Speed ; System|npu_system_0|npu_system_14|out_data_reg[5]~LRTM_16     ;
;   24.613 ;   0.334 ;    ;        ;        ;                     ;            ; clock pessimism removed                                       ;
; 24.583   ; -0.030  ;    ;        ;        ;                     ;            ; clock uncertainty                                             ;
; 24.851   ; 0.268   ;    ; uTsu   ; 1      ; FF_X77_Y124_N10     ;            ; System|npu_system_0|npu_system_14|out_data_reg[5]~LRTM_16     ;
+----------+---------+----+--------+--------+---------------------+------------+---------------------------------------------------------------+



Path #5: Setup slack is 8.368 
===============================================================================
+------------------------------------------------------------------------------------------------+
; Path Summary                                                                                   ;
+---------------------------------+--------------------------------------------------------------+
; Property                        ; Value                                                        ;
+---------------------------------+--------------------------------------------------------------+
; From Node                       ; System|npu_system_0|npu_system_14|w_row_idx[2]~_Duplicate_10 ;
; To Node                         ; System|npu_system_0|npu_system_14|out_data_reg[10]~LRTM_12   ;
; Launch Clock                    ; CLK_50                                                       ;
; Latch Clock                     ; CLK_50                                                       ;
; SDC Exception                   ; No SDC Exception on Path                                     ;
; Data Arrival Time               ; 16.400                                                       ;
; Data Required Time              ; 24.768                                                       ;
; Slack                           ; 8.368                                                        ;
; Worst-Case Operating Conditions ; Slow 900mV 100C Model                                        ;
+---------------------------------+--------------------------------------------------------------+

+------------------------------------------------------------------------------------+
; Statistics                                                                         ;
+------------------------+--------+-------+-------------+------------+-------+-------+
; Property               ; Value  ; Count ; Total Delay ; % of Total ; Min   ; Max   ;
+------------------------+--------+-------+-------------+------------+-------+-------+
; Setup Relationship     ; 20.000 ;       ;             ;            ;       ;       ;
; Clock Skew             ; -0.211 ;       ;             ;            ;       ;       ;
; Data Delay             ; 11.658 ;       ;             ;            ;       ;       ;
; Number of Logic Levels ;        ; 5     ;             ;            ;       ;       ;
; Physical Delays        ;        ;       ;             ;            ;       ;       ;
;  Arrival Path          ;        ;       ;             ;            ;       ;       ;
;   Clock                ;        ;       ;             ;            ;       ;       ;
;    IC                  ;        ; 3     ; 3.518       ; 74         ; 0.000 ; 3.518 ;
;    Cell                ;        ; 4     ; 1.224       ; 26         ; 0.000 ; 0.547 ;
;   Data                 ;        ;       ;             ;            ;       ;       ;
;    IC                  ;        ; 5     ; 10.537      ; 90         ; 0.714 ; 3.320 ;
;    Cell                ;        ; 12    ; 0.871       ; 7          ; 0.000 ; 0.254 ;
;    uTco                ;        ; 1     ; 0.250       ; 2          ; 0.250 ; 0.250 ;
;  Required Path         ;        ;       ;             ;            ;       ;       ;
;   Clock                ;        ;       ;             ;            ;       ;       ;
;    IC                  ;        ; 3     ; 3.163       ; 74         ; 0.000 ; 3.163 ;
;    Cell                ;        ; 4     ; 1.116       ; 26         ; 0.000 ; 0.547 ;
+------------------------+--------+-------+-------------+------------+-------+-------+
Note: Negative delays are omitted from totals when calculating percentages

+-----------------------------------------------------------------------------------------------------------------------------------------------------------------+
; Data Arrival Path                                                                                                                                               ;
+----------+---------+----+--------+--------+-----------------------+------------+--------------------------------------------------------------------------------+
; Total    ; Incr    ; RF ; Type   ; Fanout ; Location              ; HS/LP      ; Element                                                                        ;
+----------+---------+----+--------+--------+-----------------------+------------+--------------------------------------------------------------------------------+
; 0.000    ; 0.000   ;    ;        ;        ;                       ;            ; launch edge time                                                               ;
; 0.000    ; 0.000   ;    ; borrow ;        ;                       ;            ; time borrowed                                                                  ;
; 4.742    ; 4.742   ;    ;        ;        ;                       ;            ; clock path                                                                     ;
;   0.000  ;   0.000 ;    ;        ;        ;                       ;            ; source latency                                                                 ;
;   0.000  ;   0.000 ;    ;        ; 1      ; PIN_AM10              ;            ; CLK_50                                                                         ;
;   0.000  ;   0.000 ; RR ; IC     ; 1      ; IOIBUF_X148_Y16_N32   ;            ; CLK_50~input|i                                                                 ;
;   0.547  ;   0.547 ; RR ; CELL   ; 1      ; IOIBUF_X148_Y16_N32   ;            ; CLK_50~input|o                                                                 ;
;   0.706  ;   0.159 ; RR ; CELL   ; 1      ; IOIBUF_X148_Y16_N32   ;            ; CLK_50~input~io_48_lvds_tile_edge/ioclkin[0]                                   ;
;   0.706  ;   0.000 ; RR ; IC     ; 2      ; CLKCTRL_3A_G_I20      ;            ; CLK_50~inputCLKENA0|inclk                                                      ;
;   1.224  ;   0.518 ; RR ; CELL   ; 181963 ; CLKCTRL_3A_G_I20      ;            ; CLK_50~inputCLKENA0|outclk                                                     ;
;   4.742  ;   3.518 ; RR ; IC     ; 1      ; FF_X87_Y149_N35       ; Low Power  ; System|npu_system_0|npu_system_14|w_row_idx[2]~_Duplicate_10|clk               ;
;   4.742  ;   0.000 ; RR ; CELL   ; 1      ; FF_X87_Y149_N35       ; Low Power  ; System|npu_system_0|npu_system_14|w_row_idx[2]~_Duplicate_10                   ;
; 16.400   ; 11.658  ;    ;        ;        ;                       ;            ; data path                                                                      ;
;   4.992  ;   0.250 ; RR ; uTco   ; 1      ; FF_X87_Y149_N35       ;            ; System|npu_system_0|npu_system_14|w_row_idx[2]~_Duplicate_10|q                 ;
;   5.205  ;   0.213 ; RR ; CELL   ; 1160   ; FF_X87_Y149_N35       ; Low Power  ; System|npu_system_0|npu_system_14|w_row_idx[2]~_Duplicate_10~la_lab/laboutb[3] ;
;   8.525  ;   3.320 ; RR ; IC     ; 1      ; LABCELL_X61_Y170_N24  ; Mixed      ; System|npu_system_0|npu_system_14|i70456~6416|dataf                            ;
;   8.578  ;   0.053 ; RF ; CELL   ; 1      ; LABCELL_X61_Y170_N24  ; High Speed ; System|npu_system_0|npu_system_14|i70456~6416|combout                          ;
;   8.582  ;   0.004 ; FF ; CELL   ; 1      ; LABCELL_X61_Y170_N24  ; High Speed ; System|npu_system_0|npu_system_14|i70456~6416~la_lab/laboutt[16]               ;
;   11.515 ;   2.933 ; FF ; IC     ; 1      ; LABCELL_X104_Y155_N12 ; Mixed      ; System|npu_system_0|npu_system_14|i70456~6417|datae                            ;
;   11.647 ;   0.132 ; FF ; CELL   ; 1      ; LABCELL_X104_Y155_N12 ; Low Power  ; System|npu_system_0|npu_system_14|i70456~6417|combout                          ;
;   11.652 ;   0.005 ; FF ; CELL   ; 1      ; LABCELL_X104_Y155_N12 ; Low Power  ; System|npu_system_0|npu_system_14|i70456~6417~la_lab/laboutt[9]                ;
;   12.366 ;   0.714 ; FF ; IC     ; 1      ; LABCELL_X103_Y148_N54 ; Mixed      ; System|npu_system_0|npu_system_14|i70456~6423|datab                            ;
;   12.620 ;   0.254 ; FF ; CELL   ; 1      ; LABCELL_X103_Y148_N54 ; Low Power  ; System|npu_system_0|npu_system_14|i70456~6423|combout                          ;
;   12.624 ;   0.004 ; FF ; CELL   ; 1      ; LABCELL_X103_Y148_N54 ; Low Power  ; System|npu_system_0|npu_system_14|i70456~6423~la_lab/laboutb[16]               ;
;   13.657 ;   1.033 ; FF ; IC     ; 1      ; LABCELL_X89_Y148_N30  ; Mixed      ; System|npu_system_0|npu_system_14|i70456~6466|dataf                            ;
;   13.704 ;   0.047 ; FF ; CELL   ; 1      ; LABCELL_X89_Y148_N30  ; Low Power  ; System|npu_system_0|npu_system_14|i70456~6466|combout                          ;
;   13.709 ;   0.005 ; FF ; CELL   ; 1      ; LABCELL_X89_Y148_N30  ; Low Power  ; System|npu_system_0|npu_system_14|i70456~6466~la_lab/laboutb[1]                ;
;   16.246 ;   2.537 ; FF ; IC     ; 1      ; LABCELL_X77_Y124_N42  ; Mixed      ; System|npu_system_0|npu_system_14|i70456~6552|datac                            ;
;   16.400 ;   0.154 ; FF ; CELL   ; 1      ; LABCELL_X77_Y124_N42  ; High Speed ; System|npu_system_0|npu_system_14|i70456~6552|combout                          ;
;   16.400 ;   0.000 ; FF ; CELL   ; 1      ; FF_X77_Y124_N44       ; High Speed ; System|npu_system_0|npu_system_14|out_data_reg[10]~LRTM_12|d                   ;
;   16.400 ;   0.000 ; FF ; CELL   ; 1      ; FF_X77_Y124_N44       ; High Speed ; System|npu_system_0|npu_system_14|out_data_reg[10]~LRTM_12                     ;
+----------+---------+----+--------+--------+-----------------------+------------+--------------------------------------------------------------------------------+

+-----------------------------------------------------------------------------------------------------------------------------------------------+
; Data Required Path                                                                                                                            ;
+----------+---------+----+--------+--------+---------------------+------------+----------------------------------------------------------------+
; Total    ; Incr    ; RF ; Type   ; Fanout ; Location            ; HS/LP      ; Element                                                        ;
+----------+---------+----+--------+--------+---------------------+------------+----------------------------------------------------------------+
; 20.000   ; 20.000  ;    ;        ;        ;                     ;            ; latch edge time                                                ;
; 20.000   ; 0.000   ;    ; borrow ;        ;                     ;            ; time borrowed                                                  ;
; 24.531   ; 4.531   ;    ;        ;        ;                     ;            ; clock path                                                     ;
;   20.000 ;   0.000 ;    ;        ;        ;                     ;            ; source latency                                                 ;
;   20.000 ;   0.000 ;    ;        ; 1      ; PIN_AM10            ;            ; CLK_50                                                         ;
;   20.000 ;   0.000 ; RR ; IC     ; 1      ; IOIBUF_X148_Y16_N32 ;            ; CLK_50~input|i                                                 ;
;   20.547 ;   0.547 ; RR ; CELL   ; 1      ; IOIBUF_X148_Y16_N32 ;            ; CLK_50~input|o                                                 ;
;   20.676 ;   0.129 ; RR ; CELL   ; 1      ; IOIBUF_X148_Y16_N32 ;            ; CLK_50~input~io_48_lvds_tile_edge/ioclkin[0]                   ;
;   20.676 ;   0.000 ; RR ; IC     ; 2      ; CLKCTRL_3A_G_I20    ;            ; CLK_50~inputCLKENA0|inclk                                      ;
;   21.116 ;   0.440 ; RR ; CELL   ; 181963 ; CLKCTRL_3A_G_I20    ;            ; CLK_50~inputCLKENA0|outclk                                     ;
;   24.279 ;   3.163 ; RR ; IC     ; 1      ; FF_X77_Y124_N44     ; High Speed ; System|npu_system_0|npu_system_14|out_data_reg[10]~LRTM_12|clk ;
;   24.279 ;   0.000 ; RR ; CELL   ; 1      ; FF_X77_Y124_N44     ; High Speed ; System|npu_system_0|npu_system_14|out_data_reg[10]~LRTM_12     ;
;   24.531 ;   0.252 ;    ;        ;        ;                     ;            ; clock pessimism removed                                        ;
; 24.501   ; -0.030  ;    ;        ;        ;                     ;            ; clock uncertainty                                              ;
; 24.768   ; 0.267   ;    ; uTsu   ; 1      ; FF_X77_Y124_N44     ;            ; System|npu_system_0|npu_system_14|out_data_reg[10]~LRTM_12     ;
+----------+---------+----+--------+--------+---------------------+------------+----------------------------------------------------------------+



Path #6: Setup slack is 8.372 
===============================================================================
+------------------------------------------------------------------------------------------------+
; Path Summary                                                                                   ;
+---------------------------------+--------------------------------------------------------------+
; Property                        ; Value                                                        ;
+---------------------------------+--------------------------------------------------------------+
; From Node                       ; System|npu_system_0|npu_system_14|w_row_idx[2]~_Duplicate_10 ;
; To Node                         ; System|npu_system_0|npu_system_14|out_data_reg[19]~LRTM_8    ;
; Launch Clock                    ; CLK_50                                                       ;
; Latch Clock                     ; CLK_50                                                       ;
; SDC Exception                   ; No SDC Exception on Path                                     ;
; Data Arrival Time               ; 16.391                                                       ;
; Data Required Time              ; 24.763                                                       ;
; Slack                           ; 8.372                                                        ;
; Worst-Case Operating Conditions ; Slow 900mV 100C Model                                        ;
+---------------------------------+--------------------------------------------------------------+

+------------------------------------------------------------------------------------+
; Statistics                                                                         ;
+------------------------+--------+-------+-------------+------------+-------+-------+
; Property               ; Value  ; Count ; Total Delay ; % of Total ; Min   ; Max   ;
+------------------------+--------+-------+-------------+------------+-------+-------+
; Setup Relationship     ; 20.000 ;       ;             ;            ;       ;       ;
; Clock Skew             ; -0.217 ;       ;             ;            ;       ;       ;
; Data Delay             ; 11.649 ;       ;             ;            ;       ;       ;
; Number of Logic Levels ;        ; 5     ;             ;            ;       ;       ;
; Physical Delays        ;        ;       ;             ;            ;       ;       ;
;  Arrival Path          ;        ;       ;             ;            ;       ;       ;
;   Clock                ;        ;       ;             ;            ;       ;       ;
;    IC                  ;        ; 3     ; 3.518       ; 74         ; 0.000 ; 3.518 ;
;    Cell                ;        ; 4     ; 1.224       ; 26         ; 0.000 ; 0.547 ;
;   Data                 ;        ;       ;             ;            ;       ;       ;
;    IC                  ;        ; 5     ; 10.395      ; 89         ; 0.152 ; 3.369 ;
;    Cell                ;        ; 12    ; 1.004       ; 9          ; 0.000 ; 0.261 ;
;    uTco                ;        ; 1     ; 0.250       ; 2          ; 0.250 ; 0.250 ;
;  Required Path         ;        ;       ;             ;            ;       ;       ;
;   Clock                ;        ;       ;             ;            ;       ;       ;
;    IC                  ;        ; 3     ; 3.157       ; 74         ; 0.000 ; 3.157 ;
;    Cell                ;        ; 4     ; 1.116       ; 26         ; 0.000 ; 0.547 ;
+------------------------+--------+-------+-------------+------------+-------+-------+
Note: Negative delays are omitted from totals when calculating percentages

+----------------------------------------------------------------------------------------------------------------------------------------------------------------+
; Data Arrival Path                                                                                                                                              ;
+----------+---------+----+--------+--------+----------------------+------------+--------------------------------------------------------------------------------+
; Total    ; Incr    ; RF ; Type   ; Fanout ; Location             ; HS/LP      ; Element                                                                        ;
+----------+---------+----+--------+--------+----------------------+------------+--------------------------------------------------------------------------------+
; 0.000    ; 0.000   ;    ;        ;        ;                      ;            ; launch edge time                                                               ;
; 0.000    ; 0.000   ;    ; borrow ;        ;                      ;            ; time borrowed                                                                  ;
; 4.742    ; 4.742   ;    ;        ;        ;                      ;            ; clock path                                                                     ;
;   0.000  ;   0.000 ;    ;        ;        ;                      ;            ; source latency                                                                 ;
;   0.000  ;   0.000 ;    ;        ; 1      ; PIN_AM10             ;            ; CLK_50                                                                         ;
;   0.000  ;   0.000 ; RR ; IC     ; 1      ; IOIBUF_X148_Y16_N32  ;            ; CLK_50~input|i                                                                 ;
;   0.547  ;   0.547 ; RR ; CELL   ; 1      ; IOIBUF_X148_Y16_N32  ;            ; CLK_50~input|o                                                                 ;
;   0.706  ;   0.159 ; RR ; CELL   ; 1      ; IOIBUF_X148_Y16_N32  ;            ; CLK_50~input~io_48_lvds_tile_edge/ioclkin[0]                                   ;
;   0.706  ;   0.000 ; RR ; IC     ; 2      ; CLKCTRL_3A_G_I20     ;            ; CLK_50~inputCLKENA0|inclk                                                      ;
;   1.224  ;   0.518 ; RR ; CELL   ; 181963 ; CLKCTRL_3A_G_I20     ;            ; CLK_50~inputCLKENA0|outclk                                                     ;
;   4.742  ;   3.518 ; RR ; IC     ; 1      ; FF_X87_Y149_N35      ; Low Power  ; System|npu_system_0|npu_system_14|w_row_idx[2]~_Duplicate_10|clk               ;
;   4.742  ;   0.000 ; RR ; CELL   ; 1      ; FF_X87_Y149_N35      ; Low Power  ; System|npu_system_0|npu_system_14|w_row_idx[2]~_Duplicate_10                   ;
; 16.391   ; 11.649  ;    ;        ;        ;                      ;            ; data path                                                                      ;
;   4.992  ;   0.250 ; RR ; uTco   ; 1      ; FF_X87_Y149_N35      ;            ; System|npu_system_0|npu_system_14|w_row_idx[2]~_Duplicate_10|q                 ;
;   5.205  ;   0.213 ; RR ; CELL   ; 1160   ; FF_X87_Y149_N35      ; Low Power  ; System|npu_system_0|npu_system_14|w_row_idx[2]~_Duplicate_10~la_lab/laboutb[3] ;
;   8.267  ;   3.062 ; RR ; IC     ; 1      ; LABCELL_X56_Y173_N18 ; Mixed      ; System|npu_system_0|npu_system_14|i70456~11559|dataf                           ;
;   8.320  ;   0.053 ; RF ; CELL   ; 1      ; LABCELL_X56_Y173_N18 ; High Speed ; System|npu_system_0|npu_system_14|i70456~11559|combout                         ;
;   8.324  ;   0.004 ; FF ; CELL   ; 1      ; LABCELL_X56_Y173_N18 ; High Speed ; System|npu_system_0|npu_system_14|i70456~11559~la_lab/laboutt[12]              ;
;   11.693 ;   3.369 ; FF ; IC     ; 1      ; MLABCELL_X99_Y166_N6 ; Mixed      ; System|npu_system_0|npu_system_14|i70456~11560|dataa                           ;
;   11.954 ;   0.261 ; FF ; CELL   ; 1      ; MLABCELL_X99_Y166_N6 ; Low Power  ; System|npu_system_0|npu_system_14|i70456~11560|combout                         ;
;   11.960 ;   0.006 ; FF ; CELL   ; 1      ; MLABCELL_X99_Y166_N6 ; Low Power  ; System|npu_system_0|npu_system_14|i70456~11560~la_mlab/laboutt[5]              ;
;   13.790 ;   1.830 ; FF ; IC     ; 1      ; MLABCELL_X88_Y148_N0 ; Mixed      ; System|npu_system_0|npu_system_14|i70456~11561|dataf                           ;
;   13.837 ;   0.047 ; FF ; CELL   ; 1      ; MLABCELL_X88_Y148_N0 ; Low Power  ; System|npu_system_0|npu_system_14|i70456~11561|combout                         ;
;   13.843 ;   0.006 ; FF ; CELL   ; 1      ; MLABCELL_X88_Y148_N0 ; Low Power  ; System|npu_system_0|npu_system_14|i70456~11561~la_mlab/laboutt[0]              ;
;   13.995 ;   0.152 ; FF ; IC     ; 1      ; LABCELL_X89_Y148_N6  ; Low Power  ; System|npu_system_0|npu_system_14|i70456~11562|datab                           ;
;   14.249 ;   0.254 ; FF ; CELL   ; 1      ; LABCELL_X89_Y148_N6  ; Low Power  ; System|npu_system_0|npu_system_14|i70456~11562|combout                         ;
;   14.254 ;   0.005 ; FF ; CELL   ; 1      ; LABCELL_X89_Y148_N6  ; Low Power  ; System|npu_system_0|npu_system_14|i70456~11562~la_lab/laboutt[5]               ;
;   16.236 ;   1.982 ; FF ; IC     ; 1      ; LABCELL_X77_Y125_N36 ; Mixed      ; System|npu_system_0|npu_system_14|i70456~11648|datac                           ;
;   16.391 ;   0.155 ; FF ; CELL   ; 1      ; LABCELL_X77_Y125_N36 ; High Speed ; System|npu_system_0|npu_system_14|i70456~11648|combout                         ;
;   16.391 ;   0.000 ; FF ; CELL   ; 1      ; FF_X77_Y125_N37      ; High Speed ; System|npu_system_0|npu_system_14|out_data_reg[19]~LRTM_8|d                    ;
;   16.391 ;   0.000 ; FF ; CELL   ; 1      ; FF_X77_Y125_N37      ; High Speed ; System|npu_system_0|npu_system_14|out_data_reg[19]~LRTM_8                      ;
+----------+---------+----+--------+--------+----------------------+------------+--------------------------------------------------------------------------------+

+----------------------------------------------------------------------------------------------------------------------------------------------+
; Data Required Path                                                                                                                           ;
+----------+---------+----+--------+--------+---------------------+------------+---------------------------------------------------------------+
; Total    ; Incr    ; RF ; Type   ; Fanout ; Location            ; HS/LP      ; Element                                                       ;
+----------+---------+----+--------+--------+---------------------+------------+---------------------------------------------------------------+
; 20.000   ; 20.000  ;    ;        ;        ;                     ;            ; latch edge time                                               ;
; 20.000   ; 0.000   ;    ; borrow ;        ;                     ;            ; time borrowed                                                 ;
; 24.525   ; 4.525   ;    ;        ;        ;                     ;            ; clock path                                                    ;
;   20.000 ;   0.000 ;    ;        ;        ;                     ;            ; source latency                                                ;
;   20.000 ;   0.000 ;    ;        ; 1      ; PIN_AM10            ;            ; CLK_50                                                        ;
;   20.000 ;   0.000 ; RR ; IC     ; 1      ; IOIBUF_X148_Y16_N32 ;            ; CLK_50~input|i                                                ;
;   20.547 ;   0.547 ; RR ; CELL   ; 1      ; IOIBUF_X148_Y16_N32 ;            ; CLK_50~input|o                                                ;
;   20.676 ;   0.129 ; RR ; CELL   ; 1      ; IOIBUF_X148_Y16_N32 ;            ; CLK_50~input~io_48_lvds_tile_edge/ioclkin[0]                  ;
;   20.676 ;   0.000 ; RR ; IC     ; 2      ; CLKCTRL_3A_G_I20    ;            ; CLK_50~inputCLKENA0|inclk                                     ;
;   21.116 ;   0.440 ; RR ; CELL   ; 181963 ; CLKCTRL_3A_G_I20    ;            ; CLK_50~inputCLKENA0|outclk                                    ;
;   24.273 ;   3.157 ; RR ; IC     ; 1      ; FF_X77_Y125_N37     ; High Speed ; System|npu_system_0|npu_system_14|out_data_reg[19]~LRTM_8|clk ;
;   24.273 ;   0.000 ; RR ; CELL   ; 1      ; FF_X77_Y125_N37     ; High Speed ; System|npu_system_0|npu_system_14|out_data_reg[19]~LRTM_8     ;
;   24.525 ;   0.252 ;    ;        ;        ;                     ;            ; clock pessimism removed                                       ;
; 24.495   ; -0.030  ;    ;        ;        ;                     ;            ; clock uncertainty                                             ;
; 24.763   ; 0.268   ;    ; uTsu   ; 1      ; FF_X77_Y125_N37     ;            ; System|npu_system_0|npu_system_14|out_data_reg[19]~LRTM_8     ;
+----------+---------+----+--------+--------+---------------------+------------+---------------------------------------------------------------+



Path #7: Setup slack is 8.405 
===============================================================================
+------------------------------------------------------------------------------------------------+
; Path Summary                                                                                   ;
+---------------------------------+--------------------------------------------------------------+
; Property                        ; Value                                                        ;
+---------------------------------+--------------------------------------------------------------+
; From Node                       ; System|npu_system_0|npu_system_14|w_row_idx[2]~_Duplicate_10 ;
; To Node                         ; System|npu_system_0|npu_system_14|out_data_reg[19]~LRTM_8    ;
; Launch Clock                    ; CLK_50                                                       ;
; Latch Clock                     ; CLK_50                                                       ;
; SDC Exception                   ; No SDC Exception on Path                                     ;
; Data Arrival Time               ; 16.358                                                       ;
; Data Required Time              ; 24.763                                                       ;
; Slack                           ; 8.405                                                        ;
; Worst-Case Operating Conditions ; Slow 900mV 100C Model                                        ;
+---------------------------------+--------------------------------------------------------------+

+------------------------------------------------------------------------------------+
; Statistics                                                                         ;
+------------------------+--------+-------+-------------+------------+-------+-------+
; Property               ; Value  ; Count ; Total Delay ; % of Total ; Min   ; Max   ;
+------------------------+--------+-------+-------------+------------+-------+-------+
; Setup Relationship     ; 20.000 ;       ;             ;            ;       ;       ;
; Clock Skew             ; -0.217 ;       ;             ;            ;       ;       ;
; Data Delay             ; 11.616 ;       ;             ;            ;       ;       ;
; Number of Logic Levels ;        ; 5     ;             ;            ;       ;       ;
; Physical Delays        ;        ;       ;             ;            ;       ;       ;
;  Arrival Path          ;        ;       ;             ;            ;       ;       ;
;   Clock                ;        ;       ;             ;            ;       ;       ;
;    IC                  ;        ; 3     ; 3.518       ; 74         ; 0.000 ; 3.518 ;
;    Cell                ;        ; 4     ; 1.224       ; 26         ; 0.000 ; 0.547 ;
;   Data                 ;        ;       ;             ;            ;       ;       ;
;    IC                  ;        ; 5     ; 10.544      ; 91         ; 0.999 ; 3.606 ;
;    Cell                ;        ; 12    ; 0.822       ; 7          ; 0.000 ; 0.213 ;
;    uTco                ;        ; 1     ; 0.250       ; 2          ; 0.250 ; 0.250 ;
;  Required Path         ;        ;       ;             ;            ;       ;       ;
;   Clock                ;        ;       ;             ;            ;       ;       ;
;    IC                  ;        ; 3     ; 3.157       ; 74         ; 0.000 ; 3.157 ;
;    Cell                ;        ; 4     ; 1.116       ; 26         ; 0.000 ; 0.547 ;
+------------------------+--------+-------+-------------+------------+-------+-------+
Note: Negative delays are omitted from totals when calculating percentages

+-----------------------------------------------------------------------------------------------------------------------------------------------------------------+
; Data Arrival Path                                                                                                                                               ;
+----------+---------+----+--------+--------+-----------------------+------------+--------------------------------------------------------------------------------+
; Total    ; Incr    ; RF ; Type   ; Fanout ; Location              ; HS/LP      ; Element                                                                        ;
+----------+---------+----+--------+--------+-----------------------+------------+--------------------------------------------------------------------------------+
; 0.000    ; 0.000   ;    ;        ;        ;                       ;            ; launch edge time                                                               ;
; 0.000    ; 0.000   ;    ; borrow ;        ;                       ;            ; time borrowed                                                                  ;
; 4.742    ; 4.742   ;    ;        ;        ;                       ;            ; clock path                                                                     ;
;   0.000  ;   0.000 ;    ;        ;        ;                       ;            ; source latency                                                                 ;
;   0.000  ;   0.000 ;    ;        ; 1      ; PIN_AM10              ;            ; CLK_50                                                                         ;
;   0.000  ;   0.000 ; RR ; IC     ; 1      ; IOIBUF_X148_Y16_N32   ;            ; CLK_50~input|i                                                                 ;
;   0.547  ;   0.547 ; RR ; CELL   ; 1      ; IOIBUF_X148_Y16_N32   ;            ; CLK_50~input|o                                                                 ;
;   0.706  ;   0.159 ; RR ; CELL   ; 1      ; IOIBUF_X148_Y16_N32   ;            ; CLK_50~input~io_48_lvds_tile_edge/ioclkin[0]                                   ;
;   0.706  ;   0.000 ; RR ; IC     ; 2      ; CLKCTRL_3A_G_I20      ;            ; CLK_50~inputCLKENA0|inclk                                                      ;
;   1.224  ;   0.518 ; RR ; CELL   ; 181963 ; CLKCTRL_3A_G_I20      ;            ; CLK_50~inputCLKENA0|outclk                                                     ;
;   4.742  ;   3.518 ; RR ; IC     ; 1      ; FF_X87_Y149_N35       ; Low Power  ; System|npu_system_0|npu_system_14|w_row_idx[2]~_Duplicate_10|clk               ;
;   4.742  ;   0.000 ; RR ; CELL   ; 1      ; FF_X87_Y149_N35       ; Low Power  ; System|npu_system_0|npu_system_14|w_row_idx[2]~_Duplicate_10                   ;
; 16.358   ; 11.616  ;    ;        ;        ;                       ;            ; data path                                                                      ;
;   4.992  ;   0.250 ; RR ; uTco   ; 1      ; FF_X87_Y149_N35       ;            ; System|npu_system_0|npu_system_14|w_row_idx[2]~_Duplicate_10|q                 ;
;   5.205  ;   0.213 ; RR ; CELL   ; 1160   ; FF_X87_Y149_N35       ; Low Power  ; System|npu_system_0|npu_system_14|w_row_idx[2]~_Duplicate_10~la_lab/laboutb[3] ;
;   8.084  ;   2.879 ; RR ; IC     ; 1      ; MLABCELL_X60_Y179_N39 ; Mixed      ; System|npu_system_0|npu_system_14|i70456~11517|datae                           ;
;   8.185  ;   0.101 ; RF ; CELL   ; 1      ; MLABCELL_X60_Y179_N39 ; High Speed ; System|npu_system_0|npu_system_14|i70456~11517|combout                         ;
;   8.191  ;   0.006 ; FF ; CELL   ; 1      ; MLABCELL_X60_Y179_N39 ; High Speed ; System|npu_system_0|npu_system_14|i70456~11517~la_mlab/laboutb[7]              ;
;   11.797 ;   3.606 ; FF ; IC     ; 1      ; LABCELL_X104_Y167_N0  ; Mixed      ; System|npu_system_0|npu_system_14|i70456~11518|datae                           ;
;   11.914 ;   0.117 ; FF ; CELL   ; 1      ; LABCELL_X104_Y167_N0  ; High Speed ; System|npu_system_0|npu_system_14|i70456~11518|combout                         ;
;   11.919 ;   0.005 ; FF ; CELL   ; 1      ; LABCELL_X104_Y167_N0  ; High Speed ; System|npu_system_0|npu_system_14|i70456~11518~la_lab/laboutt[1]               ;
;   12.997 ;   1.078 ; FF ; IC     ; 1      ; LABCELL_X103_Y148_N42 ; Mixed      ; System|npu_system_0|npu_system_14|i70456~11519|datad                           ;
;   13.164 ;   0.167 ; FF ; CELL   ; 1      ; LABCELL_X103_Y148_N42 ; Low Power  ; System|npu_system_0|npu_system_14|i70456~11519|combout                         ;
;   13.169 ;   0.005 ; FF ; CELL   ; 1      ; LABCELL_X103_Y148_N42 ; Low Power  ; System|npu_system_0|npu_system_14|i70456~11519~la_lab/laboutb[9]               ;
;   14.168 ;   0.999 ; FF ; IC     ; 1      ; LABCELL_X89_Y148_N6   ; Mixed      ; System|npu_system_0|npu_system_14|i70456~11562|dataf                           ;
;   14.216 ;   0.048 ; FF ; CELL   ; 1      ; LABCELL_X89_Y148_N6   ; Low Power  ; System|npu_system_0|npu_system_14|i70456~11562|combout                         ;
;   14.221 ;   0.005 ; FF ; CELL   ; 1      ; LABCELL_X89_Y148_N6   ; Low Power  ; System|npu_system_0|npu_system_14|i70456~11562~la_lab/laboutt[5]               ;
;   16.203 ;   1.982 ; FF ; IC     ; 1      ; LABCELL_X77_Y125_N36  ; Mixed      ; System|npu_system_0|npu_system_14|i70456~11648|datac                           ;
;   16.358 ;   0.155 ; FF ; CELL   ; 1      ; LABCELL_X77_Y125_N36  ; High Speed ; System|npu_system_0|npu_system_14|i70456~11648|combout                         ;
;   16.358 ;   0.000 ; FF ; CELL   ; 1      ; FF_X77_Y125_N37       ; High Speed ; System|npu_system_0|npu_system_14|out_data_reg[19]~LRTM_8|d                    ;
;   16.358 ;   0.000 ; FF ; CELL   ; 1      ; FF_X77_Y125_N37       ; High Speed ; System|npu_system_0|npu_system_14|out_data_reg[19]~LRTM_8                      ;
+----------+---------+----+--------+--------+-----------------------+------------+--------------------------------------------------------------------------------+

+----------------------------------------------------------------------------------------------------------------------------------------------+
; Data Required Path                                                                                                                           ;
+----------+---------+----+--------+--------+---------------------+------------+---------------------------------------------------------------+
; Total    ; Incr    ; RF ; Type   ; Fanout ; Location            ; HS/LP      ; Element                                                       ;
+----------+---------+----+--------+--------+---------------------+------------+---------------------------------------------------------------+
; 20.000   ; 20.000  ;    ;        ;        ;                     ;            ; latch edge time                                               ;
; 20.000   ; 0.000   ;    ; borrow ;        ;                     ;            ; time borrowed                                                 ;
; 24.525   ; 4.525   ;    ;        ;        ;                     ;            ; clock path                                                    ;
;   20.000 ;   0.000 ;    ;        ;        ;                     ;            ; source latency                                                ;
;   20.000 ;   0.000 ;    ;        ; 1      ; PIN_AM10            ;            ; CLK_50                                                        ;
;   20.000 ;   0.000 ; RR ; IC     ; 1      ; IOIBUF_X148_Y16_N32 ;            ; CLK_50~input|i                                                ;
;   20.547 ;   0.547 ; RR ; CELL   ; 1      ; IOIBUF_X148_Y16_N32 ;            ; CLK_50~input|o                                                ;
;   20.676 ;   0.129 ; RR ; CELL   ; 1      ; IOIBUF_X148_Y16_N32 ;            ; CLK_50~input~io_48_lvds_tile_edge/ioclkin[0]                  ;
;   20.676 ;   0.000 ; RR ; IC     ; 2      ; CLKCTRL_3A_G_I20    ;            ; CLK_50~inputCLKENA0|inclk                                     ;
;   21.116 ;   0.440 ; RR ; CELL   ; 181963 ; CLKCTRL_3A_G_I20    ;            ; CLK_50~inputCLKENA0|outclk                                    ;
;   24.273 ;   3.157 ; RR ; IC     ; 1      ; FF_X77_Y125_N37     ; High Speed ; System|npu_system_0|npu_system_14|out_data_reg[19]~LRTM_8|clk ;
;   24.273 ;   0.000 ; RR ; CELL   ; 1      ; FF_X77_Y125_N37     ; High Speed ; System|npu_system_0|npu_system_14|out_data_reg[19]~LRTM_8     ;
;   24.525 ;   0.252 ;    ;        ;        ;                     ;            ; clock pessimism removed                                       ;
; 24.495   ; -0.030  ;    ;        ;        ;                     ;            ; clock uncertainty                                             ;
; 24.763   ; 0.268   ;    ; uTsu   ; 1      ; FF_X77_Y125_N37     ;            ; System|npu_system_0|npu_system_14|out_data_reg[19]~LRTM_8     ;
+----------+---------+----+--------+--------+---------------------+------------+---------------------------------------------------------------+



Path #8: Setup slack is 8.503 
===============================================================================
+------------------------------------------------------------------------------------------------+
; Path Summary                                                                                   ;
+---------------------------------+--------------------------------------------------------------+
; Property                        ; Value                                                        ;
+---------------------------------+--------------------------------------------------------------+
; From Node                       ; System|npu_system_0|npu_system_14|w_row_idx[2]~_Duplicate_10 ;
; To Node                         ; System|npu_system_0|npu_system_14|out_data_reg[5]~LRTM_16    ;
; Launch Clock                    ; CLK_50                                                       ;
; Latch Clock                     ; CLK_50                                                       ;
; SDC Exception                   ; No SDC Exception on Path                                     ;
; Data Arrival Time               ; 16.266                                                       ;
; Data Required Time              ; 24.769                                                       ;
; Slack                           ; 8.503                                                        ;
; Worst-Case Operating Conditions ; Slow 900mV 100C Model                                        ;
+---------------------------------+--------------------------------------------------------------+

+------------------------------------------------------------------------------------+
; Statistics                                                                         ;
+------------------------+--------+-------+-------------+------------+-------+-------+
; Property               ; Value  ; Count ; Total Delay ; % of Total ; Min   ; Max   ;
+------------------------+--------+-------+-------------+------------+-------+-------+
; Setup Relationship     ; 20.000 ;       ;             ;            ;       ;       ;
; Clock Skew             ; -0.211 ;       ;             ;            ;       ;       ;
; Data Delay             ; 11.524 ;       ;             ;            ;       ;       ;
; Number of Logic Levels ;        ; 5     ;             ;            ;       ;       ;
; Physical Delays        ;        ;       ;             ;            ;       ;       ;
;  Arrival Path          ;        ;       ;             ;            ;       ;       ;
;   Clock                ;        ;       ;             ;            ;       ;       ;
;    IC                  ;        ; 3     ; 3.518       ; 74         ; 0.000 ; 3.518 ;
;    Cell                ;        ; 4     ; 1.224       ; 26         ; 0.000 ; 0.547 ;
;   Data                 ;        ;       ;             ;            ;       ;       ;
;    IC                  ;        ; 5     ; 10.039      ; 87         ; 0.180 ; 3.230 ;
;    Cell                ;        ; 12    ; 1.235       ; 11         ; 0.000 ; 0.253 ;
;    uTco                ;        ; 1     ; 0.250       ; 2          ; 0.250 ; 0.250 ;
;  Required Path         ;        ;       ;             ;            ;       ;       ;
;   Clock                ;        ;       ;             ;            ;       ;       ;
;    IC                  ;        ; 3     ; 3.163       ; 74         ; 0.000 ; 3.163 ;
;    Cell                ;        ; 4     ; 1.116       ; 26         ; 0.000 ; 0.547 ;
+------------------------+--------+-------+-------------+------------+-------+-------+
Note: Negative delays are omitted from totals when calculating percentages

+-----------------------------------------------------------------------------------------------------------------------------------------------------------------+
; Data Arrival Path                                                                                                                                               ;
+----------+---------+----+--------+--------+-----------------------+------------+--------------------------------------------------------------------------------+
; Total    ; Incr    ; RF ; Type   ; Fanout ; Location              ; HS/LP      ; Element                                                                        ;
+----------+---------+----+--------+--------+-----------------------+------------+--------------------------------------------------------------------------------+
; 0.000    ; 0.000   ;    ;        ;        ;                       ;            ; launch edge time                                                               ;
; 0.000    ; 0.000   ;    ; borrow ;        ;                       ;            ; time borrowed                                                                  ;
; 4.742    ; 4.742   ;    ;        ;        ;                       ;            ; clock path                                                                     ;
;   0.000  ;   0.000 ;    ;        ;        ;                       ;            ; source latency                                                                 ;
;   0.000  ;   0.000 ;    ;        ; 1      ; PIN_AM10              ;            ; CLK_50                                                                         ;
;   0.000  ;   0.000 ; RR ; IC     ; 1      ; IOIBUF_X148_Y16_N32   ;            ; CLK_50~input|i                                                                 ;
;   0.547  ;   0.547 ; RR ; CELL   ; 1      ; IOIBUF_X148_Y16_N32   ;            ; CLK_50~input|o                                                                 ;
;   0.706  ;   0.159 ; RR ; CELL   ; 1      ; IOIBUF_X148_Y16_N32   ;            ; CLK_50~input~io_48_lvds_tile_edge/ioclkin[0]                                   ;
;   0.706  ;   0.000 ; RR ; IC     ; 2      ; CLKCTRL_3A_G_I20      ;            ; CLK_50~inputCLKENA0|inclk                                                      ;
;   1.224  ;   0.518 ; RR ; CELL   ; 181963 ; CLKCTRL_3A_G_I20      ;            ; CLK_50~inputCLKENA0|outclk                                                     ;
;   4.742  ;   3.518 ; RR ; IC     ; 1      ; FF_X87_Y149_N35       ; Low Power  ; System|npu_system_0|npu_system_14|w_row_idx[2]~_Duplicate_10|clk               ;
;   4.742  ;   0.000 ; RR ; CELL   ; 1      ; FF_X87_Y149_N35       ; Low Power  ; System|npu_system_0|npu_system_14|w_row_idx[2]~_Duplicate_10                   ;
; 16.266   ; 11.524  ;    ;        ;        ;                       ;            ; data path                                                                      ;
;   4.992  ;   0.250 ; RR ; uTco   ; 1      ; FF_X87_Y149_N35       ;            ; System|npu_system_0|npu_system_14|w_row_idx[2]~_Duplicate_10|q                 ;
;   5.205  ;   0.213 ; RR ; CELL   ; 1160   ; FF_X87_Y149_N35       ; Low Power  ; System|npu_system_0|npu_system_14|w_row_idx[2]~_Duplicate_10~la_lab/laboutb[3] ;
;   8.435  ;   3.230 ; RR ; IC     ; 1      ; MLABCELL_X55_Y168_N30 ; Mixed      ; System|npu_system_0|npu_system_14|i70456~2438|datac                            ;
;   8.611  ;   0.176 ; RF ; CELL   ; 1      ; MLABCELL_X55_Y168_N30 ; Low Power  ; System|npu_system_0|npu_system_14|i70456~2438|combout                          ;
;   8.617  ;   0.006 ; FF ; CELL   ; 1      ; MLABCELL_X55_Y168_N30 ; Low Power  ; System|npu_system_0|npu_system_14|i70456~2438~la_mlab/laboutb[0]               ;
;   11.592 ;   2.975 ; FF ; IC     ; 1      ; LABCELL_X87_Y157_N48  ; Mixed      ; System|npu_system_0|npu_system_14|i70456~2439|dataa                            ;
;   11.817 ;   0.225 ; FF ; CELL   ; 1      ; LABCELL_X87_Y157_N48  ; High Speed ; System|npu_system_0|npu_system_14|i70456~2439|combout                          ;
;   11.821 ;   0.004 ; FF ; CELL   ; 1      ; LABCELL_X87_Y157_N48  ; High Speed ; System|npu_system_0|npu_system_14|i70456~2439~la_lab/laboutb[12]               ;
;   12.525 ;   0.704 ; FF ; IC     ; 1      ; MLABCELL_X86_Y149_N12 ; Mixed      ; System|npu_system_0|npu_system_14|i70456~2440|datad                            ;
;   12.716 ;   0.191 ; FF ; CELL   ; 1      ; MLABCELL_X86_Y149_N12 ; Low Power  ; System|npu_system_0|npu_system_14|i70456~2440|combout                          ;
;   12.722 ;   0.006 ; FF ; CELL   ; 1      ; MLABCELL_X86_Y149_N12 ; Low Power  ; System|npu_system_0|npu_system_14|i70456~2440~la_mlab/laboutt[9]               ;
;   12.902 ;   0.180 ; FF ; IC     ; 1      ; MLABCELL_X86_Y149_N42 ; Low Power  ; System|npu_system_0|npu_system_14|i70456~2462|dataa                            ;
;   13.155 ;   0.253 ; FF ; CELL   ; 1      ; MLABCELL_X86_Y149_N42 ; Low Power  ; System|npu_system_0|npu_system_14|i70456~2462|combout                          ;
;   13.161 ;   0.006 ; FF ; CELL   ; 1      ; MLABCELL_X86_Y149_N42 ; Low Power  ; System|npu_system_0|npu_system_14|i70456~2462~la_mlab/laboutb[9]               ;
;   16.111 ;   2.950 ; FF ; IC     ; 1      ; LABCELL_X77_Y124_N9   ; Mixed      ; System|npu_system_0|npu_system_14|i70456~2548|datae                            ;
;   16.266 ;   0.155 ; FF ; CELL   ; 1      ; LABCELL_X77_Y124_N9   ; High Speed ; System|npu_system_0|npu_system_14|i70456~2548|combout                          ;
;   16.266 ;   0.000 ; FF ; CELL   ; 1      ; FF_X77_Y124_N10       ; High Speed ; System|npu_system_0|npu_system_14|out_data_reg[5]~LRTM_16|d                    ;
;   16.266 ;   0.000 ; FF ; CELL   ; 1      ; FF_X77_Y124_N10       ; High Speed ; System|npu_system_0|npu_system_14|out_data_reg[5]~LRTM_16                      ;
+----------+---------+----+--------+--------+-----------------------+------------+--------------------------------------------------------------------------------+

+----------------------------------------------------------------------------------------------------------------------------------------------+
; Data Required Path                                                                                                                           ;
+----------+---------+----+--------+--------+---------------------+------------+---------------------------------------------------------------+
; Total    ; Incr    ; RF ; Type   ; Fanout ; Location            ; HS/LP      ; Element                                                       ;
+----------+---------+----+--------+--------+---------------------+------------+---------------------------------------------------------------+
; 20.000   ; 20.000  ;    ;        ;        ;                     ;            ; latch edge time                                               ;
; 20.000   ; 0.000   ;    ; borrow ;        ;                     ;            ; time borrowed                                                 ;
; 24.531   ; 4.531   ;    ;        ;        ;                     ;            ; clock path                                                    ;
;   20.000 ;   0.000 ;    ;        ;        ;                     ;            ; source latency                                                ;
;   20.000 ;   0.000 ;    ;        ; 1      ; PIN_AM10            ;            ; CLK_50                                                        ;
;   20.000 ;   0.000 ; RR ; IC     ; 1      ; IOIBUF_X148_Y16_N32 ;            ; CLK_50~input|i                                                ;
;   20.547 ;   0.547 ; RR ; CELL   ; 1      ; IOIBUF_X148_Y16_N32 ;            ; CLK_50~input|o                                                ;
;   20.676 ;   0.129 ; RR ; CELL   ; 1      ; IOIBUF_X148_Y16_N32 ;            ; CLK_50~input~io_48_lvds_tile_edge/ioclkin[0]                  ;
;   20.676 ;   0.000 ; RR ; IC     ; 2      ; CLKCTRL_3A_G_I20    ;            ; CLK_50~inputCLKENA0|inclk                                     ;
;   21.116 ;   0.440 ; RR ; CELL   ; 181963 ; CLKCTRL_3A_G_I20    ;            ; CLK_50~inputCLKENA0|outclk                                    ;
;   24.279 ;   3.163 ; RR ; IC     ; 1      ; FF_X77_Y124_N10     ; High Speed ; System|npu_system_0|npu_system_14|out_data_reg[5]~LRTM_16|clk ;
;   24.279 ;   0.000 ; RR ; CELL   ; 1      ; FF_X77_Y124_N10     ; High Speed ; System|npu_system_0|npu_system_14|out_data_reg[5]~LRTM_16     ;
;   24.531 ;   0.252 ;    ;        ;        ;                     ;            ; clock pessimism removed                                       ;
; 24.501   ; -0.030  ;    ;        ;        ;                     ;            ; clock uncertainty                                             ;
; 24.769   ; 0.268   ;    ; uTsu   ; 1      ; FF_X77_Y124_N10     ;            ; System|npu_system_0|npu_system_14|out_data_reg[5]~LRTM_16     ;
+----------+---------+----+--------+--------+---------------------+------------+---------------------------------------------------------------+



Path #9: Setup slack is 8.556 
===============================================================================
+------------------------------------------------------------------------------------------------+
; Path Summary                                                                                   ;
+---------------------------------+--------------------------------------------------------------+
; Property                        ; Value                                                        ;
+---------------------------------+--------------------------------------------------------------+
; From Node                       ; System|npu_system_0|npu_system_14|w_row_idx[2]~_Duplicate_10 ;
; To Node                         ; System|npu_system_0|npu_system_14|out_data_reg[5]~LRTM_16    ;
; Launch Clock                    ; CLK_50                                                       ;
; Latch Clock                     ; CLK_50                                                       ;
; SDC Exception                   ; No SDC Exception on Path                                     ;
; Data Arrival Time               ; 16.213                                                       ;
; Data Required Time              ; 24.769                                                       ;
; Slack                           ; 8.556                                                        ;
; Worst-Case Operating Conditions ; Slow 900mV 100C Model                                        ;
+---------------------------------+--------------------------------------------------------------+

+------------------------------------------------------------------------------------+
; Statistics                                                                         ;
+------------------------+--------+-------+-------------+------------+-------+-------+
; Property               ; Value  ; Count ; Total Delay ; % of Total ; Min   ; Max   ;
+------------------------+--------+-------+-------------+------------+-------+-------+
; Setup Relationship     ; 20.000 ;       ;             ;            ;       ;       ;
; Clock Skew             ; -0.211 ;       ;             ;            ;       ;       ;
; Data Delay             ; 11.471 ;       ;             ;            ;       ;       ;
; Number of Logic Levels ;        ; 5     ;             ;            ;       ;       ;
; Physical Delays        ;        ;       ;             ;            ;       ;       ;
;  Arrival Path          ;        ;       ;             ;            ;       ;       ;
;   Clock                ;        ;       ;             ;            ;       ;       ;
;    IC                  ;        ; 3     ; 3.518       ; 74         ; 0.000 ; 3.518 ;
;    Cell                ;        ; 4     ; 1.224       ; 26         ; 0.000 ; 0.547 ;
;   Data                 ;        ;       ;             ;            ;       ;       ;
;    IC                  ;        ; 5     ; 10.229      ; 89         ; 0.564 ; 3.136 ;
;    Cell                ;        ; 12    ; 0.992       ; 9          ; 0.000 ; 0.257 ;
;    uTco                ;        ; 1     ; 0.250       ; 2          ; 0.250 ; 0.250 ;
;  Required Path         ;        ;       ;             ;            ;       ;       ;
;   Clock                ;        ;       ;             ;            ;       ;       ;
;    IC                  ;        ; 3     ; 3.163       ; 74         ; 0.000 ; 3.163 ;
;    Cell                ;        ; 4     ; 1.116       ; 26         ; 0.000 ; 0.547 ;
+------------------------+--------+-------+-------------+------------+-------+-------+
Note: Negative delays are omitted from totals when calculating percentages

+------------------------------------------------------------------------------------------------------------------------------------------------------------------+
; Data Arrival Path                                                                                                                                                ;
+----------+---------+----+--------+--------+------------------------+------------+--------------------------------------------------------------------------------+
; Total    ; Incr    ; RF ; Type   ; Fanout ; Location               ; HS/LP      ; Element                                                                        ;
+----------+---------+----+--------+--------+------------------------+------------+--------------------------------------------------------------------------------+
; 0.000    ; 0.000   ;    ;        ;        ;                        ;            ; launch edge time                                                               ;
; 0.000    ; 0.000   ;    ; borrow ;        ;                        ;            ; time borrowed                                                                  ;
; 4.742    ; 4.742   ;    ;        ;        ;                        ;            ; clock path                                                                     ;
;   0.000  ;   0.000 ;    ;        ;        ;                        ;            ; source latency                                                                 ;
;   0.000  ;   0.000 ;    ;        ; 1      ; PIN_AM10               ;            ; CLK_50                                                                         ;
;   0.000  ;   0.000 ; RR ; IC     ; 1      ; IOIBUF_X148_Y16_N32    ;            ; CLK_50~input|i                                                                 ;
;   0.547  ;   0.547 ; RR ; CELL   ; 1      ; IOIBUF_X148_Y16_N32    ;            ; CLK_50~input|o                                                                 ;
;   0.706  ;   0.159 ; RR ; CELL   ; 1      ; IOIBUF_X148_Y16_N32    ;            ; CLK_50~input~io_48_lvds_tile_edge/ioclkin[0]                                   ;
;   0.706  ;   0.000 ; RR ; IC     ; 2      ; CLKCTRL_3A_G_I20       ;            ; CLK_50~inputCLKENA0|inclk                                                      ;
;   1.224  ;   0.518 ; RR ; CELL   ; 181963 ; CLKCTRL_3A_G_I20       ;            ; CLK_50~inputCLKENA0|outclk                                                     ;
;   4.742  ;   3.518 ; RR ; IC     ; 1      ; FF_X87_Y149_N35        ; Low Power  ; System|npu_system_0|npu_system_14|w_row_idx[2]~_Duplicate_10|clk               ;
;   4.742  ;   0.000 ; RR ; CELL   ; 1      ; FF_X87_Y149_N35        ; Low Power  ; System|npu_system_0|npu_system_14|w_row_idx[2]~_Duplicate_10                   ;
; 16.213   ; 11.471  ;    ;        ;        ;                        ;            ; data path                                                                      ;
;   4.992  ;   0.250 ; RR ; uTco   ; 1      ; FF_X87_Y149_N35        ;            ; System|npu_system_0|npu_system_14|w_row_idx[2]~_Duplicate_10|q                 ;
;   5.205  ;   0.213 ; RR ; CELL   ; 1160   ; FF_X87_Y149_N35        ; Low Power  ; System|npu_system_0|npu_system_14|w_row_idx[2]~_Duplicate_10~la_lab/laboutb[3] ;
;   8.341  ;   3.136 ; RR ; IC     ; 1      ; MLABCELL_X125_Y164_N18 ; Mixed      ; System|npu_system_0|npu_system_14|i70456~2402|datae                            ;
;   8.486  ;   0.145 ; RF ; CELL   ; 1      ; MLABCELL_X125_Y164_N18 ; High Speed ; System|npu_system_0|npu_system_14|i70456~2402|combout                          ;
;   8.492  ;   0.006 ; FF ; CELL   ; 1      ; MLABCELL_X125_Y164_N18 ; High Speed ; System|npu_system_0|npu_system_14|i70456~2402~la_mlab/laboutt[12]              ;
;   10.107 ;   1.615 ; FF ; IC     ; 1      ; LABCELL_X120_Y150_N6   ; Mixed      ; System|npu_system_0|npu_system_14|i70456~2403|datac                            ;
;   10.261 ;   0.154 ; FF ; CELL   ; 1      ; LABCELL_X120_Y150_N6   ; High Speed ; System|npu_system_0|npu_system_14|i70456~2403|combout                          ;
;   10.266 ;   0.005 ; FF ; CELL   ; 1      ; LABCELL_X120_Y150_N6   ; High Speed ; System|npu_system_0|npu_system_14|i70456~2403~la_lab/laboutt[5]                ;
;   12.230 ;   1.964 ; FF ; IC     ; 1      ; LABCELL_X89_Y156_N6    ; Mixed      ; System|npu_system_0|npu_system_14|i70456~2419|dataa                            ;
;   12.487 ;   0.257 ; FF ; CELL   ; 1      ; LABCELL_X89_Y156_N6    ; Low Power  ; System|npu_system_0|npu_system_14|i70456~2419|combout                          ;
;   12.492 ;   0.005 ; FF ; CELL   ; 1      ; LABCELL_X89_Y156_N6    ; Low Power  ; System|npu_system_0|npu_system_14|i70456~2419~la_lab/laboutt[5]                ;
;   13.056 ;   0.564 ; FF ; IC     ; 1      ; MLABCELL_X86_Y149_N42  ; Low Power  ; System|npu_system_0|npu_system_14|i70456~2462|dataf                            ;
;   13.102 ;   0.046 ; FF ; CELL   ; 1      ; MLABCELL_X86_Y149_N42  ; Low Power  ; System|npu_system_0|npu_system_14|i70456~2462|combout                          ;
;   13.108 ;   0.006 ; FF ; CELL   ; 1      ; MLABCELL_X86_Y149_N42  ; Low Power  ; System|npu_system_0|npu_system_14|i70456~2462~la_mlab/laboutb[9]               ;
;   16.058 ;   2.950 ; FF ; IC     ; 1      ; LABCELL_X77_Y124_N9    ; Mixed      ; System|npu_system_0|npu_system_14|i70456~2548|datae                            ;
;   16.213 ;   0.155 ; FF ; CELL   ; 1      ; LABCELL_X77_Y124_N9    ; High Speed ; System|npu_system_0|npu_system_14|i70456~2548|combout                          ;
;   16.213 ;   0.000 ; FF ; CELL   ; 1      ; FF_X77_Y124_N10        ; High Speed ; System|npu_system_0|npu_system_14|out_data_reg[5]~LRTM_16|d                    ;
;   16.213 ;   0.000 ; FF ; CELL   ; 1      ; FF_X77_Y124_N10        ; High Speed ; System|npu_system_0|npu_system_14|out_data_reg[5]~LRTM_16                      ;
+----------+---------+----+--------+--------+------------------------+------------+--------------------------------------------------------------------------------+

+----------------------------------------------------------------------------------------------------------------------------------------------+
; Data Required Path                                                                                                                           ;
+----------+---------+----+--------+--------+---------------------+------------+---------------------------------------------------------------+
; Total    ; Incr    ; RF ; Type   ; Fanout ; Location            ; HS/LP      ; Element                                                       ;
+----------+---------+----+--------+--------+---------------------+------------+---------------------------------------------------------------+
; 20.000   ; 20.000  ;    ;        ;        ;                     ;            ; latch edge time                                               ;
; 20.000   ; 0.000   ;    ; borrow ;        ;                     ;            ; time borrowed                                                 ;
; 24.531   ; 4.531   ;    ;        ;        ;                     ;            ; clock path                                                    ;
;   20.000 ;   0.000 ;    ;        ;        ;                     ;            ; source latency                                                ;
;   20.000 ;   0.000 ;    ;        ; 1      ; PIN_AM10            ;            ; CLK_50                                                        ;
;   20.000 ;   0.000 ; RR ; IC     ; 1      ; IOIBUF_X148_Y16_N32 ;            ; CLK_50~input|i                                                ;
;   20.547 ;   0.547 ; RR ; CELL   ; 1      ; IOIBUF_X148_Y16_N32 ;            ; CLK_50~input|o                                                ;
;   20.676 ;   0.129 ; RR ; CELL   ; 1      ; IOIBUF_X148_Y16_N32 ;            ; CLK_50~input~io_48_lvds_tile_edge/ioclkin[0]                  ;
;   20.676 ;   0.000 ; RR ; IC     ; 2      ; CLKCTRL_3A_G_I20    ;            ; CLK_50~inputCLKENA0|inclk                                     ;
;   21.116 ;   0.440 ; RR ; CELL   ; 181963 ; CLKCTRL_3A_G_I20    ;            ; CLK_50~inputCLKENA0|outclk                                    ;
;   24.279 ;   3.163 ; RR ; IC     ; 1      ; FF_X77_Y124_N10     ; High Speed ; System|npu_system_0|npu_system_14|out_data_reg[5]~LRTM_16|clk ;
;   24.279 ;   0.000 ; RR ; CELL   ; 1      ; FF_X77_Y124_N10     ; High Speed ; System|npu_system_0|npu_system_14|out_data_reg[5]~LRTM_16     ;
;   24.531 ;   0.252 ;    ;        ;        ;                     ;            ; clock pessimism removed                                       ;
; 24.501   ; -0.030  ;    ;        ;        ;                     ;            ; clock uncertainty                                             ;
; 24.769   ; 0.268   ;    ; uTsu   ; 1      ; FF_X77_Y124_N10     ;            ; System|npu_system_0|npu_system_14|out_data_reg[5]~LRTM_16     ;
+----------+---------+----+--------+--------+---------------------+------------+---------------------------------------------------------------+



Path #10: Setup slack is 8.648 
===============================================================================
+---------------------------------------------------------------------------------------------+
; Path Summary                                                                                ;
+---------------------------------+-----------------------------------------------------------+
; Property                        ; Value                                                     ;
+---------------------------------+-----------------------------------------------------------+
; From Node                       ; System|npu_system_0|npu_system_14|w_row_idx[0]~_Duplicate ;
; To Node                         ; System|npu_system_0|npu_system_14|out_data_reg[2]~LRTM_18 ;
; Launch Clock                    ; CLK_50                                                    ;
; Latch Clock                     ; CLK_50                                                    ;
; SDC Exception                   ; No SDC Exception on Path                                  ;
; Data Arrival Time               ; 16.216                                                    ;
; Data Required Time              ; 24.864                                                    ;
; Slack                           ; 8.648                                                     ;
; Worst-Case Operating Conditions ; Slow 900mV 100C Model                                     ;
+---------------------------------+-----------------------------------------------------------+

+------------------------------------------------------------------------------------+
; Statistics                                                                         ;
+------------------------+--------+-------+-------------+------------+-------+-------+
; Property               ; Value  ; Count ; Total Delay ; % of Total ; Min   ; Max   ;
+------------------------+--------+-------+-------------+------------+-------+-------+
; Setup Relationship     ; 20.000 ;       ;             ;            ;       ;       ;
; Clock Skew             ; -0.047 ;       ;             ;            ;       ;       ;
; Data Delay             ; 11.556 ;       ;             ;            ;       ;       ;
; Number of Logic Levels ;        ; 5     ;             ;            ;       ;       ;
; Physical Delays        ;        ;       ;             ;            ;       ;       ;
;  Arrival Path          ;        ;       ;             ;            ;       ;       ;
;   Clock                ;        ;       ;             ;            ;       ;       ;
;    IC                  ;        ; 3     ; 3.436       ; 74         ; 0.000 ; 3.436 ;
;    Cell                ;        ; 4     ; 1.224       ; 26         ; 0.000 ; 0.547 ;
;   Data                 ;        ;       ;             ;            ;       ;       ;
;    IC                  ;        ; 5     ; 10.535      ; 91         ; 0.771 ; 3.792 ;
;    Cell                ;        ; 12    ; 0.805       ; 7          ; 0.000 ; 0.182 ;
;    uTco                ;        ; 1     ; 0.216       ; 2          ; 0.216 ; 0.216 ;
;  Required Path         ;        ;       ;             ;            ;       ;       ;
;   Clock                ;        ;       ;             ;            ;       ;       ;
;    IC                  ;        ; 3     ; 3.163       ; 74         ; 0.000 ; 3.163 ;
;    Cell                ;        ; 4     ; 1.116       ; 26         ; 0.000 ; 0.547 ;
+------------------------+--------+-------+-------------+------------+-------+-------+
Note: Negative delays are omitted from totals when calculating percentages

+---------------------------------------------------------------------------------------------------------------------------------------------------------------+
; Data Arrival Path                                                                                                                                             ;
+----------+---------+----+--------+--------+------------------------+------------+-----------------------------------------------------------------------------+
; Total    ; Incr    ; RF ; Type   ; Fanout ; Location               ; HS/LP      ; Element                                                                     ;
+----------+---------+----+--------+--------+------------------------+------------+-----------------------------------------------------------------------------+
; 0.000    ; 0.000   ;    ;        ;        ;                        ;            ; launch edge time                                                            ;
; 0.000    ; 0.000   ;    ; borrow ;        ;                        ;            ; time borrowed                                                               ;
; 4.660    ; 4.660   ;    ;        ;        ;                        ;            ; clock path                                                                  ;
;   0.000  ;   0.000 ;    ;        ;        ;                        ;            ; source latency                                                              ;
;   0.000  ;   0.000 ;    ;        ; 1      ; PIN_AM10               ;            ; CLK_50                                                                      ;
;   0.000  ;   0.000 ; RR ; IC     ; 1      ; IOIBUF_X148_Y16_N32    ;            ; CLK_50~input|i                                                              ;
;   0.547  ;   0.547 ; RR ; CELL   ; 1      ; IOIBUF_X148_Y16_N32    ;            ; CLK_50~input|o                                                              ;
;   0.706  ;   0.159 ; RR ; CELL   ; 1      ; IOIBUF_X148_Y16_N32    ;            ; CLK_50~input~io_48_lvds_tile_edge/ioclkin[0]                                ;
;   0.706  ;   0.000 ; RR ; IC     ; 2      ; CLKCTRL_3A_G_I20       ;            ; CLK_50~inputCLKENA0|inclk                                                   ;
;   1.224  ;   0.518 ; RR ; CELL   ; 181963 ; CLKCTRL_3A_G_I20       ;            ; CLK_50~inputCLKENA0|outclk                                                  ;
;   4.660  ;   3.436 ; RR ; IC     ; 1      ; FF_X73_Y130_N2         ; High Speed ; System|npu_system_0|npu_system_14|w_row_idx[0]~_Duplicate|clk               ;
;   4.660  ;   0.000 ; RR ; CELL   ; 1      ; FF_X73_Y130_N2         ; High Speed ; System|npu_system_0|npu_system_14|w_row_idx[0]~_Duplicate                   ;
; 16.216   ; 11.556  ;    ;        ;        ;                        ;            ; data path                                                                   ;
;   4.876  ;   0.216 ; FF ; uTco   ; 1      ; FF_X73_Y130_N2         ;            ; System|npu_system_0|npu_system_14|w_row_idx[0]~_Duplicate|q                 ;
;   4.951  ;   0.075 ; FF ; CELL   ; 1160   ; FF_X73_Y130_N2         ; High Speed ; System|npu_system_0|npu_system_14|w_row_idx[0]~_Duplicate~la_lab/laboutt[1] ;
;   8.743  ;   3.792 ; FF ; IC     ; 1      ; MLABCELL_X125_Y164_N30 ; Mixed      ; System|npu_system_0|npu_system_14|i70456~1310|datad                         ;
;   8.911  ;   0.168 ; FR ; CELL   ; 1      ; MLABCELL_X125_Y164_N30 ; High Speed ; System|npu_system_0|npu_system_14|i70456~1310|combout                       ;
;   8.917  ;   0.006 ; RR ; CELL   ; 1      ; MLABCELL_X125_Y164_N30 ; High Speed ; System|npu_system_0|npu_system_14|i70456~1310~la_mlab/laboutb[1]            ;
;   10.088 ;   1.171 ; RR ; IC     ; 1      ; LABCELL_X120_Y150_N0   ; High Speed ; System|npu_system_0|npu_system_14|i70456~1311|datae                         ;
;   10.225 ;   0.137 ; RR ; CELL   ; 1      ; LABCELL_X120_Y150_N0   ; High Speed ; System|npu_system_0|npu_system_14|i70456~1311|combout                       ;
;   10.229 ;   0.004 ; RR ; CELL   ; 1      ; LABCELL_X120_Y150_N0   ; High Speed ; System|npu_system_0|npu_system_14|i70456~1311~la_lab/laboutt[0]             ;
;   12.232 ;   2.003 ; RR ; IC     ; 1      ; LABCELL_X89_Y156_N12   ; Mixed      ; System|npu_system_0|npu_system_14|i70456~1327|datad                         ;
;   12.410 ;   0.178 ; RR ; CELL   ; 1      ; LABCELL_X89_Y156_N12   ; Low Power  ; System|npu_system_0|npu_system_14|i70456~1327|combout                       ;
;   12.415 ;   0.005 ; RR ; CELL   ; 1      ; LABCELL_X89_Y156_N12   ; Low Power  ; System|npu_system_0|npu_system_14|i70456~1327~la_lab/laboutt[9]             ;
;   13.186 ;   0.771 ; RR ; IC     ; 1      ; MLABCELL_X86_Y149_N24  ; Low Power  ; System|npu_system_0|npu_system_14|i70456~1370|datac                         ;
;   13.368 ;   0.182 ; RR ; CELL   ; 1      ; MLABCELL_X86_Y149_N24  ; Low Power  ; System|npu_system_0|npu_system_14|i70456~1370|combout                       ;
;   13.374 ;   0.006 ; RR ; CELL   ; 1      ; MLABCELL_X86_Y149_N24  ; Low Power  ; System|npu_system_0|npu_system_14|i70456~1370~la_mlab/laboutt[17]           ;
;   16.172 ;   2.798 ; RR ; IC     ; 1      ; LABCELL_X77_Y124_N18   ; Mixed      ; System|npu_system_0|npu_system_14|i70456~1456|dataf                         ;
;   16.216 ;   0.044 ; RR ; CELL   ; 1      ; LABCELL_X77_Y124_N18   ; High Speed ; System|npu_system_0|npu_system_14|i70456~1456|combout                       ;
;   16.216 ;   0.000 ; RR ; CELL   ; 1      ; FF_X77_Y124_N20        ; High Speed ; System|npu_system_0|npu_system_14|out_data_reg[2]~LRTM_18|d                 ;
;   16.216 ;   0.000 ; RR ; CELL   ; 1      ; FF_X77_Y124_N20        ; High Speed ; System|npu_system_0|npu_system_14|out_data_reg[2]~LRTM_18                   ;
+----------+---------+----+--------+--------+------------------------+------------+-----------------------------------------------------------------------------+

+----------------------------------------------------------------------------------------------------------------------------------------------+
; Data Required Path                                                                                                                           ;
+----------+---------+----+--------+--------+---------------------+------------+---------------------------------------------------------------+
; Total    ; Incr    ; RF ; Type   ; Fanout ; Location            ; HS/LP      ; Element                                                       ;
+----------+---------+----+--------+--------+---------------------+------------+---------------------------------------------------------------+
; 20.000   ; 20.000  ;    ;        ;        ;                     ;            ; latch edge time                                               ;
; 20.000   ; 0.000   ;    ; borrow ;        ;                     ;            ; time borrowed                                                 ;
; 24.613   ; 4.613   ;    ;        ;        ;                     ;            ; clock path                                                    ;
;   20.000 ;   0.000 ;    ;        ;        ;                     ;            ; source latency                                                ;
;   20.000 ;   0.000 ;    ;        ; 1      ; PIN_AM10            ;            ; CLK_50                                                        ;
;   20.000 ;   0.000 ; RR ; IC     ; 1      ; IOIBUF_X148_Y16_N32 ;            ; CLK_50~input|i                                                ;
;   20.547 ;   0.547 ; RR ; CELL   ; 1      ; IOIBUF_X148_Y16_N32 ;            ; CLK_50~input|o                                                ;
;   20.676 ;   0.129 ; RR ; CELL   ; 1      ; IOIBUF_X148_Y16_N32 ;            ; CLK_50~input~io_48_lvds_tile_edge/ioclkin[0]                  ;
;   20.676 ;   0.000 ; RR ; IC     ; 2      ; CLKCTRL_3A_G_I20    ;            ; CLK_50~inputCLKENA0|inclk                                     ;
;   21.116 ;   0.440 ; RR ; CELL   ; 181963 ; CLKCTRL_3A_G_I20    ;            ; CLK_50~inputCLKENA0|outclk                                    ;
;   24.279 ;   3.163 ; RR ; IC     ; 1      ; FF_X77_Y124_N20     ; High Speed ; System|npu_system_0|npu_system_14|out_data_reg[2]~LRTM_18|clk ;
;   24.279 ;   0.000 ; RR ; CELL   ; 1      ; FF_X77_Y124_N20     ; High Speed ; System|npu_system_0|npu_system_14|out_data_reg[2]~LRTM_18     ;
;   24.613 ;   0.334 ;    ;        ;        ;                     ;            ; clock pessimism removed                                       ;
; 24.583   ; -0.030  ;    ;        ;        ;                     ;            ; clock uncertainty                                             ;
; 24.864   ; 0.281   ;    ; uTsu   ; 1      ; FF_X77_Y124_N20     ;            ; System|npu_system_0|npu_system_14|out_data_reg[2]~LRTM_18     ;
+----------+---------+----+--------+--------+---------------------+------------+---------------------------------------------------------------+



----------------
; Command Info ;
----------------
Report Timing: Found 10 hold paths (0 violated).  Worst case slack is 0.015 

Tcl Command:
    report_timing -hold -panel_name {Worst-Case Timing Paths||Hold||CLK_50} -to_clock [get_clocks {CLK_50}] -npaths 10 -detail full_path

Options:
    -to_clock [get_clocks {CLK_50}] 
    -hold 
    -npaths 10 
    -detail full_path 
    -panel_name {CLK_50} 

Snapshot:
    final

Delay Models:
    Slow 900mV 100C Model
    Slow 900mV 0C Model
    Fast 900mV 100C Model
    Fast 900mV 0C Model


+-------------------------------------------------------------------------------------------------------------------------------------------------------------------------------------------------------------------------------------------------------------------------------------------------------------------+
; Summary of Paths                                                                                                                                                                                                                                                                                                  ;
+-------+-------------------------------------------------------------------------------------------------+-------------------------------------------------------------------------------------------------+--------------+-------------+--------------+------------+------------+---------------------------------+
; Slack ; From Node                                                                                       ; To Node                                                                                         ; Launch Clock ; Latch Clock ; Relationship ; Clock Skew ; Data Delay ; Worst-Case Operating Conditions ;
+-------+-------------------------------------------------------------------------------------------------+-------------------------------------------------------------------------------------------------+--------------+-------------+--------------+------------+------------+---------------------------------+
; 0.015 ; System|intel_niosv_g_0|intel_niosv_g_0|hart|core_inst|csr_inst|mstatus.mie                      ; System|intel_niosv_g_0|intel_niosv_g_0|hart|core_inst|csr_inst|mstatus.mie                      ; CLK_50       ; CLK_50      ; 0.000        ; 0.000      ; 0.261      ; Fast 900mV 0C Model             ;
; 0.016 ; System|intel_niosv_g_0|intel_niosv_g_0|hart|core_inst|csr_inst|tcontrol.mte                     ; System|intel_niosv_g_0|intel_niosv_g_0|hart|core_inst|csr_inst|tcontrol.mte                     ; CLK_50       ; CLK_50      ; 0.000        ; 0.000      ; 0.267      ; Fast 900mV 0C Model             ;
; 0.017 ; System|intel_niosv_g_0|intel_niosv_g_0|hart|core_inst|instr_fetch_inst|buffer_inst|read_addr[1] ; System|intel_niosv_g_0|intel_niosv_g_0|hart|core_inst|instr_fetch_inst|buffer_inst|read_addr[1] ; CLK_50       ; CLK_50      ; 0.000        ; 0.000      ; 0.275      ; Fast 900mV 0C Model             ;
; 0.018 ; System|intel_niosv_g_0|intel_niosv_g_0|hart|core_inst|csr_inst|dscratch0[27]                    ; System|intel_niosv_g_0|intel_niosv_g_0|hart|core_inst|csr_inst|dscratch0[27]                    ; CLK_50       ; CLK_50      ; 0.000        ; 0.000      ; 0.275      ; Fast 900mV 0C Model             ;
; 0.018 ; System|intel_niosv_g_0|intel_niosv_g_0|hart|core_inst|csr_inst|dscratch0[18]                    ; System|intel_niosv_g_0|intel_niosv_g_0|hart|core_inst|csr_inst|dscratch0[18]                    ; CLK_50       ; CLK_50      ; 0.000        ; 0.000      ; 0.276      ; Fast 900mV 0C Model             ;
; 0.018 ; System|intel_niosv_g_0|intel_niosv_g_0|hart|core_inst|csr_inst|dscratch0[2]                     ; System|intel_niosv_g_0|intel_niosv_g_0|hart|core_inst|csr_inst|dscratch0[2]                     ; CLK_50       ; CLK_50      ; 0.000        ; 0.000      ; 0.275      ; Fast 900mV 0C Model             ;
; 0.019 ; System|intel_niosv_g_0|intel_niosv_g_0|hart|core_inst|csr_inst|mtvec.base[19]                   ; System|intel_niosv_g_0|intel_niosv_g_0|hart|core_inst|csr_inst|mtvec.base[19]                   ; CLK_50       ; CLK_50      ; 0.000        ; 0.000      ; 0.284      ; Fast 900mV 0C Model             ;
; 0.019 ; System|intel_niosv_g_0|intel_niosv_g_0|hart|core_inst|csr_inst|dscratch0[17]                    ; System|intel_niosv_g_0|intel_niosv_g_0|hart|core_inst|csr_inst|dscratch0[17]                    ; CLK_50       ; CLK_50      ; 0.000        ; 0.000      ; 0.281      ; Fast 900mV 0C Model             ;
; 0.019 ; System|intel_niosv_g_0|intel_niosv_g_0|hart|core_inst|icache_inst|word_valid[1]                 ; System|intel_niosv_g_0|intel_niosv_g_0|hart|core_inst|icache_inst|word_valid[1]                 ; CLK_50       ; CLK_50      ; 0.000        ; 0.001      ; 0.257      ; Fast 900mV 0C Model             ;
; 0.019 ; System|intel_niosv_g_0|intel_niosv_g_0|hart|core_inst|icache_inst|word_valid[7]                 ; System|intel_niosv_g_0|intel_niosv_g_0|hart|core_inst|icache_inst|word_valid[7]                 ; CLK_50       ; CLK_50      ; 0.000        ; 0.001      ; 0.257      ; Fast 900mV 0C Model             ;
+-------+-------------------------------------------------------------------------------------------------+-------------------------------------------------------------------------------------------------+--------------+-------------+--------------+------------+------------+---------------------------------+


Path #1: Hold slack is 0.015 
===============================================================================
+--------------------------------------------------------------------------------------------------------------+
; Path Summary                                                                                                 ;
+---------------------------------+----------------------------------------------------------------------------+
; Property                        ; Value                                                                      ;
+---------------------------------+----------------------------------------------------------------------------+
; From Node                       ; System|intel_niosv_g_0|intel_niosv_g_0|hart|core_inst|csr_inst|mstatus.mie ;
; To Node                         ; System|intel_niosv_g_0|intel_niosv_g_0|hart|core_inst|csr_inst|mstatus.mie ;
; Launch Clock                    ; CLK_50                                                                     ;
; Latch Clock                     ; CLK_50                                                                     ;
; SDC Exception                   ; No SDC Exception on Path                                                   ;
; Data Arrival Time               ; 2.718                                                                      ;
; Data Required Time              ; 2.703                                                                      ;
; Slack                           ; 0.015                                                                      ;
; Worst-Case Operating Conditions ; Fast 900mV 0C Model                                                        ;
+---------------------------------+----------------------------------------------------------------------------+

+-----------------------------------------------------------------------------------+
; Statistics                                                                        ;
+------------------------+-------+-------+-------------+------------+-------+-------+
; Property               ; Value ; Count ; Total Delay ; % of Total ; Min   ; Max   ;
+------------------------+-------+-------+-------------+------------+-------+-------+
; Hold Relationship      ; 0.000 ;       ;             ;            ;       ;       ;
; Clock Skew             ; 0.000 ;       ;             ;            ;       ;       ;
; Data Delay             ; 0.261 ;       ;             ;            ;       ;       ;
; Number of Logic Levels ;       ; 1     ;             ;            ;       ;       ;
; Physical Delays        ;       ;       ;             ;            ;       ;       ;
;  Arrival Path          ;       ;       ;             ;            ;       ;       ;
;   Clock                ;       ;       ;             ;            ;       ;       ;
;    IC                  ;       ; 3     ; 1.906       ; 78         ; 0.000 ; 1.906 ;
;    Cell                ;       ; 4     ; 0.551       ; 22         ; 0.000 ; 0.261 ;
;   Data                 ;       ;       ;             ;            ;       ;       ;
;    Cell                ;       ; 4     ; 0.154       ; 59         ; 0.000 ; 0.154 ;
;    uTco                ;       ; 1     ; 0.107       ; 41         ; 0.107 ; 0.107 ;
;  Required Path         ;       ;       ;             ;            ;       ;       ;
;   Clock                ;       ;       ;             ;            ;       ;       ;
;    IC                  ;       ; 3     ; 2.071       ; 77         ; 0.000 ; 2.071 ;
;    Cell                ;       ; 4     ; 0.613       ; 23         ; 0.000 ; 0.277 ;
+------------------------+-------+-------+-------------+------------+-------+-------+
Note: Negative delays are omitted from totals when calculating percentages

+---------------------------------------------------------------------------------------------------------------------------------------------------------------+
; Data Arrival Path                                                                                                                                             ;
+---------+---------+----+--------+--------+----------------------+------------+--------------------------------------------------------------------------------+
; Total   ; Incr    ; RF ; Type   ; Fanout ; Location             ; HS/LP      ; Element                                                                        ;
+---------+---------+----+--------+--------+----------------------+------------+--------------------------------------------------------------------------------+
; 0.000   ; 0.000   ;    ;        ;        ;                      ;            ; launch edge time                                                               ;
; 0.000   ; 0.000   ;    ; borrow ;        ;                      ;            ; time borrowed                                                                  ;
; 2.457   ; 2.457   ;    ;        ;        ;                      ;            ; clock path                                                                     ;
;   0.000 ;   0.000 ;    ;        ;        ;                      ;            ; source latency                                                                 ;
;   0.000 ;   0.000 ;    ;        ; 1      ; PIN_AM10             ;            ; CLK_50                                                                         ;
;   0.000 ;   0.000 ; RR ; IC     ; 1      ; IOIBUF_X148_Y16_N32  ;            ; CLK_50~input|i                                                                 ;
;   0.261 ;   0.261 ; RR ; CELL   ; 1      ; IOIBUF_X148_Y16_N32  ;            ; CLK_50~input|o                                                                 ;
;   0.322 ;   0.061 ; RR ; CELL   ; 1      ; IOIBUF_X148_Y16_N32  ;            ; CLK_50~input~io_48_lvds_tile_edge/ioclkin[0]                                   ;
;   0.322 ;   0.000 ; RR ; IC     ; 2      ; CLKCTRL_3A_G_I20     ;            ; CLK_50~inputCLKENA0|inclk                                                      ;
;   0.551 ;   0.229 ; RR ; CELL   ; 181963 ; CLKCTRL_3A_G_I20     ;            ; CLK_50~inputCLKENA0|outclk                                                     ;
;   2.457 ;   1.906 ; RR ; IC     ; 1      ; FF_X80_Y14_N37       ; High Speed ; System|intel_niosv_g_0|intel_niosv_g_0|hart|core_inst|csr_inst|mstatus.mie|clk ;
;   2.457 ;   0.000 ; RR ; CELL   ; 1      ; FF_X80_Y14_N37       ; High Speed ; System|intel_niosv_g_0|intel_niosv_g_0|hart|core_inst|csr_inst|mstatus.mie     ;
; 2.718   ; 0.261   ;    ;        ;        ;                      ;            ; data path                                                                      ;
;   2.564 ;   0.107 ; FF ; uTco   ; 2      ; FF_X80_Y14_N37       ;            ; System|intel_niosv_g_0|intel_niosv_g_0|hart|core_inst|csr_inst|mstatus.mie|q   ;
;   2.564 ;   0.000 ; FF ; CELL   ; 1      ; MLABCELL_X80_Y14_N36 ; High Speed ; System|intel_niosv_g_0|intel_niosv_g_0|hart|core_inst|csr_inst|i3127~0|datae   ;
;   2.718 ;   0.154 ; FF ; CELL   ; 1      ; MLABCELL_X80_Y14_N36 ; High Speed ; System|intel_niosv_g_0|intel_niosv_g_0|hart|core_inst|csr_inst|i3127~0|combout ;
;   2.718 ;   0.000 ; FF ; CELL   ; 1      ; FF_X80_Y14_N37       ; High Speed ; System|intel_niosv_g_0|intel_niosv_g_0|hart|core_inst|csr_inst|mstatus.mie|d   ;
;   2.718 ;   0.000 ; FF ; CELL   ; 1      ; FF_X80_Y14_N37       ; High Speed ; System|intel_niosv_g_0|intel_niosv_g_0|hart|core_inst|csr_inst|mstatus.mie     ;
+---------+---------+----+--------+--------+----------------------+------------+--------------------------------------------------------------------------------+

+---------------------------------------------------------------------------------------------------------------------------------------------------------------+
; Data Required Path                                                                                                                                            ;
+---------+----------+----+--------+--------+---------------------+------------+--------------------------------------------------------------------------------+
; Total   ; Incr     ; RF ; Type   ; Fanout ; Location            ; HS/LP      ; Element                                                                        ;
+---------+----------+----+--------+--------+---------------------+------------+--------------------------------------------------------------------------------+
; 0.000   ; 0.000    ;    ;        ;        ;                     ;            ; latch edge time                                                                ;
; 0.000   ; 0.000    ;    ; borrow ;        ;                     ;            ; time borrowed                                                                  ;
; 2.457   ; 2.457    ;    ;        ;        ;                     ;            ; clock path                                                                     ;
;   0.000 ;   0.000  ;    ;        ;        ;                     ;            ; source latency                                                                 ;
;   0.000 ;   0.000  ;    ;        ; 1      ; PIN_AM10            ;            ; CLK_50                                                                         ;
;   0.000 ;   0.000  ; RR ; IC     ; 1      ; IOIBUF_X148_Y16_N32 ;            ; CLK_50~input|i                                                                 ;
;   0.261 ;   0.261  ; RR ; CELL   ; 1      ; IOIBUF_X148_Y16_N32 ;            ; CLK_50~input|o                                                                 ;
;   0.336 ;   0.075  ; RR ; CELL   ; 1      ; IOIBUF_X148_Y16_N32 ;            ; CLK_50~input~io_48_lvds_tile_edge/ioclkin[0]                                   ;
;   0.336 ;   0.000  ; RR ; IC     ; 2      ; CLKCTRL_3A_G_I20    ;            ; CLK_50~inputCLKENA0|inclk                                                      ;
;   0.613 ;   0.277  ; RR ; CELL   ; 181963 ; CLKCTRL_3A_G_I20    ;            ; CLK_50~inputCLKENA0|outclk                                                     ;
;   2.684 ;   2.071  ; RR ; IC     ; 1      ; FF_X80_Y14_N37      ; High Speed ; System|intel_niosv_g_0|intel_niosv_g_0|hart|core_inst|csr_inst|mstatus.mie|clk ;
;   2.684 ;   0.000  ; RR ; CELL   ; 1      ; FF_X80_Y14_N37      ; High Speed ; System|intel_niosv_g_0|intel_niosv_g_0|hart|core_inst|csr_inst|mstatus.mie     ;
;   2.457 ;   -0.227 ;    ;        ;        ;                     ;            ; clock pessimism removed                                                        ;
; 2.457   ; 0.000    ;    ;        ;        ;                     ;            ; clock uncertainty                                                              ;
; 2.703   ; 0.246    ;    ; uTh    ; 1      ; FF_X80_Y14_N37      ;            ; System|intel_niosv_g_0|intel_niosv_g_0|hart|core_inst|csr_inst|mstatus.mie     ;
+---------+----------+----+--------+--------+---------------------+------------+--------------------------------------------------------------------------------+



Path #2: Hold slack is 0.016 
===============================================================================
+---------------------------------------------------------------------------------------------------------------+
; Path Summary                                                                                                  ;
+---------------------------------+-----------------------------------------------------------------------------+
; Property                        ; Value                                                                       ;
+---------------------------------+-----------------------------------------------------------------------------+
; From Node                       ; System|intel_niosv_g_0|intel_niosv_g_0|hart|core_inst|csr_inst|tcontrol.mte ;
; To Node                         ; System|intel_niosv_g_0|intel_niosv_g_0|hart|core_inst|csr_inst|tcontrol.mte ;
; Launch Clock                    ; CLK_50                                                                      ;
; Latch Clock                     ; CLK_50                                                                      ;
; SDC Exception                   ; No SDC Exception on Path                                                    ;
; Data Arrival Time               ; 2.724                                                                       ;
; Data Required Time              ; 2.708                                                                       ;
; Slack                           ; 0.016                                                                       ;
; Worst-Case Operating Conditions ; Fast 900mV 0C Model                                                         ;
+---------------------------------+-----------------------------------------------------------------------------+

+-----------------------------------------------------------------------------------+
; Statistics                                                                        ;
+------------------------+-------+-------+-------------+------------+-------+-------+
; Property               ; Value ; Count ; Total Delay ; % of Total ; Min   ; Max   ;
+------------------------+-------+-------+-------------+------------+-------+-------+
; Hold Relationship      ; 0.000 ;       ;             ;            ;       ;       ;
; Clock Skew             ; 0.000 ;       ;             ;            ;       ;       ;
; Data Delay             ; 0.267 ;       ;             ;            ;       ;       ;
; Number of Logic Levels ;       ; 1     ;             ;            ;       ;       ;
; Physical Delays        ;       ;       ;             ;            ;       ;       ;
;  Arrival Path          ;       ;       ;             ;            ;       ;       ;
;   Clock                ;       ;       ;             ;            ;       ;       ;
;    IC                  ;       ; 3     ; 1.906       ; 78         ; 0.000 ; 1.906 ;
;    Cell                ;       ; 4     ; 0.551       ; 22         ; 0.000 ; 0.261 ;
;   Data                 ;       ;       ;             ;            ;       ;       ;
;    Cell                ;       ; 4     ; 0.156       ; 58         ; 0.000 ; 0.156 ;
;    uTco                ;       ; 1     ; 0.111       ; 42         ; 0.111 ; 0.111 ;
;  Required Path         ;       ;       ;             ;            ;       ;       ;
;   Clock                ;       ;       ;             ;            ;       ;       ;
;    IC                  ;       ; 3     ; 2.071       ; 77         ; 0.000 ; 2.071 ;
;    Cell                ;       ; 4     ; 0.613       ; 23         ; 0.000 ; 0.277 ;
+------------------------+-------+-------+-------------+------------+-------+-------+
Note: Negative delays are omitted from totals when calculating percentages

+----------------------------------------------------------------------------------------------------------------------------------------------------------------+
; Data Arrival Path                                                                                                                                              ;
+---------+---------+----+--------+--------+----------------------+------------+---------------------------------------------------------------------------------+
; Total   ; Incr    ; RF ; Type   ; Fanout ; Location             ; HS/LP      ; Element                                                                         ;
+---------+---------+----+--------+--------+----------------------+------------+---------------------------------------------------------------------------------+
; 0.000   ; 0.000   ;    ;        ;        ;                      ;            ; launch edge time                                                                ;
; 0.000   ; 0.000   ;    ; borrow ;        ;                      ;            ; time borrowed                                                                   ;
; 2.457   ; 2.457   ;    ;        ;        ;                      ;            ; clock path                                                                      ;
;   0.000 ;   0.000 ;    ;        ;        ;                      ;            ; source latency                                                                  ;
;   0.000 ;   0.000 ;    ;        ; 1      ; PIN_AM10             ;            ; CLK_50                                                                          ;
;   0.000 ;   0.000 ; RR ; IC     ; 1      ; IOIBUF_X148_Y16_N32  ;            ; CLK_50~input|i                                                                  ;
;   0.261 ;   0.261 ; RR ; CELL   ; 1      ; IOIBUF_X148_Y16_N32  ;            ; CLK_50~input|o                                                                  ;
;   0.322 ;   0.061 ; RR ; CELL   ; 1      ; IOIBUF_X148_Y16_N32  ;            ; CLK_50~input~io_48_lvds_tile_edge/ioclkin[0]                                    ;
;   0.322 ;   0.000 ; RR ; IC     ; 2      ; CLKCTRL_3A_G_I20     ;            ; CLK_50~inputCLKENA0|inclk                                                       ;
;   0.551 ;   0.229 ; RR ; CELL   ; 181963 ; CLKCTRL_3A_G_I20     ;            ; CLK_50~inputCLKENA0|outclk                                                      ;
;   2.457 ;   1.906 ; RR ; IC     ; 1      ; FF_X80_Y14_N25       ; High Speed ; System|intel_niosv_g_0|intel_niosv_g_0|hart|core_inst|csr_inst|tcontrol.mte|clk ;
;   2.457 ;   0.000 ; RR ; CELL   ; 1      ; FF_X80_Y14_N25       ; High Speed ; System|intel_niosv_g_0|intel_niosv_g_0|hart|core_inst|csr_inst|tcontrol.mte     ;
; 2.724   ; 0.267   ;    ;        ;        ;                      ;            ; data path                                                                       ;
;   2.568 ;   0.111 ; FF ; uTco   ; 2      ; FF_X80_Y14_N25       ;            ; System|intel_niosv_g_0|intel_niosv_g_0|hart|core_inst|csr_inst|tcontrol.mte|q   ;
;   2.568 ;   0.000 ; FF ; CELL   ; 1      ; MLABCELL_X80_Y14_N24 ; High Speed ; System|intel_niosv_g_0|intel_niosv_g_0|hart|core_inst|csr_inst|i3132~0|datae    ;
;   2.724 ;   0.156 ; FF ; CELL   ; 1      ; MLABCELL_X80_Y14_N24 ; High Speed ; System|intel_niosv_g_0|intel_niosv_g_0|hart|core_inst|csr_inst|i3132~0|combout  ;
;   2.724 ;   0.000 ; FF ; CELL   ; 1      ; FF_X80_Y14_N25       ; High Speed ; System|intel_niosv_g_0|intel_niosv_g_0|hart|core_inst|csr_inst|tcontrol.mte|d   ;
;   2.724 ;   0.000 ; FF ; CELL   ; 1      ; FF_X80_Y14_N25       ; High Speed ; System|intel_niosv_g_0|intel_niosv_g_0|hart|core_inst|csr_inst|tcontrol.mte     ;
+---------+---------+----+--------+--------+----------------------+------------+---------------------------------------------------------------------------------+

+----------------------------------------------------------------------------------------------------------------------------------------------------------------+
; Data Required Path                                                                                                                                             ;
+---------+----------+----+--------+--------+---------------------+------------+---------------------------------------------------------------------------------+
; Total   ; Incr     ; RF ; Type   ; Fanout ; Location            ; HS/LP      ; Element                                                                         ;
+---------+----------+----+--------+--------+---------------------+------------+---------------------------------------------------------------------------------+
; 0.000   ; 0.000    ;    ;        ;        ;                     ;            ; latch edge time                                                                 ;
; 0.000   ; 0.000    ;    ; borrow ;        ;                     ;            ; time borrowed                                                                   ;
; 2.457   ; 2.457    ;    ;        ;        ;                     ;            ; clock path                                                                      ;
;   0.000 ;   0.000  ;    ;        ;        ;                     ;            ; source latency                                                                  ;
;   0.000 ;   0.000  ;    ;        ; 1      ; PIN_AM10            ;            ; CLK_50                                                                          ;
;   0.000 ;   0.000  ; RR ; IC     ; 1      ; IOIBUF_X148_Y16_N32 ;            ; CLK_50~input|i                                                                  ;
;   0.261 ;   0.261  ; RR ; CELL   ; 1      ; IOIBUF_X148_Y16_N32 ;            ; CLK_50~input|o                                                                  ;
;   0.336 ;   0.075  ; RR ; CELL   ; 1      ; IOIBUF_X148_Y16_N32 ;            ; CLK_50~input~io_48_lvds_tile_edge/ioclkin[0]                                    ;
;   0.336 ;   0.000  ; RR ; IC     ; 2      ; CLKCTRL_3A_G_I20    ;            ; CLK_50~inputCLKENA0|inclk                                                       ;
;   0.613 ;   0.277  ; RR ; CELL   ; 181963 ; CLKCTRL_3A_G_I20    ;            ; CLK_50~inputCLKENA0|outclk                                                      ;
;   2.684 ;   2.071  ; RR ; IC     ; 1      ; FF_X80_Y14_N25      ; High Speed ; System|intel_niosv_g_0|intel_niosv_g_0|hart|core_inst|csr_inst|tcontrol.mte|clk ;
;   2.684 ;   0.000  ; RR ; CELL   ; 1      ; FF_X80_Y14_N25      ; High Speed ; System|intel_niosv_g_0|intel_niosv_g_0|hart|core_inst|csr_inst|tcontrol.mte     ;
;   2.457 ;   -0.227 ;    ;        ;        ;                     ;            ; clock pessimism removed                                                         ;
; 2.457   ; 0.000    ;    ;        ;        ;                     ;            ; clock uncertainty                                                               ;
; 2.708   ; 0.251    ;    ; uTh    ; 1      ; FF_X80_Y14_N25      ;            ; System|intel_niosv_g_0|intel_niosv_g_0|hart|core_inst|csr_inst|tcontrol.mte     ;
+---------+----------+----+--------+--------+---------------------+------------+---------------------------------------------------------------------------------+



Path #3: Hold slack is 0.017 
===============================================================================
+-----------------------------------------------------------------------------------------------------------------------------------+
; Path Summary                                                                                                                      ;
+---------------------------------+-------------------------------------------------------------------------------------------------+
; Property                        ; Value                                                                                           ;
+---------------------------------+-------------------------------------------------------------------------------------------------+
; From Node                       ; System|intel_niosv_g_0|intel_niosv_g_0|hart|core_inst|instr_fetch_inst|buffer_inst|read_addr[1] ;
; To Node                         ; System|intel_niosv_g_0|intel_niosv_g_0|hart|core_inst|instr_fetch_inst|buffer_inst|read_addr[1] ;
; Launch Clock                    ; CLK_50                                                                                          ;
; Latch Clock                     ; CLK_50                                                                                          ;
; SDC Exception                   ; No SDC Exception on Path                                                                        ;
; Data Arrival Time               ; 2.718                                                                                           ;
; Data Required Time              ; 2.701                                                                                           ;
; Slack                           ; 0.017                                                                                           ;
; Worst-Case Operating Conditions ; Fast 900mV 0C Model                                                                             ;
+---------------------------------+-------------------------------------------------------------------------------------------------+

+-----------------------------------------------------------------------------------+
; Statistics                                                                        ;
+------------------------+-------+-------+-------------+------------+-------+-------+
; Property               ; Value ; Count ; Total Delay ; % of Total ; Min   ; Max   ;
+------------------------+-------+-------+-------------+------------+-------+-------+
; Hold Relationship      ; 0.000 ;       ;             ;            ;       ;       ;
; Clock Skew             ; 0.000 ;       ;             ;            ;       ;       ;
; Data Delay             ; 0.275 ;       ;             ;            ;       ;       ;
; Number of Logic Levels ;       ; 1     ;             ;            ;       ;       ;
; Physical Delays        ;       ;       ;             ;            ;       ;       ;
;  Arrival Path          ;       ;       ;             ;            ;       ;       ;
;   Clock                ;       ;       ;             ;            ;       ;       ;
;    IC                  ;       ; 3     ; 1.892       ; 77         ; 0.000 ; 1.892 ;
;    Cell                ;       ; 4     ; 0.551       ; 23         ; 0.000 ; 0.261 ;
;   Data                 ;       ;       ;             ;            ;       ;       ;
;    Cell                ;       ; 4     ; 0.162       ; 59         ; 0.000 ; 0.162 ;
;    uTco                ;       ; 1     ; 0.113       ; 41         ; 0.113 ; 0.113 ;
;  Required Path         ;       ;       ;             ;            ;       ;       ;
;   Clock                ;       ;       ;             ;            ;       ;       ;
;    IC                  ;       ; 3     ; 2.056       ; 77         ; 0.000 ; 2.056 ;
;    Cell                ;       ; 4     ; 0.613       ; 23         ; 0.000 ; 0.277 ;
+------------------------+-------+-------+-------------+------------+-------+-------+
Note: Negative delays are omitted from totals when calculating percentages

+-----------------------------------------------------------------------------------------------------------------------------------------------------------------------------------------+
; Data Arrival Path                                                                                                                                                                       ;
+---------+---------+----+--------+--------+----------------------+-----------+-----------------------------------------------------------------------------------------------------------+
; Total   ; Incr    ; RF ; Type   ; Fanout ; Location             ; HS/LP     ; Element                                                                                                   ;
+---------+---------+----+--------+--------+----------------------+-----------+-----------------------------------------------------------------------------------------------------------+
; 0.000   ; 0.000   ;    ;        ;        ;                      ;           ; launch edge time                                                                                          ;
; 0.000   ; 0.000   ;    ; borrow ;        ;                      ;           ; time borrowed                                                                                             ;
; 2.443   ; 2.443   ;    ;        ;        ;                      ;           ; clock path                                                                                                ;
;   0.000 ;   0.000 ;    ;        ;        ;                      ;           ; source latency                                                                                            ;
;   0.000 ;   0.000 ;    ;        ; 1      ; PIN_AM10             ;           ; CLK_50                                                                                                    ;
;   0.000 ;   0.000 ; RR ; IC     ; 1      ; IOIBUF_X148_Y16_N32  ;           ; CLK_50~input|i                                                                                            ;
;   0.261 ;   0.261 ; RR ; CELL   ; 1      ; IOIBUF_X148_Y16_N32  ;           ; CLK_50~input|o                                                                                            ;
;   0.322 ;   0.061 ; RR ; CELL   ; 1      ; IOIBUF_X148_Y16_N32  ;           ; CLK_50~input~io_48_lvds_tile_edge/ioclkin[0]                                                              ;
;   0.322 ;   0.000 ; RR ; IC     ; 2      ; CLKCTRL_3A_G_I20     ;           ; CLK_50~inputCLKENA0|inclk                                                                                 ;
;   0.551 ;   0.229 ; RR ; CELL   ; 181963 ; CLKCTRL_3A_G_I20     ;           ; CLK_50~inputCLKENA0|outclk                                                                                ;
;   2.443 ;   1.892 ; RR ; IC     ; 1      ; FF_X97_Y15_N43       ; Low Power ; System|intel_niosv_g_0|intel_niosv_g_0|hart|core_inst|instr_fetch_inst|buffer_inst|read_addr[1]|clk       ;
;   2.443 ;   0.000 ; RR ; CELL   ; 1      ; FF_X97_Y15_N43       ; Low Power ; System|intel_niosv_g_0|intel_niosv_g_0|hart|core_inst|instr_fetch_inst|buffer_inst|read_addr[1]           ;
; 2.718   ; 0.275   ;    ;        ;        ;                      ;           ; data path                                                                                                 ;
;   2.556 ;   0.113 ; FF ; uTco   ; 2      ; FF_X97_Y15_N43       ;           ; System|intel_niosv_g_0|intel_niosv_g_0|hart|core_inst|instr_fetch_inst|buffer_inst|read_addr[1]|q         ;
;   2.556 ;   0.000 ; FF ; CELL   ; 1      ; MLABCELL_X97_Y15_N42 ; Low Power ; System|intel_niosv_g_0|intel_niosv_g_0|hart|core_inst|instr_fetch_inst|buffer_inst|read_addr[1]~0|datae   ;
;   2.718 ;   0.162 ; FF ; CELL   ; 1      ; MLABCELL_X97_Y15_N42 ; Low Power ; System|intel_niosv_g_0|intel_niosv_g_0|hart|core_inst|instr_fetch_inst|buffer_inst|read_addr[1]~0|combout ;
;   2.718 ;   0.000 ; FF ; CELL   ; 1      ; FF_X97_Y15_N43       ; Low Power ; System|intel_niosv_g_0|intel_niosv_g_0|hart|core_inst|instr_fetch_inst|buffer_inst|read_addr[1]|d         ;
;   2.718 ;   0.000 ; FF ; CELL   ; 1      ; FF_X97_Y15_N43       ; Low Power ; System|intel_niosv_g_0|intel_niosv_g_0|hart|core_inst|instr_fetch_inst|buffer_inst|read_addr[1]           ;
+---------+---------+----+--------+--------+----------------------+-----------+-----------------------------------------------------------------------------------------------------------+

+-----------------------------------------------------------------------------------------------------------------------------------------------------------------------------------+
; Data Required Path                                                                                                                                                                ;
+---------+----------+----+--------+--------+---------------------+-----------+-----------------------------------------------------------------------------------------------------+
; Total   ; Incr     ; RF ; Type   ; Fanout ; Location            ; HS/LP     ; Element                                                                                             ;
+---------+----------+----+--------+--------+---------------------+-----------+-----------------------------------------------------------------------------------------------------+
; 0.000   ; 0.000    ;    ;        ;        ;                     ;           ; latch edge time                                                                                     ;
; 0.000   ; 0.000    ;    ; borrow ;        ;                     ;           ; time borrowed                                                                                       ;
; 2.443   ; 2.443    ;    ;        ;        ;                     ;           ; clock path                                                                                          ;
;   0.000 ;   0.000  ;    ;        ;        ;                     ;           ; source latency                                                                                      ;
;   0.000 ;   0.000  ;    ;        ; 1      ; PIN_AM10            ;           ; CLK_50                                                                                              ;
;   0.000 ;   0.000  ; RR ; IC     ; 1      ; IOIBUF_X148_Y16_N32 ;           ; CLK_50~input|i                                                                                      ;
;   0.261 ;   0.261  ; RR ; CELL   ; 1      ; IOIBUF_X148_Y16_N32 ;           ; CLK_50~input|o                                                                                      ;
;   0.336 ;   0.075  ; RR ; CELL   ; 1      ; IOIBUF_X148_Y16_N32 ;           ; CLK_50~input~io_48_lvds_tile_edge/ioclkin[0]                                                        ;
;   0.336 ;   0.000  ; RR ; IC     ; 2      ; CLKCTRL_3A_G_I20    ;           ; CLK_50~inputCLKENA0|inclk                                                                           ;
;   0.613 ;   0.277  ; RR ; CELL   ; 181963 ; CLKCTRL_3A_G_I20    ;           ; CLK_50~inputCLKENA0|outclk                                                                          ;
;   2.669 ;   2.056  ; RR ; IC     ; 1      ; FF_X97_Y15_N43      ; Low Power ; System|intel_niosv_g_0|intel_niosv_g_0|hart|core_inst|instr_fetch_inst|buffer_inst|read_addr[1]|clk ;
;   2.669 ;   0.000  ; RR ; CELL   ; 1      ; FF_X97_Y15_N43      ; Low Power ; System|intel_niosv_g_0|intel_niosv_g_0|hart|core_inst|instr_fetch_inst|buffer_inst|read_addr[1]     ;
;   2.443 ;   -0.226 ;    ;        ;        ;                     ;           ; clock pessimism removed                                                                             ;
; 2.443   ; 0.000    ;    ;        ;        ;                     ;           ; clock uncertainty                                                                                   ;
; 2.701   ; 0.258    ;    ; uTh    ; 1      ; FF_X97_Y15_N43      ;           ; System|intel_niosv_g_0|intel_niosv_g_0|hart|core_inst|instr_fetch_inst|buffer_inst|read_addr[1]     ;
+---------+----------+----+--------+--------+---------------------+-----------+-----------------------------------------------------------------------------------------------------+



Path #4: Hold slack is 0.018 
===============================================================================
+----------------------------------------------------------------------------------------------------------------+
; Path Summary                                                                                                   ;
+---------------------------------+------------------------------------------------------------------------------+
; Property                        ; Value                                                                        ;
+---------------------------------+------------------------------------------------------------------------------+
; From Node                       ; System|intel_niosv_g_0|intel_niosv_g_0|hart|core_inst|csr_inst|dscratch0[27] ;
; To Node                         ; System|intel_niosv_g_0|intel_niosv_g_0|hart|core_inst|csr_inst|dscratch0[27] ;
; Launch Clock                    ; CLK_50                                                                       ;
; Latch Clock                     ; CLK_50                                                                       ;
; SDC Exception                   ; No SDC Exception on Path                                                     ;
; Data Arrival Time               ; 2.744                                                                        ;
; Data Required Time              ; 2.726                                                                        ;
; Slack                           ; 0.018                                                                        ;
; Worst-Case Operating Conditions ; Fast 900mV 0C Model                                                          ;
+---------------------------------+------------------------------------------------------------------------------+

+-----------------------------------------------------------------------------------+
; Statistics                                                                        ;
+------------------------+-------+-------+-------------+------------+-------+-------+
; Property               ; Value ; Count ; Total Delay ; % of Total ; Min   ; Max   ;
+------------------------+-------+-------+-------------+------------+-------+-------+
; Hold Relationship      ; 0.000 ;       ;             ;            ;       ;       ;
; Clock Skew             ; 0.000 ;       ;             ;            ;       ;       ;
; Data Delay             ; 0.275 ;       ;             ;            ;       ;       ;
; Number of Logic Levels ;       ; 1     ;             ;            ;       ;       ;
; Physical Delays        ;       ;       ;             ;            ;       ;       ;
;  Arrival Path          ;       ;       ;             ;            ;       ;       ;
;   Clock                ;       ;       ;             ;            ;       ;       ;
;    IC                  ;       ; 3     ; 1.918       ; 78         ; 0.000 ; 1.918 ;
;    Cell                ;       ; 4     ; 0.551       ; 22         ; 0.000 ; 0.261 ;
;   Data                 ;       ;       ;             ;            ;       ;       ;
;    Cell                ;       ; 4     ; 0.163       ; 59         ; 0.000 ; 0.163 ;
;    uTco                ;       ; 1     ; 0.112       ; 41         ; 0.112 ; 0.112 ;
;  Required Path         ;       ;       ;             ;            ;       ;       ;
;   Clock                ;       ;       ;             ;            ;       ;       ;
;    IC                  ;       ; 3     ; 2.084       ; 77         ; 0.000 ; 2.084 ;
;    Cell                ;       ; 4     ; 0.613       ; 23         ; 0.000 ; 0.277 ;
+------------------------+-------+-------+-------------+------------+-------+-------+
Note: Negative delays are omitted from totals when calculating percentages

+----------------------------------------------------------------------------------------------------------------------------------------------------------------+
; Data Arrival Path                                                                                                                                              ;
+---------+---------+----+--------+--------+----------------------+-----------+----------------------------------------------------------------------------------+
; Total   ; Incr    ; RF ; Type   ; Fanout ; Location             ; HS/LP     ; Element                                                                          ;
+---------+---------+----+--------+--------+----------------------+-----------+----------------------------------------------------------------------------------+
; 0.000   ; 0.000   ;    ;        ;        ;                      ;           ; launch edge time                                                                 ;
; 0.000   ; 0.000   ;    ; borrow ;        ;                      ;           ; time borrowed                                                                    ;
; 2.469   ; 2.469   ;    ;        ;        ;                      ;           ; clock path                                                                       ;
;   0.000 ;   0.000 ;    ;        ;        ;                      ;           ; source latency                                                                   ;
;   0.000 ;   0.000 ;    ;        ; 1      ; PIN_AM10             ;           ; CLK_50                                                                           ;
;   0.000 ;   0.000 ; RR ; IC     ; 1      ; IOIBUF_X148_Y16_N32  ;           ; CLK_50~input|i                                                                   ;
;   0.261 ;   0.261 ; RR ; CELL   ; 1      ; IOIBUF_X148_Y16_N32  ;           ; CLK_50~input|o                                                                   ;
;   0.322 ;   0.061 ; RR ; CELL   ; 1      ; IOIBUF_X148_Y16_N32  ;           ; CLK_50~input~io_48_lvds_tile_edge/ioclkin[0]                                     ;
;   0.322 ;   0.000 ; RR ; IC     ; 2      ; CLKCTRL_3A_G_I20     ;           ; CLK_50~inputCLKENA0|inclk                                                        ;
;   0.551 ;   0.229 ; RR ; CELL   ; 181963 ; CLKCTRL_3A_G_I20     ;           ; CLK_50~inputCLKENA0|outclk                                                       ;
;   2.469 ;   1.918 ; RR ; IC     ; 1      ; FF_X83_Y12_N49       ; Low Power ; System|intel_niosv_g_0|intel_niosv_g_0|hart|core_inst|csr_inst|dscratch0[27]|clk ;
;   2.469 ;   0.000 ; RR ; CELL   ; 1      ; FF_X83_Y12_N49       ; Low Power ; System|intel_niosv_g_0|intel_niosv_g_0|hart|core_inst|csr_inst|dscratch0[27]     ;
; 2.744   ; 0.275   ;    ;        ;        ;                      ;           ; data path                                                                        ;
;   2.581 ;   0.112 ; FF ; uTco   ; 2      ; FF_X83_Y12_N49       ;           ; System|intel_niosv_g_0|intel_niosv_g_0|hart|core_inst|csr_inst|dscratch0[27]|q   ;
;   2.581 ;   0.000 ; FF ; CELL   ; 1      ; MLABCELL_X83_Y12_N48 ; Low Power ; System|intel_niosv_g_0|intel_niosv_g_0|hart|core_inst|csr_inst|i1962~28|datad    ;
;   2.744 ;   0.163 ; FF ; CELL   ; 1      ; MLABCELL_X83_Y12_N48 ; Low Power ; System|intel_niosv_g_0|intel_niosv_g_0|hart|core_inst|csr_inst|i1962~28|combout  ;
;   2.744 ;   0.000 ; FF ; CELL   ; 1      ; FF_X83_Y12_N49       ; Low Power ; System|intel_niosv_g_0|intel_niosv_g_0|hart|core_inst|csr_inst|dscratch0[27]|d   ;
;   2.744 ;   0.000 ; FF ; CELL   ; 1      ; FF_X83_Y12_N49       ; Low Power ; System|intel_niosv_g_0|intel_niosv_g_0|hart|core_inst|csr_inst|dscratch0[27]     ;
+---------+---------+----+--------+--------+----------------------+-----------+----------------------------------------------------------------------------------+

+----------------------------------------------------------------------------------------------------------------------------------------------------------------+
; Data Required Path                                                                                                                                             ;
+---------+----------+----+--------+--------+---------------------+-----------+----------------------------------------------------------------------------------+
; Total   ; Incr     ; RF ; Type   ; Fanout ; Location            ; HS/LP     ; Element                                                                          ;
+---------+----------+----+--------+--------+---------------------+-----------+----------------------------------------------------------------------------------+
; 0.000   ; 0.000    ;    ;        ;        ;                     ;           ; latch edge time                                                                  ;
; 0.000   ; 0.000    ;    ; borrow ;        ;                     ;           ; time borrowed                                                                    ;
; 2.469   ; 2.469    ;    ;        ;        ;                     ;           ; clock path                                                                       ;
;   0.000 ;   0.000  ;    ;        ;        ;                     ;           ; source latency                                                                   ;
;   0.000 ;   0.000  ;    ;        ; 1      ; PIN_AM10            ;           ; CLK_50                                                                           ;
;   0.000 ;   0.000  ; RR ; IC     ; 1      ; IOIBUF_X148_Y16_N32 ;           ; CLK_50~input|i                                                                   ;
;   0.261 ;   0.261  ; RR ; CELL   ; 1      ; IOIBUF_X148_Y16_N32 ;           ; CLK_50~input|o                                                                   ;
;   0.336 ;   0.075  ; RR ; CELL   ; 1      ; IOIBUF_X148_Y16_N32 ;           ; CLK_50~input~io_48_lvds_tile_edge/ioclkin[0]                                     ;
;   0.336 ;   0.000  ; RR ; IC     ; 2      ; CLKCTRL_3A_G_I20    ;           ; CLK_50~inputCLKENA0|inclk                                                        ;
;   0.613 ;   0.277  ; RR ; CELL   ; 181963 ; CLKCTRL_3A_G_I20    ;           ; CLK_50~inputCLKENA0|outclk                                                       ;
;   2.697 ;   2.084  ; RR ; IC     ; 1      ; FF_X83_Y12_N49      ; Low Power ; System|intel_niosv_g_0|intel_niosv_g_0|hart|core_inst|csr_inst|dscratch0[27]|clk ;
;   2.697 ;   0.000  ; RR ; CELL   ; 1      ; FF_X83_Y12_N49      ; Low Power ; System|intel_niosv_g_0|intel_niosv_g_0|hart|core_inst|csr_inst|dscratch0[27]     ;
;   2.469 ;   -0.228 ;    ;        ;        ;                     ;           ; clock pessimism removed                                                          ;
; 2.469   ; 0.000    ;    ;        ;        ;                     ;           ; clock uncertainty                                                                ;
; 2.726   ; 0.257    ;    ; uTh    ; 1      ; FF_X83_Y12_N49      ;           ; System|intel_niosv_g_0|intel_niosv_g_0|hart|core_inst|csr_inst|dscratch0[27]     ;
+---------+----------+----+--------+--------+---------------------+-----------+----------------------------------------------------------------------------------+



Path #5: Hold slack is 0.018 
===============================================================================
+----------------------------------------------------------------------------------------------------------------+
; Path Summary                                                                                                   ;
+---------------------------------+------------------------------------------------------------------------------+
; Property                        ; Value                                                                        ;
+---------------------------------+------------------------------------------------------------------------------+
; From Node                       ; System|intel_niosv_g_0|intel_niosv_g_0|hart|core_inst|csr_inst|dscratch0[18] ;
; To Node                         ; System|intel_niosv_g_0|intel_niosv_g_0|hart|core_inst|csr_inst|dscratch0[18] ;
; Launch Clock                    ; CLK_50                                                                       ;
; Latch Clock                     ; CLK_50                                                                       ;
; SDC Exception                   ; No SDC Exception on Path                                                     ;
; Data Arrival Time               ; 2.748                                                                        ;
; Data Required Time              ; 2.730                                                                        ;
; Slack                           ; 0.018                                                                        ;
; Worst-Case Operating Conditions ; Fast 900mV 0C Model                                                          ;
+---------------------------------+------------------------------------------------------------------------------+

+-----------------------------------------------------------------------------------+
; Statistics                                                                        ;
+------------------------+-------+-------+-------------+------------+-------+-------+
; Property               ; Value ; Count ; Total Delay ; % of Total ; Min   ; Max   ;
+------------------------+-------+-------+-------------+------------+-------+-------+
; Hold Relationship      ; 0.000 ;       ;             ;            ;       ;       ;
; Clock Skew             ; 0.000 ;       ;             ;            ;       ;       ;
; Data Delay             ; 0.276 ;       ;             ;            ;       ;       ;
; Number of Logic Levels ;       ; 1     ;             ;            ;       ;       ;
; Physical Delays        ;       ;       ;             ;            ;       ;       ;
;  Arrival Path          ;       ;       ;             ;            ;       ;       ;
;   Clock                ;       ;       ;             ;            ;       ;       ;
;    IC                  ;       ; 3     ; 1.921       ; 78         ; 0.000 ; 1.921 ;
;    Cell                ;       ; 4     ; 0.551       ; 22         ; 0.000 ; 0.261 ;
;   Data                 ;       ;       ;             ;            ;       ;       ;
;    Cell                ;       ; 4     ; 0.163       ; 59         ; 0.000 ; 0.163 ;
;    uTco                ;       ; 1     ; 0.113       ; 41         ; 0.113 ; 0.113 ;
;  Required Path         ;       ;       ;             ;            ;       ;       ;
;   Clock                ;       ;       ;             ;            ;       ;       ;
;    IC                  ;       ; 3     ; 2.087       ; 77         ; 0.000 ; 2.087 ;
;    Cell                ;       ; 4     ; 0.613       ; 23         ; 0.000 ; 0.277 ;
+------------------------+-------+-------+-------------+------------+-------+-------+
Note: Negative delays are omitted from totals when calculating percentages

+---------------------------------------------------------------------------------------------------------------------------------------------------------------+
; Data Arrival Path                                                                                                                                             ;
+---------+---------+----+--------+--------+---------------------+-----------+----------------------------------------------------------------------------------+
; Total   ; Incr    ; RF ; Type   ; Fanout ; Location            ; HS/LP     ; Element                                                                          ;
+---------+---------+----+--------+--------+---------------------+-----------+----------------------------------------------------------------------------------+
; 0.000   ; 0.000   ;    ;        ;        ;                     ;           ; launch edge time                                                                 ;
; 0.000   ; 0.000   ;    ; borrow ;        ;                     ;           ; time borrowed                                                                    ;
; 2.472   ; 2.472   ;    ;        ;        ;                     ;           ; clock path                                                                       ;
;   0.000 ;   0.000 ;    ;        ;        ;                     ;           ; source latency                                                                   ;
;   0.000 ;   0.000 ;    ;        ; 1      ; PIN_AM10            ;           ; CLK_50                                                                           ;
;   0.000 ;   0.000 ; RR ; IC     ; 1      ; IOIBUF_X148_Y16_N32 ;           ; CLK_50~input|i                                                                   ;
;   0.261 ;   0.261 ; RR ; CELL   ; 1      ; IOIBUF_X148_Y16_N32 ;           ; CLK_50~input|o                                                                   ;
;   0.322 ;   0.061 ; RR ; CELL   ; 1      ; IOIBUF_X148_Y16_N32 ;           ; CLK_50~input~io_48_lvds_tile_edge/ioclkin[0]                                     ;
;   0.322 ;   0.000 ; RR ; IC     ; 2      ; CLKCTRL_3A_G_I20    ;           ; CLK_50~inputCLKENA0|inclk                                                        ;
;   0.551 ;   0.229 ; RR ; CELL   ; 181963 ; CLKCTRL_3A_G_I20    ;           ; CLK_50~inputCLKENA0|outclk                                                       ;
;   2.472 ;   1.921 ; RR ; IC     ; 1      ; FF_X86_Y9_N37       ; Low Power ; System|intel_niosv_g_0|intel_niosv_g_0|hart|core_inst|csr_inst|dscratch0[18]|clk ;
;   2.472 ;   0.000 ; RR ; CELL   ; 1      ; FF_X86_Y9_N37       ; Low Power ; System|intel_niosv_g_0|intel_niosv_g_0|hart|core_inst|csr_inst|dscratch0[18]     ;
; 2.748   ; 0.276   ;    ;        ;        ;                     ;           ; data path                                                                        ;
;   2.585 ;   0.113 ; FF ; uTco   ; 2      ; FF_X86_Y9_N37       ;           ; System|intel_niosv_g_0|intel_niosv_g_0|hart|core_inst|csr_inst|dscratch0[18]|q   ;
;   2.585 ;   0.000 ; FF ; CELL   ; 1      ; MLABCELL_X86_Y9_N36 ; Low Power ; System|intel_niosv_g_0|intel_niosv_g_0|hart|core_inst|csr_inst|i1962~18|datad    ;
;   2.748 ;   0.163 ; FF ; CELL   ; 1      ; MLABCELL_X86_Y9_N36 ; Low Power ; System|intel_niosv_g_0|intel_niosv_g_0|hart|core_inst|csr_inst|i1962~18|combout  ;
;   2.748 ;   0.000 ; FF ; CELL   ; 1      ; FF_X86_Y9_N37       ; Low Power ; System|intel_niosv_g_0|intel_niosv_g_0|hart|core_inst|csr_inst|dscratch0[18]|d   ;
;   2.748 ;   0.000 ; FF ; CELL   ; 1      ; FF_X86_Y9_N37       ; Low Power ; System|intel_niosv_g_0|intel_niosv_g_0|hart|core_inst|csr_inst|dscratch0[18]     ;
+---------+---------+----+--------+--------+---------------------+-----------+----------------------------------------------------------------------------------+

+----------------------------------------------------------------------------------------------------------------------------------------------------------------+
; Data Required Path                                                                                                                                             ;
+---------+----------+----+--------+--------+---------------------+-----------+----------------------------------------------------------------------------------+
; Total   ; Incr     ; RF ; Type   ; Fanout ; Location            ; HS/LP     ; Element                                                                          ;
+---------+----------+----+--------+--------+---------------------+-----------+----------------------------------------------------------------------------------+
; 0.000   ; 0.000    ;    ;        ;        ;                     ;           ; latch edge time                                                                  ;
; 0.000   ; 0.000    ;    ; borrow ;        ;                     ;           ; time borrowed                                                                    ;
; 2.472   ; 2.472    ;    ;        ;        ;                     ;           ; clock path                                                                       ;
;   0.000 ;   0.000  ;    ;        ;        ;                     ;           ; source latency                                                                   ;
;   0.000 ;   0.000  ;    ;        ; 1      ; PIN_AM10            ;           ; CLK_50                                                                           ;
;   0.000 ;   0.000  ; RR ; IC     ; 1      ; IOIBUF_X148_Y16_N32 ;           ; CLK_50~input|i                                                                   ;
;   0.261 ;   0.261  ; RR ; CELL   ; 1      ; IOIBUF_X148_Y16_N32 ;           ; CLK_50~input|o                                                                   ;
;   0.336 ;   0.075  ; RR ; CELL   ; 1      ; IOIBUF_X148_Y16_N32 ;           ; CLK_50~input~io_48_lvds_tile_edge/ioclkin[0]                                     ;
;   0.336 ;   0.000  ; RR ; IC     ; 2      ; CLKCTRL_3A_G_I20    ;           ; CLK_50~inputCLKENA0|inclk                                                        ;
;   0.613 ;   0.277  ; RR ; CELL   ; 181963 ; CLKCTRL_3A_G_I20    ;           ; CLK_50~inputCLKENA0|outclk                                                       ;
;   2.700 ;   2.087  ; RR ; IC     ; 1      ; FF_X86_Y9_N37       ; Low Power ; System|intel_niosv_g_0|intel_niosv_g_0|hart|core_inst|csr_inst|dscratch0[18]|clk ;
;   2.700 ;   0.000  ; RR ; CELL   ; 1      ; FF_X86_Y9_N37       ; Low Power ; System|intel_niosv_g_0|intel_niosv_g_0|hart|core_inst|csr_inst|dscratch0[18]     ;
;   2.472 ;   -0.228 ;    ;        ;        ;                     ;           ; clock pessimism removed                                                          ;
; 2.472   ; 0.000    ;    ;        ;        ;                     ;           ; clock uncertainty                                                                ;
; 2.730   ; 0.258    ;    ; uTh    ; 1      ; FF_X86_Y9_N37       ;           ; System|intel_niosv_g_0|intel_niosv_g_0|hart|core_inst|csr_inst|dscratch0[18]     ;
+---------+----------+----+--------+--------+---------------------+-----------+----------------------------------------------------------------------------------+



Path #6: Hold slack is 0.018 
===============================================================================
+---------------------------------------------------------------------------------------------------------------+
; Path Summary                                                                                                  ;
+---------------------------------+-----------------------------------------------------------------------------+
; Property                        ; Value                                                                       ;
+---------------------------------+-----------------------------------------------------------------------------+
; From Node                       ; System|intel_niosv_g_0|intel_niosv_g_0|hart|core_inst|csr_inst|dscratch0[2] ;
; To Node                         ; System|intel_niosv_g_0|intel_niosv_g_0|hart|core_inst|csr_inst|dscratch0[2] ;
; Launch Clock                    ; CLK_50                                                                      ;
; Latch Clock                     ; CLK_50                                                                      ;
; SDC Exception                   ; No SDC Exception on Path                                                    ;
; Data Arrival Time               ; 2.733                                                                       ;
; Data Required Time              ; 2.715                                                                       ;
; Slack                           ; 0.018                                                                       ;
; Worst-Case Operating Conditions ; Fast 900mV 0C Model                                                         ;
+---------------------------------+-----------------------------------------------------------------------------+

+-----------------------------------------------------------------------------------+
; Statistics                                                                        ;
+------------------------+-------+-------+-------------+------------+-------+-------+
; Property               ; Value ; Count ; Total Delay ; % of Total ; Min   ; Max   ;
+------------------------+-------+-------+-------------+------------+-------+-------+
; Hold Relationship      ; 0.000 ;       ;             ;            ;       ;       ;
; Clock Skew             ; 0.000 ;       ;             ;            ;       ;       ;
; Data Delay             ; 0.275 ;       ;             ;            ;       ;       ;
; Number of Logic Levels ;       ; 1     ;             ;            ;       ;       ;
; Physical Delays        ;       ;       ;             ;            ;       ;       ;
;  Arrival Path          ;       ;       ;             ;            ;       ;       ;
;   Clock                ;       ;       ;             ;            ;       ;       ;
;    IC                  ;       ; 3     ; 1.907       ; 78         ; 0.000 ; 1.907 ;
;    Cell                ;       ; 4     ; 0.551       ; 22         ; 0.000 ; 0.261 ;
;   Data                 ;       ;       ;             ;            ;       ;       ;
;    Cell                ;       ; 4     ; 0.163       ; 59         ; 0.000 ; 0.163 ;
;    uTco                ;       ; 1     ; 0.112       ; 41         ; 0.112 ; 0.112 ;
;  Required Path         ;       ;       ;             ;            ;       ;       ;
;   Clock                ;       ;       ;             ;            ;       ;       ;
;    IC                  ;       ; 3     ; 2.072       ; 77         ; 0.000 ; 2.072 ;
;    Cell                ;       ; 4     ; 0.613       ; 23         ; 0.000 ; 0.277 ;
+------------------------+-------+-------+-------------+------------+-------+-------+
Note: Negative delays are omitted from totals when calculating percentages

+---------------------------------------------------------------------------------------------------------------------------------------------------------------+
; Data Arrival Path                                                                                                                                             ;
+---------+---------+----+--------+--------+----------------------+-----------+---------------------------------------------------------------------------------+
; Total   ; Incr    ; RF ; Type   ; Fanout ; Location             ; HS/LP     ; Element                                                                         ;
+---------+---------+----+--------+--------+----------------------+-----------+---------------------------------------------------------------------------------+
; 0.000   ; 0.000   ;    ;        ;        ;                      ;           ; launch edge time                                                                ;
; 0.000   ; 0.000   ;    ; borrow ;        ;                      ;           ; time borrowed                                                                   ;
; 2.458   ; 2.458   ;    ;        ;        ;                      ;           ; clock path                                                                      ;
;   0.000 ;   0.000 ;    ;        ;        ;                      ;           ; source latency                                                                  ;
;   0.000 ;   0.000 ;    ;        ; 1      ; PIN_AM10             ;           ; CLK_50                                                                          ;
;   0.000 ;   0.000 ; RR ; IC     ; 1      ; IOIBUF_X148_Y16_N32  ;           ; CLK_50~input|i                                                                  ;
;   0.261 ;   0.261 ; RR ; CELL   ; 1      ; IOIBUF_X148_Y16_N32  ;           ; CLK_50~input|o                                                                  ;
;   0.322 ;   0.061 ; RR ; CELL   ; 1      ; IOIBUF_X148_Y16_N32  ;           ; CLK_50~input~io_48_lvds_tile_edge/ioclkin[0]                                    ;
;   0.322 ;   0.000 ; RR ; IC     ; 2      ; CLKCTRL_3A_G_I20     ;           ; CLK_50~inputCLKENA0|inclk                                                       ;
;   0.551 ;   0.229 ; RR ; CELL   ; 181963 ; CLKCTRL_3A_G_I20     ;           ; CLK_50~inputCLKENA0|outclk                                                      ;
;   2.458 ;   1.907 ; RR ; IC     ; 1      ; FF_X83_Y16_N43       ; Low Power ; System|intel_niosv_g_0|intel_niosv_g_0|hart|core_inst|csr_inst|dscratch0[2]|clk ;
;   2.458 ;   0.000 ; RR ; CELL   ; 1      ; FF_X83_Y16_N43       ; Low Power ; System|intel_niosv_g_0|intel_niosv_g_0|hart|core_inst|csr_inst|dscratch0[2]     ;
; 2.733   ; 0.275   ;    ;        ;        ;                      ;           ; data path                                                                       ;
;   2.570 ;   0.112 ; FF ; uTco   ; 2      ; FF_X83_Y16_N43       ;           ; System|intel_niosv_g_0|intel_niosv_g_0|hart|core_inst|csr_inst|dscratch0[2]|q   ;
;   2.570 ;   0.000 ; FF ; CELL   ; 1      ; MLABCELL_X83_Y16_N42 ; Low Power ; System|intel_niosv_g_0|intel_niosv_g_0|hart|core_inst|csr_inst|i1962~3|datad    ;
;   2.733 ;   0.163 ; FF ; CELL   ; 1      ; MLABCELL_X83_Y16_N42 ; Low Power ; System|intel_niosv_g_0|intel_niosv_g_0|hart|core_inst|csr_inst|i1962~3|combout  ;
;   2.733 ;   0.000 ; FF ; CELL   ; 1      ; FF_X83_Y16_N43       ; Low Power ; System|intel_niosv_g_0|intel_niosv_g_0|hart|core_inst|csr_inst|dscratch0[2]|d   ;
;   2.733 ;   0.000 ; FF ; CELL   ; 1      ; FF_X83_Y16_N43       ; Low Power ; System|intel_niosv_g_0|intel_niosv_g_0|hart|core_inst|csr_inst|dscratch0[2]     ;
+---------+---------+----+--------+--------+----------------------+-----------+---------------------------------------------------------------------------------+

+---------------------------------------------------------------------------------------------------------------------------------------------------------------+
; Data Required Path                                                                                                                                            ;
+---------+----------+----+--------+--------+---------------------+-----------+---------------------------------------------------------------------------------+
; Total   ; Incr     ; RF ; Type   ; Fanout ; Location            ; HS/LP     ; Element                                                                         ;
+---------+----------+----+--------+--------+---------------------+-----------+---------------------------------------------------------------------------------+
; 0.000   ; 0.000    ;    ;        ;        ;                     ;           ; latch edge time                                                                 ;
; 0.000   ; 0.000    ;    ; borrow ;        ;                     ;           ; time borrowed                                                                   ;
; 2.458   ; 2.458    ;    ;        ;        ;                     ;           ; clock path                                                                      ;
;   0.000 ;   0.000  ;    ;        ;        ;                     ;           ; source latency                                                                  ;
;   0.000 ;   0.000  ;    ;        ; 1      ; PIN_AM10            ;           ; CLK_50                                                                          ;
;   0.000 ;   0.000  ; RR ; IC     ; 1      ; IOIBUF_X148_Y16_N32 ;           ; CLK_50~input|i                                                                  ;
;   0.261 ;   0.261  ; RR ; CELL   ; 1      ; IOIBUF_X148_Y16_N32 ;           ; CLK_50~input|o                                                                  ;
;   0.336 ;   0.075  ; RR ; CELL   ; 1      ; IOIBUF_X148_Y16_N32 ;           ; CLK_50~input~io_48_lvds_tile_edge/ioclkin[0]                                    ;
;   0.336 ;   0.000  ; RR ; IC     ; 2      ; CLKCTRL_3A_G_I20    ;           ; CLK_50~inputCLKENA0|inclk                                                       ;
;   0.613 ;   0.277  ; RR ; CELL   ; 181963 ; CLKCTRL_3A_G_I20    ;           ; CLK_50~inputCLKENA0|outclk                                                      ;
;   2.685 ;   2.072  ; RR ; IC     ; 1      ; FF_X83_Y16_N43      ; Low Power ; System|intel_niosv_g_0|intel_niosv_g_0|hart|core_inst|csr_inst|dscratch0[2]|clk ;
;   2.685 ;   0.000  ; RR ; CELL   ; 1      ; FF_X83_Y16_N43      ; Low Power ; System|intel_niosv_g_0|intel_niosv_g_0|hart|core_inst|csr_inst|dscratch0[2]     ;
;   2.458 ;   -0.227 ;    ;        ;        ;                     ;           ; clock pessimism removed                                                         ;
; 2.458   ; 0.000    ;    ;        ;        ;                     ;           ; clock uncertainty                                                               ;
; 2.715   ; 0.257    ;    ; uTh    ; 1      ; FF_X83_Y16_N43      ;           ; System|intel_niosv_g_0|intel_niosv_g_0|hart|core_inst|csr_inst|dscratch0[2]     ;
+---------+----------+----+--------+--------+---------------------+-----------+---------------------------------------------------------------------------------+



Path #7: Hold slack is 0.019 
===============================================================================
+-----------------------------------------------------------------------------------------------------------------+
; Path Summary                                                                                                    ;
+---------------------------------+-------------------------------------------------------------------------------+
; Property                        ; Value                                                                         ;
+---------------------------------+-------------------------------------------------------------------------------+
; From Node                       ; System|intel_niosv_g_0|intel_niosv_g_0|hart|core_inst|csr_inst|mtvec.base[19] ;
; To Node                         ; System|intel_niosv_g_0|intel_niosv_g_0|hart|core_inst|csr_inst|mtvec.base[19] ;
; Launch Clock                    ; CLK_50                                                                        ;
; Latch Clock                     ; CLK_50                                                                        ;
; SDC Exception                   ; No SDC Exception on Path                                                      ;
; Data Arrival Time               ; 2.756                                                                         ;
; Data Required Time              ; 2.737                                                                         ;
; Slack                           ; 0.019                                                                         ;
; Worst-Case Operating Conditions ; Fast 900mV 0C Model                                                           ;
+---------------------------------+-------------------------------------------------------------------------------+

+-----------------------------------------------------------------------------------+
; Statistics                                                                        ;
+------------------------+-------+-------+-------------+------------+-------+-------+
; Property               ; Value ; Count ; Total Delay ; % of Total ; Min   ; Max   ;
+------------------------+-------+-------+-------------+------------+-------+-------+
; Hold Relationship      ; 0.000 ;       ;             ;            ;       ;       ;
; Clock Skew             ; 0.000 ;       ;             ;            ;       ;       ;
; Data Delay             ; 0.284 ;       ;             ;            ;       ;       ;
; Number of Logic Levels ;       ; 1     ;             ;            ;       ;       ;
; Physical Delays        ;       ;       ;             ;            ;       ;       ;
;  Arrival Path          ;       ;       ;             ;            ;       ;       ;
;   Clock                ;       ;       ;             ;            ;       ;       ;
;    IC                  ;       ; 3     ; 1.921       ; 78         ; 0.000 ; 1.921 ;
;    Cell                ;       ; 4     ; 0.551       ; 22         ; 0.000 ; 0.261 ;
;   Data                 ;       ;       ;             ;            ;       ;       ;
;    Cell                ;       ; 4     ; 0.166       ; 58         ; 0.000 ; 0.166 ;
;    uTco                ;       ; 1     ; 0.118       ; 42         ; 0.118 ; 0.118 ;
;  Required Path         ;       ;       ;             ;            ;       ;       ;
;   Clock                ;       ;       ;             ;            ;       ;       ;
;    IC                  ;       ; 3     ; 2.087       ; 77         ; 0.000 ; 2.087 ;
;    Cell                ;       ; 4     ; 0.613       ; 23         ; 0.000 ; 0.277 ;
+------------------------+-------+-------+-------------+------------+-------+-------+
Note: Negative delays are omitted from totals when calculating percentages

+-----------------------------------------------------------------------------------------------------------------------------------------------------------------+
; Data Arrival Path                                                                                                                                               ;
+---------+---------+----+--------+--------+----------------------+-----------+-----------------------------------------------------------------------------------+
; Total   ; Incr    ; RF ; Type   ; Fanout ; Location             ; HS/LP     ; Element                                                                           ;
+---------+---------+----+--------+--------+----------------------+-----------+-----------------------------------------------------------------------------------+
; 0.000   ; 0.000   ;    ;        ;        ;                      ;           ; launch edge time                                                                  ;
; 0.000   ; 0.000   ;    ; borrow ;        ;                      ;           ; time borrowed                                                                     ;
; 2.472   ; 2.472   ;    ;        ;        ;                      ;           ; clock path                                                                        ;
;   0.000 ;   0.000 ;    ;        ;        ;                      ;           ; source latency                                                                    ;
;   0.000 ;   0.000 ;    ;        ; 1      ; PIN_AM10             ;           ; CLK_50                                                                            ;
;   0.000 ;   0.000 ; RR ; IC     ; 1      ; IOIBUF_X148_Y16_N32  ;           ; CLK_50~input|i                                                                    ;
;   0.261 ;   0.261 ; RR ; CELL   ; 1      ; IOIBUF_X148_Y16_N32  ;           ; CLK_50~input|o                                                                    ;
;   0.322 ;   0.061 ; RR ; CELL   ; 1      ; IOIBUF_X148_Y16_N32  ;           ; CLK_50~input~io_48_lvds_tile_edge/ioclkin[0]                                      ;
;   0.322 ;   0.000 ; RR ; IC     ; 2      ; CLKCTRL_3A_G_I20     ;           ; CLK_50~inputCLKENA0|inclk                                                         ;
;   0.551 ;   0.229 ; RR ; CELL   ; 181963 ; CLKCTRL_3A_G_I20     ;           ; CLK_50~inputCLKENA0|outclk                                                        ;
;   2.472 ;   1.921 ; RR ; IC     ; 1      ; FF_X80_Y10_N20       ; Low Power ; System|intel_niosv_g_0|intel_niosv_g_0|hart|core_inst|csr_inst|mtvec.base[19]|clk ;
;   2.472 ;   0.000 ; RR ; CELL   ; 1      ; FF_X80_Y10_N20       ; Low Power ; System|intel_niosv_g_0|intel_niosv_g_0|hart|core_inst|csr_inst|mtvec.base[19]     ;
; 2.756   ; 0.284   ;    ;        ;        ;                      ;           ; data path                                                                         ;
;   2.590 ;   0.118 ; FF ; uTco   ; 2      ; FF_X80_Y10_N20       ;           ; System|intel_niosv_g_0|intel_niosv_g_0|hart|core_inst|csr_inst|mtvec.base[19]|q   ;
;   2.590 ;   0.000 ; FF ; CELL   ; 1      ; MLABCELL_X80_Y10_N18 ; Low Power ; System|intel_niosv_g_0|intel_niosv_g_0|hart|core_inst|csr_inst|i951~18|datae      ;
;   2.756 ;   0.166 ; FF ; CELL   ; 2      ; MLABCELL_X80_Y10_N18 ; Low Power ; System|intel_niosv_g_0|intel_niosv_g_0|hart|core_inst|csr_inst|i951~18|combout    ;
;   2.756 ;   0.000 ; FF ; CELL   ; 1      ; FF_X80_Y10_N20       ; Low Power ; System|intel_niosv_g_0|intel_niosv_g_0|hart|core_inst|csr_inst|mtvec.base[19]|d   ;
;   2.756 ;   0.000 ; FF ; CELL   ; 1      ; FF_X80_Y10_N20       ; Low Power ; System|intel_niosv_g_0|intel_niosv_g_0|hart|core_inst|csr_inst|mtvec.base[19]     ;
+---------+---------+----+--------+--------+----------------------+-----------+-----------------------------------------------------------------------------------+

+-----------------------------------------------------------------------------------------------------------------------------------------------------------------+
; Data Required Path                                                                                                                                              ;
+---------+----------+----+--------+--------+---------------------+-----------+-----------------------------------------------------------------------------------+
; Total   ; Incr     ; RF ; Type   ; Fanout ; Location            ; HS/LP     ; Element                                                                           ;
+---------+----------+----+--------+--------+---------------------+-----------+-----------------------------------------------------------------------------------+
; 0.000   ; 0.000    ;    ;        ;        ;                     ;           ; latch edge time                                                                   ;
; 0.000   ; 0.000    ;    ; borrow ;        ;                     ;           ; time borrowed                                                                     ;
; 2.472   ; 2.472    ;    ;        ;        ;                     ;           ; clock path                                                                        ;
;   0.000 ;   0.000  ;    ;        ;        ;                     ;           ; source latency                                                                    ;
;   0.000 ;   0.000  ;    ;        ; 1      ; PIN_AM10            ;           ; CLK_50                                                                            ;
;   0.000 ;   0.000  ; RR ; IC     ; 1      ; IOIBUF_X148_Y16_N32 ;           ; CLK_50~input|i                                                                    ;
;   0.261 ;   0.261  ; RR ; CELL   ; 1      ; IOIBUF_X148_Y16_N32 ;           ; CLK_50~input|o                                                                    ;
;   0.336 ;   0.075  ; RR ; CELL   ; 1      ; IOIBUF_X148_Y16_N32 ;           ; CLK_50~input~io_48_lvds_tile_edge/ioclkin[0]                                      ;
;   0.336 ;   0.000  ; RR ; IC     ; 2      ; CLKCTRL_3A_G_I20    ;           ; CLK_50~inputCLKENA0|inclk                                                         ;
;   0.613 ;   0.277  ; RR ; CELL   ; 181963 ; CLKCTRL_3A_G_I20    ;           ; CLK_50~inputCLKENA0|outclk                                                        ;
;   2.700 ;   2.087  ; RR ; IC     ; 1      ; FF_X80_Y10_N20      ; Low Power ; System|intel_niosv_g_0|intel_niosv_g_0|hart|core_inst|csr_inst|mtvec.base[19]|clk ;
;   2.700 ;   0.000  ; RR ; CELL   ; 1      ; FF_X80_Y10_N20      ; Low Power ; System|intel_niosv_g_0|intel_niosv_g_0|hart|core_inst|csr_inst|mtvec.base[19]     ;
;   2.472 ;   -0.228 ;    ;        ;        ;                     ;           ; clock pessimism removed                                                           ;
; 2.472   ; 0.000    ;    ;        ;        ;                     ;           ; clock uncertainty                                                                 ;
; 2.737   ; 0.265    ;    ; uTh    ; 1      ; FF_X80_Y10_N20      ;           ; System|intel_niosv_g_0|intel_niosv_g_0|hart|core_inst|csr_inst|mtvec.base[19]     ;
+---------+----------+----+--------+--------+---------------------+-----------+-----------------------------------------------------------------------------------+



Path #8: Hold slack is 0.019 
===============================================================================
+----------------------------------------------------------------------------------------------------------------+
; Path Summary                                                                                                   ;
+---------------------------------+------------------------------------------------------------------------------+
; Property                        ; Value                                                                        ;
+---------------------------------+------------------------------------------------------------------------------+
; From Node                       ; System|intel_niosv_g_0|intel_niosv_g_0|hart|core_inst|csr_inst|dscratch0[17] ;
; To Node                         ; System|intel_niosv_g_0|intel_niosv_g_0|hart|core_inst|csr_inst|dscratch0[17] ;
; Launch Clock                    ; CLK_50                                                                       ;
; Latch Clock                     ; CLK_50                                                                       ;
; SDC Exception                   ; No SDC Exception on Path                                                     ;
; Data Arrival Time               ; 2.750                                                                        ;
; Data Required Time              ; 2.731                                                                        ;
; Slack                           ; 0.019                                                                        ;
; Worst-Case Operating Conditions ; Fast 900mV 0C Model                                                          ;
+---------------------------------+------------------------------------------------------------------------------+

+-----------------------------------------------------------------------------------+
; Statistics                                                                        ;
+------------------------+-------+-------+-------------+------------+-------+-------+
; Property               ; Value ; Count ; Total Delay ; % of Total ; Min   ; Max   ;
+------------------------+-------+-------+-------------+------------+-------+-------+
; Hold Relationship      ; 0.000 ;       ;             ;            ;       ;       ;
; Clock Skew             ; 0.000 ;       ;             ;            ;       ;       ;
; Data Delay             ; 0.281 ;       ;             ;            ;       ;       ;
; Number of Logic Levels ;       ; 1     ;             ;            ;       ;       ;
; Physical Delays        ;       ;       ;             ;            ;       ;       ;
;  Arrival Path          ;       ;       ;             ;            ;       ;       ;
;   Clock                ;       ;       ;             ;            ;       ;       ;
;    IC                  ;       ; 3     ; 1.918       ; 78         ; 0.000 ; 1.918 ;
;    Cell                ;       ; 4     ; 0.551       ; 22         ; 0.000 ; 0.261 ;
;   Data                 ;       ;       ;             ;            ;       ;       ;
;    Cell                ;       ; 4     ; 0.164       ; 58         ; 0.000 ; 0.164 ;
;    uTco                ;       ; 1     ; 0.117       ; 42         ; 0.117 ; 0.117 ;
;  Required Path         ;       ;       ;             ;            ;       ;       ;
;   Clock                ;       ;       ;             ;            ;       ;       ;
;    IC                  ;       ; 3     ; 2.084       ; 77         ; 0.000 ; 2.084 ;
;    Cell                ;       ; 4     ; 0.613       ; 23         ; 0.000 ; 0.277 ;
+------------------------+-------+-------+-------------+------------+-------+-------+
Note: Negative delays are omitted from totals when calculating percentages

+----------------------------------------------------------------------------------------------------------------------------------------------------------------+
; Data Arrival Path                                                                                                                                              ;
+---------+---------+----+--------+--------+----------------------+-----------+----------------------------------------------------------------------------------+
; Total   ; Incr    ; RF ; Type   ; Fanout ; Location             ; HS/LP     ; Element                                                                          ;
+---------+---------+----+--------+--------+----------------------+-----------+----------------------------------------------------------------------------------+
; 0.000   ; 0.000   ;    ;        ;        ;                      ;           ; launch edge time                                                                 ;
; 0.000   ; 0.000   ;    ; borrow ;        ;                      ;           ; time borrowed                                                                    ;
; 2.469   ; 2.469   ;    ;        ;        ;                      ;           ; clock path                                                                       ;
;   0.000 ;   0.000 ;    ;        ;        ;                      ;           ; source latency                                                                   ;
;   0.000 ;   0.000 ;    ;        ; 1      ; PIN_AM10             ;           ; CLK_50                                                                           ;
;   0.000 ;   0.000 ; RR ; IC     ; 1      ; IOIBUF_X148_Y16_N32  ;           ; CLK_50~input|i                                                                   ;
;   0.261 ;   0.261 ; RR ; CELL   ; 1      ; IOIBUF_X148_Y16_N32  ;           ; CLK_50~input|o                                                                   ;
;   0.322 ;   0.061 ; RR ; CELL   ; 1      ; IOIBUF_X148_Y16_N32  ;           ; CLK_50~input~io_48_lvds_tile_edge/ioclkin[0]                                     ;
;   0.322 ;   0.000 ; RR ; IC     ; 2      ; CLKCTRL_3A_G_I20     ;           ; CLK_50~inputCLKENA0|inclk                                                        ;
;   0.551 ;   0.229 ; RR ; CELL   ; 181963 ; CLKCTRL_3A_G_I20     ;           ; CLK_50~inputCLKENA0|outclk                                                       ;
;   2.469 ;   1.918 ; RR ; IC     ; 1      ; FF_X83_Y12_N25       ; Low Power ; System|intel_niosv_g_0|intel_niosv_g_0|hart|core_inst|csr_inst|dscratch0[17]|clk ;
;   2.469 ;   0.000 ; RR ; CELL   ; 1      ; FF_X83_Y12_N25       ; Low Power ; System|intel_niosv_g_0|intel_niosv_g_0|hart|core_inst|csr_inst|dscratch0[17]     ;
; 2.750   ; 0.281   ;    ;        ;        ;                      ;           ; data path                                                                        ;
;   2.586 ;   0.117 ; FF ; uTco   ; 2      ; FF_X83_Y12_N25       ;           ; System|intel_niosv_g_0|intel_niosv_g_0|hart|core_inst|csr_inst|dscratch0[17]|q   ;
;   2.586 ;   0.000 ; FF ; CELL   ; 1      ; MLABCELL_X83_Y12_N24 ; Low Power ; System|intel_niosv_g_0|intel_niosv_g_0|hart|core_inst|csr_inst|i1962~16|datad    ;
;   2.750 ;   0.164 ; FF ; CELL   ; 1      ; MLABCELL_X83_Y12_N24 ; Low Power ; System|intel_niosv_g_0|intel_niosv_g_0|hart|core_inst|csr_inst|i1962~16|combout  ;
;   2.750 ;   0.000 ; FF ; CELL   ; 1      ; FF_X83_Y12_N25       ; Low Power ; System|intel_niosv_g_0|intel_niosv_g_0|hart|core_inst|csr_inst|dscratch0[17]|d   ;
;   2.750 ;   0.000 ; FF ; CELL   ; 1      ; FF_X83_Y12_N25       ; Low Power ; System|intel_niosv_g_0|intel_niosv_g_0|hart|core_inst|csr_inst|dscratch0[17]     ;
+---------+---------+----+--------+--------+----------------------+-----------+----------------------------------------------------------------------------------+

+----------------------------------------------------------------------------------------------------------------------------------------------------------------+
; Data Required Path                                                                                                                                             ;
+---------+----------+----+--------+--------+---------------------+-----------+----------------------------------------------------------------------------------+
; Total   ; Incr     ; RF ; Type   ; Fanout ; Location            ; HS/LP     ; Element                                                                          ;
+---------+----------+----+--------+--------+---------------------+-----------+----------------------------------------------------------------------------------+
; 0.000   ; 0.000    ;    ;        ;        ;                     ;           ; latch edge time                                                                  ;
; 0.000   ; 0.000    ;    ; borrow ;        ;                     ;           ; time borrowed                                                                    ;
; 2.469   ; 2.469    ;    ;        ;        ;                     ;           ; clock path                                                                       ;
;   0.000 ;   0.000  ;    ;        ;        ;                     ;           ; source latency                                                                   ;
;   0.000 ;   0.000  ;    ;        ; 1      ; PIN_AM10            ;           ; CLK_50                                                                           ;
;   0.000 ;   0.000  ; RR ; IC     ; 1      ; IOIBUF_X148_Y16_N32 ;           ; CLK_50~input|i                                                                   ;
;   0.261 ;   0.261  ; RR ; CELL   ; 1      ; IOIBUF_X148_Y16_N32 ;           ; CLK_50~input|o                                                                   ;
;   0.336 ;   0.075  ; RR ; CELL   ; 1      ; IOIBUF_X148_Y16_N32 ;           ; CLK_50~input~io_48_lvds_tile_edge/ioclkin[0]                                     ;
;   0.336 ;   0.000  ; RR ; IC     ; 2      ; CLKCTRL_3A_G_I20    ;           ; CLK_50~inputCLKENA0|inclk                                                        ;
;   0.613 ;   0.277  ; RR ; CELL   ; 181963 ; CLKCTRL_3A_G_I20    ;           ; CLK_50~inputCLKENA0|outclk                                                       ;
;   2.697 ;   2.084  ; RR ; IC     ; 1      ; FF_X83_Y12_N25      ; Low Power ; System|intel_niosv_g_0|intel_niosv_g_0|hart|core_inst|csr_inst|dscratch0[17]|clk ;
;   2.697 ;   0.000  ; RR ; CELL   ; 1      ; FF_X83_Y12_N25      ; Low Power ; System|intel_niosv_g_0|intel_niosv_g_0|hart|core_inst|csr_inst|dscratch0[17]     ;
;   2.469 ;   -0.228 ;    ;        ;        ;                     ;           ; clock pessimism removed                                                          ;
; 2.469   ; 0.000    ;    ;        ;        ;                     ;           ; clock uncertainty                                                                ;
; 2.731   ; 0.262    ;    ; uTh    ; 1      ; FF_X83_Y12_N25      ;           ; System|intel_niosv_g_0|intel_niosv_g_0|hart|core_inst|csr_inst|dscratch0[17]     ;
+---------+----------+----+--------+--------+---------------------+-----------+----------------------------------------------------------------------------------+



Path #9: Hold slack is 0.019 
===============================================================================
+-------------------------------------------------------------------------------------------------------------------+
; Path Summary                                                                                                      ;
+---------------------------------+---------------------------------------------------------------------------------+
; Property                        ; Value                                                                           ;
+---------------------------------+---------------------------------------------------------------------------------+
; From Node                       ; System|intel_niosv_g_0|intel_niosv_g_0|hart|core_inst|icache_inst|word_valid[1] ;
; To Node                         ; System|intel_niosv_g_0|intel_niosv_g_0|hart|core_inst|icache_inst|word_valid[1] ;
; Launch Clock                    ; CLK_50                                                                          ;
; Latch Clock                     ; CLK_50                                                                          ;
; SDC Exception                   ; No SDC Exception on Path                                                        ;
; Data Arrival Time               ; 2.689                                                                           ;
; Data Required Time              ; 2.670                                                                           ;
; Slack                           ; 0.019                                                                           ;
; Worst-Case Operating Conditions ; Fast 900mV 0C Model                                                             ;
+---------------------------------+---------------------------------------------------------------------------------+

+-----------------------------------------------------------------------------------+
; Statistics                                                                        ;
+------------------------+-------+-------+-------------+------------+-------+-------+
; Property               ; Value ; Count ; Total Delay ; % of Total ; Min   ; Max   ;
+------------------------+-------+-------+-------------+------------+-------+-------+
; Hold Relationship      ; 0.000 ;       ;             ;            ;       ;       ;
; Clock Skew             ; 0.001 ;       ;             ;            ;       ;       ;
; Data Delay             ; 0.257 ;       ;             ;            ;       ;       ;
; Number of Logic Levels ;       ; 1     ;             ;            ;       ;       ;
; Physical Delays        ;       ;       ;             ;            ;       ;       ;
;  Arrival Path          ;       ;       ;             ;            ;       ;       ;
;   Clock                ;       ;       ;             ;            ;       ;       ;
;    IC                  ;       ; 3     ; 1.881       ; 77         ; 0.000 ; 1.881 ;
;    Cell                ;       ; 4     ; 0.551       ; 23         ; 0.000 ; 0.261 ;
;   Data                 ;       ;       ;             ;            ;       ;       ;
;    Cell                ;       ; 4     ; 0.154       ; 60         ; 0.000 ; 0.154 ;
;    uTco                ;       ; 1     ; 0.103       ; 40         ; 0.103 ; 0.103 ;
;  Required Path         ;       ;       ;             ;            ;       ;       ;
;   Clock                ;       ;       ;             ;            ;       ;       ;
;    IC                  ;       ; 3     ; 2.045       ; 77         ; 0.000 ; 2.045 ;
;    Cell                ;       ; 4     ; 0.613       ; 23         ; 0.000 ; 0.277 ;
+------------------------+-------+-------+-------------+------------+-------+-------+
Note: Negative delays are omitted from totals when calculating percentages

+---------------------------------------------------------------------------------------------------------------------------------------------------------------------+
; Data Arrival Path                                                                                                                                                   ;
+---------+---------+----+--------+--------+-----------------------+------------+-------------------------------------------------------------------------------------+
; Total   ; Incr    ; RF ; Type   ; Fanout ; Location              ; HS/LP      ; Element                                                                             ;
+---------+---------+----+--------+--------+-----------------------+------------+-------------------------------------------------------------------------------------+
; 0.000   ; 0.000   ;    ;        ;        ;                       ;            ; launch edge time                                                                    ;
; 0.000   ; 0.000   ;    ; borrow ;        ;                       ;            ; time borrowed                                                                       ;
; 2.432   ; 2.432   ;    ;        ;        ;                       ;            ; clock path                                                                          ;
;   0.000 ;   0.000 ;    ;        ;        ;                       ;            ; source latency                                                                      ;
;   0.000 ;   0.000 ;    ;        ; 1      ; PIN_AM10              ;            ; CLK_50                                                                              ;
;   0.000 ;   0.000 ; RR ; IC     ; 1      ; IOIBUF_X148_Y16_N32   ;            ; CLK_50~input|i                                                                      ;
;   0.261 ;   0.261 ; RR ; CELL   ; 1      ; IOIBUF_X148_Y16_N32   ;            ; CLK_50~input|o                                                                      ;
;   0.322 ;   0.061 ; RR ; CELL   ; 1      ; IOIBUF_X148_Y16_N32   ;            ; CLK_50~input~io_48_lvds_tile_edge/ioclkin[0]                                        ;
;   0.322 ;   0.000 ; RR ; IC     ; 2      ; CLKCTRL_3A_G_I20      ;            ; CLK_50~inputCLKENA0|inclk                                                           ;
;   0.551 ;   0.229 ; RR ; CELL   ; 181963 ; CLKCTRL_3A_G_I20      ;            ; CLK_50~inputCLKENA0|outclk                                                          ;
;   2.432 ;   1.881 ; RR ; IC     ; 1      ; FF_X105_Y17_N31       ; High Speed ; System|intel_niosv_g_0|intel_niosv_g_0|hart|core_inst|icache_inst|word_valid[1]|clk ;
;   2.432 ;   0.000 ; RR ; CELL   ; 1      ; FF_X105_Y17_N31       ; High Speed ; System|intel_niosv_g_0|intel_niosv_g_0|hart|core_inst|icache_inst|word_valid[1]     ;
; 2.689   ; 0.257   ;    ;        ;        ;                       ;            ; data path                                                                           ;
;   2.535 ;   0.103 ; FF ; uTco   ; 2      ; FF_X105_Y17_N31       ;            ; System|intel_niosv_g_0|intel_niosv_g_0|hart|core_inst|icache_inst|word_valid[1]|q   ;
;   2.535 ;   0.000 ; FF ; CELL   ; 1      ; MLABCELL_X105_Y17_N30 ; High Speed ; System|intel_niosv_g_0|intel_niosv_g_0|hart|core_inst|icache_inst|i1376~5|datae     ;
;   2.689 ;   0.154 ; FF ; CELL   ; 1      ; MLABCELL_X105_Y17_N30 ; High Speed ; System|intel_niosv_g_0|intel_niosv_g_0|hart|core_inst|icache_inst|i1376~5|combout   ;
;   2.689 ;   0.000 ; FF ; CELL   ; 1      ; FF_X105_Y17_N31       ; High Speed ; System|intel_niosv_g_0|intel_niosv_g_0|hart|core_inst|icache_inst|word_valid[1]|d   ;
;   2.689 ;   0.000 ; FF ; CELL   ; 1      ; FF_X105_Y17_N31       ; High Speed ; System|intel_niosv_g_0|intel_niosv_g_0|hart|core_inst|icache_inst|word_valid[1]     ;
+---------+---------+----+--------+--------+-----------------------+------------+-------------------------------------------------------------------------------------+

+--------------------------------------------------------------------------------------------------------------------------------------------------------------------+
; Data Required Path                                                                                                                                                 ;
+---------+----------+----+--------+--------+---------------------+------------+-------------------------------------------------------------------------------------+
; Total   ; Incr     ; RF ; Type   ; Fanout ; Location            ; HS/LP      ; Element                                                                             ;
+---------+----------+----+--------+--------+---------------------+------------+-------------------------------------------------------------------------------------+
; 0.000   ; 0.000    ;    ;        ;        ;                     ;            ; latch edge time                                                                     ;
; 0.000   ; 0.000    ;    ; borrow ;        ;                     ;            ; time borrowed                                                                       ;
; 2.433   ; 2.433    ;    ;        ;        ;                     ;            ; clock path                                                                          ;
;   0.000 ;   0.000  ;    ;        ;        ;                     ;            ; source latency                                                                      ;
;   0.000 ;   0.000  ;    ;        ; 1      ; PIN_AM10            ;            ; CLK_50                                                                              ;
;   0.000 ;   0.000  ; RR ; IC     ; 1      ; IOIBUF_X148_Y16_N32 ;            ; CLK_50~input|i                                                                      ;
;   0.261 ;   0.261  ; RR ; CELL   ; 1      ; IOIBUF_X148_Y16_N32 ;            ; CLK_50~input|o                                                                      ;
;   0.336 ;   0.075  ; RR ; CELL   ; 1      ; IOIBUF_X148_Y16_N32 ;            ; CLK_50~input~io_48_lvds_tile_edge/ioclkin[0]                                        ;
;   0.336 ;   0.000  ; RR ; IC     ; 2      ; CLKCTRL_3A_G_I20    ;            ; CLK_50~inputCLKENA0|inclk                                                           ;
;   0.613 ;   0.277  ; RR ; CELL   ; 181963 ; CLKCTRL_3A_G_I20    ;            ; CLK_50~inputCLKENA0|outclk                                                          ;
;   2.658 ;   2.045  ; RR ; IC     ; 1      ; FF_X105_Y17_N31     ; High Speed ; System|intel_niosv_g_0|intel_niosv_g_0|hart|core_inst|icache_inst|word_valid[1]|clk ;
;   2.658 ;   0.000  ; RR ; CELL   ; 1      ; FF_X105_Y17_N31     ; High Speed ; System|intel_niosv_g_0|intel_niosv_g_0|hart|core_inst|icache_inst|word_valid[1]     ;
;   2.433 ;   -0.225 ;    ;        ;        ;                     ;            ; clock pessimism removed                                                             ;
; 2.433   ; 0.000    ;    ;        ;        ;                     ;            ; clock uncertainty                                                                   ;
; 2.670   ; 0.237    ;    ; uTh    ; 1      ; FF_X105_Y17_N31     ;            ; System|intel_niosv_g_0|intel_niosv_g_0|hart|core_inst|icache_inst|word_valid[1]     ;
+---------+----------+----+--------+--------+---------------------+------------+-------------------------------------------------------------------------------------+



Path #10: Hold slack is 0.019 
===============================================================================
+-------------------------------------------------------------------------------------------------------------------+
; Path Summary                                                                                                      ;
+---------------------------------+---------------------------------------------------------------------------------+
; Property                        ; Value                                                                           ;
+---------------------------------+---------------------------------------------------------------------------------+
; From Node                       ; System|intel_niosv_g_0|intel_niosv_g_0|hart|core_inst|icache_inst|word_valid[7] ;
; To Node                         ; System|intel_niosv_g_0|intel_niosv_g_0|hart|core_inst|icache_inst|word_valid[7] ;
; Launch Clock                    ; CLK_50                                                                          ;
; Latch Clock                     ; CLK_50                                                                          ;
; SDC Exception                   ; No SDC Exception on Path                                                        ;
; Data Arrival Time               ; 2.689                                                                           ;
; Data Required Time              ; 2.670                                                                           ;
; Slack                           ; 0.019                                                                           ;
; Worst-Case Operating Conditions ; Fast 900mV 0C Model                                                             ;
+---------------------------------+---------------------------------------------------------------------------------+

+-----------------------------------------------------------------------------------+
; Statistics                                                                        ;
+------------------------+-------+-------+-------------+------------+-------+-------+
; Property               ; Value ; Count ; Total Delay ; % of Total ; Min   ; Max   ;
+------------------------+-------+-------+-------------+------------+-------+-------+
; Hold Relationship      ; 0.000 ;       ;             ;            ;       ;       ;
; Clock Skew             ; 0.001 ;       ;             ;            ;       ;       ;
; Data Delay             ; 0.257 ;       ;             ;            ;       ;       ;
; Number of Logic Levels ;       ; 1     ;             ;            ;       ;       ;
; Physical Delays        ;       ;       ;             ;            ;       ;       ;
;  Arrival Path          ;       ;       ;             ;            ;       ;       ;
;   Clock                ;       ;       ;             ;            ;       ;       ;
;    IC                  ;       ; 3     ; 1.881       ; 77         ; 0.000 ; 1.881 ;
;    Cell                ;       ; 4     ; 0.551       ; 23         ; 0.000 ; 0.261 ;
;   Data                 ;       ;       ;             ;            ;       ;       ;
;    Cell                ;       ; 4     ; 0.154       ; 60         ; 0.000 ; 0.154 ;
;    uTco                ;       ; 1     ; 0.103       ; 40         ; 0.103 ; 0.103 ;
;  Required Path         ;       ;       ;             ;            ;       ;       ;
;   Clock                ;       ;       ;             ;            ;       ;       ;
;    IC                  ;       ; 3     ; 2.045       ; 77         ; 0.000 ; 2.045 ;
;    Cell                ;       ; 4     ; 0.613       ; 23         ; 0.000 ; 0.277 ;
+------------------------+-------+-------+-------------+------------+-------+-------+
Note: Negative delays are omitted from totals when calculating percentages

+---------------------------------------------------------------------------------------------------------------------------------------------------------------------+
; Data Arrival Path                                                                                                                                                   ;
+---------+---------+----+--------+--------+-----------------------+------------+-------------------------------------------------------------------------------------+
; Total   ; Incr    ; RF ; Type   ; Fanout ; Location              ; HS/LP      ; Element                                                                             ;
+---------+---------+----+--------+--------+-----------------------+------------+-------------------------------------------------------------------------------------+
; 0.000   ; 0.000   ;    ;        ;        ;                       ;            ; launch edge time                                                                    ;
; 0.000   ; 0.000   ;    ; borrow ;        ;                       ;            ; time borrowed                                                                       ;
; 2.432   ; 2.432   ;    ;        ;        ;                       ;            ; clock path                                                                          ;
;   0.000 ;   0.000 ;    ;        ;        ;                       ;            ; source latency                                                                      ;
;   0.000 ;   0.000 ;    ;        ; 1      ; PIN_AM10              ;            ; CLK_50                                                                              ;
;   0.000 ;   0.000 ; RR ; IC     ; 1      ; IOIBUF_X148_Y16_N32   ;            ; CLK_50~input|i                                                                      ;
;   0.261 ;   0.261 ; RR ; CELL   ; 1      ; IOIBUF_X148_Y16_N32   ;            ; CLK_50~input|o                                                                      ;
;   0.322 ;   0.061 ; RR ; CELL   ; 1      ; IOIBUF_X148_Y16_N32   ;            ; CLK_50~input~io_48_lvds_tile_edge/ioclkin[0]                                        ;
;   0.322 ;   0.000 ; RR ; IC     ; 2      ; CLKCTRL_3A_G_I20      ;            ; CLK_50~inputCLKENA0|inclk                                                           ;
;   0.551 ;   0.229 ; RR ; CELL   ; 181963 ; CLKCTRL_3A_G_I20      ;            ; CLK_50~inputCLKENA0|outclk                                                          ;
;   2.432 ;   1.881 ; RR ; IC     ; 1      ; FF_X105_Y17_N43       ; High Speed ; System|intel_niosv_g_0|intel_niosv_g_0|hart|core_inst|icache_inst|word_valid[7]|clk ;
;   2.432 ;   0.000 ; RR ; CELL   ; 1      ; FF_X105_Y17_N43       ; High Speed ; System|intel_niosv_g_0|intel_niosv_g_0|hart|core_inst|icache_inst|word_valid[7]     ;
; 2.689   ; 0.257   ;    ;        ;        ;                       ;            ; data path                                                                           ;
;   2.535 ;   0.103 ; FF ; uTco   ; 2      ; FF_X105_Y17_N43       ;            ; System|intel_niosv_g_0|intel_niosv_g_0|hart|core_inst|icache_inst|word_valid[7]|q   ;
;   2.535 ;   0.000 ; FF ; CELL   ; 1      ; MLABCELL_X105_Y17_N42 ; High Speed ; System|intel_niosv_g_0|intel_niosv_g_0|hart|core_inst|icache_inst|i1376~3|datae     ;
;   2.689 ;   0.154 ; FF ; CELL   ; 1      ; MLABCELL_X105_Y17_N42 ; High Speed ; System|intel_niosv_g_0|intel_niosv_g_0|hart|core_inst|icache_inst|i1376~3|combout   ;
;   2.689 ;   0.000 ; FF ; CELL   ; 1      ; FF_X105_Y17_N43       ; High Speed ; System|intel_niosv_g_0|intel_niosv_g_0|hart|core_inst|icache_inst|word_valid[7]|d   ;
;   2.689 ;   0.000 ; FF ; CELL   ; 1      ; FF_X105_Y17_N43       ; High Speed ; System|intel_niosv_g_0|intel_niosv_g_0|hart|core_inst|icache_inst|word_valid[7]     ;
+---------+---------+----+--------+--------+-----------------------+------------+-------------------------------------------------------------------------------------+

+--------------------------------------------------------------------------------------------------------------------------------------------------------------------+
; Data Required Path                                                                                                                                                 ;
+---------+----------+----+--------+--------+---------------------+------------+-------------------------------------------------------------------------------------+
; Total   ; Incr     ; RF ; Type   ; Fanout ; Location            ; HS/LP      ; Element                                                                             ;
+---------+----------+----+--------+--------+---------------------+------------+-------------------------------------------------------------------------------------+
; 0.000   ; 0.000    ;    ;        ;        ;                     ;            ; latch edge time                                                                     ;
; 0.000   ; 0.000    ;    ; borrow ;        ;                     ;            ; time borrowed                                                                       ;
; 2.433   ; 2.433    ;    ;        ;        ;                     ;            ; clock path                                                                          ;
;   0.000 ;   0.000  ;    ;        ;        ;                     ;            ; source latency                                                                      ;
;   0.000 ;   0.000  ;    ;        ; 1      ; PIN_AM10            ;            ; CLK_50                                                                              ;
;   0.000 ;   0.000  ; RR ; IC     ; 1      ; IOIBUF_X148_Y16_N32 ;            ; CLK_50~input|i                                                                      ;
;   0.261 ;   0.261  ; RR ; CELL   ; 1      ; IOIBUF_X148_Y16_N32 ;            ; CLK_50~input|o                                                                      ;
;   0.336 ;   0.075  ; RR ; CELL   ; 1      ; IOIBUF_X148_Y16_N32 ;            ; CLK_50~input~io_48_lvds_tile_edge/ioclkin[0]                                        ;
;   0.336 ;   0.000  ; RR ; IC     ; 2      ; CLKCTRL_3A_G_I20    ;            ; CLK_50~inputCLKENA0|inclk                                                           ;
;   0.613 ;   0.277  ; RR ; CELL   ; 181963 ; CLKCTRL_3A_G_I20    ;            ; CLK_50~inputCLKENA0|outclk                                                          ;
;   2.658 ;   2.045  ; RR ; IC     ; 1      ; FF_X105_Y17_N43     ; High Speed ; System|intel_niosv_g_0|intel_niosv_g_0|hart|core_inst|icache_inst|word_valid[7]|clk ;
;   2.658 ;   0.000  ; RR ; CELL   ; 1      ; FF_X105_Y17_N43     ; High Speed ; System|intel_niosv_g_0|intel_niosv_g_0|hart|core_inst|icache_inst|word_valid[7]     ;
;   2.433 ;   -0.225 ;    ;        ;        ;                     ;            ; clock pessimism removed                                                             ;
; 2.433   ; 0.000    ;    ;        ;        ;                     ;            ; clock uncertainty                                                                   ;
; 2.670   ; 0.237    ;    ; uTh    ; 1      ; FF_X105_Y17_N43     ;            ; System|intel_niosv_g_0|intel_niosv_g_0|hart|core_inst|icache_inst|word_valid[7]     ;
+---------+----------+----+--------+--------+---------------------+------------+-------------------------------------------------------------------------------------+



----------------
; Command Info ;
----------------
Report Timing: Found 10 recovery paths (0 violated).  Worst case slack is 14.510 

Tcl Command:
    report_timing -recovery -panel_name {Worst-Case Timing Paths||Recovery||CLK_50} -to_clock [get_clocks {CLK_50}] -npaths 10 -detail full_path

Options:
    -to_clock [get_clocks {CLK_50}] 
    -recovery 
    -npaths 10 
    -detail full_path 
    -panel_name {CLK_50} 

Snapshot:
    final

Delay Models:
    Slow 900mV 100C Model
    Slow 900mV 0C Model
    Fast 900mV 100C Model
    Fast 900mV 0C Model


+---------------------------------------------------------------------------------------------------------------------------------------------------------------------------------------------------------------------------------------------------------------------------------------------------------------------+
; Summary of Paths                                                                                                                                                                                                                                                                                                    ;
+--------+----------------------------------+-----------------------------------------------------------------------------------------------------------------------------------------------------------------+--------------+-------------+--------------+------------+------------+---------------------------------+
; Slack  ; From Node                        ; To Node                                                                                                                                                         ; Launch Clock ; Latch Clock ; Relationship ; Clock Skew ; Data Delay ; Worst-Case Operating Conditions ;
+--------+----------------------------------+-----------------------------------------------------------------------------------------------------------------------------------------------------------------+--------------+-------------+--------------+------------+------------+---------------------------------+
; 14.510 ; System|rst_controller|r_sync_rst ; System|jtag_uart_0|jtag_uart_0|the_NonDPR_jtag_uart_0_altera_avalon_jtag_uart_1924_v2zfocy_scfifo_w|wfifo|auto_generated|dpfifo|FIFOram|ram_block1a6~reg0       ; CLK_50       ; CLK_50      ; 20.000       ; -0.147     ; 4.810      ; Slow 900mV 0C Model             ;
; 14.510 ; System|rst_controller|r_sync_rst ; System|jtag_uart_0|jtag_uart_0|the_NonDPR_jtag_uart_0_altera_avalon_jtag_uart_1924_v2zfocy_scfifo_w|wfifo|auto_generated|dpfifo|FIFOram|ram_block1a5~reg0       ; CLK_50       ; CLK_50      ; 20.000       ; -0.147     ; 4.810      ; Slow 900mV 0C Model             ;
; 14.510 ; System|rst_controller|r_sync_rst ; System|jtag_uart_0|jtag_uart_0|the_NonDPR_jtag_uart_0_altera_avalon_jtag_uart_1924_v2zfocy_scfifo_w|wfifo|auto_generated|dpfifo|FIFOram|ram_block1a4~reg0       ; CLK_50       ; CLK_50      ; 20.000       ; -0.147     ; 4.810      ; Slow 900mV 0C Model             ;
; 14.510 ; System|rst_controller|r_sync_rst ; System|jtag_uart_0|jtag_uart_0|the_NonDPR_jtag_uart_0_altera_avalon_jtag_uart_1924_v2zfocy_scfifo_w|wfifo|auto_generated|dpfifo|FIFOram|ram_block1a3~reg0       ; CLK_50       ; CLK_50      ; 20.000       ; -0.147     ; 4.810      ; Slow 900mV 0C Model             ;
; 14.510 ; System|rst_controller|r_sync_rst ; System|jtag_uart_0|jtag_uart_0|the_NonDPR_jtag_uart_0_altera_avalon_jtag_uart_1924_v2zfocy_scfifo_w|wfifo|auto_generated|dpfifo|FIFOram|ram_block1a2~reg0       ; CLK_50       ; CLK_50      ; 20.000       ; -0.147     ; 4.810      ; Slow 900mV 0C Model             ;
; 14.510 ; System|rst_controller|r_sync_rst ; System|jtag_uart_0|jtag_uart_0|the_NonDPR_jtag_uart_0_altera_avalon_jtag_uart_1924_v2zfocy_scfifo_w|wfifo|auto_generated|dpfifo|FIFOram|ram_block1a1~reg0       ; CLK_50       ; CLK_50      ; 20.000       ; -0.147     ; 4.810      ; Slow 900mV 0C Model             ;
; 14.510 ; System|rst_controller|r_sync_rst ; System|jtag_uart_0|jtag_uart_0|the_NonDPR_jtag_uart_0_altera_avalon_jtag_uart_1924_v2zfocy_scfifo_w|wfifo|auto_generated|dpfifo|FIFOram|ram_block1a0~reg0       ; CLK_50       ; CLK_50      ; 20.000       ; -0.147     ; 4.810      ; Slow 900mV 0C Model             ;
; 14.510 ; System|rst_controller|r_sync_rst ; System|jtag_uart_0|jtag_uart_0|the_NonDPR_jtag_uart_0_altera_avalon_jtag_uart_1924_v2zfocy_scfifo_w|wfifo|auto_generated|dpfifo|FIFOram|ram_block1a7~reg0       ; CLK_50       ; CLK_50      ; 20.000       ; -0.147     ; 4.810      ; Slow 900mV 0C Model             ;
; 14.847 ; System|rst_controller|r_sync_rst ; System|mm_interconnect_1|intel_niosv_g_0_instruction_manager_agent|align_address_to_size|address_burst[5]                                                       ; CLK_50       ; CLK_50      ; 20.000       ; -0.176     ; 4.801      ; Slow 900mV 0C Model             ;
; 14.849 ; System|rst_controller|r_sync_rst ; System|jtag_uart_0|jtag_uart_0|the_NonDPR_jtag_uart_0_altera_avalon_jtag_uart_1924_v2zfocy_scfifo_r|rfifo|auto_generated|dpfifo|rd_ptr_count|counter_reg_bit[2] ; CLK_50       ; CLK_50      ; 20.000       ; -0.175     ; 4.801      ; Slow 900mV 0C Model             ;
+--------+----------------------------------+-----------------------------------------------------------------------------------------------------------------------------------------------------------------+--------------+-------------+--------------+------------+------------+---------------------------------+


Path #1: Recovery slack is 14.510 
===============================================================================
+---------------------------------------------------------------------------------------------------------------------------------------------------------------------------------------------+
; Path Summary                                                                                                                                                                                ;
+---------------------------------+-----------------------------------------------------------------------------------------------------------------------------------------------------------+
; Property                        ; Value                                                                                                                                                     ;
+---------------------------------+-----------------------------------------------------------------------------------------------------------------------------------------------------------+
; From Node                       ; System|rst_controller|r_sync_rst                                                                                                                          ;
; To Node                         ; System|jtag_uart_0|jtag_uart_0|the_NonDPR_jtag_uart_0_altera_avalon_jtag_uart_1924_v2zfocy_scfifo_w|wfifo|auto_generated|dpfifo|FIFOram|ram_block1a6~reg0 ;
; Launch Clock                    ; CLK_50                                                                                                                                                    ;
; Latch Clock                     ; CLK_50                                                                                                                                                    ;
; SDC Exception                   ; No SDC Exception on Path                                                                                                                                  ;
; Data Arrival Time               ; 9.630                                                                                                                                                     ;
; Data Required Time              ; 24.140                                                                                                                                                    ;
; Slack                           ; 14.510                                                                                                                                                    ;
; Worst-Case Operating Conditions ; Slow 900mV 0C Model                                                                                                                                       ;
+---------------------------------+-----------------------------------------------------------------------------------------------------------------------------------------------------------+

+------------------------------------------------------------------------------------+
; Statistics                                                                         ;
+------------------------+--------+-------+-------------+------------+-------+-------+
; Property               ; Value  ; Count ; Total Delay ; % of Total ; Min   ; Max   ;
+------------------------+--------+-------+-------------+------------+-------+-------+
; Recovery Relationship  ; 20.000 ;       ;             ;            ;       ;       ;
; Clock Skew             ; -0.147 ;       ;             ;            ;       ;       ;
; Data Delay             ; 4.810  ;       ;             ;            ;       ;       ;
; Number of Logic Levels ;        ; 1     ;             ;            ;       ;       ;
; Physical Delays        ;        ;       ;             ;            ;       ;       ;
;  Arrival Path          ;        ;       ;             ;            ;       ;       ;
;   Clock                ;        ;       ;             ;            ;       ;       ;
;    IC                  ;        ; 3     ; 3.470       ; 72         ; 0.000 ; 3.470 ;
;    Cell                ;        ; 4     ; 1.350       ; 28         ; 0.000 ; 0.606 ;
;   Data                 ;        ;       ;             ;            ;       ;       ;
;    IC                  ;        ; 2     ; 3.991       ; 83         ; 0.563 ; 3.428 ;
;    Cell                ;        ; 3     ; 0.589       ; 12         ; 0.000 ; 0.511 ;
;    uTco                ;        ; 1     ; 0.230       ; 5          ; 0.230 ; 0.230 ;
;  Required Path         ;        ;       ;             ;            ;       ;       ;
;   Clock                ;        ;       ;             ;            ;       ;       ;
;    IC                  ;        ; 3     ; 3.162       ; 72         ; 0.000 ; 3.162 ;
;    Cell                ;        ; 4     ; 1.233       ; 28         ; 0.000 ; 0.606 ;
+------------------------+--------+-------+-------------+------------+-------+-------+
Note: Negative delays are omitted from totals when calculating percentages

+-----------------------------------------------------------------------------------------------------------------------------------------------------------------------------------------------------------------------------------------+
; Data Arrival Path                                                                                                                                                                                                                       ;
+---------+---------+----+--------+--------+---------------------+------------+-----------------------------------------------------------------------------------------------------------------------------------------------------------+
; Total   ; Incr    ; RF ; Type   ; Fanout ; Location            ; HS/LP      ; Element                                                                                                                                                   ;
+---------+---------+----+--------+--------+---------------------+------------+-----------------------------------------------------------------------------------------------------------------------------------------------------------+
; 0.000   ; 0.000   ;    ;        ;        ;                     ;            ; launch edge time                                                                                                                                          ;
; 0.000   ; 0.000   ;    ; borrow ;        ;                     ;            ; time borrowed                                                                                                                                             ;
; 4.820   ; 4.820   ;    ;        ;        ;                     ;            ; clock path                                                                                                                                                ;
;   0.000 ;   0.000 ;    ;        ;        ;                     ;            ; source latency                                                                                                                                            ;
;   0.000 ;   0.000 ;    ;        ; 1      ; PIN_AM10            ;            ; CLK_50                                                                                                                                                    ;
;   0.000 ;   0.000 ; RR ; IC     ; 1      ; IOIBUF_X148_Y16_N32 ;            ; CLK_50~input|i                                                                                                                                            ;
;   0.606 ;   0.606 ; RR ; CELL   ; 1      ; IOIBUF_X148_Y16_N32 ;            ; CLK_50~input|o                                                                                                                                            ;
;   0.777 ;   0.171 ; RR ; CELL   ; 1      ; IOIBUF_X148_Y16_N32 ;            ; CLK_50~input~io_48_lvds_tile_edge/ioclkin[0]                                                                                                              ;
;   0.777 ;   0.000 ; RR ; IC     ; 2      ; CLKCTRL_3A_G_I20    ;            ; CLK_50~inputCLKENA0|inclk                                                                                                                                 ;
;   1.350 ;   0.573 ; RR ; CELL   ; 181963 ; CLKCTRL_3A_G_I20    ;            ; CLK_50~inputCLKENA0|outclk                                                                                                                                ;
;   4.820 ;   3.470 ; RR ; IC     ; 1      ; FF_X147_Y17_N40     ; High Speed ; System|rst_controller|r_sync_rst|clk                                                                                                                      ;
;   4.820 ;   0.000 ; RR ; CELL   ; 1      ; FF_X147_Y17_N40     ; High Speed ; System|rst_controller|r_sync_rst                                                                                                                          ;
; 9.630   ; 4.810   ;    ;        ;        ;                     ;            ; data path                                                                                                                                                 ;
;   5.050 ;   0.230 ; FF ; uTco   ; 1      ; FF_X147_Y17_N40     ;            ; System|rst_controller|r_sync_rst|q                                                                                                                        ;
;   5.128 ;   0.078 ; FF ; CELL   ; 140834 ; FF_X147_Y17_N40     ; High Speed ; System|rst_controller|r_sync_rst~la_lab/laboutb[6]                                                                                                        ;
;   5.691 ;   0.563 ; FF ; IC     ; 2      ; CLKCTRL_3A_G_I21    ; High Speed ; System|rst_controller|r_sync_rst~CLKENA0|inclk                                                                                                            ;
;   6.202 ;   0.511 ; FF ; CELL   ; 4280   ; CLKCTRL_3A_G_I21    ;            ; System|rst_controller|r_sync_rst~CLKENA0|outclk                                                                                                           ;
;   9.630 ;   3.428 ; FF ; IC     ; 1      ; EC_X108_Y27_N6      ; Mixed      ; System|jtag_uart_0|jtag_uart_0|the_NonDPR_jtag_uart_0_altera_avalon_jtag_uart_1924_v2zfocy_scfifo_w|wfifo|auto_generated|dpfifo|FIFOram|ram_block1a6|clr0 ;
;   9.630 ;   0.000 ; FF ; CELL   ; 0      ; EC_X108_Y27_N6      ; High Speed ; System|jtag_uart_0|jtag_uart_0|the_NonDPR_jtag_uart_0_altera_avalon_jtag_uart_1924_v2zfocy_scfifo_w|wfifo|auto_generated|dpfifo|FIFOram|ram_block1a6~reg0 ;
+---------+---------+----+--------+--------+---------------------+------------+-----------------------------------------------------------------------------------------------------------------------------------------------------------+

+----------------------------------------------------------------------------------------------------------------------------------------------------------------------------------------------------------------------------------------+
; Data Required Path                                                                                                                                                                                                                     ;
+----------+---------+----+------+--------+---------------------+------------+-----------------------------------------------------------------------------------------------------------------------------------------------------------+
; Total    ; Incr    ; RF ; Type ; Fanout ; Location            ; HS/LP      ; Element                                                                                                                                                   ;
+----------+---------+----+------+--------+---------------------+------------+-----------------------------------------------------------------------------------------------------------------------------------------------------------+
; 20.000   ; 20.000  ;    ;      ;        ;                     ;            ; latch edge time                                                                                                                                           ;
; 24.673   ; 4.673   ;    ;      ;        ;                     ;            ; clock path                                                                                                                                                ;
;   20.000 ;   0.000 ;    ;      ;        ;                     ;            ; source latency                                                                                                                                            ;
;   20.000 ;   0.000 ;    ;      ; 1      ; PIN_AM10            ;            ; CLK_50                                                                                                                                                    ;
;   20.000 ;   0.000 ; RR ; IC   ; 1      ; IOIBUF_X148_Y16_N32 ;            ; CLK_50~input|i                                                                                                                                            ;
;   20.606 ;   0.606 ; RR ; CELL ; 1      ; IOIBUF_X148_Y16_N32 ;            ; CLK_50~input|o                                                                                                                                            ;
;   20.744 ;   0.138 ; RR ; CELL ; 1      ; IOIBUF_X148_Y16_N32 ;            ; CLK_50~input~io_48_lvds_tile_edge/ioclkin[0]                                                                                                              ;
;   20.744 ;   0.000 ; RR ; IC   ; 2      ; CLKCTRL_3A_G_I20    ;            ; CLK_50~inputCLKENA0|inclk                                                                                                                                 ;
;   21.233 ;   0.489 ; RR ; CELL ; 181963 ; CLKCTRL_3A_G_I20    ;            ; CLK_50~inputCLKENA0|outclk                                                                                                                                ;
;   24.395 ;   3.162 ; RR ; IC   ; 2      ; EC_X108_Y27_N6      ; Mixed      ; System|jtag_uart_0|jtag_uart_0|the_NonDPR_jtag_uart_0_altera_avalon_jtag_uart_1924_v2zfocy_scfifo_w|wfifo|auto_generated|dpfifo|FIFOram|ram_block1a6|clk0 ;
;   24.395 ;   0.000 ; RR ; CELL ; 0      ; EC_X108_Y27_N6      ; High Speed ; System|jtag_uart_0|jtag_uart_0|the_NonDPR_jtag_uart_0_altera_avalon_jtag_uart_1924_v2zfocy_scfifo_w|wfifo|auto_generated|dpfifo|FIFOram|ram_block1a6~reg0 ;
;   24.673 ;   0.278 ;    ;      ;        ;                     ;            ; clock pessimism removed                                                                                                                                   ;
; 24.643   ; -0.030  ;    ;      ;        ;                     ;            ; clock uncertainty                                                                                                                                         ;
; 24.140   ; -0.503  ;    ; uTsu ; 0      ; EC_X108_Y27_N6      ;            ; System|jtag_uart_0|jtag_uart_0|the_NonDPR_jtag_uart_0_altera_avalon_jtag_uart_1924_v2zfocy_scfifo_w|wfifo|auto_generated|dpfifo|FIFOram|ram_block1a6~reg0 ;
+----------+---------+----+------+--------+---------------------+------------+-----------------------------------------------------------------------------------------------------------------------------------------------------------+



Path #2: Recovery slack is 14.510 
===============================================================================
+---------------------------------------------------------------------------------------------------------------------------------------------------------------------------------------------+
; Path Summary                                                                                                                                                                                ;
+---------------------------------+-----------------------------------------------------------------------------------------------------------------------------------------------------------+
; Property                        ; Value                                                                                                                                                     ;
+---------------------------------+-----------------------------------------------------------------------------------------------------------------------------------------------------------+
; From Node                       ; System|rst_controller|r_sync_rst                                                                                                                          ;
; To Node                         ; System|jtag_uart_0|jtag_uart_0|the_NonDPR_jtag_uart_0_altera_avalon_jtag_uart_1924_v2zfocy_scfifo_w|wfifo|auto_generated|dpfifo|FIFOram|ram_block1a5~reg0 ;
; Launch Clock                    ; CLK_50                                                                                                                                                    ;
; Latch Clock                     ; CLK_50                                                                                                                                                    ;
; SDC Exception                   ; No SDC Exception on Path                                                                                                                                  ;
; Data Arrival Time               ; 9.630                                                                                                                                                     ;
; Data Required Time              ; 24.140                                                                                                                                                    ;
; Slack                           ; 14.510                                                                                                                                                    ;
; Worst-Case Operating Conditions ; Slow 900mV 0C Model                                                                                                                                       ;
+---------------------------------+-----------------------------------------------------------------------------------------------------------------------------------------------------------+

+------------------------------------------------------------------------------------+
; Statistics                                                                         ;
+------------------------+--------+-------+-------------+------------+-------+-------+
; Property               ; Value  ; Count ; Total Delay ; % of Total ; Min   ; Max   ;
+------------------------+--------+-------+-------------+------------+-------+-------+
; Recovery Relationship  ; 20.000 ;       ;             ;            ;       ;       ;
; Clock Skew             ; -0.147 ;       ;             ;            ;       ;       ;
; Data Delay             ; 4.810  ;       ;             ;            ;       ;       ;
; Number of Logic Levels ;        ; 1     ;             ;            ;       ;       ;
; Physical Delays        ;        ;       ;             ;            ;       ;       ;
;  Arrival Path          ;        ;       ;             ;            ;       ;       ;
;   Clock                ;        ;       ;             ;            ;       ;       ;
;    IC                  ;        ; 3     ; 3.470       ; 72         ; 0.000 ; 3.470 ;
;    Cell                ;        ; 4     ; 1.350       ; 28         ; 0.000 ; 0.606 ;
;   Data                 ;        ;       ;             ;            ;       ;       ;
;    IC                  ;        ; 2     ; 3.991       ; 83         ; 0.563 ; 3.428 ;
;    Cell                ;        ; 3     ; 0.589       ; 12         ; 0.000 ; 0.511 ;
;    uTco                ;        ; 1     ; 0.230       ; 5          ; 0.230 ; 0.230 ;
;  Required Path         ;        ;       ;             ;            ;       ;       ;
;   Clock                ;        ;       ;             ;            ;       ;       ;
;    IC                  ;        ; 3     ; 3.162       ; 72         ; 0.000 ; 3.162 ;
;    Cell                ;        ; 4     ; 1.233       ; 28         ; 0.000 ; 0.606 ;
+------------------------+--------+-------+-------------+------------+-------+-------+
Note: Negative delays are omitted from totals when calculating percentages

+-----------------------------------------------------------------------------------------------------------------------------------------------------------------------------------------------------------------------------------------+
; Data Arrival Path                                                                                                                                                                                                                       ;
+---------+---------+----+--------+--------+---------------------+------------+-----------------------------------------------------------------------------------------------------------------------------------------------------------+
; Total   ; Incr    ; RF ; Type   ; Fanout ; Location            ; HS/LP      ; Element                                                                                                                                                   ;
+---------+---------+----+--------+--------+---------------------+------------+-----------------------------------------------------------------------------------------------------------------------------------------------------------+
; 0.000   ; 0.000   ;    ;        ;        ;                     ;            ; launch edge time                                                                                                                                          ;
; 0.000   ; 0.000   ;    ; borrow ;        ;                     ;            ; time borrowed                                                                                                                                             ;
; 4.820   ; 4.820   ;    ;        ;        ;                     ;            ; clock path                                                                                                                                                ;
;   0.000 ;   0.000 ;    ;        ;        ;                     ;            ; source latency                                                                                                                                            ;
;   0.000 ;   0.000 ;    ;        ; 1      ; PIN_AM10            ;            ; CLK_50                                                                                                                                                    ;
;   0.000 ;   0.000 ; RR ; IC     ; 1      ; IOIBUF_X148_Y16_N32 ;            ; CLK_50~input|i                                                                                                                                            ;
;   0.606 ;   0.606 ; RR ; CELL   ; 1      ; IOIBUF_X148_Y16_N32 ;            ; CLK_50~input|o                                                                                                                                            ;
;   0.777 ;   0.171 ; RR ; CELL   ; 1      ; IOIBUF_X148_Y16_N32 ;            ; CLK_50~input~io_48_lvds_tile_edge/ioclkin[0]                                                                                                              ;
;   0.777 ;   0.000 ; RR ; IC     ; 2      ; CLKCTRL_3A_G_I20    ;            ; CLK_50~inputCLKENA0|inclk                                                                                                                                 ;
;   1.350 ;   0.573 ; RR ; CELL   ; 181963 ; CLKCTRL_3A_G_I20    ;            ; CLK_50~inputCLKENA0|outclk                                                                                                                                ;
;   4.820 ;   3.470 ; RR ; IC     ; 1      ; FF_X147_Y17_N40     ; High Speed ; System|rst_controller|r_sync_rst|clk                                                                                                                      ;
;   4.820 ;   0.000 ; RR ; CELL   ; 1      ; FF_X147_Y17_N40     ; High Speed ; System|rst_controller|r_sync_rst                                                                                                                          ;
; 9.630   ; 4.810   ;    ;        ;        ;                     ;            ; data path                                                                                                                                                 ;
;   5.050 ;   0.230 ; FF ; uTco   ; 1      ; FF_X147_Y17_N40     ;            ; System|rst_controller|r_sync_rst|q                                                                                                                        ;
;   5.128 ;   0.078 ; FF ; CELL   ; 140834 ; FF_X147_Y17_N40     ; High Speed ; System|rst_controller|r_sync_rst~la_lab/laboutb[6]                                                                                                        ;
;   5.691 ;   0.563 ; FF ; IC     ; 2      ; CLKCTRL_3A_G_I21    ; High Speed ; System|rst_controller|r_sync_rst~CLKENA0|inclk                                                                                                            ;
;   6.202 ;   0.511 ; FF ; CELL   ; 4280   ; CLKCTRL_3A_G_I21    ;            ; System|rst_controller|r_sync_rst~CLKENA0|outclk                                                                                                           ;
;   9.630 ;   3.428 ; FF ; IC     ; 1      ; EC_X108_Y27_N5      ; Mixed      ; System|jtag_uart_0|jtag_uart_0|the_NonDPR_jtag_uart_0_altera_avalon_jtag_uart_1924_v2zfocy_scfifo_w|wfifo|auto_generated|dpfifo|FIFOram|ram_block1a5|clr0 ;
;   9.630 ;   0.000 ; FF ; CELL   ; 0      ; EC_X108_Y27_N5      ; High Speed ; System|jtag_uart_0|jtag_uart_0|the_NonDPR_jtag_uart_0_altera_avalon_jtag_uart_1924_v2zfocy_scfifo_w|wfifo|auto_generated|dpfifo|FIFOram|ram_block1a5~reg0 ;
+---------+---------+----+--------+--------+---------------------+------------+-----------------------------------------------------------------------------------------------------------------------------------------------------------+

+----------------------------------------------------------------------------------------------------------------------------------------------------------------------------------------------------------------------------------------+
; Data Required Path                                                                                                                                                                                                                     ;
+----------+---------+----+------+--------+---------------------+------------+-----------------------------------------------------------------------------------------------------------------------------------------------------------+
; Total    ; Incr    ; RF ; Type ; Fanout ; Location            ; HS/LP      ; Element                                                                                                                                                   ;
+----------+---------+----+------+--------+---------------------+------------+-----------------------------------------------------------------------------------------------------------------------------------------------------------+
; 20.000   ; 20.000  ;    ;      ;        ;                     ;            ; latch edge time                                                                                                                                           ;
; 24.673   ; 4.673   ;    ;      ;        ;                     ;            ; clock path                                                                                                                                                ;
;   20.000 ;   0.000 ;    ;      ;        ;                     ;            ; source latency                                                                                                                                            ;
;   20.000 ;   0.000 ;    ;      ; 1      ; PIN_AM10            ;            ; CLK_50                                                                                                                                                    ;
;   20.000 ;   0.000 ; RR ; IC   ; 1      ; IOIBUF_X148_Y16_N32 ;            ; CLK_50~input|i                                                                                                                                            ;
;   20.606 ;   0.606 ; RR ; CELL ; 1      ; IOIBUF_X148_Y16_N32 ;            ; CLK_50~input|o                                                                                                                                            ;
;   20.744 ;   0.138 ; RR ; CELL ; 1      ; IOIBUF_X148_Y16_N32 ;            ; CLK_50~input~io_48_lvds_tile_edge/ioclkin[0]                                                                                                              ;
;   20.744 ;   0.000 ; RR ; IC   ; 2      ; CLKCTRL_3A_G_I20    ;            ; CLK_50~inputCLKENA0|inclk                                                                                                                                 ;
;   21.233 ;   0.489 ; RR ; CELL ; 181963 ; CLKCTRL_3A_G_I20    ;            ; CLK_50~inputCLKENA0|outclk                                                                                                                                ;
;   24.395 ;   3.162 ; RR ; IC   ; 2      ; EC_X108_Y27_N5      ; Mixed      ; System|jtag_uart_0|jtag_uart_0|the_NonDPR_jtag_uart_0_altera_avalon_jtag_uart_1924_v2zfocy_scfifo_w|wfifo|auto_generated|dpfifo|FIFOram|ram_block1a5|clk0 ;
;   24.395 ;   0.000 ; RR ; CELL ; 0      ; EC_X108_Y27_N5      ; High Speed ; System|jtag_uart_0|jtag_uart_0|the_NonDPR_jtag_uart_0_altera_avalon_jtag_uart_1924_v2zfocy_scfifo_w|wfifo|auto_generated|dpfifo|FIFOram|ram_block1a5~reg0 ;
;   24.673 ;   0.278 ;    ;      ;        ;                     ;            ; clock pessimism removed                                                                                                                                   ;
; 24.643   ; -0.030  ;    ;      ;        ;                     ;            ; clock uncertainty                                                                                                                                         ;
; 24.140   ; -0.503  ;    ; uTsu ; 0      ; EC_X108_Y27_N5      ;            ; System|jtag_uart_0|jtag_uart_0|the_NonDPR_jtag_uart_0_altera_avalon_jtag_uart_1924_v2zfocy_scfifo_w|wfifo|auto_generated|dpfifo|FIFOram|ram_block1a5~reg0 ;
+----------+---------+----+------+--------+---------------------+------------+-----------------------------------------------------------------------------------------------------------------------------------------------------------+



Path #3: Recovery slack is 14.510 
===============================================================================
+---------------------------------------------------------------------------------------------------------------------------------------------------------------------------------------------+
; Path Summary                                                                                                                                                                                ;
+---------------------------------+-----------------------------------------------------------------------------------------------------------------------------------------------------------+
; Property                        ; Value                                                                                                                                                     ;
+---------------------------------+-----------------------------------------------------------------------------------------------------------------------------------------------------------+
; From Node                       ; System|rst_controller|r_sync_rst                                                                                                                          ;
; To Node                         ; System|jtag_uart_0|jtag_uart_0|the_NonDPR_jtag_uart_0_altera_avalon_jtag_uart_1924_v2zfocy_scfifo_w|wfifo|auto_generated|dpfifo|FIFOram|ram_block1a4~reg0 ;
; Launch Clock                    ; CLK_50                                                                                                                                                    ;
; Latch Clock                     ; CLK_50                                                                                                                                                    ;
; SDC Exception                   ; No SDC Exception on Path                                                                                                                                  ;
; Data Arrival Time               ; 9.630                                                                                                                                                     ;
; Data Required Time              ; 24.140                                                                                                                                                    ;
; Slack                           ; 14.510                                                                                                                                                    ;
; Worst-Case Operating Conditions ; Slow 900mV 0C Model                                                                                                                                       ;
+---------------------------------+-----------------------------------------------------------------------------------------------------------------------------------------------------------+

+------------------------------------------------------------------------------------+
; Statistics                                                                         ;
+------------------------+--------+-------+-------------+------------+-------+-------+
; Property               ; Value  ; Count ; Total Delay ; % of Total ; Min   ; Max   ;
+------------------------+--------+-------+-------------+------------+-------+-------+
; Recovery Relationship  ; 20.000 ;       ;             ;            ;       ;       ;
; Clock Skew             ; -0.147 ;       ;             ;            ;       ;       ;
; Data Delay             ; 4.810  ;       ;             ;            ;       ;       ;
; Number of Logic Levels ;        ; 1     ;             ;            ;       ;       ;
; Physical Delays        ;        ;       ;             ;            ;       ;       ;
;  Arrival Path          ;        ;       ;             ;            ;       ;       ;
;   Clock                ;        ;       ;             ;            ;       ;       ;
;    IC                  ;        ; 3     ; 3.470       ; 72         ; 0.000 ; 3.470 ;
;    Cell                ;        ; 4     ; 1.350       ; 28         ; 0.000 ; 0.606 ;
;   Data                 ;        ;       ;             ;            ;       ;       ;
;    IC                  ;        ; 2     ; 3.991       ; 83         ; 0.563 ; 3.428 ;
;    Cell                ;        ; 3     ; 0.589       ; 12         ; 0.000 ; 0.511 ;
;    uTco                ;        ; 1     ; 0.230       ; 5          ; 0.230 ; 0.230 ;
;  Required Path         ;        ;       ;             ;            ;       ;       ;
;   Clock                ;        ;       ;             ;            ;       ;       ;
;    IC                  ;        ; 3     ; 3.162       ; 72         ; 0.000 ; 3.162 ;
;    Cell                ;        ; 4     ; 1.233       ; 28         ; 0.000 ; 0.606 ;
+------------------------+--------+-------+-------------+------------+-------+-------+
Note: Negative delays are omitted from totals when calculating percentages

+-----------------------------------------------------------------------------------------------------------------------------------------------------------------------------------------------------------------------------------------+
; Data Arrival Path                                                                                                                                                                                                                       ;
+---------+---------+----+--------+--------+---------------------+------------+-----------------------------------------------------------------------------------------------------------------------------------------------------------+
; Total   ; Incr    ; RF ; Type   ; Fanout ; Location            ; HS/LP      ; Element                                                                                                                                                   ;
+---------+---------+----+--------+--------+---------------------+------------+-----------------------------------------------------------------------------------------------------------------------------------------------------------+
; 0.000   ; 0.000   ;    ;        ;        ;                     ;            ; launch edge time                                                                                                                                          ;
; 0.000   ; 0.000   ;    ; borrow ;        ;                     ;            ; time borrowed                                                                                                                                             ;
; 4.820   ; 4.820   ;    ;        ;        ;                     ;            ; clock path                                                                                                                                                ;
;   0.000 ;   0.000 ;    ;        ;        ;                     ;            ; source latency                                                                                                                                            ;
;   0.000 ;   0.000 ;    ;        ; 1      ; PIN_AM10            ;            ; CLK_50                                                                                                                                                    ;
;   0.000 ;   0.000 ; RR ; IC     ; 1      ; IOIBUF_X148_Y16_N32 ;            ; CLK_50~input|i                                                                                                                                            ;
;   0.606 ;   0.606 ; RR ; CELL   ; 1      ; IOIBUF_X148_Y16_N32 ;            ; CLK_50~input|o                                                                                                                                            ;
;   0.777 ;   0.171 ; RR ; CELL   ; 1      ; IOIBUF_X148_Y16_N32 ;            ; CLK_50~input~io_48_lvds_tile_edge/ioclkin[0]                                                                                                              ;
;   0.777 ;   0.000 ; RR ; IC     ; 2      ; CLKCTRL_3A_G_I20    ;            ; CLK_50~inputCLKENA0|inclk                                                                                                                                 ;
;   1.350 ;   0.573 ; RR ; CELL   ; 181963 ; CLKCTRL_3A_G_I20    ;            ; CLK_50~inputCLKENA0|outclk                                                                                                                                ;
;   4.820 ;   3.470 ; RR ; IC     ; 1      ; FF_X147_Y17_N40     ; High Speed ; System|rst_controller|r_sync_rst|clk                                                                                                                      ;
;   4.820 ;   0.000 ; RR ; CELL   ; 1      ; FF_X147_Y17_N40     ; High Speed ; System|rst_controller|r_sync_rst                                                                                                                          ;
; 9.630   ; 4.810   ;    ;        ;        ;                     ;            ; data path                                                                                                                                                 ;
;   5.050 ;   0.230 ; FF ; uTco   ; 1      ; FF_X147_Y17_N40     ;            ; System|rst_controller|r_sync_rst|q                                                                                                                        ;
;   5.128 ;   0.078 ; FF ; CELL   ; 140834 ; FF_X147_Y17_N40     ; High Speed ; System|rst_controller|r_sync_rst~la_lab/laboutb[6]                                                                                                        ;
;   5.691 ;   0.563 ; FF ; IC     ; 2      ; CLKCTRL_3A_G_I21    ; High Speed ; System|rst_controller|r_sync_rst~CLKENA0|inclk                                                                                                            ;
;   6.202 ;   0.511 ; FF ; CELL   ; 4280   ; CLKCTRL_3A_G_I21    ;            ; System|rst_controller|r_sync_rst~CLKENA0|outclk                                                                                                           ;
;   9.630 ;   3.428 ; FF ; IC     ; 1      ; EC_X108_Y27_N4      ; Mixed      ; System|jtag_uart_0|jtag_uart_0|the_NonDPR_jtag_uart_0_altera_avalon_jtag_uart_1924_v2zfocy_scfifo_w|wfifo|auto_generated|dpfifo|FIFOram|ram_block1a4|clr0 ;
;   9.630 ;   0.000 ; FF ; CELL   ; 0      ; EC_X108_Y27_N4      ; High Speed ; System|jtag_uart_0|jtag_uart_0|the_NonDPR_jtag_uart_0_altera_avalon_jtag_uart_1924_v2zfocy_scfifo_w|wfifo|auto_generated|dpfifo|FIFOram|ram_block1a4~reg0 ;
+---------+---------+----+--------+--------+---------------------+------------+-----------------------------------------------------------------------------------------------------------------------------------------------------------+

+----------------------------------------------------------------------------------------------------------------------------------------------------------------------------------------------------------------------------------------+
; Data Required Path                                                                                                                                                                                                                     ;
+----------+---------+----+------+--------+---------------------+------------+-----------------------------------------------------------------------------------------------------------------------------------------------------------+
; Total    ; Incr    ; RF ; Type ; Fanout ; Location            ; HS/LP      ; Element                                                                                                                                                   ;
+----------+---------+----+------+--------+---------------------+------------+-----------------------------------------------------------------------------------------------------------------------------------------------------------+
; 20.000   ; 20.000  ;    ;      ;        ;                     ;            ; latch edge time                                                                                                                                           ;
; 24.673   ; 4.673   ;    ;      ;        ;                     ;            ; clock path                                                                                                                                                ;
;   20.000 ;   0.000 ;    ;      ;        ;                     ;            ; source latency                                                                                                                                            ;
;   20.000 ;   0.000 ;    ;      ; 1      ; PIN_AM10            ;            ; CLK_50                                                                                                                                                    ;
;   20.000 ;   0.000 ; RR ; IC   ; 1      ; IOIBUF_X148_Y16_N32 ;            ; CLK_50~input|i                                                                                                                                            ;
;   20.606 ;   0.606 ; RR ; CELL ; 1      ; IOIBUF_X148_Y16_N32 ;            ; CLK_50~input|o                                                                                                                                            ;
;   20.744 ;   0.138 ; RR ; CELL ; 1      ; IOIBUF_X148_Y16_N32 ;            ; CLK_50~input~io_48_lvds_tile_edge/ioclkin[0]                                                                                                              ;
;   20.744 ;   0.000 ; RR ; IC   ; 2      ; CLKCTRL_3A_G_I20    ;            ; CLK_50~inputCLKENA0|inclk                                                                                                                                 ;
;   21.233 ;   0.489 ; RR ; CELL ; 181963 ; CLKCTRL_3A_G_I20    ;            ; CLK_50~inputCLKENA0|outclk                                                                                                                                ;
;   24.395 ;   3.162 ; RR ; IC   ; 2      ; EC_X108_Y27_N4      ; Mixed      ; System|jtag_uart_0|jtag_uart_0|the_NonDPR_jtag_uart_0_altera_avalon_jtag_uart_1924_v2zfocy_scfifo_w|wfifo|auto_generated|dpfifo|FIFOram|ram_block1a4|clk0 ;
;   24.395 ;   0.000 ; RR ; CELL ; 0      ; EC_X108_Y27_N4      ; High Speed ; System|jtag_uart_0|jtag_uart_0|the_NonDPR_jtag_uart_0_altera_avalon_jtag_uart_1924_v2zfocy_scfifo_w|wfifo|auto_generated|dpfifo|FIFOram|ram_block1a4~reg0 ;
;   24.673 ;   0.278 ;    ;      ;        ;                     ;            ; clock pessimism removed                                                                                                                                   ;
; 24.643   ; -0.030  ;    ;      ;        ;                     ;            ; clock uncertainty                                                                                                                                         ;
; 24.140   ; -0.503  ;    ; uTsu ; 0      ; EC_X108_Y27_N4      ;            ; System|jtag_uart_0|jtag_uart_0|the_NonDPR_jtag_uart_0_altera_avalon_jtag_uart_1924_v2zfocy_scfifo_w|wfifo|auto_generated|dpfifo|FIFOram|ram_block1a4~reg0 ;
+----------+---------+----+------+--------+---------------------+------------+-----------------------------------------------------------------------------------------------------------------------------------------------------------+



Path #4: Recovery slack is 14.510 
===============================================================================
+---------------------------------------------------------------------------------------------------------------------------------------------------------------------------------------------+
; Path Summary                                                                                                                                                                                ;
+---------------------------------+-----------------------------------------------------------------------------------------------------------------------------------------------------------+
; Property                        ; Value                                                                                                                                                     ;
+---------------------------------+-----------------------------------------------------------------------------------------------------------------------------------------------------------+
; From Node                       ; System|rst_controller|r_sync_rst                                                                                                                          ;
; To Node                         ; System|jtag_uart_0|jtag_uart_0|the_NonDPR_jtag_uart_0_altera_avalon_jtag_uart_1924_v2zfocy_scfifo_w|wfifo|auto_generated|dpfifo|FIFOram|ram_block1a3~reg0 ;
; Launch Clock                    ; CLK_50                                                                                                                                                    ;
; Latch Clock                     ; CLK_50                                                                                                                                                    ;
; SDC Exception                   ; No SDC Exception on Path                                                                                                                                  ;
; Data Arrival Time               ; 9.630                                                                                                                                                     ;
; Data Required Time              ; 24.140                                                                                                                                                    ;
; Slack                           ; 14.510                                                                                                                                                    ;
; Worst-Case Operating Conditions ; Slow 900mV 0C Model                                                                                                                                       ;
+---------------------------------+-----------------------------------------------------------------------------------------------------------------------------------------------------------+

+------------------------------------------------------------------------------------+
; Statistics                                                                         ;
+------------------------+--------+-------+-------------+------------+-------+-------+
; Property               ; Value  ; Count ; Total Delay ; % of Total ; Min   ; Max   ;
+------------------------+--------+-------+-------------+------------+-------+-------+
; Recovery Relationship  ; 20.000 ;       ;             ;            ;       ;       ;
; Clock Skew             ; -0.147 ;       ;             ;            ;       ;       ;
; Data Delay             ; 4.810  ;       ;             ;            ;       ;       ;
; Number of Logic Levels ;        ; 1     ;             ;            ;       ;       ;
; Physical Delays        ;        ;       ;             ;            ;       ;       ;
;  Arrival Path          ;        ;       ;             ;            ;       ;       ;
;   Clock                ;        ;       ;             ;            ;       ;       ;
;    IC                  ;        ; 3     ; 3.470       ; 72         ; 0.000 ; 3.470 ;
;    Cell                ;        ; 4     ; 1.350       ; 28         ; 0.000 ; 0.606 ;
;   Data                 ;        ;       ;             ;            ;       ;       ;
;    IC                  ;        ; 2     ; 3.991       ; 83         ; 0.563 ; 3.428 ;
;    Cell                ;        ; 3     ; 0.589       ; 12         ; 0.000 ; 0.511 ;
;    uTco                ;        ; 1     ; 0.230       ; 5          ; 0.230 ; 0.230 ;
;  Required Path         ;        ;       ;             ;            ;       ;       ;
;   Clock                ;        ;       ;             ;            ;       ;       ;
;    IC                  ;        ; 3     ; 3.162       ; 72         ; 0.000 ; 3.162 ;
;    Cell                ;        ; 4     ; 1.233       ; 28         ; 0.000 ; 0.606 ;
+------------------------+--------+-------+-------------+------------+-------+-------+
Note: Negative delays are omitted from totals when calculating percentages

+-----------------------------------------------------------------------------------------------------------------------------------------------------------------------------------------------------------------------------------------+
; Data Arrival Path                                                                                                                                                                                                                       ;
+---------+---------+----+--------+--------+---------------------+------------+-----------------------------------------------------------------------------------------------------------------------------------------------------------+
; Total   ; Incr    ; RF ; Type   ; Fanout ; Location            ; HS/LP      ; Element                                                                                                                                                   ;
+---------+---------+----+--------+--------+---------------------+------------+-----------------------------------------------------------------------------------------------------------------------------------------------------------+
; 0.000   ; 0.000   ;    ;        ;        ;                     ;            ; launch edge time                                                                                                                                          ;
; 0.000   ; 0.000   ;    ; borrow ;        ;                     ;            ; time borrowed                                                                                                                                             ;
; 4.820   ; 4.820   ;    ;        ;        ;                     ;            ; clock path                                                                                                                                                ;
;   0.000 ;   0.000 ;    ;        ;        ;                     ;            ; source latency                                                                                                                                            ;
;   0.000 ;   0.000 ;    ;        ; 1      ; PIN_AM10            ;            ; CLK_50                                                                                                                                                    ;
;   0.000 ;   0.000 ; RR ; IC     ; 1      ; IOIBUF_X148_Y16_N32 ;            ; CLK_50~input|i                                                                                                                                            ;
;   0.606 ;   0.606 ; RR ; CELL   ; 1      ; IOIBUF_X148_Y16_N32 ;            ; CLK_50~input|o                                                                                                                                            ;
;   0.777 ;   0.171 ; RR ; CELL   ; 1      ; IOIBUF_X148_Y16_N32 ;            ; CLK_50~input~io_48_lvds_tile_edge/ioclkin[0]                                                                                                              ;
;   0.777 ;   0.000 ; RR ; IC     ; 2      ; CLKCTRL_3A_G_I20    ;            ; CLK_50~inputCLKENA0|inclk                                                                                                                                 ;
;   1.350 ;   0.573 ; RR ; CELL   ; 181963 ; CLKCTRL_3A_G_I20    ;            ; CLK_50~inputCLKENA0|outclk                                                                                                                                ;
;   4.820 ;   3.470 ; RR ; IC     ; 1      ; FF_X147_Y17_N40     ; High Speed ; System|rst_controller|r_sync_rst|clk                                                                                                                      ;
;   4.820 ;   0.000 ; RR ; CELL   ; 1      ; FF_X147_Y17_N40     ; High Speed ; System|rst_controller|r_sync_rst                                                                                                                          ;
; 9.630   ; 4.810   ;    ;        ;        ;                     ;            ; data path                                                                                                                                                 ;
;   5.050 ;   0.230 ; FF ; uTco   ; 1      ; FF_X147_Y17_N40     ;            ; System|rst_controller|r_sync_rst|q                                                                                                                        ;
;   5.128 ;   0.078 ; FF ; CELL   ; 140834 ; FF_X147_Y17_N40     ; High Speed ; System|rst_controller|r_sync_rst~la_lab/laboutb[6]                                                                                                        ;
;   5.691 ;   0.563 ; FF ; IC     ; 2      ; CLKCTRL_3A_G_I21    ; High Speed ; System|rst_controller|r_sync_rst~CLKENA0|inclk                                                                                                            ;
;   6.202 ;   0.511 ; FF ; CELL   ; 4280   ; CLKCTRL_3A_G_I21    ;            ; System|rst_controller|r_sync_rst~CLKENA0|outclk                                                                                                           ;
;   9.630 ;   3.428 ; FF ; IC     ; 1      ; EC_X108_Y27_N3      ; Mixed      ; System|jtag_uart_0|jtag_uart_0|the_NonDPR_jtag_uart_0_altera_avalon_jtag_uart_1924_v2zfocy_scfifo_w|wfifo|auto_generated|dpfifo|FIFOram|ram_block1a3|clr0 ;
;   9.630 ;   0.000 ; FF ; CELL   ; 0      ; EC_X108_Y27_N3      ; High Speed ; System|jtag_uart_0|jtag_uart_0|the_NonDPR_jtag_uart_0_altera_avalon_jtag_uart_1924_v2zfocy_scfifo_w|wfifo|auto_generated|dpfifo|FIFOram|ram_block1a3~reg0 ;
+---------+---------+----+--------+--------+---------------------+------------+-----------------------------------------------------------------------------------------------------------------------------------------------------------+

+----------------------------------------------------------------------------------------------------------------------------------------------------------------------------------------------------------------------------------------+
; Data Required Path                                                                                                                                                                                                                     ;
+----------+---------+----+------+--------+---------------------+------------+-----------------------------------------------------------------------------------------------------------------------------------------------------------+
; Total    ; Incr    ; RF ; Type ; Fanout ; Location            ; HS/LP      ; Element                                                                                                                                                   ;
+----------+---------+----+------+--------+---------------------+------------+-----------------------------------------------------------------------------------------------------------------------------------------------------------+
; 20.000   ; 20.000  ;    ;      ;        ;                     ;            ; latch edge time                                                                                                                                           ;
; 24.673   ; 4.673   ;    ;      ;        ;                     ;            ; clock path                                                                                                                                                ;
;   20.000 ;   0.000 ;    ;      ;        ;                     ;            ; source latency                                                                                                                                            ;
;   20.000 ;   0.000 ;    ;      ; 1      ; PIN_AM10            ;            ; CLK_50                                                                                                                                                    ;
;   20.000 ;   0.000 ; RR ; IC   ; 1      ; IOIBUF_X148_Y16_N32 ;            ; CLK_50~input|i                                                                                                                                            ;
;   20.606 ;   0.606 ; RR ; CELL ; 1      ; IOIBUF_X148_Y16_N32 ;            ; CLK_50~input|o                                                                                                                                            ;
;   20.744 ;   0.138 ; RR ; CELL ; 1      ; IOIBUF_X148_Y16_N32 ;            ; CLK_50~input~io_48_lvds_tile_edge/ioclkin[0]                                                                                                              ;
;   20.744 ;   0.000 ; RR ; IC   ; 2      ; CLKCTRL_3A_G_I20    ;            ; CLK_50~inputCLKENA0|inclk                                                                                                                                 ;
;   21.233 ;   0.489 ; RR ; CELL ; 181963 ; CLKCTRL_3A_G_I20    ;            ; CLK_50~inputCLKENA0|outclk                                                                                                                                ;
;   24.395 ;   3.162 ; RR ; IC   ; 2      ; EC_X108_Y27_N3      ; Mixed      ; System|jtag_uart_0|jtag_uart_0|the_NonDPR_jtag_uart_0_altera_avalon_jtag_uart_1924_v2zfocy_scfifo_w|wfifo|auto_generated|dpfifo|FIFOram|ram_block1a3|clk0 ;
;   24.395 ;   0.000 ; RR ; CELL ; 0      ; EC_X108_Y27_N3      ; High Speed ; System|jtag_uart_0|jtag_uart_0|the_NonDPR_jtag_uart_0_altera_avalon_jtag_uart_1924_v2zfocy_scfifo_w|wfifo|auto_generated|dpfifo|FIFOram|ram_block1a3~reg0 ;
;   24.673 ;   0.278 ;    ;      ;        ;                     ;            ; clock pessimism removed                                                                                                                                   ;
; 24.643   ; -0.030  ;    ;      ;        ;                     ;            ; clock uncertainty                                                                                                                                         ;
; 24.140   ; -0.503  ;    ; uTsu ; 0      ; EC_X108_Y27_N3      ;            ; System|jtag_uart_0|jtag_uart_0|the_NonDPR_jtag_uart_0_altera_avalon_jtag_uart_1924_v2zfocy_scfifo_w|wfifo|auto_generated|dpfifo|FIFOram|ram_block1a3~reg0 ;
+----------+---------+----+------+--------+---------------------+------------+-----------------------------------------------------------------------------------------------------------------------------------------------------------+



Path #5: Recovery slack is 14.510 
===============================================================================
+---------------------------------------------------------------------------------------------------------------------------------------------------------------------------------------------+
; Path Summary                                                                                                                                                                                ;
+---------------------------------+-----------------------------------------------------------------------------------------------------------------------------------------------------------+
; Property                        ; Value                                                                                                                                                     ;
+---------------------------------+-----------------------------------------------------------------------------------------------------------------------------------------------------------+
; From Node                       ; System|rst_controller|r_sync_rst                                                                                                                          ;
; To Node                         ; System|jtag_uart_0|jtag_uart_0|the_NonDPR_jtag_uart_0_altera_avalon_jtag_uart_1924_v2zfocy_scfifo_w|wfifo|auto_generated|dpfifo|FIFOram|ram_block1a2~reg0 ;
; Launch Clock                    ; CLK_50                                                                                                                                                    ;
; Latch Clock                     ; CLK_50                                                                                                                                                    ;
; SDC Exception                   ; No SDC Exception on Path                                                                                                                                  ;
; Data Arrival Time               ; 9.630                                                                                                                                                     ;
; Data Required Time              ; 24.140                                                                                                                                                    ;
; Slack                           ; 14.510                                                                                                                                                    ;
; Worst-Case Operating Conditions ; Slow 900mV 0C Model                                                                                                                                       ;
+---------------------------------+-----------------------------------------------------------------------------------------------------------------------------------------------------------+

+------------------------------------------------------------------------------------+
; Statistics                                                                         ;
+------------------------+--------+-------+-------------+------------+-------+-------+
; Property               ; Value  ; Count ; Total Delay ; % of Total ; Min   ; Max   ;
+------------------------+--------+-------+-------------+------------+-------+-------+
; Recovery Relationship  ; 20.000 ;       ;             ;            ;       ;       ;
; Clock Skew             ; -0.147 ;       ;             ;            ;       ;       ;
; Data Delay             ; 4.810  ;       ;             ;            ;       ;       ;
; Number of Logic Levels ;        ; 1     ;             ;            ;       ;       ;
; Physical Delays        ;        ;       ;             ;            ;       ;       ;
;  Arrival Path          ;        ;       ;             ;            ;       ;       ;
;   Clock                ;        ;       ;             ;            ;       ;       ;
;    IC                  ;        ; 3     ; 3.470       ; 72         ; 0.000 ; 3.470 ;
;    Cell                ;        ; 4     ; 1.350       ; 28         ; 0.000 ; 0.606 ;
;   Data                 ;        ;       ;             ;            ;       ;       ;
;    IC                  ;        ; 2     ; 3.991       ; 83         ; 0.563 ; 3.428 ;
;    Cell                ;        ; 3     ; 0.589       ; 12         ; 0.000 ; 0.511 ;
;    uTco                ;        ; 1     ; 0.230       ; 5          ; 0.230 ; 0.230 ;
;  Required Path         ;        ;       ;             ;            ;       ;       ;
;   Clock                ;        ;       ;             ;            ;       ;       ;
;    IC                  ;        ; 3     ; 3.162       ; 72         ; 0.000 ; 3.162 ;
;    Cell                ;        ; 4     ; 1.233       ; 28         ; 0.000 ; 0.606 ;
+------------------------+--------+-------+-------------+------------+-------+-------+
Note: Negative delays are omitted from totals when calculating percentages

+-----------------------------------------------------------------------------------------------------------------------------------------------------------------------------------------------------------------------------------------+
; Data Arrival Path                                                                                                                                                                                                                       ;
+---------+---------+----+--------+--------+---------------------+------------+-----------------------------------------------------------------------------------------------------------------------------------------------------------+
; Total   ; Incr    ; RF ; Type   ; Fanout ; Location            ; HS/LP      ; Element                                                                                                                                                   ;
+---------+---------+----+--------+--------+---------------------+------------+-----------------------------------------------------------------------------------------------------------------------------------------------------------+
; 0.000   ; 0.000   ;    ;        ;        ;                     ;            ; launch edge time                                                                                                                                          ;
; 0.000   ; 0.000   ;    ; borrow ;        ;                     ;            ; time borrowed                                                                                                                                             ;
; 4.820   ; 4.820   ;    ;        ;        ;                     ;            ; clock path                                                                                                                                                ;
;   0.000 ;   0.000 ;    ;        ;        ;                     ;            ; source latency                                                                                                                                            ;
;   0.000 ;   0.000 ;    ;        ; 1      ; PIN_AM10            ;            ; CLK_50                                                                                                                                                    ;
;   0.000 ;   0.000 ; RR ; IC     ; 1      ; IOIBUF_X148_Y16_N32 ;            ; CLK_50~input|i                                                                                                                                            ;
;   0.606 ;   0.606 ; RR ; CELL   ; 1      ; IOIBUF_X148_Y16_N32 ;            ; CLK_50~input|o                                                                                                                                            ;
;   0.777 ;   0.171 ; RR ; CELL   ; 1      ; IOIBUF_X148_Y16_N32 ;            ; CLK_50~input~io_48_lvds_tile_edge/ioclkin[0]                                                                                                              ;
;   0.777 ;   0.000 ; RR ; IC     ; 2      ; CLKCTRL_3A_G_I20    ;            ; CLK_50~inputCLKENA0|inclk                                                                                                                                 ;
;   1.350 ;   0.573 ; RR ; CELL   ; 181963 ; CLKCTRL_3A_G_I20    ;            ; CLK_50~inputCLKENA0|outclk                                                                                                                                ;
;   4.820 ;   3.470 ; RR ; IC     ; 1      ; FF_X147_Y17_N40     ; High Speed ; System|rst_controller|r_sync_rst|clk                                                                                                                      ;
;   4.820 ;   0.000 ; RR ; CELL   ; 1      ; FF_X147_Y17_N40     ; High Speed ; System|rst_controller|r_sync_rst                                                                                                                          ;
; 9.630   ; 4.810   ;    ;        ;        ;                     ;            ; data path                                                                                                                                                 ;
;   5.050 ;   0.230 ; FF ; uTco   ; 1      ; FF_X147_Y17_N40     ;            ; System|rst_controller|r_sync_rst|q                                                                                                                        ;
;   5.128 ;   0.078 ; FF ; CELL   ; 140834 ; FF_X147_Y17_N40     ; High Speed ; System|rst_controller|r_sync_rst~la_lab/laboutb[6]                                                                                                        ;
;   5.691 ;   0.563 ; FF ; IC     ; 2      ; CLKCTRL_3A_G_I21    ; High Speed ; System|rst_controller|r_sync_rst~CLKENA0|inclk                                                                                                            ;
;   6.202 ;   0.511 ; FF ; CELL   ; 4280   ; CLKCTRL_3A_G_I21    ;            ; System|rst_controller|r_sync_rst~CLKENA0|outclk                                                                                                           ;
;   9.630 ;   3.428 ; FF ; IC     ; 1      ; EC_X108_Y27_N2      ; Mixed      ; System|jtag_uart_0|jtag_uart_0|the_NonDPR_jtag_uart_0_altera_avalon_jtag_uart_1924_v2zfocy_scfifo_w|wfifo|auto_generated|dpfifo|FIFOram|ram_block1a2|clr0 ;
;   9.630 ;   0.000 ; FF ; CELL   ; 0      ; EC_X108_Y27_N2      ; High Speed ; System|jtag_uart_0|jtag_uart_0|the_NonDPR_jtag_uart_0_altera_avalon_jtag_uart_1924_v2zfocy_scfifo_w|wfifo|auto_generated|dpfifo|FIFOram|ram_block1a2~reg0 ;
+---------+---------+----+--------+--------+---------------------+------------+-----------------------------------------------------------------------------------------------------------------------------------------------------------+

+----------------------------------------------------------------------------------------------------------------------------------------------------------------------------------------------------------------------------------------+
; Data Required Path                                                                                                                                                                                                                     ;
+----------+---------+----+------+--------+---------------------+------------+-----------------------------------------------------------------------------------------------------------------------------------------------------------+
; Total    ; Incr    ; RF ; Type ; Fanout ; Location            ; HS/LP      ; Element                                                                                                                                                   ;
+----------+---------+----+------+--------+---------------------+------------+-----------------------------------------------------------------------------------------------------------------------------------------------------------+
; 20.000   ; 20.000  ;    ;      ;        ;                     ;            ; latch edge time                                                                                                                                           ;
; 24.673   ; 4.673   ;    ;      ;        ;                     ;            ; clock path                                                                                                                                                ;
;   20.000 ;   0.000 ;    ;      ;        ;                     ;            ; source latency                                                                                                                                            ;
;   20.000 ;   0.000 ;    ;      ; 1      ; PIN_AM10            ;            ; CLK_50                                                                                                                                                    ;
;   20.000 ;   0.000 ; RR ; IC   ; 1      ; IOIBUF_X148_Y16_N32 ;            ; CLK_50~input|i                                                                                                                                            ;
;   20.606 ;   0.606 ; RR ; CELL ; 1      ; IOIBUF_X148_Y16_N32 ;            ; CLK_50~input|o                                                                                                                                            ;
;   20.744 ;   0.138 ; RR ; CELL ; 1      ; IOIBUF_X148_Y16_N32 ;            ; CLK_50~input~io_48_lvds_tile_edge/ioclkin[0]                                                                                                              ;
;   20.744 ;   0.000 ; RR ; IC   ; 2      ; CLKCTRL_3A_G_I20    ;            ; CLK_50~inputCLKENA0|inclk                                                                                                                                 ;
;   21.233 ;   0.489 ; RR ; CELL ; 181963 ; CLKCTRL_3A_G_I20    ;            ; CLK_50~inputCLKENA0|outclk                                                                                                                                ;
;   24.395 ;   3.162 ; RR ; IC   ; 2      ; EC_X108_Y27_N2      ; Mixed      ; System|jtag_uart_0|jtag_uart_0|the_NonDPR_jtag_uart_0_altera_avalon_jtag_uart_1924_v2zfocy_scfifo_w|wfifo|auto_generated|dpfifo|FIFOram|ram_block1a2|clk0 ;
;   24.395 ;   0.000 ; RR ; CELL ; 0      ; EC_X108_Y27_N2      ; High Speed ; System|jtag_uart_0|jtag_uart_0|the_NonDPR_jtag_uart_0_altera_avalon_jtag_uart_1924_v2zfocy_scfifo_w|wfifo|auto_generated|dpfifo|FIFOram|ram_block1a2~reg0 ;
;   24.673 ;   0.278 ;    ;      ;        ;                     ;            ; clock pessimism removed                                                                                                                                   ;
; 24.643   ; -0.030  ;    ;      ;        ;                     ;            ; clock uncertainty                                                                                                                                         ;
; 24.140   ; -0.503  ;    ; uTsu ; 0      ; EC_X108_Y27_N2      ;            ; System|jtag_uart_0|jtag_uart_0|the_NonDPR_jtag_uart_0_altera_avalon_jtag_uart_1924_v2zfocy_scfifo_w|wfifo|auto_generated|dpfifo|FIFOram|ram_block1a2~reg0 ;
+----------+---------+----+------+--------+---------------------+------------+-----------------------------------------------------------------------------------------------------------------------------------------------------------+



Path #6: Recovery slack is 14.510 
===============================================================================
+---------------------------------------------------------------------------------------------------------------------------------------------------------------------------------------------+
; Path Summary                                                                                                                                                                                ;
+---------------------------------+-----------------------------------------------------------------------------------------------------------------------------------------------------------+
; Property                        ; Value                                                                                                                                                     ;
+---------------------------------+-----------------------------------------------------------------------------------------------------------------------------------------------------------+
; From Node                       ; System|rst_controller|r_sync_rst                                                                                                                          ;
; To Node                         ; System|jtag_uart_0|jtag_uart_0|the_NonDPR_jtag_uart_0_altera_avalon_jtag_uart_1924_v2zfocy_scfifo_w|wfifo|auto_generated|dpfifo|FIFOram|ram_block1a1~reg0 ;
; Launch Clock                    ; CLK_50                                                                                                                                                    ;
; Latch Clock                     ; CLK_50                                                                                                                                                    ;
; SDC Exception                   ; No SDC Exception on Path                                                                                                                                  ;
; Data Arrival Time               ; 9.630                                                                                                                                                     ;
; Data Required Time              ; 24.140                                                                                                                                                    ;
; Slack                           ; 14.510                                                                                                                                                    ;
; Worst-Case Operating Conditions ; Slow 900mV 0C Model                                                                                                                                       ;
+---------------------------------+-----------------------------------------------------------------------------------------------------------------------------------------------------------+

+------------------------------------------------------------------------------------+
; Statistics                                                                         ;
+------------------------+--------+-------+-------------+------------+-------+-------+
; Property               ; Value  ; Count ; Total Delay ; % of Total ; Min   ; Max   ;
+------------------------+--------+-------+-------------+------------+-------+-------+
; Recovery Relationship  ; 20.000 ;       ;             ;            ;       ;       ;
; Clock Skew             ; -0.147 ;       ;             ;            ;       ;       ;
; Data Delay             ; 4.810  ;       ;             ;            ;       ;       ;
; Number of Logic Levels ;        ; 1     ;             ;            ;       ;       ;
; Physical Delays        ;        ;       ;             ;            ;       ;       ;
;  Arrival Path          ;        ;       ;             ;            ;       ;       ;
;   Clock                ;        ;       ;             ;            ;       ;       ;
;    IC                  ;        ; 3     ; 3.470       ; 72         ; 0.000 ; 3.470 ;
;    Cell                ;        ; 4     ; 1.350       ; 28         ; 0.000 ; 0.606 ;
;   Data                 ;        ;       ;             ;            ;       ;       ;
;    IC                  ;        ; 2     ; 3.991       ; 83         ; 0.563 ; 3.428 ;
;    Cell                ;        ; 3     ; 0.589       ; 12         ; 0.000 ; 0.511 ;
;    uTco                ;        ; 1     ; 0.230       ; 5          ; 0.230 ; 0.230 ;
;  Required Path         ;        ;       ;             ;            ;       ;       ;
;   Clock                ;        ;       ;             ;            ;       ;       ;
;    IC                  ;        ; 3     ; 3.162       ; 72         ; 0.000 ; 3.162 ;
;    Cell                ;        ; 4     ; 1.233       ; 28         ; 0.000 ; 0.606 ;
+------------------------+--------+-------+-------------+------------+-------+-------+
Note: Negative delays are omitted from totals when calculating percentages

+-----------------------------------------------------------------------------------------------------------------------------------------------------------------------------------------------------------------------------------------+
; Data Arrival Path                                                                                                                                                                                                                       ;
+---------+---------+----+--------+--------+---------------------+------------+-----------------------------------------------------------------------------------------------------------------------------------------------------------+
; Total   ; Incr    ; RF ; Type   ; Fanout ; Location            ; HS/LP      ; Element                                                                                                                                                   ;
+---------+---------+----+--------+--------+---------------------+------------+-----------------------------------------------------------------------------------------------------------------------------------------------------------+
; 0.000   ; 0.000   ;    ;        ;        ;                     ;            ; launch edge time                                                                                                                                          ;
; 0.000   ; 0.000   ;    ; borrow ;        ;                     ;            ; time borrowed                                                                                                                                             ;
; 4.820   ; 4.820   ;    ;        ;        ;                     ;            ; clock path                                                                                                                                                ;
;   0.000 ;   0.000 ;    ;        ;        ;                     ;            ; source latency                                                                                                                                            ;
;   0.000 ;   0.000 ;    ;        ; 1      ; PIN_AM10            ;            ; CLK_50                                                                                                                                                    ;
;   0.000 ;   0.000 ; RR ; IC     ; 1      ; IOIBUF_X148_Y16_N32 ;            ; CLK_50~input|i                                                                                                                                            ;
;   0.606 ;   0.606 ; RR ; CELL   ; 1      ; IOIBUF_X148_Y16_N32 ;            ; CLK_50~input|o                                                                                                                                            ;
;   0.777 ;   0.171 ; RR ; CELL   ; 1      ; IOIBUF_X148_Y16_N32 ;            ; CLK_50~input~io_48_lvds_tile_edge/ioclkin[0]                                                                                                              ;
;   0.777 ;   0.000 ; RR ; IC     ; 2      ; CLKCTRL_3A_G_I20    ;            ; CLK_50~inputCLKENA0|inclk                                                                                                                                 ;
;   1.350 ;   0.573 ; RR ; CELL   ; 181963 ; CLKCTRL_3A_G_I20    ;            ; CLK_50~inputCLKENA0|outclk                                                                                                                                ;
;   4.820 ;   3.470 ; RR ; IC     ; 1      ; FF_X147_Y17_N40     ; High Speed ; System|rst_controller|r_sync_rst|clk                                                                                                                      ;
;   4.820 ;   0.000 ; RR ; CELL   ; 1      ; FF_X147_Y17_N40     ; High Speed ; System|rst_controller|r_sync_rst                                                                                                                          ;
; 9.630   ; 4.810   ;    ;        ;        ;                     ;            ; data path                                                                                                                                                 ;
;   5.050 ;   0.230 ; FF ; uTco   ; 1      ; FF_X147_Y17_N40     ;            ; System|rst_controller|r_sync_rst|q                                                                                                                        ;
;   5.128 ;   0.078 ; FF ; CELL   ; 140834 ; FF_X147_Y17_N40     ; High Speed ; System|rst_controller|r_sync_rst~la_lab/laboutb[6]                                                                                                        ;
;   5.691 ;   0.563 ; FF ; IC     ; 2      ; CLKCTRL_3A_G_I21    ; High Speed ; System|rst_controller|r_sync_rst~CLKENA0|inclk                                                                                                            ;
;   6.202 ;   0.511 ; FF ; CELL   ; 4280   ; CLKCTRL_3A_G_I21    ;            ; System|rst_controller|r_sync_rst~CLKENA0|outclk                                                                                                           ;
;   9.630 ;   3.428 ; FF ; IC     ; 1      ; EC_X108_Y27_N1      ; Mixed      ; System|jtag_uart_0|jtag_uart_0|the_NonDPR_jtag_uart_0_altera_avalon_jtag_uart_1924_v2zfocy_scfifo_w|wfifo|auto_generated|dpfifo|FIFOram|ram_block1a1|clr0 ;
;   9.630 ;   0.000 ; FF ; CELL   ; 0      ; EC_X108_Y27_N1      ; High Speed ; System|jtag_uart_0|jtag_uart_0|the_NonDPR_jtag_uart_0_altera_avalon_jtag_uart_1924_v2zfocy_scfifo_w|wfifo|auto_generated|dpfifo|FIFOram|ram_block1a1~reg0 ;
+---------+---------+----+--------+--------+---------------------+------------+-----------------------------------------------------------------------------------------------------------------------------------------------------------+

+----------------------------------------------------------------------------------------------------------------------------------------------------------------------------------------------------------------------------------------+
; Data Required Path                                                                                                                                                                                                                     ;
+----------+---------+----+------+--------+---------------------+------------+-----------------------------------------------------------------------------------------------------------------------------------------------------------+
; Total    ; Incr    ; RF ; Type ; Fanout ; Location            ; HS/LP      ; Element                                                                                                                                                   ;
+----------+---------+----+------+--------+---------------------+------------+-----------------------------------------------------------------------------------------------------------------------------------------------------------+
; 20.000   ; 20.000  ;    ;      ;        ;                     ;            ; latch edge time                                                                                                                                           ;
; 24.673   ; 4.673   ;    ;      ;        ;                     ;            ; clock path                                                                                                                                                ;
;   20.000 ;   0.000 ;    ;      ;        ;                     ;            ; source latency                                                                                                                                            ;
;   20.000 ;   0.000 ;    ;      ; 1      ; PIN_AM10            ;            ; CLK_50                                                                                                                                                    ;
;   20.000 ;   0.000 ; RR ; IC   ; 1      ; IOIBUF_X148_Y16_N32 ;            ; CLK_50~input|i                                                                                                                                            ;
;   20.606 ;   0.606 ; RR ; CELL ; 1      ; IOIBUF_X148_Y16_N32 ;            ; CLK_50~input|o                                                                                                                                            ;
;   20.744 ;   0.138 ; RR ; CELL ; 1      ; IOIBUF_X148_Y16_N32 ;            ; CLK_50~input~io_48_lvds_tile_edge/ioclkin[0]                                                                                                              ;
;   20.744 ;   0.000 ; RR ; IC   ; 2      ; CLKCTRL_3A_G_I20    ;            ; CLK_50~inputCLKENA0|inclk                                                                                                                                 ;
;   21.233 ;   0.489 ; RR ; CELL ; 181963 ; CLKCTRL_3A_G_I20    ;            ; CLK_50~inputCLKENA0|outclk                                                                                                                                ;
;   24.395 ;   3.162 ; RR ; IC   ; 2      ; EC_X108_Y27_N1      ; Mixed      ; System|jtag_uart_0|jtag_uart_0|the_NonDPR_jtag_uart_0_altera_avalon_jtag_uart_1924_v2zfocy_scfifo_w|wfifo|auto_generated|dpfifo|FIFOram|ram_block1a1|clk0 ;
;   24.395 ;   0.000 ; RR ; CELL ; 0      ; EC_X108_Y27_N1      ; High Speed ; System|jtag_uart_0|jtag_uart_0|the_NonDPR_jtag_uart_0_altera_avalon_jtag_uart_1924_v2zfocy_scfifo_w|wfifo|auto_generated|dpfifo|FIFOram|ram_block1a1~reg0 ;
;   24.673 ;   0.278 ;    ;      ;        ;                     ;            ; clock pessimism removed                                                                                                                                   ;
; 24.643   ; -0.030  ;    ;      ;        ;                     ;            ; clock uncertainty                                                                                                                                         ;
; 24.140   ; -0.503  ;    ; uTsu ; 0      ; EC_X108_Y27_N1      ;            ; System|jtag_uart_0|jtag_uart_0|the_NonDPR_jtag_uart_0_altera_avalon_jtag_uart_1924_v2zfocy_scfifo_w|wfifo|auto_generated|dpfifo|FIFOram|ram_block1a1~reg0 ;
+----------+---------+----+------+--------+---------------------+------------+-----------------------------------------------------------------------------------------------------------------------------------------------------------+



Path #7: Recovery slack is 14.510 
===============================================================================
+---------------------------------------------------------------------------------------------------------------------------------------------------------------------------------------------+
; Path Summary                                                                                                                                                                                ;
+---------------------------------+-----------------------------------------------------------------------------------------------------------------------------------------------------------+
; Property                        ; Value                                                                                                                                                     ;
+---------------------------------+-----------------------------------------------------------------------------------------------------------------------------------------------------------+
; From Node                       ; System|rst_controller|r_sync_rst                                                                                                                          ;
; To Node                         ; System|jtag_uart_0|jtag_uart_0|the_NonDPR_jtag_uart_0_altera_avalon_jtag_uart_1924_v2zfocy_scfifo_w|wfifo|auto_generated|dpfifo|FIFOram|ram_block1a0~reg0 ;
; Launch Clock                    ; CLK_50                                                                                                                                                    ;
; Latch Clock                     ; CLK_50                                                                                                                                                    ;
; SDC Exception                   ; No SDC Exception on Path                                                                                                                                  ;
; Data Arrival Time               ; 9.630                                                                                                                                                     ;
; Data Required Time              ; 24.140                                                                                                                                                    ;
; Slack                           ; 14.510                                                                                                                                                    ;
; Worst-Case Operating Conditions ; Slow 900mV 0C Model                                                                                                                                       ;
+---------------------------------+-----------------------------------------------------------------------------------------------------------------------------------------------------------+

+------------------------------------------------------------------------------------+
; Statistics                                                                         ;
+------------------------+--------+-------+-------------+------------+-------+-------+
; Property               ; Value  ; Count ; Total Delay ; % of Total ; Min   ; Max   ;
+------------------------+--------+-------+-------------+------------+-------+-------+
; Recovery Relationship  ; 20.000 ;       ;             ;            ;       ;       ;
; Clock Skew             ; -0.147 ;       ;             ;            ;       ;       ;
; Data Delay             ; 4.810  ;       ;             ;            ;       ;       ;
; Number of Logic Levels ;        ; 1     ;             ;            ;       ;       ;
; Physical Delays        ;        ;       ;             ;            ;       ;       ;
;  Arrival Path          ;        ;       ;             ;            ;       ;       ;
;   Clock                ;        ;       ;             ;            ;       ;       ;
;    IC                  ;        ; 3     ; 3.470       ; 72         ; 0.000 ; 3.470 ;
;    Cell                ;        ; 4     ; 1.350       ; 28         ; 0.000 ; 0.606 ;
;   Data                 ;        ;       ;             ;            ;       ;       ;
;    IC                  ;        ; 2     ; 3.991       ; 83         ; 0.563 ; 3.428 ;
;    Cell                ;        ; 3     ; 0.589       ; 12         ; 0.000 ; 0.511 ;
;    uTco                ;        ; 1     ; 0.230       ; 5          ; 0.230 ; 0.230 ;
;  Required Path         ;        ;       ;             ;            ;       ;       ;
;   Clock                ;        ;       ;             ;            ;       ;       ;
;    IC                  ;        ; 3     ; 3.162       ; 72         ; 0.000 ; 3.162 ;
;    Cell                ;        ; 4     ; 1.233       ; 28         ; 0.000 ; 0.606 ;
+------------------------+--------+-------+-------------+------------+-------+-------+
Note: Negative delays are omitted from totals when calculating percentages

+-----------------------------------------------------------------------------------------------------------------------------------------------------------------------------------------------------------------------------------------+
; Data Arrival Path                                                                                                                                                                                                                       ;
+---------+---------+----+--------+--------+---------------------+------------+-----------------------------------------------------------------------------------------------------------------------------------------------------------+
; Total   ; Incr    ; RF ; Type   ; Fanout ; Location            ; HS/LP      ; Element                                                                                                                                                   ;
+---------+---------+----+--------+--------+---------------------+------------+-----------------------------------------------------------------------------------------------------------------------------------------------------------+
; 0.000   ; 0.000   ;    ;        ;        ;                     ;            ; launch edge time                                                                                                                                          ;
; 0.000   ; 0.000   ;    ; borrow ;        ;                     ;            ; time borrowed                                                                                                                                             ;
; 4.820   ; 4.820   ;    ;        ;        ;                     ;            ; clock path                                                                                                                                                ;
;   0.000 ;   0.000 ;    ;        ;        ;                     ;            ; source latency                                                                                                                                            ;
;   0.000 ;   0.000 ;    ;        ; 1      ; PIN_AM10            ;            ; CLK_50                                                                                                                                                    ;
;   0.000 ;   0.000 ; RR ; IC     ; 1      ; IOIBUF_X148_Y16_N32 ;            ; CLK_50~input|i                                                                                                                                            ;
;   0.606 ;   0.606 ; RR ; CELL   ; 1      ; IOIBUF_X148_Y16_N32 ;            ; CLK_50~input|o                                                                                                                                            ;
;   0.777 ;   0.171 ; RR ; CELL   ; 1      ; IOIBUF_X148_Y16_N32 ;            ; CLK_50~input~io_48_lvds_tile_edge/ioclkin[0]                                                                                                              ;
;   0.777 ;   0.000 ; RR ; IC     ; 2      ; CLKCTRL_3A_G_I20    ;            ; CLK_50~inputCLKENA0|inclk                                                                                                                                 ;
;   1.350 ;   0.573 ; RR ; CELL   ; 181963 ; CLKCTRL_3A_G_I20    ;            ; CLK_50~inputCLKENA0|outclk                                                                                                                                ;
;   4.820 ;   3.470 ; RR ; IC     ; 1      ; FF_X147_Y17_N40     ; High Speed ; System|rst_controller|r_sync_rst|clk                                                                                                                      ;
;   4.820 ;   0.000 ; RR ; CELL   ; 1      ; FF_X147_Y17_N40     ; High Speed ; System|rst_controller|r_sync_rst                                                                                                                          ;
; 9.630   ; 4.810   ;    ;        ;        ;                     ;            ; data path                                                                                                                                                 ;
;   5.050 ;   0.230 ; FF ; uTco   ; 1      ; FF_X147_Y17_N40     ;            ; System|rst_controller|r_sync_rst|q                                                                                                                        ;
;   5.128 ;   0.078 ; FF ; CELL   ; 140834 ; FF_X147_Y17_N40     ; High Speed ; System|rst_controller|r_sync_rst~la_lab/laboutb[6]                                                                                                        ;
;   5.691 ;   0.563 ; FF ; IC     ; 2      ; CLKCTRL_3A_G_I21    ; High Speed ; System|rst_controller|r_sync_rst~CLKENA0|inclk                                                                                                            ;
;   6.202 ;   0.511 ; FF ; CELL   ; 4280   ; CLKCTRL_3A_G_I21    ;            ; System|rst_controller|r_sync_rst~CLKENA0|outclk                                                                                                           ;
;   9.630 ;   3.428 ; FF ; IC     ; 1      ; EC_X108_Y27_N0      ; Mixed      ; System|jtag_uart_0|jtag_uart_0|the_NonDPR_jtag_uart_0_altera_avalon_jtag_uart_1924_v2zfocy_scfifo_w|wfifo|auto_generated|dpfifo|FIFOram|ram_block1a0|clr0 ;
;   9.630 ;   0.000 ; FF ; CELL   ; 0      ; EC_X108_Y27_N0      ; High Speed ; System|jtag_uart_0|jtag_uart_0|the_NonDPR_jtag_uart_0_altera_avalon_jtag_uart_1924_v2zfocy_scfifo_w|wfifo|auto_generated|dpfifo|FIFOram|ram_block1a0~reg0 ;
+---------+---------+----+--------+--------+---------------------+------------+-----------------------------------------------------------------------------------------------------------------------------------------------------------+

+----------------------------------------------------------------------------------------------------------------------------------------------------------------------------------------------------------------------------------------+
; Data Required Path                                                                                                                                                                                                                     ;
+----------+---------+----+------+--------+---------------------+------------+-----------------------------------------------------------------------------------------------------------------------------------------------------------+
; Total    ; Incr    ; RF ; Type ; Fanout ; Location            ; HS/LP      ; Element                                                                                                                                                   ;
+----------+---------+----+------+--------+---------------------+------------+-----------------------------------------------------------------------------------------------------------------------------------------------------------+
; 20.000   ; 20.000  ;    ;      ;        ;                     ;            ; latch edge time                                                                                                                                           ;
; 24.673   ; 4.673   ;    ;      ;        ;                     ;            ; clock path                                                                                                                                                ;
;   20.000 ;   0.000 ;    ;      ;        ;                     ;            ; source latency                                                                                                                                            ;
;   20.000 ;   0.000 ;    ;      ; 1      ; PIN_AM10            ;            ; CLK_50                                                                                                                                                    ;
;   20.000 ;   0.000 ; RR ; IC   ; 1      ; IOIBUF_X148_Y16_N32 ;            ; CLK_50~input|i                                                                                                                                            ;
;   20.606 ;   0.606 ; RR ; CELL ; 1      ; IOIBUF_X148_Y16_N32 ;            ; CLK_50~input|o                                                                                                                                            ;
;   20.744 ;   0.138 ; RR ; CELL ; 1      ; IOIBUF_X148_Y16_N32 ;            ; CLK_50~input~io_48_lvds_tile_edge/ioclkin[0]                                                                                                              ;
;   20.744 ;   0.000 ; RR ; IC   ; 2      ; CLKCTRL_3A_G_I20    ;            ; CLK_50~inputCLKENA0|inclk                                                                                                                                 ;
;   21.233 ;   0.489 ; RR ; CELL ; 181963 ; CLKCTRL_3A_G_I20    ;            ; CLK_50~inputCLKENA0|outclk                                                                                                                                ;
;   24.395 ;   3.162 ; RR ; IC   ; 2      ; EC_X108_Y27_N0      ; Mixed      ; System|jtag_uart_0|jtag_uart_0|the_NonDPR_jtag_uart_0_altera_avalon_jtag_uart_1924_v2zfocy_scfifo_w|wfifo|auto_generated|dpfifo|FIFOram|ram_block1a0|clk0 ;
;   24.395 ;   0.000 ; RR ; CELL ; 0      ; EC_X108_Y27_N0      ; High Speed ; System|jtag_uart_0|jtag_uart_0|the_NonDPR_jtag_uart_0_altera_avalon_jtag_uart_1924_v2zfocy_scfifo_w|wfifo|auto_generated|dpfifo|FIFOram|ram_block1a0~reg0 ;
;   24.673 ;   0.278 ;    ;      ;        ;                     ;            ; clock pessimism removed                                                                                                                                   ;
; 24.643   ; -0.030  ;    ;      ;        ;                     ;            ; clock uncertainty                                                                                                                                         ;
; 24.140   ; -0.503  ;    ; uTsu ; 0      ; EC_X108_Y27_N0      ;            ; System|jtag_uart_0|jtag_uart_0|the_NonDPR_jtag_uart_0_altera_avalon_jtag_uart_1924_v2zfocy_scfifo_w|wfifo|auto_generated|dpfifo|FIFOram|ram_block1a0~reg0 ;
+----------+---------+----+------+--------+---------------------+------------+-----------------------------------------------------------------------------------------------------------------------------------------------------------+



Path #8: Recovery slack is 14.510 
===============================================================================
+---------------------------------------------------------------------------------------------------------------------------------------------------------------------------------------------+
; Path Summary                                                                                                                                                                                ;
+---------------------------------+-----------------------------------------------------------------------------------------------------------------------------------------------------------+
; Property                        ; Value                                                                                                                                                     ;
+---------------------------------+-----------------------------------------------------------------------------------------------------------------------------------------------------------+
; From Node                       ; System|rst_controller|r_sync_rst                                                                                                                          ;
; To Node                         ; System|jtag_uart_0|jtag_uart_0|the_NonDPR_jtag_uart_0_altera_avalon_jtag_uart_1924_v2zfocy_scfifo_w|wfifo|auto_generated|dpfifo|FIFOram|ram_block1a7~reg0 ;
; Launch Clock                    ; CLK_50                                                                                                                                                    ;
; Latch Clock                     ; CLK_50                                                                                                                                                    ;
; SDC Exception                   ; No SDC Exception on Path                                                                                                                                  ;
; Data Arrival Time               ; 9.630                                                                                                                                                     ;
; Data Required Time              ; 24.140                                                                                                                                                    ;
; Slack                           ; 14.510                                                                                                                                                    ;
; Worst-Case Operating Conditions ; Slow 900mV 0C Model                                                                                                                                       ;
+---------------------------------+-----------------------------------------------------------------------------------------------------------------------------------------------------------+

+------------------------------------------------------------------------------------+
; Statistics                                                                         ;
+------------------------+--------+-------+-------------+------------+-------+-------+
; Property               ; Value  ; Count ; Total Delay ; % of Total ; Min   ; Max   ;
+------------------------+--------+-------+-------------+------------+-------+-------+
; Recovery Relationship  ; 20.000 ;       ;             ;            ;       ;       ;
; Clock Skew             ; -0.147 ;       ;             ;            ;       ;       ;
; Data Delay             ; 4.810  ;       ;             ;            ;       ;       ;
; Number of Logic Levels ;        ; 1     ;             ;            ;       ;       ;
; Physical Delays        ;        ;       ;             ;            ;       ;       ;
;  Arrival Path          ;        ;       ;             ;            ;       ;       ;
;   Clock                ;        ;       ;             ;            ;       ;       ;
;    IC                  ;        ; 3     ; 3.470       ; 72         ; 0.000 ; 3.470 ;
;    Cell                ;        ; 4     ; 1.350       ; 28         ; 0.000 ; 0.606 ;
;   Data                 ;        ;       ;             ;            ;       ;       ;
;    IC                  ;        ; 2     ; 3.991       ; 83         ; 0.563 ; 3.428 ;
;    Cell                ;        ; 3     ; 0.589       ; 12         ; 0.000 ; 0.511 ;
;    uTco                ;        ; 1     ; 0.230       ; 5          ; 0.230 ; 0.230 ;
;  Required Path         ;        ;       ;             ;            ;       ;       ;
;   Clock                ;        ;       ;             ;            ;       ;       ;
;    IC                  ;        ; 3     ; 3.162       ; 72         ; 0.000 ; 3.162 ;
;    Cell                ;        ; 4     ; 1.233       ; 28         ; 0.000 ; 0.606 ;
+------------------------+--------+-------+-------------+------------+-------+-------+
Note: Negative delays are omitted from totals when calculating percentages

+-----------------------------------------------------------------------------------------------------------------------------------------------------------------------------------------------------------------------------------------+
; Data Arrival Path                                                                                                                                                                                                                       ;
+---------+---------+----+--------+--------+---------------------+------------+-----------------------------------------------------------------------------------------------------------------------------------------------------------+
; Total   ; Incr    ; RF ; Type   ; Fanout ; Location            ; HS/LP      ; Element                                                                                                                                                   ;
+---------+---------+----+--------+--------+---------------------+------------+-----------------------------------------------------------------------------------------------------------------------------------------------------------+
; 0.000   ; 0.000   ;    ;        ;        ;                     ;            ; launch edge time                                                                                                                                          ;
; 0.000   ; 0.000   ;    ; borrow ;        ;                     ;            ; time borrowed                                                                                                                                             ;
; 4.820   ; 4.820   ;    ;        ;        ;                     ;            ; clock path                                                                                                                                                ;
;   0.000 ;   0.000 ;    ;        ;        ;                     ;            ; source latency                                                                                                                                            ;
;   0.000 ;   0.000 ;    ;        ; 1      ; PIN_AM10            ;            ; CLK_50                                                                                                                                                    ;
;   0.000 ;   0.000 ; RR ; IC     ; 1      ; IOIBUF_X148_Y16_N32 ;            ; CLK_50~input|i                                                                                                                                            ;
;   0.606 ;   0.606 ; RR ; CELL   ; 1      ; IOIBUF_X148_Y16_N32 ;            ; CLK_50~input|o                                                                                                                                            ;
;   0.777 ;   0.171 ; RR ; CELL   ; 1      ; IOIBUF_X148_Y16_N32 ;            ; CLK_50~input~io_48_lvds_tile_edge/ioclkin[0]                                                                                                              ;
;   0.777 ;   0.000 ; RR ; IC     ; 2      ; CLKCTRL_3A_G_I20    ;            ; CLK_50~inputCLKENA0|inclk                                                                                                                                 ;
;   1.350 ;   0.573 ; RR ; CELL   ; 181963 ; CLKCTRL_3A_G_I20    ;            ; CLK_50~inputCLKENA0|outclk                                                                                                                                ;
;   4.820 ;   3.470 ; RR ; IC     ; 1      ; FF_X147_Y17_N40     ; High Speed ; System|rst_controller|r_sync_rst|clk                                                                                                                      ;
;   4.820 ;   0.000 ; RR ; CELL   ; 1      ; FF_X147_Y17_N40     ; High Speed ; System|rst_controller|r_sync_rst                                                                                                                          ;
; 9.630   ; 4.810   ;    ;        ;        ;                     ;            ; data path                                                                                                                                                 ;
;   5.050 ;   0.230 ; FF ; uTco   ; 1      ; FF_X147_Y17_N40     ;            ; System|rst_controller|r_sync_rst|q                                                                                                                        ;
;   5.128 ;   0.078 ; FF ; CELL   ; 140834 ; FF_X147_Y17_N40     ; High Speed ; System|rst_controller|r_sync_rst~la_lab/laboutb[6]                                                                                                        ;
;   5.691 ;   0.563 ; FF ; IC     ; 2      ; CLKCTRL_3A_G_I21    ; High Speed ; System|rst_controller|r_sync_rst~CLKENA0|inclk                                                                                                            ;
;   6.202 ;   0.511 ; FF ; CELL   ; 4280   ; CLKCTRL_3A_G_I21    ;            ; System|rst_controller|r_sync_rst~CLKENA0|outclk                                                                                                           ;
;   9.630 ;   3.428 ; FF ; IC     ; 1      ; EC_X108_Y27_N7      ; Mixed      ; System|jtag_uart_0|jtag_uart_0|the_NonDPR_jtag_uart_0_altera_avalon_jtag_uart_1924_v2zfocy_scfifo_w|wfifo|auto_generated|dpfifo|FIFOram|ram_block1a7|clr0 ;
;   9.630 ;   0.000 ; FF ; CELL   ; 0      ; EC_X108_Y27_N7      ; High Speed ; System|jtag_uart_0|jtag_uart_0|the_NonDPR_jtag_uart_0_altera_avalon_jtag_uart_1924_v2zfocy_scfifo_w|wfifo|auto_generated|dpfifo|FIFOram|ram_block1a7~reg0 ;
+---------+---------+----+--------+--------+---------------------+------------+-----------------------------------------------------------------------------------------------------------------------------------------------------------+

+----------------------------------------------------------------------------------------------------------------------------------------------------------------------------------------------------------------------------------------+
; Data Required Path                                                                                                                                                                                                                     ;
+----------+---------+----+------+--------+---------------------+------------+-----------------------------------------------------------------------------------------------------------------------------------------------------------+
; Total    ; Incr    ; RF ; Type ; Fanout ; Location            ; HS/LP      ; Element                                                                                                                                                   ;
+----------+---------+----+------+--------+---------------------+------------+-----------------------------------------------------------------------------------------------------------------------------------------------------------+
; 20.000   ; 20.000  ;    ;      ;        ;                     ;            ; latch edge time                                                                                                                                           ;
; 24.673   ; 4.673   ;    ;      ;        ;                     ;            ; clock path                                                                                                                                                ;
;   20.000 ;   0.000 ;    ;      ;        ;                     ;            ; source latency                                                                                                                                            ;
;   20.000 ;   0.000 ;    ;      ; 1      ; PIN_AM10            ;            ; CLK_50                                                                                                                                                    ;
;   20.000 ;   0.000 ; RR ; IC   ; 1      ; IOIBUF_X148_Y16_N32 ;            ; CLK_50~input|i                                                                                                                                            ;
;   20.606 ;   0.606 ; RR ; CELL ; 1      ; IOIBUF_X148_Y16_N32 ;            ; CLK_50~input|o                                                                                                                                            ;
;   20.744 ;   0.138 ; RR ; CELL ; 1      ; IOIBUF_X148_Y16_N32 ;            ; CLK_50~input~io_48_lvds_tile_edge/ioclkin[0]                                                                                                              ;
;   20.744 ;   0.000 ; RR ; IC   ; 2      ; CLKCTRL_3A_G_I20    ;            ; CLK_50~inputCLKENA0|inclk                                                                                                                                 ;
;   21.233 ;   0.489 ; RR ; CELL ; 181963 ; CLKCTRL_3A_G_I20    ;            ; CLK_50~inputCLKENA0|outclk                                                                                                                                ;
;   24.395 ;   3.162 ; RR ; IC   ; 2      ; EC_X108_Y27_N7      ; Mixed      ; System|jtag_uart_0|jtag_uart_0|the_NonDPR_jtag_uart_0_altera_avalon_jtag_uart_1924_v2zfocy_scfifo_w|wfifo|auto_generated|dpfifo|FIFOram|ram_block1a7|clk0 ;
;   24.395 ;   0.000 ; RR ; CELL ; 0      ; EC_X108_Y27_N7      ; High Speed ; System|jtag_uart_0|jtag_uart_0|the_NonDPR_jtag_uart_0_altera_avalon_jtag_uart_1924_v2zfocy_scfifo_w|wfifo|auto_generated|dpfifo|FIFOram|ram_block1a7~reg0 ;
;   24.673 ;   0.278 ;    ;      ;        ;                     ;            ; clock pessimism removed                                                                                                                                   ;
; 24.643   ; -0.030  ;    ;      ;        ;                     ;            ; clock uncertainty                                                                                                                                         ;
; 24.140   ; -0.503  ;    ; uTsu ; 0      ; EC_X108_Y27_N7      ;            ; System|jtag_uart_0|jtag_uart_0|the_NonDPR_jtag_uart_0_altera_avalon_jtag_uart_1924_v2zfocy_scfifo_w|wfifo|auto_generated|dpfifo|FIFOram|ram_block1a7~reg0 ;
+----------+---------+----+------+--------+---------------------+------------+-----------------------------------------------------------------------------------------------------------------------------------------------------------+



Path #9: Recovery slack is 14.847 
===============================================================================
+---------------------------------------------------------------------------------------------------------------------------------------------+
; Path Summary                                                                                                                                ;
+---------------------------------+-----------------------------------------------------------------------------------------------------------+
; Property                        ; Value                                                                                                     ;
+---------------------------------+-----------------------------------------------------------------------------------------------------------+
; From Node                       ; System|rst_controller|r_sync_rst                                                                          ;
; To Node                         ; System|mm_interconnect_1|intel_niosv_g_0_instruction_manager_agent|align_address_to_size|address_burst[5] ;
; Launch Clock                    ; CLK_50                                                                                                    ;
; Latch Clock                     ; CLK_50                                                                                                    ;
; SDC Exception                   ; No SDC Exception on Path                                                                                  ;
; Data Arrival Time               ; 9.621                                                                                                     ;
; Data Required Time              ; 24.468                                                                                                    ;
; Slack                           ; 14.847                                                                                                    ;
; Worst-Case Operating Conditions ; Slow 900mV 0C Model                                                                                       ;
+---------------------------------+-----------------------------------------------------------------------------------------------------------+

+------------------------------------------------------------------------------------+
; Statistics                                                                         ;
+------------------------+--------+-------+-------------+------------+-------+-------+
; Property               ; Value  ; Count ; Total Delay ; % of Total ; Min   ; Max   ;
+------------------------+--------+-------+-------------+------------+-------+-------+
; Recovery Relationship  ; 20.000 ;       ;             ;            ;       ;       ;
; Clock Skew             ; -0.176 ;       ;             ;            ;       ;       ;
; Data Delay             ; 4.801  ;       ;             ;            ;       ;       ;
; Number of Logic Levels ;        ; 1     ;             ;            ;       ;       ;
; Physical Delays        ;        ;       ;             ;            ;       ;       ;
;  Arrival Path          ;        ;       ;             ;            ;       ;       ;
;   Clock                ;        ;       ;             ;            ;       ;       ;
;    IC                  ;        ; 3     ; 3.470       ; 72         ; 0.000 ; 3.470 ;
;    Cell                ;        ; 4     ; 1.350       ; 28         ; 0.000 ; 0.606 ;
;   Data                 ;        ;       ;             ;            ;       ;       ;
;    IC                  ;        ; 2     ; 3.982       ; 83         ; 0.563 ; 3.419 ;
;    Cell                ;        ; 3     ; 0.589       ; 12         ; 0.000 ; 0.511 ;
;    uTco                ;        ; 1     ; 0.230       ; 5          ; 0.230 ; 0.230 ;
;  Required Path         ;        ;       ;             ;            ;       ;       ;
;   Clock                ;        ;       ;             ;            ;       ;       ;
;    IC                  ;        ; 3     ; 3.133       ; 72         ; 0.000 ; 3.133 ;
;    Cell                ;        ; 4     ; 1.233       ; 28         ; 0.000 ; 0.606 ;
+------------------------+--------+-------+-------------+------------+-------+-------+
Note: Negative delays are omitted from totals when calculating percentages

+----------------------------------------------------------------------------------------------------------------------------------------------------------------------------------------------+
; Data Arrival Path                                                                                                                                                                            ;
+---------+---------+----+--------+--------+---------------------+------------+----------------------------------------------------------------------------------------------------------------+
; Total   ; Incr    ; RF ; Type   ; Fanout ; Location            ; HS/LP      ; Element                                                                                                        ;
+---------+---------+----+--------+--------+---------------------+------------+----------------------------------------------------------------------------------------------------------------+
; 0.000   ; 0.000   ;    ;        ;        ;                     ;            ; launch edge time                                                                                               ;
; 0.000   ; 0.000   ;    ; borrow ;        ;                     ;            ; time borrowed                                                                                                  ;
; 4.820   ; 4.820   ;    ;        ;        ;                     ;            ; clock path                                                                                                     ;
;   0.000 ;   0.000 ;    ;        ;        ;                     ;            ; source latency                                                                                                 ;
;   0.000 ;   0.000 ;    ;        ; 1      ; PIN_AM10            ;            ; CLK_50                                                                                                         ;
;   0.000 ;   0.000 ; RR ; IC     ; 1      ; IOIBUF_X148_Y16_N32 ;            ; CLK_50~input|i                                                                                                 ;
;   0.606 ;   0.606 ; RR ; CELL   ; 1      ; IOIBUF_X148_Y16_N32 ;            ; CLK_50~input|o                                                                                                 ;
;   0.777 ;   0.171 ; RR ; CELL   ; 1      ; IOIBUF_X148_Y16_N32 ;            ; CLK_50~input~io_48_lvds_tile_edge/ioclkin[0]                                                                   ;
;   0.777 ;   0.000 ; RR ; IC     ; 2      ; CLKCTRL_3A_G_I20    ;            ; CLK_50~inputCLKENA0|inclk                                                                                      ;
;   1.350 ;   0.573 ; RR ; CELL   ; 181963 ; CLKCTRL_3A_G_I20    ;            ; CLK_50~inputCLKENA0|outclk                                                                                     ;
;   4.820 ;   3.470 ; RR ; IC     ; 1      ; FF_X147_Y17_N40     ; High Speed ; System|rst_controller|r_sync_rst|clk                                                                           ;
;   4.820 ;   0.000 ; RR ; CELL   ; 1      ; FF_X147_Y17_N40     ; High Speed ; System|rst_controller|r_sync_rst                                                                               ;
; 9.621   ; 4.801   ;    ;        ;        ;                     ;            ; data path                                                                                                      ;
;   5.050 ;   0.230 ; FF ; uTco   ; 1      ; FF_X147_Y17_N40     ;            ; System|rst_controller|r_sync_rst|q                                                                             ;
;   5.128 ;   0.078 ; FF ; CELL   ; 140834 ; FF_X147_Y17_N40     ; High Speed ; System|rst_controller|r_sync_rst~la_lab/laboutb[6]                                                             ;
;   5.691 ;   0.563 ; FF ; IC     ; 2      ; CLKCTRL_3A_G_I21    ; High Speed ; System|rst_controller|r_sync_rst~CLKENA0|inclk                                                                 ;
;   6.202 ;   0.511 ; FF ; CELL   ; 4280   ; CLKCTRL_3A_G_I21    ;            ; System|rst_controller|r_sync_rst~CLKENA0|outclk                                                                ;
;   9.621 ;   3.419 ; FF ; IC     ; 1      ; FF_X106_Y20_N26     ; Low Power  ; System|mm_interconnect_1|intel_niosv_g_0_instruction_manager_agent|align_address_to_size|address_burst[5]|clrn ;
;   9.621 ;   0.000 ; FF ; CELL   ; 1      ; FF_X106_Y20_N26     ; Low Power  ; System|mm_interconnect_1|intel_niosv_g_0_instruction_manager_agent|align_address_to_size|address_burst[5]      ;
+---------+---------+----+--------+--------+---------------------+------------+----------------------------------------------------------------------------------------------------------------+

+---------------------------------------------------------------------------------------------------------------------------------------------------------------------------------------------+
; Data Required Path                                                                                                                                                                          ;
+----------+---------+----+--------+--------+---------------------+-----------+---------------------------------------------------------------------------------------------------------------+
; Total    ; Incr    ; RF ; Type   ; Fanout ; Location            ; HS/LP     ; Element                                                                                                       ;
+----------+---------+----+--------+--------+---------------------+-----------+---------------------------------------------------------------------------------------------------------------+
; 20.000   ; 20.000  ;    ;        ;        ;                     ;           ; latch edge time                                                                                               ;
; 20.000   ; 0.000   ;    ; borrow ;        ;                     ;           ; time borrowed                                                                                                 ;
; 24.644   ; 4.644   ;    ;        ;        ;                     ;           ; clock path                                                                                                    ;
;   20.000 ;   0.000 ;    ;        ;        ;                     ;           ; source latency                                                                                                ;
;   20.000 ;   0.000 ;    ;        ; 1      ; PIN_AM10            ;           ; CLK_50                                                                                                        ;
;   20.000 ;   0.000 ; RR ; IC     ; 1      ; IOIBUF_X148_Y16_N32 ;           ; CLK_50~input|i                                                                                                ;
;   20.606 ;   0.606 ; RR ; CELL   ; 1      ; IOIBUF_X148_Y16_N32 ;           ; CLK_50~input|o                                                                                                ;
;   20.744 ;   0.138 ; RR ; CELL   ; 1      ; IOIBUF_X148_Y16_N32 ;           ; CLK_50~input~io_48_lvds_tile_edge/ioclkin[0]                                                                  ;
;   20.744 ;   0.000 ; RR ; IC     ; 2      ; CLKCTRL_3A_G_I20    ;           ; CLK_50~inputCLKENA0|inclk                                                                                     ;
;   21.233 ;   0.489 ; RR ; CELL   ; 181963 ; CLKCTRL_3A_G_I20    ;           ; CLK_50~inputCLKENA0|outclk                                                                                    ;
;   24.366 ;   3.133 ; RR ; IC     ; 1      ; FF_X106_Y20_N26     ; Low Power ; System|mm_interconnect_1|intel_niosv_g_0_instruction_manager_agent|align_address_to_size|address_burst[5]|clk ;
;   24.366 ;   0.000 ; RR ; CELL   ; 1      ; FF_X106_Y20_N26     ; Low Power ; System|mm_interconnect_1|intel_niosv_g_0_instruction_manager_agent|align_address_to_size|address_burst[5]     ;
;   24.644 ;   0.278 ;    ;        ;        ;                     ;           ; clock pessimism removed                                                                                       ;
; 24.614   ; -0.030  ;    ;        ;        ;                     ;           ; clock uncertainty                                                                                             ;
; 24.468   ; -0.146  ;    ; uTsu   ; 1      ; FF_X106_Y20_N26     ;           ; System|mm_interconnect_1|intel_niosv_g_0_instruction_manager_agent|align_address_to_size|address_burst[5]     ;
+----------+---------+----+--------+--------+---------------------+-----------+---------------------------------------------------------------------------------------------------------------+



Path #10: Recovery slack is 14.849 
===============================================================================
+---------------------------------------------------------------------------------------------------------------------------------------------------------------------------------------------------+
; Path Summary                                                                                                                                                                                      ;
+---------------------------------+-----------------------------------------------------------------------------------------------------------------------------------------------------------------+
; Property                        ; Value                                                                                                                                                           ;
+---------------------------------+-----------------------------------------------------------------------------------------------------------------------------------------------------------------+
; From Node                       ; System|rst_controller|r_sync_rst                                                                                                                                ;
; To Node                         ; System|jtag_uart_0|jtag_uart_0|the_NonDPR_jtag_uart_0_altera_avalon_jtag_uart_1924_v2zfocy_scfifo_r|rfifo|auto_generated|dpfifo|rd_ptr_count|counter_reg_bit[2] ;
; Launch Clock                    ; CLK_50                                                                                                                                                          ;
; Latch Clock                     ; CLK_50                                                                                                                                                          ;
; SDC Exception                   ; No SDC Exception on Path                                                                                                                                        ;
; Data Arrival Time               ; 9.621                                                                                                                                                           ;
; Data Required Time              ; 24.470                                                                                                                                                          ;
; Slack                           ; 14.849                                                                                                                                                          ;
; Worst-Case Operating Conditions ; Slow 900mV 0C Model                                                                                                                                             ;
+---------------------------------+-----------------------------------------------------------------------------------------------------------------------------------------------------------------+

+------------------------------------------------------------------------------------+
; Statistics                                                                         ;
+------------------------+--------+-------+-------------+------------+-------+-------+
; Property               ; Value  ; Count ; Total Delay ; % of Total ; Min   ; Max   ;
+------------------------+--------+-------+-------------+------------+-------+-------+
; Recovery Relationship  ; 20.000 ;       ;             ;            ;       ;       ;
; Clock Skew             ; -0.175 ;       ;             ;            ;       ;       ;
; Data Delay             ; 4.801  ;       ;             ;            ;       ;       ;
; Number of Logic Levels ;        ; 1     ;             ;            ;       ;       ;
; Physical Delays        ;        ;       ;             ;            ;       ;       ;
;  Arrival Path          ;        ;       ;             ;            ;       ;       ;
;   Clock                ;        ;       ;             ;            ;       ;       ;
;    IC                  ;        ; 3     ; 3.470       ; 72         ; 0.000 ; 3.470 ;
;    Cell                ;        ; 4     ; 1.350       ; 28         ; 0.000 ; 0.606 ;
;   Data                 ;        ;       ;             ;            ;       ;       ;
;    IC                  ;        ; 2     ; 3.982       ; 83         ; 0.563 ; 3.419 ;
;    Cell                ;        ; 3     ; 0.589       ; 12         ; 0.000 ; 0.511 ;
;    uTco                ;        ; 1     ; 0.230       ; 5          ; 0.230 ; 0.230 ;
;  Required Path         ;        ;       ;             ;            ;       ;       ;
;   Clock                ;        ;       ;             ;            ;       ;       ;
;    IC                  ;        ; 3     ; 3.134       ; 72         ; 0.000 ; 3.134 ;
;    Cell                ;        ; 4     ; 1.233       ; 28         ; 0.000 ; 0.606 ;
+------------------------+--------+-------+-------------+------------+-------+-------+
Note: Negative delays are omitted from totals when calculating percentages

+----------------------------------------------------------------------------------------------------------------------------------------------------------------------------------------------------------------------------------------------------+
; Data Arrival Path                                                                                                                                                                                                                                  ;
+---------+---------+----+--------+--------+---------------------+------------+----------------------------------------------------------------------------------------------------------------------------------------------------------------------+
; Total   ; Incr    ; RF ; Type   ; Fanout ; Location            ; HS/LP      ; Element                                                                                                                                                              ;
+---------+---------+----+--------+--------+---------------------+------------+----------------------------------------------------------------------------------------------------------------------------------------------------------------------+
; 0.000   ; 0.000   ;    ;        ;        ;                     ;            ; launch edge time                                                                                                                                                     ;
; 0.000   ; 0.000   ;    ; borrow ;        ;                     ;            ; time borrowed                                                                                                                                                        ;
; 4.820   ; 4.820   ;    ;        ;        ;                     ;            ; clock path                                                                                                                                                           ;
;   0.000 ;   0.000 ;    ;        ;        ;                     ;            ; source latency                                                                                                                                                       ;
;   0.000 ;   0.000 ;    ;        ; 1      ; PIN_AM10            ;            ; CLK_50                                                                                                                                                               ;
;   0.000 ;   0.000 ; RR ; IC     ; 1      ; IOIBUF_X148_Y16_N32 ;            ; CLK_50~input|i                                                                                                                                                       ;
;   0.606 ;   0.606 ; RR ; CELL   ; 1      ; IOIBUF_X148_Y16_N32 ;            ; CLK_50~input|o                                                                                                                                                       ;
;   0.777 ;   0.171 ; RR ; CELL   ; 1      ; IOIBUF_X148_Y16_N32 ;            ; CLK_50~input~io_48_lvds_tile_edge/ioclkin[0]                                                                                                                         ;
;   0.777 ;   0.000 ; RR ; IC     ; 2      ; CLKCTRL_3A_G_I20    ;            ; CLK_50~inputCLKENA0|inclk                                                                                                                                            ;
;   1.350 ;   0.573 ; RR ; CELL   ; 181963 ; CLKCTRL_3A_G_I20    ;            ; CLK_50~inputCLKENA0|outclk                                                                                                                                           ;
;   4.820 ;   3.470 ; RR ; IC     ; 1      ; FF_X147_Y17_N40     ; High Speed ; System|rst_controller|r_sync_rst|clk                                                                                                                                 ;
;   4.820 ;   0.000 ; RR ; CELL   ; 1      ; FF_X147_Y17_N40     ; High Speed ; System|rst_controller|r_sync_rst                                                                                                                                     ;
; 9.621   ; 4.801   ;    ;        ;        ;                     ;            ; data path                                                                                                                                                            ;
;   5.050 ;   0.230 ; FF ; uTco   ; 1      ; FF_X147_Y17_N40     ;            ; System|rst_controller|r_sync_rst|q                                                                                                                                   ;
;   5.128 ;   0.078 ; FF ; CELL   ; 140834 ; FF_X147_Y17_N40     ; High Speed ; System|rst_controller|r_sync_rst~la_lab/laboutb[6]                                                                                                                   ;
;   5.691 ;   0.563 ; FF ; IC     ; 2      ; CLKCTRL_3A_G_I21    ; High Speed ; System|rst_controller|r_sync_rst~CLKENA0|inclk                                                                                                                       ;
;   6.202 ;   0.511 ; FF ; CELL   ; 4280   ; CLKCTRL_3A_G_I21    ;            ; System|rst_controller|r_sync_rst~CLKENA0|outclk                                                                                                                      ;
;   9.621 ;   3.419 ; FF ; IC     ; 1      ; FF_X107_Y20_N8      ; Low Power  ; System|jtag_uart_0|jtag_uart_0|the_NonDPR_jtag_uart_0_altera_avalon_jtag_uart_1924_v2zfocy_scfifo_r|rfifo|auto_generated|dpfifo|rd_ptr_count|counter_reg_bit[2]|clrn ;
;   9.621 ;   0.000 ; FF ; CELL   ; 1      ; FF_X107_Y20_N8      ; Low Power  ; System|jtag_uart_0|jtag_uart_0|the_NonDPR_jtag_uart_0_altera_avalon_jtag_uart_1924_v2zfocy_scfifo_r|rfifo|auto_generated|dpfifo|rd_ptr_count|counter_reg_bit[2]      ;
+---------+---------+----+--------+--------+---------------------+------------+----------------------------------------------------------------------------------------------------------------------------------------------------------------------+

+---------------------------------------------------------------------------------------------------------------------------------------------------------------------------------------------------------------------------------------------------+
; Data Required Path                                                                                                                                                                                                                                ;
+----------+---------+----+--------+--------+---------------------+-----------+---------------------------------------------------------------------------------------------------------------------------------------------------------------------+
; Total    ; Incr    ; RF ; Type   ; Fanout ; Location            ; HS/LP     ; Element                                                                                                                                                             ;
+----------+---------+----+--------+--------+---------------------+-----------+---------------------------------------------------------------------------------------------------------------------------------------------------------------------+
; 20.000   ; 20.000  ;    ;        ;        ;                     ;           ; latch edge time                                                                                                                                                     ;
; 20.000   ; 0.000   ;    ; borrow ;        ;                     ;           ; time borrowed                                                                                                                                                       ;
; 24.645   ; 4.645   ;    ;        ;        ;                     ;           ; clock path                                                                                                                                                          ;
;   20.000 ;   0.000 ;    ;        ;        ;                     ;           ; source latency                                                                                                                                                      ;
;   20.000 ;   0.000 ;    ;        ; 1      ; PIN_AM10            ;           ; CLK_50                                                                                                                                                              ;
;   20.000 ;   0.000 ; RR ; IC     ; 1      ; IOIBUF_X148_Y16_N32 ;           ; CLK_50~input|i                                                                                                                                                      ;
;   20.606 ;   0.606 ; RR ; CELL   ; 1      ; IOIBUF_X148_Y16_N32 ;           ; CLK_50~input|o                                                                                                                                                      ;
;   20.744 ;   0.138 ; RR ; CELL   ; 1      ; IOIBUF_X148_Y16_N32 ;           ; CLK_50~input~io_48_lvds_tile_edge/ioclkin[0]                                                                                                                        ;
;   20.744 ;   0.000 ; RR ; IC     ; 2      ; CLKCTRL_3A_G_I20    ;           ; CLK_50~inputCLKENA0|inclk                                                                                                                                           ;
;   21.233 ;   0.489 ; RR ; CELL   ; 181963 ; CLKCTRL_3A_G_I20    ;           ; CLK_50~inputCLKENA0|outclk                                                                                                                                          ;
;   24.367 ;   3.134 ; RR ; IC     ; 1      ; FF_X107_Y20_N8      ; Low Power ; System|jtag_uart_0|jtag_uart_0|the_NonDPR_jtag_uart_0_altera_avalon_jtag_uart_1924_v2zfocy_scfifo_r|rfifo|auto_generated|dpfifo|rd_ptr_count|counter_reg_bit[2]|clk ;
;   24.367 ;   0.000 ; RR ; CELL   ; 1      ; FF_X107_Y20_N8      ; Low Power ; System|jtag_uart_0|jtag_uart_0|the_NonDPR_jtag_uart_0_altera_avalon_jtag_uart_1924_v2zfocy_scfifo_r|rfifo|auto_generated|dpfifo|rd_ptr_count|counter_reg_bit[2]     ;
;   24.645 ;   0.278 ;    ;        ;        ;                     ;           ; clock pessimism removed                                                                                                                                             ;
; 24.615   ; -0.030  ;    ;        ;        ;                     ;           ; clock uncertainty                                                                                                                                                   ;
; 24.470   ; -0.145  ;    ; uTsu   ; 1      ; FF_X107_Y20_N8      ;           ; System|jtag_uart_0|jtag_uart_0|the_NonDPR_jtag_uart_0_altera_avalon_jtag_uart_1924_v2zfocy_scfifo_r|rfifo|auto_generated|dpfifo|rd_ptr_count|counter_reg_bit[2]     ;
+----------+---------+----+--------+--------+---------------------+-----------+---------------------------------------------------------------------------------------------------------------------------------------------------------------------+



----------------
; Command Info ;
----------------
Report Timing: Found 10 removal paths (0 violated).  Worst case slack is 0.204 

Tcl Command:
    report_timing -removal -panel_name {Worst-Case Timing Paths||Removal||CLK_50} -to_clock [get_clocks {CLK_50}] -npaths 10 -detail full_path

Options:
    -to_clock [get_clocks {CLK_50}] 
    -removal 
    -npaths 10 
    -detail full_path 
    -panel_name {CLK_50} 

Snapshot:
    final

Delay Models:
    Slow 900mV 100C Model
    Slow 900mV 0C Model
    Fast 900mV 100C Model
    Fast 900mV 0C Model


+------------------------------------------------------------------------------------------------------------------------------------------------------------------------------------------------------------------------------------------------------------------------------------------------------------------------------------------------------------------------------------------------------------------+
; Summary of Paths                                                                                                                                                                                                                                                                                                                                                                                                 ;
+-------+-----------------------------------------------------------------------------------------------------------------------------------------------------------------+--------------------------------------------------------------------------------------------------------------------------------+--------------+-------------+--------------+------------+------------+---------------------------------+
; Slack ; From Node                                                                                                                                                       ; To Node                                                                                                                        ; Launch Clock ; Latch Clock ; Relationship ; Clock Skew ; Data Delay ; Worst-Case Operating Conditions ;
+-------+-----------------------------------------------------------------------------------------------------------------------------------------------------------------+--------------------------------------------------------------------------------------------------------------------------------+--------------+-------------+--------------+------------+------------+---------------------------------+
; 0.204 ; System|master_0|master_0|jtag_phy_embedded_in_jtag_master|normal.jtag_dc_streaming|sink_crosser|alt_rst_req_sync_in_rst|altera_reset_synchronizer_int_chain_out ; System|master_0|master_0|jtag_phy_embedded_in_jtag_master|normal.jtag_dc_streaming|sink_crosser|out_to_in_synchronizer|dreg[0] ; CLK_50       ; CLK_50      ; 0.000        ; 0.011      ; 0.283      ; Fast 900mV 0C Model             ;
; 0.205 ; System|master_0|master_0|jtag_phy_embedded_in_jtag_master|normal.jtag_dc_streaming|sink_crosser|alt_rst_req_sync_in_rst|altera_reset_synchronizer_int_chain_out ; System|master_0|master_0|jtag_phy_embedded_in_jtag_master|normal.jtag_dc_streaming|sink_crosser|out_to_in_synchronizer|dreg[1] ; CLK_50       ; CLK_50      ; 0.000        ; 0.011      ; 0.283      ; Fast 900mV 0C Model             ;
; 0.205 ; System|master_0|master_0|jtag_phy_embedded_in_jtag_master|normal.jtag_dc_streaming|sink_crosser|alt_rst_req_sync_in_rst|altera_reset_synchronizer_int_chain_out ; System|master_0|master_0|jtag_phy_embedded_in_jtag_master|normal.jtag_dc_streaming|sink_crosser|out_to_in_synchronizer|dreg[2] ; CLK_50       ; CLK_50      ; 0.000        ; 0.011      ; 0.283      ; Fast 900mV 0C Model             ;
; 0.206 ; System|master_0|master_0|jtag_phy_embedded_in_jtag_master|normal.jtag_dc_streaming|sink_crosser|alt_rst_req_sync_in_rst|altera_reset_synchronizer_int_chain_out ; System|master_0|master_0|jtag_phy_embedded_in_jtag_master|normal.jtag_dc_streaming|sink_crosser|in_data_toggle                 ; CLK_50       ; CLK_50      ; 0.000        ; 0.011      ; 0.283      ; Fast 900mV 0C Model             ;
; 0.206 ; System|master_0|master_0|jtag_phy_embedded_in_jtag_master|normal.jtag_dc_streaming|sink_crosser|alt_rst_req_sync_in_rst|altera_reset_synchronizer_int_chain_out ; System|master_0|master_0|jtag_phy_embedded_in_jtag_master|normal.jtag_dc_streaming|sink_crosser|in_data_buffer[2]              ; CLK_50       ; CLK_50      ; 0.000        ; 0.011      ; 0.283      ; Fast 900mV 0C Model             ;
; 0.207 ; System|master_0|master_0|jtag_phy_embedded_in_jtag_master|normal.jtag_dc_streaming|sink_crosser|alt_rst_req_sync_in_rst|altera_reset_synchronizer_int_chain_out ; System|master_0|master_0|jtag_phy_embedded_in_jtag_master|normal.jtag_dc_streaming|sink_crosser|in_data_buffer[3]              ; CLK_50       ; CLK_50      ; 0.000        ; 0.011      ; 0.283      ; Fast 900mV 0C Model             ;
; 0.208 ; System|master_0|master_0|jtag_phy_embedded_in_jtag_master|normal.jtag_dc_streaming|sink_crosser|alt_rst_req_sync_in_rst|altera_reset_synchronizer_int_chain_out ; System|master_0|master_0|jtag_phy_embedded_in_jtag_master|normal.jtag_dc_streaming|sink_crosser|in_data_buffer[1]              ; CLK_50       ; CLK_50      ; 0.000        ; 0.011      ; 0.283      ; Fast 900mV 0C Model             ;
; 0.209 ; System|master_0|master_0|jtag_phy_embedded_in_jtag_master|normal.jtag_dc_streaming|sink_crosser|alt_rst_req_sync_in_rst|altera_reset_synchronizer_int_chain_out ; System|master_0|master_0|jtag_phy_embedded_in_jtag_master|normal.jtag_dc_streaming|sink_crosser|in_data_buffer[6]              ; CLK_50       ; CLK_50      ; 0.000        ; 0.011      ; 0.283      ; Fast 900mV 0C Model             ;
; 0.209 ; System|master_0|master_0|jtag_phy_embedded_in_jtag_master|normal.jtag_dc_streaming|sink_crosser|alt_rst_req_sync_in_rst|altera_reset_synchronizer_int_chain_out ; System|master_0|master_0|jtag_phy_embedded_in_jtag_master|normal.jtag_dc_streaming|sink_crosser|in_data_buffer[7]              ; CLK_50       ; CLK_50      ; 0.000        ; 0.011      ; 0.283      ; Fast 900mV 0C Model             ;
; 0.210 ; System|master_0|master_0|jtag_phy_embedded_in_jtag_master|normal.jtag_dc_streaming|sink_crosser|alt_rst_req_sync_in_rst|altera_reset_synchronizer_int_chain_out ; System|master_0|master_0|jtag_phy_embedded_in_jtag_master|normal.jtag_dc_streaming|sink_crosser|in_data_buffer[4]              ; CLK_50       ; CLK_50      ; 0.000        ; 0.011      ; 0.283      ; Fast 900mV 0C Model             ;
+-------+-----------------------------------------------------------------------------------------------------------------------------------------------------------------+--------------------------------------------------------------------------------------------------------------------------------+--------------+-------------+--------------+------------+------------+---------------------------------+


Path #1: Removal slack is 0.204 
===============================================================================
+---------------------------------------------------------------------------------------------------------------------------------------------------------------------------------------------------+
; Path Summary                                                                                                                                                                                      ;
+---------------------------------+-----------------------------------------------------------------------------------------------------------------------------------------------------------------+
; Property                        ; Value                                                                                                                                                           ;
+---------------------------------+-----------------------------------------------------------------------------------------------------------------------------------------------------------------+
; From Node                       ; System|master_0|master_0|jtag_phy_embedded_in_jtag_master|normal.jtag_dc_streaming|sink_crosser|alt_rst_req_sync_in_rst|altera_reset_synchronizer_int_chain_out ;
; To Node                         ; System|master_0|master_0|jtag_phy_embedded_in_jtag_master|normal.jtag_dc_streaming|sink_crosser|out_to_in_synchronizer|dreg[0]                                  ;
; Launch Clock                    ; CLK_50                                                                                                                                                          ;
; Latch Clock                     ; CLK_50                                                                                                                                                          ;
; SDC Exception                   ; No SDC Exception on Path                                                                                                                                        ;
; Data Arrival Time               ; 2.731                                                                                                                                                           ;
; Data Required Time              ; 2.527                                                                                                                                                           ;
; Slack                           ; 0.204                                                                                                                                                           ;
; Worst-Case Operating Conditions ; Fast 900mV 0C Model                                                                                                                                             ;
+---------------------------------+-----------------------------------------------------------------------------------------------------------------------------------------------------------------+

+-----------------------------------------------------------------------------------+
; Statistics                                                                        ;
+------------------------+-------+-------+-------------+------------+-------+-------+
; Property               ; Value ; Count ; Total Delay ; % of Total ; Min   ; Max   ;
+------------------------+-------+-------+-------------+------------+-------+-------+
; Removal Relationship   ; 0.000 ;       ;             ;            ;       ;       ;
; Clock Skew             ; 0.011 ;       ;             ;            ;       ;       ;
; Data Delay             ; 0.283 ;       ;             ;            ;       ;       ;
; Number of Logic Levels ;       ; 0     ;             ;            ;       ;       ;
; Physical Delays        ;       ;       ;             ;            ;       ;       ;
;  Arrival Path          ;       ;       ;             ;            ;       ;       ;
;   Clock                ;       ;       ;             ;            ;       ;       ;
;    IC                  ;       ; 3     ; 1.897       ; 77         ; 0.000 ; 1.897 ;
;    Cell                ;       ; 4     ; 0.551       ; 23         ; 0.000 ; 0.261 ;
;   Data                 ;       ;       ;             ;            ;       ;       ;
;    IC                  ;       ; 1     ; 0.141       ; 50         ; 0.141 ; 0.141 ;
;    Cell                ;       ; 2     ; 0.044       ; 16         ; 0.000 ; 0.044 ;
;    uTco                ;       ; 1     ; 0.098       ; 35         ; 0.098 ; 0.098 ;
;  Required Path         ;       ;       ;             ;            ;       ;       ;
;   Clock                ;       ;       ;             ;            ;       ;       ;
;    IC                  ;       ; 3     ; 2.062       ; 77         ; 0.000 ; 2.062 ;
;    Cell                ;       ; 4     ; 0.613       ; 23         ; 0.000 ; 0.277 ;
+------------------------+-------+-------+-------------+------------+-------+-------+
Note: Negative delays are omitted from totals when calculating percentages

+-------------------------------------------------------------------------------------------------------------------------------------------------------------------------------------------------------------------------------------------------------------------+
; Data Arrival Path                                                                                                                                                                                                                                                 ;
+---------+---------+----+--------+--------+---------------------+------------+-------------------------------------------------------------------------------------------------------------------------------------------------------------------------------------+
; Total   ; Incr    ; RF ; Type   ; Fanout ; Location            ; HS/LP      ; Element                                                                                                                                                                             ;
+---------+---------+----+--------+--------+---------------------+------------+-------------------------------------------------------------------------------------------------------------------------------------------------------------------------------------+
; 0.000   ; 0.000   ;    ;        ;        ;                     ;            ; launch edge time                                                                                                                                                                    ;
; 0.000   ; 0.000   ;    ; borrow ;        ;                     ;            ; time borrowed                                                                                                                                                                       ;
; 2.448   ; 2.448   ;    ;        ;        ;                     ;            ; clock path                                                                                                                                                                          ;
;   0.000 ;   0.000 ;    ;        ;        ;                     ;            ; source latency                                                                                                                                                                      ;
;   0.000 ;   0.000 ;    ;        ; 1      ; PIN_AM10            ;            ; CLK_50                                                                                                                                                                              ;
;   0.000 ;   0.000 ; RR ; IC     ; 1      ; IOIBUF_X148_Y16_N32 ;            ; CLK_50~input|i                                                                                                                                                                      ;
;   0.261 ;   0.261 ; RR ; CELL   ; 1      ; IOIBUF_X148_Y16_N32 ;            ; CLK_50~input|o                                                                                                                                                                      ;
;   0.322 ;   0.061 ; RR ; CELL   ; 1      ; IOIBUF_X148_Y16_N32 ;            ; CLK_50~input~io_48_lvds_tile_edge/ioclkin[0]                                                                                                                                        ;
;   0.322 ;   0.000 ; RR ; IC     ; 2      ; CLKCTRL_3A_G_I20    ;            ; CLK_50~inputCLKENA0|inclk                                                                                                                                                           ;
;   0.551 ;   0.229 ; RR ; CELL   ; 181963 ; CLKCTRL_3A_G_I20    ;            ; CLK_50~inputCLKENA0|outclk                                                                                                                                                          ;
;   2.448 ;   1.897 ; RR ; IC     ; 1      ; FF_X115_Y8_N16      ; High Speed ; System|master_0|master_0|jtag_phy_embedded_in_jtag_master|normal.jtag_dc_streaming|sink_crosser|alt_rst_req_sync_in_rst|altera_reset_synchronizer_int_chain_out|clk                 ;
;   2.448 ;   0.000 ; RR ; CELL   ; 1      ; FF_X115_Y8_N16      ; High Speed ; System|master_0|master_0|jtag_phy_embedded_in_jtag_master|normal.jtag_dc_streaming|sink_crosser|alt_rst_req_sync_in_rst|altera_reset_synchronizer_int_chain_out                     ;
; 2.731   ; 0.283   ;    ;        ;        ;                     ;            ; data path                                                                                                                                                                           ;
;   2.546 ;   0.098 ; RR ; uTco   ; 1      ; FF_X115_Y8_N16      ;            ; System|master_0|master_0|jtag_phy_embedded_in_jtag_master|normal.jtag_dc_streaming|sink_crosser|alt_rst_req_sync_in_rst|altera_reset_synchronizer_int_chain_out|q                   ;
;   2.590 ;   0.044 ; RR ; CELL   ; 17     ; FF_X115_Y8_N16      ; High Speed ; System|master_0|master_0|jtag_phy_embedded_in_jtag_master|normal.jtag_dc_streaming|sink_crosser|alt_rst_req_sync_in_rst|altera_reset_synchronizer_int_chain_out~la_mlab/laboutt[10] ;
;   2.731 ;   0.141 ; RR ; IC     ; 1      ; FF_X112_Y8_N5       ; High Speed ; System|master_0|master_0|jtag_phy_embedded_in_jtag_master|normal.jtag_dc_streaming|sink_crosser|out_to_in_synchronizer|dreg[0]|clrn                                                 ;
;   2.731 ;   0.000 ; RR ; CELL   ; 1      ; FF_X112_Y8_N5       ; High Speed ; System|master_0|master_0|jtag_phy_embedded_in_jtag_master|normal.jtag_dc_streaming|sink_crosser|out_to_in_synchronizer|dreg[0]                                                      ;
+---------+---------+----+--------+--------+---------------------+------------+-------------------------------------------------------------------------------------------------------------------------------------------------------------------------------------+

+-------------------------------------------------------------------------------------------------------------------------------------------------------------------------------------------------------------------+
; Data Required Path                                                                                                                                                                                                ;
+---------+----------+----+--------+--------+---------------------+------------+------------------------------------------------------------------------------------------------------------------------------------+
; Total   ; Incr     ; RF ; Type   ; Fanout ; Location            ; HS/LP      ; Element                                                                                                                            ;
+---------+----------+----+--------+--------+---------------------+------------+------------------------------------------------------------------------------------------------------------------------------------+
; 0.000   ; 0.000    ;    ;        ;        ;                     ;            ; latch edge time                                                                                                                    ;
; 0.000   ; 0.000    ;    ; borrow ;        ;                     ;            ; time borrowed                                                                                                                      ;
; 2.459   ; 2.459    ;    ;        ;        ;                     ;            ; clock path                                                                                                                         ;
;   0.000 ;   0.000  ;    ;        ;        ;                     ;            ; source latency                                                                                                                     ;
;   0.000 ;   0.000  ;    ;        ; 1      ; PIN_AM10            ;            ; CLK_50                                                                                                                             ;
;   0.000 ;   0.000  ; RR ; IC     ; 1      ; IOIBUF_X148_Y16_N32 ;            ; CLK_50~input|i                                                                                                                     ;
;   0.261 ;   0.261  ; RR ; CELL   ; 1      ; IOIBUF_X148_Y16_N32 ;            ; CLK_50~input|o                                                                                                                     ;
;   0.336 ;   0.075  ; RR ; CELL   ; 1      ; IOIBUF_X148_Y16_N32 ;            ; CLK_50~input~io_48_lvds_tile_edge/ioclkin[0]                                                                                       ;
;   0.336 ;   0.000  ; RR ; IC     ; 2      ; CLKCTRL_3A_G_I20    ;            ; CLK_50~inputCLKENA0|inclk                                                                                                          ;
;   0.613 ;   0.277  ; RR ; CELL   ; 181963 ; CLKCTRL_3A_G_I20    ;            ; CLK_50~inputCLKENA0|outclk                                                                                                         ;
;   2.675 ;   2.062  ; RR ; IC     ; 1      ; FF_X112_Y8_N5       ; High Speed ; System|master_0|master_0|jtag_phy_embedded_in_jtag_master|normal.jtag_dc_streaming|sink_crosser|out_to_in_synchronizer|dreg[0]|clk ;
;   2.675 ;   0.000  ; RR ; CELL   ; 1      ; FF_X112_Y8_N5       ; High Speed ; System|master_0|master_0|jtag_phy_embedded_in_jtag_master|normal.jtag_dc_streaming|sink_crosser|out_to_in_synchronizer|dreg[0]     ;
;   2.459 ;   -0.216 ;    ;        ;        ;                     ;            ; clock pessimism removed                                                                                                            ;
; 2.459   ; 0.000    ;    ;        ;        ;                     ;            ; clock uncertainty                                                                                                                  ;
; 2.527   ; 0.068    ;    ; uTh    ; 1      ; FF_X112_Y8_N5       ;            ; System|master_0|master_0|jtag_phy_embedded_in_jtag_master|normal.jtag_dc_streaming|sink_crosser|out_to_in_synchronizer|dreg[0]     ;
+---------+----------+----+--------+--------+---------------------+------------+------------------------------------------------------------------------------------------------------------------------------------+



Path #2: Removal slack is 0.205 
===============================================================================
+---------------------------------------------------------------------------------------------------------------------------------------------------------------------------------------------------+
; Path Summary                                                                                                                                                                                      ;
+---------------------------------+-----------------------------------------------------------------------------------------------------------------------------------------------------------------+
; Property                        ; Value                                                                                                                                                           ;
+---------------------------------+-----------------------------------------------------------------------------------------------------------------------------------------------------------------+
; From Node                       ; System|master_0|master_0|jtag_phy_embedded_in_jtag_master|normal.jtag_dc_streaming|sink_crosser|alt_rst_req_sync_in_rst|altera_reset_synchronizer_int_chain_out ;
; To Node                         ; System|master_0|master_0|jtag_phy_embedded_in_jtag_master|normal.jtag_dc_streaming|sink_crosser|out_to_in_synchronizer|dreg[1]                                  ;
; Launch Clock                    ; CLK_50                                                                                                                                                          ;
; Latch Clock                     ; CLK_50                                                                                                                                                          ;
; SDC Exception                   ; No SDC Exception on Path                                                                                                                                        ;
; Data Arrival Time               ; 2.731                                                                                                                                                           ;
; Data Required Time              ; 2.526                                                                                                                                                           ;
; Slack                           ; 0.205                                                                                                                                                           ;
; Worst-Case Operating Conditions ; Fast 900mV 0C Model                                                                                                                                             ;
+---------------------------------+-----------------------------------------------------------------------------------------------------------------------------------------------------------------+

+-----------------------------------------------------------------------------------+
; Statistics                                                                        ;
+------------------------+-------+-------+-------------+------------+-------+-------+
; Property               ; Value ; Count ; Total Delay ; % of Total ; Min   ; Max   ;
+------------------------+-------+-------+-------------+------------+-------+-------+
; Removal Relationship   ; 0.000 ;       ;             ;            ;       ;       ;
; Clock Skew             ; 0.011 ;       ;             ;            ;       ;       ;
; Data Delay             ; 0.283 ;       ;             ;            ;       ;       ;
; Number of Logic Levels ;       ; 0     ;             ;            ;       ;       ;
; Physical Delays        ;       ;       ;             ;            ;       ;       ;
;  Arrival Path          ;       ;       ;             ;            ;       ;       ;
;   Clock                ;       ;       ;             ;            ;       ;       ;
;    IC                  ;       ; 3     ; 1.897       ; 77         ; 0.000 ; 1.897 ;
;    Cell                ;       ; 4     ; 0.551       ; 23         ; 0.000 ; 0.261 ;
;   Data                 ;       ;       ;             ;            ;       ;       ;
;    IC                  ;       ; 1     ; 0.141       ; 50         ; 0.141 ; 0.141 ;
;    Cell                ;       ; 2     ; 0.044       ; 16         ; 0.000 ; 0.044 ;
;    uTco                ;       ; 1     ; 0.098       ; 35         ; 0.098 ; 0.098 ;
;  Required Path         ;       ;       ;             ;            ;       ;       ;
;   Clock                ;       ;       ;             ;            ;       ;       ;
;    IC                  ;       ; 3     ; 2.062       ; 77         ; 0.000 ; 2.062 ;
;    Cell                ;       ; 4     ; 0.613       ; 23         ; 0.000 ; 0.277 ;
+------------------------+-------+-------+-------------+------------+-------+-------+
Note: Negative delays are omitted from totals when calculating percentages

+-------------------------------------------------------------------------------------------------------------------------------------------------------------------------------------------------------------------------------------------------------------------+
; Data Arrival Path                                                                                                                                                                                                                                                 ;
+---------+---------+----+--------+--------+---------------------+------------+-------------------------------------------------------------------------------------------------------------------------------------------------------------------------------------+
; Total   ; Incr    ; RF ; Type   ; Fanout ; Location            ; HS/LP      ; Element                                                                                                                                                                             ;
+---------+---------+----+--------+--------+---------------------+------------+-------------------------------------------------------------------------------------------------------------------------------------------------------------------------------------+
; 0.000   ; 0.000   ;    ;        ;        ;                     ;            ; launch edge time                                                                                                                                                                    ;
; 0.000   ; 0.000   ;    ; borrow ;        ;                     ;            ; time borrowed                                                                                                                                                                       ;
; 2.448   ; 2.448   ;    ;        ;        ;                     ;            ; clock path                                                                                                                                                                          ;
;   0.000 ;   0.000 ;    ;        ;        ;                     ;            ; source latency                                                                                                                                                                      ;
;   0.000 ;   0.000 ;    ;        ; 1      ; PIN_AM10            ;            ; CLK_50                                                                                                                                                                              ;
;   0.000 ;   0.000 ; RR ; IC     ; 1      ; IOIBUF_X148_Y16_N32 ;            ; CLK_50~input|i                                                                                                                                                                      ;
;   0.261 ;   0.261 ; RR ; CELL   ; 1      ; IOIBUF_X148_Y16_N32 ;            ; CLK_50~input|o                                                                                                                                                                      ;
;   0.322 ;   0.061 ; RR ; CELL   ; 1      ; IOIBUF_X148_Y16_N32 ;            ; CLK_50~input~io_48_lvds_tile_edge/ioclkin[0]                                                                                                                                        ;
;   0.322 ;   0.000 ; RR ; IC     ; 2      ; CLKCTRL_3A_G_I20    ;            ; CLK_50~inputCLKENA0|inclk                                                                                                                                                           ;
;   0.551 ;   0.229 ; RR ; CELL   ; 181963 ; CLKCTRL_3A_G_I20    ;            ; CLK_50~inputCLKENA0|outclk                                                                                                                                                          ;
;   2.448 ;   1.897 ; RR ; IC     ; 1      ; FF_X115_Y8_N16      ; High Speed ; System|master_0|master_0|jtag_phy_embedded_in_jtag_master|normal.jtag_dc_streaming|sink_crosser|alt_rst_req_sync_in_rst|altera_reset_synchronizer_int_chain_out|clk                 ;
;   2.448 ;   0.000 ; RR ; CELL   ; 1      ; FF_X115_Y8_N16      ; High Speed ; System|master_0|master_0|jtag_phy_embedded_in_jtag_master|normal.jtag_dc_streaming|sink_crosser|alt_rst_req_sync_in_rst|altera_reset_synchronizer_int_chain_out                     ;
; 2.731   ; 0.283   ;    ;        ;        ;                     ;            ; data path                                                                                                                                                                           ;
;   2.546 ;   0.098 ; RR ; uTco   ; 1      ; FF_X115_Y8_N16      ;            ; System|master_0|master_0|jtag_phy_embedded_in_jtag_master|normal.jtag_dc_streaming|sink_crosser|alt_rst_req_sync_in_rst|altera_reset_synchronizer_int_chain_out|q                   ;
;   2.590 ;   0.044 ; RR ; CELL   ; 17     ; FF_X115_Y8_N16      ; High Speed ; System|master_0|master_0|jtag_phy_embedded_in_jtag_master|normal.jtag_dc_streaming|sink_crosser|alt_rst_req_sync_in_rst|altera_reset_synchronizer_int_chain_out~la_mlab/laboutt[10] ;
;   2.731 ;   0.141 ; RR ; IC     ; 1      ; FF_X112_Y8_N44      ; High Speed ; System|master_0|master_0|jtag_phy_embedded_in_jtag_master|normal.jtag_dc_streaming|sink_crosser|out_to_in_synchronizer|dreg[1]|clrn                                                 ;
;   2.731 ;   0.000 ; RR ; CELL   ; 1      ; FF_X112_Y8_N44      ; High Speed ; System|master_0|master_0|jtag_phy_embedded_in_jtag_master|normal.jtag_dc_streaming|sink_crosser|out_to_in_synchronizer|dreg[1]                                                      ;
+---------+---------+----+--------+--------+---------------------+------------+-------------------------------------------------------------------------------------------------------------------------------------------------------------------------------------+

+-------------------------------------------------------------------------------------------------------------------------------------------------------------------------------------------------------------------+
; Data Required Path                                                                                                                                                                                                ;
+---------+----------+----+--------+--------+---------------------+------------+------------------------------------------------------------------------------------------------------------------------------------+
; Total   ; Incr     ; RF ; Type   ; Fanout ; Location            ; HS/LP      ; Element                                                                                                                            ;
+---------+----------+----+--------+--------+---------------------+------------+------------------------------------------------------------------------------------------------------------------------------------+
; 0.000   ; 0.000    ;    ;        ;        ;                     ;            ; latch edge time                                                                                                                    ;
; 0.000   ; 0.000    ;    ; borrow ;        ;                     ;            ; time borrowed                                                                                                                      ;
; 2.459   ; 2.459    ;    ;        ;        ;                     ;            ; clock path                                                                                                                         ;
;   0.000 ;   0.000  ;    ;        ;        ;                     ;            ; source latency                                                                                                                     ;
;   0.000 ;   0.000  ;    ;        ; 1      ; PIN_AM10            ;            ; CLK_50                                                                                                                             ;
;   0.000 ;   0.000  ; RR ; IC     ; 1      ; IOIBUF_X148_Y16_N32 ;            ; CLK_50~input|i                                                                                                                     ;
;   0.261 ;   0.261  ; RR ; CELL   ; 1      ; IOIBUF_X148_Y16_N32 ;            ; CLK_50~input|o                                                                                                                     ;
;   0.336 ;   0.075  ; RR ; CELL   ; 1      ; IOIBUF_X148_Y16_N32 ;            ; CLK_50~input~io_48_lvds_tile_edge/ioclkin[0]                                                                                       ;
;   0.336 ;   0.000  ; RR ; IC     ; 2      ; CLKCTRL_3A_G_I20    ;            ; CLK_50~inputCLKENA0|inclk                                                                                                          ;
;   0.613 ;   0.277  ; RR ; CELL   ; 181963 ; CLKCTRL_3A_G_I20    ;            ; CLK_50~inputCLKENA0|outclk                                                                                                         ;
;   2.675 ;   2.062  ; RR ; IC     ; 1      ; FF_X112_Y8_N44      ; High Speed ; System|master_0|master_0|jtag_phy_embedded_in_jtag_master|normal.jtag_dc_streaming|sink_crosser|out_to_in_synchronizer|dreg[1]|clk ;
;   2.675 ;   0.000  ; RR ; CELL   ; 1      ; FF_X112_Y8_N44      ; High Speed ; System|master_0|master_0|jtag_phy_embedded_in_jtag_master|normal.jtag_dc_streaming|sink_crosser|out_to_in_synchronizer|dreg[1]     ;
;   2.459 ;   -0.216 ;    ;        ;        ;                     ;            ; clock pessimism removed                                                                                                            ;
; 2.459   ; 0.000    ;    ;        ;        ;                     ;            ; clock uncertainty                                                                                                                  ;
; 2.526   ; 0.067    ;    ; uTh    ; 1      ; FF_X112_Y8_N44      ;            ; System|master_0|master_0|jtag_phy_embedded_in_jtag_master|normal.jtag_dc_streaming|sink_crosser|out_to_in_synchronizer|dreg[1]     ;
+---------+----------+----+--------+--------+---------------------+------------+------------------------------------------------------------------------------------------------------------------------------------+



Path #3: Removal slack is 0.205 
===============================================================================
+---------------------------------------------------------------------------------------------------------------------------------------------------------------------------------------------------+
; Path Summary                                                                                                                                                                                      ;
+---------------------------------+-----------------------------------------------------------------------------------------------------------------------------------------------------------------+
; Property                        ; Value                                                                                                                                                           ;
+---------------------------------+-----------------------------------------------------------------------------------------------------------------------------------------------------------------+
; From Node                       ; System|master_0|master_0|jtag_phy_embedded_in_jtag_master|normal.jtag_dc_streaming|sink_crosser|alt_rst_req_sync_in_rst|altera_reset_synchronizer_int_chain_out ;
; To Node                         ; System|master_0|master_0|jtag_phy_embedded_in_jtag_master|normal.jtag_dc_streaming|sink_crosser|out_to_in_synchronizer|dreg[2]                                  ;
; Launch Clock                    ; CLK_50                                                                                                                                                          ;
; Latch Clock                     ; CLK_50                                                                                                                                                          ;
; SDC Exception                   ; No SDC Exception on Path                                                                                                                                        ;
; Data Arrival Time               ; 2.731                                                                                                                                                           ;
; Data Required Time              ; 2.526                                                                                                                                                           ;
; Slack                           ; 0.205                                                                                                                                                           ;
; Worst-Case Operating Conditions ; Fast 900mV 0C Model                                                                                                                                             ;
+---------------------------------+-----------------------------------------------------------------------------------------------------------------------------------------------------------------+

+-----------------------------------------------------------------------------------+
; Statistics                                                                        ;
+------------------------+-------+-------+-------------+------------+-------+-------+
; Property               ; Value ; Count ; Total Delay ; % of Total ; Min   ; Max   ;
+------------------------+-------+-------+-------------+------------+-------+-------+
; Removal Relationship   ; 0.000 ;       ;             ;            ;       ;       ;
; Clock Skew             ; 0.011 ;       ;             ;            ;       ;       ;
; Data Delay             ; 0.283 ;       ;             ;            ;       ;       ;
; Number of Logic Levels ;       ; 0     ;             ;            ;       ;       ;
; Physical Delays        ;       ;       ;             ;            ;       ;       ;
;  Arrival Path          ;       ;       ;             ;            ;       ;       ;
;   Clock                ;       ;       ;             ;            ;       ;       ;
;    IC                  ;       ; 3     ; 1.897       ; 77         ; 0.000 ; 1.897 ;
;    Cell                ;       ; 4     ; 0.551       ; 23         ; 0.000 ; 0.261 ;
;   Data                 ;       ;       ;             ;            ;       ;       ;
;    IC                  ;       ; 1     ; 0.141       ; 50         ; 0.141 ; 0.141 ;
;    Cell                ;       ; 2     ; 0.044       ; 16         ; 0.000 ; 0.044 ;
;    uTco                ;       ; 1     ; 0.098       ; 35         ; 0.098 ; 0.098 ;
;  Required Path         ;       ;       ;             ;            ;       ;       ;
;   Clock                ;       ;       ;             ;            ;       ;       ;
;    IC                  ;       ; 3     ; 2.062       ; 77         ; 0.000 ; 2.062 ;
;    Cell                ;       ; 4     ; 0.613       ; 23         ; 0.000 ; 0.277 ;
+------------------------+-------+-------+-------------+------------+-------+-------+
Note: Negative delays are omitted from totals when calculating percentages

+-------------------------------------------------------------------------------------------------------------------------------------------------------------------------------------------------------------------------------------------------------------------+
; Data Arrival Path                                                                                                                                                                                                                                                 ;
+---------+---------+----+--------+--------+---------------------+------------+-------------------------------------------------------------------------------------------------------------------------------------------------------------------------------------+
; Total   ; Incr    ; RF ; Type   ; Fanout ; Location            ; HS/LP      ; Element                                                                                                                                                                             ;
+---------+---------+----+--------+--------+---------------------+------------+-------------------------------------------------------------------------------------------------------------------------------------------------------------------------------------+
; 0.000   ; 0.000   ;    ;        ;        ;                     ;            ; launch edge time                                                                                                                                                                    ;
; 0.000   ; 0.000   ;    ; borrow ;        ;                     ;            ; time borrowed                                                                                                                                                                       ;
; 2.448   ; 2.448   ;    ;        ;        ;                     ;            ; clock path                                                                                                                                                                          ;
;   0.000 ;   0.000 ;    ;        ;        ;                     ;            ; source latency                                                                                                                                                                      ;
;   0.000 ;   0.000 ;    ;        ; 1      ; PIN_AM10            ;            ; CLK_50                                                                                                                                                                              ;
;   0.000 ;   0.000 ; RR ; IC     ; 1      ; IOIBUF_X148_Y16_N32 ;            ; CLK_50~input|i                                                                                                                                                                      ;
;   0.261 ;   0.261 ; RR ; CELL   ; 1      ; IOIBUF_X148_Y16_N32 ;            ; CLK_50~input|o                                                                                                                                                                      ;
;   0.322 ;   0.061 ; RR ; CELL   ; 1      ; IOIBUF_X148_Y16_N32 ;            ; CLK_50~input~io_48_lvds_tile_edge/ioclkin[0]                                                                                                                                        ;
;   0.322 ;   0.000 ; RR ; IC     ; 2      ; CLKCTRL_3A_G_I20    ;            ; CLK_50~inputCLKENA0|inclk                                                                                                                                                           ;
;   0.551 ;   0.229 ; RR ; CELL   ; 181963 ; CLKCTRL_3A_G_I20    ;            ; CLK_50~inputCLKENA0|outclk                                                                                                                                                          ;
;   2.448 ;   1.897 ; RR ; IC     ; 1      ; FF_X115_Y8_N16      ; High Speed ; System|master_0|master_0|jtag_phy_embedded_in_jtag_master|normal.jtag_dc_streaming|sink_crosser|alt_rst_req_sync_in_rst|altera_reset_synchronizer_int_chain_out|clk                 ;
;   2.448 ;   0.000 ; RR ; CELL   ; 1      ; FF_X115_Y8_N16      ; High Speed ; System|master_0|master_0|jtag_phy_embedded_in_jtag_master|normal.jtag_dc_streaming|sink_crosser|alt_rst_req_sync_in_rst|altera_reset_synchronizer_int_chain_out                     ;
; 2.731   ; 0.283   ;    ;        ;        ;                     ;            ; data path                                                                                                                                                                           ;
;   2.546 ;   0.098 ; RR ; uTco   ; 1      ; FF_X115_Y8_N16      ;            ; System|master_0|master_0|jtag_phy_embedded_in_jtag_master|normal.jtag_dc_streaming|sink_crosser|alt_rst_req_sync_in_rst|altera_reset_synchronizer_int_chain_out|q                   ;
;   2.590 ;   0.044 ; RR ; CELL   ; 17     ; FF_X115_Y8_N16      ; High Speed ; System|master_0|master_0|jtag_phy_embedded_in_jtag_master|normal.jtag_dc_streaming|sink_crosser|alt_rst_req_sync_in_rst|altera_reset_synchronizer_int_chain_out~la_mlab/laboutt[10] ;
;   2.731 ;   0.141 ; RR ; IC     ; 1      ; FF_X112_Y8_N2       ; High Speed ; System|master_0|master_0|jtag_phy_embedded_in_jtag_master|normal.jtag_dc_streaming|sink_crosser|out_to_in_synchronizer|dreg[2]|clrn                                                 ;
;   2.731 ;   0.000 ; RR ; CELL   ; 1      ; FF_X112_Y8_N2       ; High Speed ; System|master_0|master_0|jtag_phy_embedded_in_jtag_master|normal.jtag_dc_streaming|sink_crosser|out_to_in_synchronizer|dreg[2]                                                      ;
+---------+---------+----+--------+--------+---------------------+------------+-------------------------------------------------------------------------------------------------------------------------------------------------------------------------------------+

+-------------------------------------------------------------------------------------------------------------------------------------------------------------------------------------------------------------------+
; Data Required Path                                                                                                                                                                                                ;
+---------+----------+----+--------+--------+---------------------+------------+------------------------------------------------------------------------------------------------------------------------------------+
; Total   ; Incr     ; RF ; Type   ; Fanout ; Location            ; HS/LP      ; Element                                                                                                                            ;
+---------+----------+----+--------+--------+---------------------+------------+------------------------------------------------------------------------------------------------------------------------------------+
; 0.000   ; 0.000    ;    ;        ;        ;                     ;            ; latch edge time                                                                                                                    ;
; 0.000   ; 0.000    ;    ; borrow ;        ;                     ;            ; time borrowed                                                                                                                      ;
; 2.459   ; 2.459    ;    ;        ;        ;                     ;            ; clock path                                                                                                                         ;
;   0.000 ;   0.000  ;    ;        ;        ;                     ;            ; source latency                                                                                                                     ;
;   0.000 ;   0.000  ;    ;        ; 1      ; PIN_AM10            ;            ; CLK_50                                                                                                                             ;
;   0.000 ;   0.000  ; RR ; IC     ; 1      ; IOIBUF_X148_Y16_N32 ;            ; CLK_50~input|i                                                                                                                     ;
;   0.261 ;   0.261  ; RR ; CELL   ; 1      ; IOIBUF_X148_Y16_N32 ;            ; CLK_50~input|o                                                                                                                     ;
;   0.336 ;   0.075  ; RR ; CELL   ; 1      ; IOIBUF_X148_Y16_N32 ;            ; CLK_50~input~io_48_lvds_tile_edge/ioclkin[0]                                                                                       ;
;   0.336 ;   0.000  ; RR ; IC     ; 2      ; CLKCTRL_3A_G_I20    ;            ; CLK_50~inputCLKENA0|inclk                                                                                                          ;
;   0.613 ;   0.277  ; RR ; CELL   ; 181963 ; CLKCTRL_3A_G_I20    ;            ; CLK_50~inputCLKENA0|outclk                                                                                                         ;
;   2.675 ;   2.062  ; RR ; IC     ; 1      ; FF_X112_Y8_N2       ; High Speed ; System|master_0|master_0|jtag_phy_embedded_in_jtag_master|normal.jtag_dc_streaming|sink_crosser|out_to_in_synchronizer|dreg[2]|clk ;
;   2.675 ;   0.000  ; RR ; CELL   ; 1      ; FF_X112_Y8_N2       ; High Speed ; System|master_0|master_0|jtag_phy_embedded_in_jtag_master|normal.jtag_dc_streaming|sink_crosser|out_to_in_synchronizer|dreg[2]     ;
;   2.459 ;   -0.216 ;    ;        ;        ;                     ;            ; clock pessimism removed                                                                                                            ;
; 2.459   ; 0.000    ;    ;        ;        ;                     ;            ; clock uncertainty                                                                                                                  ;
; 2.526   ; 0.067    ;    ; uTh    ; 1      ; FF_X112_Y8_N2       ;            ; System|master_0|master_0|jtag_phy_embedded_in_jtag_master|normal.jtag_dc_streaming|sink_crosser|out_to_in_synchronizer|dreg[2]     ;
+---------+----------+----+--------+--------+---------------------+------------+------------------------------------------------------------------------------------------------------------------------------------+



Path #4: Removal slack is 0.206 
===============================================================================
+---------------------------------------------------------------------------------------------------------------------------------------------------------------------------------------------------+
; Path Summary                                                                                                                                                                                      ;
+---------------------------------+-----------------------------------------------------------------------------------------------------------------------------------------------------------------+
; Property                        ; Value                                                                                                                                                           ;
+---------------------------------+-----------------------------------------------------------------------------------------------------------------------------------------------------------------+
; From Node                       ; System|master_0|master_0|jtag_phy_embedded_in_jtag_master|normal.jtag_dc_streaming|sink_crosser|alt_rst_req_sync_in_rst|altera_reset_synchronizer_int_chain_out ;
; To Node                         ; System|master_0|master_0|jtag_phy_embedded_in_jtag_master|normal.jtag_dc_streaming|sink_crosser|in_data_toggle                                                  ;
; Launch Clock                    ; CLK_50                                                                                                                                                          ;
; Latch Clock                     ; CLK_50                                                                                                                                                          ;
; SDC Exception                   ; No SDC Exception on Path                                                                                                                                        ;
; Data Arrival Time               ; 2.731                                                                                                                                                           ;
; Data Required Time              ; 2.525                                                                                                                                                           ;
; Slack                           ; 0.206                                                                                                                                                           ;
; Worst-Case Operating Conditions ; Fast 900mV 0C Model                                                                                                                                             ;
+---------------------------------+-----------------------------------------------------------------------------------------------------------------------------------------------------------------+

+-----------------------------------------------------------------------------------+
; Statistics                                                                        ;
+------------------------+-------+-------+-------------+------------+-------+-------+
; Property               ; Value ; Count ; Total Delay ; % of Total ; Min   ; Max   ;
+------------------------+-------+-------+-------------+------------+-------+-------+
; Removal Relationship   ; 0.000 ;       ;             ;            ;       ;       ;
; Clock Skew             ; 0.011 ;       ;             ;            ;       ;       ;
; Data Delay             ; 0.283 ;       ;             ;            ;       ;       ;
; Number of Logic Levels ;       ; 0     ;             ;            ;       ;       ;
; Physical Delays        ;       ;       ;             ;            ;       ;       ;
;  Arrival Path          ;       ;       ;             ;            ;       ;       ;
;   Clock                ;       ;       ;             ;            ;       ;       ;
;    IC                  ;       ; 3     ; 1.897       ; 77         ; 0.000 ; 1.897 ;
;    Cell                ;       ; 4     ; 0.551       ; 23         ; 0.000 ; 0.261 ;
;   Data                 ;       ;       ;             ;            ;       ;       ;
;    IC                  ;       ; 1     ; 0.141       ; 50         ; 0.141 ; 0.141 ;
;    Cell                ;       ; 2     ; 0.044       ; 16         ; 0.000 ; 0.044 ;
;    uTco                ;       ; 1     ; 0.098       ; 35         ; 0.098 ; 0.098 ;
;  Required Path         ;       ;       ;             ;            ;       ;       ;
;   Clock                ;       ;       ;             ;            ;       ;       ;
;    IC                  ;       ; 3     ; 2.062       ; 77         ; 0.000 ; 2.062 ;
;    Cell                ;       ; 4     ; 0.613       ; 23         ; 0.000 ; 0.277 ;
+------------------------+-------+-------+-------------+------------+-------+-------+
Note: Negative delays are omitted from totals when calculating percentages

+-------------------------------------------------------------------------------------------------------------------------------------------------------------------------------------------------------------------------------------------------------------------+
; Data Arrival Path                                                                                                                                                                                                                                                 ;
+---------+---------+----+--------+--------+---------------------+------------+-------------------------------------------------------------------------------------------------------------------------------------------------------------------------------------+
; Total   ; Incr    ; RF ; Type   ; Fanout ; Location            ; HS/LP      ; Element                                                                                                                                                                             ;
+---------+---------+----+--------+--------+---------------------+------------+-------------------------------------------------------------------------------------------------------------------------------------------------------------------------------------+
; 0.000   ; 0.000   ;    ;        ;        ;                     ;            ; launch edge time                                                                                                                                                                    ;
; 0.000   ; 0.000   ;    ; borrow ;        ;                     ;            ; time borrowed                                                                                                                                                                       ;
; 2.448   ; 2.448   ;    ;        ;        ;                     ;            ; clock path                                                                                                                                                                          ;
;   0.000 ;   0.000 ;    ;        ;        ;                     ;            ; source latency                                                                                                                                                                      ;
;   0.000 ;   0.000 ;    ;        ; 1      ; PIN_AM10            ;            ; CLK_50                                                                                                                                                                              ;
;   0.000 ;   0.000 ; RR ; IC     ; 1      ; IOIBUF_X148_Y16_N32 ;            ; CLK_50~input|i                                                                                                                                                                      ;
;   0.261 ;   0.261 ; RR ; CELL   ; 1      ; IOIBUF_X148_Y16_N32 ;            ; CLK_50~input|o                                                                                                                                                                      ;
;   0.322 ;   0.061 ; RR ; CELL   ; 1      ; IOIBUF_X148_Y16_N32 ;            ; CLK_50~input~io_48_lvds_tile_edge/ioclkin[0]                                                                                                                                        ;
;   0.322 ;   0.000 ; RR ; IC     ; 2      ; CLKCTRL_3A_G_I20    ;            ; CLK_50~inputCLKENA0|inclk                                                                                                                                                           ;
;   0.551 ;   0.229 ; RR ; CELL   ; 181963 ; CLKCTRL_3A_G_I20    ;            ; CLK_50~inputCLKENA0|outclk                                                                                                                                                          ;
;   2.448 ;   1.897 ; RR ; IC     ; 1      ; FF_X115_Y8_N16      ; High Speed ; System|master_0|master_0|jtag_phy_embedded_in_jtag_master|normal.jtag_dc_streaming|sink_crosser|alt_rst_req_sync_in_rst|altera_reset_synchronizer_int_chain_out|clk                 ;
;   2.448 ;   0.000 ; RR ; CELL   ; 1      ; FF_X115_Y8_N16      ; High Speed ; System|master_0|master_0|jtag_phy_embedded_in_jtag_master|normal.jtag_dc_streaming|sink_crosser|alt_rst_req_sync_in_rst|altera_reset_synchronizer_int_chain_out                     ;
; 2.731   ; 0.283   ;    ;        ;        ;                     ;            ; data path                                                                                                                                                                           ;
;   2.546 ;   0.098 ; RR ; uTco   ; 1      ; FF_X115_Y8_N16      ;            ; System|master_0|master_0|jtag_phy_embedded_in_jtag_master|normal.jtag_dc_streaming|sink_crosser|alt_rst_req_sync_in_rst|altera_reset_synchronizer_int_chain_out|q                   ;
;   2.590 ;   0.044 ; RR ; CELL   ; 17     ; FF_X115_Y8_N16      ; High Speed ; System|master_0|master_0|jtag_phy_embedded_in_jtag_master|normal.jtag_dc_streaming|sink_crosser|alt_rst_req_sync_in_rst|altera_reset_synchronizer_int_chain_out~la_mlab/laboutt[10] ;
;   2.731 ;   0.141 ; RR ; IC     ; 1      ; FF_X112_Y8_N13      ; High Speed ; System|master_0|master_0|jtag_phy_embedded_in_jtag_master|normal.jtag_dc_streaming|sink_crosser|in_data_toggle|clrn                                                                 ;
;   2.731 ;   0.000 ; RR ; CELL   ; 1      ; FF_X112_Y8_N13      ; High Speed ; System|master_0|master_0|jtag_phy_embedded_in_jtag_master|normal.jtag_dc_streaming|sink_crosser|in_data_toggle                                                                      ;
+---------+---------+----+--------+--------+---------------------+------------+-------------------------------------------------------------------------------------------------------------------------------------------------------------------------------------+

+---------------------------------------------------------------------------------------------------------------------------------------------------------------------------------------------------+
; Data Required Path                                                                                                                                                                                ;
+---------+----------+----+--------+--------+---------------------+------------+--------------------------------------------------------------------------------------------------------------------+
; Total   ; Incr     ; RF ; Type   ; Fanout ; Location            ; HS/LP      ; Element                                                                                                            ;
+---------+----------+----+--------+--------+---------------------+------------+--------------------------------------------------------------------------------------------------------------------+
; 0.000   ; 0.000    ;    ;        ;        ;                     ;            ; latch edge time                                                                                                    ;
; 0.000   ; 0.000    ;    ; borrow ;        ;                     ;            ; time borrowed                                                                                                      ;
; 2.459   ; 2.459    ;    ;        ;        ;                     ;            ; clock path                                                                                                         ;
;   0.000 ;   0.000  ;    ;        ;        ;                     ;            ; source latency                                                                                                     ;
;   0.000 ;   0.000  ;    ;        ; 1      ; PIN_AM10            ;            ; CLK_50                                                                                                             ;
;   0.000 ;   0.000  ; RR ; IC     ; 1      ; IOIBUF_X148_Y16_N32 ;            ; CLK_50~input|i                                                                                                     ;
;   0.261 ;   0.261  ; RR ; CELL   ; 1      ; IOIBUF_X148_Y16_N32 ;            ; CLK_50~input|o                                                                                                     ;
;   0.336 ;   0.075  ; RR ; CELL   ; 1      ; IOIBUF_X148_Y16_N32 ;            ; CLK_50~input~io_48_lvds_tile_edge/ioclkin[0]                                                                       ;
;   0.336 ;   0.000  ; RR ; IC     ; 2      ; CLKCTRL_3A_G_I20    ;            ; CLK_50~inputCLKENA0|inclk                                                                                          ;
;   0.613 ;   0.277  ; RR ; CELL   ; 181963 ; CLKCTRL_3A_G_I20    ;            ; CLK_50~inputCLKENA0|outclk                                                                                         ;
;   2.675 ;   2.062  ; RR ; IC     ; 1      ; FF_X112_Y8_N13      ; High Speed ; System|master_0|master_0|jtag_phy_embedded_in_jtag_master|normal.jtag_dc_streaming|sink_crosser|in_data_toggle|clk ;
;   2.675 ;   0.000  ; RR ; CELL   ; 1      ; FF_X112_Y8_N13      ; High Speed ; System|master_0|master_0|jtag_phy_embedded_in_jtag_master|normal.jtag_dc_streaming|sink_crosser|in_data_toggle     ;
;   2.459 ;   -0.216 ;    ;        ;        ;                     ;            ; clock pessimism removed                                                                                            ;
; 2.459   ; 0.000    ;    ;        ;        ;                     ;            ; clock uncertainty                                                                                                  ;
; 2.525   ; 0.066    ;    ; uTh    ; 1      ; FF_X112_Y8_N13      ;            ; System|master_0|master_0|jtag_phy_embedded_in_jtag_master|normal.jtag_dc_streaming|sink_crosser|in_data_toggle     ;
+---------+----------+----+--------+--------+---------------------+------------+--------------------------------------------------------------------------------------------------------------------+



Path #5: Removal slack is 0.206 
===============================================================================
+---------------------------------------------------------------------------------------------------------------------------------------------------------------------------------------------------+
; Path Summary                                                                                                                                                                                      ;
+---------------------------------+-----------------------------------------------------------------------------------------------------------------------------------------------------------------+
; Property                        ; Value                                                                                                                                                           ;
+---------------------------------+-----------------------------------------------------------------------------------------------------------------------------------------------------------------+
; From Node                       ; System|master_0|master_0|jtag_phy_embedded_in_jtag_master|normal.jtag_dc_streaming|sink_crosser|alt_rst_req_sync_in_rst|altera_reset_synchronizer_int_chain_out ;
; To Node                         ; System|master_0|master_0|jtag_phy_embedded_in_jtag_master|normal.jtag_dc_streaming|sink_crosser|in_data_buffer[2]                                               ;
; Launch Clock                    ; CLK_50                                                                                                                                                          ;
; Latch Clock                     ; CLK_50                                                                                                                                                          ;
; SDC Exception                   ; No SDC Exception on Path                                                                                                                                        ;
; Data Arrival Time               ; 2.731                                                                                                                                                           ;
; Data Required Time              ; 2.525                                                                                                                                                           ;
; Slack                           ; 0.206                                                                                                                                                           ;
; Worst-Case Operating Conditions ; Fast 900mV 0C Model                                                                                                                                             ;
+---------------------------------+-----------------------------------------------------------------------------------------------------------------------------------------------------------------+

+-----------------------------------------------------------------------------------+
; Statistics                                                                        ;
+------------------------+-------+-------+-------------+------------+-------+-------+
; Property               ; Value ; Count ; Total Delay ; % of Total ; Min   ; Max   ;
+------------------------+-------+-------+-------------+------------+-------+-------+
; Removal Relationship   ; 0.000 ;       ;             ;            ;       ;       ;
; Clock Skew             ; 0.011 ;       ;             ;            ;       ;       ;
; Data Delay             ; 0.283 ;       ;             ;            ;       ;       ;
; Number of Logic Levels ;       ; 0     ;             ;            ;       ;       ;
; Physical Delays        ;       ;       ;             ;            ;       ;       ;
;  Arrival Path          ;       ;       ;             ;            ;       ;       ;
;   Clock                ;       ;       ;             ;            ;       ;       ;
;    IC                  ;       ; 3     ; 1.897       ; 77         ; 0.000 ; 1.897 ;
;    Cell                ;       ; 4     ; 0.551       ; 23         ; 0.000 ; 0.261 ;
;   Data                 ;       ;       ;             ;            ;       ;       ;
;    IC                  ;       ; 1     ; 0.141       ; 50         ; 0.141 ; 0.141 ;
;    Cell                ;       ; 2     ; 0.044       ; 16         ; 0.000 ; 0.044 ;
;    uTco                ;       ; 1     ; 0.098       ; 35         ; 0.098 ; 0.098 ;
;  Required Path         ;       ;       ;             ;            ;       ;       ;
;   Clock                ;       ;       ;             ;            ;       ;       ;
;    IC                  ;       ; 3     ; 2.062       ; 77         ; 0.000 ; 2.062 ;
;    Cell                ;       ; 4     ; 0.613       ; 23         ; 0.000 ; 0.277 ;
+------------------------+-------+-------+-------------+------------+-------+-------+
Note: Negative delays are omitted from totals when calculating percentages

+-------------------------------------------------------------------------------------------------------------------------------------------------------------------------------------------------------------------------------------------------------------------+
; Data Arrival Path                                                                                                                                                                                                                                                 ;
+---------+---------+----+--------+--------+---------------------+------------+-------------------------------------------------------------------------------------------------------------------------------------------------------------------------------------+
; Total   ; Incr    ; RF ; Type   ; Fanout ; Location            ; HS/LP      ; Element                                                                                                                                                                             ;
+---------+---------+----+--------+--------+---------------------+------------+-------------------------------------------------------------------------------------------------------------------------------------------------------------------------------------+
; 0.000   ; 0.000   ;    ;        ;        ;                     ;            ; launch edge time                                                                                                                                                                    ;
; 0.000   ; 0.000   ;    ; borrow ;        ;                     ;            ; time borrowed                                                                                                                                                                       ;
; 2.448   ; 2.448   ;    ;        ;        ;                     ;            ; clock path                                                                                                                                                                          ;
;   0.000 ;   0.000 ;    ;        ;        ;                     ;            ; source latency                                                                                                                                                                      ;
;   0.000 ;   0.000 ;    ;        ; 1      ; PIN_AM10            ;            ; CLK_50                                                                                                                                                                              ;
;   0.000 ;   0.000 ; RR ; IC     ; 1      ; IOIBUF_X148_Y16_N32 ;            ; CLK_50~input|i                                                                                                                                                                      ;
;   0.261 ;   0.261 ; RR ; CELL   ; 1      ; IOIBUF_X148_Y16_N32 ;            ; CLK_50~input|o                                                                                                                                                                      ;
;   0.322 ;   0.061 ; RR ; CELL   ; 1      ; IOIBUF_X148_Y16_N32 ;            ; CLK_50~input~io_48_lvds_tile_edge/ioclkin[0]                                                                                                                                        ;
;   0.322 ;   0.000 ; RR ; IC     ; 2      ; CLKCTRL_3A_G_I20    ;            ; CLK_50~inputCLKENA0|inclk                                                                                                                                                           ;
;   0.551 ;   0.229 ; RR ; CELL   ; 181963 ; CLKCTRL_3A_G_I20    ;            ; CLK_50~inputCLKENA0|outclk                                                                                                                                                          ;
;   2.448 ;   1.897 ; RR ; IC     ; 1      ; FF_X115_Y8_N16      ; High Speed ; System|master_0|master_0|jtag_phy_embedded_in_jtag_master|normal.jtag_dc_streaming|sink_crosser|alt_rst_req_sync_in_rst|altera_reset_synchronizer_int_chain_out|clk                 ;
;   2.448 ;   0.000 ; RR ; CELL   ; 1      ; FF_X115_Y8_N16      ; High Speed ; System|master_0|master_0|jtag_phy_embedded_in_jtag_master|normal.jtag_dc_streaming|sink_crosser|alt_rst_req_sync_in_rst|altera_reset_synchronizer_int_chain_out                     ;
; 2.731   ; 0.283   ;    ;        ;        ;                     ;            ; data path                                                                                                                                                                           ;
;   2.546 ;   0.098 ; RR ; uTco   ; 1      ; FF_X115_Y8_N16      ;            ; System|master_0|master_0|jtag_phy_embedded_in_jtag_master|normal.jtag_dc_streaming|sink_crosser|alt_rst_req_sync_in_rst|altera_reset_synchronizer_int_chain_out|q                   ;
;   2.590 ;   0.044 ; RR ; CELL   ; 17     ; FF_X115_Y8_N16      ; High Speed ; System|master_0|master_0|jtag_phy_embedded_in_jtag_master|normal.jtag_dc_streaming|sink_crosser|alt_rst_req_sync_in_rst|altera_reset_synchronizer_int_chain_out~la_mlab/laboutt[10] ;
;   2.731 ;   0.141 ; RR ; IC     ; 1      ; FF_X112_Y8_N23      ; High Speed ; System|master_0|master_0|jtag_phy_embedded_in_jtag_master|normal.jtag_dc_streaming|sink_crosser|in_data_buffer[2]|clrn                                                              ;
;   2.731 ;   0.000 ; RR ; CELL   ; 1      ; FF_X112_Y8_N23      ; High Speed ; System|master_0|master_0|jtag_phy_embedded_in_jtag_master|normal.jtag_dc_streaming|sink_crosser|in_data_buffer[2]                                                                   ;
+---------+---------+----+--------+--------+---------------------+------------+-------------------------------------------------------------------------------------------------------------------------------------------------------------------------------------+

+------------------------------------------------------------------------------------------------------------------------------------------------------------------------------------------------------+
; Data Required Path                                                                                                                                                                                   ;
+---------+----------+----+--------+--------+---------------------+------------+-----------------------------------------------------------------------------------------------------------------------+
; Total   ; Incr     ; RF ; Type   ; Fanout ; Location            ; HS/LP      ; Element                                                                                                               ;
+---------+----------+----+--------+--------+---------------------+------------+-----------------------------------------------------------------------------------------------------------------------+
; 0.000   ; 0.000    ;    ;        ;        ;                     ;            ; latch edge time                                                                                                       ;
; 0.000   ; 0.000    ;    ; borrow ;        ;                     ;            ; time borrowed                                                                                                         ;
; 2.459   ; 2.459    ;    ;        ;        ;                     ;            ; clock path                                                                                                            ;
;   0.000 ;   0.000  ;    ;        ;        ;                     ;            ; source latency                                                                                                        ;
;   0.000 ;   0.000  ;    ;        ; 1      ; PIN_AM10            ;            ; CLK_50                                                                                                                ;
;   0.000 ;   0.000  ; RR ; IC     ; 1      ; IOIBUF_X148_Y16_N32 ;            ; CLK_50~input|i                                                                                                        ;
;   0.261 ;   0.261  ; RR ; CELL   ; 1      ; IOIBUF_X148_Y16_N32 ;            ; CLK_50~input|o                                                                                                        ;
;   0.336 ;   0.075  ; RR ; CELL   ; 1      ; IOIBUF_X148_Y16_N32 ;            ; CLK_50~input~io_48_lvds_tile_edge/ioclkin[0]                                                                          ;
;   0.336 ;   0.000  ; RR ; IC     ; 2      ; CLKCTRL_3A_G_I20    ;            ; CLK_50~inputCLKENA0|inclk                                                                                             ;
;   0.613 ;   0.277  ; RR ; CELL   ; 181963 ; CLKCTRL_3A_G_I20    ;            ; CLK_50~inputCLKENA0|outclk                                                                                            ;
;   2.675 ;   2.062  ; RR ; IC     ; 1      ; FF_X112_Y8_N23      ; High Speed ; System|master_0|master_0|jtag_phy_embedded_in_jtag_master|normal.jtag_dc_streaming|sink_crosser|in_data_buffer[2]|clk ;
;   2.675 ;   0.000  ; RR ; CELL   ; 1      ; FF_X112_Y8_N23      ; High Speed ; System|master_0|master_0|jtag_phy_embedded_in_jtag_master|normal.jtag_dc_streaming|sink_crosser|in_data_buffer[2]     ;
;   2.459 ;   -0.216 ;    ;        ;        ;                     ;            ; clock pessimism removed                                                                                               ;
; 2.459   ; 0.000    ;    ;        ;        ;                     ;            ; clock uncertainty                                                                                                     ;
; 2.525   ; 0.066    ;    ; uTh    ; 1      ; FF_X112_Y8_N23      ;            ; System|master_0|master_0|jtag_phy_embedded_in_jtag_master|normal.jtag_dc_streaming|sink_crosser|in_data_buffer[2]     ;
+---------+----------+----+--------+--------+---------------------+------------+-----------------------------------------------------------------------------------------------------------------------+



Path #6: Removal slack is 0.207 
===============================================================================
+---------------------------------------------------------------------------------------------------------------------------------------------------------------------------------------------------+
; Path Summary                                                                                                                                                                                      ;
+---------------------------------+-----------------------------------------------------------------------------------------------------------------------------------------------------------------+
; Property                        ; Value                                                                                                                                                           ;
+---------------------------------+-----------------------------------------------------------------------------------------------------------------------------------------------------------------+
; From Node                       ; System|master_0|master_0|jtag_phy_embedded_in_jtag_master|normal.jtag_dc_streaming|sink_crosser|alt_rst_req_sync_in_rst|altera_reset_synchronizer_int_chain_out ;
; To Node                         ; System|master_0|master_0|jtag_phy_embedded_in_jtag_master|normal.jtag_dc_streaming|sink_crosser|in_data_buffer[3]                                               ;
; Launch Clock                    ; CLK_50                                                                                                                                                          ;
; Latch Clock                     ; CLK_50                                                                                                                                                          ;
; SDC Exception                   ; No SDC Exception on Path                                                                                                                                        ;
; Data Arrival Time               ; 2.731                                                                                                                                                           ;
; Data Required Time              ; 2.524                                                                                                                                                           ;
; Slack                           ; 0.207                                                                                                                                                           ;
; Worst-Case Operating Conditions ; Fast 900mV 0C Model                                                                                                                                             ;
+---------------------------------+-----------------------------------------------------------------------------------------------------------------------------------------------------------------+

+-----------------------------------------------------------------------------------+
; Statistics                                                                        ;
+------------------------+-------+-------+-------------+------------+-------+-------+
; Property               ; Value ; Count ; Total Delay ; % of Total ; Min   ; Max   ;
+------------------------+-------+-------+-------------+------------+-------+-------+
; Removal Relationship   ; 0.000 ;       ;             ;            ;       ;       ;
; Clock Skew             ; 0.011 ;       ;             ;            ;       ;       ;
; Data Delay             ; 0.283 ;       ;             ;            ;       ;       ;
; Number of Logic Levels ;       ; 0     ;             ;            ;       ;       ;
; Physical Delays        ;       ;       ;             ;            ;       ;       ;
;  Arrival Path          ;       ;       ;             ;            ;       ;       ;
;   Clock                ;       ;       ;             ;            ;       ;       ;
;    IC                  ;       ; 3     ; 1.897       ; 77         ; 0.000 ; 1.897 ;
;    Cell                ;       ; 4     ; 0.551       ; 23         ; 0.000 ; 0.261 ;
;   Data                 ;       ;       ;             ;            ;       ;       ;
;    IC                  ;       ; 1     ; 0.141       ; 50         ; 0.141 ; 0.141 ;
;    Cell                ;       ; 2     ; 0.044       ; 16         ; 0.000 ; 0.044 ;
;    uTco                ;       ; 1     ; 0.098       ; 35         ; 0.098 ; 0.098 ;
;  Required Path         ;       ;       ;             ;            ;       ;       ;
;   Clock                ;       ;       ;             ;            ;       ;       ;
;    IC                  ;       ; 3     ; 2.062       ; 77         ; 0.000 ; 2.062 ;
;    Cell                ;       ; 4     ; 0.613       ; 23         ; 0.000 ; 0.277 ;
+------------------------+-------+-------+-------------+------------+-------+-------+
Note: Negative delays are omitted from totals when calculating percentages

+-------------------------------------------------------------------------------------------------------------------------------------------------------------------------------------------------------------------------------------------------------------------+
; Data Arrival Path                                                                                                                                                                                                                                                 ;
+---------+---------+----+--------+--------+---------------------+------------+-------------------------------------------------------------------------------------------------------------------------------------------------------------------------------------+
; Total   ; Incr    ; RF ; Type   ; Fanout ; Location            ; HS/LP      ; Element                                                                                                                                                                             ;
+---------+---------+----+--------+--------+---------------------+------------+-------------------------------------------------------------------------------------------------------------------------------------------------------------------------------------+
; 0.000   ; 0.000   ;    ;        ;        ;                     ;            ; launch edge time                                                                                                                                                                    ;
; 0.000   ; 0.000   ;    ; borrow ;        ;                     ;            ; time borrowed                                                                                                                                                                       ;
; 2.448   ; 2.448   ;    ;        ;        ;                     ;            ; clock path                                                                                                                                                                          ;
;   0.000 ;   0.000 ;    ;        ;        ;                     ;            ; source latency                                                                                                                                                                      ;
;   0.000 ;   0.000 ;    ;        ; 1      ; PIN_AM10            ;            ; CLK_50                                                                                                                                                                              ;
;   0.000 ;   0.000 ; RR ; IC     ; 1      ; IOIBUF_X148_Y16_N32 ;            ; CLK_50~input|i                                                                                                                                                                      ;
;   0.261 ;   0.261 ; RR ; CELL   ; 1      ; IOIBUF_X148_Y16_N32 ;            ; CLK_50~input|o                                                                                                                                                                      ;
;   0.322 ;   0.061 ; RR ; CELL   ; 1      ; IOIBUF_X148_Y16_N32 ;            ; CLK_50~input~io_48_lvds_tile_edge/ioclkin[0]                                                                                                                                        ;
;   0.322 ;   0.000 ; RR ; IC     ; 2      ; CLKCTRL_3A_G_I20    ;            ; CLK_50~inputCLKENA0|inclk                                                                                                                                                           ;
;   0.551 ;   0.229 ; RR ; CELL   ; 181963 ; CLKCTRL_3A_G_I20    ;            ; CLK_50~inputCLKENA0|outclk                                                                                                                                                          ;
;   2.448 ;   1.897 ; RR ; IC     ; 1      ; FF_X115_Y8_N16      ; High Speed ; System|master_0|master_0|jtag_phy_embedded_in_jtag_master|normal.jtag_dc_streaming|sink_crosser|alt_rst_req_sync_in_rst|altera_reset_synchronizer_int_chain_out|clk                 ;
;   2.448 ;   0.000 ; RR ; CELL   ; 1      ; FF_X115_Y8_N16      ; High Speed ; System|master_0|master_0|jtag_phy_embedded_in_jtag_master|normal.jtag_dc_streaming|sink_crosser|alt_rst_req_sync_in_rst|altera_reset_synchronizer_int_chain_out                     ;
; 2.731   ; 0.283   ;    ;        ;        ;                     ;            ; data path                                                                                                                                                                           ;
;   2.546 ;   0.098 ; RR ; uTco   ; 1      ; FF_X115_Y8_N16      ;            ; System|master_0|master_0|jtag_phy_embedded_in_jtag_master|normal.jtag_dc_streaming|sink_crosser|alt_rst_req_sync_in_rst|altera_reset_synchronizer_int_chain_out|q                   ;
;   2.590 ;   0.044 ; RR ; CELL   ; 17     ; FF_X115_Y8_N16      ; High Speed ; System|master_0|master_0|jtag_phy_embedded_in_jtag_master|normal.jtag_dc_streaming|sink_crosser|alt_rst_req_sync_in_rst|altera_reset_synchronizer_int_chain_out~la_mlab/laboutt[10] ;
;   2.731 ;   0.141 ; RR ; IC     ; 1      ; FF_X112_Y8_N41      ; High Speed ; System|master_0|master_0|jtag_phy_embedded_in_jtag_master|normal.jtag_dc_streaming|sink_crosser|in_data_buffer[3]|clrn                                                              ;
;   2.731 ;   0.000 ; RR ; CELL   ; 1      ; FF_X112_Y8_N41      ; High Speed ; System|master_0|master_0|jtag_phy_embedded_in_jtag_master|normal.jtag_dc_streaming|sink_crosser|in_data_buffer[3]                                                                   ;
+---------+---------+----+--------+--------+---------------------+------------+-------------------------------------------------------------------------------------------------------------------------------------------------------------------------------------+

+------------------------------------------------------------------------------------------------------------------------------------------------------------------------------------------------------+
; Data Required Path                                                                                                                                                                                   ;
+---------+----------+----+--------+--------+---------------------+------------+-----------------------------------------------------------------------------------------------------------------------+
; Total   ; Incr     ; RF ; Type   ; Fanout ; Location            ; HS/LP      ; Element                                                                                                               ;
+---------+----------+----+--------+--------+---------------------+------------+-----------------------------------------------------------------------------------------------------------------------+
; 0.000   ; 0.000    ;    ;        ;        ;                     ;            ; latch edge time                                                                                                       ;
; 0.000   ; 0.000    ;    ; borrow ;        ;                     ;            ; time borrowed                                                                                                         ;
; 2.459   ; 2.459    ;    ;        ;        ;                     ;            ; clock path                                                                                                            ;
;   0.000 ;   0.000  ;    ;        ;        ;                     ;            ; source latency                                                                                                        ;
;   0.000 ;   0.000  ;    ;        ; 1      ; PIN_AM10            ;            ; CLK_50                                                                                                                ;
;   0.000 ;   0.000  ; RR ; IC     ; 1      ; IOIBUF_X148_Y16_N32 ;            ; CLK_50~input|i                                                                                                        ;
;   0.261 ;   0.261  ; RR ; CELL   ; 1      ; IOIBUF_X148_Y16_N32 ;            ; CLK_50~input|o                                                                                                        ;
;   0.336 ;   0.075  ; RR ; CELL   ; 1      ; IOIBUF_X148_Y16_N32 ;            ; CLK_50~input~io_48_lvds_tile_edge/ioclkin[0]                                                                          ;
;   0.336 ;   0.000  ; RR ; IC     ; 2      ; CLKCTRL_3A_G_I20    ;            ; CLK_50~inputCLKENA0|inclk                                                                                             ;
;   0.613 ;   0.277  ; RR ; CELL   ; 181963 ; CLKCTRL_3A_G_I20    ;            ; CLK_50~inputCLKENA0|outclk                                                                                            ;
;   2.675 ;   2.062  ; RR ; IC     ; 1      ; FF_X112_Y8_N41      ; High Speed ; System|master_0|master_0|jtag_phy_embedded_in_jtag_master|normal.jtag_dc_streaming|sink_crosser|in_data_buffer[3]|clk ;
;   2.675 ;   0.000  ; RR ; CELL   ; 1      ; FF_X112_Y8_N41      ; High Speed ; System|master_0|master_0|jtag_phy_embedded_in_jtag_master|normal.jtag_dc_streaming|sink_crosser|in_data_buffer[3]     ;
;   2.459 ;   -0.216 ;    ;        ;        ;                     ;            ; clock pessimism removed                                                                                               ;
; 2.459   ; 0.000    ;    ;        ;        ;                     ;            ; clock uncertainty                                                                                                     ;
; 2.524   ; 0.065    ;    ; uTh    ; 1      ; FF_X112_Y8_N41      ;            ; System|master_0|master_0|jtag_phy_embedded_in_jtag_master|normal.jtag_dc_streaming|sink_crosser|in_data_buffer[3]     ;
+---------+----------+----+--------+--------+---------------------+------------+-----------------------------------------------------------------------------------------------------------------------+



Path #7: Removal slack is 0.208 
===============================================================================
+---------------------------------------------------------------------------------------------------------------------------------------------------------------------------------------------------+
; Path Summary                                                                                                                                                                                      ;
+---------------------------------+-----------------------------------------------------------------------------------------------------------------------------------------------------------------+
; Property                        ; Value                                                                                                                                                           ;
+---------------------------------+-----------------------------------------------------------------------------------------------------------------------------------------------------------------+
; From Node                       ; System|master_0|master_0|jtag_phy_embedded_in_jtag_master|normal.jtag_dc_streaming|sink_crosser|alt_rst_req_sync_in_rst|altera_reset_synchronizer_int_chain_out ;
; To Node                         ; System|master_0|master_0|jtag_phy_embedded_in_jtag_master|normal.jtag_dc_streaming|sink_crosser|in_data_buffer[1]                                               ;
; Launch Clock                    ; CLK_50                                                                                                                                                          ;
; Latch Clock                     ; CLK_50                                                                                                                                                          ;
; SDC Exception                   ; No SDC Exception on Path                                                                                                                                        ;
; Data Arrival Time               ; 2.731                                                                                                                                                           ;
; Data Required Time              ; 2.523                                                                                                                                                           ;
; Slack                           ; 0.208                                                                                                                                                           ;
; Worst-Case Operating Conditions ; Fast 900mV 0C Model                                                                                                                                             ;
+---------------------------------+-----------------------------------------------------------------------------------------------------------------------------------------------------------------+

+-----------------------------------------------------------------------------------+
; Statistics                                                                        ;
+------------------------+-------+-------+-------------+------------+-------+-------+
; Property               ; Value ; Count ; Total Delay ; % of Total ; Min   ; Max   ;
+------------------------+-------+-------+-------------+------------+-------+-------+
; Removal Relationship   ; 0.000 ;       ;             ;            ;       ;       ;
; Clock Skew             ; 0.011 ;       ;             ;            ;       ;       ;
; Data Delay             ; 0.283 ;       ;             ;            ;       ;       ;
; Number of Logic Levels ;       ; 0     ;             ;            ;       ;       ;
; Physical Delays        ;       ;       ;             ;            ;       ;       ;
;  Arrival Path          ;       ;       ;             ;            ;       ;       ;
;   Clock                ;       ;       ;             ;            ;       ;       ;
;    IC                  ;       ; 3     ; 1.897       ; 77         ; 0.000 ; 1.897 ;
;    Cell                ;       ; 4     ; 0.551       ; 23         ; 0.000 ; 0.261 ;
;   Data                 ;       ;       ;             ;            ;       ;       ;
;    IC                  ;       ; 1     ; 0.141       ; 50         ; 0.141 ; 0.141 ;
;    Cell                ;       ; 2     ; 0.044       ; 16         ; 0.000 ; 0.044 ;
;    uTco                ;       ; 1     ; 0.098       ; 35         ; 0.098 ; 0.098 ;
;  Required Path         ;       ;       ;             ;            ;       ;       ;
;   Clock                ;       ;       ;             ;            ;       ;       ;
;    IC                  ;       ; 3     ; 2.062       ; 77         ; 0.000 ; 2.062 ;
;    Cell                ;       ; 4     ; 0.613       ; 23         ; 0.000 ; 0.277 ;
+------------------------+-------+-------+-------------+------------+-------+-------+
Note: Negative delays are omitted from totals when calculating percentages

+-------------------------------------------------------------------------------------------------------------------------------------------------------------------------------------------------------------------------------------------------------------------+
; Data Arrival Path                                                                                                                                                                                                                                                 ;
+---------+---------+----+--------+--------+---------------------+------------+-------------------------------------------------------------------------------------------------------------------------------------------------------------------------------------+
; Total   ; Incr    ; RF ; Type   ; Fanout ; Location            ; HS/LP      ; Element                                                                                                                                                                             ;
+---------+---------+----+--------+--------+---------------------+------------+-------------------------------------------------------------------------------------------------------------------------------------------------------------------------------------+
; 0.000   ; 0.000   ;    ;        ;        ;                     ;            ; launch edge time                                                                                                                                                                    ;
; 0.000   ; 0.000   ;    ; borrow ;        ;                     ;            ; time borrowed                                                                                                                                                                       ;
; 2.448   ; 2.448   ;    ;        ;        ;                     ;            ; clock path                                                                                                                                                                          ;
;   0.000 ;   0.000 ;    ;        ;        ;                     ;            ; source latency                                                                                                                                                                      ;
;   0.000 ;   0.000 ;    ;        ; 1      ; PIN_AM10            ;            ; CLK_50                                                                                                                                                                              ;
;   0.000 ;   0.000 ; RR ; IC     ; 1      ; IOIBUF_X148_Y16_N32 ;            ; CLK_50~input|i                                                                                                                                                                      ;
;   0.261 ;   0.261 ; RR ; CELL   ; 1      ; IOIBUF_X148_Y16_N32 ;            ; CLK_50~input|o                                                                                                                                                                      ;
;   0.322 ;   0.061 ; RR ; CELL   ; 1      ; IOIBUF_X148_Y16_N32 ;            ; CLK_50~input~io_48_lvds_tile_edge/ioclkin[0]                                                                                                                                        ;
;   0.322 ;   0.000 ; RR ; IC     ; 2      ; CLKCTRL_3A_G_I20    ;            ; CLK_50~inputCLKENA0|inclk                                                                                                                                                           ;
;   0.551 ;   0.229 ; RR ; CELL   ; 181963 ; CLKCTRL_3A_G_I20    ;            ; CLK_50~inputCLKENA0|outclk                                                                                                                                                          ;
;   2.448 ;   1.897 ; RR ; IC     ; 1      ; FF_X115_Y8_N16      ; High Speed ; System|master_0|master_0|jtag_phy_embedded_in_jtag_master|normal.jtag_dc_streaming|sink_crosser|alt_rst_req_sync_in_rst|altera_reset_synchronizer_int_chain_out|clk                 ;
;   2.448 ;   0.000 ; RR ; CELL   ; 1      ; FF_X115_Y8_N16      ; High Speed ; System|master_0|master_0|jtag_phy_embedded_in_jtag_master|normal.jtag_dc_streaming|sink_crosser|alt_rst_req_sync_in_rst|altera_reset_synchronizer_int_chain_out                     ;
; 2.731   ; 0.283   ;    ;        ;        ;                     ;            ; data path                                                                                                                                                                           ;
;   2.546 ;   0.098 ; RR ; uTco   ; 1      ; FF_X115_Y8_N16      ;            ; System|master_0|master_0|jtag_phy_embedded_in_jtag_master|normal.jtag_dc_streaming|sink_crosser|alt_rst_req_sync_in_rst|altera_reset_synchronizer_int_chain_out|q                   ;
;   2.590 ;   0.044 ; RR ; CELL   ; 17     ; FF_X115_Y8_N16      ; High Speed ; System|master_0|master_0|jtag_phy_embedded_in_jtag_master|normal.jtag_dc_streaming|sink_crosser|alt_rst_req_sync_in_rst|altera_reset_synchronizer_int_chain_out~la_mlab/laboutt[10] ;
;   2.731 ;   0.141 ; RR ; IC     ; 1      ; FF_X112_Y8_N19      ; High Speed ; System|master_0|master_0|jtag_phy_embedded_in_jtag_master|normal.jtag_dc_streaming|sink_crosser|in_data_buffer[1]|clrn                                                              ;
;   2.731 ;   0.000 ; RR ; CELL   ; 1      ; FF_X112_Y8_N19      ; High Speed ; System|master_0|master_0|jtag_phy_embedded_in_jtag_master|normal.jtag_dc_streaming|sink_crosser|in_data_buffer[1]                                                                   ;
+---------+---------+----+--------+--------+---------------------+------------+-------------------------------------------------------------------------------------------------------------------------------------------------------------------------------------+

+------------------------------------------------------------------------------------------------------------------------------------------------------------------------------------------------------+
; Data Required Path                                                                                                                                                                                   ;
+---------+----------+----+--------+--------+---------------------+------------+-----------------------------------------------------------------------------------------------------------------------+
; Total   ; Incr     ; RF ; Type   ; Fanout ; Location            ; HS/LP      ; Element                                                                                                               ;
+---------+----------+----+--------+--------+---------------------+------------+-----------------------------------------------------------------------------------------------------------------------+
; 0.000   ; 0.000    ;    ;        ;        ;                     ;            ; latch edge time                                                                                                       ;
; 0.000   ; 0.000    ;    ; borrow ;        ;                     ;            ; time borrowed                                                                                                         ;
; 2.459   ; 2.459    ;    ;        ;        ;                     ;            ; clock path                                                                                                            ;
;   0.000 ;   0.000  ;    ;        ;        ;                     ;            ; source latency                                                                                                        ;
;   0.000 ;   0.000  ;    ;        ; 1      ; PIN_AM10            ;            ; CLK_50                                                                                                                ;
;   0.000 ;   0.000  ; RR ; IC     ; 1      ; IOIBUF_X148_Y16_N32 ;            ; CLK_50~input|i                                                                                                        ;
;   0.261 ;   0.261  ; RR ; CELL   ; 1      ; IOIBUF_X148_Y16_N32 ;            ; CLK_50~input|o                                                                                                        ;
;   0.336 ;   0.075  ; RR ; CELL   ; 1      ; IOIBUF_X148_Y16_N32 ;            ; CLK_50~input~io_48_lvds_tile_edge/ioclkin[0]                                                                          ;
;   0.336 ;   0.000  ; RR ; IC     ; 2      ; CLKCTRL_3A_G_I20    ;            ; CLK_50~inputCLKENA0|inclk                                                                                             ;
;   0.613 ;   0.277  ; RR ; CELL   ; 181963 ; CLKCTRL_3A_G_I20    ;            ; CLK_50~inputCLKENA0|outclk                                                                                            ;
;   2.675 ;   2.062  ; RR ; IC     ; 1      ; FF_X112_Y8_N19      ; High Speed ; System|master_0|master_0|jtag_phy_embedded_in_jtag_master|normal.jtag_dc_streaming|sink_crosser|in_data_buffer[1]|clk ;
;   2.675 ;   0.000  ; RR ; CELL   ; 1      ; FF_X112_Y8_N19      ; High Speed ; System|master_0|master_0|jtag_phy_embedded_in_jtag_master|normal.jtag_dc_streaming|sink_crosser|in_data_buffer[1]     ;
;   2.459 ;   -0.216 ;    ;        ;        ;                     ;            ; clock pessimism removed                                                                                               ;
; 2.459   ; 0.000    ;    ;        ;        ;                     ;            ; clock uncertainty                                                                                                     ;
; 2.523   ; 0.064    ;    ; uTh    ; 1      ; FF_X112_Y8_N19      ;            ; System|master_0|master_0|jtag_phy_embedded_in_jtag_master|normal.jtag_dc_streaming|sink_crosser|in_data_buffer[1]     ;
+---------+----------+----+--------+--------+---------------------+------------+-----------------------------------------------------------------------------------------------------------------------+



Path #8: Removal slack is 0.209 
===============================================================================
+---------------------------------------------------------------------------------------------------------------------------------------------------------------------------------------------------+
; Path Summary                                                                                                                                                                                      ;
+---------------------------------+-----------------------------------------------------------------------------------------------------------------------------------------------------------------+
; Property                        ; Value                                                                                                                                                           ;
+---------------------------------+-----------------------------------------------------------------------------------------------------------------------------------------------------------------+
; From Node                       ; System|master_0|master_0|jtag_phy_embedded_in_jtag_master|normal.jtag_dc_streaming|sink_crosser|alt_rst_req_sync_in_rst|altera_reset_synchronizer_int_chain_out ;
; To Node                         ; System|master_0|master_0|jtag_phy_embedded_in_jtag_master|normal.jtag_dc_streaming|sink_crosser|in_data_buffer[6]                                               ;
; Launch Clock                    ; CLK_50                                                                                                                                                          ;
; Latch Clock                     ; CLK_50                                                                                                                                                          ;
; SDC Exception                   ; No SDC Exception on Path                                                                                                                                        ;
; Data Arrival Time               ; 2.731                                                                                                                                                           ;
; Data Required Time              ; 2.522                                                                                                                                                           ;
; Slack                           ; 0.209                                                                                                                                                           ;
; Worst-Case Operating Conditions ; Fast 900mV 0C Model                                                                                                                                             ;
+---------------------------------+-----------------------------------------------------------------------------------------------------------------------------------------------------------------+

+-----------------------------------------------------------------------------------+
; Statistics                                                                        ;
+------------------------+-------+-------+-------------+------------+-------+-------+
; Property               ; Value ; Count ; Total Delay ; % of Total ; Min   ; Max   ;
+------------------------+-------+-------+-------------+------------+-------+-------+
; Removal Relationship   ; 0.000 ;       ;             ;            ;       ;       ;
; Clock Skew             ; 0.011 ;       ;             ;            ;       ;       ;
; Data Delay             ; 0.283 ;       ;             ;            ;       ;       ;
; Number of Logic Levels ;       ; 0     ;             ;            ;       ;       ;
; Physical Delays        ;       ;       ;             ;            ;       ;       ;
;  Arrival Path          ;       ;       ;             ;            ;       ;       ;
;   Clock                ;       ;       ;             ;            ;       ;       ;
;    IC                  ;       ; 3     ; 1.897       ; 77         ; 0.000 ; 1.897 ;
;    Cell                ;       ; 4     ; 0.551       ; 23         ; 0.000 ; 0.261 ;
;   Data                 ;       ;       ;             ;            ;       ;       ;
;    IC                  ;       ; 1     ; 0.141       ; 50         ; 0.141 ; 0.141 ;
;    Cell                ;       ; 2     ; 0.044       ; 16         ; 0.000 ; 0.044 ;
;    uTco                ;       ; 1     ; 0.098       ; 35         ; 0.098 ; 0.098 ;
;  Required Path         ;       ;       ;             ;            ;       ;       ;
;   Clock                ;       ;       ;             ;            ;       ;       ;
;    IC                  ;       ; 3     ; 2.062       ; 77         ; 0.000 ; 2.062 ;
;    Cell                ;       ; 4     ; 0.613       ; 23         ; 0.000 ; 0.277 ;
+------------------------+-------+-------+-------------+------------+-------+-------+
Note: Negative delays are omitted from totals when calculating percentages

+-------------------------------------------------------------------------------------------------------------------------------------------------------------------------------------------------------------------------------------------------------------------+
; Data Arrival Path                                                                                                                                                                                                                                                 ;
+---------+---------+----+--------+--------+---------------------+------------+-------------------------------------------------------------------------------------------------------------------------------------------------------------------------------------+
; Total   ; Incr    ; RF ; Type   ; Fanout ; Location            ; HS/LP      ; Element                                                                                                                                                                             ;
+---------+---------+----+--------+--------+---------------------+------------+-------------------------------------------------------------------------------------------------------------------------------------------------------------------------------------+
; 0.000   ; 0.000   ;    ;        ;        ;                     ;            ; launch edge time                                                                                                                                                                    ;
; 0.000   ; 0.000   ;    ; borrow ;        ;                     ;            ; time borrowed                                                                                                                                                                       ;
; 2.448   ; 2.448   ;    ;        ;        ;                     ;            ; clock path                                                                                                                                                                          ;
;   0.000 ;   0.000 ;    ;        ;        ;                     ;            ; source latency                                                                                                                                                                      ;
;   0.000 ;   0.000 ;    ;        ; 1      ; PIN_AM10            ;            ; CLK_50                                                                                                                                                                              ;
;   0.000 ;   0.000 ; RR ; IC     ; 1      ; IOIBUF_X148_Y16_N32 ;            ; CLK_50~input|i                                                                                                                                                                      ;
;   0.261 ;   0.261 ; RR ; CELL   ; 1      ; IOIBUF_X148_Y16_N32 ;            ; CLK_50~input|o                                                                                                                                                                      ;
;   0.322 ;   0.061 ; RR ; CELL   ; 1      ; IOIBUF_X148_Y16_N32 ;            ; CLK_50~input~io_48_lvds_tile_edge/ioclkin[0]                                                                                                                                        ;
;   0.322 ;   0.000 ; RR ; IC     ; 2      ; CLKCTRL_3A_G_I20    ;            ; CLK_50~inputCLKENA0|inclk                                                                                                                                                           ;
;   0.551 ;   0.229 ; RR ; CELL   ; 181963 ; CLKCTRL_3A_G_I20    ;            ; CLK_50~inputCLKENA0|outclk                                                                                                                                                          ;
;   2.448 ;   1.897 ; RR ; IC     ; 1      ; FF_X115_Y8_N16      ; High Speed ; System|master_0|master_0|jtag_phy_embedded_in_jtag_master|normal.jtag_dc_streaming|sink_crosser|alt_rst_req_sync_in_rst|altera_reset_synchronizer_int_chain_out|clk                 ;
;   2.448 ;   0.000 ; RR ; CELL   ; 1      ; FF_X115_Y8_N16      ; High Speed ; System|master_0|master_0|jtag_phy_embedded_in_jtag_master|normal.jtag_dc_streaming|sink_crosser|alt_rst_req_sync_in_rst|altera_reset_synchronizer_int_chain_out                     ;
; 2.731   ; 0.283   ;    ;        ;        ;                     ;            ; data path                                                                                                                                                                           ;
;   2.546 ;   0.098 ; RR ; uTco   ; 1      ; FF_X115_Y8_N16      ;            ; System|master_0|master_0|jtag_phy_embedded_in_jtag_master|normal.jtag_dc_streaming|sink_crosser|alt_rst_req_sync_in_rst|altera_reset_synchronizer_int_chain_out|q                   ;
;   2.590 ;   0.044 ; RR ; CELL   ; 17     ; FF_X115_Y8_N16      ; High Speed ; System|master_0|master_0|jtag_phy_embedded_in_jtag_master|normal.jtag_dc_streaming|sink_crosser|alt_rst_req_sync_in_rst|altera_reset_synchronizer_int_chain_out~la_mlab/laboutt[10] ;
;   2.731 ;   0.141 ; RR ; IC     ; 1      ; FF_X112_Y8_N20      ; High Speed ; System|master_0|master_0|jtag_phy_embedded_in_jtag_master|normal.jtag_dc_streaming|sink_crosser|in_data_buffer[6]|clrn                                                              ;
;   2.731 ;   0.000 ; RR ; CELL   ; 1      ; FF_X112_Y8_N20      ; High Speed ; System|master_0|master_0|jtag_phy_embedded_in_jtag_master|normal.jtag_dc_streaming|sink_crosser|in_data_buffer[6]                                                                   ;
+---------+---------+----+--------+--------+---------------------+------------+-------------------------------------------------------------------------------------------------------------------------------------------------------------------------------------+

+------------------------------------------------------------------------------------------------------------------------------------------------------------------------------------------------------+
; Data Required Path                                                                                                                                                                                   ;
+---------+----------+----+--------+--------+---------------------+------------+-----------------------------------------------------------------------------------------------------------------------+
; Total   ; Incr     ; RF ; Type   ; Fanout ; Location            ; HS/LP      ; Element                                                                                                               ;
+---------+----------+----+--------+--------+---------------------+------------+-----------------------------------------------------------------------------------------------------------------------+
; 0.000   ; 0.000    ;    ;        ;        ;                     ;            ; latch edge time                                                                                                       ;
; 0.000   ; 0.000    ;    ; borrow ;        ;                     ;            ; time borrowed                                                                                                         ;
; 2.459   ; 2.459    ;    ;        ;        ;                     ;            ; clock path                                                                                                            ;
;   0.000 ;   0.000  ;    ;        ;        ;                     ;            ; source latency                                                                                                        ;
;   0.000 ;   0.000  ;    ;        ; 1      ; PIN_AM10            ;            ; CLK_50                                                                                                                ;
;   0.000 ;   0.000  ; RR ; IC     ; 1      ; IOIBUF_X148_Y16_N32 ;            ; CLK_50~input|i                                                                                                        ;
;   0.261 ;   0.261  ; RR ; CELL   ; 1      ; IOIBUF_X148_Y16_N32 ;            ; CLK_50~input|o                                                                                                        ;
;   0.336 ;   0.075  ; RR ; CELL   ; 1      ; IOIBUF_X148_Y16_N32 ;            ; CLK_50~input~io_48_lvds_tile_edge/ioclkin[0]                                                                          ;
;   0.336 ;   0.000  ; RR ; IC     ; 2      ; CLKCTRL_3A_G_I20    ;            ; CLK_50~inputCLKENA0|inclk                                                                                             ;
;   0.613 ;   0.277  ; RR ; CELL   ; 181963 ; CLKCTRL_3A_G_I20    ;            ; CLK_50~inputCLKENA0|outclk                                                                                            ;
;   2.675 ;   2.062  ; RR ; IC     ; 1      ; FF_X112_Y8_N20      ; High Speed ; System|master_0|master_0|jtag_phy_embedded_in_jtag_master|normal.jtag_dc_streaming|sink_crosser|in_data_buffer[6]|clk ;
;   2.675 ;   0.000  ; RR ; CELL   ; 1      ; FF_X112_Y8_N20      ; High Speed ; System|master_0|master_0|jtag_phy_embedded_in_jtag_master|normal.jtag_dc_streaming|sink_crosser|in_data_buffer[6]     ;
;   2.459 ;   -0.216 ;    ;        ;        ;                     ;            ; clock pessimism removed                                                                                               ;
; 2.459   ; 0.000    ;    ;        ;        ;                     ;            ; clock uncertainty                                                                                                     ;
; 2.522   ; 0.063    ;    ; uTh    ; 1      ; FF_X112_Y8_N20      ;            ; System|master_0|master_0|jtag_phy_embedded_in_jtag_master|normal.jtag_dc_streaming|sink_crosser|in_data_buffer[6]     ;
+---------+----------+----+--------+--------+---------------------+------------+-----------------------------------------------------------------------------------------------------------------------+



Path #9: Removal slack is 0.209 
===============================================================================
+---------------------------------------------------------------------------------------------------------------------------------------------------------------------------------------------------+
; Path Summary                                                                                                                                                                                      ;
+---------------------------------+-----------------------------------------------------------------------------------------------------------------------------------------------------------------+
; Property                        ; Value                                                                                                                                                           ;
+---------------------------------+-----------------------------------------------------------------------------------------------------------------------------------------------------------------+
; From Node                       ; System|master_0|master_0|jtag_phy_embedded_in_jtag_master|normal.jtag_dc_streaming|sink_crosser|alt_rst_req_sync_in_rst|altera_reset_synchronizer_int_chain_out ;
; To Node                         ; System|master_0|master_0|jtag_phy_embedded_in_jtag_master|normal.jtag_dc_streaming|sink_crosser|in_data_buffer[7]                                               ;
; Launch Clock                    ; CLK_50                                                                                                                                                          ;
; Latch Clock                     ; CLK_50                                                                                                                                                          ;
; SDC Exception                   ; No SDC Exception on Path                                                                                                                                        ;
; Data Arrival Time               ; 2.731                                                                                                                                                           ;
; Data Required Time              ; 2.522                                                                                                                                                           ;
; Slack                           ; 0.209                                                                                                                                                           ;
; Worst-Case Operating Conditions ; Fast 900mV 0C Model                                                                                                                                             ;
+---------------------------------+-----------------------------------------------------------------------------------------------------------------------------------------------------------------+

+-----------------------------------------------------------------------------------+
; Statistics                                                                        ;
+------------------------+-------+-------+-------------+------------+-------+-------+
; Property               ; Value ; Count ; Total Delay ; % of Total ; Min   ; Max   ;
+------------------------+-------+-------+-------------+------------+-------+-------+
; Removal Relationship   ; 0.000 ;       ;             ;            ;       ;       ;
; Clock Skew             ; 0.011 ;       ;             ;            ;       ;       ;
; Data Delay             ; 0.283 ;       ;             ;            ;       ;       ;
; Number of Logic Levels ;       ; 0     ;             ;            ;       ;       ;
; Physical Delays        ;       ;       ;             ;            ;       ;       ;
;  Arrival Path          ;       ;       ;             ;            ;       ;       ;
;   Clock                ;       ;       ;             ;            ;       ;       ;
;    IC                  ;       ; 3     ; 1.897       ; 77         ; 0.000 ; 1.897 ;
;    Cell                ;       ; 4     ; 0.551       ; 23         ; 0.000 ; 0.261 ;
;   Data                 ;       ;       ;             ;            ;       ;       ;
;    IC                  ;       ; 1     ; 0.141       ; 50         ; 0.141 ; 0.141 ;
;    Cell                ;       ; 2     ; 0.044       ; 16         ; 0.000 ; 0.044 ;
;    uTco                ;       ; 1     ; 0.098       ; 35         ; 0.098 ; 0.098 ;
;  Required Path         ;       ;       ;             ;            ;       ;       ;
;   Clock                ;       ;       ;             ;            ;       ;       ;
;    IC                  ;       ; 3     ; 2.062       ; 77         ; 0.000 ; 2.062 ;
;    Cell                ;       ; 4     ; 0.613       ; 23         ; 0.000 ; 0.277 ;
+------------------------+-------+-------+-------------+------------+-------+-------+
Note: Negative delays are omitted from totals when calculating percentages

+-------------------------------------------------------------------------------------------------------------------------------------------------------------------------------------------------------------------------------------------------------------------+
; Data Arrival Path                                                                                                                                                                                                                                                 ;
+---------+---------+----+--------+--------+---------------------+------------+-------------------------------------------------------------------------------------------------------------------------------------------------------------------------------------+
; Total   ; Incr    ; RF ; Type   ; Fanout ; Location            ; HS/LP      ; Element                                                                                                                                                                             ;
+---------+---------+----+--------+--------+---------------------+------------+-------------------------------------------------------------------------------------------------------------------------------------------------------------------------------------+
; 0.000   ; 0.000   ;    ;        ;        ;                     ;            ; launch edge time                                                                                                                                                                    ;
; 0.000   ; 0.000   ;    ; borrow ;        ;                     ;            ; time borrowed                                                                                                                                                                       ;
; 2.448   ; 2.448   ;    ;        ;        ;                     ;            ; clock path                                                                                                                                                                          ;
;   0.000 ;   0.000 ;    ;        ;        ;                     ;            ; source latency                                                                                                                                                                      ;
;   0.000 ;   0.000 ;    ;        ; 1      ; PIN_AM10            ;            ; CLK_50                                                                                                                                                                              ;
;   0.000 ;   0.000 ; RR ; IC     ; 1      ; IOIBUF_X148_Y16_N32 ;            ; CLK_50~input|i                                                                                                                                                                      ;
;   0.261 ;   0.261 ; RR ; CELL   ; 1      ; IOIBUF_X148_Y16_N32 ;            ; CLK_50~input|o                                                                                                                                                                      ;
;   0.322 ;   0.061 ; RR ; CELL   ; 1      ; IOIBUF_X148_Y16_N32 ;            ; CLK_50~input~io_48_lvds_tile_edge/ioclkin[0]                                                                                                                                        ;
;   0.322 ;   0.000 ; RR ; IC     ; 2      ; CLKCTRL_3A_G_I20    ;            ; CLK_50~inputCLKENA0|inclk                                                                                                                                                           ;
;   0.551 ;   0.229 ; RR ; CELL   ; 181963 ; CLKCTRL_3A_G_I20    ;            ; CLK_50~inputCLKENA0|outclk                                                                                                                                                          ;
;   2.448 ;   1.897 ; RR ; IC     ; 1      ; FF_X115_Y8_N16      ; High Speed ; System|master_0|master_0|jtag_phy_embedded_in_jtag_master|normal.jtag_dc_streaming|sink_crosser|alt_rst_req_sync_in_rst|altera_reset_synchronizer_int_chain_out|clk                 ;
;   2.448 ;   0.000 ; RR ; CELL   ; 1      ; FF_X115_Y8_N16      ; High Speed ; System|master_0|master_0|jtag_phy_embedded_in_jtag_master|normal.jtag_dc_streaming|sink_crosser|alt_rst_req_sync_in_rst|altera_reset_synchronizer_int_chain_out                     ;
; 2.731   ; 0.283   ;    ;        ;        ;                     ;            ; data path                                                                                                                                                                           ;
;   2.546 ;   0.098 ; RR ; uTco   ; 1      ; FF_X115_Y8_N16      ;            ; System|master_0|master_0|jtag_phy_embedded_in_jtag_master|normal.jtag_dc_streaming|sink_crosser|alt_rst_req_sync_in_rst|altera_reset_synchronizer_int_chain_out|q                   ;
;   2.590 ;   0.044 ; RR ; CELL   ; 17     ; FF_X115_Y8_N16      ; High Speed ; System|master_0|master_0|jtag_phy_embedded_in_jtag_master|normal.jtag_dc_streaming|sink_crosser|alt_rst_req_sync_in_rst|altera_reset_synchronizer_int_chain_out~la_mlab/laboutt[10] ;
;   2.731 ;   0.141 ; RR ; IC     ; 1      ; FF_X112_Y8_N37      ; High Speed ; System|master_0|master_0|jtag_phy_embedded_in_jtag_master|normal.jtag_dc_streaming|sink_crosser|in_data_buffer[7]|clrn                                                              ;
;   2.731 ;   0.000 ; RR ; CELL   ; 1      ; FF_X112_Y8_N37      ; High Speed ; System|master_0|master_0|jtag_phy_embedded_in_jtag_master|normal.jtag_dc_streaming|sink_crosser|in_data_buffer[7]                                                                   ;
+---------+---------+----+--------+--------+---------------------+------------+-------------------------------------------------------------------------------------------------------------------------------------------------------------------------------------+

+------------------------------------------------------------------------------------------------------------------------------------------------------------------------------------------------------+
; Data Required Path                                                                                                                                                                                   ;
+---------+----------+----+--------+--------+---------------------+------------+-----------------------------------------------------------------------------------------------------------------------+
; Total   ; Incr     ; RF ; Type   ; Fanout ; Location            ; HS/LP      ; Element                                                                                                               ;
+---------+----------+----+--------+--------+---------------------+------------+-----------------------------------------------------------------------------------------------------------------------+
; 0.000   ; 0.000    ;    ;        ;        ;                     ;            ; latch edge time                                                                                                       ;
; 0.000   ; 0.000    ;    ; borrow ;        ;                     ;            ; time borrowed                                                                                                         ;
; 2.459   ; 2.459    ;    ;        ;        ;                     ;            ; clock path                                                                                                            ;
;   0.000 ;   0.000  ;    ;        ;        ;                     ;            ; source latency                                                                                                        ;
;   0.000 ;   0.000  ;    ;        ; 1      ; PIN_AM10            ;            ; CLK_50                                                                                                                ;
;   0.000 ;   0.000  ; RR ; IC     ; 1      ; IOIBUF_X148_Y16_N32 ;            ; CLK_50~input|i                                                                                                        ;
;   0.261 ;   0.261  ; RR ; CELL   ; 1      ; IOIBUF_X148_Y16_N32 ;            ; CLK_50~input|o                                                                                                        ;
;   0.336 ;   0.075  ; RR ; CELL   ; 1      ; IOIBUF_X148_Y16_N32 ;            ; CLK_50~input~io_48_lvds_tile_edge/ioclkin[0]                                                                          ;
;   0.336 ;   0.000  ; RR ; IC     ; 2      ; CLKCTRL_3A_G_I20    ;            ; CLK_50~inputCLKENA0|inclk                                                                                             ;
;   0.613 ;   0.277  ; RR ; CELL   ; 181963 ; CLKCTRL_3A_G_I20    ;            ; CLK_50~inputCLKENA0|outclk                                                                                            ;
;   2.675 ;   2.062  ; RR ; IC     ; 1      ; FF_X112_Y8_N37      ; High Speed ; System|master_0|master_0|jtag_phy_embedded_in_jtag_master|normal.jtag_dc_streaming|sink_crosser|in_data_buffer[7]|clk ;
;   2.675 ;   0.000  ; RR ; CELL   ; 1      ; FF_X112_Y8_N37      ; High Speed ; System|master_0|master_0|jtag_phy_embedded_in_jtag_master|normal.jtag_dc_streaming|sink_crosser|in_data_buffer[7]     ;
;   2.459 ;   -0.216 ;    ;        ;        ;                     ;            ; clock pessimism removed                                                                                               ;
; 2.459   ; 0.000    ;    ;        ;        ;                     ;            ; clock uncertainty                                                                                                     ;
; 2.522   ; 0.063    ;    ; uTh    ; 1      ; FF_X112_Y8_N37      ;            ; System|master_0|master_0|jtag_phy_embedded_in_jtag_master|normal.jtag_dc_streaming|sink_crosser|in_data_buffer[7]     ;
+---------+----------+----+--------+--------+---------------------+------------+-----------------------------------------------------------------------------------------------------------------------+



Path #10: Removal slack is 0.210 
===============================================================================
+---------------------------------------------------------------------------------------------------------------------------------------------------------------------------------------------------+
; Path Summary                                                                                                                                                                                      ;
+---------------------------------+-----------------------------------------------------------------------------------------------------------------------------------------------------------------+
; Property                        ; Value                                                                                                                                                           ;
+---------------------------------+-----------------------------------------------------------------------------------------------------------------------------------------------------------------+
; From Node                       ; System|master_0|master_0|jtag_phy_embedded_in_jtag_master|normal.jtag_dc_streaming|sink_crosser|alt_rst_req_sync_in_rst|altera_reset_synchronizer_int_chain_out ;
; To Node                         ; System|master_0|master_0|jtag_phy_embedded_in_jtag_master|normal.jtag_dc_streaming|sink_crosser|in_data_buffer[4]                                               ;
; Launch Clock                    ; CLK_50                                                                                                                                                          ;
; Latch Clock                     ; CLK_50                                                                                                                                                          ;
; SDC Exception                   ; No SDC Exception on Path                                                                                                                                        ;
; Data Arrival Time               ; 2.731                                                                                                                                                           ;
; Data Required Time              ; 2.521                                                                                                                                                           ;
; Slack                           ; 0.210                                                                                                                                                           ;
; Worst-Case Operating Conditions ; Fast 900mV 0C Model                                                                                                                                             ;
+---------------------------------+-----------------------------------------------------------------------------------------------------------------------------------------------------------------+

+-----------------------------------------------------------------------------------+
; Statistics                                                                        ;
+------------------------+-------+-------+-------------+------------+-------+-------+
; Property               ; Value ; Count ; Total Delay ; % of Total ; Min   ; Max   ;
+------------------------+-------+-------+-------------+------------+-------+-------+
; Removal Relationship   ; 0.000 ;       ;             ;            ;       ;       ;
; Clock Skew             ; 0.011 ;       ;             ;            ;       ;       ;
; Data Delay             ; 0.283 ;       ;             ;            ;       ;       ;
; Number of Logic Levels ;       ; 0     ;             ;            ;       ;       ;
; Physical Delays        ;       ;       ;             ;            ;       ;       ;
;  Arrival Path          ;       ;       ;             ;            ;       ;       ;
;   Clock                ;       ;       ;             ;            ;       ;       ;
;    IC                  ;       ; 3     ; 1.897       ; 77         ; 0.000 ; 1.897 ;
;    Cell                ;       ; 4     ; 0.551       ; 23         ; 0.000 ; 0.261 ;
;   Data                 ;       ;       ;             ;            ;       ;       ;
;    IC                  ;       ; 1     ; 0.141       ; 50         ; 0.141 ; 0.141 ;
;    Cell                ;       ; 2     ; 0.044       ; 16         ; 0.000 ; 0.044 ;
;    uTco                ;       ; 1     ; 0.098       ; 35         ; 0.098 ; 0.098 ;
;  Required Path         ;       ;       ;             ;            ;       ;       ;
;   Clock                ;       ;       ;             ;            ;       ;       ;
;    IC                  ;       ; 3     ; 2.062       ; 77         ; 0.000 ; 2.062 ;
;    Cell                ;       ; 4     ; 0.613       ; 23         ; 0.000 ; 0.277 ;
+------------------------+-------+-------+-------------+------------+-------+-------+
Note: Negative delays are omitted from totals when calculating percentages

+-------------------------------------------------------------------------------------------------------------------------------------------------------------------------------------------------------------------------------------------------------------------+
; Data Arrival Path                                                                                                                                                                                                                                                 ;
+---------+---------+----+--------+--------+---------------------+------------+-------------------------------------------------------------------------------------------------------------------------------------------------------------------------------------+
; Total   ; Incr    ; RF ; Type   ; Fanout ; Location            ; HS/LP      ; Element                                                                                                                                                                             ;
+---------+---------+----+--------+--------+---------------------+------------+-------------------------------------------------------------------------------------------------------------------------------------------------------------------------------------+
; 0.000   ; 0.000   ;    ;        ;        ;                     ;            ; launch edge time                                                                                                                                                                    ;
; 0.000   ; 0.000   ;    ; borrow ;        ;                     ;            ; time borrowed                                                                                                                                                                       ;
; 2.448   ; 2.448   ;    ;        ;        ;                     ;            ; clock path                                                                                                                                                                          ;
;   0.000 ;   0.000 ;    ;        ;        ;                     ;            ; source latency                                                                                                                                                                      ;
;   0.000 ;   0.000 ;    ;        ; 1      ; PIN_AM10            ;            ; CLK_50                                                                                                                                                                              ;
;   0.000 ;   0.000 ; RR ; IC     ; 1      ; IOIBUF_X148_Y16_N32 ;            ; CLK_50~input|i                                                                                                                                                                      ;
;   0.261 ;   0.261 ; RR ; CELL   ; 1      ; IOIBUF_X148_Y16_N32 ;            ; CLK_50~input|o                                                                                                                                                                      ;
;   0.322 ;   0.061 ; RR ; CELL   ; 1      ; IOIBUF_X148_Y16_N32 ;            ; CLK_50~input~io_48_lvds_tile_edge/ioclkin[0]                                                                                                                                        ;
;   0.322 ;   0.000 ; RR ; IC     ; 2      ; CLKCTRL_3A_G_I20    ;            ; CLK_50~inputCLKENA0|inclk                                                                                                                                                           ;
;   0.551 ;   0.229 ; RR ; CELL   ; 181963 ; CLKCTRL_3A_G_I20    ;            ; CLK_50~inputCLKENA0|outclk                                                                                                                                                          ;
;   2.448 ;   1.897 ; RR ; IC     ; 1      ; FF_X115_Y8_N16      ; High Speed ; System|master_0|master_0|jtag_phy_embedded_in_jtag_master|normal.jtag_dc_streaming|sink_crosser|alt_rst_req_sync_in_rst|altera_reset_synchronizer_int_chain_out|clk                 ;
;   2.448 ;   0.000 ; RR ; CELL   ; 1      ; FF_X115_Y8_N16      ; High Speed ; System|master_0|master_0|jtag_phy_embedded_in_jtag_master|normal.jtag_dc_streaming|sink_crosser|alt_rst_req_sync_in_rst|altera_reset_synchronizer_int_chain_out                     ;
; 2.731   ; 0.283   ;    ;        ;        ;                     ;            ; data path                                                                                                                                                                           ;
;   2.546 ;   0.098 ; RR ; uTco   ; 1      ; FF_X115_Y8_N16      ;            ; System|master_0|master_0|jtag_phy_embedded_in_jtag_master|normal.jtag_dc_streaming|sink_crosser|alt_rst_req_sync_in_rst|altera_reset_synchronizer_int_chain_out|q                   ;
;   2.590 ;   0.044 ; RR ; CELL   ; 17     ; FF_X115_Y8_N16      ; High Speed ; System|master_0|master_0|jtag_phy_embedded_in_jtag_master|normal.jtag_dc_streaming|sink_crosser|alt_rst_req_sync_in_rst|altera_reset_synchronizer_int_chain_out~la_mlab/laboutt[10] ;
;   2.731 ;   0.141 ; RR ; IC     ; 1      ; FF_X112_Y8_N22      ; High Speed ; System|master_0|master_0|jtag_phy_embedded_in_jtag_master|normal.jtag_dc_streaming|sink_crosser|in_data_buffer[4]|clrn                                                              ;
;   2.731 ;   0.000 ; RR ; CELL   ; 1      ; FF_X112_Y8_N22      ; High Speed ; System|master_0|master_0|jtag_phy_embedded_in_jtag_master|normal.jtag_dc_streaming|sink_crosser|in_data_buffer[4]                                                                   ;
+---------+---------+----+--------+--------+---------------------+------------+-------------------------------------------------------------------------------------------------------------------------------------------------------------------------------------+

+------------------------------------------------------------------------------------------------------------------------------------------------------------------------------------------------------+
; Data Required Path                                                                                                                                                                                   ;
+---------+----------+----+--------+--------+---------------------+------------+-----------------------------------------------------------------------------------------------------------------------+
; Total   ; Incr     ; RF ; Type   ; Fanout ; Location            ; HS/LP      ; Element                                                                                                               ;
+---------+----------+----+--------+--------+---------------------+------------+-----------------------------------------------------------------------------------------------------------------------+
; 0.000   ; 0.000    ;    ;        ;        ;                     ;            ; latch edge time                                                                                                       ;
; 0.000   ; 0.000    ;    ; borrow ;        ;                     ;            ; time borrowed                                                                                                         ;
; 2.459   ; 2.459    ;    ;        ;        ;                     ;            ; clock path                                                                                                            ;
;   0.000 ;   0.000  ;    ;        ;        ;                     ;            ; source latency                                                                                                        ;
;   0.000 ;   0.000  ;    ;        ; 1      ; PIN_AM10            ;            ; CLK_50                                                                                                                ;
;   0.000 ;   0.000  ; RR ; IC     ; 1      ; IOIBUF_X148_Y16_N32 ;            ; CLK_50~input|i                                                                                                        ;
;   0.261 ;   0.261  ; RR ; CELL   ; 1      ; IOIBUF_X148_Y16_N32 ;            ; CLK_50~input|o                                                                                                        ;
;   0.336 ;   0.075  ; RR ; CELL   ; 1      ; IOIBUF_X148_Y16_N32 ;            ; CLK_50~input~io_48_lvds_tile_edge/ioclkin[0]                                                                          ;
;   0.336 ;   0.000  ; RR ; IC     ; 2      ; CLKCTRL_3A_G_I20    ;            ; CLK_50~inputCLKENA0|inclk                                                                                             ;
;   0.613 ;   0.277  ; RR ; CELL   ; 181963 ; CLKCTRL_3A_G_I20    ;            ; CLK_50~inputCLKENA0|outclk                                                                                            ;
;   2.675 ;   2.062  ; RR ; IC     ; 1      ; FF_X112_Y8_N22      ; High Speed ; System|master_0|master_0|jtag_phy_embedded_in_jtag_master|normal.jtag_dc_streaming|sink_crosser|in_data_buffer[4]|clk ;
;   2.675 ;   0.000  ; RR ; CELL   ; 1      ; FF_X112_Y8_N22      ; High Speed ; System|master_0|master_0|jtag_phy_embedded_in_jtag_master|normal.jtag_dc_streaming|sink_crosser|in_data_buffer[4]     ;
;   2.459 ;   -0.216 ;    ;        ;        ;                     ;            ; clock pessimism removed                                                                                               ;
; 2.459   ; 0.000    ;    ;        ;        ;                     ;            ; clock uncertainty                                                                                                     ;
; 2.521   ; 0.062    ;    ; uTh    ; 1      ; FF_X112_Y8_N22      ;            ; System|master_0|master_0|jtag_phy_embedded_in_jtag_master|normal.jtag_dc_streaming|sink_crosser|in_data_buffer[4]     ;
+---------+----------+----+--------+--------+---------------------+------------+-----------------------------------------------------------------------------------------------------------------------+



+------------------------------------------------------------------+
; Unconstrained Paths Summary                                      ;
+---------------------------------------------------+-------+------+
; Property                                          ; Setup ; Hold ;
+---------------------------------------------------+-------+------+
; Illegal Clocks                                    ; 0     ; 0    ;
; Unconstrained Clocks                              ; 1     ; 1    ;
; Unconstrained Input Ports                         ; 3     ; 3    ;
; Paths from Unconstrained Input Ports (Pairs-Only) ; 76    ; 76   ;
; Unconstrained Output Ports                        ; 5     ; 5    ;
; Paths to Unconstrained Output Ports (Pairs-Only)  ; 8     ; 8    ;
+---------------------------------------------------+-------+------+


+-----------------------------------------------------+
; Clock Status Summary                                ;
+---------------------+--------+------+---------------+
; Target              ; Clock  ; Type ; Status        ;
+---------------------+--------+------+---------------+
; altera_reserved_tck ;        ; Base ; Unconstrained ;
; CLK_50              ; CLK_50 ; Base ; Constrained   ;
+---------------------+--------+------+---------------+


+------------------------------------------------------------------------------------------------------------+
; Unconstrained Input Ports                                                                                  ;
+---------------------+--------------------------------------------------------------------------------------+
; Input Port          ; Comment                                                                              ;
+---------------------+--------------------------------------------------------------------------------------+
; BTN_RESET           ; Partially constrained                                                                ;
; altera_reserved_tdi ; No input delay, min/max delays, false-path exceptions, or max skew assignments found ;
; altera_reserved_tms ; No input delay, min/max delays, false-path exceptions, or max skew assignments found ;
+---------------------+--------------------------------------------------------------------------------------+


+-------------------------------------------------------------------------------------------------------------+
; Unconstrained Output Ports                                                                                  ;
+---------------------+---------------------------------------------------------------------------------------+
; Output Port         ; Comment                                                                               ;
+---------------------+---------------------------------------------------------------------------------------+
; LED_STATUS[0]       ; No output delay, min/max delays, false-path exceptions, or max skew assignments found ;
; LED_STATUS[1]       ; No output delay, min/max delays, false-path exceptions, or max skew assignments found ;
; LED_STATUS[2]       ; No output delay, min/max delays, false-path exceptions, or max skew assignments found ;
; LED_STATUS[3]       ; No output delay, min/max delays, false-path exceptions, or max skew assignments found ;
; altera_reserved_tdo ; No output delay, min/max delays, false-path exceptions, or max skew assignments found ;
+---------------------+---------------------------------------------------------------------------------------+


+------------------------------------------------------------------------------------------------------------+
; Unconstrained Input Ports                                                                                  ;
+---------------------+--------------------------------------------------------------------------------------+
; Input Port          ; Comment                                                                              ;
+---------------------+--------------------------------------------------------------------------------------+
; BTN_RESET           ; Partially constrained                                                                ;
; altera_reserved_tdi ; No input delay, min/max delays, false-path exceptions, or max skew assignments found ;
; altera_reserved_tms ; No input delay, min/max delays, false-path exceptions, or max skew assignments found ;
+---------------------+--------------------------------------------------------------------------------------+


+-------------------------------------------------------------------------------------------------------------+
; Unconstrained Output Ports                                                                                  ;
+---------------------+---------------------------------------------------------------------------------------+
; Output Port         ; Comment                                                                               ;
+---------------------+---------------------------------------------------------------------------------------+
; LED_STATUS[0]       ; No output delay, min/max delays, false-path exceptions, or max skew assignments found ;
; LED_STATUS[1]       ; No output delay, min/max delays, false-path exceptions, or max skew assignments found ;
; LED_STATUS[2]       ; No output delay, min/max delays, false-path exceptions, or max skew assignments found ;
; LED_STATUS[3]       ; No output delay, min/max delays, false-path exceptions, or max skew assignments found ;
; altera_reserved_tdo ; No output delay, min/max delays, false-path exceptions, or max skew assignments found ;
+---------------------+---------------------------------------------------------------------------------------+


-------------
; INI Usage ;
-------------
Nothing to report.


+-----------------------------------------------------------------------------+
; Multicorner Timing Analysis Summary                                         ;
+------------------+-------+-------+----------+---------+---------------------+
; Clock            ; Setup ; Hold  ; Recovery ; Removal ; Minimum Pulse Width ;
+------------------+-------+-------+----------+---------+---------------------+
; Worst-case Slack ; 8.067 ; 0.015 ; 14.510   ; 0.204   ; 9.431               ;
;  CLK_50          ; 8.067 ; 0.015 ; 14.510   ; 0.204   ; 9.431               ;
; Design-wide TNS  ; 0.0   ; 0.0   ; 0.0      ; 0.0     ; 0.0                 ;
;  CLK_50          ; 0.000 ; 0.000 ; 0.000    ; 0.000   ; 0.000               ;
+------------------+-------+-------+----------+---------+---------------------+


+--------------------------+
; Timing Analyzer Messages ;
+--------------------------+
Info (20030): Parallel compilation is enabled and will use 12 of the 12 processors detected
Info: *******************************************************************
Info: Running Quartus Prime Timing Analyzer
    Info: Version 24.1.0 Build 115 03/21/2024 SC Pro Edition
    Info: Processing started: Wed Mar  4 14:29:28 2026
    Info: System process ID: 19844
Info: Command: quartus_sta SummerResearchProject -c NonDPR --mode=finalize
Info: qsta_default_script.tcl version: #2
Info (16677): Loading final database.
Info (16734): Loading "final" snapshot for partition "root_partition".
Info (16734): Loading "final" snapshot for partition "auto_fab_0".
Info (16678): Successfully loaded final database: elapsed time is 00:00:05.
Warning (20846): The entity name "SummerResearchTopLevel" specified on the assignment "set_instance_assignment -name PARTITION top_level_systolic_array -to npu_core -entity SummerResearchTopLevel does not exist in the design".
Warning (20846): The entity name "SummerResearchTopLevel" specified on the assignment "set_instance_assignment -name PARTITION_COLOUR 4294937543 -to npu_core -entity SummerResearchTopLevel does not exist in the design".
Warning (20846): The entity name "SummerResearchTopLevel" specified on the assignment "set_instance_assignment -name PARTIAL_RECONFIGURATION_PARTITION ON -to npu_core -entity SummerResearchTopLevel does not exist in the design".
Info (21076): Core supply voltage operating condition is not set. Assuming a default value of '0.9V'.
Info (21077): Low junction temperature is 0 degrees C
Info (21077): High junction temperature is 100 degrees C
Info (332164): Evaluating HDL-embedded SDC commands
    Info (332165): Entity alt_jtag_atlantic
        Info (332166): set_false_path -from [get_registers {*|alt_jtag_atlantic:*|jupdate}] -to [get_registers {*|alt_jtag_atlantic:*|jupdate1*}] 
        Info (332166): set_false_path -from [get_registers {*|alt_jtag_atlantic:*|rdata[*]}] -to [get_registers {*|alt_jtag_atlantic*|td_shift[*]}]
        Info (332166): set_false_path -from [get_registers {*|alt_jtag_atlantic:*|read}] -to [get_registers {*|alt_jtag_atlantic:*|read1*}] 
        Info (332166): set_false_path -from [get_registers {*|alt_jtag_atlantic:*|read_req}]
        Info (332166): set_false_path -from [get_registers {*|alt_jtag_atlantic:*|rvalid}] -to [get_registers {*|alt_jtag_atlantic*|td_shift[*]}]
        Info (332166): set_false_path -from [get_registers {*|t_dav}] -to [get_registers {*|alt_jtag_atlantic:*|tck_t_dav}]
        Info (332166): set_false_path -from [get_registers {*|alt_jtag_atlantic:*|user_saw_rvalid}] -to [get_registers {*|alt_jtag_atlantic:*|rvalid0*}]
        Info (332166): set_false_path -from [get_registers {*|alt_jtag_atlantic:*|wdata[*]}] -to [get_registers {*}]
        Info (332166): set_false_path -from [get_registers {*|alt_jtag_atlantic:*|write}] -to [get_registers {*|alt_jtag_atlantic:*|write1*}] 
        Info (332166): set_false_path -from [get_registers {*|alt_jtag_atlantic:*|write_stalled}] -to [get_registers {*|alt_jtag_atlantic:*|t_ena*}]
        Info (332166): set_false_path -from [get_registers {*|alt_jtag_atlantic:*|write_stalled}] -to [get_registers {*|alt_jtag_atlantic:*|t_pause*}]
        Info (332166): set_false_path -from [get_registers {*|alt_jtag_atlantic:*|write_valid}]
    Info (332165): Entity altera_std_synchronizer
        Info (332166): set_false_path -to [get_keepers {*altera_std_synchronizer:*|din_s1}]
Info (19539): Reading the HDL-embedded SDC files elapsed 00:00:00.
Info (332104): Reading SDC File: 'NonDPR.out.sdc'
Info (332151): Clock uncertainty is not calculated until you update the timing netlist.
Warning (332174): Ignored filter at NonDPR.out.sdc(17): altera_reserved_tck could not be matched with a clock File: C:/Users/pchh520/Documents/GitHub/part-4-project/SummerResearch/quartus/NonDPR.out.sdc Line: 17
Warning (332054): Assignment set_clock_groups is accepted but has some problems at NonDPR.out.sdc(17): Argument -group with value [get_clocks {altera_reserved_tck}] contains zero elements File: C:/Users/pchh520/Documents/GitHub/part-4-project/SummerResearch/quartus/NonDPR.out.sdc Line: 17
    Info (332050): set_clock_groups -asynchronous -group [get_clocks {CLK_50}] -group [get_clocks {altera_reserved_tck}] File: C:/Users/pchh520/Documents/GitHub/part-4-project/SummerResearch/quartus/NonDPR.out.sdc Line: 17
Info (332104): Reading SDC File: 'ip/NonDPR/NonDPR_master_0/altera_jtag_dc_streaming_191/synth/altera_avalon_st_jtag_interface.sdc'
Info (18794): Reading SDC File: 'ip/NonDPR/NonDPR_master_0/altera_reset_controller_1922/synth/altera_reset_controller.sdc' for instance: 'System|master_0|master_0|rst_controller'
Info: Following instance found in the design -  System|master_0|master_0|rst_controller|*
Info (18794): Reading SDC File: 'ip/NonDPR/NonDPR_master_0/altera_reset_controller_1922/synth/altera_reset_controller.sdc' for instance: 'System|rst_controller'
Info: Following instance found in the design -  System|rst_controller|*
Info (18794): Reading SDC File: 'NonDPR/altera_reset_controller_1922/synth/altera_reset_controller.sdc' for instance: 'System|master_0|master_0|rst_controller'
Info: Following instance found in the design -  System|master_0|master_0|rst_controller|*
Info (18794): Reading SDC File: 'NonDPR/altera_reset_controller_1922/synth/altera_reset_controller.sdc' for instance: 'System|rst_controller'
Info: Following instance found in the design -  System|rst_controller|*
Info (18794): Reading SDC File: 'ip/NonDPR/NonDPR_intel_niosv_g_0/altera_reset_controller_1922/synth/altera_reset_controller.sdc' for instance: 'System|master_0|master_0|rst_controller'
Info: Following instance found in the design -  System|master_0|master_0|rst_controller|*
Info (18794): Reading SDC File: 'ip/NonDPR/NonDPR_intel_niosv_g_0/altera_reset_controller_1922/synth/altera_reset_controller.sdc' for instance: 'System|rst_controller'
Info: Following instance found in the design -  System|rst_controller|*
Info (332104): Reading SDC File: 'ip/NonDPR/NonDPR_intel_niosv_g_0/intel_niosv_dbg_mod_210/synth/altera_avalon_st_handshake_clock_crosser.sdc'
Info (332104): Reading SDC File: 'ip/NonDPR/NonDPR_intel_niosv_g_0/intel_niosv_dbg_mod_210/synth/altera_reset_controller.sdc'
Info: Following instance found in the design -  
Info (332104): Reading SDC File: 'C:/Users/pchh520/Documents/GitHub/part-4-project/SummerResearch/quartus/dni/sandboxes/EN433358_22460_0/sld/default_jtag.sdc'
Info (19449): Reading SDC files elapsed 00:00:02.
Warning (332060): Node: altera_reserved_tck was determined to be a clock but was found without an associated clock assignment.
    Info (13166): Register System|intel_niosv_g_0|intel_niosv_g_0|dbg_mod|dtm_inst|read_rsp_pndg is being clocked by altera_reserved_tck
Info (332123): Deriving Clock Uncertainty. Please refer to report_sdc in the Timing Analyzer to see clock uncertainties.
Info: Found TIMING_ANALYZER_REPORT_SCRIPT_INCLUDE_DEFAULT_ANALYSIS = ON
Info (332146): Worst-case setup slack is 8.067
    Info (332119):     Slack       End Point TNS Failing End Points      Clock Worst-Case Operating Conditions 
    Info (332119): ========= =================== ========= ========== ===================== 
    Info (332119):     8.067               0.000         0     CLK_50 Slow 900mV 100C Model 
Info (332146): Worst-case hold slack is 0.015
    Info (332119):     Slack       End Point TNS Failing End Points      Clock Worst-Case Operating Conditions 
    Info (332119): ========= =================== ========= ========== ===================== 
    Info (332119):     0.015               0.000         0     CLK_50   Fast 900mV 0C Model 
Info (332146): Worst-case recovery slack is 14.510
    Info (332119):     Slack       End Point TNS Failing End Points      Clock Worst-Case Operating Conditions 
    Info (332119): ========= =================== ========= ========== ===================== 
    Info (332119):    14.510               0.000         0     CLK_50   Slow 900mV 0C Model 
Info (332146): Worst-case removal slack is 0.204
    Info (332119):     Slack       End Point TNS Failing End Points      Clock Worst-Case Operating Conditions 
    Info (332119): ========= =================== ========= ========== ===================== 
    Info (332119):     0.204               0.000         0     CLK_50   Fast 900mV 0C Model 
Info (332140): No Setup paths to report
Info (332140): No Recovery paths to report
Info (332146): Worst-case minimum pulse width slack is 9.431
    Info (332119):     Slack       End Point TNS Failing End Points      Clock Worst-Case Operating Conditions 
    Info (332119): ========= =================== ========= ========== ===================== 
    Info (332119):     9.431               0.000         0     CLK_50   Slow 900mV 0C Model 
Warning (17897): No destination clock period was found satisfying the set_net_delay assignment from "[get_registers {System|master_0|master_0|jtag_phy_embedded_in_jtag_master|normal.jtag_dc_streaming|sink_crosser|in_data_buffer*}]" to "[get_registers {System|master_0|master_0|jtag_phy_embedded_in_jtag_master|normal.jtag_dc_streaming|sink_crosser|out_data_buffer*}]". The assignment at location altera_avalon_st_handshake_clock_crosser.sdc:83 is invalid.
Warning (17897): No destination clock period was found satisfying the set_net_delay assignment from "[get_registers {System|master_0|master_0|jtag_phy_embedded_in_jtag_master|normal.jtag_dc_streaming|sink_crosser|in_data_toggle}]" to "[get_registers {System|master_0|master_0|jtag_phy_embedded_in_jtag_master|normal.jtag_dc_streaming|sink_crosser|in_to_out_synchronizer|din_s1}]". The assignment at location altera_avalon_st_handshake_clock_crosser.sdc:100 is invalid.
Warning (17897): No destination clock period was found satisfying the set_net_delay assignment from "[get_registers {System|intel_niosv_g_0|intel_niosv_g_0|dbg_mod|dtm_inst|rsp_clk_xer|clock_xer|in_data_buffer*}]" to "[get_registers {System|intel_niosv_g_0|intel_niosv_g_0|dbg_mod|dtm_inst|rsp_clk_xer|clock_xer|out_data_buffer*}]". The assignment at location altera_avalon_st_handshake_clock_crosser.sdc:83 is invalid.
Warning (17897): No destination clock period was found satisfying the set_net_delay assignment from "[get_registers {System|intel_niosv_g_0|intel_niosv_g_0|dbg_mod|dtm_inst|rsp_clk_xer|clock_xer|in_data_toggle}]" to "[get_registers {System|intel_niosv_g_0|intel_niosv_g_0|dbg_mod|dtm_inst|rsp_clk_xer|clock_xer|in_to_out_synchronizer|din_s1}]". The assignment at location altera_avalon_st_handshake_clock_crosser.sdc:100 is invalid.
Warning (17897): No destination clock period was found satisfying the set_net_delay assignment from "[get_registers {System|intel_niosv_g_0|intel_niosv_g_0|dbg_mod|dtm_inst|cmd_clk_xer|clock_xer|out_data_toggle_flopped_n}]" to "[get_registers {System|intel_niosv_g_0|intel_niosv_g_0|dbg_mod|dtm_inst|cmd_clk_xer|clock_xer|out_to_in_synchronizer|din_s1}]". The assignment at location altera_avalon_st_handshake_clock_crosser.sdc:118 is invalid.
Info (332114): Report Metastability (Slow 900mV 100C Model): Found 9 synchronizer chains.
    Info (332114): Worst-Case MTBF of Design is 1e+09 years or 3.15e+16 seconds.
    Info (332114): Typical MTBF of Design is 1e+09 years or 3.15e+16 seconds.

    Info (332114): MTBF(design) = 1 / SUM(1 / MTBF(synchronizer chain))

    Info (332114): Number of Synchronizer Chains Found: 9
    Info (332114): Shortest Synchronizer Chain: 2 Registers
    Info (332114): Number of Chains For Which MTBFs Could Not be Calculated Due to Timing Violations: 0, or 0.0%.
    Info (332114): Number of Chains Excluded from MTBF Analysis: 5, or 55.6%
    Info (332114): Worst Case Available Settling Time: 37.601 ns

    Info (332114): Worst-Case MTBF values are calculated based on the worst-case silicon characteristics, with worst-case operating conditions.
    Info (332114):   - Under worst-case conditions, an increase of 100ps in available settling time will increase MTBF values by a factor of 288.8
    Info (332114): Typical MTBF values are calculated based on the nominal silicon characteristics, at nominal operating conditions.
    Info (332114):   - Under typical conditions, an increase of 100ps in available settling time will increase MTBF values by a factor of 4590.3
Info (332114): Report Metastability (Slow 900mV 0C Model): Found 9 synchronizer chains.
    Info (332114): Worst-Case MTBF of Design is 1e+09 years or 3.15e+16 seconds.
    Info (332114): Typical MTBF of Design is 1e+09 years or 3.15e+16 seconds.

    Info (332114): MTBF(design) = 1 / SUM(1 / MTBF(synchronizer chain))

    Info (332114): Number of Synchronizer Chains Found: 9
    Info (332114): Shortest Synchronizer Chain: 2 Registers
    Info (332114): Number of Chains For Which MTBFs Could Not be Calculated Due to Timing Violations: 0, or 0.0%.
    Info (332114): Number of Chains Excluded from MTBF Analysis: 5, or 55.6%
    Info (332114): Worst Case Available Settling Time: 37.701 ns

    Info (332114): Worst-Case MTBF values are calculated based on the worst-case silicon characteristics, with worst-case operating conditions.
    Info (332114):   - Under worst-case conditions, an increase of 100ps in available settling time will increase MTBF values by a factor of 78.2
    Info (332114): Typical MTBF values are calculated based on the nominal silicon characteristics, at nominal operating conditions.
    Info (332114):   - Under typical conditions, an increase of 100ps in available settling time will increase MTBF values by a factor of 4590.3
Info (332114): Report Metastability (Fast 900mV 100C Model): Found 9 synchronizer chains.
    Info (332114): Worst-Case MTBF of Design is 1e+09 years or 3.15e+16 seconds.
    Info (332114): Typical MTBF of Design is 1e+09 years or 3.15e+16 seconds.

    Info (332114): MTBF(design) = 1 / SUM(1 / MTBF(synchronizer chain))

    Info (332114): Number of Synchronizer Chains Found: 9
    Info (332114): Shortest Synchronizer Chain: 2 Registers
    Info (332114): Number of Chains For Which MTBFs Could Not be Calculated Due to Timing Violations: 0, or 0.0%.
    Info (332114): Number of Chains Excluded from MTBF Analysis: 5, or 55.6%
    Info (332114): Worst Case Available Settling Time: 38.405 ns

    Info (332114): Worst-Case MTBF values are calculated based on the worst-case silicon characteristics, with worst-case operating conditions.
    Info (332114):   - Under worst-case conditions, an increase of 100ps in available settling time will increase MTBF values by a factor of 288.8
    Info (332114): Typical MTBF values are calculated based on the nominal silicon characteristics, at nominal operating conditions.
    Info (332114):   - Under typical conditions, an increase of 100ps in available settling time will increase MTBF values by a factor of 4590.3
Info (332114): Report Metastability (Fast 900mV 0C Model): Found 9 synchronizer chains.
    Info (332114): Worst-Case MTBF of Design is 1e+09 years or 3.15e+16 seconds.
    Info (332114): Typical MTBF of Design is 1e+09 years or 3.15e+16 seconds.

    Info (332114): MTBF(design) = 1 / SUM(1 / MTBF(synchronizer chain))

    Info (332114): Number of Synchronizer Chains Found: 9
    Info (332114): Shortest Synchronizer Chain: 2 Registers
    Info (332114): Number of Chains For Which MTBFs Could Not be Calculated Due to Timing Violations: 0, or 0.0%.
    Info (332114): Number of Chains Excluded from MTBF Analysis: 5, or 55.6%
    Info (332114): Worst Case Available Settling Time: 38.629 ns

    Info (332114): Worst-Case MTBF values are calculated based on the worst-case silicon characteristics, with worst-case operating conditions.
    Info (332114):   - Under worst-case conditions, an increase of 100ps in available settling time will increase MTBF values by a factor of 78.2
    Info (332114): Typical MTBF values are calculated based on the nominal silicon characteristics, at nominal operating conditions.
    Info (332114):   - Under typical conditions, an increase of 100ps in available settling time will increase MTBF values by a factor of 4590.3
Info (332102): Design is not fully constrained for setup requirements
Info (332102): Design is not fully constrained for hold requirements
Info (24095): Timing requirements were met
Info: Quartus Prime Timing Analyzer was successful. 0 errors, 11 warnings
    Info: Peak virtual memory: 5262 megabytes
    Info: Processing ended: Wed Mar  4 14:29:50 2026
    Info: Elapsed time: 00:00:22
    Info: System process ID: 19844
Info (19538): Reading SDC files took 00:00:02 cumulatively in this process.


