model,layer,layer_idx,tile,orig_m,orig_n,orig_k,m,n,k,config,sa_size,sparsity,orig_macs,eff_macs,mac_reduction,cycles,cpu_us,match
mobilenetv2,Multiply_11810,0,1,32,32,32,32,15,5,0,32,0.8853,65536,4800,0.9268,50,45.1,True
mobilenetv2,Multiply_11810,0,2,32,32,32,32,13,5,0,32,0.8901,65536,4160,0.9365,48,95.0,True
mobilenetv2,Multiply_11810,0,3,32,32,32,32,18,5,0,32,0.8779,65536,5760,0.9121,53,161.7,True
mobilenetv2,Multiply_11810,0,4,32,32,32,32,20,5,0,32,0.873,65536,6400,0.9023,55,161.7,True
mobilenetv2,Multiply_11810,0,5,32,32,32,32,10,5,0,32,0.8975,65536,3200,0.9512,45,40.2,True
mobilenetv2,Multiply_11810,0,6,32,32,32,32,15,5,0,32,0.8853,65536,4800,0.9268,50,56.1,True
mobilenetv2,Multiply_11810,0,7,32,32,32,32,18,5,0,32,0.8779,65536,5760,0.9121,53,178.3,True
mobilenetv2,Multiply_11810,0,8,32,32,32,32,22,5,0,32,0.8682,65536,7040,0.8926,57,39.0,True
mobilenetv2,Multiply_11810,0,9,32,32,32,32,18,5,0,32,0.8779,65536,5760,0.9121,53,39.5,True
mobilenetv2,Multiply_11810,0,10,32,32,32,32,16,5,0,32,0.8828,65536,5120,0.9219,51,40.1,True
mobilenetv2,Multiply_11810,0,11,32,32,32,32,20,5,0,32,0.873,65536,6400,0.9023,55,38.4,True
mobilenetv2,Multiply_11810,0,12,32,32,32,32,17,5,0,32,0.8804,65536,5440,0.917,52,38.7,True
mobilenetv2,Multiply_11810,0,13,32,32,32,32,18,5,0,32,0.8779,65536,5760,0.9121,53,39.1,True
mobilenetv2,Multiply_11810,0,14,32,32,32,32,13,5,0,32,0.8901,65536,4160,0.9365,48,38.0,True
mobilenetv2,Multiply_11810,0,15,32,32,32,32,13,5,0,32,0.8901,65536,4160,0.9365,48,38.9,True
mobilenetv2,Multiply_11810,0,16,32,32,32,32,19,5,0,32,0.8755,65536,6080,0.9072,54,73.0,True
mobilenetv2,Multiply_11810,0,17,32,32,32,32,16,5,0,32,0.8828,65536,5120,0.9219,51,38.4,True
mobilenetv2,Multiply_11810,0,18,32,32,32,32,14,5,0,32,0.8877,65536,4480,0.9316,49,199.4,True
mobilenetv2,Multiply_11810,0,19,32,32,32,32,19,5,0,32,0.8755,65536,6080,0.9072,54,40.9,True
mobilenetv2,Multiply_11810,0,20,32,32,32,32,17,5,0,32,0.8804,65536,5440,0.917,52,38.8,True
mobilenetv2,Multiply_11810,0,21,32,32,32,32,19,5,0,32,0.8755,65536,6080,0.9072,54,94.4,True
mobilenetv2,Multiply_11810,0,22,32,32,32,32,20,5,0,32,0.873,65536,6400,0.9023,55,57.8,True
mobilenetv2,Multiply_11810,0,23,32,32,32,32,15,5,0,32,0.8853,65536,4800,0.9268,50,40.9,True
mobilenetv2,Multiply_11810,0,24,32,32,32,32,25,5,0,32,0.8608,65536,8000,0.8779,60,169.2,True
mobilenetv2,Multiply_11810,0,25,32,32,32,32,15,5,0,32,0.8853,65536,4800,0.9268,50,38.7,True
mobilenetv2,Multiply_11810,0,26,32,32,32,32,22,5,0,32,0.8682,65536,7040,0.8926,57,38.9,True
mobilenetv2,Multiply_11810,0,27,32,32,32,32,20,5,0,32,0.873,65536,6400,0.9023,55,47.0,True
mobilenetv2,Multiply_11810,0,28,32,32,32,32,17,5,0,32,0.8804,65536,5440,0.917,52,120.0,True
mobilenetv2,Multiply_11810,0,29,32,32,32,32,17,5,0,32,0.8804,65536,5440,0.917,52,43.0,True
mobilenetv2,Multiply_11810,0,30,32,32,32,32,19,5,0,32,0.8755,65536,6080,0.9072,54,83.2,True
mobilenetv2,Multiply_11810,0,31,32,32,32,32,20,5,0,32,0.873,65536,6400,0.9023,55,54.2,True
mobilenetv2,Multiply_11810,0,32,32,32,32,32,23,5,0,32,0.8657,65536,7360,0.8877,58,81.8,True
mobilenetv2,Multiply_11810,0,33,32,32,32,32,15,5,0,32,0.8853,65536,4800,0.9268,50,39.0,True
mobilenetv2,Multiply_11810,0,34,32,32,32,32,16,5,0,32,0.8828,65536,5120,0.9219,51,58.7,True
mobilenetv2,Multiply_11810,0,35,32,32,32,32,18,5,0,32,0.8779,65536,5760,0.9121,53,39.0,True
mobilenetv2,Multiply_11810,0,36,32,32,32,32,17,5,0,32,0.8804,65536,5440,0.917,52,39.5,True
mobilenetv2,Multiply_11810,0,37,32,32,32,32,14,5,0,32,0.8877,65536,4480,0.9316,49,46.7,True
mobilenetv2,Multiply_11810,0,38,32,32,32,32,20,5,0,32,0.873,65536,6400,0.9023,55,54.8,True
mobilenetv2,Multiply_11810,0,39,32,32,32,32,20,5,0,32,0.873,65536,6400,0.9023,55,39.1,True
mobilenetv2,Multiply_11810,0,40,32,32,32,32,21,5,0,32,0.8706,65536,6720,0.8975,56,53.2,True
mobilenetv2,Multiply_11810,0,41,17,32,32,17,15,5,0,32,0.898,34816,2550,0.9268,35,24.9,True
mobilenetv2,Multiply_11810,0,42,17,32,32,17,13,5,0,32,0.9043,34816,2210,0.9365,33,23.9,True
mobilenetv2,Multiply_11810,0,43,17,32,32,17,18,5,0,32,0.8884,34816,3060,0.9121,38,23.0,True
mobilenetv2,Multiply_11810,0,44,17,32,32,17,20,5,0,32,0.882,34816,3400,0.9023,40,61.4,True
mobilenetv2,Multiply_11810,0,45,17,32,32,17,10,5,0,32,0.9139,34816,1700,0.9512,30,22.6,True
mobilenetv2,Multiply_11810,0,46,17,32,32,17,15,5,0,32,0.898,34816,2550,0.9268,35,96.3,True
mobilenetv2,Multiply_11810,0,47,17,32,32,17,18,5,0,32,0.8884,34816,3060,0.9121,38,40.4,True
mobilenetv2,Multiply_11810,0,48,17,32,32,17,22,5,0,32,0.8756,34816,3740,0.8926,42,28.2,True
mobilenetv2,Multiply_11810,0,49,17,32,32,17,18,5,0,32,0.8884,34816,3060,0.9121,38,75.3,True
mobilenetv2,Multiply_11810,0,50,17,32,32,17,16,5,0,32,0.8948,34816,2720,0.9219,36,23.0,True
mobilenetv2,Multiply_11810,0,51,17,32,32,17,20,5,0,32,0.882,34816,3400,0.9023,40,32.2,True
mobilenetv2,Multiply_11810,0,52,17,32,32,17,17,5,0,32,0.8916,34816,2890,0.917,37,33.7,True
mobilenetv2,Multiply_11810,0,53,17,32,32,17,18,5,0,32,0.8884,34816,3060,0.9121,38,22.8,True
mobilenetv2,Multiply_11810,0,54,17,32,32,17,13,5,0,32,0.9043,34816,2210,0.9365,33,28.6,True
mobilenetv2,Multiply_11810,0,55,17,32,32,17,13,5,0,32,0.9043,34816,2210,0.9365,33,115.3,True
mobilenetv2,Multiply_11810,0,56,17,32,32,17,19,5,0,32,0.8852,34816,3230,0.9072,39,22.8,True
mobilenetv2,Multiply_11810,0,57,17,32,32,17,16,5,0,32,0.8948,34816,2720,0.9219,36,80.1,True
mobilenetv2,Multiply_11810,0,58,17,32,32,17,14,5,0,32,0.9011,34816,2380,0.9316,34,23.6,True
mobilenetv2,Multiply_11810,0,59,17,32,32,17,19,5,0,32,0.8852,34816,3230,0.9072,39,46.2,True
mobilenetv2,Multiply_11810,0,60,17,32,32,17,17,5,0,32,0.8916,34816,2890,0.917,37,27.8,True
mobilenetv2,Multiply_11810,0,61,17,32,32,17,19,5,0,32,0.8852,34816,3230,0.9072,39,24.0,True
mobilenetv2,Multiply_11810,0,62,17,32,32,17,20,5,0,32,0.882,34816,3400,0.9023,40,116.7,True
mobilenetv2,Multiply_11810,0,63,17,32,32,17,15,5,0,32,0.898,34816,2550,0.9268,35,26.7,True
mobilenetv2,Multiply_11810,0,64,17,32,32,17,25,5,0,32,0.8661,34816,4250,0.8779,45,124.3,True
mobilenetv2,Multiply_11810,0,65,17,32,32,17,15,5,0,32,0.898,34816,2550,0.9268,35,33.7,True
mobilenetv2,Multiply_11810,0,66,17,32,32,17,22,5,0,32,0.8756,34816,3740,0.8926,42,29.0,True
mobilenetv2,Multiply_11810,0,67,17,32,32,17,20,5,0,32,0.882,34816,3400,0.9023,40,71.0,True
mobilenetv2,Multiply_11810,0,68,17,32,32,17,17,5,0,32,0.8916,34816,2890,0.917,37,34.1,True
mobilenetv2,Multiply_11810,0,69,17,32,32,17,17,5,0,32,0.8916,34816,2890,0.917,37,114.4,True
mobilenetv2,Multiply_11810,0,70,17,32,32,17,19,5,0,32,0.8852,34816,3230,0.9072,39,104.1,True
mobilenetv2,Multiply_11810,0,71,17,32,32,17,20,5,0,32,0.882,34816,3400,0.9023,40,27.7,True
mobilenetv2,Multiply_11810,0,72,17,32,32,17,23,5,0,32,0.8724,34816,3910,0.8877,43,29.4,True
mobilenetv2,Multiply_11810,0,73,17,32,32,17,15,5,0,32,0.898,34816,2550,0.9268,35,22.5,True
mobilenetv2,Multiply_11810,0,74,17,32,32,17,16,5,0,32,0.8948,34816,2720,0.9219,36,22.9,True
mobilenetv2,Multiply_11810,0,75,17,32,32,17,18,5,0,32,0.8884,34816,3060,0.9121,38,23.2,True
mobilenetv2,Multiply_11810,0,76,17,32,32,17,17,5,0,32,0.8916,34816,2890,0.917,37,23.6,True
mobilenetv2,Multiply_11810,0,77,17,32,32,17,14,5,0,32,0.9011,34816,2380,0.9316,34,23.0,True
mobilenetv2,Multiply_11810,0,78,17,32,32,17,20,5,0,32,0.882,34816,3400,0.9023,40,24.0,True
mobilenetv2,Multiply_11810,0,79,17,32,32,17,20,5,0,32,0.882,34816,3400,0.9023,40,23.5,True
mobilenetv2,Multiply_11810,0,80,17,32,32,17,21,5,0,32,0.8788,34816,3570,0.8975,41,23.5,True
mobilenetv2,Multiply_11803,1,1,32,32,32,32,18,9,0,32,0.7803,65536,10368,0.8418,57,42.4,True
mobilenetv2,Multiply_11803,1,2,32,32,32,32,15,9,0,32,0.7935,65536,8640,0.8682,54,40.3,True
mobilenetv2,Multiply_11803,1,3,32,32,32,32,14,9,0,32,0.7979,65536,8064,0.877,53,44.1,True
mobilenetv2,Multiply_11803,1,4,32,32,32,32,19,9,0,32,0.7759,65536,10944,0.833,58,38.4,True
mobilenetv2,Multiply_11803,1,5,32,32,32,32,19,9,0,32,0.7759,65536,10944,0.833,58,107.7,True
mobilenetv2,Multiply_11803,1,6,32,32,32,32,17,9,0,32,0.7847,65536,9792,0.8506,56,38.5,True
mobilenetv2,Multiply_11803,1,7,32,32,32,32,17,9,0,32,0.7847,65536,9792,0.8506,56,39.3,True
mobilenetv2,Multiply_11803,1,8,32,32,32,32,19,9,0,32,0.7759,65536,10944,0.833,58,40.0,True
mobilenetv2,Multiply_11803,1,9,32,32,32,32,22,9,0,32,0.7627,65536,12672,0.8066,61,178.1,True
mobilenetv2,Multiply_11803,1,10,32,32,32,32,16,9,0,32,0.7891,65536,9216,0.8594,55,40.9,True
mobilenetv2,Multiply_11803,1,11,17,32,32,17,18,9,0,32,0.7991,34816,5508,0.8418,42,22.0,True
mobilenetv2,Multiply_11803,1,12,17,32,32,17,15,9,0,32,0.8163,34816,4590,0.8682,39,70.8,True
mobilenetv2,Multiply_11803,1,13,17,32,32,17,14,9,0,32,0.8221,34816,4284,0.877,38,24.2,True
mobilenetv2,Multiply_11803,1,14,17,32,32,17,19,9,0,32,0.7934,34816,5814,0.833,43,81.2,True
mobilenetv2,Multiply_11803,1,15,17,32,32,17,19,9,0,32,0.7934,34816,5814,0.833,43,23.8,True
mobilenetv2,Multiply_11803,1,16,17,32,32,17,17,9,0,32,0.8048,34816,5202,0.8506,41,23.2,True
mobilenetv2,Multiply_11803,1,17,17,32,32,17,17,9,0,32,0.8048,34816,5202,0.8506,41,29.4,True
mobilenetv2,Multiply_11803,1,18,17,32,32,17,19,9,0,32,0.7934,34816,5814,0.833,43,23.5,True
mobilenetv2,Multiply_11803,1,19,17,32,32,17,22,9,0,32,0.7761,34816,6732,0.8066,46,22.9,True
mobilenetv2,Multiply_11803,1,20,17,32,32,17,16,9,0,32,0.8106,34816,4896,0.8594,40,105.3,True
mobilenetv2,Multiply_11789,2,1,32,32,32,18,21,7,0,32,0.8667,65536,5292,0.9193,44,47.9,True
mobilenetv2,Multiply_11789,2,2,32,32,32,18,15,7,0,32,0.8872,65536,3780,0.9423,38,39.7,True
mobilenetv2,Multiply_11789,2,3,32,32,32,18,18,7,0,32,0.877,65536,4536,0.9308,41,39.0,True
mobilenetv2,Multiply_11789,2,4,32,32,32,18,16,7,0,32,0.8838,65536,4032,0.9385,39,39.6,True
mobilenetv2,Multiply_11789,2,5,32,32,32,18,20,7,0,32,0.8701,65536,5040,0.9231,43,39.7,True
mobilenetv2,Multiply_11789,2,6,32,32,32,18,15,7,0,32,0.8872,65536,3780,0.9423,38,39.6,True
mobilenetv2,Multiply_11789,2,7,32,32,32,18,19,7,0,32,0.8735,65536,4788,0.9269,42,43.7,True
mobilenetv2,Multiply_11789,2,8,32,32,32,18,19,7,0,32,0.8735,65536,4788,0.9269,42,178.0,True
mobilenetv2,Multiply_11789,2,9,32,32,32,18,18,7,0,32,0.877,65536,4536,0.9308,41,38.9,True
mobilenetv2,Multiply_11789,2,10,32,32,32,18,14,7,0,32,0.8906,65536,3528,0.9462,37,46.9,True
mobilenetv2,Multiply_11789,2,11,32,32,32,18,13,7,0,32,0.894,65536,3276,0.95,36,48.1,True
mobilenetv2,Multiply_11789,2,12,32,32,32,18,17,7,0,32,0.8804,65536,4284,0.9346,40,39.0,True
mobilenetv2,Multiply_11789,2,13,32,32,32,18,19,7,0,32,0.8735,65536,4788,0.9269,42,40.2,True
mobilenetv2,Multiply_11789,2,14,32,32,32,18,15,7,0,32,0.8872,65536,3780,0.9423,38,39.2,True
mobilenetv2,Multiply_11789,2,15,32,32,32,18,17,7,0,32,0.8804,65536,4284,0.9346,40,38.8,True
mobilenetv2,Multiply_11789,2,16,32,32,32,18,12,7,0,32,0.8975,65536,3024,0.9539,35,39.5,True
mobilenetv2,Multiply_11789,2,17,32,32,32,18,16,7,0,32,0.8838,65536,4032,0.9385,39,41.9,True
mobilenetv2,Multiply_11789,2,18,32,32,32,18,20,7,0,32,0.8701,65536,5040,0.9231,43,38.7,True
mobilenetv2,Multiply_11789,2,19,32,32,32,18,20,7,0,32,0.8701,65536,5040,0.9231,43,52.6,True
mobilenetv2,Multiply_11789,2,20,32,32,32,18,18,7,0,32,0.877,65536,4536,0.9308,41,86.6,True
mobilenetv2,Multiply_11789,2,21,32,32,32,18,20,7,0,32,0.8701,65536,5040,0.9231,43,106.2,True
mobilenetv2,Multiply_11789,2,22,32,32,32,18,17,7,0,32,0.8804,65536,4284,0.9346,40,38.9,True
mobilenetv2,Multiply_11789,2,23,32,32,32,18,19,7,0,32,0.8735,65536,4788,0.9269,42,38.7,True
mobilenetv2,Multiply_11789,2,24,32,32,32,18,22,7,0,32,0.8633,65536,5544,0.9154,45,128.2,True
mobilenetv2,Multiply_11789,2,25,32,32,32,18,18,7,0,32,0.877,65536,4536,0.9308,41,175.7,True
mobilenetv2,Multiply_11789,2,26,32,32,32,18,15,7,0,32,0.8872,65536,3780,0.9423,38,51.0,True
mobilenetv2,Multiply_11789,2,27,32,32,32,18,23,7,0,32,0.8599,65536,5796,0.9116,46,38.2,True
mobilenetv2,Multiply_11789,2,28,32,32,32,18,17,7,0,32,0.8804,65536,4284,0.9346,40,38.6,True
mobilenetv2,Multiply_11789,2,29,32,32,32,18,19,7,0,32,0.8735,65536,4788,0.9269,42,52.1,True
mobilenetv2,Multiply_11789,2,30,32,32,32,18,16,7,0,32,0.8838,65536,4032,0.9385,39,37.8,True
mobilenetv2,Multiply_11789,2,31,17,32,32,11,21,5,0,32,0.898,34816,2310,0.9337,35,67.2,True
mobilenetv2,Multiply_11789,2,32,17,32,32,11,15,5,1,16,0.9171,34816,1650,0.9526,29,94.9,True
mobilenetv2,Multiply_11789,2,33,17,32,32,11,18,5,0,32,0.9075,34816,1980,0.9431,32,23.0,True
mobilenetv2,Multiply_11789,2,34,17,32,32,11,16,5,1,16,0.9139,34816,1760,0.9494,30,115.6,True
mobilenetv2,Multiply_11789,2,35,17,32,32,11,20,5,0,32,0.9011,34816,2200,0.9368,34,23.0,True
mobilenetv2,Multiply_11789,2,36,17,32,32,11,15,5,1,16,0.9171,34816,1650,0.9526,29,23.5,True
mobilenetv2,Multiply_11789,2,37,17,32,32,11,19,5,0,32,0.9043,34816,2090,0.94,33,401.2,True
mobilenetv2,Multiply_11789,2,38,17,32,32,11,19,5,0,32,0.9043,34816,2090,0.94,33,23.8,True
mobilenetv2,Multiply_11789,2,39,17,32,32,11,18,5,0,32,0.9075,34816,1980,0.9431,32,23.8,True
mobilenetv2,Multiply_11789,2,40,17,32,32,11,14,5,1,16,0.9203,34816,1540,0.9558,28,22.8,True
mobilenetv2,Multiply_11789,2,41,17,32,32,11,13,5,1,16,0.9235,34816,1430,0.9589,27,88.4,True
mobilenetv2,Multiply_11789,2,42,17,32,32,11,17,5,0,32,0.9107,34816,1870,0.9463,31,43.7,True
mobilenetv2,Multiply_11789,2,43,17,32,32,11,19,5,0,32,0.9043,34816,2090,0.94,33,27.4,True
mobilenetv2,Multiply_11789,2,44,17,32,32,11,15,5,1,16,0.9171,34816,1650,0.9526,29,22.6,True
mobilenetv2,Multiply_11789,2,45,17,32,32,11,17,5,0,32,0.9107,34816,1870,0.9463,31,26.2,True
mobilenetv2,Multiply_11789,2,46,17,32,32,11,12,5,1,16,0.9267,34816,1320,0.9621,26,109.8,True
mobilenetv2,Multiply_11789,2,47,17,32,32,11,16,5,1,16,0.9139,34816,1760,0.9494,30,62.4,True
mobilenetv2,Multiply_11789,2,48,17,32,32,11,20,5,0,32,0.9011,34816,2200,0.9368,34,23.4,True
mobilenetv2,Multiply_11789,2,49,17,32,32,11,20,5,0,32,0.9011,34816,2200,0.9368,34,23.1,True
mobilenetv2,Multiply_11789,2,50,17,32,32,11,18,5,0,32,0.9075,34816,1980,0.9431,32,23.5,True
mobilenetv2,Multiply_11789,2,51,17,32,32,11,20,5,0,32,0.9011,34816,2200,0.9368,34,23.2,True
mobilenetv2,Multiply_11789,2,52,17,32,32,11,17,5,0,32,0.9107,34816,1870,0.9463,31,35.5,True
mobilenetv2,Multiply_11789,2,53,17,32,32,11,19,5,0,32,0.9043,34816,2090,0.94,33,115.1,True
mobilenetv2,Multiply_11789,2,54,17,32,32,11,22,5,0,32,0.8948,34816,2420,0.9305,36,115.4,True
mobilenetv2,Multiply_11789,2,55,17,32,32,11,18,5,0,32,0.9075,34816,1980,0.9431,32,22.8,True
mobilenetv2,Multiply_11789,2,56,17,32,32,11,15,5,1,16,0.9171,34816,1650,0.9526,29,23.4,True
mobilenetv2,Multiply_11789,2,57,17,32,32,11,23,5,0,32,0.8916,34816,2530,0.9273,37,23.0,True
mobilenetv2,Multiply_11789,2,58,17,32,32,11,17,5,0,32,0.9107,34816,1870,0.9463,31,23.4,True
mobilenetv2,Multiply_11789,2,59,17,32,32,11,19,5,0,32,0.9043,34816,2090,0.94,33,39.9,True
mobilenetv2,Multiply_11789,2,60,17,32,32,11,16,5,1,16,0.9139,34816,1760,0.9494,30,86.6,True
mobilenetv2,Multiply_11782,3,1,32,32,32,32,19,9,0,32,0.7759,65536,10944,0.833,58,48.7,True
mobilenetv2,Multiply_11782,3,2,32,32,32,32,22,9,0,32,0.7627,65536,12672,0.8066,61,38.5,True
mobilenetv2,Multiply_11782,3,3,32,32,32,32,14,9,0,32,0.7979,65536,8064,0.877,53,42.0,True
mobilenetv2,Multiply_11782,3,4,32,32,32,32,15,9,0,32,0.7935,65536,8640,0.8682,54,41.3,True
mobilenetv2,Multiply_11782,3,5,32,32,32,32,18,9,0,32,0.7803,65536,10368,0.8418,57,44.8,True
mobilenetv2,Multiply_11782,3,6,17,32,32,17,19,9,0,32,0.7934,34816,5814,0.833,43,28.5,True
mobilenetv2,Multiply_11782,3,7,17,32,32,17,22,9,0,32,0.7761,34816,6732,0.8066,46,22.9,True
mobilenetv2,Multiply_11782,3,8,17,32,32,17,14,9,0,32,0.8221,34816,4284,0.877,38,23.4,True
mobilenetv2,Multiply_11782,3,9,17,32,32,17,15,9,0,32,0.8163,34816,4590,0.8682,39,22.4,True
mobilenetv2,Multiply_11782,3,10,17,32,32,17,18,9,0,32,0.7991,34816,5508,0.8418,42,23.6,True
mobilenetv2,Multiply_11768,4,1,32,32,32,32,14,7,0,32,0.8428,65536,6272,0.9043,51,38.3,True
mobilenetv2,Multiply_11768,4,2,32,32,32,32,19,7,0,32,0.8257,65536,8512,0.8701,56,38.7,True
mobilenetv2,Multiply_11768,4,3,32,32,32,32,20,7,0,32,0.8223,65536,8960,0.8633,57,40.0,True
mobilenetv2,Multiply_11768,4,4,32,32,32,32,18,7,0,32,0.8291,65536,8064,0.877,55,39.7,True
mobilenetv2,Multiply_11768,4,5,32,32,32,32,17,7,0,32,0.8325,65536,7616,0.8838,54,38.9,True
mobilenetv2,Multiply_11768,4,6,32,32,32,32,14,7,0,32,0.8428,65536,6272,0.9043,51,39.8,True
mobilenetv2,Multiply_11768,4,7,32,32,32,32,17,7,0,32,0.8325,65536,7616,0.8838,54,43.9,True
mobilenetv2,Multiply_11768,4,8,32,32,32,32,23,7,0,32,0.812,65536,10304,0.8428,60,55.0,True
mobilenetv2,Multiply_11768,4,9,32,32,32,32,16,7,0,32,0.8359,65536,7168,0.8906,53,37.9,True
mobilenetv2,Multiply_11768,4,10,32,32,32,32,21,7,0,32,0.8188,65536,9408,0.8564,58,41.2,True
mobilenetv2,Multiply_11768,4,11,32,32,32,32,17,7,0,32,0.8325,65536,7616,0.8838,54,299.3,True
mobilenetv2,Multiply_11768,4,12,32,32,32,32,19,7,0,32,0.8257,65536,8512,0.8701,56,45.9,True
mobilenetv2,Multiply_11768,4,13,32,32,32,32,17,7,0,32,0.8325,65536,7616,0.8838,54,39.4,True
mobilenetv2,Multiply_11768,4,14,32,32,32,32,16,7,0,32,0.8359,65536,7168,0.8906,53,38.5,True
mobilenetv2,Multiply_11768,4,15,32,32,32,32,17,7,0,32,0.8325,65536,7616,0.8838,54,56.8,True
mobilenetv2,Multiply_11768,4,16,32,32,32,32,17,7,0,32,0.8325,65536,7616,0.8838,54,38.5,True
mobilenetv2,Multiply_11768,4,17,32,32,32,32,22,7,0,32,0.8154,65536,9856,0.8496,59,48.9,True
mobilenetv2,Multiply_11768,4,18,32,32,32,32,15,7,0,32,0.8394,65536,6720,0.8975,52,39.6,True
mobilenetv2,Multiply_11768,4,19,32,32,32,32,18,7,0,32,0.8291,65536,8064,0.877,55,178.3,True
mobilenetv2,Multiply_11768,4,20,32,32,32,32,16,7,0,32,0.8359,65536,7168,0.8906,53,44.2,True
mobilenetv2,Multiply_11768,4,21,32,32,32,32,19,7,0,32,0.8257,65536,8512,0.8701,56,39.7,True
mobilenetv2,Multiply_11768,4,22,32,32,32,32,17,7,0,32,0.8325,65536,7616,0.8838,54,48.0,True
mobilenetv2,Multiply_11768,4,23,32,32,32,32,17,7,0,32,0.8325,65536,7616,0.8838,54,39.0,True
mobilenetv2,Multiply_11768,4,24,32,32,32,32,17,7,0,32,0.8325,65536,7616,0.8838,54,39.6,True
mobilenetv2,Multiply_11768,4,25,32,32,32,32,20,7,0,32,0.8223,65536,8960,0.8633,57,112.5,True
mobilenetv2,Multiply_11768,4,26,32,32,32,32,15,7,0,32,0.8394,65536,6720,0.8975,52,39.1,True
mobilenetv2,Multiply_11768,4,27,32,32,32,32,17,7,0,32,0.8325,65536,7616,0.8838,54,39.0,True
mobilenetv2,Multiply_11768,4,28,32,32,32,32,15,7,0,32,0.8394,65536,6720,0.8975,52,71.8,True
mobilenetv2,Multiply_11768,4,29,32,32,32,32,20,7,0,32,0.8223,65536,8960,0.8633,57,38.9,True
mobilenetv2,Multiply_11768,4,30,32,32,32,32,18,7,0,32,0.8291,65536,8064,0.877,55,40.6,True
mobilenetv2,Multiply_11768,4,31,17,32,32,17,14,8,0,32,0.8418,34816,3808,0.8906,37,21.8,True
mobilenetv2,Multiply_11768,4,32,17,32,32,17,19,8,0,32,0.8163,34816,5168,0.8516,42,23.5,True
mobilenetv2,Multiply_11768,4,33,17,32,32,17,20,8,0,32,0.8112,34816,5440,0.8438,43,26.2,True
mobilenetv2,Multiply_11768,4,34,17,32,32,17,18,8,0,32,0.8214,34816,4896,0.8594,41,22.6,True
mobilenetv2,Multiply_11768,4,35,17,32,32,17,17,8,0,32,0.8265,34816,4624,0.8672,40,23.7,True
mobilenetv2,Multiply_11768,4,36,17,32,32,17,14,8,0,32,0.8418,34816,3808,0.8906,37,23.6,True
mobilenetv2,Multiply_11768,4,37,17,32,32,17,17,8,0,32,0.8265,34816,4624,0.8672,40,38.8,True
mobilenetv2,Multiply_11768,4,38,17,32,32,17,23,8,0,32,0.7959,34816,6256,0.8203,46,27.7,True
mobilenetv2,Multiply_11768,4,39,17,32,32,17,16,8,0,32,0.8316,34816,4352,0.875,39,23.3,True
mobilenetv2,Multiply_11768,4,40,17,32,32,17,21,8,0,32,0.8061,34816,5712,0.8359,44,23.0,True
mobilenetv2,Multiply_11768,4,41,17,32,32,17,17,8,0,32,0.8265,34816,4624,0.8672,40,22.8,True
mobilenetv2,Multiply_11768,4,42,17,32,32,17,19,8,0,32,0.8163,34816,5168,0.8516,42,23.5,True
mobilenetv2,Multiply_11768,4,43,17,32,32,17,17,8,0,32,0.8265,34816,4624,0.8672,40,22.7,True
mobilenetv2,Multiply_11768,4,44,17,32,32,17,16,8,0,32,0.8316,34816,4352,0.875,39,23.3,True
mobilenetv2,Multiply_11768,4,45,17,32,32,17,17,8,0,32,0.8265,34816,4624,0.8672,40,51.3,True
mobilenetv2,Multiply_11768,4,46,17,32,32,17,17,8,0,32,0.8265,34816,4624,0.8672,40,23.6,True
mobilenetv2,Multiply_11768,4,47,17,32,32,17,22,8,0,32,0.801,34816,5984,0.8281,45,24.8,True
mobilenetv2,Multiply_11768,4,48,17,32,32,17,15,8,0,32,0.8367,34816,4080,0.8828,38,23.1,True
mobilenetv2,Multiply_11768,4,49,17,32,32,17,18,8,0,32,0.8214,34816,4896,0.8594,41,33.0,True
mobilenetv2,Multiply_11768,4,50,17,32,32,17,16,8,0,32,0.8316,34816,4352,0.875,39,105.9,True
mobilenetv2,Multiply_11768,4,51,17,32,32,17,19,8,0,32,0.8163,34816,5168,0.8516,42,37.4,True
mobilenetv2,Multiply_11768,4,52,17,32,32,17,17,8,0,32,0.8265,34816,4624,0.8672,40,23.4,True
mobilenetv2,Multiply_11768,4,53,17,32,32,17,17,8,0,32,0.8265,34816,4624,0.8672,40,23.2,True
mobilenetv2,Multiply_11768,4,54,17,32,32,17,17,8,0,32,0.8265,34816,4624,0.8672,40,22.3,True
mobilenetv2,Multiply_11768,4,55,17,32,32,17,20,8,0,32,0.8112,34816,5440,0.8438,43,22.9,True
mobilenetv2,Multiply_11768,4,56,17,32,32,17,15,8,0,32,0.8367,34816,4080,0.8828,38,22.9,True
mobilenetv2,Multiply_11768,4,57,17,32,32,17,17,8,0,32,0.8265,34816,4624,0.8672,40,42.6,True
mobilenetv2,Multiply_11768,4,58,17,32,32,17,15,8,0,32,0.8367,34816,4080,0.8828,38,23.3,True
mobilenetv2,Multiply_11768,4,59,17,32,32,17,20,8,0,32,0.8112,34816,5440,0.8438,43,23.1,True
mobilenetv2,Multiply_11768,4,60,17,32,32,17,18,8,0,32,0.8214,34816,4896,0.8594,41,80.3,True
mobilenetv2,Multiply_11761,5,1,32,32,32,32,18,12,0,32,0.707,65536,13824,0.7891,60,39.3,True
mobilenetv2,Multiply_11761,5,2,32,32,32,32,14,12,0,32,0.7305,65536,10752,0.8359,56,39.5,True
mobilenetv2,Multiply_11761,5,3,32,32,32,32,16,12,0,32,0.7188,65536,12288,0.8125,58,106.6,True
mobilenetv2,Multiply_11761,5,4,32,32,32,32,19,12,0,32,0.7012,65536,14592,0.7773,61,47.0,True
mobilenetv2,Multiply_11761,5,5,32,32,32,32,21,12,0,32,0.6895,65536,16128,0.7539,63,39.3,True
mobilenetv2,Multiply_11761,5,6,17,32,32,17,18,12,0,32,0.7321,34816,7344,0.7891,45,24.2,True
mobilenetv2,Multiply_11761,5,7,17,32,32,17,14,12,0,32,0.7628,34816,5712,0.8359,41,22.8,True
mobilenetv2,Multiply_11761,5,8,17,32,32,17,16,12,0,32,0.7474,34816,6528,0.8125,43,23.2,True
mobilenetv2,Multiply_11761,5,9,17,32,32,17,19,12,0,32,0.7245,34816,7752,0.7773,46,23.3,True
mobilenetv2,Multiply_11761,5,10,17,32,32,17,21,12,0,32,0.7092,34816,8568,0.7539,48,23.7,True
mobilenetv2,Multiply_11747,6,1,32,32,32,32,23,13,0,32,0.6509,65536,19136,0.708,66,39.7,True
mobilenetv2,Multiply_11747,6,2,32,32,32,32,18,13,0,32,0.6826,65536,14976,0.7715,61,41.4,True
mobilenetv2,Multiply_11747,6,3,32,32,32,32,20,13,0,32,0.6699,65536,16640,0.7461,63,38.7,True
mobilenetv2,Multiply_11747,6,4,32,32,32,32,16,13,0,32,0.6953,65536,13312,0.7969,59,58.0,True
mobilenetv2,Multiply_11747,6,5,32,32,32,32,17,13,0,32,0.689,65536,14144,0.7842,60,132.0,True
mobilenetv2,Multiply_11747,6,6,32,32,32,32,17,13,0,32,0.689,65536,14144,0.7842,60,58.6,True
mobilenetv2,Multiply_11747,6,7,32,32,32,32,20,13,0,32,0.6699,65536,16640,0.7461,63,39.0,True
mobilenetv2,Multiply_11747,6,8,32,32,32,32,16,13,0,32,0.6953,65536,13312,0.7969,59,76.4,True
mobilenetv2,Multiply_11747,6,9,32,32,32,32,20,13,0,32,0.6699,65536,16640,0.7461,63,38.7,True
mobilenetv2,Multiply_11747,6,10,32,32,32,32,21,13,0,32,0.6636,65536,17472,0.7334,64,38.5,True
mobilenetv2,Multiply_11747,6,11,32,32,32,32,18,13,0,32,0.6826,65536,14976,0.7715,61,100.6,True
mobilenetv2,Multiply_11747,6,12,32,32,32,32,19,13,0,32,0.6763,65536,15808,0.7588,62,47.9,True
mobilenetv2,Multiply_11747,6,13,32,32,32,32,21,13,0,32,0.6636,65536,17472,0.7334,64,90.5,True
mobilenetv2,Multiply_11747,6,14,32,32,32,32,17,13,0,32,0.689,65536,14144,0.7842,60,39.1,True
mobilenetv2,Multiply_11747,6,15,32,32,32,32,14,13,0,32,0.708,65536,11648,0.8223,57,39.3,True
mobilenetv2,Multiply_11747,6,16,32,32,32,32,15,13,0,32,0.7017,65536,12480,0.8096,58,41.0,True
mobilenetv2,Multiply_11747,6,17,32,32,32,32,15,13,0,32,0.7017,65536,12480,0.8096,58,39.3,True
mobilenetv2,Multiply_11747,6,18,32,32,32,32,17,13,0,32,0.689,65536,14144,0.7842,60,38.7,True
mobilenetv2,Multiply_11747,6,19,32,32,32,32,15,13,0,32,0.7017,65536,12480,0.8096,58,44.7,True
mobilenetv2,Multiply_11747,6,20,32,32,32,32,18,13,0,32,0.6826,65536,14976,0.7715,61,50.3,True
mobilenetv2,Multiply_11747,6,21,32,32,32,32,14,13,0,32,0.708,65536,11648,0.8223,57,65.2,True
mobilenetv2,Multiply_11747,6,22,32,32,32,32,18,13,0,32,0.6826,65536,14976,0.7715,61,189.8,True
mobilenetv2,Multiply_11747,6,23,32,32,32,32,20,13,0,32,0.6699,65536,16640,0.7461,63,58.5,True
mobilenetv2,Multiply_11747,6,24,32,32,32,32,17,13,0,32,0.689,65536,14144,0.7842,60,51.5,True
mobilenetv2,Multiply_11747,6,25,32,32,32,32,14,13,0,32,0.708,65536,11648,0.8223,57,38.0,True
mobilenetv2,Multiply_11747,6,26,32,32,32,32,16,13,0,32,0.6953,65536,13312,0.7969,59,46.2,True
mobilenetv2,Multiply_11747,6,27,32,32,32,32,20,13,0,32,0.6699,65536,16640,0.7461,63,47.5,True
mobilenetv2,Multiply_11747,6,28,32,32,32,32,17,13,0,32,0.689,65536,14144,0.7842,60,42.6,True
mobilenetv2,Multiply_11747,6,29,32,32,32,32,18,13,0,32,0.6826,65536,14976,0.7715,61,39.6,True
mobilenetv2,Multiply_11747,6,30,32,32,32,32,17,13,0,32,0.689,65536,14144,0.7842,60,146.1,True
mobilenetv2,Multiply_11747,6,31,17,32,32,17,23,11,0,32,0.7194,34816,8602,0.7529,49,29.5,True
mobilenetv2,Multiply_11747,6,32,17,32,32,17,18,11,0,32,0.7545,34816,6732,0.8066,44,48.2,True
mobilenetv2,Multiply_11747,6,33,17,32,32,17,20,11,0,32,0.7404,34816,7480,0.7852,46,23.0,True
mobilenetv2,Multiply_11747,6,34,17,32,32,17,16,11,0,32,0.7685,34816,5984,0.8281,42,34.1,True
mobilenetv2,Multiply_11747,6,35,17,32,32,17,17,11,0,32,0.7615,34816,6358,0.8174,43,23.8,True
mobilenetv2,Multiply_11747,6,36,17,32,32,17,17,11,0,32,0.7615,34816,6358,0.8174,43,32.9,True
mobilenetv2,Multiply_11747,6,37,17,32,32,17,20,11,0,32,0.7404,34816,7480,0.7852,46,37.1,True
mobilenetv2,Multiply_11747,6,38,17,32,32,17,16,11,0,32,0.7685,34816,5984,0.8281,42,23.0,True
mobilenetv2,Multiply_11747,6,39,17,32,32,17,20,11,0,32,0.7404,34816,7480,0.7852,46,45.2,True
mobilenetv2,Multiply_11747,6,40,17,32,32,17,21,11,0,32,0.7334,34816,7854,0.7744,47,39.2,True
mobilenetv2,Multiply_11747,6,41,17,32,32,17,18,11,0,32,0.7545,34816,6732,0.8066,44,23.0,True
mobilenetv2,Multiply_11747,6,42,17,32,32,17,19,11,0,32,0.7474,34816,7106,0.7959,45,23.1,True
mobilenetv2,Multiply_11747,6,43,17,32,32,17,21,11,0,32,0.7334,34816,7854,0.7744,47,35.2,True
mobilenetv2,Multiply_11747,6,44,17,32,32,17,17,11,0,32,0.7615,34816,6358,0.8174,43,23.1,True
mobilenetv2,Multiply_11747,6,45,17,32,32,17,14,11,0,32,0.7825,34816,5236,0.8496,40,23.5,True
mobilenetv2,Multiply_11747,6,46,17,32,32,17,15,11,0,32,0.7755,34816,5610,0.8389,41,48.7,True
mobilenetv2,Multiply_11747,6,47,17,32,32,17,15,11,0,32,0.7755,34816,5610,0.8389,41,23.0,True
mobilenetv2,Multiply_11747,6,48,17,32,32,17,17,11,0,32,0.7615,34816,6358,0.8174,43,23.3,True
mobilenetv2,Multiply_11747,6,49,17,32,32,17,15,11,0,32,0.7755,34816,5610,0.8389,41,105.1,True
mobilenetv2,Multiply_11747,6,50,17,32,32,17,18,11,0,32,0.7545,34816,6732,0.8066,44,31.5,True
mobilenetv2,Multiply_11747,6,51,17,32,32,17,14,11,0,32,0.7825,34816,5236,0.8496,40,23.9,True
mobilenetv2,Multiply_11747,6,52,17,32,32,17,18,11,0,32,0.7545,34816,6732,0.8066,44,275.0,True
mobilenetv2,Multiply_11747,6,53,17,32,32,17,20,11,0,32,0.7404,34816,7480,0.7852,46,27.4,True
mobilenetv2,Multiply_11747,6,54,17,32,32,17,17,11,0,32,0.7615,34816,6358,0.8174,43,24.1,True
mobilenetv2,Multiply_11747,6,55,17,32,32,17,14,11,0,32,0.7825,34816,5236,0.8496,40,23.5,True
mobilenetv2,Multiply_11747,6,56,17,32,32,17,16,11,0,32,0.7685,34816,5984,0.8281,42,23.2,True
mobilenetv2,Multiply_11747,6,57,17,32,32,17,20,11,0,32,0.7404,34816,7480,0.7852,46,25.6,True
mobilenetv2,Multiply_11747,6,58,17,32,32,17,17,11,0,32,0.7615,34816,6358,0.8174,43,23.7,True
mobilenetv2,Multiply_11747,6,59,17,32,32,17,18,11,0,32,0.7545,34816,6732,0.8066,44,23.7,True
mobilenetv2,Multiply_11747,6,60,17,32,32,17,17,11,0,32,0.7615,34816,6358,0.8174,43,32.5,True
mobilenetv2,Multiply_11740,7,1,32,32,32,32,16,11,0,32,0.7422,65536,11264,0.8281,57,49.8,True
mobilenetv2,Multiply_11740,7,2,32,32,32,32,22,11,0,32,0.71,65536,15488,0.7637,63,40.8,True
mobilenetv2,Multiply_11740,7,3,32,32,32,32,15,11,0,32,0.7476,65536,10560,0.8389,56,38.7,True
mobilenetv2,Multiply_11740,7,4,32,32,32,32,17,11,0,32,0.7368,65536,11968,0.8174,58,39.5,True
mobilenetv2,Multiply_11740,7,5,32,32,32,32,18,11,0,32,0.7314,65536,12672,0.8066,59,38.7,True
mobilenetv2,Multiply_11740,7,6,17,32,32,17,16,9,0,32,0.8106,34816,4896,0.8594,40,27.4,True
mobilenetv2,Multiply_11740,7,7,17,32,32,17,22,9,0,32,0.7761,34816,6732,0.8066,46,23.2,True
mobilenetv2,Multiply_11740,7,8,17,32,32,17,15,9,0,32,0.8163,34816,4590,0.8682,39,31.5,True
mobilenetv2,Multiply_11740,7,9,17,32,32,17,17,9,0,32,0.8048,34816,5202,0.8506,41,36.3,True
mobilenetv2,Multiply_11740,7,10,17,32,32,17,18,9,0,32,0.7991,34816,5508,0.8418,42,24.6,True
mobilenetv2,Multiply_11726,8,1,32,32,32,32,16,10,0,32,0.7656,65536,10240,0.8438,56,39.2,True
mobilenetv2,Multiply_11726,8,2,32,32,32,32,21,10,0,32,0.7412,65536,13440,0.7949,61,39.5,True
mobilenetv2,Multiply_11726,8,3,32,32,32,32,18,10,0,32,0.7559,65536,11520,0.8242,58,39.4,True
mobilenetv2,Multiply_11726,8,4,32,32,32,32,22,10,0,32,0.7363,65536,14080,0.7852,62,39.7,True
mobilenetv2,Multiply_11726,8,5,32,32,32,32,22,10,0,32,0.7363,65536,14080,0.7852,62,39.2,True
mobilenetv2,Multiply_11726,8,6,32,32,32,32,19,10,0,32,0.751,65536,12160,0.8145,59,210.5,True
mobilenetv2,Multiply_11726,8,7,32,32,32,32,15,10,0,32,0.7705,65536,9600,0.8535,55,40.0,True
mobilenetv2,Multiply_11726,8,8,32,32,32,32,17,10,0,32,0.7607,65536,10880,0.834,57,39.4,True
mobilenetv2,Multiply_11726,8,9,32,32,32,32,21,10,0,32,0.7412,65536,13440,0.7949,61,38.9,True
mobilenetv2,Multiply_11726,8,10,32,32,32,32,14,10,0,32,0.7754,65536,8960,0.8633,54,45.6,True
mobilenetv2,Multiply_11726,8,11,32,32,32,32,17,10,0,32,0.7607,65536,10880,0.834,57,138.5,True
mobilenetv2,Multiply_11726,8,12,32,32,32,32,18,10,0,32,0.7559,65536,11520,0.8242,58,163.4,True
mobilenetv2,Multiply_11726,8,13,32,32,32,32,18,10,0,32,0.7559,65536,11520,0.8242,58,45.8,True
mobilenetv2,Multiply_11726,8,14,32,32,32,32,13,10,0,32,0.7803,65536,8320,0.873,53,38.7,True
mobilenetv2,Multiply_11726,8,15,32,32,32,32,15,10,0,32,0.7705,65536,9600,0.8535,55,56.0,True
mobilenetv2,Multiply_11726,8,16,32,32,32,32,20,10,0,32,0.7461,65536,12800,0.8047,60,38.7,True
mobilenetv2,Multiply_11726,8,17,32,32,32,32,17,10,0,32,0.7607,65536,10880,0.834,57,67.5,True
mobilenetv2,Multiply_11726,8,18,32,32,32,32,14,10,0,32,0.7754,65536,8960,0.8633,54,43.9,True
mobilenetv2,Multiply_11726,8,19,32,32,32,32,16,7,0,32,0.8359,65536,7168,0.8906,53,59.2,True
mobilenetv2,Multiply_11726,8,20,32,32,32,32,21,7,0,32,0.8188,65536,9408,0.8564,58,40.0,True
mobilenetv2,Multiply_11726,8,21,32,32,32,32,18,7,0,32,0.8291,65536,8064,0.877,55,39.3,True
mobilenetv2,Multiply_11726,8,22,32,32,32,32,22,7,0,32,0.8154,65536,9856,0.8496,59,40.7,True
mobilenetv2,Multiply_11726,8,23,32,32,32,32,22,7,0,32,0.8154,65536,9856,0.8496,59,39.0,True
mobilenetv2,Multiply_11726,8,24,32,32,32,32,19,7,0,32,0.8257,65536,8512,0.8701,56,39.7,True
mobilenetv2,Multiply_11726,8,25,32,32,32,32,15,7,0,32,0.8394,65536,6720,0.8975,52,100.9,True
mobilenetv2,Multiply_11726,8,26,32,32,32,32,17,7,0,32,0.8325,65536,7616,0.8838,54,69.9,True
mobilenetv2,Multiply_11726,8,27,32,32,32,32,21,7,0,32,0.8188,65536,9408,0.8564,58,39.2,True
mobilenetv2,Multiply_11726,8,28,32,32,32,32,14,7,0,32,0.8428,65536,6272,0.9043,51,38.9,True
mobilenetv2,Multiply_11726,8,29,32,32,32,32,17,7,0,32,0.8325,65536,7616,0.8838,54,94.9,True
mobilenetv2,Multiply_11726,8,30,32,32,32,32,18,7,0,32,0.8291,65536,8064,0.877,55,112.2,True
mobilenetv2,Multiply_11726,8,31,32,32,32,32,18,7,0,32,0.8291,65536,8064,0.877,55,56.5,True
mobilenetv2,Multiply_11726,8,32,32,32,32,32,13,7,0,32,0.8462,65536,5824,0.9111,50,37.8,True
mobilenetv2,Multiply_11726,8,33,32,32,32,32,15,7,0,32,0.8394,65536,6720,0.8975,52,38.3,True
mobilenetv2,Multiply_11726,8,34,32,32,32,32,20,7,0,32,0.8223,65536,8960,0.8633,57,37.8,True
mobilenetv2,Multiply_11726,8,35,32,32,32,32,17,7,0,32,0.8325,65536,7616,0.8838,54,228.6,True
mobilenetv2,Multiply_11726,8,36,32,32,32,32,14,7,0,32,0.8428,65536,6272,0.9043,51,42.3,True
mobilenetv2,Multiply_11726,8,37,32,32,32,32,16,7,0,32,0.8359,65536,7168,0.8906,53,40.5,True
mobilenetv2,Multiply_11726,8,38,32,32,32,32,21,7,0,32,0.8188,65536,9408,0.8564,58,85.9,True
mobilenetv2,Multiply_11726,8,39,32,32,32,32,18,7,0,32,0.8291,65536,8064,0.877,55,38.7,True
mobilenetv2,Multiply_11726,8,40,32,32,32,32,22,7,0,32,0.8154,65536,9856,0.8496,59,39.3,True
mobilenetv2,Multiply_11726,8,41,32,32,32,32,22,7,0,32,0.8154,65536,9856,0.8496,59,39.4,True
mobilenetv2,Multiply_11726,8,42,32,32,32,32,19,7,0,32,0.8257,65536,8512,0.8701,56,163.2,True
mobilenetv2,Multiply_11726,8,43,32,32,32,32,15,7,0,32,0.8394,65536,6720,0.8975,52,302.4,True
mobilenetv2,Multiply_11726,8,44,32,32,32,32,17,7,0,32,0.8325,65536,7616,0.8838,54,39.2,True
mobilenetv2,Multiply_11726,8,45,32,32,32,32,21,7,0,32,0.8188,65536,9408,0.8564,58,43.9,True
mobilenetv2,Multiply_11726,8,46,32,32,32,32,14,7,0,32,0.8428,65536,6272,0.9043,51,39.1,True
mobilenetv2,Multiply_11726,8,47,32,32,32,32,17,7,0,32,0.8325,65536,7616,0.8838,54,185.1,True
mobilenetv2,Multiply_11726,8,48,32,32,32,32,18,7,0,32,0.8291,65536,8064,0.877,55,39.6,True
mobilenetv2,Multiply_11726,8,49,32,32,32,32,18,7,0,32,0.8291,65536,8064,0.877,55,39.1,True
mobilenetv2,Multiply_11726,8,50,32,32,32,32,13,7,0,32,0.8462,65536,5824,0.9111,50,38.8,True
mobilenetv2,Multiply_11726,8,51,32,32,32,32,15,7,0,32,0.8394,65536,6720,0.8975,52,39.9,True
mobilenetv2,Multiply_11726,8,52,32,32,32,32,20,7,0,32,0.8223,65536,8960,0.8633,57,77.7,True
mobilenetv2,Multiply_11726,8,53,32,32,32,32,17,7,0,32,0.8325,65536,7616,0.8838,54,39.9,True
mobilenetv2,Multiply_11726,8,54,32,32,32,32,14,7,0,32,0.8428,65536,6272,0.9043,51,40.6,True
mobilenetv2,Multiply_11726,8,55,32,32,32,32,16,7,0,32,0.8359,65536,7168,0.8906,53,125.5,True
mobilenetv2,Multiply_11726,8,56,32,32,32,32,21,7,0,32,0.8188,65536,9408,0.8564,58,159.4,True
mobilenetv2,Multiply_11726,8,57,32,32,32,32,18,7,0,32,0.8291,65536,8064,0.877,55,39.3,True
mobilenetv2,Multiply_11726,8,58,32,32,32,32,22,7,0,32,0.8154,65536,9856,0.8496,59,53.0,True
mobilenetv2,Multiply_11726,8,59,32,32,32,32,22,7,0,32,0.8154,65536,9856,0.8496,59,38.9,True
mobilenetv2,Multiply_11726,8,60,32,32,32,32,19,7,0,32,0.8257,65536,8512,0.8701,56,44.7,True
mobilenetv2,Multiply_11726,8,61,32,32,32,32,15,7,0,32,0.8394,65536,6720,0.8975,52,115.1,True
mobilenetv2,Multiply_11726,8,62,32,32,32,32,17,7,0,32,0.8325,65536,7616,0.8838,54,58.5,True
mobilenetv2,Multiply_11726,8,63,32,32,32,32,21,7,0,32,0.8188,65536,9408,0.8564,58,39.2,True
mobilenetv2,Multiply_11726,8,64,32,32,32,32,14,7,0,32,0.8428,65536,6272,0.9043,51,38.7,True
mobilenetv2,Multiply_11726,8,65,32,32,32,32,17,7,0,32,0.8325,65536,7616,0.8838,54,39.0,True
mobilenetv2,Multiply_11726,8,66,32,32,32,32,18,7,0,32,0.8291,65536,8064,0.877,55,39.3,True
mobilenetv2,Multiply_11726,8,67,32,32,32,32,18,7,0,32,0.8291,65536,8064,0.877,55,111.5,True
mobilenetv2,Multiply_11726,8,68,32,32,32,32,13,7,0,32,0.8462,65536,5824,0.9111,50,137.5,True
mobilenetv2,Multiply_11726,8,69,32,32,32,32,15,7,0,32,0.8394,65536,6720,0.8975,52,69.1,True
mobilenetv2,Multiply_11726,8,70,32,32,32,32,20,7,0,32,0.8223,65536,8960,0.8633,57,38.6,True
mobilenetv2,Multiply_11726,8,71,32,32,32,32,17,7,0,32,0.8325,65536,7616,0.8838,54,64.3,True
mobilenetv2,Multiply_11726,8,72,32,32,32,32,14,7,0,32,0.8428,65536,6272,0.9043,51,178.4,True
mobilenetv2,Multiply_11726,8,73,32,32,32,32,16,7,0,32,0.8359,65536,7168,0.8906,53,41.6,True
mobilenetv2,Multiply_11726,8,74,32,32,32,32,21,7,0,32,0.8188,65536,9408,0.8564,58,119.9,True
mobilenetv2,Multiply_11726,8,75,32,32,32,32,18,7,0,32,0.8291,65536,8064,0.877,55,74.4,True
mobilenetv2,Multiply_11726,8,76,32,32,32,32,22,7,0,32,0.8154,65536,9856,0.8496,59,40.5,True
mobilenetv2,Multiply_11726,8,77,32,32,32,32,22,7,0,32,0.8154,65536,9856,0.8496,59,38.4,True
mobilenetv2,Multiply_11726,8,78,32,32,32,32,19,7,0,32,0.8257,65536,8512,0.8701,56,55.1,True
mobilenetv2,Multiply_11726,8,79,32,32,32,32,15,7,0,32,0.8394,65536,6720,0.8975,52,39.3,True
mobilenetv2,Multiply_11726,8,80,32,32,32,32,17,7,0,32,0.8325,65536,7616,0.8838,54,462.6,True
mobilenetv2,Multiply_11726,8,81,32,32,32,32,21,7,0,32,0.8188,65536,9408,0.8564,58,120.3,True
mobilenetv2,Multiply_11726,8,82,32,32,32,32,14,7,0,32,0.8428,65536,6272,0.9043,51,38.5,True
mobilenetv2,Multiply_11726,8,83,32,32,32,32,17,7,0,32,0.8325,65536,7616,0.8838,54,38.9,True
mobilenetv2,Multiply_11726,8,84,32,32,32,32,18,7,0,32,0.8291,65536,8064,0.877,55,40.6,True
mobilenetv2,Multiply_11726,8,85,32,32,32,32,18,7,0,32,0.8291,65536,8064,0.877,55,38.9,True
mobilenetv2,Multiply_11726,8,86,32,32,32,32,13,7,0,32,0.8462,65536,5824,0.9111,50,195.3,True
mobilenetv2,Multiply_11726,8,87,32,32,32,32,15,7,0,32,0.8394,65536,6720,0.8975,52,39.1,True
mobilenetv2,Multiply_11726,8,88,32,32,32,32,20,7,0,32,0.8223,65536,8960,0.8633,57,38.9,True
mobilenetv2,Multiply_11726,8,89,32,32,32,32,17,7,0,32,0.8325,65536,7616,0.8838,54,58.5,True
mobilenetv2,Multiply_11726,8,90,32,32,32,32,14,7,0,32,0.8428,65536,6272,0.9043,51,66.9,True
mobilenetv2,Multiply_11726,8,91,32,32,32,32,16,9,0,32,0.7891,65536,9216,0.8594,55,43.4,True
mobilenetv2,Multiply_11726,8,92,32,32,32,32,21,9,0,32,0.7671,65536,12096,0.8154,60,166.3,True
mobilenetv2,Multiply_11726,8,93,32,32,32,32,18,9,0,32,0.7803,65536,10368,0.8418,57,38.6,True
mobilenetv2,Multiply_11726,8,94,32,32,32,32,22,9,0,32,0.7627,65536,12672,0.8066,61,39.0,True
mobilenetv2,Multiply_11726,8,95,32,32,32,32,22,9,0,32,0.7627,65536,12672,0.8066,61,38.6,True
mobilenetv2,Multiply_11726,8,96,32,32,32,32,19,9,0,32,0.7759,65536,10944,0.833,58,38.9,True
mobilenetv2,Multiply_11726,8,97,32,32,32,32,15,9,0,32,0.7935,65536,8640,0.8682,54,81.8,True
mobilenetv2,Multiply_11726,8,98,32,32,32,32,17,9,0,32,0.7847,65536,9792,0.8506,56,39.2,True
mobilenetv2,Multiply_11726,8,99,32,32,32,32,21,9,0,32,0.7671,65536,12096,0.8154,60,170.8,True
mobilenetv2,Multiply_11726,8,100,32,32,32,32,14,9,0,32,0.7979,65536,8064,0.877,53,51.6,True
mobilenetv2,Multiply_11726,8,101,32,32,32,32,17,9,0,32,0.7847,65536,9792,0.8506,56,38.8,True
mobilenetv2,Multiply_11726,8,102,32,32,32,32,18,9,0,32,0.7803,65536,10368,0.8418,57,41.8,True
mobilenetv2,Multiply_11726,8,103,32,32,32,32,18,9,0,32,0.7803,65536,10368,0.8418,57,39.8,True
mobilenetv2,Multiply_11726,8,104,32,32,32,32,13,9,0,32,0.8022,65536,7488,0.8857,52,38.8,True
mobilenetv2,Multiply_11726,8,105,32,32,32,32,15,9,0,32,0.7935,65536,8640,0.8682,54,63.0,True
mobilenetv2,Multiply_11726,8,106,32,32,32,32,20,9,0,32,0.7715,65536,11520,0.8242,59,38.6,True
mobilenetv2,Multiply_11726,8,107,32,32,32,32,17,9,0,32,0.7847,65536,9792,0.8506,56,38.7,True
mobilenetv2,Multiply_11726,8,108,32,32,32,32,14,9,0,32,0.7979,65536,8064,0.877,53,39.1,True
mobilenetv2,Multiply_11726,8,109,4,32,32,4,16,11,1,16,0.809,8192,1408,0.8281,29,8.5,True
mobilenetv2,Multiply_11726,8,110,4,32,32,4,21,11,0,32,0.7613,8192,1848,0.7744,34,43.2,True
mobilenetv2,Multiply_11726,8,111,4,32,32,4,18,11,0,32,0.7899,8192,1584,0.8066,31,8.9,True
mobilenetv2,Multiply_11726,8,112,4,32,32,4,22,11,0,32,0.7517,8192,1936,0.7637,35,20.3,True
mobilenetv2,Multiply_11726,8,113,4,32,32,4,22,11,0,32,0.7517,8192,1936,0.7637,35,9.4,True
mobilenetv2,Multiply_11726,8,114,4,32,32,4,19,11,0,32,0.7804,8192,1672,0.7959,32,35.1,True
mobilenetv2,Multiply_11726,8,115,4,32,32,4,15,11,1,16,0.8186,8192,1320,0.8389,28,25.2,True
mobilenetv2,Multiply_11726,8,116,4,32,32,4,17,11,0,32,0.7995,8192,1496,0.8174,30,30.1,True
mobilenetv2,Multiply_11726,8,117,4,32,32,4,21,11,0,32,0.7613,8192,1848,0.7744,34,9.3,True
mobilenetv2,Multiply_11726,8,118,4,32,32,4,14,11,1,16,0.8281,8192,1232,0.8496,27,9.0,True
mobilenetv2,Multiply_11726,8,119,4,32,32,4,17,11,0,32,0.7995,8192,1496,0.8174,30,9.2,True
mobilenetv2,Multiply_11726,8,120,4,32,32,4,18,11,0,32,0.7899,8192,1584,0.8066,31,37.2,True
mobilenetv2,Multiply_11726,8,121,4,32,32,4,18,11,0,32,0.7899,8192,1584,0.8066,31,10.1,True
mobilenetv2,Multiply_11726,8,122,4,32,32,4,13,11,1,16,0.8377,8192,1144,0.8604,26,9.6,True
mobilenetv2,Multiply_11726,8,123,4,32,32,4,15,11,1,16,0.8186,8192,1320,0.8389,28,9.4,True
mobilenetv2,Multiply_11726,8,124,4,32,32,4,20,11,0,32,0.7708,8192,1760,0.7852,33,8.8,True
mobilenetv2,Multiply_11726,8,125,4,32,32,4,17,11,0,32,0.7995,8192,1496,0.8174,30,8.9,True
mobilenetv2,Multiply_11726,8,126,4,32,32,4,14,11,1,16,0.8281,8192,1232,0.8496,27,37.6,True
mobilenetv2,Multiply_11719,9,1,32,32,32,32,16,8,0,32,0.8125,65536,8192,0.875,54,40.5,True
mobilenetv2,Multiply_11719,9,2,32,32,32,32,18,8,0,32,0.8047,65536,9216,0.8594,56,197.6,True
mobilenetv2,Multiply_11719,9,3,32,32,32,32,19,8,0,32,0.8008,65536,9728,0.8516,57,52.1,True
mobilenetv2,Multiply_11719,9,4,32,32,32,32,16,7,0,32,0.8359,65536,7168,0.8906,53,48.4,True
mobilenetv2,Multiply_11719,9,5,32,32,32,32,18,7,0,32,0.8291,65536,8064,0.877,55,38.8,True
mobilenetv2,Multiply_11719,9,6,32,32,32,32,19,7,0,32,0.8257,65536,8512,0.8701,56,38.1,True
mobilenetv2,Multiply_11719,9,7,32,32,32,32,16,7,0,32,0.8359,65536,7168,0.8906,53,61.2,True
mobilenetv2,Multiply_11719,9,8,32,32,32,32,18,7,0,32,0.8291,65536,8064,0.877,55,100.4,True
mobilenetv2,Multiply_11719,9,9,32,32,32,32,19,7,0,32,0.8257,65536,8512,0.8701,56,39.0,True
mobilenetv2,Multiply_11719,9,10,32,32,32,32,16,7,0,32,0.8359,65536,7168,0.8906,53,41.7,True
mobilenetv2,Multiply_11719,9,11,32,32,32,32,18,7,0,32,0.8291,65536,8064,0.877,55,37.8,True
mobilenetv2,Multiply_11719,9,12,32,32,32,32,19,7,0,32,0.8257,65536,8512,0.8701,56,78.0,True
mobilenetv2,Multiply_11719,9,13,32,32,32,32,16,7,0,32,0.8359,65536,7168,0.8906,53,176.3,True
mobilenetv2,Multiply_11719,9,14,32,32,32,32,18,7,0,32,0.8291,65536,8064,0.877,55,38.6,True
mobilenetv2,Multiply_11719,9,15,32,32,32,32,19,7,0,32,0.8257,65536,8512,0.8701,56,44.4,True
mobilenetv2,Multiply_11719,9,16,32,32,32,32,16,9,0,32,0.7891,65536,9216,0.8594,55,41.2,True
mobilenetv2,Multiply_11719,9,17,32,32,32,32,18,9,0,32,0.7803,65536,10368,0.8418,57,39.8,True
mobilenetv2,Multiply_11719,9,18,32,32,32,32,19,9,0,32,0.7759,65536,10944,0.833,58,38.8,True
mobilenetv2,Multiply_11719,9,19,4,32,32,4,16,7,1,16,0.8785,8192,896,0.8906,25,10.0,True
mobilenetv2,Multiply_11719,9,20,4,32,32,4,18,7,0,32,0.8663,8192,1008,0.877,27,8.5,True
mobilenetv2,Multiply_11719,9,21,4,32,32,4,19,7,0,32,0.8602,8192,1064,0.8701,28,44.0,True
mobilenetv2,Multiply_11705,10,1,32,32,32,32,18,13,0,32,0.6826,65536,14976,0.7715,61,40.6,True
mobilenetv2,Multiply_11705,10,2,32,32,32,32,18,13,0,32,0.6826,65536,14976,0.7715,61,41.7,True
mobilenetv2,Multiply_11705,10,3,32,32,32,32,19,13,0,32,0.6763,65536,15808,0.7588,62,39.0,True
mobilenetv2,Multiply_11705,10,4,32,32,32,32,17,13,0,32,0.689,65536,14144,0.7842,60,172.4,True
mobilenetv2,Multiply_11705,10,5,32,32,32,32,17,13,0,32,0.689,65536,14144,0.7842,60,38.5,True
mobilenetv2,Multiply_11705,10,6,32,32,32,32,18,13,0,32,0.6826,65536,14976,0.7715,61,74.5,True
mobilenetv2,Multiply_11705,10,7,32,32,32,32,19,13,0,32,0.6763,65536,15808,0.7588,62,38.6,True
mobilenetv2,Multiply_11705,10,8,32,32,32,32,16,13,0,32,0.6953,65536,13312,0.7969,59,39.1,True
mobilenetv2,Multiply_11705,10,9,32,32,32,32,15,13,0,32,0.7017,65536,12480,0.8096,58,177.5,True
mobilenetv2,Multiply_11705,10,10,32,32,32,32,18,13,0,32,0.6826,65536,14976,0.7715,61,38.0,True
mobilenetv2,Multiply_11705,10,11,32,32,32,32,17,13,0,32,0.689,65536,14144,0.7842,60,113.1,True
mobilenetv2,Multiply_11705,10,12,32,32,32,32,25,13,0,32,0.6382,65536,20800,0.6826,68,39.0,True
mobilenetv2,Multiply_11705,10,13,32,32,32,32,12,13,0,32,0.7207,65536,9984,0.8477,55,44.3,True
mobilenetv2,Multiply_11705,10,14,32,32,32,32,17,13,0,32,0.689,65536,14144,0.7842,60,41.3,True
mobilenetv2,Multiply_11705,10,15,32,32,32,32,17,13,0,32,0.689,65536,14144,0.7842,60,38.1,True
mobilenetv2,Multiply_11705,10,16,32,32,32,32,17,13,0,32,0.689,65536,14144,0.7842,60,43.3,True
mobilenetv2,Multiply_11705,10,17,32,32,32,32,20,13,0,32,0.6699,65536,16640,0.7461,63,128.3,True
mobilenetv2,Multiply_11705,10,18,32,32,32,32,17,13,0,32,0.689,65536,14144,0.7842,60,39.2,True
mobilenetv2,Multiply_11705,10,19,32,32,32,32,18,10,0,32,0.7559,65536,11520,0.8242,58,37.4,True
mobilenetv2,Multiply_11705,10,20,32,32,32,32,18,10,0,32,0.7559,65536,11520,0.8242,58,38.1,True
mobilenetv2,Multiply_11705,10,21,32,32,32,32,19,10,0,32,0.751,65536,12160,0.8145,59,39.1,True
mobilenetv2,Multiply_11705,10,22,32,32,32,32,17,10,0,32,0.7607,65536,10880,0.834,57,39.3,True
mobilenetv2,Multiply_11705,10,23,32,32,32,32,17,10,0,32,0.7607,65536,10880,0.834,57,38.8,True
mobilenetv2,Multiply_11705,10,24,32,32,32,32,18,10,0,32,0.7559,65536,11520,0.8242,58,162.1,True
mobilenetv2,Multiply_11705,10,25,32,32,32,32,19,10,0,32,0.751,65536,12160,0.8145,59,40.4,True
mobilenetv2,Multiply_11705,10,26,32,32,32,32,16,10,0,32,0.7656,65536,10240,0.8438,56,39.6,True
mobilenetv2,Multiply_11705,10,27,32,32,32,32,15,10,0,32,0.7705,65536,9600,0.8535,55,45.5,True
mobilenetv2,Multiply_11705,10,28,32,32,32,32,18,10,0,32,0.7559,65536,11520,0.8242,58,38.4,True
mobilenetv2,Multiply_11705,10,29,32,32,32,32,17,10,0,32,0.7607,65536,10880,0.834,57,111.1,True
mobilenetv2,Multiply_11705,10,30,32,32,32,32,25,10,0,32,0.7217,65536,16000,0.7559,65,43.0,True
mobilenetv2,Multiply_11705,10,31,32,32,32,32,12,10,0,32,0.7852,65536,7680,0.8828,52,37.5,True
mobilenetv2,Multiply_11705,10,32,32,32,32,32,17,10,0,32,0.7607,65536,10880,0.834,57,39.1,True
mobilenetv2,Multiply_11705,10,33,32,32,32,32,17,10,0,32,0.7607,65536,10880,0.834,57,37.8,True
mobilenetv2,Multiply_11705,10,34,32,32,32,32,17,10,0,32,0.7607,65536,10880,0.834,57,39.4,True
mobilenetv2,Multiply_11705,10,35,32,32,32,32,20,10,0,32,0.7461,65536,12800,0.8047,60,38.7,True
mobilenetv2,Multiply_11705,10,36,32,32,32,32,17,10,0,32,0.7607,65536,10880,0.834,57,39.1,True
mobilenetv2,Multiply_11705,10,37,32,32,32,32,18,9,0,32,0.7803,65536,10368,0.8418,57,37.5,True
mobilenetv2,Multiply_11705,10,38,32,32,32,32,18,9,0,32,0.7803,65536,10368,0.8418,57,69.3,True
mobilenetv2,Multiply_11705,10,39,32,32,32,32,19,9,0,32,0.7759,65536,10944,0.833,58,38.5,True
mobilenetv2,Multiply_11705,10,40,32,32,32,32,17,9,0,32,0.7847,65536,9792,0.8506,56,38.7,True
mobilenetv2,Multiply_11705,10,41,32,32,32,32,17,9,0,32,0.7847,65536,9792,0.8506,56,196.5,True
mobilenetv2,Multiply_11705,10,42,32,32,32,32,18,9,0,32,0.7803,65536,10368,0.8418,57,39.1,True
mobilenetv2,Multiply_11705,10,43,32,32,32,32,19,9,0,32,0.7759,65536,10944,0.833,58,197.6,True
mobilenetv2,Multiply_11705,10,44,32,32,32,32,16,9,0,32,0.7891,65536,9216,0.8594,55,38.3,True
mobilenetv2,Multiply_11705,10,45,32,32,32,32,15,9,0,32,0.7935,65536,8640,0.8682,54,346.4,True
mobilenetv2,Multiply_11705,10,46,32,32,32,32,18,9,0,32,0.7803,65536,10368,0.8418,57,76.7,True
mobilenetv2,Multiply_11705,10,47,32,32,32,32,17,9,0,32,0.7847,65536,9792,0.8506,56,39.6,True
mobilenetv2,Multiply_11705,10,48,32,32,32,32,25,9,0,32,0.7495,65536,14400,0.7803,64,39.2,True
mobilenetv2,Multiply_11705,10,49,32,32,32,32,12,9,0,32,0.8066,65536,6912,0.8945,51,39.5,True
mobilenetv2,Multiply_11705,10,50,32,32,32,32,17,9,0,32,0.7847,65536,9792,0.8506,56,41.2,True
mobilenetv2,Multiply_11705,10,51,32,32,32,32,17,9,0,32,0.7847,65536,9792,0.8506,56,39.8,True
mobilenetv2,Multiply_11705,10,52,32,32,32,32,17,9,0,32,0.7847,65536,9792,0.8506,56,38.5,True
mobilenetv2,Multiply_11705,10,53,32,32,32,32,20,9,0,32,0.7715,65536,11520,0.8242,59,38.9,True
mobilenetv2,Multiply_11705,10,54,32,32,32,32,17,9,0,32,0.7847,65536,9792,0.8506,56,39.7,True
mobilenetv2,Multiply_11705,10,55,32,32,32,32,18,9,0,32,0.7803,65536,10368,0.8418,57,46.1,True
mobilenetv2,Multiply_11705,10,56,32,32,32,32,18,9,0,32,0.7803,65536,10368,0.8418,57,38.8,True
mobilenetv2,Multiply_11705,10,57,32,32,32,32,19,9,0,32,0.7759,65536,10944,0.833,58,38.4,True
mobilenetv2,Multiply_11705,10,58,32,32,32,32,17,9,0,32,0.7847,65536,9792,0.8506,56,39.1,True
mobilenetv2,Multiply_11705,10,59,32,32,32,32,17,9,0,32,0.7847,65536,9792,0.8506,56,128.8,True
mobilenetv2,Multiply_11705,10,60,32,32,32,32,18,9,0,32,0.7803,65536,10368,0.8418,57,38.7,True
mobilenetv2,Multiply_11705,10,61,32,32,32,32,19,9,0,32,0.7759,65536,10944,0.833,58,40.0,True
mobilenetv2,Multiply_11705,10,62,32,32,32,32,16,9,0,32,0.7891,65536,9216,0.8594,55,38.5,True
mobilenetv2,Multiply_11705,10,63,32,32,32,32,15,9,0,32,0.7935,65536,8640,0.8682,54,40.6,True
mobilenetv2,Multiply_11705,10,64,32,32,32,32,18,9,0,32,0.7803,65536,10368,0.8418,57,48.7,True
mobilenetv2,Multiply_11705,10,65,32,32,32,32,17,9,0,32,0.7847,65536,9792,0.8506,56,45.2,True
mobilenetv2,Multiply_11705,10,66,32,32,32,32,25,9,0,32,0.7495,65536,14400,0.7803,64,41.3,True
mobilenetv2,Multiply_11705,10,67,32,32,32,32,12,9,0,32,0.8066,65536,6912,0.8945,51,50.0,True
mobilenetv2,Multiply_11705,10,68,32,32,32,32,17,9,0,32,0.7847,65536,9792,0.8506,56,63.6,True
mobilenetv2,Multiply_11705,10,69,32,32,32,32,17,9,0,32,0.7847,65536,9792,0.8506,56,39.6,True
mobilenetv2,Multiply_11705,10,70,32,32,32,32,17,9,0,32,0.7847,65536,9792,0.8506,56,41.4,True
mobilenetv2,Multiply_11705,10,71,32,32,32,32,20,9,0,32,0.7715,65536,11520,0.8242,59,38.8,True
mobilenetv2,Multiply_11705,10,72,32,32,32,32,17,9,0,32,0.7847,65536,9792,0.8506,56,177.9,True
mobilenetv2,Multiply_11705,10,73,32,32,32,32,18,10,0,32,0.7559,65536,11520,0.8242,58,88.3,True
mobilenetv2,Multiply_11705,10,74,32,32,32,32,18,10,0,32,0.7559,65536,11520,0.8242,58,38.5,True
mobilenetv2,Multiply_11705,10,75,32,32,32,32,19,10,0,32,0.751,65536,12160,0.8145,59,41.1,True
mobilenetv2,Multiply_11705,10,76,32,32,32,32,17,10,0,32,0.7607,65536,10880,0.834,57,189.2,True
mobilenetv2,Multiply_11705,10,77,32,32,32,32,17,10,0,32,0.7607,65536,10880,0.834,57,63.8,True
mobilenetv2,Multiply_11705,10,78,32,32,32,32,18,10,0,32,0.7559,65536,11520,0.8242,58,38.8,True
mobilenetv2,Multiply_11705,10,79,32,32,32,32,19,10,0,32,0.751,65536,12160,0.8145,59,179.0,True
mobilenetv2,Multiply_11705,10,80,32,32,32,32,16,10,0,32,0.7656,65536,10240,0.8438,56,39.5,True
mobilenetv2,Multiply_11705,10,81,32,32,32,32,15,10,0,32,0.7705,65536,9600,0.8535,55,40.8,True
mobilenetv2,Multiply_11705,10,82,32,32,32,32,18,10,0,32,0.7559,65536,11520,0.8242,58,38.4,True
mobilenetv2,Multiply_11705,10,83,32,32,32,32,17,10,0,32,0.7607,65536,10880,0.834,57,39.3,True
mobilenetv2,Multiply_11705,10,84,32,32,32,32,25,10,0,32,0.7217,65536,16000,0.7559,65,40.1,True
mobilenetv2,Multiply_11705,10,85,32,32,32,32,12,10,0,32,0.7852,65536,7680,0.8828,52,38.5,True
mobilenetv2,Multiply_11705,10,86,32,32,32,32,17,10,0,32,0.7607,65536,10880,0.834,57,54.4,True
mobilenetv2,Multiply_11705,10,87,32,32,32,32,17,10,0,32,0.7607,65536,10880,0.834,57,42.1,True
mobilenetv2,Multiply_11705,10,88,32,32,32,32,17,10,0,32,0.7607,65536,10880,0.834,57,89.7,True
mobilenetv2,Multiply_11705,10,89,32,32,32,32,20,10,0,32,0.7461,65536,12800,0.8047,60,38.5,True
mobilenetv2,Multiply_11705,10,90,32,32,32,32,17,10,0,32,0.7607,65536,10880,0.834,57,67.9,True
mobilenetv2,Multiply_11705,10,91,32,32,32,32,18,10,0,32,0.7559,65536,11520,0.8242,58,48.5,True
mobilenetv2,Multiply_11705,10,92,32,32,32,32,18,10,0,32,0.7559,65536,11520,0.8242,58,46.1,True
mobilenetv2,Multiply_11705,10,93,32,32,32,32,19,10,0,32,0.751,65536,12160,0.8145,59,38.3,True
mobilenetv2,Multiply_11705,10,94,32,32,32,32,17,10,0,32,0.7607,65536,10880,0.834,57,48.5,True
mobilenetv2,Multiply_11705,10,95,32,32,32,32,17,10,0,32,0.7607,65536,10880,0.834,57,40.4,True
mobilenetv2,Multiply_11705,10,96,32,32,32,32,18,10,0,32,0.7559,65536,11520,0.8242,58,58.7,True
mobilenetv2,Multiply_11705,10,97,32,32,32,32,19,10,0,32,0.751,65536,12160,0.8145,59,39.3,True
mobilenetv2,Multiply_11705,10,98,32,32,32,32,16,10,0,32,0.7656,65536,10240,0.8438,56,38.4,True
mobilenetv2,Multiply_11705,10,99,32,32,32,32,15,10,0,32,0.7705,65536,9600,0.8535,55,38.7,True
mobilenetv2,Multiply_11705,10,100,32,32,32,32,18,10,0,32,0.7559,65536,11520,0.8242,58,37.1,True
mobilenetv2,Multiply_11705,10,101,32,32,32,32,17,10,0,32,0.7607,65536,10880,0.834,57,198.9,True
mobilenetv2,Multiply_11705,10,102,32,32,32,32,25,10,0,32,0.7217,65536,16000,0.7559,65,38.3,True
mobilenetv2,Multiply_11705,10,103,32,32,32,32,12,10,0,32,0.7852,65536,7680,0.8828,52,69.2,True
mobilenetv2,Multiply_11705,10,104,32,32,32,32,17,10,0,32,0.7607,65536,10880,0.834,57,128.7,True
mobilenetv2,Multiply_11705,10,105,32,32,32,32,17,10,0,32,0.7607,65536,10880,0.834,57,54.3,True
mobilenetv2,Multiply_11705,10,106,32,32,32,32,17,10,0,32,0.7607,65536,10880,0.834,57,38.9,True
mobilenetv2,Multiply_11705,10,107,32,32,32,32,20,10,0,32,0.7461,65536,12800,0.8047,60,66.5,True
mobilenetv2,Multiply_11705,10,108,32,32,32,32,17,10,0,32,0.7607,65536,10880,0.834,57,41.5,True
mobilenetv2,Multiply_11705,10,109,4,32,32,4,18,11,0,32,0.7899,8192,1584,0.8066,31,7.9,True
mobilenetv2,Multiply_11705,10,110,4,32,32,4,18,11,0,32,0.7899,8192,1584,0.8066,31,11.5,True
mobilenetv2,Multiply_11705,10,111,4,32,32,4,19,11,0,32,0.7804,8192,1672,0.7959,32,9.0,True
mobilenetv2,Multiply_11705,10,112,4,32,32,4,17,11,0,32,0.7995,8192,1496,0.8174,30,8.1,True
mobilenetv2,Multiply_11705,10,113,4,32,32,4,17,11,0,32,0.7995,8192,1496,0.8174,30,10.3,True
mobilenetv2,Multiply_11705,10,114,4,32,32,4,18,11,0,32,0.7899,8192,1584,0.8066,31,9.1,True
mobilenetv2,Multiply_11705,10,115,4,32,32,4,19,11,0,32,0.7804,8192,1672,0.7959,32,9.2,True
mobilenetv2,Multiply_11705,10,116,4,32,32,4,16,11,1,16,0.809,8192,1408,0.8281,29,9.0,True
mobilenetv2,Multiply_11705,10,117,4,32,32,4,15,11,1,16,0.8186,8192,1320,0.8389,28,9.5,True
mobilenetv2,Multiply_11705,10,118,4,32,32,4,18,11,0,32,0.7899,8192,1584,0.8066,31,10.5,True
mobilenetv2,Multiply_11705,10,119,4,32,32,4,17,11,0,32,0.7995,8192,1496,0.8174,30,8.3,True
mobilenetv2,Multiply_11705,10,120,4,32,32,4,25,11,0,32,0.7231,8192,2200,0.7314,38,11.7,True
mobilenetv2,Multiply_11705,10,121,4,32,32,4,12,11,1,16,0.8472,8192,1056,0.8711,25,9.8,True
mobilenetv2,Multiply_11705,10,122,4,32,32,4,17,11,0,32,0.7995,8192,1496,0.8174,30,9.1,True
mobilenetv2,Multiply_11705,10,123,4,32,32,4,17,11,0,32,0.7995,8192,1496,0.8174,30,10.9,True
mobilenetv2,Multiply_11705,10,124,4,32,32,4,17,11,0,32,0.7995,8192,1496,0.8174,30,9.3,True
mobilenetv2,Multiply_11705,10,125,4,32,32,4,20,11,0,32,0.7708,8192,1760,0.7852,33,13.9,True
mobilenetv2,Multiply_11705,10,126,4,32,32,4,17,11,0,32,0.7995,8192,1496,0.8174,30,8.3,True
mobilenetv2,Multiply_11698,11,1,32,32,32,32,17,10,0,32,0.7607,65536,10880,0.834,57,42.2,True
mobilenetv2,Multiply_11698,11,2,32,32,32,32,16,10,0,32,0.7656,65536,10240,0.8438,56,38.2,True
mobilenetv2,Multiply_11698,11,3,32,32,32,32,20,10,0,32,0.7461,65536,12800,0.8047,60,75.4,True
mobilenetv2,Multiply_11698,11,4,32,32,32,32,17,8,0,32,0.8086,65536,8704,0.8672,55,277.2,True
mobilenetv2,Multiply_11698,11,5,32,32,32,32,16,8,0,32,0.8125,65536,8192,0.875,54,38.7,True
mobilenetv2,Multiply_11698,11,6,32,32,32,32,20,8,0,32,0.7969,65536,10240,0.8438,58,39.7,True
mobilenetv2,Multiply_11698,11,7,32,32,32,32,17,8,0,32,0.8086,65536,8704,0.8672,55,38.0,True
mobilenetv2,Multiply_11698,11,8,32,32,32,32,16,8,0,32,0.8125,65536,8192,0.875,54,98.1,True
mobilenetv2,Multiply_11698,11,9,32,32,32,32,20,8,0,32,0.7969,65536,10240,0.8438,58,52.6,True
mobilenetv2,Multiply_11698,11,10,32,32,32,32,17,9,0,32,0.7847,65536,9792,0.8506,56,41.3,True
mobilenetv2,Multiply_11698,11,11,32,32,32,32,16,9,0,32,0.7891,65536,9216,0.8594,55,136.9,True
mobilenetv2,Multiply_11698,11,12,32,32,32,32,20,9,0,32,0.7715,65536,11520,0.8242,59,177.5,True
mobilenetv2,Multiply_11698,11,13,32,32,32,32,17,9,0,32,0.7847,65536,9792,0.8506,56,48.3,True
mobilenetv2,Multiply_11698,11,14,32,32,32,32,16,9,0,32,0.7891,65536,9216,0.8594,55,38.4,True
mobilenetv2,Multiply_11698,11,15,32,32,32,32,20,9,0,32,0.7715,65536,11520,0.8242,59,47.5,True
mobilenetv2,Multiply_11698,11,16,32,32,32,32,17,10,0,32,0.7607,65536,10880,0.834,57,48.6,True
mobilenetv2,Multiply_11698,11,17,32,32,32,32,16,10,0,32,0.7656,65536,10240,0.8438,56,51.4,True
mobilenetv2,Multiply_11698,11,18,32,32,32,32,20,10,0,32,0.7461,65536,12800,0.8047,60,149.7,True
mobilenetv2,Multiply_11698,11,19,4,32,32,4,17,9,0,32,0.8359,8192,1224,0.8506,28,8.9,True
mobilenetv2,Multiply_11698,11,20,4,32,32,4,16,9,1,16,0.8438,8192,1152,0.8594,27,18.3,True
mobilenetv2,Multiply_11698,11,21,4,32,32,4,20,9,0,32,0.8125,8192,1440,0.8242,31,33.7,True
mobilenetv2,Multiply_11684,12,1,32,32,32,32,17,13,0,32,0.689,65536,14144,0.7842,60,48.3,True
mobilenetv2,Multiply_11684,12,2,32,32,32,32,19,13,0,32,0.6763,65536,15808,0.7588,62,38.6,True
mobilenetv2,Multiply_11684,12,3,32,32,32,32,17,13,0,32,0.689,65536,14144,0.7842,60,41.0,True
mobilenetv2,Multiply_11684,12,4,32,32,32,32,12,13,0,32,0.7207,65536,9984,0.8477,55,42.1,True
mobilenetv2,Multiply_11684,12,5,32,32,32,32,22,13,0,32,0.6572,65536,18304,0.7207,65,51.3,True
mobilenetv2,Multiply_11684,12,6,32,32,32,32,17,13,0,32,0.689,65536,14144,0.7842,60,38.1,True
mobilenetv2,Multiply_11684,12,7,32,32,32,32,18,13,0,32,0.6826,65536,14976,0.7715,61,38.8,True
mobilenetv2,Multiply_11684,12,8,32,32,32,32,14,13,0,32,0.708,65536,11648,0.8223,57,38.5,True
mobilenetv2,Multiply_11684,12,9,32,32,32,32,16,13,0,32,0.6953,65536,13312,0.7969,59,39.3,True
mobilenetv2,Multiply_11684,12,10,32,32,32,32,16,13,0,32,0.6953,65536,13312,0.7969,59,47.9,True
mobilenetv2,Multiply_11684,12,11,32,32,32,32,19,13,0,32,0.6763,65536,15808,0.7588,62,38.8,True
mobilenetv2,Multiply_11684,12,12,32,32,32,32,14,13,0,32,0.708,65536,11648,0.8223,57,60.7,True
mobilenetv2,Multiply_11684,12,13,32,32,32,32,23,13,0,32,0.6509,65536,19136,0.708,66,38.2,True
mobilenetv2,Multiply_11684,12,14,32,32,32,32,18,13,0,32,0.6826,65536,14976,0.7715,61,38.8,True
mobilenetv2,Multiply_11684,12,15,32,32,32,32,19,13,0,32,0.6763,65536,15808,0.7588,62,38.1,True
mobilenetv2,Multiply_11684,12,16,32,32,32,32,18,13,0,32,0.6826,65536,14976,0.7715,61,39.2,True
mobilenetv2,Multiply_11684,12,17,32,32,32,32,19,13,0,32,0.6763,65536,15808,0.7588,62,37.8,True
mobilenetv2,Multiply_11684,12,18,32,32,32,32,19,13,0,32,0.6763,65536,15808,0.7588,62,160.9,True
mobilenetv2,Multiply_11684,12,19,32,32,32,32,17,11,0,32,0.7368,65536,11968,0.8174,58,38.6,True
mobilenetv2,Multiply_11684,12,20,32,32,32,32,19,11,0,32,0.7261,65536,13376,0.7959,60,177.7,True
mobilenetv2,Multiply_11684,12,21,32,32,32,32,17,11,0,32,0.7368,65536,11968,0.8174,58,65.2,True
mobilenetv2,Multiply_11684,12,22,32,32,32,32,12,11,0,32,0.7637,65536,8448,0.8711,53,75.7,True
mobilenetv2,Multiply_11684,12,23,32,32,32,32,22,11,0,32,0.71,65536,15488,0.7637,63,55.7,True
mobilenetv2,Multiply_11684,12,24,32,32,32,32,17,11,0,32,0.7368,65536,11968,0.8174,58,37.9,True
mobilenetv2,Multiply_11684,12,25,32,32,32,32,18,11,0,32,0.7314,65536,12672,0.8066,59,45.9,True
mobilenetv2,Multiply_11684,12,26,32,32,32,32,14,11,0,32,0.7529,65536,9856,0.8496,55,94.3,True
mobilenetv2,Multiply_11684,12,27,32,32,32,32,16,11,0,32,0.7422,65536,11264,0.8281,57,37.9,True
mobilenetv2,Multiply_11684,12,28,32,32,32,32,16,11,0,32,0.7422,65536,11264,0.8281,57,37.7,True
mobilenetv2,Multiply_11684,12,29,32,32,32,32,19,11,0,32,0.7261,65536,13376,0.7959,60,42.3,True
mobilenetv2,Multiply_11684,12,30,32,32,32,32,14,11,0,32,0.7529,65536,9856,0.8496,55,43.0,True
mobilenetv2,Multiply_11684,12,31,32,32,32,32,23,11,0,32,0.7046,65536,16192,0.7529,64,100.0,True
mobilenetv2,Multiply_11684,12,32,32,32,32,32,18,11,0,32,0.7314,65536,12672,0.8066,59,137.0,True
mobilenetv2,Multiply_11684,12,33,32,32,32,32,19,11,0,32,0.7261,65536,13376,0.7959,60,74.8,True
mobilenetv2,Multiply_11684,12,34,32,32,32,32,18,11,0,32,0.7314,65536,12672,0.8066,59,36.7,True
mobilenetv2,Multiply_11684,12,35,32,32,32,32,19,11,0,32,0.7261,65536,13376,0.7959,60,82.7,True
mobilenetv2,Multiply_11684,12,36,32,32,32,32,19,11,0,32,0.7261,65536,13376,0.7959,60,39.6,True
mobilenetv2,Multiply_11684,12,37,32,32,32,32,17,11,0,32,0.7368,65536,11968,0.8174,58,49.6,True
mobilenetv2,Multiply_11684,12,38,32,32,32,32,19,11,0,32,0.7261,65536,13376,0.7959,60,118.3,True
mobilenetv2,Multiply_11684,12,39,32,32,32,32,17,11,0,32,0.7368,65536,11968,0.8174,58,37.6,True
mobilenetv2,Multiply_11684,12,40,32,32,32,32,12,11,0,32,0.7637,65536,8448,0.8711,53,81.5,True
mobilenetv2,Multiply_11684,12,41,32,32,32,32,22,11,0,32,0.71,65536,15488,0.7637,63,43.8,True
mobilenetv2,Multiply_11684,12,42,32,32,32,32,17,11,0,32,0.7368,65536,11968,0.8174,58,39.0,True
mobilenetv2,Multiply_11684,12,43,32,32,32,32,18,11,0,32,0.7314,65536,12672,0.8066,59,40.3,True
mobilenetv2,Multiply_11684,12,44,32,32,32,32,14,11,0,32,0.7529,65536,9856,0.8496,55,39.9,True
mobilenetv2,Multiply_11684,12,45,32,32,32,32,16,11,0,32,0.7422,65536,11264,0.8281,57,38.8,True
mobilenetv2,Multiply_11684,12,46,32,32,32,32,16,11,0,32,0.7422,65536,11264,0.8281,57,99.4,True
mobilenetv2,Multiply_11684,12,47,32,32,32,32,19,11,0,32,0.7261,65536,13376,0.7959,60,40.8,True
mobilenetv2,Multiply_11684,12,48,32,32,32,32,14,11,0,32,0.7529,65536,9856,0.8496,55,39.4,True
mobilenetv2,Multiply_11684,12,49,32,32,32,32,23,11,0,32,0.7046,65536,16192,0.7529,64,179.5,True
mobilenetv2,Multiply_11684,12,50,32,32,32,32,18,11,0,32,0.7314,65536,12672,0.8066,59,39.1,True
mobilenetv2,Multiply_11684,12,51,32,32,32,32,19,11,0,32,0.7261,65536,13376,0.7959,60,150.3,True
mobilenetv2,Multiply_11684,12,52,32,32,32,32,18,11,0,32,0.7314,65536,12672,0.8066,59,197.9,True
mobilenetv2,Multiply_11684,12,53,32,32,32,32,19,11,0,32,0.7261,65536,13376,0.7959,60,37.2,True
mobilenetv2,Multiply_11684,12,54,32,32,32,32,19,11,0,32,0.7261,65536,13376,0.7959,60,39.1,True
mobilenetv2,Multiply_11684,12,55,32,32,32,32,17,11,0,32,0.7368,65536,11968,0.8174,58,127.3,True
mobilenetv2,Multiply_11684,12,56,32,32,32,32,19,11,0,32,0.7261,65536,13376,0.7959,60,43.8,True
mobilenetv2,Multiply_11684,12,57,32,32,32,32,17,11,0,32,0.7368,65536,11968,0.8174,58,37.4,True
mobilenetv2,Multiply_11684,12,58,32,32,32,32,12,11,0,32,0.7637,65536,8448,0.8711,53,41.5,True
mobilenetv2,Multiply_11684,12,59,32,32,32,32,22,11,0,32,0.71,65536,15488,0.7637,63,177.8,True
mobilenetv2,Multiply_11684,12,60,32,32,32,32,17,11,0,32,0.7368,65536,11968,0.8174,58,212.8,True
mobilenetv2,Multiply_11684,12,61,32,32,32,32,18,11,0,32,0.7314,65536,12672,0.8066,59,38.7,True
mobilenetv2,Multiply_11684,12,62,32,32,32,32,14,11,0,32,0.7529,65536,9856,0.8496,55,38.8,True
mobilenetv2,Multiply_11684,12,63,32,32,32,32,16,11,0,32,0.7422,65536,11264,0.8281,57,43.7,True
mobilenetv2,Multiply_11684,12,64,32,32,32,32,16,11,0,32,0.7422,65536,11264,0.8281,57,104.9,True
mobilenetv2,Multiply_11684,12,65,32,32,32,32,19,11,0,32,0.7261,65536,13376,0.7959,60,180.6,True
mobilenetv2,Multiply_11684,12,66,32,32,32,32,14,11,0,32,0.7529,65536,9856,0.8496,55,62.5,True
mobilenetv2,Multiply_11684,12,67,32,32,32,32,23,11,0,32,0.7046,65536,16192,0.7529,64,40.0,True
mobilenetv2,Multiply_11684,12,68,32,32,32,32,18,11,0,32,0.7314,65536,12672,0.8066,59,100.1,True
mobilenetv2,Multiply_11684,12,69,32,32,32,32,19,11,0,32,0.7261,65536,13376,0.7959,60,118.8,True
mobilenetv2,Multiply_11684,12,70,32,32,32,32,18,11,0,32,0.7314,65536,12672,0.8066,59,38.8,True
mobilenetv2,Multiply_11684,12,71,32,32,32,32,19,11,0,32,0.7261,65536,13376,0.7959,60,114.9,True
mobilenetv2,Multiply_11684,12,72,32,32,32,32,19,11,0,32,0.7261,65536,13376,0.7959,60,39.5,True
mobilenetv2,Multiply_11684,12,73,32,32,32,32,17,11,0,32,0.7368,65536,11968,0.8174,58,48.0,True
mobilenetv2,Multiply_11684,12,74,32,32,32,32,19,11,0,32,0.7261,65536,13376,0.7959,60,44.1,True
mobilenetv2,Multiply_11684,12,75,32,32,32,32,17,11,0,32,0.7368,65536,11968,0.8174,58,60.1,True
mobilenetv2,Multiply_11684,12,76,32,32,32,32,12,11,0,32,0.7637,65536,8448,0.8711,53,40.1,True
mobilenetv2,Multiply_11684,12,77,32,32,32,32,22,11,0,32,0.71,65536,15488,0.7637,63,38.1,True
mobilenetv2,Multiply_11684,12,78,32,32,32,32,17,11,0,32,0.7368,65536,11968,0.8174,58,38.9,True
mobilenetv2,Multiply_11684,12,79,32,32,32,32,18,11,0,32,0.7314,65536,12672,0.8066,59,138.7,True
mobilenetv2,Multiply_11684,12,80,32,32,32,32,14,11,0,32,0.7529,65536,9856,0.8496,55,53.1,True
mobilenetv2,Multiply_11684,12,81,32,32,32,32,16,11,0,32,0.7422,65536,11264,0.8281,57,40.7,True
mobilenetv2,Multiply_11684,12,82,32,32,32,32,16,11,0,32,0.7422,65536,11264,0.8281,57,38.9,True
mobilenetv2,Multiply_11684,12,83,32,32,32,32,19,11,0,32,0.7261,65536,13376,0.7959,60,198.5,True
mobilenetv2,Multiply_11684,12,84,32,32,32,32,14,11,0,32,0.7529,65536,9856,0.8496,55,40.7,True
mobilenetv2,Multiply_11684,12,85,32,32,32,32,23,11,0,32,0.7046,65536,16192,0.7529,64,49.2,True
mobilenetv2,Multiply_11684,12,86,32,32,32,32,18,11,0,32,0.7314,65536,12672,0.8066,59,69.1,True
mobilenetv2,Multiply_11684,12,87,32,32,32,32,19,11,0,32,0.7261,65536,13376,0.7959,60,95.7,True
mobilenetv2,Multiply_11684,12,88,32,32,32,32,18,11,0,32,0.7314,65536,12672,0.8066,59,51.3,True
mobilenetv2,Multiply_11684,12,89,32,32,32,32,19,11,0,32,0.7261,65536,13376,0.7959,60,45.3,True
mobilenetv2,Multiply_11684,12,90,32,32,32,32,19,11,0,32,0.7261,65536,13376,0.7959,60,43.1,True
mobilenetv2,Multiply_11684,12,91,32,32,32,32,17,11,0,32,0.7368,65536,11968,0.8174,58,38.9,True
mobilenetv2,Multiply_11684,12,92,32,32,32,32,19,11,0,32,0.7261,65536,13376,0.7959,60,38.8,True
mobilenetv2,Multiply_11684,12,93,32,32,32,32,17,11,0,32,0.7368,65536,11968,0.8174,58,100.6,True
mobilenetv2,Multiply_11684,12,94,32,32,32,32,12,11,0,32,0.7637,65536,8448,0.8711,53,38.9,True
mobilenetv2,Multiply_11684,12,95,32,32,32,32,22,11,0,32,0.71,65536,15488,0.7637,63,40.8,True
mobilenetv2,Multiply_11684,12,96,32,32,32,32,17,11,0,32,0.7368,65536,11968,0.8174,58,39.4,True
mobilenetv2,Multiply_11684,12,97,32,32,32,32,18,11,0,32,0.7314,65536,12672,0.8066,59,39.1,True
mobilenetv2,Multiply_11684,12,98,32,32,32,32,14,11,0,32,0.7529,65536,9856,0.8496,55,75.1,True
mobilenetv2,Multiply_11684,12,99,32,32,32,32,16,11,0,32,0.7422,65536,11264,0.8281,57,135.8,True
mobilenetv2,Multiply_11684,12,100,32,32,32,32,16,11,0,32,0.7422,65536,11264,0.8281,57,39.4,True
mobilenetv2,Multiply_11684,12,101,32,32,32,32,19,11,0,32,0.7261,65536,13376,0.7959,60,37.9,True
mobilenetv2,Multiply_11684,12,102,32,32,32,32,14,11,0,32,0.7529,65536,9856,0.8496,55,48.5,True
mobilenetv2,Multiply_11684,12,103,32,32,32,32,23,11,0,32,0.7046,65536,16192,0.7529,64,39.6,True
mobilenetv2,Multiply_11684,12,104,32,32,32,32,18,11,0,32,0.7314,65536,12672,0.8066,59,168.1,True
mobilenetv2,Multiply_11684,12,105,32,32,32,32,19,11,0,32,0.7261,65536,13376,0.7959,60,38.6,True
mobilenetv2,Multiply_11684,12,106,32,32,32,32,18,11,0,32,0.7314,65536,12672,0.8066,59,119.7,True
mobilenetv2,Multiply_11684,12,107,32,32,32,32,19,11,0,32,0.7261,65536,13376,0.7959,60,47.5,True
mobilenetv2,Multiply_11684,12,108,32,32,32,32,19,11,0,32,0.7261,65536,13376,0.7959,60,200.5,True
mobilenetv2,Multiply_11684,12,109,4,32,32,4,17,10,0,32,0.8177,8192,1360,0.834,29,8.6,True
mobilenetv2,Multiply_11684,12,110,4,32,32,4,19,10,0,32,0.8003,8192,1520,0.8145,31,8.7,True
mobilenetv2,Multiply_11684,12,111,4,32,32,4,17,10,0,32,0.8177,8192,1360,0.834,29,48.2,True
mobilenetv2,Multiply_11684,12,112,4,32,32,4,12,10,1,16,0.8611,8192,960,0.8828,24,20.4,True
mobilenetv2,Multiply_11684,12,113,4,32,32,4,22,10,0,32,0.7743,8192,1760,0.7852,34,28.9,True
mobilenetv2,Multiply_11684,12,114,4,32,32,4,17,10,0,32,0.8177,8192,1360,0.834,29,10.2,True
mobilenetv2,Multiply_11684,12,115,4,32,32,4,18,10,0,32,0.809,8192,1440,0.8242,30,43.4,True
mobilenetv2,Multiply_11684,12,116,4,32,32,4,14,10,1,16,0.8438,8192,1120,0.8633,26,9.9,True
mobilenetv2,Multiply_11684,12,117,4,32,32,4,16,10,1,16,0.8264,8192,1280,0.8438,28,9.4,True
mobilenetv2,Multiply_11684,12,118,4,32,32,4,16,10,1,16,0.8264,8192,1280,0.8438,28,39.2,True
mobilenetv2,Multiply_11684,12,119,4,32,32,4,19,10,0,32,0.8003,8192,1520,0.8145,31,43.9,True
mobilenetv2,Multiply_11684,12,120,4,32,32,4,14,10,1,16,0.8438,8192,1120,0.8633,26,8.0,True
mobilenetv2,Multiply_11684,12,121,4,32,32,4,23,10,0,32,0.7656,8192,1840,0.7754,35,35.5,True
mobilenetv2,Multiply_11684,12,122,4,32,32,4,18,10,0,32,0.809,8192,1440,0.8242,30,8.6,True
mobilenetv2,Multiply_11684,12,123,4,32,32,4,19,10,0,32,0.8003,8192,1520,0.8145,31,18.3,True
mobilenetv2,Multiply_11684,12,124,4,32,32,4,18,10,0,32,0.809,8192,1440,0.8242,30,42.8,True
mobilenetv2,Multiply_11684,12,125,4,32,32,4,19,10,0,32,0.8003,8192,1520,0.8145,31,8.7,True
mobilenetv2,Multiply_11684,12,126,4,32,32,4,19,10,0,32,0.8003,8192,1520,0.8145,31,8.1,True
mobilenetv2,Multiply_11677,13,1,32,32,32,32,16,11,0,32,0.7422,65536,11264,0.8281,57,54.3,True
mobilenetv2,Multiply_11677,13,2,32,32,32,32,22,11,0,32,0.71,65536,15488,0.7637,63,38.5,True
mobilenetv2,Multiply_11677,13,3,32,32,32,32,15,11,0,32,0.7476,65536,10560,0.8389,56,73.6,True
mobilenetv2,Multiply_11677,13,4,32,32,32,32,16,11,0,32,0.7422,65536,11264,0.8281,57,48.3,True
mobilenetv2,Multiply_11677,13,5,32,32,32,32,22,11,0,32,0.71,65536,15488,0.7637,63,45.2,True
mobilenetv2,Multiply_11677,13,6,32,32,32,32,15,11,0,32,0.7476,65536,10560,0.8389,56,177.9,True
mobilenetv2,Multiply_11677,13,7,32,32,32,32,16,11,0,32,0.7422,65536,11264,0.8281,57,66.0,True
mobilenetv2,Multiply_11677,13,8,32,32,32,32,22,11,0,32,0.71,65536,15488,0.7637,63,40.4,True
mobilenetv2,Multiply_11677,13,9,32,32,32,32,15,11,0,32,0.7476,65536,10560,0.8389,56,45.4,True
mobilenetv2,Multiply_11677,13,10,32,32,32,32,16,11,0,32,0.7422,65536,11264,0.8281,57,40.5,True
mobilenetv2,Multiply_11677,13,11,32,32,32,32,22,11,0,32,0.71,65536,15488,0.7637,63,69.6,True
mobilenetv2,Multiply_11677,13,12,32,32,32,32,15,11,0,32,0.7476,65536,10560,0.8389,56,38.9,True
mobilenetv2,Multiply_11677,13,13,32,32,32,32,16,11,0,32,0.7422,65536,11264,0.8281,57,40.2,True
mobilenetv2,Multiply_11677,13,14,32,32,32,32,22,11,0,32,0.71,65536,15488,0.7637,63,39.0,True
mobilenetv2,Multiply_11677,13,15,32,32,32,32,15,11,0,32,0.7476,65536,10560,0.8389,56,38.9,True
mobilenetv2,Multiply_11677,13,16,32,32,32,32,16,11,0,32,0.7422,65536,11264,0.8281,57,43.5,True
mobilenetv2,Multiply_11677,13,17,32,32,32,32,22,11,0,32,0.71,65536,15488,0.7637,63,38.2,True
mobilenetv2,Multiply_11677,13,18,32,32,32,32,15,11,0,32,0.7476,65536,10560,0.8389,56,38.6,True
mobilenetv2,Multiply_11677,13,19,4,32,32,4,16,10,1,16,0.8264,8192,1280,0.8438,28,8.2,True
mobilenetv2,Multiply_11677,13,20,4,32,32,4,22,10,0,32,0.7743,8192,1760,0.7852,34,8.4,True
mobilenetv2,Multiply_11677,13,21,4,32,32,4,15,10,1,16,0.8351,8192,1200,0.8535,27,17.5,True
mobilenetv2,Multiply_11663,14,1,32,32,32,32,17,10,0,32,0.7607,65536,10880,0.834,57,43.6,True
mobilenetv2,Multiply_11663,14,2,32,32,32,32,13,10,0,32,0.7803,65536,8320,0.873,53,119.6,True
mobilenetv2,Multiply_11663,14,3,32,32,32,32,26,10,0,32,0.7168,65536,16640,0.7461,66,38.3,True
mobilenetv2,Multiply_11663,14,4,32,32,32,32,15,10,0,32,0.7705,65536,9600,0.8535,55,39.8,True
mobilenetv2,Multiply_11663,14,5,32,32,32,32,17,10,0,32,0.7607,65536,10880,0.834,57,38.7,True
mobilenetv2,Multiply_11663,14,6,32,32,32,32,19,10,0,32,0.751,65536,12160,0.8145,59,38.6,True
mobilenetv2,Multiply_11663,14,7,32,32,32,32,17,10,0,32,0.7607,65536,10880,0.834,57,53.2,True
mobilenetv2,Multiply_11663,14,8,32,32,32,32,18,10,0,32,0.7559,65536,11520,0.8242,58,183.5,True
mobilenetv2,Multiply_11663,14,9,32,32,32,32,18,10,0,32,0.7559,65536,11520,0.8242,58,38.7,True
mobilenetv2,Multiply_11663,14,10,32,32,32,32,19,10,0,32,0.751,65536,12160,0.8145,59,119.4,True
mobilenetv2,Multiply_11663,14,11,32,32,32,32,16,10,0,32,0.7656,65536,10240,0.8438,56,41.2,True
mobilenetv2,Multiply_11663,14,12,32,32,32,32,16,10,0,32,0.7656,65536,10240,0.8438,56,50.5,True
mobilenetv2,Multiply_11663,14,13,32,32,32,32,17,10,0,32,0.7607,65536,10880,0.834,57,103.2,True
mobilenetv2,Multiply_11663,14,14,32,32,32,32,13,10,0,32,0.7803,65536,8320,0.873,53,39.0,True
mobilenetv2,Multiply_11663,14,15,32,32,32,32,26,10,0,32,0.7168,65536,16640,0.7461,66,67.3,True
mobilenetv2,Multiply_11663,14,16,32,32,32,32,15,10,0,32,0.7705,65536,9600,0.8535,55,119.1,True
mobilenetv2,Multiply_11663,14,17,32,32,32,32,17,10,0,32,0.7607,65536,10880,0.834,57,49.3,True
mobilenetv2,Multiply_11663,14,18,32,32,32,32,19,10,0,32,0.751,65536,12160,0.8145,59,44.5,True
mobilenetv2,Multiply_11663,14,19,32,32,32,32,17,10,0,32,0.7607,65536,10880,0.834,57,40.0,True
mobilenetv2,Multiply_11663,14,20,32,32,32,32,18,10,0,32,0.7559,65536,11520,0.8242,58,93.8,True
mobilenetv2,Multiply_11663,14,21,32,32,32,32,18,10,0,32,0.7559,65536,11520,0.8242,58,38.9,True
mobilenetv2,Multiply_11663,14,22,32,32,32,32,19,10,0,32,0.751,65536,12160,0.8145,59,46.6,True
mobilenetv2,Multiply_11663,14,23,32,32,32,32,16,10,0,32,0.7656,65536,10240,0.8438,56,53.5,True
mobilenetv2,Multiply_11663,14,24,32,32,32,32,16,10,0,32,0.7656,65536,10240,0.8438,56,161.2,True
mobilenetv2,Multiply_11663,14,25,32,32,32,32,17,10,0,32,0.7607,65536,10880,0.834,57,38.7,True
mobilenetv2,Multiply_11663,14,26,32,32,32,32,13,10,0,32,0.7803,65536,8320,0.873,53,38.5,True
mobilenetv2,Multiply_11663,14,27,32,32,32,32,26,10,0,32,0.7168,65536,16640,0.7461,66,38.6,True
mobilenetv2,Multiply_11663,14,28,32,32,32,32,15,10,0,32,0.7705,65536,9600,0.8535,55,39.0,True
mobilenetv2,Multiply_11663,14,29,32,32,32,32,17,10,0,32,0.7607,65536,10880,0.834,57,52.4,True
mobilenetv2,Multiply_11663,14,30,32,32,32,32,19,10,0,32,0.751,65536,12160,0.8145,59,37.6,True
mobilenetv2,Multiply_11663,14,31,32,32,32,32,17,10,0,32,0.7607,65536,10880,0.834,57,137.8,True
mobilenetv2,Multiply_11663,14,32,32,32,32,32,18,10,0,32,0.7559,65536,11520,0.8242,58,57.2,True
mobilenetv2,Multiply_11663,14,33,32,32,32,32,18,10,0,32,0.7559,65536,11520,0.8242,58,120.2,True
mobilenetv2,Multiply_11663,14,34,32,32,32,32,19,10,0,32,0.751,65536,12160,0.8145,59,51.9,True
mobilenetv2,Multiply_11663,14,35,32,32,32,32,16,10,0,32,0.7656,65536,10240,0.8438,56,38.0,True
mobilenetv2,Multiply_11663,14,36,32,32,32,32,16,10,0,32,0.7656,65536,10240,0.8438,56,52.4,True
mobilenetv2,Multiply_11663,14,37,32,32,32,32,17,10,0,32,0.7607,65536,10880,0.834,57,38.4,True
mobilenetv2,Multiply_11663,14,38,32,32,32,32,13,10,0,32,0.7803,65536,8320,0.873,53,237.8,True
mobilenetv2,Multiply_11663,14,39,32,32,32,32,26,10,0,32,0.7168,65536,16640,0.7461,66,38.5,True
mobilenetv2,Multiply_11663,14,40,32,32,32,32,15,10,0,32,0.7705,65536,9600,0.8535,55,39.0,True
mobilenetv2,Multiply_11663,14,41,32,32,32,32,17,10,0,32,0.7607,65536,10880,0.834,57,38.6,True
mobilenetv2,Multiply_11663,14,42,32,32,32,32,19,10,0,32,0.751,65536,12160,0.8145,59,38.8,True
mobilenetv2,Multiply_11663,14,43,32,32,32,32,17,10,0,32,0.7607,65536,10880,0.834,57,154.2,True
mobilenetv2,Multiply_11663,14,44,32,32,32,32,18,10,0,32,0.7559,65536,11520,0.8242,58,44.1,True
mobilenetv2,Multiply_11663,14,45,32,32,32,32,18,10,0,32,0.7559,65536,11520,0.8242,58,39.0,True
mobilenetv2,Multiply_11663,14,46,32,32,32,32,19,10,0,32,0.751,65536,12160,0.8145,59,40.1,True
mobilenetv2,Multiply_11663,14,47,32,32,32,32,16,10,0,32,0.7656,65536,10240,0.8438,56,38.3,True
mobilenetv2,Multiply_11663,14,48,32,32,32,32,16,10,0,32,0.7656,65536,10240,0.8438,56,38.4,True
mobilenetv2,Multiply_11663,14,49,32,32,32,32,17,10,0,32,0.7607,65536,10880,0.834,57,90.8,True
mobilenetv2,Multiply_11663,14,50,32,32,32,32,13,10,0,32,0.7803,65536,8320,0.873,53,47.0,True
mobilenetv2,Multiply_11663,14,51,32,32,32,32,26,10,0,32,0.7168,65536,16640,0.7461,66,37.9,True
mobilenetv2,Multiply_11663,14,52,32,32,32,32,15,10,0,32,0.7705,65536,9600,0.8535,55,39.1,True
mobilenetv2,Multiply_11663,14,53,32,32,32,32,17,10,0,32,0.7607,65536,10880,0.834,57,64.6,True
mobilenetv2,Multiply_11663,14,54,32,32,32,32,19,10,0,32,0.751,65536,12160,0.8145,59,38.7,True
mobilenetv2,Multiply_11663,14,55,32,32,32,32,17,10,0,32,0.7607,65536,10880,0.834,57,45.0,True
mobilenetv2,Multiply_11663,14,56,32,32,32,32,18,10,0,32,0.7559,65536,11520,0.8242,58,37.9,True
mobilenetv2,Multiply_11663,14,57,32,32,32,32,18,10,0,32,0.7559,65536,11520,0.8242,58,38.8,True
mobilenetv2,Multiply_11663,14,58,32,32,32,32,19,10,0,32,0.751,65536,12160,0.8145,59,39.1,True
mobilenetv2,Multiply_11663,14,59,32,32,32,32,16,10,0,32,0.7656,65536,10240,0.8438,56,161.7,True
mobilenetv2,Multiply_11663,14,60,32,32,32,32,16,10,0,32,0.7656,65536,10240,0.8438,56,37.2,True
mobilenetv2,Multiply_11663,14,61,32,32,32,32,17,10,0,32,0.7607,65536,10880,0.834,57,44.7,True
mobilenetv2,Multiply_11663,14,62,32,32,32,32,13,10,0,32,0.7803,65536,8320,0.873,53,79.1,True
mobilenetv2,Multiply_11663,14,63,32,32,32,32,26,10,0,32,0.7168,65536,16640,0.7461,66,38.9,True
mobilenetv2,Multiply_11663,14,64,32,32,32,32,15,10,0,32,0.7705,65536,9600,0.8535,55,78.8,True
mobilenetv2,Multiply_11663,14,65,32,32,32,32,17,10,0,32,0.7607,65536,10880,0.834,57,39.0,True
mobilenetv2,Multiply_11663,14,66,32,32,32,32,19,10,0,32,0.751,65536,12160,0.8145,59,48.0,True
mobilenetv2,Multiply_11663,14,67,32,32,32,32,17,10,0,32,0.7607,65536,10880,0.834,57,38.8,True
mobilenetv2,Multiply_11663,14,68,32,32,32,32,18,10,0,32,0.7559,65536,11520,0.8242,58,55.1,True
mobilenetv2,Multiply_11663,14,69,32,32,32,32,18,10,0,32,0.7559,65536,11520,0.8242,58,39.1,True
mobilenetv2,Multiply_11663,14,70,32,32,32,32,19,10,0,32,0.751,65536,12160,0.8145,59,85.5,True
mobilenetv2,Multiply_11663,14,71,32,32,32,32,16,10,0,32,0.7656,65536,10240,0.8438,56,90.0,True
mobilenetv2,Multiply_11663,14,72,32,32,32,32,16,10,0,32,0.7656,65536,10240,0.8438,56,39.9,True
mobilenetv2,Multiply_11663,14,73,4,32,32,4,17,10,0,32,0.8177,8192,1360,0.834,29,22.8,True
mobilenetv2,Multiply_11663,14,74,4,32,32,4,13,10,1,16,0.8524,8192,1040,0.873,25,32.8,True
mobilenetv2,Multiply_11663,14,75,4,32,32,4,26,10,0,32,0.7396,8192,2080,0.7461,38,13.6,True
mobilenetv2,Multiply_11663,14,76,4,32,32,4,15,10,1,16,0.8351,8192,1200,0.8535,27,41.8,True
mobilenetv2,Multiply_11663,14,77,4,32,32,4,17,10,0,32,0.8177,8192,1360,0.834,29,43.6,True
mobilenetv2,Multiply_11663,14,78,4,32,32,4,19,10,0,32,0.8003,8192,1520,0.8145,31,42.3,True
mobilenetv2,Multiply_11663,14,79,4,32,32,4,17,10,0,32,0.8177,8192,1360,0.834,29,25.4,True
mobilenetv2,Multiply_11663,14,80,4,32,32,4,18,10,0,32,0.809,8192,1440,0.8242,30,9.2,True
mobilenetv2,Multiply_11663,14,81,4,32,32,4,18,10,0,32,0.809,8192,1440,0.8242,30,27.2,True
mobilenetv2,Multiply_11663,14,82,4,32,32,4,19,10,0,32,0.8003,8192,1520,0.8145,31,9.7,True
mobilenetv2,Multiply_11663,14,83,4,32,32,4,16,10,1,16,0.8264,8192,1280,0.8438,28,8.2,True
mobilenetv2,Multiply_11663,14,84,4,32,32,4,16,10,1,16,0.8264,8192,1280,0.8438,28,35.2,True
mobilenetv2,Multiply_11656,15,1,32,32,32,32,14,10,0,32,0.7754,65536,8960,0.8633,54,52.6,True
mobilenetv2,Multiply_11656,15,2,32,32,32,32,21,10,0,32,0.7412,65536,13440,0.7949,61,58.4,True
mobilenetv2,Multiply_11656,15,3,32,32,32,32,14,8,0,32,0.8203,65536,7168,0.8906,52,38.4,True
mobilenetv2,Multiply_11656,15,4,32,32,32,32,21,8,0,32,0.793,65536,10752,0.8359,59,97.5,True
mobilenetv2,Multiply_11656,15,5,32,32,32,32,14,9,0,32,0.7979,65536,8064,0.877,53,38.5,True
mobilenetv2,Multiply_11656,15,6,32,32,32,32,21,9,0,32,0.7671,65536,12096,0.8154,60,39.3,True
mobilenetv2,Multiply_11656,15,7,32,32,32,32,14,8,0,32,0.8203,65536,7168,0.8906,52,63.2,True
mobilenetv2,Multiply_11656,15,8,32,32,32,32,21,8,0,32,0.793,65536,10752,0.8359,59,39.0,True
mobilenetv2,Multiply_11656,15,9,32,32,32,32,14,8,0,32,0.8203,65536,7168,0.8906,52,174.8,True
mobilenetv2,Multiply_11656,15,10,32,32,32,32,21,8,0,32,0.793,65536,10752,0.8359,59,99.3,True
mobilenetv2,Multiply_11656,15,11,32,32,32,32,14,9,0,32,0.7979,65536,8064,0.877,53,44.4,True
mobilenetv2,Multiply_11656,15,12,32,32,32,32,21,9,0,32,0.7671,65536,12096,0.8154,60,198.1,True
mobilenetv2,Multiply_11656,15,13,4,32,32,4,14,8,1,16,0.875,8192,896,0.8906,24,21.1,True
mobilenetv2,Multiply_11656,15,14,4,32,32,4,21,8,0,32,0.8264,8192,1344,0.8359,31,9.3,True
mobilenetv2,Multiply_11642,16,1,32,32,32,32,14,8,0,32,0.8203,65536,7168,0.8906,52,37.9,True
mobilenetv2,Multiply_11642,16,2,32,32,32,32,19,8,0,32,0.8008,65536,9728,0.8516,57,180.1,True
mobilenetv2,Multiply_11642,16,3,32,32,32,32,16,8,0,32,0.8125,65536,8192,0.875,54,39.6,True
mobilenetv2,Multiply_11642,16,4,32,32,32,32,18,8,0,32,0.8047,65536,9216,0.8594,56,38.1,True
mobilenetv2,Multiply_11642,16,5,32,32,32,32,15,8,0,32,0.8164,65536,7680,0.8828,53,38.6,True
mobilenetv2,Multiply_11642,16,6,32,32,32,32,20,8,0,32,0.7969,65536,10240,0.8438,58,38.2,True
mobilenetv2,Multiply_11642,16,7,32,32,32,32,15,8,0,32,0.8164,65536,7680,0.8828,53,39.3,True
mobilenetv2,Multiply_11642,16,8,32,32,32,32,19,8,0,32,0.8008,65536,9728,0.8516,57,39.1,True
mobilenetv2,Multiply_11642,16,9,32,32,32,32,17,8,0,32,0.8086,65536,8704,0.8672,55,37.7,True
mobilenetv2,Multiply_11642,16,10,32,32,32,32,20,8,0,32,0.7969,65536,10240,0.8438,58,39.1,True
mobilenetv2,Multiply_11642,16,11,32,32,32,32,19,8,0,32,0.8008,65536,9728,0.8516,57,39.1,True
mobilenetv2,Multiply_11642,16,12,32,32,32,32,19,8,0,32,0.8008,65536,9728,0.8516,57,39.1,True
mobilenetv2,Multiply_11642,16,13,32,32,32,32,14,7,0,32,0.8428,65536,6272,0.9043,51,58.1,True
mobilenetv2,Multiply_11642,16,14,32,32,32,32,19,7,0,32,0.8257,65536,8512,0.8701,56,39.5,True
mobilenetv2,Multiply_11642,16,15,32,32,32,32,16,7,0,32,0.8359,65536,7168,0.8906,53,38.6,True
mobilenetv2,Multiply_11642,16,16,32,32,32,32,18,7,0,32,0.8291,65536,8064,0.877,55,38.7,True
mobilenetv2,Multiply_11642,16,17,32,32,32,32,15,7,0,32,0.8394,65536,6720,0.8975,52,147.8,True
mobilenetv2,Multiply_11642,16,18,32,32,32,32,20,7,0,32,0.8223,65536,8960,0.8633,57,46.8,True
mobilenetv2,Multiply_11642,16,19,32,32,32,32,15,7,0,32,0.8394,65536,6720,0.8975,52,74.7,True
mobilenetv2,Multiply_11642,16,20,32,32,32,32,19,7,0,32,0.8257,65536,8512,0.8701,56,44.3,True
mobilenetv2,Multiply_11642,16,21,32,32,32,32,17,7,0,32,0.8325,65536,7616,0.8838,54,39.0,True
mobilenetv2,Multiply_11642,16,22,32,32,32,32,20,7,0,32,0.8223,65536,8960,0.8633,57,180.1,True
mobilenetv2,Multiply_11642,16,23,32,32,32,32,19,7,0,32,0.8257,65536,8512,0.8701,56,41.5,True
mobilenetv2,Multiply_11642,16,24,32,32,32,32,19,7,0,32,0.8257,65536,8512,0.8701,56,42.3,True
mobilenetv2,Multiply_11642,16,25,32,32,32,32,14,7,0,32,0.8428,65536,6272,0.9043,51,50.0,True
mobilenetv2,Multiply_11642,16,26,32,32,32,32,19,7,0,32,0.8257,65536,8512,0.8701,56,48.6,True
mobilenetv2,Multiply_11642,16,27,32,32,32,32,16,7,0,32,0.8359,65536,7168,0.8906,53,48.5,True
mobilenetv2,Multiply_11642,16,28,32,32,32,32,18,7,0,32,0.8291,65536,8064,0.877,55,58.3,True
mobilenetv2,Multiply_11642,16,29,32,32,32,32,15,7,0,32,0.8394,65536,6720,0.8975,52,190.0,True
mobilenetv2,Multiply_11642,16,30,32,32,32,32,20,7,0,32,0.8223,65536,8960,0.8633,57,76.9,True
mobilenetv2,Multiply_11642,16,31,32,32,32,32,15,7,0,32,0.8394,65536,6720,0.8975,52,46.2,True
mobilenetv2,Multiply_11642,16,32,32,32,32,32,19,7,0,32,0.8257,65536,8512,0.8701,56,39.1,True
mobilenetv2,Multiply_11642,16,33,32,32,32,32,17,7,0,32,0.8325,65536,7616,0.8838,54,95.0,True
mobilenetv2,Multiply_11642,16,34,32,32,32,32,20,7,0,32,0.8223,65536,8960,0.8633,57,38.0,True
mobilenetv2,Multiply_11642,16,35,32,32,32,32,19,7,0,32,0.8257,65536,8512,0.8701,56,39.5,True
mobilenetv2,Multiply_11642,16,36,32,32,32,32,19,7,0,32,0.8257,65536,8512,0.8701,56,38.5,True
mobilenetv2,Multiply_11642,16,37,32,32,32,32,14,7,0,32,0.8428,65536,6272,0.9043,51,107.3,True
mobilenetv2,Multiply_11642,16,38,32,32,32,32,19,7,0,32,0.8257,65536,8512,0.8701,56,38.9,True
mobilenetv2,Multiply_11642,16,39,32,32,32,32,16,7,0,32,0.8359,65536,7168,0.8906,53,181.8,True
mobilenetv2,Multiply_11642,16,40,32,32,32,32,18,7,0,32,0.8291,65536,8064,0.877,55,37.3,True
mobilenetv2,Multiply_11642,16,41,32,32,32,32,15,7,0,32,0.8394,65536,6720,0.8975,52,39.0,True
mobilenetv2,Multiply_11642,16,42,32,32,32,32,20,7,0,32,0.8223,65536,8960,0.8633,57,48.9,True
mobilenetv2,Multiply_11642,16,43,32,32,32,32,15,7,0,32,0.8394,65536,6720,0.8975,52,39.4,True
mobilenetv2,Multiply_11642,16,44,32,32,32,32,19,7,0,32,0.8257,65536,8512,0.8701,56,121.9,True
mobilenetv2,Multiply_11642,16,45,32,32,32,32,17,7,0,32,0.8325,65536,7616,0.8838,54,127.7,True
mobilenetv2,Multiply_11642,16,46,32,32,32,32,20,7,0,32,0.8223,65536,8960,0.8633,57,38.4,True
mobilenetv2,Multiply_11642,16,47,32,32,32,32,19,7,0,32,0.8257,65536,8512,0.8701,56,39.0,True
mobilenetv2,Multiply_11642,16,48,32,32,32,32,19,7,0,32,0.8257,65536,8512,0.8701,56,125.8,True
mobilenetv2,Multiply_11642,16,49,32,32,32,32,14,7,0,32,0.8428,65536,6272,0.9043,51,43.8,True
mobilenetv2,Multiply_11642,16,50,32,32,32,32,19,7,0,32,0.8257,65536,8512,0.8701,56,39.4,True
mobilenetv2,Multiply_11642,16,51,32,32,32,32,16,7,0,32,0.8359,65536,7168,0.8906,53,38.9,True
mobilenetv2,Multiply_11642,16,52,32,32,32,32,18,7,0,32,0.8291,65536,8064,0.877,55,53.1,True
mobilenetv2,Multiply_11642,16,53,32,32,32,32,15,7,0,32,0.8394,65536,6720,0.8975,52,38.5,True
mobilenetv2,Multiply_11642,16,54,32,32,32,32,20,7,0,32,0.8223,65536,8960,0.8633,57,40.6,True
mobilenetv2,Multiply_11642,16,55,32,32,32,32,15,7,0,32,0.8394,65536,6720,0.8975,52,39.9,True
mobilenetv2,Multiply_11642,16,56,32,32,32,32,19,7,0,32,0.8257,65536,8512,0.8701,56,39.5,True
mobilenetv2,Multiply_11642,16,57,32,32,32,32,17,7,0,32,0.8325,65536,7616,0.8838,54,64.3,True
mobilenetv2,Multiply_11642,16,58,32,32,32,32,20,7,0,32,0.8223,65536,8960,0.8633,57,37.7,True
mobilenetv2,Multiply_11642,16,59,32,32,32,32,19,7,0,32,0.8257,65536,8512,0.8701,56,128.4,True
mobilenetv2,Multiply_11642,16,60,32,32,32,32,19,7,0,32,0.8257,65536,8512,0.8701,56,131.1,True
mobilenetv2,Multiply_11642,16,61,32,32,32,32,14,7,0,32,0.8428,65536,6272,0.9043,51,159.5,True
mobilenetv2,Multiply_11642,16,62,32,32,32,32,19,7,0,32,0.8257,65536,8512,0.8701,56,74.5,True
mobilenetv2,Multiply_11642,16,63,32,32,32,32,16,7,0,32,0.8359,65536,7168,0.8906,53,39.2,True
mobilenetv2,Multiply_11642,16,64,32,32,32,32,18,7,0,32,0.8291,65536,8064,0.877,55,37.8,True
mobilenetv2,Multiply_11642,16,65,32,32,32,32,15,7,0,32,0.8394,65536,6720,0.8975,52,38.9,True
mobilenetv2,Multiply_11642,16,66,32,32,32,32,20,7,0,32,0.8223,65536,8960,0.8633,57,38.7,True
mobilenetv2,Multiply_11642,16,67,32,32,32,32,15,7,0,32,0.8394,65536,6720,0.8975,52,40.3,True
mobilenetv2,Multiply_11642,16,68,32,32,32,32,19,7,0,32,0.8257,65536,8512,0.8701,56,48.5,True
mobilenetv2,Multiply_11642,16,69,32,32,32,32,17,7,0,32,0.8325,65536,7616,0.8838,54,85.8,True
mobilenetv2,Multiply_11642,16,70,32,32,32,32,20,7,0,32,0.8223,65536,8960,0.8633,57,38.9,True
mobilenetv2,Multiply_11642,16,71,32,32,32,32,19,7,0,32,0.8257,65536,8512,0.8701,56,161.7,True
mobilenetv2,Multiply_11642,16,72,32,32,32,32,19,7,0,32,0.8257,65536,8512,0.8701,56,148.2,True
mobilenetv2,Multiply_11642,16,73,4,32,32,4,14,6,1,16,0.9062,8192,672,0.918,22,8.4,True
mobilenetv2,Multiply_11642,16,74,4,32,32,4,19,6,0,32,0.8802,8192,912,0.8887,27,43.2,True
mobilenetv2,Multiply_11642,16,75,4,32,32,4,16,6,1,16,0.8958,8192,768,0.9062,24,9.1,True
mobilenetv2,Multiply_11642,16,76,4,32,32,4,18,6,0,32,0.8854,8192,864,0.8945,26,9.2,True
mobilenetv2,Multiply_11642,16,77,4,32,32,4,15,6,1,16,0.901,8192,720,0.9121,23,8.8,True
mobilenetv2,Multiply_11642,16,78,4,32,32,4,20,6,0,32,0.875,8192,960,0.8828,28,8.4,True
mobilenetv2,Multiply_11642,16,79,4,32,32,4,15,6,1,16,0.901,8192,720,0.9121,23,9.1,True
mobilenetv2,Multiply_11642,16,80,4,32,32,4,19,6,0,32,0.8802,8192,912,0.8887,27,42.2,True
mobilenetv2,Multiply_11642,16,81,4,32,32,4,17,6,0,32,0.8906,8192,816,0.9004,25,21.9,True
mobilenetv2,Multiply_11642,16,82,4,32,32,4,20,6,0,32,0.875,8192,960,0.8828,28,9.7,True
mobilenetv2,Multiply_11642,16,83,4,32,32,4,19,6,0,32,0.8802,8192,912,0.8887,27,8.7,True
mobilenetv2,Multiply_11642,16,84,4,32,32,4,19,6,0,32,0.8802,8192,912,0.8887,27,13.4,True
mobilenetv2,Multiply_11635,17,1,32,32,32,32,17,11,0,32,0.7368,65536,11968,0.8174,58,49.6,True
mobilenetv2,Multiply_11635,17,2,32,32,32,32,18,11,0,32,0.7314,65536,12672,0.8066,59,74.8,True
mobilenetv2,Multiply_11635,17,3,32,32,32,32,17,11,0,32,0.7368,65536,11968,0.8174,58,50.7,True
mobilenetv2,Multiply_11635,17,4,32,32,32,32,18,11,0,32,0.7314,65536,12672,0.8066,59,38.9,True
mobilenetv2,Multiply_11635,17,5,32,32,32,32,17,11,0,32,0.7368,65536,11968,0.8174,58,58.9,True
mobilenetv2,Multiply_11635,17,6,32,32,32,32,18,11,0,32,0.7314,65536,12672,0.8066,59,149.1,True
mobilenetv2,Multiply_11635,17,7,32,32,32,32,17,11,0,32,0.7368,65536,11968,0.8174,58,47.6,True
mobilenetv2,Multiply_11635,17,8,32,32,32,32,18,11,0,32,0.7314,65536,12672,0.8066,59,178.5,True
mobilenetv2,Multiply_11635,17,9,32,32,32,32,17,11,0,32,0.7368,65536,11968,0.8174,58,37.6,True
mobilenetv2,Multiply_11635,17,10,32,32,32,32,18,11,0,32,0.7314,65536,12672,0.8066,59,39.7,True
mobilenetv2,Multiply_11635,17,11,32,32,32,32,17,12,0,32,0.7129,65536,13056,0.8008,59,48.0,True
mobilenetv2,Multiply_11635,17,12,32,32,32,32,18,12,0,32,0.707,65536,13824,0.7891,60,39.8,True
mobilenetv2,Multiply_11635,17,13,4,32,32,4,17,8,0,32,0.8542,8192,1088,0.8672,27,40.1,True
mobilenetv2,Multiply_11635,17,14,4,32,32,4,18,8,0,32,0.8472,8192,1152,0.8594,28,34.2,True
mobilenetv2,Multiply_11621,18,1,32,32,32,32,23,17,0,32,0.5435,65536,25024,0.6182,70,38.0,True
mobilenetv2,Multiply_11621,18,2,32,32,32,32,15,17,0,32,0.6099,65536,16320,0.751,62,39.3,True
mobilenetv2,Multiply_11621,18,3,32,32,32,32,12,17,0,32,0.6348,65536,13056,0.8008,59,55.7,True
mobilenetv2,Multiply_11621,18,4,32,32,32,32,20,17,0,32,0.5684,65536,21760,0.668,67,40.8,True
mobilenetv2,Multiply_11621,18,5,32,32,32,32,16,17,0,32,0.6016,65536,17408,0.7344,63,48.1,True
mobilenetv2,Multiply_11621,18,6,32,32,32,32,19,17,0,32,0.5767,65536,20672,0.6846,66,52.1,True
mobilenetv2,Multiply_11621,18,7,32,32,32,32,14,17,0,32,0.6182,65536,15232,0.7676,61,246.9,True
mobilenetv2,Multiply_11621,18,8,32,32,32,32,15,17,0,32,0.6099,65536,16320,0.751,62,39.6,True
mobilenetv2,Multiply_11621,18,9,32,32,32,32,17,17,0,32,0.5933,65536,18496,0.7178,64,37.7,True
mobilenetv2,Multiply_11621,18,10,32,32,32,32,17,17,0,32,0.5933,65536,18496,0.7178,64,178.0,True
mobilenetv2,Multiply_11621,18,11,32,32,32,32,22,17,0,32,0.5518,65536,23936,0.6348,69,39.3,True
mobilenetv2,Multiply_11621,18,12,32,32,32,32,21,17,0,32,0.5601,65536,22848,0.6514,68,69.4,True
mobilenetv2,Multiply_11621,18,13,32,32,32,32,23,17,0,32,0.5435,65536,25024,0.6182,70,41.8,True
mobilenetv2,Multiply_11621,18,14,32,32,32,32,15,17,0,32,0.6099,65536,16320,0.751,62,39.7,True
mobilenetv2,Multiply_11621,18,15,32,32,32,32,12,17,0,32,0.6348,65536,13056,0.8008,59,44.3,True
mobilenetv2,Multiply_11621,18,16,32,32,32,32,20,17,0,32,0.5684,65536,21760,0.668,67,67.8,True
mobilenetv2,Multiply_11621,18,17,32,32,32,32,16,17,0,32,0.6016,65536,17408,0.7344,63,40.3,True
mobilenetv2,Multiply_11621,18,18,32,32,32,32,19,17,0,32,0.5767,65536,20672,0.6846,66,148.4,True
mobilenetv2,Multiply_11621,18,19,32,32,32,32,14,17,0,32,0.6182,65536,15232,0.7676,61,38.5,True
mobilenetv2,Multiply_11621,18,20,32,32,32,32,15,17,0,32,0.6099,65536,16320,0.751,62,105.0,True
mobilenetv2,Multiply_11621,18,21,32,32,32,32,17,17,0,32,0.5933,65536,18496,0.7178,64,94.9,True
mobilenetv2,Multiply_11621,18,22,32,32,32,32,17,17,0,32,0.5933,65536,18496,0.7178,64,179.9,True
mobilenetv2,Multiply_11621,18,23,32,32,32,32,22,17,0,32,0.5518,65536,23936,0.6348,69,38.9,True
mobilenetv2,Multiply_11621,18,24,32,32,32,32,21,17,0,32,0.5601,65536,22848,0.6514,68,40.4,True
mobilenetv2,Multiply_11621,18,25,32,32,32,32,23,16,0,32,0.5703,65536,23552,0.6406,69,52.7,True
mobilenetv2,Multiply_11621,18,26,32,32,32,32,15,16,0,32,0.6328,65536,15360,0.7656,61,38.1,True
mobilenetv2,Multiply_11621,18,27,32,32,32,32,12,16,0,32,0.6562,65536,12288,0.8125,58,40.0,True
mobilenetv2,Multiply_11621,18,28,32,32,32,32,20,16,0,32,0.5938,65536,20480,0.6875,66,89.6,True
mobilenetv2,Multiply_11621,18,29,32,32,32,32,16,16,0,32,0.625,65536,16384,0.75,62,179.3,True
mobilenetv2,Multiply_11621,18,30,32,32,32,32,19,16,0,32,0.6016,65536,19456,0.7031,65,39.4,True
mobilenetv2,Multiply_11621,18,31,32,32,32,32,14,16,0,32,0.6406,65536,14336,0.7812,60,38.1,True
mobilenetv2,Multiply_11621,18,32,32,32,32,32,15,16,0,32,0.6328,65536,15360,0.7656,61,177.5,True
mobilenetv2,Multiply_11621,18,33,32,32,32,32,17,16,0,32,0.6172,65536,17408,0.7344,63,175.5,True
mobilenetv2,Multiply_11621,18,34,32,32,32,32,17,16,0,32,0.6172,65536,17408,0.7344,63,39.0,True
mobilenetv2,Multiply_11621,18,35,32,32,32,32,22,16,0,32,0.5781,65536,22528,0.6562,68,37.6,True
mobilenetv2,Multiply_11621,18,36,32,32,32,32,21,16,0,32,0.5859,65536,21504,0.6719,67,394.3,True
mobilenetv2,Multiply_11621,18,37,32,32,32,32,23,17,0,32,0.5435,65536,25024,0.6182,70,38.7,True
mobilenetv2,Multiply_11621,18,38,32,32,32,32,15,17,0,32,0.6099,65536,16320,0.751,62,38.1,True
mobilenetv2,Multiply_11621,18,39,32,32,32,32,12,17,0,32,0.6348,65536,13056,0.8008,59,40.3,True
mobilenetv2,Multiply_11621,18,40,32,32,32,32,20,17,0,32,0.5684,65536,21760,0.668,67,58.1,True
mobilenetv2,Multiply_11621,18,41,32,32,32,32,16,17,0,32,0.6016,65536,17408,0.7344,63,38.7,True
mobilenetv2,Multiply_11621,18,42,32,32,32,32,19,17,0,32,0.5767,65536,20672,0.6846,66,39.6,True
mobilenetv2,Multiply_11621,18,43,32,32,32,32,14,17,0,32,0.6182,65536,15232,0.7676,61,38.6,True
mobilenetv2,Multiply_11621,18,44,32,32,32,32,15,17,0,32,0.6099,65536,16320,0.751,62,52.8,True
mobilenetv2,Multiply_11621,18,45,32,32,32,32,17,17,0,32,0.5933,65536,18496,0.7178,64,38.4,True
mobilenetv2,Multiply_11621,18,46,32,32,32,32,17,17,0,32,0.5933,65536,18496,0.7178,64,39.8,True
mobilenetv2,Multiply_11621,18,47,32,32,32,32,22,17,0,32,0.5518,65536,23936,0.6348,69,42.1,True
mobilenetv2,Multiply_11621,18,48,32,32,32,32,21,17,0,32,0.5601,65536,22848,0.6514,68,39.9,True
mobilenetv2,Multiply_11621,18,49,32,32,32,32,23,16,0,32,0.5703,65536,23552,0.6406,69,50.2,True
mobilenetv2,Multiply_11621,18,50,32,32,32,32,15,16,0,32,0.6328,65536,15360,0.7656,61,41.6,True
mobilenetv2,Multiply_11621,18,51,32,32,32,32,12,16,0,32,0.6562,65536,12288,0.8125,58,37.7,True
mobilenetv2,Multiply_11621,18,52,32,32,32,32,20,16,0,32,0.5938,65536,20480,0.6875,66,38.6,True
mobilenetv2,Multiply_11621,18,53,32,32,32,32,16,16,0,32,0.625,65536,16384,0.75,62,43.1,True
mobilenetv2,Multiply_11621,18,54,32,32,32,32,19,16,0,32,0.6016,65536,19456,0.7031,65,178.1,True
mobilenetv2,Multiply_11621,18,55,32,32,32,32,14,16,0,32,0.6406,65536,14336,0.7812,60,66.5,True
mobilenetv2,Multiply_11621,18,56,32,32,32,32,15,16,0,32,0.6328,65536,15360,0.7656,61,38.4,True
mobilenetv2,Multiply_11621,18,57,32,32,32,32,17,16,0,32,0.6172,65536,17408,0.7344,63,38.7,True
mobilenetv2,Multiply_11621,18,58,32,32,32,32,17,16,0,32,0.6172,65536,17408,0.7344,63,48.2,True
mobilenetv2,Multiply_11621,18,59,32,32,32,32,22,16,0,32,0.5781,65536,22528,0.6562,68,38.6,True
mobilenetv2,Multiply_11621,18,60,32,32,32,32,21,16,0,32,0.5859,65536,21504,0.6719,67,39.4,True
mobilenetv2,Multiply_11621,18,61,32,32,32,32,23,16,0,32,0.5703,65536,23552,0.6406,69,38.3,True
mobilenetv2,Multiply_11621,18,62,32,32,32,32,15,16,0,32,0.6328,65536,15360,0.7656,61,41.6,True
mobilenetv2,Multiply_11621,18,63,32,32,32,32,12,16,0,32,0.6562,65536,12288,0.8125,58,38.6,True
mobilenetv2,Multiply_11621,18,64,32,32,32,32,20,16,0,32,0.5938,65536,20480,0.6875,66,51.9,True
mobilenetv2,Multiply_11621,18,65,32,32,32,32,16,16,0,32,0.625,65536,16384,0.75,62,46.6,True
mobilenetv2,Multiply_11621,18,66,32,32,32,32,19,16,0,32,0.6016,65536,19456,0.7031,65,38.3,True
mobilenetv2,Multiply_11621,18,67,32,32,32,32,14,16,0,32,0.6406,65536,14336,0.7812,60,38.6,True
mobilenetv2,Multiply_11621,18,68,32,32,32,32,15,16,0,32,0.6328,65536,15360,0.7656,61,39.5,True
mobilenetv2,Multiply_11621,18,69,32,32,32,32,17,16,0,32,0.6172,65536,17408,0.7344,63,39.5,True
mobilenetv2,Multiply_11621,18,70,32,32,32,32,17,16,0,32,0.6172,65536,17408,0.7344,63,47.1,True
mobilenetv2,Multiply_11621,18,71,32,32,32,32,22,16,0,32,0.5781,65536,22528,0.6562,68,44.6,True
mobilenetv2,Multiply_11621,18,72,32,32,32,32,21,16,0,32,0.5859,65536,21504,0.6719,67,152.6,True
mobilenetv2,Multiply_11621,18,73,4,32,32,4,23,14,0,32,0.6719,8192,2576,0.6855,39,32.8,True
mobilenetv2,Multiply_11621,18,74,4,32,32,4,15,14,1,16,0.7691,8192,1680,0.7949,31,8.9,True
mobilenetv2,Multiply_11621,18,75,4,32,32,4,12,14,1,16,0.8056,8192,1344,0.8359,28,41.5,True
mobilenetv2,Multiply_11621,18,76,4,32,32,4,20,14,0,32,0.7083,8192,2240,0.7266,36,41.5,True
mobilenetv2,Multiply_11621,18,77,4,32,32,4,16,14,1,16,0.7569,8192,1792,0.7812,32,8.8,True
mobilenetv2,Multiply_11621,18,78,4,32,32,4,19,14,0,32,0.7205,8192,2128,0.7402,35,18.3,True
mobilenetv2,Multiply_11621,18,79,4,32,32,4,14,14,1,16,0.7812,8192,1568,0.8086,30,28.6,True
mobilenetv2,Multiply_11621,18,80,4,32,32,4,15,14,1,16,0.7691,8192,1680,0.7949,31,9.0,True
mobilenetv2,Multiply_11621,18,81,4,32,32,4,17,14,0,32,0.7448,8192,1904,0.7676,33,42.8,True
mobilenetv2,Multiply_11621,18,82,4,32,32,4,17,14,0,32,0.7448,8192,1904,0.7676,33,38.7,True
mobilenetv2,Multiply_11621,18,83,4,32,32,4,22,14,0,32,0.684,8192,2464,0.6992,38,10.1,True
mobilenetv2,Multiply_11621,18,84,4,32,32,4,21,14,0,32,0.6962,8192,2352,0.7129,37,40.6,True
mobilenetv2,Multiply_11614,19,1,32,32,32,32,16,11,0,32,0.7422,65536,11264,0.8281,57,42.7,True
mobilenetv2,Multiply_11614,19,2,32,32,32,32,19,11,0,32,0.7261,65536,13376,0.7959,60,38.4,True
mobilenetv2,Multiply_11614,19,3,32,32,32,32,16,10,0,32,0.7656,65536,10240,0.8438,56,61.6,True
mobilenetv2,Multiply_11614,19,4,32,32,32,32,19,10,0,32,0.751,65536,12160,0.8145,59,64.2,True
mobilenetv2,Multiply_11614,19,5,32,32,32,32,16,11,0,32,0.7422,65536,11264,0.8281,57,48.1,True
mobilenetv2,Multiply_11614,19,6,32,32,32,32,19,11,0,32,0.7261,65536,13376,0.7959,60,104.5,True
mobilenetv2,Multiply_11614,19,7,32,32,32,32,16,10,0,32,0.7656,65536,10240,0.8438,56,127.1,True
mobilenetv2,Multiply_11614,19,8,32,32,32,32,19,10,0,32,0.751,65536,12160,0.8145,59,39.3,True
mobilenetv2,Multiply_11614,19,9,32,32,32,32,16,10,0,32,0.7656,65536,10240,0.8438,56,53.9,True
mobilenetv2,Multiply_11614,19,10,32,32,32,32,19,10,0,32,0.751,65536,12160,0.8145,59,38.9,True
mobilenetv2,Multiply_11614,19,11,32,32,32,32,16,12,0,32,0.7188,65536,12288,0.8125,58,39.7,True
mobilenetv2,Multiply_11614,19,12,32,32,32,32,19,12,0,32,0.7012,65536,14592,0.7773,61,40.4,True
mobilenetv2,Multiply_11614,19,13,4,32,32,4,16,10,1,16,0.8264,8192,1280,0.8438,28,24.8,True
mobilenetv2,Multiply_11614,19,14,4,32,32,4,19,10,0,32,0.8003,8192,1520,0.8145,31,84.6,True
mobilenetv2,Multiply_11600,20,1,32,32,32,32,22,7,0,32,0.8154,65536,9856,0.8496,59,48.3,True
mobilenetv2,Multiply_11600,20,2,32,32,32,32,20,7,0,32,0.8223,65536,8960,0.8633,57,157.1,True
mobilenetv2,Multiply_11600,20,3,32,32,32,32,12,7,0,32,0.8496,65536,5376,0.918,49,39.2,True
mobilenetv2,Multiply_11600,20,4,32,32,32,32,19,7,0,32,0.8257,65536,8512,0.8701,56,38.8,True
mobilenetv2,Multiply_11600,20,5,32,32,32,32,16,7,0,32,0.8359,65536,7168,0.8906,53,178.7,True
mobilenetv2,Multiply_11600,20,6,32,32,32,32,17,7,0,32,0.8325,65536,7616,0.8838,54,44.5,True
mobilenetv2,Multiply_11600,20,7,32,32,32,32,11,7,0,32,0.853,65536,4928,0.9248,48,38.5,True
mobilenetv2,Multiply_11600,20,8,32,32,32,32,18,7,0,32,0.8291,65536,8064,0.877,55,39.2,True
mobilenetv2,Multiply_11600,20,9,32,32,32,32,19,7,0,32,0.8257,65536,8512,0.8701,56,38.2,True
mobilenetv2,Multiply_11600,20,10,32,32,32,32,17,7,0,32,0.8325,65536,7616,0.8838,54,40.4,True
mobilenetv2,Multiply_11600,20,11,32,32,32,32,18,7,0,32,0.8291,65536,8064,0.877,55,47.2,True
mobilenetv2,Multiply_11600,20,12,32,32,32,32,22,7,0,32,0.8154,65536,9856,0.8496,59,199.8,True
mobilenetv2,Multiply_11600,20,13,32,32,32,32,22,5,0,32,0.8682,65536,7040,0.8926,57,36.7,True
mobilenetv2,Multiply_11600,20,14,32,32,32,32,20,5,0,32,0.873,65536,6400,0.9023,55,145.2,True
mobilenetv2,Multiply_11600,20,15,32,32,32,32,12,5,0,32,0.8926,65536,3840,0.9414,47,39.3,True
mobilenetv2,Multiply_11600,20,16,32,32,32,32,19,5,0,32,0.8755,65536,6080,0.9072,54,38.8,True
mobilenetv2,Multiply_11600,20,17,32,32,32,32,16,5,0,32,0.8828,65536,5120,0.9219,51,39.1,True
mobilenetv2,Multiply_11600,20,18,32,32,32,32,17,5,0,32,0.8804,65536,5440,0.917,52,39.2,True
mobilenetv2,Multiply_11600,20,19,32,32,32,32,11,5,0,32,0.895,65536,3520,0.9463,46,65.3,True
mobilenetv2,Multiply_11600,20,20,32,32,32,32,18,5,0,32,0.8779,65536,5760,0.9121,53,37.5,True
mobilenetv2,Multiply_11600,20,21,32,32,32,32,19,5,0,32,0.8755,65536,6080,0.9072,54,69.3,True
mobilenetv2,Multiply_11600,20,22,32,32,32,32,17,5,0,32,0.8804,65536,5440,0.917,52,179.1,True
mobilenetv2,Multiply_11600,20,23,32,32,32,32,18,5,0,32,0.8779,65536,5760,0.9121,53,39.1,True
mobilenetv2,Multiply_11600,20,24,32,32,32,32,22,5,0,32,0.8682,65536,7040,0.8926,57,197.4,True
mobilenetv2,Multiply_11600,20,25,32,32,32,32,22,5,0,32,0.8682,65536,7040,0.8926,57,56.8,True
mobilenetv2,Multiply_11600,20,26,32,32,32,32,20,5,0,32,0.873,65536,6400,0.9023,55,38.6,True
mobilenetv2,Multiply_11600,20,27,32,32,32,32,12,5,0,32,0.8926,65536,3840,0.9414,47,45.5,True
mobilenetv2,Multiply_11600,20,28,32,32,32,32,19,5,0,32,0.8755,65536,6080,0.9072,54,39.0,True
mobilenetv2,Multiply_11600,20,29,32,32,32,32,16,5,0,32,0.8828,65536,5120,0.9219,51,39.7,True
mobilenetv2,Multiply_11600,20,30,32,32,32,32,17,5,0,32,0.8804,65536,5440,0.917,52,38.7,True
mobilenetv2,Multiply_11600,20,31,32,32,32,32,11,5,0,32,0.895,65536,3520,0.9463,46,38.1,True
mobilenetv2,Multiply_11600,20,32,32,32,32,32,18,5,0,32,0.8779,65536,5760,0.9121,53,197.3,True
mobilenetv2,Multiply_11600,20,33,32,32,32,32,19,5,0,32,0.8755,65536,6080,0.9072,54,52.0,True
mobilenetv2,Multiply_11600,20,34,32,32,32,32,17,5,0,32,0.8804,65536,5440,0.917,52,189.7,True
mobilenetv2,Multiply_11600,20,35,32,32,32,32,18,5,0,32,0.8779,65536,5760,0.9121,53,198.3,True
mobilenetv2,Multiply_11600,20,36,32,32,32,32,22,5,0,32,0.8682,65536,7040,0.8926,57,41.4,True
mobilenetv2,Multiply_11600,20,37,32,32,32,32,22,5,0,32,0.8682,65536,7040,0.8926,57,38.5,True
mobilenetv2,Multiply_11600,20,38,32,32,32,32,20,5,0,32,0.873,65536,6400,0.9023,55,179.7,True
mobilenetv2,Multiply_11600,20,39,32,32,32,32,12,5,0,32,0.8926,65536,3840,0.9414,47,40.2,True
mobilenetv2,Multiply_11600,20,40,32,32,32,32,19,5,0,32,0.8755,65536,6080,0.9072,54,38.5,True
mobilenetv2,Multiply_11600,20,41,32,32,32,32,16,5,0,32,0.8828,65536,5120,0.9219,51,71.8,True
mobilenetv2,Multiply_11600,20,42,32,32,32,32,17,5,0,32,0.8804,65536,5440,0.917,52,41.9,True
mobilenetv2,Multiply_11600,20,43,32,32,32,32,11,5,0,32,0.895,65536,3520,0.9463,46,43.2,True
mobilenetv2,Multiply_11600,20,44,32,32,32,32,18,5,0,32,0.8779,65536,5760,0.9121,53,38.6,True
mobilenetv2,Multiply_11600,20,45,32,32,32,32,19,5,0,32,0.8755,65536,6080,0.9072,54,51.8,True
mobilenetv2,Multiply_11600,20,46,32,32,32,32,17,5,0,32,0.8804,65536,5440,0.917,52,42.8,True
mobilenetv2,Multiply_11600,20,47,32,32,32,32,18,5,0,32,0.8779,65536,5760,0.9121,53,45.8,True
mobilenetv2,Multiply_11600,20,48,32,32,32,32,22,5,0,32,0.8682,65536,7040,0.8926,57,39.8,True
mobilenetv2,Multiply_11600,20,49,32,32,32,32,22,5,0,32,0.8682,65536,7040,0.8926,57,195.9,True
mobilenetv2,Multiply_11600,20,50,32,32,32,32,20,5,0,32,0.873,65536,6400,0.9023,55,39.2,True
mobilenetv2,Multiply_11600,20,51,32,32,32,32,12,5,0,32,0.8926,65536,3840,0.9414,47,38.8,True
mobilenetv2,Multiply_11600,20,52,32,32,32,32,19,5,0,32,0.8755,65536,6080,0.9072,54,41.5,True
mobilenetv2,Multiply_11600,20,53,32,32,32,32,16,5,0,32,0.8828,65536,5120,0.9219,51,39.4,True
mobilenetv2,Multiply_11600,20,54,32,32,32,32,17,5,0,32,0.8804,65536,5440,0.917,52,38.7,True
mobilenetv2,Multiply_11600,20,55,32,32,32,32,11,5,0,32,0.895,65536,3520,0.9463,46,40.1,True
mobilenetv2,Multiply_11600,20,56,32,32,32,32,18,5,0,32,0.8779,65536,5760,0.9121,53,39.0,True
mobilenetv2,Multiply_11600,20,57,32,32,32,32,19,5,0,32,0.8755,65536,6080,0.9072,54,48.2,True
mobilenetv2,Multiply_11600,20,58,32,32,32,32,17,5,0,32,0.8804,65536,5440,0.917,52,133.2,True
mobilenetv2,Multiply_11600,20,59,32,32,32,32,18,5,0,32,0.8779,65536,5760,0.9121,53,38.4,True
mobilenetv2,Multiply_11600,20,60,32,32,32,32,22,5,0,32,0.8682,65536,7040,0.8926,57,37.5,True
mobilenetv2,Multiply_11600,20,61,32,32,32,32,22,5,0,32,0.8682,65536,7040,0.8926,57,42.0,True
mobilenetv2,Multiply_11600,20,62,32,32,32,32,20,5,0,32,0.873,65536,6400,0.9023,55,199.8,True
mobilenetv2,Multiply_11600,20,63,32,32,32,32,12,5,0,32,0.8926,65536,3840,0.9414,47,38.2,True
mobilenetv2,Multiply_11600,20,64,32,32,32,32,19,5,0,32,0.8755,65536,6080,0.9072,54,148.5,True
mobilenetv2,Multiply_11600,20,65,32,32,32,32,16,5,0,32,0.8828,65536,5120,0.9219,51,200.1,True
mobilenetv2,Multiply_11600,20,66,32,32,32,32,17,5,0,32,0.8804,65536,5440,0.917,52,61.7,True
mobilenetv2,Multiply_11600,20,67,32,32,32,32,11,5,0,32,0.895,65536,3520,0.9463,46,39.1,True
mobilenetv2,Multiply_11600,20,68,32,32,32,32,18,5,0,32,0.8779,65536,5760,0.9121,53,37.8,True
mobilenetv2,Multiply_11600,20,69,32,32,32,32,19,5,0,32,0.8755,65536,6080,0.9072,54,38.4,True
mobilenetv2,Multiply_11600,20,70,32,32,32,32,17,5,0,32,0.8804,65536,5440,0.917,52,37.8,True
mobilenetv2,Multiply_11600,20,71,32,32,32,32,18,5,0,32,0.8779,65536,5760,0.9121,53,37.8,True
mobilenetv2,Multiply_11600,20,72,32,32,32,32,22,5,0,32,0.8682,65536,7040,0.8926,57,37.8,True
mobilenetv2,Multiply_11600,20,73,4,32,32,4,22,5,0,32,0.8872,8192,880,0.8926,29,8.4,True
mobilenetv2,Multiply_11600,20,74,4,32,32,4,20,5,0,32,0.8958,8192,800,0.9023,27,8.0,True
mobilenetv2,Multiply_11600,20,75,4,32,32,4,12,5,1,16,0.9306,8192,480,0.9414,19,34.6,True
mobilenetv2,Multiply_11600,20,76,4,32,32,4,19,5,0,32,0.9002,8192,760,0.9072,26,9.6,True
mobilenetv2,Multiply_11600,20,77,4,32,32,4,16,5,1,16,0.9132,8192,640,0.9219,23,12.5,True
mobilenetv2,Multiply_11600,20,78,4,32,32,4,17,5,0,32,0.9089,8192,680,0.917,24,8.5,True
mobilenetv2,Multiply_11600,20,79,4,32,32,4,11,5,1,16,0.9349,8192,440,0.9463,18,15.8,True
mobilenetv2,Multiply_11600,20,80,4,32,32,4,18,5,0,32,0.9045,8192,720,0.9121,25,9.0,True
mobilenetv2,Multiply_11600,20,81,4,32,32,4,19,5,0,32,0.9002,8192,760,0.9072,26,47.9,True
mobilenetv2,Multiply_11600,20,82,4,32,32,4,17,5,0,32,0.9089,8192,680,0.917,24,16.6,True
mobilenetv2,Multiply_11600,20,83,4,32,32,4,18,5,0,32,0.9045,8192,720,0.9121,25,9.3,True
mobilenetv2,Multiply_11600,20,84,4,32,32,4,22,5,0,32,0.8872,8192,880,0.8926,29,12.1,True
mobilenetv2,Multiply_11593,21,1,32,32,32,32,19,13,0,32,0.6763,65536,15808,0.7588,62,38.0,True
mobilenetv2,Multiply_11593,21,2,32,32,32,32,16,13,0,32,0.6953,65536,13312,0.7969,59,43.5,True
mobilenetv2,Multiply_11593,21,3,32,32,32,32,19,13,0,32,0.6763,65536,15808,0.7588,62,81.6,True
mobilenetv2,Multiply_11593,21,4,32,32,32,32,16,13,0,32,0.6953,65536,13312,0.7969,59,197.7,True
mobilenetv2,Multiply_11593,21,5,32,32,32,32,19,13,0,32,0.6763,65536,15808,0.7588,62,76.8,True
mobilenetv2,Multiply_11593,21,6,32,32,32,32,16,13,0,32,0.6953,65536,13312,0.7969,59,49.5,True
mobilenetv2,Multiply_11593,21,7,32,32,32,32,19,12,0,32,0.7012,65536,14592,0.7773,61,66.3,True
mobilenetv2,Multiply_11593,21,8,32,32,32,32,16,12,0,32,0.7188,65536,12288,0.8125,58,175.5,True
mobilenetv2,Multiply_11593,21,9,32,32,32,32,19,12,0,32,0.7012,65536,14592,0.7773,61,80.6,True
mobilenetv2,Multiply_11593,21,10,32,32,32,32,16,12,0,32,0.7188,65536,12288,0.8125,58,38.8,True
mobilenetv2,Multiply_11593,21,11,32,32,32,32,19,12,0,32,0.7012,65536,14592,0.7773,61,46.0,True
mobilenetv2,Multiply_11593,21,12,32,32,32,32,16,12,0,32,0.7188,65536,12288,0.8125,58,36.2,True
mobilenetv2,Multiply_11593,21,13,4,32,32,4,19,12,0,32,0.7604,8192,1824,0.7773,33,34.1,True
mobilenetv2,Multiply_11593,21,14,4,32,32,4,16,12,1,16,0.7917,8192,1536,0.8125,30,24.9,True
mobilenetv2,Multiply_11579,22,1,32,32,32,32,18,13,0,32,0.6826,65536,14976,0.7715,61,42.3,True
mobilenetv2,Multiply_11579,22,2,32,32,32,32,16,13,0,32,0.6953,65536,13312,0.7969,59,50.9,True
mobilenetv2,Multiply_11579,22,3,32,32,32,32,16,13,0,32,0.6953,65536,13312,0.7969,59,39.2,True
mobilenetv2,Multiply_11579,22,4,32,32,32,32,21,13,0,32,0.6636,65536,17472,0.7334,64,38.9,True
mobilenetv2,Multiply_11579,22,5,32,32,32,32,16,13,0,32,0.6953,65536,13312,0.7969,59,138.2,True
mobilenetv2,Multiply_11579,22,6,32,32,32,32,19,13,0,32,0.6763,65536,15808,0.7588,62,128.5,True
mobilenetv2,Multiply_11579,22,7,32,32,32,32,18,13,0,32,0.6826,65536,14976,0.7715,61,39.5,True
mobilenetv2,Multiply_11579,22,8,32,32,32,32,16,13,0,32,0.6953,65536,13312,0.7969,59,48.1,True
mobilenetv2,Multiply_11579,22,9,32,32,32,32,16,13,0,32,0.6953,65536,13312,0.7969,59,38.6,True
mobilenetv2,Multiply_11579,22,10,32,32,32,32,21,13,0,32,0.6636,65536,17472,0.7334,64,49.7,True
mobilenetv2,Multiply_11579,22,11,32,32,32,32,16,13,0,32,0.6953,65536,13312,0.7969,59,40.2,True
mobilenetv2,Multiply_11579,22,12,32,32,32,32,19,13,0,32,0.6763,65536,15808,0.7588,62,39.5,True
mobilenetv2,Multiply_11579,22,13,32,32,32,32,18,13,0,32,0.6826,65536,14976,0.7715,61,175.7,True
mobilenetv2,Multiply_11579,22,14,32,32,32,32,16,13,0,32,0.6953,65536,13312,0.7969,59,38.0,True
mobilenetv2,Multiply_11579,22,15,32,32,32,32,16,13,0,32,0.6953,65536,13312,0.7969,59,38.5,True
mobilenetv2,Multiply_11579,22,16,32,32,32,32,21,13,0,32,0.6636,65536,17472,0.7334,64,50.3,True
mobilenetv2,Multiply_11579,22,17,32,32,32,32,16,13,0,32,0.6953,65536,13312,0.7969,59,43.0,True
mobilenetv2,Multiply_11579,22,18,32,32,32,32,19,13,0,32,0.6763,65536,15808,0.7588,62,126.8,True
mobilenetv2,Multiply_11579,22,19,32,32,32,32,18,13,0,32,0.6826,65536,14976,0.7715,61,196.7,True
mobilenetv2,Multiply_11579,22,20,32,32,32,32,16,13,0,32,0.6953,65536,13312,0.7969,59,40.4,True
mobilenetv2,Multiply_11579,22,21,32,32,32,32,16,13,0,32,0.6953,65536,13312,0.7969,59,39.7,True
mobilenetv2,Multiply_11579,22,22,32,32,32,32,21,13,0,32,0.6636,65536,17472,0.7334,64,197.7,True
mobilenetv2,Multiply_11579,22,23,32,32,32,32,16,13,0,32,0.6953,65536,13312,0.7969,59,38.7,True
mobilenetv2,Multiply_11579,22,24,32,32,32,32,19,13,0,32,0.6763,65536,15808,0.7588,62,178.6,True
mobilenetv2,Multiply_11579,22,25,32,32,32,32,18,13,0,32,0.6826,65536,14976,0.7715,61,38.6,True
mobilenetv2,Multiply_11579,22,26,32,32,32,32,16,13,0,32,0.6953,65536,13312,0.7969,59,39.2,True
mobilenetv2,Multiply_11579,22,27,32,32,32,32,16,13,0,32,0.6953,65536,13312,0.7969,59,39.5,True
mobilenetv2,Multiply_11579,22,28,32,32,32,32,21,13,0,32,0.6636,65536,17472,0.7334,64,54.6,True
mobilenetv2,Multiply_11579,22,29,32,32,32,32,16,13,0,32,0.6953,65536,13312,0.7969,59,38.4,True
mobilenetv2,Multiply_11579,22,30,32,32,32,32,19,13,0,32,0.6763,65536,15808,0.7588,62,43.8,True
mobilenetv2,Multiply_11579,22,31,32,32,32,32,18,13,0,32,0.6826,65536,14976,0.7715,61,48.1,True
mobilenetv2,Multiply_11579,22,32,32,32,32,32,16,13,0,32,0.6953,65536,13312,0.7969,59,193.7,True
mobilenetv2,Multiply_11579,22,33,32,32,32,32,16,13,0,32,0.6953,65536,13312,0.7969,59,114.1,True
mobilenetv2,Multiply_11579,22,34,32,32,32,32,21,13,0,32,0.6636,65536,17472,0.7334,64,38.8,True
mobilenetv2,Multiply_11579,22,35,32,32,32,32,16,13,0,32,0.6953,65536,13312,0.7969,59,71.4,True
mobilenetv2,Multiply_11579,22,36,32,32,32,32,19,13,0,32,0.6763,65536,15808,0.7588,62,37.6,True
mobilenetv2,Multiply_11579,22,37,32,32,32,32,18,13,0,32,0.6826,65536,14976,0.7715,61,124.6,True
mobilenetv2,Multiply_11579,22,38,32,32,32,32,16,13,0,32,0.6953,65536,13312,0.7969,59,38.0,True
mobilenetv2,Multiply_11579,22,39,32,32,32,32,16,13,0,32,0.6953,65536,13312,0.7969,59,66.7,True
mobilenetv2,Multiply_11579,22,40,32,32,32,32,21,13,0,32,0.6636,65536,17472,0.7334,64,141.3,True
mobilenetv2,Multiply_11579,22,41,32,32,32,32,16,13,0,32,0.6953,65536,13312,0.7969,59,117.2,True
mobilenetv2,Multiply_11579,22,42,32,32,32,32,19,13,0,32,0.6763,65536,15808,0.7588,62,38.4,True
mobilenetv2,Multiply_11579,22,43,32,32,32,32,18,13,0,32,0.6826,65536,14976,0.7715,61,141.2,True
mobilenetv2,Multiply_11579,22,44,32,32,32,32,16,13,0,32,0.6953,65536,13312,0.7969,59,39.2,True
mobilenetv2,Multiply_11579,22,45,32,32,32,32,16,13,0,32,0.6953,65536,13312,0.7969,59,179.3,True
mobilenetv2,Multiply_11579,22,46,32,32,32,32,21,13,0,32,0.6636,65536,17472,0.7334,64,38.7,True
mobilenetv2,Multiply_11579,22,47,32,32,32,32,16,13,0,32,0.6953,65536,13312,0.7969,59,38.9,True
mobilenetv2,Multiply_11579,22,48,32,32,32,32,19,13,0,32,0.6763,65536,15808,0.7588,62,171.8,True
mobilenetv2,Multiply_11579,22,49,32,32,32,32,18,13,0,32,0.6826,65536,14976,0.7715,61,39.0,True
mobilenetv2,Multiply_11579,22,50,32,32,32,32,16,13,0,32,0.6953,65536,13312,0.7969,59,38.4,True
mobilenetv2,Multiply_11579,22,51,32,32,32,32,16,13,0,32,0.6953,65536,13312,0.7969,59,56.7,True
mobilenetv2,Multiply_11579,22,52,32,32,32,32,21,13,0,32,0.6636,65536,17472,0.7334,64,38.6,True
mobilenetv2,Multiply_11579,22,53,32,32,32,32,16,13,0,32,0.6953,65536,13312,0.7969,59,46.4,True
mobilenetv2,Multiply_11579,22,54,32,32,32,32,19,13,0,32,0.6763,65536,15808,0.7588,62,39.2,True
mobilenetv2,Multiply_11579,22,55,32,32,32,32,18,13,0,32,0.6826,65536,14976,0.7715,61,68.7,True
mobilenetv2,Multiply_11579,22,56,32,32,32,32,16,13,0,32,0.6953,65536,13312,0.7969,59,38.9,True
mobilenetv2,Multiply_11579,22,57,32,32,32,32,16,13,0,32,0.6953,65536,13312,0.7969,59,38.5,True
mobilenetv2,Multiply_11579,22,58,32,32,32,32,21,13,0,32,0.6636,65536,17472,0.7334,64,38.7,True
mobilenetv2,Multiply_11579,22,59,32,32,32,32,16,13,0,32,0.6953,65536,13312,0.7969,59,39.9,True
mobilenetv2,Multiply_11579,22,60,32,32,32,32,19,13,0,32,0.6763,65536,15808,0.7588,62,42.2,True
mobilenetv2,Multiply_11579,22,61,32,32,32,32,18,13,0,32,0.6826,65536,14976,0.7715,61,83.7,True
mobilenetv2,Multiply_11579,22,62,32,32,32,32,16,13,0,32,0.6953,65536,13312,0.7969,59,39.3,True
mobilenetv2,Multiply_11579,22,63,32,32,32,32,16,13,0,32,0.6953,65536,13312,0.7969,59,39.5,True
mobilenetv2,Multiply_11579,22,64,32,32,32,32,21,13,0,32,0.6636,65536,17472,0.7334,64,197.1,True
mobilenetv2,Multiply_11579,22,65,32,32,32,32,16,13,0,32,0.6953,65536,13312,0.7969,59,38.1,True
mobilenetv2,Multiply_11579,22,66,32,32,32,32,19,13,0,32,0.6763,65536,15808,0.7588,62,54.8,True
mobilenetv2,Multiply_11579,22,67,32,32,32,32,18,13,0,32,0.6826,65536,14976,0.7715,61,42.1,True
mobilenetv2,Multiply_11579,22,68,32,32,32,32,16,13,0,32,0.6953,65536,13312,0.7969,59,38.8,True
mobilenetv2,Multiply_11579,22,69,32,32,32,32,16,13,0,32,0.6953,65536,13312,0.7969,59,91.9,True
mobilenetv2,Multiply_11579,22,70,32,32,32,32,21,13,0,32,0.6636,65536,17472,0.7334,64,57.5,True
mobilenetv2,Multiply_11579,22,71,32,32,32,32,16,13,0,32,0.6953,65536,13312,0.7969,59,44.7,True
mobilenetv2,Multiply_11579,22,72,32,32,32,32,19,13,0,32,0.6763,65536,15808,0.7588,62,38.8,True
mobilenetv2,Multiply_11579,22,73,32,32,32,32,18,13,0,32,0.6826,65536,14976,0.7715,61,40.2,True
mobilenetv2,Multiply_11579,22,74,32,32,32,32,16,13,0,32,0.6953,65536,13312,0.7969,59,265.5,True
mobilenetv2,Multiply_11579,22,75,32,32,32,32,16,13,0,32,0.6953,65536,13312,0.7969,59,38.6,True
mobilenetv2,Multiply_11579,22,76,32,32,32,32,21,13,0,32,0.6636,65536,17472,0.7334,64,39.2,True
mobilenetv2,Multiply_11579,22,77,32,32,32,32,16,13,0,32,0.6953,65536,13312,0.7969,59,37.1,True
mobilenetv2,Multiply_11579,22,78,32,32,32,32,19,13,0,32,0.6763,65536,15808,0.7588,62,38.0,True
mobilenetv2,Multiply_11579,22,79,32,32,32,32,18,13,0,32,0.6826,65536,14976,0.7715,61,48.8,True
mobilenetv2,Multiply_11579,22,80,32,32,32,32,16,13,0,32,0.6953,65536,13312,0.7969,59,418.1,True
mobilenetv2,Multiply_11579,22,81,32,32,32,32,16,13,0,32,0.6953,65536,13312,0.7969,59,38.1,True
mobilenetv2,Multiply_11579,22,82,32,32,32,32,21,13,0,32,0.6636,65536,17472,0.7334,64,39.1,True
mobilenetv2,Multiply_11579,22,83,32,32,32,32,16,13,0,32,0.6953,65536,13312,0.7969,59,38.5,True
mobilenetv2,Multiply_11579,22,84,32,32,32,32,19,13,0,32,0.6763,65536,15808,0.7588,62,38.5,True
mobilenetv2,Multiply_11579,22,85,32,32,32,32,18,13,0,32,0.6826,65536,14976,0.7715,61,49.0,True
mobilenetv2,Multiply_11579,22,86,32,32,32,32,16,13,0,32,0.6953,65536,13312,0.7969,59,198.0,True
mobilenetv2,Multiply_11579,22,87,32,32,32,32,16,13,0,32,0.6953,65536,13312,0.7969,59,184.3,True
mobilenetv2,Multiply_11579,22,88,32,32,32,32,21,13,0,32,0.6636,65536,17472,0.7334,64,39.4,True
mobilenetv2,Multiply_11579,22,89,32,32,32,32,16,13,0,32,0.6953,65536,13312,0.7969,59,39.0,True
mobilenetv2,Multiply_11579,22,90,32,32,32,32,19,13,0,32,0.6763,65536,15808,0.7588,62,38.4,True
mobilenetv2,Multiply_11579,22,91,32,32,32,32,18,13,0,32,0.6826,65536,14976,0.7715,61,43.1,True
mobilenetv2,Multiply_11579,22,92,32,32,32,32,16,13,0,32,0.6953,65536,13312,0.7969,59,49.5,True
mobilenetv2,Multiply_11579,22,93,32,32,32,32,16,13,0,32,0.6953,65536,13312,0.7969,59,40.5,True
mobilenetv2,Multiply_11579,22,94,32,32,32,32,21,13,0,32,0.6636,65536,17472,0.7334,64,110.4,True
mobilenetv2,Multiply_11579,22,95,32,32,32,32,16,13,0,32,0.6953,65536,13312,0.7969,59,39.2,True
mobilenetv2,Multiply_11579,22,96,32,32,32,32,19,13,0,32,0.6763,65536,15808,0.7588,62,38.9,True
mobilenetv2,Multiply_11579,22,97,32,32,32,32,18,13,0,32,0.6826,65536,14976,0.7715,61,41.3,True
mobilenetv2,Multiply_11579,22,98,32,32,32,32,16,13,0,32,0.6953,65536,13312,0.7969,59,39.1,True
mobilenetv2,Multiply_11579,22,99,32,32,32,32,16,13,0,32,0.6953,65536,13312,0.7969,59,94.3,True
mobilenetv2,Multiply_11579,22,100,32,32,32,32,21,13,0,32,0.6636,65536,17472,0.7334,64,38.5,True
mobilenetv2,Multiply_11579,22,101,32,32,32,32,16,13,0,32,0.6953,65536,13312,0.7969,59,161.8,True
mobilenetv2,Multiply_11579,22,102,32,32,32,32,19,13,0,32,0.6763,65536,15808,0.7588,62,39.1,True
mobilenetv2,Multiply_11579,22,103,32,32,32,32,18,13,0,32,0.6826,65536,14976,0.7715,61,68.3,True
mobilenetv2,Multiply_11579,22,104,32,32,32,32,16,13,0,32,0.6953,65536,13312,0.7969,59,85.6,True
mobilenetv2,Multiply_11579,22,105,32,32,32,32,16,13,0,32,0.6953,65536,13312,0.7969,59,162.3,True
mobilenetv2,Multiply_11579,22,106,32,32,32,32,21,13,0,32,0.6636,65536,17472,0.7334,64,40.4,True
mobilenetv2,Multiply_11579,22,107,32,32,32,32,16,13,0,32,0.6953,65536,13312,0.7969,59,119.9,True
mobilenetv2,Multiply_11579,22,108,32,32,32,32,19,13,0,32,0.6763,65536,15808,0.7588,62,38.4,True
mobilenetv2,Multiply_11579,22,109,32,32,32,32,18,13,0,32,0.6826,65536,14976,0.7715,61,37.5,True
mobilenetv2,Multiply_11579,22,110,32,32,32,32,16,13,0,32,0.6953,65536,13312,0.7969,59,39.2,True
mobilenetv2,Multiply_11579,22,111,32,32,32,32,16,13,0,32,0.6953,65536,13312,0.7969,59,38.4,True
mobilenetv2,Multiply_11579,22,112,32,32,32,32,21,13,0,32,0.6636,65536,17472,0.7334,64,38.9,True
mobilenetv2,Multiply_11579,22,113,32,32,32,32,16,13,0,32,0.6953,65536,13312,0.7969,59,38.6,True
mobilenetv2,Multiply_11579,22,114,32,32,32,32,19,13,0,32,0.6763,65536,15808,0.7588,62,38.7,True
mobilenetv2,Multiply_11579,22,115,32,32,32,32,18,13,0,32,0.6826,65536,14976,0.7715,61,37.1,True
mobilenetv2,Multiply_11579,22,116,32,32,32,32,16,13,0,32,0.6953,65536,13312,0.7969,59,38.9,True
mobilenetv2,Multiply_11579,22,117,32,32,32,32,16,13,0,32,0.6953,65536,13312,0.7969,59,37.9,True
mobilenetv2,Multiply_11579,22,118,32,32,32,32,21,13,0,32,0.6636,65536,17472,0.7334,64,54.8,True
mobilenetv2,Multiply_11579,22,119,32,32,32,32,16,13,0,32,0.6953,65536,13312,0.7969,59,39.8,True
mobilenetv2,Multiply_11579,22,120,32,32,32,32,19,13,0,32,0.6763,65536,15808,0.7588,62,38.7,True
mobilenetv2,Multiply_11579,22,121,32,32,32,32,18,14,0,32,0.6582,65536,16128,0.7539,62,38.4,True
mobilenetv2,Multiply_11579,22,122,32,32,32,32,16,14,0,32,0.6719,65536,14336,0.7812,60,38.3,True
mobilenetv2,Multiply_11579,22,123,32,32,32,32,16,14,0,32,0.6719,65536,14336,0.7812,60,39.4,True
mobilenetv2,Multiply_11579,22,124,32,32,32,32,21,14,0,32,0.6377,65536,18816,0.7129,65,40.1,True
mobilenetv2,Multiply_11579,22,125,32,32,32,32,16,14,0,32,0.6719,65536,14336,0.7812,60,39.4,True
mobilenetv2,Multiply_11579,22,126,32,32,32,32,19,14,0,32,0.6514,65536,17024,0.7402,63,161.6,True
mobilenetv2,Multiply_11579,22,127,32,32,32,32,18,13,0,32,0.6826,65536,14976,0.7715,61,48.3,True
mobilenetv2,Multiply_11579,22,128,32,32,32,32,16,13,0,32,0.6953,65536,13312,0.7969,59,40.9,True
mobilenetv2,Multiply_11579,22,129,32,32,32,32,16,13,0,32,0.6953,65536,13312,0.7969,59,38.5,True
mobilenetv2,Multiply_11579,22,130,32,32,32,32,21,13,0,32,0.6636,65536,17472,0.7334,64,39.4,True
mobilenetv2,Multiply_11579,22,131,32,32,32,32,16,13,0,32,0.6953,65536,13312,0.7969,59,127.6,True
mobilenetv2,Multiply_11579,22,132,32,32,32,32,19,13,0,32,0.6763,65536,15808,0.7588,62,52.9,True
mobilenetv2,Multiply_11579,22,133,32,32,32,32,18,13,0,32,0.6826,65536,14976,0.7715,61,48.2,True
mobilenetv2,Multiply_11579,22,134,32,32,32,32,16,13,0,32,0.6953,65536,13312,0.7969,59,38.9,True
mobilenetv2,Multiply_11579,22,135,32,32,32,32,16,13,0,32,0.6953,65536,13312,0.7969,59,40.5,True
mobilenetv2,Multiply_11579,22,136,32,32,32,32,21,13,0,32,0.6636,65536,17472,0.7334,64,161.4,True
mobilenetv2,Multiply_11579,22,137,32,32,32,32,16,13,0,32,0.6953,65536,13312,0.7969,59,37.8,True
mobilenetv2,Multiply_11579,22,138,32,32,32,32,19,13,0,32,0.6763,65536,15808,0.7588,62,38.9,True
mobilenetv2,Multiply_11579,22,139,32,32,32,32,18,13,0,32,0.6826,65536,14976,0.7715,61,47.2,True
mobilenetv2,Multiply_11579,22,140,32,32,32,32,16,13,0,32,0.6953,65536,13312,0.7969,59,39.3,True
mobilenetv2,Multiply_11579,22,141,32,32,32,32,16,13,0,32,0.6953,65536,13312,0.7969,59,161.6,True
mobilenetv2,Multiply_11579,22,142,32,32,32,32,21,13,0,32,0.6636,65536,17472,0.7334,64,40.9,True
mobilenetv2,Multiply_11579,22,143,32,32,32,32,16,13,0,32,0.6953,65536,13312,0.7969,59,38.4,True
mobilenetv2,Multiply_11579,22,144,32,32,32,32,19,13,0,32,0.6763,65536,15808,0.7588,62,38.9,True
mobilenetv2,Multiply_11579,22,145,16,32,32,16,18,14,0,32,0.6901,32768,8064,0.7539,46,21.1,True
mobilenetv2,Multiply_11579,22,146,16,32,32,16,16,14,1,16,0.7083,32768,7168,0.7812,44,21.6,True
mobilenetv2,Multiply_11579,22,147,16,32,32,16,16,14,1,16,0.7083,32768,7168,0.7812,44,75.3,True
mobilenetv2,Multiply_11579,22,148,16,32,32,16,21,14,0,32,0.6628,32768,9408,0.7129,49,21.4,True
mobilenetv2,Multiply_11579,22,149,16,32,32,16,16,14,1,16,0.7083,32768,7168,0.7812,44,22.5,True
mobilenetv2,Multiply_11579,22,150,16,32,32,16,19,14,0,32,0.681,32768,8512,0.7402,47,21.5,True
mobilenetv2,Multiply_11572,23,1,32,32,32,32,18,13,0,32,0.6826,65536,14976,0.7715,61,42.3,True
mobilenetv2,Multiply_11572,23,2,32,32,32,32,18,13,0,32,0.6826,65536,14976,0.7715,61,37.2,True
mobilenetv2,Multiply_11572,23,3,32,32,32,32,18,13,0,32,0.6826,65536,14976,0.7715,61,37.4,True
mobilenetv2,Multiply_11572,23,4,32,32,32,32,18,13,0,32,0.6826,65536,14976,0.7715,61,40.6,True
mobilenetv2,Multiply_11572,23,5,32,32,32,32,18,13,0,32,0.6826,65536,14976,0.7715,61,41.0,True
mobilenetv2,Multiply_11572,23,6,32,32,32,32,18,13,0,32,0.6826,65536,14976,0.7715,61,158.7,True
mobilenetv2,Multiply_11572,23,7,32,32,32,32,18,13,0,32,0.6826,65536,14976,0.7715,61,41.6,True
mobilenetv2,Multiply_11572,23,8,32,32,32,32,18,13,0,32,0.6826,65536,14976,0.7715,61,48.3,True
mobilenetv2,Multiply_11572,23,9,32,32,32,32,18,13,0,32,0.6826,65536,14976,0.7715,61,146.6,True
mobilenetv2,Multiply_11572,23,10,32,32,32,32,18,13,0,32,0.6826,65536,14976,0.7715,61,158.7,True
mobilenetv2,Multiply_11572,23,11,32,32,32,32,18,13,0,32,0.6826,65536,14976,0.7715,61,146.1,True
mobilenetv2,Multiply_11572,23,12,32,32,32,32,18,13,0,32,0.6826,65536,14976,0.7715,61,49.6,True
mobilenetv2,Multiply_11572,23,13,32,32,32,32,18,13,0,32,0.6826,65536,14976,0.7715,61,38.6,True
mobilenetv2,Multiply_11572,23,14,32,32,32,32,18,13,0,32,0.6826,65536,14976,0.7715,61,42.2,True
mobilenetv2,Multiply_11572,23,15,32,32,32,32,18,13,0,32,0.6826,65536,14976,0.7715,61,42.6,True
mobilenetv2,Multiply_11572,23,16,32,32,32,32,18,13,0,32,0.6826,65536,14976,0.7715,61,143.0,True
mobilenetv2,Multiply_11572,23,17,32,32,32,32,18,13,0,32,0.6826,65536,14976,0.7715,61,37.4,True
mobilenetv2,Multiply_11572,23,18,32,32,32,32,18,13,0,32,0.6826,65536,14976,0.7715,61,44.5,True
mobilenetv2,Multiply_11572,23,19,32,32,32,32,18,13,0,32,0.6826,65536,14976,0.7715,61,38.0,True
mobilenetv2,Multiply_11572,23,20,32,32,32,32,18,13,0,32,0.6826,65536,14976,0.7715,61,48.8,True
mobilenetv2,Multiply_11572,23,21,32,32,32,32,18,13,0,32,0.6826,65536,14976,0.7715,61,44.6,True
mobilenetv2,Multiply_11572,23,22,32,32,32,32,18,13,0,32,0.6826,65536,14976,0.7715,61,38.8,True
mobilenetv2,Multiply_11572,23,23,32,32,32,32,18,13,0,32,0.6826,65536,14976,0.7715,61,42.9,True
mobilenetv2,Multiply_11572,23,24,32,32,32,32,18,12,0,32,0.707,65536,13824,0.7891,60,39.5,True
mobilenetv2,Multiply_11572,23,25,16,32,32,16,18,11,0,32,0.7565,32768,6336,0.8066,43,22.5,True
mobilenetv2,Multiply_11558,24,1,32,32,32,32,20,10,0,32,0.7461,65536,12800,0.8047,60,41.4,True
mobilenetv2,Multiply_11558,24,2,32,32,32,32,19,10,0,32,0.751,65536,12160,0.8145,59,278.4,True
mobilenetv2,Multiply_11558,24,3,32,32,32,32,15,10,0,32,0.7705,65536,9600,0.8535,55,37.8,True
mobilenetv2,Multiply_11558,24,4,32,32,32,32,14,10,0,32,0.7754,65536,8960,0.8633,54,37.8,True
mobilenetv2,Multiply_11558,24,5,32,32,32,32,20,10,0,32,0.7461,65536,12800,0.8047,60,59.4,True
mobilenetv2,Multiply_11558,24,6,32,32,32,32,18,10,0,32,0.7559,65536,11520,0.8242,58,38.7,True
mobilenetv2,Multiply_11558,24,7,32,32,32,32,20,8,0,32,0.7969,65536,10240,0.8438,58,40.6,True
mobilenetv2,Multiply_11558,24,8,32,32,32,32,19,8,0,32,0.8008,65536,9728,0.8516,57,38.6,True
mobilenetv2,Multiply_11558,24,9,32,32,32,32,15,8,0,32,0.8164,65536,7680,0.8828,53,41.1,True
mobilenetv2,Multiply_11558,24,10,32,32,32,32,14,8,0,32,0.8203,65536,7168,0.8906,52,39.0,True
mobilenetv2,Multiply_11558,24,11,32,32,32,32,20,8,0,32,0.7969,65536,10240,0.8438,58,40.3,True
mobilenetv2,Multiply_11558,24,12,32,32,32,32,18,8,0,32,0.8047,65536,9216,0.8594,56,39.0,True
mobilenetv2,Multiply_11558,24,13,32,32,32,32,20,8,0,32,0.7969,65536,10240,0.8438,58,60.8,True
mobilenetv2,Multiply_11558,24,14,32,32,32,32,19,8,0,32,0.8008,65536,9728,0.8516,57,37.9,True
mobilenetv2,Multiply_11558,24,15,32,32,32,32,15,8,0,32,0.8164,65536,7680,0.8828,53,39.6,True
mobilenetv2,Multiply_11558,24,16,32,32,32,32,14,8,0,32,0.8203,65536,7168,0.8906,52,48.5,True
mobilenetv2,Multiply_11558,24,17,32,32,32,32,20,8,0,32,0.7969,65536,10240,0.8438,58,126.8,True
mobilenetv2,Multiply_11558,24,18,32,32,32,32,18,8,0,32,0.8047,65536,9216,0.8594,56,38.9,True
mobilenetv2,Multiply_11558,24,19,32,32,32,32,20,9,0,32,0.7715,65536,11520,0.8242,59,38.4,True
mobilenetv2,Multiply_11558,24,20,32,32,32,32,19,9,0,32,0.7759,65536,10944,0.833,58,41.6,True
mobilenetv2,Multiply_11558,24,21,32,32,32,32,15,9,0,32,0.7935,65536,8640,0.8682,54,69.4,True
mobilenetv2,Multiply_11558,24,22,32,32,32,32,14,9,0,32,0.7979,65536,8064,0.877,53,51.5,True
mobilenetv2,Multiply_11558,24,23,32,32,32,32,20,9,0,32,0.7715,65536,11520,0.8242,59,177.4,True
mobilenetv2,Multiply_11558,24,24,32,32,32,32,18,9,0,32,0.7803,65536,10368,0.8418,57,38.1,True
mobilenetv2,Multiply_11558,24,25,32,32,32,32,20,8,0,32,0.7969,65536,10240,0.8438,58,39.5,True
mobilenetv2,Multiply_11558,24,26,32,32,32,32,19,8,0,32,0.8008,65536,9728,0.8516,57,42.6,True
mobilenetv2,Multiply_11558,24,27,32,32,32,32,15,8,0,32,0.8164,65536,7680,0.8828,53,38.0,True
mobilenetv2,Multiply_11558,24,28,32,32,32,32,14,8,0,32,0.8203,65536,7168,0.8906,52,38.5,True
mobilenetv2,Multiply_11558,24,29,32,32,32,32,20,8,0,32,0.7969,65536,10240,0.8438,58,39.1,True
mobilenetv2,Multiply_11558,24,30,32,32,32,32,18,8,0,32,0.8047,65536,9216,0.8594,56,50.3,True
mobilenetv2,Multiply_11558,24,31,32,32,32,32,20,8,0,32,0.7969,65536,10240,0.8438,58,161.4,True
mobilenetv2,Multiply_11558,24,32,32,32,32,32,19,8,0,32,0.8008,65536,9728,0.8516,57,42.5,True
mobilenetv2,Multiply_11558,24,33,32,32,32,32,15,8,0,32,0.8164,65536,7680,0.8828,53,94.4,True
mobilenetv2,Multiply_11558,24,34,32,32,32,32,14,8,0,32,0.8203,65536,7168,0.8906,52,38.6,True
mobilenetv2,Multiply_11558,24,35,32,32,32,32,20,8,0,32,0.7969,65536,10240,0.8438,58,39.8,True
mobilenetv2,Multiply_11558,24,36,32,32,32,32,18,8,0,32,0.8047,65536,9216,0.8594,56,43.1,True
mobilenetv2,Multiply_11558,24,37,32,32,32,32,20,9,0,32,0.7715,65536,11520,0.8242,59,48.1,True
mobilenetv2,Multiply_11558,24,38,32,32,32,32,19,9,0,32,0.7759,65536,10944,0.833,58,38.8,True
mobilenetv2,Multiply_11558,24,39,32,32,32,32,15,9,0,32,0.7935,65536,8640,0.8682,54,38.5,True
mobilenetv2,Multiply_11558,24,40,32,32,32,32,14,9,0,32,0.7979,65536,8064,0.877,53,38.5,True
mobilenetv2,Multiply_11558,24,41,32,32,32,32,20,9,0,32,0.7715,65536,11520,0.8242,59,198.8,True
mobilenetv2,Multiply_11558,24,42,32,32,32,32,18,9,0,32,0.7803,65536,10368,0.8418,57,51.4,True
mobilenetv2,Multiply_11558,24,43,32,32,32,32,20,8,0,32,0.7969,65536,10240,0.8438,58,47.9,True
mobilenetv2,Multiply_11558,24,44,32,32,32,32,19,8,0,32,0.8008,65536,9728,0.8516,57,59.2,True
mobilenetv2,Multiply_11558,24,45,32,32,32,32,15,8,0,32,0.8164,65536,7680,0.8828,53,178.4,True
mobilenetv2,Multiply_11558,24,46,32,32,32,32,14,8,0,32,0.8203,65536,7168,0.8906,52,55.4,True
mobilenetv2,Multiply_11558,24,47,32,32,32,32,20,8,0,32,0.7969,65536,10240,0.8438,58,38.0,True
mobilenetv2,Multiply_11558,24,48,32,32,32,32,18,8,0,32,0.8047,65536,9216,0.8594,56,60.5,True
mobilenetv2,Multiply_11558,24,49,32,32,32,32,20,8,0,32,0.7969,65536,10240,0.8438,58,38.0,True
mobilenetv2,Multiply_11558,24,50,32,32,32,32,19,8,0,32,0.8008,65536,9728,0.8516,57,51.6,True
mobilenetv2,Multiply_11558,24,51,32,32,32,32,15,8,0,32,0.8164,65536,7680,0.8828,53,59.8,True
mobilenetv2,Multiply_11558,24,52,32,32,32,32,14,8,0,32,0.8203,65536,7168,0.8906,52,39.3,True
mobilenetv2,Multiply_11558,24,53,32,32,32,32,20,8,0,32,0.7969,65536,10240,0.8438,58,39.2,True
mobilenetv2,Multiply_11558,24,54,32,32,32,32,18,8,0,32,0.8047,65536,9216,0.8594,56,38.3,True
mobilenetv2,Multiply_11558,24,55,32,32,32,32,20,8,0,32,0.7969,65536,10240,0.8438,58,194.8,True
mobilenetv2,Multiply_11558,24,56,32,32,32,32,19,8,0,32,0.8008,65536,9728,0.8516,57,38.8,True
mobilenetv2,Multiply_11558,24,57,32,32,32,32,15,8,0,32,0.8164,65536,7680,0.8828,53,39.2,True
mobilenetv2,Multiply_11558,24,58,32,32,32,32,14,8,0,32,0.8203,65536,7168,0.8906,52,47.0,True
mobilenetv2,Multiply_11558,24,59,32,32,32,32,20,8,0,32,0.7969,65536,10240,0.8438,58,73.0,True
mobilenetv2,Multiply_11558,24,60,32,32,32,32,18,8,0,32,0.8047,65536,9216,0.8594,56,39.1,True
mobilenetv2,Multiply_11558,24,61,32,32,32,32,20,9,0,32,0.7715,65536,11520,0.8242,59,41.6,True
mobilenetv2,Multiply_11558,24,62,32,32,32,32,19,9,0,32,0.7759,65536,10944,0.833,58,148.7,True
mobilenetv2,Multiply_11558,24,63,32,32,32,32,15,9,0,32,0.7935,65536,8640,0.8682,54,57.2,True
mobilenetv2,Multiply_11558,24,64,32,32,32,32,14,9,0,32,0.7979,65536,8064,0.877,53,79.6,True
mobilenetv2,Multiply_11558,24,65,32,32,32,32,20,9,0,32,0.7715,65536,11520,0.8242,59,84.6,True
mobilenetv2,Multiply_11558,24,66,32,32,32,32,18,9,0,32,0.7803,65536,10368,0.8418,57,37.8,True
mobilenetv2,Multiply_11558,24,67,32,32,32,32,20,9,0,32,0.7715,65536,11520,0.8242,59,41.1,True
mobilenetv2,Multiply_11558,24,68,32,32,32,32,19,9,0,32,0.7759,65536,10944,0.833,58,38.6,True
mobilenetv2,Multiply_11558,24,69,32,32,32,32,15,9,0,32,0.7935,65536,8640,0.8682,54,39.2,True
mobilenetv2,Multiply_11558,24,70,32,32,32,32,14,9,0,32,0.7979,65536,8064,0.877,53,42.0,True
mobilenetv2,Multiply_11558,24,71,32,32,32,32,20,9,0,32,0.7715,65536,11520,0.8242,59,39.2,True
mobilenetv2,Multiply_11558,24,72,32,32,32,32,18,9,0,32,0.7803,65536,10368,0.8418,57,178.6,True
mobilenetv2,Multiply_11558,24,73,32,32,32,32,20,9,0,32,0.7715,65536,11520,0.8242,59,41.4,True
mobilenetv2,Multiply_11558,24,74,32,32,32,32,19,9,0,32,0.7759,65536,10944,0.833,58,40.2,True
mobilenetv2,Multiply_11558,24,75,32,32,32,32,15,9,0,32,0.7935,65536,8640,0.8682,54,40.3,True
mobilenetv2,Multiply_11558,24,76,32,32,32,32,14,9,0,32,0.7979,65536,8064,0.877,53,38.9,True
mobilenetv2,Multiply_11558,24,77,32,32,32,32,20,9,0,32,0.7715,65536,11520,0.8242,59,39.1,True
mobilenetv2,Multiply_11558,24,78,32,32,32,32,18,9,0,32,0.7803,65536,10368,0.8418,57,51.5,True
mobilenetv2,Multiply_11558,24,79,32,32,32,32,20,9,0,32,0.7715,65536,11520,0.8242,59,135.9,True
mobilenetv2,Multiply_11558,24,80,32,32,32,32,19,9,0,32,0.7759,65536,10944,0.833,58,39.9,True
mobilenetv2,Multiply_11558,24,81,32,32,32,32,15,9,0,32,0.7935,65536,8640,0.8682,54,69.0,True
mobilenetv2,Multiply_11558,24,82,32,32,32,32,14,9,0,32,0.7979,65536,8064,0.877,53,181.2,True
mobilenetv2,Multiply_11558,24,83,32,32,32,32,20,9,0,32,0.7715,65536,11520,0.8242,59,198.2,True
mobilenetv2,Multiply_11558,24,84,32,32,32,32,18,9,0,32,0.7803,65536,10368,0.8418,57,38.8,True
mobilenetv2,Multiply_11558,24,85,32,32,32,32,20,9,0,32,0.7715,65536,11520,0.8242,59,44.6,True
mobilenetv2,Multiply_11558,24,86,32,32,32,32,19,9,0,32,0.7759,65536,10944,0.833,58,38.4,True
mobilenetv2,Multiply_11558,24,87,32,32,32,32,15,9,0,32,0.7935,65536,8640,0.8682,54,39.0,True
mobilenetv2,Multiply_11558,24,88,32,32,32,32,14,9,0,32,0.7979,65536,8064,0.877,53,41.0,True
mobilenetv2,Multiply_11558,24,89,32,32,32,32,20,9,0,32,0.7715,65536,11520,0.8242,59,45.2,True
mobilenetv2,Multiply_11558,24,90,32,32,32,32,18,9,0,32,0.7803,65536,10368,0.8418,57,119.3,True
mobilenetv2,Multiply_11558,24,91,32,32,32,32,20,9,0,32,0.7715,65536,11520,0.8242,59,42.9,True
mobilenetv2,Multiply_11558,24,92,32,32,32,32,19,9,0,32,0.7759,65536,10944,0.833,58,38.0,True
mobilenetv2,Multiply_11558,24,93,32,32,32,32,15,9,0,32,0.7935,65536,8640,0.8682,54,38.8,True
mobilenetv2,Multiply_11558,24,94,32,32,32,32,14,9,0,32,0.7979,65536,8064,0.877,53,79.4,True
mobilenetv2,Multiply_11558,24,95,32,32,32,32,20,9,0,32,0.7715,65536,11520,0.8242,59,95.2,True
mobilenetv2,Multiply_11558,24,96,32,32,32,32,18,9,0,32,0.7803,65536,10368,0.8418,57,43.2,True
mobilenetv2,Multiply_11558,24,97,32,32,32,32,20,9,0,32,0.7715,65536,11520,0.8242,59,37.8,True
mobilenetv2,Multiply_11558,24,98,32,32,32,32,19,9,0,32,0.7759,65536,10944,0.833,58,37.4,True
mobilenetv2,Multiply_11558,24,99,32,32,32,32,15,9,0,32,0.7935,65536,8640,0.8682,54,39.1,True
mobilenetv2,Multiply_11558,24,100,32,32,32,32,14,9,0,32,0.7979,65536,8064,0.877,53,38.1,True
mobilenetv2,Multiply_11558,24,101,32,32,32,32,20,9,0,32,0.7715,65536,11520,0.8242,59,38.2,True
mobilenetv2,Multiply_11558,24,102,32,32,32,32,18,9,0,32,0.7803,65536,10368,0.8418,57,59.6,True
mobilenetv2,Multiply_11558,24,103,32,32,32,32,20,9,0,32,0.7715,65536,11520,0.8242,59,48.0,True
mobilenetv2,Multiply_11558,24,104,32,32,32,32,19,9,0,32,0.7759,65536,10944,0.833,58,38.9,True
mobilenetv2,Multiply_11558,24,105,32,32,32,32,15,9,0,32,0.7935,65536,8640,0.8682,54,38.3,True
mobilenetv2,Multiply_11558,24,106,32,32,32,32,14,9,0,32,0.7979,65536,8064,0.877,53,38.7,True
mobilenetv2,Multiply_11558,24,107,32,32,32,32,20,9,0,32,0.7715,65536,11520,0.8242,59,40.3,True
mobilenetv2,Multiply_11558,24,108,32,32,32,32,18,9,0,32,0.7803,65536,10368,0.8418,57,38.5,True
mobilenetv2,Multiply_11558,24,109,32,32,32,32,20,9,0,32,0.7715,65536,11520,0.8242,59,110.4,True
mobilenetv2,Multiply_11558,24,110,32,32,32,32,19,9,0,32,0.7759,65536,10944,0.833,58,39.4,True
mobilenetv2,Multiply_11558,24,111,32,32,32,32,15,9,0,32,0.7935,65536,8640,0.8682,54,38.7,True
mobilenetv2,Multiply_11558,24,112,32,32,32,32,14,9,0,32,0.7979,65536,8064,0.877,53,38.7,True
mobilenetv2,Multiply_11558,24,113,32,32,32,32,20,9,0,32,0.7715,65536,11520,0.8242,59,161.7,True
mobilenetv2,Multiply_11558,24,114,32,32,32,32,18,9,0,32,0.7803,65536,10368,0.8418,57,38.7,True
mobilenetv2,Multiply_11558,24,115,32,32,32,32,20,10,0,32,0.7461,65536,12800,0.8047,60,41.1,True
mobilenetv2,Multiply_11558,24,116,32,32,32,32,19,10,0,32,0.751,65536,12160,0.8145,59,72.4,True
mobilenetv2,Multiply_11558,24,117,32,32,32,32,15,10,0,32,0.7705,65536,9600,0.8535,55,176.8,True
mobilenetv2,Multiply_11558,24,118,32,32,32,32,14,10,0,32,0.7754,65536,8960,0.8633,54,39.5,True
mobilenetv2,Multiply_11558,24,119,32,32,32,32,20,10,0,32,0.7461,65536,12800,0.8047,60,149.2,True
mobilenetv2,Multiply_11558,24,120,32,32,32,32,18,10,0,32,0.7559,65536,11520,0.8242,58,160.7,True
mobilenetv2,Multiply_11558,24,121,32,32,32,32,20,9,0,32,0.7715,65536,11520,0.8242,59,37.6,True
mobilenetv2,Multiply_11558,24,122,32,32,32,32,19,9,0,32,0.7759,65536,10944,0.833,58,38.7,True
mobilenetv2,Multiply_11558,24,123,32,32,32,32,15,9,0,32,0.7935,65536,8640,0.8682,54,66.2,True
mobilenetv2,Multiply_11558,24,124,32,32,32,32,14,9,0,32,0.7979,65536,8064,0.877,53,47.7,True
mobilenetv2,Multiply_11558,24,125,32,32,32,32,20,9,0,32,0.7715,65536,11520,0.8242,59,165.0,True
mobilenetv2,Multiply_11558,24,126,32,32,32,32,18,9,0,32,0.7803,65536,10368,0.8418,57,37.1,True
mobilenetv2,Multiply_11558,24,127,32,32,32,32,20,9,0,32,0.7715,65536,11520,0.8242,59,46.5,True
mobilenetv2,Multiply_11558,24,128,32,32,32,32,19,9,0,32,0.7759,65536,10944,0.833,58,39.1,True
mobilenetv2,Multiply_11558,24,129,32,32,32,32,15,9,0,32,0.7935,65536,8640,0.8682,54,42.2,True
mobilenetv2,Multiply_11558,24,130,32,32,32,32,14,9,0,32,0.7979,65536,8064,0.877,53,179.4,True
mobilenetv2,Multiply_11558,24,131,32,32,32,32,20,9,0,32,0.7715,65536,11520,0.8242,59,44.8,True
mobilenetv2,Multiply_11558,24,132,32,32,32,32,18,9,0,32,0.7803,65536,10368,0.8418,57,38.9,True
mobilenetv2,Multiply_11558,24,133,32,32,32,32,20,8,0,32,0.7969,65536,10240,0.8438,58,109.8,True
mobilenetv2,Multiply_11558,24,134,32,32,32,32,19,8,0,32,0.8008,65536,9728,0.8516,57,37.7,True
mobilenetv2,Multiply_11558,24,135,32,32,32,32,15,8,0,32,0.8164,65536,7680,0.8828,53,38.8,True
mobilenetv2,Multiply_11558,24,136,32,32,32,32,14,8,0,32,0.8203,65536,7168,0.8906,52,38.2,True
mobilenetv2,Multiply_11558,24,137,32,32,32,32,20,8,0,32,0.7969,65536,10240,0.8438,58,38.5,True
mobilenetv2,Multiply_11558,24,138,32,32,32,32,18,8,0,32,0.8047,65536,9216,0.8594,56,161.9,True
mobilenetv2,Multiply_11558,24,139,32,32,32,32,20,8,0,32,0.7969,65536,10240,0.8438,58,41.0,True
mobilenetv2,Multiply_11558,24,140,32,32,32,32,19,8,0,32,0.8008,65536,9728,0.8516,57,38.6,True
mobilenetv2,Multiply_11558,24,141,32,32,32,32,15,8,0,32,0.8164,65536,7680,0.8828,53,49.3,True
mobilenetv2,Multiply_11558,24,142,32,32,32,32,14,8,0,32,0.8203,65536,7168,0.8906,52,109.4,True
mobilenetv2,Multiply_11558,24,143,32,32,32,32,20,8,0,32,0.7969,65536,10240,0.8438,58,38.9,True
mobilenetv2,Multiply_11558,24,144,32,32,32,32,18,8,0,32,0.8047,65536,9216,0.8594,56,39.9,True
mobilenetv2,Multiply_11558,24,145,16,32,32,16,20,8,0,32,0.8125,32768,5120,0.8438,42,26.6,True
mobilenetv2,Multiply_11558,24,146,16,32,32,16,19,8,0,32,0.8177,32768,4864,0.8516,41,25.0,True
mobilenetv2,Multiply_11558,24,147,16,32,32,16,15,8,1,16,0.8385,32768,3840,0.8828,37,21.6,True
mobilenetv2,Multiply_11558,24,148,16,32,32,16,14,8,1,16,0.8438,32768,3584,0.8906,36,22.0,True
mobilenetv2,Multiply_11558,24,149,16,32,32,16,20,8,0,32,0.8125,32768,5120,0.8438,42,21.4,True
mobilenetv2,Multiply_11558,24,150,16,32,32,16,18,8,0,32,0.8229,32768,4608,0.8594,40,21.9,True
mobilenetv2,Multiply_11551,25,1,32,32,32,32,18,11,0,32,0.7314,65536,12672,0.8066,59,41.9,True
mobilenetv2,Multiply_11551,25,2,32,32,32,32,18,9,0,32,0.7803,65536,10368,0.8418,57,97.6,True
mobilenetv2,Multiply_11551,25,3,32,32,32,32,18,10,0,32,0.7559,65536,11520,0.8242,58,45.1,True
mobilenetv2,Multiply_11551,25,4,32,32,32,32,18,9,0,32,0.7803,65536,10368,0.8418,57,156.5,True
mobilenetv2,Multiply_11551,25,5,32,32,32,32,18,9,0,32,0.7803,65536,10368,0.8418,57,103.1,True
mobilenetv2,Multiply_11551,25,6,32,32,32,32,18,9,0,32,0.7803,65536,10368,0.8418,57,47.3,True
mobilenetv2,Multiply_11551,25,7,32,32,32,32,18,9,0,32,0.7803,65536,10368,0.8418,57,41.3,True
mobilenetv2,Multiply_11551,25,8,32,32,32,32,18,9,0,32,0.7803,65536,10368,0.8418,57,38.3,True
mobilenetv2,Multiply_11551,25,9,32,32,32,32,18,9,0,32,0.7803,65536,10368,0.8418,57,42.5,True
mobilenetv2,Multiply_11551,25,10,32,32,32,32,18,9,0,32,0.7803,65536,10368,0.8418,57,37.7,True
mobilenetv2,Multiply_11551,25,11,32,32,32,32,18,9,0,32,0.7803,65536,10368,0.8418,57,46.7,True
mobilenetv2,Multiply_11551,25,12,32,32,32,32,18,9,0,32,0.7803,65536,10368,0.8418,57,68.6,True
mobilenetv2,Multiply_11551,25,13,32,32,32,32,18,9,0,32,0.7803,65536,10368,0.8418,57,80.3,True
mobilenetv2,Multiply_11551,25,14,32,32,32,32,18,9,0,32,0.7803,65536,10368,0.8418,57,88.3,True
mobilenetv2,Multiply_11551,25,15,32,32,32,32,18,9,0,32,0.7803,65536,10368,0.8418,57,38.0,True
mobilenetv2,Multiply_11551,25,16,32,32,32,32,18,9,0,32,0.7803,65536,10368,0.8418,57,49.6,True
mobilenetv2,Multiply_11551,25,17,32,32,32,32,18,9,0,32,0.7803,65536,10368,0.8418,57,41.2,True
mobilenetv2,Multiply_11551,25,18,32,32,32,32,18,9,0,32,0.7803,65536,10368,0.8418,57,103.7,True
mobilenetv2,Multiply_11551,25,19,32,32,32,32,18,9,0,32,0.7803,65536,10368,0.8418,57,160.7,True
mobilenetv2,Multiply_11551,25,20,32,32,32,32,18,9,0,32,0.7803,65536,10368,0.8418,57,44.6,True
mobilenetv2,Multiply_11551,25,21,32,32,32,32,18,9,0,32,0.7803,65536,10368,0.8418,57,117.6,True
mobilenetv2,Multiply_11551,25,22,32,32,32,32,18,9,0,32,0.7803,65536,10368,0.8418,57,47.6,True
mobilenetv2,Multiply_11551,25,23,32,32,32,32,18,9,0,32,0.7803,65536,10368,0.8418,57,38.0,True
mobilenetv2,Multiply_11551,25,24,32,32,32,32,18,10,0,32,0.7559,65536,11520,0.8242,58,40.8,True
mobilenetv2,Multiply_11551,25,25,16,32,32,16,18,10,0,32,0.7786,32768,5760,0.8242,42,27.1,True
mobilenetv2,Multiply_11537,26,1,32,32,32,32,20,12,0,32,0.6953,65536,15360,0.7656,62,41.5,True
mobilenetv2,Multiply_11537,26,2,32,32,32,32,16,12,0,32,0.7188,65536,12288,0.8125,58,38.1,True
mobilenetv2,Multiply_11537,26,3,32,32,32,32,19,12,0,32,0.7012,65536,14592,0.7773,61,39.9,True
mobilenetv2,Multiply_11537,26,4,32,32,32,32,17,12,0,32,0.7129,65536,13056,0.8008,59,38.6,True
mobilenetv2,Multiply_11537,26,5,32,32,32,32,16,12,0,32,0.7188,65536,12288,0.8125,58,38.9,True
mobilenetv2,Multiply_11537,26,6,32,32,32,32,18,12,0,32,0.707,65536,13824,0.7891,60,37.7,True
mobilenetv2,Multiply_11537,26,7,32,32,32,32,20,11,0,32,0.7207,65536,14080,0.7852,61,63.5,True
mobilenetv2,Multiply_11537,26,8,32,32,32,32,16,11,0,32,0.7422,65536,11264,0.8281,57,38.3,True
mobilenetv2,Multiply_11537,26,9,32,32,32,32,19,11,0,32,0.7261,65536,13376,0.7959,60,59.8,True
mobilenetv2,Multiply_11537,26,10,32,32,32,32,17,11,0,32,0.7368,65536,11968,0.8174,58,146.4,True
mobilenetv2,Multiply_11537,26,11,32,32,32,32,16,11,0,32,0.7422,65536,11264,0.8281,57,62.0,True
mobilenetv2,Multiply_11537,26,12,32,32,32,32,18,11,0,32,0.7314,65536,12672,0.8066,59,38.9,True
mobilenetv2,Multiply_11537,26,13,32,32,32,32,20,13,0,32,0.6699,65536,16640,0.7461,63,45.6,True
mobilenetv2,Multiply_11537,26,14,32,32,32,32,16,13,0,32,0.6953,65536,13312,0.7969,59,39.2,True
mobilenetv2,Multiply_11537,26,15,32,32,32,32,19,13,0,32,0.6763,65536,15808,0.7588,62,38.0,True
mobilenetv2,Multiply_11537,26,16,32,32,32,32,17,13,0,32,0.689,65536,14144,0.7842,60,39.9,True
mobilenetv2,Multiply_11537,26,17,32,32,32,32,16,13,0,32,0.6953,65536,13312,0.7969,59,46.6,True
mobilenetv2,Multiply_11537,26,18,32,32,32,32,18,13,0,32,0.6826,65536,14976,0.7715,61,119.5,True
mobilenetv2,Multiply_11537,26,19,32,32,32,32,20,14,0,32,0.6445,65536,17920,0.7266,64,48.5,True
mobilenetv2,Multiply_11537,26,20,32,32,32,32,16,14,0,32,0.6719,65536,14336,0.7812,60,178.7,True
mobilenetv2,Multiply_11537,26,21,32,32,32,32,19,14,0,32,0.6514,65536,17024,0.7402,63,39.2,True
mobilenetv2,Multiply_11537,26,22,32,32,32,32,17,14,0,32,0.665,65536,15232,0.7676,61,38.5,True
mobilenetv2,Multiply_11537,26,23,32,32,32,32,16,14,0,32,0.6719,65536,14336,0.7812,60,40.7,True
mobilenetv2,Multiply_11537,26,24,32,32,32,32,18,14,0,32,0.6582,65536,16128,0.7539,62,39.0,True
mobilenetv2,Multiply_11537,26,25,32,32,32,32,20,14,0,32,0.6445,65536,17920,0.7266,64,194.0,True
mobilenetv2,Multiply_11537,26,26,32,32,32,32,16,14,0,32,0.6719,65536,14336,0.7812,60,38.9,True
mobilenetv2,Multiply_11537,26,27,32,32,32,32,19,14,0,32,0.6514,65536,17024,0.7402,63,37.7,True
mobilenetv2,Multiply_11537,26,28,32,32,32,32,17,14,0,32,0.665,65536,15232,0.7676,61,85.5,True
mobilenetv2,Multiply_11537,26,29,32,32,32,32,16,14,0,32,0.6719,65536,14336,0.7812,60,54.0,True
mobilenetv2,Multiply_11537,26,30,32,32,32,32,18,14,0,32,0.6582,65536,16128,0.7539,62,38.5,True
mobilenetv2,Multiply_11537,26,31,32,32,32,32,20,14,0,32,0.6445,65536,17920,0.7266,64,38.4,True
mobilenetv2,Multiply_11537,26,32,32,32,32,32,16,14,0,32,0.6719,65536,14336,0.7812,60,60.6,True
mobilenetv2,Multiply_11537,26,33,32,32,32,32,19,14,0,32,0.6514,65536,17024,0.7402,63,41.6,True
mobilenetv2,Multiply_11537,26,34,32,32,32,32,17,14,0,32,0.665,65536,15232,0.7676,61,38.5,True
mobilenetv2,Multiply_11537,26,35,32,32,32,32,16,14,0,32,0.6719,65536,14336,0.7812,60,39.1,True
mobilenetv2,Multiply_11537,26,36,32,32,32,32,18,14,0,32,0.6582,65536,16128,0.7539,62,38.7,True
mobilenetv2,Multiply_11537,26,37,32,32,32,32,20,14,0,32,0.6445,65536,17920,0.7266,64,38.1,True
mobilenetv2,Multiply_11537,26,38,32,32,32,32,16,14,0,32,0.6719,65536,14336,0.7812,60,38.7,True
mobilenetv2,Multiply_11537,26,39,32,32,32,32,19,14,0,32,0.6514,65536,17024,0.7402,63,38.8,True
mobilenetv2,Multiply_11537,26,40,32,32,32,32,17,14,0,32,0.665,65536,15232,0.7676,61,39.6,True
mobilenetv2,Multiply_11537,26,41,32,32,32,32,16,14,0,32,0.6719,65536,14336,0.7812,60,38.0,True
mobilenetv2,Multiply_11537,26,42,32,32,32,32,18,14,0,32,0.6582,65536,16128,0.7539,62,47.9,True
mobilenetv2,Multiply_11537,26,43,32,32,32,32,20,15,0,32,0.6191,65536,19200,0.707,65,194.5,True
mobilenetv2,Multiply_11537,26,44,32,32,32,32,16,15,0,32,0.6484,65536,15360,0.7656,61,38.6,True
mobilenetv2,Multiply_11537,26,45,32,32,32,32,19,15,0,32,0.6265,65536,18240,0.7217,64,177.6,True
mobilenetv2,Multiply_11537,26,46,32,32,32,32,17,15,0,32,0.6411,65536,16320,0.751,62,64.3,True
mobilenetv2,Multiply_11537,26,47,32,32,32,32,16,15,0,32,0.6484,65536,15360,0.7656,61,85.4,True
mobilenetv2,Multiply_11537,26,48,32,32,32,32,18,15,0,32,0.6338,65536,17280,0.7363,63,177.9,True
mobilenetv2,Multiply_11537,26,49,32,32,32,32,20,12,0,32,0.6953,65536,15360,0.7656,62,71.1,True
mobilenetv2,Multiply_11537,26,50,32,32,32,32,16,12,0,32,0.7188,65536,12288,0.8125,58,38.5,True
mobilenetv2,Multiply_11537,26,51,32,32,32,32,19,12,0,32,0.7012,65536,14592,0.7773,61,137.2,True
mobilenetv2,Multiply_11537,26,52,32,32,32,32,17,12,0,32,0.7129,65536,13056,0.8008,59,41.0,True
mobilenetv2,Multiply_11537,26,53,32,32,32,32,16,12,0,32,0.7188,65536,12288,0.8125,58,39.7,True
mobilenetv2,Multiply_11537,26,54,32,32,32,32,18,12,0,32,0.707,65536,13824,0.7891,60,38.9,True
mobilenetv2,Multiply_11537,26,55,32,32,32,32,20,13,0,32,0.6699,65536,16640,0.7461,63,47.5,True
mobilenetv2,Multiply_11537,26,56,32,32,32,32,16,13,0,32,0.6953,65536,13312,0.7969,59,38.8,True
mobilenetv2,Multiply_11537,26,57,32,32,32,32,19,13,0,32,0.6763,65536,15808,0.7588,62,71.6,True
mobilenetv2,Multiply_11537,26,58,32,32,32,32,17,13,0,32,0.689,65536,14144,0.7842,60,39.8,True
mobilenetv2,Multiply_11537,26,59,32,32,32,32,16,13,0,32,0.6953,65536,13312,0.7969,59,61.5,True
mobilenetv2,Multiply_11537,26,60,32,32,32,32,18,13,0,32,0.6826,65536,14976,0.7715,61,39.3,True
mobilenetv2,Multiply_11537,26,61,32,32,32,32,20,14,0,32,0.6445,65536,17920,0.7266,64,37.1,True
mobilenetv2,Multiply_11537,26,62,32,32,32,32,16,14,0,32,0.6719,65536,14336,0.7812,60,69.3,True
mobilenetv2,Multiply_11537,26,63,32,32,32,32,19,14,0,32,0.6514,65536,17024,0.7402,63,45.8,True
mobilenetv2,Multiply_11537,26,64,32,32,32,32,17,14,0,32,0.665,65536,15232,0.7676,61,61.0,True
mobilenetv2,Multiply_11537,26,65,32,32,32,32,16,14,0,32,0.6719,65536,14336,0.7812,60,39.0,True
mobilenetv2,Multiply_11537,26,66,32,32,32,32,18,14,0,32,0.6582,65536,16128,0.7539,62,39.4,True
mobilenetv2,Multiply_11537,26,67,32,32,32,32,20,12,0,32,0.6953,65536,15360,0.7656,62,37.9,True
mobilenetv2,Multiply_11537,26,68,32,32,32,32,16,12,0,32,0.7188,65536,12288,0.8125,58,38.2,True
mobilenetv2,Multiply_11537,26,69,32,32,32,32,19,12,0,32,0.7012,65536,14592,0.7773,61,38.6,True
mobilenetv2,Multiply_11537,26,70,32,32,32,32,17,12,0,32,0.7129,65536,13056,0.8008,59,48.8,True
mobilenetv2,Multiply_11537,26,71,32,32,32,32,16,12,0,32,0.7188,65536,12288,0.8125,58,60.5,True
mobilenetv2,Multiply_11537,26,72,32,32,32,32,18,12,0,32,0.707,65536,13824,0.7891,60,39.2,True
mobilenetv2,Multiply_11537,26,73,32,32,32,32,20,11,0,32,0.7207,65536,14080,0.7852,61,394.6,True
mobilenetv2,Multiply_11537,26,74,32,32,32,32,16,11,0,32,0.7422,65536,11264,0.8281,57,193.4,True
mobilenetv2,Multiply_11537,26,75,32,32,32,32,19,11,0,32,0.7261,65536,13376,0.7959,60,39.5,True
mobilenetv2,Multiply_11537,26,76,32,32,32,32,17,11,0,32,0.7368,65536,11968,0.8174,58,38.8,True
mobilenetv2,Multiply_11537,26,77,32,32,32,32,16,11,0,32,0.7422,65536,11264,0.8281,57,43.3,True
mobilenetv2,Multiply_11537,26,78,32,32,32,32,18,11,0,32,0.7314,65536,12672,0.8066,59,38.4,True
mobilenetv2,Multiply_11537,26,79,32,32,32,32,20,12,0,32,0.6953,65536,15360,0.7656,62,45.6,True
mobilenetv2,Multiply_11537,26,80,32,32,32,32,16,12,0,32,0.7188,65536,12288,0.8125,58,177.1,True
mobilenetv2,Multiply_11537,26,81,32,32,32,32,19,12,0,32,0.7012,65536,14592,0.7773,61,39.2,True
mobilenetv2,Multiply_11537,26,82,32,32,32,32,17,12,0,32,0.7129,65536,13056,0.8008,59,37.3,True
mobilenetv2,Multiply_11537,26,83,32,32,32,32,16,12,0,32,0.7188,65536,12288,0.8125,58,40.6,True
mobilenetv2,Multiply_11537,26,84,32,32,32,32,18,12,0,32,0.707,65536,13824,0.7891,60,89.1,True
mobilenetv2,Multiply_11537,26,85,32,32,32,32,20,12,0,32,0.6953,65536,15360,0.7656,62,42.0,True
mobilenetv2,Multiply_11537,26,86,32,32,32,32,16,12,0,32,0.7188,65536,12288,0.8125,58,39.5,True
mobilenetv2,Multiply_11537,26,87,32,32,32,32,19,12,0,32,0.7012,65536,14592,0.7773,61,75.1,True
mobilenetv2,Multiply_11537,26,88,32,32,32,32,17,12,0,32,0.7129,65536,13056,0.8008,59,39.1,True
mobilenetv2,Multiply_11537,26,89,32,32,32,32,16,12,0,32,0.7188,65536,12288,0.8125,58,111.7,True
mobilenetv2,Multiply_11537,26,90,32,32,32,32,18,12,0,32,0.707,65536,13824,0.7891,60,38.9,True
mobilenetv2,Multiply_11537,26,91,32,32,32,32,20,13,0,32,0.6699,65536,16640,0.7461,63,38.0,True
mobilenetv2,Multiply_11537,26,92,32,32,32,32,16,13,0,32,0.6953,65536,13312,0.7969,59,38.5,True
mobilenetv2,Multiply_11537,26,93,32,32,32,32,19,13,0,32,0.6763,65536,15808,0.7588,62,37.7,True
mobilenetv2,Multiply_11537,26,94,32,32,32,32,17,13,0,32,0.689,65536,14144,0.7842,60,179.2,True
mobilenetv2,Multiply_11537,26,95,32,32,32,32,16,13,0,32,0.6953,65536,13312,0.7969,59,81.1,True
mobilenetv2,Multiply_11537,26,96,32,32,32,32,18,13,0,32,0.6826,65536,14976,0.7715,61,39.0,True
mobilenetv2,Multiply_11537,26,97,32,32,32,32,20,13,0,32,0.6699,65536,16640,0.7461,63,38.1,True
mobilenetv2,Multiply_11537,26,98,32,32,32,32,16,13,0,32,0.6953,65536,13312,0.7969,59,48.1,True
mobilenetv2,Multiply_11537,26,99,32,32,32,32,19,13,0,32,0.6763,65536,15808,0.7588,62,177.7,True
mobilenetv2,Multiply_11537,26,100,32,32,32,32,17,13,0,32,0.689,65536,14144,0.7842,60,38.6,True
mobilenetv2,Multiply_11537,26,101,32,32,32,32,16,13,0,32,0.6953,65536,13312,0.7969,59,177.7,True
mobilenetv2,Multiply_11537,26,102,32,32,32,32,18,13,0,32,0.6826,65536,14976,0.7715,61,38.1,True
mobilenetv2,Multiply_11537,26,103,32,32,32,32,20,14,0,32,0.6445,65536,17920,0.7266,64,48.2,True
mobilenetv2,Multiply_11537,26,104,32,32,32,32,16,14,0,32,0.6719,65536,14336,0.7812,60,79.0,True
mobilenetv2,Multiply_11537,26,105,32,32,32,32,19,14,0,32,0.6514,65536,17024,0.7402,63,107.5,True
mobilenetv2,Multiply_11537,26,106,32,32,32,32,17,14,0,32,0.665,65536,15232,0.7676,61,38.4,True
mobilenetv2,Multiply_11537,26,107,32,32,32,32,16,14,0,32,0.6719,65536,14336,0.7812,60,197.9,True
mobilenetv2,Multiply_11537,26,108,32,32,32,32,18,14,0,32,0.6582,65536,16128,0.7539,62,38.7,True
mobilenetv2,Multiply_11537,26,109,32,32,32,32,20,13,0,32,0.6699,65536,16640,0.7461,63,42.9,True
mobilenetv2,Multiply_11537,26,110,32,32,32,32,16,13,0,32,0.6953,65536,13312,0.7969,59,38.5,True
mobilenetv2,Multiply_11537,26,111,32,32,32,32,19,13,0,32,0.6763,65536,15808,0.7588,62,38.9,True
mobilenetv2,Multiply_11537,26,112,32,32,32,32,17,13,0,32,0.689,65536,14144,0.7842,60,38.7,True
mobilenetv2,Multiply_11537,26,113,32,32,32,32,16,13,0,32,0.6953,65536,13312,0.7969,59,40.5,True
mobilenetv2,Multiply_11537,26,114,32,32,32,32,18,13,0,32,0.6826,65536,14976,0.7715,61,164.7,True
mobilenetv2,Multiply_11537,26,115,32,32,32,32,20,13,0,32,0.6699,65536,16640,0.7461,63,106.0,True
mobilenetv2,Multiply_11537,26,116,32,32,32,32,16,13,0,32,0.6953,65536,13312,0.7969,59,162.0,True
mobilenetv2,Multiply_11537,26,117,32,32,32,32,19,13,0,32,0.6763,65536,15808,0.7588,62,94.0,True
mobilenetv2,Multiply_11537,26,118,32,32,32,32,17,13,0,32,0.689,65536,14144,0.7842,60,40.0,True
mobilenetv2,Multiply_11537,26,119,32,32,32,32,16,13,0,32,0.6953,65536,13312,0.7969,59,48.8,True
mobilenetv2,Multiply_11537,26,120,32,32,32,32,18,13,0,32,0.6826,65536,14976,0.7715,61,178.7,True
mobilenetv2,Multiply_11537,26,121,32,32,32,32,20,13,0,32,0.6699,65536,16640,0.7461,63,41.9,True
mobilenetv2,Multiply_11537,26,122,32,32,32,32,16,13,0,32,0.6953,65536,13312,0.7969,59,44.7,True
mobilenetv2,Multiply_11537,26,123,32,32,32,32,19,13,0,32,0.6763,65536,15808,0.7588,62,69.0,True
mobilenetv2,Multiply_11537,26,124,32,32,32,32,17,13,0,32,0.689,65536,14144,0.7842,60,191.8,True
mobilenetv2,Multiply_11537,26,125,32,32,32,32,16,13,0,32,0.6953,65536,13312,0.7969,59,164.2,True
mobilenetv2,Multiply_11537,26,126,32,32,32,32,18,13,0,32,0.6826,65536,14976,0.7715,61,242.1,True
mobilenetv2,Multiply_11537,26,127,32,32,32,32,20,13,0,32,0.6699,65536,16640,0.7461,63,181.6,True
mobilenetv2,Multiply_11537,26,128,32,32,32,32,16,13,0,32,0.6953,65536,13312,0.7969,59,65.3,True
mobilenetv2,Multiply_11537,26,129,32,32,32,32,19,13,0,32,0.6763,65536,15808,0.7588,62,39.0,True
mobilenetv2,Multiply_11537,26,130,32,32,32,32,17,13,0,32,0.689,65536,14144,0.7842,60,70.4,True
mobilenetv2,Multiply_11537,26,131,32,32,32,32,16,13,0,32,0.6953,65536,13312,0.7969,59,94.0,True
mobilenetv2,Multiply_11537,26,132,32,32,32,32,18,13,0,32,0.6826,65536,14976,0.7715,61,234.7,True
mobilenetv2,Multiply_11537,26,133,32,32,32,32,20,13,0,32,0.6699,65536,16640,0.7461,63,44.4,True
mobilenetv2,Multiply_11537,26,134,32,32,32,32,16,13,0,32,0.6953,65536,13312,0.7969,59,113.8,True
mobilenetv2,Multiply_11537,26,135,32,32,32,32,19,13,0,32,0.6763,65536,15808,0.7588,62,38.6,True
mobilenetv2,Multiply_11537,26,136,32,32,32,32,17,13,0,32,0.689,65536,14144,0.7842,60,70.7,True
mobilenetv2,Multiply_11537,26,137,32,32,32,32,16,13,0,32,0.6953,65536,13312,0.7969,59,38.8,True
mobilenetv2,Multiply_11537,26,138,32,32,32,32,18,13,0,32,0.6826,65536,14976,0.7715,61,69.2,True
mobilenetv2,Multiply_11537,26,139,32,32,32,32,20,12,0,32,0.6953,65536,15360,0.7656,62,37.9,True
mobilenetv2,Multiply_11537,26,140,32,32,32,32,16,12,0,32,0.7188,65536,12288,0.8125,58,40.5,True
mobilenetv2,Multiply_11537,26,141,32,32,32,32,19,12,0,32,0.7012,65536,14592,0.7773,61,41.7,True
mobilenetv2,Multiply_11537,26,142,32,32,32,32,17,12,0,32,0.7129,65536,13056,0.8008,59,38.4,True
mobilenetv2,Multiply_11537,26,143,32,32,32,32,16,12,0,32,0.7188,65536,12288,0.8125,58,40.1,True
mobilenetv2,Multiply_11537,26,144,32,32,32,32,18,12,0,32,0.707,65536,13824,0.7891,60,39.2,True
mobilenetv2,Multiply_11537,26,145,16,32,32,16,20,9,0,32,0.7891,32768,5760,0.8242,43,28.3,True
mobilenetv2,Multiply_11537,26,146,16,32,32,16,16,9,1,16,0.8125,32768,4608,0.8594,39,47.6,True
mobilenetv2,Multiply_11537,26,147,16,32,32,16,19,9,0,32,0.7949,32768,5472,0.833,42,31.3,True
mobilenetv2,Multiply_11537,26,148,16,32,32,16,17,9,0,32,0.8066,32768,4896,0.8506,40,22.4,True
mobilenetv2,Multiply_11537,26,149,16,32,32,16,16,9,1,16,0.8125,32768,4608,0.8594,39,21.5,True
mobilenetv2,Multiply_11537,26,150,16,32,32,16,18,9,0,32,0.8008,32768,5184,0.8418,41,20.5,True
mobilenetv2,Multiply_11530,27,1,32,32,32,32,18,13,0,32,0.6826,65536,14976,0.7715,61,42.0,True
mobilenetv2,Multiply_11530,27,2,32,32,32,32,18,13,0,32,0.6826,65536,14976,0.7715,61,57.2,True
mobilenetv2,Multiply_11530,27,3,32,32,32,32,18,13,0,32,0.6826,65536,14976,0.7715,61,41.0,True
mobilenetv2,Multiply_11530,27,4,32,32,32,32,18,14,0,32,0.6582,65536,16128,0.7539,62,48.5,True
mobilenetv2,Multiply_11530,27,5,32,32,32,32,18,13,0,32,0.6826,65536,14976,0.7715,61,40.4,True
mobilenetv2,Multiply_11530,27,6,32,32,32,32,18,14,0,32,0.6582,65536,16128,0.7539,62,40.7,True
mobilenetv2,Multiply_11530,27,7,32,32,32,32,18,14,0,32,0.6582,65536,16128,0.7539,62,36.7,True
mobilenetv2,Multiply_11530,27,8,32,32,32,32,18,14,0,32,0.6582,65536,16128,0.7539,62,41.6,True
mobilenetv2,Multiply_11530,27,9,32,32,32,32,18,13,0,32,0.6826,65536,14976,0.7715,61,38.0,True
mobilenetv2,Multiply_11530,27,10,32,32,32,32,18,13,0,32,0.6826,65536,14976,0.7715,61,41.8,True
mobilenetv2,Multiply_11530,27,11,32,32,32,32,18,13,0,32,0.6826,65536,14976,0.7715,61,125.6,True
mobilenetv2,Multiply_11530,27,12,32,32,32,32,18,13,0,32,0.6826,65536,14976,0.7715,61,39.6,True
mobilenetv2,Multiply_11530,27,13,32,32,32,32,18,13,0,32,0.6826,65536,14976,0.7715,61,47.7,True
mobilenetv2,Multiply_11530,27,14,32,32,32,32,18,13,0,32,0.6826,65536,14976,0.7715,61,40.5,True
mobilenetv2,Multiply_11530,27,15,32,32,32,32,18,13,0,32,0.6826,65536,14976,0.7715,61,59.9,True
mobilenetv2,Multiply_11530,27,16,32,32,32,32,18,13,0,32,0.6826,65536,14976,0.7715,61,80.4,True
mobilenetv2,Multiply_11530,27,17,32,32,32,32,18,13,0,32,0.6826,65536,14976,0.7715,61,38.0,True
mobilenetv2,Multiply_11530,27,18,32,32,32,32,18,13,0,32,0.6826,65536,14976,0.7715,61,50.4,True
mobilenetv2,Multiply_11530,27,19,32,32,32,32,18,13,0,32,0.6826,65536,14976,0.7715,61,37.7,True
mobilenetv2,Multiply_11530,27,20,32,32,32,32,18,14,0,32,0.6582,65536,16128,0.7539,62,46.8,True
mobilenetv2,Multiply_11530,27,21,32,32,32,32,18,14,0,32,0.6582,65536,16128,0.7539,62,37.6,True
mobilenetv2,Multiply_11530,27,22,32,32,32,32,18,14,0,32,0.6582,65536,16128,0.7539,62,221.3,True
mobilenetv2,Multiply_11530,27,23,32,32,32,32,18,13,0,32,0.6826,65536,14976,0.7715,61,80.0,True
mobilenetv2,Multiply_11530,27,24,32,32,32,32,18,13,0,32,0.6826,65536,14976,0.7715,61,51.6,True
mobilenetv2,Multiply_11530,27,25,16,32,32,16,18,13,0,32,0.7122,32768,7488,0.7715,45,31.3,True
mobilenetv2,Multiply_11516,28,1,32,32,24,32,17,13,0,32,0.6445,49152,14144,0.7122,60,29.8,True
mobilenetv2,Multiply_11516,28,2,32,32,24,32,18,13,0,32,0.6373,49152,14976,0.6953,61,95.2,True
mobilenetv2,Multiply_11516,28,3,32,32,24,32,22,13,0,32,0.6083,49152,18304,0.6276,65,28.5,True
mobilenetv2,Multiply_11516,28,4,32,32,24,32,12,13,0,32,0.6808,49152,9984,0.7969,55,28.8,True
mobilenetv2,Multiply_11516,28,5,32,16,24,32,10,13,0,32,0.6122,24576,8320,0.6615,53,19.2,True
mobilenetv2,Multiply_11516,28,6,32,32,24,32,17,13,0,32,0.6445,49152,14144,0.7122,60,105.7,True
mobilenetv2,Multiply_11516,28,7,32,32,24,32,18,13,0,32,0.6373,49152,14976,0.6953,61,27.8,True
mobilenetv2,Multiply_11516,28,8,32,32,24,32,22,13,0,32,0.6083,49152,18304,0.6276,65,46.3,True
mobilenetv2,Multiply_11516,28,9,32,32,24,32,12,13,0,32,0.6808,49152,9984,0.7969,55,28.8,True
mobilenetv2,Multiply_11516,28,10,32,16,24,32,10,13,0,32,0.6122,24576,8320,0.6615,53,17.1,True
mobilenetv2,Multiply_11516,28,11,32,32,24,32,17,11,0,32,0.6992,49152,11968,0.7565,58,162.1,True
mobilenetv2,Multiply_11516,28,12,32,32,24,32,18,11,0,32,0.6931,49152,12672,0.7422,59,58.7,True
mobilenetv2,Multiply_11516,28,13,32,32,24,32,22,11,0,32,0.6685,49152,15488,0.6849,63,142.3,True
mobilenetv2,Multiply_11516,28,14,32,32,24,32,12,11,0,32,0.7299,49152,8448,0.8281,53,28.7,True
mobilenetv2,Multiply_11516,28,15,32,16,24,32,10,11,0,32,0.6719,24576,7040,0.7135,51,17.2,True
mobilenetv2,Multiply_11516,28,16,32,32,24,32,17,13,0,32,0.6445,49152,14144,0.7122,60,27.8,True
mobilenetv2,Multiply_11516,28,17,32,32,24,32,18,13,0,32,0.6373,49152,14976,0.6953,61,67.8,True
mobilenetv2,Multiply_11516,28,18,32,32,24,32,22,13,0,32,0.6083,49152,18304,0.6276,65,92.1,True
mobilenetv2,Multiply_11516,28,19,32,32,24,32,12,13,0,32,0.6808,49152,9984,0.7969,55,30.2,True
mobilenetv2,Multiply_11516,28,20,32,16,24,32,10,13,0,32,0.6122,24576,8320,0.6615,53,21.8,True
mobilenetv2,Multiply_11516,28,21,32,32,24,32,17,11,0,32,0.6992,49152,11968,0.7565,58,26.6,True
mobilenetv2,Multiply_11516,28,22,32,32,24,32,18,11,0,32,0.6931,49152,12672,0.7422,59,28.0,True
mobilenetv2,Multiply_11516,28,23,32,32,24,32,22,11,0,32,0.6685,49152,15488,0.6849,63,31.6,True
mobilenetv2,Multiply_11516,28,24,32,32,24,32,12,11,0,32,0.7299,49152,8448,0.8281,53,28.7,True
mobilenetv2,Multiply_11516,28,25,32,16,24,32,10,11,0,32,0.6719,24576,7040,0.7135,51,24.5,True
mobilenetv2,Multiply_11516,28,26,32,32,24,32,17,13,0,32,0.6445,49152,14144,0.7122,60,27.9,True
mobilenetv2,Multiply_11516,28,27,32,32,24,32,18,13,0,32,0.6373,49152,14976,0.6953,61,28.9,True
mobilenetv2,Multiply_11516,28,28,32,32,24,32,22,13,0,32,0.6083,49152,18304,0.6276,65,29.4,True
mobilenetv2,Multiply_11516,28,29,32,32,24,32,12,13,0,32,0.6808,49152,9984,0.7969,55,29.7,True
mobilenetv2,Multiply_11516,28,30,32,16,24,32,10,13,0,32,0.6122,24576,8320,0.6615,53,16.4,True
mobilenetv2,Multiply_11516,28,31,32,32,24,32,17,12,0,32,0.6719,49152,13056,0.7344,59,29.0,True
mobilenetv2,Multiply_11516,28,32,32,32,24,32,18,12,0,32,0.6652,49152,13824,0.7188,60,53.9,True
mobilenetv2,Multiply_11516,28,33,32,32,24,32,22,12,0,32,0.6384,49152,16896,0.6562,64,33.5,True
mobilenetv2,Multiply_11516,28,34,32,32,24,32,12,12,0,32,0.7054,49152,9216,0.8125,54,28.2,True
mobilenetv2,Multiply_11516,28,35,32,16,24,32,10,12,0,32,0.642,24576,7680,0.6875,52,129.8,True
mobilenetv2,Multiply_11516,28,36,32,32,24,32,17,12,0,32,0.6719,49152,13056,0.7344,59,33.5,True
mobilenetv2,Multiply_11516,28,37,32,32,24,32,18,12,0,32,0.6652,49152,13824,0.7188,60,28.5,True
mobilenetv2,Multiply_11516,28,38,32,32,24,32,22,12,0,32,0.6384,49152,16896,0.6562,64,43.7,True
mobilenetv2,Multiply_11516,28,39,32,32,24,32,12,12,0,32,0.7054,49152,9216,0.8125,54,107.9,True
mobilenetv2,Multiply_11516,28,40,32,16,24,32,10,12,0,32,0.642,24576,7680,0.6875,52,20.5,True
mobilenetv2,Multiply_11516,28,41,32,32,24,32,17,13,0,32,0.6445,49152,14144,0.7122,60,28.3,True
mobilenetv2,Multiply_11516,28,42,32,32,24,32,18,13,0,32,0.6373,49152,14976,0.6953,61,43.4,True
mobilenetv2,Multiply_11516,28,43,32,32,24,32,22,13,0,32,0.6083,49152,18304,0.6276,65,121.3,True
mobilenetv2,Multiply_11516,28,44,32,32,24,32,12,13,0,32,0.6808,49152,9984,0.7969,55,28.5,True
mobilenetv2,Multiply_11516,28,45,32,16,24,32,10,13,0,32,0.6122,24576,8320,0.6615,53,73.6,True
mobilenetv2,Multiply_11516,28,46,32,32,24,32,17,10,0,32,0.7266,49152,10880,0.7786,57,36.3,True
mobilenetv2,Multiply_11516,28,47,32,32,24,32,18,10,0,32,0.721,49152,11520,0.7656,58,143.3,True
mobilenetv2,Multiply_11516,28,48,32,32,24,32,22,10,0,32,0.6987,49152,14080,0.7135,62,28.6,True
mobilenetv2,Multiply_11516,28,49,32,32,24,32,12,10,0,32,0.7545,49152,7680,0.8438,52,116.7,True
mobilenetv2,Multiply_11516,28,50,32,16,24,32,10,10,0,32,0.7017,24576,6400,0.7396,50,16.6,True
mobilenetv2,Multiply_11516,28,51,32,32,24,32,17,13,0,32,0.6445,49152,14144,0.7122,60,27.8,True
mobilenetv2,Multiply_11516,28,52,32,32,24,32,18,13,0,32,0.6373,49152,14976,0.6953,61,116.5,True
mobilenetv2,Multiply_11516,28,53,32,32,24,32,22,13,0,32,0.6083,49152,18304,0.6276,65,27.6,True
mobilenetv2,Multiply_11516,28,54,32,32,24,32,12,13,0,32,0.6808,49152,9984,0.7969,55,142.1,True
mobilenetv2,Multiply_11516,28,55,32,16,24,32,10,13,0,32,0.6122,24576,8320,0.6615,53,16.7,True
mobilenetv2,Multiply_11516,28,56,32,32,24,32,17,11,0,32,0.6992,49152,11968,0.7565,58,28.6,True
mobilenetv2,Multiply_11516,28,57,32,32,24,32,18,11,0,32,0.6931,49152,12672,0.7422,59,28.2,True
mobilenetv2,Multiply_11516,28,58,32,32,24,32,22,11,0,32,0.6685,49152,15488,0.6849,63,75.4,True
mobilenetv2,Multiply_11516,28,59,32,32,24,32,12,11,0,32,0.7299,49152,8448,0.8281,53,28.9,True
mobilenetv2,Multiply_11516,28,60,32,16,24,32,10,11,0,32,0.6719,24576,7040,0.7135,51,71.7,True
mobilenetv2,Multiply_11516,28,61,32,32,24,32,17,13,0,32,0.6445,49152,14144,0.7122,60,34.8,True
mobilenetv2,Multiply_11516,28,62,32,32,24,32,18,13,0,32,0.6373,49152,14976,0.6953,61,33.7,True
mobilenetv2,Multiply_11516,28,63,32,32,24,32,22,13,0,32,0.6083,49152,18304,0.6276,65,28.6,True
mobilenetv2,Multiply_11516,28,64,32,32,24,32,12,13,0,32,0.6808,49152,9984,0.7969,55,27.3,True
mobilenetv2,Multiply_11516,28,65,32,16,24,32,10,13,0,32,0.6122,24576,8320,0.6615,53,16.9,True
mobilenetv2,Multiply_11516,28,66,32,32,24,32,17,12,0,32,0.6719,49152,13056,0.7344,59,30.3,True
mobilenetv2,Multiply_11516,28,67,32,32,24,32,18,12,0,32,0.6652,49152,13824,0.7188,60,29.1,True
mobilenetv2,Multiply_11516,28,68,32,32,24,32,22,12,0,32,0.6384,49152,16896,0.6562,64,28.7,True
mobilenetv2,Multiply_11516,28,69,32,32,24,32,12,12,0,32,0.7054,49152,9216,0.8125,54,119.5,True
mobilenetv2,Multiply_11516,28,70,32,16,24,32,10,12,0,32,0.642,24576,7680,0.6875,52,17.1,True
mobilenetv2,Multiply_11516,28,71,32,32,24,32,17,12,0,32,0.6719,49152,13056,0.7344,59,27.1,True
mobilenetv2,Multiply_11516,28,72,32,32,24,32,18,12,0,32,0.6652,49152,13824,0.7188,60,29.1,True
mobilenetv2,Multiply_11516,28,73,32,32,24,32,22,12,0,32,0.6384,49152,16896,0.6562,64,27.9,True
mobilenetv2,Multiply_11516,28,74,32,32,24,32,12,12,0,32,0.7054,49152,9216,0.8125,54,39.3,True
mobilenetv2,Multiply_11516,28,75,32,16,24,32,10,12,0,32,0.642,24576,7680,0.6875,52,56.9,True
mobilenetv2,Multiply_11516,28,76,32,32,24,32,17,11,0,32,0.6992,49152,11968,0.7565,58,28.0,True
mobilenetv2,Multiply_11516,28,77,32,32,24,32,18,11,0,32,0.6931,49152,12672,0.7422,59,28.3,True
mobilenetv2,Multiply_11516,28,78,32,32,24,32,22,11,0,32,0.6685,49152,15488,0.6849,63,27.5,True
mobilenetv2,Multiply_11516,28,79,32,32,24,32,12,11,0,32,0.7299,49152,8448,0.8281,53,116.0,True
mobilenetv2,Multiply_11516,28,80,32,16,24,32,10,11,0,32,0.6719,24576,7040,0.7135,51,17.5,True
mobilenetv2,Multiply_11516,28,81,32,32,24,32,17,11,0,32,0.6992,49152,11968,0.7565,58,27.2,True
mobilenetv2,Multiply_11516,28,82,32,32,24,32,18,11,0,32,0.6931,49152,12672,0.7422,59,31.4,True
mobilenetv2,Multiply_11516,28,83,32,32,24,32,22,11,0,32,0.6685,49152,15488,0.6849,63,41.7,True
mobilenetv2,Multiply_11516,28,84,32,32,24,32,12,11,0,32,0.7299,49152,8448,0.8281,53,51.3,True
mobilenetv2,Multiply_11516,28,85,32,16,24,32,10,11,0,32,0.6719,24576,7040,0.7135,51,15.9,True
mobilenetv2,Multiply_11516,28,86,32,32,24,32,17,12,0,32,0.6719,49152,13056,0.7344,59,27.3,True
mobilenetv2,Multiply_11516,28,87,32,32,24,32,18,12,0,32,0.6652,49152,13824,0.7188,60,28.4,True
mobilenetv2,Multiply_11516,28,88,32,32,24,32,22,12,0,32,0.6384,49152,16896,0.6562,64,51.6,True
mobilenetv2,Multiply_11516,28,89,32,32,24,32,12,12,0,32,0.7054,49152,9216,0.8125,54,240.4,True
mobilenetv2,Multiply_11516,28,90,32,16,24,32,10,12,0,32,0.642,24576,7680,0.6875,52,32.1,True
mobilenetv2,Multiply_11516,28,91,32,32,24,32,17,11,0,32,0.6992,49152,11968,0.7565,58,83.6,True
mobilenetv2,Multiply_11516,28,92,32,32,24,32,18,11,0,32,0.6931,49152,12672,0.7422,59,74.4,True
mobilenetv2,Multiply_11516,28,93,32,32,24,32,22,11,0,32,0.6685,49152,15488,0.6849,63,27.6,True
mobilenetv2,Multiply_11516,28,94,32,32,24,32,12,11,0,32,0.7299,49152,8448,0.8281,53,28.1,True
mobilenetv2,Multiply_11516,28,95,32,16,24,32,10,11,0,32,0.6719,24576,7040,0.7135,51,75.1,True
mobilenetv2,Multiply_11516,28,96,32,32,24,32,17,13,0,32,0.6445,49152,14144,0.7122,60,30.5,True
mobilenetv2,Multiply_11516,28,97,32,32,24,32,18,13,0,32,0.6373,49152,14976,0.6953,61,27.3,True
mobilenetv2,Multiply_11516,28,98,32,32,24,32,22,13,0,32,0.6083,49152,18304,0.6276,65,27.8,True
mobilenetv2,Multiply_11516,28,99,32,32,24,32,12,13,0,32,0.6808,49152,9984,0.7969,55,33.5,True
mobilenetv2,Multiply_11516,28,100,32,16,24,32,10,13,0,32,0.6122,24576,8320,0.6615,53,25.7,True
mobilenetv2,Multiply_11516,28,101,32,32,24,32,17,12,0,32,0.6719,49152,13056,0.7344,59,34.3,True
mobilenetv2,Multiply_11516,28,102,32,32,24,32,18,12,0,32,0.6652,49152,13824,0.7188,60,192.6,True
mobilenetv2,Multiply_11516,28,103,32,32,24,32,22,12,0,32,0.6384,49152,16896,0.6562,64,30.5,True
mobilenetv2,Multiply_11516,28,104,32,32,24,32,12,12,0,32,0.7054,49152,9216,0.8125,54,116.1,True
mobilenetv2,Multiply_11516,28,105,32,16,24,32,10,12,0,32,0.642,24576,7680,0.6875,52,85.1,True
mobilenetv2,Multiply_11516,28,106,32,32,24,32,17,12,0,32,0.6719,49152,13056,0.7344,59,27.6,True
mobilenetv2,Multiply_11516,28,107,32,32,24,32,18,12,0,32,0.6652,49152,13824,0.7188,60,92.2,True
mobilenetv2,Multiply_11516,28,108,32,32,24,32,22,12,0,32,0.6384,49152,16896,0.6562,64,57.1,True
mobilenetv2,Multiply_11516,28,109,32,32,24,32,12,12,0,32,0.7054,49152,9216,0.8125,54,31.6,True
mobilenetv2,Multiply_11516,28,110,32,16,24,32,10,12,0,32,0.642,24576,7680,0.6875,52,17.5,True
mobilenetv2,Multiply_11516,28,111,32,32,24,32,17,12,0,32,0.6719,49152,13056,0.7344,59,26.5,True
mobilenetv2,Multiply_11516,28,112,32,32,24,32,18,12,0,32,0.6652,49152,13824,0.7188,60,29.6,True
mobilenetv2,Multiply_11516,28,113,32,32,24,32,22,12,0,32,0.6384,49152,16896,0.6562,64,27.8,True
mobilenetv2,Multiply_11516,28,114,32,32,24,32,12,12,0,32,0.7054,49152,9216,0.8125,54,98.6,True
mobilenetv2,Multiply_11516,28,115,32,16,24,32,10,12,0,32,0.642,24576,7680,0.6875,52,23.5,True
mobilenetv2,Multiply_11516,28,116,32,32,24,32,17,10,0,32,0.7266,49152,10880,0.7786,57,34.3,True
mobilenetv2,Multiply_11516,28,117,32,32,24,32,18,10,0,32,0.721,49152,11520,0.7656,58,28.6,True
mobilenetv2,Multiply_11516,28,118,32,32,24,32,22,10,0,32,0.6987,49152,14080,0.7135,62,62.3,True
mobilenetv2,Multiply_11516,28,119,32,32,24,32,12,10,0,32,0.7545,49152,7680,0.8438,52,31.7,True
mobilenetv2,Multiply_11516,28,120,32,16,24,32,10,10,0,32,0.7017,24576,6400,0.7396,50,17.5,True
mobilenetv2,Multiply_11516,28,121,32,32,24,32,17,13,0,32,0.6445,49152,14144,0.7122,60,33.8,True
mobilenetv2,Multiply_11516,28,122,32,32,24,32,18,13,0,32,0.6373,49152,14976,0.6953,61,40.4,True
mobilenetv2,Multiply_11516,28,123,32,32,24,32,22,13,0,32,0.6083,49152,18304,0.6276,65,127.9,True
mobilenetv2,Multiply_11516,28,124,32,32,24,32,12,13,0,32,0.6808,49152,9984,0.7969,55,28.6,True
mobilenetv2,Multiply_11516,28,125,32,16,24,32,10,13,0,32,0.6122,24576,8320,0.6615,53,17.1,True
mobilenetv2,Multiply_11516,28,126,32,32,24,32,17,11,0,32,0.6992,49152,11968,0.7565,58,98.2,True
mobilenetv2,Multiply_11516,28,127,32,32,24,32,18,11,0,32,0.6931,49152,12672,0.7422,59,31.7,True
mobilenetv2,Multiply_11516,28,128,32,32,24,32,22,11,0,32,0.6685,49152,15488,0.6849,63,27.3,True
mobilenetv2,Multiply_11516,28,129,32,32,24,32,12,11,0,32,0.7299,49152,8448,0.8281,53,28.2,True
mobilenetv2,Multiply_11516,28,130,32,16,24,32,10,11,0,32,0.6719,24576,7040,0.7135,51,105.5,True
mobilenetv2,Multiply_11516,28,131,32,32,24,32,17,13,0,32,0.6445,49152,14144,0.7122,60,32.5,True
mobilenetv2,Multiply_11516,28,132,32,32,24,32,18,13,0,32,0.6373,49152,14976,0.6953,61,28.5,True
mobilenetv2,Multiply_11516,28,133,32,32,24,32,22,13,0,32,0.6083,49152,18304,0.6276,65,28.8,True
mobilenetv2,Multiply_11516,28,134,32,32,24,32,12,13,0,32,0.6808,49152,9984,0.7969,55,28.6,True
mobilenetv2,Multiply_11516,28,135,32,16,24,32,10,13,0,32,0.6122,24576,8320,0.6615,53,16.2,True
mobilenetv2,Multiply_11516,28,136,32,32,24,32,17,11,0,32,0.6992,49152,11968,0.7565,58,34.7,True
mobilenetv2,Multiply_11516,28,137,32,32,24,32,18,11,0,32,0.6931,49152,12672,0.7422,59,28.3,True
mobilenetv2,Multiply_11516,28,138,32,32,24,32,22,11,0,32,0.6685,49152,15488,0.6849,63,28.7,True
mobilenetv2,Multiply_11516,28,139,32,32,24,32,12,11,0,32,0.7299,49152,8448,0.8281,53,28.3,True
mobilenetv2,Multiply_11516,28,140,32,16,24,32,10,11,0,32,0.6719,24576,7040,0.7135,51,16.8,True
mobilenetv2,Multiply_11516,28,141,32,32,24,32,17,11,0,32,0.6992,49152,11968,0.7565,58,48.7,True
mobilenetv2,Multiply_11516,28,142,32,32,24,32,18,11,0,32,0.6931,49152,12672,0.7422,59,50.0,True
mobilenetv2,Multiply_11516,28,143,32,32,24,32,22,11,0,32,0.6685,49152,15488,0.6849,63,144.8,True
mobilenetv2,Multiply_11516,28,144,32,32,24,32,12,11,0,32,0.7299,49152,8448,0.8281,53,28.3,True
mobilenetv2,Multiply_11516,28,145,32,16,24,32,10,11,0,32,0.6719,24576,7040,0.7135,51,18.3,True
mobilenetv2,Multiply_11516,28,146,32,32,24,32,17,12,0,32,0.6719,49152,13056,0.7344,59,39.5,True
mobilenetv2,Multiply_11516,28,147,32,32,24,32,18,12,0,32,0.6652,49152,13824,0.7188,60,91.7,True
mobilenetv2,Multiply_11516,28,148,32,32,24,32,22,12,0,32,0.6384,49152,16896,0.6562,64,30.1,True
mobilenetv2,Multiply_11516,28,149,32,32,24,32,12,12,0,32,0.7054,49152,9216,0.8125,54,37.0,True
mobilenetv2,Multiply_11516,28,150,32,16,24,32,10,12,0,32,0.642,24576,7680,0.6875,52,16.3,True
mobilenetv2,Multiply_11516,28,151,32,32,24,32,17,10,0,32,0.7266,49152,10880,0.7786,57,27.0,True
mobilenetv2,Multiply_11516,28,152,32,32,24,32,18,10,0,32,0.721,49152,11520,0.7656,58,27.9,True
mobilenetv2,Multiply_11516,28,153,32,32,24,32,22,10,0,32,0.6987,49152,14080,0.7135,62,32.6,True
mobilenetv2,Multiply_11516,28,154,32,32,24,32,12,10,0,32,0.7545,49152,7680,0.8438,52,48.9,True
mobilenetv2,Multiply_11516,28,155,32,16,24,32,10,10,0,32,0.7017,24576,6400,0.7396,50,17.2,True
mobilenetv2,Multiply_11516,28,156,32,32,24,32,17,12,0,32,0.6719,49152,13056,0.7344,59,37.8,True
mobilenetv2,Multiply_11516,28,157,32,32,24,32,18,12,0,32,0.6652,49152,13824,0.7188,60,30.7,True
mobilenetv2,Multiply_11516,28,158,32,32,24,32,22,12,0,32,0.6384,49152,16896,0.6562,64,28.2,True
mobilenetv2,Multiply_11516,28,159,32,32,24,32,12,12,0,32,0.7054,49152,9216,0.8125,54,28.4,True
mobilenetv2,Multiply_11516,28,160,32,16,24,32,10,12,0,32,0.642,24576,7680,0.6875,52,16.1,True
mobilenetv2,Multiply_11516,28,161,32,32,24,32,17,11,0,32,0.6992,49152,11968,0.7565,58,48.9,True
mobilenetv2,Multiply_11516,28,162,32,32,24,32,18,11,0,32,0.6931,49152,12672,0.7422,59,128.0,True
mobilenetv2,Multiply_11516,28,163,32,32,24,32,22,11,0,32,0.6685,49152,15488,0.6849,63,128.3,True
mobilenetv2,Multiply_11516,28,164,32,32,24,32,12,11,0,32,0.7299,49152,8448,0.8281,53,27.0,True
mobilenetv2,Multiply_11516,28,165,32,16,24,32,10,11,0,32,0.6719,24576,7040,0.7135,51,19.0,True
mobilenetv2,Multiply_11516,28,166,32,32,24,32,17,12,0,32,0.6719,49152,13056,0.7344,59,38.8,True
mobilenetv2,Multiply_11516,28,167,32,32,24,32,18,12,0,32,0.6652,49152,13824,0.7188,60,127.6,True
mobilenetv2,Multiply_11516,28,168,32,32,24,32,22,12,0,32,0.6384,49152,16896,0.6562,64,29.3,True
mobilenetv2,Multiply_11516,28,169,32,32,24,32,12,12,0,32,0.7054,49152,9216,0.8125,54,27.1,True
mobilenetv2,Multiply_11516,28,170,32,16,24,32,10,12,0,32,0.642,24576,7680,0.6875,52,68.3,True
mobilenetv2,Multiply_11516,28,171,32,32,24,32,17,13,0,32,0.6445,49152,14144,0.7122,60,32.7,True
mobilenetv2,Multiply_11516,28,172,32,32,24,32,18,13,0,32,0.6373,49152,14976,0.6953,61,28.5,True
mobilenetv2,Multiply_11516,28,173,32,32,24,32,22,13,0,32,0.6083,49152,18304,0.6276,65,28.8,True
mobilenetv2,Multiply_11516,28,174,32,32,24,32,12,13,0,32,0.6808,49152,9984,0.7969,55,159.7,True
mobilenetv2,Multiply_11516,28,175,32,16,24,32,10,13,0,32,0.6122,24576,8320,0.6615,53,16.3,True
mobilenetv2,Multiply_11516,28,176,32,32,24,32,17,12,0,32,0.6719,49152,13056,0.7344,59,30.6,True
mobilenetv2,Multiply_11516,28,177,32,32,24,32,18,12,0,32,0.6652,49152,13824,0.7188,60,27.9,True
mobilenetv2,Multiply_11516,28,178,32,32,24,32,22,12,0,32,0.6384,49152,16896,0.6562,64,27.4,True
mobilenetv2,Multiply_11516,28,179,32,32,24,32,12,12,0,32,0.7054,49152,9216,0.8125,54,48.6,True
mobilenetv2,Multiply_11516,28,180,32,16,24,32,10,12,0,32,0.642,24576,7680,0.6875,52,16.2,True
mobilenetv2,Multiply_11516,28,181,32,32,24,32,17,13,0,32,0.6445,49152,14144,0.7122,60,34.8,True
mobilenetv2,Multiply_11516,28,182,32,32,24,32,18,13,0,32,0.6373,49152,14976,0.6953,61,73.0,True
mobilenetv2,Multiply_11516,28,183,32,32,24,32,22,13,0,32,0.6083,49152,18304,0.6276,65,29.4,True
mobilenetv2,Multiply_11516,28,184,32,32,24,32,12,13,0,32,0.6808,49152,9984,0.7969,55,28.5,True
mobilenetv2,Multiply_11516,28,185,32,16,24,32,10,13,0,32,0.6122,24576,8320,0.6615,53,283.7,True
mobilenetv2,Multiply_11516,28,186,32,32,24,32,17,11,0,32,0.6992,49152,11968,0.7565,58,29.4,True
mobilenetv2,Multiply_11516,28,187,32,32,24,32,18,11,0,32,0.6931,49152,12672,0.7422,59,30.1,True
mobilenetv2,Multiply_11516,28,188,32,32,24,32,22,11,0,32,0.6685,49152,15488,0.6849,63,33.3,True
mobilenetv2,Multiply_11516,28,189,32,32,24,32,12,11,0,32,0.7299,49152,8448,0.8281,53,28.4,True
mobilenetv2,Multiply_11516,28,190,32,16,24,32,10,11,0,32,0.6719,24576,7040,0.7135,51,16.7,True
mobilenetv2,Multiply_11516,28,191,32,32,24,32,17,13,0,32,0.6445,49152,14144,0.7122,60,28.4,True
mobilenetv2,Multiply_11516,28,192,32,32,24,32,18,13,0,32,0.6373,49152,14976,0.6953,61,27.7,True
mobilenetv2,Multiply_11516,28,193,32,32,24,32,22,13,0,32,0.6083,49152,18304,0.6276,65,28.0,True
mobilenetv2,Multiply_11516,28,194,32,32,24,32,12,13,0,32,0.6808,49152,9984,0.7969,55,51.5,True
mobilenetv2,Multiply_11516,28,195,32,16,24,32,10,13,0,32,0.6122,24576,8320,0.6615,53,36.2,True
mobilenetv2,Multiply_11516,28,196,32,32,24,32,17,10,0,32,0.7266,49152,10880,0.7786,57,27.8,True
mobilenetv2,Multiply_11516,28,197,32,32,24,32,18,10,0,32,0.721,49152,11520,0.7656,58,28.3,True
mobilenetv2,Multiply_11516,28,198,32,32,24,32,22,10,0,32,0.6987,49152,14080,0.7135,62,44.0,True
mobilenetv2,Multiply_11516,28,199,32,32,24,32,12,10,0,32,0.7545,49152,7680,0.8438,52,33.2,True
mobilenetv2,Multiply_11516,28,200,32,16,24,32,10,10,0,32,0.7017,24576,6400,0.7396,50,23.8,True
mobilenetv2,Multiply_11516,28,201,32,32,24,32,17,13,0,32,0.6445,49152,14144,0.7122,60,91.4,True
mobilenetv2,Multiply_11516,28,202,32,32,24,32,18,13,0,32,0.6373,49152,14976,0.6953,61,37.3,True
mobilenetv2,Multiply_11516,28,203,32,32,24,32,22,13,0,32,0.6083,49152,18304,0.6276,65,81.0,True
mobilenetv2,Multiply_11516,28,204,32,32,24,32,12,13,0,32,0.6808,49152,9984,0.7969,55,29.9,True
mobilenetv2,Multiply_11516,28,205,32,16,24,32,10,13,0,32,0.6122,24576,8320,0.6615,53,16.5,True
mobilenetv2,Multiply_11516,28,206,32,32,24,32,17,13,0,32,0.6445,49152,14144,0.7122,60,51.2,True
mobilenetv2,Multiply_11516,28,207,32,32,24,32,18,13,0,32,0.6373,49152,14976,0.6953,61,27.4,True
mobilenetv2,Multiply_11516,28,208,32,32,24,32,22,13,0,32,0.6083,49152,18304,0.6276,65,33.6,True
mobilenetv2,Multiply_11516,28,209,32,32,24,32,12,13,0,32,0.6808,49152,9984,0.7969,55,31.3,True
mobilenetv2,Multiply_11516,28,210,32,16,24,32,10,13,0,32,0.6122,24576,8320,0.6615,53,16.2,True
mobilenetv2,Multiply_11516,28,211,32,32,24,32,17,12,0,32,0.6719,49152,13056,0.7344,59,28.1,True
mobilenetv2,Multiply_11516,28,212,32,32,24,32,18,12,0,32,0.6652,49152,13824,0.7188,60,28.5,True
mobilenetv2,Multiply_11516,28,213,32,32,24,32,22,12,0,32,0.6384,49152,16896,0.6562,64,28.5,True
mobilenetv2,Multiply_11516,28,214,32,32,24,32,12,12,0,32,0.7054,49152,9216,0.8125,54,85.8,True
mobilenetv2,Multiply_11516,28,215,32,16,24,32,10,12,0,32,0.642,24576,7680,0.6875,52,19.3,True
mobilenetv2,Multiply_11516,28,216,32,32,24,32,17,13,0,32,0.6445,49152,14144,0.7122,60,33.5,True
mobilenetv2,Multiply_11516,28,217,32,32,24,32,18,13,0,32,0.6373,49152,14976,0.6953,61,195.3,True
mobilenetv2,Multiply_11516,28,218,32,32,24,32,22,13,0,32,0.6083,49152,18304,0.6276,65,111.8,True
mobilenetv2,Multiply_11516,28,219,32,32,24,32,12,13,0,32,0.6808,49152,9984,0.7969,55,28.4,True
mobilenetv2,Multiply_11516,28,220,32,16,24,32,10,13,0,32,0.6122,24576,8320,0.6615,53,16.5,True
mobilenetv2,Multiply_11516,28,221,32,32,24,32,17,10,0,32,0.7266,49152,10880,0.7786,57,63.3,True
mobilenetv2,Multiply_11516,28,222,32,32,24,32,18,10,0,32,0.721,49152,11520,0.7656,58,42.3,True
mobilenetv2,Multiply_11516,28,223,32,32,24,32,22,10,0,32,0.6987,49152,14080,0.7135,62,28.5,True
mobilenetv2,Multiply_11516,28,224,32,32,24,32,12,10,0,32,0.7545,49152,7680,0.8438,52,29.3,True
mobilenetv2,Multiply_11516,28,225,32,16,24,32,10,10,0,32,0.7017,24576,6400,0.7396,50,73.6,True
mobilenetv2,Multiply_11516,28,226,32,32,24,32,17,13,0,32,0.6445,49152,14144,0.7122,60,28.7,True
mobilenetv2,Multiply_11516,28,227,32,32,24,32,18,13,0,32,0.6373,49152,14976,0.6953,61,28.6,True
mobilenetv2,Multiply_11516,28,228,32,32,24,32,22,13,0,32,0.6083,49152,18304,0.6276,65,29.1,True
mobilenetv2,Multiply_11516,28,229,32,32,24,32,12,13,0,32,0.6808,49152,9984,0.7969,55,50.1,True
mobilenetv2,Multiply_11516,28,230,32,16,24,32,10,13,0,32,0.6122,24576,8320,0.6615,53,49.9,True
mobilenetv2,Multiply_11516,28,231,32,32,24,32,17,11,0,32,0.6992,49152,11968,0.7565,58,31.9,True
mobilenetv2,Multiply_11516,28,232,32,32,24,32,18,11,0,32,0.6931,49152,12672,0.7422,59,92.2,True
mobilenetv2,Multiply_11516,28,233,32,32,24,32,22,11,0,32,0.6685,49152,15488,0.6849,63,28.9,True
mobilenetv2,Multiply_11516,28,234,32,32,24,32,12,11,0,32,0.7299,49152,8448,0.8281,53,28.7,True
mobilenetv2,Multiply_11516,28,235,32,16,24,32,10,11,0,32,0.6719,24576,7040,0.7135,51,19.0,True
mobilenetv2,Multiply_11516,28,236,32,32,24,32,17,13,0,32,0.6445,49152,14144,0.7122,60,27.6,True
mobilenetv2,Multiply_11516,28,237,32,32,24,32,18,13,0,32,0.6373,49152,14976,0.6953,61,92.3,True
mobilenetv2,Multiply_11516,28,238,32,32,24,32,22,13,0,32,0.6083,49152,18304,0.6276,65,27.9,True
mobilenetv2,Multiply_11516,28,239,32,32,24,32,12,13,0,32,0.6808,49152,9984,0.7969,55,28.7,True
mobilenetv2,Multiply_11516,28,240,32,16,24,32,10,13,0,32,0.6122,24576,8320,0.6615,53,57.7,True
mobilenetv2,Multiply_11516,28,241,32,32,24,32,17,12,0,32,0.6719,49152,13056,0.7344,59,126.6,True
mobilenetv2,Multiply_11516,28,242,32,32,24,32,18,12,0,32,0.6652,49152,13824,0.7188,60,28.8,True
mobilenetv2,Multiply_11516,28,243,32,32,24,32,22,12,0,32,0.6384,49152,16896,0.6562,64,32.0,True
mobilenetv2,Multiply_11516,28,244,32,32,24,32,12,12,0,32,0.7054,49152,9216,0.8125,54,32.4,True
mobilenetv2,Multiply_11516,28,245,32,16,24,32,10,12,0,32,0.642,24576,7680,0.6875,52,17.6,True
mobilenetv2,Multiply_11516,28,246,32,32,24,32,17,12,0,32,0.6719,49152,13056,0.7344,59,49.3,True
mobilenetv2,Multiply_11516,28,247,32,32,24,32,18,12,0,32,0.6652,49152,13824,0.7188,60,45.8,True
mobilenetv2,Multiply_11516,28,248,32,32,24,32,22,12,0,32,0.6384,49152,16896,0.6562,64,48.1,True
mobilenetv2,Multiply_11516,28,249,32,32,24,32,12,12,0,32,0.7054,49152,9216,0.8125,54,27.6,True
mobilenetv2,Multiply_11516,28,250,32,16,24,32,10,12,0,32,0.642,24576,7680,0.6875,52,17.1,True
mobilenetv2,Multiply_11516,28,251,32,32,24,32,17,13,0,32,0.6445,49152,14144,0.7122,60,37.3,True
mobilenetv2,Multiply_11516,28,252,32,32,24,32,18,13,0,32,0.6373,49152,14976,0.6953,61,28.0,True
mobilenetv2,Multiply_11516,28,253,32,32,24,32,22,13,0,32,0.6083,49152,18304,0.6276,65,27.8,True
mobilenetv2,Multiply_11516,28,254,32,32,24,32,12,13,0,32,0.6808,49152,9984,0.7969,55,142.9,True
mobilenetv2,Multiply_11516,28,255,32,16,24,32,10,13,0,32,0.6122,24576,8320,0.6615,53,80.9,True
mobilenetv2,Multiply_11516,28,256,32,32,24,32,17,10,0,32,0.7266,49152,10880,0.7786,57,27.7,True
mobilenetv2,Multiply_11516,28,257,32,32,24,32,18,10,0,32,0.721,49152,11520,0.7656,58,27.9,True
mobilenetv2,Multiply_11516,28,258,32,32,24,32,22,10,0,32,0.6987,49152,14080,0.7135,62,68.4,True
mobilenetv2,Multiply_11516,28,259,32,32,24,32,12,10,0,32,0.7545,49152,7680,0.8438,52,76.2,True
mobilenetv2,Multiply_11516,28,260,32,16,24,32,10,10,0,32,0.7017,24576,6400,0.7396,50,17.5,True
mobilenetv2,Multiply_11516,28,261,32,32,24,32,17,13,0,32,0.6445,49152,14144,0.7122,60,27.7,True
mobilenetv2,Multiply_11516,28,262,32,32,24,32,18,13,0,32,0.6373,49152,14976,0.6953,61,34.1,True
mobilenetv2,Multiply_11516,28,263,32,32,24,32,22,13,0,32,0.6083,49152,18304,0.6276,65,29.5,True
mobilenetv2,Multiply_11516,28,264,32,32,24,32,12,13,0,32,0.6808,49152,9984,0.7969,55,28.1,True
mobilenetv2,Multiply_11516,28,265,32,16,24,32,10,13,0,32,0.6122,24576,8320,0.6615,53,16.8,True
mobilenetv2,Multiply_11516,28,266,32,32,24,32,17,10,0,32,0.7266,49152,10880,0.7786,57,40.8,True
mobilenetv2,Multiply_11516,28,267,32,32,24,32,18,10,0,32,0.721,49152,11520,0.7656,58,29.3,True
mobilenetv2,Multiply_11516,28,268,32,32,24,32,22,10,0,32,0.6987,49152,14080,0.7135,62,47.3,True
mobilenetv2,Multiply_11516,28,269,32,32,24,32,12,10,0,32,0.7545,49152,7680,0.8438,52,27.7,True
mobilenetv2,Multiply_11516,28,270,32,16,24,32,10,10,0,32,0.7017,24576,6400,0.7396,50,75.8,True
mobilenetv2,Multiply_11516,28,271,32,32,24,32,17,13,0,32,0.6445,49152,14144,0.7122,60,37.4,True
mobilenetv2,Multiply_11516,28,272,32,32,24,32,18,13,0,32,0.6373,49152,14976,0.6953,61,28.4,True
mobilenetv2,Multiply_11516,28,273,32,32,24,32,22,13,0,32,0.6083,49152,18304,0.6276,65,28.9,True
mobilenetv2,Multiply_11516,28,274,32,32,24,32,12,13,0,32,0.6808,49152,9984,0.7969,55,28.0,True
mobilenetv2,Multiply_11516,28,275,32,16,24,32,10,13,0,32,0.6122,24576,8320,0.6615,53,16.3,True
mobilenetv2,Multiply_11516,28,276,32,32,24,32,17,12,0,32,0.6719,49152,13056,0.7344,59,34.8,True
mobilenetv2,Multiply_11516,28,277,32,32,24,32,18,12,0,32,0.6652,49152,13824,0.7188,60,80.3,True
mobilenetv2,Multiply_11516,28,278,32,32,24,32,22,12,0,32,0.6384,49152,16896,0.6562,64,27.9,True
mobilenetv2,Multiply_11516,28,279,32,32,24,32,12,12,0,32,0.7054,49152,9216,0.8125,54,26.3,True
mobilenetv2,Multiply_11516,28,280,32,16,24,32,10,12,0,32,0.642,24576,7680,0.6875,52,81.9,True
mobilenetv2,Multiply_11516,28,281,32,32,24,32,17,12,0,32,0.6719,49152,13056,0.7344,59,68.3,True
mobilenetv2,Multiply_11516,28,282,32,32,24,32,18,12,0,32,0.6652,49152,13824,0.7188,60,29.2,True
mobilenetv2,Multiply_11516,28,283,32,32,24,32,22,12,0,32,0.6384,49152,16896,0.6562,64,36.6,True
mobilenetv2,Multiply_11516,28,284,32,32,24,32,12,12,0,32,0.7054,49152,9216,0.8125,54,26.0,True
mobilenetv2,Multiply_11516,28,285,32,16,24,32,10,12,0,32,0.642,24576,7680,0.6875,52,16.9,True
mobilenetv2,Multiply_11516,28,286,32,32,24,32,17,13,0,32,0.6445,49152,14144,0.7122,60,26.7,True
mobilenetv2,Multiply_11516,28,287,32,32,24,32,18,13,0,32,0.6373,49152,14976,0.6953,61,28.3,True
mobilenetv2,Multiply_11516,28,288,32,32,24,32,22,13,0,32,0.6083,49152,18304,0.6276,65,142.2,True
mobilenetv2,Multiply_11516,28,289,32,32,24,32,12,13,0,32,0.6808,49152,9984,0.7969,55,37.4,True
mobilenetv2,Multiply_11516,28,290,32,16,24,32,10,13,0,32,0.6122,24576,8320,0.6615,53,17.0,True
mobilenetv2,Multiply_11516,28,291,32,32,24,32,17,11,0,32,0.6992,49152,11968,0.7565,58,34.1,True
mobilenetv2,Multiply_11516,28,292,32,32,24,32,18,11,0,32,0.6931,49152,12672,0.7422,59,34.6,True
mobilenetv2,Multiply_11516,28,293,32,32,24,32,22,11,0,32,0.6685,49152,15488,0.6849,63,68.4,True
mobilenetv2,Multiply_11516,28,294,32,32,24,32,12,11,0,32,0.7299,49152,8448,0.8281,53,29.5,True
mobilenetv2,Multiply_11516,28,295,32,16,24,32,10,11,0,32,0.6719,24576,7040,0.7135,51,46.5,True
mobilenetv2,Multiply_11516,28,296,32,32,24,32,17,13,0,32,0.6445,49152,14144,0.7122,60,26.8,True
mobilenetv2,Multiply_11516,28,297,32,32,24,32,18,13,0,32,0.6373,49152,14976,0.6953,61,29.1,True
mobilenetv2,Multiply_11516,28,298,32,32,24,32,22,13,0,32,0.6083,49152,18304,0.6276,65,27.3,True
mobilenetv2,Multiply_11516,28,299,32,32,24,32,12,13,0,32,0.6808,49152,9984,0.7969,55,29.0,True
mobilenetv2,Multiply_11516,28,300,32,16,24,32,10,13,0,32,0.6122,24576,8320,0.6615,53,42.2,True
mobilenetv2,Multiply_11516,28,301,32,32,24,32,17,11,0,32,0.6992,49152,11968,0.7565,58,34.8,True
mobilenetv2,Multiply_11516,28,302,32,32,24,32,18,11,0,32,0.6931,49152,12672,0.7422,59,27.4,True
mobilenetv2,Multiply_11516,28,303,32,32,24,32,22,11,0,32,0.6685,49152,15488,0.6849,63,34.7,True
mobilenetv2,Multiply_11516,28,304,32,32,24,32,12,11,0,32,0.7299,49152,8448,0.8281,53,28.0,True
mobilenetv2,Multiply_11516,28,305,32,16,24,32,10,11,0,32,0.6719,24576,7040,0.7135,51,16.5,True
mobilenetv2,Multiply_11516,28,306,32,32,24,32,17,13,0,32,0.6445,49152,14144,0.7122,60,78.9,True
mobilenetv2,Multiply_11516,28,307,32,32,24,32,18,13,0,32,0.6373,49152,14976,0.6953,61,28.7,True
mobilenetv2,Multiply_11516,28,308,32,32,24,32,22,13,0,32,0.6083,49152,18304,0.6276,65,39.7,True
mobilenetv2,Multiply_11516,28,309,32,32,24,32,12,13,0,32,0.6808,49152,9984,0.7969,55,28.6,True
mobilenetv2,Multiply_11516,28,310,32,16,24,32,10,13,0,32,0.6122,24576,8320,0.6615,53,17.1,True
mobilenetv2,Multiply_11516,28,311,32,32,24,32,17,13,0,32,0.6445,49152,14144,0.7122,60,60.6,True
mobilenetv2,Multiply_11516,28,312,32,32,24,32,18,13,0,32,0.6373,49152,14976,0.6953,61,35.0,True
mobilenetv2,Multiply_11516,28,313,32,32,24,32,22,13,0,32,0.6083,49152,18304,0.6276,65,33.6,True
mobilenetv2,Multiply_11516,28,314,32,32,24,32,12,13,0,32,0.6808,49152,9984,0.7969,55,31.5,True
mobilenetv2,Multiply_11516,28,315,32,16,24,32,10,13,0,32,0.6122,24576,8320,0.6615,53,16.8,True
mobilenetv2,Multiply_11516,28,316,32,32,24,32,17,12,0,32,0.6719,49152,13056,0.7344,59,26.6,True
mobilenetv2,Multiply_11516,28,317,32,32,24,32,18,12,0,32,0.6652,49152,13824,0.7188,60,29.2,True
mobilenetv2,Multiply_11516,28,318,32,32,24,32,22,12,0,32,0.6384,49152,16896,0.6562,64,28.6,True
mobilenetv2,Multiply_11516,28,319,32,32,24,32,12,12,0,32,0.7054,49152,9216,0.8125,54,28.7,True
mobilenetv2,Multiply_11516,28,320,32,16,24,32,10,12,0,32,0.642,24576,7680,0.6875,52,82.0,True
mobilenetv2,Multiply_11516,28,321,32,32,24,32,17,13,0,32,0.6445,49152,14144,0.7122,60,30.7,True
mobilenetv2,Multiply_11516,28,322,32,32,24,32,18,13,0,32,0.6373,49152,14976,0.6953,61,28.6,True
mobilenetv2,Multiply_11516,28,323,32,32,24,32,22,13,0,32,0.6083,49152,18304,0.6276,65,92.2,True
mobilenetv2,Multiply_11516,28,324,32,32,24,32,12,13,0,32,0.6808,49152,9984,0.7969,55,86.0,True
mobilenetv2,Multiply_11516,28,325,32,16,24,32,10,13,0,32,0.6122,24576,8320,0.6615,53,17.2,True
mobilenetv2,Multiply_11516,28,326,32,32,24,32,17,10,0,32,0.7266,49152,10880,0.7786,57,114.6,True
mobilenetv2,Multiply_11516,28,327,32,32,24,32,18,10,0,32,0.721,49152,11520,0.7656,58,128.3,True
mobilenetv2,Multiply_11516,28,328,32,32,24,32,22,10,0,32,0.6987,49152,14080,0.7135,62,30.4,True
mobilenetv2,Multiply_11516,28,329,32,32,24,32,12,10,0,32,0.7545,49152,7680,0.8438,52,28.7,True
mobilenetv2,Multiply_11516,28,330,32,16,24,32,10,10,0,32,0.7017,24576,6400,0.7396,50,75.3,True
mobilenetv2,Multiply_11516,28,331,32,32,24,32,17,13,0,32,0.6445,49152,14144,0.7122,60,27.3,True
mobilenetv2,Multiply_11516,28,332,32,32,24,32,18,13,0,32,0.6373,49152,14976,0.6953,61,59.5,True
mobilenetv2,Multiply_11516,28,333,32,32,24,32,22,13,0,32,0.6083,49152,18304,0.6276,65,29.0,True
mobilenetv2,Multiply_11516,28,334,32,32,24,32,12,13,0,32,0.6808,49152,9984,0.7969,55,27.6,True
mobilenetv2,Multiply_11516,28,335,32,16,24,32,10,13,0,32,0.6122,24576,8320,0.6615,53,23.6,True
mobilenetv2,Multiply_11516,28,336,32,32,24,32,17,10,0,32,0.7266,49152,10880,0.7786,57,140.0,True
mobilenetv2,Multiply_11516,28,337,32,32,24,32,18,10,0,32,0.721,49152,11520,0.7656,58,32.5,True
mobilenetv2,Multiply_11516,28,338,32,32,24,32,22,10,0,32,0.6987,49152,14080,0.7135,62,28.9,True
mobilenetv2,Multiply_11516,28,339,32,32,24,32,12,10,0,32,0.7545,49152,7680,0.8438,52,27.8,True
mobilenetv2,Multiply_11516,28,340,32,16,24,32,10,10,0,32,0.7017,24576,6400,0.7396,50,53.1,True
mobilenetv2,Multiply_11516,28,341,32,32,24,32,17,13,0,32,0.6445,49152,14144,0.7122,60,27.7,True
mobilenetv2,Multiply_11516,28,342,32,32,24,32,18,13,0,32,0.6373,49152,14976,0.6953,61,27.9,True
mobilenetv2,Multiply_11516,28,343,32,32,24,32,22,13,0,32,0.6083,49152,18304,0.6276,65,40.2,True
mobilenetv2,Multiply_11516,28,344,32,32,24,32,12,13,0,32,0.6808,49152,9984,0.7969,55,143.7,True
mobilenetv2,Multiply_11516,28,345,32,16,24,32,10,13,0,32,0.6122,24576,8320,0.6615,53,16.5,True
mobilenetv2,Multiply_11516,28,346,32,32,24,32,17,12,0,32,0.6719,49152,13056,0.7344,59,29.1,True
mobilenetv2,Multiply_11516,28,347,32,32,24,32,18,12,0,32,0.6652,49152,13824,0.7188,60,98.3,True
mobilenetv2,Multiply_11516,28,348,32,32,24,32,22,12,0,32,0.6384,49152,16896,0.6562,64,38.5,True
mobilenetv2,Multiply_11516,28,349,32,32,24,32,12,12,0,32,0.7054,49152,9216,0.8125,54,39.8,True
mobilenetv2,Multiply_11516,28,350,32,16,24,32,10,12,0,32,0.642,24576,7680,0.6875,52,17.2,True
mobilenetv2,Multiply_11516,28,351,32,32,24,32,17,12,0,32,0.6719,49152,13056,0.7344,59,27.1,True
mobilenetv2,Multiply_11516,28,352,32,32,24,32,18,12,0,32,0.6652,49152,13824,0.7188,60,59.0,True
mobilenetv2,Multiply_11516,28,353,32,32,24,32,22,12,0,32,0.6384,49152,16896,0.6562,64,29.6,True
mobilenetv2,Multiply_11516,28,354,32,32,24,32,12,12,0,32,0.7054,49152,9216,0.8125,54,28.1,True
mobilenetv2,Multiply_11516,28,355,32,16,24,32,10,12,0,32,0.642,24576,7680,0.6875,52,82.5,True
mobilenetv2,Multiply_11516,28,356,32,32,24,32,17,13,0,32,0.6445,49152,14144,0.7122,60,113.7,True
mobilenetv2,Multiply_11516,28,357,32,32,24,32,18,13,0,32,0.6373,49152,14976,0.6953,61,28.2,True
mobilenetv2,Multiply_11516,28,358,32,32,24,32,22,13,0,32,0.6083,49152,18304,0.6276,65,29.0,True
mobilenetv2,Multiply_11516,28,359,32,32,24,32,12,13,0,32,0.6808,49152,9984,0.7969,55,27.8,True
mobilenetv2,Multiply_11516,28,360,32,16,24,32,10,13,0,32,0.6122,24576,8320,0.6615,53,16.5,True
mobilenetv2,Multiply_11516,28,361,32,32,24,32,17,10,0,32,0.7266,49152,10880,0.7786,57,27.3,True
mobilenetv2,Multiply_11516,28,362,32,32,24,32,18,10,0,32,0.721,49152,11520,0.7656,58,35.7,True
mobilenetv2,Multiply_11516,28,363,32,32,24,32,22,10,0,32,0.6987,49152,14080,0.7135,62,27.6,True
mobilenetv2,Multiply_11516,28,364,32,32,24,32,12,10,0,32,0.7545,49152,7680,0.8438,52,125.5,True
mobilenetv2,Multiply_11516,28,365,32,16,24,32,10,10,0,32,0.7017,24576,6400,0.7396,50,38.8,True
mobilenetv2,Multiply_11516,28,366,32,32,24,32,17,13,0,32,0.6445,49152,14144,0.7122,60,27.2,True
mobilenetv2,Multiply_11516,28,367,32,32,24,32,18,13,0,32,0.6373,49152,14976,0.6953,61,31.8,True
mobilenetv2,Multiply_11516,28,368,32,32,24,32,22,13,0,32,0.6083,49152,18304,0.6276,65,39.3,True
mobilenetv2,Multiply_11516,28,369,32,32,24,32,12,13,0,32,0.6808,49152,9984,0.7969,55,27.2,True
mobilenetv2,Multiply_11516,28,370,32,16,24,32,10,13,0,32,0.6122,24576,8320,0.6615,53,16.7,True
mobilenetv2,Multiply_11516,28,371,32,32,24,32,17,10,0,32,0.7266,49152,10880,0.7786,57,31.1,True
mobilenetv2,Multiply_11516,28,372,32,32,24,32,18,10,0,32,0.721,49152,11520,0.7656,58,129.1,True
mobilenetv2,Multiply_11516,28,373,32,32,24,32,22,10,0,32,0.6987,49152,14080,0.7135,62,29.9,True
mobilenetv2,Multiply_11516,28,374,32,32,24,32,12,10,0,32,0.7545,49152,7680,0.8438,52,28.0,True
mobilenetv2,Multiply_11516,28,375,32,16,24,32,10,10,0,32,0.7017,24576,6400,0.7396,50,16.9,True
mobilenetv2,Multiply_11516,28,376,32,32,24,32,17,13,0,32,0.6445,49152,14144,0.7122,60,97.1,True
mobilenetv2,Multiply_11516,28,377,32,32,24,32,18,13,0,32,0.6373,49152,14976,0.6953,61,30.0,True
mobilenetv2,Multiply_11516,28,378,32,32,24,32,22,13,0,32,0.6083,49152,18304,0.6276,65,36.6,True
mobilenetv2,Multiply_11516,28,379,32,32,24,32,12,13,0,32,0.6808,49152,9984,0.7969,55,164.5,True
mobilenetv2,Multiply_11516,28,380,32,16,24,32,10,13,0,32,0.6122,24576,8320,0.6615,53,16.7,True
mobilenetv2,Multiply_11516,28,381,32,32,24,32,17,12,0,32,0.6719,49152,13056,0.7344,59,35.1,True
mobilenetv2,Multiply_11516,28,382,32,32,24,32,18,12,0,32,0.6652,49152,13824,0.7188,60,100.1,True
mobilenetv2,Multiply_11516,28,383,32,32,24,32,22,12,0,32,0.6384,49152,16896,0.6562,64,28.0,True
mobilenetv2,Multiply_11516,28,384,32,32,24,32,12,12,0,32,0.7054,49152,9216,0.8125,54,28.0,True
mobilenetv2,Multiply_11516,28,385,32,16,24,32,10,12,0,32,0.642,24576,7680,0.6875,52,17.2,True
mobilenetv2,Multiply_11516,28,386,32,32,24,32,17,12,0,32,0.6719,49152,13056,0.7344,59,43.9,True
mobilenetv2,Multiply_11516,28,387,32,32,24,32,18,12,0,32,0.6652,49152,13824,0.7188,60,72.6,True
mobilenetv2,Multiply_11516,28,388,32,32,24,32,22,12,0,32,0.6384,49152,16896,0.6562,64,129.0,True
mobilenetv2,Multiply_11516,28,389,32,32,24,32,12,12,0,32,0.7054,49152,9216,0.8125,54,32.7,True
mobilenetv2,Multiply_11516,28,390,32,16,24,32,10,12,0,32,0.642,24576,7680,0.6875,52,17.7,True
mobilenetv2,Multiply_11516,28,391,32,32,24,32,17,13,0,32,0.6445,49152,14144,0.7122,60,33.3,True
mobilenetv2,Multiply_11516,28,392,32,32,24,32,18,13,0,32,0.6373,49152,14976,0.6953,61,142.6,True
mobilenetv2,Multiply_11516,28,393,32,32,24,32,22,13,0,32,0.6083,49152,18304,0.6276,65,28.7,True
mobilenetv2,Multiply_11516,28,394,32,32,24,32,12,13,0,32,0.6808,49152,9984,0.7969,55,127.4,True
mobilenetv2,Multiply_11516,28,395,32,16,24,32,10,13,0,32,0.6122,24576,8320,0.6615,53,67.7,True
mobilenetv2,Multiply_11516,28,396,32,32,24,32,17,10,0,32,0.7266,49152,10880,0.7786,57,27.6,True
mobilenetv2,Multiply_11516,28,397,32,32,24,32,18,10,0,32,0.721,49152,11520,0.7656,58,28.7,True
mobilenetv2,Multiply_11516,28,398,32,32,24,32,22,10,0,32,0.6987,49152,14080,0.7135,62,90.0,True
mobilenetv2,Multiply_11516,28,399,32,32,24,32,12,10,0,32,0.7545,49152,7680,0.8438,52,29.3,True
mobilenetv2,Multiply_11516,28,400,32,16,24,32,10,10,0,32,0.7017,24576,6400,0.7396,50,16.7,True
mobilenetv2,Multiply_11516,28,401,32,32,24,32,17,13,0,32,0.6445,49152,14144,0.7122,60,35.7,True
mobilenetv2,Multiply_11516,28,402,32,32,24,32,18,13,0,32,0.6373,49152,14976,0.6953,61,28.8,True
mobilenetv2,Multiply_11516,28,403,32,32,24,32,22,13,0,32,0.6083,49152,18304,0.6276,65,31.6,True
mobilenetv2,Multiply_11516,28,404,32,32,24,32,12,13,0,32,0.6808,49152,9984,0.7969,55,128.2,True
mobilenetv2,Multiply_11516,28,405,32,16,24,32,10,13,0,32,0.6122,24576,8320,0.6615,53,16.1,True
mobilenetv2,Multiply_11516,28,406,32,32,24,32,17,10,0,32,0.7266,49152,10880,0.7786,57,139.8,True
mobilenetv2,Multiply_11516,28,407,32,32,24,32,18,10,0,32,0.721,49152,11520,0.7656,58,129.5,True
mobilenetv2,Multiply_11516,28,408,32,32,24,32,22,10,0,32,0.6987,49152,14080,0.7135,62,40.2,True
mobilenetv2,Multiply_11516,28,409,32,32,24,32,12,10,0,32,0.7545,49152,7680,0.8438,52,72.6,True
mobilenetv2,Multiply_11516,28,410,32,16,24,32,10,10,0,32,0.7017,24576,6400,0.7396,50,62.4,True
mobilenetv2,Multiply_11516,28,411,32,32,24,32,17,13,0,32,0.6445,49152,14144,0.7122,60,27.9,True
mobilenetv2,Multiply_11516,28,412,32,32,24,32,18,13,0,32,0.6373,49152,14976,0.6953,61,38.8,True
mobilenetv2,Multiply_11516,28,413,32,32,24,32,22,13,0,32,0.6083,49152,18304,0.6276,65,32.5,True
mobilenetv2,Multiply_11516,28,414,32,32,24,32,12,13,0,32,0.6808,49152,9984,0.7969,55,89.6,True
mobilenetv2,Multiply_11516,28,415,32,16,24,32,10,13,0,32,0.6122,24576,8320,0.6615,53,16.4,True
mobilenetv2,Multiply_11516,28,416,32,32,24,32,17,11,0,32,0.6992,49152,11968,0.7565,58,31.9,True
mobilenetv2,Multiply_11516,28,417,32,32,24,32,18,11,0,32,0.6931,49152,12672,0.7422,59,29.8,True
mobilenetv2,Multiply_11516,28,418,32,32,24,32,22,11,0,32,0.6685,49152,15488,0.6849,63,27.4,True
mobilenetv2,Multiply_11516,28,419,32,32,24,32,12,11,0,32,0.7299,49152,8448,0.8281,53,28.3,True
mobilenetv2,Multiply_11516,28,420,32,16,24,32,10,11,0,32,0.6719,24576,7040,0.7135,51,39.6,True
mobilenetv2,Multiply_11516,28,421,32,32,24,32,17,12,0,32,0.6719,49152,13056,0.7344,59,34.2,True
mobilenetv2,Multiply_11516,28,422,32,32,24,32,18,12,0,32,0.6652,49152,13824,0.7188,60,28.3,True
mobilenetv2,Multiply_11516,28,423,32,32,24,32,22,12,0,32,0.6384,49152,16896,0.6562,64,35.4,True
mobilenetv2,Multiply_11516,28,424,32,32,24,32,12,12,0,32,0.7054,49152,9216,0.8125,54,30.2,True
mobilenetv2,Multiply_11516,28,425,32,16,24,32,10,12,0,32,0.642,24576,7680,0.6875,52,34.5,True
mobilenetv2,Multiply_11516,28,426,32,32,24,32,17,13,0,32,0.6445,49152,14144,0.7122,60,27.6,True
mobilenetv2,Multiply_11516,28,427,32,32,24,32,18,13,0,32,0.6373,49152,14976,0.6953,61,117.3,True
mobilenetv2,Multiply_11516,28,428,32,32,24,32,22,13,0,32,0.6083,49152,18304,0.6276,65,30.4,True
mobilenetv2,Multiply_11516,28,429,32,32,24,32,12,13,0,32,0.6808,49152,9984,0.7969,55,130.1,True
mobilenetv2,Multiply_11516,28,430,32,16,24,32,10,13,0,32,0.6122,24576,8320,0.6615,53,17.9,True
mobilenetv2,Multiply_11516,28,431,32,32,24,32,17,10,0,32,0.7266,49152,10880,0.7786,57,34.5,True
mobilenetv2,Multiply_11516,28,432,32,32,24,32,18,10,0,32,0.721,49152,11520,0.7656,58,28.2,True
mobilenetv2,Multiply_11516,28,433,32,32,24,32,22,10,0,32,0.6987,49152,14080,0.7135,62,58.7,True
mobilenetv2,Multiply_11516,28,434,32,32,24,32,12,10,0,32,0.7545,49152,7680,0.8438,52,95.9,True
mobilenetv2,Multiply_11516,28,435,32,16,24,32,10,10,0,32,0.7017,24576,6400,0.7396,50,19.6,True
mobilenetv2,Multiply_11516,28,436,32,32,24,32,17,13,0,32,0.6445,49152,14144,0.7122,60,27.3,True
mobilenetv2,Multiply_11516,28,437,32,32,24,32,18,13,0,32,0.6373,49152,14976,0.6953,61,28.4,True
mobilenetv2,Multiply_11516,28,438,32,32,24,32,22,13,0,32,0.6083,49152,18304,0.6276,65,28.1,True
mobilenetv2,Multiply_11516,28,439,32,32,24,32,12,13,0,32,0.6808,49152,9984,0.7969,55,30.0,True
mobilenetv2,Multiply_11516,28,440,32,16,24,32,10,13,0,32,0.6122,24576,8320,0.6615,53,36.1,True
mobilenetv2,Multiply_11516,28,441,32,32,24,32,17,11,0,32,0.6992,49152,11968,0.7565,58,141.9,True
mobilenetv2,Multiply_11516,28,442,32,32,24,32,18,11,0,32,0.6931,49152,12672,0.7422,59,28.0,True
mobilenetv2,Multiply_11516,28,443,32,32,24,32,22,11,0,32,0.6685,49152,15488,0.6849,63,55.2,True
mobilenetv2,Multiply_11516,28,444,32,32,24,32,12,11,0,32,0.7299,49152,8448,0.8281,53,32.2,True
mobilenetv2,Multiply_11516,28,445,32,16,24,32,10,11,0,32,0.6719,24576,7040,0.7135,51,17.0,True
mobilenetv2,Multiply_11516,28,446,32,32,24,32,17,13,0,32,0.6445,49152,14144,0.7122,60,33.1,True
mobilenetv2,Multiply_11516,28,447,32,32,24,32,18,13,0,32,0.6373,49152,14976,0.6953,61,29.1,True
mobilenetv2,Multiply_11516,28,448,32,32,24,32,22,13,0,32,0.6083,49152,18304,0.6276,65,31.7,True
mobilenetv2,Multiply_11516,28,449,32,32,24,32,12,13,0,32,0.6808,49152,9984,0.7969,55,28.4,True
mobilenetv2,Multiply_11516,28,450,32,16,24,32,10,13,0,32,0.6122,24576,8320,0.6615,53,16.6,True
mobilenetv2,Multiply_11516,28,451,32,32,24,32,17,13,0,32,0.6445,49152,14144,0.7122,60,125.3,True
mobilenetv2,Multiply_11516,28,452,32,32,24,32,18,13,0,32,0.6373,49152,14976,0.6953,61,33.4,True
mobilenetv2,Multiply_11516,28,453,32,32,24,32,22,13,0,32,0.6083,49152,18304,0.6276,65,27.0,True
mobilenetv2,Multiply_11516,28,454,32,32,24,32,12,13,0,32,0.6808,49152,9984,0.7969,55,84.8,True
mobilenetv2,Multiply_11516,28,455,32,16,24,32,10,13,0,32,0.6122,24576,8320,0.6615,53,16.6,True
mobilenetv2,Multiply_11516,28,456,32,32,24,32,17,12,0,32,0.6719,49152,13056,0.7344,59,48.5,True
mobilenetv2,Multiply_11516,28,457,32,32,24,32,18,12,0,32,0.6652,49152,13824,0.7188,60,92.5,True
mobilenetv2,Multiply_11516,28,458,32,32,24,32,22,12,0,32,0.6384,49152,16896,0.6562,64,28.6,True
mobilenetv2,Multiply_11516,28,459,32,32,24,32,12,12,0,32,0.7054,49152,9216,0.8125,54,128.7,True
mobilenetv2,Multiply_11516,28,460,32,16,24,32,10,12,0,32,0.642,24576,7680,0.6875,52,24.0,True
mobilenetv2,Multiply_11516,28,461,32,32,24,32,17,13,0,32,0.6445,49152,14144,0.7122,60,38.8,True
mobilenetv2,Multiply_11516,28,462,32,32,24,32,18,13,0,32,0.6373,49152,14976,0.6953,61,28.2,True
mobilenetv2,Multiply_11516,28,463,32,32,24,32,22,13,0,32,0.6083,49152,18304,0.6276,65,30.2,True
mobilenetv2,Multiply_11516,28,464,32,32,24,32,12,13,0,32,0.6808,49152,9984,0.7969,55,27.1,True
mobilenetv2,Multiply_11516,28,465,32,16,24,32,10,13,0,32,0.6122,24576,8320,0.6615,53,19.3,True
mobilenetv2,Multiply_11516,28,466,32,32,24,32,17,10,0,32,0.7266,49152,10880,0.7786,57,83.3,True
mobilenetv2,Multiply_11516,28,467,32,32,24,32,18,10,0,32,0.721,49152,11520,0.7656,58,32.6,True
mobilenetv2,Multiply_11516,28,468,32,32,24,32,22,10,0,32,0.6987,49152,14080,0.7135,62,28.5,True
mobilenetv2,Multiply_11516,28,469,32,32,24,32,12,10,0,32,0.7545,49152,7680,0.8438,52,127.8,True
mobilenetv2,Multiply_11516,28,470,32,16,24,32,10,10,0,32,0.7017,24576,6400,0.7396,50,54.1,True
mobilenetv2,Multiply_11516,28,471,32,32,24,32,17,13,0,32,0.6445,49152,14144,0.7122,60,29.4,True
mobilenetv2,Multiply_11516,28,472,32,32,24,32,18,13,0,32,0.6373,49152,14976,0.6953,61,142.0,True
mobilenetv2,Multiply_11516,28,473,32,32,24,32,22,13,0,32,0.6083,49152,18304,0.6276,65,28.7,True
mobilenetv2,Multiply_11516,28,474,32,32,24,32,12,13,0,32,0.6808,49152,9984,0.7969,55,42.8,True
mobilenetv2,Multiply_11516,28,475,32,16,24,32,10,13,0,32,0.6122,24576,8320,0.6615,53,26.6,True
mobilenetv2,Multiply_11516,28,476,32,32,24,32,17,10,0,32,0.7266,49152,10880,0.7786,57,33.3,True
mobilenetv2,Multiply_11516,28,477,32,32,24,32,18,10,0,32,0.721,49152,11520,0.7656,58,58.3,True
mobilenetv2,Multiply_11516,28,478,32,32,24,32,22,10,0,32,0.6987,49152,14080,0.7135,62,28.7,True
mobilenetv2,Multiply_11516,28,479,32,32,24,32,12,10,0,32,0.7545,49152,7680,0.8438,52,42.3,True
mobilenetv2,Multiply_11516,28,480,32,16,24,32,10,10,0,32,0.7017,24576,6400,0.7396,50,29.7,True
mobilenetv2,Multiply_11516,28,481,32,32,24,32,17,13,0,32,0.6445,49152,14144,0.7122,60,69.5,True
mobilenetv2,Multiply_11516,28,482,32,32,24,32,18,13,0,32,0.6373,49152,14976,0.6953,61,27.3,True
mobilenetv2,Multiply_11516,28,483,32,32,24,32,22,13,0,32,0.6083,49152,18304,0.6276,65,29.7,True
mobilenetv2,Multiply_11516,28,484,32,32,24,32,12,13,0,32,0.6808,49152,9984,0.7969,55,98.6,True
mobilenetv2,Multiply_11516,28,485,32,16,24,32,10,13,0,32,0.6122,24576,8320,0.6615,53,68.7,True
mobilenetv2,Multiply_11516,28,486,32,32,24,32,17,13,0,32,0.6445,49152,14144,0.7122,60,27.8,True
mobilenetv2,Multiply_11516,28,487,32,32,24,32,18,13,0,32,0.6373,49152,14976,0.6953,61,50.4,True
mobilenetv2,Multiply_11516,28,488,32,32,24,32,22,13,0,32,0.6083,49152,18304,0.6276,65,44.0,True
mobilenetv2,Multiply_11516,28,489,32,32,24,32,12,13,0,32,0.6808,49152,9984,0.7969,55,31.1,True
mobilenetv2,Multiply_11516,28,490,32,16,24,32,10,13,0,32,0.6122,24576,8320,0.6615,53,26.5,True
mobilenetv2,Multiply_11509,29,1,32,24,24,32,13,5,0,32,0.8535,36864,4160,0.8872,48,21.5,True
mobilenetv2,Multiply_11509,29,2,32,24,24,32,13,6,0,32,0.8242,36864,4992,0.8646,49,21.6,True
mobilenetv2,Multiply_11509,29,3,32,24,24,32,13,7,0,32,0.7949,36864,5824,0.842,50,31.5,True
mobilenetv2,Multiply_11509,29,4,32,24,24,32,13,8,0,32,0.7656,36864,6656,0.8194,51,57.3,True
mobilenetv2,Multiply_11509,29,5,32,24,24,32,13,8,0,32,0.7656,36864,6656,0.8194,51,20.9,True
mobilenetv2,Multiply_11509,29,6,32,24,24,32,13,6,0,32,0.8242,36864,4992,0.8646,49,37.7,True
mobilenetv2,Multiply_11509,29,7,32,24,24,32,13,8,0,32,0.7656,36864,6656,0.8194,51,23.0,True
mobilenetv2,Multiply_11509,29,8,32,24,24,32,13,6,0,32,0.8242,36864,4992,0.8646,49,23.1,True
mobilenetv2,Multiply_11509,29,9,32,24,24,32,13,9,0,32,0.7363,36864,7488,0.7969,52,29.2,True
mobilenetv2,Multiply_11509,29,10,32,24,24,32,13,8,0,32,0.7656,36864,6656,0.8194,51,31.8,True
mobilenetv2,Multiply_11509,29,11,32,24,24,32,13,10,0,32,0.707,36864,8320,0.7743,53,23.7,True
mobilenetv2,Multiply_11509,29,12,32,24,24,32,13,8,0,32,0.7656,36864,6656,0.8194,51,97.3,True
mobilenetv2,Multiply_11509,29,13,32,24,24,32,13,9,0,32,0.7363,36864,7488,0.7969,52,109.9,True
mobilenetv2,Multiply_11509,29,14,32,24,24,32,13,9,0,32,0.7363,36864,7488,0.7969,52,22.9,True
mobilenetv2,Multiply_11509,29,15,32,24,24,32,13,9,0,32,0.7363,36864,7488,0.7969,52,22.0,True
mobilenetv2,Multiply_11509,29,16,32,24,24,32,13,9,0,32,0.7363,36864,7488,0.7969,52,23.4,True
mobilenetv2,Multiply_11509,29,17,32,24,24,32,13,9,0,32,0.7363,36864,7488,0.7969,52,22.7,True
mobilenetv2,Multiply_11509,29,18,32,24,24,32,13,9,0,32,0.7363,36864,7488,0.7969,52,21.2,True
mobilenetv2,Multiply_11509,29,19,32,24,24,32,13,9,0,32,0.7363,36864,7488,0.7969,52,21.3,True
mobilenetv2,Multiply_11509,29,20,32,24,24,32,13,8,0,32,0.7656,36864,6656,0.8194,51,75.6,True
mobilenetv2,Multiply_11509,29,21,32,24,24,32,13,9,0,32,0.7363,36864,7488,0.7969,52,28.5,True
mobilenetv2,Multiply_11509,29,22,32,24,24,32,13,9,0,32,0.7363,36864,7488,0.7969,52,34.3,True
mobilenetv2,Multiply_11509,29,23,32,24,24,32,13,8,0,32,0.7656,36864,6656,0.8194,51,21.1,True
mobilenetv2,Multiply_11509,29,24,32,24,24,32,13,9,0,32,0.7363,36864,7488,0.7969,52,23.3,True
mobilenetv2,Multiply_11509,29,25,32,24,24,32,13,9,0,32,0.7363,36864,7488,0.7969,52,61.6,True
mobilenetv2,Multiply_11509,29,26,32,24,24,32,13,8,0,32,0.7656,36864,6656,0.8194,51,21.5,True
mobilenetv2,Multiply_11509,29,27,32,24,24,32,13,9,0,32,0.7363,36864,7488,0.7969,52,26.9,True
mobilenetv2,Multiply_11509,29,28,32,24,24,32,13,10,0,32,0.707,36864,8320,0.7743,53,22.1,True
mobilenetv2,Multiply_11509,29,29,32,24,24,32,13,9,0,32,0.7363,36864,7488,0.7969,52,29.2,True
mobilenetv2,Multiply_11509,29,30,32,24,24,32,13,8,0,32,0.7656,36864,6656,0.8194,51,21.8,True
mobilenetv2,Multiply_11509,29,31,32,24,24,32,13,9,0,32,0.7363,36864,7488,0.7969,52,26.7,True
mobilenetv2,Multiply_11509,29,32,32,24,24,32,13,8,0,32,0.7656,36864,6656,0.8194,51,21.6,True
mobilenetv2,Multiply_11509,29,33,32,24,24,32,13,10,0,32,0.707,36864,8320,0.7743,53,36.2,True
mobilenetv2,Multiply_11509,29,34,32,24,24,32,13,10,0,32,0.707,36864,8320,0.7743,53,30.2,True
mobilenetv2,Multiply_11509,29,35,32,24,24,32,13,9,0,32,0.7363,36864,7488,0.7969,52,26.0,True
mobilenetv2,Multiply_11509,29,36,32,24,24,32,13,9,0,32,0.7363,36864,7488,0.7969,52,21.9,True
mobilenetv2,Multiply_11509,29,37,32,24,24,32,13,9,0,32,0.7363,36864,7488,0.7969,52,26.4,True
mobilenetv2,Multiply_11509,29,38,32,24,24,32,13,10,0,32,0.707,36864,8320,0.7743,53,26.6,True
mobilenetv2,Multiply_11509,29,39,32,24,24,32,13,8,0,32,0.7656,36864,6656,0.8194,51,22.7,True
mobilenetv2,Multiply_11509,29,40,32,24,24,32,13,9,0,32,0.7363,36864,7488,0.7969,52,99.9,True
mobilenetv2,Multiply_11509,29,41,32,24,24,32,13,8,0,32,0.7656,36864,6656,0.8194,51,98.4,True
mobilenetv2,Multiply_11509,29,42,32,24,24,32,13,9,0,32,0.7363,36864,7488,0.7969,52,70.2,True
mobilenetv2,Multiply_11509,29,43,32,24,24,32,13,8,0,32,0.7656,36864,6656,0.8194,51,24.0,True
mobilenetv2,Multiply_11509,29,44,32,24,24,32,13,9,0,32,0.7363,36864,7488,0.7969,52,71.6,True
mobilenetv2,Multiply_11509,29,45,32,24,24,32,13,9,0,32,0.7363,36864,7488,0.7969,52,116.0,True
mobilenetv2,Multiply_11509,29,46,32,24,24,32,13,9,0,32,0.7363,36864,7488,0.7969,52,20.9,True
mobilenetv2,Multiply_11509,29,47,32,24,24,32,13,9,0,32,0.7363,36864,7488,0.7969,52,27.4,True
mobilenetv2,Multiply_11509,29,48,32,24,24,32,13,9,0,32,0.7363,36864,7488,0.7969,52,30.3,True
mobilenetv2,Multiply_11509,29,49,32,24,24,32,13,8,0,32,0.7656,36864,6656,0.8194,51,45.3,True
mobilenetv2,Multiply_11509,29,50,32,24,24,32,13,9,0,32,0.7363,36864,7488,0.7969,52,23.6,True
mobilenetv2,Multiply_11509,29,51,32,24,24,32,13,9,0,32,0.7363,36864,7488,0.7969,52,109.1,True
mobilenetv2,Multiply_11509,29,52,32,24,24,32,13,7,0,32,0.7949,36864,5824,0.842,50,21.4,True
mobilenetv2,Multiply_11509,29,53,32,24,24,32,13,9,0,32,0.7363,36864,7488,0.7969,52,21.3,True
mobilenetv2,Multiply_11509,29,54,32,24,24,32,13,7,0,32,0.7949,36864,5824,0.842,50,26.3,True
mobilenetv2,Multiply_11509,29,55,32,24,24,32,13,8,0,32,0.7656,36864,6656,0.8194,51,21.3,True
mobilenetv2,Multiply_11509,29,56,32,24,24,32,13,9,0,32,0.7363,36864,7488,0.7969,52,98.1,True
mobilenetv2,Multiply_11509,29,57,32,24,24,32,13,7,0,32,0.7949,36864,5824,0.842,50,23.1,True
mobilenetv2,Multiply_11509,29,58,32,24,24,32,13,8,0,32,0.7656,36864,6656,0.8194,51,109.8,True
mobilenetv2,Multiply_11509,29,59,32,24,24,32,13,10,0,32,0.707,36864,8320,0.7743,53,21.9,True
mobilenetv2,Multiply_11509,29,60,32,24,24,32,13,8,0,32,0.7656,36864,6656,0.8194,51,26.6,True
mobilenetv2,Multiply_11509,29,61,32,24,24,32,13,10,0,32,0.707,36864,8320,0.7743,53,88.8,True
mobilenetv2,Multiply_11509,29,62,32,24,24,32,13,8,0,32,0.7656,36864,6656,0.8194,51,108.7,True
mobilenetv2,Multiply_11509,29,63,32,24,24,32,13,9,0,32,0.7363,36864,7488,0.7969,52,24.6,True
mobilenetv2,Multiply_11509,29,64,32,24,24,32,13,8,0,32,0.7656,36864,6656,0.8194,51,81.6,True
mobilenetv2,Multiply_11509,29,65,32,24,24,32,13,9,0,32,0.7363,36864,7488,0.7969,52,33.3,True
mobilenetv2,Multiply_11509,29,66,32,24,24,32,13,8,0,32,0.7656,36864,6656,0.8194,51,110.9,True
mobilenetv2,Multiply_11509,29,67,32,24,24,32,13,9,0,32,0.7363,36864,7488,0.7969,52,107.5,True
mobilenetv2,Multiply_11509,29,68,32,24,24,32,13,9,0,32,0.7363,36864,7488,0.7969,52,23.3,True
mobilenetv2,Multiply_11509,29,69,32,24,24,32,13,8,0,32,0.7656,36864,6656,0.8194,51,24.3,True
mobilenetv2,Multiply_11509,29,70,32,24,24,32,13,9,0,32,0.7363,36864,7488,0.7969,52,27.3,True
mobilenetv2,Multiply_11509,29,71,32,24,24,32,13,7,0,32,0.7949,36864,5824,0.842,50,22.5,True
mobilenetv2,Multiply_11509,29,72,32,24,24,32,13,9,0,32,0.7363,36864,7488,0.7969,52,143.2,True
mobilenetv2,Multiply_11509,29,73,32,24,24,32,13,8,0,32,0.7656,36864,6656,0.8194,51,49.6,True
mobilenetv2,Multiply_11509,29,74,32,24,24,32,13,8,0,32,0.7656,36864,6656,0.8194,51,24.2,True
mobilenetv2,Multiply_11509,29,75,32,24,24,32,13,8,0,32,0.7656,36864,6656,0.8194,51,21.3,True
mobilenetv2,Multiply_11509,29,76,32,24,24,32,13,9,0,32,0.7363,36864,7488,0.7969,52,22.7,True
mobilenetv2,Multiply_11509,29,77,32,24,24,32,13,8,0,32,0.7656,36864,6656,0.8194,51,225.2,True
mobilenetv2,Multiply_11509,29,78,32,24,24,32,13,8,0,32,0.7656,36864,6656,0.8194,51,22.7,True
mobilenetv2,Multiply_11509,29,79,32,24,24,32,13,9,0,32,0.7363,36864,7488,0.7969,52,79.3,True
mobilenetv2,Multiply_11509,29,80,32,24,24,32,13,7,0,32,0.7949,36864,5824,0.842,50,25.3,True
mobilenetv2,Multiply_11509,29,81,32,24,24,32,13,9,0,32,0.7363,36864,7488,0.7969,52,24.1,True
mobilenetv2,Multiply_11509,29,82,32,24,24,32,13,9,0,32,0.7363,36864,7488,0.7969,52,26.0,True
mobilenetv2,Multiply_11509,29,83,32,24,24,32,13,9,0,32,0.7363,36864,7488,0.7969,52,21.9,True
mobilenetv2,Multiply_11509,29,84,32,24,24,32,13,9,0,32,0.7363,36864,7488,0.7969,52,110.1,True
mobilenetv2,Multiply_11509,29,85,32,24,24,32,13,10,0,32,0.707,36864,8320,0.7743,53,29.9,True
mobilenetv2,Multiply_11509,29,86,32,24,24,32,13,9,0,32,0.7363,36864,7488,0.7969,52,21.0,True
mobilenetv2,Multiply_11509,29,87,32,24,24,32,13,9,0,32,0.7363,36864,7488,0.7969,52,24.6,True
mobilenetv2,Multiply_11509,29,88,32,24,24,32,13,9,0,32,0.7363,36864,7488,0.7969,52,23.2,True
mobilenetv2,Multiply_11509,29,89,32,24,24,32,13,9,0,32,0.7363,36864,7488,0.7969,52,21.3,True
mobilenetv2,Multiply_11509,29,90,32,24,24,32,13,9,0,32,0.7363,36864,7488,0.7969,52,30.7,True
mobilenetv2,Multiply_11509,29,91,32,24,24,32,13,9,0,32,0.7363,36864,7488,0.7969,52,21.9,True
mobilenetv2,Multiply_11509,29,92,32,24,24,32,13,7,0,32,0.7949,36864,5824,0.842,50,51.7,True
mobilenetv2,Multiply_11509,29,93,32,24,24,32,13,9,0,32,0.7363,36864,7488,0.7969,52,23.4,True
mobilenetv2,Multiply_11509,29,94,32,24,24,32,13,7,0,32,0.7949,36864,5824,0.842,50,108.1,True
mobilenetv2,Multiply_11509,29,95,32,24,24,32,13,9,0,32,0.7363,36864,7488,0.7969,52,37.9,True
mobilenetv2,Multiply_11509,29,96,32,24,24,32,13,8,0,32,0.7656,36864,6656,0.8194,51,24.9,True
mobilenetv2,Multiply_11509,29,97,32,24,24,32,13,8,0,32,0.7656,36864,6656,0.8194,51,82.5,True
mobilenetv2,Multiply_11509,29,98,32,24,24,32,13,5,0,32,0.8535,36864,4160,0.8872,48,99.6,True
mobilenetv2,Multiply_11495,30,1,32,32,24,32,17,8,0,32,0.7812,49152,8704,0.8229,55,34.9,True
mobilenetv2,Multiply_11495,30,2,32,32,24,32,21,8,0,32,0.7634,49152,10752,0.7812,59,35.4,True
mobilenetv2,Multiply_11495,30,3,32,32,24,32,13,8,0,32,0.7991,49152,6656,0.8646,51,27.8,True
mobilenetv2,Multiply_11495,30,4,32,32,24,32,17,8,0,32,0.7812,49152,8704,0.8229,55,28.0,True
mobilenetv2,Multiply_11495,30,5,32,16,24,32,11,8,0,32,0.7557,24576,5632,0.7708,49,18.7,True
mobilenetv2,Multiply_11495,30,6,32,32,24,32,17,9,0,32,0.7539,49152,9792,0.8008,56,45.8,True
mobilenetv2,Multiply_11495,30,7,32,32,24,32,21,9,0,32,0.7338,49152,12096,0.7539,60,149.7,True
mobilenetv2,Multiply_11495,30,8,32,32,24,32,13,9,0,32,0.774,49152,7488,0.8477,52,29.2,True
mobilenetv2,Multiply_11495,30,9,32,32,24,32,17,9,0,32,0.7539,49152,9792,0.8008,56,28.1,True
mobilenetv2,Multiply_11495,30,10,32,16,24,32,11,9,0,32,0.7251,24576,6336,0.7422,50,18.6,True
mobilenetv2,Multiply_11495,30,11,32,32,24,32,17,9,0,32,0.7539,49152,9792,0.8008,56,521.5,True
mobilenetv2,Multiply_11495,30,12,32,32,24,32,21,9,0,32,0.7338,49152,12096,0.7539,60,29.1,True
mobilenetv2,Multiply_11495,30,13,32,32,24,32,13,9,0,32,0.774,49152,7488,0.8477,52,128.1,True
mobilenetv2,Multiply_11495,30,14,32,32,24,32,17,9,0,32,0.7539,49152,9792,0.8008,56,27.8,True
mobilenetv2,Multiply_11495,30,15,32,16,24,32,11,9,0,32,0.7251,24576,6336,0.7422,50,31.2,True
mobilenetv2,Multiply_11495,30,16,32,32,24,32,17,9,0,32,0.7539,49152,9792,0.8008,56,36.5,True
mobilenetv2,Multiply_11495,30,17,32,32,24,32,21,9,0,32,0.7338,49152,12096,0.7539,60,49.5,True
mobilenetv2,Multiply_11495,30,18,32,32,24,32,13,9,0,32,0.774,49152,7488,0.8477,52,28.0,True
mobilenetv2,Multiply_11495,30,19,32,32,24,32,17,9,0,32,0.7539,49152,9792,0.8008,56,115.2,True
mobilenetv2,Multiply_11495,30,20,32,16,24,32,11,9,0,32,0.7251,24576,6336,0.7422,50,72.3,True
mobilenetv2,Multiply_11495,30,21,32,32,24,32,17,9,0,32,0.7539,49152,9792,0.8008,56,28.5,True
mobilenetv2,Multiply_11495,30,22,32,32,24,32,21,9,0,32,0.7338,49152,12096,0.7539,60,28.6,True
mobilenetv2,Multiply_11495,30,23,32,32,24,32,13,9,0,32,0.774,49152,7488,0.8477,52,28.6,True
mobilenetv2,Multiply_11495,30,24,32,32,24,32,17,9,0,32,0.7539,49152,9792,0.8008,56,27.1,True
mobilenetv2,Multiply_11495,30,25,32,16,24,32,11,9,0,32,0.7251,24576,6336,0.7422,50,17.4,True
mobilenetv2,Multiply_11495,30,26,32,32,24,32,17,9,0,32,0.7539,49152,9792,0.8008,56,26.8,True
mobilenetv2,Multiply_11495,30,27,32,32,24,32,21,9,0,32,0.7338,49152,12096,0.7539,60,28.7,True
mobilenetv2,Multiply_11495,30,28,32,32,24,32,13,9,0,32,0.774,49152,7488,0.8477,52,29.3,True
mobilenetv2,Multiply_11495,30,29,32,32,24,32,17,9,0,32,0.7539,49152,9792,0.8008,56,28.9,True
mobilenetv2,Multiply_11495,30,30,32,16,24,32,11,9,0,32,0.7251,24576,6336,0.7422,50,20.1,True
mobilenetv2,Multiply_11495,30,31,32,32,24,32,17,9,0,32,0.7539,49152,9792,0.8008,56,41.9,True
mobilenetv2,Multiply_11495,30,32,32,32,24,32,21,9,0,32,0.7338,49152,12096,0.7539,60,28.8,True
mobilenetv2,Multiply_11495,30,33,32,32,24,32,13,9,0,32,0.774,49152,7488,0.8477,52,63.0,True
mobilenetv2,Multiply_11495,30,34,32,32,24,32,17,9,0,32,0.7539,49152,9792,0.8008,56,36.1,True
mobilenetv2,Multiply_11495,30,35,32,16,24,32,11,9,0,32,0.7251,24576,6336,0.7422,50,17.4,True
mobilenetv2,Multiply_11495,30,36,32,32,24,32,17,9,0,32,0.7539,49152,9792,0.8008,56,31.4,True
mobilenetv2,Multiply_11495,30,37,32,32,24,32,21,9,0,32,0.7338,49152,12096,0.7539,60,128.9,True
mobilenetv2,Multiply_11495,30,38,32,32,24,32,13,9,0,32,0.774,49152,7488,0.8477,52,27.6,True
mobilenetv2,Multiply_11495,30,39,32,32,24,32,17,9,0,32,0.7539,49152,9792,0.8008,56,28.4,True
mobilenetv2,Multiply_11495,30,40,32,16,24,32,11,9,0,32,0.7251,24576,6336,0.7422,50,82.2,True
mobilenetv2,Multiply_11495,30,41,32,32,24,32,17,9,0,32,0.7539,49152,9792,0.8008,56,27.7,True
mobilenetv2,Multiply_11495,30,42,32,32,24,32,21,9,0,32,0.7338,49152,12096,0.7539,60,27.9,True
mobilenetv2,Multiply_11495,30,43,32,32,24,32,13,9,0,32,0.774,49152,7488,0.8477,52,28.3,True
mobilenetv2,Multiply_11495,30,44,32,32,24,32,17,9,0,32,0.7539,49152,9792,0.8008,56,31.7,True
mobilenetv2,Multiply_11495,30,45,32,16,24,32,11,9,0,32,0.7251,24576,6336,0.7422,50,82.9,True
mobilenetv2,Multiply_11495,30,46,32,32,24,32,17,9,0,32,0.7539,49152,9792,0.8008,56,35.3,True
mobilenetv2,Multiply_11495,30,47,32,32,24,32,21,9,0,32,0.7338,49152,12096,0.7539,60,117.4,True
mobilenetv2,Multiply_11495,30,48,32,32,24,32,13,9,0,32,0.774,49152,7488,0.8477,52,116.7,True
mobilenetv2,Multiply_11495,30,49,32,32,24,32,17,9,0,32,0.7539,49152,9792,0.8008,56,28.5,True
mobilenetv2,Multiply_11495,30,50,32,16,24,32,11,9,0,32,0.7251,24576,6336,0.7422,50,72.8,True
mobilenetv2,Multiply_11495,30,51,32,32,24,32,17,9,0,32,0.7539,49152,9792,0.8008,56,139.1,True
mobilenetv2,Multiply_11495,30,52,32,32,24,32,21,9,0,32,0.7338,49152,12096,0.7539,60,29.7,True
mobilenetv2,Multiply_11495,30,53,32,32,24,32,13,9,0,32,0.774,49152,7488,0.8477,52,49.4,True
mobilenetv2,Multiply_11495,30,54,32,32,24,32,17,9,0,32,0.7539,49152,9792,0.8008,56,28.8,True
mobilenetv2,Multiply_11495,30,55,32,16,24,32,11,9,0,32,0.7251,24576,6336,0.7422,50,24.2,True
mobilenetv2,Multiply_11495,30,56,32,32,24,32,17,9,0,32,0.7539,49152,9792,0.8008,56,30.4,True
mobilenetv2,Multiply_11495,30,57,32,32,24,32,21,9,0,32,0.7338,49152,12096,0.7539,60,31.0,True
mobilenetv2,Multiply_11495,30,58,32,32,24,32,13,9,0,32,0.774,49152,7488,0.8477,52,28.3,True
mobilenetv2,Multiply_11495,30,59,32,32,24,32,17,9,0,32,0.7539,49152,9792,0.8008,56,58.2,True
mobilenetv2,Multiply_11495,30,60,32,16,24,32,11,9,0,32,0.7251,24576,6336,0.7422,50,16.9,True
mobilenetv2,Multiply_11495,30,61,32,32,24,32,17,10,0,32,0.7266,49152,10880,0.7786,57,26.9,True
mobilenetv2,Multiply_11495,30,62,32,32,24,32,21,10,0,32,0.7042,49152,13440,0.7266,61,119.2,True
mobilenetv2,Multiply_11495,30,63,32,32,24,32,13,10,0,32,0.7489,49152,8320,0.8307,53,86.0,True
mobilenetv2,Multiply_11495,30,64,32,32,24,32,17,10,0,32,0.7266,49152,10880,0.7786,57,108.1,True
mobilenetv2,Multiply_11495,30,65,32,16,24,32,11,10,0,32,0.6946,24576,7040,0.7135,51,62.1,True
mobilenetv2,Multiply_11495,30,66,32,32,24,32,17,10,0,32,0.7266,49152,10880,0.7786,57,29.2,True
mobilenetv2,Multiply_11495,30,67,32,32,24,32,21,10,0,32,0.7042,49152,13440,0.7266,61,29.1,True
mobilenetv2,Multiply_11495,30,68,32,32,24,32,13,10,0,32,0.7489,49152,8320,0.8307,53,28.8,True
mobilenetv2,Multiply_11495,30,69,32,32,24,32,17,10,0,32,0.7266,49152,10880,0.7786,57,28.1,True
mobilenetv2,Multiply_11495,30,70,32,16,24,32,11,10,0,32,0.6946,24576,7040,0.7135,51,19.8,True
mobilenetv2,Multiply_11495,30,71,32,32,24,32,17,10,0,32,0.7266,49152,10880,0.7786,57,27.6,True
mobilenetv2,Multiply_11495,30,72,32,32,24,32,21,10,0,32,0.7042,49152,13440,0.7266,61,31.0,True
mobilenetv2,Multiply_11495,30,73,32,32,24,32,13,10,0,32,0.7489,49152,8320,0.8307,53,82.8,True
mobilenetv2,Multiply_11495,30,74,32,32,24,32,17,10,0,32,0.7266,49152,10880,0.7786,57,29.6,True
mobilenetv2,Multiply_11495,30,75,32,16,24,32,11,10,0,32,0.6946,24576,7040,0.7135,51,17.3,True
mobilenetv2,Multiply_11495,30,76,32,32,24,32,17,10,0,32,0.7266,49152,10880,0.7786,57,35.3,True
mobilenetv2,Multiply_11495,30,77,32,32,24,32,21,10,0,32,0.7042,49152,13440,0.7266,61,82.7,True
mobilenetv2,Multiply_11495,30,78,32,32,24,32,13,10,0,32,0.7489,49152,8320,0.8307,53,51.8,True
mobilenetv2,Multiply_11495,30,79,32,32,24,32,17,10,0,32,0.7266,49152,10880,0.7786,57,28.5,True
mobilenetv2,Multiply_11495,30,80,32,16,24,32,11,10,0,32,0.6946,24576,7040,0.7135,51,16.8,True
mobilenetv2,Multiply_11495,30,81,32,32,24,32,17,10,0,32,0.7266,49152,10880,0.7786,57,35.2,True
mobilenetv2,Multiply_11495,30,82,32,32,24,32,21,10,0,32,0.7042,49152,13440,0.7266,61,35.2,True
mobilenetv2,Multiply_11495,30,83,32,32,24,32,13,10,0,32,0.7489,49152,8320,0.8307,53,28.7,True
mobilenetv2,Multiply_11495,30,84,32,32,24,32,17,10,0,32,0.7266,49152,10880,0.7786,57,28.5,True
mobilenetv2,Multiply_11495,30,85,32,16,24,32,11,10,0,32,0.6946,24576,7040,0.7135,51,19.1,True
mobilenetv2,Multiply_11495,30,86,32,32,24,32,17,9,0,32,0.7539,49152,9792,0.8008,56,31.4,True
mobilenetv2,Multiply_11495,30,87,32,32,24,32,21,9,0,32,0.7338,49152,12096,0.7539,60,33.9,True
mobilenetv2,Multiply_11495,30,88,32,32,24,32,13,9,0,32,0.774,49152,7488,0.8477,52,28.8,True
mobilenetv2,Multiply_11495,30,89,32,32,24,32,17,9,0,32,0.7539,49152,9792,0.8008,56,27.9,True
mobilenetv2,Multiply_11495,30,90,32,16,24,32,11,9,0,32,0.7251,24576,6336,0.7422,50,68.8,True
mobilenetv2,Multiply_11495,30,91,32,32,24,32,17,9,0,32,0.7539,49152,9792,0.8008,56,31.6,True
mobilenetv2,Multiply_11495,30,92,32,32,24,32,21,9,0,32,0.7338,49152,12096,0.7539,60,78.4,True
mobilenetv2,Multiply_11495,30,93,32,32,24,32,13,9,0,32,0.774,49152,7488,0.8477,52,28.3,True
mobilenetv2,Multiply_11495,30,94,32,32,24,32,17,9,0,32,0.7539,49152,9792,0.8008,56,30.6,True
mobilenetv2,Multiply_11495,30,95,32,16,24,32,11,9,0,32,0.7251,24576,6336,0.7422,50,74.2,True
mobilenetv2,Multiply_11495,30,96,32,32,24,32,17,9,0,32,0.7539,49152,9792,0.8008,56,28.1,True
mobilenetv2,Multiply_11495,30,97,32,32,24,32,21,9,0,32,0.7338,49152,12096,0.7539,60,31.4,True
mobilenetv2,Multiply_11495,30,98,32,32,24,32,13,9,0,32,0.774,49152,7488,0.8477,52,36.5,True
mobilenetv2,Multiply_11495,30,99,32,32,24,32,17,9,0,32,0.7539,49152,9792,0.8008,56,116.5,True
mobilenetv2,Multiply_11495,30,100,32,16,24,32,11,9,0,32,0.7251,24576,6336,0.7422,50,16.1,True
mobilenetv2,Multiply_11495,30,101,32,32,24,32,17,9,0,32,0.7539,49152,9792,0.8008,56,34.4,True
mobilenetv2,Multiply_11495,30,102,32,32,24,32,21,9,0,32,0.7338,49152,12096,0.7539,60,31.0,True
mobilenetv2,Multiply_11495,30,103,32,32,24,32,13,9,0,32,0.774,49152,7488,0.8477,52,29.0,True
mobilenetv2,Multiply_11495,30,104,32,32,24,32,17,9,0,32,0.7539,49152,9792,0.8008,56,29.4,True
mobilenetv2,Multiply_11495,30,105,32,16,24,32,11,9,0,32,0.7251,24576,6336,0.7422,50,18.9,True
mobilenetv2,Multiply_11495,30,106,32,32,24,32,17,9,0,32,0.7539,49152,9792,0.8008,56,136.8,True
mobilenetv2,Multiply_11495,30,107,32,32,24,32,21,9,0,32,0.7338,49152,12096,0.7539,60,32.3,True
mobilenetv2,Multiply_11495,30,108,32,32,24,32,13,9,0,32,0.774,49152,7488,0.8477,52,26.9,True
mobilenetv2,Multiply_11495,30,109,32,32,24,32,17,9,0,32,0.7539,49152,9792,0.8008,56,28.4,True
mobilenetv2,Multiply_11495,30,110,32,16,24,32,11,9,0,32,0.7251,24576,6336,0.7422,50,28.0,True
mobilenetv2,Multiply_11495,30,111,32,32,24,32,17,9,0,32,0.7539,49152,9792,0.8008,56,43.9,True
mobilenetv2,Multiply_11495,30,112,32,32,24,32,21,9,0,32,0.7338,49152,12096,0.7539,60,28.6,True
mobilenetv2,Multiply_11495,30,113,32,32,24,32,13,9,0,32,0.774,49152,7488,0.8477,52,33.9,True
mobilenetv2,Multiply_11495,30,114,32,32,24,32,17,9,0,32,0.7539,49152,9792,0.8008,56,28.3,True
mobilenetv2,Multiply_11495,30,115,32,16,24,32,11,9,0,32,0.7251,24576,6336,0.7422,50,16.9,True
mobilenetv2,Multiply_11495,30,116,32,32,24,32,17,9,0,32,0.7539,49152,9792,0.8008,56,27.5,True
mobilenetv2,Multiply_11495,30,117,32,32,24,32,21,9,0,32,0.7338,49152,12096,0.7539,60,29.2,True
mobilenetv2,Multiply_11495,30,118,32,32,24,32,13,9,0,32,0.774,49152,7488,0.8477,52,28.1,True
mobilenetv2,Multiply_11495,30,119,32,32,24,32,17,9,0,32,0.7539,49152,9792,0.8008,56,248.1,True
mobilenetv2,Multiply_11495,30,120,32,16,24,32,11,9,0,32,0.7251,24576,6336,0.7422,50,22.0,True
mobilenetv2,Multiply_11495,30,121,32,32,24,32,17,9,0,32,0.7539,49152,9792,0.8008,56,289.4,True
mobilenetv2,Multiply_11495,30,122,32,32,24,32,21,9,0,32,0.7338,49152,12096,0.7539,60,28.7,True
mobilenetv2,Multiply_11495,30,123,32,32,24,32,13,9,0,32,0.774,49152,7488,0.8477,52,157.5,True
mobilenetv2,Multiply_11495,30,124,32,32,24,32,17,9,0,32,0.7539,49152,9792,0.8008,56,27.7,True
mobilenetv2,Multiply_11495,30,125,32,16,24,32,11,9,0,32,0.7251,24576,6336,0.7422,50,23.8,True
mobilenetv2,Multiply_11495,30,126,32,32,24,32,17,9,0,32,0.7539,49152,9792,0.8008,56,43.2,True
mobilenetv2,Multiply_11495,30,127,32,32,24,32,21,9,0,32,0.7338,49152,12096,0.7539,60,65.2,True
mobilenetv2,Multiply_11495,30,128,32,32,24,32,13,9,0,32,0.774,49152,7488,0.8477,52,93.9,True
mobilenetv2,Multiply_11495,30,129,32,32,24,32,17,9,0,32,0.7539,49152,9792,0.8008,56,116.3,True
mobilenetv2,Multiply_11495,30,130,32,16,24,32,11,9,0,32,0.7251,24576,6336,0.7422,50,15.9,True
mobilenetv2,Multiply_11495,30,131,32,32,24,32,17,9,0,32,0.7539,49152,9792,0.8008,56,31.4,True
mobilenetv2,Multiply_11495,30,132,32,32,24,32,21,9,0,32,0.7338,49152,12096,0.7539,60,27.3,True
mobilenetv2,Multiply_11495,30,133,32,32,24,32,13,9,0,32,0.774,49152,7488,0.8477,52,28.7,True
mobilenetv2,Multiply_11495,30,134,32,32,24,32,17,9,0,32,0.7539,49152,9792,0.8008,56,27.4,True
mobilenetv2,Multiply_11495,30,135,32,16,24,32,11,9,0,32,0.7251,24576,6336,0.7422,50,17.4,True
mobilenetv2,Multiply_11495,30,136,32,32,24,32,17,9,0,32,0.7539,49152,9792,0.8008,56,29.7,True
mobilenetv2,Multiply_11495,30,137,32,32,24,32,21,9,0,32,0.7338,49152,12096,0.7539,60,27.9,True
mobilenetv2,Multiply_11495,30,138,32,32,24,32,13,9,0,32,0.774,49152,7488,0.8477,52,28.4,True
mobilenetv2,Multiply_11495,30,139,32,32,24,32,17,9,0,32,0.7539,49152,9792,0.8008,56,39.8,True
mobilenetv2,Multiply_11495,30,140,32,16,24,32,11,9,0,32,0.7251,24576,6336,0.7422,50,36.1,True
mobilenetv2,Multiply_11495,30,141,32,32,24,32,17,10,0,32,0.7266,49152,10880,0.7786,57,124.2,True
mobilenetv2,Multiply_11495,30,142,32,32,24,32,21,10,0,32,0.7042,49152,13440,0.7266,61,28.1,True
mobilenetv2,Multiply_11495,30,143,32,32,24,32,13,10,0,32,0.7489,49152,8320,0.8307,53,51.4,True
mobilenetv2,Multiply_11495,30,144,32,32,24,32,17,10,0,32,0.7266,49152,10880,0.7786,57,28.5,True
mobilenetv2,Multiply_11495,30,145,32,16,24,32,11,10,0,32,0.6946,24576,7040,0.7135,51,17.8,True
mobilenetv2,Multiply_11495,30,146,32,32,24,32,17,10,0,32,0.7266,49152,10880,0.7786,57,139.6,True
mobilenetv2,Multiply_11495,30,147,32,32,24,32,21,10,0,32,0.7042,49152,13440,0.7266,61,29.1,True
mobilenetv2,Multiply_11495,30,148,32,32,24,32,13,10,0,32,0.7489,49152,8320,0.8307,53,142.0,True
mobilenetv2,Multiply_11495,30,149,32,32,24,32,17,10,0,32,0.7266,49152,10880,0.7786,57,91.9,True
mobilenetv2,Multiply_11495,30,150,32,16,24,32,11,10,0,32,0.6946,24576,7040,0.7135,51,18.2,True
mobilenetv2,Multiply_11495,30,151,32,32,24,32,17,9,0,32,0.7539,49152,9792,0.8008,56,43.3,True
mobilenetv2,Multiply_11495,30,152,32,32,24,32,21,9,0,32,0.7338,49152,12096,0.7539,60,37.8,True
mobilenetv2,Multiply_11495,30,153,32,32,24,32,13,9,0,32,0.774,49152,7488,0.8477,52,28.6,True
mobilenetv2,Multiply_11495,30,154,32,32,24,32,17,9,0,32,0.7539,49152,9792,0.8008,56,128.0,True
mobilenetv2,Multiply_11495,30,155,32,16,24,32,11,9,0,32,0.7251,24576,6336,0.7422,50,67.7,True
mobilenetv2,Multiply_11495,30,156,32,32,24,32,17,9,0,32,0.7539,49152,9792,0.8008,56,28.9,True
mobilenetv2,Multiply_11495,30,157,32,32,24,32,21,9,0,32,0.7338,49152,12096,0.7539,60,27.3,True
mobilenetv2,Multiply_11495,30,158,32,32,24,32,13,9,0,32,0.774,49152,7488,0.8477,52,27.7,True
mobilenetv2,Multiply_11495,30,159,32,32,24,32,17,9,0,32,0.7539,49152,9792,0.8008,56,28.1,True
mobilenetv2,Multiply_11495,30,160,32,16,24,32,11,9,0,32,0.7251,24576,6336,0.7422,50,35.2,True
mobilenetv2,Multiply_11495,30,161,32,32,24,32,17,9,0,32,0.7539,49152,9792,0.8008,56,124.6,True
mobilenetv2,Multiply_11495,30,162,32,32,24,32,21,9,0,32,0.7338,49152,12096,0.7539,60,33.4,True
mobilenetv2,Multiply_11495,30,163,32,32,24,32,13,9,0,32,0.774,49152,7488,0.8477,52,137.6,True
mobilenetv2,Multiply_11495,30,164,32,32,24,32,17,9,0,32,0.7539,49152,9792,0.8008,56,28.7,True
mobilenetv2,Multiply_11495,30,165,32,16,24,32,11,9,0,32,0.7251,24576,6336,0.7422,50,17.4,True
mobilenetv2,Multiply_11495,30,166,32,32,24,32,17,9,0,32,0.7539,49152,9792,0.8008,56,26.5,True
mobilenetv2,Multiply_11495,30,167,32,32,24,32,21,9,0,32,0.7338,49152,12096,0.7539,60,42.1,True
mobilenetv2,Multiply_11495,30,168,32,32,24,32,13,9,0,32,0.774,49152,7488,0.8477,52,37.3,True
mobilenetv2,Multiply_11495,30,169,32,32,24,32,17,9,0,32,0.7539,49152,9792,0.8008,56,27.8,True
mobilenetv2,Multiply_11495,30,170,32,16,24,32,11,9,0,32,0.7251,24576,6336,0.7422,50,16.6,True
mobilenetv2,Multiply_11495,30,171,32,32,24,32,17,9,0,32,0.7539,49152,9792,0.8008,56,67.7,True
mobilenetv2,Multiply_11495,30,172,32,32,24,32,21,9,0,32,0.7338,49152,12096,0.7539,60,64.4,True
mobilenetv2,Multiply_11495,30,173,32,32,24,32,13,9,0,32,0.774,49152,7488,0.8477,52,40.3,True
mobilenetv2,Multiply_11495,30,174,32,32,24,32,17,9,0,32,0.7539,49152,9792,0.8008,56,29.1,True
mobilenetv2,Multiply_11495,30,175,32,16,24,32,11,9,0,32,0.7251,24576,6336,0.7422,50,73.2,True
mobilenetv2,Multiply_11495,30,176,32,32,24,32,17,10,0,32,0.7266,49152,10880,0.7786,57,27.2,True
mobilenetv2,Multiply_11495,30,177,32,32,24,32,21,10,0,32,0.7042,49152,13440,0.7266,61,33.4,True
mobilenetv2,Multiply_11495,30,178,32,32,24,32,13,10,0,32,0.7489,49152,8320,0.8307,53,29.4,True
mobilenetv2,Multiply_11495,30,179,32,32,24,32,17,10,0,32,0.7266,49152,10880,0.7786,57,129.3,True
mobilenetv2,Multiply_11495,30,180,32,16,24,32,11,10,0,32,0.6946,24576,7040,0.7135,51,25.0,True
mobilenetv2,Multiply_11495,30,181,32,32,24,32,17,9,0,32,0.7539,49152,9792,0.8008,56,29.1,True
mobilenetv2,Multiply_11495,30,182,32,32,24,32,21,9,0,32,0.7338,49152,12096,0.7539,60,33.7,True
mobilenetv2,Multiply_11495,30,183,32,32,24,32,13,9,0,32,0.774,49152,7488,0.8477,52,108.7,True
mobilenetv2,Multiply_11495,30,184,32,32,24,32,17,9,0,32,0.7539,49152,9792,0.8008,56,27.9,True
mobilenetv2,Multiply_11495,30,185,32,16,24,32,11,9,0,32,0.7251,24576,6336,0.7422,50,73.4,True
mobilenetv2,Multiply_11495,30,186,32,32,24,32,17,10,0,32,0.7266,49152,10880,0.7786,57,38.4,True
mobilenetv2,Multiply_11495,30,187,32,32,24,32,21,10,0,32,0.7042,49152,13440,0.7266,61,28.6,True
mobilenetv2,Multiply_11495,30,188,32,32,24,32,13,10,0,32,0.7489,49152,8320,0.8307,53,225.9,True
mobilenetv2,Multiply_11495,30,189,32,32,24,32,17,10,0,32,0.7266,49152,10880,0.7786,57,28.7,True
mobilenetv2,Multiply_11495,30,190,32,16,24,32,11,10,0,32,0.6946,24576,7040,0.7135,51,37.7,True
mobilenetv2,Multiply_11495,30,191,32,32,24,32,17,9,0,32,0.7539,49152,9792,0.8008,56,27.1,True
mobilenetv2,Multiply_11495,30,192,32,32,24,32,21,9,0,32,0.7338,49152,12096,0.7539,60,174.2,True
mobilenetv2,Multiply_11495,30,193,32,32,24,32,13,9,0,32,0.774,49152,7488,0.8477,52,108.5,True
mobilenetv2,Multiply_11495,30,194,32,32,24,32,17,9,0,32,0.7539,49152,9792,0.8008,56,98.3,True
mobilenetv2,Multiply_11495,30,195,32,16,24,32,11,9,0,32,0.7251,24576,6336,0.7422,50,15.9,True
mobilenetv2,Multiply_11495,30,196,32,32,24,32,17,9,0,32,0.7539,49152,9792,0.8008,56,34.8,True
mobilenetv2,Multiply_11495,30,197,32,32,24,32,21,9,0,32,0.7338,49152,12096,0.7539,60,73.4,True
mobilenetv2,Multiply_11495,30,198,32,32,24,32,13,9,0,32,0.774,49152,7488,0.8477,52,27.9,True
mobilenetv2,Multiply_11495,30,199,32,32,24,32,17,9,0,32,0.7539,49152,9792,0.8008,56,28.8,True
mobilenetv2,Multiply_11495,30,200,32,16,24,32,11,9,0,32,0.7251,24576,6336,0.7422,50,16.5,True
mobilenetv2,Multiply_11495,30,201,32,32,24,32,17,9,0,32,0.7539,49152,9792,0.8008,56,27.8,True
mobilenetv2,Multiply_11495,30,202,32,32,24,32,21,9,0,32,0.7338,49152,12096,0.7539,60,28.3,True
mobilenetv2,Multiply_11495,30,203,32,32,24,32,13,9,0,32,0.774,49152,7488,0.8477,52,29.6,True
mobilenetv2,Multiply_11495,30,204,32,32,24,32,17,9,0,32,0.7539,49152,9792,0.8008,56,39.6,True
mobilenetv2,Multiply_11495,30,205,32,16,24,32,11,9,0,32,0.7251,24576,6336,0.7422,50,20.4,True
mobilenetv2,Multiply_11495,30,206,32,32,24,32,17,9,0,32,0.7539,49152,9792,0.8008,56,27.7,True
mobilenetv2,Multiply_11495,30,207,32,32,24,32,21,9,0,32,0.7338,49152,12096,0.7539,60,27.2,True
mobilenetv2,Multiply_11495,30,208,32,32,24,32,13,9,0,32,0.774,49152,7488,0.8477,52,115.8,True
mobilenetv2,Multiply_11495,30,209,32,32,24,32,17,9,0,32,0.7539,49152,9792,0.8008,56,146.1,True
mobilenetv2,Multiply_11495,30,210,32,16,24,32,11,9,0,32,0.7251,24576,6336,0.7422,50,18.6,True
mobilenetv2,Multiply_11495,30,211,32,32,24,32,17,9,0,32,0.7539,49152,9792,0.8008,56,138.6,True
mobilenetv2,Multiply_11495,30,212,32,32,24,32,21,9,0,32,0.7338,49152,12096,0.7539,60,28.8,True
mobilenetv2,Multiply_11495,30,213,32,32,24,32,13,9,0,32,0.774,49152,7488,0.8477,52,29.4,True
mobilenetv2,Multiply_11495,30,214,32,32,24,32,17,9,0,32,0.7539,49152,9792,0.8008,56,29.7,True
mobilenetv2,Multiply_11495,30,215,32,16,24,32,11,9,0,32,0.7251,24576,6336,0.7422,50,33.5,True
mobilenetv2,Multiply_11495,30,216,32,32,24,32,17,9,0,32,0.7539,49152,9792,0.8008,56,29.9,True
mobilenetv2,Multiply_11495,30,217,32,32,24,32,21,9,0,32,0.7338,49152,12096,0.7539,60,76.0,True
mobilenetv2,Multiply_11495,30,218,32,32,24,32,13,9,0,32,0.774,49152,7488,0.8477,52,125.2,True
mobilenetv2,Multiply_11495,30,219,32,32,24,32,17,9,0,32,0.7539,49152,9792,0.8008,56,35.8,True
mobilenetv2,Multiply_11495,30,220,32,16,24,32,11,9,0,32,0.7251,24576,6336,0.7422,50,79.4,True
mobilenetv2,Multiply_11495,30,221,32,32,24,32,17,9,0,32,0.7539,49152,9792,0.8008,56,79.4,True
mobilenetv2,Multiply_11495,30,222,32,32,24,32,21,9,0,32,0.7338,49152,12096,0.7539,60,115.4,True
mobilenetv2,Multiply_11495,30,223,32,32,24,32,13,9,0,32,0.774,49152,7488,0.8477,52,28.4,True
mobilenetv2,Multiply_11495,30,224,32,32,24,32,17,9,0,32,0.7539,49152,9792,0.8008,56,28.8,True
mobilenetv2,Multiply_11495,30,225,32,16,24,32,11,9,0,32,0.7251,24576,6336,0.7422,50,81.7,True
mobilenetv2,Multiply_11495,30,226,32,32,24,32,17,10,0,32,0.7266,49152,10880,0.7786,57,27.8,True
mobilenetv2,Multiply_11495,30,227,32,32,24,32,21,10,0,32,0.7042,49152,13440,0.7266,61,39.5,True
mobilenetv2,Multiply_11495,30,228,32,32,24,32,13,10,0,32,0.7489,49152,8320,0.8307,53,28.0,True
mobilenetv2,Multiply_11495,30,229,32,32,24,32,17,10,0,32,0.7266,49152,10880,0.7786,57,47.6,True
mobilenetv2,Multiply_11495,30,230,32,16,24,32,11,10,0,32,0.6946,24576,7040,0.7135,51,16.9,True
mobilenetv2,Multiply_11495,30,231,32,32,24,32,17,9,0,32,0.7539,49152,9792,0.8008,56,112.7,True
mobilenetv2,Multiply_11495,30,232,32,32,24,32,21,9,0,32,0.7338,49152,12096,0.7539,60,28.5,True
mobilenetv2,Multiply_11495,30,233,32,32,24,32,13,9,0,32,0.774,49152,7488,0.8477,52,118.2,True
mobilenetv2,Multiply_11495,30,234,32,32,24,32,17,9,0,32,0.7539,49152,9792,0.8008,56,63.7,True
mobilenetv2,Multiply_11495,30,235,32,16,24,32,11,9,0,32,0.7251,24576,6336,0.7422,50,31.3,True
mobilenetv2,Multiply_11495,30,236,32,32,24,32,17,9,0,32,0.7539,49152,9792,0.8008,56,32.7,True
mobilenetv2,Multiply_11495,30,237,32,32,24,32,21,9,0,32,0.7338,49152,12096,0.7539,60,123.0,True
mobilenetv2,Multiply_11495,30,238,32,32,24,32,13,9,0,32,0.774,49152,7488,0.8477,52,27.9,True
mobilenetv2,Multiply_11495,30,239,32,32,24,32,17,9,0,32,0.7539,49152,9792,0.8008,56,106.0,True
mobilenetv2,Multiply_11495,30,240,32,16,24,32,11,9,0,32,0.7251,24576,6336,0.7422,50,17.2,True
mobilenetv2,Multiply_11495,30,241,32,32,24,32,17,8,0,32,0.7812,49152,8704,0.8229,55,65.7,True
mobilenetv2,Multiply_11495,30,242,32,32,24,32,21,8,0,32,0.7634,49152,10752,0.7812,59,51.8,True
mobilenetv2,Multiply_11495,30,243,32,32,24,32,13,8,0,32,0.7991,49152,6656,0.8646,51,28.7,True
mobilenetv2,Multiply_11495,30,244,32,32,24,32,17,8,0,32,0.7812,49152,8704,0.8229,55,27.3,True
mobilenetv2,Multiply_11495,30,245,32,16,24,32,11,8,0,32,0.7557,24576,5632,0.7708,49,16.1,True
mobilenetv2,Multiply_11495,30,246,32,32,24,32,17,10,0,32,0.7266,49152,10880,0.7786,57,35.4,True
mobilenetv2,Multiply_11495,30,247,32,32,24,32,21,10,0,32,0.7042,49152,13440,0.7266,61,37.2,True
mobilenetv2,Multiply_11495,30,248,32,32,24,32,13,10,0,32,0.7489,49152,8320,0.8307,53,28.3,True
mobilenetv2,Multiply_11495,30,249,32,32,24,32,17,10,0,32,0.7266,49152,10880,0.7786,57,129.3,True
mobilenetv2,Multiply_11495,30,250,32,16,24,32,11,10,0,32,0.6946,24576,7040,0.7135,51,78.7,True
mobilenetv2,Multiply_11495,30,251,32,32,24,32,17,10,0,32,0.7266,49152,10880,0.7786,57,99.5,True
mobilenetv2,Multiply_11495,30,252,32,32,24,32,21,10,0,32,0.7042,49152,13440,0.7266,61,32.4,True
mobilenetv2,Multiply_11495,30,253,32,32,24,32,13,10,0,32,0.7489,49152,8320,0.8307,53,48.3,True
mobilenetv2,Multiply_11495,30,254,32,32,24,32,17,10,0,32,0.7266,49152,10880,0.7786,57,41.6,True
mobilenetv2,Multiply_11495,30,255,32,16,24,32,11,10,0,32,0.6946,24576,7040,0.7135,51,16.2,True
mobilenetv2,Multiply_11495,30,256,32,32,24,32,17,10,0,32,0.7266,49152,10880,0.7786,57,27.4,True
mobilenetv2,Multiply_11495,30,257,32,32,24,32,21,10,0,32,0.7042,49152,13440,0.7266,61,145.2,True
mobilenetv2,Multiply_11495,30,258,32,32,24,32,13,10,0,32,0.7489,49152,8320,0.8307,53,28.3,True
mobilenetv2,Multiply_11495,30,259,32,32,24,32,17,10,0,32,0.7266,49152,10880,0.7786,57,155.6,True
mobilenetv2,Multiply_11495,30,260,32,16,24,32,11,10,0,32,0.6946,24576,7040,0.7135,51,67.6,True
mobilenetv2,Multiply_11495,30,261,32,32,24,32,17,10,0,32,0.7266,49152,10880,0.7786,57,79.1,True
mobilenetv2,Multiply_11495,30,262,32,32,24,32,21,10,0,32,0.7042,49152,13440,0.7266,61,72.9,True
mobilenetv2,Multiply_11495,30,263,32,32,24,32,13,10,0,32,0.7489,49152,8320,0.8307,53,113.4,True
mobilenetv2,Multiply_11495,30,264,32,32,24,32,17,10,0,32,0.7266,49152,10880,0.7786,57,28.0,True
mobilenetv2,Multiply_11495,30,265,32,16,24,32,11,10,0,32,0.6946,24576,7040,0.7135,51,19.2,True
mobilenetv2,Multiply_11495,30,266,32,32,24,32,17,10,0,32,0.7266,49152,10880,0.7786,57,28.0,True
mobilenetv2,Multiply_11495,30,267,32,32,24,32,21,10,0,32,0.7042,49152,13440,0.7266,61,107.0,True
mobilenetv2,Multiply_11495,30,268,32,32,24,32,13,10,0,32,0.7489,49152,8320,0.8307,53,28.3,True
mobilenetv2,Multiply_11495,30,269,32,32,24,32,17,10,0,32,0.7266,49152,10880,0.7786,57,27.7,True
mobilenetv2,Multiply_11495,30,270,32,16,24,32,11,10,0,32,0.6946,24576,7040,0.7135,51,17.1,True
mobilenetv2,Multiply_11495,30,271,32,32,24,32,17,10,0,32,0.7266,49152,10880,0.7786,57,27.6,True
mobilenetv2,Multiply_11495,30,272,32,32,24,32,21,10,0,32,0.7042,49152,13440,0.7266,61,27.5,True
mobilenetv2,Multiply_11495,30,273,32,32,24,32,13,10,0,32,0.7489,49152,8320,0.8307,53,31.8,True
mobilenetv2,Multiply_11495,30,274,32,32,24,32,17,10,0,32,0.7266,49152,10880,0.7786,57,128.5,True
mobilenetv2,Multiply_11495,30,275,32,16,24,32,11,10,0,32,0.6946,24576,7040,0.7135,51,47.0,True
mobilenetv2,Multiply_11495,30,276,32,32,24,32,17,9,0,32,0.7539,49152,9792,0.8008,56,60.3,True
mobilenetv2,Multiply_11495,30,277,32,32,24,32,21,9,0,32,0.7338,49152,12096,0.7539,60,26.6,True
mobilenetv2,Multiply_11495,30,278,32,32,24,32,13,9,0,32,0.774,49152,7488,0.8477,52,28.3,True
mobilenetv2,Multiply_11495,30,279,32,32,24,32,17,9,0,32,0.7539,49152,9792,0.8008,56,34.0,True
mobilenetv2,Multiply_11495,30,280,32,16,24,32,11,9,0,32,0.7251,24576,6336,0.7422,50,16.0,True
mobilenetv2,Multiply_11495,30,281,32,32,24,32,17,10,0,32,0.7266,49152,10880,0.7786,57,28.2,True
mobilenetv2,Multiply_11495,30,282,32,32,24,32,21,10,0,32,0.7042,49152,13440,0.7266,61,51.4,True
mobilenetv2,Multiply_11495,30,283,32,32,24,32,13,10,0,32,0.7489,49152,8320,0.8307,53,28.5,True
mobilenetv2,Multiply_11495,30,284,32,32,24,32,17,10,0,32,0.7266,49152,10880,0.7786,57,116.7,True
mobilenetv2,Multiply_11495,30,285,32,16,24,32,11,10,0,32,0.6946,24576,7040,0.7135,51,46.9,True
mobilenetv2,Multiply_11495,30,286,32,32,24,32,17,10,0,32,0.7266,49152,10880,0.7786,57,31.5,True
mobilenetv2,Multiply_11495,30,287,32,32,24,32,21,10,0,32,0.7042,49152,13440,0.7266,61,85.4,True
mobilenetv2,Multiply_11495,30,288,32,32,24,32,13,10,0,32,0.7489,49152,8320,0.8307,53,29.3,True
mobilenetv2,Multiply_11495,30,289,32,32,24,32,17,10,0,32,0.7266,49152,10880,0.7786,57,142.9,True
mobilenetv2,Multiply_11495,30,290,32,16,24,32,11,10,0,32,0.6946,24576,7040,0.7135,51,81.3,True
mobilenetv2,Multiply_11495,30,291,32,32,24,32,17,10,0,32,0.7266,49152,10880,0.7786,57,28.1,True
mobilenetv2,Multiply_11495,30,292,32,32,24,32,21,10,0,32,0.7042,49152,13440,0.7266,61,50.0,True
mobilenetv2,Multiply_11495,30,293,32,32,24,32,13,10,0,32,0.7489,49152,8320,0.8307,53,143.4,True
mobilenetv2,Multiply_11495,30,294,32,32,24,32,17,10,0,32,0.7266,49152,10880,0.7786,57,30.7,True
mobilenetv2,Multiply_11495,30,295,32,16,24,32,11,10,0,32,0.6946,24576,7040,0.7135,51,17.8,True
mobilenetv2,Multiply_11495,30,296,32,32,24,32,17,10,0,32,0.7266,49152,10880,0.7786,57,30.2,True
mobilenetv2,Multiply_11495,30,297,32,32,24,32,21,10,0,32,0.7042,49152,13440,0.7266,61,28.5,True
mobilenetv2,Multiply_11495,30,298,32,32,24,32,13,10,0,32,0.7489,49152,8320,0.8307,53,28.5,True
mobilenetv2,Multiply_11495,30,299,32,32,24,32,17,10,0,32,0.7266,49152,10880,0.7786,57,142.2,True
mobilenetv2,Multiply_11495,30,300,32,16,24,32,11,10,0,32,0.6946,24576,7040,0.7135,51,24.3,True
mobilenetv2,Multiply_11495,30,301,32,32,24,32,17,8,0,32,0.7812,49152,8704,0.8229,55,155.0,True
mobilenetv2,Multiply_11495,30,302,32,32,24,32,21,8,0,32,0.7634,49152,10752,0.7812,59,28.2,True
mobilenetv2,Multiply_11495,30,303,32,32,24,32,13,8,0,32,0.7991,49152,6656,0.8646,51,27.6,True
mobilenetv2,Multiply_11495,30,304,32,32,24,32,17,8,0,32,0.7812,49152,8704,0.8229,55,28.0,True
mobilenetv2,Multiply_11495,30,305,32,16,24,32,11,8,0,32,0.7557,24576,5632,0.7708,49,16.2,True
mobilenetv2,Multiply_11495,30,306,32,32,24,32,17,9,0,32,0.7539,49152,9792,0.8008,56,34.5,True
mobilenetv2,Multiply_11495,30,307,32,32,24,32,21,9,0,32,0.7338,49152,12096,0.7539,60,28.0,True
mobilenetv2,Multiply_11495,30,308,32,32,24,32,13,9,0,32,0.774,49152,7488,0.8477,52,143.1,True
mobilenetv2,Multiply_11495,30,309,32,32,24,32,17,9,0,32,0.7539,49152,9792,0.8008,56,27.4,True
mobilenetv2,Multiply_11495,30,310,32,16,24,32,11,9,0,32,0.7251,24576,6336,0.7422,50,32.8,True
mobilenetv2,Multiply_11495,30,311,32,32,24,32,17,10,0,32,0.7266,49152,10880,0.7786,57,30.2,True
mobilenetv2,Multiply_11495,30,312,32,32,24,32,21,10,0,32,0.7042,49152,13440,0.7266,61,128.6,True
mobilenetv2,Multiply_11495,30,313,32,32,24,32,13,10,0,32,0.7489,49152,8320,0.8307,53,28.7,True
mobilenetv2,Multiply_11495,30,314,32,32,24,32,17,10,0,32,0.7266,49152,10880,0.7786,57,93.9,True
mobilenetv2,Multiply_11495,30,315,32,16,24,32,11,10,0,32,0.6946,24576,7040,0.7135,51,16.3,True
mobilenetv2,Multiply_11495,30,316,32,32,24,32,17,9,0,32,0.7539,49152,9792,0.8008,56,57.4,True
mobilenetv2,Multiply_11495,30,317,32,32,24,32,21,9,0,32,0.7338,49152,12096,0.7539,60,28.7,True
mobilenetv2,Multiply_11495,30,318,32,32,24,32,13,9,0,32,0.774,49152,7488,0.8477,52,40.8,True
mobilenetv2,Multiply_11495,30,319,32,32,24,32,17,9,0,32,0.7539,49152,9792,0.8008,56,27.7,True
mobilenetv2,Multiply_11495,30,320,32,16,24,32,11,9,0,32,0.7251,24576,6336,0.7422,50,16.9,True
mobilenetv2,Multiply_11495,30,321,32,32,24,32,17,10,0,32,0.7266,49152,10880,0.7786,57,42.7,True
mobilenetv2,Multiply_11495,30,322,32,32,24,32,21,10,0,32,0.7042,49152,13440,0.7266,61,76.2,True
mobilenetv2,Multiply_11495,30,323,32,32,24,32,13,10,0,32,0.7489,49152,8320,0.8307,53,61.1,True
mobilenetv2,Multiply_11495,30,324,32,32,24,32,17,10,0,32,0.7266,49152,10880,0.7786,57,28.6,True
mobilenetv2,Multiply_11495,30,325,32,16,24,32,11,10,0,32,0.6946,24576,7040,0.7135,51,61.9,True
mobilenetv2,Multiply_11495,30,326,32,32,24,32,17,10,0,32,0.7266,49152,10880,0.7786,57,84.8,True
mobilenetv2,Multiply_11495,30,327,32,32,24,32,21,10,0,32,0.7042,49152,13440,0.7266,61,28.3,True
mobilenetv2,Multiply_11495,30,328,32,32,24,32,13,10,0,32,0.7489,49152,8320,0.8307,53,34.9,True
mobilenetv2,Multiply_11495,30,329,32,32,24,32,17,10,0,32,0.7266,49152,10880,0.7786,57,29.9,True
mobilenetv2,Multiply_11495,30,330,32,16,24,32,11,10,0,32,0.6946,24576,7040,0.7135,51,36.6,True
mobilenetv2,Multiply_11495,30,331,32,32,24,32,17,9,0,32,0.7539,49152,9792,0.8008,56,138.5,True
mobilenetv2,Multiply_11495,30,332,32,32,24,32,21,9,0,32,0.7338,49152,12096,0.7539,60,48.7,True
mobilenetv2,Multiply_11495,30,333,32,32,24,32,13,9,0,32,0.774,49152,7488,0.8477,52,127.3,True
mobilenetv2,Multiply_11495,30,334,32,32,24,32,17,9,0,32,0.7539,49152,9792,0.8008,56,142.0,True
mobilenetv2,Multiply_11495,30,335,32,16,24,32,11,9,0,32,0.7251,24576,6336,0.7422,50,30.6,True
mobilenetv2,Multiply_11495,30,336,32,32,24,32,17,8,0,32,0.7812,49152,8704,0.8229,55,29.1,True
mobilenetv2,Multiply_11495,30,337,32,32,24,32,21,8,0,32,0.7634,49152,10752,0.7812,59,129.4,True
mobilenetv2,Multiply_11495,30,338,32,32,24,32,13,8,0,32,0.7991,49152,6656,0.8646,51,42.3,True
mobilenetv2,Multiply_11495,30,339,32,32,24,32,17,8,0,32,0.7812,49152,8704,0.8229,55,43.6,True
mobilenetv2,Multiply_11495,30,340,32,16,24,32,11,8,0,32,0.7557,24576,5632,0.7708,49,20.9,True
mobilenetv2,Multiply_11495,30,341,32,32,24,32,17,9,0,32,0.7539,49152,9792,0.8008,56,34.9,True
mobilenetv2,Multiply_11495,30,342,32,32,24,32,21,9,0,32,0.7338,49152,12096,0.7539,60,27.9,True
mobilenetv2,Multiply_11495,30,343,32,32,24,32,13,9,0,32,0.774,49152,7488,0.8477,52,122.7,True
mobilenetv2,Multiply_11495,30,344,32,32,24,32,17,9,0,32,0.7539,49152,9792,0.8008,56,31.0,True
mobilenetv2,Multiply_11495,30,345,32,16,24,32,11,9,0,32,0.7251,24576,6336,0.7422,50,82.3,True
mobilenetv2,Multiply_11495,30,346,32,32,24,32,17,9,0,32,0.7539,49152,9792,0.8008,56,27.1,True
mobilenetv2,Multiply_11495,30,347,32,32,24,32,21,9,0,32,0.7338,49152,12096,0.7539,60,29.0,True
mobilenetv2,Multiply_11495,30,348,32,32,24,32,13,9,0,32,0.774,49152,7488,0.8477,52,28.6,True
mobilenetv2,Multiply_11495,30,349,32,32,24,32,17,9,0,32,0.7539,49152,9792,0.8008,56,30.2,True
mobilenetv2,Multiply_11495,30,350,32,16,24,32,11,9,0,32,0.7251,24576,6336,0.7422,50,16.2,True
mobilenetv2,Multiply_11495,30,351,32,32,24,32,17,10,0,32,0.7266,49152,10880,0.7786,57,34.6,True
mobilenetv2,Multiply_11495,30,352,32,32,24,32,21,10,0,32,0.7042,49152,13440,0.7266,61,29.2,True
mobilenetv2,Multiply_11495,30,353,32,32,24,32,13,10,0,32,0.7489,49152,8320,0.8307,53,27.9,True
mobilenetv2,Multiply_11495,30,354,32,32,24,32,17,10,0,32,0.7266,49152,10880,0.7786,57,28.2,True
mobilenetv2,Multiply_11495,30,355,32,16,24,32,11,10,0,32,0.6946,24576,7040,0.7135,51,16.3,True
mobilenetv2,Multiply_11495,30,356,32,32,24,32,17,10,0,32,0.7266,49152,10880,0.7786,57,34.5,True
mobilenetv2,Multiply_11495,30,357,32,32,24,32,21,10,0,32,0.7042,49152,13440,0.7266,61,143.4,True
mobilenetv2,Multiply_11495,30,358,32,32,24,32,13,10,0,32,0.7489,49152,8320,0.8307,53,43.4,True
mobilenetv2,Multiply_11495,30,359,32,32,24,32,17,10,0,32,0.7266,49152,10880,0.7786,57,27.9,True
mobilenetv2,Multiply_11495,30,360,32,16,24,32,11,10,0,32,0.6946,24576,7040,0.7135,51,18.9,True
mobilenetv2,Multiply_11495,30,361,32,32,24,32,17,9,0,32,0.7539,49152,9792,0.8008,56,27.0,True
mobilenetv2,Multiply_11495,30,362,32,32,24,32,21,9,0,32,0.7338,49152,12096,0.7539,60,73.1,True
mobilenetv2,Multiply_11495,30,363,32,32,24,32,13,9,0,32,0.774,49152,7488,0.8477,52,65.4,True
mobilenetv2,Multiply_11495,30,364,32,32,24,32,17,9,0,32,0.7539,49152,9792,0.8008,56,27.9,True
mobilenetv2,Multiply_11495,30,365,32,16,24,32,11,9,0,32,0.7251,24576,6336,0.7422,50,16.7,True
mobilenetv2,Multiply_11495,30,366,32,32,24,32,17,9,0,32,0.7539,49152,9792,0.8008,56,34.7,True
mobilenetv2,Multiply_11495,30,367,32,32,24,32,21,9,0,32,0.7338,49152,12096,0.7539,60,93.1,True
mobilenetv2,Multiply_11495,30,368,32,32,24,32,13,9,0,32,0.774,49152,7488,0.8477,52,29.0,True
mobilenetv2,Multiply_11495,30,369,32,32,24,32,17,9,0,32,0.7539,49152,9792,0.8008,56,28.6,True
mobilenetv2,Multiply_11495,30,370,32,16,24,32,11,9,0,32,0.7251,24576,6336,0.7422,50,74.3,True
mobilenetv2,Multiply_11495,30,371,32,32,24,32,17,9,0,32,0.7539,49152,9792,0.8008,56,27.5,True
mobilenetv2,Multiply_11495,30,372,32,32,24,32,21,9,0,32,0.7338,49152,12096,0.7539,60,28.9,True
mobilenetv2,Multiply_11495,30,373,32,32,24,32,13,9,0,32,0.774,49152,7488,0.8477,52,85.0,True
mobilenetv2,Multiply_11495,30,374,32,32,24,32,17,9,0,32,0.7539,49152,9792,0.8008,56,30.5,True
mobilenetv2,Multiply_11495,30,375,32,16,24,32,11,9,0,32,0.7251,24576,6336,0.7422,50,61.5,True
mobilenetv2,Multiply_11495,30,376,32,32,24,32,17,10,0,32,0.7266,49152,10880,0.7786,57,34.6,True
mobilenetv2,Multiply_11495,30,377,32,32,24,32,21,10,0,32,0.7042,49152,13440,0.7266,61,61.2,True
mobilenetv2,Multiply_11495,30,378,32,32,24,32,13,10,0,32,0.7489,49152,8320,0.8307,53,30.1,True
mobilenetv2,Multiply_11495,30,379,32,32,24,32,17,10,0,32,0.7266,49152,10880,0.7786,57,128.2,True
mobilenetv2,Multiply_11495,30,380,32,16,24,32,11,10,0,32,0.6946,24576,7040,0.7135,51,16.6,True
mobilenetv2,Multiply_11495,30,381,32,32,24,32,17,9,0,32,0.7539,49152,9792,0.8008,56,58.2,True
mobilenetv2,Multiply_11495,30,382,32,32,24,32,21,9,0,32,0.7338,49152,12096,0.7539,60,53.8,True
mobilenetv2,Multiply_11495,30,383,32,32,24,32,13,9,0,32,0.774,49152,7488,0.8477,52,107.4,True
mobilenetv2,Multiply_11495,30,384,32,32,24,32,17,9,0,32,0.7539,49152,9792,0.8008,56,128.0,True
mobilenetv2,Multiply_11495,30,385,32,16,24,32,11,9,0,32,0.7251,24576,6336,0.7422,50,21.2,True
mobilenetv2,Multiply_11495,30,386,32,32,24,32,17,9,0,32,0.7539,49152,9792,0.8008,56,26.6,True
mobilenetv2,Multiply_11495,30,387,32,32,24,32,21,9,0,32,0.7338,49152,12096,0.7539,60,143.4,True
mobilenetv2,Multiply_11495,30,388,32,32,24,32,13,9,0,32,0.774,49152,7488,0.8477,52,29.5,True
mobilenetv2,Multiply_11495,30,389,32,32,24,32,17,9,0,32,0.7539,49152,9792,0.8008,56,28.8,True
mobilenetv2,Multiply_11495,30,390,32,16,24,32,11,9,0,32,0.7251,24576,6336,0.7422,50,54.1,True
mobilenetv2,Multiply_11495,30,391,32,32,24,32,17,10,0,32,0.7266,49152,10880,0.7786,57,63.2,True
mobilenetv2,Multiply_11495,30,392,32,32,24,32,21,10,0,32,0.7042,49152,13440,0.7266,61,27.7,True
mobilenetv2,Multiply_11495,30,393,32,32,24,32,13,10,0,32,0.7489,49152,8320,0.8307,53,142.9,True
mobilenetv2,Multiply_11495,30,394,32,32,24,32,17,10,0,32,0.7266,49152,10880,0.7786,57,28.5,True
mobilenetv2,Multiply_11495,30,395,32,16,24,32,11,10,0,32,0.6946,24576,7040,0.7135,51,58.7,True
mobilenetv2,Multiply_11495,30,396,32,32,24,32,17,10,0,32,0.7266,49152,10880,0.7786,57,28.1,True
mobilenetv2,Multiply_11495,30,397,32,32,24,32,21,10,0,32,0.7042,49152,13440,0.7266,61,31.7,True
mobilenetv2,Multiply_11495,30,398,32,32,24,32,13,10,0,32,0.7489,49152,8320,0.8307,53,28.7,True
mobilenetv2,Multiply_11495,30,399,32,32,24,32,17,10,0,32,0.7266,49152,10880,0.7786,57,27.9,True
mobilenetv2,Multiply_11495,30,400,32,16,24,32,11,10,0,32,0.6946,24576,7040,0.7135,51,18.2,True
mobilenetv2,Multiply_11495,30,401,32,32,24,32,17,10,0,32,0.7266,49152,10880,0.7786,57,123.5,True
mobilenetv2,Multiply_11495,30,402,32,32,24,32,21,10,0,32,0.7042,49152,13440,0.7266,61,31.5,True
mobilenetv2,Multiply_11495,30,403,32,32,24,32,13,10,0,32,0.7489,49152,8320,0.8307,53,32.8,True
mobilenetv2,Multiply_11495,30,404,32,32,24,32,17,10,0,32,0.7266,49152,10880,0.7786,57,29.0,True
mobilenetv2,Multiply_11495,30,405,32,16,24,32,11,10,0,32,0.6946,24576,7040,0.7135,51,32.4,True
mobilenetv2,Multiply_11495,30,406,32,32,24,32,17,10,0,32,0.7266,49152,10880,0.7786,57,29.9,True
mobilenetv2,Multiply_11495,30,407,32,32,24,32,21,10,0,32,0.7042,49152,13440,0.7266,61,70.0,True
mobilenetv2,Multiply_11495,30,408,32,32,24,32,13,10,0,32,0.7489,49152,8320,0.8307,53,28.1,True
mobilenetv2,Multiply_11495,30,409,32,32,24,32,17,10,0,32,0.7266,49152,10880,0.7786,57,32.1,True
mobilenetv2,Multiply_11495,30,410,32,16,24,32,11,10,0,32,0.6946,24576,7040,0.7135,51,18.0,True
mobilenetv2,Multiply_11495,30,411,32,32,24,32,17,10,0,32,0.7266,49152,10880,0.7786,57,27.6,True
mobilenetv2,Multiply_11495,30,412,32,32,24,32,21,10,0,32,0.7042,49152,13440,0.7266,61,140.7,True
mobilenetv2,Multiply_11495,30,413,32,32,24,32,13,10,0,32,0.7489,49152,8320,0.8307,53,33.3,True
mobilenetv2,Multiply_11495,30,414,32,32,24,32,17,10,0,32,0.7266,49152,10880,0.7786,57,27.9,True
mobilenetv2,Multiply_11495,30,415,32,16,24,32,11,10,0,32,0.6946,24576,7040,0.7135,51,16.2,True
mobilenetv2,Multiply_11495,30,416,32,32,24,32,17,10,0,32,0.7266,49152,10880,0.7786,57,27.8,True
mobilenetv2,Multiply_11495,30,417,32,32,24,32,21,10,0,32,0.7042,49152,13440,0.7266,61,27.2,True
mobilenetv2,Multiply_11495,30,418,32,32,24,32,13,10,0,32,0.7489,49152,8320,0.8307,53,127.3,True
mobilenetv2,Multiply_11495,30,419,32,32,24,32,17,10,0,32,0.7266,49152,10880,0.7786,57,28.3,True
mobilenetv2,Multiply_11495,30,420,32,16,24,32,11,10,0,32,0.6946,24576,7040,0.7135,51,17.7,True
mobilenetv2,Multiply_11495,30,421,32,32,24,32,17,9,0,32,0.7539,49152,9792,0.8008,56,27.3,True
mobilenetv2,Multiply_11495,30,422,32,32,24,32,21,9,0,32,0.7338,49152,12096,0.7539,60,38.9,True
mobilenetv2,Multiply_11495,30,423,32,32,24,32,13,9,0,32,0.774,49152,7488,0.8477,52,28.2,True
mobilenetv2,Multiply_11495,30,424,32,32,24,32,17,9,0,32,0.7539,49152,9792,0.8008,56,143.8,True
mobilenetv2,Multiply_11495,30,425,32,16,24,32,11,9,0,32,0.7251,24576,6336,0.7422,50,17.2,True
mobilenetv2,Multiply_11495,30,426,32,32,24,32,17,10,0,32,0.7266,49152,10880,0.7786,57,34.1,True
mobilenetv2,Multiply_11495,30,427,32,32,24,32,21,10,0,32,0.7042,49152,13440,0.7266,61,27.4,True
mobilenetv2,Multiply_11495,30,428,32,32,24,32,13,10,0,32,0.7489,49152,8320,0.8307,53,28.1,True
mobilenetv2,Multiply_11495,30,429,32,32,24,32,17,10,0,32,0.7266,49152,10880,0.7786,57,28.4,True
mobilenetv2,Multiply_11495,30,430,32,16,24,32,11,10,0,32,0.6946,24576,7040,0.7135,51,18.9,True
mobilenetv2,Multiply_11495,30,431,32,32,24,32,17,8,0,32,0.7812,49152,8704,0.8229,55,32.5,True
mobilenetv2,Multiply_11495,30,432,32,32,24,32,21,8,0,32,0.7634,49152,10752,0.7812,59,28.6,True
mobilenetv2,Multiply_11495,30,433,32,32,24,32,13,8,0,32,0.7991,49152,6656,0.8646,51,36.9,True
mobilenetv2,Multiply_11495,30,434,32,32,24,32,17,8,0,32,0.7812,49152,8704,0.8229,55,28.9,True
mobilenetv2,Multiply_11495,30,435,32,16,24,32,11,8,0,32,0.7557,24576,5632,0.7708,49,53.2,True
mobilenetv2,Multiply_11495,30,436,32,32,24,32,17,9,0,32,0.7539,49152,9792,0.8008,56,27.1,True
mobilenetv2,Multiply_11495,30,437,32,32,24,32,21,9,0,32,0.7338,49152,12096,0.7539,60,27.6,True
mobilenetv2,Multiply_11495,30,438,32,32,24,32,13,9,0,32,0.774,49152,7488,0.8477,52,33.8,True
mobilenetv2,Multiply_11495,30,439,32,32,24,32,17,9,0,32,0.7539,49152,9792,0.8008,56,32.3,True
mobilenetv2,Multiply_11495,30,440,32,16,24,32,11,9,0,32,0.7251,24576,6336,0.7422,50,69.3,True
mobilenetv2,Multiply_11495,30,441,32,32,24,32,17,9,0,32,0.7539,49152,9792,0.8008,56,28.9,True
mobilenetv2,Multiply_11495,30,442,32,32,24,32,21,9,0,32,0.7338,49152,12096,0.7539,60,27.7,True
mobilenetv2,Multiply_11495,30,443,32,32,24,32,13,9,0,32,0.774,49152,7488,0.8477,52,27.6,True
mobilenetv2,Multiply_11495,30,444,32,32,24,32,17,9,0,32,0.7539,49152,9792,0.8008,56,27.9,True
mobilenetv2,Multiply_11495,30,445,32,16,24,32,11,9,0,32,0.7251,24576,6336,0.7422,50,21.0,True
mobilenetv2,Multiply_11495,30,446,32,32,24,32,17,9,0,32,0.7539,49152,9792,0.8008,56,30.1,True
mobilenetv2,Multiply_11495,30,447,32,32,24,32,21,9,0,32,0.7338,49152,12096,0.7539,60,55.1,True
mobilenetv2,Multiply_11495,30,448,32,32,24,32,13,9,0,32,0.774,49152,7488,0.8477,52,28.0,True
mobilenetv2,Multiply_11495,30,449,32,32,24,32,17,9,0,32,0.7539,49152,9792,0.8008,56,30.8,True
mobilenetv2,Multiply_11495,30,450,32,16,24,32,11,9,0,32,0.7251,24576,6336,0.7422,50,82.0,True
mobilenetv2,Multiply_11495,30,451,32,32,24,32,17,9,0,32,0.7539,49152,9792,0.8008,56,29.4,True
mobilenetv2,Multiply_11495,30,452,32,32,24,32,21,9,0,32,0.7338,49152,12096,0.7539,60,28.2,True
mobilenetv2,Multiply_11495,30,453,32,32,24,32,13,9,0,32,0.774,49152,7488,0.8477,52,29.6,True
mobilenetv2,Multiply_11495,30,454,32,32,24,32,17,9,0,32,0.7539,49152,9792,0.8008,56,55.0,True
mobilenetv2,Multiply_11495,30,455,32,16,24,32,11,9,0,32,0.7251,24576,6336,0.7422,50,75.0,True
mobilenetv2,Multiply_11495,30,456,32,32,24,32,17,9,0,32,0.7539,49152,9792,0.8008,56,30.4,True
mobilenetv2,Multiply_11495,30,457,32,32,24,32,21,9,0,32,0.7338,49152,12096,0.7539,60,45.2,True
mobilenetv2,Multiply_11495,30,458,32,32,24,32,13,9,0,32,0.774,49152,7488,0.8477,52,31.5,True
mobilenetv2,Multiply_11495,30,459,32,32,24,32,17,9,0,32,0.7539,49152,9792,0.8008,56,139.9,True
mobilenetv2,Multiply_11495,30,460,32,16,24,32,11,9,0,32,0.7251,24576,6336,0.7422,50,20.3,True
mobilenetv2,Multiply_11495,30,461,32,32,24,32,17,10,0,32,0.7266,49152,10880,0.7786,57,27.2,True
mobilenetv2,Multiply_11495,30,462,32,32,24,32,21,10,0,32,0.7042,49152,13440,0.7266,61,32.0,True
mobilenetv2,Multiply_11495,30,463,32,32,24,32,13,10,0,32,0.7489,49152,8320,0.8307,53,27.6,True
mobilenetv2,Multiply_11495,30,464,32,32,24,32,17,10,0,32,0.7266,49152,10880,0.7786,57,28.8,True
mobilenetv2,Multiply_11495,30,465,32,16,24,32,11,10,0,32,0.6946,24576,7040,0.7135,51,17.3,True
mobilenetv2,Multiply_11495,30,466,32,32,24,32,17,8,0,32,0.7812,49152,8704,0.8229,55,27.5,True
mobilenetv2,Multiply_11495,30,467,32,32,24,32,21,8,0,32,0.7634,49152,10752,0.7812,59,28.5,True
mobilenetv2,Multiply_11495,30,468,32,32,24,32,13,8,0,32,0.7991,49152,6656,0.8646,51,28.7,True
mobilenetv2,Multiply_11495,30,469,32,32,24,32,17,8,0,32,0.7812,49152,8704,0.8229,55,47.9,True
mobilenetv2,Multiply_11495,30,470,32,16,24,32,11,8,0,32,0.7557,24576,5632,0.7708,49,16.4,True
mobilenetv2,Multiply_11495,30,471,32,32,24,32,17,10,0,32,0.7266,49152,10880,0.7786,57,130.6,True
mobilenetv2,Multiply_11495,30,472,32,32,24,32,21,10,0,32,0.7042,49152,13440,0.7266,61,54.8,True
mobilenetv2,Multiply_11495,30,473,32,32,24,32,13,10,0,32,0.7489,49152,8320,0.8307,53,116.8,True
mobilenetv2,Multiply_11495,30,474,32,32,24,32,17,10,0,32,0.7266,49152,10880,0.7786,57,28.4,True
mobilenetv2,Multiply_11495,30,475,32,16,24,32,11,10,0,32,0.6946,24576,7040,0.7135,51,74.0,True
mobilenetv2,Multiply_11495,30,476,32,32,24,32,17,9,0,32,0.7539,49152,9792,0.8008,56,114.9,True
mobilenetv2,Multiply_11495,30,477,32,32,24,32,21,9,0,32,0.7338,49152,12096,0.7539,60,99.3,True
mobilenetv2,Multiply_11495,30,478,32,32,24,32,13,9,0,32,0.774,49152,7488,0.8477,52,31.3,True
mobilenetv2,Multiply_11495,30,479,32,32,24,32,17,9,0,32,0.7539,49152,9792,0.8008,56,28.3,True
mobilenetv2,Multiply_11495,30,480,32,16,24,32,11,9,0,32,0.7251,24576,6336,0.7422,50,17.8,True
mobilenetv2,Multiply_11495,30,481,32,32,24,32,17,9,0,32,0.7539,49152,9792,0.8008,56,27.7,True
mobilenetv2,Multiply_11495,30,482,32,32,24,32,21,9,0,32,0.7338,49152,12096,0.7539,60,48.1,True
mobilenetv2,Multiply_11495,30,483,32,32,24,32,13,9,0,32,0.774,49152,7488,0.8477,52,119.9,True
mobilenetv2,Multiply_11495,30,484,32,32,24,32,17,9,0,32,0.7539,49152,9792,0.8008,56,29.2,True
mobilenetv2,Multiply_11495,30,485,32,16,24,32,11,9,0,32,0.7251,24576,6336,0.7422,50,32.8,True
mobilenetv2,Multiply_11495,30,486,32,32,24,32,17,9,0,32,0.7539,49152,9792,0.8008,56,33.0,True
mobilenetv2,Multiply_11495,30,487,32,32,24,32,21,9,0,32,0.7338,49152,12096,0.7539,60,168.8,True
mobilenetv2,Multiply_11495,30,488,32,32,24,32,13,9,0,32,0.774,49152,7488,0.8477,52,92.7,True
mobilenetv2,Multiply_11495,30,489,32,32,24,32,17,9,0,32,0.7539,49152,9792,0.8008,56,28.9,True
mobilenetv2,Multiply_11495,30,490,32,16,24,32,11,9,0,32,0.7251,24576,6336,0.7422,50,17.3,True
mobilenetv2,Multiply_11488,31,1,32,24,24,32,13,7,0,32,0.7949,36864,5824,0.842,50,21.8,True
mobilenetv2,Multiply_11488,31,2,32,24,24,32,13,8,0,32,0.7656,36864,6656,0.8194,51,49.1,True
mobilenetv2,Multiply_11488,31,3,32,24,24,32,13,7,0,32,0.7949,36864,5824,0.842,50,22.3,True
mobilenetv2,Multiply_11488,31,4,32,24,24,32,13,7,0,32,0.7949,36864,5824,0.842,50,21.5,True
mobilenetv2,Multiply_11488,31,5,32,24,24,32,13,7,0,32,0.7949,36864,5824,0.842,50,22.9,True
mobilenetv2,Multiply_11488,31,6,32,24,24,32,13,8,0,32,0.7656,36864,6656,0.8194,51,27.6,True
mobilenetv2,Multiply_11488,31,7,32,24,24,32,13,7,0,32,0.7949,36864,5824,0.842,50,21.4,True
mobilenetv2,Multiply_11488,31,8,32,24,24,32,13,8,0,32,0.7656,36864,6656,0.8194,51,38.2,True
mobilenetv2,Multiply_11488,31,9,32,24,24,32,13,7,0,32,0.7949,36864,5824,0.842,50,21.3,True
mobilenetv2,Multiply_11488,31,10,32,24,24,32,13,8,0,32,0.7656,36864,6656,0.8194,51,27.6,True
mobilenetv2,Multiply_11488,31,11,32,24,24,32,13,7,0,32,0.7949,36864,5824,0.842,50,88.5,True
mobilenetv2,Multiply_11488,31,12,32,24,24,32,13,7,0,32,0.7949,36864,5824,0.842,50,52.1,True
mobilenetv2,Multiply_11488,31,13,32,24,24,32,13,7,0,32,0.7949,36864,5824,0.842,50,37.9,True
mobilenetv2,Multiply_11488,31,14,32,24,24,32,13,7,0,32,0.7949,36864,5824,0.842,50,108.7,True
mobilenetv2,Multiply_11488,31,15,32,24,24,32,13,8,0,32,0.7656,36864,6656,0.8194,51,30.0,True
mobilenetv2,Multiply_11488,31,16,32,24,24,32,13,7,0,32,0.7949,36864,5824,0.842,50,25.1,True
mobilenetv2,Multiply_11488,31,17,32,24,24,32,13,8,0,32,0.7656,36864,6656,0.8194,51,26.4,True
mobilenetv2,Multiply_11488,31,18,32,24,24,32,13,8,0,32,0.7656,36864,6656,0.8194,51,43.1,True
mobilenetv2,Multiply_11488,31,19,32,24,24,32,13,8,0,32,0.7656,36864,6656,0.8194,51,31.3,True
mobilenetv2,Multiply_11488,31,20,32,24,24,32,13,8,0,32,0.7656,36864,6656,0.8194,51,32.2,True
mobilenetv2,Multiply_11488,31,21,32,24,24,32,13,8,0,32,0.7656,36864,6656,0.8194,51,97.6,True
mobilenetv2,Multiply_11488,31,22,32,24,24,32,13,8,0,32,0.7656,36864,6656,0.8194,51,81.9,True
mobilenetv2,Multiply_11488,31,23,32,24,24,32,13,8,0,32,0.7656,36864,6656,0.8194,51,22.4,True
mobilenetv2,Multiply_11488,31,24,32,24,24,32,13,8,0,32,0.7656,36864,6656,0.8194,51,108.1,True
mobilenetv2,Multiply_11488,31,25,32,24,24,32,13,8,0,32,0.7656,36864,6656,0.8194,51,21.4,True
mobilenetv2,Multiply_11488,31,26,32,24,24,32,13,8,0,32,0.7656,36864,6656,0.8194,51,21.0,True
mobilenetv2,Multiply_11488,31,27,32,24,24,32,13,8,0,32,0.7656,36864,6656,0.8194,51,23.5,True
mobilenetv2,Multiply_11488,31,28,32,24,24,32,13,8,0,32,0.7656,36864,6656,0.8194,51,27.1,True
mobilenetv2,Multiply_11488,31,29,32,24,24,32,13,8,0,32,0.7656,36864,6656,0.8194,51,22.0,True
mobilenetv2,Multiply_11488,31,30,32,24,24,32,13,8,0,32,0.7656,36864,6656,0.8194,51,21.8,True
mobilenetv2,Multiply_11488,31,31,32,24,24,32,13,8,0,32,0.7656,36864,6656,0.8194,51,78.4,True
mobilenetv2,Multiply_11488,31,32,32,24,24,32,13,8,0,32,0.7656,36864,6656,0.8194,51,20.9,True
mobilenetv2,Multiply_11488,31,33,32,24,24,32,13,8,0,32,0.7656,36864,6656,0.8194,51,26.9,True
mobilenetv2,Multiply_11488,31,34,32,24,24,32,13,8,0,32,0.7656,36864,6656,0.8194,51,23.9,True
mobilenetv2,Multiply_11488,31,35,32,24,24,32,13,8,0,32,0.7656,36864,6656,0.8194,51,21.7,True
mobilenetv2,Multiply_11488,31,36,32,24,24,32,13,8,0,32,0.7656,36864,6656,0.8194,51,115.8,True
mobilenetv2,Multiply_11488,31,37,32,24,24,32,13,8,0,32,0.7656,36864,6656,0.8194,51,25.3,True
mobilenetv2,Multiply_11488,31,38,32,24,24,32,13,8,0,32,0.7656,36864,6656,0.8194,51,21.4,True
mobilenetv2,Multiply_11488,31,39,32,24,24,32,13,8,0,32,0.7656,36864,6656,0.8194,51,28.3,True
mobilenetv2,Multiply_11488,31,40,32,24,24,32,13,8,0,32,0.7656,36864,6656,0.8194,51,21.7,True
mobilenetv2,Multiply_11488,31,41,32,24,24,32,13,8,0,32,0.7656,36864,6656,0.8194,51,32.4,True
mobilenetv2,Multiply_11488,31,42,32,24,24,32,13,8,0,32,0.7656,36864,6656,0.8194,51,22.7,True
mobilenetv2,Multiply_11488,31,43,32,24,24,32,13,8,0,32,0.7656,36864,6656,0.8194,51,26.1,True
mobilenetv2,Multiply_11488,31,44,32,24,24,32,13,8,0,32,0.7656,36864,6656,0.8194,51,28.9,True
mobilenetv2,Multiply_11488,31,45,32,24,24,32,13,8,0,32,0.7656,36864,6656,0.8194,51,21.1,True
mobilenetv2,Multiply_11488,31,46,32,24,24,32,13,8,0,32,0.7656,36864,6656,0.8194,51,26.5,True
mobilenetv2,Multiply_11488,31,47,32,24,24,32,13,8,0,32,0.7656,36864,6656,0.8194,51,109.2,True
mobilenetv2,Multiply_11488,31,48,32,24,24,32,13,8,0,32,0.7656,36864,6656,0.8194,51,23.9,True
mobilenetv2,Multiply_11488,31,49,32,24,24,32,13,8,0,32,0.7656,36864,6656,0.8194,51,107.6,True
mobilenetv2,Multiply_11488,31,50,32,24,24,32,13,8,0,32,0.7656,36864,6656,0.8194,51,27.2,True
mobilenetv2,Multiply_11488,31,51,32,24,24,32,13,8,0,32,0.7656,36864,6656,0.8194,51,20.8,True
mobilenetv2,Multiply_11488,31,52,32,24,24,32,13,8,0,32,0.7656,36864,6656,0.8194,51,107.9,True
mobilenetv2,Multiply_11488,31,53,32,24,24,32,13,8,0,32,0.7656,36864,6656,0.8194,51,21.7,True
mobilenetv2,Multiply_11488,31,54,32,24,24,32,13,8,0,32,0.7656,36864,6656,0.8194,51,26.4,True
mobilenetv2,Multiply_11488,31,55,32,24,24,32,13,8,0,32,0.7656,36864,6656,0.8194,51,32.4,True
mobilenetv2,Multiply_11488,31,56,32,24,24,32,13,8,0,32,0.7656,36864,6656,0.8194,51,21.2,True
mobilenetv2,Multiply_11488,31,57,32,24,24,32,13,8,0,32,0.7656,36864,6656,0.8194,51,23.2,True
mobilenetv2,Multiply_11488,31,58,32,24,24,32,13,8,0,32,0.7656,36864,6656,0.8194,51,21.5,True
mobilenetv2,Multiply_11488,31,59,32,24,24,32,13,7,0,32,0.7949,36864,5824,0.842,50,26.4,True
mobilenetv2,Multiply_11488,31,60,32,24,24,32,13,8,0,32,0.7656,36864,6656,0.8194,51,96.0,True
mobilenetv2,Multiply_11488,31,61,32,24,24,32,13,8,0,32,0.7656,36864,6656,0.8194,51,28.6,True
mobilenetv2,Multiply_11488,31,62,32,24,24,32,13,8,0,32,0.7656,36864,6656,0.8194,51,61.8,True
mobilenetv2,Multiply_11488,31,63,32,24,24,32,13,8,0,32,0.7656,36864,6656,0.8194,51,89.8,True
mobilenetv2,Multiply_11488,31,64,32,24,24,32,13,8,0,32,0.7656,36864,6656,0.8194,51,32.7,True
mobilenetv2,Multiply_11488,31,65,32,24,24,32,13,8,0,32,0.7656,36864,6656,0.8194,51,21.7,True
mobilenetv2,Multiply_11488,31,66,32,24,24,32,13,8,0,32,0.7656,36864,6656,0.8194,51,28.6,True
mobilenetv2,Multiply_11488,31,67,32,24,24,32,13,8,0,32,0.7656,36864,6656,0.8194,51,22.0,True
mobilenetv2,Multiply_11488,31,68,32,24,24,32,13,8,0,32,0.7656,36864,6656,0.8194,51,99.6,True
mobilenetv2,Multiply_11488,31,69,32,24,24,32,13,8,0,32,0.7656,36864,6656,0.8194,51,41.0,True
mobilenetv2,Multiply_11488,31,70,32,24,24,32,13,8,0,32,0.7656,36864,6656,0.8194,51,47.4,True
mobilenetv2,Multiply_11488,31,71,32,24,24,32,13,8,0,32,0.7656,36864,6656,0.8194,51,26.4,True
mobilenetv2,Multiply_11488,31,72,32,24,24,32,13,8,0,32,0.7656,36864,6656,0.8194,51,108.1,True
mobilenetv2,Multiply_11488,31,73,32,24,24,32,13,8,0,32,0.7656,36864,6656,0.8194,51,98.0,True
mobilenetv2,Multiply_11488,31,74,32,24,24,32,13,8,0,32,0.7656,36864,6656,0.8194,51,21.5,True
mobilenetv2,Multiply_11488,31,75,32,24,24,32,13,9,0,32,0.7363,36864,7488,0.7969,52,21.9,True
mobilenetv2,Multiply_11488,31,76,32,24,24,32,13,8,0,32,0.7656,36864,6656,0.8194,51,26.9,True
mobilenetv2,Multiply_11488,31,77,32,24,24,32,13,8,0,32,0.7656,36864,6656,0.8194,51,39.8,True
mobilenetv2,Multiply_11488,31,78,32,24,24,32,13,8,0,32,0.7656,36864,6656,0.8194,51,55.1,True
mobilenetv2,Multiply_11488,31,79,32,24,24,32,13,8,0,32,0.7656,36864,6656,0.8194,51,32.7,True
mobilenetv2,Multiply_11488,31,80,32,24,24,32,13,8,0,32,0.7656,36864,6656,0.8194,51,81.1,True
mobilenetv2,Multiply_11488,31,81,32,24,24,32,13,8,0,32,0.7656,36864,6656,0.8194,51,43.7,True
mobilenetv2,Multiply_11488,31,82,32,24,24,32,13,7,0,32,0.7949,36864,5824,0.842,50,49.3,True
mobilenetv2,Multiply_11488,31,83,32,24,24,32,13,8,0,32,0.7656,36864,6656,0.8194,51,104.9,True
mobilenetv2,Multiply_11488,31,84,32,24,24,32,13,8,0,32,0.7656,36864,6656,0.8194,51,108.4,True
mobilenetv2,Multiply_11488,31,85,32,24,24,32,13,8,0,32,0.7656,36864,6656,0.8194,51,26.8,True
mobilenetv2,Multiply_11488,31,86,32,24,24,32,13,8,0,32,0.7656,36864,6656,0.8194,51,21.4,True
mobilenetv2,Multiply_11488,31,87,32,24,24,32,13,7,0,32,0.7949,36864,5824,0.842,50,30.9,True
mobilenetv2,Multiply_11488,31,88,32,24,24,32,13,8,0,32,0.7656,36864,6656,0.8194,51,29.1,True
mobilenetv2,Multiply_11488,31,89,32,24,24,32,13,8,0,32,0.7656,36864,6656,0.8194,51,110.0,True
mobilenetv2,Multiply_11488,31,90,32,24,24,32,13,8,0,32,0.7656,36864,6656,0.8194,51,89.5,True
mobilenetv2,Multiply_11488,31,91,32,24,24,32,13,8,0,32,0.7656,36864,6656,0.8194,51,108.6,True
mobilenetv2,Multiply_11488,31,92,32,24,24,32,13,8,0,32,0.7656,36864,6656,0.8194,51,27.2,True
mobilenetv2,Multiply_11488,31,93,32,24,24,32,13,8,0,32,0.7656,36864,6656,0.8194,51,27.0,True
mobilenetv2,Multiply_11488,31,94,32,24,24,32,13,7,0,32,0.7949,36864,5824,0.842,50,27.3,True
mobilenetv2,Multiply_11488,31,95,32,24,24,32,13,8,0,32,0.7656,36864,6656,0.8194,51,21.6,True
mobilenetv2,Multiply_11488,31,96,32,24,24,32,13,7,0,32,0.7949,36864,5824,0.842,50,36.4,True
mobilenetv2,Multiply_11488,31,97,32,24,24,32,13,8,0,32,0.7656,36864,6656,0.8194,51,54.7,True
mobilenetv2,Multiply_11488,31,98,32,24,24,32,13,7,0,32,0.7949,36864,5824,0.842,50,24.9,True
mobilenetv2,Multiply_11474,32,1,32,32,16,32,16,8,0,32,0.75,32768,8192,0.75,54,17.9,True
mobilenetv2,Multiply_11474,32,2,32,32,16,32,20,8,0,32,0.7292,32768,10240,0.6875,58,79.6,True
mobilenetv2,Multiply_11474,32,3,32,32,16,32,17,8,0,32,0.7448,32768,8704,0.7344,55,18.5,True
mobilenetv2,Multiply_11474,32,4,32,32,16,32,16,7,0,32,0.7812,32768,7168,0.7812,53,23.8,True
mobilenetv2,Multiply_11474,32,5,32,32,16,32,20,7,0,32,0.763,32768,8960,0.7266,57,17.5,True
mobilenetv2,Multiply_11474,32,6,32,32,16,32,17,7,0,32,0.7767,32768,7616,0.7676,54,17.1,True
mobilenetv2,Multiply_11474,32,7,32,32,16,32,16,8,0,32,0.75,32768,8192,0.75,54,76.5,True
mobilenetv2,Multiply_11474,32,8,32,32,16,32,20,8,0,32,0.7292,32768,10240,0.6875,58,17.6,True
mobilenetv2,Multiply_11474,32,9,32,32,16,32,17,8,0,32,0.7448,32768,8704,0.7344,55,60.7,True
mobilenetv2,Multiply_11474,32,10,32,32,16,32,16,8,0,32,0.75,32768,8192,0.75,54,16.9,True
mobilenetv2,Multiply_11474,32,11,32,32,16,32,20,8,0,32,0.7292,32768,10240,0.6875,58,16.5,True
mobilenetv2,Multiply_11474,32,12,32,32,16,32,17,8,0,32,0.7448,32768,8704,0.7344,55,18.9,True
mobilenetv2,Multiply_11474,32,13,32,32,16,32,16,6,0,32,0.8125,32768,6144,0.8125,52,16.7,True
mobilenetv2,Multiply_11474,32,14,32,32,16,32,20,6,0,32,0.7969,32768,7680,0.7656,56,16.9,True
mobilenetv2,Multiply_11474,32,15,32,32,16,32,17,6,0,32,0.8086,32768,6528,0.8008,53,71.8,True
mobilenetv2,Multiply_11474,32,16,32,32,16,32,16,6,0,32,0.8125,32768,6144,0.8125,52,19.8,True
mobilenetv2,Multiply_11474,32,17,32,32,16,32,20,6,0,32,0.7969,32768,7680,0.7656,56,18.5,True
mobilenetv2,Multiply_11474,32,18,32,32,16,32,17,6,0,32,0.8086,32768,6528,0.8008,53,17.4,True
mobilenetv2,Multiply_11474,32,19,32,32,16,32,16,7,0,32,0.7812,32768,7168,0.7812,53,84.9,True
mobilenetv2,Multiply_11474,32,20,32,32,16,32,20,7,0,32,0.763,32768,8960,0.7266,57,17.4,True
mobilenetv2,Multiply_11474,32,21,32,32,16,32,17,7,0,32,0.7767,32768,7616,0.7676,54,17.4,True
mobilenetv2,Multiply_11474,32,22,32,32,16,32,16,7,0,32,0.7812,32768,7168,0.7812,53,31.3,True
mobilenetv2,Multiply_11474,32,23,32,32,16,32,20,7,0,32,0.763,32768,8960,0.7266,57,61.4,True
mobilenetv2,Multiply_11474,32,24,32,32,16,32,17,7,0,32,0.7767,32768,7616,0.7676,54,18.2,True
mobilenetv2,Multiply_11474,32,25,32,32,16,32,16,7,0,32,0.7812,32768,7168,0.7812,53,16.8,True
mobilenetv2,Multiply_11474,32,26,32,32,16,32,20,7,0,32,0.763,32768,8960,0.7266,57,18.1,True
mobilenetv2,Multiply_11474,32,27,32,32,16,32,17,7,0,32,0.7767,32768,7616,0.7676,54,58.3,True
mobilenetv2,Multiply_11474,32,28,32,32,16,32,16,7,0,32,0.7812,32768,7168,0.7812,53,21.5,True
mobilenetv2,Multiply_11474,32,29,32,32,16,32,20,7,0,32,0.763,32768,8960,0.7266,57,18.5,True
mobilenetv2,Multiply_11474,32,30,32,32,16,32,17,7,0,32,0.7767,32768,7616,0.7676,54,90.8,True
mobilenetv2,Multiply_11474,32,31,32,32,16,32,16,8,0,32,0.75,32768,8192,0.75,54,32.8,True
mobilenetv2,Multiply_11474,32,32,32,32,16,32,20,8,0,32,0.7292,32768,10240,0.6875,58,47.8,True
mobilenetv2,Multiply_11474,32,33,32,32,16,32,17,8,0,32,0.7448,32768,8704,0.7344,55,60.3,True
mobilenetv2,Multiply_11474,32,34,32,32,16,32,16,6,0,32,0.8125,32768,6144,0.8125,52,26.7,True
mobilenetv2,Multiply_11474,32,35,32,32,16,32,20,6,0,32,0.7969,32768,7680,0.7656,56,131.3,True
mobilenetv2,Multiply_11474,32,36,32,32,16,32,17,6,0,32,0.8086,32768,6528,0.8008,53,17.3,True
mobilenetv2,Multiply_11474,32,37,32,32,16,32,16,6,0,32,0.8125,32768,6144,0.8125,52,96.4,True
mobilenetv2,Multiply_11474,32,38,32,32,16,32,20,6,0,32,0.7969,32768,7680,0.7656,56,18.2,True
mobilenetv2,Multiply_11474,32,39,32,32,16,32,17,6,0,32,0.8086,32768,6528,0.8008,53,19.1,True
mobilenetv2,Multiply_11474,32,40,32,32,16,32,16,7,0,32,0.7812,32768,7168,0.7812,53,16.8,True
mobilenetv2,Multiply_11474,32,41,32,32,16,32,20,7,0,32,0.763,32768,8960,0.7266,57,18.5,True
mobilenetv2,Multiply_11474,32,42,32,32,16,32,17,7,0,32,0.7767,32768,7616,0.7676,54,68.9,True
mobilenetv2,Multiply_11474,32,43,32,32,16,32,16,7,0,32,0.7812,32768,7168,0.7812,53,17.0,True
mobilenetv2,Multiply_11474,32,44,32,32,16,32,20,7,0,32,0.763,32768,8960,0.7266,57,17.3,True
mobilenetv2,Multiply_11474,32,45,32,32,16,32,17,7,0,32,0.7767,32768,7616,0.7676,54,79.5,True
mobilenetv2,Multiply_11474,32,46,32,32,16,32,16,6,0,32,0.8125,32768,6144,0.8125,52,84.6,True
mobilenetv2,Multiply_11474,32,47,32,32,16,32,20,6,0,32,0.7969,32768,7680,0.7656,56,89.6,True
mobilenetv2,Multiply_11474,32,48,32,32,16,32,17,6,0,32,0.8086,32768,6528,0.8008,53,25.1,True
mobilenetv2,Multiply_11474,32,49,32,32,16,32,16,7,0,32,0.7812,32768,7168,0.7812,53,21.0,True
mobilenetv2,Multiply_11474,32,50,32,32,16,32,20,7,0,32,0.763,32768,8960,0.7266,57,49.0,True
mobilenetv2,Multiply_11474,32,51,32,32,16,32,17,7,0,32,0.7767,32768,7616,0.7676,54,42.5,True
mobilenetv2,Multiply_11474,32,52,32,32,16,32,16,8,0,32,0.75,32768,8192,0.75,54,18.9,True
mobilenetv2,Multiply_11474,32,53,32,32,16,32,20,8,0,32,0.7292,32768,10240,0.6875,58,17.8,True
mobilenetv2,Multiply_11474,32,54,32,32,16,32,17,8,0,32,0.7448,32768,8704,0.7344,55,61.7,True
mobilenetv2,Multiply_11474,32,55,32,32,16,32,16,6,0,32,0.8125,32768,6144,0.8125,52,18.3,True
mobilenetv2,Multiply_11474,32,56,32,32,16,32,20,6,0,32,0.7969,32768,7680,0.7656,56,86.7,True
mobilenetv2,Multiply_11474,32,57,32,32,16,32,17,6,0,32,0.8086,32768,6528,0.8008,53,21.6,True
mobilenetv2,Multiply_11474,32,58,32,32,16,32,16,6,0,32,0.8125,32768,6144,0.8125,52,85.1,True
mobilenetv2,Multiply_11474,32,59,32,32,16,32,20,6,0,32,0.7969,32768,7680,0.7656,56,78.7,True
mobilenetv2,Multiply_11474,32,60,32,32,16,32,17,6,0,32,0.8086,32768,6528,0.8008,53,26.3,True
mobilenetv2,Multiply_11474,32,61,32,32,16,32,16,7,0,32,0.7812,32768,7168,0.7812,53,26.2,True
mobilenetv2,Multiply_11474,32,62,32,32,16,32,20,7,0,32,0.763,32768,8960,0.7266,57,79.6,True
mobilenetv2,Multiply_11474,32,63,32,32,16,32,17,7,0,32,0.7767,32768,7616,0.7676,54,48.1,True
mobilenetv2,Multiply_11474,32,64,32,32,16,32,16,7,0,32,0.7812,32768,7168,0.7812,53,45.7,True
mobilenetv2,Multiply_11474,32,65,32,32,16,32,20,7,0,32,0.763,32768,8960,0.7266,57,54.1,True
mobilenetv2,Multiply_11474,32,66,32,32,16,32,17,7,0,32,0.7767,32768,7616,0.7676,54,17.3,True
mobilenetv2,Multiply_11474,32,67,32,32,16,32,16,6,0,32,0.8125,32768,6144,0.8125,52,86.6,True
mobilenetv2,Multiply_11474,32,68,32,32,16,32,20,6,0,32,0.7969,32768,7680,0.7656,56,19.4,True
mobilenetv2,Multiply_11474,32,69,32,32,16,32,17,6,0,32,0.8086,32768,6528,0.8008,53,24.1,True
mobilenetv2,Multiply_11474,32,70,32,32,16,32,16,7,0,32,0.7812,32768,7168,0.7812,53,22.1,True
mobilenetv2,Multiply_11474,32,71,32,32,16,32,20,7,0,32,0.763,32768,8960,0.7266,57,17.8,True
mobilenetv2,Multiply_11474,32,72,32,32,16,32,17,7,0,32,0.7767,32768,7616,0.7676,54,18.5,True
mobilenetv2,Multiply_11474,32,73,32,32,16,32,16,8,0,32,0.75,32768,8192,0.75,54,21.2,True
mobilenetv2,Multiply_11474,32,74,32,32,16,32,20,8,0,32,0.7292,32768,10240,0.6875,58,21.6,True
mobilenetv2,Multiply_11474,32,75,32,32,16,32,17,8,0,32,0.7448,32768,8704,0.7344,55,18.6,True
mobilenetv2,Multiply_11474,32,76,32,32,16,32,16,6,0,32,0.8125,32768,6144,0.8125,52,22.2,True
mobilenetv2,Multiply_11474,32,77,32,32,16,32,20,6,0,32,0.7969,32768,7680,0.7656,56,53.9,True
mobilenetv2,Multiply_11474,32,78,32,32,16,32,17,6,0,32,0.8086,32768,6528,0.8008,53,18.6,True
mobilenetv2,Multiply_11474,32,79,32,32,16,32,16,7,0,32,0.7812,32768,7168,0.7812,53,17.1,True
mobilenetv2,Multiply_11474,32,80,32,32,16,32,20,7,0,32,0.763,32768,8960,0.7266,57,73.0,True
mobilenetv2,Multiply_11474,32,81,32,32,16,32,17,7,0,32,0.7767,32768,7616,0.7676,54,21.0,True
mobilenetv2,Multiply_11474,32,82,32,32,16,32,16,7,0,32,0.7812,32768,7168,0.7812,53,23.8,True
mobilenetv2,Multiply_11474,32,83,32,32,16,32,20,7,0,32,0.763,32768,8960,0.7266,57,47.5,True
mobilenetv2,Multiply_11474,32,84,32,32,16,32,17,7,0,32,0.7767,32768,7616,0.7676,54,18.0,True
mobilenetv2,Multiply_11474,32,85,32,32,16,32,16,7,0,32,0.7812,32768,7168,0.7812,53,19.2,True
mobilenetv2,Multiply_11474,32,86,32,32,16,32,20,7,0,32,0.763,32768,8960,0.7266,57,18.4,True
mobilenetv2,Multiply_11474,32,87,32,32,16,32,17,7,0,32,0.7767,32768,7616,0.7676,54,17.6,True
mobilenetv2,Multiply_11474,32,88,32,32,16,32,16,8,0,32,0.75,32768,8192,0.75,54,16.4,True
mobilenetv2,Multiply_11474,32,89,32,32,16,32,20,8,0,32,0.7292,32768,10240,0.6875,58,18.4,True
mobilenetv2,Multiply_11474,32,90,32,32,16,32,17,8,0,32,0.7448,32768,8704,0.7344,55,87.7,True
mobilenetv2,Multiply_11474,32,91,32,32,16,32,16,9,0,32,0.7188,32768,9216,0.7188,55,26.4,True
mobilenetv2,Multiply_11474,32,92,32,32,16,32,20,9,0,32,0.6953,32768,11520,0.6484,59,22.6,True
mobilenetv2,Multiply_11474,32,93,32,32,16,32,17,9,0,32,0.7129,32768,9792,0.7012,56,21.1,True
mobilenetv2,Multiply_11474,32,94,32,32,16,32,16,8,0,32,0.75,32768,8192,0.75,54,16.9,True
mobilenetv2,Multiply_11474,32,95,32,32,16,32,20,8,0,32,0.7292,32768,10240,0.6875,58,20.9,True
mobilenetv2,Multiply_11474,32,96,32,32,16,32,17,8,0,32,0.7448,32768,8704,0.7344,55,88.2,True
mobilenetv2,Multiply_11474,32,97,32,32,16,32,16,6,0,32,0.8125,32768,6144,0.8125,52,18.4,True
mobilenetv2,Multiply_11474,32,98,32,32,16,32,20,6,0,32,0.7969,32768,7680,0.7656,56,31.3,True
mobilenetv2,Multiply_11474,32,99,32,32,16,32,17,6,0,32,0.8086,32768,6528,0.8008,53,17.3,True
mobilenetv2,Multiply_11474,32,100,32,32,16,32,16,8,0,32,0.75,32768,8192,0.75,54,17.0,True
mobilenetv2,Multiply_11474,32,101,32,32,16,32,20,8,0,32,0.7292,32768,10240,0.6875,58,17.8,True
mobilenetv2,Multiply_11474,32,102,32,32,16,32,17,8,0,32,0.7448,32768,8704,0.7344,55,35.1,True
mobilenetv2,Multiply_11474,32,103,32,32,16,32,16,7,0,32,0.7812,32768,7168,0.7812,53,21.6,True
mobilenetv2,Multiply_11474,32,104,32,32,16,32,20,7,0,32,0.763,32768,8960,0.7266,57,31.3,True
mobilenetv2,Multiply_11474,32,105,32,32,16,32,17,7,0,32,0.7767,32768,7616,0.7676,54,68.8,True
mobilenetv2,Multiply_11474,32,106,32,32,16,32,16,7,0,32,0.7812,32768,7168,0.7812,53,17.2,True
mobilenetv2,Multiply_11474,32,107,32,32,16,32,20,7,0,32,0.763,32768,8960,0.7266,57,43.0,True
mobilenetv2,Multiply_11474,32,108,32,32,16,32,17,7,0,32,0.7767,32768,7616,0.7676,54,21.0,True
mobilenetv2,Multiply_11474,32,109,32,32,16,32,16,7,0,32,0.7812,32768,7168,0.7812,53,17.1,True
mobilenetv2,Multiply_11474,32,110,32,32,16,32,20,7,0,32,0.763,32768,8960,0.7266,57,54.2,True
mobilenetv2,Multiply_11474,32,111,32,32,16,32,17,7,0,32,0.7767,32768,7616,0.7676,54,21.8,True
mobilenetv2,Multiply_11474,32,112,32,32,16,32,16,7,0,32,0.7812,32768,7168,0.7812,53,16.7,True
mobilenetv2,Multiply_11474,32,113,32,32,16,32,20,7,0,32,0.763,32768,8960,0.7266,57,23.6,True
mobilenetv2,Multiply_11474,32,114,32,32,16,32,17,7,0,32,0.7767,32768,7616,0.7676,54,78.8,True
mobilenetv2,Multiply_11474,32,115,32,32,16,32,16,8,0,32,0.75,32768,8192,0.75,54,21.7,True
mobilenetv2,Multiply_11474,32,116,32,32,16,32,20,8,0,32,0.7292,32768,10240,0.6875,58,18.3,True
mobilenetv2,Multiply_11474,32,117,32,32,16,32,17,8,0,32,0.7448,32768,8704,0.7344,55,18.7,True
mobilenetv2,Multiply_11474,32,118,32,32,16,32,16,8,0,32,0.75,32768,8192,0.75,54,35.1,True
mobilenetv2,Multiply_11474,32,119,32,32,16,32,20,8,0,32,0.7292,32768,10240,0.6875,58,21.0,True
mobilenetv2,Multiply_11474,32,120,32,32,16,32,17,8,0,32,0.7448,32768,8704,0.7344,55,17.3,True
mobilenetv2,Multiply_11474,32,121,32,32,16,32,16,7,0,32,0.7812,32768,7168,0.7812,53,16.9,True
mobilenetv2,Multiply_11474,32,122,32,32,16,32,20,7,0,32,0.763,32768,8960,0.7266,57,17.8,True
mobilenetv2,Multiply_11474,32,123,32,32,16,32,17,7,0,32,0.7767,32768,7616,0.7676,54,18.2,True
mobilenetv2,Multiply_11474,32,124,32,32,16,32,16,7,0,32,0.7812,32768,7168,0.7812,53,23.4,True
mobilenetv2,Multiply_11474,32,125,32,32,16,32,20,7,0,32,0.763,32768,8960,0.7266,57,17.4,True
mobilenetv2,Multiply_11474,32,126,32,32,16,32,17,7,0,32,0.7767,32768,7616,0.7676,54,72.3,True
mobilenetv2,Multiply_11474,32,127,32,32,16,32,16,7,0,32,0.7812,32768,7168,0.7812,53,21.1,True
mobilenetv2,Multiply_11474,32,128,32,32,16,32,20,7,0,32,0.763,32768,8960,0.7266,57,18.3,True
mobilenetv2,Multiply_11474,32,129,32,32,16,32,17,7,0,32,0.7767,32768,7616,0.7676,54,17.4,True
mobilenetv2,Multiply_11474,32,130,32,32,16,32,16,8,0,32,0.75,32768,8192,0.75,54,20.7,True
mobilenetv2,Multiply_11474,32,131,32,32,16,32,20,8,0,32,0.7292,32768,10240,0.6875,58,18.4,True
mobilenetv2,Multiply_11474,32,132,32,32,16,32,17,8,0,32,0.7448,32768,8704,0.7344,55,17.5,True
mobilenetv2,Multiply_11474,32,133,32,32,16,32,16,7,0,32,0.7812,32768,7168,0.7812,53,18.5,True
mobilenetv2,Multiply_11474,32,134,32,32,16,32,20,7,0,32,0.763,32768,8960,0.7266,57,20.0,True
mobilenetv2,Multiply_11474,32,135,32,32,16,32,17,7,0,32,0.7767,32768,7616,0.7676,54,17.9,True
mobilenetv2,Multiply_11474,32,136,32,32,16,32,16,8,0,32,0.75,32768,8192,0.75,54,71.2,True
mobilenetv2,Multiply_11474,32,137,32,32,16,32,20,8,0,32,0.7292,32768,10240,0.6875,58,17.9,True
mobilenetv2,Multiply_11474,32,138,32,32,16,32,17,8,0,32,0.7448,32768,8704,0.7344,55,21.4,True
mobilenetv2,Multiply_11474,32,139,32,32,16,32,16,8,0,32,0.75,32768,8192,0.75,54,67.0,True
mobilenetv2,Multiply_11474,32,140,32,32,16,32,20,8,0,32,0.7292,32768,10240,0.6875,58,23.0,True
mobilenetv2,Multiply_11474,32,141,32,32,16,32,17,8,0,32,0.7448,32768,8704,0.7344,55,17.6,True
mobilenetv2,Multiply_11474,32,142,32,32,16,32,16,8,0,32,0.75,32768,8192,0.75,54,16.3,True
mobilenetv2,Multiply_11474,32,143,32,32,16,32,20,8,0,32,0.7292,32768,10240,0.6875,58,17.4,True
mobilenetv2,Multiply_11474,32,144,32,32,16,32,17,8,0,32,0.7448,32768,8704,0.7344,55,18.0,True
mobilenetv2,Multiply_11474,32,145,32,32,16,32,16,7,0,32,0.7812,32768,7168,0.7812,53,30.3,True
mobilenetv2,Multiply_11474,32,146,32,32,16,32,20,7,0,32,0.763,32768,8960,0.7266,57,17.7,True
mobilenetv2,Multiply_11474,32,147,32,32,16,32,17,7,0,32,0.7767,32768,7616,0.7676,54,20.7,True
mobilenetv2,Multiply_11474,32,148,32,32,16,32,16,8,0,32,0.75,32768,8192,0.75,54,24.7,True
mobilenetv2,Multiply_11474,32,149,32,32,16,32,20,8,0,32,0.7292,32768,10240,0.6875,58,17.5,True
mobilenetv2,Multiply_11474,32,150,32,32,16,32,17,8,0,32,0.7448,32768,8704,0.7344,55,19.8,True
mobilenetv2,Multiply_11474,32,151,32,32,16,32,16,8,0,32,0.75,32768,8192,0.75,54,16.4,True
mobilenetv2,Multiply_11474,32,152,32,32,16,32,20,8,0,32,0.7292,32768,10240,0.6875,58,18.2,True
mobilenetv2,Multiply_11474,32,153,32,32,16,32,17,8,0,32,0.7448,32768,8704,0.7344,55,88.2,True
mobilenetv2,Multiply_11474,32,154,32,32,16,32,16,7,0,32,0.7812,32768,7168,0.7812,53,76.2,True
mobilenetv2,Multiply_11474,32,155,32,32,16,32,20,7,0,32,0.763,32768,8960,0.7266,57,17.3,True
mobilenetv2,Multiply_11474,32,156,32,32,16,32,17,7,0,32,0.7767,32768,7616,0.7676,54,73.6,True
mobilenetv2,Multiply_11474,32,157,32,32,16,32,16,8,0,32,0.75,32768,8192,0.75,54,16.8,True
mobilenetv2,Multiply_11474,32,158,32,32,16,32,20,8,0,32,0.7292,32768,10240,0.6875,58,19.1,True
mobilenetv2,Multiply_11474,32,159,32,32,16,32,17,8,0,32,0.7448,32768,8704,0.7344,55,18.9,True
mobilenetv2,Multiply_11474,32,160,32,32,16,32,16,6,0,32,0.8125,32768,6144,0.8125,52,17.2,True
mobilenetv2,Multiply_11474,32,161,32,32,16,32,20,6,0,32,0.7969,32768,7680,0.7656,56,18.0,True
mobilenetv2,Multiply_11474,32,162,32,32,16,32,17,6,0,32,0.8086,32768,6528,0.8008,53,79.0,True
mobilenetv2,Multiply_11474,32,163,32,32,16,32,16,8,0,32,0.75,32768,8192,0.75,54,16.8,True
mobilenetv2,Multiply_11474,32,164,32,32,16,32,20,8,0,32,0.7292,32768,10240,0.6875,58,17.2,True
mobilenetv2,Multiply_11474,32,165,32,32,16,32,17,8,0,32,0.7448,32768,8704,0.7344,55,26.0,True
mobilenetv2,Multiply_11474,32,166,32,32,16,32,16,7,0,32,0.7812,32768,7168,0.7812,53,16.7,True
mobilenetv2,Multiply_11474,32,167,32,32,16,32,20,7,0,32,0.763,32768,8960,0.7266,57,18.4,True
mobilenetv2,Multiply_11474,32,168,32,32,16,32,17,7,0,32,0.7767,32768,7616,0.7676,54,20.4,True
mobilenetv2,Multiply_11474,32,169,32,32,16,32,16,8,0,32,0.75,32768,8192,0.75,54,101.0,True
mobilenetv2,Multiply_11474,32,170,32,32,16,32,20,8,0,32,0.7292,32768,10240,0.6875,58,98.2,True
mobilenetv2,Multiply_11474,32,171,32,32,16,32,17,8,0,32,0.7448,32768,8704,0.7344,55,60.2,True
mobilenetv2,Multiply_11474,32,172,32,32,16,32,16,7,0,32,0.7812,32768,7168,0.7812,53,18.1,True
mobilenetv2,Multiply_11474,32,173,32,32,16,32,20,7,0,32,0.763,32768,8960,0.7266,57,33.6,True
mobilenetv2,Multiply_11474,32,174,32,32,16,32,17,7,0,32,0.7767,32768,7616,0.7676,54,19.6,True
mobilenetv2,Multiply_11474,32,175,32,32,16,32,16,7,0,32,0.7812,32768,7168,0.7812,53,46.1,True
mobilenetv2,Multiply_11474,32,176,32,32,16,32,20,7,0,32,0.763,32768,8960,0.7266,57,18.9,True
mobilenetv2,Multiply_11474,32,177,32,32,16,32,17,7,0,32,0.7767,32768,7616,0.7676,54,62.1,True
mobilenetv2,Multiply_11474,32,178,32,32,16,32,16,8,0,32,0.75,32768,8192,0.75,54,64.2,True
mobilenetv2,Multiply_11474,32,179,32,32,16,32,20,8,0,32,0.7292,32768,10240,0.6875,58,34.7,True
mobilenetv2,Multiply_11474,32,180,32,32,16,32,17,8,0,32,0.7448,32768,8704,0.7344,55,63.1,True
mobilenetv2,Multiply_11474,32,181,32,32,16,32,16,9,0,32,0.7188,32768,9216,0.7188,55,23.8,True
mobilenetv2,Multiply_11474,32,182,32,32,16,32,20,9,0,32,0.6953,32768,11520,0.6484,59,18.8,True
mobilenetv2,Multiply_11474,32,183,32,32,16,32,17,9,0,32,0.7129,32768,9792,0.7012,56,20.7,True
mobilenetv2,Multiply_11474,32,184,32,32,16,32,16,9,0,32,0.7188,32768,9216,0.7188,55,16.9,True
mobilenetv2,Multiply_11474,32,185,32,32,16,32,20,9,0,32,0.6953,32768,11520,0.6484,59,86.7,True
mobilenetv2,Multiply_11474,32,186,32,32,16,32,17,9,0,32,0.7129,32768,9792,0.7012,56,27.5,True
mobilenetv2,Multiply_11474,32,187,32,32,16,32,16,7,0,32,0.7812,32768,7168,0.7812,53,20.8,True
mobilenetv2,Multiply_11474,32,188,32,32,16,32,20,7,0,32,0.763,32768,8960,0.7266,57,29.9,True
mobilenetv2,Multiply_11474,32,189,32,32,16,32,17,7,0,32,0.7767,32768,7616,0.7676,54,17.7,True
mobilenetv2,Multiply_11474,32,190,32,32,16,32,16,8,0,32,0.75,32768,8192,0.75,54,17.7,True
mobilenetv2,Multiply_11474,32,191,32,32,16,32,20,8,0,32,0.7292,32768,10240,0.6875,58,17.8,True
mobilenetv2,Multiply_11474,32,192,32,32,16,32,17,8,0,32,0.7448,32768,8704,0.7344,55,88.5,True
mobilenetv2,Multiply_11474,32,193,32,32,16,32,16,8,0,32,0.75,32768,8192,0.75,54,17.4,True
mobilenetv2,Multiply_11474,32,194,32,32,16,32,20,8,0,32,0.7292,32768,10240,0.6875,58,18.0,True
mobilenetv2,Multiply_11474,32,195,32,32,16,32,17,8,0,32,0.7448,32768,8704,0.7344,55,19.6,True
mobilenetv2,Multiply_11474,32,196,32,32,16,32,16,8,0,32,0.75,32768,8192,0.75,54,76.2,True
mobilenetv2,Multiply_11474,32,197,32,32,16,32,20,8,0,32,0.7292,32768,10240,0.6875,58,18.4,True
mobilenetv2,Multiply_11474,32,198,32,32,16,32,17,8,0,32,0.7448,32768,8704,0.7344,55,20.3,True
mobilenetv2,Multiply_11474,32,199,32,32,16,32,16,7,0,32,0.7812,32768,7168,0.7812,53,19.1,True
mobilenetv2,Multiply_11474,32,200,32,32,16,32,20,7,0,32,0.763,32768,8960,0.7266,57,17.8,True
mobilenetv2,Multiply_11474,32,201,32,32,16,32,17,7,0,32,0.7767,32768,7616,0.7676,54,17.5,True
mobilenetv2,Multiply_11474,32,202,32,32,16,32,16,8,0,32,0.75,32768,8192,0.75,54,20.5,True
mobilenetv2,Multiply_11474,32,203,32,32,16,32,20,8,0,32,0.7292,32768,10240,0.6875,58,16.7,True
mobilenetv2,Multiply_11474,32,204,32,32,16,32,17,8,0,32,0.7448,32768,8704,0.7344,55,22.8,True
mobilenetv2,Multiply_11474,32,205,32,32,16,32,16,8,0,32,0.75,32768,8192,0.75,54,23.5,True
mobilenetv2,Multiply_11474,32,206,32,32,16,32,20,8,0,32,0.7292,32768,10240,0.6875,58,26.4,True
mobilenetv2,Multiply_11474,32,207,32,32,16,32,17,8,0,32,0.7448,32768,8704,0.7344,55,17.6,True
mobilenetv2,Multiply_11474,32,208,32,32,16,32,16,7,0,32,0.7812,32768,7168,0.7812,53,17.2,True
mobilenetv2,Multiply_11474,32,209,32,32,16,32,20,7,0,32,0.763,32768,8960,0.7266,57,88.3,True
mobilenetv2,Multiply_11474,32,210,32,32,16,32,17,7,0,32,0.7767,32768,7616,0.7676,54,30.3,True
mobilenetv2,Multiply_11474,32,211,32,32,16,32,16,6,0,32,0.8125,32768,6144,0.8125,52,20.8,True
mobilenetv2,Multiply_11474,32,212,32,32,16,32,20,6,0,32,0.7969,32768,7680,0.7656,56,50.6,True
mobilenetv2,Multiply_11474,32,213,32,32,16,32,17,6,0,32,0.8086,32768,6528,0.8008,53,17.8,True
mobilenetv2,Multiply_11474,32,214,32,32,16,32,16,9,0,32,0.7188,32768,9216,0.7188,55,27.3,True
mobilenetv2,Multiply_11474,32,215,32,32,16,32,20,9,0,32,0.6953,32768,11520,0.6484,59,17.7,True
mobilenetv2,Multiply_11474,32,216,32,32,16,32,17,9,0,32,0.7129,32768,9792,0.7012,56,20.2,True
mobilenetv2,Multiply_11474,32,217,32,32,16,32,16,8,0,32,0.75,32768,8192,0.75,54,18.1,True
mobilenetv2,Multiply_11474,32,218,32,32,16,32,20,8,0,32,0.7292,32768,10240,0.6875,58,23.0,True
mobilenetv2,Multiply_11474,32,219,32,32,16,32,17,8,0,32,0.7448,32768,8704,0.7344,55,18.6,True
mobilenetv2,Multiply_11474,32,220,32,32,16,32,16,7,0,32,0.7812,32768,7168,0.7812,53,29.3,True
mobilenetv2,Multiply_11474,32,221,32,32,16,32,20,7,0,32,0.763,32768,8960,0.7266,57,49.8,True
mobilenetv2,Multiply_11474,32,222,32,32,16,32,17,7,0,32,0.7767,32768,7616,0.7676,54,17.3,True
mobilenetv2,Multiply_11474,32,223,32,32,16,32,16,7,0,32,0.7812,32768,7168,0.7812,53,16.6,True
mobilenetv2,Multiply_11474,32,224,32,32,16,32,20,7,0,32,0.763,32768,8960,0.7266,57,40.2,True
mobilenetv2,Multiply_11474,32,225,32,32,16,32,17,7,0,32,0.7767,32768,7616,0.7676,54,18.6,True
mobilenetv2,Multiply_11474,32,226,32,32,16,32,16,8,0,32,0.75,32768,8192,0.75,54,20.7,True
mobilenetv2,Multiply_11474,32,227,32,32,16,32,20,8,0,32,0.7292,32768,10240,0.6875,58,19.5,True
mobilenetv2,Multiply_11474,32,228,32,32,16,32,17,8,0,32,0.7448,32768,8704,0.7344,55,42.8,True
mobilenetv2,Multiply_11474,32,229,32,32,16,32,16,8,0,32,0.75,32768,8192,0.75,54,16.4,True
mobilenetv2,Multiply_11474,32,230,32,32,16,32,20,8,0,32,0.7292,32768,10240,0.6875,58,17.7,True
mobilenetv2,Multiply_11474,32,231,32,32,16,32,17,8,0,32,0.7448,32768,8704,0.7344,55,17.5,True
mobilenetv2,Multiply_11474,32,232,32,32,16,32,16,7,0,32,0.7812,32768,7168,0.7812,53,17.0,True
mobilenetv2,Multiply_11474,32,233,32,32,16,32,20,7,0,32,0.763,32768,8960,0.7266,57,18.8,True
mobilenetv2,Multiply_11474,32,234,32,32,16,32,17,7,0,32,0.7767,32768,7616,0.7676,54,24.5,True
mobilenetv2,Multiply_11474,32,235,32,32,16,32,16,8,0,32,0.75,32768,8192,0.75,54,71.3,True
mobilenetv2,Multiply_11474,32,236,32,32,16,32,20,8,0,32,0.7292,32768,10240,0.6875,58,20.6,True
mobilenetv2,Multiply_11474,32,237,32,32,16,32,17,8,0,32,0.7448,32768,8704,0.7344,55,89.1,True
mobilenetv2,Multiply_11474,32,238,32,32,16,32,16,7,0,32,0.7812,32768,7168,0.7812,53,36.0,True
mobilenetv2,Multiply_11474,32,239,32,32,16,32,20,7,0,32,0.763,32768,8960,0.7266,57,38.0,True
mobilenetv2,Multiply_11474,32,240,32,32,16,32,17,7,0,32,0.7767,32768,7616,0.7676,54,17.0,True
mobilenetv2,Multiply_11474,32,241,32,32,16,32,16,7,0,32,0.7812,32768,7168,0.7812,53,58.5,True
mobilenetv2,Multiply_11474,32,242,32,32,16,32,20,7,0,32,0.763,32768,8960,0.7266,57,88.9,True
mobilenetv2,Multiply_11474,32,243,32,32,16,32,17,7,0,32,0.7767,32768,7616,0.7676,54,18.1,True
mobilenetv2,Multiply_11474,32,244,32,32,16,32,16,9,0,32,0.7188,32768,9216,0.7188,55,17.4,True
mobilenetv2,Multiply_11474,32,245,32,32,16,32,20,9,0,32,0.6953,32768,11520,0.6484,59,17.9,True
mobilenetv2,Multiply_11474,32,246,32,32,16,32,17,9,0,32,0.7129,32768,9792,0.7012,56,24.9,True
mobilenetv2,Multiply_11474,32,247,32,32,16,32,16,8,0,32,0.75,32768,8192,0.75,54,23.8,True
mobilenetv2,Multiply_11474,32,248,32,32,16,32,20,8,0,32,0.7292,32768,10240,0.6875,58,33.6,True
mobilenetv2,Multiply_11474,32,249,32,32,16,32,17,8,0,32,0.7448,32768,8704,0.7344,55,17.7,True
mobilenetv2,Multiply_11474,32,250,32,32,16,32,16,7,0,32,0.7812,32768,7168,0.7812,53,17.3,True
mobilenetv2,Multiply_11474,32,251,32,32,16,32,20,7,0,32,0.763,32768,8960,0.7266,57,50.8,True
mobilenetv2,Multiply_11474,32,252,32,32,16,32,17,7,0,32,0.7767,32768,7616,0.7676,54,18.3,True
mobilenetv2,Multiply_11474,32,253,32,32,16,32,16,8,0,32,0.75,32768,8192,0.75,54,63.8,True
mobilenetv2,Multiply_11474,32,254,32,32,16,32,20,8,0,32,0.7292,32768,10240,0.6875,58,18.4,True
mobilenetv2,Multiply_11474,32,255,32,32,16,32,17,8,0,32,0.7448,32768,8704,0.7344,55,31.9,True
mobilenetv2,Multiply_11474,32,256,32,32,16,32,16,9,0,32,0.7188,32768,9216,0.7188,55,21.2,True
mobilenetv2,Multiply_11474,32,257,32,32,16,32,20,9,0,32,0.6953,32768,11520,0.6484,59,89.2,True
mobilenetv2,Multiply_11474,32,258,32,32,16,32,17,9,0,32,0.7129,32768,9792,0.7012,56,30.2,True
mobilenetv2,Multiply_11474,32,259,32,32,16,32,16,6,0,32,0.8125,32768,6144,0.8125,52,34.8,True
mobilenetv2,Multiply_11474,32,260,32,32,16,32,20,6,0,32,0.7969,32768,7680,0.7656,56,72.7,True
mobilenetv2,Multiply_11474,32,261,32,32,16,32,17,6,0,32,0.8086,32768,6528,0.8008,53,17.6,True
mobilenetv2,Multiply_11474,32,262,32,32,16,32,16,7,0,32,0.7812,32768,7168,0.7812,53,16.9,True
mobilenetv2,Multiply_11474,32,263,32,32,16,32,20,7,0,32,0.763,32768,8960,0.7266,57,17.3,True
mobilenetv2,Multiply_11474,32,264,32,32,16,32,17,7,0,32,0.7767,32768,7616,0.7676,54,37.0,True
mobilenetv2,Multiply_11474,32,265,32,32,16,32,16,9,0,32,0.7188,32768,9216,0.7188,55,17.9,True
mobilenetv2,Multiply_11474,32,266,32,32,16,32,20,9,0,32,0.6953,32768,11520,0.6484,59,61.7,True
mobilenetv2,Multiply_11474,32,267,32,32,16,32,17,9,0,32,0.7129,32768,9792,0.7012,56,18.9,True
mobilenetv2,Multiply_11474,32,268,32,32,16,32,16,8,0,32,0.75,32768,8192,0.75,54,18.8,True
mobilenetv2,Multiply_11474,32,269,32,32,16,32,20,8,0,32,0.7292,32768,10240,0.6875,58,17.4,True
mobilenetv2,Multiply_11474,32,270,32,32,16,32,17,8,0,32,0.7448,32768,8704,0.7344,55,53.1,True
mobilenetv2,Multiply_11474,32,271,32,32,16,32,16,7,0,32,0.7812,32768,7168,0.7812,53,21.0,True
mobilenetv2,Multiply_11474,32,272,32,32,16,32,20,7,0,32,0.763,32768,8960,0.7266,57,18.6,True
mobilenetv2,Multiply_11474,32,273,32,32,16,32,17,7,0,32,0.7767,32768,7616,0.7676,54,80.6,True
mobilenetv2,Multiply_11474,32,274,32,32,16,32,16,9,0,32,0.7188,32768,9216,0.7188,55,24.4,True
mobilenetv2,Multiply_11474,32,275,32,32,16,32,20,9,0,32,0.6953,32768,11520,0.6484,59,25.2,True
mobilenetv2,Multiply_11474,32,276,32,32,16,32,17,9,0,32,0.7129,32768,9792,0.7012,56,18.1,True
mobilenetv2,Multiply_11474,32,277,32,32,16,32,16,8,0,32,0.75,32768,8192,0.75,54,18.8,True
mobilenetv2,Multiply_11474,32,278,32,32,16,32,20,8,0,32,0.7292,32768,10240,0.6875,58,80.7,True
mobilenetv2,Multiply_11474,32,279,32,32,16,32,17,8,0,32,0.7448,32768,8704,0.7344,55,23.4,True
mobilenetv2,Multiply_11474,32,280,32,32,16,32,16,7,0,32,0.7812,32768,7168,0.7812,53,18.3,True
mobilenetv2,Multiply_11474,32,281,32,32,16,32,20,7,0,32,0.763,32768,8960,0.7266,57,17.7,True
mobilenetv2,Multiply_11474,32,282,32,32,16,32,17,7,0,32,0.7767,32768,7616,0.7676,54,18.3,True
mobilenetv2,Multiply_11474,32,283,32,32,16,32,16,7,0,32,0.7812,32768,7168,0.7812,53,57.3,True
mobilenetv2,Multiply_11474,32,284,32,32,16,32,20,7,0,32,0.763,32768,8960,0.7266,57,78.6,True
mobilenetv2,Multiply_11474,32,285,32,32,16,32,17,7,0,32,0.7767,32768,7616,0.7676,54,17.0,True
mobilenetv2,Multiply_11474,32,286,32,32,16,32,16,9,0,32,0.7188,32768,9216,0.7188,55,23.2,True
mobilenetv2,Multiply_11474,32,287,32,32,16,32,20,9,0,32,0.6953,32768,11520,0.6484,59,30.2,True
mobilenetv2,Multiply_11474,32,288,32,32,16,32,17,9,0,32,0.7129,32768,9792,0.7012,56,18.4,True
mobilenetv2,Multiply_11474,32,289,32,32,16,32,16,8,0,32,0.75,32768,8192,0.75,54,21.4,True
mobilenetv2,Multiply_11474,32,290,32,32,16,32,20,8,0,32,0.7292,32768,10240,0.6875,58,18.4,True
mobilenetv2,Multiply_11474,32,291,32,32,16,32,17,8,0,32,0.7448,32768,8704,0.7344,55,17.8,True
mobilenetv2,Multiply_11474,32,292,32,32,16,32,16,7,0,32,0.7812,32768,7168,0.7812,53,18.8,True
mobilenetv2,Multiply_11474,32,293,32,32,16,32,20,7,0,32,0.763,32768,8960,0.7266,57,18.1,True
mobilenetv2,Multiply_11474,32,294,32,32,16,32,17,7,0,32,0.7767,32768,7616,0.7676,54,40.8,True
mobilenetv2,Multiply_11474,32,295,32,32,16,32,16,7,0,32,0.7812,32768,7168,0.7812,53,17.8,True
mobilenetv2,Multiply_11474,32,296,32,32,16,32,20,7,0,32,0.763,32768,8960,0.7266,57,18.7,True
mobilenetv2,Multiply_11474,32,297,32,32,16,32,17,7,0,32,0.7767,32768,7616,0.7676,54,18.8,True
mobilenetv2,Multiply_11474,32,298,32,32,16,32,16,9,0,32,0.7188,32768,9216,0.7188,55,16.5,True
mobilenetv2,Multiply_11474,32,299,32,32,16,32,20,9,0,32,0.6953,32768,11520,0.6484,59,16.8,True
mobilenetv2,Multiply_11474,32,300,32,32,16,32,17,9,0,32,0.7129,32768,9792,0.7012,56,18.3,True
mobilenetv2,Multiply_11474,32,301,32,32,16,32,16,5,0,32,0.8438,32768,5120,0.8438,51,18.2,True
mobilenetv2,Multiply_11474,32,302,32,32,16,32,20,5,0,32,0.8307,32768,6400,0.8047,55,102.0,True
mobilenetv2,Multiply_11474,32,303,32,32,16,32,17,5,0,32,0.8405,32768,5440,0.834,52,74.3,True
mobilenetv2,Multiply_11474,32,304,32,32,16,32,16,7,0,32,0.7812,32768,7168,0.7812,53,17.6,True
mobilenetv2,Multiply_11474,32,305,32,32,16,32,20,7,0,32,0.763,32768,8960,0.7266,57,89.5,True
mobilenetv2,Multiply_11474,32,306,32,32,16,32,17,7,0,32,0.7767,32768,7616,0.7676,54,17.7,True
mobilenetv2,Multiply_11474,32,307,32,32,16,32,16,9,0,32,0.7188,32768,9216,0.7188,55,16.6,True
mobilenetv2,Multiply_11474,32,308,32,32,16,32,20,9,0,32,0.6953,32768,11520,0.6484,59,18.0,True
mobilenetv2,Multiply_11474,32,309,32,32,16,32,17,9,0,32,0.7129,32768,9792,0.7012,56,23.3,True
mobilenetv2,Multiply_11474,32,310,32,32,16,32,16,7,0,32,0.7812,32768,7168,0.7812,53,26.2,True
mobilenetv2,Multiply_11474,32,311,32,32,16,32,20,7,0,32,0.763,32768,8960,0.7266,57,17.3,True
mobilenetv2,Multiply_11474,32,312,32,32,16,32,17,7,0,32,0.7767,32768,7616,0.7676,54,18.4,True
mobilenetv2,Multiply_11474,32,313,32,32,16,32,16,7,0,32,0.7812,32768,7168,0.7812,53,20.7,True
mobilenetv2,Multiply_11474,32,314,32,32,16,32,20,7,0,32,0.763,32768,8960,0.7266,57,17.9,True
mobilenetv2,Multiply_11474,32,315,32,32,16,32,17,7,0,32,0.7767,32768,7616,0.7676,54,18.7,True
mobilenetv2,Multiply_11474,32,316,32,32,16,32,16,9,0,32,0.7188,32768,9216,0.7188,55,18.6,True
mobilenetv2,Multiply_11474,32,317,32,32,16,32,20,9,0,32,0.6953,32768,11520,0.6484,59,18.2,True
mobilenetv2,Multiply_11474,32,318,32,32,16,32,17,9,0,32,0.7129,32768,9792,0.7012,56,88.5,True
mobilenetv2,Multiply_11474,32,319,32,32,16,32,16,9,0,32,0.7188,32768,9216,0.7188,55,21.3,True
mobilenetv2,Multiply_11474,32,320,32,32,16,32,20,9,0,32,0.6953,32768,11520,0.6484,59,17.9,True
mobilenetv2,Multiply_11474,32,321,32,32,16,32,17,9,0,32,0.7129,32768,9792,0.7012,56,23.2,True
mobilenetv2,Multiply_11474,32,322,32,32,16,32,16,6,0,32,0.8125,32768,6144,0.8125,52,17.0,True
mobilenetv2,Multiply_11474,32,323,32,32,16,32,20,6,0,32,0.7969,32768,7680,0.7656,56,23.0,True
mobilenetv2,Multiply_11474,32,324,32,32,16,32,17,6,0,32,0.8086,32768,6528,0.8008,53,21.4,True
mobilenetv2,Multiply_11474,32,325,32,32,16,32,16,7,0,32,0.7812,32768,7168,0.7812,53,18.2,True
mobilenetv2,Multiply_11474,32,326,32,32,16,32,20,7,0,32,0.763,32768,8960,0.7266,57,19.3,True
mobilenetv2,Multiply_11474,32,327,32,32,16,32,17,7,0,32,0.7767,32768,7616,0.7676,54,24.6,True
mobilenetv2,Multiply_11474,32,328,32,32,16,32,16,9,0,32,0.7188,32768,9216,0.7188,55,47.9,True
mobilenetv2,Multiply_11474,32,329,32,32,16,32,20,9,0,32,0.6953,32768,11520,0.6484,59,90.4,True
mobilenetv2,Multiply_11474,32,330,32,32,16,32,17,9,0,32,0.7129,32768,9792,0.7012,56,23.1,True
mobilenetv2,Multiply_11474,32,331,32,32,16,32,16,8,0,32,0.75,32768,8192,0.75,54,21.3,True
mobilenetv2,Multiply_11474,32,332,32,32,16,32,20,8,0,32,0.7292,32768,10240,0.6875,58,17.8,True
mobilenetv2,Multiply_11474,32,333,32,32,16,32,17,8,0,32,0.7448,32768,8704,0.7344,55,27.9,True
mobilenetv2,Multiply_11474,32,334,32,32,16,32,16,7,0,32,0.7812,32768,7168,0.7812,53,28.0,True
mobilenetv2,Multiply_11474,32,335,32,32,16,32,20,7,0,32,0.763,32768,8960,0.7266,57,19.0,True
mobilenetv2,Multiply_11474,32,336,32,32,16,32,17,7,0,32,0.7767,32768,7616,0.7676,54,17.9,True
mobilenetv2,Multiply_11474,32,337,32,32,16,32,16,9,0,32,0.7188,32768,9216,0.7188,55,17.2,True
mobilenetv2,Multiply_11474,32,338,32,32,16,32,20,9,0,32,0.6953,32768,11520,0.6484,59,27.9,True
mobilenetv2,Multiply_11474,32,339,32,32,16,32,17,9,0,32,0.7129,32768,9792,0.7012,56,79.6,True
mobilenetv2,Multiply_11474,32,340,32,32,16,32,16,9,0,32,0.7188,32768,9216,0.7188,55,75.7,True
mobilenetv2,Multiply_11474,32,341,32,32,16,32,20,9,0,32,0.6953,32768,11520,0.6484,59,17.9,True
mobilenetv2,Multiply_11474,32,342,32,32,16,32,17,9,0,32,0.7129,32768,9792,0.7012,56,87.1,True
mobilenetv2,Multiply_11474,32,343,32,32,16,32,16,6,0,32,0.8125,32768,6144,0.8125,52,42.7,True
mobilenetv2,Multiply_11474,32,344,32,32,16,32,20,6,0,32,0.7969,32768,7680,0.7656,56,19.4,True
mobilenetv2,Multiply_11474,32,345,32,32,16,32,17,6,0,32,0.8086,32768,6528,0.8008,53,18.3,True
mobilenetv2,Multiply_11474,32,346,32,32,16,32,16,7,0,32,0.7812,32768,7168,0.7812,53,20.1,True
mobilenetv2,Multiply_11474,32,347,32,32,16,32,20,7,0,32,0.763,32768,8960,0.7266,57,89.3,True
mobilenetv2,Multiply_11474,32,348,32,32,16,32,17,7,0,32,0.7767,32768,7616,0.7676,54,17.3,True
mobilenetv2,Multiply_11474,32,349,32,32,16,32,16,9,0,32,0.7188,32768,9216,0.7188,55,25.4,True
mobilenetv2,Multiply_11474,32,350,32,32,16,32,20,9,0,32,0.6953,32768,11520,0.6484,59,18.4,True
mobilenetv2,Multiply_11474,32,351,32,32,16,32,17,9,0,32,0.7129,32768,9792,0.7012,56,87.5,True
mobilenetv2,Multiply_11474,32,352,32,32,16,32,16,7,0,32,0.7812,32768,7168,0.7812,53,58.4,True
mobilenetv2,Multiply_11474,32,353,32,32,16,32,20,7,0,32,0.763,32768,8960,0.7266,57,26.7,True
mobilenetv2,Multiply_11474,32,354,32,32,16,32,17,7,0,32,0.7767,32768,7616,0.7676,54,28.5,True
mobilenetv2,Multiply_11474,32,355,32,32,16,32,16,7,0,32,0.7812,32768,7168,0.7812,53,21.3,True
mobilenetv2,Multiply_11474,32,356,32,32,16,32,20,7,0,32,0.763,32768,8960,0.7266,57,18.2,True
mobilenetv2,Multiply_11474,32,357,32,32,16,32,17,7,0,32,0.7767,32768,7616,0.7676,54,21.6,True
mobilenetv2,Multiply_11474,32,358,32,32,16,32,16,8,0,32,0.75,32768,8192,0.75,54,92.7,True
mobilenetv2,Multiply_11474,32,359,32,32,16,32,20,8,0,32,0.7292,32768,10240,0.6875,58,87.3,True
mobilenetv2,Multiply_11474,32,360,32,32,16,32,17,8,0,32,0.7448,32768,8704,0.7344,55,16.6,True
mobilenetv2,Multiply_11474,32,361,32,32,16,32,16,9,0,32,0.7188,32768,9216,0.7188,55,22.2,True
mobilenetv2,Multiply_11474,32,362,32,32,16,32,20,9,0,32,0.6953,32768,11520,0.6484,59,17.9,True
mobilenetv2,Multiply_11474,32,363,32,32,16,32,17,9,0,32,0.7129,32768,9792,0.7012,56,17.4,True
mobilenetv2,Multiply_11474,32,364,32,32,16,32,16,9,0,32,0.7188,32768,9216,0.7188,55,47.5,True
mobilenetv2,Multiply_11474,32,365,32,32,16,32,20,9,0,32,0.6953,32768,11520,0.6484,59,17.1,True
mobilenetv2,Multiply_11474,32,366,32,32,16,32,17,9,0,32,0.7129,32768,9792,0.7012,56,28.7,True
mobilenetv2,Multiply_11474,32,367,32,32,16,32,16,7,0,32,0.7812,32768,7168,0.7812,53,17.5,True
mobilenetv2,Multiply_11474,32,368,32,32,16,32,20,7,0,32,0.763,32768,8960,0.7266,57,17.7,True
mobilenetv2,Multiply_11474,32,369,32,32,16,32,17,7,0,32,0.7767,32768,7616,0.7676,54,54.0,True
mobilenetv2,Multiply_11474,32,370,32,32,16,32,16,8,0,32,0.75,32768,8192,0.75,54,17.5,True
mobilenetv2,Multiply_11474,32,371,32,32,16,32,20,8,0,32,0.7292,32768,10240,0.6875,58,17.4,True
mobilenetv2,Multiply_11474,32,372,32,32,16,32,17,8,0,32,0.7448,32768,8704,0.7344,55,17.6,True
mobilenetv2,Multiply_11474,32,373,32,32,16,32,16,8,0,32,0.75,32768,8192,0.75,54,17.0,True
mobilenetv2,Multiply_11474,32,374,32,32,16,32,20,8,0,32,0.7292,32768,10240,0.6875,58,17.4,True
mobilenetv2,Multiply_11474,32,375,32,32,16,32,17,8,0,32,0.7448,32768,8704,0.7344,55,17.5,True
mobilenetv2,Multiply_11474,32,376,32,32,16,32,16,7,0,32,0.7812,32768,7168,0.7812,53,18.1,True
mobilenetv2,Multiply_11474,32,377,32,32,16,32,20,7,0,32,0.763,32768,8960,0.7266,57,16.9,True
mobilenetv2,Multiply_11474,32,378,32,32,16,32,17,7,0,32,0.7767,32768,7616,0.7676,54,18.1,True
mobilenetv2,Multiply_11474,32,379,32,32,16,32,16,7,0,32,0.7812,32768,7168,0.7812,53,21.3,True
mobilenetv2,Multiply_11474,32,380,32,32,16,32,20,7,0,32,0.763,32768,8960,0.7266,57,86.3,True
mobilenetv2,Multiply_11474,32,381,32,32,16,32,17,7,0,32,0.7767,32768,7616,0.7676,54,79.9,True
mobilenetv2,Multiply_11474,32,382,32,32,16,32,16,9,0,32,0.7188,32768,9216,0.7188,55,21.0,True
mobilenetv2,Multiply_11474,32,383,32,32,16,32,20,9,0,32,0.6953,32768,11520,0.6484,59,24.5,True
mobilenetv2,Multiply_11474,32,384,32,32,16,32,17,9,0,32,0.7129,32768,9792,0.7012,56,17.7,True
mobilenetv2,Multiply_11474,32,385,32,32,16,32,16,9,0,32,0.7188,32768,9216,0.7188,55,84.8,True
mobilenetv2,Multiply_11474,32,386,32,32,16,32,20,9,0,32,0.6953,32768,11520,0.6484,59,17.3,True
mobilenetv2,Multiply_11474,32,387,32,32,16,32,17,9,0,32,0.7129,32768,9792,0.7012,56,18.5,True
mobilenetv2,Multiply_11474,32,388,32,32,16,32,16,7,0,32,0.7812,32768,7168,0.7812,53,43.0,True
mobilenetv2,Multiply_11474,32,389,32,32,16,32,20,7,0,32,0.763,32768,8960,0.7266,57,88.5,True
mobilenetv2,Multiply_11474,32,390,32,32,16,32,17,7,0,32,0.7767,32768,7616,0.7676,54,39.4,True
mobilenetv2,Multiply_11474,32,391,32,32,16,32,16,7,0,32,0.7812,32768,7168,0.7812,53,27.9,True
mobilenetv2,Multiply_11474,32,392,32,32,16,32,20,7,0,32,0.763,32768,8960,0.7266,57,18.6,True
mobilenetv2,Multiply_11474,32,393,32,32,16,32,17,7,0,32,0.7767,32768,7616,0.7676,54,17.7,True
mobilenetv2,Multiply_11474,32,394,32,32,16,32,16,9,0,32,0.7188,32768,9216,0.7188,55,19.8,True
mobilenetv2,Multiply_11474,32,395,32,32,16,32,20,9,0,32,0.6953,32768,11520,0.6484,59,62.0,True
mobilenetv2,Multiply_11474,32,396,32,32,16,32,17,9,0,32,0.7129,32768,9792,0.7012,56,90.5,True
mobilenetv2,Multiply_11474,32,397,32,32,16,32,16,7,0,32,0.7812,32768,7168,0.7812,53,75.2,True
mobilenetv2,Multiply_11474,32,398,32,32,16,32,20,7,0,32,0.763,32768,8960,0.7266,57,17.8,True
mobilenetv2,Multiply_11474,32,399,32,32,16,32,17,7,0,32,0.7767,32768,7616,0.7676,54,47.1,True
mobilenetv2,Multiply_11474,32,400,32,32,16,32,16,6,0,32,0.8125,32768,6144,0.8125,52,18.7,True
mobilenetv2,Multiply_11474,32,401,32,32,16,32,20,6,0,32,0.7969,32768,7680,0.7656,56,18.3,True
mobilenetv2,Multiply_11474,32,402,32,32,16,32,17,6,0,32,0.8086,32768,6528,0.8008,53,17.2,True
mobilenetv2,Multiply_11474,32,403,32,32,16,32,16,7,0,32,0.7812,32768,7168,0.7812,53,33.3,True
mobilenetv2,Multiply_11474,32,404,32,32,16,32,20,7,0,32,0.763,32768,8960,0.7266,57,66.5,True
mobilenetv2,Multiply_11474,32,405,32,32,16,32,17,7,0,32,0.7767,32768,7616,0.7676,54,18.8,True
mobilenetv2,Multiply_11474,32,406,32,32,16,32,16,8,0,32,0.75,32768,8192,0.75,54,85.8,True
mobilenetv2,Multiply_11474,32,407,32,32,16,32,20,8,0,32,0.7292,32768,10240,0.6875,58,21.1,True
mobilenetv2,Multiply_11474,32,408,32,32,16,32,17,8,0,32,0.7448,32768,8704,0.7344,55,17.9,True
mobilenetv2,Multiply_11474,32,409,32,32,16,32,16,7,0,32,0.7812,32768,7168,0.7812,53,23.2,True
mobilenetv2,Multiply_11474,32,410,32,32,16,32,20,7,0,32,0.763,32768,8960,0.7266,57,33.4,True
mobilenetv2,Multiply_11474,32,411,32,32,16,32,17,7,0,32,0.7767,32768,7616,0.7676,54,88.9,True
mobilenetv2,Multiply_11474,32,412,32,32,16,32,16,8,0,32,0.75,32768,8192,0.75,54,18.8,True
mobilenetv2,Multiply_11474,32,413,32,32,16,32,20,8,0,32,0.7292,32768,10240,0.6875,58,17.9,True
mobilenetv2,Multiply_11474,32,414,32,32,16,32,17,8,0,32,0.7448,32768,8704,0.7344,55,44.3,True
mobilenetv2,Multiply_11474,32,415,32,32,16,32,16,9,0,32,0.7188,32768,9216,0.7188,55,16.7,True
mobilenetv2,Multiply_11474,32,416,32,32,16,32,20,9,0,32,0.6953,32768,11520,0.6484,59,17.2,True
mobilenetv2,Multiply_11474,32,417,32,32,16,32,17,9,0,32,0.7129,32768,9792,0.7012,56,77.8,True
mobilenetv2,Multiply_11474,32,418,32,32,16,32,16,7,0,32,0.7812,32768,7168,0.7812,53,77.7,True
mobilenetv2,Multiply_11474,32,419,32,32,16,32,20,7,0,32,0.763,32768,8960,0.7266,57,81.6,True
mobilenetv2,Multiply_11474,32,420,32,32,16,32,17,7,0,32,0.7767,32768,7616,0.7676,54,26.3,True
mobilenetv2,Multiply_11474,32,421,32,32,16,32,16,7,0,32,0.7812,32768,7168,0.7812,53,19.0,True
mobilenetv2,Multiply_11474,32,422,32,32,16,32,20,7,0,32,0.763,32768,8960,0.7266,57,18.5,True
mobilenetv2,Multiply_11474,32,423,32,32,16,32,17,7,0,32,0.7767,32768,7616,0.7676,54,39.1,True
mobilenetv2,Multiply_11474,32,424,32,32,16,32,16,8,0,32,0.75,32768,8192,0.75,54,83.8,True
mobilenetv2,Multiply_11474,32,425,32,32,16,32,20,8,0,32,0.7292,32768,10240,0.6875,58,79.7,True
mobilenetv2,Multiply_11474,32,426,32,32,16,32,17,8,0,32,0.7448,32768,8704,0.7344,55,87.4,True
mobilenetv2,Multiply_11474,32,427,32,32,16,32,16,9,0,32,0.7188,32768,9216,0.7188,55,67.4,True
mobilenetv2,Multiply_11474,32,428,32,32,16,32,20,9,0,32,0.6953,32768,11520,0.6484,59,42.5,True
mobilenetv2,Multiply_11474,32,429,32,32,16,32,17,9,0,32,0.7129,32768,9792,0.7012,56,41.1,True
mobilenetv2,Multiply_11474,32,430,32,32,16,32,16,8,0,32,0.75,32768,8192,0.75,54,17.4,True
mobilenetv2,Multiply_11474,32,431,32,32,16,32,20,8,0,32,0.7292,32768,10240,0.6875,58,31.2,True
mobilenetv2,Multiply_11474,32,432,32,32,16,32,17,8,0,32,0.7448,32768,8704,0.7344,55,25.9,True
mobilenetv2,Multiply_11474,32,433,32,32,16,32,16,7,0,32,0.7812,32768,7168,0.7812,53,19.2,True
mobilenetv2,Multiply_11474,32,434,32,32,16,32,20,7,0,32,0.763,32768,8960,0.7266,57,17.0,True
mobilenetv2,Multiply_11474,32,435,32,32,16,32,17,7,0,32,0.7767,32768,7616,0.7676,54,18.2,True
mobilenetv2,Multiply_11474,32,436,32,32,16,32,16,8,0,32,0.75,32768,8192,0.75,54,18.2,True
mobilenetv2,Multiply_11474,32,437,32,32,16,32,20,8,0,32,0.7292,32768,10240,0.6875,58,18.2,True
mobilenetv2,Multiply_11474,32,438,32,32,16,32,17,8,0,32,0.7448,32768,8704,0.7344,55,17.2,True
mobilenetv2,Multiply_11474,32,439,32,32,16,32,16,7,0,32,0.7812,32768,7168,0.7812,53,20.7,True
mobilenetv2,Multiply_11474,32,440,32,32,16,32,20,7,0,32,0.763,32768,8960,0.7266,57,17.9,True
mobilenetv2,Multiply_11474,32,441,32,32,16,32,17,7,0,32,0.7767,32768,7616,0.7676,54,18.9,True
mobilenetv2,Multiply_11474,32,442,32,32,16,32,16,6,0,32,0.8125,32768,6144,0.8125,52,18.6,True
mobilenetv2,Multiply_11474,32,443,32,32,16,32,20,6,0,32,0.7969,32768,7680,0.7656,56,17.7,True
mobilenetv2,Multiply_11474,32,444,32,32,16,32,17,6,0,32,0.8086,32768,6528,0.8008,53,17.5,True
mobilenetv2,Multiply_11474,32,445,32,32,16,32,16,8,0,32,0.75,32768,8192,0.75,54,25.1,True
mobilenetv2,Multiply_11474,32,446,32,32,16,32,20,8,0,32,0.7292,32768,10240,0.6875,58,18.1,True
mobilenetv2,Multiply_11474,32,447,32,32,16,32,17,8,0,32,0.7448,32768,8704,0.7344,55,17.6,True
mobilenetv2,Multiply_11474,32,448,32,32,16,32,16,7,0,32,0.7812,32768,7168,0.7812,53,19.9,True
mobilenetv2,Multiply_11474,32,449,32,32,16,32,20,7,0,32,0.763,32768,8960,0.7266,57,18.6,True
mobilenetv2,Multiply_11474,32,450,32,32,16,32,17,7,0,32,0.7767,32768,7616,0.7676,54,17.9,True
mobilenetv2,Multiply_11474,32,451,32,32,16,32,16,7,0,32,0.7812,32768,7168,0.7812,53,51.1,True
mobilenetv2,Multiply_11474,32,452,32,32,16,32,20,7,0,32,0.763,32768,8960,0.7266,57,18.7,True
mobilenetv2,Multiply_11474,32,453,32,32,16,32,17,7,0,32,0.7767,32768,7616,0.7676,54,73.4,True
mobilenetv2,Multiply_11474,32,454,32,32,16,32,16,7,0,32,0.7812,32768,7168,0.7812,53,38.5,True
mobilenetv2,Multiply_11474,32,455,32,32,16,32,20,7,0,32,0.763,32768,8960,0.7266,57,18.5,True
mobilenetv2,Multiply_11474,32,456,32,32,16,32,17,7,0,32,0.7767,32768,7616,0.7676,54,19.3,True
mobilenetv2,Multiply_11474,32,457,32,32,16,32,16,8,0,32,0.75,32768,8192,0.75,54,18.1,True
mobilenetv2,Multiply_11474,32,458,32,32,16,32,20,8,0,32,0.7292,32768,10240,0.6875,58,80.6,True
mobilenetv2,Multiply_11474,32,459,32,32,16,32,17,8,0,32,0.7448,32768,8704,0.7344,55,18.5,True
mobilenetv2,Multiply_11474,32,460,32,32,16,32,16,7,0,32,0.7812,32768,7168,0.7812,53,20.2,True
mobilenetv2,Multiply_11474,32,461,32,32,16,32,20,7,0,32,0.763,32768,8960,0.7266,57,17.5,True
mobilenetv2,Multiply_11474,32,462,32,32,16,32,17,7,0,32,0.7767,32768,7616,0.7676,54,79.2,True
mobilenetv2,Multiply_11474,32,463,32,32,16,32,16,6,0,32,0.8125,32768,6144,0.8125,52,82.5,True
mobilenetv2,Multiply_11474,32,464,32,32,16,32,20,6,0,32,0.7969,32768,7680,0.7656,56,65.5,True
mobilenetv2,Multiply_11474,32,465,32,32,16,32,17,6,0,32,0.8086,32768,6528,0.8008,53,23.8,True
mobilenetv2,Multiply_11474,32,466,32,32,16,32,16,9,0,32,0.7188,32768,9216,0.7188,55,18.0,True
mobilenetv2,Multiply_11474,32,467,32,32,16,32,20,9,0,32,0.6953,32768,11520,0.6484,59,88.7,True
mobilenetv2,Multiply_11474,32,468,32,32,16,32,17,9,0,32,0.7129,32768,9792,0.7012,56,16.9,True
mobilenetv2,Multiply_11474,32,469,32,32,16,32,16,8,0,32,0.75,32768,8192,0.75,54,21.2,True
mobilenetv2,Multiply_11474,32,470,32,32,16,32,20,8,0,32,0.7292,32768,10240,0.6875,58,38.5,True
mobilenetv2,Multiply_11474,32,471,32,32,16,32,17,8,0,32,0.7448,32768,8704,0.7344,55,55.4,True
mobilenetv2,Multiply_11474,32,472,32,32,16,32,16,8,0,32,0.75,32768,8192,0.75,54,23.5,True
mobilenetv2,Multiply_11474,32,473,32,32,16,32,20,8,0,32,0.7292,32768,10240,0.6875,58,17.7,True
mobilenetv2,Multiply_11474,32,474,32,32,16,32,17,8,0,32,0.7448,32768,8704,0.7344,55,24.4,True
mobilenetv2,Multiply_11474,32,475,32,32,16,32,16,9,0,32,0.7188,32768,9216,0.7188,55,21.8,True
mobilenetv2,Multiply_11474,32,476,32,32,16,32,20,9,0,32,0.6953,32768,11520,0.6484,59,17.7,True
mobilenetv2,Multiply_11474,32,477,32,32,16,32,17,9,0,32,0.7129,32768,9792,0.7012,56,101.5,True
mobilenetv2,Multiply_11474,32,478,32,32,16,32,16,8,0,32,0.75,32768,8192,0.75,54,28.6,True
mobilenetv2,Multiply_11474,32,479,32,32,16,32,20,8,0,32,0.7292,32768,10240,0.6875,58,17.5,True
mobilenetv2,Multiply_11474,32,480,32,32,16,32,17,8,0,32,0.7448,32768,8704,0.7344,55,17.8,True
mobilenetv2,Multiply_11474,32,481,32,32,16,32,16,7,0,32,0.7812,32768,7168,0.7812,53,17.1,True
mobilenetv2,Multiply_11474,32,482,32,32,16,32,20,7,0,32,0.763,32768,8960,0.7266,57,89.2,True
mobilenetv2,Multiply_11474,32,483,32,32,16,32,17,7,0,32,0.7767,32768,7616,0.7676,54,22.3,True
mobilenetv2,Multiply_11474,32,484,32,32,16,32,16,6,0,32,0.8125,32768,6144,0.8125,52,34.5,True
mobilenetv2,Multiply_11474,32,485,32,32,16,32,20,6,0,32,0.7969,32768,7680,0.7656,56,17.4,True
mobilenetv2,Multiply_11474,32,486,32,32,16,32,17,6,0,32,0.8086,32768,6528,0.8008,53,19.2,True
mobilenetv2,Multiply_11474,32,487,32,32,16,32,16,9,0,32,0.7188,32768,9216,0.7188,55,21.6,True
mobilenetv2,Multiply_11474,32,488,32,32,16,32,20,9,0,32,0.6953,32768,11520,0.6484,59,18.9,True
mobilenetv2,Multiply_11474,32,489,32,32,16,32,17,9,0,32,0.7129,32768,9792,0.7012,56,18.3,True
mobilenetv2,Multiply_11474,32,490,32,32,16,32,16,9,0,32,0.7188,32768,9216,0.7188,55,18.8,True
mobilenetv2,Multiply_11474,32,491,32,32,16,32,20,9,0,32,0.6953,32768,11520,0.6484,59,18.1,True
mobilenetv2,Multiply_11474,32,492,32,32,16,32,17,9,0,32,0.7129,32768,9792,0.7012,56,126.7,True
mobilenetv2,Multiply_11474,32,493,32,32,16,32,16,8,0,32,0.75,32768,8192,0.75,54,33.9,True
mobilenetv2,Multiply_11474,32,494,32,32,16,32,20,8,0,32,0.7292,32768,10240,0.6875,58,19.5,True
mobilenetv2,Multiply_11474,32,495,32,32,16,32,17,8,0,32,0.7448,32768,8704,0.7344,55,62.4,True
mobilenetv2,Multiply_11474,32,496,32,32,16,32,16,9,0,32,0.7188,32768,9216,0.7188,55,16.5,True
mobilenetv2,Multiply_11474,32,497,32,32,16,32,20,9,0,32,0.6953,32768,11520,0.6484,59,24.5,True
mobilenetv2,Multiply_11474,32,498,32,32,16,32,17,9,0,32,0.7129,32768,9792,0.7012,56,36.0,True
mobilenetv2,Multiply_11474,32,499,32,32,16,32,16,8,0,32,0.75,32768,8192,0.75,54,17.3,True
mobilenetv2,Multiply_11474,32,500,32,32,16,32,20,8,0,32,0.7292,32768,10240,0.6875,58,18.2,True
mobilenetv2,Multiply_11474,32,501,32,32,16,32,17,8,0,32,0.7448,32768,8704,0.7344,55,16.9,True
mobilenetv2,Multiply_11474,32,502,32,32,16,32,16,7,0,32,0.7812,32768,7168,0.7812,53,59.9,True
mobilenetv2,Multiply_11474,32,503,32,32,16,32,20,7,0,32,0.763,32768,8960,0.7266,57,19.2,True
mobilenetv2,Multiply_11474,32,504,32,32,16,32,17,7,0,32,0.7767,32768,7616,0.7676,54,36.8,True
mobilenetv2,Multiply_11474,32,505,32,32,16,32,16,7,0,32,0.7812,32768,7168,0.7812,53,17.1,True
mobilenetv2,Multiply_11474,32,506,32,32,16,32,20,7,0,32,0.763,32768,8960,0.7266,57,18.6,True
mobilenetv2,Multiply_11474,32,507,32,32,16,32,17,7,0,32,0.7767,32768,7616,0.7676,54,19.3,True
mobilenetv2,Multiply_11474,32,508,32,32,16,32,16,8,0,32,0.75,32768,8192,0.75,54,18.7,True
mobilenetv2,Multiply_11474,32,509,32,32,16,32,20,8,0,32,0.7292,32768,10240,0.6875,58,17.3,True
mobilenetv2,Multiply_11474,32,510,32,32,16,32,17,8,0,32,0.7448,32768,8704,0.7344,55,41.9,True
mobilenetv2,Multiply_11474,32,511,32,32,16,32,16,8,0,32,0.75,32768,8192,0.75,54,75.9,True
mobilenetv2,Multiply_11474,32,512,32,32,16,32,20,8,0,32,0.7292,32768,10240,0.6875,58,18.6,True
mobilenetv2,Multiply_11474,32,513,32,32,16,32,17,8,0,32,0.7448,32768,8704,0.7344,55,18.1,True
mobilenetv2,Multiply_11474,32,514,32,32,16,32,16,8,0,32,0.75,32768,8192,0.75,54,25.7,True
mobilenetv2,Multiply_11474,32,515,32,32,16,32,20,8,0,32,0.7292,32768,10240,0.6875,58,17.1,True
mobilenetv2,Multiply_11474,32,516,32,32,16,32,17,8,0,32,0.7448,32768,8704,0.7344,55,18.6,True
mobilenetv2,Multiply_11474,32,517,32,32,16,32,16,7,0,32,0.7812,32768,7168,0.7812,53,21.2,True
mobilenetv2,Multiply_11474,32,518,32,32,16,32,20,7,0,32,0.763,32768,8960,0.7266,57,17.4,True
mobilenetv2,Multiply_11474,32,519,32,32,16,32,17,7,0,32,0.7767,32768,7616,0.7676,54,43.5,True
mobilenetv2,Multiply_11474,32,520,32,32,16,32,16,8,0,32,0.75,32768,8192,0.75,54,43.4,True
mobilenetv2,Multiply_11474,32,521,32,32,16,32,20,8,0,32,0.7292,32768,10240,0.6875,58,17.7,True
mobilenetv2,Multiply_11474,32,522,32,32,16,32,17,8,0,32,0.7448,32768,8704,0.7344,55,19.5,True
mobilenetv2,Multiply_11474,32,523,32,32,16,32,16,7,0,32,0.7812,32768,7168,0.7812,53,20.8,True
mobilenetv2,Multiply_11474,32,524,32,32,16,32,20,7,0,32,0.763,32768,8960,0.7266,57,18.5,True
mobilenetv2,Multiply_11474,32,525,32,32,16,32,17,7,0,32,0.7767,32768,7616,0.7676,54,46.6,True
mobilenetv2,Multiply_11474,32,526,32,32,16,32,16,7,0,32,0.7812,32768,7168,0.7812,53,16.3,True
mobilenetv2,Multiply_11474,32,527,32,32,16,32,20,7,0,32,0.763,32768,8960,0.7266,57,54.0,True
mobilenetv2,Multiply_11474,32,528,32,32,16,32,17,7,0,32,0.7767,32768,7616,0.7676,54,18.2,True
mobilenetv2,Multiply_11474,32,529,32,32,16,32,16,8,0,32,0.75,32768,8192,0.75,54,19.3,True
mobilenetv2,Multiply_11474,32,530,32,32,16,32,20,8,0,32,0.7292,32768,10240,0.6875,58,38.3,True
mobilenetv2,Multiply_11474,32,531,32,32,16,32,17,8,0,32,0.7448,32768,8704,0.7344,55,49.9,True
mobilenetv2,Multiply_11474,32,532,32,32,16,32,16,8,0,32,0.75,32768,8192,0.75,54,75.8,True
mobilenetv2,Multiply_11474,32,533,32,32,16,32,20,8,0,32,0.7292,32768,10240,0.6875,58,17.5,True
mobilenetv2,Multiply_11474,32,534,32,32,16,32,17,8,0,32,0.7448,32768,8704,0.7344,55,35.0,True
mobilenetv2,Multiply_11474,32,535,32,32,16,32,16,8,0,32,0.75,32768,8192,0.75,54,17.0,True
mobilenetv2,Multiply_11474,32,536,32,32,16,32,20,8,0,32,0.7292,32768,10240,0.6875,58,17.6,True
mobilenetv2,Multiply_11474,32,537,32,32,16,32,17,8,0,32,0.7448,32768,8704,0.7344,55,46.7,True
mobilenetv2,Multiply_11474,32,538,32,32,16,32,16,8,0,32,0.75,32768,8192,0.75,54,17.7,True
mobilenetv2,Multiply_11474,32,539,32,32,16,32,20,8,0,32,0.7292,32768,10240,0.6875,58,18.8,True
mobilenetv2,Multiply_11474,32,540,32,32,16,32,17,8,0,32,0.7448,32768,8704,0.7344,55,17.8,True
mobilenetv2,Multiply_11474,32,541,32,32,16,32,16,7,0,32,0.7812,32768,7168,0.7812,53,18.5,True
mobilenetv2,Multiply_11474,32,542,32,32,16,32,20,7,0,32,0.763,32768,8960,0.7266,57,18.2,True
mobilenetv2,Multiply_11474,32,543,32,32,16,32,17,7,0,32,0.7767,32768,7616,0.7676,54,17.8,True
mobilenetv2,Multiply_11474,32,544,32,32,16,32,16,7,0,32,0.7812,32768,7168,0.7812,53,22.1,True
mobilenetv2,Multiply_11474,32,545,32,32,16,32,20,7,0,32,0.763,32768,8960,0.7266,57,16.3,True
mobilenetv2,Multiply_11474,32,546,32,32,16,32,17,7,0,32,0.7767,32768,7616,0.7676,54,218.0,True
mobilenetv2,Multiply_11474,32,547,32,32,16,32,16,8,0,32,0.75,32768,8192,0.75,54,83.5,True
mobilenetv2,Multiply_11474,32,548,32,32,16,32,20,8,0,32,0.7292,32768,10240,0.6875,58,43.4,True
mobilenetv2,Multiply_11474,32,549,32,32,16,32,17,8,0,32,0.7448,32768,8704,0.7344,55,17.9,True
mobilenetv2,Multiply_11474,32,550,32,32,16,32,16,8,0,32,0.75,32768,8192,0.75,54,23.5,True
mobilenetv2,Multiply_11474,32,551,32,32,16,32,20,8,0,32,0.7292,32768,10240,0.6875,58,38.1,True
mobilenetv2,Multiply_11474,32,552,32,32,16,32,17,8,0,32,0.7448,32768,8704,0.7344,55,17.3,True
mobilenetv2,Multiply_11474,32,553,32,32,16,32,16,8,0,32,0.75,32768,8192,0.75,54,16.9,True
mobilenetv2,Multiply_11474,32,554,32,32,16,32,20,8,0,32,0.7292,32768,10240,0.6875,58,18.5,True
mobilenetv2,Multiply_11474,32,555,32,32,16,32,17,8,0,32,0.7448,32768,8704,0.7344,55,23.6,True
mobilenetv2,Multiply_11474,32,556,32,32,16,32,16,8,0,32,0.75,32768,8192,0.75,54,69.4,True
mobilenetv2,Multiply_11474,32,557,32,32,16,32,20,8,0,32,0.7292,32768,10240,0.6875,58,36.7,True
mobilenetv2,Multiply_11474,32,558,32,32,16,32,17,8,0,32,0.7448,32768,8704,0.7344,55,17.8,True
mobilenetv2,Multiply_11474,32,559,32,32,16,32,16,9,0,32,0.7188,32768,9216,0.7188,55,20.9,True
mobilenetv2,Multiply_11474,32,560,32,32,16,32,20,9,0,32,0.6953,32768,11520,0.6484,59,19.3,True
mobilenetv2,Multiply_11474,32,561,32,32,16,32,17,9,0,32,0.7129,32768,9792,0.7012,56,33.5,True
mobilenetv2,Multiply_11474,32,562,32,32,16,32,16,8,0,32,0.75,32768,8192,0.75,54,83.5,True
mobilenetv2,Multiply_11474,32,563,32,32,16,32,20,8,0,32,0.7292,32768,10240,0.6875,58,72.3,True
mobilenetv2,Multiply_11474,32,564,32,32,16,32,17,8,0,32,0.7448,32768,8704,0.7344,55,17.9,True
mobilenetv2,Multiply_11474,32,565,32,32,16,32,16,7,0,32,0.7812,32768,7168,0.7812,53,32.2,True
mobilenetv2,Multiply_11474,32,566,32,32,16,32,20,7,0,32,0.763,32768,8960,0.7266,57,18.9,True
mobilenetv2,Multiply_11474,32,567,32,32,16,32,17,7,0,32,0.7767,32768,7616,0.7676,54,62.5,True
mobilenetv2,Multiply_11474,32,568,32,32,16,32,16,7,0,32,0.7812,32768,7168,0.7812,53,64.4,True
mobilenetv2,Multiply_11474,32,569,32,32,16,32,20,7,0,32,0.763,32768,8960,0.7266,57,18.0,True
mobilenetv2,Multiply_11474,32,570,32,32,16,32,17,7,0,32,0.7767,32768,7616,0.7676,54,18.6,True
mobilenetv2,Multiply_11474,32,571,32,32,16,32,16,7,0,32,0.7812,32768,7168,0.7812,53,18.1,True
mobilenetv2,Multiply_11474,32,572,32,32,16,32,20,7,0,32,0.763,32768,8960,0.7266,57,25.6,True
mobilenetv2,Multiply_11474,32,573,32,32,16,32,17,7,0,32,0.7767,32768,7616,0.7676,54,82.8,True
mobilenetv2,Multiply_11474,32,574,32,32,16,32,16,8,0,32,0.75,32768,8192,0.75,54,30.9,True
mobilenetv2,Multiply_11474,32,575,32,32,16,32,20,8,0,32,0.7292,32768,10240,0.6875,58,61.5,True
mobilenetv2,Multiply_11474,32,576,32,32,16,32,17,8,0,32,0.7448,32768,8704,0.7344,55,17.6,True
mobilenetv2,Multiply_11474,32,577,32,32,16,32,16,8,0,32,0.75,32768,8192,0.75,54,16.6,True
mobilenetv2,Multiply_11474,32,578,32,32,16,32,20,8,0,32,0.7292,32768,10240,0.6875,58,18.9,True
mobilenetv2,Multiply_11474,32,579,32,32,16,32,17,8,0,32,0.7448,32768,8704,0.7344,55,19.1,True
mobilenetv2,Multiply_11474,32,580,32,32,16,32,16,8,0,32,0.75,32768,8192,0.75,54,76.3,True
mobilenetv2,Multiply_11474,32,581,32,32,16,32,20,8,0,32,0.7292,32768,10240,0.6875,58,18.9,True
mobilenetv2,Multiply_11474,32,582,32,32,16,32,17,8,0,32,0.7448,32768,8704,0.7344,55,19.0,True
mobilenetv2,Multiply_11474,32,583,32,32,16,32,16,8,0,32,0.75,32768,8192,0.75,54,17.6,True
mobilenetv2,Multiply_11474,32,584,32,32,16,32,20,8,0,32,0.7292,32768,10240,0.6875,58,85.6,True
mobilenetv2,Multiply_11474,32,585,32,32,16,32,17,8,0,32,0.7448,32768,8704,0.7344,55,73.2,True
mobilenetv2,Multiply_11474,32,586,32,32,16,32,16,7,0,32,0.7812,32768,7168,0.7812,53,30.5,True
mobilenetv2,Multiply_11474,32,587,32,32,16,32,20,7,0,32,0.763,32768,8960,0.7266,57,99.5,True
mobilenetv2,Multiply_11474,32,588,32,32,16,32,17,7,0,32,0.7767,32768,7616,0.7676,54,21.3,True
mobilenetv2,Multiply_11474,32,589,32,32,16,32,16,8,0,32,0.75,32768,8192,0.75,54,22.2,True
mobilenetv2,Multiply_11474,32,590,32,32,16,32,20,8,0,32,0.7292,32768,10240,0.6875,58,80.5,True
mobilenetv2,Multiply_11474,32,591,32,32,16,32,17,8,0,32,0.7448,32768,8704,0.7344,55,17.6,True
mobilenetv2,Multiply_11474,32,592,32,32,16,32,16,8,0,32,0.75,32768,8192,0.75,54,16.8,True
mobilenetv2,Multiply_11474,32,593,32,32,16,32,20,8,0,32,0.7292,32768,10240,0.6875,58,19.1,True
mobilenetv2,Multiply_11474,32,594,32,32,16,32,17,8,0,32,0.7448,32768,8704,0.7344,55,79.8,True
mobilenetv2,Multiply_11474,32,595,32,32,16,32,16,7,0,32,0.7812,32768,7168,0.7812,53,69.0,True
mobilenetv2,Multiply_11474,32,596,32,32,16,32,20,7,0,32,0.763,32768,8960,0.7266,57,79.4,True
mobilenetv2,Multiply_11474,32,597,32,32,16,32,17,7,0,32,0.7767,32768,7616,0.7676,54,61.6,True
mobilenetv2,Multiply_11474,32,598,32,32,16,32,16,8,0,32,0.75,32768,8192,0.75,54,16.6,True
mobilenetv2,Multiply_11474,32,599,32,32,16,32,20,8,0,32,0.7292,32768,10240,0.6875,58,81.9,True
mobilenetv2,Multiply_11474,32,600,32,32,16,32,17,8,0,32,0.7448,32768,8704,0.7344,55,58.0,True
mobilenetv2,Multiply_11474,32,601,32,32,16,32,16,8,0,32,0.75,32768,8192,0.75,54,16.9,True
mobilenetv2,Multiply_11474,32,602,32,32,16,32,20,8,0,32,0.7292,32768,10240,0.6875,58,30.3,True
mobilenetv2,Multiply_11474,32,603,32,32,16,32,17,8,0,32,0.7448,32768,8704,0.7344,55,18.2,True
mobilenetv2,Multiply_11474,32,604,32,32,16,32,16,6,0,32,0.8125,32768,6144,0.8125,52,76.2,True
mobilenetv2,Multiply_11474,32,605,32,32,16,32,20,6,0,32,0.7969,32768,7680,0.7656,56,21.2,True
mobilenetv2,Multiply_11474,32,606,32,32,16,32,17,6,0,32,0.8086,32768,6528,0.8008,53,17.9,True
mobilenetv2,Multiply_11474,32,607,32,32,16,32,16,7,0,32,0.7812,32768,7168,0.7812,53,23.9,True
mobilenetv2,Multiply_11474,32,608,32,32,16,32,20,7,0,32,0.763,32768,8960,0.7266,57,81.4,True
mobilenetv2,Multiply_11474,32,609,32,32,16,32,17,7,0,32,0.7767,32768,7616,0.7676,54,89.0,True
mobilenetv2,Multiply_11474,32,610,32,32,16,32,16,7,0,32,0.7812,32768,7168,0.7812,53,28.2,True
mobilenetv2,Multiply_11474,32,611,32,32,16,32,20,7,0,32,0.763,32768,8960,0.7266,57,18.2,True
mobilenetv2,Multiply_11474,32,612,32,32,16,32,17,7,0,32,0.7767,32768,7616,0.7676,54,18.8,True
mobilenetv2,Multiply_11474,32,613,32,32,16,32,16,6,0,32,0.8125,32768,6144,0.8125,52,68.6,True
mobilenetv2,Multiply_11474,32,614,32,32,16,32,20,6,0,32,0.7969,32768,7680,0.7656,56,18.6,True
mobilenetv2,Multiply_11474,32,615,32,32,16,32,17,6,0,32,0.8086,32768,6528,0.8008,53,23.2,True
mobilenetv2,Multiply_11474,32,616,32,32,16,32,16,7,0,32,0.7812,32768,7168,0.7812,53,69.5,True
mobilenetv2,Multiply_11474,32,617,32,32,16,32,20,7,0,32,0.763,32768,8960,0.7266,57,17.9,True
mobilenetv2,Multiply_11474,32,618,32,32,16,32,17,7,0,32,0.7767,32768,7616,0.7676,54,19.1,True
mobilenetv2,Multiply_11474,32,619,32,32,16,32,16,8,0,32,0.75,32768,8192,0.75,54,17.1,True
mobilenetv2,Multiply_11474,32,620,32,32,16,32,20,8,0,32,0.7292,32768,10240,0.6875,58,87.2,True
mobilenetv2,Multiply_11474,32,621,32,32,16,32,17,8,0,32,0.7448,32768,8704,0.7344,55,61.8,True
mobilenetv2,Multiply_11474,32,622,32,32,16,32,16,6,0,32,0.8125,32768,6144,0.8125,52,38.6,True
mobilenetv2,Multiply_11474,32,623,32,32,16,32,20,6,0,32,0.7969,32768,7680,0.7656,56,17.1,True
mobilenetv2,Multiply_11474,32,624,32,32,16,32,17,6,0,32,0.8086,32768,6528,0.8008,53,17.6,True
mobilenetv2,Multiply_11474,32,625,32,32,16,32,16,7,0,32,0.7812,32768,7168,0.7812,53,20.5,True
mobilenetv2,Multiply_11474,32,626,32,32,16,32,20,7,0,32,0.763,32768,8960,0.7266,57,65.1,True
mobilenetv2,Multiply_11474,32,627,32,32,16,32,17,7,0,32,0.7767,32768,7616,0.7676,54,89.5,True
mobilenetv2,Multiply_11474,32,628,32,32,16,32,16,8,0,32,0.75,32768,8192,0.75,54,28.3,True
mobilenetv2,Multiply_11474,32,629,32,32,16,32,20,8,0,32,0.7292,32768,10240,0.6875,58,29.5,True
mobilenetv2,Multiply_11474,32,630,32,32,16,32,17,8,0,32,0.7448,32768,8704,0.7344,55,18.8,True
mobilenetv2,Multiply_11474,32,631,32,32,16,32,16,7,0,32,0.7812,32768,7168,0.7812,53,24.6,True
mobilenetv2,Multiply_11474,32,632,32,32,16,32,20,7,0,32,0.763,32768,8960,0.7266,57,20.4,True
mobilenetv2,Multiply_11474,32,633,32,32,16,32,17,7,0,32,0.7767,32768,7616,0.7676,54,38.3,True
mobilenetv2,Multiply_11474,32,634,32,32,16,32,16,6,0,32,0.8125,32768,6144,0.8125,52,48.5,True
mobilenetv2,Multiply_11474,32,635,32,32,16,32,20,6,0,32,0.7969,32768,7680,0.7656,56,17.7,True
mobilenetv2,Multiply_11474,32,636,32,32,16,32,17,6,0,32,0.8086,32768,6528,0.8008,53,33.3,True
mobilenetv2,Multiply_11474,32,637,32,32,16,32,16,8,0,32,0.75,32768,8192,0.75,54,21.0,True
mobilenetv2,Multiply_11474,32,638,32,32,16,32,20,8,0,32,0.7292,32768,10240,0.6875,58,18.5,True
mobilenetv2,Multiply_11474,32,639,32,32,16,32,17,8,0,32,0.7448,32768,8704,0.7344,55,21.8,True
mobilenetv2,Multiply_11474,32,640,32,32,16,32,16,8,0,32,0.75,32768,8192,0.75,54,36.6,True
mobilenetv2,Multiply_11474,32,641,32,32,16,32,20,8,0,32,0.7292,32768,10240,0.6875,58,20.7,True
mobilenetv2,Multiply_11474,32,642,32,32,16,32,17,8,0,32,0.7448,32768,8704,0.7344,55,17.6,True
mobilenetv2,Multiply_11474,32,643,32,32,16,32,16,6,0,32,0.8125,32768,6144,0.8125,52,21.2,True
mobilenetv2,Multiply_11474,32,644,32,32,16,32,20,6,0,32,0.7969,32768,7680,0.7656,56,20.0,True
mobilenetv2,Multiply_11474,32,645,32,32,16,32,17,6,0,32,0.8086,32768,6528,0.8008,53,19.8,True
mobilenetv2,Multiply_11474,32,646,32,32,16,32,16,7,0,32,0.7812,32768,7168,0.7812,53,30.1,True
mobilenetv2,Multiply_11474,32,647,32,32,16,32,20,7,0,32,0.763,32768,8960,0.7266,57,17.7,True
mobilenetv2,Multiply_11474,32,648,32,32,16,32,17,7,0,32,0.7767,32768,7616,0.7676,54,17.3,True
mobilenetv2,Multiply_11474,32,649,32,32,16,32,16,8,0,32,0.75,32768,8192,0.75,54,16.6,True
mobilenetv2,Multiply_11474,32,650,32,32,16,32,20,8,0,32,0.7292,32768,10240,0.6875,58,19.1,True
mobilenetv2,Multiply_11474,32,651,32,32,16,32,17,8,0,32,0.7448,32768,8704,0.7344,55,79.4,True
mobilenetv2,Multiply_11474,32,652,32,32,16,32,16,7,0,32,0.7812,32768,7168,0.7812,53,20.6,True
mobilenetv2,Multiply_11474,32,653,32,32,16,32,20,7,0,32,0.763,32768,8960,0.7266,57,37.0,True
mobilenetv2,Multiply_11474,32,654,32,32,16,32,17,7,0,32,0.7767,32768,7616,0.7676,54,17.4,True
mobilenetv2,Multiply_11474,32,655,32,32,16,32,16,6,0,32,0.8125,32768,6144,0.8125,52,16.9,True
mobilenetv2,Multiply_11474,32,656,32,32,16,32,20,6,0,32,0.7969,32768,7680,0.7656,56,52.5,True
mobilenetv2,Multiply_11474,32,657,32,32,16,32,17,6,0,32,0.8086,32768,6528,0.8008,53,17.8,True
mobilenetv2,Multiply_11474,32,658,32,32,16,32,16,7,0,32,0.7812,32768,7168,0.7812,53,39.6,True
mobilenetv2,Multiply_11474,32,659,32,32,16,32,20,7,0,32,0.763,32768,8960,0.7266,57,17.2,True
mobilenetv2,Multiply_11474,32,660,32,32,16,32,17,7,0,32,0.7767,32768,7616,0.7676,54,18.1,True
mobilenetv2,Multiply_11474,32,661,32,32,16,32,16,8,0,32,0.75,32768,8192,0.75,54,23.5,True
mobilenetv2,Multiply_11474,32,662,32,32,16,32,20,8,0,32,0.7292,32768,10240,0.6875,58,71.1,True
mobilenetv2,Multiply_11474,32,663,32,32,16,32,17,8,0,32,0.7448,32768,8704,0.7344,55,18.8,True
mobilenetv2,Multiply_11474,32,664,32,32,16,32,16,6,0,32,0.8125,32768,6144,0.8125,52,76.6,True
mobilenetv2,Multiply_11474,32,665,32,32,16,32,20,6,0,32,0.7969,32768,7680,0.7656,56,18.8,True
mobilenetv2,Multiply_11474,32,666,32,32,16,32,17,6,0,32,0.8086,32768,6528,0.8008,53,17.6,True
mobilenetv2,Multiply_11474,32,667,32,32,16,32,16,9,0,32,0.7188,32768,9216,0.7188,55,16.4,True
mobilenetv2,Multiply_11474,32,668,32,32,16,32,20,9,0,32,0.6953,32768,11520,0.6484,59,23.8,True
mobilenetv2,Multiply_11474,32,669,32,32,16,32,17,9,0,32,0.7129,32768,9792,0.7012,56,18.8,True
mobilenetv2,Multiply_11474,32,670,32,32,16,32,16,8,0,32,0.75,32768,8192,0.75,54,76.3,True
mobilenetv2,Multiply_11474,32,671,32,32,16,32,20,8,0,32,0.7292,32768,10240,0.6875,58,18.2,True
mobilenetv2,Multiply_11474,32,672,32,32,16,32,17,8,0,32,0.7448,32768,8704,0.7344,55,62.6,True
mobilenetv2,Multiply_11474,32,673,32,32,16,32,16,7,0,32,0.7812,32768,7168,0.7812,53,39.1,True
mobilenetv2,Multiply_11474,32,674,32,32,16,32,20,7,0,32,0.763,32768,8960,0.7266,57,18.7,True
mobilenetv2,Multiply_11474,32,675,32,32,16,32,17,7,0,32,0.7767,32768,7616,0.7676,54,19.0,True
mobilenetv2,Multiply_11474,32,676,32,32,16,32,16,8,0,32,0.75,32768,8192,0.75,54,69.9,True
mobilenetv2,Multiply_11474,32,677,32,32,16,32,20,8,0,32,0.7292,32768,10240,0.6875,58,99.7,True
mobilenetv2,Multiply_11474,32,678,32,32,16,32,17,8,0,32,0.7448,32768,8704,0.7344,55,17.5,True
mobilenetv2,Multiply_11474,32,679,32,32,16,32,16,8,0,32,0.75,32768,8192,0.75,54,17.0,True
mobilenetv2,Multiply_11474,32,680,32,32,16,32,20,8,0,32,0.7292,32768,10240,0.6875,58,19.0,True
mobilenetv2,Multiply_11474,32,681,32,32,16,32,17,8,0,32,0.7448,32768,8704,0.7344,55,113.8,True
mobilenetv2,Multiply_11474,32,682,32,32,16,32,16,8,0,32,0.75,32768,8192,0.75,54,18.5,True
mobilenetv2,Multiply_11474,32,683,32,32,16,32,20,8,0,32,0.7292,32768,10240,0.6875,58,79.8,True
mobilenetv2,Multiply_11474,32,684,32,32,16,32,17,8,0,32,0.7448,32768,8704,0.7344,55,16.8,True
mobilenetv2,Multiply_11474,32,685,32,32,16,32,16,6,0,32,0.8125,32768,6144,0.8125,52,50.5,True
mobilenetv2,Multiply_11474,32,686,32,32,16,32,20,6,0,32,0.7969,32768,7680,0.7656,56,31.4,True
mobilenetv2,Multiply_11474,32,687,32,32,16,32,17,6,0,32,0.8086,32768,6528,0.8008,53,60.6,True
mobilenetv2,Multiply_11474,32,688,32,32,16,32,16,9,0,32,0.7188,32768,9216,0.7188,55,22.3,True
mobilenetv2,Multiply_11474,32,689,32,32,16,32,20,9,0,32,0.6953,32768,11520,0.6484,59,18.1,True
mobilenetv2,Multiply_11474,32,690,32,32,16,32,17,9,0,32,0.7129,32768,9792,0.7012,56,75.6,True
mobilenetv2,Multiply_11474,32,691,32,32,16,32,16,7,0,32,0.7812,32768,7168,0.7812,53,17.3,True
mobilenetv2,Multiply_11474,32,692,32,32,16,32,20,7,0,32,0.763,32768,8960,0.7266,57,18.7,True
mobilenetv2,Multiply_11474,32,693,32,32,16,32,17,7,0,32,0.7767,32768,7616,0.7676,54,18.2,True
mobilenetv2,Multiply_11474,32,694,32,32,16,32,16,7,0,32,0.7812,32768,7168,0.7812,53,19.5,True
mobilenetv2,Multiply_11474,32,695,32,32,16,32,20,7,0,32,0.763,32768,8960,0.7266,57,86.8,True
mobilenetv2,Multiply_11474,32,696,32,32,16,32,17,7,0,32,0.7767,32768,7616,0.7676,54,17.9,True
mobilenetv2,Multiply_11474,32,697,32,32,16,32,16,8,0,32,0.75,32768,8192,0.75,54,21.2,True
mobilenetv2,Multiply_11474,32,698,32,32,16,32,20,8,0,32,0.7292,32768,10240,0.6875,58,21.2,True
mobilenetv2,Multiply_11474,32,699,32,32,16,32,17,8,0,32,0.7448,32768,8704,0.7344,55,67.1,True
mobilenetv2,Multiply_11474,32,700,32,32,16,32,16,8,0,32,0.75,32768,8192,0.75,54,20.7,True
mobilenetv2,Multiply_11474,32,701,32,32,16,32,20,8,0,32,0.7292,32768,10240,0.6875,58,17.5,True
mobilenetv2,Multiply_11474,32,702,32,32,16,32,17,8,0,32,0.7448,32768,8704,0.7344,55,17.6,True
mobilenetv2,Multiply_11474,32,703,32,32,16,32,16,8,0,32,0.75,32768,8192,0.75,54,55.0,True
mobilenetv2,Multiply_11474,32,704,32,32,16,32,20,8,0,32,0.7292,32768,10240,0.6875,58,89.5,True
mobilenetv2,Multiply_11474,32,705,32,32,16,32,17,8,0,32,0.7448,32768,8704,0.7344,55,18.7,True
mobilenetv2,Multiply_11474,32,706,32,32,16,32,16,6,0,32,0.8125,32768,6144,0.8125,52,18.6,True
mobilenetv2,Multiply_11474,32,707,32,32,16,32,20,6,0,32,0.7969,32768,7680,0.7656,56,81.6,True
mobilenetv2,Multiply_11474,32,708,32,32,16,32,17,6,0,32,0.8086,32768,6528,0.8008,53,21.1,True
mobilenetv2,Multiply_11474,32,709,32,32,16,32,16,9,0,32,0.7188,32768,9216,0.7188,55,22.6,True
mobilenetv2,Multiply_11474,32,710,32,32,16,32,20,9,0,32,0.6953,32768,11520,0.6484,59,19.2,True
mobilenetv2,Multiply_11474,32,711,32,32,16,32,17,9,0,32,0.7129,32768,9792,0.7012,56,25.0,True
mobilenetv2,Multiply_11474,32,712,32,32,16,32,16,9,0,32,0.7188,32768,9216,0.7188,55,18.5,True
mobilenetv2,Multiply_11474,32,713,32,32,16,32,20,9,0,32,0.6953,32768,11520,0.6484,59,46.8,True
mobilenetv2,Multiply_11474,32,714,32,32,16,32,17,9,0,32,0.7129,32768,9792,0.7012,56,80.2,True
mobilenetv2,Multiply_11474,32,715,32,32,16,32,16,7,0,32,0.7812,32768,7168,0.7812,53,77.6,True
mobilenetv2,Multiply_11474,32,716,32,32,16,32,20,7,0,32,0.763,32768,8960,0.7266,57,17.3,True
mobilenetv2,Multiply_11474,32,717,32,32,16,32,17,7,0,32,0.7767,32768,7616,0.7676,54,31.0,True
mobilenetv2,Multiply_11474,32,718,32,32,16,32,16,9,0,32,0.7188,32768,9216,0.7188,55,17.4,True
mobilenetv2,Multiply_11474,32,719,32,32,16,32,20,9,0,32,0.6953,32768,11520,0.6484,59,27.9,True
mobilenetv2,Multiply_11474,32,720,32,32,16,32,17,9,0,32,0.7129,32768,9792,0.7012,56,19.6,True
mobilenetv2,Multiply_11474,32,721,32,32,16,32,16,9,0,32,0.7188,32768,9216,0.7188,55,20.2,True
mobilenetv2,Multiply_11474,32,722,32,32,16,32,20,9,0,32,0.6953,32768,11520,0.6484,59,47.4,True
mobilenetv2,Multiply_11474,32,723,32,32,16,32,17,9,0,32,0.7129,32768,9792,0.7012,56,71.7,True
mobilenetv2,Multiply_11474,32,724,32,32,16,32,16,8,0,32,0.75,32768,8192,0.75,54,21.7,True
mobilenetv2,Multiply_11474,32,725,32,32,16,32,20,8,0,32,0.7292,32768,10240,0.6875,58,38.4,True
mobilenetv2,Multiply_11474,32,726,32,32,16,32,17,8,0,32,0.7448,32768,8704,0.7344,55,17.5,True
mobilenetv2,Multiply_11474,32,727,32,32,16,32,16,8,0,32,0.75,32768,8192,0.75,54,93.2,True
mobilenetv2,Multiply_11474,32,728,32,32,16,32,20,8,0,32,0.7292,32768,10240,0.6875,58,17.5,True
mobilenetv2,Multiply_11474,32,729,32,32,16,32,17,8,0,32,0.7448,32768,8704,0.7344,55,19.1,True
mobilenetv2,Multiply_11474,32,730,32,32,16,32,16,9,0,32,0.7188,32768,9216,0.7188,55,19.0,True
mobilenetv2,Multiply_11474,32,731,32,32,16,32,20,9,0,32,0.6953,32768,11520,0.6484,59,18.5,True
mobilenetv2,Multiply_11474,32,732,32,32,16,32,17,9,0,32,0.7129,32768,9792,0.7012,56,17.7,True
mobilenetv2,Multiply_11474,32,733,32,32,16,32,16,7,0,32,0.7812,32768,7168,0.7812,53,19.5,True
mobilenetv2,Multiply_11474,32,734,32,32,16,32,20,7,0,32,0.763,32768,8960,0.7266,57,78.1,True
mobilenetv2,Multiply_11474,32,735,32,32,16,32,17,7,0,32,0.7767,32768,7616,0.7676,54,54.0,True
mobilenetv2,Multiply_11474,32,736,32,32,16,32,16,7,0,32,0.7812,32768,7168,0.7812,53,48.7,True
mobilenetv2,Multiply_11474,32,737,32,32,16,32,20,7,0,32,0.763,32768,8960,0.7266,57,18.7,True
mobilenetv2,Multiply_11474,32,738,32,32,16,32,17,7,0,32,0.7767,32768,7616,0.7676,54,19.1,True
mobilenetv2,Multiply_11474,32,739,32,32,16,32,16,8,0,32,0.75,32768,8192,0.75,54,18.6,True
mobilenetv2,Multiply_11474,32,740,32,32,16,32,20,8,0,32,0.7292,32768,10240,0.6875,58,19.2,True
mobilenetv2,Multiply_11474,32,742,32,32,16,32,16,8,0,32,0.75,32768,8192,0.75,54,95.2,True
mobilenetv2,Multiply_11474,32,743,32,32,16,32,20,8,0,32,0.7292,32768,10240,0.6875,58,17.6,True
mobilenetv2,Multiply_11474,32,744,32,32,16,32,17,8,0,32,0.7448,32768,8704,0.7344,55,20.8,True
mobilenetv2,Multiply_11474,32,745,32,32,16,32,16,8,0,32,0.75,32768,8192,0.75,54,16.6,True
mobilenetv2,Multiply_11474,32,746,32,32,16,32,20,8,0,32,0.7292,32768,10240,0.6875,58,18.6,True
mobilenetv2,Multiply_11474,32,747,32,32,16,32,17,8,0,32,0.7448,32768,8704,0.7344,55,88.5,True
mobilenetv2,Multiply_11474,32,748,32,32,16,32,16,8,0,32,0.75,32768,8192,0.75,54,15.9,True
mobilenetv2,Multiply_11474,32,749,32,32,16,32,20,8,0,32,0.7292,32768,10240,0.6875,58,50.0,True
mobilenetv2,Multiply_11474,32,750,32,32,16,32,17,8,0,32,0.7448,32768,8704,0.7344,55,66.2,True
mobilenetv2,Multiply_11474,32,751,32,32,16,32,16,9,0,32,0.7188,32768,9216,0.7188,55,17.1,True
mobilenetv2,Multiply_11474,32,752,32,32,16,32,20,9,0,32,0.6953,32768,11520,0.6484,59,17.7,True
mobilenetv2,Multiply_11474,32,753,32,32,16,32,17,9,0,32,0.7129,32768,9792,0.7012,56,42.2,True
mobilenetv2,Multiply_11474,32,754,32,32,16,32,16,7,0,32,0.7812,32768,7168,0.7812,53,77.5,True
mobilenetv2,Multiply_11474,32,755,32,32,16,32,20,7,0,32,0.763,32768,8960,0.7266,57,30.3,True
mobilenetv2,Multiply_11474,32,756,32,32,16,32,17,7,0,32,0.7767,32768,7616,0.7676,54,21.6,True
mobilenetv2,Multiply_11474,32,757,32,32,16,32,16,7,0,32,0.7812,32768,7168,0.7812,53,21.1,True
mobilenetv2,Multiply_11474,32,758,32,32,16,32,20,7,0,32,0.763,32768,8960,0.7266,57,17.4,True
mobilenetv2,Multiply_11474,32,759,32,32,16,32,17,7,0,32,0.7767,32768,7616,0.7676,54,18.2,True
mobilenetv2,Multiply_11474,32,760,32,32,16,32,16,9,0,32,0.7188,32768,9216,0.7188,55,18.3,True
mobilenetv2,Multiply_11474,32,761,32,32,16,32,20,9,0,32,0.6953,32768,11520,0.6484,59,17.1,True
mobilenetv2,Multiply_11474,32,762,32,32,16,32,17,9,0,32,0.7129,32768,9792,0.7012,56,18.0,True
mobilenetv2,Multiply_11474,32,763,32,32,16,32,16,9,0,32,0.7188,32768,9216,0.7188,55,26.2,True
mobilenetv2,Multiply_11474,32,764,32,32,16,32,20,9,0,32,0.6953,32768,11520,0.6484,59,79.7,True
mobilenetv2,Multiply_11474,32,765,32,32,16,32,17,9,0,32,0.7129,32768,9792,0.7012,56,17.6,True
mobilenetv2,Multiply_11474,32,766,32,32,16,32,16,8,0,32,0.75,32768,8192,0.75,54,16.9,True
mobilenetv2,Multiply_11474,32,767,32,32,16,32,20,8,0,32,0.7292,32768,10240,0.6875,58,17.4,True
mobilenetv2,Multiply_11474,32,768,32,32,16,32,17,8,0,32,0.7448,32768,8704,0.7344,55,88.3,True
mobilenetv2,Multiply_11474,32,769,32,32,16,32,16,6,0,32,0.8125,32768,6144,0.8125,52,21.3,True
mobilenetv2,Multiply_11474,32,770,32,32,16,32,20,6,0,32,0.7969,32768,7680,0.7656,56,79.0,True
mobilenetv2,Multiply_11474,32,771,32,32,16,32,17,6,0,32,0.8086,32768,6528,0.8008,53,17.2,True
mobilenetv2,Multiply_11474,32,772,32,32,16,32,16,9,0,32,0.7188,32768,9216,0.7188,55,18.9,True
mobilenetv2,Multiply_11474,32,773,32,32,16,32,20,9,0,32,0.6953,32768,11520,0.6484,59,18.0,True
mobilenetv2,Multiply_11474,32,774,32,32,16,32,17,9,0,32,0.7129,32768,9792,0.7012,56,18.4,True
mobilenetv2,Multiply_11474,32,775,32,32,16,32,16,7,0,32,0.7812,32768,7168,0.7812,53,19.0,True
mobilenetv2,Multiply_11474,32,776,32,32,16,32,20,7,0,32,0.763,32768,8960,0.7266,57,33.7,True
mobilenetv2,Multiply_11474,32,777,32,32,16,32,17,7,0,32,0.7767,32768,7616,0.7676,54,18.7,True
mobilenetv2,Multiply_11474,32,778,32,32,16,32,16,7,0,32,0.7812,32768,7168,0.7812,53,18.9,True
mobilenetv2,Multiply_11474,32,779,32,32,16,32,20,7,0,32,0.763,32768,8960,0.7266,57,19.3,True
mobilenetv2,Multiply_11474,32,780,32,32,16,32,17,7,0,32,0.7767,32768,7616,0.7676,54,86.6,True
mobilenetv2,Multiply_11474,32,781,32,32,16,32,16,8,0,32,0.75,32768,8192,0.75,54,21.1,True
mobilenetv2,Multiply_11474,32,782,32,32,16,32,20,8,0,32,0.7292,32768,10240,0.6875,58,34.9,True
mobilenetv2,Multiply_11474,32,783,32,32,16,32,17,8,0,32,0.7448,32768,8704,0.7344,55,17.0,True
mobilenetv2,Multiply_11474,32,784,32,32,16,32,16,7,0,32,0.7812,32768,7168,0.7812,53,40.4,True
mobilenetv2,Multiply_11474,32,785,32,32,16,32,20,7,0,32,0.763,32768,8960,0.7266,57,19.0,True
mobilenetv2,Multiply_11474,32,786,32,32,16,32,17,7,0,32,0.7767,32768,7616,0.7676,54,89.5,True
mobilenetv2,Multiply_11474,32,787,32,32,16,32,16,8,0,32,0.75,32768,8192,0.75,54,16.1,True
mobilenetv2,Multiply_11474,32,788,32,32,16,32,20,8,0,32,0.7292,32768,10240,0.6875,58,17.7,True
mobilenetv2,Multiply_11474,32,789,32,32,16,32,17,8,0,32,0.7448,32768,8704,0.7344,55,80.5,True
mobilenetv2,Multiply_11474,32,790,32,32,16,32,16,6,0,32,0.8125,32768,6144,0.8125,52,84.2,True
mobilenetv2,Multiply_11474,32,791,32,32,16,32,20,6,0,32,0.7969,32768,7680,0.7656,56,17.9,True
mobilenetv2,Multiply_11474,32,792,32,32,16,32,17,6,0,32,0.8086,32768,6528,0.8008,53,17.4,True
mobilenetv2,Multiply_11474,32,793,32,32,16,32,16,9,0,32,0.7188,32768,9216,0.7188,55,17.3,True
mobilenetv2,Multiply_11474,32,794,32,32,16,32,20,9,0,32,0.6953,32768,11520,0.6484,59,17.0,True
mobilenetv2,Multiply_11474,32,795,32,32,16,32,17,9,0,32,0.7129,32768,9792,0.7012,56,17.9,True
mobilenetv2,Multiply_11474,32,796,32,32,16,32,16,7,0,32,0.7812,32768,7168,0.7812,53,24.0,True
mobilenetv2,Multiply_11474,32,797,32,32,16,32,20,7,0,32,0.763,32768,8960,0.7266,57,20.0,True
mobilenetv2,Multiply_11474,32,798,32,32,16,32,17,7,0,32,0.7767,32768,7616,0.7676,54,21.3,True
mobilenetv2,Multiply_11474,32,799,32,32,16,32,16,7,0,32,0.7812,32768,7168,0.7812,53,76.7,True
mobilenetv2,Multiply_11474,32,800,32,32,16,32,20,7,0,32,0.763,32768,8960,0.7266,57,17.4,True
mobilenetv2,Multiply_11474,32,801,32,32,16,32,17,7,0,32,0.7767,32768,7616,0.7676,54,18.2,True
mobilenetv2,Multiply_11474,32,802,32,32,16,32,16,9,0,32,0.7188,32768,9216,0.7188,55,17.3,True
mobilenetv2,Multiply_11474,32,803,32,32,16,32,20,9,0,32,0.6953,32768,11520,0.6484,59,88.2,True
mobilenetv2,Multiply_11474,32,804,32,32,16,32,17,9,0,32,0.7129,32768,9792,0.7012,56,21.0,True
mobilenetv2,Multiply_11474,32,805,32,32,16,32,16,7,0,32,0.7812,32768,7168,0.7812,53,17.9,True
mobilenetv2,Multiply_11474,32,806,32,32,16,32,20,7,0,32,0.763,32768,8960,0.7266,57,19.6,True
mobilenetv2,Multiply_11474,32,807,32,32,16,32,17,7,0,32,0.7767,32768,7616,0.7676,54,18.4,True
mobilenetv2,Multiply_11474,32,808,32,32,16,32,16,9,0,32,0.7188,32768,9216,0.7188,55,21.0,True
mobilenetv2,Multiply_11474,32,809,32,32,16,32,20,9,0,32,0.6953,32768,11520,0.6484,59,45.6,True
mobilenetv2,Multiply_11474,32,810,32,32,16,32,17,9,0,32,0.7129,32768,9792,0.7012,56,51.7,True
mobilenetv2,Multiply_11474,32,811,32,32,16,32,16,7,0,32,0.7812,32768,7168,0.7812,53,70.8,True
mobilenetv2,Multiply_11474,32,812,32,32,16,32,20,7,0,32,0.763,32768,8960,0.7266,57,88.9,True
mobilenetv2,Multiply_11474,32,813,32,32,16,32,17,7,0,32,0.7767,32768,7616,0.7676,54,18.1,True
mobilenetv2,Multiply_11474,32,814,32,32,16,32,16,9,0,32,0.7188,32768,9216,0.7188,55,20.5,True
mobilenetv2,Multiply_11474,32,815,32,32,16,32,20,9,0,32,0.6953,32768,11520,0.6484,59,18.1,True
mobilenetv2,Multiply_11474,32,816,32,32,16,32,17,9,0,32,0.7129,32768,9792,0.7012,56,18.2,True
mobilenetv2,Multiply_11474,32,817,32,32,16,32,16,7,0,32,0.7812,32768,7168,0.7812,53,58.2,True
mobilenetv2,Multiply_11474,32,818,32,32,16,32,20,7,0,32,0.763,32768,8960,0.7266,57,17.3,True
mobilenetv2,Multiply_11474,32,819,32,32,16,32,17,7,0,32,0.7767,32768,7616,0.7676,54,17.8,True
mobilenetv2,Multiply_11474,32,820,32,32,16,32,16,7,0,32,0.7812,32768,7168,0.7812,53,23.1,True
mobilenetv2,Multiply_11474,32,821,32,32,16,32,20,7,0,32,0.763,32768,8960,0.7266,57,17.4,True
mobilenetv2,Multiply_11474,32,822,32,32,16,32,17,7,0,32,0.7767,32768,7616,0.7676,54,18.4,True
mobilenetv2,Multiply_11474,32,823,32,32,16,32,16,8,0,32,0.75,32768,8192,0.75,54,32.3,True
mobilenetv2,Multiply_11474,32,824,32,32,16,32,20,8,0,32,0.7292,32768,10240,0.6875,58,53.6,True
mobilenetv2,Multiply_11474,32,825,32,32,16,32,17,8,0,32,0.7448,32768,8704,0.7344,55,79.7,True
mobilenetv2,Multiply_11474,32,826,32,32,16,32,16,7,0,32,0.7812,32768,7168,0.7812,53,17.3,True
mobilenetv2,Multiply_11474,32,827,32,32,16,32,20,7,0,32,0.763,32768,8960,0.7266,57,17.7,True
mobilenetv2,Multiply_11474,32,828,32,32,16,32,17,7,0,32,0.7767,32768,7616,0.7676,54,71.8,True
mobilenetv2,Multiply_11474,32,829,32,32,16,32,16,8,0,32,0.75,32768,8192,0.75,54,22.2,True
mobilenetv2,Multiply_11474,32,830,32,32,16,32,20,8,0,32,0.7292,32768,10240,0.6875,58,16.7,True
mobilenetv2,Multiply_11474,32,831,32,32,16,32,17,8,0,32,0.7448,32768,8704,0.7344,55,29.1,True
mobilenetv2,Multiply_11474,32,832,32,32,16,32,16,6,0,32,0.8125,32768,6144,0.8125,52,17.3,True
mobilenetv2,Multiply_11474,32,833,32,32,16,32,20,6,0,32,0.7969,32768,7680,0.7656,56,17.2,True
mobilenetv2,Multiply_11474,32,834,32,32,16,32,17,6,0,32,0.8086,32768,6528,0.8008,53,18.1,True
mobilenetv2,Multiply_11474,32,835,32,32,16,32,16,9,0,32,0.7188,32768,9216,0.7188,55,21.6,True
mobilenetv2,Multiply_11474,32,836,32,32,16,32,20,9,0,32,0.6953,32768,11520,0.6484,59,18.4,True
mobilenetv2,Multiply_11474,32,837,32,32,16,32,17,9,0,32,0.7129,32768,9792,0.7012,56,70.0,True
mobilenetv2,Multiply_11474,32,838,32,32,16,32,16,7,0,32,0.7812,32768,7168,0.7812,53,26.1,True
mobilenetv2,Multiply_11474,32,839,32,32,16,32,20,7,0,32,0.763,32768,8960,0.7266,57,22.1,True
mobilenetv2,Multiply_11474,32,840,32,32,16,32,17,7,0,32,0.7767,32768,7616,0.7676,54,19.5,True
mobilenetv2,Multiply_11474,32,841,32,32,16,32,16,7,0,32,0.7812,32768,7168,0.7812,53,27.6,True
mobilenetv2,Multiply_11474,32,842,32,32,16,32,20,7,0,32,0.763,32768,8960,0.7266,57,18.4,True
mobilenetv2,Multiply_11474,32,843,32,32,16,32,17,7,0,32,0.7767,32768,7616,0.7676,54,91.7,True
mobilenetv2,Multiply_11474,32,844,32,32,16,32,16,7,0,32,0.7812,32768,7168,0.7812,53,21.3,True
mobilenetv2,Multiply_11474,32,845,32,32,16,32,20,7,0,32,0.763,32768,8960,0.7266,57,17.2,True
mobilenetv2,Multiply_11474,32,846,32,32,16,32,17,7,0,32,0.7767,32768,7616,0.7676,54,31.2,True
mobilenetv2,Multiply_11474,32,847,32,32,16,32,16,8,0,32,0.75,32768,8192,0.75,54,64.2,True
mobilenetv2,Multiply_11474,32,848,32,32,16,32,20,8,0,32,0.7292,32768,10240,0.6875,58,17.3,True
mobilenetv2,Multiply_11474,32,849,32,32,16,32,17,8,0,32,0.7448,32768,8704,0.7344,55,16.9,True
mobilenetv2,Multiply_11474,32,850,32,32,16,32,16,8,0,32,0.75,32768,8192,0.75,54,21.3,True
mobilenetv2,Multiply_11474,32,851,32,32,16,32,20,8,0,32,0.7292,32768,10240,0.6875,58,17.0,True
mobilenetv2,Multiply_11474,32,852,32,32,16,32,17,8,0,32,0.7448,32768,8704,0.7344,55,88.6,True
mobilenetv2,Multiply_11474,32,853,32,32,16,32,16,7,0,32,0.7812,32768,7168,0.7812,53,21.8,True
mobilenetv2,Multiply_11474,32,854,32,32,16,32,20,7,0,32,0.763,32768,8960,0.7266,57,27.3,True
mobilenetv2,Multiply_11474,32,855,32,32,16,32,17,7,0,32,0.7767,32768,7616,0.7676,54,31.7,True
mobilenetv2,Multiply_11474,32,856,32,32,16,32,16,7,0,32,0.7812,32768,7168,0.7812,53,18.0,True
mobilenetv2,Multiply_11474,32,857,32,32,16,32,20,7,0,32,0.763,32768,8960,0.7266,57,18.4,True
mobilenetv2,Multiply_11474,32,858,32,32,16,32,17,7,0,32,0.7767,32768,7616,0.7676,54,21.5,True
mobilenetv2,Multiply_11474,32,859,32,32,16,32,16,7,0,32,0.7812,32768,7168,0.7812,53,16.5,True
mobilenetv2,Multiply_11474,32,860,32,32,16,32,20,7,0,32,0.763,32768,8960,0.7266,57,17.3,True
mobilenetv2,Multiply_11474,32,861,32,32,16,32,17,7,0,32,0.7767,32768,7616,0.7676,54,25.6,True
mobilenetv2,Multiply_11474,32,862,32,32,16,32,16,7,0,32,0.7812,32768,7168,0.7812,53,17.2,True
mobilenetv2,Multiply_11474,32,863,32,32,16,32,20,7,0,32,0.763,32768,8960,0.7266,57,18.4,True
mobilenetv2,Multiply_11474,32,864,32,32,16,32,17,7,0,32,0.7767,32768,7616,0.7676,54,19.5,True
mobilenetv2,Multiply_11474,32,865,32,32,16,32,16,9,0,32,0.7188,32768,9216,0.7188,55,17.6,True
mobilenetv2,Multiply_11474,32,866,32,32,16,32,20,9,0,32,0.6953,32768,11520,0.6484,59,18.9,True
mobilenetv2,Multiply_11474,32,867,32,32,16,32,17,9,0,32,0.7129,32768,9792,0.7012,56,79.9,True
mobilenetv2,Multiply_11474,32,868,32,32,16,32,16,8,0,32,0.75,32768,8192,0.75,54,18.5,True
mobilenetv2,Multiply_11474,32,869,32,32,16,32,20,8,0,32,0.7292,32768,10240,0.6875,58,17.9,True
mobilenetv2,Multiply_11474,32,870,32,32,16,32,17,8,0,32,0.7448,32768,8704,0.7344,55,23.1,True
mobilenetv2,Multiply_11474,32,871,32,32,16,32,16,8,0,32,0.75,32768,8192,0.75,54,23.1,True
mobilenetv2,Multiply_11474,32,872,32,32,16,32,20,8,0,32,0.7292,32768,10240,0.6875,58,30.7,True
mobilenetv2,Multiply_11474,32,873,32,32,16,32,17,8,0,32,0.7448,32768,8704,0.7344,55,18.5,True
mobilenetv2,Multiply_11474,32,874,32,32,16,32,16,7,0,32,0.7812,32768,7168,0.7812,53,80.7,True
mobilenetv2,Multiply_11474,32,875,32,32,16,32,20,7,0,32,0.763,32768,8960,0.7266,57,20.5,True
mobilenetv2,Multiply_11474,32,876,32,32,16,32,17,7,0,32,0.7767,32768,7616,0.7676,54,18.6,True
mobilenetv2,Multiply_11474,32,877,32,32,16,32,16,9,0,32,0.7188,32768,9216,0.7188,55,16.6,True
mobilenetv2,Multiply_11474,32,878,32,32,16,32,20,9,0,32,0.6953,32768,11520,0.6484,59,19.4,True
mobilenetv2,Multiply_11474,32,879,32,32,16,32,17,9,0,32,0.7129,32768,9792,0.7012,56,30.9,True
mobilenetv2,Multiply_11474,32,880,32,32,16,32,16,7,0,32,0.7812,32768,7168,0.7812,53,16.4,True
mobilenetv2,Multiply_11474,32,881,32,32,16,32,20,7,0,32,0.763,32768,8960,0.7266,57,19.0,True
mobilenetv2,Multiply_11474,32,882,32,32,16,32,17,7,0,32,0.7767,32768,7616,0.7676,54,36.8,True
mobilenetv2,Multiply_11474,32,883,32,32,16,32,16,7,0,32,0.7812,32768,7168,0.7812,53,16.6,True
mobilenetv2,Multiply_11474,32,884,32,32,16,32,20,7,0,32,0.763,32768,8960,0.7266,57,42.5,True
mobilenetv2,Multiply_11474,32,885,32,32,16,32,17,7,0,32,0.7767,32768,7616,0.7676,54,19.4,True
mobilenetv2,Multiply_11474,32,886,32,32,16,32,16,9,0,32,0.7188,32768,9216,0.7188,55,18.0,True
mobilenetv2,Multiply_11474,32,887,32,32,16,32,20,9,0,32,0.6953,32768,11520,0.6484,59,18.9,True
mobilenetv2,Multiply_11474,32,888,32,32,16,32,17,9,0,32,0.7129,32768,9792,0.7012,56,18.6,True
mobilenetv2,Multiply_11474,32,889,32,32,16,32,16,9,0,32,0.7188,32768,9216,0.7188,55,68.6,True
mobilenetv2,Multiply_11474,32,890,32,32,16,32,20,9,0,32,0.6953,32768,11520,0.6484,59,31.5,True
mobilenetv2,Multiply_11474,32,891,32,32,16,32,17,9,0,32,0.7129,32768,9792,0.7012,56,22.0,True
mobilenetv2,Multiply_11474,32,892,32,32,16,32,16,8,0,32,0.75,32768,8192,0.75,54,199.3,True
mobilenetv2,Multiply_11474,32,893,32,32,16,32,20,8,0,32,0.7292,32768,10240,0.6875,58,80.1,True
mobilenetv2,Multiply_11474,32,894,32,32,16,32,17,8,0,32,0.7448,32768,8704,0.7344,55,17.9,True
mobilenetv2,Multiply_11474,32,895,32,32,16,32,16,7,0,32,0.7812,32768,7168,0.7812,53,40.2,True
mobilenetv2,Multiply_11474,32,896,32,32,16,32,20,7,0,32,0.763,32768,8960,0.7266,57,17.4,True
mobilenetv2,Multiply_11474,32,897,32,32,16,32,17,7,0,32,0.7767,32768,7616,0.7676,54,18.8,True
mobilenetv2,Multiply_11474,32,898,32,32,16,32,16,8,0,32,0.75,32768,8192,0.75,54,16.7,True
mobilenetv2,Multiply_11474,32,899,32,32,16,32,20,8,0,32,0.7292,32768,10240,0.6875,58,17.8,True
mobilenetv2,Multiply_11474,32,900,32,32,16,32,17,8,0,32,0.7448,32768,8704,0.7344,55,26.3,True
mobilenetv2,Multiply_11474,32,901,32,32,16,32,16,7,0,32,0.7812,32768,7168,0.7812,53,18.5,True
mobilenetv2,Multiply_11474,32,902,32,32,16,32,20,7,0,32,0.763,32768,8960,0.7266,57,88.6,True
mobilenetv2,Multiply_11474,32,903,32,32,16,32,17,7,0,32,0.7767,32768,7616,0.7676,54,17.9,True
mobilenetv2,Multiply_11474,32,904,32,32,16,32,16,7,0,32,0.7812,32768,7168,0.7812,53,85.6,True
mobilenetv2,Multiply_11474,32,905,32,32,16,32,20,7,0,32,0.763,32768,8960,0.7266,57,40.3,True
mobilenetv2,Multiply_11474,32,906,32,32,16,32,17,7,0,32,0.7767,32768,7616,0.7676,54,18.5,True
mobilenetv2,Multiply_11474,32,907,32,32,16,32,16,8,0,32,0.75,32768,8192,0.75,54,19.4,True
mobilenetv2,Multiply_11474,32,908,32,32,16,32,20,8,0,32,0.7292,32768,10240,0.6875,58,18.2,True
mobilenetv2,Multiply_11474,32,909,32,32,16,32,17,8,0,32,0.7448,32768,8704,0.7344,55,17.5,True
mobilenetv2,Multiply_11474,32,910,32,32,16,32,16,8,0,32,0.75,32768,8192,0.75,54,17.5,True
mobilenetv2,Multiply_11474,32,911,32,32,16,32,20,8,0,32,0.7292,32768,10240,0.6875,58,18.0,True
mobilenetv2,Multiply_11474,32,912,32,32,16,32,17,8,0,32,0.7448,32768,8704,0.7344,55,20.4,True
mobilenetv2,Multiply_11474,32,913,32,32,16,32,16,8,0,32,0.75,32768,8192,0.75,54,18.5,True
mobilenetv2,Multiply_11474,32,914,32,32,16,32,20,8,0,32,0.7292,32768,10240,0.6875,58,97.6,True
mobilenetv2,Multiply_11474,32,915,32,32,16,32,17,8,0,32,0.7448,32768,8704,0.7344,55,77.9,True
mobilenetv2,Multiply_11474,32,916,32,32,16,32,16,7,0,32,0.7812,32768,7168,0.7812,53,69.2,True
mobilenetv2,Multiply_11474,32,917,32,32,16,32,20,7,0,32,0.763,32768,8960,0.7266,57,17.6,True
mobilenetv2,Multiply_11474,32,918,32,32,16,32,17,7,0,32,0.7767,32768,7616,0.7676,54,79.2,True
mobilenetv2,Multiply_11474,32,919,32,32,16,32,16,9,0,32,0.7188,32768,9216,0.7188,55,32.7,True
mobilenetv2,Multiply_11474,32,920,32,32,16,32,20,9,0,32,0.6953,32768,11520,0.6484,59,19.2,True
mobilenetv2,Multiply_11474,32,921,32,32,16,32,17,9,0,32,0.7129,32768,9792,0.7012,56,17.7,True
mobilenetv2,Multiply_11474,32,922,32,32,16,32,16,8,0,32,0.75,32768,8192,0.75,54,17.3,True
mobilenetv2,Multiply_11474,32,923,32,32,16,32,20,8,0,32,0.7292,32768,10240,0.6875,58,17.1,True
mobilenetv2,Multiply_11474,32,924,32,32,16,32,17,8,0,32,0.7448,32768,8704,0.7344,55,49.9,True
mobilenetv2,Multiply_11474,32,925,32,32,16,32,16,6,0,32,0.8125,32768,6144,0.8125,52,17.1,True
mobilenetv2,Multiply_11474,32,926,32,32,16,32,20,6,0,32,0.7969,32768,7680,0.7656,56,18.4,True
mobilenetv2,Multiply_11474,32,927,32,32,16,32,17,6,0,32,0.8086,32768,6528,0.8008,53,18.8,True
mobilenetv2,Multiply_11474,32,928,32,32,16,32,16,8,0,32,0.75,32768,8192,0.75,54,20.6,True
mobilenetv2,Multiply_11474,32,929,32,32,16,32,20,8,0,32,0.7292,32768,10240,0.6875,58,33.6,True
mobilenetv2,Multiply_11474,32,930,32,32,16,32,17,8,0,32,0.7448,32768,8704,0.7344,55,23.5,True
mobilenetv2,Multiply_11474,32,931,32,32,16,32,16,9,0,32,0.7188,32768,9216,0.7188,55,17.3,True
mobilenetv2,Multiply_11474,32,932,32,32,16,32,20,9,0,32,0.6953,32768,11520,0.6484,59,88.2,True
mobilenetv2,Multiply_11474,32,933,32,32,16,32,17,9,0,32,0.7129,32768,9792,0.7012,56,42.2,True
mobilenetv2,Multiply_11474,32,934,32,32,16,32,16,7,0,32,0.7812,32768,7168,0.7812,53,58.7,True
mobilenetv2,Multiply_11474,32,935,32,32,16,32,20,7,0,32,0.763,32768,8960,0.7266,57,18.9,True
mobilenetv2,Multiply_11474,32,936,32,32,16,32,17,7,0,32,0.7767,32768,7616,0.7676,54,19.5,True
mobilenetv2,Multiply_11474,32,937,32,32,16,32,16,7,0,32,0.7812,32768,7168,0.7812,53,16.6,True
mobilenetv2,Multiply_11474,32,938,32,32,16,32,20,7,0,32,0.763,32768,8960,0.7266,57,22.5,True
mobilenetv2,Multiply_11474,32,939,32,32,16,32,17,7,0,32,0.7767,32768,7616,0.7676,54,71.6,True
mobilenetv2,Multiply_11474,32,940,32,32,16,32,16,9,0,32,0.7188,32768,9216,0.7188,55,17.6,True
mobilenetv2,Multiply_11474,32,941,32,32,16,32,20,9,0,32,0.6953,32768,11520,0.6484,59,17.8,True
mobilenetv2,Multiply_11474,32,942,32,32,16,32,17,9,0,32,0.7129,32768,9792,0.7012,56,79.2,True
mobilenetv2,Multiply_11474,32,943,32,32,16,32,16,8,0,32,0.75,32768,8192,0.75,54,21.3,True
mobilenetv2,Multiply_11474,32,944,32,32,16,32,20,8,0,32,0.7292,32768,10240,0.6875,58,18.9,True
mobilenetv2,Multiply_11474,32,945,32,32,16,32,17,8,0,32,0.7448,32768,8704,0.7344,55,18.2,True
mobilenetv2,Multiply_11474,32,946,32,32,16,32,16,7,0,32,0.7812,32768,7168,0.7812,53,16.4,True
mobilenetv2,Multiply_11474,32,947,32,32,16,32,20,7,0,32,0.763,32768,8960,0.7266,57,71.4,True
mobilenetv2,Multiply_11474,32,948,32,32,16,32,17,7,0,32,0.7767,32768,7616,0.7676,54,66.5,True
mobilenetv2,Multiply_11474,32,949,32,32,16,32,16,7,0,32,0.7812,32768,7168,0.7812,53,52.8,True
mobilenetv2,Multiply_11474,32,950,32,32,16,32,20,7,0,32,0.763,32768,8960,0.7266,57,40.6,True
mobilenetv2,Multiply_11474,32,951,32,32,16,32,17,7,0,32,0.7767,32768,7616,0.7676,54,33.9,True
mobilenetv2,Multiply_11474,32,952,32,32,16,32,16,9,0,32,0.7188,32768,9216,0.7188,55,19.2,True
mobilenetv2,Multiply_11474,32,953,32,32,16,32,20,9,0,32,0.6953,32768,11520,0.6484,59,27.3,True
mobilenetv2,Multiply_11474,32,954,32,32,16,32,17,9,0,32,0.7129,32768,9792,0.7012,56,61.9,True
mobilenetv2,Multiply_11474,32,955,32,32,16,32,16,8,0,32,0.75,32768,8192,0.75,54,40.7,True
mobilenetv2,Multiply_11474,32,956,32,32,16,32,20,8,0,32,0.7292,32768,10240,0.6875,58,17.7,True
mobilenetv2,Multiply_11474,32,957,32,32,16,32,17,8,0,32,0.7448,32768,8704,0.7344,55,18.6,True
mobilenetv2,Multiply_11474,32,958,32,32,16,32,16,7,0,32,0.7812,32768,7168,0.7812,53,17.2,True
mobilenetv2,Multiply_11474,32,959,32,32,16,32,20,7,0,32,0.763,32768,8960,0.7266,57,22.4,True
mobilenetv2,Multiply_11474,32,960,32,32,16,32,17,7,0,32,0.7767,32768,7616,0.7676,54,19.0,True
mobilenetv2,Multiply_11474,32,961,32,32,16,32,16,9,0,32,0.7188,32768,9216,0.7188,55,17.1,True
mobilenetv2,Multiply_11474,32,962,32,32,16,32,20,9,0,32,0.6953,32768,11520,0.6484,59,18.0,True
mobilenetv2,Multiply_11474,32,963,32,32,16,32,17,9,0,32,0.7129,32768,9792,0.7012,56,18.4,True
mobilenetv2,Multiply_11474,32,964,32,32,16,32,16,9,0,32,0.7188,32768,9216,0.7188,55,16.9,True
mobilenetv2,Multiply_11474,32,965,32,32,16,32,20,9,0,32,0.6953,32768,11520,0.6484,59,17.6,True
mobilenetv2,Multiply_11474,32,966,32,32,16,32,17,9,0,32,0.7129,32768,9792,0.7012,56,18.9,True
mobilenetv2,Multiply_11474,32,967,32,32,16,32,16,7,0,32,0.7812,32768,7168,0.7812,53,64.2,True
mobilenetv2,Multiply_11474,32,968,32,32,16,32,20,7,0,32,0.763,32768,8960,0.7266,57,17.4,True
mobilenetv2,Multiply_11474,32,969,32,32,16,32,17,7,0,32,0.7767,32768,7616,0.7676,54,73.1,True
mobilenetv2,Multiply_11474,32,970,32,32,16,32,16,8,0,32,0.75,32768,8192,0.75,54,20.9,True
mobilenetv2,Multiply_11474,32,971,32,32,16,32,20,8,0,32,0.7292,32768,10240,0.6875,58,18.7,True
mobilenetv2,Multiply_11474,32,972,32,32,16,32,17,8,0,32,0.7448,32768,8704,0.7344,55,18.7,True
mobilenetv2,Multiply_11474,32,973,32,32,16,32,16,9,0,32,0.7188,32768,9216,0.7188,55,17.6,True
mobilenetv2,Multiply_11474,32,974,32,32,16,32,20,9,0,32,0.6953,32768,11520,0.6484,59,17.5,True
mobilenetv2,Multiply_11474,32,975,32,32,16,32,17,9,0,32,0.7129,32768,9792,0.7012,56,18.5,True
mobilenetv2,Multiply_11474,32,976,32,32,16,32,16,8,0,32,0.75,32768,8192,0.75,54,18.7,True
mobilenetv2,Multiply_11474,32,977,32,32,16,32,20,8,0,32,0.7292,32768,10240,0.6875,58,26.8,True
mobilenetv2,Multiply_11474,32,978,32,32,16,32,17,8,0,32,0.7448,32768,8704,0.7344,55,18.2,True
mobilenetv2,Multiply_11474,32,979,32,32,16,32,16,7,0,32,0.7812,32768,7168,0.7812,53,20.5,True
mobilenetv2,Multiply_11474,32,980,32,32,16,32,20,7,0,32,0.763,32768,8960,0.7266,57,23.7,True
mobilenetv2,Multiply_11474,32,981,32,32,16,32,17,7,0,32,0.7767,32768,7616,0.7676,54,19.0,True
mobilenetv2,Multiply_11474,32,982,32,32,16,32,16,7,0,32,0.7812,32768,7168,0.7812,53,18.4,True
mobilenetv2,Multiply_11474,32,983,32,32,16,32,20,7,0,32,0.763,32768,8960,0.7266,57,23.5,True
mobilenetv2,Multiply_11474,32,984,32,32,16,32,17,7,0,32,0.7767,32768,7616,0.7676,54,27.5,True
mobilenetv2,Multiply_11474,32,985,32,32,16,32,16,9,0,32,0.7188,32768,9216,0.7188,55,21.6,True
mobilenetv2,Multiply_11474,32,986,32,32,16,32,20,9,0,32,0.6953,32768,11520,0.6484,59,18.8,True
mobilenetv2,Multiply_11474,32,987,32,32,16,32,17,9,0,32,0.7129,32768,9792,0.7012,56,18.4,True
mobilenetv2,Multiply_11474,32,988,32,32,16,32,16,6,0,32,0.8125,32768,6144,0.8125,52,21.0,True
mobilenetv2,Multiply_11474,32,989,32,32,16,32,20,6,0,32,0.7969,32768,7680,0.7656,56,18.7,True
mobilenetv2,Multiply_11474,32,990,32,32,16,32,17,6,0,32,0.8086,32768,6528,0.8008,53,19.1,True
mobilenetv2,Multiply_11474,32,991,32,32,16,32,16,6,0,32,0.8125,32768,6144,0.8125,52,17.3,True
mobilenetv2,Multiply_11474,32,992,32,32,16,32,20,6,0,32,0.7969,32768,7680,0.7656,56,17.5,True
mobilenetv2,Multiply_11474,32,993,32,32,16,32,17,6,0,32,0.8086,32768,6528,0.8008,53,17.3,True
mobilenetv2,Multiply_11474,32,994,32,32,16,32,16,9,0,32,0.7188,32768,9216,0.7188,55,16.8,True
mobilenetv2,Multiply_11474,32,995,32,32,16,32,20,9,0,32,0.6953,32768,11520,0.6484,59,21.2,True
mobilenetv2,Multiply_11474,32,996,32,32,16,32,17,9,0,32,0.7129,32768,9792,0.7012,56,18.0,True
mobilenetv2,Multiply_11474,32,997,32,32,16,32,16,9,0,32,0.7188,32768,9216,0.7188,55,69.0,True
mobilenetv2,Multiply_11474,32,998,32,32,16,32,20,9,0,32,0.6953,32768,11520,0.6484,59,18.6,True
mobilenetv2,Multiply_11474,32,999,32,32,16,32,17,9,0,32,0.7129,32768,9792,0.7012,56,19.6,True
mobilenetv2,Multiply_11474,32,1000,32,32,16,32,16,7,0,32,0.7812,32768,7168,0.7812,53,18.0,True
mobilenetv2,Multiply_11474,32,1001,32,32,16,32,20,7,0,32,0.763,32768,8960,0.7266,57,71.5,True
mobilenetv2,Multiply_11474,32,1002,32,32,16,32,17,7,0,32,0.7767,32768,7616,0.7676,54,18.1,True
mobilenetv2,Multiply_11474,32,1003,32,32,16,32,16,8,0,32,0.75,32768,8192,0.75,54,68.9,True
mobilenetv2,Multiply_11474,32,1004,32,32,16,32,20,8,0,32,0.7292,32768,10240,0.6875,58,19.1,True
mobilenetv2,Multiply_11474,32,1005,32,32,16,32,17,8,0,32,0.7448,32768,8704,0.7344,55,18.2,True
mobilenetv2,Multiply_11474,32,1006,32,32,16,32,16,9,0,32,0.7188,32768,9216,0.7188,55,70.4,True
mobilenetv2,Multiply_11474,32,1007,32,32,16,32,20,9,0,32,0.6953,32768,11520,0.6484,59,71.5,True
mobilenetv2,Multiply_11474,32,1008,32,32,16,32,17,9,0,32,0.7129,32768,9792,0.7012,56,19.0,True
mobilenetv2,Multiply_11474,32,1009,32,32,16,32,16,6,0,32,0.8125,32768,6144,0.8125,52,21.1,True
mobilenetv2,Multiply_11474,32,1010,32,32,16,32,20,6,0,32,0.7969,32768,7680,0.7656,56,17.8,True
mobilenetv2,Multiply_11474,32,1011,32,32,16,32,17,6,0,32,0.8086,32768,6528,0.8008,53,18.2,True
mobilenetv2,Multiply_11474,32,1012,32,32,16,32,16,7,0,32,0.7812,32768,7168,0.7812,53,18.1,True
mobilenetv2,Multiply_11474,32,1013,32,32,16,32,20,7,0,32,0.763,32768,8960,0.7266,57,47.2,True
mobilenetv2,Multiply_11474,32,1014,32,32,16,32,17,7,0,32,0.7767,32768,7616,0.7676,54,79.5,True
mobilenetv2,Multiply_11474,32,1015,32,32,16,32,16,9,0,32,0.7188,32768,9216,0.7188,55,44.9,True
mobilenetv2,Multiply_11474,32,1016,32,32,16,32,20,9,0,32,0.6953,32768,11520,0.6484,59,19.0,True
mobilenetv2,Multiply_11474,32,1017,32,32,16,32,17,9,0,32,0.7129,32768,9792,0.7012,56,18.8,True
mobilenetv2,Multiply_11474,32,1018,32,32,16,32,16,9,0,32,0.7188,32768,9216,0.7188,55,20.1,True
mobilenetv2,Multiply_11474,32,1019,32,32,16,32,20,9,0,32,0.6953,32768,11520,0.6484,59,27.8,True
mobilenetv2,Multiply_11474,32,1020,32,32,16,32,17,9,0,32,0.7129,32768,9792,0.7012,56,18.3,True
mobilenetv2,Multiply_11474,32,1021,32,32,16,32,16,6,0,32,0.8125,32768,6144,0.8125,52,21.3,True
mobilenetv2,Multiply_11474,32,1022,32,32,16,32,20,6,0,32,0.7969,32768,7680,0.7656,56,23.3,True
mobilenetv2,Multiply_11474,32,1023,32,32,16,32,17,6,0,32,0.8086,32768,6528,0.8008,53,65.4,True
mobilenetv2,Multiply_11474,32,1024,32,32,16,32,16,7,0,32,0.7812,32768,7168,0.7812,53,104.1,True
mobilenetv2,Multiply_11474,32,1025,32,32,16,32,20,7,0,32,0.763,32768,8960,0.7266,57,72.0,True
mobilenetv2,Multiply_11474,32,1026,32,32,16,32,17,7,0,32,0.7767,32768,7616,0.7676,54,65.7,True
mobilenetv2,Multiply_11474,32,1027,32,32,16,32,16,9,0,32,0.7188,32768,9216,0.7188,55,29.8,True
mobilenetv2,Multiply_11474,32,1028,32,32,16,32,20,9,0,32,0.6953,32768,11520,0.6484,59,64.9,True
mobilenetv2,Multiply_11474,32,1029,32,32,16,32,17,9,0,32,0.7129,32768,9792,0.7012,56,17.8,True
mobilenetv2,Multiply_11474,32,1030,32,32,16,32,16,7,0,32,0.7812,32768,7168,0.7812,53,69.6,True
mobilenetv2,Multiply_11474,32,1031,32,32,16,32,20,7,0,32,0.763,32768,8960,0.7266,57,65.1,True
mobilenetv2,Multiply_11474,32,1032,32,32,16,32,17,7,0,32,0.7767,32768,7616,0.7676,54,66.1,True
mobilenetv2,Multiply_11474,32,1033,32,32,16,32,16,7,0,32,0.7812,32768,7168,0.7812,53,17.3,True
mobilenetv2,Multiply_11474,32,1034,32,32,16,32,20,7,0,32,0.763,32768,8960,0.7266,57,17.3,True
mobilenetv2,Multiply_11474,32,1035,32,32,16,32,17,7,0,32,0.7767,32768,7616,0.7676,54,17.7,True
mobilenetv2,Multiply_11474,32,1036,32,32,16,32,16,9,0,32,0.7188,32768,9216,0.7188,55,16.6,True
mobilenetv2,Multiply_11474,32,1037,32,32,16,32,20,9,0,32,0.6953,32768,11520,0.6484,59,17.9,True
mobilenetv2,Multiply_11474,32,1038,32,32,16,32,17,9,0,32,0.7129,32768,9792,0.7012,56,17.6,True
mobilenetv2,Multiply_11474,32,1039,32,32,16,32,16,9,0,32,0.7188,32768,9216,0.7188,55,18.0,True
mobilenetv2,Multiply_11474,32,1040,32,32,16,32,20,9,0,32,0.6953,32768,11520,0.6484,59,17.4,True
mobilenetv2,Multiply_11474,32,1041,32,32,16,32,17,9,0,32,0.7129,32768,9792,0.7012,56,18.7,True
mobilenetv2,Multiply_11474,32,1042,32,32,16,32,16,6,0,32,0.8125,32768,6144,0.8125,52,16.2,True
mobilenetv2,Multiply_11474,32,1043,32,32,16,32,20,6,0,32,0.7969,32768,7680,0.7656,56,71.9,True
mobilenetv2,Multiply_11474,32,1044,32,32,16,32,17,6,0,32,0.8086,32768,6528,0.8008,53,18.4,True
mobilenetv2,Multiply_11474,32,1045,32,32,16,32,16,8,0,32,0.75,32768,8192,0.75,54,19.9,True
mobilenetv2,Multiply_11474,32,1046,32,32,16,32,20,8,0,32,0.7292,32768,10240,0.6875,58,17.5,True
mobilenetv2,Multiply_11474,32,1047,32,32,16,32,17,8,0,32,0.7448,32768,8704,0.7344,55,17.9,True
mobilenetv2,Multiply_11474,32,1048,32,32,16,32,16,9,0,32,0.7188,32768,9216,0.7188,55,18.4,True
mobilenetv2,Multiply_11474,32,1049,32,32,16,32,20,9,0,32,0.6953,32768,11520,0.6484,59,17.9,True
mobilenetv2,Multiply_11474,32,1050,32,32,16,32,17,9,0,32,0.7129,32768,9792,0.7012,56,18.1,True
mobilenetv2,Multiply_11474,32,1051,32,32,16,32,16,7,0,32,0.7812,32768,7168,0.7812,53,17.3,True
mobilenetv2,Multiply_11474,32,1052,32,32,16,32,20,7,0,32,0.763,32768,8960,0.7266,57,34.5,True
mobilenetv2,Multiply_11474,32,1053,32,32,16,32,17,7,0,32,0.7767,32768,7616,0.7676,54,74.1,True
mobilenetv2,Multiply_11474,32,1054,32,32,16,32,16,6,0,32,0.8125,32768,6144,0.8125,52,21.8,True
mobilenetv2,Multiply_11474,32,1055,32,32,16,32,20,6,0,32,0.7969,32768,7680,0.7656,56,22.7,True
mobilenetv2,Multiply_11474,32,1056,32,32,16,32,17,6,0,32,0.8086,32768,6528,0.8008,53,41.0,True
mobilenetv2,Multiply_11474,32,1057,32,32,16,32,16,9,0,32,0.7188,32768,9216,0.7188,55,35.9,True
mobilenetv2,Multiply_11474,32,1058,32,32,16,32,20,9,0,32,0.6953,32768,11520,0.6484,59,17.6,True
mobilenetv2,Multiply_11474,32,1059,32,32,16,32,17,9,0,32,0.7129,32768,9792,0.7012,56,18.7,True
mobilenetv2,Multiply_11474,32,1060,32,32,16,32,16,9,0,32,0.7188,32768,9216,0.7188,55,17.3,True
mobilenetv2,Multiply_11474,32,1061,32,32,16,32,20,9,0,32,0.6953,32768,11520,0.6484,59,23.3,True
mobilenetv2,Multiply_11474,32,1062,32,32,16,32,17,9,0,32,0.7129,32768,9792,0.7012,56,22.4,True
mobilenetv2,Multiply_11474,32,1063,32,32,16,32,16,6,0,32,0.8125,32768,6144,0.8125,52,40.7,True
mobilenetv2,Multiply_11474,32,1064,32,32,16,32,20,6,0,32,0.7969,32768,7680,0.7656,56,18.5,True
mobilenetv2,Multiply_11474,32,1065,32,32,16,32,17,6,0,32,0.8086,32768,6528,0.8008,53,18.3,True
mobilenetv2,Multiply_11474,32,1066,32,32,16,32,16,6,0,32,0.8125,32768,6144,0.8125,52,21.4,True
mobilenetv2,Multiply_11474,32,1067,32,32,16,32,20,6,0,32,0.7969,32768,7680,0.7656,56,18.3,True
mobilenetv2,Multiply_11474,32,1068,32,32,16,32,17,6,0,32,0.8086,32768,6528,0.8008,53,66.6,True
mobilenetv2,Multiply_11474,32,1069,32,32,16,32,16,9,0,32,0.7188,32768,9216,0.7188,55,18.4,True
mobilenetv2,Multiply_11474,32,1070,32,32,16,32,20,9,0,32,0.6953,32768,11520,0.6484,59,18.3,True
mobilenetv2,Multiply_11474,32,1071,32,32,16,32,17,9,0,32,0.7129,32768,9792,0.7012,56,17.7,True
mobilenetv2,Multiply_11474,32,1072,32,32,16,32,16,7,0,32,0.7812,32768,7168,0.7812,53,62.7,True
mobilenetv2,Multiply_11474,32,1073,32,32,16,32,20,7,0,32,0.763,32768,8960,0.7266,57,18.1,True
mobilenetv2,Multiply_11474,32,1074,32,32,16,32,17,7,0,32,0.7767,32768,7616,0.7676,54,17.5,True
mobilenetv2,Multiply_11474,32,1075,32,32,16,32,16,6,0,32,0.8125,32768,6144,0.8125,52,17.2,True
mobilenetv2,Multiply_11474,32,1076,32,32,16,32,20,6,0,32,0.7969,32768,7680,0.7656,56,17.1,True
mobilenetv2,Multiply_11474,32,1077,32,32,16,32,17,6,0,32,0.8086,32768,6528,0.8008,53,17.7,True
mobilenetv2,Multiply_11474,32,1078,32,32,16,32,16,8,0,32,0.75,32768,8192,0.75,54,17.1,True
mobilenetv2,Multiply_11474,32,1079,32,32,16,32,20,8,0,32,0.7292,32768,10240,0.6875,58,18.4,True
mobilenetv2,Multiply_11474,32,1080,32,32,16,32,17,8,0,32,0.7448,32768,8704,0.7344,55,18.3,True
mobilenetv2,Multiply_11474,32,1081,32,32,16,32,16,9,0,32,0.7188,32768,9216,0.7188,55,20.7,True
mobilenetv2,Multiply_11474,32,1082,32,32,16,32,20,9,0,32,0.6953,32768,11520,0.6484,59,66.3,True
mobilenetv2,Multiply_11474,32,1083,32,32,16,32,17,9,0,32,0.7129,32768,9792,0.7012,56,24.8,True
mobilenetv2,Multiply_11474,32,1084,32,32,16,32,16,6,0,32,0.8125,32768,6144,0.8125,52,26.9,True
mobilenetv2,Multiply_11474,32,1085,32,32,16,32,20,6,0,32,0.7969,32768,7680,0.7656,56,18.3,True
mobilenetv2,Multiply_11474,32,1086,32,32,16,32,17,6,0,32,0.8086,32768,6528,0.8008,53,18.8,True
mobilenetv2,Multiply_11474,32,1087,32,32,16,32,16,7,0,32,0.7812,32768,7168,0.7812,53,17.3,True
mobilenetv2,Multiply_11474,32,1088,32,32,16,32,20,7,0,32,0.763,32768,8960,0.7266,57,18.4,True
mobilenetv2,Multiply_11474,32,1089,32,32,16,32,17,7,0,32,0.7767,32768,7616,0.7676,54,18.7,True
mobilenetv2,Multiply_11474,32,1090,32,32,16,32,16,8,0,32,0.75,32768,8192,0.75,54,16.7,True
mobilenetv2,Multiply_11474,32,1091,32,32,16,32,20,8,0,32,0.7292,32768,10240,0.6875,58,17.4,True
mobilenetv2,Multiply_11474,32,1092,32,32,16,32,17,8,0,32,0.7448,32768,8704,0.7344,55,18.3,True
mobilenetv2,Multiply_11474,32,1093,32,32,16,32,16,7,0,32,0.7812,32768,7168,0.7812,53,18.5,True
mobilenetv2,Multiply_11474,32,1094,32,32,16,32,20,7,0,32,0.763,32768,8960,0.7266,57,17.9,True
mobilenetv2,Multiply_11474,32,1095,32,32,16,32,17,7,0,32,0.7767,32768,7616,0.7676,54,18.3,True
mobilenetv2,Multiply_11474,32,1096,32,32,16,32,16,6,0,32,0.8125,32768,6144,0.8125,52,21.8,True
mobilenetv2,Multiply_11474,32,1097,32,32,16,32,20,6,0,32,0.7969,32768,7680,0.7656,56,38.7,True
mobilenetv2,Multiply_11474,32,1098,32,32,16,32,17,6,0,32,0.8086,32768,6528,0.8008,53,18.7,True
mobilenetv2,Multiply_11474,32,1099,32,32,16,32,16,8,0,32,0.75,32768,8192,0.75,54,17.2,True
mobilenetv2,Multiply_11474,32,1100,32,32,16,32,20,8,0,32,0.7292,32768,10240,0.6875,58,18.1,True
mobilenetv2,Multiply_11474,32,1101,32,32,16,32,17,8,0,32,0.7448,32768,8704,0.7344,55,18.8,True
mobilenetv2,Multiply_11474,32,1102,32,32,16,32,16,9,0,32,0.7188,32768,9216,0.7188,55,22.0,True
mobilenetv2,Multiply_11474,32,1103,32,32,16,32,20,9,0,32,0.6953,32768,11520,0.6484,59,19.4,True
mobilenetv2,Multiply_11474,32,1104,32,32,16,32,17,9,0,32,0.7129,32768,9792,0.7012,56,105.3,True
mobilenetv2,Multiply_11474,32,1105,32,32,16,32,16,6,0,32,0.8125,32768,6144,0.8125,52,16.8,True
mobilenetv2,Multiply_11474,32,1106,32,32,16,32,20,6,0,32,0.7969,32768,7680,0.7656,56,20.4,True
mobilenetv2,Multiply_11474,32,1107,32,32,16,32,17,6,0,32,0.8086,32768,6528,0.8008,53,17.7,True
mobilenetv2,Multiply_11474,32,1108,32,32,16,32,16,7,0,32,0.7812,32768,7168,0.7812,53,24.2,True
mobilenetv2,Multiply_11474,32,1109,32,32,16,32,20,7,0,32,0.763,32768,8960,0.7266,57,23.8,True
mobilenetv2,Multiply_11474,32,1110,32,32,16,32,17,7,0,32,0.7767,32768,7616,0.7676,54,18.7,True
mobilenetv2,Multiply_11474,32,1111,32,32,16,32,16,9,0,32,0.7188,32768,9216,0.7188,55,16.2,True
mobilenetv2,Multiply_11474,32,1112,32,32,16,32,20,9,0,32,0.6953,32768,11520,0.6484,59,21.5,True
mobilenetv2,Multiply_11474,32,1113,32,32,16,32,17,9,0,32,0.7129,32768,9792,0.7012,56,30.5,True
mobilenetv2,Multiply_11474,32,1114,32,32,16,32,16,7,0,32,0.7812,32768,7168,0.7812,53,18.7,True
mobilenetv2,Multiply_11474,32,1115,32,32,16,32,20,7,0,32,0.763,32768,8960,0.7266,57,71.9,True
mobilenetv2,Multiply_11474,32,1116,32,32,16,32,17,7,0,32,0.7767,32768,7616,0.7676,54,18.3,True
mobilenetv2,Multiply_11474,32,1117,32,32,16,32,16,6,0,32,0.8125,32768,6144,0.8125,52,17.3,True
mobilenetv2,Multiply_11474,32,1118,32,32,16,32,20,6,0,32,0.7969,32768,7680,0.7656,56,19.0,True
mobilenetv2,Multiply_11474,32,1119,32,32,16,32,17,6,0,32,0.8086,32768,6528,0.8008,53,17.5,True
mobilenetv2,Multiply_11474,32,1120,32,32,16,32,16,8,0,32,0.75,32768,8192,0.75,54,20.9,True
mobilenetv2,Multiply_11474,32,1121,32,32,16,32,20,8,0,32,0.7292,32768,10240,0.6875,58,54.0,True
mobilenetv2,Multiply_11474,32,1122,32,32,16,32,17,8,0,32,0.7448,32768,8704,0.7344,55,17.0,True
mobilenetv2,Multiply_11474,32,1123,32,32,16,32,16,8,0,32,0.75,32768,8192,0.75,54,19.7,True
mobilenetv2,Multiply_11474,32,1124,32,32,16,32,20,8,0,32,0.7292,32768,10240,0.6875,58,88.5,True
mobilenetv2,Multiply_11474,32,1125,32,32,16,32,17,8,0,32,0.7448,32768,8704,0.7344,55,21.8,True
mobilenetv2,Multiply_11474,32,1126,32,32,16,32,16,6,0,32,0.8125,32768,6144,0.8125,52,18.5,True
mobilenetv2,Multiply_11474,32,1127,32,32,16,32,20,6,0,32,0.7969,32768,7680,0.7656,56,46.1,True
mobilenetv2,Multiply_11474,32,1128,32,32,16,32,17,6,0,32,0.8086,32768,6528,0.8008,53,19.2,True
mobilenetv2,Multiply_11474,32,1129,32,32,16,32,16,7,0,32,0.7812,32768,7168,0.7812,53,58.8,True
mobilenetv2,Multiply_11474,32,1130,32,32,16,32,20,7,0,32,0.763,32768,8960,0.7266,57,38.4,True
mobilenetv2,Multiply_11474,32,1131,32,32,16,32,17,7,0,32,0.7767,32768,7616,0.7676,54,18.4,True
mobilenetv2,Multiply_11474,32,1132,32,32,16,32,16,8,0,32,0.75,32768,8192,0.75,54,17.8,True
mobilenetv2,Multiply_11474,32,1133,32,32,16,32,20,8,0,32,0.7292,32768,10240,0.6875,58,17.8,True
mobilenetv2,Multiply_11474,32,1134,32,32,16,32,17,8,0,32,0.7448,32768,8704,0.7344,55,19.0,True
mobilenetv2,Multiply_11474,32,1135,32,32,16,32,16,7,0,32,0.7812,32768,7168,0.7812,53,23.6,True
mobilenetv2,Multiply_11474,32,1136,32,32,16,32,20,7,0,32,0.763,32768,8960,0.7266,57,18.8,True
mobilenetv2,Multiply_11474,32,1137,32,32,16,32,17,7,0,32,0.7767,32768,7616,0.7676,54,18.0,True
mobilenetv2,Multiply_11474,32,1138,32,32,16,32,16,6,0,32,0.8125,32768,6144,0.8125,52,17.1,True
mobilenetv2,Multiply_11474,32,1139,32,32,16,32,20,6,0,32,0.7969,32768,7680,0.7656,56,18.1,True
mobilenetv2,Multiply_11474,32,1140,32,32,16,32,17,6,0,32,0.8086,32768,6528,0.8008,53,17.1,True
mobilenetv2,Multiply_11474,32,1141,32,32,16,32,16,8,0,32,0.75,32768,8192,0.75,54,16.6,True
mobilenetv2,Multiply_11474,32,1142,32,32,16,32,20,8,0,32,0.7292,32768,10240,0.6875,58,23.4,True
mobilenetv2,Multiply_11474,32,1143,32,32,16,32,17,8,0,32,0.7448,32768,8704,0.7344,55,88.4,True
mobilenetv2,Multiply_11474,32,1144,32,32,16,32,16,9,0,32,0.7188,32768,9216,0.7188,55,64.7,True
mobilenetv2,Multiply_11474,32,1145,32,32,16,32,20,9,0,32,0.6953,32768,11520,0.6484,59,16.3,True
mobilenetv2,Multiply_11474,32,1146,32,32,16,32,17,9,0,32,0.7129,32768,9792,0.7012,56,45.0,True
mobilenetv2,Multiply_11474,32,1147,32,32,16,32,16,6,0,32,0.8125,32768,6144,0.8125,52,16.9,True
mobilenetv2,Multiply_11474,32,1148,32,32,16,32,20,6,0,32,0.7969,32768,7680,0.7656,56,25.8,True
mobilenetv2,Multiply_11474,32,1149,32,32,16,32,17,6,0,32,0.8086,32768,6528,0.8008,53,18.4,True
mobilenetv2,Multiply_11474,32,1150,32,32,16,32,16,7,0,32,0.7812,32768,7168,0.7812,53,25.0,True
mobilenetv2,Multiply_11474,32,1151,32,32,16,32,20,7,0,32,0.763,32768,8960,0.7266,57,17.7,True
mobilenetv2,Multiply_11474,32,1152,32,32,16,32,17,7,0,32,0.7767,32768,7616,0.7676,54,57.3,True
mobilenetv2,Multiply_11474,32,1153,32,32,16,32,16,9,0,32,0.7188,32768,9216,0.7188,55,60.5,True
mobilenetv2,Multiply_11474,32,1154,32,32,16,32,20,9,0,32,0.6953,32768,11520,0.6484,59,18.7,True
mobilenetv2,Multiply_11474,32,1155,32,32,16,32,17,9,0,32,0.7129,32768,9792,0.7012,56,17.6,True
mobilenetv2,Multiply_11474,32,1156,32,32,16,32,16,7,0,32,0.7812,32768,7168,0.7812,53,18.3,True
mobilenetv2,Multiply_11474,32,1157,32,32,16,32,20,7,0,32,0.763,32768,8960,0.7266,57,17.3,True
mobilenetv2,Multiply_11474,32,1158,32,32,16,32,17,7,0,32,0.7767,32768,7616,0.7676,54,50.4,True
mobilenetv2,Multiply_11474,32,1159,32,32,16,32,16,6,0,32,0.8125,32768,6144,0.8125,52,16.9,True
mobilenetv2,Multiply_11474,32,1160,32,32,16,32,20,6,0,32,0.7969,32768,7680,0.7656,56,18.7,True
mobilenetv2,Multiply_11474,32,1161,32,32,16,32,17,6,0,32,0.8086,32768,6528,0.8008,53,23.2,True
mobilenetv2,Multiply_11474,32,1162,32,32,16,32,16,8,0,32,0.75,32768,8192,0.75,54,21.0,True
mobilenetv2,Multiply_11474,32,1163,32,32,16,32,20,8,0,32,0.7292,32768,10240,0.6875,58,36.3,True
mobilenetv2,Multiply_11474,32,1164,32,32,16,32,17,8,0,32,0.7448,32768,8704,0.7344,55,18.0,True
mobilenetv2,Multiply_11474,32,1165,32,32,16,32,16,8,0,32,0.75,32768,8192,0.75,54,26.8,True
mobilenetv2,Multiply_11474,32,1166,32,32,16,32,20,8,0,32,0.7292,32768,10240,0.6875,58,67.3,True
mobilenetv2,Multiply_11474,32,1167,32,32,16,32,17,8,0,32,0.7448,32768,8704,0.7344,55,18.0,True
mobilenetv2,Multiply_11474,32,1168,32,32,16,32,16,6,0,32,0.8125,32768,6144,0.8125,52,16.5,True
mobilenetv2,Multiply_11474,32,1169,32,32,16,32,20,6,0,32,0.7969,32768,7680,0.7656,56,18.9,True
mobilenetv2,Multiply_11474,32,1170,32,32,16,32,17,6,0,32,0.8086,32768,6528,0.8008,53,19.3,True
mobilenetv2,Multiply_11474,32,1171,32,32,16,32,16,7,0,32,0.7812,32768,7168,0.7812,53,21.3,True
mobilenetv2,Multiply_11474,32,1172,32,32,16,32,20,7,0,32,0.763,32768,8960,0.7266,57,79.3,True
mobilenetv2,Multiply_11474,32,1173,32,32,16,32,17,7,0,32,0.7767,32768,7616,0.7676,54,16.7,True
mobilenetv2,Multiply_11474,32,1174,32,32,16,32,16,7,0,32,0.7812,32768,7168,0.7812,53,22.0,True
mobilenetv2,Multiply_11474,32,1175,32,32,16,32,20,7,0,32,0.763,32768,8960,0.7266,57,19.7,True
mobilenetv2,Multiply_11474,32,1176,32,32,16,32,17,7,0,32,0.7767,32768,7616,0.7676,54,21.0,True
mobilenetv2,Multiply_11467,33,1,32,16,16,32,9,5,0,32,0.7998,16384,2880,0.8242,44,11.2,True
mobilenetv2,Multiply_11467,33,2,32,16,16,32,9,5,0,32,0.7998,16384,2880,0.8242,44,14.1,True
mobilenetv2,Multiply_11467,33,3,32,16,16,32,9,6,0,32,0.7598,16384,3456,0.7891,45,44.7,True
mobilenetv2,Multiply_11467,33,4,32,16,16,32,9,6,0,32,0.7598,16384,3456,0.7891,45,12.0,True
mobilenetv2,Multiply_11467,33,5,32,16,16,32,9,5,0,32,0.7998,16384,2880,0.8242,44,227.0,True
mobilenetv2,Multiply_11467,33,6,32,16,16,32,9,5,0,32,0.7998,16384,2880,0.8242,44,11.6,True
mobilenetv2,Multiply_11467,33,7,32,16,16,32,9,5,0,32,0.7998,16384,2880,0.8242,44,13.9,True
mobilenetv2,Multiply_11467,33,8,32,16,16,32,9,5,0,32,0.7998,16384,2880,0.8242,44,12.5,True
mobilenetv2,Multiply_11467,33,9,32,16,16,32,9,5,0,32,0.7998,16384,2880,0.8242,44,16.3,True
mobilenetv2,Multiply_11467,33,10,32,16,16,32,9,5,0,32,0.7998,16384,2880,0.8242,44,47.3,True
mobilenetv2,Multiply_11467,33,11,32,16,16,32,9,5,0,32,0.7998,16384,2880,0.8242,44,13.5,True
mobilenetv2,Multiply_11467,33,12,32,16,16,32,9,5,0,32,0.7998,16384,2880,0.8242,44,15.2,True
mobilenetv2,Multiply_11467,33,13,32,16,16,32,9,5,0,32,0.7998,16384,2880,0.8242,44,13.6,True
mobilenetv2,Multiply_11467,33,14,32,16,16,32,9,5,0,32,0.7998,16384,2880,0.8242,44,39.5,True
mobilenetv2,Multiply_11467,33,15,32,16,16,32,9,5,0,32,0.7998,16384,2880,0.8242,44,13.0,True
mobilenetv2,Multiply_11467,33,16,32,16,16,32,9,5,0,32,0.7998,16384,2880,0.8242,44,10.7,True
mobilenetv2,Multiply_11467,33,17,32,16,16,32,9,5,0,32,0.7998,16384,2880,0.8242,44,13.5,True
mobilenetv2,Multiply_11467,33,18,32,16,16,32,9,5,0,32,0.7998,16384,2880,0.8242,44,55.6,True
mobilenetv2,Multiply_11467,33,19,32,16,16,32,9,5,0,32,0.7998,16384,2880,0.8242,44,52.3,True
mobilenetv2,Multiply_11467,33,20,32,16,16,32,9,5,0,32,0.7998,16384,2880,0.8242,44,36.8,True
mobilenetv2,Multiply_11467,33,21,32,16,16,32,9,5,0,32,0.7998,16384,2880,0.8242,44,38.9,True
mobilenetv2,Multiply_11467,33,22,32,16,16,32,9,5,0,32,0.7998,16384,2880,0.8242,44,35.9,True
mobilenetv2,Multiply_11467,33,23,32,16,16,32,9,5,0,32,0.7998,16384,2880,0.8242,44,33.7,True
mobilenetv2,Multiply_11467,33,24,32,16,16,32,9,5,0,32,0.7998,16384,2880,0.8242,44,51.2,True
mobilenetv2,Multiply_11467,33,25,32,16,16,32,9,5,0,32,0.7998,16384,2880,0.8242,44,45.4,True
mobilenetv2,Multiply_11467,33,26,32,16,16,32,9,5,0,32,0.7998,16384,2880,0.8242,44,18.3,True
mobilenetv2,Multiply_11467,33,27,32,16,16,32,9,5,0,32,0.7998,16384,2880,0.8242,44,20.0,True
mobilenetv2,Multiply_11467,33,28,32,16,16,32,9,6,0,32,0.7598,16384,3456,0.7891,45,12.2,True
mobilenetv2,Multiply_11467,33,29,32,16,16,32,9,5,0,32,0.7998,16384,2880,0.8242,44,10.9,True
mobilenetv2,Multiply_11467,33,30,32,16,16,32,9,5,0,32,0.7998,16384,2880,0.8242,44,24.9,True
mobilenetv2,Multiply_11467,33,31,32,16,16,32,9,5,0,32,0.7998,16384,2880,0.8242,44,13.0,True
mobilenetv2,Multiply_11467,33,32,32,16,16,32,9,5,0,32,0.7998,16384,2880,0.8242,44,10.3,True
mobilenetv2,Multiply_11467,33,33,32,16,16,32,9,5,0,32,0.7998,16384,2880,0.8242,44,13.9,True
mobilenetv2,Multiply_11467,33,34,32,16,16,32,9,5,0,32,0.7998,16384,2880,0.8242,44,11.7,True
mobilenetv2,Multiply_11467,33,35,32,16,16,32,9,5,0,32,0.7998,16384,2880,0.8242,44,19.0,True
mobilenetv2,Multiply_11467,33,36,32,16,16,32,9,5,0,32,0.7998,16384,2880,0.8242,44,10.2,True
mobilenetv2,Multiply_11467,33,37,32,16,16,32,9,5,0,32,0.7998,16384,2880,0.8242,44,13.1,True
mobilenetv2,Multiply_11467,33,38,32,16,16,32,9,6,0,32,0.7598,16384,3456,0.7891,45,11.5,True
mobilenetv2,Multiply_11467,33,39,32,16,16,32,9,5,0,32,0.7998,16384,2880,0.8242,44,10.8,True
mobilenetv2,Multiply_11467,33,40,32,16,16,32,9,6,0,32,0.7598,16384,3456,0.7891,45,12.7,True
mobilenetv2,Multiply_11467,33,41,32,16,16,32,9,5,0,32,0.7998,16384,2880,0.8242,44,13.8,True
mobilenetv2,Multiply_11467,33,42,32,16,16,32,9,6,0,32,0.7598,16384,3456,0.7891,45,10.7,True
mobilenetv2,Multiply_11467,33,43,32,16,16,32,9,7,0,32,0.7197,16384,4032,0.7539,46,22.3,True
mobilenetv2,Multiply_11467,33,44,32,16,16,32,9,6,0,32,0.7598,16384,3456,0.7891,45,43.1,True
mobilenetv2,Multiply_11467,33,45,32,16,16,32,9,6,0,32,0.7598,16384,3456,0.7891,45,10.7,True
mobilenetv2,Multiply_11467,33,46,32,16,16,32,9,6,0,32,0.7598,16384,3456,0.7891,45,13.4,True
mobilenetv2,Multiply_11467,33,47,32,16,16,32,9,7,0,32,0.7197,16384,4032,0.7539,46,46.2,True
mobilenetv2,Multiply_11467,33,48,32,16,16,32,9,7,0,32,0.7197,16384,4032,0.7539,46,10.6,True
mobilenetv2,Multiply_11467,33,49,32,16,16,32,9,5,0,32,0.7998,16384,2880,0.8242,44,47.2,True
mobilenetv2,Multiply_11467,33,50,32,16,16,32,9,8,0,32,0.6797,16384,4608,0.7188,47,11.4,True
mobilenetv2,Multiply_11467,33,51,32,16,16,32,9,7,0,32,0.7197,16384,4032,0.7539,46,24.0,True
mobilenetv2,Multiply_11467,33,52,32,16,16,32,9,5,0,32,0.7998,16384,2880,0.8242,44,37.9,True
mobilenetv2,Multiply_11467,33,53,32,16,16,32,9,8,0,32,0.6797,16384,4608,0.7188,47,46.9,True
mobilenetv2,Multiply_11467,33,54,32,16,16,32,9,5,0,32,0.7998,16384,2880,0.8242,44,23.5,True
mobilenetv2,Multiply_11467,33,55,32,16,16,32,9,5,0,32,0.7998,16384,2880,0.8242,44,13.3,True
mobilenetv2,Multiply_11467,33,56,32,16,16,32,9,5,0,32,0.7998,16384,2880,0.8242,44,10.7,True
mobilenetv2,Multiply_11467,33,57,32,16,16,32,9,8,0,32,0.6797,16384,4608,0.7188,47,50.7,True
mobilenetv2,Multiply_11467,33,58,32,16,16,32,9,6,0,32,0.7598,16384,3456,0.7891,45,23.2,True
mobilenetv2,Multiply_11467,33,59,32,16,16,32,9,5,0,32,0.7998,16384,2880,0.8242,44,12.5,True
mobilenetv2,Multiply_11467,33,60,32,16,16,32,9,7,0,32,0.7197,16384,4032,0.7539,46,12.1,True
mobilenetv2,Multiply_11467,33,61,32,16,16,32,9,7,0,32,0.7197,16384,4032,0.7539,46,10.7,True
mobilenetv2,Multiply_11467,33,62,32,16,16,32,9,6,0,32,0.7598,16384,3456,0.7891,45,10.6,True
mobilenetv2,Multiply_11467,33,63,32,16,16,32,9,5,0,32,0.7998,16384,2880,0.8242,44,12.7,True
mobilenetv2,Multiply_11467,33,64,32,16,16,32,9,7,0,32,0.7197,16384,4032,0.7539,46,17.7,True
mobilenetv2,Multiply_11467,33,65,32,16,16,32,9,6,0,32,0.7598,16384,3456,0.7891,45,10.9,True
mobilenetv2,Multiply_11467,33,66,32,16,16,32,9,6,0,32,0.7598,16384,3456,0.7891,45,11.5,True
mobilenetv2,Multiply_11467,33,67,32,16,16,32,9,5,0,32,0.7998,16384,2880,0.8242,44,46.9,True
mobilenetv2,Multiply_11467,33,68,32,16,16,32,9,8,0,32,0.6797,16384,4608,0.7188,47,12.2,True
mobilenetv2,Multiply_11467,33,69,32,16,16,32,9,6,0,32,0.7598,16384,3456,0.7891,45,17.7,True
mobilenetv2,Multiply_11467,33,70,32,16,16,32,9,5,0,32,0.7998,16384,2880,0.8242,44,38.9,True
mobilenetv2,Multiply_11467,33,71,32,16,16,32,9,5,0,32,0.7998,16384,2880,0.8242,44,10.7,True
mobilenetv2,Multiply_11467,33,72,32,16,16,32,9,7,0,32,0.7197,16384,4032,0.7539,46,27.6,True
mobilenetv2,Multiply_11467,33,73,32,16,16,32,9,5,0,32,0.7998,16384,2880,0.8242,44,14.4,True
mobilenetv2,Multiply_11467,33,74,32,16,16,32,9,5,0,32,0.7998,16384,2880,0.8242,44,12.4,True
mobilenetv2,Multiply_11467,33,75,32,16,16,32,9,5,0,32,0.7998,16384,2880,0.8242,44,10.3,True
mobilenetv2,Multiply_11467,33,76,32,16,16,32,9,7,0,32,0.7197,16384,4032,0.7539,46,17.7,True
mobilenetv2,Multiply_11467,33,77,32,16,16,32,9,5,0,32,0.7998,16384,2880,0.8242,44,11.2,True
mobilenetv2,Multiply_11467,33,78,32,16,16,32,9,6,0,32,0.7598,16384,3456,0.7891,45,22.3,True
mobilenetv2,Multiply_11467,33,79,32,16,16,32,9,7,0,32,0.7197,16384,4032,0.7539,46,10.4,True
mobilenetv2,Multiply_11467,33,80,32,16,16,32,9,5,0,32,0.7998,16384,2880,0.8242,44,42.0,True
mobilenetv2,Multiply_11467,33,81,32,16,16,32,9,5,0,32,0.7998,16384,2880,0.8242,44,10.4,True
mobilenetv2,Multiply_11467,33,82,32,16,16,32,9,6,0,32,0.7598,16384,3456,0.7891,45,10.6,True
mobilenetv2,Multiply_11467,33,83,32,16,16,32,9,6,0,32,0.7598,16384,3456,0.7891,45,10.2,True
mobilenetv2,Multiply_11467,33,84,32,16,16,32,9,5,0,32,0.7998,16384,2880,0.8242,44,46.5,True
mobilenetv2,Multiply_11467,33,85,32,16,16,32,9,6,0,32,0.7598,16384,3456,0.7891,45,12.1,True
mobilenetv2,Multiply_11467,33,86,32,16,16,32,9,6,0,32,0.7598,16384,3456,0.7891,45,13.1,True
mobilenetv2,Multiply_11467,33,87,32,16,16,32,9,5,0,32,0.7998,16384,2880,0.8242,44,11.8,True
mobilenetv2,Multiply_11467,33,88,32,16,16,32,9,5,0,32,0.7998,16384,2880,0.8242,44,11.3,True
mobilenetv2,Multiply_11467,33,89,32,16,16,32,9,6,0,32,0.7598,16384,3456,0.7891,45,10.7,True
mobilenetv2,Multiply_11467,33,90,32,16,16,32,9,7,0,32,0.7197,16384,4032,0.7539,46,10.5,True
mobilenetv2,Multiply_11467,33,91,32,16,16,32,9,5,0,32,0.7998,16384,2880,0.8242,44,11.6,True
mobilenetv2,Multiply_11467,33,92,32,16,16,32,9,6,0,32,0.7598,16384,3456,0.7891,45,11.7,True
mobilenetv2,Multiply_11467,33,93,32,16,16,32,9,6,0,32,0.7598,16384,3456,0.7891,45,12.5,True
mobilenetv2,Multiply_11467,33,94,32,16,16,32,9,6,0,32,0.7598,16384,3456,0.7891,45,15.8,True
mobilenetv2,Multiply_11467,33,95,32,16,16,32,9,5,0,32,0.7998,16384,2880,0.8242,44,10.8,True
mobilenetv2,Multiply_11467,33,96,32,16,16,32,9,7,0,32,0.7197,16384,4032,0.7539,46,51.2,True
mobilenetv2,Multiply_11467,33,97,32,16,16,32,9,7,0,32,0.7197,16384,4032,0.7539,46,21.1,True
mobilenetv2,Multiply_11467,33,98,32,16,16,32,9,5,0,32,0.7998,16384,2880,0.8242,44,51.0,True
mobilenetv2,Multiply_11467,33,99,32,16,16,32,9,6,0,32,0.7598,16384,3456,0.7891,45,18.2,True
mobilenetv2,Multiply_11467,33,100,32,16,16,32,9,5,0,32,0.7998,16384,2880,0.8242,44,10.8,True
mobilenetv2,Multiply_11467,33,101,32,16,16,32,9,5,0,32,0.7998,16384,2880,0.8242,44,55.1,True
mobilenetv2,Multiply_11467,33,102,32,16,16,32,9,6,0,32,0.7598,16384,3456,0.7891,45,10.9,True
mobilenetv2,Multiply_11467,33,103,32,16,16,32,9,6,0,32,0.7598,16384,3456,0.7891,45,11.1,True
mobilenetv2,Multiply_11467,33,104,32,16,16,32,9,5,0,32,0.7998,16384,2880,0.8242,44,13.6,True
mobilenetv2,Multiply_11467,33,105,32,16,16,32,9,6,0,32,0.7598,16384,3456,0.7891,45,23.6,True
mobilenetv2,Multiply_11467,33,106,32,16,16,32,9,5,0,32,0.7998,16384,2880,0.8242,44,47.5,True
mobilenetv2,Multiply_11467,33,107,32,16,16,32,9,7,0,32,0.7197,16384,4032,0.7539,46,13.0,True
mobilenetv2,Multiply_11467,33,108,32,16,16,32,9,5,0,32,0.7998,16384,2880,0.8242,44,12.0,True
mobilenetv2,Multiply_11467,33,109,32,16,16,32,9,6,0,32,0.7598,16384,3456,0.7891,45,10.8,True
mobilenetv2,Multiply_11467,33,110,32,16,16,32,9,8,0,32,0.6797,16384,4608,0.7188,47,13.4,True
mobilenetv2,Multiply_11467,33,111,32,16,16,32,9,5,0,32,0.7998,16384,2880,0.8242,44,10.6,True
mobilenetv2,Multiply_11467,33,112,32,16,16,32,9,5,0,32,0.7998,16384,2880,0.8242,44,11.3,True
mobilenetv2,Multiply_11467,33,113,32,16,16,32,9,5,0,32,0.7998,16384,2880,0.8242,44,13.1,True
mobilenetv2,Multiply_11467,33,114,32,16,16,32,9,8,0,32,0.6797,16384,4608,0.7188,47,19.8,True
mobilenetv2,Multiply_11467,33,115,32,16,16,32,9,5,0,32,0.7998,16384,2880,0.8242,44,11.9,True
mobilenetv2,Multiply_11467,33,116,32,16,16,32,9,5,0,32,0.7998,16384,2880,0.8242,44,13.1,True
mobilenetv2,Multiply_11467,33,117,32,16,16,32,9,7,0,32,0.7197,16384,4032,0.7539,46,14.7,True
mobilenetv2,Multiply_11467,33,118,32,16,16,32,9,5,0,32,0.7998,16384,2880,0.8242,44,12.3,True
mobilenetv2,Multiply_11467,33,119,32,16,16,32,9,5,0,32,0.7998,16384,2880,0.8242,44,13.4,True
mobilenetv2,Multiply_11467,33,120,32,16,16,32,9,5,0,32,0.7998,16384,2880,0.8242,44,10.6,True
mobilenetv2,Multiply_11467,33,121,32,16,16,32,9,7,0,32,0.7197,16384,4032,0.7539,46,46.0,True
mobilenetv2,Multiply_11467,33,122,32,16,16,32,9,6,0,32,0.7598,16384,3456,0.7891,45,10.8,True
mobilenetv2,Multiply_11467,33,123,32,16,16,32,9,5,0,32,0.7998,16384,2880,0.8242,44,47.2,True
mobilenetv2,Multiply_11467,33,124,32,16,16,32,9,6,0,32,0.7598,16384,3456,0.7891,45,11.0,True
mobilenetv2,Multiply_11467,33,125,32,16,16,32,9,7,0,32,0.7197,16384,4032,0.7539,46,53.9,True
mobilenetv2,Multiply_11467,33,126,32,16,16,32,9,5,0,32,0.7998,16384,2880,0.8242,44,11.7,True
mobilenetv2,Multiply_11467,33,127,32,16,16,32,9,5,0,32,0.7998,16384,2880,0.8242,44,53.8,True
mobilenetv2,Multiply_11467,33,128,32,16,16,32,9,8,0,32,0.6797,16384,4608,0.7188,47,11.0,True
mobilenetv2,Multiply_11467,33,129,32,16,16,32,9,7,0,32,0.7197,16384,4032,0.7539,46,51.8,True
mobilenetv2,Multiply_11467,33,130,32,16,16,32,9,5,0,32,0.7998,16384,2880,0.8242,44,12.5,True
mobilenetv2,Multiply_11467,33,131,32,16,16,32,9,5,0,32,0.7998,16384,2880,0.8242,44,13.8,True
mobilenetv2,Multiply_11467,33,132,32,16,16,32,9,7,0,32,0.7197,16384,4032,0.7539,46,35.2,True
mobilenetv2,Multiply_11467,33,133,32,16,16,32,9,5,0,32,0.7998,16384,2880,0.8242,44,10.5,True
mobilenetv2,Multiply_11467,33,134,32,16,16,32,9,5,0,32,0.7998,16384,2880,0.8242,44,51.3,True
mobilenetv2,Multiply_11467,33,135,32,16,16,32,9,5,0,32,0.7998,16384,2880,0.8242,44,11.4,True
mobilenetv2,Multiply_11467,33,136,32,16,16,32,9,7,0,32,0.7197,16384,4032,0.7539,46,15.1,True
mobilenetv2,Multiply_11467,33,137,32,16,16,32,9,5,0,32,0.7998,16384,2880,0.8242,44,55.9,True
mobilenetv2,Multiply_11467,33,138,32,16,16,32,9,7,0,32,0.7197,16384,4032,0.7539,46,48.7,True
mobilenetv2,Multiply_11467,33,139,32,16,16,32,9,7,0,32,0.7197,16384,4032,0.7539,46,32.8,True
mobilenetv2,Multiply_11467,33,140,32,16,16,32,9,5,0,32,0.7998,16384,2880,0.8242,44,10.8,True
mobilenetv2,Multiply_11467,33,141,32,16,16,32,9,5,0,32,0.7998,16384,2880,0.8242,44,11.3,True
mobilenetv2,Multiply_11467,33,142,32,16,16,32,9,5,0,32,0.7998,16384,2880,0.8242,44,12.7,True
mobilenetv2,Multiply_11467,33,143,32,16,16,32,9,6,0,32,0.7598,16384,3456,0.7891,45,40.5,True
mobilenetv2,Multiply_11467,33,144,32,16,16,32,9,6,0,32,0.7598,16384,3456,0.7891,45,13.3,True
mobilenetv2,Multiply_11467,33,145,32,16,16,32,9,5,0,32,0.7998,16384,2880,0.8242,44,12.5,True
mobilenetv2,Multiply_11467,33,146,32,16,16,32,9,5,0,32,0.7998,16384,2880,0.8242,44,15.3,True
mobilenetv2,Multiply_11467,33,147,32,16,16,32,9,6,0,32,0.7598,16384,3456,0.7891,45,11.1,True
mobilenetv2,Multiply_11467,33,148,32,16,16,32,9,5,0,32,0.7998,16384,2880,0.8242,44,13.8,True
mobilenetv2,Multiply_11467,33,149,32,16,16,32,9,6,0,32,0.7598,16384,3456,0.7891,45,11.9,True
mobilenetv2,Multiply_11467,33,150,32,16,16,32,9,5,0,32,0.7998,16384,2880,0.8242,44,13.9,True
mobilenetv2,Multiply_11467,33,151,32,16,16,32,9,6,0,32,0.7598,16384,3456,0.7891,45,10.5,True
mobilenetv2,Multiply_11467,33,152,32,16,16,32,9,6,0,32,0.7598,16384,3456,0.7891,45,13.6,True
mobilenetv2,Multiply_11467,33,153,32,16,16,32,9,5,0,32,0.7998,16384,2880,0.8242,44,28.1,True
mobilenetv2,Multiply_11467,33,154,32,16,16,32,9,5,0,32,0.7998,16384,2880,0.8242,44,12.3,True
mobilenetv2,Multiply_11467,33,155,32,16,16,32,9,5,0,32,0.7998,16384,2880,0.8242,44,17.4,True
mobilenetv2,Multiply_11467,33,156,32,16,16,32,9,6,0,32,0.7598,16384,3456,0.7891,45,48.0,True
mobilenetv2,Multiply_11467,33,157,32,16,16,32,9,5,0,32,0.7998,16384,2880,0.8242,44,11.0,True
mobilenetv2,Multiply_11467,33,158,32,16,16,32,9,6,0,32,0.7598,16384,3456,0.7891,45,42.3,True
mobilenetv2,Multiply_11467,33,159,32,16,16,32,9,6,0,32,0.7598,16384,3456,0.7891,45,13.4,True
mobilenetv2,Multiply_11467,33,160,32,16,16,32,9,6,0,32,0.7598,16384,3456,0.7891,45,28.6,True
mobilenetv2,Multiply_11467,33,161,32,16,16,32,9,5,0,32,0.7998,16384,2880,0.8242,44,13.8,True
mobilenetv2,Multiply_11467,33,162,32,16,16,32,9,5,0,32,0.7998,16384,2880,0.8242,44,13.2,True
mobilenetv2,Multiply_11467,33,163,32,16,16,32,9,6,0,32,0.7598,16384,3456,0.7891,45,16.7,True
mobilenetv2,Multiply_11467,33,164,32,16,16,32,9,5,0,32,0.7998,16384,2880,0.8242,44,11.2,True
mobilenetv2,Multiply_11467,33,165,32,16,16,32,9,6,0,32,0.7598,16384,3456,0.7891,45,13.0,True
mobilenetv2,Multiply_11467,33,166,32,16,16,32,9,6,0,32,0.7598,16384,3456,0.7891,45,11.6,True
mobilenetv2,Multiply_11467,33,167,32,16,16,32,9,6,0,32,0.7598,16384,3456,0.7891,45,10.5,True
mobilenetv2,Multiply_11467,33,168,32,16,16,32,9,5,0,32,0.7998,16384,2880,0.8242,44,10.4,True
mobilenetv2,Multiply_11467,33,169,32,16,16,32,9,5,0,32,0.7998,16384,2880,0.8242,44,10.8,True
mobilenetv2,Multiply_11467,33,170,32,16,16,32,9,6,0,32,0.7598,16384,3456,0.7891,45,12.8,True
mobilenetv2,Multiply_11467,33,171,32,16,16,32,9,7,0,32,0.7197,16384,4032,0.7539,46,13.2,True
mobilenetv2,Multiply_11467,33,172,32,16,16,32,9,5,0,32,0.7998,16384,2880,0.8242,44,50.3,True
mobilenetv2,Multiply_11467,33,173,32,16,16,32,9,6,0,32,0.7598,16384,3456,0.7891,45,11.9,True
mobilenetv2,Multiply_11467,33,174,32,16,16,32,9,6,0,32,0.7598,16384,3456,0.7891,45,13.9,True
mobilenetv2,Multiply_11467,33,175,32,16,16,32,9,5,0,32,0.7998,16384,2880,0.8242,44,15.7,True
mobilenetv2,Multiply_11467,33,176,32,16,16,32,9,5,0,32,0.7998,16384,2880,0.8242,44,11.1,True
mobilenetv2,Multiply_11467,33,177,32,16,16,32,9,6,0,32,0.7598,16384,3456,0.7891,45,10.7,True
mobilenetv2,Multiply_11467,33,178,32,16,16,32,9,6,0,32,0.7598,16384,3456,0.7891,45,46.0,True
mobilenetv2,Multiply_11467,33,179,32,16,16,32,9,5,0,32,0.7998,16384,2880,0.8242,44,29.8,True
mobilenetv2,Multiply_11467,33,180,32,16,16,32,9,5,0,32,0.7998,16384,2880,0.8242,44,14.2,True
mobilenetv2,Multiply_11467,33,181,32,16,16,32,9,6,0,32,0.7598,16384,3456,0.7891,45,13.2,True
mobilenetv2,Multiply_11467,33,182,32,16,16,32,9,5,0,32,0.7998,16384,2880,0.8242,44,14.1,True
mobilenetv2,Multiply_11467,33,183,32,16,16,32,9,5,0,32,0.7998,16384,2880,0.8242,44,10.6,True
mobilenetv2,Multiply_11467,33,184,32,16,16,32,9,6,0,32,0.7598,16384,3456,0.7891,45,14.9,True
mobilenetv2,Multiply_11467,33,185,32,16,16,32,9,6,0,32,0.7598,16384,3456,0.7891,45,10.9,True
mobilenetv2,Multiply_11467,33,186,32,16,16,32,9,5,0,32,0.7998,16384,2880,0.8242,44,38.0,True
mobilenetv2,Multiply_11467,33,187,32,16,16,32,9,5,0,32,0.7998,16384,2880,0.8242,44,12.7,True
mobilenetv2,Multiply_11467,33,188,32,16,16,32,9,5,0,32,0.7998,16384,2880,0.8242,44,22.6,True
mobilenetv2,Multiply_11467,33,189,32,16,16,32,9,5,0,32,0.7998,16384,2880,0.8242,44,16.2,True
mobilenetv2,Multiply_11467,33,190,32,16,16,32,9,5,0,32,0.7998,16384,2880,0.8242,44,10.2,True
mobilenetv2,Multiply_11467,33,191,32,16,16,32,9,6,0,32,0.7598,16384,3456,0.7891,45,11.7,True
mobilenetv2,Multiply_11467,33,192,32,16,16,32,9,5,0,32,0.7998,16384,2880,0.8242,44,21.9,True
mobilenetv2,Multiply_11467,33,193,32,16,16,32,9,5,0,32,0.7998,16384,2880,0.8242,44,10.6,True
mobilenetv2,Multiply_11467,33,194,32,16,16,32,9,7,0,32,0.7197,16384,4032,0.7539,46,11.0,True
mobilenetv2,Multiply_11467,33,195,32,16,16,32,9,5,0,32,0.7998,16384,2880,0.8242,44,10.6,True
mobilenetv2,Multiply_11467,33,196,32,16,16,32,9,5,0,32,0.7998,16384,2880,0.8242,44,15.3,True
mobilenetv2,Multiply_11467,33,197,32,16,16,32,9,5,0,32,0.7998,16384,2880,0.8242,44,22.6,True
mobilenetv2,Multiply_11467,33,198,32,16,16,32,9,7,0,32,0.7197,16384,4032,0.7539,46,23.2,True
mobilenetv2,Multiply_11467,33,199,32,16,16,32,9,5,0,32,0.7998,16384,2880,0.8242,44,15.5,True
mobilenetv2,Multiply_11467,33,200,32,16,16,32,9,5,0,32,0.7998,16384,2880,0.8242,44,46.3,True
mobilenetv2,Multiply_11467,33,201,32,16,16,32,9,5,0,32,0.7998,16384,2880,0.8242,44,13.5,True
mobilenetv2,Multiply_11467,33,202,32,16,16,32,9,5,0,32,0.7998,16384,2880,0.8242,44,17.3,True
mobilenetv2,Multiply_11467,33,203,32,16,16,32,9,5,0,32,0.7998,16384,2880,0.8242,44,15.3,True
mobilenetv2,Multiply_11467,33,204,32,16,16,32,9,5,0,32,0.7998,16384,2880,0.8242,44,10.9,True
mobilenetv2,Multiply_11467,33,205,32,16,16,32,9,5,0,32,0.7998,16384,2880,0.8242,44,12.4,True
mobilenetv2,Multiply_11467,33,206,32,16,16,32,9,5,0,32,0.7998,16384,2880,0.8242,44,11.7,True
mobilenetv2,Multiply_11467,33,207,32,16,16,32,9,5,0,32,0.7998,16384,2880,0.8242,44,14.7,True
mobilenetv2,Multiply_11467,33,208,32,16,16,32,9,5,0,32,0.7998,16384,2880,0.8242,44,15.4,True
mobilenetv2,Multiply_11467,33,209,32,16,16,32,9,5,0,32,0.7998,16384,2880,0.8242,44,14.7,True
mobilenetv2,Multiply_11467,33,210,32,16,16,32,9,5,0,32,0.7998,16384,2880,0.8242,44,21.4,True
mobilenetv2,Multiply_11467,33,211,32,16,16,32,9,5,0,32,0.7998,16384,2880,0.8242,44,13.3,True
mobilenetv2,Multiply_11467,33,212,32,16,16,32,9,6,0,32,0.7598,16384,3456,0.7891,45,26.2,True
mobilenetv2,Multiply_11467,33,213,32,16,16,32,9,5,0,32,0.7998,16384,2880,0.8242,44,47.4,True
mobilenetv2,Multiply_11467,33,214,32,16,16,32,9,5,0,32,0.7998,16384,2880,0.8242,44,13.2,True
mobilenetv2,Multiply_11467,33,215,32,16,16,32,9,5,0,32,0.7998,16384,2880,0.8242,44,11.1,True
mobilenetv2,Multiply_11467,33,216,32,16,16,32,9,5,0,32,0.7998,16384,2880,0.8242,44,12.9,True
mobilenetv2,Multiply_11467,33,217,32,16,16,32,9,5,0,32,0.7998,16384,2880,0.8242,44,13.0,True
mobilenetv2,Multiply_11467,33,218,32,16,16,32,9,5,0,32,0.7998,16384,2880,0.8242,44,10.7,True
mobilenetv2,Multiply_11467,33,219,32,16,16,32,9,5,0,32,0.7998,16384,2880,0.8242,44,10.5,True
mobilenetv2,Multiply_11467,33,220,32,16,16,32,9,7,0,32,0.7197,16384,4032,0.7539,46,12.8,True
mobilenetv2,Multiply_11467,33,221,32,16,16,32,9,5,0,32,0.7998,16384,2880,0.8242,44,10.2,True
mobilenetv2,Multiply_11467,33,222,32,16,16,32,9,5,0,32,0.7998,16384,2880,0.8242,44,13.4,True
mobilenetv2,Multiply_11467,33,223,32,16,16,32,9,5,0,32,0.7998,16384,2880,0.8242,44,12.1,True
mobilenetv2,Multiply_11467,33,224,32,16,16,32,9,5,0,32,0.7998,16384,2880,0.8242,44,35.7,True
mobilenetv2,Multiply_11467,33,225,32,16,16,32,9,5,0,32,0.7998,16384,2880,0.8242,44,12.1,True
mobilenetv2,Multiply_11467,33,226,32,16,16,32,9,5,0,32,0.7998,16384,2880,0.8242,44,33.0,True
mobilenetv2,Multiply_11467,33,227,32,16,16,32,9,6,0,32,0.7598,16384,3456,0.7891,45,11.0,True
mobilenetv2,Multiply_11467,33,228,32,16,16,32,9,5,0,32,0.7998,16384,2880,0.8242,44,21.9,True
mobilenetv2,Multiply_11467,33,229,32,16,16,32,9,5,0,32,0.7998,16384,2880,0.8242,44,10.9,True
mobilenetv2,Multiply_11467,33,230,32,16,16,32,9,5,0,32,0.7998,16384,2880,0.8242,44,13.1,True
mobilenetv2,Multiply_11467,33,231,32,16,16,32,9,5,0,32,0.7998,16384,2880,0.8242,44,10.5,True
mobilenetv2,Multiply_11467,33,232,32,16,16,32,9,5,0,32,0.7998,16384,2880,0.8242,44,29.0,True
mobilenetv2,Multiply_11467,33,233,32,16,16,32,9,5,0,32,0.7998,16384,2880,0.8242,44,14.3,True
mobilenetv2,Multiply_11467,33,234,32,16,16,32,9,5,0,32,0.7998,16384,2880,0.8242,44,51.5,True
mobilenetv2,Multiply_11467,33,235,32,16,16,32,9,5,0,32,0.7998,16384,2880,0.8242,44,12.8,True
mobilenetv2,Multiply_11467,33,236,32,16,16,32,9,5,0,32,0.7998,16384,2880,0.8242,44,12.9,True
mobilenetv2,Multiply_11467,33,237,32,16,16,32,9,7,0,32,0.7197,16384,4032,0.7539,46,46.0,True
mobilenetv2,Multiply_11467,33,238,32,16,16,32,9,5,0,32,0.7998,16384,2880,0.8242,44,26.4,True
mobilenetv2,Multiply_11467,33,239,32,16,16,32,9,5,0,32,0.7998,16384,2880,0.8242,44,13.1,True
mobilenetv2,Multiply_11467,33,240,32,16,16,32,9,7,0,32,0.7197,16384,4032,0.7539,46,26.2,True
mobilenetv2,Multiply_11467,33,241,32,16,16,32,9,5,0,32,0.7998,16384,2880,0.8242,44,11.7,True
mobilenetv2,Multiply_11467,33,242,32,16,16,32,9,6,0,32,0.7598,16384,3456,0.7891,45,11.0,True
mobilenetv2,Multiply_11467,33,243,32,16,16,32,9,5,0,32,0.7998,16384,2880,0.8242,44,51.5,True
mobilenetv2,Multiply_11467,33,244,32,16,16,32,9,8,0,32,0.6797,16384,4608,0.7188,47,12.3,True
mobilenetv2,Multiply_11467,33,245,32,16,16,32,9,6,0,32,0.7598,16384,3456,0.7891,45,11.9,True
mobilenetv2,Multiply_11467,33,246,32,16,16,32,9,5,0,32,0.7998,16384,2880,0.8242,44,10.8,True
mobilenetv2,Multiply_11467,33,247,32,16,16,32,9,6,0,32,0.7598,16384,3456,0.7891,45,11.8,True
mobilenetv2,Multiply_11467,33,248,32,16,16,32,9,5,0,32,0.7998,16384,2880,0.8242,44,14.5,True
mobilenetv2,Multiply_11467,33,249,32,16,16,32,9,6,0,32,0.7598,16384,3456,0.7891,45,20.1,True
mobilenetv2,Multiply_11467,33,250,32,16,16,32,9,6,0,32,0.7598,16384,3456,0.7891,45,51.9,True
mobilenetv2,Multiply_11467,33,251,32,16,16,32,9,5,0,32,0.7998,16384,2880,0.8242,44,51.1,True
mobilenetv2,Multiply_11467,33,252,32,16,16,32,9,6,0,32,0.7598,16384,3456,0.7891,45,14.7,True
mobilenetv2,Multiply_11467,33,253,32,16,16,32,9,5,0,32,0.7998,16384,2880,0.8242,44,11.0,True
mobilenetv2,Multiply_11467,33,254,32,16,16,32,9,6,0,32,0.7598,16384,3456,0.7891,45,47.3,True
mobilenetv2,Multiply_11467,33,255,32,16,16,32,9,5,0,32,0.7998,16384,2880,0.8242,44,42.6,True
mobilenetv2,Multiply_11467,33,256,32,16,16,32,9,6,0,32,0.7598,16384,3456,0.7891,45,21.8,True
mobilenetv2,Multiply_11467,33,257,32,16,16,32,9,5,0,32,0.7998,16384,2880,0.8242,44,15.1,True
mobilenetv2,Multiply_11467,33,258,32,16,16,32,9,6,0,32,0.7598,16384,3456,0.7891,45,10.7,True
mobilenetv2,Multiply_11467,33,259,32,16,16,32,9,6,0,32,0.7598,16384,3456,0.7891,45,11.5,True
mobilenetv2,Multiply_11467,33,260,32,16,16,32,9,5,0,32,0.7998,16384,2880,0.8242,44,11.2,True
mobilenetv2,Multiply_11467,33,261,32,16,16,32,9,5,0,32,0.7998,16384,2880,0.8242,44,10.3,True
mobilenetv2,Multiply_11467,33,262,32,16,16,32,9,7,0,32,0.7197,16384,4032,0.7539,46,15.8,True
mobilenetv2,Multiply_11467,33,263,32,16,16,32,9,5,0,32,0.7998,16384,2880,0.8242,44,50.3,True
mobilenetv2,Multiply_11467,33,264,32,16,16,32,9,5,0,32,0.7998,16384,2880,0.8242,44,15.7,True
mobilenetv2,Multiply_11467,33,265,32,16,16,32,9,7,0,32,0.7197,16384,4032,0.7539,46,56.7,True
mobilenetv2,Multiply_11467,33,266,32,16,16,32,9,5,0,32,0.7998,16384,2880,0.8242,44,20.7,True
mobilenetv2,Multiply_11467,33,267,32,16,16,32,9,5,0,32,0.7998,16384,2880,0.8242,44,13.0,True
mobilenetv2,Multiply_11467,33,268,32,16,16,32,9,5,0,32,0.7998,16384,2880,0.8242,44,13.4,True
mobilenetv2,Multiply_11467,33,269,32,16,16,32,9,7,0,32,0.7197,16384,4032,0.7539,46,11.3,True
mobilenetv2,Multiply_11467,33,270,32,16,16,32,9,5,0,32,0.7998,16384,2880,0.8242,44,11.4,True
mobilenetv2,Multiply_11467,33,271,32,16,16,32,9,5,0,32,0.7998,16384,2880,0.8242,44,31.8,True
mobilenetv2,Multiply_11467,33,272,32,16,16,32,9,5,0,32,0.7998,16384,2880,0.8242,44,12.8,True
mobilenetv2,Multiply_11467,33,273,32,16,16,32,9,7,0,32,0.7197,16384,4032,0.7539,46,10.5,True
mobilenetv2,Multiply_11467,33,274,32,16,16,32,9,5,0,32,0.7998,16384,2880,0.8242,44,36.9,True
mobilenetv2,Multiply_11467,33,275,32,16,16,32,9,6,0,32,0.7598,16384,3456,0.7891,45,11.2,True
mobilenetv2,Multiply_11467,33,276,32,16,16,32,9,7,0,32,0.7197,16384,4032,0.7539,46,11.1,True
mobilenetv2,Multiply_11467,33,277,32,16,16,32,9,5,0,32,0.7998,16384,2880,0.8242,44,10.6,True
mobilenetv2,Multiply_11467,33,278,32,16,16,32,9,5,0,32,0.7998,16384,2880,0.8242,44,10.7,True
mobilenetv2,Multiply_11467,33,279,32,16,16,32,9,6,0,32,0.7598,16384,3456,0.7891,45,12.9,True
mobilenetv2,Multiply_11467,33,280,32,16,16,32,9,7,0,32,0.7197,16384,4032,0.7539,46,11.3,True
mobilenetv2,Multiply_11467,33,281,32,16,16,32,9,5,0,32,0.7998,16384,2880,0.8242,44,54.4,True
mobilenetv2,Multiply_11467,33,282,32,16,16,32,9,5,0,32,0.7998,16384,2880,0.8242,44,11.0,True
mobilenetv2,Multiply_11467,33,283,32,16,16,32,9,7,0,32,0.7197,16384,4032,0.7539,46,34.3,True
mobilenetv2,Multiply_11467,33,284,32,16,16,32,9,5,0,32,0.7998,16384,2880,0.8242,44,23.2,True
mobilenetv2,Multiply_11467,33,285,32,16,16,32,9,5,0,32,0.7998,16384,2880,0.8242,44,50.6,True
mobilenetv2,Multiply_11467,33,286,32,16,16,32,9,5,0,32,0.7998,16384,2880,0.8242,44,13.4,True
mobilenetv2,Multiply_11467,33,287,32,16,16,32,9,6,0,32,0.7598,16384,3456,0.7891,45,13.6,True
mobilenetv2,Multiply_11467,33,288,32,16,16,32,9,5,0,32,0.7998,16384,2880,0.8242,44,10.8,True
mobilenetv2,Multiply_11467,33,289,32,16,16,32,9,5,0,32,0.7998,16384,2880,0.8242,44,11.2,True
mobilenetv2,Multiply_11467,33,290,32,16,16,32,9,6,0,32,0.7598,16384,3456,0.7891,45,12.7,True
mobilenetv2,Multiply_11467,33,291,32,16,16,32,9,5,0,32,0.7998,16384,2880,0.8242,44,10.5,True
mobilenetv2,Multiply_11467,33,292,32,16,16,32,9,5,0,32,0.7998,16384,2880,0.8242,44,12.8,True
mobilenetv2,Multiply_11467,33,293,32,16,16,32,9,6,0,32,0.7598,16384,3456,0.7891,45,10.4,True
mobilenetv2,Multiply_11467,33,294,32,16,16,32,9,6,0,32,0.7598,16384,3456,0.7891,45,11.0,True
mobilenetv2,Multiply_11467,33,295,32,16,16,32,9,5,0,32,0.7998,16384,2880,0.8242,44,12.3,True
mobilenetv2,Multiply_11467,33,296,32,16,16,32,9,6,0,32,0.7598,16384,3456,0.7891,45,20.9,True
mobilenetv2,Multiply_11467,33,297,32,16,16,32,9,5,0,32,0.7998,16384,2880,0.8242,44,12.8,True
mobilenetv2,Multiply_11467,33,298,32,16,16,32,9,6,0,32,0.7598,16384,3456,0.7891,45,10.0,True
mobilenetv2,Multiply_11467,33,299,32,16,16,32,9,5,0,32,0.7998,16384,2880,0.8242,44,39.7,True
mobilenetv2,Multiply_11467,33,300,32,16,16,32,9,6,0,32,0.7598,16384,3456,0.7891,45,12.4,True
mobilenetv2,Multiply_11467,33,301,32,16,16,32,9,7,0,32,0.7197,16384,4032,0.7539,46,42.3,True
mobilenetv2,Multiply_11467,33,302,32,16,16,32,9,6,0,32,0.7598,16384,3456,0.7891,45,12.7,True
mobilenetv2,Multiply_11467,33,303,32,16,16,32,9,5,0,32,0.7998,16384,2880,0.8242,44,51.3,True
mobilenetv2,Multiply_11467,33,304,32,16,16,32,9,5,0,32,0.7998,16384,2880,0.8242,44,11.2,True
mobilenetv2,Multiply_11467,33,305,32,16,16,32,9,7,0,32,0.7197,16384,4032,0.7539,46,23.5,True
mobilenetv2,Multiply_11467,33,306,32,16,16,32,9,5,0,32,0.7998,16384,2880,0.8242,44,11.6,True
mobilenetv2,Multiply_11467,33,307,32,16,16,32,9,5,0,32,0.7998,16384,2880,0.8242,44,12.6,True
mobilenetv2,Multiply_11467,33,308,32,16,16,32,9,6,0,32,0.7598,16384,3456,0.7891,45,10.7,True
mobilenetv2,Multiply_11467,33,309,32,16,16,32,9,6,0,32,0.7598,16384,3456,0.7891,45,15.0,True
mobilenetv2,Multiply_11467,33,310,32,16,16,32,9,5,0,32,0.7998,16384,2880,0.8242,44,13.9,True
mobilenetv2,Multiply_11467,33,311,32,16,16,32,9,6,0,32,0.7598,16384,3456,0.7891,45,11.9,True
mobilenetv2,Multiply_11467,33,312,32,16,16,32,9,5,0,32,0.7998,16384,2880,0.8242,44,35.3,True
mobilenetv2,Multiply_11467,33,313,32,16,16,32,9,5,0,32,0.7998,16384,2880,0.8242,44,18.0,True
mobilenetv2,Multiply_11467,33,314,32,16,16,32,9,5,0,32,0.7998,16384,2880,0.8242,44,14.0,True
mobilenetv2,Multiply_11467,33,315,32,16,16,32,9,7,0,32,0.7197,16384,4032,0.7539,46,24.7,True
mobilenetv2,Multiply_11467,33,316,32,16,16,32,9,6,0,32,0.7598,16384,3456,0.7891,45,10.4,True
mobilenetv2,Multiply_11467,33,317,32,16,16,32,9,5,0,32,0.7998,16384,2880,0.8242,44,27.3,True
mobilenetv2,Multiply_11467,33,318,32,16,16,32,9,6,0,32,0.7598,16384,3456,0.7891,45,12.1,True
mobilenetv2,Multiply_11467,33,319,32,16,16,32,9,6,0,32,0.7598,16384,3456,0.7891,45,11.0,True
mobilenetv2,Multiply_11467,33,320,32,16,16,32,9,6,0,32,0.7598,16384,3456,0.7891,45,13.6,True
mobilenetv2,Multiply_11467,33,321,32,16,16,32,9,5,0,32,0.7998,16384,2880,0.8242,44,17.6,True
mobilenetv2,Multiply_11467,33,322,32,16,16,32,9,7,0,32,0.7197,16384,4032,0.7539,46,12.9,True
mobilenetv2,Multiply_11467,33,323,32,16,16,32,9,6,0,32,0.7598,16384,3456,0.7891,45,42.6,True
mobilenetv2,Multiply_11467,33,324,32,16,16,32,9,5,0,32,0.7998,16384,2880,0.8242,44,11.9,True
mobilenetv2,Multiply_11467,33,325,32,16,16,32,9,8,0,32,0.6797,16384,4608,0.7188,47,12.5,True
mobilenetv2,Multiply_11467,33,326,32,16,16,32,9,5,0,32,0.7998,16384,2880,0.8242,44,11.2,True
mobilenetv2,Multiply_11467,33,327,32,16,16,32,9,6,0,32,0.7598,16384,3456,0.7891,45,10.8,True
mobilenetv2,Multiply_11467,33,328,32,16,16,32,9,6,0,32,0.7598,16384,3456,0.7891,45,47.4,True
mobilenetv2,Multiply_11467,33,329,32,16,16,32,9,7,0,32,0.7197,16384,4032,0.7539,46,10.5,True
mobilenetv2,Multiply_11467,33,330,32,16,16,32,9,5,0,32,0.7998,16384,2880,0.8242,44,16.5,True
mobilenetv2,Multiply_11467,33,331,32,16,16,32,9,5,0,32,0.7998,16384,2880,0.8242,44,10.3,True
mobilenetv2,Multiply_11467,33,332,32,16,16,32,9,7,0,32,0.7197,16384,4032,0.7539,46,56.8,True
mobilenetv2,Multiply_11467,33,333,32,16,16,32,9,7,0,32,0.7197,16384,4032,0.7539,46,13.6,True
mobilenetv2,Multiply_11467,33,334,32,16,16,32,9,6,0,32,0.7598,16384,3456,0.7891,45,11.8,True
mobilenetv2,Multiply_11467,33,335,32,16,16,32,9,5,0,32,0.7998,16384,2880,0.8242,44,12.8,True
mobilenetv2,Multiply_11467,33,336,32,16,16,32,9,7,0,32,0.7197,16384,4032,0.7539,46,15.0,True
mobilenetv2,Multiply_11467,33,337,32,16,16,32,9,5,0,32,0.7998,16384,2880,0.8242,44,14.8,True
mobilenetv2,Multiply_11467,33,338,32,16,16,32,9,5,0,32,0.7998,16384,2880,0.8242,44,13.7,True
mobilenetv2,Multiply_11467,33,339,32,16,16,32,9,6,0,32,0.7598,16384,3456,0.7891,45,51.0,True
mobilenetv2,Multiply_11467,33,340,32,16,16,32,9,6,0,32,0.7598,16384,3456,0.7891,45,12.5,True
mobilenetv2,Multiply_11467,33,341,32,16,16,32,9,5,0,32,0.7998,16384,2880,0.8242,44,10.5,True
mobilenetv2,Multiply_11467,33,342,32,16,16,32,9,5,0,32,0.7998,16384,2880,0.8242,44,26.1,True
mobilenetv2,Multiply_11467,33,343,32,16,16,32,9,7,0,32,0.7197,16384,4032,0.7539,46,46.8,True
mobilenetv2,Multiply_11467,33,344,32,16,16,32,9,5,0,32,0.7998,16384,2880,0.8242,44,11.6,True
mobilenetv2,Multiply_11467,33,345,32,16,16,32,9,5,0,32,0.7998,16384,2880,0.8242,44,12.8,True
mobilenetv2,Multiply_11467,33,346,32,16,16,32,9,6,0,32,0.7598,16384,3456,0.7891,45,51.6,True
mobilenetv2,Multiply_11467,33,347,32,16,16,32,9,6,0,32,0.7598,16384,3456,0.7891,45,13.4,True
mobilenetv2,Multiply_11467,33,348,32,16,16,32,9,5,0,32,0.7998,16384,2880,0.8242,44,13.4,True
mobilenetv2,Multiply_11467,33,349,32,16,16,32,9,5,0,32,0.7998,16384,2880,0.8242,44,13.2,True
mobilenetv2,Multiply_11467,33,350,32,16,16,32,9,7,0,32,0.7197,16384,4032,0.7539,46,11.9,True
mobilenetv2,Multiply_11467,33,351,32,16,16,32,9,5,0,32,0.7998,16384,2880,0.8242,44,12.4,True
mobilenetv2,Multiply_11467,33,352,32,16,16,32,9,5,0,32,0.7998,16384,2880,0.8242,44,21.0,True
mobilenetv2,Multiply_11467,33,353,32,16,16,32,9,6,0,32,0.7598,16384,3456,0.7891,45,11.5,True
mobilenetv2,Multiply_11467,33,354,32,16,16,32,9,6,0,32,0.7598,16384,3456,0.7891,45,11.7,True
mobilenetv2,Multiply_11467,33,355,32,16,16,32,9,5,0,32,0.7998,16384,2880,0.8242,44,12.4,True
mobilenetv2,Multiply_11467,33,356,32,16,16,32,9,5,0,32,0.7998,16384,2880,0.8242,44,13.5,True
mobilenetv2,Multiply_11467,33,357,32,16,16,32,9,6,0,32,0.7598,16384,3456,0.7891,45,10.3,True
mobilenetv2,Multiply_11467,33,358,32,16,16,32,9,5,0,32,0.7998,16384,2880,0.8242,44,10.4,True
mobilenetv2,Multiply_11467,33,359,32,16,16,32,9,5,0,32,0.7998,16384,2880,0.8242,44,10.6,True
mobilenetv2,Multiply_11467,33,360,32,16,16,32,9,5,0,32,0.7998,16384,2880,0.8242,44,11.5,True
mobilenetv2,Multiply_11467,33,361,32,16,16,32,9,6,0,32,0.7598,16384,3456,0.7891,45,11.6,True
mobilenetv2,Multiply_11467,33,362,32,16,16,32,9,5,0,32,0.7998,16384,2880,0.8242,44,48.1,True
mobilenetv2,Multiply_11467,33,363,32,16,16,32,9,5,0,32,0.7998,16384,2880,0.8242,44,16.0,True
mobilenetv2,Multiply_11467,33,364,32,16,16,32,9,6,0,32,0.7598,16384,3456,0.7891,45,11.6,True
mobilenetv2,Multiply_11467,33,365,32,16,16,32,9,5,0,32,0.7998,16384,2880,0.8242,44,42.5,True
mobilenetv2,Multiply_11467,33,366,32,16,16,32,9,5,0,32,0.7998,16384,2880,0.8242,44,36.2,True
mobilenetv2,Multiply_11467,33,367,32,16,16,32,9,5,0,32,0.7998,16384,2880,0.8242,44,13.4,True
mobilenetv2,Multiply_11467,33,368,32,16,16,32,9,6,0,32,0.7598,16384,3456,0.7891,45,26.1,True
mobilenetv2,Multiply_11467,33,369,32,16,16,32,9,5,0,32,0.7998,16384,2880,0.8242,44,16.7,True
mobilenetv2,Multiply_11467,33,370,32,16,16,32,9,5,0,32,0.7998,16384,2880,0.8242,44,15.2,True
mobilenetv2,Multiply_11467,33,371,32,16,16,32,9,6,0,32,0.7598,16384,3456,0.7891,45,11.5,True
mobilenetv2,Multiply_11467,33,372,32,16,16,32,9,5,0,32,0.7998,16384,2880,0.8242,44,23.4,True
mobilenetv2,Multiply_11467,33,373,32,16,16,32,9,5,0,32,0.7998,16384,2880,0.8242,44,10.5,True
mobilenetv2,Multiply_11467,33,374,32,16,16,32,9,5,0,32,0.7998,16384,2880,0.8242,44,52.1,True
mobilenetv2,Multiply_11467,33,375,32,16,16,32,9,6,0,32,0.7598,16384,3456,0.7891,45,42.1,True
mobilenetv2,Multiply_11467,33,376,32,16,16,32,9,5,0,32,0.7998,16384,2880,0.8242,44,12.0,True
mobilenetv2,Multiply_11467,33,377,32,16,16,32,9,5,0,32,0.7998,16384,2880,0.8242,44,13.2,True
mobilenetv2,Multiply_11467,33,378,32,16,16,32,9,5,0,32,0.7998,16384,2880,0.8242,44,79.4,True
mobilenetv2,Multiply_11467,33,379,32,16,16,32,9,5,0,32,0.7998,16384,2880,0.8242,44,57.0,True
mobilenetv2,Multiply_11467,33,380,32,16,16,32,9,5,0,32,0.7998,16384,2880,0.8242,44,10.1,True
mobilenetv2,Multiply_11467,33,381,32,16,16,32,9,5,0,32,0.7998,16384,2880,0.8242,44,29.3,True
mobilenetv2,Multiply_11467,33,382,32,16,16,32,9,6,0,32,0.7598,16384,3456,0.7891,45,11.0,True
mobilenetv2,Multiply_11467,33,383,32,16,16,32,9,5,0,32,0.7998,16384,2880,0.8242,44,12.9,True
mobilenetv2,Multiply_11467,33,384,32,16,16,32,9,5,0,32,0.7998,16384,2880,0.8242,44,10.6,True
mobilenetv2,Multiply_11467,33,385,32,16,16,32,9,6,0,32,0.7598,16384,3456,0.7891,45,13.2,True
mobilenetv2,Multiply_11467,33,386,32,16,16,32,9,5,0,32,0.7998,16384,2880,0.8242,44,10.1,True
mobilenetv2,Multiply_11467,33,387,32,16,16,32,9,5,0,32,0.7998,16384,2880,0.8242,44,46.7,True
mobilenetv2,Multiply_11467,33,388,32,16,16,32,9,6,0,32,0.7598,16384,3456,0.7891,45,11.2,True
mobilenetv2,Multiply_11467,33,389,32,16,16,32,9,5,0,32,0.7998,16384,2880,0.8242,44,28.9,True
mobilenetv2,Multiply_11467,33,390,32,16,16,32,9,5,0,32,0.7998,16384,2880,0.8242,44,10.5,True
mobilenetv2,Multiply_11467,33,391,32,16,16,32,9,5,0,32,0.7998,16384,2880,0.8242,44,13.8,True
mobilenetv2,Multiply_11467,33,392,32,16,16,32,9,5,0,32,0.7998,16384,2880,0.8242,44,65.6,True
mobilenetv2,Multiply_11453,34,1,32,32,27,32,18,12,0,32,0.6822,55296,13824,0.75,60,39.6,True
mobilenetv2,Multiply_11453,34,2,32,32,27,32,18,15,0,32,0.6028,55296,17280,0.6875,63,31.8,True
mobilenetv2,Multiply_11453,34,3,32,32,27,32,18,18,0,32,0.5233,55296,20736,0.625,66,34.8,True
mobilenetv2,Multiply_11453,34,4,32,32,27,32,18,18,0,32,0.5233,55296,20736,0.625,66,145.0,True
mobilenetv2,Multiply_11453,34,5,32,32,27,32,18,18,0,32,0.5233,55296,20736,0.625,66,50.6,True
mobilenetv2,Multiply_11453,34,6,32,32,27,32,18,18,0,32,0.5233,55296,20736,0.625,66,33.7,True
mobilenetv2,Multiply_11453,34,7,32,32,27,32,18,18,0,32,0.5233,55296,20736,0.625,66,102.3,True
mobilenetv2,Multiply_11453,34,8,32,32,27,32,18,18,0,32,0.5233,55296,20736,0.625,66,33.2,True
mobilenetv2,Multiply_11453,34,9,32,32,27,32,18,18,0,32,0.5233,55296,20736,0.625,66,85.3,True
mobilenetv2,Multiply_11453,34,10,32,32,27,32,18,18,0,32,0.5233,55296,20736,0.625,66,38.1,True
mobilenetv2,Multiply_11453,34,11,32,32,27,32,18,18,0,32,0.5233,55296,20736,0.625,66,38.9,True
mobilenetv2,Multiply_11453,34,12,32,32,27,32,18,18,0,32,0.5233,55296,20736,0.625,66,41.3,True
mobilenetv2,Multiply_11453,34,13,32,32,27,32,18,18,0,32,0.5233,55296,20736,0.625,66,31.3,True
mobilenetv2,Multiply_11453,34,14,32,32,27,32,18,18,0,32,0.5233,55296,20736,0.625,66,38.2,True
mobilenetv2,Multiply_11453,34,15,32,32,27,32,18,18,0,32,0.5233,55296,20736,0.625,66,31.5,True
mobilenetv2,Multiply_11453,34,16,32,32,27,32,18,18,0,32,0.5233,55296,20736,0.625,66,31.4,True
mobilenetv2,Multiply_11453,34,17,32,32,27,32,18,18,0,32,0.5233,55296,20736,0.625,66,44.2,True
mobilenetv2,Multiply_11453,34,18,32,32,27,32,18,18,0,32,0.5233,55296,20736,0.625,66,31.4,True
mobilenetv2,Multiply_11453,34,19,32,32,27,32,18,18,0,32,0.5233,55296,20736,0.625,66,144.6,True
mobilenetv2,Multiply_11453,34,20,32,32,27,32,18,18,0,32,0.5233,55296,20736,0.625,66,144.7,True
mobilenetv2,Multiply_11453,34,21,32,32,27,32,18,18,0,32,0.5233,55296,20736,0.625,66,137.6,True
mobilenetv2,Multiply_11453,34,22,32,32,27,32,18,18,0,32,0.5233,55296,20736,0.625,66,160.1,True
mobilenetv2,Multiply_11453,34,23,32,32,27,32,18,18,0,32,0.5233,55296,20736,0.625,66,30.7,True
mobilenetv2,Multiply_11453,34,24,32,32,27,32,18,18,0,32,0.5233,55296,20736,0.625,66,144.9,True
mobilenetv2,Multiply_11453,34,25,32,32,27,32,18,18,0,32,0.5233,55296,20736,0.625,66,35.0,True
mobilenetv2,Multiply_11453,34,26,32,32,27,32,18,18,0,32,0.5233,55296,20736,0.625,66,30.8,True
mobilenetv2,Multiply_11453,34,27,32,32,27,32,18,18,0,32,0.5233,55296,20736,0.625,66,31.6,True
mobilenetv2,Multiply_11453,34,28,32,32,27,32,18,18,0,32,0.5233,55296,20736,0.625,66,34.7,True
mobilenetv2,Multiply_11453,34,29,32,32,27,32,18,18,0,32,0.5233,55296,20736,0.625,66,31.6,True
mobilenetv2,Multiply_11453,34,30,32,32,27,32,18,18,0,32,0.5233,55296,20736,0.625,66,39.6,True
mobilenetv2,Multiply_11453,34,31,32,32,27,32,18,18,0,32,0.5233,55296,20736,0.625,66,132.3,True
mobilenetv2,Multiply_11453,34,32,32,32,27,32,18,18,0,32,0.5233,55296,20736,0.625,66,31.4,True
mobilenetv2,Multiply_11453,34,33,32,32,27,32,18,18,0,32,0.5233,55296,20736,0.625,66,42.0,True
mobilenetv2,Multiply_11453,34,34,32,32,27,32,18,18,0,32,0.5233,55296,20736,0.625,66,32.2,True
mobilenetv2,Multiply_11453,34,35,32,32,27,32,18,18,0,32,0.5233,55296,20736,0.625,66,31.5,True
mobilenetv2,Multiply_11453,34,36,32,32,27,32,18,18,0,32,0.5233,55296,20736,0.625,66,31.8,True
mobilenetv2,Multiply_11453,34,37,32,32,27,32,18,18,0,32,0.5233,55296,20736,0.625,66,34.7,True
mobilenetv2,Multiply_11453,34,38,32,32,27,32,18,18,0,32,0.5233,55296,20736,0.625,66,33.9,True
mobilenetv2,Multiply_11453,34,39,32,32,27,32,18,18,0,32,0.5233,55296,20736,0.625,66,35.5,True
mobilenetv2,Multiply_11453,34,40,32,32,27,32,18,18,0,32,0.5233,55296,20736,0.625,66,159.4,True
mobilenetv2,Multiply_11453,34,41,32,32,27,32,18,18,0,32,0.5233,55296,20736,0.625,66,38.7,True
mobilenetv2,Multiply_11453,34,42,32,32,27,32,18,18,0,32,0.5233,55296,20736,0.625,66,143.8,True
mobilenetv2,Multiply_11453,34,43,32,32,27,32,18,18,0,32,0.5233,55296,20736,0.625,66,31.3,True
mobilenetv2,Multiply_11453,34,44,32,32,27,32,18,18,0,32,0.5233,55296,20736,0.625,66,40.0,True
mobilenetv2,Multiply_11453,34,45,32,32,27,32,18,18,0,32,0.5233,55296,20736,0.625,66,32.6,True
mobilenetv2,Multiply_11453,34,46,32,32,27,32,18,18,0,32,0.5233,55296,20736,0.625,66,45.7,True
mobilenetv2,Multiply_11453,34,47,32,32,27,32,18,18,0,32,0.5233,55296,20736,0.625,66,36.7,True
mobilenetv2,Multiply_11453,34,48,32,32,27,32,18,18,0,32,0.5233,55296,20736,0.625,66,32.2,True
mobilenetv2,Multiply_11453,34,49,32,32,27,32,18,18,0,32,0.5233,55296,20736,0.625,66,35.4,True
mobilenetv2,Multiply_11453,34,50,32,32,27,32,18,18,0,32,0.5233,55296,20736,0.625,66,31.8,True
mobilenetv2,Multiply_11453,34,51,32,32,27,32,18,18,0,32,0.5233,55296,20736,0.625,66,33.4,True
mobilenetv2,Multiply_11453,34,52,32,32,27,32,18,18,0,32,0.5233,55296,20736,0.625,66,35.1,True
mobilenetv2,Multiply_11453,34,53,32,32,27,32,18,18,0,32,0.5233,55296,20736,0.625,66,52.6,True
mobilenetv2,Multiply_11453,34,54,32,32,27,32,18,18,0,32,0.5233,55296,20736,0.625,66,44.5,True
mobilenetv2,Multiply_11453,34,55,32,32,27,32,18,18,0,32,0.5233,55296,20736,0.625,66,51.9,True
mobilenetv2,Multiply_11453,34,56,32,32,27,32,18,18,0,32,0.5233,55296,20736,0.625,66,35.7,True
mobilenetv2,Multiply_11453,34,57,32,32,27,32,18,18,0,32,0.5233,55296,20736,0.625,66,39.9,True
mobilenetv2,Multiply_11453,34,58,32,32,27,32,18,18,0,32,0.5233,55296,20736,0.625,66,47.4,True
mobilenetv2,Multiply_11453,34,59,32,32,27,32,18,18,0,32,0.5233,55296,20736,0.625,66,31.4,True
mobilenetv2,Multiply_11453,34,60,32,32,27,32,18,18,0,32,0.5233,55296,20736,0.625,66,34.2,True
mobilenetv2,Multiply_11453,34,61,32,32,27,32,18,18,0,32,0.5233,55296,20736,0.625,66,35.1,True
mobilenetv2,Multiply_11453,34,62,32,32,27,32,18,18,0,32,0.5233,55296,20736,0.625,66,37.6,True
mobilenetv2,Multiply_11453,34,63,32,32,27,32,18,18,0,32,0.5233,55296,20736,0.625,66,44.6,True
mobilenetv2,Multiply_11453,34,64,32,32,27,32,18,18,0,32,0.5233,55296,20736,0.625,66,31.1,True
mobilenetv2,Multiply_11453,34,65,32,32,27,32,18,18,0,32,0.5233,55296,20736,0.625,66,34.7,True
mobilenetv2,Multiply_11453,34,66,32,32,27,32,18,18,0,32,0.5233,55296,20736,0.625,66,158.8,True
mobilenetv2,Multiply_11453,34,67,32,32,27,32,18,18,0,32,0.5233,55296,20736,0.625,66,30.4,True
mobilenetv2,Multiply_11453,34,68,32,32,27,32,18,18,0,32,0.5233,55296,20736,0.625,66,39.9,True
mobilenetv2,Multiply_11453,34,69,32,32,27,32,18,18,0,32,0.5233,55296,20736,0.625,66,161.3,True
mobilenetv2,Multiply_11453,34,70,32,32,27,32,18,18,0,32,0.5233,55296,20736,0.625,66,39.8,True
mobilenetv2,Multiply_11453,34,71,32,32,27,32,18,18,0,32,0.5233,55296,20736,0.625,66,32.1,True
mobilenetv2,Multiply_11453,34,72,32,32,27,32,18,18,0,32,0.5233,55296,20736,0.625,66,41.7,True
mobilenetv2,Multiply_11453,34,73,32,32,27,32,18,18,0,32,0.5233,55296,20736,0.625,66,101.4,True
mobilenetv2,Multiply_11453,34,74,32,32,27,32,18,18,0,32,0.5233,55296,20736,0.625,66,91.1,True
mobilenetv2,Multiply_11453,34,75,32,32,27,32,18,18,0,32,0.5233,55296,20736,0.625,66,39.4,True
mobilenetv2,Multiply_11453,34,76,32,32,27,32,18,18,0,32,0.5233,55296,20736,0.625,66,34.6,True
mobilenetv2,Multiply_11453,34,77,32,32,27,32,18,18,0,32,0.5233,55296,20736,0.625,66,34.6,True
mobilenetv2,Multiply_11453,34,78,32,32,27,32,18,18,0,32,0.5233,55296,20736,0.625,66,131.3,True
mobilenetv2,Multiply_11453,34,79,32,32,27,32,18,18,0,32,0.5233,55296,20736,0.625,66,33.8,True
mobilenetv2,Multiply_11453,34,80,32,32,27,32,18,18,0,32,0.5233,55296,20736,0.625,66,32.3,True
mobilenetv2,Multiply_11453,34,81,32,32,27,32,18,18,0,32,0.5233,55296,20736,0.625,66,115.1,True
mobilenetv2,Multiply_11453,34,82,32,32,27,32,18,18,0,32,0.5233,55296,20736,0.625,66,31.1,True
mobilenetv2,Multiply_11453,34,83,32,32,27,32,18,18,0,32,0.5233,55296,20736,0.625,66,37.9,True
mobilenetv2,Multiply_11453,34,84,32,32,27,32,18,18,0,32,0.5233,55296,20736,0.625,66,33.9,True
mobilenetv2,Multiply_11453,34,85,32,32,27,32,18,18,0,32,0.5233,55296,20736,0.625,66,161.8,True
mobilenetv2,Multiply_11453,34,86,32,32,27,32,18,18,0,32,0.5233,55296,20736,0.625,66,30.9,True
mobilenetv2,Multiply_11453,34,87,32,32,27,32,18,18,0,32,0.5233,55296,20736,0.625,66,31.0,True
mobilenetv2,Multiply_11453,34,88,32,32,27,32,18,18,0,32,0.5233,55296,20736,0.625,66,30.6,True
mobilenetv2,Multiply_11453,34,89,32,32,27,32,18,18,0,32,0.5233,55296,20736,0.625,66,40.9,True
mobilenetv2,Multiply_11453,34,90,32,32,27,32,18,18,0,32,0.5233,55296,20736,0.625,66,33.9,True
mobilenetv2,Multiply_11453,34,91,32,32,27,32,18,18,0,32,0.5233,55296,20736,0.625,66,31.9,True
mobilenetv2,Multiply_11453,34,92,32,32,27,32,18,18,0,32,0.5233,55296,20736,0.625,66,68.3,True
mobilenetv2,Multiply_11453,34,93,32,32,27,32,18,18,0,32,0.5233,55296,20736,0.625,66,133.4,True
mobilenetv2,Multiply_11453,34,94,32,32,27,32,18,18,0,32,0.5233,55296,20736,0.625,66,50.8,True
mobilenetv2,Multiply_11453,34,95,32,32,27,32,18,18,0,32,0.5233,55296,20736,0.625,66,38.0,True
mobilenetv2,Multiply_11453,34,96,32,32,27,32,18,18,0,32,0.5233,55296,20736,0.625,66,30.6,True
mobilenetv2,Multiply_11453,34,97,32,32,27,32,18,18,0,32,0.5233,55296,20736,0.625,66,30.6,True
mobilenetv2,Multiply_11453,34,98,32,32,27,32,18,18,0,32,0.5233,55296,20736,0.625,66,146.8,True
