model,layer,layer_idx,tile,orig_m,orig_n,orig_k,m,n,k,config,sa_size,sparsity,orig_macs,eff_macs,mac_reduction,cycles,cpu_us,match
resnet50,Multiply_9544,0,1,16,32,32,16,21,14,0,32,0.6628,32768,9408,0.7129,49,25.1,True
resnet50,Multiply_9544,0,2,16,32,32,16,17,14,0,32,0.6992,32768,7616,0.7676,45,21.4,True
resnet50,Multiply_9544,0,3,16,32,32,16,20,14,0,32,0.6719,32768,8960,0.7266,48,22.0,True
resnet50,Multiply_9544,0,4,16,32,32,16,15,14,1,16,0.7174,32768,6720,0.7949,43,76.1,True
resnet50,Multiply_9544,0,5,16,32,32,16,20,14,0,32,0.6719,32768,8960,0.7266,48,21.5,True
resnet50,Multiply_9544,0,6,16,32,32,16,18,14,0,32,0.6901,32768,8064,0.7539,46,22.5,True
resnet50,Multiply_9544,0,7,16,32,32,16,11,14,1,16,0.7539,32768,4928,0.8496,39,21.6,True
resnet50,Multiply_9544,0,8,16,32,32,16,22,14,0,32,0.6536,32768,9856,0.6992,50,22.1,True
resnet50,Multiply_9544,0,9,16,32,32,16,17,14,0,32,0.6992,32768,7616,0.7676,45,19.9,True
resnet50,Multiply_9544,0,10,16,32,32,16,20,14,0,32,0.6719,32768,8960,0.7266,48,21.0,True
resnet50,Multiply_9544,0,11,16,32,32,16,17,14,0,32,0.6992,32768,7616,0.7676,45,45.8,True
resnet50,Multiply_9544,0,12,16,32,32,16,18,14,0,32,0.6901,32768,8064,0.7539,46,21.0,True
resnet50,Multiply_9544,0,13,16,32,32,16,17,14,0,32,0.6992,32768,7616,0.7676,45,22.6,True
resnet50,Multiply_9544,0,14,16,32,32,16,15,14,1,16,0.7174,32768,6720,0.7949,43,78.8,True
resnet50,Multiply_9544,0,15,16,32,32,16,19,14,0,32,0.681,32768,8512,0.7402,47,22.4,True
resnet50,Multiply_9544,0,16,16,32,32,16,16,14,1,16,0.7083,32768,7168,0.7812,44,21.5,True
resnet50,Multiply_9544,0,17,16,32,32,16,14,14,1,16,0.7266,32768,6272,0.8086,42,26.2,True
resnet50,Multiply_9544,0,18,16,32,32,16,25,14,0,32,0.6263,32768,11200,0.6582,53,22.7,True
resnet50,Multiply_9544,0,19,16,32,32,16,21,14,0,32,0.6628,32768,9408,0.7129,49,22.9,True
resnet50,Multiply_9544,0,20,16,32,32,16,16,14,1,16,0.7083,32768,7168,0.7812,44,26.6,True
resnet50,Multiply_9544,0,21,16,32,32,16,19,14,0,32,0.681,32768,8512,0.7402,47,23.3,True
resnet50,Multiply_9544,0,22,16,32,32,16,23,14,0,32,0.6445,32768,10304,0.6855,51,26.0,True
resnet50,Multiply_9544,0,23,16,32,32,16,13,14,1,16,0.7357,32768,5824,0.8223,41,23.7,True
resnet50,Multiply_9544,0,24,16,32,32,16,14,14,1,16,0.7266,32768,6272,0.8086,42,22.8,True
resnet50,Multiply_9544,0,25,16,32,32,16,20,14,0,32,0.6719,32768,8960,0.7266,48,61.7,True
resnet50,Multiply_9544,0,26,16,32,32,16,18,14,0,32,0.6901,32768,8064,0.7539,46,22.3,True
resnet50,Multiply_9544,0,27,16,32,32,16,17,14,0,32,0.6992,32768,7616,0.7676,45,21.6,True
resnet50,Multiply_9544,0,28,16,32,32,16,20,14,0,32,0.6719,32768,8960,0.7266,48,22.2,True
resnet50,Multiply_9544,0,29,16,32,32,16,19,14,0,32,0.681,32768,8512,0.7402,47,75.9,True
resnet50,Multiply_9544,0,30,16,32,32,16,19,14,0,32,0.681,32768,8512,0.7402,47,21.4,True
resnet50,Multiply_9544,0,31,16,32,32,16,15,14,1,16,0.7174,32768,6720,0.7949,43,23.6,True
resnet50,Multiply_9544,0,32,16,32,32,16,19,14,0,32,0.681,32768,8512,0.7402,47,42.7,True
resnet50,Multiply_9544,0,33,16,32,32,16,16,14,1,16,0.7083,32768,7168,0.7812,44,21.9,True
resnet50,Multiply_9544,0,34,16,32,32,16,17,14,0,32,0.6992,32768,7616,0.7676,45,32.7,True
resnet50,Multiply_9544,0,35,16,32,32,16,19,14,0,32,0.681,32768,8512,0.7402,47,23.3,True
resnet50,Multiply_9544,0,36,16,32,32,16,17,14,0,32,0.6992,32768,7616,0.7676,45,55.4,True
resnet50,Multiply_9544,0,37,16,32,32,16,18,14,0,32,0.6901,32768,8064,0.7539,46,27.3,True
resnet50,Multiply_9544,0,38,16,32,32,16,20,14,0,32,0.6719,32768,8960,0.7266,48,22.5,True
resnet50,Multiply_9544,0,39,16,32,32,16,18,14,0,32,0.6901,32768,8064,0.7539,46,46.1,True
resnet50,Multiply_9544,0,40,16,32,32,16,15,14,1,16,0.7174,32768,6720,0.7949,43,42.7,True
resnet50,Multiply_9544,0,41,16,32,32,16,14,14,1,16,0.7266,32768,6272,0.8086,42,29.2,True
resnet50,Multiply_9544,0,42,16,32,32,16,14,14,1,16,0.7266,32768,6272,0.8086,42,21.4,True
resnet50,Multiply_9544,0,43,16,32,32,16,13,14,1,16,0.7357,32768,5824,0.8223,41,43.9,True
resnet50,Multiply_9544,0,44,16,32,32,16,20,14,0,32,0.6719,32768,8960,0.7266,48,89.2,True
resnet50,Multiply_9544,0,45,16,32,32,16,20,14,0,32,0.6719,32768,8960,0.7266,48,61.7,True
resnet50,Multiply_9544,0,46,16,32,32,16,20,14,0,32,0.6719,32768,8960,0.7266,48,89.0,True
resnet50,Multiply_9544,0,47,16,32,32,16,19,14,0,32,0.681,32768,8512,0.7402,47,52.2,True
resnet50,Multiply_9544,0,48,16,32,32,16,15,14,1,16,0.7174,32768,6720,0.7949,43,76.0,True
resnet50,Multiply_9544,0,49,16,32,32,16,15,14,1,16,0.7174,32768,6720,0.7949,43,25.4,True
resnet50,Multiply_9544,0,50,16,32,32,16,11,14,1,16,0.7539,32768,4928,0.8496,39,31.7,True
resnet50,Multiply_9544,0,51,16,32,32,16,16,14,1,16,0.7083,32768,7168,0.7812,44,21.9,True
resnet50,Multiply_9544,0,52,16,32,32,16,18,14,0,32,0.6901,32768,8064,0.7539,46,89.9,True
resnet50,Multiply_9544,0,53,16,32,32,16,20,14,0,32,0.6719,32768,8960,0.7266,48,27.7,True
resnet50,Multiply_9544,0,54,16,32,32,16,15,14,1,16,0.7174,32768,6720,0.7949,43,75.9,True
resnet50,Multiply_9544,0,55,16,32,32,16,20,14,0,32,0.6719,32768,8960,0.7266,48,20.8,True
resnet50,Multiply_9544,0,56,16,32,32,16,18,14,0,32,0.6901,32768,8064,0.7539,46,28.7,True
resnet50,Multiply_9544,0,57,16,32,32,16,21,14,0,32,0.6628,32768,9408,0.7129,49,29.5,True
resnet50,Multiply_9544,0,58,16,32,32,16,17,14,0,32,0.6992,32768,7616,0.7676,45,26.6,True
resnet50,Multiply_9544,0,59,16,32,32,16,22,14,0,32,0.6536,32768,9856,0.6992,50,21.6,True
resnet50,Multiply_9544,0,60,16,32,32,16,17,14,0,32,0.6992,32768,7616,0.7676,45,110.2,True
resnet50,Multiply_9544,0,61,16,32,32,16,16,14,1,16,0.7083,32768,7168,0.7812,44,22.2,True
resnet50,Multiply_9544,0,62,16,32,32,16,16,14,1,16,0.7083,32768,7168,0.7812,44,22.9,True
resnet50,Multiply_9544,0,63,16,32,32,16,20,14,0,32,0.6719,32768,8960,0.7266,48,91.1,True
resnet50,Multiply_9544,0,64,16,32,32,16,14,14,1,16,0.7266,32768,6272,0.8086,42,98.2,True
resnet50,Multiply_9411,1,1,32,32,32,32,16,15,0,32,0.6484,65536,15360,0.7656,61,40.6,True
resnet50,Multiply_9411,1,2,32,32,32,32,17,15,0,32,0.6411,65536,16320,0.751,62,40.3,True
resnet50,Multiply_9411,1,3,32,32,32,32,21,15,0,32,0.6118,65536,20160,0.6924,66,41.5,True
resnet50,Multiply_9411,1,4,32,32,32,32,13,15,0,32,0.6704,65536,12480,0.8096,58,40.3,True
resnet50,Multiply_9411,1,5,32,32,32,32,18,15,0,32,0.6338,65536,17280,0.7363,63,39.1,True
resnet50,Multiply_9411,1,6,32,32,32,32,23,15,0,32,0.5972,65536,22080,0.6631,68,42.6,True
resnet50,Multiply_9411,1,7,32,32,32,32,15,15,0,32,0.6558,65536,14400,0.7803,60,39.8,True
resnet50,Multiply_9411,1,8,32,32,32,32,17,15,0,32,0.6411,65536,16320,0.751,62,111.1,True
resnet50,Multiply_9411,1,9,32,32,32,32,18,15,0,32,0.6338,65536,17280,0.7363,63,39.9,True
resnet50,Multiply_9411,1,10,32,32,32,32,16,15,0,32,0.6484,65536,15360,0.7656,61,39.5,True
resnet50,Multiply_9411,1,11,32,32,32,32,15,15,0,32,0.6558,65536,14400,0.7803,60,39.6,True
resnet50,Multiply_9411,1,12,32,32,32,32,13,15,0,32,0.6704,65536,12480,0.8096,58,70.6,True
resnet50,Multiply_9411,1,13,32,32,32,32,18,15,0,32,0.6338,65536,17280,0.7363,63,39.2,True
resnet50,Multiply_9411,1,14,32,32,32,32,19,15,0,32,0.6265,65536,18240,0.7217,64,197.4,True
resnet50,Multiply_9411,1,15,32,32,32,32,18,15,0,32,0.6338,65536,17280,0.7363,63,47.1,True
resnet50,Multiply_9411,1,16,32,32,32,32,24,15,0,32,0.5898,65536,23040,0.6484,69,38.8,True
resnet50,Multiply_9411,1,17,32,32,32,32,11,15,0,32,0.6851,65536,10560,0.8389,56,39.2,True
resnet50,Multiply_9411,1,18,32,32,32,32,20,15,0,32,0.6191,65536,19200,0.707,65,42.9,True
resnet50,Multiply_9411,1,19,32,32,32,32,20,15,0,32,0.6191,65536,19200,0.707,65,51.6,True
resnet50,Multiply_9411,1,20,32,32,32,32,20,15,0,32,0.6191,65536,19200,0.707,65,39.8,True
resnet50,Multiply_9411,1,21,32,32,32,32,22,15,0,32,0.6045,65536,21120,0.6777,67,40.1,True
resnet50,Multiply_9411,1,22,32,32,32,32,15,15,0,32,0.6558,65536,14400,0.7803,60,39.2,True
resnet50,Multiply_9411,1,23,32,32,32,32,17,15,0,32,0.6411,65536,16320,0.751,62,98.3,True
resnet50,Multiply_9411,1,24,32,32,32,32,20,15,0,32,0.6191,65536,19200,0.707,65,111.9,True
resnet50,Multiply_9411,1,25,32,32,32,32,20,15,0,32,0.6191,65536,19200,0.707,65,85.5,True
resnet50,Multiply_9411,1,26,32,32,32,32,18,15,0,32,0.6338,65536,17280,0.7363,63,49.1,True
resnet50,Multiply_9411,1,27,32,32,32,32,18,15,0,32,0.6338,65536,17280,0.7363,63,72.9,True
resnet50,Multiply_9411,1,28,32,32,32,32,18,15,0,32,0.6338,65536,17280,0.7363,63,39.1,True
resnet50,Multiply_9411,1,29,32,32,32,32,16,15,0,32,0.6484,65536,15360,0.7656,61,41.6,True
resnet50,Multiply_9411,1,30,32,32,32,32,14,15,0,32,0.6631,65536,13440,0.7949,59,39.4,True
resnet50,Multiply_9411,1,31,32,32,32,32,13,15,0,32,0.6704,65536,12480,0.8096,58,39.2,True
resnet50,Multiply_9411,1,32,32,32,32,32,20,15,0,32,0.6191,65536,19200,0.707,65,129.0,True
resnet50,Multiply_9411,1,33,17,32,32,17,16,15,0,32,0.6843,34816,8160,0.7656,46,24.2,True
resnet50,Multiply_9411,1,34,17,32,32,17,17,15,0,32,0.6747,34816,8670,0.751,47,59.1,True
resnet50,Multiply_9411,1,35,17,32,32,17,21,15,0,32,0.6365,34816,10710,0.6924,51,24.2,True
resnet50,Multiply_9411,1,36,17,32,32,17,13,15,0,32,0.713,34816,6630,0.8096,43,24.5,True
resnet50,Multiply_9411,1,37,17,32,32,17,18,15,0,32,0.6652,34816,9180,0.7363,48,27.3,True
resnet50,Multiply_9411,1,38,17,32,32,17,23,15,0,32,0.6173,34816,11730,0.6631,53,23.4,True
resnet50,Multiply_9411,1,39,17,32,32,17,15,15,0,32,0.6939,34816,7650,0.7803,45,28.5,True
resnet50,Multiply_9411,1,40,17,32,32,17,17,15,0,32,0.6747,34816,8670,0.751,47,23.0,True
resnet50,Multiply_9411,1,41,17,32,32,17,18,15,0,32,0.6652,34816,9180,0.7363,48,23.7,True
resnet50,Multiply_9411,1,42,17,32,32,17,16,15,0,32,0.6843,34816,8160,0.7656,46,23.6,True
resnet50,Multiply_9411,1,43,17,32,32,17,15,15,0,32,0.6939,34816,7650,0.7803,45,24.2,True
resnet50,Multiply_9411,1,44,17,32,32,17,13,15,0,32,0.713,34816,6630,0.8096,43,23.7,True
resnet50,Multiply_9411,1,45,17,32,32,17,18,15,0,32,0.6652,34816,9180,0.7363,48,23.0,True
resnet50,Multiply_9411,1,46,17,32,32,17,19,15,0,32,0.6556,34816,9690,0.7217,49,23.3,True
resnet50,Multiply_9411,1,47,17,32,32,17,18,15,0,32,0.6652,34816,9180,0.7363,48,41.0,True
resnet50,Multiply_9411,1,48,17,32,32,17,24,15,0,32,0.6078,34816,12240,0.6484,54,22.1,True
resnet50,Multiply_9411,1,49,17,32,32,17,11,15,0,32,0.7321,34816,5610,0.8389,41,22.2,True
resnet50,Multiply_9411,1,50,17,32,32,17,20,15,0,32,0.646,34816,10200,0.707,50,31.6,True
resnet50,Multiply_9411,1,51,17,32,32,17,20,15,0,32,0.646,34816,10200,0.707,50,22.0,True
resnet50,Multiply_9411,1,52,17,32,32,17,20,15,0,32,0.646,34816,10200,0.707,50,31.7,True
resnet50,Multiply_9411,1,53,17,32,32,17,22,15,0,32,0.6269,34816,11220,0.6777,52,23.5,True
resnet50,Multiply_9411,1,54,17,32,32,17,15,15,0,32,0.6939,34816,7650,0.7803,45,89.8,True
resnet50,Multiply_9411,1,55,17,32,32,17,17,15,0,32,0.6747,34816,8670,0.751,47,22.8,True
resnet50,Multiply_9411,1,56,17,32,32,17,20,15,0,32,0.646,34816,10200,0.707,50,23.2,True
resnet50,Multiply_9411,1,57,17,32,32,17,20,15,0,32,0.646,34816,10200,0.707,50,26.8,True
resnet50,Multiply_9411,1,58,17,32,32,17,18,15,0,32,0.6652,34816,9180,0.7363,48,24.0,True
resnet50,Multiply_9411,1,59,17,32,32,17,18,15,0,32,0.6652,34816,9180,0.7363,48,24.1,True
resnet50,Multiply_9411,1,60,17,32,32,17,18,15,0,32,0.6652,34816,9180,0.7363,48,22.3,True
resnet50,Multiply_9411,1,61,17,32,32,17,16,15,0,32,0.6843,34816,8160,0.7656,46,23.3,True
resnet50,Multiply_9411,1,62,17,32,32,17,14,15,0,32,0.7034,34816,7140,0.7949,44,29.7,True
resnet50,Multiply_9411,1,63,17,32,32,17,13,15,0,32,0.713,34816,6630,0.8096,43,30.8,True
resnet50,Multiply_9411,1,64,17,32,32,17,20,15,0,32,0.646,34816,10200,0.707,50,24.1,True
resnet50,Multiply_9320,2,1,32,32,32,32,17,12,0,32,0.7129,65536,13056,0.8008,59,39.9,True
resnet50,Multiply_9320,2,2,32,32,32,32,17,12,0,32,0.7129,65536,13056,0.8008,59,40.0,True
resnet50,Multiply_9320,2,3,32,32,32,32,12,12,0,32,0.7422,65536,9216,0.8594,54,39.1,True
resnet50,Multiply_9320,2,4,32,32,32,32,24,12,0,32,0.6719,65536,18432,0.7188,66,40.1,True
resnet50,Multiply_9320,2,5,32,32,32,32,16,12,0,32,0.7188,65536,12288,0.8125,58,40.3,True
resnet50,Multiply_9320,2,6,32,32,32,32,19,12,0,32,0.7012,65536,14592,0.7773,61,40.4,True
resnet50,Multiply_9320,2,7,32,32,32,32,16,12,0,32,0.7188,65536,12288,0.8125,58,40.8,True
resnet50,Multiply_9320,2,8,32,32,32,32,15,12,0,32,0.7246,65536,11520,0.8242,57,41.1,True
resnet50,Multiply_9320,2,9,32,32,32,32,17,12,0,32,0.7129,65536,13056,0.8008,59,38.3,True
resnet50,Multiply_9320,2,10,32,32,32,32,15,12,0,32,0.7246,65536,11520,0.8242,57,39.9,True
resnet50,Multiply_9320,2,11,32,32,32,32,22,12,0,32,0.6836,65536,16896,0.7422,64,39.1,True
resnet50,Multiply_9320,2,12,32,32,32,32,22,12,0,32,0.6836,65536,16896,0.7422,64,119.2,True
resnet50,Multiply_9320,2,13,32,32,32,32,18,12,0,32,0.707,65536,13824,0.7891,60,40.6,True
resnet50,Multiply_9320,2,14,32,32,32,32,14,12,0,32,0.7305,65536,10752,0.8359,56,41.1,True
resnet50,Multiply_9320,2,15,32,32,32,32,14,12,0,32,0.7305,65536,10752,0.8359,56,39.8,True
resnet50,Multiply_9320,2,16,32,32,32,32,24,12,0,32,0.6719,65536,18432,0.7188,66,40.3,True
resnet50,Multiply_9320,2,17,32,32,32,32,17,13,0,32,0.689,65536,14144,0.7842,60,47.9,True
resnet50,Multiply_9320,2,18,32,32,32,32,17,13,0,32,0.689,65536,14144,0.7842,60,39.2,True
resnet50,Multiply_9320,2,19,32,32,32,32,12,13,0,32,0.7207,65536,9984,0.8477,55,113.1,True
resnet50,Multiply_9320,2,20,32,32,32,32,24,13,0,32,0.6445,65536,19968,0.6953,67,39.0,True
resnet50,Multiply_9320,2,21,32,32,32,32,16,13,0,32,0.6953,65536,13312,0.7969,59,48.8,True
resnet50,Multiply_9320,2,22,32,32,32,32,19,13,0,32,0.6763,65536,15808,0.7588,62,39.3,True
resnet50,Multiply_9320,2,23,32,32,32,32,16,13,0,32,0.6953,65536,13312,0.7969,59,95.0,True
resnet50,Multiply_9320,2,24,32,32,32,32,15,13,0,32,0.7017,65536,12480,0.8096,58,47.2,True
resnet50,Multiply_9320,2,25,32,32,32,32,17,13,0,32,0.689,65536,14144,0.7842,60,39.1,True
resnet50,Multiply_9320,2,26,32,32,32,32,15,13,0,32,0.7017,65536,12480,0.8096,58,102.9,True
resnet50,Multiply_9320,2,27,32,32,32,32,22,13,0,32,0.6572,65536,18304,0.7207,65,40.0,True
resnet50,Multiply_9320,2,28,32,32,32,32,22,13,0,32,0.6572,65536,18304,0.7207,65,39.3,True
resnet50,Multiply_9320,2,29,32,32,32,32,18,13,0,32,0.6826,65536,14976,0.7715,61,37.8,True
resnet50,Multiply_9320,2,30,32,32,32,32,14,13,0,32,0.708,65536,11648,0.8223,57,38.8,True
resnet50,Multiply_9320,2,31,32,32,32,32,14,13,0,32,0.708,65536,11648,0.8223,57,39.1,True
resnet50,Multiply_9320,2,32,32,32,32,32,24,13,0,32,0.6445,65536,19968,0.6953,67,38.6,True
resnet50,Multiply_9320,2,33,32,32,32,32,17,12,0,32,0.7129,65536,13056,0.8008,59,125.7,True
resnet50,Multiply_9320,2,34,32,32,32,32,17,12,0,32,0.7129,65536,13056,0.8008,59,40.2,True
resnet50,Multiply_9320,2,35,32,32,32,32,12,12,0,32,0.7422,65536,9216,0.8594,54,38.2,True
resnet50,Multiply_9320,2,36,32,32,32,32,24,12,0,32,0.6719,65536,18432,0.7188,66,39.6,True
resnet50,Multiply_9320,2,37,32,32,32,32,16,12,0,32,0.7188,65536,12288,0.8125,58,40.4,True
resnet50,Multiply_9320,2,38,32,32,32,32,19,12,0,32,0.7012,65536,14592,0.7773,61,38.9,True
resnet50,Multiply_9320,2,39,32,32,32,32,16,12,0,32,0.7188,65536,12288,0.8125,58,39.7,True
resnet50,Multiply_9320,2,40,32,32,32,32,15,12,0,32,0.7246,65536,11520,0.8242,57,39.4,True
resnet50,Multiply_9320,2,41,32,32,32,32,17,12,0,32,0.7129,65536,13056,0.8008,59,57.1,True
resnet50,Multiply_9320,2,42,32,32,32,32,15,12,0,32,0.7246,65536,11520,0.8242,57,39.4,True
resnet50,Multiply_9320,2,43,32,32,32,32,22,12,0,32,0.6836,65536,16896,0.7422,64,38.8,True
resnet50,Multiply_9320,2,44,32,32,32,32,22,12,0,32,0.6836,65536,16896,0.7422,64,38.0,True
resnet50,Multiply_9320,2,45,32,32,32,32,18,12,0,32,0.707,65536,13824,0.7891,60,39.2,True
resnet50,Multiply_9320,2,46,32,32,32,32,14,12,0,32,0.7305,65536,10752,0.8359,56,49.3,True
resnet50,Multiply_9320,2,47,32,32,32,32,14,12,0,32,0.7305,65536,10752,0.8359,56,40.1,True
resnet50,Multiply_9320,2,48,32,32,32,32,24,12,0,32,0.6719,65536,18432,0.7188,66,70.9,True
resnet50,Multiply_9320,2,49,32,32,32,32,17,12,0,32,0.7129,65536,13056,0.8008,59,38.1,True
resnet50,Multiply_9320,2,50,32,32,32,32,17,12,0,32,0.7129,65536,13056,0.8008,59,39.6,True
resnet50,Multiply_9320,2,51,32,32,32,32,12,12,0,32,0.7422,65536,9216,0.8594,54,39.9,True
resnet50,Multiply_9320,2,52,32,32,32,32,24,12,0,32,0.6719,65536,18432,0.7188,66,51.8,True
resnet50,Multiply_9320,2,53,32,32,32,32,16,12,0,32,0.7188,65536,12288,0.8125,58,39.9,True
resnet50,Multiply_9320,2,54,32,32,32,32,19,12,0,32,0.7012,65536,14592,0.7773,61,39.2,True
resnet50,Multiply_9320,2,55,32,32,32,32,16,12,0,32,0.7188,65536,12288,0.8125,58,39.5,True
resnet50,Multiply_9320,2,56,32,32,32,32,15,12,0,32,0.7246,65536,11520,0.8242,57,41.8,True
resnet50,Multiply_9320,2,57,32,32,32,32,17,12,0,32,0.7129,65536,13056,0.8008,59,78.7,True
resnet50,Multiply_9320,2,58,32,32,32,32,15,12,0,32,0.7246,65536,11520,0.8242,57,39.1,True
resnet50,Multiply_9320,2,59,32,32,32,32,22,12,0,32,0.6836,65536,16896,0.7422,64,39.1,True
resnet50,Multiply_9320,2,60,32,32,32,32,22,12,0,32,0.6836,65536,16896,0.7422,64,39.3,True
resnet50,Multiply_9320,2,61,32,32,32,32,18,12,0,32,0.707,65536,13824,0.7891,60,39.7,True
resnet50,Multiply_9320,2,62,32,32,32,32,14,12,0,32,0.7305,65536,10752,0.8359,56,107.4,True
resnet50,Multiply_9320,2,63,32,32,32,32,14,12,0,32,0.7305,65536,10752,0.8359,56,40.1,True
resnet50,Multiply_9320,2,64,32,32,32,32,24,12,0,32,0.6719,65536,18432,0.7188,66,40.4,True
resnet50,Multiply_9320,2,65,32,32,32,32,17,13,0,32,0.689,65536,14144,0.7842,60,38.7,True
resnet50,Multiply_9320,2,66,32,32,32,32,17,13,0,32,0.689,65536,14144,0.7842,60,40.2,True
resnet50,Multiply_9320,2,67,32,32,32,32,12,13,0,32,0.7207,65536,9984,0.8477,55,40.1,True
resnet50,Multiply_9320,2,68,32,32,32,32,24,13,0,32,0.6445,65536,19968,0.6953,67,40.0,True
resnet50,Multiply_9320,2,69,32,32,32,32,16,13,0,32,0.6953,65536,13312,0.7969,59,41.3,True
resnet50,Multiply_9320,2,70,32,32,32,32,19,13,0,32,0.6763,65536,15808,0.7588,62,39.9,True
resnet50,Multiply_9320,2,71,32,32,32,32,16,13,0,32,0.6953,65536,13312,0.7969,59,40.6,True
resnet50,Multiply_9320,2,72,32,32,32,32,15,13,0,32,0.7017,65536,12480,0.8096,58,42.1,True
resnet50,Multiply_9320,2,73,32,32,32,32,17,13,0,32,0.689,65536,14144,0.7842,60,39.2,True
resnet50,Multiply_9320,2,74,32,32,32,32,15,13,0,32,0.7017,65536,12480,0.8096,58,39.9,True
resnet50,Multiply_9320,2,75,32,32,32,32,22,13,0,32,0.6572,65536,18304,0.7207,65,38.3,True
resnet50,Multiply_9320,2,76,32,32,32,32,22,13,0,32,0.6572,65536,18304,0.7207,65,39.9,True
resnet50,Multiply_9320,2,77,32,32,32,32,18,13,0,32,0.6826,65536,14976,0.7715,61,41.0,True
resnet50,Multiply_9320,2,78,32,32,32,32,14,13,0,32,0.708,65536,11648,0.8223,57,39.4,True
resnet50,Multiply_9320,2,79,32,32,32,32,14,13,0,32,0.708,65536,11648,0.8223,57,39.6,True
resnet50,Multiply_9320,2,80,32,32,32,32,24,13,0,32,0.6445,65536,19968,0.6953,67,40.3,True
resnet50,Multiply_9320,2,81,32,32,32,32,17,12,0,32,0.7129,65536,13056,0.8008,59,38.9,True
resnet50,Multiply_9320,2,82,32,32,32,32,17,12,0,32,0.7129,65536,13056,0.8008,59,41.7,True
resnet50,Multiply_9320,2,83,32,32,32,32,12,12,0,32,0.7422,65536,9216,0.8594,54,50.8,True
resnet50,Multiply_9320,2,84,32,32,32,32,24,12,0,32,0.6719,65536,18432,0.7188,66,69.1,True
resnet50,Multiply_9320,2,85,32,32,32,32,16,12,0,32,0.7188,65536,12288,0.8125,58,39.2,True
resnet50,Multiply_9320,2,86,32,32,32,32,19,12,0,32,0.7012,65536,14592,0.7773,61,51.7,True
resnet50,Multiply_9320,2,87,32,32,32,32,16,12,0,32,0.7188,65536,12288,0.8125,58,40.4,True
resnet50,Multiply_9320,2,88,32,32,32,32,15,12,0,32,0.7246,65536,11520,0.8242,57,39.3,True
resnet50,Multiply_9320,2,89,32,32,32,32,17,12,0,32,0.7129,65536,13056,0.8008,59,40.0,True
resnet50,Multiply_9320,2,90,32,32,32,32,15,12,0,32,0.7246,65536,11520,0.8242,57,45.7,True
resnet50,Multiply_9320,2,91,32,32,32,32,22,12,0,32,0.6836,65536,16896,0.7422,64,47.5,True
resnet50,Multiply_9320,2,92,32,32,32,32,22,12,0,32,0.6836,65536,16896,0.7422,64,127.2,True
resnet50,Multiply_9320,2,93,32,32,32,32,18,12,0,32,0.707,65536,13824,0.7891,60,39.3,True
resnet50,Multiply_9320,2,94,32,32,32,32,14,12,0,32,0.7305,65536,10752,0.8359,56,39.1,True
resnet50,Multiply_9320,2,95,32,32,32,32,14,12,0,32,0.7305,65536,10752,0.8359,56,40.0,True
resnet50,Multiply_9320,2,96,32,32,32,32,24,12,0,32,0.6719,65536,18432,0.7188,66,40.2,True
resnet50,Multiply_9320,2,97,4,32,32,4,17,9,0,32,0.8359,8192,1224,0.8506,28,10.3,True
resnet50,Multiply_9320,2,98,4,32,32,4,17,9,0,32,0.8359,8192,1224,0.8506,28,12.9,True
resnet50,Multiply_9320,2,99,4,32,32,4,12,9,1,16,0.875,8192,864,0.8945,23,9.4,True
resnet50,Multiply_9320,2,100,4,32,32,4,24,9,0,32,0.7812,8192,1728,0.7891,35,13.7,True
resnet50,Multiply_9320,2,101,4,32,32,4,16,9,1,16,0.8438,8192,1152,0.8594,27,18.4,True
resnet50,Multiply_9320,2,102,4,32,32,4,19,9,0,32,0.8203,8192,1368,0.833,30,10.2,True
resnet50,Multiply_9320,2,103,4,32,32,4,16,9,1,16,0.8438,8192,1152,0.8594,27,14.5,True
resnet50,Multiply_9320,2,104,4,32,32,4,15,9,1,16,0.8516,8192,1080,0.8682,26,12.5,True
resnet50,Multiply_9320,2,105,4,32,32,4,17,9,0,32,0.8359,8192,1224,0.8506,28,17.2,True
resnet50,Multiply_9320,2,106,4,32,32,4,15,9,1,16,0.8516,8192,1080,0.8682,26,50.6,True
resnet50,Multiply_9320,2,107,4,32,32,4,22,9,0,32,0.7969,8192,1584,0.8066,33,14.7,True
resnet50,Multiply_9320,2,108,4,32,32,4,22,9,0,32,0.7969,8192,1584,0.8066,33,14.8,True
resnet50,Multiply_9320,2,109,4,32,32,4,18,9,0,32,0.8281,8192,1296,0.8418,29,22.2,True
resnet50,Multiply_9320,2,110,4,32,32,4,14,9,1,16,0.8594,8192,1008,0.877,25,10.6,True
resnet50,Multiply_9320,2,111,4,32,32,4,14,9,1,16,0.8594,8192,1008,0.877,25,13.9,True
resnet50,Multiply_9320,2,112,4,32,32,4,24,9,0,32,0.7812,8192,1728,0.7891,35,17.2,True
resnet50,Multiply_9250,3,1,32,32,32,32,17,10,0,32,0.7607,65536,10880,0.834,57,46.6,True
resnet50,Multiply_9250,3,2,32,32,32,32,18,10,0,32,0.7559,65536,11520,0.8242,58,48.7,True
resnet50,Multiply_9250,3,3,32,32,32,32,14,10,0,32,0.7754,65536,8960,0.8633,54,185.8,True
resnet50,Multiply_9250,3,4,32,32,32,32,21,10,0,32,0.7412,65536,13440,0.7949,61,39.4,True
resnet50,Multiply_9250,3,5,32,32,32,32,19,10,0,32,0.751,65536,12160,0.8145,59,47.3,True
resnet50,Multiply_9250,3,6,32,32,32,32,17,10,0,32,0.7607,65536,10880,0.834,57,52.0,True
resnet50,Multiply_9250,3,7,32,32,32,32,18,10,0,32,0.7559,65536,11520,0.8242,58,49.2,True
resnet50,Multiply_9250,3,8,32,32,32,32,17,10,0,32,0.7607,65536,10880,0.834,57,170.4,True
resnet50,Multiply_9250,3,9,32,32,32,32,17,11,0,32,0.7368,65536,11968,0.8174,58,39.1,True
resnet50,Multiply_9250,3,10,32,32,32,32,18,11,0,32,0.7314,65536,12672,0.8066,59,39.6,True
resnet50,Multiply_9250,3,11,32,32,32,32,14,11,0,32,0.7529,65536,9856,0.8496,55,46.0,True
resnet50,Multiply_9250,3,12,32,32,32,32,21,11,0,32,0.7153,65536,14784,0.7744,62,48.2,True
resnet50,Multiply_9250,3,13,32,32,32,32,19,11,0,32,0.7261,65536,13376,0.7959,60,48.9,True
resnet50,Multiply_9250,3,14,32,32,32,32,17,11,0,32,0.7368,65536,11968,0.8174,58,44.4,True
resnet50,Multiply_9250,3,15,32,32,32,32,18,11,0,32,0.7314,65536,12672,0.8066,59,51.2,True
resnet50,Multiply_9250,3,16,32,32,32,32,17,11,0,32,0.7368,65536,11968,0.8174,58,48.5,True
resnet50,Multiply_9250,3,17,32,32,32,32,17,12,0,32,0.7129,65536,13056,0.8008,59,46.9,True
resnet50,Multiply_9250,3,18,32,32,32,32,18,12,0,32,0.707,65536,13824,0.7891,60,79.4,True
resnet50,Multiply_9250,3,19,32,32,32,32,14,12,0,32,0.7305,65536,10752,0.8359,56,49.7,True
resnet50,Multiply_9250,3,20,32,32,32,32,21,12,0,32,0.6895,65536,16128,0.7539,63,50.7,True
resnet50,Multiply_9250,3,21,32,32,32,32,19,12,0,32,0.7012,65536,14592,0.7773,61,48.0,True
resnet50,Multiply_9250,3,22,32,32,32,32,17,12,0,32,0.7129,65536,13056,0.8008,59,50.6,True
resnet50,Multiply_9250,3,23,32,32,32,32,18,12,0,32,0.707,65536,13824,0.7891,60,49.4,True
resnet50,Multiply_9250,3,24,32,32,32,32,17,12,0,32,0.7129,65536,13056,0.8008,59,50.5,True
resnet50,Multiply_9250,3,25,32,32,32,32,17,11,0,32,0.7368,65536,11968,0.8174,58,48.2,True
resnet50,Multiply_9250,3,26,32,32,32,32,18,11,0,32,0.7314,65536,12672,0.8066,59,48.2,True
resnet50,Multiply_9250,3,27,32,32,32,32,14,11,0,32,0.7529,65536,9856,0.8496,55,48.9,True
resnet50,Multiply_9250,3,28,32,32,32,32,21,11,0,32,0.7153,65536,14784,0.7744,62,49.6,True
resnet50,Multiply_9250,3,29,32,32,32,32,19,11,0,32,0.7261,65536,13376,0.7959,60,51.7,True
resnet50,Multiply_9250,3,30,32,32,32,32,17,11,0,32,0.7368,65536,11968,0.8174,58,49.4,True
resnet50,Multiply_9250,3,31,32,32,32,32,18,11,0,32,0.7314,65536,12672,0.8066,59,48.8,True
resnet50,Multiply_9250,3,32,32,32,32,32,17,11,0,32,0.7368,65536,11968,0.8174,58,48.3,True
resnet50,Multiply_9250,3,33,32,32,32,32,17,11,0,32,0.7368,65536,11968,0.8174,58,44.5,True
resnet50,Multiply_9250,3,34,32,32,32,32,18,11,0,32,0.7314,65536,12672,0.8066,59,48.2,True
resnet50,Multiply_9250,3,35,32,32,32,32,14,11,0,32,0.7529,65536,9856,0.8496,55,49.0,True
resnet50,Multiply_9250,3,36,32,32,32,32,21,11,0,32,0.7153,65536,14784,0.7744,62,47.9,True
resnet50,Multiply_9250,3,37,32,32,32,32,19,11,0,32,0.7261,65536,13376,0.7959,60,48.3,True
resnet50,Multiply_9250,3,38,32,32,32,32,17,11,0,32,0.7368,65536,11968,0.8174,58,40.0,True
resnet50,Multiply_9250,3,39,32,32,32,32,18,11,0,32,0.7314,65536,12672,0.8066,59,54.6,True
resnet50,Multiply_9250,3,40,32,32,32,32,17,11,0,32,0.7368,65536,11968,0.8174,58,135.4,True
resnet50,Multiply_9250,3,41,32,32,32,32,17,10,0,32,0.7607,65536,10880,0.834,57,49.3,True
resnet50,Multiply_9250,3,42,32,32,32,32,18,10,0,32,0.7559,65536,11520,0.8242,58,50.3,True
resnet50,Multiply_9250,3,43,32,32,32,32,14,10,0,32,0.7754,65536,8960,0.8633,54,38.7,True
resnet50,Multiply_9250,3,44,32,32,32,32,21,10,0,32,0.7412,65536,13440,0.7949,61,107.3,True
resnet50,Multiply_9250,3,45,32,32,32,32,19,10,0,32,0.751,65536,12160,0.8145,59,48.0,True
resnet50,Multiply_9250,3,46,32,32,32,32,17,10,0,32,0.7607,65536,10880,0.834,57,51.2,True
resnet50,Multiply_9250,3,47,32,32,32,32,18,10,0,32,0.7559,65536,11520,0.8242,58,48.4,True
resnet50,Multiply_9250,3,48,32,32,32,32,17,10,0,32,0.7607,65536,10880,0.834,57,178.3,True
resnet50,Multiply_9250,3,49,32,32,32,32,17,11,0,32,0.7368,65536,11968,0.8174,58,44.2,True
resnet50,Multiply_9250,3,50,32,32,32,32,18,11,0,32,0.7314,65536,12672,0.8066,59,48.6,True
resnet50,Multiply_9250,3,51,32,32,32,32,14,11,0,32,0.7529,65536,9856,0.8496,55,65.8,True
resnet50,Multiply_9250,3,52,32,32,32,32,21,11,0,32,0.7153,65536,14784,0.7744,62,37.7,True
resnet50,Multiply_9250,3,53,32,32,32,32,19,11,0,32,0.7261,65536,13376,0.7959,60,48.0,True
resnet50,Multiply_9250,3,54,32,32,32,32,17,11,0,32,0.7368,65536,11968,0.8174,58,48.4,True
resnet50,Multiply_9250,3,55,32,32,32,32,18,11,0,32,0.7314,65536,12672,0.8066,59,162.4,True
resnet50,Multiply_9250,3,56,32,32,32,32,17,11,0,32,0.7368,65536,11968,0.8174,58,64.3,True
resnet50,Multiply_9250,3,57,32,32,32,32,17,10,0,32,0.7607,65536,10880,0.834,57,132.1,True
resnet50,Multiply_9250,3,58,32,32,32,32,18,10,0,32,0.7559,65536,11520,0.8242,58,51.0,True
resnet50,Multiply_9250,3,59,32,32,32,32,14,10,0,32,0.7754,65536,8960,0.8633,54,45.4,True
resnet50,Multiply_9250,3,60,32,32,32,32,21,10,0,32,0.7412,65536,13440,0.7949,61,45.3,True
resnet50,Multiply_9250,3,61,32,32,32,32,19,10,0,32,0.751,65536,12160,0.8145,59,48.4,True
resnet50,Multiply_9250,3,62,32,32,32,32,17,10,0,32,0.7607,65536,10880,0.834,57,48.2,True
resnet50,Multiply_9250,3,63,32,32,32,32,18,10,0,32,0.7559,65536,11520,0.8242,58,49.0,True
resnet50,Multiply_9250,3,64,32,32,32,32,17,10,0,32,0.7607,65536,10880,0.834,57,45.0,True
resnet50,Multiply_9250,3,65,32,32,32,32,17,11,0,32,0.7368,65536,11968,0.8174,58,58.9,True
resnet50,Multiply_9250,3,66,32,32,32,32,18,11,0,32,0.7314,65536,12672,0.8066,59,48.8,True
resnet50,Multiply_9250,3,67,32,32,32,32,14,11,0,32,0.7529,65536,9856,0.8496,55,39.6,True
resnet50,Multiply_9250,3,68,32,32,32,32,21,11,0,32,0.7153,65536,14784,0.7744,62,45.0,True
resnet50,Multiply_9250,3,69,32,32,32,32,19,11,0,32,0.7261,65536,13376,0.7959,60,54.0,True
resnet50,Multiply_9250,3,70,32,32,32,32,17,11,0,32,0.7368,65536,11968,0.8174,58,201.5,True
resnet50,Multiply_9250,3,71,32,32,32,32,18,11,0,32,0.7314,65536,12672,0.8066,59,52.0,True
resnet50,Multiply_9250,3,72,32,32,32,32,17,11,0,32,0.7368,65536,11968,0.8174,58,64.6,True
resnet50,Multiply_9250,3,73,32,32,32,32,17,11,0,32,0.7368,65536,11968,0.8174,58,63.5,True
resnet50,Multiply_9250,3,74,32,32,32,32,18,11,0,32,0.7314,65536,12672,0.8066,59,48.1,True
resnet50,Multiply_9250,3,75,32,32,32,32,14,11,0,32,0.7529,65536,9856,0.8496,55,62.3,True
resnet50,Multiply_9250,3,76,32,32,32,32,21,11,0,32,0.7153,65536,14784,0.7744,62,61.4,True
resnet50,Multiply_9250,3,77,32,32,32,32,19,11,0,32,0.7261,65536,13376,0.7959,60,48.6,True
resnet50,Multiply_9250,3,78,32,32,32,32,17,11,0,32,0.7368,65536,11968,0.8174,58,47.6,True
resnet50,Multiply_9250,3,79,32,32,32,32,18,11,0,32,0.7314,65536,12672,0.8066,59,45.0,True
resnet50,Multiply_9250,3,80,32,32,32,32,17,11,0,32,0.7368,65536,11968,0.8174,58,177.7,True
resnet50,Multiply_9250,3,81,32,32,32,32,17,12,0,32,0.7129,65536,13056,0.8008,59,197.0,True
resnet50,Multiply_9250,3,82,32,32,32,32,18,12,0,32,0.707,65536,13824,0.7891,60,68.9,True
resnet50,Multiply_9250,3,83,32,32,32,32,14,12,0,32,0.7305,65536,10752,0.8359,56,53.0,True
resnet50,Multiply_9250,3,84,32,32,32,32,21,12,0,32,0.6895,65536,16128,0.7539,63,49.0,True
resnet50,Multiply_9250,3,85,32,32,32,32,19,12,0,32,0.7012,65536,14592,0.7773,61,49.0,True
resnet50,Multiply_9250,3,86,32,32,32,32,17,12,0,32,0.7129,65536,13056,0.8008,59,45.7,True
resnet50,Multiply_9250,3,87,32,32,32,32,18,12,0,32,0.707,65536,13824,0.7891,60,66.8,True
resnet50,Multiply_9250,3,88,32,32,32,32,17,12,0,32,0.7129,65536,13056,0.8008,59,38.4,True
resnet50,Multiply_9250,3,89,32,32,32,32,17,10,0,32,0.7607,65536,10880,0.834,57,146.2,True
resnet50,Multiply_9250,3,90,32,32,32,32,18,10,0,32,0.7559,65536,11520,0.8242,58,49.2,True
resnet50,Multiply_9250,3,91,32,32,32,32,14,10,0,32,0.7754,65536,8960,0.8633,54,39.7,True
resnet50,Multiply_9250,3,92,32,32,32,32,21,10,0,32,0.7412,65536,13440,0.7949,61,48.4,True
resnet50,Multiply_9250,3,93,32,32,32,32,19,10,0,32,0.751,65536,12160,0.8145,59,49.5,True
resnet50,Multiply_9250,3,94,32,32,32,32,17,10,0,32,0.7607,65536,10880,0.834,57,45.1,True
resnet50,Multiply_9250,3,95,32,32,32,32,18,10,0,32,0.7559,65536,11520,0.8242,58,59.2,True
resnet50,Multiply_9250,3,96,32,32,32,32,17,10,0,32,0.7607,65536,10880,0.834,57,424.0,True
resnet50,Multiply_9250,3,97,32,32,32,32,17,12,0,32,0.7129,65536,13056,0.8008,59,74.5,True
resnet50,Multiply_9250,3,98,32,32,32,32,18,12,0,32,0.707,65536,13824,0.7891,60,50.5,True
resnet50,Multiply_9250,3,99,32,32,32,32,14,12,0,32,0.7305,65536,10752,0.8359,56,85.4,True
resnet50,Multiply_9250,3,100,32,32,32,32,21,12,0,32,0.6895,65536,16128,0.7539,63,39.1,True
resnet50,Multiply_9250,3,101,32,32,32,32,19,12,0,32,0.7012,65536,14592,0.7773,61,129.2,True
resnet50,Multiply_9250,3,102,32,32,32,32,17,12,0,32,0.7129,65536,13056,0.8008,59,54.2,True
resnet50,Multiply_9250,3,103,32,32,32,32,18,12,0,32,0.707,65536,13824,0.7891,60,146.6,True
resnet50,Multiply_9250,3,104,32,32,32,32,17,12,0,32,0.7129,65536,13056,0.8008,59,45.5,True
resnet50,Multiply_9250,3,105,32,32,32,32,17,11,0,32,0.7368,65536,11968,0.8174,58,86.0,True
resnet50,Multiply_9250,3,107,32,32,32,32,14,11,0,32,0.7529,65536,9856,0.8496,55,96.5,True
resnet50,Multiply_9250,3,108,32,32,32,32,21,11,0,32,0.7153,65536,14784,0.7744,62,45.2,True
resnet50,Multiply_9250,3,109,32,32,32,32,19,11,0,32,0.7261,65536,13376,0.7959,60,43.7,True
resnet50,Multiply_9250,3,110,32,32,32,32,17,11,0,32,0.7368,65536,11968,0.8174,58,45.6,True
resnet50,Multiply_9250,3,111,32,32,32,32,18,11,0,32,0.7314,65536,12672,0.8066,59,177.4,True
resnet50,Multiply_9250,3,112,32,32,32,32,17,11,0,32,0.7368,65536,11968,0.8174,58,48.0,True
resnet50,Multiply_9250,3,113,32,32,32,32,17,12,0,32,0.7129,65536,13056,0.8008,59,46.0,True
resnet50,Multiply_9250,3,114,32,32,32,32,18,12,0,32,0.707,65536,13824,0.7891,60,74.5,True
resnet50,Multiply_9250,3,115,32,32,32,32,14,12,0,32,0.7305,65536,10752,0.8359,56,47.5,True
resnet50,Multiply_9250,3,116,32,32,32,32,21,12,0,32,0.6895,65536,16128,0.7539,63,47.7,True
resnet50,Multiply_9250,3,117,32,32,32,32,19,12,0,32,0.7012,65536,14592,0.7773,61,43.5,True
resnet50,Multiply_9250,3,118,32,32,32,32,17,12,0,32,0.7129,65536,13056,0.8008,59,48.0,True
resnet50,Multiply_9250,3,119,32,32,32,32,18,12,0,32,0.707,65536,13824,0.7891,60,49.7,True
resnet50,Multiply_9250,3,120,32,32,32,32,17,12,0,32,0.7129,65536,13056,0.8008,59,69.6,True
resnet50,Multiply_9250,3,121,32,32,32,32,17,10,0,32,0.7607,65536,10880,0.834,57,47.3,True
resnet50,Multiply_9250,3,122,32,32,32,32,18,10,0,32,0.7559,65536,11520,0.8242,58,50.0,True
resnet50,Multiply_9250,3,123,32,32,32,32,14,10,0,32,0.7754,65536,8960,0.8633,54,67.3,True
resnet50,Multiply_9250,3,124,32,32,32,32,21,10,0,32,0.7412,65536,13440,0.7949,61,50.0,True
resnet50,Multiply_9250,3,125,32,32,32,32,19,10,0,32,0.751,65536,12160,0.8145,59,125.9,True
resnet50,Multiply_9250,3,126,32,32,32,32,17,10,0,32,0.7607,65536,10880,0.834,57,74.6,True
resnet50,Multiply_9250,3,127,32,32,32,32,18,10,0,32,0.7559,65536,11520,0.8242,58,50.7,True
resnet50,Multiply_9250,3,128,32,32,32,32,17,10,0,32,0.7607,65536,10880,0.834,57,73.1,True
resnet50,Multiply_9250,3,129,32,32,32,32,17,12,0,32,0.7129,65536,13056,0.8008,59,43.5,True
resnet50,Multiply_9250,3,130,32,32,32,32,18,12,0,32,0.707,65536,13824,0.7891,60,148.8,True
resnet50,Multiply_9250,3,131,32,32,32,32,14,12,0,32,0.7305,65536,10752,0.8359,56,88.7,True
resnet50,Multiply_9250,3,132,32,32,32,32,21,12,0,32,0.6895,65536,16128,0.7539,63,90.5,True
resnet50,Multiply_9250,3,133,32,32,32,32,19,12,0,32,0.7012,65536,14592,0.7773,61,73.3,True
resnet50,Multiply_9250,3,134,32,32,32,32,17,12,0,32,0.7129,65536,13056,0.8008,59,37.1,True
resnet50,Multiply_9250,3,135,32,32,32,32,18,12,0,32,0.707,65536,13824,0.7891,60,37.8,True
resnet50,Multiply_9250,3,136,32,32,32,32,17,12,0,32,0.7129,65536,13056,0.8008,59,48.9,True
resnet50,Multiply_9250,3,137,32,32,32,32,17,11,0,32,0.7368,65536,11968,0.8174,58,47.8,True
resnet50,Multiply_9250,3,138,32,32,32,32,18,11,0,32,0.7314,65536,12672,0.8066,59,59.4,True
resnet50,Multiply_9250,3,139,32,32,32,32,14,11,0,32,0.7529,65536,9856,0.8496,55,38.4,True
resnet50,Multiply_9250,3,140,32,32,32,32,21,11,0,32,0.7153,65536,14784,0.7744,62,47.8,True
resnet50,Multiply_9250,3,141,32,32,32,32,19,11,0,32,0.7261,65536,13376,0.7959,60,38.6,True
resnet50,Multiply_9250,3,142,32,32,32,32,17,11,0,32,0.7368,65536,11968,0.8174,58,49.4,True
resnet50,Multiply_9250,3,143,32,32,32,32,18,11,0,32,0.7314,65536,12672,0.8066,59,175.6,True
resnet50,Multiply_9250,3,144,32,32,32,32,17,11,0,32,0.7368,65536,11968,0.8174,58,46.0,True
resnet50,Multiply_9250,3,145,32,32,32,32,17,12,0,32,0.7129,65536,13056,0.8008,59,38.1,True
resnet50,Multiply_9250,3,146,32,32,32,32,18,12,0,32,0.707,65536,13824,0.7891,60,55.6,True
resnet50,Multiply_9250,3,147,32,32,32,32,14,12,0,32,0.7305,65536,10752,0.8359,56,52.4,True
resnet50,Multiply_9250,3,148,32,32,32,32,21,12,0,32,0.6895,65536,16128,0.7539,63,51.7,True
resnet50,Multiply_9250,3,149,32,32,32,32,19,12,0,32,0.7012,65536,14592,0.7773,61,56.4,True
resnet50,Multiply_9250,3,150,32,32,32,32,17,12,0,32,0.7129,65536,13056,0.8008,59,48.3,True
resnet50,Multiply_9250,3,151,32,32,32,32,18,12,0,32,0.707,65536,13824,0.7891,60,64.7,True
resnet50,Multiply_9250,3,152,32,32,32,32,17,12,0,32,0.7129,65536,13056,0.8008,59,151.4,True
resnet50,Multiply_9250,3,153,32,32,32,32,17,11,0,32,0.7368,65536,11968,0.8174,58,45.8,True
resnet50,Multiply_9250,3,154,32,32,32,32,18,11,0,32,0.7314,65536,12672,0.8066,59,83.3,True
resnet50,Multiply_9250,3,155,32,32,32,32,14,11,0,32,0.7529,65536,9856,0.8496,55,49.9,True
resnet50,Multiply_9250,3,156,32,32,32,32,21,11,0,32,0.7153,65536,14784,0.7744,62,48.6,True
resnet50,Multiply_9250,3,157,32,32,32,32,19,11,0,32,0.7261,65536,13376,0.7959,60,48.0,True
resnet50,Multiply_9250,3,158,32,32,32,32,17,11,0,32,0.7368,65536,11968,0.8174,58,142.7,True
resnet50,Multiply_9250,3,159,32,32,32,32,18,11,0,32,0.7314,65536,12672,0.8066,59,78.7,True
resnet50,Multiply_9250,3,160,32,32,32,32,17,11,0,32,0.7368,65536,11968,0.8174,58,158.4,True
resnet50,Multiply_9250,3,161,32,32,32,32,17,10,0,32,0.7607,65536,10880,0.834,57,56.1,True
resnet50,Multiply_9250,3,162,32,32,32,32,18,10,0,32,0.7559,65536,11520,0.8242,58,44.5,True
resnet50,Multiply_9250,3,163,32,32,32,32,14,10,0,32,0.7754,65536,8960,0.8633,54,78.8,True
resnet50,Multiply_9250,3,164,32,32,32,32,21,10,0,32,0.7412,65536,13440,0.7949,61,46.8,True
resnet50,Multiply_9250,3,165,32,32,32,32,19,10,0,32,0.751,65536,12160,0.8145,59,38.6,True
resnet50,Multiply_9250,3,166,32,32,32,32,17,10,0,32,0.7607,65536,10880,0.834,57,54.7,True
resnet50,Multiply_9250,3,167,32,32,32,32,18,10,0,32,0.7559,65536,11520,0.8242,58,49.8,True
resnet50,Multiply_9250,3,168,32,32,32,32,17,10,0,32,0.7607,65536,10880,0.834,57,68.6,True
resnet50,Multiply_9250,3,169,32,32,32,32,17,11,0,32,0.7368,65536,11968,0.8174,58,47.2,True
resnet50,Multiply_9250,3,170,32,32,32,32,18,11,0,32,0.7314,65536,12672,0.8066,59,83.8,True
resnet50,Multiply_9250,3,171,32,32,32,32,14,11,0,32,0.7529,65536,9856,0.8496,55,78.3,True
resnet50,Multiply_9250,3,172,32,32,32,32,21,11,0,32,0.7153,65536,14784,0.7744,62,198.8,True
resnet50,Multiply_9250,3,173,32,32,32,32,19,11,0,32,0.7261,65536,13376,0.7959,60,101.2,True
resnet50,Multiply_9250,3,174,32,32,32,32,17,11,0,32,0.7368,65536,11968,0.8174,58,105.6,True
resnet50,Multiply_9250,3,175,32,32,32,32,18,11,0,32,0.7314,65536,12672,0.8066,59,39.3,True
resnet50,Multiply_9250,3,176,32,32,32,32,17,11,0,32,0.7368,65536,11968,0.8174,58,39.2,True
resnet50,Multiply_9250,3,177,32,32,32,32,17,9,0,32,0.7847,65536,9792,0.8506,56,44.2,True
resnet50,Multiply_9250,3,178,32,32,32,32,18,9,0,32,0.7803,65536,10368,0.8418,57,39.9,True
resnet50,Multiply_9250,3,179,32,32,32,32,14,9,0,32,0.7979,65536,8064,0.877,53,64.8,True
resnet50,Multiply_9250,3,180,32,32,32,32,21,9,0,32,0.7671,65536,12096,0.8154,60,47.4,True
resnet50,Multiply_9250,3,181,32,32,32,32,19,9,0,32,0.7759,65536,10944,0.833,58,50.1,True
resnet50,Multiply_9250,3,182,32,32,32,32,17,9,0,32,0.7847,65536,9792,0.8506,56,48.5,True
resnet50,Multiply_9250,3,183,32,32,32,32,18,9,0,32,0.7803,65536,10368,0.8418,57,45.5,True
resnet50,Multiply_9250,3,184,32,32,32,32,17,9,0,32,0.7847,65536,9792,0.8506,56,46.0,True
resnet50,Multiply_9250,3,185,32,32,32,32,17,12,0,32,0.7129,65536,13056,0.8008,59,37.8,True
resnet50,Multiply_9250,3,186,32,32,32,32,18,12,0,32,0.707,65536,13824,0.7891,60,189.6,True
resnet50,Multiply_9250,3,187,32,32,32,32,14,12,0,32,0.7305,65536,10752,0.8359,56,142.7,True
resnet50,Multiply_9250,3,188,32,32,32,32,21,12,0,32,0.6895,65536,16128,0.7539,63,70.2,True
resnet50,Multiply_9250,3,189,32,32,32,32,19,12,0,32,0.7012,65536,14592,0.7773,61,96.3,True
resnet50,Multiply_9250,3,190,32,32,32,32,17,12,0,32,0.7129,65536,13056,0.8008,59,38.4,True
resnet50,Multiply_9250,3,191,32,32,32,32,18,12,0,32,0.707,65536,13824,0.7891,60,47.9,True
resnet50,Multiply_9250,3,192,32,32,32,32,17,12,0,32,0.7129,65536,13056,0.8008,59,38.9,True
resnet50,Multiply_9250,3,193,32,32,32,32,17,10,0,32,0.7607,65536,10880,0.834,57,60.8,True
resnet50,Multiply_9250,3,194,32,32,32,32,18,10,0,32,0.7559,65536,11520,0.8242,58,45.2,True
resnet50,Multiply_9250,3,195,32,32,32,32,14,10,0,32,0.7754,65536,8960,0.8633,54,40.2,True
resnet50,Multiply_9250,3,196,32,32,32,32,21,10,0,32,0.7412,65536,13440,0.7949,61,41.5,True
resnet50,Multiply_9250,3,197,32,32,32,32,19,10,0,32,0.751,65536,12160,0.8145,59,90.0,True
resnet50,Multiply_9250,3,198,32,32,32,32,17,10,0,32,0.7607,65536,10880,0.834,57,71.2,True
resnet50,Multiply_9250,3,199,32,32,32,32,18,10,0,32,0.7559,65536,11520,0.8242,58,49.1,True
resnet50,Multiply_9250,3,200,32,32,32,32,17,10,0,32,0.7607,65536,10880,0.834,57,48.7,True
resnet50,Multiply_9250,3,201,32,32,32,32,17,12,0,32,0.7129,65536,13056,0.8008,59,117.6,True
resnet50,Multiply_9250,3,202,32,32,32,32,18,12,0,32,0.707,65536,13824,0.7891,60,48.1,True
resnet50,Multiply_9250,3,203,32,32,32,32,14,12,0,32,0.7305,65536,10752,0.8359,56,46.3,True
resnet50,Multiply_9250,3,204,32,32,32,32,21,12,0,32,0.6895,65536,16128,0.7539,63,49.1,True
resnet50,Multiply_9250,3,205,32,32,32,32,19,12,0,32,0.7012,65536,14592,0.7773,61,48.0,True
resnet50,Multiply_9250,3,206,32,32,32,32,17,12,0,32,0.7129,65536,13056,0.8008,59,49.6,True
resnet50,Multiply_9250,3,207,32,32,32,32,18,12,0,32,0.707,65536,13824,0.7891,60,48.1,True
resnet50,Multiply_9250,3,208,32,32,32,32,17,12,0,32,0.7129,65536,13056,0.8008,59,59.5,True
resnet50,Multiply_9250,3,209,32,32,32,32,17,11,0,32,0.7368,65536,11968,0.8174,58,47.6,True
resnet50,Multiply_9250,3,210,32,32,32,32,18,11,0,32,0.7314,65536,12672,0.8066,59,52.3,True
resnet50,Multiply_9250,3,211,32,32,32,32,14,11,0,32,0.7529,65536,9856,0.8496,55,39.0,True
resnet50,Multiply_9250,3,212,32,32,32,32,21,11,0,32,0.7153,65536,14784,0.7744,62,143.0,True
resnet50,Multiply_9250,3,213,32,32,32,32,19,11,0,32,0.7261,65536,13376,0.7959,60,56.8,True
resnet50,Multiply_9250,3,214,32,32,32,32,17,11,0,32,0.7368,65536,11968,0.8174,58,44.6,True
resnet50,Multiply_9250,3,215,32,32,32,32,18,11,0,32,0.7314,65536,12672,0.8066,59,81.6,True
resnet50,Multiply_9250,3,216,32,32,32,32,17,11,0,32,0.7368,65536,11968,0.8174,58,137.7,True
resnet50,Multiply_9250,3,217,32,32,32,32,17,11,0,32,0.7368,65536,11968,0.8174,58,47.9,True
resnet50,Multiply_9250,3,218,32,32,32,32,18,11,0,32,0.7314,65536,12672,0.8066,59,48.6,True
resnet50,Multiply_9250,3,219,32,32,32,32,14,11,0,32,0.7529,65536,9856,0.8496,55,38.6,True
resnet50,Multiply_9250,3,220,32,32,32,32,21,11,0,32,0.7153,65536,14784,0.7744,62,47.8,True
resnet50,Multiply_9250,3,221,32,32,32,32,19,11,0,32,0.7261,65536,13376,0.7959,60,199.5,True
resnet50,Multiply_9250,3,222,32,32,32,32,17,11,0,32,0.7368,65536,11968,0.8174,58,177.7,True
resnet50,Multiply_9250,3,223,32,32,32,32,18,11,0,32,0.7314,65536,12672,0.8066,59,48.7,True
resnet50,Multiply_9250,3,224,32,32,32,32,17,11,0,32,0.7368,65536,11968,0.8174,58,163.3,True
resnet50,Multiply_9250,3,225,32,32,32,32,17,12,0,32,0.7129,65536,13056,0.8008,59,179.5,True
resnet50,Multiply_9250,3,226,32,32,32,32,18,12,0,32,0.707,65536,13824,0.7891,60,48.4,True
resnet50,Multiply_9250,3,227,32,32,32,32,14,12,0,32,0.7305,65536,10752,0.8359,56,40.3,True
resnet50,Multiply_9250,3,228,32,32,32,32,21,12,0,32,0.6895,65536,16128,0.7539,63,51.4,True
resnet50,Multiply_9250,3,229,32,32,32,32,19,12,0,32,0.7012,65536,14592,0.7773,61,50.3,True
resnet50,Multiply_9250,3,230,32,32,32,32,17,12,0,32,0.7129,65536,13056,0.8008,59,48.2,True
resnet50,Multiply_9250,3,231,32,32,32,32,18,12,0,32,0.707,65536,13824,0.7891,60,37.9,True
resnet50,Multiply_9250,3,232,32,32,32,32,17,12,0,32,0.7129,65536,13056,0.8008,59,230.5,True
resnet50,Multiply_9250,3,233,32,32,32,32,17,11,0,32,0.7368,65536,11968,0.8174,58,47.5,True
resnet50,Multiply_9250,3,234,32,32,32,32,18,11,0,32,0.7314,65536,12672,0.8066,59,45.4,True
resnet50,Multiply_9250,3,235,32,32,32,32,14,11,0,32,0.7529,65536,9856,0.8496,55,44.9,True
resnet50,Multiply_9250,3,236,32,32,32,32,21,11,0,32,0.7153,65536,14784,0.7744,62,105.4,True
resnet50,Multiply_9250,3,237,32,32,32,32,19,11,0,32,0.7261,65536,13376,0.7959,60,256.0,True
resnet50,Multiply_9250,3,238,32,32,32,32,17,11,0,32,0.7368,65536,11968,0.8174,58,105.2,True
resnet50,Multiply_9250,3,239,32,32,32,32,18,11,0,32,0.7314,65536,12672,0.8066,59,72.9,True
resnet50,Multiply_9250,3,240,32,32,32,32,17,11,0,32,0.7368,65536,11968,0.8174,58,49.5,True
resnet50,Multiply_9250,3,241,32,32,32,32,17,11,0,32,0.7368,65536,11968,0.8174,58,167.0,True
resnet50,Multiply_9250,3,242,32,32,32,32,18,11,0,32,0.7314,65536,12672,0.8066,59,59.6,True
resnet50,Multiply_9250,3,243,32,32,32,32,14,11,0,32,0.7529,65536,9856,0.8496,55,38.5,True
resnet50,Multiply_9250,3,244,32,32,32,32,21,11,0,32,0.7153,65536,14784,0.7744,62,176.6,True
resnet50,Multiply_9250,3,245,32,32,32,32,19,11,0,32,0.7261,65536,13376,0.7959,60,48.1,True
resnet50,Multiply_9250,3,246,32,32,32,32,17,11,0,32,0.7368,65536,11968,0.8174,58,38.2,True
resnet50,Multiply_9250,3,247,32,32,32,32,18,11,0,32,0.7314,65536,12672,0.8066,59,138.0,True
resnet50,Multiply_9250,3,248,32,32,32,32,17,11,0,32,0.7368,65536,11968,0.8174,58,48.1,True
resnet50,Multiply_9250,3,249,32,32,32,32,17,11,0,32,0.7368,65536,11968,0.8174,58,44.9,True
resnet50,Multiply_9250,3,250,32,32,32,32,18,11,0,32,0.7314,65536,12672,0.8066,59,49.7,True
resnet50,Multiply_9250,3,251,32,32,32,32,14,11,0,32,0.7529,65536,9856,0.8496,55,49.1,True
resnet50,Multiply_9250,3,252,32,32,32,32,21,11,0,32,0.7153,65536,14784,0.7744,62,48.4,True
resnet50,Multiply_9250,3,253,32,32,32,32,19,11,0,32,0.7261,65536,13376,0.7959,60,85.8,True
resnet50,Multiply_9250,3,254,32,32,32,32,17,11,0,32,0.7368,65536,11968,0.8174,58,39.1,True
resnet50,Multiply_9250,3,255,32,32,32,32,18,11,0,32,0.7314,65536,12672,0.8066,59,164.8,True
resnet50,Multiply_9250,3,256,32,32,32,32,17,11,0,32,0.7368,65536,11968,0.8174,58,57.7,True
resnet50,Multiply_9250,3,257,32,32,32,32,17,11,0,32,0.7368,65536,11968,0.8174,58,48.9,True
resnet50,Multiply_9250,3,258,32,32,32,32,18,11,0,32,0.7314,65536,12672,0.8066,59,165.9,True
resnet50,Multiply_9250,3,259,32,32,32,32,14,11,0,32,0.7529,65536,9856,0.8496,55,48.0,True
resnet50,Multiply_9250,3,260,32,32,32,32,21,11,0,32,0.7153,65536,14784,0.7744,62,221.5,True
resnet50,Multiply_9250,3,261,32,32,32,32,19,11,0,32,0.7261,65536,13376,0.7959,60,222.3,True
resnet50,Multiply_9250,3,262,32,32,32,32,17,11,0,32,0.7368,65536,11968,0.8174,58,40.2,True
resnet50,Multiply_9250,3,263,32,32,32,32,18,11,0,32,0.7314,65536,12672,0.8066,59,53.7,True
resnet50,Multiply_9250,3,264,32,32,32,32,17,11,0,32,0.7368,65536,11968,0.8174,58,47.9,True
resnet50,Multiply_9250,3,265,32,32,32,32,17,11,0,32,0.7368,65536,11968,0.8174,58,37.5,True
resnet50,Multiply_9250,3,266,32,32,32,32,18,11,0,32,0.7314,65536,12672,0.8066,59,90.6,True
resnet50,Multiply_9250,3,267,32,32,32,32,14,11,0,32,0.7529,65536,9856,0.8496,55,49.6,True
resnet50,Multiply_9250,3,268,32,32,32,32,21,11,0,32,0.7153,65536,14784,0.7744,62,42.6,True
resnet50,Multiply_9250,3,269,32,32,32,32,19,11,0,32,0.7261,65536,13376,0.7959,60,98.6,True
resnet50,Multiply_9250,3,270,32,32,32,32,17,11,0,32,0.7368,65536,11968,0.8174,58,38.9,True
resnet50,Multiply_9250,3,271,32,32,32,32,18,11,0,32,0.7314,65536,12672,0.8066,59,49.6,True
resnet50,Multiply_9250,3,272,32,32,32,32,17,11,0,32,0.7368,65536,11968,0.8174,58,66.7,True
resnet50,Multiply_9250,3,273,32,32,32,32,17,12,0,32,0.7129,65536,13056,0.8008,59,41.3,True
resnet50,Multiply_9250,3,274,32,32,32,32,18,12,0,32,0.707,65536,13824,0.7891,60,62.1,True
resnet50,Multiply_9250,3,275,32,32,32,32,14,12,0,32,0.7305,65536,10752,0.8359,56,48.2,True
resnet50,Multiply_9250,3,276,32,32,32,32,21,12,0,32,0.6895,65536,16128,0.7539,63,78.8,True
resnet50,Multiply_9250,3,277,32,32,32,32,19,12,0,32,0.7012,65536,14592,0.7773,61,47.7,True
resnet50,Multiply_9250,3,278,32,32,32,32,17,12,0,32,0.7129,65536,13056,0.8008,59,45.6,True
resnet50,Multiply_9250,3,279,32,32,32,32,18,12,0,32,0.707,65536,13824,0.7891,60,56.9,True
resnet50,Multiply_9250,3,280,32,32,32,32,17,12,0,32,0.7129,65536,13056,0.8008,59,48.6,True
resnet50,Multiply_9250,3,281,32,32,32,32,17,10,0,32,0.7607,65536,10880,0.834,57,37.5,True
resnet50,Multiply_9250,3,282,32,32,32,32,18,10,0,32,0.7559,65536,11520,0.8242,58,50.3,True
resnet50,Multiply_9250,3,283,32,32,32,32,14,10,0,32,0.7754,65536,8960,0.8633,54,99.2,True
resnet50,Multiply_9250,3,284,32,32,32,32,21,10,0,32,0.7412,65536,13440,0.7949,61,88.2,True
resnet50,Multiply_9250,3,285,32,32,32,32,19,10,0,32,0.751,65536,12160,0.8145,59,49.2,True
resnet50,Multiply_9250,3,286,32,32,32,32,17,10,0,32,0.7607,65536,10880,0.834,57,159.4,True
resnet50,Multiply_9250,3,287,32,32,32,32,18,10,0,32,0.7559,65536,11520,0.8242,58,245.6,True
resnet50,Multiply_9250,3,288,32,32,32,32,17,10,0,32,0.7607,65536,10880,0.834,57,112.6,True
resnet50,Multiply_9250,3,289,32,32,32,32,17,11,0,32,0.7368,65536,11968,0.8174,58,45.9,True
resnet50,Multiply_9250,3,290,32,32,32,32,18,11,0,32,0.7314,65536,12672,0.8066,59,177.5,True
resnet50,Multiply_9250,3,291,32,32,32,32,14,11,0,32,0.7529,65536,9856,0.8496,55,149.2,True
resnet50,Multiply_9250,3,292,32,32,32,32,21,11,0,32,0.7153,65536,14784,0.7744,62,40.0,True
resnet50,Multiply_9250,3,293,32,32,32,32,19,11,0,32,0.7261,65536,13376,0.7959,60,47.2,True
resnet50,Multiply_9250,3,294,32,32,32,32,17,11,0,32,0.7368,65536,11968,0.8174,58,45.7,True
resnet50,Multiply_9250,3,295,32,32,32,32,18,11,0,32,0.7314,65536,12672,0.8066,59,45.0,True
resnet50,Multiply_9250,3,296,32,32,32,32,17,11,0,32,0.7368,65536,11968,0.8174,58,90.1,True
resnet50,Multiply_9250,3,297,32,32,32,32,17,9,0,32,0.7847,65536,9792,0.8506,56,98.4,True
resnet50,Multiply_9250,3,298,32,32,32,32,18,9,0,32,0.7803,65536,10368,0.8418,57,179.3,True
resnet50,Multiply_9250,3,299,32,32,32,32,14,9,0,32,0.7979,65536,8064,0.877,53,194.8,True
resnet50,Multiply_9250,3,300,32,32,32,32,21,9,0,32,0.7671,65536,12096,0.8154,60,39.1,True
resnet50,Multiply_9250,3,301,32,32,32,32,19,9,0,32,0.7759,65536,10944,0.833,58,38.8,True
resnet50,Multiply_9250,3,302,32,32,32,32,17,9,0,32,0.7847,65536,9792,0.8506,56,40.1,True
resnet50,Multiply_9250,3,303,32,32,32,32,18,9,0,32,0.7803,65536,10368,0.8418,57,65.7,True
resnet50,Multiply_9250,3,304,32,32,32,32,17,9,0,32,0.7847,65536,9792,0.8506,56,65.2,True
resnet50,Multiply_9250,3,305,32,32,32,32,17,11,0,32,0.7368,65536,11968,0.8174,58,49.1,True
resnet50,Multiply_9250,3,306,32,32,32,32,18,11,0,32,0.7314,65536,12672,0.8066,59,80.5,True
resnet50,Multiply_9250,3,307,32,32,32,32,14,11,0,32,0.7529,65536,9856,0.8496,55,40.4,True
resnet50,Multiply_9250,3,308,32,32,32,32,21,11,0,32,0.7153,65536,14784,0.7744,62,38.4,True
resnet50,Multiply_9250,3,309,32,32,32,32,19,11,0,32,0.7261,65536,13376,0.7959,60,49.0,True
resnet50,Multiply_9250,3,310,32,32,32,32,17,11,0,32,0.7368,65536,11968,0.8174,58,157.7,True
resnet50,Multiply_9250,3,311,32,32,32,32,18,11,0,32,0.7314,65536,12672,0.8066,59,47.6,True
resnet50,Multiply_9250,3,312,32,32,32,32,17,11,0,32,0.7368,65536,11968,0.8174,58,107.5,True
resnet50,Multiply_9250,3,313,32,32,32,32,17,10,0,32,0.7607,65536,10880,0.834,57,47.8,True
resnet50,Multiply_9250,3,314,32,32,32,32,18,10,0,32,0.7559,65536,11520,0.8242,58,90.3,True
resnet50,Multiply_9250,3,315,32,32,32,32,14,10,0,32,0.7754,65536,8960,0.8633,54,88.2,True
resnet50,Multiply_9250,3,316,32,32,32,32,21,10,0,32,0.7412,65536,13440,0.7949,61,601.6,True
resnet50,Multiply_9250,3,317,32,32,32,32,19,10,0,32,0.751,65536,12160,0.8145,59,39.0,True
resnet50,Multiply_9250,3,318,32,32,32,32,17,10,0,32,0.7607,65536,10880,0.834,57,49.1,True
resnet50,Multiply_9250,3,319,32,32,32,32,18,10,0,32,0.7559,65536,11520,0.8242,58,49.0,True
resnet50,Multiply_9250,3,320,32,32,32,32,17,10,0,32,0.7607,65536,10880,0.834,57,45.2,True
resnet50,Multiply_9250,3,321,32,32,32,32,17,12,0,32,0.7129,65536,13056,0.8008,59,48.4,True
resnet50,Multiply_9250,3,322,32,32,32,32,18,12,0,32,0.707,65536,13824,0.7891,60,38.5,True
resnet50,Multiply_9250,3,323,32,32,32,32,14,12,0,32,0.7305,65536,10752,0.8359,56,492.9,True
resnet50,Multiply_9250,3,324,32,32,32,32,21,12,0,32,0.6895,65536,16128,0.7539,63,44.7,True
resnet50,Multiply_9250,3,325,32,32,32,32,19,12,0,32,0.7012,65536,14592,0.7773,61,47.4,True
resnet50,Multiply_9250,3,326,32,32,32,32,17,12,0,32,0.7129,65536,13056,0.8008,59,129.4,True
resnet50,Multiply_9250,3,327,32,32,32,32,18,12,0,32,0.707,65536,13824,0.7891,60,92.8,True
resnet50,Multiply_9250,3,328,32,32,32,32,17,12,0,32,0.7129,65536,13056,0.8008,59,85.4,True
resnet50,Multiply_9250,3,329,32,32,32,32,17,11,0,32,0.7368,65536,11968,0.8174,58,44.7,True
resnet50,Multiply_9250,3,330,32,32,32,32,18,11,0,32,0.7314,65536,12672,0.8066,59,53.2,True
resnet50,Multiply_9250,3,331,32,32,32,32,14,11,0,32,0.7529,65536,9856,0.8496,55,147.2,True
resnet50,Multiply_9250,3,332,32,32,32,32,21,11,0,32,0.7153,65536,14784,0.7744,62,39.9,True
resnet50,Multiply_9250,3,333,32,32,32,32,19,11,0,32,0.7261,65536,13376,0.7959,60,45.1,True
resnet50,Multiply_9250,3,334,32,32,32,32,17,11,0,32,0.7368,65536,11968,0.8174,58,38.8,True
resnet50,Multiply_9250,3,335,32,32,32,32,18,11,0,32,0.7314,65536,12672,0.8066,59,50.0,True
resnet50,Multiply_9250,3,336,32,32,32,32,17,11,0,32,0.7368,65536,11968,0.8174,58,73.6,True
resnet50,Multiply_9250,3,337,32,32,32,32,17,12,0,32,0.7129,65536,13056,0.8008,59,76.5,True
resnet50,Multiply_9250,3,338,32,32,32,32,18,12,0,32,0.707,65536,13824,0.7891,60,45.1,True
resnet50,Multiply_9250,3,339,32,32,32,32,14,12,0,32,0.7305,65536,10752,0.8359,56,48.0,True
resnet50,Multiply_9250,3,340,32,32,32,32,21,12,0,32,0.6895,65536,16128,0.7539,63,45.2,True
resnet50,Multiply_9250,3,341,32,32,32,32,19,12,0,32,0.7012,65536,14592,0.7773,61,49.6,True
resnet50,Multiply_9250,3,342,32,32,32,32,17,12,0,32,0.7129,65536,13056,0.8008,59,160.2,True
resnet50,Multiply_9250,3,343,32,32,32,32,18,12,0,32,0.707,65536,13824,0.7891,60,45.7,True
resnet50,Multiply_9250,3,344,32,32,32,32,17,12,0,32,0.7129,65536,13056,0.8008,59,178.9,True
resnet50,Multiply_9250,3,345,32,32,32,32,17,11,0,32,0.7368,65536,11968,0.8174,58,78.6,True
resnet50,Multiply_9250,3,346,32,32,32,32,18,11,0,32,0.7314,65536,12672,0.8066,59,77.7,True
resnet50,Multiply_9250,3,347,32,32,32,32,14,11,0,32,0.7529,65536,9856,0.8496,55,38.6,True
resnet50,Multiply_9250,3,348,32,32,32,32,21,11,0,32,0.7153,65536,14784,0.7744,62,106.9,True
resnet50,Multiply_9250,3,349,32,32,32,32,19,11,0,32,0.7261,65536,13376,0.7959,60,45.3,True
resnet50,Multiply_9250,3,350,32,32,32,32,17,11,0,32,0.7368,65536,11968,0.8174,58,283.8,True
resnet50,Multiply_9250,3,351,32,32,32,32,18,11,0,32,0.7314,65536,12672,0.8066,59,94.4,True
resnet50,Multiply_9250,3,352,32,32,32,32,17,11,0,32,0.7368,65536,11968,0.8174,58,136.9,True
resnet50,Multiply_9250,3,353,32,32,32,32,17,12,0,32,0.7129,65536,13056,0.8008,59,65.6,True
resnet50,Multiply_9250,3,354,32,32,32,32,18,12,0,32,0.707,65536,13824,0.7891,60,47.7,True
resnet50,Multiply_9250,3,355,32,32,32,32,14,12,0,32,0.7305,65536,10752,0.8359,56,177.6,True
resnet50,Multiply_9250,3,356,32,32,32,32,21,12,0,32,0.6895,65536,16128,0.7539,63,43.3,True
resnet50,Multiply_9250,3,357,32,32,32,32,19,12,0,32,0.7012,65536,14592,0.7773,61,99.1,True
resnet50,Multiply_9250,3,358,32,32,32,32,17,12,0,32,0.7129,65536,13056,0.8008,59,49.6,True
resnet50,Multiply_9250,3,359,32,32,32,32,18,12,0,32,0.707,65536,13824,0.7891,60,58.7,True
resnet50,Multiply_9250,3,360,32,32,32,32,17,12,0,32,0.7129,65536,13056,0.8008,59,82.8,True
resnet50,Multiply_9250,3,361,32,32,32,32,17,10,0,32,0.7607,65536,10880,0.834,57,37.8,True
resnet50,Multiply_9250,3,362,32,32,32,32,18,10,0,32,0.7559,65536,11520,0.8242,58,48.6,True
resnet50,Multiply_9250,3,363,32,32,32,32,14,10,0,32,0.7754,65536,8960,0.8633,54,49.6,True
resnet50,Multiply_9250,3,364,32,32,32,32,21,10,0,32,0.7412,65536,13440,0.7949,61,38.3,True
resnet50,Multiply_9250,3,365,32,32,32,32,19,10,0,32,0.751,65536,12160,0.8145,59,45.1,True
resnet50,Multiply_9250,3,366,32,32,32,32,17,10,0,32,0.7607,65536,10880,0.834,57,178.6,True
resnet50,Multiply_9250,3,367,32,32,32,32,18,10,0,32,0.7559,65536,11520,0.8242,58,60.2,True
resnet50,Multiply_9250,3,368,32,32,32,32,17,10,0,32,0.7607,65536,10880,0.834,57,41.0,True
resnet50,Multiply_9250,3,369,32,32,32,32,17,12,0,32,0.7129,65536,13056,0.8008,59,73.9,True
resnet50,Multiply_9250,3,370,32,32,32,32,18,12,0,32,0.707,65536,13824,0.7891,60,62.9,True
resnet50,Multiply_9250,3,371,32,32,32,32,14,12,0,32,0.7305,65536,10752,0.8359,56,39.5,True
resnet50,Multiply_9250,3,372,32,32,32,32,21,12,0,32,0.6895,65536,16128,0.7539,63,74.0,True
resnet50,Multiply_9250,3,373,32,32,32,32,19,12,0,32,0.7012,65536,14592,0.7773,61,39.2,True
resnet50,Multiply_9250,3,374,32,32,32,32,17,12,0,32,0.7129,65536,13056,0.8008,59,45.7,True
resnet50,Multiply_9250,3,375,32,32,32,32,18,12,0,32,0.707,65536,13824,0.7891,60,50.5,True
resnet50,Multiply_9250,3,376,32,32,32,32,17,12,0,32,0.7129,65536,13056,0.8008,59,40.0,True
resnet50,Multiply_9250,3,377,32,32,32,32,17,11,0,32,0.7368,65536,11968,0.8174,58,155.9,True
resnet50,Multiply_9250,3,378,32,32,32,32,18,11,0,32,0.7314,65536,12672,0.8066,59,39.4,True
resnet50,Multiply_9250,3,379,32,32,32,32,14,11,0,32,0.7529,65536,9856,0.8496,55,40.2,True
resnet50,Multiply_9250,3,380,32,32,32,32,21,11,0,32,0.7153,65536,14784,0.7744,62,101.9,True
resnet50,Multiply_9250,3,381,32,32,32,32,19,11,0,32,0.7261,65536,13376,0.7959,60,41.2,True
resnet50,Multiply_9250,3,382,32,32,32,32,17,11,0,32,0.7368,65536,11968,0.8174,58,40.0,True
resnet50,Multiply_9250,3,383,32,32,32,32,18,11,0,32,0.7314,65536,12672,0.8066,59,112.3,True
resnet50,Multiply_9250,3,384,32,32,32,32,17,11,0,32,0.7368,65536,11968,0.8174,58,44.9,True
resnet50,Multiply_9250,3,385,32,32,32,32,17,11,0,32,0.7368,65536,11968,0.8174,58,63.2,True
resnet50,Multiply_9250,3,386,32,32,32,32,18,11,0,32,0.7314,65536,12672,0.8066,59,55.3,True
resnet50,Multiply_9250,3,387,32,32,32,32,14,11,0,32,0.7529,65536,9856,0.8496,55,59.0,True
resnet50,Multiply_9250,3,388,32,32,32,32,21,11,0,32,0.7153,65536,14784,0.7744,62,39.3,True
resnet50,Multiply_9250,3,389,32,32,32,32,19,11,0,32,0.7261,65536,13376,0.7959,60,63.3,True
resnet50,Multiply_9250,3,390,32,32,32,32,17,11,0,32,0.7368,65536,11968,0.8174,58,109.4,True
resnet50,Multiply_9250,3,391,32,32,32,32,18,11,0,32,0.7314,65536,12672,0.8066,59,44.9,True
resnet50,Multiply_9250,3,392,32,32,32,32,17,11,0,32,0.7368,65536,11968,0.8174,58,197.4,True
resnet50,Multiply_9250,3,393,32,32,32,32,17,12,0,32,0.7129,65536,13056,0.8008,59,178.2,True
resnet50,Multiply_9250,3,394,32,32,32,32,18,12,0,32,0.707,65536,13824,0.7891,60,51.9,True
resnet50,Multiply_9250,3,395,32,32,32,32,14,12,0,32,0.7305,65536,10752,0.8359,56,96.1,True
resnet50,Multiply_9250,3,396,32,32,32,32,21,12,0,32,0.6895,65536,16128,0.7539,63,47.9,True
resnet50,Multiply_9250,3,397,32,32,32,32,19,12,0,32,0.7012,65536,14592,0.7773,61,58.7,True
resnet50,Multiply_9250,3,398,32,32,32,32,17,12,0,32,0.7129,65536,13056,0.8008,59,44.9,True
resnet50,Multiply_9250,3,399,32,32,32,32,18,12,0,32,0.707,65536,13824,0.7891,60,85.1,True
resnet50,Multiply_9250,3,400,32,32,32,32,17,12,0,32,0.7129,65536,13056,0.8008,59,94.2,True
resnet50,Multiply_9250,3,401,32,32,32,32,17,10,0,32,0.7607,65536,10880,0.834,57,50.8,True
resnet50,Multiply_9250,3,402,32,32,32,32,18,10,0,32,0.7559,65536,11520,0.8242,58,94.6,True
resnet50,Multiply_9250,3,403,32,32,32,32,14,10,0,32,0.7754,65536,8960,0.8633,54,48.4,True
resnet50,Multiply_9250,3,404,32,32,32,32,21,10,0,32,0.7412,65536,13440,0.7949,61,144.4,True
resnet50,Multiply_9250,3,405,32,32,32,32,19,10,0,32,0.751,65536,12160,0.8145,59,38.3,True
resnet50,Multiply_9250,3,406,32,32,32,32,17,10,0,32,0.7607,65536,10880,0.834,57,157.8,True
resnet50,Multiply_9250,3,407,32,32,32,32,18,10,0,32,0.7559,65536,11520,0.8242,58,44.8,True
resnet50,Multiply_9250,3,408,32,32,32,32,17,10,0,32,0.7607,65536,10880,0.834,57,198.8,True
resnet50,Multiply_9250,3,409,32,32,32,32,17,11,0,32,0.7368,65536,11968,0.8174,58,172.9,True
resnet50,Multiply_9250,3,410,32,32,32,32,18,11,0,32,0.7314,65536,12672,0.8066,59,97.1,True
resnet50,Multiply_9250,3,411,32,32,32,32,14,11,0,32,0.7529,65536,9856,0.8496,55,64.2,True
resnet50,Multiply_9250,3,412,32,32,32,32,21,11,0,32,0.7153,65536,14784,0.7744,62,176.5,True
resnet50,Multiply_9250,3,413,32,32,32,32,19,11,0,32,0.7261,65536,13376,0.7959,60,48.4,True
resnet50,Multiply_9250,3,414,32,32,32,32,17,11,0,32,0.7368,65536,11968,0.8174,58,49.0,True
resnet50,Multiply_9250,3,415,32,32,32,32,18,11,0,32,0.7314,65536,12672,0.8066,59,37.8,True
resnet50,Multiply_9250,3,416,32,32,32,32,17,11,0,32,0.7368,65536,11968,0.8174,58,54.3,True
resnet50,Multiply_9250,3,417,32,32,32,32,17,10,0,32,0.7607,65536,10880,0.834,57,84.9,True
resnet50,Multiply_9250,3,418,32,32,32,32,18,10,0,32,0.7559,65536,11520,0.8242,58,45.2,True
resnet50,Multiply_9250,3,419,32,32,32,32,14,10,0,32,0.7754,65536,8960,0.8633,54,38.5,True
resnet50,Multiply_9250,3,420,32,32,32,32,21,10,0,32,0.7412,65536,13440,0.7949,61,203.5,True
resnet50,Multiply_9250,3,421,32,32,32,32,19,10,0,32,0.751,65536,12160,0.8145,59,199.0,True
resnet50,Multiply_9250,3,422,32,32,32,32,17,10,0,32,0.7607,65536,10880,0.834,57,50.8,True
resnet50,Multiply_9250,3,423,32,32,32,32,18,10,0,32,0.7559,65536,11520,0.8242,58,38.6,True
resnet50,Multiply_9250,3,424,32,32,32,32,17,10,0,32,0.7607,65536,10880,0.834,57,48.0,True
resnet50,Multiply_9250,3,425,32,32,32,32,17,9,0,32,0.7847,65536,9792,0.8506,56,172.9,True
resnet50,Multiply_9250,3,426,32,32,32,32,18,9,0,32,0.7803,65536,10368,0.8418,57,39.0,True
resnet50,Multiply_9250,3,427,32,32,32,32,14,9,0,32,0.7979,65536,8064,0.877,53,39.1,True
resnet50,Multiply_9250,3,428,32,32,32,32,21,9,0,32,0.7671,65536,12096,0.8154,60,44.8,True
resnet50,Multiply_9250,3,429,32,32,32,32,19,9,0,32,0.7759,65536,10944,0.833,58,48.0,True
resnet50,Multiply_9250,3,430,32,32,32,32,17,9,0,32,0.7847,65536,9792,0.8506,56,101.2,True
resnet50,Multiply_9250,3,431,32,32,32,32,18,9,0,32,0.7803,65536,10368,0.8418,57,133.2,True
resnet50,Multiply_9250,3,432,32,32,32,32,17,9,0,32,0.7847,65536,9792,0.8506,56,144.9,True
resnet50,Multiply_9250,3,433,32,32,32,32,17,10,0,32,0.7607,65536,10880,0.834,57,104.3,True
resnet50,Multiply_9250,3,434,32,32,32,32,18,10,0,32,0.7559,65536,11520,0.8242,58,39.1,True
resnet50,Multiply_9250,3,435,32,32,32,32,14,10,0,32,0.7754,65536,8960,0.8633,54,135.0,True
resnet50,Multiply_9250,3,436,32,32,32,32,21,10,0,32,0.7412,65536,13440,0.7949,61,80.4,True
resnet50,Multiply_9250,3,437,32,32,32,32,19,10,0,32,0.751,65536,12160,0.8145,59,178.1,True
resnet50,Multiply_9250,3,438,32,32,32,32,17,10,0,32,0.7607,65536,10880,0.834,57,44.2,True
resnet50,Multiply_9250,3,439,32,32,32,32,18,10,0,32,0.7559,65536,11520,0.8242,58,48.6,True
resnet50,Multiply_9250,3,440,32,32,32,32,17,10,0,32,0.7607,65536,10880,0.834,57,45.4,True
resnet50,Multiply_9250,3,441,32,32,32,32,17,11,0,32,0.7368,65536,11968,0.8174,58,88.8,True
resnet50,Multiply_9250,3,442,32,32,32,32,18,11,0,32,0.7314,65536,12672,0.8066,59,49.9,True
resnet50,Multiply_9250,3,443,32,32,32,32,14,11,0,32,0.7529,65536,9856,0.8496,55,38.9,True
resnet50,Multiply_9250,3,444,32,32,32,32,21,11,0,32,0.7153,65536,14784,0.7744,62,40.0,True
resnet50,Multiply_9250,3,445,32,32,32,32,19,11,0,32,0.7261,65536,13376,0.7959,60,38.2,True
resnet50,Multiply_9250,3,446,32,32,32,32,17,11,0,32,0.7368,65536,11968,0.8174,58,48.5,True
resnet50,Multiply_9250,3,447,32,32,32,32,18,11,0,32,0.7314,65536,12672,0.8066,59,47.4,True
resnet50,Multiply_9250,3,448,32,32,32,32,17,11,0,32,0.7368,65536,11968,0.8174,58,48.2,True
resnet50,Multiply_9250,3,449,32,32,32,32,17,11,0,32,0.7368,65536,11968,0.8174,58,46.9,True
resnet50,Multiply_9250,3,450,32,32,32,32,18,11,0,32,0.7314,65536,12672,0.8066,59,78.2,True
resnet50,Multiply_9250,3,451,32,32,32,32,14,11,0,32,0.7529,65536,9856,0.8496,55,176.7,True
resnet50,Multiply_9250,3,452,32,32,32,32,21,11,0,32,0.7153,65536,14784,0.7744,62,91.2,True
resnet50,Multiply_9250,3,453,32,32,32,32,19,11,0,32,0.7261,65536,13376,0.7959,60,197.7,True
resnet50,Multiply_9250,3,454,32,32,32,32,17,11,0,32,0.7368,65536,11968,0.8174,58,38.7,True
resnet50,Multiply_9250,3,455,32,32,32,32,18,11,0,32,0.7314,65536,12672,0.8066,59,175.4,True
resnet50,Multiply_9250,3,456,32,32,32,32,17,11,0,32,0.7368,65536,11968,0.8174,58,52.8,True
resnet50,Multiply_9250,3,457,32,32,32,32,17,11,0,32,0.7368,65536,11968,0.8174,58,38.9,True
resnet50,Multiply_9250,3,458,32,32,32,32,18,11,0,32,0.7314,65536,12672,0.8066,59,114.8,True
resnet50,Multiply_9250,3,459,32,32,32,32,14,11,0,32,0.7529,65536,9856,0.8496,55,49.0,True
resnet50,Multiply_9250,3,460,32,32,32,32,21,11,0,32,0.7153,65536,14784,0.7744,62,39.0,True
resnet50,Multiply_9250,3,461,32,32,32,32,19,11,0,32,0.7261,65536,13376,0.7959,60,39.7,True
resnet50,Multiply_9250,3,462,32,32,32,32,17,11,0,32,0.7368,65536,11968,0.8174,58,99.8,True
resnet50,Multiply_9250,3,463,32,32,32,32,18,11,0,32,0.7314,65536,12672,0.8066,59,40.1,True
resnet50,Multiply_9250,3,464,32,32,32,32,17,11,0,32,0.7368,65536,11968,0.8174,58,49.8,True
resnet50,Multiply_9250,3,465,32,32,32,32,17,11,0,32,0.7368,65536,11968,0.8174,58,193.0,True
resnet50,Multiply_9250,3,466,32,32,32,32,18,11,0,32,0.7314,65536,12672,0.8066,59,106.3,True
resnet50,Multiply_9250,3,467,32,32,32,32,14,11,0,32,0.7529,65536,9856,0.8496,55,48.4,True
resnet50,Multiply_9250,3,468,32,32,32,32,21,11,0,32,0.7153,65536,14784,0.7744,62,45.7,True
resnet50,Multiply_9250,3,469,32,32,32,32,19,11,0,32,0.7261,65536,13376,0.7959,60,238.4,True
resnet50,Multiply_9250,3,470,32,32,32,32,17,11,0,32,0.7368,65536,11968,0.8174,58,200.7,True
resnet50,Multiply_9250,3,471,32,32,32,32,18,11,0,32,0.7314,65536,12672,0.8066,59,174.6,True
resnet50,Multiply_9250,3,472,32,32,32,32,17,11,0,32,0.7368,65536,11968,0.8174,58,40.4,True
resnet50,Multiply_9250,3,473,32,32,32,32,17,11,0,32,0.7368,65536,11968,0.8174,58,43.1,True
resnet50,Multiply_9250,3,474,32,32,32,32,18,11,0,32,0.7314,65536,12672,0.8066,59,99.1,True
resnet50,Multiply_9250,3,475,32,32,32,32,14,11,0,32,0.7529,65536,9856,0.8496,55,45.1,True
resnet50,Multiply_9250,3,476,32,32,32,32,21,11,0,32,0.7153,65536,14784,0.7744,62,50.9,True
resnet50,Multiply_9250,3,477,32,32,32,32,19,11,0,32,0.7261,65536,13376,0.7959,60,49.9,True
resnet50,Multiply_9250,3,478,32,32,32,32,17,11,0,32,0.7368,65536,11968,0.8174,58,39.7,True
resnet50,Multiply_9250,3,479,32,32,32,32,18,11,0,32,0.7314,65536,12672,0.8066,59,39.3,True
resnet50,Multiply_9250,3,480,32,32,32,32,17,11,0,32,0.7368,65536,11968,0.8174,58,117.2,True
resnet50,Multiply_9250,3,481,32,32,32,32,17,11,0,32,0.7368,65536,11968,0.8174,58,93.3,True
resnet50,Multiply_9250,3,482,32,32,32,32,18,11,0,32,0.7314,65536,12672,0.8066,59,74.6,True
resnet50,Multiply_9250,3,483,32,32,32,32,14,11,0,32,0.7529,65536,9856,0.8496,55,40.9,True
resnet50,Multiply_9250,3,484,32,32,32,32,21,11,0,32,0.7153,65536,14784,0.7744,62,48.1,True
resnet50,Multiply_9250,3,485,32,32,32,32,19,11,0,32,0.7261,65536,13376,0.7959,60,45.2,True
resnet50,Multiply_9250,3,486,32,32,32,32,17,11,0,32,0.7368,65536,11968,0.8174,58,197.7,True
resnet50,Multiply_9250,3,487,32,32,32,32,18,11,0,32,0.7314,65536,12672,0.8066,59,41.7,True
resnet50,Multiply_9250,3,488,32,32,32,32,17,11,0,32,0.7368,65536,11968,0.8174,58,39.9,True
resnet50,Multiply_9250,3,489,32,32,32,32,17,11,0,32,0.7368,65536,11968,0.8174,58,104.0,True
resnet50,Multiply_9250,3,490,32,32,32,32,18,11,0,32,0.7314,65536,12672,0.8066,59,38.9,True
resnet50,Multiply_9250,3,491,32,32,32,32,14,11,0,32,0.7529,65536,9856,0.8496,55,47.6,True
resnet50,Multiply_9250,3,492,32,32,32,32,21,11,0,32,0.7153,65536,14784,0.7744,62,52.5,True
resnet50,Multiply_9250,3,493,32,32,32,32,19,11,0,32,0.7261,65536,13376,0.7959,60,49.0,True
resnet50,Multiply_9250,3,494,32,32,32,32,17,11,0,32,0.7368,65536,11968,0.8174,58,179.7,True
resnet50,Multiply_9250,3,495,32,32,32,32,18,11,0,32,0.7314,65536,12672,0.8066,59,37.4,True
resnet50,Multiply_9250,3,496,32,32,32,32,17,11,0,32,0.7368,65536,11968,0.8174,58,100.7,True
resnet50,Multiply_9250,3,497,32,32,32,32,17,10,0,32,0.7607,65536,10880,0.834,57,195.0,True
resnet50,Multiply_9250,3,498,32,32,32,32,18,10,0,32,0.7559,65536,11520,0.8242,58,175.8,True
resnet50,Multiply_9250,3,499,32,32,32,32,14,10,0,32,0.7754,65536,8960,0.8633,54,175.9,True
resnet50,Multiply_9250,3,500,32,32,32,32,21,10,0,32,0.7412,65536,13440,0.7949,61,264.8,True
resnet50,Multiply_9250,3,501,32,32,32,32,19,10,0,32,0.751,65536,12160,0.8145,59,48.8,True
resnet50,Multiply_9250,3,502,32,32,32,32,17,10,0,32,0.7607,65536,10880,0.834,57,48.6,True
resnet50,Multiply_9250,3,503,32,32,32,32,18,10,0,32,0.7559,65536,11520,0.8242,58,38.7,True
resnet50,Multiply_9250,3,504,32,32,32,32,17,10,0,32,0.7607,65536,10880,0.834,57,50.4,True
resnet50,Multiply_9250,3,505,32,32,32,32,17,11,0,32,0.7368,65536,11968,0.8174,58,38.4,True
resnet50,Multiply_9250,3,506,32,32,32,32,18,11,0,32,0.7314,65536,12672,0.8066,59,51.1,True
resnet50,Multiply_9250,3,507,32,32,32,32,14,11,0,32,0.7529,65536,9856,0.8496,55,115.3,True
resnet50,Multiply_9250,3,508,32,32,32,32,21,11,0,32,0.7153,65536,14784,0.7744,62,41.6,True
resnet50,Multiply_9250,3,509,32,32,32,32,19,11,0,32,0.7261,65536,13376,0.7959,60,47.9,True
resnet50,Multiply_9250,3,510,32,32,32,32,17,11,0,32,0.7368,65536,11968,0.8174,58,40.5,True
resnet50,Multiply_9250,3,511,32,32,32,32,18,11,0,32,0.7314,65536,12672,0.8066,59,46.4,True
resnet50,Multiply_9250,3,512,32,32,32,32,17,11,0,32,0.7368,65536,11968,0.8174,58,65.5,True
resnet50,Multiply_9250,3,513,32,32,32,32,17,11,0,32,0.7368,65536,11968,0.8174,58,55.1,True
resnet50,Multiply_9250,3,514,32,32,32,32,18,11,0,32,0.7314,65536,12672,0.8066,59,39.7,True
resnet50,Multiply_9250,3,515,32,32,32,32,14,11,0,32,0.7529,65536,9856,0.8496,55,86.5,True
resnet50,Multiply_9250,3,516,32,32,32,32,21,11,0,32,0.7153,65536,14784,0.7744,62,71.7,True
resnet50,Multiply_9250,3,517,32,32,32,32,19,11,0,32,0.7261,65536,13376,0.7959,60,49.2,True
resnet50,Multiply_9250,3,518,32,32,32,32,17,11,0,32,0.7368,65536,11968,0.8174,58,44.2,True
resnet50,Multiply_9250,3,519,32,32,32,32,18,11,0,32,0.7314,65536,12672,0.8066,59,62.8,True
resnet50,Multiply_9250,3,520,32,32,32,32,17,11,0,32,0.7368,65536,11968,0.8174,58,45.6,True
resnet50,Multiply_9250,3,521,32,32,32,32,17,11,0,32,0.7368,65536,11968,0.8174,58,38.1,True
resnet50,Multiply_9250,3,522,32,32,32,32,18,11,0,32,0.7314,65536,12672,0.8066,59,40.4,True
resnet50,Multiply_9250,3,523,32,32,32,32,14,11,0,32,0.7529,65536,9856,0.8496,55,48.6,True
resnet50,Multiply_9250,3,524,32,32,32,32,21,11,0,32,0.7153,65536,14784,0.7744,62,40.1,True
resnet50,Multiply_9250,3,525,32,32,32,32,19,11,0,32,0.7261,65536,13376,0.7959,60,38.3,True
resnet50,Multiply_9250,3,526,32,32,32,32,17,11,0,32,0.7368,65536,11968,0.8174,58,39.8,True
resnet50,Multiply_9250,3,527,32,32,32,32,18,11,0,32,0.7314,65536,12672,0.8066,59,73.5,True
resnet50,Multiply_9250,3,528,32,32,32,32,17,11,0,32,0.7368,65536,11968,0.8174,58,49.0,True
resnet50,Multiply_9250,3,529,32,32,32,32,17,11,0,32,0.7368,65536,11968,0.8174,58,42.3,True
resnet50,Multiply_9250,3,530,32,32,32,32,18,11,0,32,0.7314,65536,12672,0.8066,59,158.6,True
resnet50,Multiply_9250,3,531,32,32,32,32,14,11,0,32,0.7529,65536,9856,0.8496,55,58.2,True
resnet50,Multiply_9250,3,532,32,32,32,32,21,11,0,32,0.7153,65536,14784,0.7744,62,39.4,True
resnet50,Multiply_9250,3,533,32,32,32,32,19,11,0,32,0.7261,65536,13376,0.7959,60,104.9,True
resnet50,Multiply_9250,3,534,32,32,32,32,17,11,0,32,0.7368,65536,11968,0.8174,58,45.1,True
resnet50,Multiply_9250,3,535,32,32,32,32,18,11,0,32,0.7314,65536,12672,0.8066,59,40.7,True
resnet50,Multiply_9250,3,536,32,32,32,32,17,11,0,32,0.7368,65536,11968,0.8174,58,100.1,True
resnet50,Multiply_9250,3,537,32,32,32,32,17,11,0,32,0.7368,65536,11968,0.8174,58,111.7,True
resnet50,Multiply_9250,3,538,32,32,32,32,18,11,0,32,0.7314,65536,12672,0.8066,59,206.0,True
resnet50,Multiply_9250,3,539,32,32,32,32,14,11,0,32,0.7529,65536,9856,0.8496,55,51.5,True
resnet50,Multiply_9250,3,540,32,32,32,32,21,11,0,32,0.7153,65536,14784,0.7744,62,48.9,True
resnet50,Multiply_9250,3,541,32,32,32,32,19,11,0,32,0.7261,65536,13376,0.7959,60,145.5,True
resnet50,Multiply_9250,3,542,32,32,32,32,17,11,0,32,0.7368,65536,11968,0.8174,58,49.2,True
resnet50,Multiply_9250,3,543,32,32,32,32,18,11,0,32,0.7314,65536,12672,0.8066,59,116.5,True
resnet50,Multiply_9250,3,544,32,32,32,32,17,11,0,32,0.7368,65536,11968,0.8174,58,94.1,True
resnet50,Multiply_9250,3,545,32,32,32,32,17,11,0,32,0.7368,65536,11968,0.8174,58,91.8,True
resnet50,Multiply_9250,3,546,32,32,32,32,18,11,0,32,0.7314,65536,12672,0.8066,59,58.1,True
resnet50,Multiply_9250,3,547,32,32,32,32,14,11,0,32,0.7529,65536,9856,0.8496,55,49.6,True
resnet50,Multiply_9250,3,548,32,32,32,32,21,11,0,32,0.7153,65536,14784,0.7744,62,161.2,True
resnet50,Multiply_9250,3,549,32,32,32,32,19,11,0,32,0.7261,65536,13376,0.7959,60,178.9,True
resnet50,Multiply_9250,3,550,32,32,32,32,17,11,0,32,0.7368,65536,11968,0.8174,58,59.6,True
resnet50,Multiply_9250,3,551,32,32,32,32,18,11,0,32,0.7314,65536,12672,0.8066,59,52.1,True
resnet50,Multiply_9250,3,552,32,32,32,32,17,11,0,32,0.7368,65536,11968,0.8174,58,39.3,True
resnet50,Multiply_9250,3,553,32,32,32,32,17,11,0,32,0.7368,65536,11968,0.8174,58,49.9,True
resnet50,Multiply_9250,3,554,32,32,32,32,18,11,0,32,0.7314,65536,12672,0.8066,59,64.9,True
resnet50,Multiply_9250,3,555,32,32,32,32,14,11,0,32,0.7529,65536,9856,0.8496,55,47.8,True
resnet50,Multiply_9250,3,556,32,32,32,32,21,11,0,32,0.7153,65536,14784,0.7744,62,41.5,True
resnet50,Multiply_9250,3,557,32,32,32,32,19,11,0,32,0.7261,65536,13376,0.7959,60,128.5,True
resnet50,Multiply_9250,3,558,32,32,32,32,17,11,0,32,0.7368,65536,11968,0.8174,58,40.0,True
resnet50,Multiply_9250,3,559,32,32,32,32,18,11,0,32,0.7314,65536,12672,0.8066,59,39.8,True
resnet50,Multiply_9250,3,560,32,32,32,32,17,11,0,32,0.7368,65536,11968,0.8174,58,39.8,True
resnet50,Multiply_9250,3,561,32,32,32,32,17,11,0,32,0.7368,65536,11968,0.8174,58,38.4,True
resnet50,Multiply_9250,3,562,32,32,32,32,18,11,0,32,0.7314,65536,12672,0.8066,59,120.1,True
resnet50,Multiply_9250,3,563,32,32,32,32,14,11,0,32,0.7529,65536,9856,0.8496,55,38.6,True
resnet50,Multiply_9250,3,564,32,32,32,32,21,11,0,32,0.7153,65536,14784,0.7744,62,40.0,True
resnet50,Multiply_9250,3,565,32,32,32,32,19,11,0,32,0.7261,65536,13376,0.7959,60,52.4,True
resnet50,Multiply_9250,3,566,32,32,32,32,17,11,0,32,0.7368,65536,11968,0.8174,58,38.4,True
resnet50,Multiply_9250,3,567,32,32,32,32,18,11,0,32,0.7314,65536,12672,0.8066,59,96.6,True
resnet50,Multiply_9250,3,568,32,32,32,32,17,11,0,32,0.7368,65536,11968,0.8174,58,40.7,True
resnet50,Multiply_9250,3,569,32,32,32,32,17,11,0,32,0.7368,65536,11968,0.8174,58,51.6,True
resnet50,Multiply_9250,3,570,32,32,32,32,18,11,0,32,0.7314,65536,12672,0.8066,59,38.2,True
resnet50,Multiply_9250,3,571,32,32,32,32,14,11,0,32,0.7529,65536,9856,0.8496,55,38.4,True
resnet50,Multiply_9250,3,572,32,32,32,32,21,11,0,32,0.7153,65536,14784,0.7744,62,42.2,True
resnet50,Multiply_9250,3,573,32,32,32,32,19,11,0,32,0.7261,65536,13376,0.7959,60,178.1,True
resnet50,Multiply_9250,3,574,32,32,32,32,17,11,0,32,0.7368,65536,11968,0.8174,58,50.6,True
resnet50,Multiply_9250,3,575,32,32,32,32,18,11,0,32,0.7314,65536,12672,0.8066,59,47.8,True
resnet50,Multiply_9250,3,576,32,32,32,32,17,11,0,32,0.7368,65536,11968,0.8174,58,49.7,True
resnet50,Multiply_9250,3,577,32,32,32,32,17,10,0,32,0.7607,65536,10880,0.834,57,39.0,True
resnet50,Multiply_9250,3,578,32,32,32,32,18,10,0,32,0.7559,65536,11520,0.8242,58,49.2,True
resnet50,Multiply_9250,3,579,32,32,32,32,14,10,0,32,0.7754,65536,8960,0.8633,54,41.2,True
resnet50,Multiply_9250,3,580,32,32,32,32,21,10,0,32,0.7412,65536,13440,0.7949,61,72.1,True
resnet50,Multiply_9250,3,581,32,32,32,32,19,10,0,32,0.751,65536,12160,0.8145,59,231.7,True
resnet50,Multiply_9250,3,582,32,32,32,32,17,10,0,32,0.7607,65536,10880,0.834,57,176.2,True
resnet50,Multiply_9250,3,583,32,32,32,32,18,10,0,32,0.7559,65536,11520,0.8242,58,122.5,True
resnet50,Multiply_9250,3,584,32,32,32,32,17,10,0,32,0.7607,65536,10880,0.834,57,47.0,True
resnet50,Multiply_9250,3,585,32,32,32,32,17,11,0,32,0.7368,65536,11968,0.8174,58,53.9,True
resnet50,Multiply_9250,3,586,32,32,32,32,18,11,0,32,0.7314,65536,12672,0.8066,59,179.6,True
resnet50,Multiply_9250,3,587,32,32,32,32,14,11,0,32,0.7529,65536,9856,0.8496,55,73.5,True
resnet50,Multiply_9250,3,588,32,32,32,32,21,11,0,32,0.7153,65536,14784,0.7744,62,49.2,True
resnet50,Multiply_9250,3,589,32,32,32,32,19,11,0,32,0.7261,65536,13376,0.7959,60,198.5,True
resnet50,Multiply_9250,3,590,32,32,32,32,17,11,0,32,0.7368,65536,11968,0.8174,58,60.2,True
resnet50,Multiply_9250,3,591,32,32,32,32,18,11,0,32,0.7314,65536,12672,0.8066,59,197.5,True
resnet50,Multiply_9250,3,592,32,32,32,32,17,11,0,32,0.7368,65536,11968,0.8174,58,54.3,True
resnet50,Multiply_9250,3,593,32,32,32,32,17,10,0,32,0.7607,65536,10880,0.834,57,37.4,True
resnet50,Multiply_9250,3,594,32,32,32,32,18,10,0,32,0.7559,65536,11520,0.8242,58,55.1,True
resnet50,Multiply_9250,3,595,32,32,32,32,14,10,0,32,0.7754,65536,8960,0.8633,54,176.3,True
resnet50,Multiply_9250,3,596,32,32,32,32,21,10,0,32,0.7412,65536,13440,0.7949,61,176.5,True
resnet50,Multiply_9250,3,597,32,32,32,32,19,10,0,32,0.751,65536,12160,0.8145,59,198.0,True
resnet50,Multiply_9250,3,598,32,32,32,32,17,10,0,32,0.7607,65536,10880,0.834,57,109.0,True
resnet50,Multiply_9250,3,599,32,32,32,32,18,10,0,32,0.7559,65536,11520,0.8242,58,40.8,True
resnet50,Multiply_9250,3,600,32,32,32,32,17,10,0,32,0.7607,65536,10880,0.834,57,45.1,True
resnet50,Multiply_9250,3,601,32,32,32,32,17,11,0,32,0.7368,65536,11968,0.8174,58,38.5,True
resnet50,Multiply_9250,3,602,32,32,32,32,18,11,0,32,0.7314,65536,12672,0.8066,59,221.1,True
resnet50,Multiply_9250,3,603,32,32,32,32,14,11,0,32,0.7529,65536,9856,0.8496,55,42.8,True
resnet50,Multiply_9250,3,604,32,32,32,32,21,11,0,32,0.7153,65536,14784,0.7744,62,59.5,True
resnet50,Multiply_9250,3,605,32,32,32,32,19,11,0,32,0.7261,65536,13376,0.7959,60,38.4,True
resnet50,Multiply_9250,3,606,32,32,32,32,17,11,0,32,0.7368,65536,11968,0.8174,58,75.1,True
resnet50,Multiply_9250,3,607,32,32,32,32,18,11,0,32,0.7314,65536,12672,0.8066,59,45.3,True
resnet50,Multiply_9250,3,608,32,32,32,32,17,11,0,32,0.7368,65536,11968,0.8174,58,103.4,True
resnet50,Multiply_9250,3,609,32,32,32,32,17,12,0,32,0.7129,65536,13056,0.8008,59,54.7,True
resnet50,Multiply_9250,3,610,32,32,32,32,18,12,0,32,0.707,65536,13824,0.7891,60,47.3,True
resnet50,Multiply_9250,3,611,32,32,32,32,14,12,0,32,0.7305,65536,10752,0.8359,56,198.0,True
resnet50,Multiply_9250,3,612,32,32,32,32,21,12,0,32,0.6895,65536,16128,0.7539,63,123.0,True
resnet50,Multiply_9250,3,613,32,32,32,32,19,12,0,32,0.7012,65536,14592,0.7773,61,78.1,True
resnet50,Multiply_9250,3,614,32,32,32,32,17,12,0,32,0.7129,65536,13056,0.8008,59,105.2,True
resnet50,Multiply_9250,3,615,32,32,32,32,18,12,0,32,0.707,65536,13824,0.7891,60,86.9,True
resnet50,Multiply_9250,3,616,32,32,32,32,17,12,0,32,0.7129,65536,13056,0.8008,59,44.7,True
resnet50,Multiply_9250,3,617,32,32,32,32,17,11,0,32,0.7368,65536,11968,0.8174,58,44.3,True
resnet50,Multiply_9250,3,618,32,32,32,32,18,11,0,32,0.7314,65536,12672,0.8066,59,92.8,True
resnet50,Multiply_9250,3,619,32,32,32,32,14,11,0,32,0.7529,65536,9856,0.8496,55,101.8,True
resnet50,Multiply_9250,3,620,32,32,32,32,21,11,0,32,0.7153,65536,14784,0.7744,62,39.8,True
resnet50,Multiply_9250,3,621,32,32,32,32,19,11,0,32,0.7261,65536,13376,0.7959,60,194.0,True
resnet50,Multiply_9250,3,622,32,32,32,32,17,11,0,32,0.7368,65536,11968,0.8174,58,222.2,True
resnet50,Multiply_9250,3,623,32,32,32,32,18,11,0,32,0.7314,65536,12672,0.8066,59,74.3,True
resnet50,Multiply_9250,3,624,32,32,32,32,17,11,0,32,0.7368,65536,11968,0.8174,58,131.5,True
resnet50,Multiply_9250,3,625,32,32,32,32,17,11,0,32,0.7368,65536,11968,0.8174,58,41.7,True
resnet50,Multiply_9250,3,626,32,32,32,32,18,11,0,32,0.7314,65536,12672,0.8066,59,51.7,True
resnet50,Multiply_9250,3,627,32,32,32,32,14,11,0,32,0.7529,65536,9856,0.8496,55,47.7,True
resnet50,Multiply_9250,3,628,32,32,32,32,21,11,0,32,0.7153,65536,14784,0.7744,62,118.1,True
resnet50,Multiply_9250,3,629,32,32,32,32,19,11,0,32,0.7261,65536,13376,0.7959,60,178.7,True
resnet50,Multiply_9250,3,630,32,32,32,32,17,11,0,32,0.7368,65536,11968,0.8174,58,198.1,True
resnet50,Multiply_9250,3,631,32,32,32,32,18,11,0,32,0.7314,65536,12672,0.8066,59,78.7,True
resnet50,Multiply_9250,3,632,32,32,32,32,17,11,0,32,0.7368,65536,11968,0.8174,58,54.7,True
resnet50,Multiply_9250,3,633,32,32,32,32,17,11,0,32,0.7368,65536,11968,0.8174,58,173.7,True
resnet50,Multiply_9250,3,634,32,32,32,32,18,11,0,32,0.7314,65536,12672,0.8066,59,90.1,True
resnet50,Multiply_9250,3,635,32,32,32,32,14,11,0,32,0.7529,65536,9856,0.8496,55,114.5,True
resnet50,Multiply_9250,3,636,32,32,32,32,21,11,0,32,0.7153,65536,14784,0.7744,62,110.1,True
resnet50,Multiply_9250,3,637,32,32,32,32,19,11,0,32,0.7261,65536,13376,0.7959,60,49.3,True
resnet50,Multiply_9250,3,638,32,32,32,32,17,11,0,32,0.7368,65536,11968,0.8174,58,65.0,True
resnet50,Multiply_9250,3,639,32,32,32,32,18,11,0,32,0.7314,65536,12672,0.8066,59,99.4,True
resnet50,Multiply_9250,3,640,32,32,32,32,17,11,0,32,0.7368,65536,11968,0.8174,58,41.9,True
resnet50,Multiply_9250,3,641,32,32,32,32,17,11,0,32,0.7368,65536,11968,0.8174,58,135.4,True
resnet50,Multiply_9250,3,642,32,32,32,32,18,11,0,32,0.7314,65536,12672,0.8066,59,84.8,True
resnet50,Multiply_9250,3,643,32,32,32,32,14,11,0,32,0.7529,65536,9856,0.8496,55,44.3,True
resnet50,Multiply_9250,3,644,32,32,32,32,21,11,0,32,0.7153,65536,14784,0.7744,62,43.8,True
resnet50,Multiply_9250,3,645,32,32,32,32,19,11,0,32,0.7261,65536,13376,0.7959,60,196.8,True
resnet50,Multiply_9250,3,646,32,32,32,32,17,11,0,32,0.7368,65536,11968,0.8174,58,46.1,True
resnet50,Multiply_9250,3,647,32,32,32,32,18,11,0,32,0.7314,65536,12672,0.8066,59,48.6,True
resnet50,Multiply_9250,3,648,32,32,32,32,17,11,0,32,0.7368,65536,11968,0.8174,58,67.8,True
resnet50,Multiply_9250,3,649,32,32,32,32,17,9,0,32,0.7847,65536,9792,0.8506,56,52.8,True
resnet50,Multiply_9250,3,650,32,32,32,32,18,9,0,32,0.7803,65536,10368,0.8418,57,212.6,True
resnet50,Multiply_9250,3,651,32,32,32,32,14,9,0,32,0.7979,65536,8064,0.877,53,93.4,True
resnet50,Multiply_9250,3,652,32,32,32,32,21,9,0,32,0.7671,65536,12096,0.8154,60,41.9,True
resnet50,Multiply_9250,3,653,32,32,32,32,19,9,0,32,0.7759,65536,10944,0.833,58,39.5,True
resnet50,Multiply_9250,3,654,32,32,32,32,17,9,0,32,0.7847,65536,9792,0.8506,56,120.7,True
resnet50,Multiply_9250,3,655,32,32,32,32,18,9,0,32,0.7803,65536,10368,0.8418,57,39.3,True
resnet50,Multiply_9250,3,656,32,32,32,32,17,9,0,32,0.7847,65536,9792,0.8506,56,38.7,True
resnet50,Multiply_9250,3,657,32,32,32,32,17,10,0,32,0.7607,65536,10880,0.834,57,55.7,True
resnet50,Multiply_9250,3,658,32,32,32,32,18,10,0,32,0.7559,65536,11520,0.8242,58,128.0,True
resnet50,Multiply_9250,3,659,32,32,32,32,14,10,0,32,0.7754,65536,8960,0.8633,54,198.3,True
resnet50,Multiply_9250,3,660,32,32,32,32,21,10,0,32,0.7412,65536,13440,0.7949,61,181.1,True
resnet50,Multiply_9250,3,661,32,32,32,32,19,10,0,32,0.751,65536,12160,0.8145,59,224.0,True
resnet50,Multiply_9250,3,662,32,32,32,32,17,10,0,32,0.7607,65536,10880,0.834,57,258.9,True
resnet50,Multiply_9250,3,663,32,32,32,32,18,10,0,32,0.7559,65536,11520,0.8242,58,47.6,True
resnet50,Multiply_9250,3,664,32,32,32,32,17,10,0,32,0.7607,65536,10880,0.834,57,38.8,True
resnet50,Multiply_9250,3,665,32,32,32,32,17,11,0,32,0.7368,65536,11968,0.8174,58,250.7,True
resnet50,Multiply_9250,3,666,32,32,32,32,18,11,0,32,0.7314,65536,12672,0.8066,59,44.6,True
resnet50,Multiply_9250,3,667,32,32,32,32,14,11,0,32,0.7529,65536,9856,0.8496,55,39.7,True
resnet50,Multiply_9250,3,668,32,32,32,32,21,11,0,32,0.7153,65536,14784,0.7744,62,197.0,True
resnet50,Multiply_9250,3,669,32,32,32,32,19,11,0,32,0.7261,65536,13376,0.7959,60,39.5,True
resnet50,Multiply_9250,3,670,32,32,32,32,17,11,0,32,0.7368,65536,11968,0.8174,58,67.8,True
resnet50,Multiply_9250,3,671,32,32,32,32,18,11,0,32,0.7314,65536,12672,0.8066,59,253.9,True
resnet50,Multiply_9250,3,672,32,32,32,32,17,11,0,32,0.7368,65536,11968,0.8174,58,122.9,True
resnet50,Multiply_9250,3,673,32,32,32,32,17,11,0,32,0.7368,65536,11968,0.8174,58,47.9,True
resnet50,Multiply_9250,3,674,32,32,32,32,18,11,0,32,0.7314,65536,12672,0.8066,59,200.5,True
resnet50,Multiply_9250,3,675,32,32,32,32,14,11,0,32,0.7529,65536,9856,0.8496,55,175.8,True
resnet50,Multiply_9250,3,676,32,32,32,32,21,11,0,32,0.7153,65536,14784,0.7744,62,114.3,True
resnet50,Multiply_9250,3,677,32,32,32,32,19,11,0,32,0.7261,65536,13376,0.7959,60,39.2,True
resnet50,Multiply_9250,3,678,32,32,32,32,17,11,0,32,0.7368,65536,11968,0.8174,58,45.5,True
resnet50,Multiply_9250,3,679,32,32,32,32,18,11,0,32,0.7314,65536,12672,0.8066,59,45.2,True
resnet50,Multiply_9250,3,680,32,32,32,32,17,11,0,32,0.7368,65536,11968,0.8174,58,50.7,True
resnet50,Multiply_9250,3,681,32,32,32,32,17,11,0,32,0.7368,65536,11968,0.8174,58,64.4,True
resnet50,Multiply_9250,3,682,32,32,32,32,18,11,0,32,0.7314,65536,12672,0.8066,59,198.8,True
resnet50,Multiply_9250,3,683,32,32,32,32,14,11,0,32,0.7529,65536,9856,0.8496,55,57.9,True
resnet50,Multiply_9250,3,684,32,32,32,32,21,11,0,32,0.7153,65536,14784,0.7744,62,57.7,True
resnet50,Multiply_9250,3,685,32,32,32,32,19,11,0,32,0.7261,65536,13376,0.7959,60,103.2,True
resnet50,Multiply_9250,3,686,32,32,32,32,17,11,0,32,0.7368,65536,11968,0.8174,58,49.4,True
resnet50,Multiply_9250,3,687,32,32,32,32,18,11,0,32,0.7314,65536,12672,0.8066,59,134.7,True
resnet50,Multiply_9250,3,688,32,32,32,32,17,11,0,32,0.7368,65536,11968,0.8174,58,38.6,True
resnet50,Multiply_9250,3,689,32,32,32,32,17,11,0,32,0.7368,65536,11968,0.8174,58,44.0,True
resnet50,Multiply_9250,3,690,32,32,32,32,18,11,0,32,0.7314,65536,12672,0.8066,59,50.0,True
resnet50,Multiply_9250,3,691,32,32,32,32,14,11,0,32,0.7529,65536,9856,0.8496,55,51.5,True
resnet50,Multiply_9250,3,692,32,32,32,32,21,11,0,32,0.7153,65536,14784,0.7744,62,119.8,True
resnet50,Multiply_9250,3,693,32,32,32,32,19,11,0,32,0.7261,65536,13376,0.7959,60,48.9,True
resnet50,Multiply_9250,3,694,32,32,32,32,17,11,0,32,0.7368,65536,11968,0.8174,58,38.5,True
resnet50,Multiply_9250,3,695,32,32,32,32,18,11,0,32,0.7314,65536,12672,0.8066,59,107.3,True
resnet50,Multiply_9250,3,696,32,32,32,32,17,11,0,32,0.7368,65536,11968,0.8174,58,51.8,True
resnet50,Multiply_9250,3,697,32,32,32,32,17,12,0,32,0.7129,65536,13056,0.8008,59,63.3,True
resnet50,Multiply_9250,3,698,32,32,32,32,18,12,0,32,0.707,65536,13824,0.7891,60,176.3,True
resnet50,Multiply_9250,3,699,32,32,32,32,14,12,0,32,0.7305,65536,10752,0.8359,56,251.6,True
resnet50,Multiply_9250,3,700,32,32,32,32,21,12,0,32,0.6895,65536,16128,0.7539,63,48.1,True
resnet50,Multiply_9250,3,701,32,32,32,32,19,12,0,32,0.7012,65536,14592,0.7773,61,38.7,True
resnet50,Multiply_9250,3,702,32,32,32,32,17,12,0,32,0.7129,65536,13056,0.8008,59,48.5,True
resnet50,Multiply_9250,3,703,32,32,32,32,18,12,0,32,0.707,65536,13824,0.7891,60,48.2,True
resnet50,Multiply_9250,3,704,32,32,32,32,17,12,0,32,0.7129,65536,13056,0.8008,59,259.8,True
resnet50,Multiply_9250,3,705,32,32,32,32,17,11,0,32,0.7368,65536,11968,0.8174,58,43.6,True
resnet50,Multiply_9250,3,706,32,32,32,32,18,11,0,32,0.7314,65536,12672,0.8066,59,90.7,True
resnet50,Multiply_9250,3,707,32,32,32,32,14,11,0,32,0.7529,65536,9856,0.8496,55,157.2,True
resnet50,Multiply_9250,3,708,32,32,32,32,21,11,0,32,0.7153,65536,14784,0.7744,62,40.2,True
resnet50,Multiply_9250,3,709,32,32,32,32,19,11,0,32,0.7261,65536,13376,0.7959,60,39.9,True
resnet50,Multiply_9250,3,710,32,32,32,32,17,11,0,32,0.7368,65536,11968,0.8174,58,69.2,True
resnet50,Multiply_9250,3,711,32,32,32,32,18,11,0,32,0.7314,65536,12672,0.8066,59,287.2,True
resnet50,Multiply_9250,3,712,32,32,32,32,17,11,0,32,0.7368,65536,11968,0.8174,58,40.0,True
resnet50,Multiply_9250,3,713,32,32,32,32,17,11,0,32,0.7368,65536,11968,0.8174,58,48.0,True
resnet50,Multiply_9250,3,714,32,32,32,32,18,11,0,32,0.7314,65536,12672,0.8066,59,38.6,True
resnet50,Multiply_9250,3,715,32,32,32,32,14,11,0,32,0.7529,65536,9856,0.8496,55,56.0,True
resnet50,Multiply_9250,3,716,32,32,32,32,21,11,0,32,0.7153,65536,14784,0.7744,62,45.8,True
resnet50,Multiply_9250,3,717,32,32,32,32,19,11,0,32,0.7261,65536,13376,0.7959,60,54.0,True
resnet50,Multiply_9250,3,718,32,32,32,32,17,11,0,32,0.7368,65536,11968,0.8174,58,75.9,True
resnet50,Multiply_9250,3,719,32,32,32,32,18,11,0,32,0.7314,65536,12672,0.8066,59,48.0,True
resnet50,Multiply_9250,3,720,32,32,32,32,17,11,0,32,0.7368,65536,11968,0.8174,58,76.0,True
resnet50,Multiply_9250,3,721,32,32,32,32,17,11,0,32,0.7368,65536,11968,0.8174,58,60.2,True
resnet50,Multiply_9250,3,722,32,32,32,32,18,11,0,32,0.7314,65536,12672,0.8066,59,38.8,True
resnet50,Multiply_9250,3,723,32,32,32,32,14,11,0,32,0.7529,65536,9856,0.8496,55,38.6,True
resnet50,Multiply_9250,3,724,32,32,32,32,21,11,0,32,0.7153,65536,14784,0.7744,62,72.5,True
resnet50,Multiply_9250,3,725,32,32,32,32,19,11,0,32,0.7261,65536,13376,0.7959,60,61.3,True
resnet50,Multiply_9250,3,726,32,32,32,32,17,11,0,32,0.7368,65536,11968,0.8174,58,45.2,True
resnet50,Multiply_9250,3,727,32,32,32,32,18,11,0,32,0.7314,65536,12672,0.8066,59,59.8,True
resnet50,Multiply_9250,3,728,32,32,32,32,17,11,0,32,0.7368,65536,11968,0.8174,58,49.1,True
resnet50,Multiply_9250,3,729,32,32,32,32,17,10,0,32,0.7607,65536,10880,0.834,57,87.4,True
resnet50,Multiply_9250,3,730,32,32,32,32,18,10,0,32,0.7559,65536,11520,0.8242,58,55.7,True
resnet50,Multiply_9250,3,731,32,32,32,32,14,10,0,32,0.7754,65536,8960,0.8633,54,106.8,True
resnet50,Multiply_9250,3,732,32,32,32,32,21,10,0,32,0.7412,65536,13440,0.7949,61,567.3,True
resnet50,Multiply_9250,3,733,32,32,32,32,19,10,0,32,0.751,65536,12160,0.8145,59,71.4,True
resnet50,Multiply_9250,3,734,32,32,32,32,17,10,0,32,0.7607,65536,10880,0.834,57,175.6,True
resnet50,Multiply_9250,3,735,32,32,32,32,18,10,0,32,0.7559,65536,11520,0.8242,58,45.1,True
resnet50,Multiply_9250,3,736,32,32,32,32,17,10,0,32,0.7607,65536,10880,0.834,57,57.2,True
resnet50,Multiply_9250,3,737,32,32,32,32,17,11,0,32,0.7368,65536,11968,0.8174,58,180.1,True
resnet50,Multiply_9250,3,738,32,32,32,32,18,11,0,32,0.7314,65536,12672,0.8066,59,47.5,True
resnet50,Multiply_9250,3,739,32,32,32,32,14,11,0,32,0.7529,65536,9856,0.8496,55,198.0,True
resnet50,Multiply_9250,3,740,32,32,32,32,21,11,0,32,0.7153,65536,14784,0.7744,62,198.5,True
resnet50,Multiply_9250,3,741,32,32,32,32,19,11,0,32,0.7261,65536,13376,0.7959,60,38.4,True
resnet50,Multiply_9250,3,742,32,32,32,32,17,11,0,32,0.7368,65536,11968,0.8174,58,46.5,True
resnet50,Multiply_9250,3,743,32,32,32,32,18,11,0,32,0.7314,65536,12672,0.8066,59,185.8,True
resnet50,Multiply_9250,3,744,32,32,32,32,17,11,0,32,0.7368,65536,11968,0.8174,58,85.6,True
resnet50,Multiply_9250,3,745,32,32,32,32,17,10,0,32,0.7607,65536,10880,0.834,57,157.9,True
resnet50,Multiply_9250,3,746,32,32,32,32,18,10,0,32,0.7559,65536,11520,0.8242,58,241.1,True
resnet50,Multiply_9250,3,747,32,32,32,32,14,10,0,32,0.7754,65536,8960,0.8633,54,40.6,True
resnet50,Multiply_9250,3,748,32,32,32,32,21,10,0,32,0.7412,65536,13440,0.7949,61,94.0,True
resnet50,Multiply_9250,3,749,32,32,32,32,19,10,0,32,0.751,65536,12160,0.8145,59,215.4,True
resnet50,Multiply_9250,3,750,32,32,32,32,17,10,0,32,0.7607,65536,10880,0.834,57,38.2,True
resnet50,Multiply_9250,3,751,32,32,32,32,18,10,0,32,0.7559,65536,11520,0.8242,58,198.3,True
resnet50,Multiply_9250,3,752,32,32,32,32,17,10,0,32,0.7607,65536,10880,0.834,57,200.8,True
resnet50,Multiply_9250,3,753,32,32,32,32,17,11,0,32,0.7368,65536,11968,0.8174,58,47.8,True
resnet50,Multiply_9250,3,754,32,32,32,32,18,11,0,32,0.7314,65536,12672,0.8066,59,66.3,True
resnet50,Multiply_9250,3,755,32,32,32,32,14,11,0,32,0.7529,65536,9856,0.8496,55,38.5,True
resnet50,Multiply_9250,3,756,32,32,32,32,21,11,0,32,0.7153,65536,14784,0.7744,62,51.7,True
resnet50,Multiply_9250,3,757,32,32,32,32,19,11,0,32,0.7261,65536,13376,0.7959,60,90.8,True
resnet50,Multiply_9250,3,758,32,32,32,32,17,11,0,32,0.7368,65536,11968,0.8174,58,196.5,True
resnet50,Multiply_9250,3,759,32,32,32,32,18,11,0,32,0.7314,65536,12672,0.8066,59,50.2,True
resnet50,Multiply_9250,3,760,32,32,32,32,17,11,0,32,0.7368,65536,11968,0.8174,58,85.6,True
resnet50,Multiply_9250,3,761,32,32,32,32,17,10,0,32,0.7607,65536,10880,0.834,57,47.2,True
resnet50,Multiply_9250,3,762,32,32,32,32,18,10,0,32,0.7559,65536,11520,0.8242,58,37.7,True
resnet50,Multiply_9250,3,763,32,32,32,32,14,10,0,32,0.7754,65536,8960,0.8633,54,38.0,True
resnet50,Multiply_9250,3,764,32,32,32,32,21,10,0,32,0.7412,65536,13440,0.7949,61,48.4,True
resnet50,Multiply_9250,3,765,32,32,32,32,19,10,0,32,0.751,65536,12160,0.8145,59,39.9,True
resnet50,Multiply_9250,3,766,32,32,32,32,17,10,0,32,0.7607,65536,10880,0.834,57,63.8,True
resnet50,Multiply_9250,3,767,32,32,32,32,18,10,0,32,0.7559,65536,11520,0.8242,58,131.0,True
resnet50,Multiply_9250,3,768,32,32,32,32,17,10,0,32,0.7607,65536,10880,0.834,57,82.6,True
resnet50,Multiply_9250,3,769,32,32,32,32,17,11,0,32,0.7368,65536,11968,0.8174,58,38.3,True
resnet50,Multiply_9250,3,770,32,32,32,32,18,11,0,32,0.7314,65536,12672,0.8066,59,70.6,True
resnet50,Multiply_9250,3,771,32,32,32,32,14,11,0,32,0.7529,65536,9856,0.8496,55,191.9,True
resnet50,Multiply_9250,3,772,32,32,32,32,21,11,0,32,0.7153,65536,14784,0.7744,62,130.8,True
resnet50,Multiply_9250,3,773,32,32,32,32,19,11,0,32,0.7261,65536,13376,0.7959,60,38.4,True
resnet50,Multiply_9250,3,774,32,32,32,32,17,11,0,32,0.7368,65536,11968,0.8174,58,198.5,True
resnet50,Multiply_9250,3,775,32,32,32,32,18,11,0,32,0.7314,65536,12672,0.8066,59,156.2,True
resnet50,Multiply_9250,3,776,32,32,32,32,17,11,0,32,0.7368,65536,11968,0.8174,58,47.8,True
resnet50,Multiply_9250,3,777,32,32,32,32,17,9,0,32,0.7847,65536,9792,0.8506,56,38.4,True
resnet50,Multiply_9250,3,778,32,32,32,32,18,9,0,32,0.7803,65536,10368,0.8418,57,38.8,True
resnet50,Multiply_9250,3,779,32,32,32,32,14,9,0,32,0.7979,65536,8064,0.877,53,221.0,True
resnet50,Multiply_9250,3,780,32,32,32,32,21,9,0,32,0.7671,65536,12096,0.8154,60,41.8,True
resnet50,Multiply_9250,3,781,32,32,32,32,19,9,0,32,0.7759,65536,10944,0.833,58,68.9,True
resnet50,Multiply_9250,3,782,32,32,32,32,17,9,0,32,0.7847,65536,9792,0.8506,56,38.4,True
resnet50,Multiply_9250,3,783,32,32,32,32,18,9,0,32,0.7803,65536,10368,0.8418,57,100.2,True
resnet50,Multiply_9250,3,784,32,32,32,32,17,9,0,32,0.7847,65536,9792,0.8506,56,105.1,True
resnet50,Multiply_9222,4,1,32,32,32,29,19,11,0,32,0.7422,65536,12122,0.815,57,48.4,True
resnet50,Multiply_9222,4,2,32,32,32,29,16,11,0,32,0.7583,65536,10208,0.8442,54,69.0,True
resnet50,Multiply_9222,4,3,32,32,32,20,19,25,0,32,0.5239,65536,19000,0.7101,62,176.6,True
resnet50,Multiply_9222,4,4,32,32,32,20,16,25,0,32,0.5605,65536,16000,0.7559,59,48.3,True
resnet50,Multiply_9222,4,5,32,32,32,32,19,25,0,32,0.3774,65536,30400,0.5361,74,65.6,True
resnet50,Multiply_9222,4,6,32,32,32,32,16,25,0,32,0.4141,65536,25600,0.6094,71,111.7,True
resnet50,Multiply_9222,4,7,32,32,32,24,19,32,0,32,0.3281,65536,29184,0.5547,73,44.2,True
resnet50,Multiply_9222,4,8,32,32,32,24,16,32,0,32,0.375,65536,24576,0.625,70,45.5,True
resnet50,Multiply_9222,4,9,32,32,32,30,19,32,0,32,0.2344,65536,36480,0.4434,79,194.9,True
resnet50,Multiply_9222,4,10,32,32,32,30,16,32,0,32,0.2812,65536,30720,0.5312,76,199.6,True
resnet50,Multiply_9222,4,11,32,32,32,26,19,32,0,32,0.2969,65536,31616,0.5176,75,43.3,True
resnet50,Multiply_9222,4,12,32,32,32,26,16,32,0,32,0.3438,65536,26624,0.5938,72,40.0,True
resnet50,Multiply_9222,4,13,32,32,32,29,19,32,0,32,0.25,65536,35264,0.4619,78,37.6,True
resnet50,Multiply_9222,4,14,32,32,32,29,16,32,0,32,0.2969,65536,29696,0.5469,75,47.4,True
resnet50,Multiply_9222,4,15,32,32,32,32,19,32,0,32,0.2031,65536,38912,0.4062,81,41.7,True
resnet50,Multiply_9222,4,16,32,32,32,32,16,32,0,32,0.25,65536,32768,0.5,78,41.5,True
resnet50,Multiply_9222,4,17,32,32,32,30,19,32,0,32,0.2344,65536,36480,0.4434,79,178.3,True
resnet50,Multiply_9222,4,18,32,32,32,30,16,32,0,32,0.2812,65536,30720,0.5312,76,38.0,True
resnet50,Multiply_9222,4,19,32,32,32,32,19,32,0,32,0.2031,65536,38912,0.4062,81,61.1,True
resnet50,Multiply_9222,4,20,32,32,32,32,16,32,0,32,0.25,65536,32768,0.5,78,71.2,True
resnet50,Multiply_9222,4,21,32,32,32,29,19,32,0,32,0.25,65536,35264,0.4619,78,41.3,True
resnet50,Multiply_9222,4,22,32,32,32,29,16,32,0,32,0.2969,65536,29696,0.5469,75,37.6,True
resnet50,Multiply_9222,4,23,32,32,32,32,19,32,0,32,0.2031,65536,38912,0.4062,81,59.4,True
resnet50,Multiply_9222,4,24,32,32,32,32,16,32,0,32,0.25,65536,32768,0.5,78,40.1,True
resnet50,Multiply_9222,4,25,32,32,32,29,19,32,0,32,0.25,65536,35264,0.4619,78,45.2,True
resnet50,Multiply_9222,4,26,32,32,32,29,16,32,0,32,0.2969,65536,29696,0.5469,75,162.3,True
resnet50,Multiply_9222,4,27,32,32,32,29,19,32,0,32,0.25,65536,35264,0.4619,78,138.6,True
resnet50,Multiply_9222,4,28,32,32,32,29,16,32,0,32,0.2969,65536,29696,0.5469,75,81.9,True
resnet50,Multiply_9222,4,29,32,32,32,32,19,32,0,32,0.2031,65536,38912,0.4062,81,42.0,True
resnet50,Multiply_9222,4,30,32,32,32,32,16,32,0,32,0.25,65536,32768,0.5,78,102.6,True
resnet50,Multiply_9222,4,31,32,32,32,28,19,32,0,32,0.2656,65536,34048,0.4805,77,50.3,True
resnet50,Multiply_9222,4,32,32,32,32,28,16,32,0,32,0.3125,65536,28672,0.5625,74,38.0,True
resnet50,Multiply_9222,4,33,32,32,32,32,19,32,0,32,0.2031,65536,38912,0.4062,81,41.9,True
resnet50,Multiply_9222,4,34,32,32,32,32,16,32,0,32,0.25,65536,32768,0.5,78,54.3,True
resnet50,Multiply_9222,4,35,32,32,32,30,19,32,0,32,0.2344,65536,36480,0.4434,79,57.4,True
resnet50,Multiply_9222,4,36,32,32,32,30,16,32,0,32,0.2812,65536,30720,0.5312,76,49.5,True
resnet50,Multiply_9222,4,37,32,32,32,32,19,32,0,32,0.2031,65536,38912,0.4062,81,174.7,True
resnet50,Multiply_9222,4,38,32,32,32,32,16,32,0,32,0.25,65536,32768,0.5,78,221.4,True
resnet50,Multiply_9222,4,39,32,32,32,32,19,32,0,32,0.2031,65536,38912,0.4062,81,50.1,True
resnet50,Multiply_9222,4,40,32,32,32,32,16,32,0,32,0.25,65536,32768,0.5,78,39.2,True
resnet50,Multiply_9222,4,41,32,32,32,31,19,32,0,32,0.2188,65536,37696,0.4248,80,41.6,True
resnet50,Multiply_9222,4,42,32,32,32,31,16,32,0,32,0.2656,65536,31744,0.5156,77,40.0,True
resnet50,Multiply_9222,4,43,32,32,32,32,19,32,0,32,0.2031,65536,38912,0.4062,81,36.9,True
resnet50,Multiply_9222,4,44,32,32,32,32,16,32,0,32,0.25,65536,32768,0.5,78,40.4,True
resnet50,Multiply_9222,4,45,32,32,32,31,19,32,0,32,0.2188,65536,37696,0.4248,80,74.0,True
resnet50,Multiply_9222,4,46,32,32,32,31,16,32,0,32,0.2656,65536,31744,0.5156,77,130.0,True
resnet50,Multiply_9222,4,47,32,32,32,32,19,32,0,32,0.2031,65536,38912,0.4062,81,55.8,True
resnet50,Multiply_9222,4,48,32,32,32,32,16,32,0,32,0.25,65536,32768,0.5,78,38.8,True
resnet50,Multiply_9222,4,49,32,32,32,31,19,32,0,32,0.2188,65536,37696,0.4248,80,38.4,True
resnet50,Multiply_9222,4,50,32,32,32,31,16,32,0,32,0.2656,65536,31744,0.5156,77,38.8,True
resnet50,Multiply_9222,4,51,32,32,32,32,19,32,0,32,0.2031,65536,38912,0.4062,81,47.5,True
resnet50,Multiply_9222,4,52,32,32,32,32,16,32,0,32,0.25,65536,32768,0.5,78,39.5,True
resnet50,Multiply_9222,4,53,32,32,32,32,19,32,0,32,0.2031,65536,38912,0.4062,81,41.0,True
resnet50,Multiply_9222,4,54,32,32,32,32,16,32,0,32,0.25,65536,32768,0.5,78,38.8,True
resnet50,Multiply_9222,4,55,32,32,32,32,19,32,0,32,0.2031,65536,38912,0.4062,81,44.9,True
resnet50,Multiply_9222,4,56,32,32,32,32,16,32,0,32,0.25,65536,32768,0.5,78,179.5,True
resnet50,Multiply_9222,4,57,32,32,32,32,19,32,0,32,0.2031,65536,38912,0.4062,81,40.3,True
resnet50,Multiply_9222,4,58,32,32,32,32,16,32,0,32,0.25,65536,32768,0.5,78,38.5,True
resnet50,Multiply_9222,4,59,32,32,32,31,19,32,0,32,0.2188,65536,37696,0.4248,80,38.9,True
resnet50,Multiply_9222,4,60,32,32,32,31,16,32,0,32,0.2656,65536,31744,0.5156,77,39.5,True
resnet50,Multiply_9222,4,61,32,32,32,32,19,32,0,32,0.2031,65536,38912,0.4062,81,45.2,True
resnet50,Multiply_9222,4,62,32,32,32,32,16,32,0,32,0.25,65536,32768,0.5,78,42.3,True
resnet50,Multiply_9222,4,63,32,32,32,30,19,32,0,32,0.2344,65536,36480,0.4434,79,59.7,True
resnet50,Multiply_9222,4,64,32,32,32,30,16,32,0,32,0.2812,65536,30720,0.5312,76,38.5,True
resnet50,Multiply_9222,4,65,32,32,32,32,19,32,0,32,0.2031,65536,38912,0.4062,81,36.8,True
resnet50,Multiply_9222,4,66,32,32,32,32,16,32,0,32,0.25,65536,32768,0.5,78,199.7,True
resnet50,Multiply_9222,4,67,32,32,32,30,19,32,0,32,0.2344,65536,36480,0.4434,79,41.1,True
resnet50,Multiply_9222,4,68,32,32,32,30,16,32,0,32,0.2812,65536,30720,0.5312,76,48.2,True
resnet50,Multiply_9222,4,69,32,32,32,32,19,32,0,32,0.2031,65536,38912,0.4062,81,37.4,True
resnet50,Multiply_9222,4,70,32,32,32,32,16,32,0,32,0.25,65536,32768,0.5,78,49.0,True
resnet50,Multiply_9222,4,71,32,32,32,30,19,32,0,32,0.2344,65536,36480,0.4434,79,72.2,True
resnet50,Multiply_9222,4,72,32,32,32,30,16,32,0,32,0.2812,65536,30720,0.5312,76,84.7,True
resnet50,Multiply_9222,4,73,32,32,32,32,19,32,0,32,0.2031,65536,38912,0.4062,81,38.6,True
resnet50,Multiply_9222,4,74,32,32,32,32,16,32,0,32,0.25,65536,32768,0.5,78,39.8,True
resnet50,Multiply_9222,4,75,32,32,32,32,19,32,0,32,0.2031,65536,38912,0.4062,81,47.1,True
resnet50,Multiply_9222,4,76,32,32,32,32,16,32,0,32,0.25,65536,32768,0.5,78,76.8,True
resnet50,Multiply_9222,4,77,32,32,32,30,19,32,0,32,0.2344,65536,36480,0.4434,79,41.0,True
resnet50,Multiply_9222,4,78,32,32,32,30,16,32,0,32,0.2812,65536,30720,0.5312,76,195.4,True
resnet50,Multiply_9222,4,79,32,32,32,32,19,32,0,32,0.2031,65536,38912,0.4062,81,38.4,True
resnet50,Multiply_9222,4,80,32,32,32,32,16,32,0,32,0.25,65536,32768,0.5,78,94.3,True
resnet50,Multiply_9222,4,81,32,32,32,30,19,32,0,32,0.2344,65536,36480,0.4434,79,42.8,True
resnet50,Multiply_9222,4,82,32,32,32,30,16,32,0,32,0.2812,65536,30720,0.5312,76,38.4,True
resnet50,Multiply_9222,4,83,32,32,32,32,19,32,0,32,0.2031,65536,38912,0.4062,81,87.3,True
resnet50,Multiply_9222,4,84,32,32,32,32,16,32,0,32,0.25,65536,32768,0.5,78,38.6,True
resnet50,Multiply_9222,4,85,32,32,32,30,19,32,0,32,0.2344,65536,36480,0.4434,79,220.2,True
resnet50,Multiply_9222,4,86,32,32,32,30,16,32,0,32,0.2812,65536,30720,0.5312,76,39.6,True
resnet50,Multiply_9222,4,87,32,32,32,31,19,32,0,32,0.2188,65536,37696,0.4248,80,83.9,True
resnet50,Multiply_9222,4,88,32,32,32,31,16,32,0,32,0.2656,65536,31744,0.5156,77,37.7,True
resnet50,Multiply_9222,4,89,32,32,32,30,19,32,0,32,0.2344,65536,36480,0.4434,79,47.0,True
resnet50,Multiply_9222,4,90,32,32,32,30,16,32,0,32,0.2812,65536,30720,0.5312,76,36.9,True
resnet50,Multiply_9222,4,91,32,32,32,29,19,32,0,32,0.25,65536,35264,0.4619,78,60.3,True
resnet50,Multiply_9222,4,92,32,32,32,29,16,32,0,32,0.2969,65536,29696,0.5469,75,38.5,True
resnet50,Multiply_9222,4,93,32,32,32,32,19,32,0,32,0.2031,65536,38912,0.4062,81,116.4,True
resnet50,Multiply_9222,4,94,32,32,32,32,16,32,0,32,0.25,65536,32768,0.5,78,40.1,True
resnet50,Multiply_9222,4,95,32,32,32,30,19,32,0,32,0.2344,65536,36480,0.4434,79,83.7,True
resnet50,Multiply_9222,4,96,32,32,32,30,16,32,0,32,0.2812,65536,30720,0.5312,76,48.6,True
resnet50,Multiply_9222,4,97,32,32,32,32,19,32,0,32,0.2031,65536,38912,0.4062,81,88.2,True
resnet50,Multiply_9222,4,98,32,32,32,32,16,32,0,32,0.25,65536,32768,0.5,78,48.4,True
resnet50,Multiply_9222,4,99,32,32,32,31,19,32,0,32,0.2188,65536,37696,0.4248,80,39.8,True
resnet50,Multiply_9222,4,100,32,32,32,31,16,32,0,32,0.2656,65536,31744,0.5156,77,174.4,True
resnet50,Multiply_9222,4,101,32,32,32,31,19,32,0,32,0.2188,65536,37696,0.4248,80,47.8,True
resnet50,Multiply_9222,4,102,32,32,32,31,16,32,0,32,0.2656,65536,31744,0.5156,77,48.6,True
resnet50,Multiply_9222,4,103,32,32,32,32,19,32,0,32,0.2031,65536,38912,0.4062,81,52.5,True
resnet50,Multiply_9222,4,104,32,32,32,32,16,32,0,32,0.25,65536,32768,0.5,78,159.6,True
resnet50,Multiply_9222,4,105,32,32,32,31,19,32,0,32,0.2188,65536,37696,0.4248,80,48.7,True
resnet50,Multiply_9222,4,106,32,32,32,31,16,32,0,32,0.2656,65536,31744,0.5156,77,49.0,True
resnet50,Multiply_9222,4,107,32,32,32,32,19,32,0,32,0.2031,65536,38912,0.4062,81,86.8,True
resnet50,Multiply_9222,4,108,32,32,32,32,16,32,0,32,0.25,65536,32768,0.5,78,49.4,True
resnet50,Multiply_9222,4,109,32,32,32,31,19,32,0,32,0.2188,65536,37696,0.4248,80,40.5,True
resnet50,Multiply_9222,4,110,32,32,32,31,16,32,0,32,0.2656,65536,31744,0.5156,77,47.9,True
resnet50,Multiply_9222,4,111,32,32,32,32,19,32,0,32,0.2031,65536,38912,0.4062,81,52.5,True
resnet50,Multiply_9222,4,112,32,32,32,32,16,32,0,32,0.25,65536,32768,0.5,78,38.6,True
resnet50,Multiply_9222,4,113,32,32,32,31,19,32,0,32,0.2188,65536,37696,0.4248,80,176.0,True
resnet50,Multiply_9222,4,114,32,32,32,31,16,32,0,32,0.2656,65536,31744,0.5156,77,73.7,True
resnet50,Multiply_9222,4,115,32,32,32,31,19,32,0,32,0.2188,65536,37696,0.4248,80,196.5,True
resnet50,Multiply_9222,4,116,32,32,32,31,16,32,0,32,0.2656,65536,31744,0.5156,77,100.4,True
resnet50,Multiply_9222,4,117,32,32,32,32,19,32,0,32,0.2031,65536,38912,0.4062,81,92.8,True
resnet50,Multiply_9222,4,118,32,32,32,32,16,32,0,32,0.25,65536,32768,0.5,78,37.4,True
resnet50,Multiply_9222,4,119,32,32,32,31,19,32,0,32,0.2188,65536,37696,0.4248,80,52.1,True
resnet50,Multiply_9222,4,120,32,32,32,31,16,32,0,32,0.2656,65536,31744,0.5156,77,86.9,True
resnet50,Multiply_9222,4,121,32,32,32,32,19,32,0,32,0.2031,65536,38912,0.4062,81,197.2,True
resnet50,Multiply_9222,4,122,32,32,32,32,16,32,0,32,0.25,65536,32768,0.5,78,55.8,True
resnet50,Multiply_9222,4,123,32,32,32,31,19,32,0,32,0.2188,65536,37696,0.4248,80,174.8,True
resnet50,Multiply_9222,4,124,32,32,32,31,16,32,0,32,0.2656,65536,31744,0.5156,77,38.7,True
resnet50,Multiply_9222,4,125,32,32,32,32,19,32,0,32,0.2031,65536,38912,0.4062,81,44.5,True
resnet50,Multiply_9222,4,126,32,32,32,32,16,32,0,32,0.25,65536,32768,0.5,78,88.8,True
resnet50,Multiply_9222,4,127,32,32,32,31,19,32,0,32,0.2188,65536,37696,0.4248,80,87.5,True
resnet50,Multiply_9222,4,128,32,32,32,31,16,32,0,32,0.2656,65536,31744,0.5156,77,177.9,True
resnet50,Multiply_9222,4,129,32,32,32,31,19,32,0,32,0.2188,65536,37696,0.4248,80,195.6,True
resnet50,Multiply_9222,4,130,32,32,32,31,16,32,0,32,0.2656,65536,31744,0.5156,77,47.5,True
resnet50,Multiply_9222,4,131,32,32,32,32,19,32,0,32,0.2031,65536,38912,0.4062,81,47.1,True
resnet50,Multiply_9222,4,132,32,32,32,32,16,32,0,32,0.25,65536,32768,0.5,78,222.6,True
resnet50,Multiply_9222,4,133,32,32,32,31,19,32,0,32,0.2188,65536,37696,0.4248,80,48.3,True
resnet50,Multiply_9222,4,134,32,32,32,31,16,32,0,32,0.2656,65536,31744,0.5156,77,37.4,True
resnet50,Multiply_9222,4,135,32,32,32,32,19,32,0,32,0.2031,65536,38912,0.4062,81,46.7,True
resnet50,Multiply_9222,4,136,32,32,32,32,16,32,0,32,0.25,65536,32768,0.5,78,226.0,True
resnet50,Multiply_9222,4,137,32,32,32,31,19,32,0,32,0.2188,65536,37696,0.4248,80,45.7,True
resnet50,Multiply_9222,4,138,32,32,32,31,16,32,0,32,0.2656,65536,31744,0.5156,77,109.3,True
resnet50,Multiply_9222,4,139,32,32,32,32,19,32,0,32,0.2031,65536,38912,0.4062,81,92.8,True
resnet50,Multiply_9222,4,140,32,32,32,32,16,32,0,32,0.25,65536,32768,0.5,78,104.9,True
resnet50,Multiply_9222,4,141,32,32,32,31,19,32,0,32,0.2188,65536,37696,0.4248,80,60.6,True
resnet50,Multiply_9222,4,142,32,32,32,31,16,32,0,32,0.2656,65536,31744,0.5156,77,289.2,True
resnet50,Multiply_9222,4,143,32,32,32,31,19,32,0,32,0.2188,65536,37696,0.4248,80,43.9,True
resnet50,Multiply_9222,4,144,32,32,32,31,16,32,0,32,0.2656,65536,31744,0.5156,77,48.8,True
resnet50,Multiply_9222,4,145,32,32,32,31,19,32,0,32,0.2188,65536,37696,0.4248,80,174.2,True
resnet50,Multiply_9222,4,146,32,32,32,31,16,32,0,32,0.2656,65536,31744,0.5156,77,38.7,True
resnet50,Multiply_9222,4,147,32,32,32,30,19,32,0,32,0.2344,65536,36480,0.4434,79,196.9,True
resnet50,Multiply_9222,4,148,32,32,32,30,16,32,0,32,0.2812,65536,30720,0.5312,76,200.9,True
resnet50,Multiply_9222,4,149,32,32,32,32,19,32,0,32,0.2031,65536,38912,0.4062,81,61.4,True
resnet50,Multiply_9222,4,150,32,32,32,32,16,32,0,32,0.25,65536,32768,0.5,78,49.2,True
resnet50,Multiply_9222,4,151,32,32,32,30,19,32,0,32,0.2344,65536,36480,0.4434,79,37.5,True
resnet50,Multiply_9222,4,152,32,32,32,30,16,32,0,32,0.2812,65536,30720,0.5312,76,38.5,True
resnet50,Multiply_9222,4,153,32,32,32,32,19,32,0,32,0.2031,65536,38912,0.4062,81,50.8,True
resnet50,Multiply_9222,4,154,32,32,32,32,16,32,0,32,0.25,65536,32768,0.5,78,196.9,True
resnet50,Multiply_9222,4,155,32,32,32,29,19,32,0,32,0.25,65536,35264,0.4619,78,37.9,True
resnet50,Multiply_9222,4,156,32,32,32,29,16,32,0,32,0.2969,65536,29696,0.5469,75,178.0,True
resnet50,Multiply_9222,4,157,32,32,32,31,19,32,0,32,0.2188,65536,37696,0.4248,80,194.7,True
resnet50,Multiply_9222,4,158,32,32,32,31,16,32,0,32,0.2656,65536,31744,0.5156,77,175.4,True
resnet50,Multiply_9222,4,159,32,32,32,30,19,32,0,32,0.2344,65536,36480,0.4434,79,57.2,True
resnet50,Multiply_9222,4,160,32,32,32,30,16,32,0,32,0.2812,65536,30720,0.5312,76,201.6,True
resnet50,Multiply_9222,4,161,32,32,32,29,19,32,0,32,0.25,65536,35264,0.4619,78,224.4,True
resnet50,Multiply_9222,4,162,32,32,32,29,16,32,0,32,0.2969,65536,29696,0.5469,75,37.4,True
resnet50,Multiply_9222,4,163,32,32,32,32,19,32,0,32,0.2031,65536,38912,0.4062,81,71.0,True
resnet50,Multiply_9222,4,164,32,32,32,32,16,32,0,32,0.25,65536,32768,0.5,78,75.9,True
resnet50,Multiply_9222,4,165,32,32,32,28,19,32,0,32,0.2656,65536,34048,0.4805,77,73.1,True
resnet50,Multiply_9222,4,166,32,32,32,28,16,32,0,32,0.3125,65536,28672,0.5625,74,40.9,True
resnet50,Multiply_9222,4,167,32,32,32,32,19,32,0,32,0.2031,65536,38912,0.4062,81,76.2,True
resnet50,Multiply_9222,4,168,32,32,32,32,16,32,0,32,0.25,65536,32768,0.5,78,40.1,True
resnet50,Multiply_9222,4,169,32,32,32,26,19,32,0,32,0.2969,65536,31616,0.5176,75,175.3,True
resnet50,Multiply_9222,4,170,32,32,32,26,16,32,0,32,0.3438,65536,26624,0.5938,72,55.4,True
resnet50,Multiply_9222,4,171,32,32,32,30,19,32,0,32,0.2344,65536,36480,0.4434,79,39.8,True
resnet50,Multiply_9222,4,172,32,32,32,30,16,32,0,32,0.2812,65536,30720,0.5312,76,196.6,True
resnet50,Multiply_9222,4,173,32,32,32,28,19,32,0,32,0.2656,65536,34048,0.4805,77,98.2,True
resnet50,Multiply_9222,4,174,32,32,32,28,16,32,0,32,0.3125,65536,28672,0.5625,74,40.1,True
resnet50,Multiply_9222,4,175,32,32,32,25,19,32,0,32,0.3125,65536,30400,0.5361,74,177.5,True
resnet50,Multiply_9222,4,176,32,32,32,25,16,32,0,32,0.3594,65536,25600,0.6094,71,60.8,True
resnet50,Multiply_9222,4,177,32,32,32,32,19,32,0,32,0.2031,65536,38912,0.4062,81,174.9,True
resnet50,Multiply_9222,4,178,32,32,32,32,16,32,0,32,0.25,65536,32768,0.5,78,125.2,True
resnet50,Multiply_9222,4,179,32,32,32,25,19,32,0,32,0.3125,65536,30400,0.5361,74,50.1,True
resnet50,Multiply_9222,4,180,32,32,32,25,16,32,0,32,0.3594,65536,25600,0.6094,71,114.0,True
resnet50,Multiply_9222,4,181,32,32,32,32,19,32,0,32,0.2031,65536,38912,0.4062,81,58.1,True
resnet50,Multiply_9222,4,182,32,32,32,32,16,32,0,32,0.25,65536,32768,0.5,78,59.9,True
resnet50,Multiply_9222,4,183,32,32,32,26,19,32,0,32,0.2969,65536,31616,0.5176,75,52.5,True
resnet50,Multiply_9222,4,184,32,32,32,26,16,32,0,32,0.3438,65536,26624,0.5938,72,38.8,True
resnet50,Multiply_9222,4,185,32,32,32,31,19,32,0,32,0.2188,65536,37696,0.4248,80,59.3,True
resnet50,Multiply_9222,4,186,32,32,32,31,16,32,0,32,0.2656,65536,31744,0.5156,77,38.5,True
resnet50,Multiply_9222,4,187,32,32,32,27,19,32,0,32,0.2812,65536,32832,0.499,76,194.8,True
resnet50,Multiply_9222,4,188,32,32,32,27,16,32,0,32,0.3281,65536,27648,0.5781,73,48.2,True
resnet50,Multiply_9222,4,189,32,32,32,27,19,32,0,32,0.2812,65536,32832,0.499,76,37.9,True
resnet50,Multiply_9222,4,190,32,32,32,27,16,32,0,32,0.3281,65536,27648,0.5781,73,64.4,True
resnet50,Multiply_9222,4,191,32,32,32,32,19,32,0,32,0.2031,65536,38912,0.4062,81,40.6,True
resnet50,Multiply_9222,4,192,32,32,32,32,16,32,0,32,0.25,65536,32768,0.5,78,47.9,True
resnet50,Multiply_9222,4,193,32,32,32,27,19,32,0,32,0.2812,65536,32832,0.499,76,194.2,True
resnet50,Multiply_9222,4,194,32,32,32,27,16,32,0,32,0.3281,65536,27648,0.5781,73,44.2,True
resnet50,Multiply_9222,4,195,32,32,32,32,19,32,0,32,0.2031,65536,38912,0.4062,81,173.4,True
resnet50,Multiply_9222,4,196,32,32,32,32,16,32,0,32,0.25,65536,32768,0.5,78,38.7,True
resnet50,Multiply_9243,5,1,32,32,32,32,21,13,0,32,0.6636,65536,17472,0.7334,64,48.3,True
resnet50,Multiply_9243,5,2,32,32,32,32,21,13,0,32,0.6636,65536,17472,0.7334,64,37.3,True
resnet50,Multiply_9243,5,3,32,32,32,32,13,13,0,32,0.7144,65536,10816,0.835,56,42.0,True
resnet50,Multiply_9243,5,4,32,32,32,32,20,13,0,32,0.6699,65536,16640,0.7461,63,89.8,True
resnet50,Multiply_9243,5,5,32,32,32,32,16,13,0,32,0.6953,65536,13312,0.7969,59,37.7,True
resnet50,Multiply_9243,5,6,32,32,32,32,18,13,0,32,0.6826,65536,14976,0.7715,61,128.8,True
resnet50,Multiply_9243,5,7,32,32,32,32,18,13,0,32,0.6826,65536,14976,0.7715,61,160.4,True
resnet50,Multiply_9243,5,8,32,32,32,32,14,13,0,32,0.708,65536,11648,0.8223,57,47.6,True
resnet50,Multiply_9243,5,9,32,32,32,32,21,13,0,32,0.6636,65536,17472,0.7334,64,174.2,True
resnet50,Multiply_9243,5,10,32,32,32,32,21,13,0,32,0.6636,65536,17472,0.7334,64,159.3,True
resnet50,Multiply_9243,5,11,32,32,32,32,13,13,0,32,0.7144,65536,10816,0.835,56,197.9,True
resnet50,Multiply_9243,5,12,32,32,32,32,20,13,0,32,0.6699,65536,16640,0.7461,63,116.6,True
resnet50,Multiply_9243,5,13,32,32,32,32,16,13,0,32,0.6953,65536,13312,0.7969,59,46.3,True
resnet50,Multiply_9243,5,14,32,32,32,32,18,13,0,32,0.6826,65536,14976,0.7715,61,198.2,True
resnet50,Multiply_9243,5,15,32,32,32,32,18,13,0,32,0.6826,65536,14976,0.7715,61,147.9,True
resnet50,Multiply_9243,5,16,32,32,32,32,14,13,0,32,0.708,65536,11648,0.8223,57,85.6,True
resnet50,Multiply_9243,5,17,32,32,32,32,21,10,0,32,0.7412,65536,13440,0.7949,61,44.0,True
resnet50,Multiply_9243,5,18,32,32,32,32,21,10,0,32,0.7412,65536,13440,0.7949,61,226.4,True
resnet50,Multiply_9243,5,19,32,32,32,32,13,10,0,32,0.7803,65536,8320,0.873,53,198.5,True
resnet50,Multiply_9243,5,20,32,32,32,32,20,10,0,32,0.7461,65536,12800,0.8047,60,38.4,True
resnet50,Multiply_9243,5,21,32,32,32,32,16,10,0,32,0.7656,65536,10240,0.8438,56,206.5,True
resnet50,Multiply_9243,5,22,32,32,32,32,18,10,0,32,0.7559,65536,11520,0.8242,58,247.6,True
resnet50,Multiply_9243,5,23,32,32,32,32,18,10,0,32,0.7559,65536,11520,0.8242,58,70.3,True
resnet50,Multiply_9243,5,24,32,32,32,32,14,10,0,32,0.7754,65536,8960,0.8633,54,100.0,True
resnet50,Multiply_9243,5,25,32,32,32,32,21,11,0,32,0.7153,65536,14784,0.7744,62,83.5,True
resnet50,Multiply_9243,5,26,32,32,32,32,21,11,0,32,0.7153,65536,14784,0.7744,62,47.9,True
resnet50,Multiply_9243,5,27,32,32,32,32,13,11,0,32,0.7583,65536,9152,0.8604,54,50.3,True
resnet50,Multiply_9243,5,28,32,32,32,32,20,11,0,32,0.7207,65536,14080,0.7852,61,46.6,True
resnet50,Multiply_9243,5,29,32,32,32,32,16,11,0,32,0.7422,65536,11264,0.8281,57,45.4,True
resnet50,Multiply_9243,5,30,32,32,32,32,18,11,0,32,0.7314,65536,12672,0.8066,59,50.2,True
resnet50,Multiply_9243,5,31,32,32,32,32,18,11,0,32,0.7314,65536,12672,0.8066,59,67.6,True
resnet50,Multiply_9243,5,32,32,32,32,32,14,11,0,32,0.7529,65536,9856,0.8496,55,37.7,True
resnet50,Multiply_9243,5,33,32,32,32,32,21,10,0,32,0.7412,65536,13440,0.7949,61,175.5,True
resnet50,Multiply_9243,5,34,32,32,32,32,21,10,0,32,0.7412,65536,13440,0.7949,61,38.2,True
resnet50,Multiply_9243,5,35,32,32,32,32,13,10,0,32,0.7803,65536,8320,0.873,53,39.6,True
resnet50,Multiply_9243,5,36,32,32,32,32,20,10,0,32,0.7461,65536,12800,0.8047,60,197.4,True
resnet50,Multiply_9243,5,37,32,32,32,32,16,10,0,32,0.7656,65536,10240,0.8438,56,38.2,True
resnet50,Multiply_9243,5,38,32,32,32,32,18,10,0,32,0.7559,65536,11520,0.8242,58,158.8,True
resnet50,Multiply_9243,5,39,32,32,32,32,18,10,0,32,0.7559,65536,11520,0.8242,58,40.2,True
resnet50,Multiply_9243,5,40,32,32,32,32,14,10,0,32,0.7754,65536,8960,0.8633,54,41.9,True
resnet50,Multiply_9243,5,41,32,32,32,32,21,12,0,32,0.6895,65536,16128,0.7539,63,47.7,True
resnet50,Multiply_9243,5,42,32,32,32,32,21,12,0,32,0.6895,65536,16128,0.7539,63,38.1,True
resnet50,Multiply_9243,5,43,32,32,32,32,13,12,0,32,0.7363,65536,9984,0.8477,55,48.7,True
resnet50,Multiply_9243,5,44,32,32,32,32,20,12,0,32,0.6953,65536,15360,0.7656,62,40.5,True
resnet50,Multiply_9243,5,45,32,32,32,32,16,12,0,32,0.7188,65536,12288,0.8125,58,198.3,True
resnet50,Multiply_9243,5,46,32,32,32,32,18,12,0,32,0.707,65536,13824,0.7891,60,40.0,True
resnet50,Multiply_9243,5,47,32,32,32,32,18,12,0,32,0.707,65536,13824,0.7891,60,44.7,True
resnet50,Multiply_9243,5,48,32,32,32,32,14,12,0,32,0.7305,65536,10752,0.8359,56,38.8,True
resnet50,Multiply_9243,5,49,32,32,32,32,21,13,0,32,0.6636,65536,17472,0.7334,64,39.6,True
resnet50,Multiply_9243,5,50,32,32,32,32,21,13,0,32,0.6636,65536,17472,0.7334,64,39.2,True
resnet50,Multiply_9243,5,51,32,32,32,32,13,13,0,32,0.7144,65536,10816,0.835,56,148.9,True
resnet50,Multiply_9243,5,52,32,32,32,32,20,13,0,32,0.6699,65536,16640,0.7461,63,46.7,True
resnet50,Multiply_9243,5,53,32,32,32,32,16,13,0,32,0.6953,65536,13312,0.7969,59,45.8,True
resnet50,Multiply_9243,5,54,32,32,32,32,18,13,0,32,0.6826,65536,14976,0.7715,61,105.6,True
resnet50,Multiply_9243,5,55,32,32,32,32,18,13,0,32,0.6826,65536,14976,0.7715,61,178.2,True
resnet50,Multiply_9243,5,56,32,32,32,32,14,13,0,32,0.708,65536,11648,0.8223,57,42.9,True
resnet50,Multiply_9243,5,57,32,32,32,32,21,11,0,32,0.7153,65536,14784,0.7744,62,48.4,True
resnet50,Multiply_9243,5,58,32,32,32,32,21,11,0,32,0.7153,65536,14784,0.7744,62,100.2,True
resnet50,Multiply_9243,5,59,32,32,32,32,13,11,0,32,0.7583,65536,9152,0.8604,54,72.9,True
resnet50,Multiply_9243,5,60,32,32,32,32,20,11,0,32,0.7207,65536,14080,0.7852,61,39.4,True
resnet50,Multiply_9243,5,61,32,32,32,32,16,11,0,32,0.7422,65536,11264,0.8281,57,39.8,True
resnet50,Multiply_9243,5,62,32,32,32,32,18,11,0,32,0.7314,65536,12672,0.8066,59,40.0,True
resnet50,Multiply_9243,5,63,32,32,32,32,18,11,0,32,0.7314,65536,12672,0.8066,59,38.5,True
resnet50,Multiply_9243,5,64,32,32,32,32,14,11,0,32,0.7529,65536,9856,0.8496,55,119.9,True
resnet50,Multiply_9243,5,65,32,32,32,32,21,12,0,32,0.6895,65536,16128,0.7539,63,40.6,True
resnet50,Multiply_9243,5,66,32,32,32,32,21,12,0,32,0.6895,65536,16128,0.7539,63,40.7,True
resnet50,Multiply_9243,5,67,32,32,32,32,13,12,0,32,0.7363,65536,9984,0.8477,55,126.7,True
resnet50,Multiply_9243,5,68,32,32,32,32,20,12,0,32,0.6953,65536,15360,0.7656,62,40.2,True
resnet50,Multiply_9243,5,69,32,32,32,32,16,12,0,32,0.7188,65536,12288,0.8125,58,38.9,True
resnet50,Multiply_9243,5,70,32,32,32,32,18,12,0,32,0.707,65536,13824,0.7891,60,39.5,True
resnet50,Multiply_9243,5,71,32,32,32,32,18,12,0,32,0.707,65536,13824,0.7891,60,41.0,True
resnet50,Multiply_9243,5,72,32,32,32,32,14,12,0,32,0.7305,65536,10752,0.8359,56,185.9,True
resnet50,Multiply_9243,5,73,32,32,32,32,21,10,0,32,0.7412,65536,13440,0.7949,61,38.4,True
resnet50,Multiply_9243,5,74,32,32,32,32,21,10,0,32,0.7412,65536,13440,0.7949,61,38.7,True
resnet50,Multiply_9243,5,75,32,32,32,32,13,10,0,32,0.7803,65536,8320,0.873,53,41.8,True
resnet50,Multiply_9243,5,76,32,32,32,32,20,10,0,32,0.7461,65536,12800,0.8047,60,40.9,True
resnet50,Multiply_9243,5,77,32,32,32,32,16,10,0,32,0.7656,65536,10240,0.8438,56,79.8,True
resnet50,Multiply_9243,5,78,32,32,32,32,18,10,0,32,0.7559,65536,11520,0.8242,58,39.1,True
resnet50,Multiply_9243,5,79,32,32,32,32,18,10,0,32,0.7559,65536,11520,0.8242,58,39.4,True
resnet50,Multiply_9243,5,80,32,32,32,32,14,10,0,32,0.7754,65536,8960,0.8633,54,59.6,True
resnet50,Multiply_9243,5,81,32,32,32,32,21,13,0,32,0.6636,65536,17472,0.7334,64,41.1,True
resnet50,Multiply_9243,5,82,32,32,32,32,21,13,0,32,0.6636,65536,17472,0.7334,64,39.0,True
resnet50,Multiply_9243,5,83,32,32,32,32,13,13,0,32,0.7144,65536,10816,0.835,56,66.6,True
resnet50,Multiply_9243,5,84,32,32,32,32,20,13,0,32,0.6699,65536,16640,0.7461,63,38.7,True
resnet50,Multiply_9243,5,85,32,32,32,32,16,13,0,32,0.6953,65536,13312,0.7969,59,43.9,True
resnet50,Multiply_9243,5,86,32,32,32,32,18,13,0,32,0.6826,65536,14976,0.7715,61,38.8,True
resnet50,Multiply_9243,5,87,32,32,32,32,18,13,0,32,0.6826,65536,14976,0.7715,61,39.8,True
resnet50,Multiply_9243,5,88,32,32,32,32,14,13,0,32,0.708,65536,11648,0.8223,57,38.9,True
resnet50,Multiply_9243,5,89,32,32,32,32,21,11,0,32,0.7153,65536,14784,0.7744,62,84.2,True
resnet50,Multiply_9243,5,90,32,32,32,32,21,11,0,32,0.7153,65536,14784,0.7744,62,43.3,True
resnet50,Multiply_9243,5,91,32,32,32,32,13,11,0,32,0.7583,65536,9152,0.8604,54,40.1,True
resnet50,Multiply_9243,5,92,32,32,32,32,20,11,0,32,0.7207,65536,14080,0.7852,61,39.1,True
resnet50,Multiply_9243,5,93,32,32,32,32,16,11,0,32,0.7422,65536,11264,0.8281,57,43.8,True
resnet50,Multiply_9243,5,94,32,32,32,32,18,11,0,32,0.7314,65536,12672,0.8066,59,66.7,True
resnet50,Multiply_9243,5,95,32,32,32,32,18,11,0,32,0.7314,65536,12672,0.8066,59,44.7,True
resnet50,Multiply_9243,5,96,32,32,32,32,14,11,0,32,0.7529,65536,9856,0.8496,55,39.1,True
resnet50,Multiply_9243,5,97,32,32,32,32,21,13,0,32,0.6636,65536,17472,0.7334,64,38.8,True
resnet50,Multiply_9243,5,98,32,32,32,32,21,13,0,32,0.6636,65536,17472,0.7334,64,40.9,True
resnet50,Multiply_9243,5,99,32,32,32,32,13,13,0,32,0.7144,65536,10816,0.835,56,46.2,True
resnet50,Multiply_9243,5,100,32,32,32,32,20,13,0,32,0.6699,65536,16640,0.7461,63,38.8,True
resnet50,Multiply_9243,5,101,32,32,32,32,16,13,0,32,0.6953,65536,13312,0.7969,59,40.4,True
resnet50,Multiply_9243,5,102,32,32,32,32,18,13,0,32,0.6826,65536,14976,0.7715,61,39.2,True
resnet50,Multiply_9243,5,103,32,32,32,32,18,13,0,32,0.6826,65536,14976,0.7715,61,40.5,True
resnet50,Multiply_9243,5,104,32,32,32,32,14,13,0,32,0.708,65536,11648,0.8223,57,40.5,True
resnet50,Multiply_9243,5,105,32,32,32,32,21,12,0,32,0.6895,65536,16128,0.7539,63,41.1,True
resnet50,Multiply_9243,5,106,32,32,32,32,21,12,0,32,0.6895,65536,16128,0.7539,63,118.5,True
resnet50,Multiply_9243,5,107,32,32,32,32,13,12,0,32,0.7363,65536,9984,0.8477,55,40.2,True
resnet50,Multiply_9243,5,108,32,32,32,32,20,12,0,32,0.6953,65536,15360,0.7656,62,189.1,True
resnet50,Multiply_9243,5,109,32,32,32,32,16,12,0,32,0.7188,65536,12288,0.8125,58,38.0,True
resnet50,Multiply_9243,5,110,32,32,32,32,18,12,0,32,0.707,65536,13824,0.7891,60,38.6,True
resnet50,Multiply_9243,5,111,32,32,32,32,18,12,0,32,0.707,65536,13824,0.7891,60,38.8,True
resnet50,Multiply_9243,5,112,32,32,32,32,14,12,0,32,0.7305,65536,10752,0.8359,56,55.0,True
resnet50,Multiply_9243,5,113,32,32,32,32,21,13,0,32,0.6636,65536,17472,0.7334,64,41.4,True
resnet50,Multiply_9243,5,114,32,32,32,32,21,13,0,32,0.6636,65536,17472,0.7334,64,59.3,True
resnet50,Multiply_9243,5,115,32,32,32,32,13,13,0,32,0.7144,65536,10816,0.835,56,39.9,True
resnet50,Multiply_9243,5,116,32,32,32,32,20,13,0,32,0.6699,65536,16640,0.7461,63,57.8,True
resnet50,Multiply_9243,5,117,32,32,32,32,16,13,0,32,0.6953,65536,13312,0.7969,59,37.7,True
resnet50,Multiply_9243,5,118,32,32,32,32,18,13,0,32,0.6826,65536,14976,0.7715,61,39.9,True
resnet50,Multiply_9243,5,119,32,32,32,32,18,13,0,32,0.6826,65536,14976,0.7715,61,39.1,True
resnet50,Multiply_9243,5,120,32,32,32,32,14,13,0,32,0.708,65536,11648,0.8223,57,38.7,True
resnet50,Multiply_9243,5,121,32,32,32,32,21,13,0,32,0.6636,65536,17472,0.7334,64,40.9,True
resnet50,Multiply_9243,5,122,32,32,32,32,21,13,0,32,0.6636,65536,17472,0.7334,64,161.3,True
resnet50,Multiply_9243,5,123,32,32,32,32,13,13,0,32,0.7144,65536,10816,0.835,56,39.5,True
resnet50,Multiply_9243,5,124,32,32,32,32,20,13,0,32,0.6699,65536,16640,0.7461,63,40.4,True
resnet50,Multiply_9243,5,125,32,32,32,32,16,13,0,32,0.6953,65536,13312,0.7969,59,51.7,True
resnet50,Multiply_9243,5,126,32,32,32,32,18,13,0,32,0.6826,65536,14976,0.7715,61,222.2,True
resnet50,Multiply_9243,5,127,32,32,32,32,18,13,0,32,0.6826,65536,14976,0.7715,61,38.9,True
resnet50,Multiply_9243,5,128,32,32,32,32,14,13,0,32,0.708,65536,11648,0.8223,57,71.0,True
resnet50,Multiply_9243,5,129,32,32,32,32,21,12,0,32,0.6895,65536,16128,0.7539,63,37.6,True
resnet50,Multiply_9243,5,130,32,32,32,32,21,12,0,32,0.6895,65536,16128,0.7539,63,178.8,True
resnet50,Multiply_9243,5,131,32,32,32,32,13,12,0,32,0.7363,65536,9984,0.8477,55,38.5,True
resnet50,Multiply_9243,5,132,32,32,32,32,20,12,0,32,0.6953,65536,15360,0.7656,62,56.3,True
resnet50,Multiply_9243,5,133,32,32,32,32,16,12,0,32,0.7188,65536,12288,0.8125,58,82.7,True
resnet50,Multiply_9243,5,134,32,32,32,32,18,12,0,32,0.707,65536,13824,0.7891,60,38.4,True
resnet50,Multiply_9243,5,135,32,32,32,32,18,12,0,32,0.707,65536,13824,0.7891,60,38.6,True
resnet50,Multiply_9243,5,136,32,32,32,32,14,12,0,32,0.7305,65536,10752,0.8359,56,41.1,True
resnet50,Multiply_9243,5,137,32,32,32,32,21,12,0,32,0.6895,65536,16128,0.7539,63,61.1,True
resnet50,Multiply_9243,5,138,32,32,32,32,21,12,0,32,0.6895,65536,16128,0.7539,63,44.6,True
resnet50,Multiply_9243,5,139,32,32,32,32,13,12,0,32,0.7363,65536,9984,0.8477,55,45.2,True
resnet50,Multiply_9243,5,140,32,32,32,32,20,12,0,32,0.6953,65536,15360,0.7656,62,38.1,True
resnet50,Multiply_9243,5,141,32,32,32,32,16,12,0,32,0.7188,65536,12288,0.8125,58,39.9,True
resnet50,Multiply_9243,5,142,32,32,32,32,18,12,0,32,0.707,65536,13824,0.7891,60,64.0,True
resnet50,Multiply_9243,5,143,32,32,32,32,18,12,0,32,0.707,65536,13824,0.7891,60,37.9,True
resnet50,Multiply_9243,5,144,32,32,32,32,14,12,0,32,0.7305,65536,10752,0.8359,56,41.7,True
resnet50,Multiply_9243,5,145,32,32,32,32,21,12,0,32,0.6895,65536,16128,0.7539,63,48.0,True
resnet50,Multiply_9243,5,146,32,32,32,32,21,12,0,32,0.6895,65536,16128,0.7539,63,41.7,True
resnet50,Multiply_9243,5,147,32,32,32,32,13,12,0,32,0.7363,65536,9984,0.8477,55,62.2,True
resnet50,Multiply_9243,5,148,32,32,32,32,20,12,0,32,0.6953,65536,15360,0.7656,62,45.0,True
resnet50,Multiply_9243,5,149,32,32,32,32,16,12,0,32,0.7188,65536,12288,0.8125,58,38.4,True
resnet50,Multiply_9243,5,150,32,32,32,32,18,12,0,32,0.707,65536,13824,0.7891,60,38.1,True
resnet50,Multiply_9243,5,151,32,32,32,32,18,12,0,32,0.707,65536,13824,0.7891,60,39.1,True
resnet50,Multiply_9243,5,152,32,32,32,32,14,12,0,32,0.7305,65536,10752,0.8359,56,54.3,True
resnet50,Multiply_9243,5,153,32,32,32,32,21,12,0,32,0.6895,65536,16128,0.7539,63,222.7,True
resnet50,Multiply_9243,5,154,32,32,32,32,21,12,0,32,0.6895,65536,16128,0.7539,63,38.4,True
resnet50,Multiply_9243,5,155,32,32,32,32,13,12,0,32,0.7363,65536,9984,0.8477,55,151.9,True
resnet50,Multiply_9243,5,156,32,32,32,32,20,12,0,32,0.6953,65536,15360,0.7656,62,78.8,True
resnet50,Multiply_9243,5,157,32,32,32,32,16,12,0,32,0.7188,65536,12288,0.8125,58,37.7,True
resnet50,Multiply_9243,5,158,32,32,32,32,18,12,0,32,0.707,65536,13824,0.7891,60,39.1,True
resnet50,Multiply_9243,5,159,32,32,32,32,18,12,0,32,0.707,65536,13824,0.7891,60,38.5,True
resnet50,Multiply_9243,5,160,32,32,32,32,14,12,0,32,0.7305,65536,10752,0.8359,56,40.1,True
resnet50,Multiply_9243,5,161,32,32,32,32,21,12,0,32,0.6895,65536,16128,0.7539,63,41.2,True
resnet50,Multiply_9243,5,162,32,32,32,32,21,12,0,32,0.6895,65536,16128,0.7539,63,78.9,True
resnet50,Multiply_9243,5,163,32,32,32,32,13,12,0,32,0.7363,65536,9984,0.8477,55,36.8,True
resnet50,Multiply_9243,5,164,32,32,32,32,20,12,0,32,0.6953,65536,15360,0.7656,62,41.2,True
resnet50,Multiply_9243,5,165,32,32,32,32,16,12,0,32,0.7188,65536,12288,0.8125,58,39.9,True
resnet50,Multiply_9243,5,166,32,32,32,32,18,12,0,32,0.707,65536,13824,0.7891,60,38.4,True
resnet50,Multiply_9243,5,167,32,32,32,32,18,12,0,32,0.707,65536,13824,0.7891,60,198.4,True
resnet50,Multiply_9243,5,168,32,32,32,32,14,12,0,32,0.7305,65536,10752,0.8359,56,38.4,True
resnet50,Multiply_9243,5,169,32,32,32,32,21,11,0,32,0.7153,65536,14784,0.7744,62,48.9,True
resnet50,Multiply_9243,5,170,32,32,32,32,21,11,0,32,0.7153,65536,14784,0.7744,62,39.9,True
resnet50,Multiply_9243,5,171,32,32,32,32,13,11,0,32,0.7583,65536,9152,0.8604,54,41.7,True
resnet50,Multiply_9243,5,172,32,32,32,32,20,11,0,32,0.7207,65536,14080,0.7852,61,41.7,True
resnet50,Multiply_9243,5,173,32,32,32,32,16,11,0,32,0.7422,65536,11264,0.8281,57,39.1,True
resnet50,Multiply_9243,5,174,32,32,32,32,18,11,0,32,0.7314,65536,12672,0.8066,59,41.4,True
resnet50,Multiply_9243,5,175,32,32,32,32,18,11,0,32,0.7314,65536,12672,0.8066,59,56.8,True
resnet50,Multiply_9243,5,176,32,32,32,32,14,11,0,32,0.7529,65536,9856,0.8496,55,52.8,True
resnet50,Multiply_9243,5,177,32,32,32,32,21,12,0,32,0.6895,65536,16128,0.7539,63,37.2,True
resnet50,Multiply_9243,5,178,32,32,32,32,21,12,0,32,0.6895,65536,16128,0.7539,63,57.5,True
resnet50,Multiply_9243,5,179,32,32,32,32,13,12,0,32,0.7363,65536,9984,0.8477,55,48.3,True
resnet50,Multiply_9243,5,180,32,32,32,32,20,12,0,32,0.6953,65536,15360,0.7656,62,38.7,True
resnet50,Multiply_9243,5,181,32,32,32,32,16,12,0,32,0.7188,65536,12288,0.8125,58,39.9,True
resnet50,Multiply_9243,5,182,32,32,32,32,18,12,0,32,0.707,65536,13824,0.7891,60,39.9,True
resnet50,Multiply_9243,5,183,32,32,32,32,18,12,0,32,0.707,65536,13824,0.7891,60,38.5,True
resnet50,Multiply_9243,5,184,32,32,32,32,14,12,0,32,0.7305,65536,10752,0.8359,56,38.6,True
resnet50,Multiply_9243,5,185,32,32,32,32,21,12,0,32,0.6895,65536,16128,0.7539,63,40.7,True
resnet50,Multiply_9243,5,186,32,32,32,32,21,12,0,32,0.6895,65536,16128,0.7539,63,39.9,True
resnet50,Multiply_9243,5,187,32,32,32,32,13,12,0,32,0.7363,65536,9984,0.8477,55,218.5,True
resnet50,Multiply_9243,5,188,32,32,32,32,20,12,0,32,0.6953,65536,15360,0.7656,62,199.4,True
resnet50,Multiply_9243,5,189,32,32,32,32,16,12,0,32,0.7188,65536,12288,0.8125,58,38.7,True
resnet50,Multiply_9243,5,190,32,32,32,32,18,12,0,32,0.707,65536,13824,0.7891,60,157.8,True
resnet50,Multiply_9243,5,191,32,32,32,32,18,12,0,32,0.707,65536,13824,0.7891,60,40.0,True
resnet50,Multiply_9243,5,192,32,32,32,32,14,12,0,32,0.7305,65536,10752,0.8359,56,37.6,True
resnet50,Multiply_9243,5,193,32,32,32,32,21,13,0,32,0.6636,65536,17472,0.7334,64,48.6,True
resnet50,Multiply_9243,5,194,32,32,32,32,21,13,0,32,0.6636,65536,17472,0.7334,64,39.9,True
resnet50,Multiply_9243,5,195,32,32,32,32,13,13,0,32,0.7144,65536,10816,0.835,56,50.6,True
resnet50,Multiply_9243,5,196,32,32,32,32,20,13,0,32,0.6699,65536,16640,0.7461,63,38.3,True
resnet50,Multiply_9243,5,197,32,32,32,32,16,13,0,32,0.6953,65536,13312,0.7969,59,39.7,True
resnet50,Multiply_9243,5,198,32,32,32,32,18,13,0,32,0.6826,65536,14976,0.7715,61,39.3,True
resnet50,Multiply_9243,5,199,32,32,32,32,18,13,0,32,0.6826,65536,14976,0.7715,61,46.5,True
resnet50,Multiply_9243,5,200,32,32,32,32,14,13,0,32,0.708,65536,11648,0.8223,57,40.2,True
resnet50,Multiply_9243,5,201,32,32,32,32,21,12,0,32,0.6895,65536,16128,0.7539,63,39.3,True
resnet50,Multiply_9243,5,202,32,32,32,32,21,12,0,32,0.6895,65536,16128,0.7539,63,43.2,True
resnet50,Multiply_9243,5,203,32,32,32,32,13,12,0,32,0.7363,65536,9984,0.8477,55,40.1,True
resnet50,Multiply_9243,5,204,32,32,32,32,20,12,0,32,0.6953,65536,15360,0.7656,62,41.4,True
resnet50,Multiply_9243,5,205,32,32,32,32,16,12,0,32,0.7188,65536,12288,0.8125,58,42.3,True
resnet50,Multiply_9243,5,206,32,32,32,32,18,12,0,32,0.707,65536,13824,0.7891,60,47.4,True
resnet50,Multiply_9243,5,207,32,32,32,32,18,12,0,32,0.707,65536,13824,0.7891,60,43.2,True
resnet50,Multiply_9243,5,208,32,32,32,32,14,12,0,32,0.7305,65536,10752,0.8359,56,71.8,True
resnet50,Multiply_9243,5,209,32,32,32,32,21,14,0,32,0.6377,65536,18816,0.7129,65,102.5,True
resnet50,Multiply_9243,5,210,32,32,32,32,21,14,0,32,0.6377,65536,18816,0.7129,65,54.5,True
resnet50,Multiply_9243,5,211,32,32,32,32,13,14,0,32,0.6924,65536,11648,0.8223,57,39.1,True
resnet50,Multiply_9243,5,212,32,32,32,32,20,14,0,32,0.6445,65536,17920,0.7266,64,39.1,True
resnet50,Multiply_9243,5,213,32,32,32,32,16,14,0,32,0.6719,65536,14336,0.7812,60,43.8,True
resnet50,Multiply_9243,5,214,32,32,32,32,18,14,0,32,0.6582,65536,16128,0.7539,62,51.4,True
resnet50,Multiply_9243,5,215,32,32,32,32,18,14,0,32,0.6582,65536,16128,0.7539,62,37.6,True
resnet50,Multiply_9243,5,216,32,32,32,32,14,14,0,32,0.6855,65536,12544,0.8086,58,38.4,True
resnet50,Multiply_9243,5,217,32,32,32,32,21,11,0,32,0.7153,65536,14784,0.7744,62,84.1,True
resnet50,Multiply_9243,5,218,32,32,32,32,21,11,0,32,0.7153,65536,14784,0.7744,62,198.0,True
resnet50,Multiply_9243,5,219,32,32,32,32,13,11,0,32,0.7583,65536,9152,0.8604,54,38.5,True
resnet50,Multiply_9243,5,220,32,32,32,32,20,11,0,32,0.7207,65536,14080,0.7852,61,43.3,True
resnet50,Multiply_9243,5,221,32,32,32,32,16,11,0,32,0.7422,65536,11264,0.8281,57,39.1,True
resnet50,Multiply_9243,5,222,32,32,32,32,18,11,0,32,0.7314,65536,12672,0.8066,59,47.4,True
resnet50,Multiply_9243,5,223,32,32,32,32,18,11,0,32,0.7314,65536,12672,0.8066,59,39.3,True
resnet50,Multiply_9243,5,224,32,32,32,32,14,11,0,32,0.7529,65536,9856,0.8496,55,40.4,True
resnet50,Multiply_9243,5,225,32,32,32,32,21,13,0,32,0.6636,65536,17472,0.7334,64,48.3,True
resnet50,Multiply_9243,5,226,32,32,32,32,21,13,0,32,0.6636,65536,17472,0.7334,64,62.1,True
resnet50,Multiply_9243,5,227,32,32,32,32,13,13,0,32,0.7144,65536,10816,0.835,56,204.2,True
resnet50,Multiply_9243,5,228,32,32,32,32,20,13,0,32,0.6699,65536,16640,0.7461,63,41.9,True
resnet50,Multiply_9243,5,229,32,32,32,32,16,13,0,32,0.6953,65536,13312,0.7969,59,38.7,True
resnet50,Multiply_9243,5,230,32,32,32,32,18,13,0,32,0.6826,65536,14976,0.7715,61,38.3,True
resnet50,Multiply_9243,5,231,32,32,32,32,18,13,0,32,0.6826,65536,14976,0.7715,61,44.3,True
resnet50,Multiply_9243,5,232,32,32,32,32,14,13,0,32,0.708,65536,11648,0.8223,57,137.6,True
resnet50,Multiply_9243,5,233,32,32,32,32,21,11,0,32,0.7153,65536,14784,0.7744,62,41.8,True
resnet50,Multiply_9243,5,234,32,32,32,32,21,11,0,32,0.7153,65536,14784,0.7744,62,41.5,True
resnet50,Multiply_9243,5,235,32,32,32,32,13,11,0,32,0.7583,65536,9152,0.8604,54,39.5,True
resnet50,Multiply_9243,5,236,32,32,32,32,20,11,0,32,0.7207,65536,14080,0.7852,61,42.6,True
resnet50,Multiply_9243,5,237,32,32,32,32,16,11,0,32,0.7422,65536,11264,0.8281,57,45.9,True
resnet50,Multiply_9243,5,238,32,32,32,32,18,11,0,32,0.7314,65536,12672,0.8066,59,48.1,True
resnet50,Multiply_9243,5,239,32,32,32,32,18,11,0,32,0.7314,65536,12672,0.8066,59,43.1,True
resnet50,Multiply_9243,5,240,32,32,32,32,14,11,0,32,0.7529,65536,9856,0.8496,55,39.2,True
resnet50,Multiply_9243,5,241,32,32,32,32,21,13,0,32,0.6636,65536,17472,0.7334,64,64.7,True
resnet50,Multiply_9243,5,242,32,32,32,32,21,13,0,32,0.6636,65536,17472,0.7334,64,39.5,True
resnet50,Multiply_9243,5,243,32,32,32,32,13,13,0,32,0.7144,65536,10816,0.835,56,39.9,True
resnet50,Multiply_9243,5,244,32,32,32,32,20,13,0,32,0.6699,65536,16640,0.7461,63,166.8,True
resnet50,Multiply_9243,5,245,32,32,32,32,16,13,0,32,0.6953,65536,13312,0.7969,59,38.5,True
resnet50,Multiply_9243,5,246,32,32,32,32,18,13,0,32,0.6826,65536,14976,0.7715,61,37.7,True
resnet50,Multiply_9243,5,247,32,32,32,32,18,13,0,32,0.6826,65536,14976,0.7715,61,39.9,True
resnet50,Multiply_9243,5,248,32,32,32,32,14,13,0,32,0.708,65536,11648,0.8223,57,38.2,True
resnet50,Multiply_9243,5,249,32,32,32,32,21,11,0,32,0.7153,65536,14784,0.7744,62,126.3,True
resnet50,Multiply_9243,5,250,32,32,32,32,21,11,0,32,0.7153,65536,14784,0.7744,62,38.4,True
resnet50,Multiply_9243,5,251,32,32,32,32,13,11,0,32,0.7583,65536,9152,0.8604,54,37.7,True
resnet50,Multiply_9243,5,252,32,32,32,32,20,11,0,32,0.7207,65536,14080,0.7852,61,120.8,True
resnet50,Multiply_9243,5,253,32,32,32,32,16,11,0,32,0.7422,65536,11264,0.8281,57,47.1,True
resnet50,Multiply_9243,5,254,32,32,32,32,18,11,0,32,0.7314,65536,12672,0.8066,59,72.2,True
resnet50,Multiply_9243,5,255,32,32,32,32,18,11,0,32,0.7314,65536,12672,0.8066,59,72.5,True
resnet50,Multiply_9243,5,256,32,32,32,32,14,11,0,32,0.7529,65536,9856,0.8496,55,48.9,True
resnet50,Multiply_9243,5,257,32,32,32,32,21,13,0,32,0.6636,65536,17472,0.7334,64,48.7,True
resnet50,Multiply_9243,5,258,32,32,32,32,21,13,0,32,0.6636,65536,17472,0.7334,64,51.5,True
resnet50,Multiply_9243,5,259,32,32,32,32,13,13,0,32,0.7144,65536,10816,0.835,56,45.0,True
resnet50,Multiply_9243,5,260,32,32,32,32,20,13,0,32,0.6699,65536,16640,0.7461,63,38.8,True
resnet50,Multiply_9243,5,261,32,32,32,32,16,13,0,32,0.6953,65536,13312,0.7969,59,39.0,True
resnet50,Multiply_9243,5,262,32,32,32,32,18,13,0,32,0.6826,65536,14976,0.7715,61,37.6,True
resnet50,Multiply_9243,5,263,32,32,32,32,18,13,0,32,0.6826,65536,14976,0.7715,61,38.1,True
resnet50,Multiply_9243,5,264,32,32,32,32,14,13,0,32,0.708,65536,11648,0.8223,57,39.8,True
resnet50,Multiply_9243,5,265,32,32,32,32,21,11,0,32,0.7153,65536,14784,0.7744,62,37.1,True
resnet50,Multiply_9243,5,266,32,32,32,32,21,11,0,32,0.7153,65536,14784,0.7744,62,37.8,True
resnet50,Multiply_9243,5,267,32,32,32,32,13,11,0,32,0.7583,65536,9152,0.8604,54,38.8,True
resnet50,Multiply_9243,5,268,32,32,32,32,20,11,0,32,0.7207,65536,14080,0.7852,61,149.9,True
resnet50,Multiply_9243,5,269,32,32,32,32,16,11,0,32,0.7422,65536,11264,0.8281,57,105.0,True
resnet50,Multiply_9243,5,270,32,32,32,32,18,11,0,32,0.7314,65536,12672,0.8066,59,54.2,True
resnet50,Multiply_9243,5,271,32,32,32,32,18,11,0,32,0.7314,65536,12672,0.8066,59,142.3,True
resnet50,Multiply_9243,5,272,32,32,32,32,14,11,0,32,0.7529,65536,9856,0.8496,55,104.0,True
resnet50,Multiply_9243,5,273,32,32,32,32,21,14,0,32,0.6377,65536,18816,0.7129,65,39.5,True
resnet50,Multiply_9243,5,274,32,32,32,32,21,14,0,32,0.6377,65536,18816,0.7129,65,39.1,True
resnet50,Multiply_9243,5,275,32,32,32,32,13,14,0,32,0.6924,65536,11648,0.8223,57,187.9,True
resnet50,Multiply_9243,5,276,32,32,32,32,20,14,0,32,0.6445,65536,17920,0.7266,64,120.0,True
resnet50,Multiply_9243,5,277,32,32,32,32,16,14,0,32,0.6719,65536,14336,0.7812,60,39.2,True
resnet50,Multiply_9243,5,278,32,32,32,32,18,14,0,32,0.6582,65536,16128,0.7539,62,40.0,True
resnet50,Multiply_9243,5,279,32,32,32,32,18,14,0,32,0.6582,65536,16128,0.7539,62,48.9,True
resnet50,Multiply_9243,5,280,32,32,32,32,14,14,0,32,0.6855,65536,12544,0.8086,58,61.7,True
resnet50,Multiply_9243,5,281,32,32,32,32,21,11,0,32,0.7153,65536,14784,0.7744,62,62.8,True
resnet50,Multiply_9243,5,282,32,32,32,32,21,11,0,32,0.7153,65536,14784,0.7744,62,69.2,True
resnet50,Multiply_9243,5,283,32,32,32,32,13,11,0,32,0.7583,65536,9152,0.8604,54,206.5,True
resnet50,Multiply_9243,5,284,32,32,32,32,20,11,0,32,0.7207,65536,14080,0.7852,61,58.2,True
resnet50,Multiply_9243,5,285,32,32,32,32,16,11,0,32,0.7422,65536,11264,0.8281,57,39.2,True
resnet50,Multiply_9243,5,286,32,32,32,32,18,11,0,32,0.7314,65536,12672,0.8066,59,39.5,True
resnet50,Multiply_9243,5,287,32,32,32,32,18,11,0,32,0.7314,65536,12672,0.8066,59,40.8,True
resnet50,Multiply_9243,5,288,32,32,32,32,14,11,0,32,0.7529,65536,9856,0.8496,55,38.2,True
resnet50,Multiply_9243,5,289,32,32,32,32,21,13,0,32,0.6636,65536,17472,0.7334,64,175.2,True
resnet50,Multiply_9243,5,290,32,32,32,32,21,13,0,32,0.6636,65536,17472,0.7334,64,79.4,True
resnet50,Multiply_9243,5,291,32,32,32,32,13,13,0,32,0.7144,65536,10816,0.835,56,37.5,True
resnet50,Multiply_9243,5,292,32,32,32,32,20,13,0,32,0.6699,65536,16640,0.7461,63,38.3,True
resnet50,Multiply_9243,5,293,32,32,32,32,16,13,0,32,0.6953,65536,13312,0.7969,59,40.0,True
resnet50,Multiply_9243,5,294,32,32,32,32,18,13,0,32,0.6826,65536,14976,0.7715,61,171.3,True
resnet50,Multiply_9243,5,295,32,32,32,32,18,13,0,32,0.6826,65536,14976,0.7715,61,197.3,True
resnet50,Multiply_9243,5,296,32,32,32,32,14,13,0,32,0.708,65536,11648,0.8223,57,45.6,True
resnet50,Multiply_9243,5,297,32,32,32,32,21,10,0,32,0.7412,65536,13440,0.7949,61,55.9,True
resnet50,Multiply_9243,5,298,32,32,32,32,21,10,0,32,0.7412,65536,13440,0.7949,61,178.6,True
resnet50,Multiply_9243,5,299,32,32,32,32,13,10,0,32,0.7803,65536,8320,0.873,53,137.6,True
resnet50,Multiply_9243,5,300,32,32,32,32,20,10,0,32,0.7461,65536,12800,0.8047,60,38.8,True
resnet50,Multiply_9243,5,301,32,32,32,32,16,10,0,32,0.7656,65536,10240,0.8438,56,74.5,True
resnet50,Multiply_9243,5,302,32,32,32,32,18,10,0,32,0.7559,65536,11520,0.8242,58,177.8,True
resnet50,Multiply_9243,5,303,32,32,32,32,18,10,0,32,0.7559,65536,11520,0.8242,58,41.0,True
resnet50,Multiply_9243,5,304,32,32,32,32,14,10,0,32,0.7754,65536,8960,0.8633,54,39.4,True
resnet50,Multiply_9243,5,305,32,32,32,32,21,11,0,32,0.7153,65536,14784,0.7744,62,61.8,True
resnet50,Multiply_9243,5,306,32,32,32,32,21,11,0,32,0.7153,65536,14784,0.7744,62,44.2,True
resnet50,Multiply_9243,5,307,32,32,32,32,13,11,0,32,0.7583,65536,9152,0.8604,54,282.5,True
resnet50,Multiply_9243,5,308,32,32,32,32,20,11,0,32,0.7207,65536,14080,0.7852,61,39.6,True
resnet50,Multiply_9243,5,309,32,32,32,32,16,11,0,32,0.7422,65536,11264,0.8281,57,116.6,True
resnet50,Multiply_9243,5,310,32,32,32,32,18,11,0,32,0.7314,65536,12672,0.8066,59,39.6,True
resnet50,Multiply_9243,5,311,32,32,32,32,18,11,0,32,0.7314,65536,12672,0.8066,59,72.5,True
resnet50,Multiply_9243,5,312,32,32,32,32,14,11,0,32,0.7529,65536,9856,0.8496,55,85.8,True
resnet50,Multiply_9243,5,313,32,32,32,32,21,11,0,32,0.7153,65536,14784,0.7744,62,194.7,True
resnet50,Multiply_9243,5,314,32,32,32,32,21,11,0,32,0.7153,65536,14784,0.7744,62,38.1,True
resnet50,Multiply_9243,5,315,32,32,32,32,13,11,0,32,0.7583,65536,9152,0.8604,54,40.0,True
resnet50,Multiply_9243,5,316,32,32,32,32,20,11,0,32,0.7207,65536,14080,0.7852,61,54.6,True
resnet50,Multiply_9243,5,317,32,32,32,32,16,11,0,32,0.7422,65536,11264,0.8281,57,41.1,True
resnet50,Multiply_9243,5,318,32,32,32,32,18,11,0,32,0.7314,65536,12672,0.8066,59,39.2,True
resnet50,Multiply_9243,5,319,32,32,32,32,18,11,0,32,0.7314,65536,12672,0.8066,59,38.7,True
resnet50,Multiply_9243,5,320,32,32,32,32,14,11,0,32,0.7529,65536,9856,0.8496,55,37.5,True
resnet50,Multiply_9243,5,321,32,32,32,32,21,11,0,32,0.7153,65536,14784,0.7744,62,48.0,True
resnet50,Multiply_9243,5,322,32,32,32,32,21,11,0,32,0.7153,65536,14784,0.7744,62,40.1,True
resnet50,Multiply_9243,5,323,32,32,32,32,13,11,0,32,0.7583,65536,9152,0.8604,54,40.4,True
resnet50,Multiply_9243,5,324,32,32,32,32,20,11,0,32,0.7207,65536,14080,0.7852,61,38.3,True
resnet50,Multiply_9243,5,325,32,32,32,32,16,11,0,32,0.7422,65536,11264,0.8281,57,80.5,True
resnet50,Multiply_9243,5,326,32,32,32,32,18,11,0,32,0.7314,65536,12672,0.8066,59,38.8,True
resnet50,Multiply_9243,5,327,32,32,32,32,18,11,0,32,0.7314,65536,12672,0.8066,59,85.1,True
resnet50,Multiply_9243,5,328,32,32,32,32,14,11,0,32,0.7529,65536,9856,0.8496,55,39.4,True
resnet50,Multiply_9243,5,329,32,32,32,32,21,11,0,32,0.7153,65536,14784,0.7744,62,37.7,True
resnet50,Multiply_9243,5,330,32,32,32,32,21,11,0,32,0.7153,65536,14784,0.7744,62,38.7,True
resnet50,Multiply_9243,5,331,32,32,32,32,13,11,0,32,0.7583,65536,9152,0.8604,54,41.0,True
resnet50,Multiply_9243,5,332,32,32,32,32,20,11,0,32,0.7207,65536,14080,0.7852,61,78.2,True
resnet50,Multiply_9243,5,333,32,32,32,32,16,11,0,32,0.7422,65536,11264,0.8281,57,38.5,True
resnet50,Multiply_9243,5,334,32,32,32,32,18,11,0,32,0.7314,65536,12672,0.8066,59,37.8,True
resnet50,Multiply_9243,5,335,32,32,32,32,18,11,0,32,0.7314,65536,12672,0.8066,59,44.9,True
resnet50,Multiply_9243,5,336,32,32,32,32,14,11,0,32,0.7529,65536,9856,0.8496,55,180.0,True
resnet50,Multiply_9243,5,337,32,32,32,32,21,11,0,32,0.7153,65536,14784,0.7744,62,94.4,True
resnet50,Multiply_9243,5,338,32,32,32,32,21,11,0,32,0.7153,65536,14784,0.7744,62,65.8,True
resnet50,Multiply_9243,5,339,32,32,32,32,13,11,0,32,0.7583,65536,9152,0.8604,54,158.9,True
resnet50,Multiply_9243,5,340,32,32,32,32,20,11,0,32,0.7207,65536,14080,0.7852,61,47.8,True
resnet50,Multiply_9243,5,341,32,32,32,32,16,11,0,32,0.7422,65536,11264,0.8281,57,163.3,True
resnet50,Multiply_9243,5,342,32,32,32,32,18,11,0,32,0.7314,65536,12672,0.8066,59,38.6,True
resnet50,Multiply_9243,5,343,32,32,32,32,18,11,0,32,0.7314,65536,12672,0.8066,59,174.3,True
resnet50,Multiply_9243,5,344,32,32,32,32,14,11,0,32,0.7529,65536,9856,0.8496,55,100.2,True
resnet50,Multiply_9243,5,345,32,32,32,32,21,11,0,32,0.7153,65536,14784,0.7744,62,44.8,True
resnet50,Multiply_9243,5,346,32,32,32,32,21,11,0,32,0.7153,65536,14784,0.7744,62,61.2,True
resnet50,Multiply_9243,5,347,32,32,32,32,13,11,0,32,0.7583,65536,9152,0.8604,54,72.9,True
resnet50,Multiply_9243,5,348,32,32,32,32,20,11,0,32,0.7207,65536,14080,0.7852,61,86.9,True
resnet50,Multiply_9243,5,349,32,32,32,32,16,11,0,32,0.7422,65536,11264,0.8281,57,47.8,True
resnet50,Multiply_9243,5,350,32,32,32,32,18,11,0,32,0.7314,65536,12672,0.8066,59,56.2,True
resnet50,Multiply_9243,5,351,32,32,32,32,18,11,0,32,0.7314,65536,12672,0.8066,59,38.2,True
resnet50,Multiply_9243,5,352,32,32,32,32,14,11,0,32,0.7529,65536,9856,0.8496,55,38.6,True
resnet50,Multiply_9243,5,353,32,32,32,32,21,10,0,32,0.7412,65536,13440,0.7949,61,68.0,True
resnet50,Multiply_9243,5,354,32,32,32,32,21,10,0,32,0.7412,65536,13440,0.7949,61,178.1,True
resnet50,Multiply_9243,5,355,32,32,32,32,13,10,0,32,0.7803,65536,8320,0.873,53,44.7,True
resnet50,Multiply_9243,5,356,32,32,32,32,20,10,0,32,0.7461,65536,12800,0.8047,60,80.6,True
resnet50,Multiply_9243,5,357,32,32,32,32,16,10,0,32,0.7656,65536,10240,0.8438,56,98.8,True
resnet50,Multiply_9243,5,358,32,32,32,32,18,10,0,32,0.7559,65536,11520,0.8242,58,48.2,True
resnet50,Multiply_9243,5,359,32,32,32,32,18,10,0,32,0.7559,65536,11520,0.8242,58,122.4,True
resnet50,Multiply_9243,5,360,32,32,32,32,14,10,0,32,0.7754,65536,8960,0.8633,54,141.4,True
resnet50,Multiply_9243,5,361,32,32,32,32,21,12,0,32,0.6895,65536,16128,0.7539,63,75.0,True
resnet50,Multiply_9243,5,362,32,32,32,32,21,12,0,32,0.6895,65536,16128,0.7539,63,80.0,True
resnet50,Multiply_9243,5,363,32,32,32,32,13,12,0,32,0.7363,65536,9984,0.8477,55,65.2,True
resnet50,Multiply_9243,5,364,32,32,32,32,20,12,0,32,0.6953,65536,15360,0.7656,62,131.0,True
resnet50,Multiply_9243,5,365,32,32,32,32,16,12,0,32,0.7188,65536,12288,0.8125,58,276.6,True
resnet50,Multiply_9243,5,366,32,32,32,32,18,12,0,32,0.707,65536,13824,0.7891,60,145.5,True
resnet50,Multiply_9243,5,367,32,32,32,32,18,12,0,32,0.707,65536,13824,0.7891,60,177.5,True
resnet50,Multiply_9243,5,368,32,32,32,32,14,12,0,32,0.7305,65536,10752,0.8359,56,38.0,True
resnet50,Multiply_9243,5,369,32,32,32,32,21,10,0,32,0.7412,65536,13440,0.7949,61,66.2,True
resnet50,Multiply_9243,5,370,32,32,32,32,21,10,0,32,0.7412,65536,13440,0.7949,61,49.3,True
resnet50,Multiply_9243,5,371,32,32,32,32,13,10,0,32,0.7803,65536,8320,0.873,53,39.1,True
resnet50,Multiply_9243,5,372,32,32,32,32,20,10,0,32,0.7461,65536,12800,0.8047,60,132.7,True
resnet50,Multiply_9243,5,373,32,32,32,32,16,10,0,32,0.7656,65536,10240,0.8438,56,37.8,True
resnet50,Multiply_9243,5,374,32,32,32,32,18,10,0,32,0.7559,65536,11520,0.8242,58,175.7,True
resnet50,Multiply_9243,5,375,32,32,32,32,18,10,0,32,0.7559,65536,11520,0.8242,58,150.0,True
resnet50,Multiply_9243,5,376,32,32,32,32,14,10,0,32,0.7754,65536,8960,0.8633,54,40.3,True
resnet50,Multiply_9243,5,377,32,32,32,32,21,12,0,32,0.6895,65536,16128,0.7539,63,110.3,True
resnet50,Multiply_9243,5,378,32,32,32,32,21,12,0,32,0.6895,65536,16128,0.7539,63,46.2,True
resnet50,Multiply_9243,5,379,32,32,32,32,13,12,0,32,0.7363,65536,9984,0.8477,55,235.2,True
resnet50,Multiply_9243,5,380,32,32,32,32,20,12,0,32,0.6953,65536,15360,0.7656,62,96.3,True
resnet50,Multiply_9243,5,381,32,32,32,32,16,12,0,32,0.7188,65536,12288,0.8125,58,50.8,True
resnet50,Multiply_9243,5,382,32,32,32,32,18,12,0,32,0.707,65536,13824,0.7891,60,60.6,True
resnet50,Multiply_9243,5,383,32,32,32,32,18,12,0,32,0.707,65536,13824,0.7891,60,176.1,True
resnet50,Multiply_9243,5,384,32,32,32,32,14,12,0,32,0.7305,65536,10752,0.8359,56,47.7,True
resnet50,Multiply_9243,5,385,32,32,32,32,21,12,0,32,0.6895,65536,16128,0.7539,63,75.5,True
resnet50,Multiply_9243,5,386,32,32,32,32,21,12,0,32,0.6895,65536,16128,0.7539,63,36.9,True
resnet50,Multiply_9243,5,387,32,32,32,32,13,12,0,32,0.7363,65536,9984,0.8477,55,116.3,True
resnet50,Multiply_9243,5,388,32,32,32,32,20,12,0,32,0.6953,65536,15360,0.7656,62,197.7,True
resnet50,Multiply_9243,5,389,32,32,32,32,16,12,0,32,0.7188,65536,12288,0.8125,58,38.4,True
resnet50,Multiply_9243,5,390,32,32,32,32,18,12,0,32,0.707,65536,13824,0.7891,60,38.8,True
resnet50,Multiply_9243,5,391,32,32,32,32,18,12,0,32,0.707,65536,13824,0.7891,60,38.5,True
resnet50,Multiply_9243,5,392,32,32,32,32,14,12,0,32,0.7305,65536,10752,0.8359,56,37.3,True
resnet50,Multiply_9243,5,393,32,32,32,32,21,11,0,32,0.7153,65536,14784,0.7744,62,93.8,True
resnet50,Multiply_9243,5,394,32,32,32,32,21,11,0,32,0.7153,65536,14784,0.7744,62,61.8,True
resnet50,Multiply_9243,5,395,32,32,32,32,13,11,0,32,0.7583,65536,9152,0.8604,54,37.8,True
resnet50,Multiply_9243,5,396,32,32,32,32,20,11,0,32,0.7207,65536,14080,0.7852,61,64.0,True
resnet50,Multiply_9243,5,397,32,32,32,32,16,11,0,32,0.7422,65536,11264,0.8281,57,39.5,True
resnet50,Multiply_9243,5,398,32,32,32,32,18,11,0,32,0.7314,65536,12672,0.8066,59,37.5,True
resnet50,Multiply_9243,5,399,32,32,32,32,18,11,0,32,0.7314,65536,12672,0.8066,59,38.0,True
resnet50,Multiply_9243,5,400,32,32,32,32,14,11,0,32,0.7529,65536,9856,0.8496,55,175.6,True
resnet50,Multiply_9243,5,401,32,32,32,32,21,12,0,32,0.6895,65536,16128,0.7539,63,42.3,True
resnet50,Multiply_9243,5,402,32,32,32,32,21,12,0,32,0.6895,65536,16128,0.7539,63,38.7,True
resnet50,Multiply_9243,5,403,32,32,32,32,13,12,0,32,0.7363,65536,9984,0.8477,55,39.0,True
resnet50,Multiply_9243,5,404,32,32,32,32,20,12,0,32,0.6953,65536,15360,0.7656,62,61.9,True
resnet50,Multiply_9243,5,405,32,32,32,32,16,12,0,32,0.7188,65536,12288,0.8125,58,179.0,True
resnet50,Multiply_9243,5,406,32,32,32,32,18,12,0,32,0.707,65536,13824,0.7891,60,38.8,True
resnet50,Multiply_9243,5,407,32,32,32,32,18,12,0,32,0.707,65536,13824,0.7891,60,109.1,True
resnet50,Multiply_9243,5,408,32,32,32,32,14,12,0,32,0.7305,65536,10752,0.8359,56,38.5,True
resnet50,Multiply_9243,5,409,32,32,32,32,21,10,0,32,0.7412,65536,13440,0.7949,61,195.1,True
resnet50,Multiply_9243,5,410,32,32,32,32,21,10,0,32,0.7412,65536,13440,0.7949,61,46.2,True
resnet50,Multiply_9243,5,411,32,32,32,32,13,10,0,32,0.7803,65536,8320,0.873,53,44.7,True
resnet50,Multiply_9243,5,412,32,32,32,32,20,10,0,32,0.7461,65536,12800,0.8047,60,80.6,True
resnet50,Multiply_9243,5,413,32,32,32,32,16,10,0,32,0.7656,65536,10240,0.8438,56,159.1,True
resnet50,Multiply_9243,5,414,32,32,32,32,18,10,0,32,0.7559,65536,11520,0.8242,58,217.3,True
resnet50,Multiply_9243,5,415,32,32,32,32,18,10,0,32,0.7559,65536,11520,0.8242,58,39.1,True
resnet50,Multiply_9243,5,416,32,32,32,32,14,10,0,32,0.7754,65536,8960,0.8633,54,99.9,True
resnet50,Multiply_9243,5,417,32,32,32,32,21,12,0,32,0.6895,65536,16128,0.7539,63,47.7,True
resnet50,Multiply_9243,5,418,32,32,32,32,21,12,0,32,0.6895,65536,16128,0.7539,63,155.6,True
resnet50,Multiply_9243,5,419,32,32,32,32,13,12,0,32,0.7363,65536,9984,0.8477,55,305.8,True
resnet50,Multiply_9243,5,420,32,32,32,32,20,12,0,32,0.6953,65536,15360,0.7656,62,39.9,True
resnet50,Multiply_9243,5,421,32,32,32,32,16,12,0,32,0.7188,65536,12288,0.8125,58,276.6,True
resnet50,Multiply_9243,5,422,32,32,32,32,18,12,0,32,0.707,65536,13824,0.7891,60,41.5,True
resnet50,Multiply_9243,5,423,32,32,32,32,18,12,0,32,0.707,65536,13824,0.7891,60,175.8,True
resnet50,Multiply_9243,5,424,32,32,32,32,14,12,0,32,0.7305,65536,10752,0.8359,56,192.4,True
resnet50,Multiply_9243,5,425,32,32,32,32,21,10,0,32,0.7412,65536,13440,0.7949,61,39.5,True
resnet50,Multiply_9243,5,426,32,32,32,32,21,10,0,32,0.7412,65536,13440,0.7949,61,38.7,True
resnet50,Multiply_9243,5,427,32,32,32,32,13,10,0,32,0.7803,65536,8320,0.873,53,109.1,True
resnet50,Multiply_9243,5,428,32,32,32,32,20,10,0,32,0.7461,65536,12800,0.8047,60,175.6,True
resnet50,Multiply_9243,5,429,32,32,32,32,16,10,0,32,0.7656,65536,10240,0.8438,56,48.5,True
resnet50,Multiply_9243,5,430,32,32,32,32,18,10,0,32,0.7559,65536,11520,0.8242,58,200.5,True
resnet50,Multiply_9243,5,431,32,32,32,32,18,10,0,32,0.7559,65536,11520,0.8242,58,39.0,True
resnet50,Multiply_9243,5,432,32,32,32,32,14,10,0,32,0.7754,65536,8960,0.8633,54,61.7,True
resnet50,Multiply_9243,5,433,32,32,32,32,21,12,0,32,0.6895,65536,16128,0.7539,63,48.4,True
resnet50,Multiply_9243,5,434,32,32,32,32,21,12,0,32,0.6895,65536,16128,0.7539,63,38.9,True
resnet50,Multiply_9243,5,435,32,32,32,32,13,12,0,32,0.7363,65536,9984,0.8477,55,73.1,True
resnet50,Multiply_9243,5,436,32,32,32,32,20,12,0,32,0.6953,65536,15360,0.7656,62,133.1,True
resnet50,Multiply_9243,5,437,32,32,32,32,16,12,0,32,0.7188,65536,12288,0.8125,58,39.1,True
resnet50,Multiply_9243,5,438,32,32,32,32,18,12,0,32,0.707,65536,13824,0.7891,60,98.5,True
resnet50,Multiply_9243,5,439,32,32,32,32,18,12,0,32,0.707,65536,13824,0.7891,60,58.0,True
resnet50,Multiply_9243,5,440,32,32,32,32,14,12,0,32,0.7305,65536,10752,0.8359,56,38.2,True
resnet50,Multiply_9243,5,441,32,32,32,32,21,11,0,32,0.7153,65536,14784,0.7744,62,41.5,True
resnet50,Multiply_9243,5,442,32,32,32,32,21,11,0,32,0.7153,65536,14784,0.7744,62,64.8,True
resnet50,Multiply_9243,5,443,32,32,32,32,13,11,0,32,0.7583,65536,9152,0.8604,54,225.1,True
resnet50,Multiply_9243,5,444,32,32,32,32,20,11,0,32,0.7207,65536,14080,0.7852,61,176.2,True
resnet50,Multiply_9243,5,445,32,32,32,32,16,11,0,32,0.7422,65536,11264,0.8281,57,103.6,True
resnet50,Multiply_9243,5,446,32,32,32,32,18,11,0,32,0.7314,65536,12672,0.8066,59,111.3,True
resnet50,Multiply_9243,5,447,32,32,32,32,18,11,0,32,0.7314,65536,12672,0.8066,59,198.1,True
resnet50,Multiply_9243,5,448,32,32,32,32,14,11,0,32,0.7529,65536,9856,0.8496,55,127.9,True
resnet50,Multiply_9243,5,449,32,32,32,32,21,11,0,32,0.7153,65536,14784,0.7744,62,45.4,True
resnet50,Multiply_9243,5,450,32,32,32,32,21,11,0,32,0.7153,65536,14784,0.7744,62,49.4,True
resnet50,Multiply_9243,5,451,32,32,32,32,13,11,0,32,0.7583,65536,9152,0.8604,54,76.6,True
resnet50,Multiply_9243,5,452,32,32,32,32,20,11,0,32,0.7207,65536,14080,0.7852,61,149.2,True
resnet50,Multiply_9243,5,453,32,32,32,32,16,11,0,32,0.7422,65536,11264,0.8281,57,79.2,True
resnet50,Multiply_9243,5,454,32,32,32,32,18,11,0,32,0.7314,65536,12672,0.8066,59,68.3,True
resnet50,Multiply_9243,5,455,32,32,32,32,18,11,0,32,0.7314,65536,12672,0.8066,59,54.1,True
resnet50,Multiply_9243,5,456,32,32,32,32,14,11,0,32,0.7529,65536,9856,0.8496,55,47.4,True
resnet50,Multiply_9243,5,457,32,32,32,32,21,12,0,32,0.6895,65536,16128,0.7539,63,48.2,True
resnet50,Multiply_9243,5,458,32,32,32,32,21,12,0,32,0.6895,65536,16128,0.7539,63,47.7,True
resnet50,Multiply_9243,5,459,32,32,32,32,13,12,0,32,0.7363,65536,9984,0.8477,55,38.3,True
resnet50,Multiply_9243,5,460,32,32,32,32,20,12,0,32,0.6953,65536,15360,0.7656,62,40.0,True
resnet50,Multiply_9243,5,461,32,32,32,32,16,12,0,32,0.7188,65536,12288,0.8125,58,197.2,True
resnet50,Multiply_9243,5,462,32,32,32,32,18,12,0,32,0.707,65536,13824,0.7891,60,39.7,True
resnet50,Multiply_9243,5,463,32,32,32,32,18,12,0,32,0.707,65536,13824,0.7891,60,53.2,True
resnet50,Multiply_9243,5,464,32,32,32,32,14,12,0,32,0.7305,65536,10752,0.8359,56,39.0,True
resnet50,Multiply_9243,5,465,32,32,32,32,21,10,0,32,0.7412,65536,13440,0.7949,61,38.8,True
resnet50,Multiply_9243,5,466,32,32,32,32,21,10,0,32,0.7412,65536,13440,0.7949,61,38.9,True
resnet50,Multiply_9243,5,467,32,32,32,32,13,10,0,32,0.7803,65536,8320,0.873,53,99.4,True
resnet50,Multiply_9243,5,468,32,32,32,32,20,10,0,32,0.7461,65536,12800,0.8047,60,86.1,True
resnet50,Multiply_9243,5,469,32,32,32,32,16,10,0,32,0.7656,65536,10240,0.8438,56,71.2,True
resnet50,Multiply_9243,5,470,32,32,32,32,18,10,0,32,0.7559,65536,11520,0.8242,58,49.3,True
resnet50,Multiply_9243,5,471,32,32,32,32,18,10,0,32,0.7559,65536,11520,0.8242,58,67.9,True
resnet50,Multiply_9243,5,472,32,32,32,32,14,10,0,32,0.7754,65536,8960,0.8633,54,122.6,True
resnet50,Multiply_9243,5,473,32,32,32,32,21,13,0,32,0.6636,65536,17472,0.7334,64,42.0,True
resnet50,Multiply_9243,5,474,32,32,32,32,21,13,0,32,0.6636,65536,17472,0.7334,64,47.1,True
resnet50,Multiply_9243,5,475,32,32,32,32,13,13,0,32,0.7144,65536,10816,0.835,56,122.5,True
resnet50,Multiply_9243,5,476,32,32,32,32,20,13,0,32,0.6699,65536,16640,0.7461,63,40.3,True
resnet50,Multiply_9243,5,477,32,32,32,32,16,13,0,32,0.6953,65536,13312,0.7969,59,198.0,True
resnet50,Multiply_9243,5,478,32,32,32,32,18,13,0,32,0.6826,65536,14976,0.7715,61,49.3,True
resnet50,Multiply_9243,5,479,32,32,32,32,18,13,0,32,0.6826,65536,14976,0.7715,61,53.4,True
resnet50,Multiply_9243,5,480,32,32,32,32,14,13,0,32,0.708,65536,11648,0.8223,57,38.6,True
resnet50,Multiply_9243,5,481,32,32,32,32,21,10,0,32,0.7412,65536,13440,0.7949,61,55.4,True
resnet50,Multiply_9243,5,482,32,32,32,32,21,10,0,32,0.7412,65536,13440,0.7949,61,47.7,True
resnet50,Multiply_9243,5,483,32,32,32,32,13,10,0,32,0.7803,65536,8320,0.873,53,86.5,True
resnet50,Multiply_9243,5,484,32,32,32,32,20,10,0,32,0.7461,65536,12800,0.8047,60,177.4,True
resnet50,Multiply_9243,5,485,32,32,32,32,16,10,0,32,0.7656,65536,10240,0.8438,56,78.8,True
resnet50,Multiply_9243,5,486,32,32,32,32,18,10,0,32,0.7559,65536,11520,0.8242,58,128.2,True
resnet50,Multiply_9243,5,487,32,32,32,32,18,10,0,32,0.7559,65536,11520,0.8242,58,202.1,True
resnet50,Multiply_9243,5,488,32,32,32,32,14,10,0,32,0.7754,65536,8960,0.8633,54,41.3,True
resnet50,Multiply_9243,5,489,32,32,32,32,21,12,0,32,0.6895,65536,16128,0.7539,63,45.1,True
resnet50,Multiply_9243,5,490,32,32,32,32,21,12,0,32,0.6895,65536,16128,0.7539,63,86.5,True
resnet50,Multiply_9243,5,491,32,32,32,32,13,12,0,32,0.7363,65536,9984,0.8477,55,76.9,True
resnet50,Multiply_9243,5,492,32,32,32,32,20,12,0,32,0.6953,65536,15360,0.7656,62,173.5,True
resnet50,Multiply_9243,5,493,32,32,32,32,16,12,0,32,0.7188,65536,12288,0.8125,58,70.4,True
resnet50,Multiply_9243,5,494,32,32,32,32,18,12,0,32,0.707,65536,13824,0.7891,60,204.1,True
resnet50,Multiply_9243,5,495,32,32,32,32,18,12,0,32,0.707,65536,13824,0.7891,60,90.6,True
resnet50,Multiply_9243,5,496,32,32,32,32,14,12,0,32,0.7305,65536,10752,0.8359,56,197.6,True
resnet50,Multiply_9243,5,497,32,32,32,32,21,13,0,32,0.6636,65536,17472,0.7334,64,174.2,True
resnet50,Multiply_9243,5,498,32,32,32,32,21,13,0,32,0.6636,65536,17472,0.7334,64,50.0,True
resnet50,Multiply_9243,5,499,32,32,32,32,13,13,0,32,0.7144,65536,10816,0.835,56,39.4,True
resnet50,Multiply_9243,5,500,32,32,32,32,20,13,0,32,0.6699,65536,16640,0.7461,63,81.6,True
resnet50,Multiply_9243,5,501,32,32,32,32,16,13,0,32,0.6953,65536,13312,0.7969,59,100.6,True
resnet50,Multiply_9243,5,502,32,32,32,32,18,13,0,32,0.6826,65536,14976,0.7715,61,59.7,True
resnet50,Multiply_9243,5,503,32,32,32,32,18,13,0,32,0.6826,65536,14976,0.7715,61,91.2,True
resnet50,Multiply_9243,5,504,32,32,32,32,14,13,0,32,0.708,65536,11648,0.8223,57,93.1,True
resnet50,Multiply_9243,5,505,32,32,32,32,21,11,0,32,0.7153,65536,14784,0.7744,62,125.7,True
resnet50,Multiply_9243,5,506,32,32,32,32,21,11,0,32,0.7153,65536,14784,0.7744,62,48.1,True
resnet50,Multiply_9243,5,507,32,32,32,32,13,11,0,32,0.7583,65536,9152,0.8604,54,96.9,True
resnet50,Multiply_9243,5,508,32,32,32,32,20,11,0,32,0.7207,65536,14080,0.7852,61,59.0,True
resnet50,Multiply_9243,5,509,32,32,32,32,16,11,0,32,0.7422,65536,11264,0.8281,57,38.1,True
resnet50,Multiply_9243,5,510,32,32,32,32,18,11,0,32,0.7314,65536,12672,0.8066,59,62.0,True
resnet50,Multiply_9243,5,511,32,32,32,32,18,11,0,32,0.7314,65536,12672,0.8066,59,47.8,True
resnet50,Multiply_9243,5,512,32,32,32,32,14,11,0,32,0.7529,65536,9856,0.8496,55,82.2,True
resnet50,Multiply_9243,5,513,32,32,32,32,21,12,0,32,0.6895,65536,16128,0.7539,63,101.4,True
resnet50,Multiply_9243,5,514,32,32,32,32,21,12,0,32,0.6895,65536,16128,0.7539,63,212.0,True
resnet50,Multiply_9243,5,515,32,32,32,32,13,12,0,32,0.7363,65536,9984,0.8477,55,178.2,True
resnet50,Multiply_9243,5,516,32,32,32,32,20,12,0,32,0.6953,65536,15360,0.7656,62,105.5,True
resnet50,Multiply_9243,5,517,32,32,32,32,16,12,0,32,0.7188,65536,12288,0.8125,58,158.1,True
resnet50,Multiply_9243,5,518,32,32,32,32,18,12,0,32,0.707,65536,13824,0.7891,60,56.9,True
resnet50,Multiply_9243,5,519,32,32,32,32,18,12,0,32,0.707,65536,13824,0.7891,60,66.4,True
resnet50,Multiply_9243,5,520,32,32,32,32,14,12,0,32,0.7305,65536,10752,0.8359,56,136.3,True
resnet50,Multiply_9243,5,521,32,32,32,32,21,10,0,32,0.7412,65536,13440,0.7949,61,37.8,True
resnet50,Multiply_9243,5,522,32,32,32,32,21,10,0,32,0.7412,65536,13440,0.7949,61,68.1,True
resnet50,Multiply_9243,5,523,32,32,32,32,13,10,0,32,0.7803,65536,8320,0.873,53,44.8,True
resnet50,Multiply_9243,5,524,32,32,32,32,20,10,0,32,0.7461,65536,12800,0.8047,60,131.6,True
resnet50,Multiply_9243,5,525,32,32,32,32,16,10,0,32,0.7656,65536,10240,0.8438,56,48.5,True
resnet50,Multiply_9243,5,526,32,32,32,32,18,10,0,32,0.7559,65536,11520,0.8242,58,160.7,True
resnet50,Multiply_9243,5,527,32,32,32,32,18,10,0,32,0.7559,65536,11520,0.8242,58,103.0,True
resnet50,Multiply_9243,5,528,32,32,32,32,14,10,0,32,0.7754,65536,8960,0.8633,54,49.7,True
resnet50,Multiply_9243,5,529,32,32,32,32,21,11,0,32,0.7153,65536,14784,0.7744,62,44.1,True
resnet50,Multiply_9243,5,530,32,32,32,32,21,11,0,32,0.7153,65536,14784,0.7744,62,39.7,True
resnet50,Multiply_9243,5,531,32,32,32,32,13,11,0,32,0.7583,65536,9152,0.8604,54,45.4,True
resnet50,Multiply_9243,5,532,32,32,32,32,20,11,0,32,0.7207,65536,14080,0.7852,61,352.8,True
resnet50,Multiply_9243,5,533,32,32,32,32,16,11,0,32,0.7422,65536,11264,0.8281,57,40.6,True
resnet50,Multiply_9243,5,534,32,32,32,32,18,11,0,32,0.7314,65536,12672,0.8066,59,71.7,True
resnet50,Multiply_9243,5,535,32,32,32,32,18,11,0,32,0.7314,65536,12672,0.8066,59,146.8,True
resnet50,Multiply_9243,5,536,32,32,32,32,14,11,0,32,0.7529,65536,9856,0.8496,55,58.8,True
resnet50,Multiply_9243,5,537,32,32,32,32,21,12,0,32,0.6895,65536,16128,0.7539,63,156.9,True
resnet50,Multiply_9243,5,538,32,32,32,32,21,12,0,32,0.6895,65536,16128,0.7539,63,58.9,True
resnet50,Multiply_9243,5,539,32,32,32,32,13,12,0,32,0.7363,65536,9984,0.8477,55,68.8,True
resnet50,Multiply_9243,5,540,32,32,32,32,20,12,0,32,0.6953,65536,15360,0.7656,62,175.8,True
resnet50,Multiply_9243,5,541,32,32,32,32,16,12,0,32,0.7188,65536,12288,0.8125,58,73.1,True
resnet50,Multiply_9243,5,542,32,32,32,32,18,12,0,32,0.707,65536,13824,0.7891,60,171.9,True
resnet50,Multiply_9243,5,543,32,32,32,32,18,12,0,32,0.707,65536,13824,0.7891,60,176.2,True
resnet50,Multiply_9243,5,544,32,32,32,32,14,12,0,32,0.7305,65536,10752,0.8359,56,48.7,True
resnet50,Multiply_9243,5,545,32,32,32,32,21,11,0,32,0.7153,65536,14784,0.7744,62,48.1,True
resnet50,Multiply_9243,5,546,32,32,32,32,21,11,0,32,0.7153,65536,14784,0.7744,62,82.9,True
resnet50,Multiply_9243,5,547,32,32,32,32,13,11,0,32,0.7583,65536,9152,0.8604,54,49.2,True
resnet50,Multiply_9243,5,548,32,32,32,32,20,11,0,32,0.7207,65536,14080,0.7852,61,76.2,True
resnet50,Multiply_9243,5,549,32,32,32,32,16,11,0,32,0.7422,65536,11264,0.8281,57,136.8,True
resnet50,Multiply_9243,5,550,32,32,32,32,18,11,0,32,0.7314,65536,12672,0.8066,59,140.0,True
resnet50,Multiply_9243,5,551,32,32,32,32,18,11,0,32,0.7314,65536,12672,0.8066,59,56.8,True
resnet50,Multiply_9243,5,552,32,32,32,32,14,11,0,32,0.7529,65536,9856,0.8496,55,182.3,True
resnet50,Multiply_9243,5,553,32,32,32,32,21,10,0,32,0.7412,65536,13440,0.7949,61,47.2,True
resnet50,Multiply_9243,5,554,32,32,32,32,21,10,0,32,0.7412,65536,13440,0.7949,61,105.2,True
resnet50,Multiply_9243,5,555,32,32,32,32,13,10,0,32,0.7803,65536,8320,0.873,53,57.0,True
resnet50,Multiply_9243,5,556,32,32,32,32,20,10,0,32,0.7461,65536,12800,0.8047,60,48.0,True
resnet50,Multiply_9243,5,557,32,32,32,32,16,10,0,32,0.7656,65536,10240,0.8438,56,84.3,True
resnet50,Multiply_9243,5,558,32,32,32,32,18,10,0,32,0.7559,65536,11520,0.8242,58,39.1,True
resnet50,Multiply_9243,5,559,32,32,32,32,18,10,0,32,0.7559,65536,11520,0.8242,58,40.7,True
resnet50,Multiply_9243,5,560,32,32,32,32,14,10,0,32,0.7754,65536,8960,0.8633,54,74.9,True
resnet50,Multiply_9243,5,561,32,32,32,32,21,11,0,32,0.7153,65536,14784,0.7744,62,44.3,True
resnet50,Multiply_9243,5,562,32,32,32,32,21,11,0,32,0.7153,65536,14784,0.7744,62,49.8,True
resnet50,Multiply_9243,5,563,32,32,32,32,13,11,0,32,0.7583,65536,9152,0.8604,54,107.3,True
resnet50,Multiply_9243,5,564,32,32,32,32,20,11,0,32,0.7207,65536,14080,0.7852,61,48.3,True
resnet50,Multiply_9243,5,565,32,32,32,32,16,11,0,32,0.7422,65536,11264,0.8281,57,197.9,True
resnet50,Multiply_9243,5,566,32,32,32,32,18,11,0,32,0.7314,65536,12672,0.8066,59,48.0,True
resnet50,Multiply_9243,5,567,32,32,32,32,18,11,0,32,0.7314,65536,12672,0.8066,59,67.1,True
resnet50,Multiply_9243,5,568,32,32,32,32,14,11,0,32,0.7529,65536,9856,0.8496,55,49.3,True
resnet50,Multiply_9243,5,569,32,32,32,32,21,11,0,32,0.7153,65536,14784,0.7744,62,47.5,True
resnet50,Multiply_9243,5,570,32,32,32,32,21,11,0,32,0.7153,65536,14784,0.7744,62,114.6,True
resnet50,Multiply_9243,5,571,32,32,32,32,13,11,0,32,0.7583,65536,9152,0.8604,54,174.7,True
resnet50,Multiply_9243,5,572,32,32,32,32,20,11,0,32,0.7207,65536,14080,0.7852,61,39.1,True
resnet50,Multiply_9243,5,573,32,32,32,32,16,11,0,32,0.7422,65536,11264,0.8281,57,50.1,True
resnet50,Multiply_9243,5,574,32,32,32,32,18,11,0,32,0.7314,65536,12672,0.8066,59,39.8,True
resnet50,Multiply_9243,5,575,32,32,32,32,18,11,0,32,0.7314,65536,12672,0.8066,59,204.5,True
resnet50,Multiply_9243,5,576,32,32,32,32,14,11,0,32,0.7529,65536,9856,0.8496,55,41.0,True
resnet50,Multiply_9243,5,577,32,32,32,32,21,10,0,32,0.7412,65536,13440,0.7949,61,75.7,True
resnet50,Multiply_9243,5,578,32,32,32,32,21,10,0,32,0.7412,65536,13440,0.7949,61,126.2,True
resnet50,Multiply_9243,5,579,32,32,32,32,13,10,0,32,0.7803,65536,8320,0.873,53,69.2,True
resnet50,Multiply_9243,5,580,32,32,32,32,20,10,0,32,0.7461,65536,12800,0.8047,60,150.1,True
resnet50,Multiply_9243,5,581,32,32,32,32,16,10,0,32,0.7656,65536,10240,0.8438,56,112.4,True
resnet50,Multiply_9243,5,582,32,32,32,32,18,10,0,32,0.7559,65536,11520,0.8242,58,131.5,True
resnet50,Multiply_9243,5,583,32,32,32,32,18,10,0,32,0.7559,65536,11520,0.8242,58,65.9,True
resnet50,Multiply_9243,5,584,32,32,32,32,14,10,0,32,0.7754,65536,8960,0.8633,54,59.2,True
resnet50,Multiply_9243,5,585,32,32,32,32,21,11,0,32,0.7153,65536,14784,0.7744,62,48.0,True
resnet50,Multiply_9243,5,586,32,32,32,32,21,11,0,32,0.7153,65536,14784,0.7744,62,203.4,True
resnet50,Multiply_9243,5,587,32,32,32,32,13,11,0,32,0.7583,65536,9152,0.8604,54,48.2,True
resnet50,Multiply_9243,5,588,32,32,32,32,20,11,0,32,0.7207,65536,14080,0.7852,61,124.4,True
resnet50,Multiply_9243,5,589,32,32,32,32,16,11,0,32,0.7422,65536,11264,0.8281,57,99.5,True
resnet50,Multiply_9243,5,590,32,32,32,32,18,11,0,32,0.7314,65536,12672,0.8066,59,177.9,True
resnet50,Multiply_9243,5,591,32,32,32,32,18,11,0,32,0.7314,65536,12672,0.8066,59,38.5,True
resnet50,Multiply_9243,5,592,32,32,32,32,14,11,0,32,0.7529,65536,9856,0.8496,55,48.4,True
resnet50,Multiply_9243,5,593,32,32,32,32,21,12,0,32,0.6895,65536,16128,0.7539,63,44.9,True
resnet50,Multiply_9243,5,594,32,32,32,32,21,12,0,32,0.6895,65536,16128,0.7539,63,136.4,True
resnet50,Multiply_9243,5,595,32,32,32,32,13,12,0,32,0.7363,65536,9984,0.8477,55,46.7,True
resnet50,Multiply_9243,5,596,32,32,32,32,20,12,0,32,0.6953,65536,15360,0.7656,62,39.4,True
resnet50,Multiply_9243,5,597,32,32,32,32,16,12,0,32,0.7188,65536,12288,0.8125,58,43.3,True
resnet50,Multiply_9243,5,598,32,32,32,32,18,12,0,32,0.707,65536,13824,0.7891,60,198.7,True
resnet50,Multiply_9243,5,599,32,32,32,32,18,12,0,32,0.707,65536,13824,0.7891,60,175.5,True
resnet50,Multiply_9243,5,600,32,32,32,32,14,12,0,32,0.7305,65536,10752,0.8359,56,46.8,True
resnet50,Multiply_9243,5,601,32,32,32,32,21,11,0,32,0.7153,65536,14784,0.7744,62,42.7,True
resnet50,Multiply_9243,5,602,32,32,32,32,21,11,0,32,0.7153,65536,14784,0.7744,62,59.4,True
resnet50,Multiply_9243,5,603,32,32,32,32,13,11,0,32,0.7583,65536,9152,0.8604,54,47.5,True
resnet50,Multiply_9243,5,604,32,32,32,32,20,11,0,32,0.7207,65536,14080,0.7852,61,48.1,True
resnet50,Multiply_9243,5,605,32,32,32,32,16,11,0,32,0.7422,65536,11264,0.8281,57,106.1,True
resnet50,Multiply_9243,5,606,32,32,32,32,18,11,0,32,0.7314,65536,12672,0.8066,59,37.8,True
resnet50,Multiply_9243,5,607,32,32,32,32,18,11,0,32,0.7314,65536,12672,0.8066,59,173.0,True
resnet50,Multiply_9243,5,608,32,32,32,32,14,11,0,32,0.7529,65536,9856,0.8496,55,178.1,True
resnet50,Multiply_9243,5,609,32,32,32,32,21,11,0,32,0.7153,65536,14784,0.7744,62,36.7,True
resnet50,Multiply_9243,5,610,32,32,32,32,21,11,0,32,0.7153,65536,14784,0.7744,62,177.5,True
resnet50,Multiply_9243,5,611,32,32,32,32,13,11,0,32,0.7583,65536,9152,0.8604,54,99.3,True
resnet50,Multiply_9243,5,612,32,32,32,32,20,11,0,32,0.7207,65536,14080,0.7852,61,45.6,True
resnet50,Multiply_9243,5,613,32,32,32,32,16,11,0,32,0.7422,65536,11264,0.8281,57,119.2,True
resnet50,Multiply_9243,5,614,32,32,32,32,18,11,0,32,0.7314,65536,12672,0.8066,59,51.4,True
resnet50,Multiply_9243,5,615,32,32,32,32,18,11,0,32,0.7314,65536,12672,0.8066,59,105.3,True
resnet50,Multiply_9243,5,616,32,32,32,32,14,11,0,32,0.7529,65536,9856,0.8496,55,58.1,True
resnet50,Multiply_9243,5,617,32,32,32,32,21,11,0,32,0.7153,65536,14784,0.7744,62,80.2,True
resnet50,Multiply_9243,5,618,32,32,32,32,21,11,0,32,0.7153,65536,14784,0.7744,62,177.6,True
resnet50,Multiply_9243,5,619,32,32,32,32,13,11,0,32,0.7583,65536,9152,0.8604,54,38.2,True
resnet50,Multiply_9243,5,620,32,32,32,32,20,11,0,32,0.7207,65536,14080,0.7852,61,177.6,True
resnet50,Multiply_9243,5,621,32,32,32,32,16,11,0,32,0.7422,65536,11264,0.8281,57,122.6,True
resnet50,Multiply_9243,5,622,32,32,32,32,18,11,0,32,0.7314,65536,12672,0.8066,59,105.1,True
resnet50,Multiply_9243,5,623,32,32,32,32,18,11,0,32,0.7314,65536,12672,0.8066,59,45.2,True
resnet50,Multiply_9243,5,624,32,32,32,32,14,11,0,32,0.7529,65536,9856,0.8496,55,79.4,True
resnet50,Multiply_9243,5,625,32,32,32,32,21,13,0,32,0.6636,65536,17472,0.7334,64,55.0,True
resnet50,Multiply_9243,5,626,32,32,32,32,21,13,0,32,0.6636,65536,17472,0.7334,64,37.8,True
resnet50,Multiply_9243,5,627,32,32,32,32,13,13,0,32,0.7144,65536,10816,0.835,56,41.9,True
resnet50,Multiply_9243,5,628,32,32,32,32,20,13,0,32,0.6699,65536,16640,0.7461,63,59.2,True
resnet50,Multiply_9243,5,629,32,32,32,32,16,13,0,32,0.6953,65536,13312,0.7969,59,157.8,True
resnet50,Multiply_9243,5,630,32,32,32,32,18,13,0,32,0.6826,65536,14976,0.7715,61,56.2,True
resnet50,Multiply_9243,5,631,32,32,32,32,18,13,0,32,0.6826,65536,14976,0.7715,61,65.7,True
resnet50,Multiply_9243,5,632,32,32,32,32,14,13,0,32,0.708,65536,11648,0.8223,57,54.6,True
resnet50,Multiply_9243,5,633,32,32,32,32,21,10,0,32,0.7412,65536,13440,0.7949,61,52.0,True
resnet50,Multiply_9243,5,634,32,32,32,32,21,10,0,32,0.7412,65536,13440,0.7949,61,198.1,True
resnet50,Multiply_9243,5,635,32,32,32,32,13,10,0,32,0.7803,65536,8320,0.873,53,48.1,True
resnet50,Multiply_9243,5,636,32,32,32,32,20,10,0,32,0.7461,65536,12800,0.8047,60,165.3,True
resnet50,Multiply_9243,5,637,32,32,32,32,16,10,0,32,0.7656,65536,10240,0.8438,56,99.1,True
resnet50,Multiply_9243,5,638,32,32,32,32,18,10,0,32,0.7559,65536,11520,0.8242,58,47.8,True
resnet50,Multiply_9243,5,639,32,32,32,32,18,10,0,32,0.7559,65536,11520,0.8242,58,46.3,True
resnet50,Multiply_9243,5,640,32,32,32,32,14,10,0,32,0.7754,65536,8960,0.8633,54,133.4,True
resnet50,Multiply_9243,5,641,32,32,32,32,21,13,0,32,0.6636,65536,17472,0.7334,64,47.1,True
resnet50,Multiply_9243,5,642,32,32,32,32,21,13,0,32,0.6636,65536,17472,0.7334,64,41.8,True
resnet50,Multiply_9243,5,643,32,32,32,32,13,13,0,32,0.7144,65536,10816,0.835,56,76.5,True
resnet50,Multiply_9243,5,644,32,32,32,32,20,13,0,32,0.6699,65536,16640,0.7461,63,176.6,True
resnet50,Multiply_9243,5,645,32,32,32,32,16,13,0,32,0.6953,65536,13312,0.7969,59,81.2,True
resnet50,Multiply_9243,5,646,32,32,32,32,18,13,0,32,0.6826,65536,14976,0.7715,61,48.1,True
resnet50,Multiply_9243,5,647,32,32,32,32,18,13,0,32,0.6826,65536,14976,0.7715,61,40.3,True
resnet50,Multiply_9243,5,648,32,32,32,32,14,13,0,32,0.708,65536,11648,0.8223,57,178.1,True
resnet50,Multiply_9243,5,649,32,32,32,32,21,10,0,32,0.7412,65536,13440,0.7949,61,84.6,True
resnet50,Multiply_9243,5,650,32,32,32,32,21,10,0,32,0.7412,65536,13440,0.7949,61,144.5,True
resnet50,Multiply_9243,5,651,32,32,32,32,13,10,0,32,0.7803,65536,8320,0.873,53,98.1,True
resnet50,Multiply_9243,5,652,32,32,32,32,20,10,0,32,0.7461,65536,12800,0.8047,60,59.1,True
resnet50,Multiply_9243,5,653,32,32,32,32,16,10,0,32,0.7656,65536,10240,0.8438,56,105.9,True
resnet50,Multiply_9243,5,654,32,32,32,32,18,10,0,32,0.7559,65536,11520,0.8242,58,125.9,True
resnet50,Multiply_9243,5,655,32,32,32,32,18,10,0,32,0.7559,65536,11520,0.8242,58,49.1,True
resnet50,Multiply_9243,5,656,32,32,32,32,14,10,0,32,0.7754,65536,8960,0.8633,54,190.5,True
resnet50,Multiply_9243,5,657,32,32,32,32,21,13,0,32,0.6636,65536,17472,0.7334,64,70.3,True
resnet50,Multiply_9243,5,658,32,32,32,32,21,13,0,32,0.6636,65536,17472,0.7334,64,148.2,True
resnet50,Multiply_9243,5,659,32,32,32,32,13,13,0,32,0.7144,65536,10816,0.835,56,148.4,True
resnet50,Multiply_9243,5,660,32,32,32,32,20,13,0,32,0.6699,65536,16640,0.7461,63,63.8,True
resnet50,Multiply_9243,5,661,32,32,32,32,16,13,0,32,0.6953,65536,13312,0.7969,59,56.0,True
resnet50,Multiply_9243,5,662,32,32,32,32,18,13,0,32,0.6826,65536,14976,0.7715,61,177.6,True
resnet50,Multiply_9243,5,663,32,32,32,32,18,13,0,32,0.6826,65536,14976,0.7715,61,76.0,True
resnet50,Multiply_9243,5,664,32,32,32,32,14,13,0,32,0.708,65536,11648,0.8223,57,122.2,True
resnet50,Multiply_9243,5,665,32,32,32,32,21,11,0,32,0.7153,65536,14784,0.7744,62,97.3,True
resnet50,Multiply_9243,5,666,32,32,32,32,21,11,0,32,0.7153,65536,14784,0.7744,62,61.7,True
resnet50,Multiply_9243,5,667,32,32,32,32,13,11,0,32,0.7583,65536,9152,0.8604,54,163.1,True
resnet50,Multiply_9243,5,668,32,32,32,32,20,11,0,32,0.7207,65536,14080,0.7852,61,53.7,True
resnet50,Multiply_9243,5,669,32,32,32,32,16,11,0,32,0.7422,65536,11264,0.8281,57,44.2,True
resnet50,Multiply_9243,5,670,32,32,32,32,18,11,0,32,0.7314,65536,12672,0.8066,59,45.7,True
resnet50,Multiply_9243,5,671,32,32,32,32,18,11,0,32,0.7314,65536,12672,0.8066,59,64.2,True
resnet50,Multiply_9243,5,672,32,32,32,32,14,11,0,32,0.7529,65536,9856,0.8496,55,126.7,True
resnet50,Multiply_9243,5,673,32,32,32,32,21,11,0,32,0.7153,65536,14784,0.7744,62,108.8,True
resnet50,Multiply_9243,5,674,32,32,32,32,21,11,0,32,0.7153,65536,14784,0.7744,62,47.6,True
resnet50,Multiply_9243,5,675,32,32,32,32,13,11,0,32,0.7583,65536,9152,0.8604,54,45.7,True
resnet50,Multiply_9243,5,676,32,32,32,32,20,11,0,32,0.7207,65536,14080,0.7852,61,86.0,True
resnet50,Multiply_9243,5,677,32,32,32,32,16,11,0,32,0.7422,65536,11264,0.8281,57,58.1,True
resnet50,Multiply_9243,5,678,32,32,32,32,18,11,0,32,0.7314,65536,12672,0.8066,59,190.2,True
resnet50,Multiply_9243,5,679,32,32,32,32,18,11,0,32,0.7314,65536,12672,0.8066,59,125.8,True
resnet50,Multiply_9243,5,680,32,32,32,32,14,11,0,32,0.7529,65536,9856,0.8496,55,75.9,True
resnet50,Multiply_9243,5,681,32,32,32,32,21,13,0,32,0.6636,65536,17472,0.7334,64,48.6,True
resnet50,Multiply_9243,5,682,32,32,32,32,21,13,0,32,0.6636,65536,17472,0.7334,64,128.2,True
resnet50,Multiply_9243,5,683,32,32,32,32,13,13,0,32,0.7144,65536,10816,0.835,56,179.9,True
resnet50,Multiply_9243,5,684,32,32,32,32,20,13,0,32,0.6699,65536,16640,0.7461,63,48.2,True
resnet50,Multiply_9243,5,685,32,32,32,32,16,13,0,32,0.6953,65536,13312,0.7969,59,61.4,True
resnet50,Multiply_9243,5,686,32,32,32,32,18,13,0,32,0.6826,65536,14976,0.7715,61,50.1,True
resnet50,Multiply_9243,5,687,32,32,32,32,18,13,0,32,0.6826,65536,14976,0.7715,61,91.6,True
resnet50,Multiply_9243,5,688,32,32,32,32,14,13,0,32,0.708,65536,11648,0.8223,57,44.2,True
resnet50,Multiply_9243,5,689,32,32,32,32,21,9,0,32,0.7671,65536,12096,0.8154,60,334.1,True
resnet50,Multiply_9243,5,690,32,32,32,32,21,9,0,32,0.7671,65536,12096,0.8154,60,172.7,True
resnet50,Multiply_9243,5,691,32,32,32,32,13,9,0,32,0.8022,65536,7488,0.8857,52,129.1,True
resnet50,Multiply_9243,5,692,32,32,32,32,20,9,0,32,0.7715,65536,11520,0.8242,59,133.5,True
resnet50,Multiply_9243,5,693,32,32,32,32,16,9,0,32,0.7891,65536,9216,0.8594,55,159.3,True
resnet50,Multiply_9243,5,694,32,32,32,32,18,9,0,32,0.7803,65536,10368,0.8418,57,38.5,True
resnet50,Multiply_9243,5,695,32,32,32,32,18,9,0,32,0.7803,65536,10368,0.8418,57,49.4,True
resnet50,Multiply_9243,5,696,32,32,32,32,14,9,0,32,0.7979,65536,8064,0.877,53,56.4,True
resnet50,Multiply_9243,5,697,32,32,32,32,21,13,0,32,0.6636,65536,17472,0.7334,64,47.9,True
resnet50,Multiply_9243,5,698,32,32,32,32,21,13,0,32,0.6636,65536,17472,0.7334,64,128.8,True
resnet50,Multiply_9243,5,699,32,32,32,32,13,13,0,32,0.7144,65536,10816,0.835,56,40.3,True
resnet50,Multiply_9243,5,700,32,32,32,32,20,13,0,32,0.6699,65536,16640,0.7461,63,79.4,True
resnet50,Multiply_9243,5,701,32,32,32,32,16,13,0,32,0.6953,65536,13312,0.7969,59,47.4,True
resnet50,Multiply_9243,5,702,32,32,32,32,18,13,0,32,0.6826,65536,14976,0.7715,61,248.0,True
resnet50,Multiply_9243,5,703,32,32,32,32,18,13,0,32,0.6826,65536,14976,0.7715,61,45.0,True
resnet50,Multiply_9243,5,704,32,32,32,32,14,13,0,32,0.708,65536,11648,0.8223,57,71.7,True
resnet50,Multiply_9243,5,705,32,32,32,32,21,10,0,32,0.7412,65536,13440,0.7949,61,54.4,True
resnet50,Multiply_9243,5,706,32,32,32,32,21,10,0,32,0.7412,65536,13440,0.7949,61,43.3,True
resnet50,Multiply_9243,5,707,32,32,32,32,13,10,0,32,0.7803,65536,8320,0.873,53,79.4,True
resnet50,Multiply_9243,5,708,32,32,32,32,20,10,0,32,0.7461,65536,12800,0.8047,60,95.6,True
resnet50,Multiply_9243,5,709,32,32,32,32,16,10,0,32,0.7656,65536,10240,0.8438,56,38.5,True
resnet50,Multiply_9243,5,710,32,32,32,32,18,10,0,32,0.7559,65536,11520,0.8242,58,69.4,True
resnet50,Multiply_9243,5,711,32,32,32,32,18,10,0,32,0.7559,65536,11520,0.8242,58,160.4,True
resnet50,Multiply_9243,5,712,32,32,32,32,14,10,0,32,0.7754,65536,8960,0.8633,54,157.8,True
resnet50,Multiply_9243,5,713,32,32,32,32,21,13,0,32,0.6636,65536,17472,0.7334,64,49.2,True
resnet50,Multiply_9243,5,714,32,32,32,32,21,13,0,32,0.6636,65536,17472,0.7334,64,44.8,True
resnet50,Multiply_9243,5,715,32,32,32,32,13,13,0,32,0.7144,65536,10816,0.835,56,44.3,True
resnet50,Multiply_9243,5,716,32,32,32,32,20,13,0,32,0.6699,65536,16640,0.7461,63,44.6,True
resnet50,Multiply_9243,5,717,32,32,32,32,16,13,0,32,0.6953,65536,13312,0.7969,59,199.8,True
resnet50,Multiply_9243,5,718,32,32,32,32,18,13,0,32,0.6826,65536,14976,0.7715,61,48.3,True
resnet50,Multiply_9243,5,719,32,32,32,32,18,13,0,32,0.6826,65536,14976,0.7715,61,122.8,True
resnet50,Multiply_9243,5,720,32,32,32,32,14,13,0,32,0.708,65536,11648,0.8223,57,43.0,True
resnet50,Multiply_9243,5,721,32,32,32,32,21,11,0,32,0.7153,65536,14784,0.7744,62,40.6,True
resnet50,Multiply_9243,5,722,32,32,32,32,21,11,0,32,0.7153,65536,14784,0.7744,62,110.6,True
resnet50,Multiply_9243,5,723,32,32,32,32,13,11,0,32,0.7583,65536,9152,0.8604,54,48.2,True
resnet50,Multiply_9243,5,724,32,32,32,32,20,11,0,32,0.7207,65536,14080,0.7852,61,123.2,True
resnet50,Multiply_9243,5,725,32,32,32,32,16,11,0,32,0.7422,65536,11264,0.8281,57,77.8,True
resnet50,Multiply_9243,5,726,32,32,32,32,18,11,0,32,0.7314,65536,12672,0.8066,59,178.6,True
resnet50,Multiply_9243,5,727,32,32,32,32,18,11,0,32,0.7314,65536,12672,0.8066,59,108.5,True
resnet50,Multiply_9243,5,728,32,32,32,32,14,11,0,32,0.7529,65536,9856,0.8496,55,175.5,True
resnet50,Multiply_9243,5,729,32,32,32,32,21,11,0,32,0.7153,65536,14784,0.7744,62,40.3,True
resnet50,Multiply_9243,5,730,32,32,32,32,21,11,0,32,0.7153,65536,14784,0.7744,62,45.4,True
resnet50,Multiply_9243,5,731,32,32,32,32,13,11,0,32,0.7583,65536,9152,0.8604,54,143.8,True
resnet50,Multiply_9243,5,732,32,32,32,32,20,11,0,32,0.7207,65536,14080,0.7852,61,48.3,True
resnet50,Multiply_9243,5,733,32,32,32,32,16,11,0,32,0.7422,65536,11264,0.8281,57,48.4,True
resnet50,Multiply_9243,5,734,32,32,32,32,18,11,0,32,0.7314,65536,12672,0.8066,59,45.0,True
resnet50,Multiply_9243,5,735,32,32,32,32,18,11,0,32,0.7314,65536,12672,0.8066,59,39.5,True
resnet50,Multiply_9243,5,736,32,32,32,32,14,11,0,32,0.7529,65536,9856,0.8496,55,39.1,True
resnet50,Multiply_9243,5,737,32,32,32,32,21,13,0,32,0.6636,65536,17472,0.7334,64,46.4,True
resnet50,Multiply_9243,5,738,32,32,32,32,21,13,0,32,0.6636,65536,17472,0.7334,64,39.8,True
resnet50,Multiply_9243,5,739,32,32,32,32,13,13,0,32,0.7144,65536,10816,0.835,56,197.9,True
resnet50,Multiply_9243,5,740,32,32,32,32,20,13,0,32,0.6699,65536,16640,0.7461,63,161.1,True
resnet50,Multiply_9243,5,741,32,32,32,32,16,13,0,32,0.6953,65536,13312,0.7969,59,53.4,True
resnet50,Multiply_9243,5,742,32,32,32,32,18,13,0,32,0.6826,65536,14976,0.7715,61,38.6,True
resnet50,Multiply_9243,5,743,32,32,32,32,18,13,0,32,0.6826,65536,14976,0.7715,61,40.1,True
resnet50,Multiply_9243,5,744,32,32,32,32,14,13,0,32,0.708,65536,11648,0.8223,57,225.8,True
resnet50,Multiply_9243,5,745,32,32,32,32,21,9,0,32,0.7671,65536,12096,0.8154,60,116.7,True
resnet50,Multiply_9243,5,746,32,32,32,32,21,9,0,32,0.7671,65536,12096,0.8154,60,45.0,True
resnet50,Multiply_9243,5,747,32,32,32,32,13,9,0,32,0.8022,65536,7488,0.8857,52,48.4,True
resnet50,Multiply_9243,5,748,32,32,32,32,20,9,0,32,0.7715,65536,11520,0.8242,59,79.5,True
resnet50,Multiply_9243,5,749,32,32,32,32,16,9,0,32,0.7891,65536,9216,0.8594,55,49.9,True
resnet50,Multiply_9243,5,750,32,32,32,32,18,9,0,32,0.7803,65536,10368,0.8418,57,73.4,True
resnet50,Multiply_9243,5,751,32,32,32,32,18,9,0,32,0.7803,65536,10368,0.8418,57,93.0,True
resnet50,Multiply_9243,5,752,32,32,32,32,14,9,0,32,0.7979,65536,8064,0.877,53,53.1,True
resnet50,Multiply_9243,5,753,32,32,32,32,21,11,0,32,0.7153,65536,14784,0.7744,62,45.5,True
resnet50,Multiply_9243,5,754,32,32,32,32,21,11,0,32,0.7153,65536,14784,0.7744,62,63.5,True
resnet50,Multiply_9243,5,755,32,32,32,32,13,11,0,32,0.7583,65536,9152,0.8604,54,48.5,True
resnet50,Multiply_9243,5,756,32,32,32,32,20,11,0,32,0.7207,65536,14080,0.7852,61,162.2,True
resnet50,Multiply_9243,5,757,32,32,32,32,16,11,0,32,0.7422,65536,11264,0.8281,57,45.3,True
resnet50,Multiply_9243,5,758,32,32,32,32,18,11,0,32,0.7314,65536,12672,0.8066,59,45.5,True
resnet50,Multiply_9243,5,759,32,32,32,32,18,11,0,32,0.7314,65536,12672,0.8066,59,245.5,True
resnet50,Multiply_9243,5,760,32,32,32,32,14,11,0,32,0.7529,65536,9856,0.8496,55,70.4,True
resnet50,Multiply_9243,5,761,32,32,32,32,21,10,0,32,0.7412,65536,13440,0.7949,61,223.6,True
resnet50,Multiply_9243,5,762,32,32,32,32,21,10,0,32,0.7412,65536,13440,0.7949,61,181.3,True
resnet50,Multiply_9243,5,763,32,32,32,32,13,10,0,32,0.7803,65536,8320,0.873,53,47.6,True
resnet50,Multiply_9243,5,764,32,32,32,32,20,10,0,32,0.7461,65536,12800,0.8047,60,176.4,True
resnet50,Multiply_9243,5,765,32,32,32,32,16,10,0,32,0.7656,65536,10240,0.8438,56,89.2,True
resnet50,Multiply_9243,5,766,32,32,32,32,18,10,0,32,0.7559,65536,11520,0.8242,58,108.9,True
resnet50,Multiply_9243,5,767,32,32,32,32,18,10,0,32,0.7559,65536,11520,0.8242,58,64.1,True
resnet50,Multiply_9243,5,768,32,32,32,32,14,10,0,32,0.7754,65536,8960,0.8633,54,176.6,True
resnet50,Multiply_9243,5,769,32,32,32,32,21,11,0,32,0.7153,65536,14784,0.7744,62,44.2,True
resnet50,Multiply_9243,5,770,32,32,32,32,21,11,0,32,0.7153,65536,14784,0.7744,62,39.5,True
resnet50,Multiply_9243,5,771,32,32,32,32,13,11,0,32,0.7583,65536,9152,0.8604,54,171.5,True
resnet50,Multiply_9243,5,772,32,32,32,32,20,11,0,32,0.7207,65536,14080,0.7852,61,48.1,True
resnet50,Multiply_9243,5,773,32,32,32,32,16,11,0,32,0.7422,65536,11264,0.8281,57,37.9,True
resnet50,Multiply_9243,5,774,32,32,32,32,18,11,0,32,0.7314,65536,12672,0.8066,59,38.8,True
resnet50,Multiply_9243,5,775,32,32,32,32,18,11,0,32,0.7314,65536,12672,0.8066,59,159.0,True
resnet50,Multiply_9243,5,776,32,32,32,32,14,11,0,32,0.7529,65536,9856,0.8496,55,178.9,True
resnet50,Multiply_9243,5,777,32,32,32,32,21,11,0,32,0.7153,65536,14784,0.7744,62,48.5,True
resnet50,Multiply_9243,5,778,32,32,32,32,21,11,0,32,0.7153,65536,14784,0.7744,62,102.3,True
resnet50,Multiply_9243,5,779,32,32,32,32,13,11,0,32,0.7583,65536,9152,0.8604,54,124.5,True
resnet50,Multiply_9243,5,780,32,32,32,32,20,11,0,32,0.7207,65536,14080,0.7852,61,305.3,True
resnet50,Multiply_9243,5,781,32,32,32,32,16,11,0,32,0.7422,65536,11264,0.8281,57,46.0,True
resnet50,Multiply_9243,5,782,32,32,32,32,18,11,0,32,0.7314,65536,12672,0.8066,59,177.3,True
resnet50,Multiply_9243,5,783,32,32,32,32,18,11,0,32,0.7314,65536,12672,0.8066,59,90.8,True
resnet50,Multiply_9243,5,784,32,32,32,32,14,11,0,32,0.7529,65536,9856,0.8496,55,40.4,True
resnet50,Multiply_9236,6,1,32,32,32,30,18,2,0,32,0.9531,65536,2160,0.967,48,45.2,True
resnet50,Multiply_9236,6,2,32,32,32,30,17,2,0,32,0.9541,65536,2040,0.9689,47,122.0,True
resnet50,Multiply_9236,6,3,32,32,32,24,18,5,0,32,0.8975,65536,4320,0.9341,45,44.3,True
resnet50,Multiply_9236,6,4,32,32,32,24,17,5,0,32,0.8999,65536,4080,0.9377,44,158.5,True
resnet50,Multiply_9236,6,5,32,32,32,29,18,5,0,32,0.8853,65536,5220,0.9203,50,151.4,True
resnet50,Multiply_9236,6,6,32,32,32,29,17,5,0,32,0.8877,65536,4930,0.9248,49,45.4,True
resnet50,Multiply_9236,6,7,32,32,32,26,18,5,0,32,0.8926,65536,4680,0.9286,47,49.6,True
resnet50,Multiply_9236,6,8,32,32,32,26,17,5,0,32,0.895,65536,4420,0.9326,46,73.2,True
resnet50,Multiply_9236,6,9,32,32,32,17,18,5,0,32,0.9146,65536,3060,0.9533,38,49.1,True
resnet50,Multiply_9236,6,10,32,32,32,17,17,5,0,32,0.917,65536,2890,0.9559,37,58.8,True
resnet50,Multiply_9236,6,11,32,32,32,30,18,5,0,32,0.8828,65536,5400,0.9176,51,45.5,True
resnet50,Multiply_9236,6,12,32,32,32,30,17,5,0,32,0.8853,65536,5100,0.9222,50,83.6,True
resnet50,Multiply_9236,6,13,32,32,32,19,18,5,0,32,0.9097,65536,3420,0.9478,40,44.4,True
resnet50,Multiply_9236,6,14,32,32,32,19,17,5,0,32,0.9121,65536,3230,0.9507,39,89.3,True
resnet50,Multiply_9236,6,15,32,32,32,25,18,5,0,32,0.895,65536,4500,0.9313,46,44.3,True
resnet50,Multiply_9236,6,16,32,32,32,25,17,5,0,32,0.8975,65536,4250,0.9352,45,37.9,True
resnet50,Multiply_9236,6,17,32,32,32,26,18,5,0,32,0.8926,65536,4680,0.9286,47,37.6,True
resnet50,Multiply_9236,6,18,32,32,32,26,17,5,0,32,0.895,65536,4420,0.9326,46,198.8,True
resnet50,Multiply_9236,6,19,32,32,32,22,18,5,0,32,0.9023,65536,3960,0.9396,43,47.9,True
resnet50,Multiply_9236,6,20,32,32,32,22,17,5,0,32,0.9048,65536,3740,0.9429,42,197.8,True
resnet50,Multiply_9236,6,21,32,32,32,26,18,5,0,32,0.8926,65536,4680,0.9286,47,76.3,True
resnet50,Multiply_9236,6,22,32,32,32,26,17,5,0,32,0.895,65536,4420,0.9326,46,124.1,True
resnet50,Multiply_9236,6,23,32,32,32,22,18,5,0,32,0.9023,65536,3960,0.9396,43,61.0,True
resnet50,Multiply_9236,6,24,32,32,32,22,17,5,0,32,0.9048,65536,3740,0.9429,42,83.5,True
resnet50,Multiply_9236,6,25,32,32,32,24,18,5,0,32,0.8975,65536,4320,0.9341,45,219.5,True
resnet50,Multiply_9236,6,26,32,32,32,24,17,5,0,32,0.8999,65536,4080,0.9377,44,38.9,True
resnet50,Multiply_9236,6,27,32,32,32,21,18,5,0,32,0.9048,65536,3780,0.9423,42,50.1,True
resnet50,Multiply_9236,6,28,32,32,32,21,17,5,0,32,0.9072,65536,3570,0.9455,41,48.5,True
resnet50,Multiply_9236,6,29,32,32,32,15,18,5,0,32,0.9194,65536,2700,0.9588,36,49.3,True
resnet50,Multiply_9236,6,30,32,32,32,15,17,5,0,32,0.9219,65536,2550,0.9611,35,38.4,True
resnet50,Multiply_9236,6,31,32,32,32,21,18,5,0,32,0.9048,65536,3780,0.9423,42,176.2,True
resnet50,Multiply_9236,6,32,32,32,32,21,17,5,0,32,0.9072,65536,3570,0.9455,41,41.1,True
resnet50,Multiply_9236,6,33,32,32,32,18,18,5,0,32,0.9121,65536,3240,0.9506,39,50.1,True
resnet50,Multiply_9236,6,34,32,32,32,18,17,5,0,32,0.9146,65536,3060,0.9533,38,139.6,True
resnet50,Multiply_9236,6,35,32,32,32,15,18,5,0,32,0.9194,65536,2700,0.9588,36,194.4,True
resnet50,Multiply_9236,6,36,32,32,32,15,17,5,0,32,0.9219,65536,2550,0.9611,35,49.4,True
resnet50,Multiply_9236,6,37,32,32,32,14,18,5,0,32,0.9219,65536,2520,0.9615,35,146.7,True
resnet50,Multiply_9236,6,38,32,32,32,14,17,5,0,32,0.9243,65536,2380,0.9637,34,39.3,True
resnet50,Multiply_9236,6,39,32,32,32,13,18,5,0,32,0.9243,65536,2340,0.9643,34,38.9,True
resnet50,Multiply_9236,6,40,32,32,32,13,17,5,0,32,0.9268,65536,2210,0.9663,33,89.2,True
resnet50,Multiply_9236,6,41,32,32,32,20,18,5,0,32,0.9072,65536,3600,0.9451,41,49.7,True
resnet50,Multiply_9236,6,42,32,32,32,20,17,5,0,32,0.9097,65536,3400,0.9481,40,68.0,True
resnet50,Multiply_9236,6,43,32,32,32,8,18,5,0,32,0.9365,65536,1440,0.978,29,47.6,True
resnet50,Multiply_9236,6,44,32,32,32,8,17,5,0,32,0.939,65536,1360,0.9792,28,54.3,True
resnet50,Multiply_9236,6,45,32,32,32,31,18,5,0,32,0.8804,65536,5580,0.9149,52,52.1,True
resnet50,Multiply_9236,6,46,32,32,32,31,17,5,0,32,0.8828,65536,5270,0.9196,51,47.0,True
resnet50,Multiply_9236,6,47,32,32,32,8,18,5,0,32,0.9365,65536,1440,0.978,29,171.6,True
resnet50,Multiply_9236,6,48,32,32,32,8,17,5,0,32,0.939,65536,1360,0.9792,28,96.7,True
resnet50,Multiply_9236,6,49,32,32,32,27,18,5,0,32,0.8901,65536,4860,0.9258,48,37.7,True
resnet50,Multiply_9236,6,50,32,32,32,27,17,5,0,32,0.8926,65536,4590,0.93,47,174.0,True
resnet50,Multiply_9236,6,51,32,32,32,12,18,5,0,32,0.9268,65536,2160,0.967,33,45.5,True
resnet50,Multiply_9236,6,52,32,32,32,12,17,5,0,32,0.9292,65536,2040,0.9689,32,40.4,True
resnet50,Multiply_9236,6,53,32,32,32,17,18,5,0,32,0.9146,65536,3060,0.9533,38,41.5,True
resnet50,Multiply_9236,6,54,32,32,32,17,17,5,0,32,0.917,65536,2890,0.9559,37,38.4,True
resnet50,Multiply_9236,6,55,32,32,32,13,18,5,0,32,0.9243,65536,2340,0.9643,34,49.5,True
resnet50,Multiply_9236,6,56,32,32,32,13,17,5,0,32,0.9268,65536,2210,0.9663,33,198.3,True
resnet50,Multiply_9236,6,57,32,32,32,11,18,5,0,32,0.9292,65536,1980,0.9698,32,64.5,True
resnet50,Multiply_9236,6,58,32,32,32,11,17,5,0,32,0.9316,65536,1870,0.9715,31,38.5,True
resnet50,Multiply_9236,6,59,32,32,32,17,18,5,0,32,0.9146,65536,3060,0.9533,38,41.1,True
resnet50,Multiply_9236,6,60,32,32,32,17,17,5,0,32,0.917,65536,2890,0.9559,37,198.1,True
resnet50,Multiply_9236,6,61,32,32,32,6,18,5,0,32,0.9414,65536,1080,0.9835,27,174.2,True
resnet50,Multiply_9236,6,62,32,32,32,6,17,5,0,32,0.9438,65536,1020,0.9844,26,120.9,True
resnet50,Multiply_9236,6,63,32,32,32,21,18,5,0,32,0.9048,65536,3780,0.9423,42,112.9,True
resnet50,Multiply_9236,6,64,32,32,32,21,17,5,0,32,0.9072,65536,3570,0.9455,41,76.4,True
resnet50,Multiply_9236,6,65,32,32,32,10,18,5,0,32,0.9316,65536,1800,0.9725,31,103.3,True
resnet50,Multiply_9236,6,66,32,32,32,10,17,5,0,32,0.9341,65536,1700,0.9741,30,85.7,True
resnet50,Multiply_9236,6,67,32,32,32,20,18,5,0,32,0.9072,65536,3600,0.9451,41,197.4,True
resnet50,Multiply_9236,6,68,32,32,32,20,17,5,0,32,0.9097,65536,3400,0.9481,40,122.9,True
resnet50,Multiply_9236,6,69,32,32,32,15,18,5,0,32,0.9194,65536,2700,0.9588,36,48.2,True
resnet50,Multiply_9236,6,70,32,32,32,15,17,5,0,32,0.9219,65536,2550,0.9611,35,178.2,True
resnet50,Multiply_9236,6,71,32,32,32,15,18,5,0,32,0.9194,65536,2700,0.9588,36,91.2,True
resnet50,Multiply_9236,6,72,32,32,32,15,17,5,0,32,0.9219,65536,2550,0.9611,35,89.1,True
resnet50,Multiply_9236,6,73,32,32,32,18,18,5,0,32,0.9121,65536,3240,0.9506,39,45.4,True
resnet50,Multiply_9236,6,74,32,32,32,18,17,5,0,32,0.9146,65536,3060,0.9533,38,197.4,True
resnet50,Multiply_9236,6,75,32,32,32,12,18,5,0,32,0.9268,65536,2160,0.967,33,47.4,True
resnet50,Multiply_9236,6,76,32,32,32,12,17,5,0,32,0.9292,65536,2040,0.9689,32,38.5,True
resnet50,Multiply_9236,6,77,32,32,32,24,18,5,0,32,0.8975,65536,4320,0.9341,45,44.2,True
resnet50,Multiply_9236,6,78,32,32,32,24,17,5,0,32,0.8999,65536,4080,0.9377,44,197.0,True
resnet50,Multiply_9236,6,79,32,32,32,17,18,5,0,32,0.9146,65536,3060,0.9533,38,175.9,True
resnet50,Multiply_9236,6,80,32,32,32,17,17,5,0,32,0.917,65536,2890,0.9559,37,157.8,True
resnet50,Multiply_9236,6,81,32,32,32,23,18,5,0,32,0.8999,65536,4140,0.9368,44,176.0,True
resnet50,Multiply_9236,6,82,32,32,32,23,17,5,0,32,0.9023,65536,3910,0.9403,43,38.5,True
resnet50,Multiply_9236,6,83,32,32,32,15,18,5,0,32,0.9194,65536,2700,0.9588,36,39.2,True
resnet50,Multiply_9236,6,84,32,32,32,15,17,5,0,32,0.9219,65536,2550,0.9611,35,38.7,True
resnet50,Multiply_9236,6,85,32,32,32,19,18,5,0,32,0.9097,65536,3420,0.9478,40,47.7,True
resnet50,Multiply_9236,6,86,32,32,32,19,17,5,0,32,0.9121,65536,3230,0.9507,39,71.7,True
resnet50,Multiply_9236,6,87,32,32,32,18,18,5,0,32,0.9121,65536,3240,0.9506,39,46.1,True
resnet50,Multiply_9236,6,88,32,32,32,18,17,5,0,32,0.9146,65536,3060,0.9533,38,178.2,True
resnet50,Multiply_9236,6,89,32,32,32,16,18,5,0,32,0.917,65536,2880,0.9561,37,87.9,True
resnet50,Multiply_9236,6,90,32,32,32,16,17,5,0,32,0.9194,65536,2720,0.9585,36,39.5,True
resnet50,Multiply_9236,6,91,32,32,32,23,18,5,0,32,0.8999,65536,4140,0.9368,44,294.1,True
resnet50,Multiply_9236,6,92,32,32,32,23,17,5,0,32,0.9023,65536,3910,0.9403,43,175.8,True
resnet50,Multiply_9236,6,93,32,32,32,14,18,5,0,32,0.9219,65536,2520,0.9615,35,37.6,True
resnet50,Multiply_9236,6,94,32,32,32,14,17,5,0,32,0.9243,65536,2380,0.9637,34,59.2,True
resnet50,Multiply_9236,6,95,32,32,32,23,18,5,0,32,0.8999,65536,4140,0.9368,44,46.8,True
resnet50,Multiply_9236,6,96,32,32,32,23,17,5,0,32,0.9023,65536,3910,0.9403,43,308.9,True
resnet50,Multiply_9236,6,97,32,32,32,18,18,5,0,32,0.9121,65536,3240,0.9506,39,82.6,True
resnet50,Multiply_9236,6,98,32,32,32,18,17,5,0,32,0.9146,65536,3060,0.9533,38,147.1,True
resnet50,Multiply_9236,6,99,32,32,32,23,18,5,0,32,0.8999,65536,4140,0.9368,44,133.8,True
resnet50,Multiply_9236,6,100,32,32,32,23,17,5,0,32,0.9023,65536,3910,0.9403,43,66.9,True
resnet50,Multiply_9236,6,101,32,32,32,24,18,5,0,32,0.8975,65536,4320,0.9341,45,48.7,True
resnet50,Multiply_9236,6,102,32,32,32,24,17,5,0,32,0.8999,65536,4080,0.9377,44,49.0,True
resnet50,Multiply_9236,6,103,32,32,32,14,18,5,0,32,0.9219,65536,2520,0.9615,35,46.7,True
resnet50,Multiply_9236,6,104,32,32,32,14,17,5,0,32,0.9243,65536,2380,0.9637,34,150.3,True
resnet50,Multiply_9236,6,105,32,32,32,26,18,5,0,32,0.8926,65536,4680,0.9286,47,45.2,True
resnet50,Multiply_9236,6,106,32,32,32,26,17,5,0,32,0.895,65536,4420,0.9326,46,39.3,True
resnet50,Multiply_9236,6,107,32,32,32,15,18,5,0,32,0.9194,65536,2700,0.9588,36,217.5,True
resnet50,Multiply_9236,6,108,32,32,32,15,17,5,0,32,0.9219,65536,2550,0.9611,35,49.2,True
resnet50,Multiply_9236,6,109,32,32,32,26,18,5,0,32,0.8926,65536,4680,0.9286,47,57.1,True
resnet50,Multiply_9236,6,110,32,32,32,26,17,5,0,32,0.895,65536,4420,0.9326,46,38.4,True
resnet50,Multiply_9236,6,111,32,32,32,13,18,5,0,32,0.9243,65536,2340,0.9643,34,46.5,True
resnet50,Multiply_9236,6,112,32,32,32,13,17,5,0,32,0.9268,65536,2210,0.9663,33,55.5,True
resnet50,Multiply_9236,6,113,32,32,32,20,18,5,0,32,0.9072,65536,3600,0.9451,41,163.7,True
resnet50,Multiply_9236,6,114,32,32,32,20,17,5,0,32,0.9097,65536,3400,0.9481,40,37.7,True
resnet50,Multiply_9236,6,115,32,32,32,20,18,5,0,32,0.9072,65536,3600,0.9451,41,79.5,True
resnet50,Multiply_9236,6,116,32,32,32,20,17,5,0,32,0.9097,65536,3400,0.9481,40,39.0,True
resnet50,Multiply_9236,6,117,32,32,32,17,18,5,0,32,0.9146,65536,3060,0.9533,38,41.8,True
resnet50,Multiply_9236,6,118,32,32,32,17,17,5,0,32,0.917,65536,2890,0.9559,37,38.5,True
resnet50,Multiply_9236,6,119,32,32,32,24,18,5,0,32,0.8975,65536,4320,0.9341,45,67.9,True
resnet50,Multiply_9236,6,120,32,32,32,24,17,5,0,32,0.8999,65536,4080,0.9377,44,38.4,True
resnet50,Multiply_9236,6,121,32,32,32,15,18,5,0,32,0.9194,65536,2700,0.9588,36,39.5,True
resnet50,Multiply_9236,6,122,32,32,32,15,17,5,0,32,0.9219,65536,2550,0.9611,35,60.5,True
resnet50,Multiply_9236,6,123,32,32,32,25,18,5,0,32,0.895,65536,4500,0.9313,46,41.0,True
resnet50,Multiply_9236,6,124,32,32,32,25,17,5,0,32,0.8975,65536,4250,0.9352,45,56.3,True
resnet50,Multiply_9236,6,125,32,32,32,15,18,5,0,32,0.9194,65536,2700,0.9588,36,59.2,True
resnet50,Multiply_9236,6,126,32,32,32,15,17,5,0,32,0.9219,65536,2550,0.9611,35,48.4,True
resnet50,Multiply_9236,6,127,32,32,32,22,18,5,0,32,0.9023,65536,3960,0.9396,43,42.8,True
resnet50,Multiply_9236,6,128,32,32,32,22,17,5,0,32,0.9048,65536,3740,0.9429,42,40.8,True
resnet50,Multiply_9236,6,129,32,32,32,21,18,5,0,32,0.9048,65536,3780,0.9423,42,38.7,True
resnet50,Multiply_9236,6,130,32,32,32,21,17,5,0,32,0.9072,65536,3570,0.9455,41,147.6,True
resnet50,Multiply_9236,6,131,32,32,32,21,18,5,0,32,0.9048,65536,3780,0.9423,42,49.5,True
resnet50,Multiply_9236,6,132,32,32,32,21,17,5,0,32,0.9072,65536,3570,0.9455,41,38.5,True
resnet50,Multiply_9236,6,133,32,32,32,20,18,5,0,32,0.9072,65536,3600,0.9451,41,39.0,True
resnet50,Multiply_9236,6,134,32,32,32,20,17,5,0,32,0.9097,65536,3400,0.9481,40,38.6,True
resnet50,Multiply_9236,6,135,32,32,32,13,18,5,0,32,0.9243,65536,2340,0.9643,34,45.0,True
resnet50,Multiply_9236,6,136,32,32,32,13,17,5,0,32,0.9268,65536,2210,0.9663,33,127.8,True
resnet50,Multiply_9236,6,137,32,32,32,23,18,5,0,32,0.8999,65536,4140,0.9368,44,38.4,True
resnet50,Multiply_9236,6,138,32,32,32,23,17,5,0,32,0.9023,65536,3910,0.9403,43,42.8,True
resnet50,Multiply_9236,6,139,32,32,32,5,18,3,0,32,0.9663,65536,540,0.9918,24,38.5,True
resnet50,Multiply_9236,6,140,32,32,32,5,17,3,0,32,0.9678,65536,510,0.9922,23,60.9,True
resnet50,Multiply_9236,6,141,32,32,32,24,18,5,0,32,0.8975,65536,4320,0.9341,45,38.1,True
resnet50,Multiply_9236,6,142,32,32,32,24,17,5,0,32,0.8999,65536,4080,0.9377,44,38.8,True
resnet50,Multiply_9236,6,143,32,32,32,8,18,5,0,32,0.9365,65536,1440,0.978,29,45.5,True
resnet50,Multiply_9236,6,144,32,32,32,8,17,5,0,32,0.939,65536,1360,0.9792,28,178.6,True
resnet50,Multiply_9236,6,145,32,32,32,18,18,5,0,32,0.9121,65536,3240,0.9506,39,125.7,True
resnet50,Multiply_9236,6,146,32,32,32,18,17,5,0,32,0.9146,65536,3060,0.9533,38,40.0,True
resnet50,Multiply_9236,6,147,32,32,32,18,18,5,0,32,0.9121,65536,3240,0.9506,39,43.2,True
resnet50,Multiply_9236,6,148,32,32,32,18,17,5,0,32,0.9146,65536,3060,0.9533,38,39.6,True
resnet50,Multiply_9236,6,149,32,32,32,11,18,5,0,32,0.9292,65536,1980,0.9698,32,38.4,True
resnet50,Multiply_9236,6,150,32,32,32,11,17,5,0,32,0.9316,65536,1870,0.9715,31,44.6,True
resnet50,Multiply_9236,6,151,32,32,32,27,18,5,0,32,0.8901,65536,4860,0.9258,48,59.4,True
resnet50,Multiply_9236,6,152,32,32,32,27,17,5,0,32,0.8926,65536,4590,0.93,47,40.0,True
resnet50,Multiply_9236,6,153,32,32,32,3,18,5,0,32,0.9487,65536,540,0.9918,24,159.5,True
resnet50,Multiply_9236,6,154,32,32,32,3,17,5,0,32,0.9512,65536,510,0.9922,23,99.9,True
resnet50,Multiply_9236,6,155,32,32,32,27,18,5,0,32,0.8901,65536,4860,0.9258,48,55.9,True
resnet50,Multiply_9236,6,156,32,32,32,27,17,5,0,32,0.8926,65536,4590,0.93,47,41.7,True
resnet50,Multiply_9236,6,157,32,32,32,8,18,5,0,32,0.9365,65536,1440,0.978,29,38.1,True
resnet50,Multiply_9236,6,158,32,32,32,8,17,5,0,32,0.939,65536,1360,0.9792,28,197.9,True
resnet50,Multiply_9236,6,159,32,32,32,20,18,5,0,32,0.9072,65536,3600,0.9451,41,38.2,True
resnet50,Multiply_9236,6,160,32,32,32,20,17,5,0,32,0.9097,65536,3400,0.9481,40,38.6,True
resnet50,Multiply_9236,6,161,32,32,32,13,18,5,0,32,0.9243,65536,2340,0.9643,34,38.3,True
resnet50,Multiply_9236,6,162,32,32,32,13,17,5,0,32,0.9268,65536,2210,0.9663,33,180.5,True
resnet50,Multiply_9236,6,163,32,32,32,12,18,5,0,32,0.9268,65536,2160,0.967,33,37.3,True
resnet50,Multiply_9236,6,164,32,32,32,12,17,5,0,32,0.9292,65536,2040,0.9689,32,54.1,True
resnet50,Multiply_9236,6,165,32,32,32,18,18,5,0,32,0.9121,65536,3240,0.9506,39,40.1,True
resnet50,Multiply_9236,6,166,32,32,32,18,17,5,0,32,0.9146,65536,3060,0.9533,38,38.4,True
resnet50,Multiply_9236,6,167,32,32,32,3,18,3,0,32,0.9692,65536,324,0.9951,22,38.1,True
resnet50,Multiply_9236,6,168,32,32,32,3,17,3,0,32,0.9707,65536,306,0.9953,21,42.2,True
resnet50,Multiply_9236,6,169,32,32,32,22,18,5,0,32,0.9023,65536,3960,0.9396,43,61.3,True
resnet50,Multiply_9236,6,170,32,32,32,22,17,5,0,32,0.9048,65536,3740,0.9429,42,67.2,True
resnet50,Multiply_9236,6,171,32,32,32,7,18,5,0,32,0.939,65536,1260,0.9808,28,47.4,True
resnet50,Multiply_9236,6,172,32,32,32,7,17,5,0,32,0.9414,65536,1190,0.9818,27,39.4,True
resnet50,Multiply_9236,6,173,32,32,32,23,18,5,0,32,0.8999,65536,4140,0.9368,44,60.9,True
resnet50,Multiply_9236,6,174,32,32,32,23,17,5,0,32,0.9023,65536,3910,0.9403,43,38.9,True
resnet50,Multiply_9236,6,175,32,32,32,12,18,5,0,32,0.9268,65536,2160,0.967,33,175.4,True
resnet50,Multiply_9236,6,176,32,32,32,12,17,5,0,32,0.9292,65536,2040,0.9689,32,39.4,True
resnet50,Multiply_9236,6,177,32,32,32,11,18,5,0,32,0.9292,65536,1980,0.9698,32,40.0,True
resnet50,Multiply_9236,6,178,32,32,32,11,17,5,0,32,0.9316,65536,1870,0.9715,31,135.0,True
resnet50,Multiply_9236,6,179,32,32,32,19,18,5,0,32,0.9097,65536,3420,0.9478,40,176.4,True
resnet50,Multiply_9236,6,180,32,32,32,19,17,5,0,32,0.9121,65536,3230,0.9507,39,41.4,True
resnet50,Multiply_9236,6,181,32,32,32,12,18,5,0,32,0.9268,65536,2160,0.967,33,48.1,True
resnet50,Multiply_9236,6,182,32,32,32,12,17,5,0,32,0.9292,65536,2040,0.9689,32,62.4,True
resnet50,Multiply_9236,6,183,32,32,32,30,18,5,0,32,0.8828,65536,5400,0.9176,51,45.0,True
resnet50,Multiply_9236,6,184,32,32,32,30,17,5,0,32,0.8853,65536,5100,0.9222,50,38.8,True
resnet50,Multiply_9236,6,185,32,32,32,14,18,5,0,32,0.9219,65536,2520,0.9615,35,40.0,True
resnet50,Multiply_9236,6,186,32,32,32,14,17,5,0,32,0.9243,65536,2380,0.9637,34,52.8,True
resnet50,Multiply_9236,6,187,32,32,32,27,18,5,0,32,0.8901,65536,4860,0.9258,48,36.9,True
resnet50,Multiply_9236,6,188,32,32,32,27,17,5,0,32,0.8926,65536,4590,0.93,47,54.0,True
resnet50,Multiply_9236,6,189,32,32,32,18,18,5,0,32,0.9121,65536,3240,0.9506,39,47.1,True
resnet50,Multiply_9236,6,190,32,32,32,18,17,5,0,32,0.9146,65536,3060,0.9533,38,55.0,True
resnet50,Multiply_9236,6,191,32,32,32,20,18,5,0,32,0.9072,65536,3600,0.9451,41,41.5,True
resnet50,Multiply_9236,6,192,32,32,32,20,17,5,0,32,0.9097,65536,3400,0.9481,40,41.2,True
resnet50,Multiply_9236,6,193,32,32,32,17,18,5,0,32,0.9146,65536,3060,0.9533,38,49.6,True
resnet50,Multiply_9236,6,194,32,32,32,17,17,5,0,32,0.917,65536,2890,0.9559,37,39.0,True
resnet50,Multiply_9236,6,195,32,32,32,26,18,5,0,32,0.8926,65536,4680,0.9286,47,51.2,True
resnet50,Multiply_9236,6,196,32,32,32,26,17,5,0,32,0.895,65536,4420,0.9326,46,46.3,True
resnet50,Multiply_9229,7,1,32,32,32,27,17,3,0,32,0.9355,65536,2754,0.958,45,38.8,True
resnet50,Multiply_9229,7,2,32,32,32,27,18,3,0,32,0.9341,65536,2916,0.9555,46,38.3,True
resnet50,Multiply_9229,7,3,32,32,32,30,17,3,0,32,0.9312,65536,3060,0.9533,48,38.5,True
resnet50,Multiply_9229,7,4,32,32,32,30,18,3,0,32,0.9297,65536,3240,0.9506,49,44.0,True
resnet50,Multiply_9229,7,5,32,32,32,28,17,3,0,32,0.9341,65536,2856,0.9564,46,151.4,True
resnet50,Multiply_9229,7,6,32,32,32,28,18,3,0,32,0.9326,65536,3024,0.9539,47,40.5,True
resnet50,Multiply_9229,7,7,32,32,32,31,17,3,0,32,0.9297,65536,3162,0.9518,49,39.6,True
resnet50,Multiply_9229,7,8,32,32,32,31,18,3,0,32,0.9282,65536,3348,0.9489,50,39.9,True
resnet50,Multiply_9229,7,9,32,32,32,26,17,3,0,32,0.937,65536,2652,0.9595,44,38.0,True
resnet50,Multiply_9229,7,10,32,32,32,26,18,3,0,32,0.9355,65536,2808,0.9572,45,42.6,True
resnet50,Multiply_9229,7,11,32,32,32,32,17,3,0,32,0.9282,65536,3264,0.9502,50,47.2,True
resnet50,Multiply_9229,7,12,32,32,32,32,18,3,0,32,0.9268,65536,3456,0.9473,51,39.9,True
resnet50,Multiply_9229,7,13,32,32,32,29,17,3,0,32,0.9326,65536,2958,0.9549,47,38.0,True
resnet50,Multiply_9229,7,14,32,32,32,29,18,3,0,32,0.9312,65536,3132,0.9522,48,38.7,True
resnet50,Multiply_9229,7,15,32,32,32,32,17,3,0,32,0.9282,65536,3264,0.9502,50,48.2,True
resnet50,Multiply_9229,7,16,32,32,32,32,18,3,0,32,0.9268,65536,3456,0.9473,51,42.2,True
resnet50,Multiply_9229,7,17,32,32,32,31,17,3,0,32,0.9297,65536,3162,0.9518,49,38.0,True
resnet50,Multiply_9229,7,18,32,32,32,31,18,3,0,32,0.9282,65536,3348,0.9489,50,39.6,True
resnet50,Multiply_9229,7,19,32,32,32,29,17,3,0,32,0.9326,65536,2958,0.9549,47,47.6,True
resnet50,Multiply_9229,7,20,32,32,32,29,18,3,0,32,0.9312,65536,3132,0.9522,48,45.8,True
resnet50,Multiply_9229,7,21,32,32,32,30,17,3,0,32,0.9312,65536,3060,0.9533,48,42.7,True
resnet50,Multiply_9229,7,22,32,32,32,30,18,3,0,32,0.9297,65536,3240,0.9506,49,38.8,True
resnet50,Multiply_9229,7,23,32,32,32,22,17,2,0,32,0.9619,65536,1496,0.9772,39,48.7,True
resnet50,Multiply_9229,7,24,32,32,32,22,18,2,0,32,0.9609,65536,1584,0.9758,40,39.3,True
resnet50,Multiply_9229,7,25,32,32,32,27,17,5,0,32,0.8926,65536,4590,0.93,47,47.2,True
resnet50,Multiply_9229,7,26,32,32,32,27,18,5,0,32,0.8901,65536,4860,0.9258,48,38.6,True
resnet50,Multiply_9229,7,27,32,32,32,29,17,4,0,32,0.9102,65536,3944,0.9398,48,38.0,True
resnet50,Multiply_9229,7,28,32,32,32,29,18,4,0,32,0.9082,65536,4176,0.9363,49,39.2,True
resnet50,Multiply_9229,7,29,32,32,32,24,17,4,0,32,0.9199,65536,3264,0.9502,43,47.9,True
resnet50,Multiply_9229,7,30,32,32,32,24,18,4,0,32,0.918,65536,3456,0.9473,44,86.0,True
resnet50,Multiply_9229,7,31,32,32,32,27,17,5,0,32,0.8926,65536,4590,0.93,47,39.4,True
resnet50,Multiply_9229,7,32,32,32,32,27,18,5,0,32,0.8901,65536,4860,0.9258,48,67.6,True
resnet50,Multiply_9229,7,33,32,32,32,23,17,3,0,32,0.9414,65536,2346,0.9642,41,40.9,True
resnet50,Multiply_9229,7,34,32,32,32,23,18,3,0,32,0.9399,65536,2484,0.9621,42,51.1,True
resnet50,Multiply_9229,7,35,32,32,32,30,17,4,0,32,0.9082,65536,4080,0.9377,49,43.1,True
resnet50,Multiply_9229,7,36,32,32,32,30,18,4,0,32,0.9062,65536,4320,0.9341,50,48.2,True
resnet50,Multiply_9229,7,37,32,32,32,27,17,2,0,32,0.957,65536,1836,0.972,44,221.0,True
resnet50,Multiply_9229,7,38,32,32,32,27,18,2,0,32,0.9561,65536,1944,0.9703,45,148.5,True
resnet50,Multiply_9229,7,39,32,32,32,32,17,4,0,32,0.9043,65536,4352,0.9336,51,42.1,True
resnet50,Multiply_9229,7,40,32,32,32,32,18,4,0,32,0.9023,65536,4608,0.9297,52,38.8,True
resnet50,Multiply_9229,7,41,32,32,32,29,17,4,0,32,0.9102,65536,3944,0.9398,48,46.7,True
resnet50,Multiply_9229,7,42,32,32,32,29,18,4,0,32,0.9082,65536,4176,0.9363,49,174.8,True
resnet50,Multiply_9229,7,43,32,32,32,31,17,4,0,32,0.9062,65536,4216,0.9357,50,44.6,True
resnet50,Multiply_9229,7,44,32,32,32,31,18,4,0,32,0.9043,65536,4464,0.9319,51,53.7,True
resnet50,Multiply_9229,7,45,32,32,32,25,17,5,0,32,0.8975,65536,4250,0.9352,45,87.5,True
resnet50,Multiply_9229,7,46,32,32,32,25,18,5,0,32,0.895,65536,4500,0.9313,46,163.4,True
resnet50,Multiply_9229,7,47,32,32,32,31,17,2,0,32,0.9531,65536,2108,0.9678,48,71.4,True
resnet50,Multiply_9229,7,48,32,32,32,31,18,2,0,32,0.9521,65536,2232,0.9659,49,106.0,True
resnet50,Multiply_9229,7,49,32,32,32,18,17,6,0,32,0.8975,65536,3672,0.944,39,75.1,True
resnet50,Multiply_9229,7,50,32,32,32,18,18,6,0,32,0.8945,65536,3888,0.9407,40,38.2,True
resnet50,Multiply_9229,7,51,32,32,32,29,17,4,0,32,0.9102,65536,3944,0.9398,48,46.1,True
resnet50,Multiply_9229,7,52,32,32,32,29,18,4,0,32,0.9082,65536,4176,0.9363,49,76.3,True
resnet50,Multiply_9229,7,53,32,32,32,28,17,5,0,32,0.8901,65536,4760,0.9274,48,53.6,True
resnet50,Multiply_9229,7,54,32,32,32,28,18,5,0,32,0.8877,65536,5040,0.9231,49,63.7,True
resnet50,Multiply_9229,7,55,32,32,32,27,17,3,0,32,0.9355,65536,2754,0.958,45,195.1,True
resnet50,Multiply_9229,7,56,32,32,32,27,18,3,0,32,0.9341,65536,2916,0.9555,46,83.5,True
resnet50,Multiply_9229,7,57,32,32,32,24,17,6,0,32,0.8799,65536,4896,0.9253,45,53.2,True
resnet50,Multiply_9229,7,58,32,32,32,24,18,6,0,32,0.877,65536,5184,0.9209,46,217.2,True
resnet50,Multiply_9229,7,59,32,32,32,27,17,6,0,32,0.8711,65536,5508,0.916,48,64.7,True
resnet50,Multiply_9229,7,60,32,32,32,27,18,6,0,32,0.8682,65536,5832,0.911,49,193.8,True
resnet50,Multiply_9229,7,61,32,32,32,29,17,6,0,32,0.8652,65536,5916,0.9097,50,224.2,True
resnet50,Multiply_9229,7,62,32,32,32,29,18,6,0,32,0.8623,65536,6264,0.9044,51,196.7,True
resnet50,Multiply_9229,7,63,32,32,32,26,17,6,0,32,0.874,65536,5304,0.9191,47,173.7,True
resnet50,Multiply_9229,7,64,32,32,32,26,18,6,0,32,0.8711,65536,5616,0.9143,48,38.3,True
resnet50,Multiply_9229,7,65,32,32,32,29,17,4,0,32,0.9102,65536,3944,0.9398,48,46.3,True
resnet50,Multiply_9229,7,66,32,32,32,29,18,4,0,32,0.9082,65536,4176,0.9363,49,38.3,True
resnet50,Multiply_9229,7,67,32,32,32,23,17,5,0,32,0.9023,65536,3910,0.9403,43,172.9,True
resnet50,Multiply_9229,7,68,32,32,32,23,18,5,0,32,0.8999,65536,4140,0.9368,44,81.4,True
resnet50,Multiply_9229,7,69,32,32,32,32,17,5,0,32,0.8804,65536,5440,0.917,52,37.4,True
resnet50,Multiply_9229,7,70,32,32,32,32,18,5,0,32,0.8779,65536,5760,0.9121,53,156.4,True
resnet50,Multiply_9229,7,71,32,32,32,27,17,3,0,32,0.9355,65536,2754,0.958,45,68.3,True
resnet50,Multiply_9229,7,72,32,32,32,27,18,3,0,32,0.9341,65536,2916,0.9555,46,203.3,True
resnet50,Multiply_9229,7,73,32,32,32,27,17,5,0,32,0.8926,65536,4590,0.93,47,174.6,True
resnet50,Multiply_9229,7,74,32,32,32,27,18,5,0,32,0.8901,65536,4860,0.9258,48,63.0,True
resnet50,Multiply_9229,7,75,32,32,32,31,17,5,0,32,0.8828,65536,5270,0.9196,51,48.5,True
resnet50,Multiply_9229,7,76,32,32,32,31,18,5,0,32,0.8804,65536,5580,0.9149,52,60.3,True
resnet50,Multiply_9229,7,77,32,32,32,26,17,4,0,32,0.916,65536,3536,0.946,45,70.6,True
resnet50,Multiply_9229,7,78,32,32,32,26,18,4,0,32,0.9141,65536,3744,0.9429,46,48.4,True
resnet50,Multiply_9229,7,79,32,32,32,29,17,6,0,32,0.8652,65536,5916,0.9097,50,62.1,True
resnet50,Multiply_9229,7,80,32,32,32,29,18,6,0,32,0.8623,65536,6264,0.9044,51,48.1,True
resnet50,Multiply_9229,7,81,32,32,32,24,17,4,0,32,0.9199,65536,3264,0.9502,43,44.7,True
resnet50,Multiply_9229,7,82,32,32,32,24,18,4,0,32,0.918,65536,3456,0.9473,44,49.6,True
resnet50,Multiply_9229,7,83,32,32,32,28,17,4,0,32,0.9121,65536,3808,0.9419,47,46.9,True
resnet50,Multiply_9229,7,84,32,32,32,28,18,4,0,32,0.9102,65536,4032,0.9385,48,48.1,True
resnet50,Multiply_9229,7,85,32,32,32,25,17,6,0,32,0.877,65536,5100,0.9222,46,76.9,True
resnet50,Multiply_9229,7,86,32,32,32,25,18,6,0,32,0.874,65536,5400,0.9176,47,179.2,True
resnet50,Multiply_9229,7,87,32,32,32,29,17,7,0,32,0.8428,65536,6902,0.8947,51,131.0,True
resnet50,Multiply_9229,7,88,32,32,32,29,18,7,0,32,0.8394,65536,7308,0.8885,52,46.1,True
resnet50,Multiply_9229,7,89,32,32,32,28,17,5,0,32,0.8901,65536,4760,0.9274,48,43.7,True
resnet50,Multiply_9229,7,90,32,32,32,28,18,5,0,32,0.8877,65536,5040,0.9231,49,48.5,True
resnet50,Multiply_9229,7,91,32,32,32,32,17,6,0,32,0.8564,65536,6528,0.9004,53,138.5,True
resnet50,Multiply_9229,7,92,32,32,32,32,18,6,0,32,0.8535,65536,6912,0.8945,54,48.5,True
resnet50,Multiply_9229,7,93,32,32,32,26,17,4,0,32,0.916,65536,3536,0.946,45,44.4,True
resnet50,Multiply_9229,7,94,32,32,32,26,18,4,0,32,0.9141,65536,3744,0.9429,46,49.3,True
resnet50,Multiply_9229,7,95,32,32,32,26,17,8,0,32,0.832,65536,7072,0.8921,49,160.0,True
resnet50,Multiply_9229,7,96,32,32,32,26,18,8,0,32,0.8281,65536,7488,0.8857,50,39.7,True
resnet50,Multiply_9229,7,97,32,32,32,27,17,2,0,32,0.957,65536,1836,0.972,44,194.5,True
resnet50,Multiply_9229,7,98,32,32,32,27,18,2,0,32,0.9561,65536,1944,0.9703,45,181.5,True
resnet50,Multiply_9229,7,99,32,32,32,30,17,8,0,32,0.8164,65536,8160,0.8755,53,48.4,True
resnet50,Multiply_9229,7,100,32,32,32,30,18,8,0,32,0.8125,65536,8640,0.8682,54,51.3,True
resnet50,Multiply_9229,7,101,32,32,32,28,17,7,0,32,0.8462,65536,6664,0.8983,50,69.3,True
resnet50,Multiply_9229,7,102,32,32,32,28,18,7,0,32,0.8428,65536,7056,0.8923,51,39.3,True
resnet50,Multiply_9229,7,103,32,32,32,27,17,3,0,32,0.9355,65536,2754,0.958,45,47.2,True
resnet50,Multiply_9229,7,104,32,32,32,27,18,3,0,32,0.9341,65536,2916,0.9555,46,71.7,True
resnet50,Multiply_9229,7,105,32,32,32,28,17,8,0,32,0.8242,65536,7616,0.8838,51,160.1,True
resnet50,Multiply_9229,7,106,32,32,32,28,18,8,0,32,0.8203,65536,8064,0.877,52,45.1,True
resnet50,Multiply_9229,7,107,32,32,32,30,17,2,0,32,0.9541,65536,2040,0.9689,47,50.9,True
resnet50,Multiply_9229,7,108,32,32,32,30,18,2,0,32,0.9531,65536,2160,0.967,48,48.6,True
resnet50,Multiply_9229,7,109,32,32,32,32,17,8,0,32,0.8086,65536,8704,0.8672,55,83.8,True
resnet50,Multiply_9229,7,110,32,32,32,32,18,8,0,32,0.8047,65536,9216,0.8594,56,58.3,True
resnet50,Multiply_9229,7,111,32,32,32,31,17,3,0,32,0.9297,65536,3162,0.9518,49,44.4,True
resnet50,Multiply_9229,7,112,32,32,32,31,18,3,0,32,0.9282,65536,3348,0.9489,50,39.9,True
resnet50,Multiply_9229,7,113,32,32,32,31,17,8,0,32,0.8125,65536,8432,0.8713,54,174.5,True
resnet50,Multiply_9229,7,114,32,32,32,31,18,8,0,32,0.8086,65536,8928,0.8638,55,55.1,True
resnet50,Multiply_9229,7,115,32,32,32,28,17,9,0,32,0.8022,65536,8568,0.8693,52,75.9,True
resnet50,Multiply_9229,7,116,32,32,32,28,18,9,0,32,0.7979,65536,9072,0.8616,53,146.7,True
resnet50,Multiply_9229,7,117,32,32,32,26,17,5,0,32,0.895,65536,4420,0.9326,46,141.0,True
resnet50,Multiply_9229,7,119,32,32,32,28,17,7,0,32,0.8462,65536,6664,0.8983,50,293.6,True
resnet50,Multiply_9229,7,120,32,32,32,28,18,7,0,32,0.8428,65536,7056,0.8923,51,38.8,True
resnet50,Multiply_9229,7,121,32,32,32,25,17,5,0,32,0.8975,65536,4250,0.9352,45,44.1,True
resnet50,Multiply_9229,7,122,32,32,32,25,18,5,0,32,0.895,65536,4500,0.9313,46,39.2,True
resnet50,Multiply_9229,7,123,32,32,32,27,17,7,0,32,0.8496,65536,6426,0.9019,49,40.5,True
resnet50,Multiply_9229,7,124,32,32,32,27,18,7,0,32,0.8462,65536,6804,0.8962,50,73.5,True
resnet50,Multiply_9229,7,125,32,32,32,24,17,3,0,32,0.9399,65536,2448,0.9626,42,38.2,True
resnet50,Multiply_9229,7,126,32,32,32,24,18,3,0,32,0.9385,65536,2592,0.9604,43,39.4,True
resnet50,Multiply_9229,7,127,32,32,32,32,17,7,0,32,0.8325,65536,7616,0.8838,54,40.9,True
resnet50,Multiply_9229,7,128,32,32,32,32,18,7,0,32,0.8291,65536,8064,0.877,55,40.0,True
resnet50,Multiply_9229,7,129,32,32,32,29,17,7,0,32,0.8428,65536,6902,0.8947,51,40.0,True
resnet50,Multiply_9229,7,130,32,32,32,29,18,7,0,32,0.8394,65536,7308,0.8885,52,38.4,True
resnet50,Multiply_9229,7,131,32,32,32,30,17,4,0,32,0.9082,65536,4080,0.9377,49,37.9,True
resnet50,Multiply_9229,7,132,32,32,32,30,18,4,0,32,0.9062,65536,4320,0.9341,50,40.0,True
resnet50,Multiply_9229,7,133,32,32,32,29,17,7,0,32,0.8428,65536,6902,0.8947,51,46.3,True
resnet50,Multiply_9229,7,134,32,32,32,29,18,7,0,32,0.8394,65536,7308,0.8885,52,52.0,True
resnet50,Multiply_9229,7,135,32,32,32,25,17,2,0,32,0.959,65536,1700,0.9741,42,70.6,True
resnet50,Multiply_9229,7,136,32,32,32,25,18,2,0,32,0.958,65536,1800,0.9725,43,40.3,True
resnet50,Multiply_9229,7,137,32,32,32,29,17,7,0,32,0.8428,65536,6902,0.8947,51,56.1,True
resnet50,Multiply_9229,7,138,32,32,32,29,18,7,0,32,0.8394,65536,7308,0.8885,52,38.8,True
resnet50,Multiply_9229,7,139,32,32,32,24,17,2,0,32,0.96,65536,1632,0.9751,41,41.0,True
resnet50,Multiply_9229,7,140,32,32,32,24,18,2,0,32,0.959,65536,1728,0.9736,42,45.7,True
resnet50,Multiply_9229,7,141,32,32,32,31,17,6,0,32,0.8594,65536,6324,0.9035,52,39.2,True
resnet50,Multiply_9229,7,142,32,32,32,31,18,6,0,32,0.8564,65536,6696,0.8978,53,44.5,True
resnet50,Multiply_9229,7,143,32,32,32,27,17,6,0,32,0.8711,65536,5508,0.916,48,48.1,True
resnet50,Multiply_9229,7,144,32,32,32,27,18,6,0,32,0.8682,65536,5832,0.911,49,66.5,True
resnet50,Multiply_9229,7,145,32,32,32,30,17,2,0,32,0.9541,65536,2040,0.9689,47,172.7,True
resnet50,Multiply_9229,7,146,32,32,32,30,18,2,0,32,0.9531,65536,2160,0.967,48,39.5,True
resnet50,Multiply_9229,7,147,32,32,32,21,17,6,0,32,0.8887,65536,4284,0.9346,42,48.2,True
resnet50,Multiply_9229,7,148,32,32,32,21,18,6,0,32,0.8857,65536,4536,0.9308,43,81.8,True
resnet50,Multiply_9229,7,149,32,32,32,31,17,2,0,32,0.9531,65536,2108,0.9678,48,43.3,True
resnet50,Multiply_9229,7,150,32,32,32,31,18,2,0,32,0.9521,65536,2232,0.9659,49,58.0,True
resnet50,Multiply_9229,7,151,32,32,32,22,17,7,0,32,0.8667,65536,5236,0.9201,44,39.1,True
resnet50,Multiply_9229,7,152,32,32,32,22,18,7,0,32,0.8633,65536,5544,0.9154,45,38.7,True
resnet50,Multiply_9229,7,153,32,32,32,31,17,3,0,32,0.9297,65536,3162,0.9518,49,41.2,True
resnet50,Multiply_9229,7,154,32,32,32,31,18,3,0,32,0.9282,65536,3348,0.9489,50,39.2,True
resnet50,Multiply_9229,7,155,32,32,32,32,17,7,0,32,0.8325,65536,7616,0.8838,54,39.7,True
resnet50,Multiply_9229,7,156,32,32,32,32,18,7,0,32,0.8291,65536,8064,0.877,55,39.0,True
resnet50,Multiply_9229,7,157,32,32,32,32,17,7,0,32,0.8325,65536,7616,0.8838,54,42.6,True
resnet50,Multiply_9229,7,158,32,32,32,32,18,7,0,32,0.8291,65536,8064,0.877,55,39.5,True
resnet50,Multiply_9229,7,159,32,32,32,31,17,3,0,32,0.9297,65536,3162,0.9518,49,38.6,True
resnet50,Multiply_9229,7,160,32,32,32,31,18,3,0,32,0.9282,65536,3348,0.9489,50,53.5,True
resnet50,Multiply_9229,7,161,32,32,32,32,17,7,0,32,0.8325,65536,7616,0.8838,54,83.1,True
resnet50,Multiply_9229,7,162,32,32,32,32,18,7,0,32,0.8291,65536,8064,0.877,55,45.1,True
resnet50,Multiply_9229,7,163,32,32,32,32,17,2,0,32,0.9521,65536,2176,0.9668,49,130.4,True
resnet50,Multiply_9229,7,164,32,32,32,32,18,2,0,32,0.9512,65536,2304,0.9648,50,40.3,True
resnet50,Multiply_9229,7,165,32,32,32,31,17,7,0,32,0.8359,65536,7378,0.8874,53,43.2,True
resnet50,Multiply_9229,7,166,32,32,32,31,18,7,0,32,0.8325,65536,7812,0.8808,54,39.4,True
resnet50,Multiply_9229,7,167,32,32,32,32,17,3,0,32,0.9282,65536,3264,0.9502,50,47.9,True
resnet50,Multiply_9229,7,168,32,32,32,32,18,3,0,32,0.9268,65536,3456,0.9473,51,40.0,True
resnet50,Multiply_9229,7,169,32,32,32,29,17,7,0,32,0.8428,65536,6902,0.8947,51,71.1,True
resnet50,Multiply_9229,7,170,32,32,32,29,18,7,0,32,0.8394,65536,7308,0.8885,52,40.8,True
resnet50,Multiply_9229,7,171,32,32,32,32,17,7,0,32,0.8325,65536,7616,0.8838,54,38.2,True
resnet50,Multiply_9229,7,172,32,32,32,32,18,7,0,32,0.8291,65536,8064,0.877,55,119.8,True
resnet50,Multiply_9229,7,173,32,32,32,31,17,2,0,32,0.9531,65536,2108,0.9678,48,37.7,True
resnet50,Multiply_9229,7,174,32,32,32,31,18,2,0,32,0.9521,65536,2232,0.9659,49,179.5,True
resnet50,Multiply_9229,7,175,32,32,32,28,17,7,0,32,0.8462,65536,6664,0.8983,50,48.0,True
resnet50,Multiply_9229,7,176,32,32,32,28,18,7,0,32,0.8428,65536,7056,0.8923,51,39.1,True
resnet50,Multiply_9229,7,177,32,32,32,32,17,2,0,32,0.9521,65536,2176,0.9668,49,37.0,True
resnet50,Multiply_9229,7,178,32,32,32,32,18,2,0,32,0.9512,65536,2304,0.9648,50,39.1,True
resnet50,Multiply_9229,7,179,32,32,32,32,17,7,0,32,0.8325,65536,7616,0.8838,54,42.0,True
resnet50,Multiply_9229,7,180,32,32,32,32,18,7,0,32,0.8291,65536,8064,0.877,55,40.6,True
resnet50,Multiply_9229,7,181,32,32,32,32,17,2,0,32,0.9521,65536,2176,0.9668,49,47.0,True
resnet50,Multiply_9229,7,182,32,32,32,32,18,2,0,32,0.9512,65536,2304,0.9648,50,38.3,True
resnet50,Multiply_9229,7,183,32,32,32,32,17,6,0,32,0.8564,65536,6528,0.9004,53,42.4,True
resnet50,Multiply_9229,7,184,32,32,32,32,18,6,0,32,0.8535,65536,6912,0.8945,54,40.1,True
resnet50,Multiply_9229,7,185,32,32,32,32,17,5,0,32,0.8804,65536,5440,0.917,52,38.2,True
resnet50,Multiply_9229,7,186,32,32,32,32,18,5,0,32,0.8779,65536,5760,0.9121,53,38.9,True
resnet50,Multiply_9229,7,187,32,32,32,32,17,2,0,32,0.9521,65536,2176,0.9668,49,39.2,True
resnet50,Multiply_9229,7,188,32,32,32,32,18,2,0,32,0.9512,65536,2304,0.9648,50,38.7,True
resnet50,Multiply_9229,7,189,32,32,32,30,17,4,0,32,0.9082,65536,4080,0.9377,49,37.8,True
resnet50,Multiply_9229,7,190,32,32,32,30,18,4,0,32,0.9062,65536,4320,0.9341,50,39.0,True
resnet50,Multiply_9229,7,191,32,32,32,32,17,2,0,32,0.9521,65536,2176,0.9668,49,63.8,True
resnet50,Multiply_9229,7,192,32,32,32,32,18,2,0,32,0.9512,65536,2304,0.9648,50,39.1,True
resnet50,Multiply_9229,7,193,32,32,32,30,17,4,0,32,0.9082,65536,4080,0.9377,49,44.0,True
resnet50,Multiply_9229,7,194,32,32,32,30,18,4,0,32,0.9062,65536,4320,0.9341,50,38.3,True
resnet50,Multiply_9229,7,195,32,32,32,32,17,2,0,32,0.9521,65536,2176,0.9668,49,37.9,True
resnet50,Multiply_9229,7,196,32,32,32,32,18,2,0,32,0.9512,65536,2304,0.9648,50,38.8,True
resnet50,Multiply_9271,8,1,32,32,32,32,13,9,0,32,0.8022,65536,7488,0.8857,52,42.8,True
resnet50,Multiply_9271,8,2,32,32,32,32,18,9,0,32,0.7803,65536,10368,0.8418,57,39.2,True
resnet50,Multiply_9271,8,3,32,32,32,32,17,9,0,32,0.7847,65536,9792,0.8506,56,62.1,True
resnet50,Multiply_9271,8,4,32,32,32,32,20,9,0,32,0.7715,65536,11520,0.8242,59,127.6,True
resnet50,Multiply_9271,8,5,32,32,32,32,24,9,0,32,0.7539,65536,13824,0.7891,63,38.6,True
resnet50,Multiply_9271,8,6,32,32,32,32,15,9,0,32,0.7935,65536,8640,0.8682,54,38.1,True
resnet50,Multiply_9271,8,7,32,32,32,32,17,9,0,32,0.7847,65536,9792,0.8506,56,37.5,True
resnet50,Multiply_9271,8,8,32,32,32,32,17,9,0,32,0.7847,65536,9792,0.8506,56,38.4,True
resnet50,Multiply_9271,8,9,32,32,32,32,13,10,0,32,0.7803,65536,8320,0.873,53,47.8,True
resnet50,Multiply_9271,8,10,32,32,32,32,18,10,0,32,0.7559,65536,11520,0.8242,58,196.3,True
resnet50,Multiply_9271,8,11,32,32,32,32,17,10,0,32,0.7607,65536,10880,0.834,57,38.5,True
resnet50,Multiply_9271,8,12,32,32,32,32,20,10,0,32,0.7461,65536,12800,0.8047,60,45.4,True
resnet50,Multiply_9271,8,13,32,32,32,32,24,10,0,32,0.7266,65536,15360,0.7656,64,54.4,True
resnet50,Multiply_9271,8,14,32,32,32,32,15,10,0,32,0.7705,65536,9600,0.8535,55,41.3,True
resnet50,Multiply_9271,8,15,32,32,32,32,17,10,0,32,0.7607,65536,10880,0.834,57,39.1,True
resnet50,Multiply_9271,8,16,32,32,32,32,17,10,0,32,0.7607,65536,10880,0.834,57,99.3,True
resnet50,Multiply_9271,8,17,32,32,32,32,13,10,0,32,0.7803,65536,8320,0.873,53,41.6,True
resnet50,Multiply_9271,8,18,32,32,32,32,18,10,0,32,0.7559,65536,11520,0.8242,58,40.2,True
resnet50,Multiply_9271,8,19,32,32,32,32,17,10,0,32,0.7607,65536,10880,0.834,57,38.4,True
resnet50,Multiply_9271,8,20,32,32,32,32,20,10,0,32,0.7461,65536,12800,0.8047,60,61.7,True
resnet50,Multiply_9271,8,21,32,32,32,32,24,10,0,32,0.7266,65536,15360,0.7656,64,41.1,True
resnet50,Multiply_9271,8,22,32,32,32,32,15,10,0,32,0.7705,65536,9600,0.8535,55,40.0,True
resnet50,Multiply_9271,8,23,32,32,32,32,17,10,0,32,0.7607,65536,10880,0.834,57,39.5,True
resnet50,Multiply_9271,8,24,32,32,32,32,17,10,0,32,0.7607,65536,10880,0.834,57,119.2,True
resnet50,Multiply_9271,8,25,32,32,32,32,13,11,0,32,0.7583,65536,9152,0.8604,54,48.3,True
resnet50,Multiply_9271,8,26,32,32,32,32,18,11,0,32,0.7314,65536,12672,0.8066,59,42.4,True
resnet50,Multiply_9271,8,27,32,32,32,32,17,11,0,32,0.7368,65536,11968,0.8174,58,39.1,True
resnet50,Multiply_9271,8,28,32,32,32,32,20,11,0,32,0.7207,65536,14080,0.7852,61,42.8,True
resnet50,Multiply_9271,8,29,32,32,32,32,24,11,0,32,0.6992,65536,16896,0.7422,65,36.9,True
resnet50,Multiply_9271,8,30,32,32,32,32,15,11,0,32,0.7476,65536,10560,0.8389,56,62.1,True
resnet50,Multiply_9271,8,31,32,32,32,32,17,11,0,32,0.7368,65536,11968,0.8174,58,52.8,True
resnet50,Multiply_9271,8,32,32,32,32,32,17,11,0,32,0.7368,65536,11968,0.8174,58,38.7,True
resnet50,Multiply_9271,8,33,32,32,32,32,13,8,0,32,0.8242,65536,6656,0.8984,51,39.2,True
resnet50,Multiply_9271,8,34,32,32,32,32,18,8,0,32,0.8047,65536,9216,0.8594,56,39.4,True
resnet50,Multiply_9271,8,35,32,32,32,32,17,8,0,32,0.8086,65536,8704,0.8672,55,38.2,True
resnet50,Multiply_9271,8,36,32,32,32,32,20,8,0,32,0.7969,65536,10240,0.8438,58,51.9,True
resnet50,Multiply_9271,8,37,32,32,32,32,24,8,0,32,0.7812,65536,12288,0.8125,62,175.4,True
resnet50,Multiply_9271,8,38,32,32,32,32,15,8,0,32,0.8164,65536,7680,0.8828,53,39.7,True
resnet50,Multiply_9271,8,39,32,32,32,32,17,8,0,32,0.8086,65536,8704,0.8672,55,38.5,True
resnet50,Multiply_9271,8,40,32,32,32,32,17,8,0,32,0.8086,65536,8704,0.8672,55,38.9,True
resnet50,Multiply_9271,8,41,32,32,32,32,13,11,0,32,0.7583,65536,9152,0.8604,54,39.0,True
resnet50,Multiply_9271,8,42,32,32,32,32,18,11,0,32,0.7314,65536,12672,0.8066,59,89.5,True
resnet50,Multiply_9271,8,43,32,32,32,32,17,11,0,32,0.7368,65536,11968,0.8174,58,159.3,True
resnet50,Multiply_9271,8,44,32,32,32,32,20,11,0,32,0.7207,65536,14080,0.7852,61,119.2,True
resnet50,Multiply_9271,8,45,32,32,32,32,24,11,0,32,0.6992,65536,16896,0.7422,65,75.0,True
resnet50,Multiply_9271,8,46,32,32,32,32,15,11,0,32,0.7476,65536,10560,0.8389,56,65.1,True
resnet50,Multiply_9271,8,47,32,32,32,32,17,11,0,32,0.7368,65536,11968,0.8174,58,37.9,True
resnet50,Multiply_9271,8,48,32,32,32,32,17,11,0,32,0.7368,65536,11968,0.8174,58,63.2,True
resnet50,Multiply_9271,8,49,32,32,32,32,13,10,0,32,0.7803,65536,8320,0.873,53,176.1,True
resnet50,Multiply_9271,8,50,32,32,32,32,18,10,0,32,0.7559,65536,11520,0.8242,58,38.7,True
resnet50,Multiply_9271,8,51,32,32,32,32,17,10,0,32,0.7607,65536,10880,0.834,57,40.6,True
resnet50,Multiply_9271,8,52,32,32,32,32,20,10,0,32,0.7461,65536,12800,0.8047,60,39.1,True
resnet50,Multiply_9271,8,53,32,32,32,32,24,10,0,32,0.7266,65536,15360,0.7656,64,81.7,True
resnet50,Multiply_9271,8,54,32,32,32,32,15,10,0,32,0.7705,65536,9600,0.8535,55,138.0,True
resnet50,Multiply_9271,8,55,32,32,32,32,17,10,0,32,0.7607,65536,10880,0.834,57,37.6,True
resnet50,Multiply_9271,8,56,32,32,32,32,17,10,0,32,0.7607,65536,10880,0.834,57,176.7,True
resnet50,Multiply_9271,8,57,32,32,32,32,13,9,0,32,0.8022,65536,7488,0.8857,52,37.7,True
resnet50,Multiply_9271,8,58,32,32,32,32,18,9,0,32,0.7803,65536,10368,0.8418,57,198.6,True
resnet50,Multiply_9271,8,59,32,32,32,32,17,9,0,32,0.7847,65536,9792,0.8506,56,39.5,True
resnet50,Multiply_9271,8,60,32,32,32,32,20,9,0,32,0.7715,65536,11520,0.8242,59,198.0,True
resnet50,Multiply_9271,8,61,32,32,32,32,24,9,0,32,0.7539,65536,13824,0.7891,63,38.6,True
resnet50,Multiply_9271,8,62,32,32,32,32,15,9,0,32,0.7935,65536,8640,0.8682,54,38.5,True
resnet50,Multiply_9271,8,64,32,32,32,32,17,9,0,32,0.7847,65536,9792,0.8506,56,256.8,True
resnet50,Multiply_9271,8,65,32,32,32,32,13,11,0,32,0.7583,65536,9152,0.8604,54,60.1,True
resnet50,Multiply_9271,8,66,32,32,32,32,18,11,0,32,0.7314,65536,12672,0.8066,59,38.9,True
resnet50,Multiply_9271,8,67,32,32,32,32,17,11,0,32,0.7368,65536,11968,0.8174,58,45.1,True
resnet50,Multiply_9271,8,68,32,32,32,32,20,11,0,32,0.7207,65536,14080,0.7852,61,38.7,True
resnet50,Multiply_9271,8,69,32,32,32,32,24,11,0,32,0.6992,65536,16896,0.7422,65,38.2,True
resnet50,Multiply_9271,8,70,32,32,32,32,15,11,0,32,0.7476,65536,10560,0.8389,56,48.7,True
resnet50,Multiply_9271,8,71,32,32,32,32,17,11,0,32,0.7368,65536,11968,0.8174,58,39.6,True
resnet50,Multiply_9271,8,72,32,32,32,32,17,11,0,32,0.7368,65536,11968,0.8174,58,39.3,True
resnet50,Multiply_9271,8,73,32,32,32,32,13,9,0,32,0.8022,65536,7488,0.8857,52,48.3,True
resnet50,Multiply_9271,8,74,32,32,32,32,18,9,0,32,0.7803,65536,10368,0.8418,57,38.4,True
resnet50,Multiply_9271,8,75,32,32,32,32,17,9,0,32,0.7847,65536,9792,0.8506,56,103.1,True
resnet50,Multiply_9271,8,76,32,32,32,32,20,9,0,32,0.7715,65536,11520,0.8242,59,39.3,True
resnet50,Multiply_9271,8,77,32,32,32,32,24,9,0,32,0.7539,65536,13824,0.7891,63,39.3,True
resnet50,Multiply_9271,8,78,32,32,32,32,15,9,0,32,0.7935,65536,8640,0.8682,54,38.8,True
resnet50,Multiply_9271,8,79,32,32,32,32,17,9,0,32,0.7847,65536,9792,0.8506,56,39.4,True
resnet50,Multiply_9271,8,80,32,32,32,32,17,9,0,32,0.7847,65536,9792,0.8506,56,39.2,True
resnet50,Multiply_9271,8,81,32,32,32,32,13,11,0,32,0.7583,65536,9152,0.8604,54,52.1,True
resnet50,Multiply_9271,8,82,32,32,32,32,18,11,0,32,0.7314,65536,12672,0.8066,59,39.0,True
resnet50,Multiply_9271,8,83,32,32,32,32,17,11,0,32,0.7368,65536,11968,0.8174,58,39.9,True
resnet50,Multiply_9271,8,84,32,32,32,32,20,11,0,32,0.7207,65536,14080,0.7852,61,39.5,True
resnet50,Multiply_9271,8,85,32,32,32,32,24,11,0,32,0.6992,65536,16896,0.7422,65,43.1,True
resnet50,Multiply_9271,8,86,32,32,32,32,15,11,0,32,0.7476,65536,10560,0.8389,56,39.2,True
resnet50,Multiply_9271,8,87,32,32,32,32,17,11,0,32,0.7368,65536,11968,0.8174,58,56.2,True
resnet50,Multiply_9271,8,88,32,32,32,32,17,11,0,32,0.7368,65536,11968,0.8174,58,50.4,True
resnet50,Multiply_9271,8,89,32,32,32,32,13,10,0,32,0.7803,65536,8320,0.873,53,133.7,True
resnet50,Multiply_9271,8,90,32,32,32,32,18,10,0,32,0.7559,65536,11520,0.8242,58,178.8,True
resnet50,Multiply_9271,8,91,32,32,32,32,17,10,0,32,0.7607,65536,10880,0.834,57,40.2,True
resnet50,Multiply_9271,8,92,32,32,32,32,20,10,0,32,0.7461,65536,12800,0.8047,60,161.4,True
resnet50,Multiply_9271,8,93,32,32,32,32,24,10,0,32,0.7266,65536,15360,0.7656,64,47.6,True
resnet50,Multiply_9271,8,94,32,32,32,32,15,10,0,32,0.7705,65536,9600,0.8535,55,38.5,True
resnet50,Multiply_9271,8,95,32,32,32,32,17,10,0,32,0.7607,65536,10880,0.834,57,40.8,True
resnet50,Multiply_9271,8,96,32,32,32,32,17,10,0,32,0.7607,65536,10880,0.834,57,39.2,True
resnet50,Multiply_9271,8,97,32,32,32,32,13,11,0,32,0.7583,65536,9152,0.8604,54,159.3,True
resnet50,Multiply_9271,8,98,32,32,32,32,18,11,0,32,0.7314,65536,12672,0.8066,59,52.2,True
resnet50,Multiply_9271,8,99,32,32,32,32,17,11,0,32,0.7368,65536,11968,0.8174,58,40.5,True
resnet50,Multiply_9271,8,100,32,32,32,32,20,11,0,32,0.7207,65536,14080,0.7852,61,197.7,True
resnet50,Multiply_9271,8,101,32,32,32,32,24,11,0,32,0.6992,65536,16896,0.7422,65,37.3,True
resnet50,Multiply_9271,8,102,32,32,32,32,15,11,0,32,0.7476,65536,10560,0.8389,56,62.9,True
resnet50,Multiply_9271,8,103,32,32,32,32,17,11,0,32,0.7368,65536,11968,0.8174,58,38.5,True
resnet50,Multiply_9271,8,104,32,32,32,32,17,11,0,32,0.7368,65536,11968,0.8174,58,38.0,True
resnet50,Multiply_9271,8,105,32,32,32,32,13,11,0,32,0.7583,65536,9152,0.8604,54,48.3,True
resnet50,Multiply_9271,8,106,32,32,32,32,18,11,0,32,0.7314,65536,12672,0.8066,59,45.2,True
resnet50,Multiply_9271,8,107,32,32,32,32,17,11,0,32,0.7368,65536,11968,0.8174,58,39.1,True
resnet50,Multiply_9271,8,108,32,32,32,32,20,11,0,32,0.7207,65536,14080,0.7852,61,38.9,True
resnet50,Multiply_9271,8,109,32,32,32,32,24,11,0,32,0.6992,65536,16896,0.7422,65,40.0,True
resnet50,Multiply_9271,8,110,32,32,32,32,15,11,0,32,0.7476,65536,10560,0.8389,56,38.7,True
resnet50,Multiply_9271,8,111,32,32,32,32,17,11,0,32,0.7368,65536,11968,0.8174,58,39.2,True
resnet50,Multiply_9271,8,112,32,32,32,32,17,11,0,32,0.7368,65536,11968,0.8174,58,49.0,True
resnet50,Multiply_9271,8,113,32,32,32,32,13,10,0,32,0.7803,65536,8320,0.873,53,48.7,True
resnet50,Multiply_9271,8,114,32,32,32,32,18,10,0,32,0.7559,65536,11520,0.8242,58,38.1,True
resnet50,Multiply_9271,8,115,32,32,32,32,17,10,0,32,0.7607,65536,10880,0.834,57,135.0,True
resnet50,Multiply_9271,8,116,32,32,32,32,20,10,0,32,0.7461,65536,12800,0.8047,60,39.7,True
resnet50,Multiply_9271,8,117,32,32,32,32,24,10,0,32,0.7266,65536,15360,0.7656,64,38.0,True
resnet50,Multiply_9271,8,118,32,32,32,32,15,10,0,32,0.7705,65536,9600,0.8535,55,198.9,True
resnet50,Multiply_9271,8,119,32,32,32,32,17,10,0,32,0.7607,65536,10880,0.834,57,39.0,True
resnet50,Multiply_9271,8,120,32,32,32,32,17,10,0,32,0.7607,65536,10880,0.834,57,38.4,True
resnet50,Multiply_9271,8,121,32,32,32,32,13,11,0,32,0.7583,65536,9152,0.8604,54,38.4,True
resnet50,Multiply_9271,8,122,32,32,32,32,18,11,0,32,0.7314,65536,12672,0.8066,59,148.4,True
resnet50,Multiply_9271,8,123,32,32,32,32,17,11,0,32,0.7368,65536,11968,0.8174,58,38.7,True
resnet50,Multiply_9271,8,124,32,32,32,32,20,11,0,32,0.7207,65536,14080,0.7852,61,38.5,True
resnet50,Multiply_9271,8,125,32,32,32,32,24,11,0,32,0.6992,65536,16896,0.7422,65,37.4,True
resnet50,Multiply_9271,8,126,32,32,32,32,15,11,0,32,0.7476,65536,10560,0.8389,56,137.7,True
resnet50,Multiply_9271,8,127,32,32,32,32,17,11,0,32,0.7368,65536,11968,0.8174,58,56.0,True
resnet50,Multiply_9271,8,128,32,32,32,32,17,11,0,32,0.7368,65536,11968,0.8174,58,38.9,True
resnet50,Multiply_9271,8,129,32,32,32,32,13,11,0,32,0.7583,65536,9152,0.8604,54,38.4,True
resnet50,Multiply_9271,8,130,32,32,32,32,18,11,0,32,0.7314,65536,12672,0.8066,59,40.0,True
resnet50,Multiply_9271,8,131,32,32,32,32,17,11,0,32,0.7368,65536,11968,0.8174,58,49.6,True
resnet50,Multiply_9271,8,132,32,32,32,32,20,11,0,32,0.7207,65536,14080,0.7852,61,364.1,True
resnet50,Multiply_9271,8,133,32,32,32,32,24,11,0,32,0.6992,65536,16896,0.7422,65,38.8,True
resnet50,Multiply_9271,8,134,32,32,32,32,15,11,0,32,0.7476,65536,10560,0.8389,56,38.5,True
resnet50,Multiply_9271,8,135,32,32,32,32,17,11,0,32,0.7368,65536,11968,0.8174,58,38.5,True
resnet50,Multiply_9271,8,136,32,32,32,32,17,11,0,32,0.7368,65536,11968,0.8174,58,40.0,True
resnet50,Multiply_9271,8,137,32,32,32,32,13,11,0,32,0.7583,65536,9152,0.8604,54,47.7,True
resnet50,Multiply_9271,8,138,32,32,32,32,18,11,0,32,0.7314,65536,12672,0.8066,59,38.7,True
resnet50,Multiply_9271,8,139,32,32,32,32,17,11,0,32,0.7368,65536,11968,0.8174,58,38.1,True
resnet50,Multiply_9271,8,140,32,32,32,32,20,11,0,32,0.7207,65536,14080,0.7852,61,163.6,True
resnet50,Multiply_9271,8,141,32,32,32,32,24,11,0,32,0.6992,65536,16896,0.7422,65,108.4,True
resnet50,Multiply_9271,8,142,32,32,32,32,15,11,0,32,0.7476,65536,10560,0.8389,56,42.9,True
resnet50,Multiply_9271,8,143,32,32,32,32,17,11,0,32,0.7368,65536,11968,0.8174,58,43.4,True
resnet50,Multiply_9271,8,144,32,32,32,32,17,11,0,32,0.7368,65536,11968,0.8174,58,37.4,True
resnet50,Multiply_9271,8,145,32,32,32,32,13,11,0,32,0.7583,65536,9152,0.8604,54,48.2,True
resnet50,Multiply_9271,8,146,32,32,32,32,18,11,0,32,0.7314,65536,12672,0.8066,59,38.7,True
resnet50,Multiply_9271,8,147,32,32,32,32,17,11,0,32,0.7368,65536,11968,0.8174,58,38.8,True
resnet50,Multiply_9271,8,148,32,32,32,32,20,11,0,32,0.7207,65536,14080,0.7852,61,39.7,True
resnet50,Multiply_9271,8,149,32,32,32,32,24,11,0,32,0.6992,65536,16896,0.7422,65,149.9,True
resnet50,Multiply_9271,8,150,32,32,32,32,15,11,0,32,0.7476,65536,10560,0.8389,56,58.5,True
resnet50,Multiply_9271,8,151,32,32,32,32,17,11,0,32,0.7368,65536,11968,0.8174,58,37.7,True
resnet50,Multiply_9271,8,152,32,32,32,32,17,11,0,32,0.7368,65536,11968,0.8174,58,117.0,True
resnet50,Multiply_9271,8,153,32,32,32,32,13,10,0,32,0.7803,65536,8320,0.873,53,43.2,True
resnet50,Multiply_9271,8,154,32,32,32,32,18,10,0,32,0.7559,65536,11520,0.8242,58,37.8,True
resnet50,Multiply_9271,8,155,32,32,32,32,17,10,0,32,0.7607,65536,10880,0.834,57,51.8,True
resnet50,Multiply_9271,8,156,32,32,32,32,20,10,0,32,0.7461,65536,12800,0.8047,60,40.5,True
resnet50,Multiply_9271,8,157,32,32,32,32,24,10,0,32,0.7266,65536,15360,0.7656,64,94.9,True
resnet50,Multiply_9271,8,158,32,32,32,32,15,10,0,32,0.7705,65536,9600,0.8535,55,85.5,True
resnet50,Multiply_9271,8,159,32,32,32,32,17,10,0,32,0.7607,65536,10880,0.834,57,49.3,True
resnet50,Multiply_9271,8,160,32,32,32,32,17,10,0,32,0.7607,65536,10880,0.834,57,38.0,True
resnet50,Multiply_9271,8,161,32,32,32,32,13,9,0,32,0.8022,65536,7488,0.8857,52,38.4,True
resnet50,Multiply_9271,8,162,32,32,32,32,18,9,0,32,0.7803,65536,10368,0.8418,57,38.4,True
resnet50,Multiply_9271,8,163,32,32,32,32,17,9,0,32,0.7847,65536,9792,0.8506,56,94.5,True
resnet50,Multiply_9271,8,164,32,32,32,32,20,9,0,32,0.7715,65536,11520,0.8242,59,37.8,True
resnet50,Multiply_9271,8,165,32,32,32,32,24,9,0,32,0.7539,65536,13824,0.7891,63,48.1,True
resnet50,Multiply_9271,8,166,32,32,32,32,15,9,0,32,0.7935,65536,8640,0.8682,54,38.9,True
resnet50,Multiply_9271,8,167,32,32,32,32,17,9,0,32,0.7847,65536,9792,0.8506,56,107.4,True
resnet50,Multiply_9271,8,168,32,32,32,32,17,9,0,32,0.7847,65536,9792,0.8506,56,44.5,True
resnet50,Multiply_9271,8,169,32,32,32,32,13,10,0,32,0.7803,65536,8320,0.873,53,38.0,True
resnet50,Multiply_9271,8,170,32,32,32,32,18,10,0,32,0.7559,65536,11520,0.8242,58,50.7,True
resnet50,Multiply_9271,8,171,32,32,32,32,17,10,0,32,0.7607,65536,10880,0.834,57,38.9,True
resnet50,Multiply_9271,8,172,32,32,32,32,20,10,0,32,0.7461,65536,12800,0.8047,60,99.9,True
resnet50,Multiply_9271,8,173,32,32,32,32,24,10,0,32,0.7266,65536,15360,0.7656,64,118.7,True
resnet50,Multiply_9271,8,174,32,32,32,32,15,10,0,32,0.7705,65536,9600,0.8535,55,78.6,True
resnet50,Multiply_9271,8,175,32,32,32,32,17,10,0,32,0.7607,65536,10880,0.834,57,38.3,True
resnet50,Multiply_9271,8,176,32,32,32,32,17,10,0,32,0.7607,65536,10880,0.834,57,199.1,True
resnet50,Multiply_9271,8,177,32,32,32,32,13,10,0,32,0.7803,65536,8320,0.873,53,39.1,True
resnet50,Multiply_9271,8,178,32,32,32,32,18,10,0,32,0.7559,65536,11520,0.8242,58,45.5,True
resnet50,Multiply_9271,8,179,32,32,32,32,17,10,0,32,0.7607,65536,10880,0.834,57,183.9,True
resnet50,Multiply_9271,8,180,32,32,32,32,20,10,0,32,0.7461,65536,12800,0.8047,60,56.8,True
resnet50,Multiply_9271,8,181,32,32,32,32,24,10,0,32,0.7266,65536,15360,0.7656,64,41.9,True
resnet50,Multiply_9271,8,182,32,32,32,32,15,10,0,32,0.7705,65536,9600,0.8535,55,38.8,True
resnet50,Multiply_9271,8,183,32,32,32,32,17,10,0,32,0.7607,65536,10880,0.834,57,38.1,True
resnet50,Multiply_9271,8,184,32,32,32,32,17,10,0,32,0.7607,65536,10880,0.834,57,38.4,True
resnet50,Multiply_9271,8,185,32,32,32,32,13,9,0,32,0.8022,65536,7488,0.8857,52,37.6,True
resnet50,Multiply_9271,8,186,32,32,32,32,18,9,0,32,0.7803,65536,10368,0.8418,57,38.4,True
resnet50,Multiply_9271,8,187,32,32,32,32,17,9,0,32,0.7847,65536,9792,0.8506,56,40.3,True
resnet50,Multiply_9271,8,188,32,32,32,32,20,9,0,32,0.7715,65536,11520,0.8242,59,38.4,True
resnet50,Multiply_9271,8,189,32,32,32,32,24,9,0,32,0.7539,65536,13824,0.7891,63,39.7,True
resnet50,Multiply_9271,8,190,32,32,32,32,15,9,0,32,0.7935,65536,8640,0.8682,54,40.8,True
resnet50,Multiply_9271,8,191,32,32,32,32,17,9,0,32,0.7847,65536,9792,0.8506,56,38.6,True
resnet50,Multiply_9271,8,192,32,32,32,32,17,9,0,32,0.7847,65536,9792,0.8506,56,40.1,True
resnet50,Multiply_9271,8,193,32,32,32,32,13,11,0,32,0.7583,65536,9152,0.8604,54,38.2,True
resnet50,Multiply_9271,8,194,32,32,32,32,18,11,0,32,0.7314,65536,12672,0.8066,59,38.5,True
resnet50,Multiply_9271,8,195,32,32,32,32,17,11,0,32,0.7368,65536,11968,0.8174,58,38.7,True
resnet50,Multiply_9271,8,196,32,32,32,32,20,11,0,32,0.7207,65536,14080,0.7852,61,39.3,True
resnet50,Multiply_9271,8,197,32,32,32,32,24,11,0,32,0.6992,65536,16896,0.7422,65,39.4,True
resnet50,Multiply_9271,8,198,32,32,32,32,15,11,0,32,0.7476,65536,10560,0.8389,56,66.3,True
resnet50,Multiply_9271,8,199,32,32,32,32,17,11,0,32,0.7368,65536,11968,0.8174,58,39.1,True
resnet50,Multiply_9271,8,200,32,32,32,32,17,11,0,32,0.7368,65536,11968,0.8174,58,58.1,True
resnet50,Multiply_9271,8,201,32,32,32,32,13,9,0,32,0.8022,65536,7488,0.8857,52,58.7,True
resnet50,Multiply_9271,8,202,32,32,32,32,18,9,0,32,0.7803,65536,10368,0.8418,57,38.7,True
resnet50,Multiply_9271,8,203,32,32,32,32,17,9,0,32,0.7847,65536,9792,0.8506,56,38.8,True
resnet50,Multiply_9271,8,204,32,32,32,32,20,9,0,32,0.7715,65536,11520,0.8242,59,38.7,True
resnet50,Multiply_9271,8,205,32,32,32,32,24,9,0,32,0.7539,65536,13824,0.7891,63,38.9,True
resnet50,Multiply_9271,8,206,32,32,32,32,15,9,0,32,0.7935,65536,8640,0.8682,54,56.6,True
resnet50,Multiply_9271,8,207,32,32,32,32,17,9,0,32,0.7847,65536,9792,0.8506,56,37.9,True
resnet50,Multiply_9271,8,208,32,32,32,32,17,9,0,32,0.7847,65536,9792,0.8506,56,38.4,True
resnet50,Multiply_9271,8,209,32,32,32,32,13,11,0,32,0.7583,65536,9152,0.8604,54,37.8,True
resnet50,Multiply_9271,8,210,32,32,32,32,18,11,0,32,0.7314,65536,12672,0.8066,59,179.0,True
resnet50,Multiply_9271,8,211,32,32,32,32,17,11,0,32,0.7368,65536,11968,0.8174,58,106.6,True
resnet50,Multiply_9271,8,212,32,32,32,32,20,11,0,32,0.7207,65536,14080,0.7852,61,197.8,True
resnet50,Multiply_9271,8,213,32,32,32,32,24,11,0,32,0.6992,65536,16896,0.7422,65,39.4,True
resnet50,Multiply_9271,8,214,32,32,32,32,15,11,0,32,0.7476,65536,10560,0.8389,56,39.3,True
resnet50,Multiply_9271,8,215,32,32,32,32,17,11,0,32,0.7368,65536,11968,0.8174,58,39.2,True
resnet50,Multiply_9271,8,216,32,32,32,32,17,11,0,32,0.7368,65536,11968,0.8174,58,49.6,True
resnet50,Multiply_9271,8,217,32,32,32,32,13,10,0,32,0.7803,65536,8320,0.873,53,38.0,True
resnet50,Multiply_9271,8,218,32,32,32,32,18,10,0,32,0.7559,65536,11520,0.8242,58,38.6,True
resnet50,Multiply_9271,8,219,32,32,32,32,17,10,0,32,0.7607,65536,10880,0.834,57,38.4,True
resnet50,Multiply_9271,8,220,32,32,32,32,20,10,0,32,0.7461,65536,12800,0.8047,60,38.8,True
resnet50,Multiply_9271,8,221,32,32,32,32,24,10,0,32,0.7266,65536,15360,0.7656,64,58.5,True
resnet50,Multiply_9271,8,222,32,32,32,32,15,10,0,32,0.7705,65536,9600,0.8535,55,39.4,True
resnet50,Multiply_9271,8,223,32,32,32,32,17,10,0,32,0.7607,65536,10880,0.834,57,52.6,True
resnet50,Multiply_9271,8,224,32,32,32,32,17,10,0,32,0.7607,65536,10880,0.834,57,38.8,True
resnet50,Multiply_9271,8,225,32,32,32,32,13,10,0,32,0.7803,65536,8320,0.873,53,116.5,True
resnet50,Multiply_9271,8,226,32,32,32,32,18,10,0,32,0.7559,65536,11520,0.8242,58,46.0,True
resnet50,Multiply_9271,8,227,32,32,32,32,17,10,0,32,0.7607,65536,10880,0.834,57,38.6,True
resnet50,Multiply_9271,8,228,32,32,32,32,20,10,0,32,0.7461,65536,12800,0.8047,60,38.5,True
resnet50,Multiply_9271,8,229,32,32,32,32,24,10,0,32,0.7266,65536,15360,0.7656,64,76.2,True
resnet50,Multiply_9271,8,230,32,32,32,32,15,10,0,32,0.7705,65536,9600,0.8535,55,39.0,True
resnet50,Multiply_9271,8,231,32,32,32,32,17,10,0,32,0.7607,65536,10880,0.834,57,139.3,True
resnet50,Multiply_9271,8,232,32,32,32,32,17,10,0,32,0.7607,65536,10880,0.834,57,64.1,True
resnet50,Multiply_9271,8,233,32,32,32,32,13,11,0,32,0.7583,65536,9152,0.8604,54,46.7,True
resnet50,Multiply_9271,8,234,32,32,32,32,18,11,0,32,0.7314,65536,12672,0.8066,59,39.2,True
resnet50,Multiply_9271,8,235,32,32,32,32,17,11,0,32,0.7368,65536,11968,0.8174,58,111.8,True
resnet50,Multiply_9271,8,236,32,32,32,32,20,11,0,32,0.7207,65536,14080,0.7852,61,39.5,True
resnet50,Multiply_9271,8,237,32,32,32,32,24,11,0,32,0.6992,65536,16896,0.7422,65,137.8,True
resnet50,Multiply_9271,8,238,32,32,32,32,15,11,0,32,0.7476,65536,10560,0.8389,56,56.9,True
resnet50,Multiply_9271,8,239,32,32,32,32,17,11,0,32,0.7368,65536,11968,0.8174,58,38.3,True
resnet50,Multiply_9271,8,240,32,32,32,32,17,11,0,32,0.7368,65536,11968,0.8174,58,275.8,True
resnet50,Multiply_9271,8,241,32,32,32,32,13,11,0,32,0.7583,65536,9152,0.8604,54,42.8,True
resnet50,Multiply_9271,8,242,32,32,32,32,18,11,0,32,0.7314,65536,12672,0.8066,59,69.4,True
resnet50,Multiply_9271,8,243,32,32,32,32,17,11,0,32,0.7368,65536,11968,0.8174,58,39.2,True
resnet50,Multiply_9271,8,244,32,32,32,32,20,11,0,32,0.7207,65536,14080,0.7852,61,62.7,True
resnet50,Multiply_9271,8,245,32,32,32,32,24,11,0,32,0.6992,65536,16896,0.7422,65,40.1,True
resnet50,Multiply_9271,8,246,32,32,32,32,15,11,0,32,0.7476,65536,10560,0.8389,56,38.3,True
resnet50,Multiply_9271,8,247,32,32,32,32,17,11,0,32,0.7368,65536,11968,0.8174,58,38.8,True
resnet50,Multiply_9271,8,248,32,32,32,32,17,11,0,32,0.7368,65536,11968,0.8174,58,39.6,True
resnet50,Multiply_9271,8,249,32,32,32,32,13,11,0,32,0.7583,65536,9152,0.8604,54,47.9,True
resnet50,Multiply_9271,8,250,32,32,32,32,18,11,0,32,0.7314,65536,12672,0.8066,59,39.0,True
resnet50,Multiply_9271,8,251,32,32,32,32,17,11,0,32,0.7368,65536,11968,0.8174,58,58.7,True
resnet50,Multiply_9271,8,252,32,32,32,32,20,11,0,32,0.7207,65536,14080,0.7852,61,41.5,True
resnet50,Multiply_9271,8,253,32,32,32,32,24,11,0,32,0.6992,65536,16896,0.7422,65,39.3,True
resnet50,Multiply_9271,8,254,32,32,32,32,15,11,0,32,0.7476,65536,10560,0.8389,56,50.9,True
resnet50,Multiply_9271,8,255,32,32,32,32,17,11,0,32,0.7368,65536,11968,0.8174,58,37.9,True
resnet50,Multiply_9271,8,256,32,32,32,32,17,11,0,32,0.7368,65536,11968,0.8174,58,39.1,True
resnet50,Multiply_9271,8,257,32,32,32,32,13,11,0,32,0.7583,65536,9152,0.8604,54,41.0,True
resnet50,Multiply_9271,8,258,32,32,32,32,18,11,0,32,0.7314,65536,12672,0.8066,59,38.9,True
resnet50,Multiply_9271,8,259,32,32,32,32,17,11,0,32,0.7368,65536,11968,0.8174,58,38.4,True
resnet50,Multiply_9271,8,260,32,32,32,32,20,11,0,32,0.7207,65536,14080,0.7852,61,77.7,True
resnet50,Multiply_9271,8,261,32,32,32,32,24,11,0,32,0.6992,65536,16896,0.7422,65,70.6,True
resnet50,Multiply_9271,8,262,32,32,32,32,15,11,0,32,0.7476,65536,10560,0.8389,56,40.1,True
resnet50,Multiply_9271,8,263,32,32,32,32,17,11,0,32,0.7368,65536,11968,0.8174,58,38.3,True
resnet50,Multiply_9271,8,264,32,32,32,32,17,11,0,32,0.7368,65536,11968,0.8174,58,38.4,True
resnet50,Multiply_9271,8,265,32,32,32,32,13,11,0,32,0.7583,65536,9152,0.8604,54,41.6,True
resnet50,Multiply_9271,8,266,32,32,32,32,18,11,0,32,0.7314,65536,12672,0.8066,59,151.1,True
resnet50,Multiply_9271,8,267,32,32,32,32,17,11,0,32,0.7368,65536,11968,0.8174,58,38.9,True
resnet50,Multiply_9271,8,268,32,32,32,32,20,11,0,32,0.7207,65536,14080,0.7852,61,38.3,True
resnet50,Multiply_9271,8,269,32,32,32,32,24,11,0,32,0.6992,65536,16896,0.7422,65,46.0,True
resnet50,Multiply_9271,8,270,32,32,32,32,15,11,0,32,0.7476,65536,10560,0.8389,56,38.3,True
resnet50,Multiply_9271,8,271,32,32,32,32,17,11,0,32,0.7368,65536,11968,0.8174,58,62.0,True
resnet50,Multiply_9271,8,272,32,32,32,32,17,11,0,32,0.7368,65536,11968,0.8174,58,162.5,True
resnet50,Multiply_9271,8,273,32,32,32,32,13,11,0,32,0.7583,65536,9152,0.8604,54,47.7,True
resnet50,Multiply_9271,8,274,32,32,32,32,18,11,0,32,0.7314,65536,12672,0.8066,59,178.8,True
resnet50,Multiply_9271,8,275,32,32,32,32,17,11,0,32,0.7368,65536,11968,0.8174,58,147.8,True
resnet50,Multiply_9271,8,276,32,32,32,32,20,11,0,32,0.7207,65536,14080,0.7852,61,89.4,True
resnet50,Multiply_9271,8,277,32,32,32,32,24,11,0,32,0.6992,65536,16896,0.7422,65,46.7,True
resnet50,Multiply_9271,8,278,32,32,32,32,15,11,0,32,0.7476,65536,10560,0.8389,56,48.7,True
resnet50,Multiply_9271,8,279,32,32,32,32,17,11,0,32,0.7368,65536,11968,0.8174,58,37.6,True
resnet50,Multiply_9271,8,280,32,32,32,32,17,11,0,32,0.7368,65536,11968,0.8174,58,81.6,True
resnet50,Multiply_9271,8,281,32,32,32,32,13,10,0,32,0.7803,65536,8320,0.873,53,88.2,True
resnet50,Multiply_9271,8,282,32,32,32,32,18,10,0,32,0.7559,65536,11520,0.8242,58,162.2,True
resnet50,Multiply_9271,8,283,32,32,32,32,17,10,0,32,0.7607,65536,10880,0.834,57,39.3,True
resnet50,Multiply_9271,8,284,32,32,32,32,20,10,0,32,0.7461,65536,12800,0.8047,60,38.8,True
resnet50,Multiply_9271,8,285,32,32,32,32,24,10,0,32,0.7266,65536,15360,0.7656,64,139.9,True
resnet50,Multiply_9271,8,286,32,32,32,32,15,10,0,32,0.7705,65536,9600,0.8535,55,39.3,True
resnet50,Multiply_9271,8,287,32,32,32,32,17,10,0,32,0.7607,65536,10880,0.834,57,87.0,True
resnet50,Multiply_9271,8,288,32,32,32,32,17,10,0,32,0.7607,65536,10880,0.834,57,51.7,True
resnet50,Multiply_9271,8,289,32,32,32,32,13,11,0,32,0.7583,65536,9152,0.8604,54,38.2,True
resnet50,Multiply_9271,8,290,32,32,32,32,18,11,0,32,0.7314,65536,12672,0.8066,59,137.5,True
resnet50,Multiply_9271,8,291,32,32,32,32,17,11,0,32,0.7368,65536,11968,0.8174,58,217.4,True
resnet50,Multiply_9271,8,292,32,32,32,32,20,11,0,32,0.7207,65536,14080,0.7852,61,38.8,True
resnet50,Multiply_9271,8,293,32,32,32,32,24,11,0,32,0.6992,65536,16896,0.7422,65,38.3,True
resnet50,Multiply_9271,8,294,32,32,32,32,15,11,0,32,0.7476,65536,10560,0.8389,56,38.5,True
resnet50,Multiply_9271,8,295,32,32,32,32,17,11,0,32,0.7368,65536,11968,0.8174,58,42.2,True
resnet50,Multiply_9271,8,296,32,32,32,32,17,11,0,32,0.7368,65536,11968,0.8174,58,38.9,True
resnet50,Multiply_9271,8,297,32,32,32,32,13,10,0,32,0.7803,65536,8320,0.873,53,38.2,True
resnet50,Multiply_9271,8,298,32,32,32,32,18,10,0,32,0.7559,65536,11520,0.8242,58,38.9,True
resnet50,Multiply_9271,8,299,32,32,32,32,17,10,0,32,0.7607,65536,10880,0.834,57,38.3,True
resnet50,Multiply_9271,8,300,32,32,32,32,20,10,0,32,0.7461,65536,12800,0.8047,60,122.5,True
resnet50,Multiply_9271,8,301,32,32,32,32,24,10,0,32,0.7266,65536,15360,0.7656,64,38.9,True
resnet50,Multiply_9271,8,302,32,32,32,32,15,10,0,32,0.7705,65536,9600,0.8535,55,39.1,True
resnet50,Multiply_9271,8,303,32,32,32,32,17,10,0,32,0.7607,65536,10880,0.834,57,39.2,True
resnet50,Multiply_9271,8,304,32,32,32,32,17,10,0,32,0.7607,65536,10880,0.834,57,49.0,True
resnet50,Multiply_9271,8,305,32,32,32,32,13,11,0,32,0.7583,65536,9152,0.8604,54,37.1,True
resnet50,Multiply_9271,8,306,32,32,32,32,18,11,0,32,0.7314,65536,12672,0.8066,59,51.0,True
resnet50,Multiply_9271,8,307,32,32,32,32,17,11,0,32,0.7368,65536,11968,0.8174,58,39.7,True
resnet50,Multiply_9271,8,308,32,32,32,32,20,11,0,32,0.7207,65536,14080,0.7852,61,39.0,True
resnet50,Multiply_9271,8,309,32,32,32,32,24,11,0,32,0.6992,65536,16896,0.7422,65,39.2,True
resnet50,Multiply_9271,8,310,32,32,32,32,15,11,0,32,0.7476,65536,10560,0.8389,56,39.2,True
resnet50,Multiply_9271,8,311,32,32,32,32,17,11,0,32,0.7368,65536,11968,0.8174,58,38.7,True
resnet50,Multiply_9271,8,312,32,32,32,32,17,11,0,32,0.7368,65536,11968,0.8174,58,38.9,True
resnet50,Multiply_9271,8,313,32,32,32,32,13,11,0,32,0.7583,65536,9152,0.8604,54,38.4,True
resnet50,Multiply_9271,8,314,32,32,32,32,18,11,0,32,0.7314,65536,12672,0.8066,59,62.5,True
resnet50,Multiply_9271,8,315,32,32,32,32,17,11,0,32,0.7368,65536,11968,0.8174,58,39.2,True
resnet50,Multiply_9271,8,316,32,32,32,32,20,11,0,32,0.7207,65536,14080,0.7852,61,45.9,True
resnet50,Multiply_9271,8,317,32,32,32,32,24,11,0,32,0.6992,65536,16896,0.7422,65,46.6,True
resnet50,Multiply_9271,8,318,32,32,32,32,15,11,0,32,0.7476,65536,10560,0.8389,56,43.6,True
resnet50,Multiply_9271,8,319,32,32,32,32,17,11,0,32,0.7368,65536,11968,0.8174,58,202.4,True
resnet50,Multiply_9271,8,320,32,32,32,32,17,11,0,32,0.7368,65536,11968,0.8174,58,45.2,True
resnet50,Multiply_9271,8,321,32,32,32,32,13,11,0,32,0.7583,65536,9152,0.8604,54,159.8,True
resnet50,Multiply_9271,8,322,32,32,32,32,18,11,0,32,0.7314,65536,12672,0.8066,59,47.7,True
resnet50,Multiply_9271,8,323,32,32,32,32,17,11,0,32,0.7368,65536,11968,0.8174,58,177.9,True
resnet50,Multiply_9271,8,324,32,32,32,32,20,11,0,32,0.7207,65536,14080,0.7852,61,78.3,True
resnet50,Multiply_9271,8,325,32,32,32,32,24,11,0,32,0.6992,65536,16896,0.7422,65,50.5,True
resnet50,Multiply_9271,8,326,32,32,32,32,15,11,0,32,0.7476,65536,10560,0.8389,56,118.3,True
resnet50,Multiply_9271,8,327,32,32,32,32,17,11,0,32,0.7368,65536,11968,0.8174,58,255.7,True
resnet50,Multiply_9271,8,328,32,32,32,32,17,11,0,32,0.7368,65536,11968,0.8174,58,197.9,True
resnet50,Multiply_9271,8,329,32,32,32,32,13,11,0,32,0.7583,65536,9152,0.8604,54,55.8,True
resnet50,Multiply_9271,8,330,32,32,32,32,18,11,0,32,0.7314,65536,12672,0.8066,59,177.0,True
resnet50,Multiply_9271,8,331,32,32,32,32,17,11,0,32,0.7368,65536,11968,0.8174,58,39.1,True
resnet50,Multiply_9271,8,332,32,32,32,32,20,11,0,32,0.7207,65536,14080,0.7852,61,38.2,True
resnet50,Multiply_9271,8,333,32,32,32,32,24,11,0,32,0.6992,65536,16896,0.7422,65,50.3,True
resnet50,Multiply_9271,8,334,32,32,32,32,15,11,0,32,0.7476,65536,10560,0.8389,56,176.4,True
resnet50,Multiply_9271,8,335,32,32,32,32,17,11,0,32,0.7368,65536,11968,0.8174,58,39.8,True
resnet50,Multiply_9271,8,336,32,32,32,32,17,11,0,32,0.7368,65536,11968,0.8174,58,37.9,True
resnet50,Multiply_9271,8,337,32,32,32,32,13,11,0,32,0.7583,65536,9152,0.8604,54,50.4,True
resnet50,Multiply_9271,8,338,32,32,32,32,18,11,0,32,0.7314,65536,12672,0.8066,59,38.5,True
resnet50,Multiply_9271,8,339,32,32,32,32,17,11,0,32,0.7368,65536,11968,0.8174,58,38.2,True
resnet50,Multiply_9271,8,340,32,32,32,32,20,11,0,32,0.7207,65536,14080,0.7852,61,38.3,True
resnet50,Multiply_9271,8,341,32,32,32,32,24,11,0,32,0.6992,65536,16896,0.7422,65,105.4,True
resnet50,Multiply_9271,8,342,32,32,32,32,15,11,0,32,0.7476,65536,10560,0.8389,56,38.5,True
resnet50,Multiply_9271,8,343,32,32,32,32,17,11,0,32,0.7368,65536,11968,0.8174,58,38.6,True
resnet50,Multiply_9271,8,344,32,32,32,32,17,11,0,32,0.7368,65536,11968,0.8174,58,41.1,True
resnet50,Multiply_9271,8,345,32,32,32,32,13,10,0,32,0.7803,65536,8320,0.873,53,51.2,True
resnet50,Multiply_9271,8,346,32,32,32,32,18,10,0,32,0.7559,65536,11520,0.8242,58,126.9,True
resnet50,Multiply_9271,8,347,32,32,32,32,17,10,0,32,0.7607,65536,10880,0.834,57,39.0,True
resnet50,Multiply_9271,8,348,32,32,32,32,20,10,0,32,0.7461,65536,12800,0.8047,60,38.3,True
resnet50,Multiply_9271,8,349,32,32,32,32,24,10,0,32,0.7266,65536,15360,0.7656,64,44.4,True
resnet50,Multiply_9271,8,350,32,32,32,32,15,10,0,32,0.7705,65536,9600,0.8535,55,198.4,True
resnet50,Multiply_9271,8,351,32,32,32,32,17,10,0,32,0.7607,65536,10880,0.834,57,38.1,True
resnet50,Multiply_9271,8,352,32,32,32,32,17,10,0,32,0.7607,65536,10880,0.834,57,42.9,True
resnet50,Multiply_9271,8,353,32,32,32,32,13,11,0,32,0.7583,65536,9152,0.8604,54,196.1,True
resnet50,Multiply_9271,8,354,32,32,32,32,18,11,0,32,0.7314,65536,12672,0.8066,59,38.6,True
resnet50,Multiply_9271,8,355,32,32,32,32,17,11,0,32,0.7368,65536,11968,0.8174,58,40.3,True
resnet50,Multiply_9271,8,356,32,32,32,32,20,11,0,32,0.7207,65536,14080,0.7852,61,37.5,True
resnet50,Multiply_9271,8,357,32,32,32,32,24,11,0,32,0.6992,65536,16896,0.7422,65,44.0,True
resnet50,Multiply_9271,8,358,32,32,32,32,15,11,0,32,0.7476,65536,10560,0.8389,56,39.6,True
resnet50,Multiply_9271,8,359,32,32,32,32,17,11,0,32,0.7368,65536,11968,0.8174,58,39.2,True
resnet50,Multiply_9271,8,360,32,32,32,32,17,11,0,32,0.7368,65536,11968,0.8174,58,42.0,True
resnet50,Multiply_9271,8,361,32,32,32,32,13,10,0,32,0.7803,65536,8320,0.873,53,45.0,True
resnet50,Multiply_9271,8,362,32,32,32,32,18,10,0,32,0.7559,65536,11520,0.8242,58,38.8,True
resnet50,Multiply_9271,8,363,32,32,32,32,17,10,0,32,0.7607,65536,10880,0.834,57,39.0,True
resnet50,Multiply_9271,8,364,32,32,32,32,20,10,0,32,0.7461,65536,12800,0.8047,60,46.8,True
resnet50,Multiply_9271,8,365,32,32,32,32,24,10,0,32,0.7266,65536,15360,0.7656,64,38.6,True
resnet50,Multiply_9271,8,366,32,32,32,32,15,10,0,32,0.7705,65536,9600,0.8535,55,38.5,True
resnet50,Multiply_9271,8,367,32,32,32,32,17,10,0,32,0.7607,65536,10880,0.834,57,38.7,True
resnet50,Multiply_9271,8,368,32,32,32,32,17,10,0,32,0.7607,65536,10880,0.834,57,38.4,True
resnet50,Multiply_9271,8,369,32,32,32,32,13,10,0,32,0.7803,65536,8320,0.873,53,39.6,True
resnet50,Multiply_9271,8,370,32,32,32,32,18,10,0,32,0.7559,65536,11520,0.8242,58,41.1,True
resnet50,Multiply_9271,8,371,32,32,32,32,17,10,0,32,0.7607,65536,10880,0.834,57,39.1,True
resnet50,Multiply_9271,8,372,32,32,32,32,20,10,0,32,0.7461,65536,12800,0.8047,60,39.0,True
resnet50,Multiply_9271,8,373,32,32,32,32,24,10,0,32,0.7266,65536,15360,0.7656,64,38.8,True
resnet50,Multiply_9271,8,374,32,32,32,32,15,10,0,32,0.7705,65536,9600,0.8535,55,38.1,True
resnet50,Multiply_9271,8,375,32,32,32,32,17,10,0,32,0.7607,65536,10880,0.834,57,38.8,True
resnet50,Multiply_9271,8,376,32,32,32,32,17,10,0,32,0.7607,65536,10880,0.834,57,40.5,True
resnet50,Multiply_9271,8,377,32,32,32,32,13,11,0,32,0.7583,65536,9152,0.8604,54,40.0,True
resnet50,Multiply_9271,8,378,32,32,32,32,18,11,0,32,0.7314,65536,12672,0.8066,59,60.9,True
resnet50,Multiply_9271,8,379,32,32,32,32,17,11,0,32,0.7368,65536,11968,0.8174,58,50.6,True
resnet50,Multiply_9271,8,380,32,32,32,32,20,11,0,32,0.7207,65536,14080,0.7852,61,37.7,True
resnet50,Multiply_9271,8,381,32,32,32,32,24,11,0,32,0.6992,65536,16896,0.7422,65,38.0,True
resnet50,Multiply_9271,8,382,32,32,32,32,15,11,0,32,0.7476,65536,10560,0.8389,56,50.3,True
resnet50,Multiply_9271,8,383,32,32,32,32,17,11,0,32,0.7368,65536,11968,0.8174,58,38.4,True
resnet50,Multiply_9271,8,384,32,32,32,32,17,11,0,32,0.7368,65536,11968,0.8174,58,146.0,True
resnet50,Multiply_9271,8,385,32,32,32,32,13,10,0,32,0.7803,65536,8320,0.873,53,53.9,True
resnet50,Multiply_9271,8,386,32,32,32,32,18,10,0,32,0.7559,65536,11520,0.8242,58,68.5,True
resnet50,Multiply_9271,8,387,32,32,32,32,17,10,0,32,0.7607,65536,10880,0.834,57,38.9,True
resnet50,Multiply_9271,8,388,32,32,32,32,20,10,0,32,0.7461,65536,12800,0.8047,60,39.1,True
resnet50,Multiply_9271,8,389,32,32,32,32,24,10,0,32,0.7266,65536,15360,0.7656,64,38.5,True
resnet50,Multiply_9271,8,390,32,32,32,32,15,10,0,32,0.7705,65536,9600,0.8535,55,40.4,True
resnet50,Multiply_9271,8,391,32,32,32,32,17,10,0,32,0.7607,65536,10880,0.834,57,181.2,True
resnet50,Multiply_9271,8,392,32,32,32,32,17,10,0,32,0.7607,65536,10880,0.834,57,39.5,True
resnet50,Multiply_9271,8,393,32,32,32,32,13,11,0,32,0.7583,65536,9152,0.8604,54,41.0,True
resnet50,Multiply_9271,8,394,32,32,32,32,18,11,0,32,0.7314,65536,12672,0.8066,59,120.3,True
resnet50,Multiply_9271,8,395,32,32,32,32,17,11,0,32,0.7368,65536,11968,0.8174,58,38.9,True
resnet50,Multiply_9271,8,396,32,32,32,32,20,11,0,32,0.7207,65536,14080,0.7852,61,198.6,True
resnet50,Multiply_9271,8,397,32,32,32,32,24,11,0,32,0.6992,65536,16896,0.7422,65,39.0,True
resnet50,Multiply_9271,8,398,32,32,32,32,15,11,0,32,0.7476,65536,10560,0.8389,56,68.7,True
resnet50,Multiply_9271,8,399,32,32,32,32,17,11,0,32,0.7368,65536,11968,0.8174,58,40.3,True
resnet50,Multiply_9271,8,400,32,32,32,32,17,11,0,32,0.7368,65536,11968,0.8174,58,42.7,True
resnet50,Multiply_9271,8,401,32,32,32,32,13,11,0,32,0.7583,65536,9152,0.8604,54,169.9,True
resnet50,Multiply_9271,8,402,32,32,32,32,18,11,0,32,0.7314,65536,12672,0.8066,59,38.4,True
resnet50,Multiply_9271,8,403,32,32,32,32,17,11,0,32,0.7368,65536,11968,0.8174,58,38.4,True
resnet50,Multiply_9271,8,404,32,32,32,32,20,11,0,32,0.7207,65536,14080,0.7852,61,37.9,True
resnet50,Multiply_9271,8,405,32,32,32,32,24,11,0,32,0.6992,65536,16896,0.7422,65,60.3,True
resnet50,Multiply_9271,8,406,32,32,32,32,15,11,0,32,0.7476,65536,10560,0.8389,56,40.3,True
resnet50,Multiply_9271,8,407,32,32,32,32,17,11,0,32,0.7368,65536,11968,0.8174,58,51.8,True
resnet50,Multiply_9271,8,408,32,32,32,32,17,11,0,32,0.7368,65536,11968,0.8174,58,43.5,True
resnet50,Multiply_9271,8,409,32,32,32,32,13,10,0,32,0.7803,65536,8320,0.873,53,113.2,True
resnet50,Multiply_9271,8,410,32,32,32,32,18,10,0,32,0.7559,65536,11520,0.8242,58,167.9,True
resnet50,Multiply_9271,8,411,32,32,32,32,17,10,0,32,0.7607,65536,10880,0.834,57,149.0,True
resnet50,Multiply_9271,8,412,32,32,32,32,20,10,0,32,0.7461,65536,12800,0.8047,60,53.3,True
resnet50,Multiply_9271,8,413,32,32,32,32,24,10,0,32,0.7266,65536,15360,0.7656,64,39.8,True
resnet50,Multiply_9271,8,414,32,32,32,32,15,10,0,32,0.7705,65536,9600,0.8535,55,198.3,True
resnet50,Multiply_9271,8,415,32,32,32,32,17,10,0,32,0.7607,65536,10880,0.834,57,37.6,True
resnet50,Multiply_9271,8,416,32,32,32,32,17,10,0,32,0.7607,65536,10880,0.834,57,44.0,True
resnet50,Multiply_9271,8,417,32,32,32,32,13,11,0,32,0.7583,65536,9152,0.8604,54,50.7,True
resnet50,Multiply_9271,8,418,32,32,32,32,18,11,0,32,0.7314,65536,12672,0.8066,59,39.2,True
resnet50,Multiply_9271,8,419,32,32,32,32,17,11,0,32,0.7368,65536,11968,0.8174,58,38.6,True
resnet50,Multiply_9271,8,420,32,32,32,32,20,11,0,32,0.7207,65536,14080,0.7852,61,52.8,True
resnet50,Multiply_9271,8,421,32,32,32,32,24,11,0,32,0.6992,65536,16896,0.7422,65,38.8,True
resnet50,Multiply_9271,8,422,32,32,32,32,15,11,0,32,0.7476,65536,10560,0.8389,56,143.9,True
resnet50,Multiply_9271,8,423,32,32,32,32,17,11,0,32,0.7368,65536,11968,0.8174,58,38.9,True
resnet50,Multiply_9271,8,424,32,32,32,32,17,11,0,32,0.7368,65536,11968,0.8174,58,54.5,True
resnet50,Multiply_9271,8,425,32,32,32,32,13,9,0,32,0.8022,65536,7488,0.8857,52,39.1,True
resnet50,Multiply_9271,8,426,32,32,32,32,18,9,0,32,0.7803,65536,10368,0.8418,57,83.0,True
resnet50,Multiply_9271,8,427,32,32,32,32,17,9,0,32,0.7847,65536,9792,0.8506,56,38.9,True
resnet50,Multiply_9271,8,428,32,32,32,32,20,9,0,32,0.7715,65536,11520,0.8242,59,39.1,True
resnet50,Multiply_9271,8,429,32,32,32,32,24,9,0,32,0.7539,65536,13824,0.7891,63,53.2,True
resnet50,Multiply_9271,8,430,32,32,32,32,15,9,0,32,0.7935,65536,8640,0.8682,54,41.6,True
resnet50,Multiply_9271,8,431,32,32,32,32,17,9,0,32,0.7847,65536,9792,0.8506,56,39.7,True
resnet50,Multiply_9271,8,432,32,32,32,32,17,9,0,32,0.7847,65536,9792,0.8506,56,128.9,True
resnet50,Multiply_9271,8,433,32,32,32,32,13,11,0,32,0.7583,65536,9152,0.8604,54,110.3,True
resnet50,Multiply_9271,8,434,32,32,32,32,18,11,0,32,0.7314,65536,12672,0.8066,59,40.5,True
resnet50,Multiply_9271,8,435,32,32,32,32,17,11,0,32,0.7368,65536,11968,0.8174,58,61.1,True
resnet50,Multiply_9271,8,436,32,32,32,32,20,11,0,32,0.7207,65536,14080,0.7852,61,39.1,True
resnet50,Multiply_9271,8,437,32,32,32,32,24,11,0,32,0.6992,65536,16896,0.7422,65,49.1,True
resnet50,Multiply_9271,8,438,32,32,32,32,15,11,0,32,0.7476,65536,10560,0.8389,56,39.8,True
resnet50,Multiply_9271,8,439,32,32,32,32,17,11,0,32,0.7368,65536,11968,0.8174,58,42.2,True
resnet50,Multiply_9271,8,440,32,32,32,32,17,11,0,32,0.7368,65536,11968,0.8174,58,39.1,True
resnet50,Multiply_9271,8,441,32,32,32,32,13,11,0,32,0.7583,65536,9152,0.8604,54,48.0,True
resnet50,Multiply_9271,8,442,32,32,32,32,18,11,0,32,0.7314,65536,12672,0.8066,59,85.5,True
resnet50,Multiply_9271,8,443,32,32,32,32,17,11,0,32,0.7368,65536,11968,0.8174,58,41.6,True
resnet50,Multiply_9271,8,444,32,32,32,32,20,11,0,32,0.7207,65536,14080,0.7852,61,44.1,True
resnet50,Multiply_9271,8,445,32,32,32,32,24,11,0,32,0.6992,65536,16896,0.7422,65,177.9,True
resnet50,Multiply_9271,8,446,32,32,32,32,15,11,0,32,0.7476,65536,10560,0.8389,56,38.5,True
resnet50,Multiply_9271,8,447,32,32,32,32,17,11,0,32,0.7368,65536,11968,0.8174,58,42.0,True
resnet50,Multiply_9271,8,448,32,32,32,32,17,11,0,32,0.7368,65536,11968,0.8174,58,57.3,True
resnet50,Multiply_9271,8,449,32,32,32,32,13,11,0,32,0.7583,65536,9152,0.8604,54,53.2,True
resnet50,Multiply_9271,8,450,32,32,32,32,18,11,0,32,0.7314,65536,12672,0.8066,59,38.8,True
resnet50,Multiply_9271,8,451,32,32,32,32,17,11,0,32,0.7368,65536,11968,0.8174,58,38.4,True
resnet50,Multiply_9271,8,452,32,32,32,32,20,11,0,32,0.7207,65536,14080,0.7852,61,37.8,True
resnet50,Multiply_9271,8,453,32,32,32,32,24,11,0,32,0.6992,65536,16896,0.7422,65,38.5,True
resnet50,Multiply_9271,8,454,32,32,32,32,15,11,0,32,0.7476,65536,10560,0.8389,56,97.8,True
resnet50,Multiply_9271,8,455,32,32,32,32,17,11,0,32,0.7368,65536,11968,0.8174,58,44.4,True
resnet50,Multiply_9271,8,456,32,32,32,32,17,11,0,32,0.7368,65536,11968,0.8174,58,38.7,True
resnet50,Multiply_9271,8,457,32,32,32,32,13,11,0,32,0.7583,65536,9152,0.8604,54,40.5,True
resnet50,Multiply_9271,8,458,32,32,32,32,18,11,0,32,0.7314,65536,12672,0.8066,59,38.4,True
resnet50,Multiply_9271,8,459,32,32,32,32,17,11,0,32,0.7368,65536,11968,0.8174,58,38.3,True
resnet50,Multiply_9271,8,460,32,32,32,32,20,11,0,32,0.7207,65536,14080,0.7852,61,107.3,True
resnet50,Multiply_9271,8,461,32,32,32,32,24,11,0,32,0.6992,65536,16896,0.7422,65,39.5,True
resnet50,Multiply_9271,8,462,32,32,32,32,15,11,0,32,0.7476,65536,10560,0.8389,56,39.4,True
resnet50,Multiply_9271,8,463,32,32,32,32,17,11,0,32,0.7368,65536,11968,0.8174,58,38.2,True
resnet50,Multiply_9271,8,464,32,32,32,32,17,11,0,32,0.7368,65536,11968,0.8174,58,63.8,True
resnet50,Multiply_9271,8,465,32,32,32,32,13,11,0,32,0.7583,65536,9152,0.8604,54,43.8,True
resnet50,Multiply_9271,8,466,32,32,32,32,18,11,0,32,0.7314,65536,12672,0.8066,59,44.3,True
resnet50,Multiply_9271,8,467,32,32,32,32,17,11,0,32,0.7368,65536,11968,0.8174,58,42.2,True
resnet50,Multiply_9271,8,468,32,32,32,32,20,11,0,32,0.7207,65536,14080,0.7852,61,162.8,True
resnet50,Multiply_9271,8,469,32,32,32,32,24,11,0,32,0.6992,65536,16896,0.7422,65,51.5,True
resnet50,Multiply_9271,8,470,32,32,32,32,15,11,0,32,0.7476,65536,10560,0.8389,56,42.7,True
resnet50,Multiply_9271,8,471,32,32,32,32,17,11,0,32,0.7368,65536,11968,0.8174,58,39.4,True
resnet50,Multiply_9271,8,472,32,32,32,32,17,11,0,32,0.7368,65536,11968,0.8174,58,39.1,True
resnet50,Multiply_9271,8,473,32,32,32,32,13,11,0,32,0.7583,65536,9152,0.8604,54,57.0,True
resnet50,Multiply_9271,8,474,32,32,32,32,18,11,0,32,0.7314,65536,12672,0.8066,59,40.1,True
resnet50,Multiply_9271,8,475,32,32,32,32,17,11,0,32,0.7368,65536,11968,0.8174,58,39.2,True
resnet50,Multiply_9271,8,476,32,32,32,32,20,11,0,32,0.7207,65536,14080,0.7852,61,178.8,True
resnet50,Multiply_9271,8,477,32,32,32,32,24,11,0,32,0.6992,65536,16896,0.7422,65,37.4,True
resnet50,Multiply_9271,8,478,32,32,32,32,15,11,0,32,0.7476,65536,10560,0.8389,56,39.9,True
resnet50,Multiply_9271,8,479,32,32,32,32,17,11,0,32,0.7368,65536,11968,0.8174,58,38.9,True
resnet50,Multiply_9271,8,480,32,32,32,32,17,11,0,32,0.7368,65536,11968,0.8174,58,114.9,True
resnet50,Multiply_9271,8,481,32,32,32,32,13,11,0,32,0.7583,65536,9152,0.8604,54,37.1,True
resnet50,Multiply_9271,8,482,32,32,32,32,18,11,0,32,0.7314,65536,12672,0.8066,59,41.9,True
resnet50,Multiply_9271,8,483,32,32,32,32,17,11,0,32,0.7368,65536,11968,0.8174,58,178.7,True
resnet50,Multiply_9271,8,484,32,32,32,32,20,11,0,32,0.7207,65536,14080,0.7852,61,149.1,True
resnet50,Multiply_9271,8,485,32,32,32,32,24,11,0,32,0.6992,65536,16896,0.7422,65,38.7,True
resnet50,Multiply_9271,8,486,32,32,32,32,15,11,0,32,0.7476,65536,10560,0.8389,56,37.1,True
resnet50,Multiply_9271,8,487,32,32,32,32,17,11,0,32,0.7368,65536,11968,0.8174,58,39.8,True
resnet50,Multiply_9271,8,488,32,32,32,32,17,11,0,32,0.7368,65536,11968,0.8174,58,44.3,True
resnet50,Multiply_9271,8,489,32,32,32,32,13,11,0,32,0.7583,65536,9152,0.8604,54,38.2,True
resnet50,Multiply_9271,8,490,32,32,32,32,18,11,0,32,0.7314,65536,12672,0.8066,59,38.3,True
resnet50,Multiply_9271,8,491,32,32,32,32,17,11,0,32,0.7368,65536,11968,0.8174,58,55.8,True
resnet50,Multiply_9271,8,492,32,32,32,32,20,11,0,32,0.7207,65536,14080,0.7852,61,85.4,True
resnet50,Multiply_9271,8,493,32,32,32,32,24,11,0,32,0.6992,65536,16896,0.7422,65,39.0,True
resnet50,Multiply_9271,8,494,32,32,32,32,15,11,0,32,0.7476,65536,10560,0.8389,56,71.0,True
resnet50,Multiply_9271,8,495,32,32,32,32,17,11,0,32,0.7368,65536,11968,0.8174,58,38.9,True
resnet50,Multiply_9271,8,496,32,32,32,32,17,11,0,32,0.7368,65536,11968,0.8174,58,38.8,True
resnet50,Multiply_9271,8,497,32,32,32,32,13,11,0,32,0.7583,65536,9152,0.8604,54,41.1,True
resnet50,Multiply_9271,8,498,32,32,32,32,18,11,0,32,0.7314,65536,12672,0.8066,59,38.8,True
resnet50,Multiply_9271,8,499,32,32,32,32,17,11,0,32,0.7368,65536,11968,0.8174,58,38.9,True
resnet50,Multiply_9271,8,500,32,32,32,32,20,11,0,32,0.7207,65536,14080,0.7852,61,52.7,True
resnet50,Multiply_9271,8,501,32,32,32,32,24,11,0,32,0.6992,65536,16896,0.7422,65,74.8,True
resnet50,Multiply_9271,8,502,32,32,32,32,15,11,0,32,0.7476,65536,10560,0.8389,56,55.2,True
resnet50,Multiply_9271,8,503,32,32,32,32,17,11,0,32,0.7368,65536,11968,0.8174,58,178.3,True
resnet50,Multiply_9271,8,504,32,32,32,32,17,11,0,32,0.7368,65536,11968,0.8174,58,179.0,True
resnet50,Multiply_9271,8,505,32,32,32,32,13,11,0,32,0.7583,65536,9152,0.8604,54,45.1,True
resnet50,Multiply_9271,8,506,32,32,32,32,18,11,0,32,0.7314,65536,12672,0.8066,59,64.2,True
resnet50,Multiply_9271,8,507,32,32,32,32,17,11,0,32,0.7368,65536,11968,0.8174,58,39.1,True
resnet50,Multiply_9271,8,508,32,32,32,32,20,11,0,32,0.7207,65536,14080,0.7852,61,41.0,True
resnet50,Multiply_9271,8,509,32,32,32,32,24,11,0,32,0.6992,65536,16896,0.7422,65,40.4,True
resnet50,Multiply_9271,8,510,32,32,32,32,15,11,0,32,0.7476,65536,10560,0.8389,56,150.5,True
resnet50,Multiply_9271,8,511,32,32,32,32,17,11,0,32,0.7368,65536,11968,0.8174,58,40.4,True
resnet50,Multiply_9271,8,512,32,32,32,32,17,11,0,32,0.7368,65536,11968,0.8174,58,51.0,True
resnet50,Multiply_9271,8,513,32,32,32,32,13,11,0,32,0.7583,65536,9152,0.8604,54,46.6,True
resnet50,Multiply_9271,8,514,32,32,32,32,18,11,0,32,0.7314,65536,12672,0.8066,59,39.5,True
resnet50,Multiply_9271,8,515,32,32,32,32,17,11,0,32,0.7368,65536,11968,0.8174,58,112.6,True
resnet50,Multiply_9271,8,516,32,32,32,32,20,11,0,32,0.7207,65536,14080,0.7852,61,40.8,True
resnet50,Multiply_9271,8,517,32,32,32,32,24,11,0,32,0.6992,65536,16896,0.7422,65,39.1,True
resnet50,Multiply_9271,8,518,32,32,32,32,15,11,0,32,0.7476,65536,10560,0.8389,56,39.4,True
resnet50,Multiply_9271,8,519,32,32,32,32,17,11,0,32,0.7368,65536,11968,0.8174,58,178.5,True
resnet50,Multiply_9271,8,520,32,32,32,32,17,11,0,32,0.7368,65536,11968,0.8174,58,38.9,True
resnet50,Multiply_9271,8,521,32,32,32,32,13,11,0,32,0.7583,65536,9152,0.8604,54,109.7,True
resnet50,Multiply_9271,8,522,32,32,32,32,18,11,0,32,0.7314,65536,12672,0.8066,59,43.6,True
resnet50,Multiply_9271,8,523,32,32,32,32,17,11,0,32,0.7368,65536,11968,0.8174,58,50.6,True
resnet50,Multiply_9271,8,524,32,32,32,32,20,11,0,32,0.7207,65536,14080,0.7852,61,38.6,True
resnet50,Multiply_9271,8,525,32,32,32,32,24,11,0,32,0.6992,65536,16896,0.7422,65,44.9,True
resnet50,Multiply_9271,8,526,32,32,32,32,15,11,0,32,0.7476,65536,10560,0.8389,56,41.1,True
resnet50,Multiply_9271,8,527,32,32,32,32,17,11,0,32,0.7368,65536,11968,0.8174,58,128.0,True
resnet50,Multiply_9271,8,528,32,32,32,32,17,11,0,32,0.7368,65536,11968,0.8174,58,39.0,True
resnet50,Multiply_9271,8,529,32,32,32,32,13,10,0,32,0.7803,65536,8320,0.873,53,50.4,True
resnet50,Multiply_9271,8,530,32,32,32,32,18,10,0,32,0.7559,65536,11520,0.8242,58,132.1,True
resnet50,Multiply_9271,8,531,32,32,32,32,17,10,0,32,0.7607,65536,10880,0.834,57,38.4,True
resnet50,Multiply_9271,8,532,32,32,32,32,20,10,0,32,0.7461,65536,12800,0.8047,60,38.6,True
resnet50,Multiply_9271,8,533,32,32,32,32,24,10,0,32,0.7266,65536,15360,0.7656,64,178.2,True
resnet50,Multiply_9271,8,534,32,32,32,32,15,10,0,32,0.7705,65536,9600,0.8535,55,43.2,True
resnet50,Multiply_9271,8,535,32,32,32,32,17,10,0,32,0.7607,65536,10880,0.834,57,37.7,True
resnet50,Multiply_9271,8,536,32,32,32,32,17,10,0,32,0.7607,65536,10880,0.834,57,65.9,True
resnet50,Multiply_9271,8,537,32,32,32,32,13,10,0,32,0.7803,65536,8320,0.873,53,37.4,True
resnet50,Multiply_9271,8,538,32,32,32,32,18,10,0,32,0.7559,65536,11520,0.8242,58,38.7,True
resnet50,Multiply_9271,8,539,32,32,32,32,17,10,0,32,0.7607,65536,10880,0.834,57,37.7,True
resnet50,Multiply_9271,8,540,32,32,32,32,20,10,0,32,0.7461,65536,12800,0.8047,60,178.9,True
resnet50,Multiply_9271,8,541,32,32,32,32,24,10,0,32,0.7266,65536,15360,0.7656,64,39.9,True
resnet50,Multiply_9271,8,542,32,32,32,32,15,10,0,32,0.7705,65536,9600,0.8535,55,44.4,True
resnet50,Multiply_9271,8,543,32,32,32,32,17,10,0,32,0.7607,65536,10880,0.834,57,178.9,True
resnet50,Multiply_9271,8,544,32,32,32,32,17,10,0,32,0.7607,65536,10880,0.834,57,38.5,True
resnet50,Multiply_9271,8,545,32,32,32,32,13,10,0,32,0.7803,65536,8320,0.873,53,176.0,True
resnet50,Multiply_9271,8,546,32,32,32,32,18,10,0,32,0.7559,65536,11520,0.8242,58,38.9,True
resnet50,Multiply_9271,8,547,32,32,32,32,17,10,0,32,0.7607,65536,10880,0.834,57,40.8,True
resnet50,Multiply_9271,8,548,32,32,32,32,20,10,0,32,0.7461,65536,12800,0.8047,60,37.7,True
resnet50,Multiply_9271,8,549,32,32,32,32,24,10,0,32,0.7266,65536,15360,0.7656,64,179.9,True
resnet50,Multiply_9271,8,550,32,32,32,32,15,10,0,32,0.7705,65536,9600,0.8535,55,39.1,True
resnet50,Multiply_9271,8,551,32,32,32,32,17,10,0,32,0.7607,65536,10880,0.834,57,121.6,True
resnet50,Multiply_9271,8,552,32,32,32,32,17,10,0,32,0.7607,65536,10880,0.834,57,39.7,True
resnet50,Multiply_9271,8,553,32,32,32,32,13,11,0,32,0.7583,65536,9152,0.8604,54,44.0,True
resnet50,Multiply_9271,8,554,32,32,32,32,18,11,0,32,0.7314,65536,12672,0.8066,59,38.8,True
resnet50,Multiply_9271,8,555,32,32,32,32,17,11,0,32,0.7368,65536,11968,0.8174,58,117.8,True
resnet50,Multiply_9271,8,556,32,32,32,32,20,11,0,32,0.7207,65536,14080,0.7852,61,178.1,True
resnet50,Multiply_9271,8,557,32,32,32,32,24,11,0,32,0.6992,65536,16896,0.7422,65,56.1,True
resnet50,Multiply_9271,8,558,32,32,32,32,15,11,0,32,0.7476,65536,10560,0.8389,56,38.8,True
resnet50,Multiply_9271,8,559,32,32,32,32,17,11,0,32,0.7368,65536,11968,0.8174,58,39.7,True
resnet50,Multiply_9271,8,560,32,32,32,32,17,11,0,32,0.7368,65536,11968,0.8174,58,40.5,True
resnet50,Multiply_9271,8,561,32,32,32,32,13,11,0,32,0.7583,65536,9152,0.8604,54,41.5,True
resnet50,Multiply_9271,8,562,32,32,32,32,18,11,0,32,0.7314,65536,12672,0.8066,59,47.7,True
resnet50,Multiply_9271,8,563,32,32,32,32,17,11,0,32,0.7368,65536,11968,0.8174,58,38.9,True
resnet50,Multiply_9271,8,564,32,32,32,32,20,11,0,32,0.7207,65536,14080,0.7852,61,186.6,True
resnet50,Multiply_9271,8,565,32,32,32,32,24,11,0,32,0.6992,65536,16896,0.7422,65,40.7,True
resnet50,Multiply_9271,8,566,32,32,32,32,15,11,0,32,0.7476,65536,10560,0.8389,56,36.9,True
resnet50,Multiply_9271,8,567,32,32,32,32,17,11,0,32,0.7368,65536,11968,0.8174,58,38.4,True
resnet50,Multiply_9271,8,568,32,32,32,32,17,11,0,32,0.7368,65536,11968,0.8174,58,38.2,True
resnet50,Multiply_9271,8,569,32,32,32,32,13,10,0,32,0.7803,65536,8320,0.873,53,110.6,True
resnet50,Multiply_9271,8,570,32,32,32,32,18,10,0,32,0.7559,65536,11520,0.8242,58,240.9,True
resnet50,Multiply_9271,8,571,32,32,32,32,17,10,0,32,0.7607,65536,10880,0.834,57,61.2,True
resnet50,Multiply_9271,8,572,32,32,32,32,20,10,0,32,0.7461,65536,12800,0.8047,60,39.5,True
resnet50,Multiply_9271,8,573,32,32,32,32,24,10,0,32,0.7266,65536,15360,0.7656,64,39.8,True
resnet50,Multiply_9271,8,574,32,32,32,32,15,10,0,32,0.7705,65536,9600,0.8535,55,39.3,True
resnet50,Multiply_9271,8,575,32,32,32,32,17,10,0,32,0.7607,65536,10880,0.834,57,85.4,True
resnet50,Multiply_9271,8,576,32,32,32,32,17,10,0,32,0.7607,65536,10880,0.834,57,38.5,True
resnet50,Multiply_9271,8,577,32,32,32,32,13,9,0,32,0.8022,65536,7488,0.8857,52,37.6,True
resnet50,Multiply_9271,8,578,32,32,32,32,18,9,0,32,0.7803,65536,10368,0.8418,57,45.1,True
resnet50,Multiply_9271,8,579,32,32,32,32,17,9,0,32,0.7847,65536,9792,0.8506,56,42.0,True
resnet50,Multiply_9271,8,580,32,32,32,32,20,9,0,32,0.7715,65536,11520,0.8242,59,37.8,True
resnet50,Multiply_9271,8,581,32,32,32,32,24,9,0,32,0.7539,65536,13824,0.7891,63,39.6,True
resnet50,Multiply_9271,8,582,32,32,32,32,15,9,0,32,0.7935,65536,8640,0.8682,54,38.2,True
resnet50,Multiply_9271,8,583,32,32,32,32,17,9,0,32,0.7847,65536,9792,0.8506,56,43.5,True
resnet50,Multiply_9271,8,584,32,32,32,32,17,9,0,32,0.7847,65536,9792,0.8506,56,38.7,True
resnet50,Multiply_9271,8,585,32,32,32,32,13,11,0,32,0.7583,65536,9152,0.8604,54,47.5,True
resnet50,Multiply_9271,8,586,32,32,32,32,18,11,0,32,0.7314,65536,12672,0.8066,59,37.8,True
resnet50,Multiply_9271,8,587,32,32,32,32,17,11,0,32,0.7368,65536,11968,0.8174,58,41.9,True
resnet50,Multiply_9271,8,588,32,32,32,32,20,11,0,32,0.7207,65536,14080,0.7852,61,195.9,True
resnet50,Multiply_9271,8,589,32,32,32,32,24,11,0,32,0.6992,65536,16896,0.7422,65,197.9,True
resnet50,Multiply_9271,8,590,32,32,32,32,15,11,0,32,0.7476,65536,10560,0.8389,56,56.8,True
resnet50,Multiply_9271,8,591,32,32,32,32,17,11,0,32,0.7368,65536,11968,0.8174,58,39.7,True
resnet50,Multiply_9271,8,592,32,32,32,32,17,11,0,32,0.7368,65536,11968,0.8174,58,40.0,True
resnet50,Multiply_9271,8,593,32,32,32,32,13,9,0,32,0.8022,65536,7488,0.8857,52,44.4,True
resnet50,Multiply_9271,8,594,32,32,32,32,18,9,0,32,0.7803,65536,10368,0.8418,57,38.8,True
resnet50,Multiply_9271,8,595,32,32,32,32,17,9,0,32,0.7847,65536,9792,0.8506,56,38.8,True
resnet50,Multiply_9271,8,596,32,32,32,32,20,9,0,32,0.7715,65536,11520,0.8242,59,39.4,True
resnet50,Multiply_9271,8,597,32,32,32,32,24,9,0,32,0.7539,65536,13824,0.7891,63,38.9,True
resnet50,Multiply_9271,8,598,32,32,32,32,15,9,0,32,0.7935,65536,8640,0.8682,54,78.7,True
resnet50,Multiply_9271,8,599,32,32,32,32,17,9,0,32,0.7847,65536,9792,0.8506,56,47.6,True
resnet50,Multiply_9271,8,600,32,32,32,32,17,9,0,32,0.7847,65536,9792,0.8506,56,39.4,True
resnet50,Multiply_9271,8,601,32,32,32,32,13,11,0,32,0.7583,65536,9152,0.8604,54,154.2,True
resnet50,Multiply_9271,8,602,32,32,32,32,18,11,0,32,0.7314,65536,12672,0.8066,59,138.2,True
resnet50,Multiply_9271,8,603,32,32,32,32,17,11,0,32,0.7368,65536,11968,0.8174,58,37.9,True
resnet50,Multiply_9271,8,604,32,32,32,32,20,11,0,32,0.7207,65536,14080,0.7852,61,41.0,True
resnet50,Multiply_9271,8,605,32,32,32,32,24,11,0,32,0.6992,65536,16896,0.7422,65,107.1,True
resnet50,Multiply_9271,8,606,32,32,32,32,15,11,0,32,0.7476,65536,10560,0.8389,56,37.6,True
resnet50,Multiply_9271,8,607,32,32,32,32,17,11,0,32,0.7368,65536,11968,0.8174,58,38.8,True
resnet50,Multiply_9271,8,608,32,32,32,32,17,11,0,32,0.7368,65536,11968,0.8174,58,60.3,True
resnet50,Multiply_9271,8,609,32,32,32,32,13,9,0,32,0.8022,65536,7488,0.8857,52,38.1,True
resnet50,Multiply_9271,8,610,32,32,32,32,18,9,0,32,0.7803,65536,10368,0.8418,57,40.6,True
resnet50,Multiply_9271,8,611,32,32,32,32,17,9,0,32,0.7847,65536,9792,0.8506,56,38.8,True
resnet50,Multiply_9271,8,612,32,32,32,32,20,9,0,32,0.7715,65536,11520,0.8242,59,38.3,True
resnet50,Multiply_9271,8,613,32,32,32,32,24,9,0,32,0.7539,65536,13824,0.7891,63,46.1,True
resnet50,Multiply_9271,8,614,32,32,32,32,15,9,0,32,0.7935,65536,8640,0.8682,54,89.2,True
resnet50,Multiply_9271,8,615,32,32,32,32,17,9,0,32,0.7847,65536,9792,0.8506,56,179.7,True
resnet50,Multiply_9271,8,616,32,32,32,32,17,9,0,32,0.7847,65536,9792,0.8506,56,39.0,True
resnet50,Multiply_9271,8,617,32,32,32,32,13,11,0,32,0.7583,65536,9152,0.8604,54,38.2,True
resnet50,Multiply_9271,8,618,32,32,32,32,18,11,0,32,0.7314,65536,12672,0.8066,59,38.8,True
resnet50,Multiply_9271,8,619,32,32,32,32,17,11,0,32,0.7368,65536,11968,0.8174,58,38.6,True
resnet50,Multiply_9271,8,620,32,32,32,32,20,11,0,32,0.7207,65536,14080,0.7852,61,38.5,True
resnet50,Multiply_9271,8,621,32,32,32,32,24,11,0,32,0.6992,65536,16896,0.7422,65,41.0,True
resnet50,Multiply_9271,8,622,32,32,32,32,15,11,0,32,0.7476,65536,10560,0.8389,56,38.5,True
resnet50,Multiply_9271,8,623,32,32,32,32,17,11,0,32,0.7368,65536,11968,0.8174,58,38.2,True
resnet50,Multiply_9271,8,624,32,32,32,32,17,11,0,32,0.7368,65536,11968,0.8174,58,46.4,True
resnet50,Multiply_9271,8,625,32,32,32,32,13,10,0,32,0.7803,65536,8320,0.873,53,37.7,True
resnet50,Multiply_9271,8,626,32,32,32,32,18,10,0,32,0.7559,65536,11520,0.8242,58,38.4,True
resnet50,Multiply_9271,8,627,32,32,32,32,17,10,0,32,0.7607,65536,10880,0.834,57,62.8,True
resnet50,Multiply_9271,8,628,32,32,32,32,20,10,0,32,0.7461,65536,12800,0.8047,60,41.9,True
resnet50,Multiply_9271,8,629,32,32,32,32,24,10,0,32,0.7266,65536,15360,0.7656,64,38.7,True
resnet50,Multiply_9271,8,630,32,32,32,32,15,10,0,32,0.7705,65536,9600,0.8535,55,40.0,True
resnet50,Multiply_9271,8,631,32,32,32,32,17,10,0,32,0.7607,65536,10880,0.834,57,39.6,True
resnet50,Multiply_9271,8,632,32,32,32,32,17,10,0,32,0.7607,65536,10880,0.834,57,120.1,True
resnet50,Multiply_9271,8,633,32,32,32,32,13,10,0,32,0.7803,65536,8320,0.873,53,37.8,True
resnet50,Multiply_9271,8,634,32,32,32,32,18,10,0,32,0.7559,65536,11520,0.8242,58,46.2,True
resnet50,Multiply_9271,8,635,32,32,32,32,17,10,0,32,0.7607,65536,10880,0.834,57,178.4,True
resnet50,Multiply_9271,8,636,32,32,32,32,20,10,0,32,0.7461,65536,12800,0.8047,60,39.4,True
resnet50,Multiply_9271,8,637,32,32,32,32,24,10,0,32,0.7266,65536,15360,0.7656,64,39.1,True
resnet50,Multiply_9271,8,638,32,32,32,32,15,10,0,32,0.7705,65536,9600,0.8535,55,72.3,True
resnet50,Multiply_9271,8,639,32,32,32,32,17,10,0,32,0.7607,65536,10880,0.834,57,138.1,True
resnet50,Multiply_9271,8,640,32,32,32,32,17,10,0,32,0.7607,65536,10880,0.834,57,162.7,True
resnet50,Multiply_9271,8,641,32,32,32,32,13,11,0,32,0.7583,65536,9152,0.8604,54,423.2,True
resnet50,Multiply_9271,8,642,32,32,32,32,18,11,0,32,0.7314,65536,12672,0.8066,59,40.0,True
resnet50,Multiply_9271,8,643,32,32,32,32,17,11,0,32,0.7368,65536,11968,0.8174,58,198.6,True
resnet50,Multiply_9271,8,644,32,32,32,32,20,11,0,32,0.7207,65536,14080,0.7852,61,38.4,True
resnet50,Multiply_9271,8,645,32,32,32,32,24,11,0,32,0.6992,65536,16896,0.7422,65,62.7,True
resnet50,Multiply_9271,8,646,32,32,32,32,15,11,0,32,0.7476,65536,10560,0.8389,56,38.6,True
resnet50,Multiply_9271,8,647,32,32,32,32,17,11,0,32,0.7368,65536,11968,0.8174,58,39.0,True
resnet50,Multiply_9271,8,648,32,32,32,32,17,11,0,32,0.7368,65536,11968,0.8174,58,38.3,True
resnet50,Multiply_9271,8,649,32,32,32,32,13,9,0,32,0.8022,65536,7488,0.8857,52,146.7,True
resnet50,Multiply_9271,8,650,32,32,32,32,18,9,0,32,0.7803,65536,10368,0.8418,57,113.2,True
resnet50,Multiply_9271,8,651,32,32,32,32,17,9,0,32,0.7847,65536,9792,0.8506,56,266.8,True
resnet50,Multiply_9271,8,652,32,32,32,32,20,9,0,32,0.7715,65536,11520,0.8242,59,138.6,True
resnet50,Multiply_9271,8,653,32,32,32,32,24,9,0,32,0.7539,65536,13824,0.7891,63,39.5,True
resnet50,Multiply_9271,8,654,32,32,32,32,15,9,0,32,0.7935,65536,8640,0.8682,54,38.8,True
resnet50,Multiply_9271,8,655,32,32,32,32,17,9,0,32,0.7847,65536,9792,0.8506,56,179.5,True
resnet50,Multiply_9271,8,656,32,32,32,32,17,9,0,32,0.7847,65536,9792,0.8506,56,51.8,True
resnet50,Multiply_9271,8,657,32,32,32,32,13,10,0,32,0.7803,65536,8320,0.873,53,175.6,True
resnet50,Multiply_9271,8,658,32,32,32,32,18,10,0,32,0.7559,65536,11520,0.8242,58,177.9,True
resnet50,Multiply_9271,8,659,32,32,32,32,17,10,0,32,0.7607,65536,10880,0.834,57,58.4,True
resnet50,Multiply_9271,8,660,32,32,32,32,20,10,0,32,0.7461,65536,12800,0.8047,60,40.9,True
resnet50,Multiply_9271,8,661,32,32,32,32,24,10,0,32,0.7266,65536,15360,0.7656,64,39.2,True
resnet50,Multiply_9271,8,662,32,32,32,32,15,10,0,32,0.7705,65536,9600,0.8535,55,147.6,True
resnet50,Multiply_9271,8,663,32,32,32,32,17,10,0,32,0.7607,65536,10880,0.834,57,196.8,True
resnet50,Multiply_9271,8,664,32,32,32,32,17,10,0,32,0.7607,65536,10880,0.834,57,38.7,True
resnet50,Multiply_9271,8,665,32,32,32,32,13,9,0,32,0.8022,65536,7488,0.8857,52,56.6,True
resnet50,Multiply_9271,8,666,32,32,32,32,18,9,0,32,0.7803,65536,10368,0.8418,57,38.9,True
resnet50,Multiply_9271,8,667,32,32,32,32,17,9,0,32,0.7847,65536,9792,0.8506,56,38.0,True
resnet50,Multiply_9271,8,668,32,32,32,32,20,9,0,32,0.7715,65536,11520,0.8242,59,39.0,True
resnet50,Multiply_9271,8,669,32,32,32,32,24,9,0,32,0.7539,65536,13824,0.7891,63,39.9,True
resnet50,Multiply_9271,8,670,32,32,32,32,15,9,0,32,0.7935,65536,8640,0.8682,54,39.1,True
resnet50,Multiply_9271,8,671,32,32,32,32,17,9,0,32,0.7847,65536,9792,0.8506,56,72.4,True
resnet50,Multiply_9271,8,672,32,32,32,32,17,9,0,32,0.7847,65536,9792,0.8506,56,37.6,True
resnet50,Multiply_9271,8,673,32,32,32,32,13,10,0,32,0.7803,65536,8320,0.873,53,46.5,True
resnet50,Multiply_9271,8,674,32,32,32,32,18,10,0,32,0.7559,65536,11520,0.8242,58,56.9,True
resnet50,Multiply_9271,8,675,32,32,32,32,17,10,0,32,0.7607,65536,10880,0.834,57,39.9,True
resnet50,Multiply_9271,8,676,32,32,32,32,20,10,0,32,0.7461,65536,12800,0.8047,60,39.3,True
resnet50,Multiply_9271,8,677,32,32,32,32,24,10,0,32,0.7266,65536,15360,0.7656,64,174.4,True
resnet50,Multiply_9271,8,678,32,32,32,32,15,10,0,32,0.7705,65536,9600,0.8535,55,39.2,True
resnet50,Multiply_9271,8,679,32,32,32,32,17,10,0,32,0.7607,65536,10880,0.834,57,38.6,True
resnet50,Multiply_9271,8,680,32,32,32,32,17,10,0,32,0.7607,65536,10880,0.834,57,37.8,True
resnet50,Multiply_9271,8,681,32,32,32,32,13,10,0,32,0.7803,65536,8320,0.873,53,47.8,True
resnet50,Multiply_9271,8,682,32,32,32,32,18,10,0,32,0.7559,65536,11520,0.8242,58,157.0,True
resnet50,Multiply_9271,8,683,32,32,32,32,17,10,0,32,0.7607,65536,10880,0.834,57,128.1,True
resnet50,Multiply_9271,8,684,32,32,32,32,20,10,0,32,0.7461,65536,12800,0.8047,60,38.6,True
resnet50,Multiply_9271,8,685,32,32,32,32,24,10,0,32,0.7266,65536,15360,0.7656,64,94.8,True
resnet50,Multiply_9271,8,686,32,32,32,32,15,10,0,32,0.7705,65536,9600,0.8535,55,38.5,True
resnet50,Multiply_9271,8,687,32,32,32,32,17,10,0,32,0.7607,65536,10880,0.834,57,38.5,True
resnet50,Multiply_9271,8,688,32,32,32,32,17,10,0,32,0.7607,65536,10880,0.834,57,43.8,True
resnet50,Multiply_9271,8,689,32,32,32,32,13,8,0,32,0.8242,65536,6656,0.8984,51,117.3,True
resnet50,Multiply_9271,8,690,32,32,32,32,18,8,0,32,0.8047,65536,9216,0.8594,56,68.0,True
resnet50,Multiply_9271,8,691,32,32,32,32,17,8,0,32,0.8086,65536,8704,0.8672,55,38.2,True
resnet50,Multiply_9271,8,692,32,32,32,32,20,8,0,32,0.7969,65536,10240,0.8438,58,38.5,True
resnet50,Multiply_9271,8,693,32,32,32,32,24,8,0,32,0.7812,65536,12288,0.8125,62,37.7,True
resnet50,Multiply_9271,8,694,32,32,32,32,15,8,0,32,0.8164,65536,7680,0.8828,53,57.8,True
resnet50,Multiply_9271,8,695,32,32,32,32,17,8,0,32,0.8086,65536,8704,0.8672,55,221.2,True
resnet50,Multiply_9271,8,696,32,32,32,32,17,8,0,32,0.8086,65536,8704,0.8672,55,37.5,True
resnet50,Multiply_9271,8,697,32,32,32,32,13,11,0,32,0.7583,65536,9152,0.8604,54,37.3,True
resnet50,Multiply_9271,8,698,32,32,32,32,18,11,0,32,0.7314,65536,12672,0.8066,59,38.9,True
resnet50,Multiply_9271,8,699,32,32,32,32,17,11,0,32,0.7368,65536,11968,0.8174,58,39.1,True
resnet50,Multiply_9271,8,700,32,32,32,32,20,11,0,32,0.7207,65536,14080,0.7852,61,38.4,True
resnet50,Multiply_9271,8,701,32,32,32,32,24,11,0,32,0.6992,65536,16896,0.7422,65,39.4,True
resnet50,Multiply_9271,8,702,32,32,32,32,15,11,0,32,0.7476,65536,10560,0.8389,56,38.8,True
resnet50,Multiply_9271,8,703,32,32,32,32,17,11,0,32,0.7368,65536,11968,0.8174,58,44.4,True
resnet50,Multiply_9271,8,704,32,32,32,32,17,11,0,32,0.7368,65536,11968,0.8174,58,39.6,True
resnet50,Multiply_9271,8,705,32,32,32,32,13,10,0,32,0.7803,65536,8320,0.873,53,38.3,True
resnet50,Multiply_9271,8,706,32,32,32,32,18,10,0,32,0.7559,65536,11520,0.8242,58,39.4,True
resnet50,Multiply_9271,8,707,32,32,32,32,17,10,0,32,0.7607,65536,10880,0.834,57,37.6,True
resnet50,Multiply_9271,8,708,32,32,32,32,20,10,0,32,0.7461,65536,12800,0.8047,60,49.9,True
resnet50,Multiply_9271,8,709,32,32,32,32,24,10,0,32,0.7266,65536,15360,0.7656,64,52.8,True
resnet50,Multiply_9271,8,710,32,32,32,32,15,10,0,32,0.7705,65536,9600,0.8535,55,39.4,True
resnet50,Multiply_9271,8,711,32,32,32,32,17,10,0,32,0.7607,65536,10880,0.834,57,125.2,True
resnet50,Multiply_9271,8,712,32,32,32,32,17,10,0,32,0.7607,65536,10880,0.834,57,40.3,True
resnet50,Multiply_9271,8,713,32,32,32,32,13,10,0,32,0.7803,65536,8320,0.873,53,134.8,True
resnet50,Multiply_9271,8,714,32,32,32,32,18,10,0,32,0.7559,65536,11520,0.8242,58,38.8,True
resnet50,Multiply_9271,8,715,32,32,32,32,17,10,0,32,0.7607,65536,10880,0.834,57,38.5,True
resnet50,Multiply_9271,8,716,32,32,32,32,20,10,0,32,0.7461,65536,12800,0.8047,60,38.6,True
resnet50,Multiply_9271,8,717,32,32,32,32,24,10,0,32,0.7266,65536,15360,0.7656,64,46.7,True
resnet50,Multiply_9271,8,718,32,32,32,32,15,10,0,32,0.7705,65536,9600,0.8535,55,58.0,True
resnet50,Multiply_9271,8,719,32,32,32,32,17,10,0,32,0.7607,65536,10880,0.834,57,38.8,True
resnet50,Multiply_9271,8,720,32,32,32,32,17,10,0,32,0.7607,65536,10880,0.834,57,38.8,True
resnet50,Multiply_9271,8,721,32,32,32,32,13,9,0,32,0.8022,65536,7488,0.8857,52,80.2,True
resnet50,Multiply_9271,8,722,32,32,32,32,18,9,0,32,0.7803,65536,10368,0.8418,57,39.3,True
resnet50,Multiply_9271,8,723,32,32,32,32,17,9,0,32,0.7847,65536,9792,0.8506,56,39.3,True
resnet50,Multiply_9271,8,724,32,32,32,32,20,9,0,32,0.7715,65536,11520,0.8242,59,39.8,True
resnet50,Multiply_9271,8,725,32,32,32,32,24,9,0,32,0.7539,65536,13824,0.7891,63,39.4,True
resnet50,Multiply_9271,8,726,32,32,32,32,15,9,0,32,0.7935,65536,8640,0.8682,54,40.3,True
resnet50,Multiply_9271,8,727,32,32,32,32,17,9,0,32,0.7847,65536,9792,0.8506,56,38.3,True
resnet50,Multiply_9271,8,728,32,32,32,32,17,9,0,32,0.7847,65536,9792,0.8506,56,38.6,True
resnet50,Multiply_9271,8,729,32,32,32,32,13,9,0,32,0.8022,65536,7488,0.8857,52,38.1,True
resnet50,Multiply_9271,8,730,32,32,32,32,18,9,0,32,0.7803,65536,10368,0.8418,57,38.4,True
resnet50,Multiply_9271,8,731,32,32,32,32,17,9,0,32,0.7847,65536,9792,0.8506,56,43.1,True
resnet50,Multiply_9271,8,732,32,32,32,32,20,9,0,32,0.7715,65536,11520,0.8242,59,38.7,True
resnet50,Multiply_9271,8,733,32,32,32,32,24,9,0,32,0.7539,65536,13824,0.7891,63,38.5,True
resnet50,Multiply_9271,8,734,32,32,32,32,15,9,0,32,0.7935,65536,8640,0.8682,54,37.9,True
resnet50,Multiply_9271,8,735,32,32,32,32,17,9,0,32,0.7847,65536,9792,0.8506,56,38.3,True
resnet50,Multiply_9271,8,736,32,32,32,32,17,9,0,32,0.7847,65536,9792,0.8506,56,46.0,True
resnet50,Multiply_9271,8,737,32,32,32,32,13,10,0,32,0.7803,65536,8320,0.873,53,146.0,True
resnet50,Multiply_9271,8,738,32,32,32,32,18,10,0,32,0.7559,65536,11520,0.8242,58,198.6,True
resnet50,Multiply_9271,8,739,32,32,32,32,17,10,0,32,0.7607,65536,10880,0.834,57,120.1,True
resnet50,Multiply_9271,8,740,32,32,32,32,20,10,0,32,0.7461,65536,12800,0.8047,60,40.7,True
resnet50,Multiply_9271,8,741,32,32,32,32,24,10,0,32,0.7266,65536,15360,0.7656,64,51.0,True
resnet50,Multiply_9271,8,742,32,32,32,32,15,10,0,32,0.7705,65536,9600,0.8535,55,49.5,True
resnet50,Multiply_9271,8,743,32,32,32,32,17,10,0,32,0.7607,65536,10880,0.834,57,91.4,True
resnet50,Multiply_9271,8,744,32,32,32,32,17,10,0,32,0.7607,65536,10880,0.834,57,180.6,True
resnet50,Multiply_9271,8,745,32,32,32,32,13,8,0,32,0.8242,65536,6656,0.8984,51,49.7,True
resnet50,Multiply_9271,8,746,32,32,32,32,18,8,0,32,0.8047,65536,9216,0.8594,56,38.9,True
resnet50,Multiply_9271,8,747,32,32,32,32,17,8,0,32,0.8086,65536,8704,0.8672,55,74.9,True
resnet50,Multiply_9271,8,748,32,32,32,32,20,8,0,32,0.7969,65536,10240,0.8438,58,39.0,True
resnet50,Multiply_9271,8,749,32,32,32,32,24,8,0,32,0.7812,65536,12288,0.8125,62,37.6,True
resnet50,Multiply_9271,8,750,32,32,32,32,15,8,0,32,0.8164,65536,7680,0.8828,53,39.8,True
resnet50,Multiply_9271,8,751,32,32,32,32,17,8,0,32,0.8086,65536,8704,0.8672,55,69.3,True
resnet50,Multiply_9271,8,752,32,32,32,32,17,8,0,32,0.8086,65536,8704,0.8672,55,49.3,True
resnet50,Multiply_9271,8,753,32,32,32,32,13,11,0,32,0.7583,65536,9152,0.8604,54,38.0,True
resnet50,Multiply_9271,8,754,32,32,32,32,18,11,0,32,0.7314,65536,12672,0.8066,59,136.8,True
resnet50,Multiply_9271,8,755,32,32,32,32,17,11,0,32,0.7368,65536,11968,0.8174,58,50.5,True
resnet50,Multiply_9271,8,756,32,32,32,32,20,11,0,32,0.7207,65536,14080,0.7852,61,104.2,True
resnet50,Multiply_9271,8,757,32,32,32,32,24,11,0,32,0.6992,65536,16896,0.7422,65,37.4,True
resnet50,Multiply_9271,8,758,32,32,32,32,15,11,0,32,0.7476,65536,10560,0.8389,56,105.3,True
resnet50,Multiply_9271,8,759,32,32,32,32,17,11,0,32,0.7368,65536,11968,0.8174,58,49.0,True
resnet50,Multiply_9271,8,760,32,32,32,32,17,11,0,32,0.7368,65536,11968,0.8174,58,38.5,True
resnet50,Multiply_9271,8,761,32,32,32,32,13,10,0,32,0.7803,65536,8320,0.873,53,135.2,True
resnet50,Multiply_9271,8,762,32,32,32,32,18,10,0,32,0.7559,65536,11520,0.8242,58,115.2,True
resnet50,Multiply_9271,8,763,32,32,32,32,17,10,0,32,0.7607,65536,10880,0.834,57,38.8,True
resnet50,Multiply_9271,8,764,32,32,32,32,20,10,0,32,0.7461,65536,12800,0.8047,60,40.4,True
resnet50,Multiply_9271,8,765,32,32,32,32,24,10,0,32,0.7266,65536,15360,0.7656,64,51.7,True
resnet50,Multiply_9271,8,766,32,32,32,32,15,10,0,32,0.7705,65536,9600,0.8535,55,177.7,True
resnet50,Multiply_9271,8,767,32,32,32,32,17,10,0,32,0.7607,65536,10880,0.834,57,46.8,True
resnet50,Multiply_9271,8,768,32,32,32,32,17,10,0,32,0.7607,65536,10880,0.834,57,38.4,True
resnet50,Multiply_9271,8,769,32,32,32,32,13,12,0,32,0.7363,65536,9984,0.8477,55,161.2,True
resnet50,Multiply_9271,8,770,32,32,32,32,18,12,0,32,0.707,65536,13824,0.7891,60,43.1,True
resnet50,Multiply_9271,8,771,32,32,32,32,17,12,0,32,0.7129,65536,13056,0.8008,59,39.2,True
resnet50,Multiply_9271,8,772,32,32,32,32,20,12,0,32,0.6953,65536,15360,0.7656,62,38.5,True
resnet50,Multiply_9271,8,773,32,32,32,32,24,12,0,32,0.6719,65536,18432,0.7188,66,38.0,True
resnet50,Multiply_9271,8,774,32,32,32,32,15,12,0,32,0.7246,65536,11520,0.8242,57,38.8,True
resnet50,Multiply_9271,8,775,32,32,32,32,17,12,0,32,0.7129,65536,13056,0.8008,59,54.5,True
resnet50,Multiply_9271,8,776,32,32,32,32,17,12,0,32,0.7129,65536,13056,0.8008,59,38.2,True
resnet50,Multiply_9271,8,777,32,32,32,32,13,7,0,32,0.8462,65536,5824,0.9111,50,47.7,True
resnet50,Multiply_9271,8,778,32,32,32,32,18,7,0,32,0.8291,65536,8064,0.877,55,39.0,True
resnet50,Multiply_9271,8,779,32,32,32,32,17,7,0,32,0.8325,65536,7616,0.8838,54,56.3,True
resnet50,Multiply_9271,8,780,32,32,32,32,20,7,0,32,0.8223,65536,8960,0.8633,57,38.9,True
resnet50,Multiply_9271,8,781,32,32,32,32,24,7,0,32,0.8086,65536,10752,0.8359,61,40.6,True
resnet50,Multiply_9271,8,782,32,32,32,32,15,7,0,32,0.8394,65536,6720,0.8975,52,174.8,True
resnet50,Multiply_9271,8,783,32,32,32,32,17,7,0,32,0.8325,65536,7616,0.8838,54,38.7,True
resnet50,Multiply_9271,8,784,32,32,32,32,17,7,0,32,0.8325,65536,7616,0.8838,54,40.8,True
resnet50,Multiply_9257,10,1,32,32,32,32,14,12,0,32,0.7305,65536,10752,0.8359,56,39.1,True
resnet50,Multiply_9257,10,2,32,32,32,32,21,12,0,32,0.6895,65536,16128,0.7539,63,38.7,True
resnet50,Multiply_9257,10,3,32,32,32,32,14,12,0,32,0.7305,65536,10752,0.8359,56,73.0,True
resnet50,Multiply_9257,10,4,32,32,32,32,21,12,0,32,0.6895,65536,16128,0.7539,63,40.5,True
resnet50,Multiply_9257,10,5,32,32,32,32,14,11,0,32,0.7529,65536,9856,0.8496,55,38.9,True
resnet50,Multiply_9257,10,6,32,32,32,32,21,11,0,32,0.7153,65536,14784,0.7744,62,38.4,True
resnet50,Multiply_9257,10,7,32,32,32,32,14,11,0,32,0.7529,65536,9856,0.8496,55,48.8,True
resnet50,Multiply_9257,10,8,32,32,32,32,21,11,0,32,0.7153,65536,14784,0.7744,62,39.1,True
resnet50,Multiply_9257,10,9,32,32,32,32,14,11,0,32,0.7529,65536,9856,0.8496,55,38.4,True
resnet50,Multiply_9257,10,10,32,32,32,32,21,11,0,32,0.7153,65536,14784,0.7744,62,39.4,True
resnet50,Multiply_9257,10,11,32,32,32,32,14,10,0,32,0.7754,65536,8960,0.8633,54,139.9,True
resnet50,Multiply_9257,10,12,32,32,32,32,21,10,0,32,0.7412,65536,13440,0.7949,61,40.2,True
resnet50,Multiply_9257,10,13,32,32,32,32,14,11,0,32,0.7529,65536,9856,0.8496,55,37.5,True
resnet50,Multiply_9257,10,14,32,32,32,32,21,11,0,32,0.7153,65536,14784,0.7744,62,38.2,True
resnet50,Multiply_9257,10,15,32,32,32,32,14,10,0,32,0.7754,65536,8960,0.8633,54,42.0,True
resnet50,Multiply_9257,10,16,32,32,32,32,21,10,0,32,0.7412,65536,13440,0.7949,61,64.8,True
resnet50,Multiply_9257,10,17,32,32,32,32,14,12,0,32,0.7305,65536,10752,0.8359,56,40.8,True
resnet50,Multiply_9257,10,18,32,32,32,32,21,12,0,32,0.6895,65536,16128,0.7539,63,43.2,True
resnet50,Multiply_9257,10,19,32,32,32,32,14,11,0,32,0.7529,65536,9856,0.8496,55,49.0,True
resnet50,Multiply_9257,10,20,32,32,32,32,21,11,0,32,0.7153,65536,14784,0.7744,62,39.6,True
resnet50,Multiply_9257,10,21,32,32,32,32,14,11,0,32,0.7529,65536,9856,0.8496,55,39.2,True
resnet50,Multiply_9257,10,22,32,32,32,32,21,11,0,32,0.7153,65536,14784,0.7744,62,58.4,True
resnet50,Multiply_9257,10,23,32,32,32,32,14,12,0,32,0.7305,65536,10752,0.8359,56,41.2,True
resnet50,Multiply_9257,10,24,32,32,32,32,21,12,0,32,0.6895,65536,16128,0.7539,63,60.5,True
resnet50,Multiply_9257,10,25,32,32,32,32,14,11,0,32,0.7529,65536,9856,0.8496,55,47.2,True
resnet50,Multiply_9257,10,26,32,32,32,32,21,11,0,32,0.7153,65536,14784,0.7744,62,38.4,True
resnet50,Multiply_9257,10,27,32,32,32,32,14,12,0,32,0.7305,65536,10752,0.8359,56,38.7,True
resnet50,Multiply_9257,10,28,32,32,32,32,21,12,0,32,0.6895,65536,16128,0.7539,63,39.3,True
resnet50,Multiply_9257,10,29,32,32,32,32,14,12,0,32,0.7305,65536,10752,0.8359,56,177.3,True
resnet50,Multiply_9257,10,30,32,32,32,32,21,12,0,32,0.6895,65536,16128,0.7539,63,41.9,True
resnet50,Multiply_9257,10,31,32,32,32,32,14,12,0,32,0.7305,65536,10752,0.8359,56,48.9,True
resnet50,Multiply_9257,10,32,32,32,32,32,21,12,0,32,0.6895,65536,16128,0.7539,63,111.8,True
resnet50,Multiply_9257,10,33,32,32,32,32,14,12,0,32,0.7305,65536,10752,0.8359,56,48.0,True
resnet50,Multiply_9257,10,34,32,32,32,32,21,12,0,32,0.6895,65536,16128,0.7539,63,38.9,True
resnet50,Multiply_9257,10,35,32,32,32,32,14,12,0,32,0.7305,65536,10752,0.8359,56,99.2,True
resnet50,Multiply_9257,10,36,32,32,32,32,21,12,0,32,0.6895,65536,16128,0.7539,63,39.4,True
resnet50,Multiply_9257,10,37,32,32,32,32,14,12,0,32,0.7305,65536,10752,0.8359,56,38.5,True
resnet50,Multiply_9257,10,38,32,32,32,32,21,12,0,32,0.6895,65536,16128,0.7539,63,221.3,True
resnet50,Multiply_9257,10,39,32,32,32,32,14,12,0,32,0.7305,65536,10752,0.8359,56,52.9,True
resnet50,Multiply_9257,10,40,32,32,32,32,21,12,0,32,0.6895,65536,16128,0.7539,63,41.1,True
resnet50,Multiply_9257,10,41,32,32,32,32,14,11,0,32,0.7529,65536,9856,0.8496,55,46.9,True
resnet50,Multiply_9257,10,42,32,32,32,32,21,11,0,32,0.7153,65536,14784,0.7744,62,38.7,True
resnet50,Multiply_9257,10,43,32,32,32,32,14,12,0,32,0.7305,65536,10752,0.8359,56,47.1,True
resnet50,Multiply_9257,10,44,32,32,32,32,21,12,0,32,0.6895,65536,16128,0.7539,63,39.0,True
resnet50,Multiply_9257,10,45,32,32,32,32,14,10,0,32,0.7754,65536,8960,0.8633,54,44.0,True
resnet50,Multiply_9257,10,46,32,32,32,32,21,10,0,32,0.7412,65536,13440,0.7949,61,41.2,True
resnet50,Multiply_9257,10,47,32,32,32,32,14,11,0,32,0.7529,65536,9856,0.8496,55,247.6,True
resnet50,Multiply_9257,10,48,32,32,32,32,21,11,0,32,0.7153,65536,14784,0.7744,62,111.6,True
resnet50,Multiply_9257,10,49,32,32,32,32,14,12,0,32,0.7305,65536,10752,0.8359,56,38.3,True
resnet50,Multiply_9257,10,50,32,32,32,32,21,12,0,32,0.6895,65536,16128,0.7539,63,38.7,True
resnet50,Multiply_9257,10,51,32,32,32,32,14,12,0,32,0.7305,65536,10752,0.8359,56,48.0,True
resnet50,Multiply_9257,10,52,32,32,32,32,21,12,0,32,0.6895,65536,16128,0.7539,63,39.3,True
resnet50,Multiply_9257,10,53,32,32,32,32,14,11,0,32,0.7529,65536,9856,0.8496,55,44.6,True
resnet50,Multiply_9257,10,54,32,32,32,32,21,11,0,32,0.7153,65536,14784,0.7744,62,39.5,True
resnet50,Multiply_9257,10,55,32,32,32,32,14,10,0,32,0.7754,65536,8960,0.8633,54,36.9,True
resnet50,Multiply_9257,10,56,32,32,32,32,21,10,0,32,0.7412,65536,13440,0.7949,61,37.2,True
resnet50,Multiply_9257,10,57,32,32,32,32,14,12,0,32,0.7305,65536,10752,0.8359,56,38.9,True
resnet50,Multiply_9257,10,58,32,32,32,32,21,12,0,32,0.6895,65536,16128,0.7539,63,39.8,True
resnet50,Multiply_9257,10,59,32,32,32,32,14,10,0,32,0.7754,65536,8960,0.8633,54,47.2,True
resnet50,Multiply_9257,10,60,32,32,32,32,21,10,0,32,0.7412,65536,13440,0.7949,61,198.5,True
resnet50,Multiply_9257,10,61,32,32,32,32,14,12,0,32,0.7305,65536,10752,0.8359,56,37.7,True
resnet50,Multiply_9257,10,62,32,32,32,32,21,12,0,32,0.6895,65536,16128,0.7539,63,42.4,True
resnet50,Multiply_9257,10,63,32,32,32,32,14,12,0,32,0.7305,65536,10752,0.8359,56,38.2,True
resnet50,Multiply_9257,10,64,32,32,32,32,21,12,0,32,0.6895,65536,16128,0.7539,63,38.9,True
resnet50,Multiply_9257,10,65,32,32,32,32,14,12,0,32,0.7305,65536,10752,0.8359,56,43.9,True
resnet50,Multiply_9257,10,66,32,32,32,32,21,12,0,32,0.6895,65536,16128,0.7539,63,40.7,True
resnet50,Multiply_9257,10,67,32,32,32,32,14,12,0,32,0.7305,65536,10752,0.8359,56,37.8,True
resnet50,Multiply_9257,10,68,32,32,32,32,21,12,0,32,0.6895,65536,16128,0.7539,63,41.0,True
resnet50,Multiply_9257,10,69,32,32,32,32,14,12,0,32,0.7305,65536,10752,0.8359,56,39.4,True
resnet50,Multiply_9257,10,70,32,32,32,32,21,12,0,32,0.6895,65536,16128,0.7539,63,39.3,True
resnet50,Multiply_9257,10,71,32,32,32,32,14,11,0,32,0.7529,65536,9856,0.8496,55,140.2,True
resnet50,Multiply_9257,10,72,32,32,32,32,21,11,0,32,0.7153,65536,14784,0.7744,62,38.4,True
resnet50,Multiply_9257,10,73,32,32,32,32,14,12,0,32,0.7305,65536,10752,0.8359,56,46.3,True
resnet50,Multiply_9257,10,74,32,32,32,32,21,12,0,32,0.6895,65536,16128,0.7539,63,212.5,True
resnet50,Multiply_9257,10,75,32,32,32,32,14,11,0,32,0.7529,65536,9856,0.8496,55,38.4,True
resnet50,Multiply_9257,10,76,32,32,32,32,21,11,0,32,0.7153,65536,14784,0.7744,62,39.2,True
resnet50,Multiply_9257,10,77,32,32,32,32,14,12,0,32,0.7305,65536,10752,0.8359,56,52.0,True
resnet50,Multiply_9257,10,78,32,32,32,32,21,12,0,32,0.6895,65536,16128,0.7539,63,38.6,True
resnet50,Multiply_9257,10,79,32,32,32,32,14,12,0,32,0.7305,65536,10752,0.8359,56,166.7,True
resnet50,Multiply_9257,10,80,32,32,32,32,21,12,0,32,0.6895,65536,16128,0.7539,63,38.6,True
resnet50,Multiply_9257,10,81,32,32,32,32,14,12,0,32,0.7305,65536,10752,0.8359,56,194.5,True
resnet50,Multiply_9257,10,82,32,32,32,32,21,12,0,32,0.6895,65536,16128,0.7539,63,52.0,True
resnet50,Multiply_9257,10,83,32,32,32,32,14,12,0,32,0.7305,65536,10752,0.8359,56,47.4,True
resnet50,Multiply_9257,10,84,32,32,32,32,21,12,0,32,0.6895,65536,16128,0.7539,63,38.6,True
resnet50,Multiply_9257,10,85,32,32,32,32,14,12,0,32,0.7305,65536,10752,0.8359,56,70.7,True
resnet50,Multiply_9257,10,86,32,32,32,32,21,12,0,32,0.6895,65536,16128,0.7539,63,38.4,True
resnet50,Multiply_9257,10,87,32,32,32,32,14,12,0,32,0.7305,65536,10752,0.8359,56,59.4,True
resnet50,Multiply_9257,10,88,32,32,32,32,21,12,0,32,0.6895,65536,16128,0.7539,63,39.2,True
resnet50,Multiply_9257,10,89,32,32,32,32,14,12,0,32,0.7305,65536,10752,0.8359,56,38.9,True
resnet50,Multiply_9257,10,90,32,32,32,32,21,12,0,32,0.6895,65536,16128,0.7539,63,38.5,True
resnet50,Multiply_9257,10,91,32,32,32,32,14,12,0,32,0.7305,65536,10752,0.8359,56,45.4,True
resnet50,Multiply_9257,10,92,32,32,32,32,21,12,0,32,0.6895,65536,16128,0.7539,63,173.8,True
resnet50,Multiply_9257,10,93,32,32,32,32,14,12,0,32,0.7305,65536,10752,0.8359,56,38.2,True
resnet50,Multiply_9257,10,94,32,32,32,32,21,12,0,32,0.6895,65536,16128,0.7539,63,48.7,True
resnet50,Multiply_9257,10,95,32,32,32,32,14,12,0,32,0.7305,65536,10752,0.8359,56,39.4,True
resnet50,Multiply_9257,10,96,32,32,32,32,21,12,0,32,0.6895,65536,16128,0.7539,63,39.7,True
resnet50,Multiply_9257,10,97,32,32,32,32,14,12,0,32,0.7305,65536,10752,0.8359,56,83.4,True
resnet50,Multiply_9257,10,98,32,32,32,32,21,12,0,32,0.6895,65536,16128,0.7539,63,39.5,True
resnet50,Multiply_9257,10,99,32,32,32,32,14,12,0,32,0.7305,65536,10752,0.8359,56,41.3,True
resnet50,Multiply_9257,10,100,32,32,32,32,21,12,0,32,0.6895,65536,16128,0.7539,63,38.7,True
resnet50,Multiply_9257,10,101,32,32,32,32,14,12,0,32,0.7305,65536,10752,0.8359,56,121.3,True
resnet50,Multiply_9257,10,102,32,32,32,32,21,12,0,32,0.6895,65536,16128,0.7539,63,45.3,True
resnet50,Multiply_9257,10,103,32,32,32,32,14,12,0,32,0.7305,65536,10752,0.8359,56,51.8,True
resnet50,Multiply_9257,10,104,32,32,32,32,21,12,0,32,0.6895,65536,16128,0.7539,63,39.4,True
resnet50,Multiply_9257,10,105,32,32,32,32,14,12,0,32,0.7305,65536,10752,0.8359,56,47.9,True
resnet50,Multiply_9257,10,106,32,32,32,32,21,12,0,32,0.6895,65536,16128,0.7539,63,39.0,True
resnet50,Multiply_9257,10,107,32,32,32,32,14,12,0,32,0.7305,65536,10752,0.8359,56,175.9,True
resnet50,Multiply_9257,10,108,32,32,32,32,21,12,0,32,0.6895,65536,16128,0.7539,63,37.8,True
resnet50,Multiply_9257,10,109,32,32,32,32,14,12,0,32,0.7305,65536,10752,0.8359,56,146.8,True
resnet50,Multiply_9257,10,110,32,32,32,32,21,12,0,32,0.6895,65536,16128,0.7539,63,59.2,True
resnet50,Multiply_9257,10,111,32,32,32,32,14,12,0,32,0.7305,65536,10752,0.8359,56,47.4,True
resnet50,Multiply_9257,10,112,32,32,32,32,21,12,0,32,0.6895,65536,16128,0.7539,63,88.2,True
resnet50,Multiply_9257,10,113,32,32,32,32,14,12,0,32,0.7305,65536,10752,0.8359,56,46.3,True
resnet50,Multiply_9257,10,114,32,32,32,32,21,12,0,32,0.6895,65536,16128,0.7539,63,38.5,True
resnet50,Multiply_9257,10,115,32,32,32,32,14,12,0,32,0.7305,65536,10752,0.8359,56,158.1,True
resnet50,Multiply_9257,10,116,32,32,32,32,21,12,0,32,0.6895,65536,16128,0.7539,63,128.0,True
resnet50,Multiply_9257,10,117,32,32,32,32,14,12,0,32,0.7305,65536,10752,0.8359,56,106.1,True
resnet50,Multiply_9257,10,118,32,32,32,32,21,12,0,32,0.6895,65536,16128,0.7539,63,106.0,True
resnet50,Multiply_9257,10,119,32,32,32,32,14,12,0,32,0.7305,65536,10752,0.8359,56,39.0,True
resnet50,Multiply_9257,10,120,32,32,32,32,21,12,0,32,0.6895,65536,16128,0.7539,63,38.7,True
resnet50,Multiply_9257,10,121,32,32,32,32,14,12,0,32,0.7305,65536,10752,0.8359,56,40.8,True
resnet50,Multiply_9257,10,122,32,32,32,32,21,12,0,32,0.6895,65536,16128,0.7539,63,99.0,True
resnet50,Multiply_9257,10,123,32,32,32,32,14,12,0,32,0.7305,65536,10752,0.8359,56,48.4,True
resnet50,Multiply_9257,10,124,32,32,32,32,21,12,0,32,0.6895,65536,16128,0.7539,63,84.8,True
resnet50,Multiply_9257,10,125,32,32,32,32,14,12,0,32,0.7305,65536,10752,0.8359,56,38.4,True
resnet50,Multiply_9257,10,126,32,32,32,32,21,12,0,32,0.6895,65536,16128,0.7539,63,39.5,True
resnet50,Multiply_9257,10,127,32,32,32,32,14,12,0,32,0.7305,65536,10752,0.8359,56,38.0,True
resnet50,Multiply_9257,10,128,32,32,32,32,21,12,0,32,0.6895,65536,16128,0.7539,63,38.9,True
resnet50,Multiply_9257,10,129,32,32,32,32,14,12,0,32,0.7305,65536,10752,0.8359,56,40.8,True
resnet50,Multiply_9257,10,130,32,32,32,32,21,12,0,32,0.6895,65536,16128,0.7539,63,38.4,True
resnet50,Multiply_9257,10,131,32,32,32,32,14,12,0,32,0.7305,65536,10752,0.8359,56,38.8,True
resnet50,Multiply_9257,10,132,32,32,32,32,21,12,0,32,0.6895,65536,16128,0.7539,63,39.2,True
resnet50,Multiply_9257,10,133,32,32,32,32,14,12,0,32,0.7305,65536,10752,0.8359,56,38.8,True
resnet50,Multiply_9257,10,134,32,32,32,32,21,12,0,32,0.6895,65536,16128,0.7539,63,119.5,True
resnet50,Multiply_9257,10,135,32,32,32,32,14,12,0,32,0.7305,65536,10752,0.8359,56,38.1,True
resnet50,Multiply_9257,10,136,32,32,32,32,21,12,0,32,0.6895,65536,16128,0.7539,63,164.4,True
resnet50,Multiply_9257,10,137,32,32,32,32,14,12,0,32,0.7305,65536,10752,0.8359,56,47.9,True
resnet50,Multiply_9257,10,138,32,32,32,32,21,12,0,32,0.6895,65536,16128,0.7539,63,39.0,True
resnet50,Multiply_9257,10,139,32,32,32,32,14,12,0,32,0.7305,65536,10752,0.8359,56,41.4,True
resnet50,Multiply_9257,10,140,32,32,32,32,21,12,0,32,0.6895,65536,16128,0.7539,63,39.3,True
resnet50,Multiply_9257,10,141,32,32,32,32,14,12,0,32,0.7305,65536,10752,0.8359,56,192.9,True
resnet50,Multiply_9257,10,142,32,32,32,32,21,12,0,32,0.6895,65536,16128,0.7539,63,395.8,True
resnet50,Multiply_9257,10,143,32,32,32,32,14,12,0,32,0.7305,65536,10752,0.8359,56,37.8,True
resnet50,Multiply_9257,10,144,32,32,32,32,21,12,0,32,0.6895,65536,16128,0.7539,63,38.6,True
resnet50,Multiply_9257,10,145,32,32,32,32,14,12,0,32,0.7305,65536,10752,0.8359,56,38.2,True
resnet50,Multiply_9257,10,146,32,32,32,32,21,12,0,32,0.6895,65536,16128,0.7539,63,38.7,True
resnet50,Multiply_9257,10,147,32,32,32,32,14,12,0,32,0.7305,65536,10752,0.8359,56,41.2,True
resnet50,Multiply_9257,10,148,32,32,32,32,21,12,0,32,0.6895,65536,16128,0.7539,63,39.5,True
resnet50,Multiply_9257,10,149,32,32,32,32,14,12,0,32,0.7305,65536,10752,0.8359,56,40.1,True
resnet50,Multiply_9257,10,150,32,32,32,32,21,12,0,32,0.6895,65536,16128,0.7539,63,37.9,True
resnet50,Multiply_9257,10,151,32,32,32,32,14,12,0,32,0.7305,65536,10752,0.8359,56,62.3,True
resnet50,Multiply_9257,10,152,32,32,32,32,21,12,0,32,0.6895,65536,16128,0.7539,63,44.6,True
resnet50,Multiply_9257,10,153,32,32,32,32,14,12,0,32,0.7305,65536,10752,0.8359,56,41.7,True
resnet50,Multiply_9257,10,154,32,32,32,32,21,12,0,32,0.6895,65536,16128,0.7539,63,52.9,True
resnet50,Multiply_9257,10,155,32,32,32,32,14,12,0,32,0.7305,65536,10752,0.8359,56,38.0,True
resnet50,Multiply_9257,10,156,32,32,32,32,21,12,0,32,0.6895,65536,16128,0.7539,63,43.3,True
resnet50,Multiply_9257,10,157,32,32,32,32,14,12,0,32,0.7305,65536,10752,0.8359,56,38.8,True
resnet50,Multiply_9257,10,158,32,32,32,32,21,12,0,32,0.6895,65536,16128,0.7539,63,39.9,True
resnet50,Multiply_9257,10,159,32,32,32,32,14,12,0,32,0.7305,65536,10752,0.8359,56,53.5,True
resnet50,Multiply_9257,10,160,32,32,32,32,21,12,0,32,0.6895,65536,16128,0.7539,63,65.0,True
resnet50,Multiply_9257,10,161,32,32,32,32,14,12,0,32,0.7305,65536,10752,0.8359,56,40.9,True
resnet50,Multiply_9257,10,162,32,32,32,32,21,12,0,32,0.6895,65536,16128,0.7539,63,38.7,True
resnet50,Multiply_9257,10,163,32,32,32,32,14,12,0,32,0.7305,65536,10752,0.8359,56,41.7,True
resnet50,Multiply_9257,10,164,32,32,32,32,21,12,0,32,0.6895,65536,16128,0.7539,63,38.8,True
resnet50,Multiply_9257,10,165,32,32,32,32,14,12,0,32,0.7305,65536,10752,0.8359,56,38.0,True
resnet50,Multiply_9257,10,166,32,32,32,32,21,12,0,32,0.6895,65536,16128,0.7539,63,40.4,True
resnet50,Multiply_9257,10,167,32,32,32,32,14,12,0,32,0.7305,65536,10752,0.8359,56,39.9,True
resnet50,Multiply_9257,10,168,32,32,32,32,21,12,0,32,0.6895,65536,16128,0.7539,63,38.9,True
resnet50,Multiply_9257,10,169,32,32,32,32,14,12,0,32,0.7305,65536,10752,0.8359,56,40.7,True
resnet50,Multiply_9257,10,170,32,32,32,32,21,12,0,32,0.6895,65536,16128,0.7539,63,40.0,True
resnet50,Multiply_9257,10,171,32,32,32,32,14,12,0,32,0.7305,65536,10752,0.8359,56,38.1,True
resnet50,Multiply_9257,10,172,32,32,32,32,21,12,0,32,0.6895,65536,16128,0.7539,63,177.1,True
resnet50,Multiply_9257,10,173,32,32,32,32,14,12,0,32,0.7305,65536,10752,0.8359,56,43.1,True
resnet50,Multiply_9257,10,174,32,32,32,32,21,12,0,32,0.6895,65536,16128,0.7539,63,39.1,True
resnet50,Multiply_9257,10,175,32,32,32,32,14,12,0,32,0.7305,65536,10752,0.8359,56,159.0,True
resnet50,Multiply_9257,10,176,32,32,32,32,21,12,0,32,0.6895,65536,16128,0.7539,63,39.8,True
resnet50,Multiply_9257,10,177,32,32,32,32,14,12,0,32,0.7305,65536,10752,0.8359,56,37.9,True
resnet50,Multiply_9257,10,178,32,32,32,32,21,12,0,32,0.6895,65536,16128,0.7539,63,101.7,True
resnet50,Multiply_9257,10,179,32,32,32,32,14,12,0,32,0.7305,65536,10752,0.8359,56,37.2,True
resnet50,Multiply_9257,10,180,32,32,32,32,21,12,0,32,0.6895,65536,16128,0.7539,63,37.9,True
resnet50,Multiply_9257,10,181,32,32,32,32,14,12,0,32,0.7305,65536,10752,0.8359,56,42.5,True
resnet50,Multiply_9257,10,182,32,32,32,32,21,12,0,32,0.6895,65536,16128,0.7539,63,37.8,True
resnet50,Multiply_9257,10,183,32,32,32,32,14,11,0,32,0.7529,65536,9856,0.8496,55,45.6,True
resnet50,Multiply_9257,10,184,32,32,32,32,21,11,0,32,0.7153,65536,14784,0.7744,62,47.8,True
resnet50,Multiply_9257,10,185,32,32,32,32,14,12,0,32,0.7305,65536,10752,0.8359,56,195.6,True
resnet50,Multiply_9257,10,186,32,32,32,32,21,12,0,32,0.6895,65536,16128,0.7539,63,40.2,True
resnet50,Multiply_9257,10,187,32,32,32,32,14,12,0,32,0.7305,65536,10752,0.8359,56,225.1,True
resnet50,Multiply_9257,10,188,32,32,32,32,21,12,0,32,0.6895,65536,16128,0.7539,63,72.8,True
resnet50,Multiply_9257,10,189,32,32,32,32,14,12,0,32,0.7305,65536,10752,0.8359,56,46.1,True
resnet50,Multiply_9257,10,190,32,32,32,32,21,12,0,32,0.6895,65536,16128,0.7539,63,58.3,True
resnet50,Multiply_9257,10,191,32,32,32,32,14,12,0,32,0.7305,65536,10752,0.8359,56,45.1,True
resnet50,Multiply_9257,10,192,32,32,32,32,21,12,0,32,0.6895,65536,16128,0.7539,63,43.4,True
resnet50,Multiply_9257,10,193,32,32,32,32,14,12,0,32,0.7305,65536,10752,0.8359,56,48.3,True
resnet50,Multiply_9257,10,194,32,32,32,32,21,12,0,32,0.6895,65536,16128,0.7539,63,104.9,True
resnet50,Multiply_9257,10,195,32,32,32,32,14,12,0,32,0.7305,65536,10752,0.8359,56,37.3,True
resnet50,Multiply_9257,10,196,32,32,32,32,21,12,0,32,0.6895,65536,16128,0.7539,63,39.1,True
resnet50,Multiply_9292,11,1,32,32,32,32,17,11,0,32,0.7368,65536,11968,0.8174,58,45.1,True
resnet50,Multiply_9292,11,2,32,32,32,32,12,11,0,32,0.7637,65536,8448,0.8711,53,48.5,True
resnet50,Multiply_9292,11,3,32,32,32,32,20,11,0,32,0.7207,65536,14080,0.7852,61,38.6,True
resnet50,Multiply_9292,11,4,32,32,32,32,18,11,0,32,0.7314,65536,12672,0.8066,59,111.2,True
resnet50,Multiply_9292,11,5,32,32,32,32,21,11,0,32,0.7153,65536,14784,0.7744,62,151.4,True
resnet50,Multiply_9292,11,6,32,32,32,32,19,11,0,32,0.7261,65536,13376,0.7959,60,178.5,True
resnet50,Multiply_9292,11,7,32,32,32,32,21,11,0,32,0.7153,65536,14784,0.7744,62,59.8,True
resnet50,Multiply_9292,11,8,32,32,32,32,13,11,0,32,0.7583,65536,9152,0.8604,54,203.4,True
resnet50,Multiply_9292,11,9,32,32,32,32,17,12,0,32,0.7129,65536,13056,0.8008,59,73.5,True
resnet50,Multiply_9292,11,10,32,32,32,32,12,12,0,32,0.7422,65536,9216,0.8594,54,230.7,True
resnet50,Multiply_9292,11,11,32,32,32,32,20,12,0,32,0.6953,65536,15360,0.7656,62,194.9,True
resnet50,Multiply_9292,11,12,32,32,32,32,18,12,0,32,0.707,65536,13824,0.7891,60,154.2,True
resnet50,Multiply_9292,11,13,32,32,32,32,21,12,0,32,0.6895,65536,16128,0.7539,63,38.5,True
resnet50,Multiply_9292,11,14,32,32,32,32,19,12,0,32,0.7012,65536,14592,0.7773,61,73.2,True
resnet50,Multiply_9292,11,15,32,32,32,32,21,12,0,32,0.6895,65536,16128,0.7539,63,222.9,True
resnet50,Multiply_9292,11,16,32,32,32,32,13,12,0,32,0.7363,65536,9984,0.8477,55,177.9,True
resnet50,Multiply_9292,11,17,32,32,32,32,17,8,0,32,0.8086,65536,8704,0.8672,55,50.7,True
resnet50,Multiply_9292,11,18,32,32,32,32,12,8,0,32,0.8281,65536,6144,0.9062,50,47.4,True
resnet50,Multiply_9292,11,19,32,32,32,32,20,8,0,32,0.7969,65536,10240,0.8438,58,38.4,True
resnet50,Multiply_9292,11,20,32,32,32,32,18,8,0,32,0.8047,65536,9216,0.8594,56,180.4,True
resnet50,Multiply_9292,11,21,32,32,32,32,21,8,0,32,0.793,65536,10752,0.8359,59,115.9,True
resnet50,Multiply_9292,11,22,32,32,32,32,19,8,0,32,0.8008,65536,9728,0.8516,57,72.6,True
resnet50,Multiply_9292,11,23,32,32,32,32,21,8,0,32,0.793,65536,10752,0.8359,59,37.7,True
resnet50,Multiply_9292,11,24,32,32,32,32,13,8,0,32,0.8242,65536,6656,0.8984,51,85.6,True
resnet50,Multiply_9292,11,25,32,32,32,32,17,9,0,32,0.7847,65536,9792,0.8506,56,178.6,True
resnet50,Multiply_9292,11,26,32,32,32,32,12,9,0,32,0.8066,65536,6912,0.8945,51,77.5,True
resnet50,Multiply_9292,11,27,32,32,32,32,20,9,0,32,0.7715,65536,11520,0.8242,59,45.9,True
resnet50,Multiply_9292,11,28,32,32,32,32,18,9,0,32,0.7803,65536,10368,0.8418,57,201.3,True
resnet50,Multiply_9292,11,29,32,32,32,32,21,9,0,32,0.7671,65536,12096,0.8154,60,39.4,True
resnet50,Multiply_9292,11,30,32,32,32,32,19,9,0,32,0.7759,65536,10944,0.833,58,177.2,True
resnet50,Multiply_9292,11,31,32,32,32,32,21,9,0,32,0.7671,65536,12096,0.8154,60,63.1,True
resnet50,Multiply_9292,11,32,32,32,32,32,13,9,0,32,0.8022,65536,7488,0.8857,52,197.2,True
resnet50,Multiply_9292,11,33,32,32,32,32,17,10,0,32,0.7607,65536,10880,0.834,57,38.2,True
resnet50,Multiply_9292,11,34,32,32,32,32,12,10,0,32,0.7852,65536,7680,0.8828,52,223.7,True
resnet50,Multiply_9292,11,35,32,32,32,32,20,10,0,32,0.7461,65536,12800,0.8047,60,175.3,True
resnet50,Multiply_9292,11,36,32,32,32,32,18,10,0,32,0.7559,65536,11520,0.8242,58,48.8,True
resnet50,Multiply_9292,11,37,32,32,32,32,21,10,0,32,0.7412,65536,13440,0.7949,61,176.4,True
resnet50,Multiply_9292,11,38,32,32,32,32,19,10,0,32,0.751,65536,12160,0.8145,59,40.1,True
resnet50,Multiply_9292,11,39,32,32,32,32,21,10,0,32,0.7412,65536,13440,0.7949,61,38.1,True
resnet50,Multiply_9292,11,40,32,32,32,32,13,10,0,32,0.7803,65536,8320,0.873,53,227.1,True
resnet50,Multiply_9292,11,41,32,32,32,32,17,10,0,32,0.7607,65536,10880,0.834,57,70.3,True
resnet50,Multiply_9292,11,42,32,32,32,32,12,10,0,32,0.7852,65536,7680,0.8828,52,38.6,True
resnet50,Multiply_9292,11,43,32,32,32,32,20,10,0,32,0.7461,65536,12800,0.8047,60,74.3,True
resnet50,Multiply_9292,11,44,32,32,32,32,18,10,0,32,0.7559,65536,11520,0.8242,58,75.0,True
resnet50,Multiply_9292,11,45,32,32,32,32,21,10,0,32,0.7412,65536,13440,0.7949,61,49.2,True
resnet50,Multiply_9292,11,46,32,32,32,32,19,10,0,32,0.751,65536,12160,0.8145,59,99.7,True
resnet50,Multiply_9292,11,47,32,32,32,32,21,10,0,32,0.7412,65536,13440,0.7949,61,178.6,True
resnet50,Multiply_9292,11,48,32,32,32,32,13,10,0,32,0.7803,65536,8320,0.873,53,101.8,True
resnet50,Multiply_9292,11,49,32,32,32,32,17,12,0,32,0.7129,65536,13056,0.8008,59,61.5,True
resnet50,Multiply_9292,11,50,32,32,32,32,12,12,0,32,0.7422,65536,9216,0.8594,54,100.3,True
resnet50,Multiply_9292,11,51,32,32,32,32,20,12,0,32,0.6953,65536,15360,0.7656,62,109.3,True
resnet50,Multiply_9292,11,52,32,32,32,32,18,12,0,32,0.707,65536,13824,0.7891,60,158.4,True
resnet50,Multiply_9292,11,53,32,32,32,32,21,12,0,32,0.6895,65536,16128,0.7539,63,56.5,True
resnet50,Multiply_9292,11,54,32,32,32,32,19,12,0,32,0.7012,65536,14592,0.7773,61,129.3,True
resnet50,Multiply_9292,11,55,32,32,32,32,21,12,0,32,0.6895,65536,16128,0.7539,63,72.0,True
resnet50,Multiply_9292,11,56,32,32,32,32,13,12,0,32,0.7363,65536,9984,0.8477,55,47.4,True
resnet50,Multiply_9292,11,57,32,32,32,32,17,13,0,32,0.689,65536,14144,0.7842,60,47.1,True
resnet50,Multiply_9292,11,58,32,32,32,32,12,13,0,32,0.7207,65536,9984,0.8477,55,38.9,True
resnet50,Multiply_9292,11,59,32,32,32,32,20,13,0,32,0.6699,65536,16640,0.7461,63,272.1,True
resnet50,Multiply_9292,11,60,32,32,32,32,18,13,0,32,0.6826,65536,14976,0.7715,61,86.8,True
resnet50,Multiply_9292,11,61,32,32,32,32,21,13,0,32,0.6636,65536,17472,0.7334,64,78.0,True
resnet50,Multiply_9292,11,62,32,32,32,32,19,13,0,32,0.6763,65536,15808,0.7588,62,222.5,True
resnet50,Multiply_9292,11,63,32,32,32,32,21,13,0,32,0.6636,65536,17472,0.7334,64,116.9,True
resnet50,Multiply_9292,11,64,32,32,32,32,13,13,0,32,0.7144,65536,10816,0.835,56,99.8,True
resnet50,Multiply_9292,11,65,32,32,32,32,17,12,0,32,0.7129,65536,13056,0.8008,59,142.4,True
resnet50,Multiply_9292,11,66,32,32,32,32,12,12,0,32,0.7422,65536,9216,0.8594,54,197.4,True
resnet50,Multiply_9292,11,67,32,32,32,32,20,12,0,32,0.6953,65536,15360,0.7656,62,45.4,True
resnet50,Multiply_9292,11,68,32,32,32,32,18,12,0,32,0.707,65536,13824,0.7891,60,62.1,True
resnet50,Multiply_9292,11,69,32,32,32,32,21,12,0,32,0.6895,65536,16128,0.7539,63,107.1,True
resnet50,Multiply_9292,11,70,32,32,32,32,19,12,0,32,0.7012,65536,14592,0.7773,61,46.2,True
resnet50,Multiply_9292,11,71,32,32,32,32,21,12,0,32,0.6895,65536,16128,0.7539,63,119.1,True
resnet50,Multiply_9292,11,72,32,32,32,32,13,12,0,32,0.7363,65536,9984,0.8477,55,65.9,True
resnet50,Multiply_9292,11,73,32,32,32,32,17,11,0,32,0.7368,65536,11968,0.8174,58,175.7,True
resnet50,Multiply_9292,11,74,32,32,32,32,12,11,0,32,0.7637,65536,8448,0.8711,53,148.4,True
resnet50,Multiply_9292,11,75,32,32,32,32,20,11,0,32,0.7207,65536,14080,0.7852,61,178.1,True
resnet50,Multiply_9292,11,76,32,32,32,32,18,11,0,32,0.7314,65536,12672,0.8066,59,37.1,True
resnet50,Multiply_9292,11,77,32,32,32,32,21,11,0,32,0.7153,65536,14784,0.7744,62,62.0,True
resnet50,Multiply_9292,11,78,32,32,32,32,19,11,0,32,0.7261,65536,13376,0.7959,60,47.4,True
resnet50,Multiply_9292,11,79,32,32,32,32,21,11,0,32,0.7153,65536,14784,0.7744,62,65.3,True
resnet50,Multiply_9292,11,80,32,32,32,32,13,11,0,32,0.7583,65536,9152,0.8604,54,49.8,True
resnet50,Multiply_9292,11,81,32,32,32,32,17,10,0,32,0.7607,65536,10880,0.834,57,94.9,True
resnet50,Multiply_9292,11,82,32,32,32,32,12,10,0,32,0.7852,65536,7680,0.8828,52,124.6,True
resnet50,Multiply_9292,11,83,32,32,32,32,20,10,0,32,0.7461,65536,12800,0.8047,60,48.8,True
resnet50,Multiply_9292,11,84,32,32,32,32,18,10,0,32,0.7559,65536,11520,0.8242,58,48.8,True
resnet50,Multiply_9292,11,85,32,32,32,32,21,10,0,32,0.7412,65536,13440,0.7949,61,198.6,True
resnet50,Multiply_9292,11,86,32,32,32,32,19,10,0,32,0.751,65536,12160,0.8145,59,38.3,True
resnet50,Multiply_9292,11,87,32,32,32,32,21,10,0,32,0.7412,65536,13440,0.7949,61,46.8,True
resnet50,Multiply_9292,11,88,32,32,32,32,13,10,0,32,0.7803,65536,8320,0.873,53,72.3,True
resnet50,Multiply_9292,11,89,32,32,32,32,17,11,0,32,0.7368,65536,11968,0.8174,58,174.7,True
resnet50,Multiply_9292,11,90,32,32,32,32,12,11,0,32,0.7637,65536,8448,0.8711,53,43.3,True
resnet50,Multiply_9292,11,91,32,32,32,32,20,11,0,32,0.7207,65536,14080,0.7852,61,73.6,True
resnet50,Multiply_9292,11,92,32,32,32,32,18,11,0,32,0.7314,65536,12672,0.8066,59,224.9,True
resnet50,Multiply_9292,11,93,32,32,32,32,21,11,0,32,0.7153,65536,14784,0.7744,62,50.6,True
resnet50,Multiply_9292,11,94,32,32,32,32,19,11,0,32,0.7261,65536,13376,0.7959,60,69.6,True
resnet50,Multiply_9292,11,95,32,32,32,32,21,11,0,32,0.7153,65536,14784,0.7744,62,41.9,True
resnet50,Multiply_9292,11,96,32,32,32,32,13,11,0,32,0.7583,65536,9152,0.8604,54,84.0,True
resnet50,Multiply_9292,11,97,32,32,32,32,17,10,0,32,0.7607,65536,10880,0.834,57,100.5,True
resnet50,Multiply_9292,11,98,32,32,32,32,12,10,0,32,0.7852,65536,7680,0.8828,52,50.1,True
resnet50,Multiply_9292,11,99,32,32,32,32,20,10,0,32,0.7461,65536,12800,0.8047,60,185.9,True
resnet50,Multiply_9292,11,100,32,32,32,32,18,10,0,32,0.7559,65536,11520,0.8242,58,44.6,True
resnet50,Multiply_9292,11,101,32,32,32,32,21,10,0,32,0.7412,65536,13440,0.7949,61,375.6,True
resnet50,Multiply_9292,11,102,32,32,32,32,19,10,0,32,0.751,65536,12160,0.8145,59,49.8,True
resnet50,Multiply_9292,11,103,32,32,32,32,21,10,0,32,0.7412,65536,13440,0.7949,61,143.1,True
resnet50,Multiply_9292,11,104,32,32,32,32,13,10,0,32,0.7803,65536,8320,0.873,53,39.1,True
resnet50,Multiply_9292,11,105,32,32,32,32,17,11,0,32,0.7368,65536,11968,0.8174,58,47.3,True
resnet50,Multiply_9292,11,106,32,32,32,32,12,11,0,32,0.7637,65536,8448,0.8711,53,39.4,True
resnet50,Multiply_9292,11,107,32,32,32,32,20,11,0,32,0.7207,65536,14080,0.7852,61,114.1,True
resnet50,Multiply_9292,11,108,32,32,32,32,18,11,0,32,0.7314,65536,12672,0.8066,59,40.2,True
resnet50,Multiply_9292,11,109,32,32,32,32,21,11,0,32,0.7153,65536,14784,0.7744,62,41.0,True
resnet50,Multiply_9292,11,110,32,32,32,32,19,11,0,32,0.7261,65536,13376,0.7959,60,37.6,True
resnet50,Multiply_9292,11,111,32,32,32,32,21,11,0,32,0.7153,65536,14784,0.7744,62,39.9,True
resnet50,Multiply_9292,11,112,32,32,32,32,13,11,0,32,0.7583,65536,9152,0.8604,54,68.8,True
resnet50,Multiply_9292,11,113,32,32,32,32,17,12,0,32,0.7129,65536,13056,0.8008,59,195.7,True
resnet50,Multiply_9292,11,114,32,32,32,32,12,12,0,32,0.7422,65536,9216,0.8594,54,40.5,True
resnet50,Multiply_9292,11,115,32,32,32,32,20,12,0,32,0.6953,65536,15360,0.7656,62,42.1,True
resnet50,Multiply_9292,11,116,32,32,32,32,18,12,0,32,0.707,65536,13824,0.7891,60,127.2,True
resnet50,Multiply_9292,11,117,32,32,32,32,21,12,0,32,0.6895,65536,16128,0.7539,63,42.8,True
resnet50,Multiply_9292,11,118,32,32,32,32,19,12,0,32,0.7012,65536,14592,0.7773,61,39.9,True
resnet50,Multiply_9292,11,119,32,32,32,32,21,12,0,32,0.6895,65536,16128,0.7539,63,40.5,True
resnet50,Multiply_9292,11,120,32,32,32,32,13,12,0,32,0.7363,65536,9984,0.8477,55,50.6,True
resnet50,Multiply_9292,11,121,32,32,32,32,17,11,0,32,0.7368,65536,11968,0.8174,58,42.7,True
resnet50,Multiply_9292,11,122,32,32,32,32,12,11,0,32,0.7637,65536,8448,0.8711,53,86.0,True
resnet50,Multiply_9292,11,123,32,32,32,32,20,11,0,32,0.7207,65536,14080,0.7852,61,138.4,True
resnet50,Multiply_9292,11,124,32,32,32,32,18,11,0,32,0.7314,65536,12672,0.8066,59,86.8,True
resnet50,Multiply_9292,11,125,32,32,32,32,21,11,0,32,0.7153,65536,14784,0.7744,62,47.9,True
resnet50,Multiply_9292,11,126,32,32,32,32,19,11,0,32,0.7261,65536,13376,0.7959,60,85.0,True
resnet50,Multiply_9292,11,127,32,32,32,32,21,11,0,32,0.7153,65536,14784,0.7744,62,40.4,True
resnet50,Multiply_9292,11,128,32,32,32,32,13,11,0,32,0.7583,65536,9152,0.8604,54,157.3,True
resnet50,Multiply_9292,11,129,32,32,32,32,17,11,0,32,0.7368,65536,11968,0.8174,58,46.5,True
resnet50,Multiply_9292,11,130,32,32,32,32,12,11,0,32,0.7637,65536,8448,0.8711,53,180.6,True
resnet50,Multiply_9292,11,131,32,32,32,32,20,11,0,32,0.7207,65536,14080,0.7852,61,57.6,True
resnet50,Multiply_9292,11,132,32,32,32,32,18,11,0,32,0.7314,65536,12672,0.8066,59,43.6,True
resnet50,Multiply_9292,11,133,32,32,32,32,21,11,0,32,0.7153,65536,14784,0.7744,62,46.4,True
resnet50,Multiply_9292,11,134,32,32,32,32,19,11,0,32,0.7261,65536,13376,0.7959,60,40.6,True
resnet50,Multiply_9292,11,135,32,32,32,32,21,11,0,32,0.7153,65536,14784,0.7744,62,40.3,True
resnet50,Multiply_9292,11,136,32,32,32,32,13,11,0,32,0.7583,65536,9152,0.8604,54,47.0,True
resnet50,Multiply_9292,11,137,32,32,32,32,17,10,0,32,0.7607,65536,10880,0.834,57,80.4,True
resnet50,Multiply_9292,11,138,32,32,32,32,12,10,0,32,0.7852,65536,7680,0.8828,52,44.9,True
resnet50,Multiply_9292,11,139,32,32,32,32,20,10,0,32,0.7461,65536,12800,0.8047,60,40.4,True
resnet50,Multiply_9292,11,140,32,32,32,32,18,10,0,32,0.7559,65536,11520,0.8242,58,67.6,True
resnet50,Multiply_9292,11,141,32,32,32,32,21,10,0,32,0.7412,65536,13440,0.7949,61,49.4,True
resnet50,Multiply_9292,11,142,32,32,32,32,19,10,0,32,0.751,65536,12160,0.8145,59,51.1,True
resnet50,Multiply_9292,11,143,32,32,32,32,21,10,0,32,0.7412,65536,13440,0.7949,61,162.9,True
resnet50,Multiply_9292,11,144,32,32,32,32,13,10,0,32,0.7803,65536,8320,0.873,53,37.6,True
resnet50,Multiply_9292,11,145,32,32,32,32,17,12,0,32,0.7129,65536,13056,0.8008,59,157.0,True
resnet50,Multiply_9292,11,146,32,32,32,32,12,12,0,32,0.7422,65536,9216,0.8594,54,40.4,True
resnet50,Multiply_9292,11,147,32,32,32,32,20,12,0,32,0.6953,65536,15360,0.7656,62,41.2,True
resnet50,Multiply_9292,11,148,32,32,32,32,18,12,0,32,0.707,65536,13824,0.7891,60,38.3,True
resnet50,Multiply_9292,11,149,32,32,32,32,21,12,0,32,0.6895,65536,16128,0.7539,63,41.4,True
resnet50,Multiply_9292,11,150,32,32,32,32,19,12,0,32,0.7012,65536,14592,0.7773,61,44.6,True
resnet50,Multiply_9292,11,151,32,32,32,32,21,12,0,32,0.6895,65536,16128,0.7539,63,48.1,True
resnet50,Multiply_9292,11,152,32,32,32,32,13,12,0,32,0.7363,65536,9984,0.8477,55,37.8,True
resnet50,Multiply_9292,11,153,32,32,32,32,17,13,0,32,0.689,65536,14144,0.7842,60,47.0,True
resnet50,Multiply_9292,11,154,32,32,32,32,12,13,0,32,0.7207,65536,9984,0.8477,55,179.5,True
resnet50,Multiply_9292,11,155,32,32,32,32,20,13,0,32,0.6699,65536,16640,0.7461,63,524.6,True
resnet50,Multiply_9292,11,156,32,32,32,32,18,13,0,32,0.6826,65536,14976,0.7715,61,48.7,True
resnet50,Multiply_9292,11,157,32,32,32,32,21,13,0,32,0.6636,65536,17472,0.7334,64,197.5,True
resnet50,Multiply_9292,11,158,32,32,32,32,19,13,0,32,0.6763,65536,15808,0.7588,62,71.6,True
resnet50,Multiply_9292,11,159,32,32,32,32,21,13,0,32,0.6636,65536,17472,0.7334,64,41.6,True
resnet50,Multiply_9292,11,160,32,32,32,32,13,13,0,32,0.7144,65536,10816,0.835,56,46.4,True
resnet50,Multiply_9292,11,161,32,32,32,32,17,11,0,32,0.7368,65536,11968,0.8174,58,147.4,True
resnet50,Multiply_9292,11,162,32,32,32,32,12,11,0,32,0.7637,65536,8448,0.8711,53,196.5,True
resnet50,Multiply_9292,11,163,32,32,32,32,20,11,0,32,0.7207,65536,14080,0.7852,61,39.3,True
resnet50,Multiply_9292,11,164,32,32,32,32,18,11,0,32,0.7314,65536,12672,0.8066,59,198.7,True
resnet50,Multiply_9292,11,165,32,32,32,32,21,11,0,32,0.7153,65536,14784,0.7744,62,80.0,True
resnet50,Multiply_9292,11,166,32,32,32,32,19,11,0,32,0.7261,65536,13376,0.7959,60,40.1,True
resnet50,Multiply_9292,11,167,32,32,32,32,21,11,0,32,0.7153,65536,14784,0.7744,62,177.7,True
resnet50,Multiply_9292,11,168,32,32,32,32,13,11,0,32,0.7583,65536,9152,0.8604,54,38.8,True
resnet50,Multiply_9292,11,169,32,32,32,32,17,10,0,32,0.7607,65536,10880,0.834,57,174.7,True
resnet50,Multiply_9292,11,170,32,32,32,32,12,10,0,32,0.7852,65536,7680,0.8828,52,42.1,True
resnet50,Multiply_9292,11,171,32,32,32,32,20,10,0,32,0.7461,65536,12800,0.8047,60,49.8,True
resnet50,Multiply_9292,11,172,32,32,32,32,18,10,0,32,0.7559,65536,11520,0.8242,58,131.4,True
resnet50,Multiply_9292,11,173,32,32,32,32,21,10,0,32,0.7412,65536,13440,0.7949,61,221.6,True
resnet50,Multiply_9292,11,174,32,32,32,32,19,10,0,32,0.751,65536,12160,0.8145,59,187.9,True
resnet50,Multiply_9292,11,175,32,32,32,32,21,10,0,32,0.7412,65536,13440,0.7949,61,73.7,True
resnet50,Multiply_9292,11,176,32,32,32,32,13,10,0,32,0.7803,65536,8320,0.873,53,47.7,True
resnet50,Multiply_9292,11,177,32,32,32,32,17,11,0,32,0.7368,65536,11968,0.8174,58,40.4,True
resnet50,Multiply_9292,11,178,32,32,32,32,12,11,0,32,0.7637,65536,8448,0.8711,53,48.0,True
resnet50,Multiply_9292,11,179,32,32,32,32,20,11,0,32,0.7207,65536,14080,0.7852,61,43.9,True
resnet50,Multiply_9292,11,180,32,32,32,32,18,11,0,32,0.7314,65536,12672,0.8066,59,110.4,True
resnet50,Multiply_9292,11,181,32,32,32,32,21,11,0,32,0.7153,65536,14784,0.7744,62,41.0,True
resnet50,Multiply_9292,11,182,32,32,32,32,19,11,0,32,0.7261,65536,13376,0.7959,60,122.2,True
resnet50,Multiply_9292,11,183,32,32,32,32,21,11,0,32,0.7153,65536,14784,0.7744,62,84.4,True
resnet50,Multiply_9292,11,184,32,32,32,32,13,11,0,32,0.7583,65536,9152,0.8604,54,44.7,True
resnet50,Multiply_9292,11,185,32,32,32,32,17,11,0,32,0.7368,65536,11968,0.8174,58,38.6,True
resnet50,Multiply_9292,11,186,32,32,32,32,12,11,0,32,0.7637,65536,8448,0.8711,53,48.3,True
resnet50,Multiply_9292,11,187,32,32,32,32,20,11,0,32,0.7207,65536,14080,0.7852,61,38.8,True
resnet50,Multiply_9292,11,188,32,32,32,32,18,11,0,32,0.7314,65536,12672,0.8066,59,94.6,True
resnet50,Multiply_9292,11,189,32,32,32,32,21,11,0,32,0.7153,65536,14784,0.7744,62,38.6,True
resnet50,Multiply_9292,11,190,32,32,32,32,19,11,0,32,0.7261,65536,13376,0.7959,60,59.6,True
resnet50,Multiply_9292,11,191,32,32,32,32,21,11,0,32,0.7153,65536,14784,0.7744,62,40.1,True
resnet50,Multiply_9292,11,192,32,32,32,32,13,11,0,32,0.7583,65536,9152,0.8604,54,163.0,True
resnet50,Multiply_9292,11,193,32,32,32,32,17,11,0,32,0.7368,65536,11968,0.8174,58,36.6,True
resnet50,Multiply_9292,11,194,32,32,32,32,12,11,0,32,0.7637,65536,8448,0.8711,53,41.0,True
resnet50,Multiply_9292,11,195,32,32,32,32,20,11,0,32,0.7207,65536,14080,0.7852,61,178.8,True
resnet50,Multiply_9292,11,196,32,32,32,32,18,11,0,32,0.7314,65536,12672,0.8066,59,46.8,True
resnet50,Multiply_9292,11,197,32,32,32,32,21,11,0,32,0.7153,65536,14784,0.7744,62,63.1,True
resnet50,Multiply_9292,11,198,32,32,32,32,19,11,0,32,0.7261,65536,13376,0.7959,60,95.4,True
resnet50,Multiply_9292,11,199,32,32,32,32,21,11,0,32,0.7153,65536,14784,0.7744,62,58.8,True
resnet50,Multiply_9292,11,200,32,32,32,32,13,11,0,32,0.7583,65536,9152,0.8604,54,38.3,True
resnet50,Multiply_9292,11,201,32,32,32,32,17,9,0,32,0.7847,65536,9792,0.8506,56,47.1,True
resnet50,Multiply_9292,11,202,32,32,32,32,12,9,0,32,0.8066,65536,6912,0.8945,51,68.5,True
resnet50,Multiply_9292,11,203,32,32,32,32,20,9,0,32,0.7715,65536,11520,0.8242,59,61.4,True
resnet50,Multiply_9292,11,204,32,32,32,32,18,9,0,32,0.7803,65536,10368,0.8418,57,105.6,True
resnet50,Multiply_9292,11,205,32,32,32,32,21,9,0,32,0.7671,65536,12096,0.8154,60,106.2,True
resnet50,Multiply_9292,11,206,32,32,32,32,19,9,0,32,0.7759,65536,10944,0.833,58,38.3,True
resnet50,Multiply_9292,11,207,32,32,32,32,21,9,0,32,0.7671,65536,12096,0.8154,60,65.3,True
resnet50,Multiply_9292,11,208,32,32,32,32,13,9,0,32,0.8022,65536,7488,0.8857,52,48.3,True
resnet50,Multiply_9292,11,209,32,32,32,32,17,9,0,32,0.7847,65536,9792,0.8506,56,173.9,True
resnet50,Multiply_9292,11,210,32,32,32,32,12,9,0,32,0.8066,65536,6912,0.8945,51,316.6,True
resnet50,Multiply_9292,11,211,32,32,32,32,20,9,0,32,0.7715,65536,11520,0.8242,59,39.5,True
resnet50,Multiply_9292,11,212,32,32,32,32,18,9,0,32,0.7803,65536,10368,0.8418,57,45.0,True
resnet50,Multiply_9292,11,213,32,32,32,32,21,9,0,32,0.7671,65536,12096,0.8154,60,49.5,True
resnet50,Multiply_9292,11,214,32,32,32,32,19,9,0,32,0.7759,65536,10944,0.833,58,41.8,True
resnet50,Multiply_9292,11,215,32,32,32,32,21,9,0,32,0.7671,65536,12096,0.8154,60,89.0,True
resnet50,Multiply_9292,11,216,32,32,32,32,13,9,0,32,0.8022,65536,7488,0.8857,52,54.0,True
resnet50,Multiply_9292,11,217,32,32,32,32,17,12,0,32,0.7129,65536,13056,0.8008,59,47.4,True
resnet50,Multiply_9292,11,218,32,32,32,32,12,12,0,32,0.7422,65536,9216,0.8594,54,40.0,True
resnet50,Multiply_9292,11,219,32,32,32,32,20,12,0,32,0.6953,65536,15360,0.7656,62,47.6,True
resnet50,Multiply_9292,11,220,32,32,32,32,18,12,0,32,0.707,65536,13824,0.7891,60,127.3,True
resnet50,Multiply_9292,11,221,32,32,32,32,21,12,0,32,0.6895,65536,16128,0.7539,63,49.7,True
resnet50,Multiply_9292,11,222,32,32,32,32,19,12,0,32,0.7012,65536,14592,0.7773,61,47.8,True
resnet50,Multiply_9292,11,223,32,32,32,32,21,12,0,32,0.6895,65536,16128,0.7539,63,175.6,True
resnet50,Multiply_9292,11,224,32,32,32,32,13,12,0,32,0.7363,65536,9984,0.8477,55,38.8,True
resnet50,Multiply_9292,11,225,32,32,32,32,17,12,0,32,0.7129,65536,13056,0.8008,59,51.0,True
resnet50,Multiply_9292,11,226,32,32,32,32,12,12,0,32,0.7422,65536,9216,0.8594,54,95.8,True
resnet50,Multiply_9292,11,227,32,32,32,32,20,12,0,32,0.6953,65536,15360,0.7656,62,38.7,True
resnet50,Multiply_9292,11,228,32,32,32,32,18,12,0,32,0.707,65536,13824,0.7891,60,42.6,True
resnet50,Multiply_9292,11,229,32,32,32,32,21,12,0,32,0.6895,65536,16128,0.7539,63,39.0,True
resnet50,Multiply_9292,11,230,32,32,32,32,19,12,0,32,0.7012,65536,14592,0.7773,61,64.0,True
resnet50,Multiply_9292,11,231,32,32,32,32,21,12,0,32,0.6895,65536,16128,0.7539,63,39.2,True
resnet50,Multiply_9292,11,232,32,32,32,32,13,12,0,32,0.7363,65536,9984,0.8477,55,175.8,True
resnet50,Multiply_9292,11,233,32,32,32,32,17,12,0,32,0.7129,65536,13056,0.8008,59,41.8,True
resnet50,Multiply_9292,11,234,32,32,32,32,12,12,0,32,0.7422,65536,9216,0.8594,54,175.4,True
resnet50,Multiply_9292,11,235,32,32,32,32,20,12,0,32,0.6953,65536,15360,0.7656,62,48.2,True
resnet50,Multiply_9292,11,236,32,32,32,32,18,12,0,32,0.707,65536,13824,0.7891,60,47.1,True
resnet50,Multiply_9292,11,237,32,32,32,32,21,12,0,32,0.6895,65536,16128,0.7539,63,40.6,True
resnet50,Multiply_9292,11,238,32,32,32,32,19,12,0,32,0.7012,65536,14592,0.7773,61,39.0,True
resnet50,Multiply_9292,11,239,32,32,32,32,21,12,0,32,0.6895,65536,16128,0.7539,63,40.2,True
resnet50,Multiply_9292,11,240,32,32,32,32,13,12,0,32,0.7363,65536,9984,0.8477,55,40.0,True
resnet50,Multiply_9292,11,241,32,32,32,32,17,10,0,32,0.7607,65536,10880,0.834,57,49.6,True
resnet50,Multiply_9292,11,242,32,32,32,32,12,10,0,32,0.7852,65536,7680,0.8828,52,37.3,True
resnet50,Multiply_9292,11,243,32,32,32,32,20,10,0,32,0.7461,65536,12800,0.8047,60,38.6,True
resnet50,Multiply_9292,11,244,32,32,32,32,18,10,0,32,0.7559,65536,11520,0.8242,58,38.5,True
resnet50,Multiply_9292,11,245,32,32,32,32,21,10,0,32,0.7412,65536,13440,0.7949,61,49.1,True
resnet50,Multiply_9292,11,246,32,32,32,32,19,10,0,32,0.751,65536,12160,0.8145,59,44.0,True
resnet50,Multiply_9292,11,247,32,32,32,32,21,10,0,32,0.7412,65536,13440,0.7949,61,277.8,True
resnet50,Multiply_9292,11,248,32,32,32,32,13,10,0,32,0.7803,65536,8320,0.873,53,221.7,True
resnet50,Multiply_9292,11,249,32,32,32,32,17,12,0,32,0.7129,65536,13056,0.8008,59,93.2,True
resnet50,Multiply_9292,11,250,32,32,32,32,12,12,0,32,0.7422,65536,9216,0.8594,54,39.7,True
resnet50,Multiply_9292,11,251,32,32,32,32,20,12,0,32,0.6953,65536,15360,0.7656,62,41.0,True
resnet50,Multiply_9292,11,252,32,32,32,32,18,12,0,32,0.707,65536,13824,0.7891,60,48.8,True
resnet50,Multiply_9292,11,253,32,32,32,32,21,12,0,32,0.6895,65536,16128,0.7539,63,48.5,True
resnet50,Multiply_9292,11,254,32,32,32,32,19,12,0,32,0.7012,65536,14592,0.7773,61,57.3,True
resnet50,Multiply_9292,11,255,32,32,32,32,21,12,0,32,0.6895,65536,16128,0.7539,63,40.6,True
resnet50,Multiply_9292,11,256,32,32,32,32,13,12,0,32,0.7363,65536,9984,0.8477,55,56.1,True
resnet50,Multiply_9292,11,257,32,32,32,32,17,11,0,32,0.7368,65536,11968,0.8174,58,67.8,True
resnet50,Multiply_9292,11,258,32,32,32,32,12,11,0,32,0.7637,65536,8448,0.8711,53,65.3,True
resnet50,Multiply_9292,11,259,32,32,32,32,20,11,0,32,0.7207,65536,14080,0.7852,61,52.2,True
resnet50,Multiply_9292,11,260,32,32,32,32,18,11,0,32,0.7314,65536,12672,0.8066,59,39.0,True
resnet50,Multiply_9292,11,261,32,32,32,32,21,11,0,32,0.7153,65536,14784,0.7744,62,149.6,True
resnet50,Multiply_9292,11,262,32,32,32,32,19,11,0,32,0.7261,65536,13376,0.7959,60,47.3,True
resnet50,Multiply_9292,11,263,32,32,32,32,21,11,0,32,0.7153,65536,14784,0.7744,62,74.8,True
resnet50,Multiply_9292,11,264,32,32,32,32,13,11,0,32,0.7583,65536,9152,0.8604,54,51.0,True
resnet50,Multiply_9292,11,265,32,32,32,32,17,12,0,32,0.7129,65536,13056,0.8008,59,43.4,True
resnet50,Multiply_9292,11,266,32,32,32,32,12,12,0,32,0.7422,65536,9216,0.8594,54,65.8,True
resnet50,Multiply_9292,11,267,32,32,32,32,20,12,0,32,0.6953,65536,15360,0.7656,62,79.2,True
resnet50,Multiply_9292,11,268,32,32,32,32,18,12,0,32,0.707,65536,13824,0.7891,60,196.3,True
resnet50,Multiply_9292,11,269,32,32,32,32,21,12,0,32,0.6895,65536,16128,0.7539,63,209.6,True
resnet50,Multiply_9292,11,270,32,32,32,32,19,12,0,32,0.7012,65536,14592,0.7773,61,45.0,True
resnet50,Multiply_9292,11,271,32,32,32,32,21,12,0,32,0.6895,65536,16128,0.7539,63,103.0,True
resnet50,Multiply_9292,11,272,32,32,32,32,13,12,0,32,0.7363,65536,9984,0.8477,55,175.9,True
resnet50,Multiply_9292,11,273,32,32,32,32,17,12,0,32,0.7129,65536,13056,0.8008,59,145.1,True
resnet50,Multiply_9292,11,274,32,32,32,32,12,12,0,32,0.7422,65536,9216,0.8594,54,149.4,True
resnet50,Multiply_9292,11,275,32,32,32,32,20,12,0,32,0.6953,65536,15360,0.7656,62,55.9,True
resnet50,Multiply_9292,11,276,32,32,32,32,18,12,0,32,0.707,65536,13824,0.7891,60,101.6,True
resnet50,Multiply_9292,11,277,32,32,32,32,21,12,0,32,0.6895,65536,16128,0.7539,63,49.7,True
resnet50,Multiply_9292,11,278,32,32,32,32,19,12,0,32,0.7012,65536,14592,0.7773,61,197.4,True
resnet50,Multiply_9292,11,279,32,32,32,32,21,12,0,32,0.6895,65536,16128,0.7539,63,89.8,True
resnet50,Multiply_9292,11,280,32,32,32,32,13,12,0,32,0.7363,65536,9984,0.8477,55,144.4,True
resnet50,Multiply_9292,11,281,32,32,32,32,17,10,0,32,0.7607,65536,10880,0.834,57,47.9,True
resnet50,Multiply_9292,11,282,32,32,32,32,12,10,0,32,0.7852,65536,7680,0.8828,52,48.4,True
resnet50,Multiply_9292,11,283,32,32,32,32,20,10,0,32,0.7461,65536,12800,0.8047,60,150.7,True
resnet50,Multiply_9292,11,284,32,32,32,32,18,10,0,32,0.7559,65536,11520,0.8242,58,44.4,True
resnet50,Multiply_9292,11,285,32,32,32,32,21,10,0,32,0.7412,65536,13440,0.7949,61,59.2,True
resnet50,Multiply_9292,11,286,32,32,32,32,19,10,0,32,0.751,65536,12160,0.8145,59,48.3,True
resnet50,Multiply_9292,11,287,32,32,32,32,21,10,0,32,0.7412,65536,13440,0.7949,61,198.4,True
resnet50,Multiply_9292,11,288,32,32,32,32,13,10,0,32,0.7803,65536,8320,0.873,53,70.2,True
resnet50,Multiply_9292,11,289,32,32,32,32,17,13,0,32,0.689,65536,14144,0.7842,60,155.2,True
resnet50,Multiply_9292,11,290,32,32,32,32,12,13,0,32,0.7207,65536,9984,0.8477,55,38.6,True
resnet50,Multiply_9292,11,291,32,32,32,32,20,13,0,32,0.6699,65536,16640,0.7461,63,138.7,True
resnet50,Multiply_9292,11,292,32,32,32,32,18,13,0,32,0.6826,65536,14976,0.7715,61,89.6,True
resnet50,Multiply_9292,11,293,32,32,32,32,21,13,0,32,0.6636,65536,17472,0.7334,64,189.4,True
resnet50,Multiply_9292,11,294,32,32,32,32,19,13,0,32,0.6763,65536,15808,0.7588,62,122.1,True
resnet50,Multiply_9292,11,295,32,32,32,32,21,13,0,32,0.6636,65536,17472,0.7334,64,176.4,True
resnet50,Multiply_9292,11,296,32,32,32,32,13,13,0,32,0.7144,65536,10816,0.835,56,196.3,True
resnet50,Multiply_9292,11,297,32,32,32,32,17,13,0,32,0.689,65536,14144,0.7842,60,55.5,True
resnet50,Multiply_9292,11,298,32,32,32,32,12,13,0,32,0.7207,65536,9984,0.8477,55,39.8,True
resnet50,Multiply_9292,11,299,32,32,32,32,20,13,0,32,0.6699,65536,16640,0.7461,63,94.2,True
resnet50,Multiply_9292,11,300,32,32,32,32,18,13,0,32,0.6826,65536,14976,0.7715,61,191.5,True
resnet50,Multiply_9292,11,301,32,32,32,32,21,13,0,32,0.6636,65536,17472,0.7334,64,38.7,True
resnet50,Multiply_9292,11,302,32,32,32,32,19,13,0,32,0.6763,65536,15808,0.7588,62,38.5,True
resnet50,Multiply_9292,11,303,32,32,32,32,21,13,0,32,0.6636,65536,17472,0.7334,64,38.5,True
resnet50,Multiply_9292,11,304,32,32,32,32,13,13,0,32,0.7144,65536,10816,0.835,56,57.3,True
resnet50,Multiply_9292,11,305,32,32,32,32,17,11,0,32,0.7368,65536,11968,0.8174,58,53.9,True
resnet50,Multiply_9292,11,306,32,32,32,32,12,11,0,32,0.7637,65536,8448,0.8711,53,137.9,True
resnet50,Multiply_9292,11,307,32,32,32,32,20,11,0,32,0.7207,65536,14080,0.7852,61,57.7,True
resnet50,Multiply_9292,11,308,32,32,32,32,18,11,0,32,0.7314,65536,12672,0.8066,59,116.2,True
resnet50,Multiply_9292,11,309,32,32,32,32,21,11,0,32,0.7153,65536,14784,0.7744,62,38.7,True
resnet50,Multiply_9292,11,310,32,32,32,32,19,11,0,32,0.7261,65536,13376,0.7959,60,54.1,True
resnet50,Multiply_9292,11,311,32,32,32,32,21,11,0,32,0.7153,65536,14784,0.7744,62,87.9,True
resnet50,Multiply_9292,11,312,32,32,32,32,13,11,0,32,0.7583,65536,9152,0.8604,54,39.5,True
resnet50,Multiply_9292,11,313,32,32,32,32,17,11,0,32,0.7368,65536,11968,0.8174,58,62.8,True
resnet50,Multiply_9292,11,314,32,32,32,32,12,11,0,32,0.7637,65536,8448,0.8711,53,99.3,True
resnet50,Multiply_9292,11,315,32,32,32,32,20,11,0,32,0.7207,65536,14080,0.7852,61,66.6,True
resnet50,Multiply_9292,11,316,32,32,32,32,18,11,0,32,0.7314,65536,12672,0.8066,59,57.8,True
resnet50,Multiply_9292,11,317,32,32,32,32,21,11,0,32,0.7153,65536,14784,0.7744,62,40.0,True
resnet50,Multiply_9292,11,318,32,32,32,32,19,11,0,32,0.7261,65536,13376,0.7959,60,48.8,True
resnet50,Multiply_9292,11,319,32,32,32,32,21,11,0,32,0.7153,65536,14784,0.7744,62,176.0,True
resnet50,Multiply_9292,11,320,32,32,32,32,13,11,0,32,0.7583,65536,9152,0.8604,54,48.3,True
resnet50,Multiply_9292,11,321,32,32,32,32,17,11,0,32,0.7368,65536,11968,0.8174,58,49.3,True
resnet50,Multiply_9292,11,322,32,32,32,32,12,11,0,32,0.7637,65536,8448,0.8711,53,45.5,True
resnet50,Multiply_9292,11,323,32,32,32,32,20,11,0,32,0.7207,65536,14080,0.7852,61,177.9,True
resnet50,Multiply_9292,11,324,32,32,32,32,18,11,0,32,0.7314,65536,12672,0.8066,59,43.9,True
resnet50,Multiply_9292,11,325,32,32,32,32,21,11,0,32,0.7153,65536,14784,0.7744,62,58.7,True
resnet50,Multiply_9292,11,326,32,32,32,32,19,11,0,32,0.7261,65536,13376,0.7959,60,72.0,True
resnet50,Multiply_9292,11,327,32,32,32,32,21,11,0,32,0.7153,65536,14784,0.7744,62,187.2,True
resnet50,Multiply_9292,11,328,32,32,32,32,13,11,0,32,0.7583,65536,9152,0.8604,54,54.8,True
resnet50,Multiply_9292,11,329,32,32,32,32,17,10,0,32,0.7607,65536,10880,0.834,57,120.2,True
resnet50,Multiply_9292,11,330,32,32,32,32,12,10,0,32,0.7852,65536,7680,0.8828,52,69.1,True
resnet50,Multiply_9292,11,331,32,32,32,32,20,10,0,32,0.7461,65536,12800,0.8047,60,43.0,True
resnet50,Multiply_9292,11,332,32,32,32,32,18,10,0,32,0.7559,65536,11520,0.8242,58,49.7,True
resnet50,Multiply_9292,11,333,32,32,32,32,21,10,0,32,0.7412,65536,13440,0.7949,61,176.2,True
resnet50,Multiply_9292,11,334,32,32,32,32,19,10,0,32,0.751,65536,12160,0.8145,59,64.4,True
resnet50,Multiply_9292,11,335,32,32,32,32,21,10,0,32,0.7412,65536,13440,0.7949,61,40.3,True
resnet50,Multiply_9292,11,336,32,32,32,32,13,10,0,32,0.7803,65536,8320,0.873,53,49.9,True
resnet50,Multiply_9292,11,337,32,32,32,32,17,11,0,32,0.7368,65536,11968,0.8174,58,44.8,True
resnet50,Multiply_9292,11,338,32,32,32,32,12,11,0,32,0.7637,65536,8448,0.8711,53,178.7,True
resnet50,Multiply_9292,11,339,32,32,32,32,20,11,0,32,0.7207,65536,14080,0.7852,61,38.6,True
resnet50,Multiply_9292,11,340,32,32,32,32,18,11,0,32,0.7314,65536,12672,0.8066,59,40.9,True
resnet50,Multiply_9292,11,341,32,32,32,32,21,11,0,32,0.7153,65536,14784,0.7744,62,46.6,True
resnet50,Multiply_9292,11,342,32,32,32,32,19,11,0,32,0.7261,65536,13376,0.7959,60,40.1,True
resnet50,Multiply_9292,11,343,32,32,32,32,21,11,0,32,0.7153,65536,14784,0.7744,62,81.3,True
resnet50,Multiply_9292,11,344,32,32,32,32,13,11,0,32,0.7583,65536,9152,0.8604,54,48.3,True
resnet50,Multiply_9292,11,345,32,32,32,32,17,11,0,32,0.7368,65536,11968,0.8174,58,39.4,True
resnet50,Multiply_9292,11,346,32,32,32,32,12,11,0,32,0.7637,65536,8448,0.8711,53,39.9,True
resnet50,Multiply_9292,11,347,32,32,32,32,20,11,0,32,0.7207,65536,14080,0.7852,61,39.4,True
resnet50,Multiply_9292,11,348,32,32,32,32,18,11,0,32,0.7314,65536,12672,0.8066,59,119.0,True
resnet50,Multiply_9292,11,349,32,32,32,32,21,11,0,32,0.7153,65536,14784,0.7744,62,45.1,True
resnet50,Multiply_9292,11,350,32,32,32,32,19,11,0,32,0.7261,65536,13376,0.7959,60,45.1,True
resnet50,Multiply_9292,11,351,32,32,32,32,21,11,0,32,0.7153,65536,14784,0.7744,62,193.8,True
resnet50,Multiply_9292,11,352,32,32,32,32,13,11,0,32,0.7583,65536,9152,0.8604,54,120.5,True
resnet50,Multiply_9292,11,353,32,32,32,32,17,9,0,32,0.7847,65536,9792,0.8506,56,219.6,True
resnet50,Multiply_9292,11,354,32,32,32,32,12,9,0,32,0.8066,65536,6912,0.8945,51,98.9,True
resnet50,Multiply_9292,11,355,32,32,32,32,20,9,0,32,0.7715,65536,11520,0.8242,59,237.8,True
resnet50,Multiply_9292,11,356,32,32,32,32,18,9,0,32,0.7803,65536,10368,0.8418,57,38.4,True
resnet50,Multiply_9292,11,357,32,32,32,32,21,9,0,32,0.7671,65536,12096,0.8154,60,43.9,True
resnet50,Multiply_9292,11,358,32,32,32,32,19,9,0,32,0.7759,65536,10944,0.833,58,178.0,True
resnet50,Multiply_9292,11,359,32,32,32,32,21,9,0,32,0.7671,65536,12096,0.8154,60,115.2,True
resnet50,Multiply_9292,11,360,32,32,32,32,13,9,0,32,0.8022,65536,7488,0.8857,52,211.0,True
resnet50,Multiply_9292,11,361,32,32,32,32,17,12,0,32,0.7129,65536,13056,0.8008,59,47.5,True
resnet50,Multiply_9292,11,362,32,32,32,32,12,12,0,32,0.7422,65536,9216,0.8594,54,79.2,True
resnet50,Multiply_9292,11,363,32,32,32,32,20,12,0,32,0.6953,65536,15360,0.7656,62,47.8,True
resnet50,Multiply_9292,11,364,32,32,32,32,18,12,0,32,0.707,65536,13824,0.7891,60,93.8,True
resnet50,Multiply_9292,11,365,32,32,32,32,21,12,0,32,0.6895,65536,16128,0.7539,63,111.7,True
resnet50,Multiply_9292,11,366,32,32,32,32,19,12,0,32,0.7012,65536,14592,0.7773,61,38.7,True
resnet50,Multiply_9292,11,367,32,32,32,32,21,12,0,32,0.6895,65536,16128,0.7539,63,47.8,True
resnet50,Multiply_9292,11,368,32,32,32,32,13,12,0,32,0.7363,65536,9984,0.8477,55,133.2,True
resnet50,Multiply_9292,11,369,32,32,32,32,17,11,0,32,0.7368,65536,11968,0.8174,58,142.1,True
resnet50,Multiply_9292,11,370,32,32,32,32,12,11,0,32,0.7637,65536,8448,0.8711,53,49.6,True
resnet50,Multiply_9292,11,371,32,32,32,32,20,11,0,32,0.7207,65536,14080,0.7852,61,45.4,True
resnet50,Multiply_9292,11,372,32,32,32,32,18,11,0,32,0.7314,65536,12672,0.8066,59,38.5,True
resnet50,Multiply_9292,11,373,32,32,32,32,21,11,0,32,0.7153,65536,14784,0.7744,62,38.5,True
resnet50,Multiply_9292,11,374,32,32,32,32,19,11,0,32,0.7261,65536,13376,0.7959,60,100.8,True
resnet50,Multiply_9292,11,375,32,32,32,32,21,11,0,32,0.7153,65536,14784,0.7744,62,71.5,True
resnet50,Multiply_9292,11,376,32,32,32,32,13,11,0,32,0.7583,65536,9152,0.8604,54,72.2,True
resnet50,Multiply_9292,11,377,32,32,32,32,17,12,0,32,0.7129,65536,13056,0.8008,59,40.0,True
resnet50,Multiply_9292,11,378,32,32,32,32,12,12,0,32,0.7422,65536,9216,0.8594,54,76.2,True
resnet50,Multiply_9292,11,379,32,32,32,32,20,12,0,32,0.6953,65536,15360,0.7656,62,74.5,True
resnet50,Multiply_9292,11,380,32,32,32,32,18,12,0,32,0.707,65536,13824,0.7891,60,41.3,True
resnet50,Multiply_9292,11,381,32,32,32,32,21,12,0,32,0.6895,65536,16128,0.7539,63,38.9,True
resnet50,Multiply_9292,11,382,32,32,32,32,19,12,0,32,0.7012,65536,14592,0.7773,61,197.1,True
resnet50,Multiply_9292,11,383,32,32,32,32,21,12,0,32,0.6895,65536,16128,0.7539,63,44.4,True
resnet50,Multiply_9292,11,384,32,32,32,32,13,12,0,32,0.7363,65536,9984,0.8477,55,48.0,True
resnet50,Multiply_9292,11,385,32,32,32,32,17,13,0,32,0.689,65536,14144,0.7842,60,47.7,True
resnet50,Multiply_9292,11,386,32,32,32,32,12,13,0,32,0.7207,65536,9984,0.8477,55,38.8,True
resnet50,Multiply_9292,11,387,32,32,32,32,20,13,0,32,0.6699,65536,16640,0.7461,63,48.3,True
resnet50,Multiply_9292,11,388,32,32,32,32,18,13,0,32,0.6826,65536,14976,0.7715,61,48.6,True
resnet50,Multiply_9292,11,389,32,32,32,32,21,13,0,32,0.6636,65536,17472,0.7334,64,39.8,True
resnet50,Multiply_9292,11,390,32,32,32,32,19,13,0,32,0.6763,65536,15808,0.7588,62,40.3,True
resnet50,Multiply_9292,11,391,32,32,32,32,21,13,0,32,0.6636,65536,17472,0.7334,64,44.9,True
resnet50,Multiply_9292,11,392,32,32,32,32,13,13,0,32,0.7144,65536,10816,0.835,56,50.7,True
resnet50,Multiply_9292,11,393,32,32,32,32,17,13,0,32,0.689,65536,14144,0.7842,60,174.2,True
resnet50,Multiply_9292,11,394,32,32,32,32,12,13,0,32,0.7207,65536,9984,0.8477,55,47.9,True
resnet50,Multiply_9292,11,395,32,32,32,32,20,13,0,32,0.6699,65536,16640,0.7461,63,89.8,True
resnet50,Multiply_9292,11,396,32,32,32,32,18,13,0,32,0.6826,65536,14976,0.7715,61,70.3,True
resnet50,Multiply_9292,11,397,32,32,32,32,21,13,0,32,0.6636,65536,17472,0.7334,64,157.3,True
resnet50,Multiply_9292,11,398,32,32,32,32,19,13,0,32,0.6763,65536,15808,0.7588,62,187.7,True
resnet50,Multiply_9292,11,399,32,32,32,32,21,13,0,32,0.6636,65536,17472,0.7334,64,160.6,True
resnet50,Multiply_9292,11,400,32,32,32,32,13,13,0,32,0.7144,65536,10816,0.835,56,41.9,True
resnet50,Multiply_9292,11,401,32,32,32,32,17,10,0,32,0.7607,65536,10880,0.834,57,45.7,True
resnet50,Multiply_9292,11,402,32,32,32,32,12,10,0,32,0.7852,65536,7680,0.8828,52,44.6,True
resnet50,Multiply_9292,11,403,32,32,32,32,20,10,0,32,0.7461,65536,12800,0.8047,60,39.6,True
resnet50,Multiply_9292,11,404,32,32,32,32,18,10,0,32,0.7559,65536,11520,0.8242,58,45.7,True
resnet50,Multiply_9292,11,405,32,32,32,32,21,10,0,32,0.7412,65536,13440,0.7949,61,182.0,True
resnet50,Multiply_9292,11,406,32,32,32,32,19,10,0,32,0.751,65536,12160,0.8145,59,46.0,True
resnet50,Multiply_9292,11,407,32,32,32,32,21,10,0,32,0.7412,65536,13440,0.7949,61,233.3,True
resnet50,Multiply_9292,11,408,32,32,32,32,13,10,0,32,0.7803,65536,8320,0.873,53,182.6,True
resnet50,Multiply_9292,11,409,32,32,32,32,17,10,0,32,0.7607,65536,10880,0.834,57,194.2,True
resnet50,Multiply_9292,11,410,32,32,32,32,12,10,0,32,0.7852,65536,7680,0.8828,52,103.4,True
resnet50,Multiply_9292,11,411,32,32,32,32,20,10,0,32,0.7461,65536,12800,0.8047,60,39.6,True
resnet50,Multiply_9292,11,412,32,32,32,32,18,10,0,32,0.7559,65536,11520,0.8242,58,40.2,True
resnet50,Multiply_9292,11,413,32,32,32,32,21,10,0,32,0.7412,65536,13440,0.7949,61,48.3,True
resnet50,Multiply_9292,11,414,32,32,32,32,19,10,0,32,0.751,65536,12160,0.8145,59,45.3,True
resnet50,Multiply_9292,11,415,32,32,32,32,21,10,0,32,0.7412,65536,13440,0.7949,61,90.2,True
resnet50,Multiply_9292,11,416,32,32,32,32,13,10,0,32,0.7803,65536,8320,0.873,53,203.7,True
resnet50,Multiply_9292,11,417,32,32,32,32,17,11,0,32,0.7368,65536,11968,0.8174,58,44.7,True
resnet50,Multiply_9292,11,418,32,32,32,32,12,11,0,32,0.7637,65536,8448,0.8711,53,133.5,True
resnet50,Multiply_9292,11,419,32,32,32,32,20,11,0,32,0.7207,65536,14080,0.7852,61,89.7,True
resnet50,Multiply_9292,11,420,32,32,32,32,18,11,0,32,0.7314,65536,12672,0.8066,59,149.3,True
resnet50,Multiply_9292,11,421,32,32,32,32,21,11,0,32,0.7153,65536,14784,0.7744,62,52.8,True
resnet50,Multiply_9292,11,422,32,32,32,32,19,11,0,32,0.7261,65536,13376,0.7959,60,158.5,True
resnet50,Multiply_9292,11,423,32,32,32,32,21,11,0,32,0.7153,65536,14784,0.7744,62,136.1,True
resnet50,Multiply_9292,11,424,32,32,32,32,13,11,0,32,0.7583,65536,9152,0.8604,54,39.2,True
resnet50,Multiply_9292,11,425,32,32,32,32,17,11,0,32,0.7368,65536,11968,0.8174,58,175.5,True
resnet50,Multiply_9292,11,426,32,32,32,32,12,11,0,32,0.7637,65536,8448,0.8711,53,120.3,True
resnet50,Multiply_9292,11,427,32,32,32,32,20,11,0,32,0.7207,65536,14080,0.7852,61,129.4,True
resnet50,Multiply_9292,11,428,32,32,32,32,18,11,0,32,0.7314,65536,12672,0.8066,59,66.4,True
resnet50,Multiply_9292,11,429,32,32,32,32,21,11,0,32,0.7153,65536,14784,0.7744,62,50.2,True
resnet50,Multiply_9292,11,430,32,32,32,32,19,11,0,32,0.7261,65536,13376,0.7959,60,47.9,True
resnet50,Multiply_9292,11,431,32,32,32,32,21,11,0,32,0.7153,65536,14784,0.7744,62,52.0,True
resnet50,Multiply_9292,11,432,32,32,32,32,13,11,0,32,0.7583,65536,9152,0.8604,54,38.5,True
resnet50,Multiply_9292,11,433,32,32,32,32,17,11,0,32,0.7368,65536,11968,0.8174,58,38.0,True
resnet50,Multiply_9292,11,434,32,32,32,32,12,11,0,32,0.7637,65536,8448,0.8711,53,55.4,True
resnet50,Multiply_9292,11,435,32,32,32,32,20,11,0,32,0.7207,65536,14080,0.7852,61,49.0,True
resnet50,Multiply_9292,11,436,32,32,32,32,18,11,0,32,0.7314,65536,12672,0.8066,59,38.4,True
resnet50,Multiply_9292,11,437,32,32,32,32,21,11,0,32,0.7153,65536,14784,0.7744,62,100.2,True
resnet50,Multiply_9292,11,438,32,32,32,32,19,11,0,32,0.7261,65536,13376,0.7959,60,45.1,True
resnet50,Multiply_9292,11,439,32,32,32,32,21,11,0,32,0.7153,65536,14784,0.7744,62,111.6,True
resnet50,Multiply_9292,11,440,32,32,32,32,13,11,0,32,0.7583,65536,9152,0.8604,54,44.4,True
resnet50,Multiply_9292,11,441,32,32,32,32,17,10,0,32,0.7607,65536,10880,0.834,57,175.8,True
resnet50,Multiply_9292,11,442,32,32,32,32,12,10,0,32,0.7852,65536,7680,0.8828,52,44.2,True
resnet50,Multiply_9292,11,443,32,32,32,32,20,10,0,32,0.7461,65536,12800,0.8047,60,176.0,True
resnet50,Multiply_9292,11,444,32,32,32,32,18,10,0,32,0.7559,65536,11520,0.8242,58,197.9,True
resnet50,Multiply_9292,11,445,32,32,32,32,21,10,0,32,0.7412,65536,13440,0.7949,61,204.3,True
resnet50,Multiply_9292,11,446,32,32,32,32,19,10,0,32,0.751,65536,12160,0.8145,59,47.3,True
resnet50,Multiply_9292,11,447,32,32,32,32,21,10,0,32,0.7412,65536,13440,0.7949,61,67.1,True
resnet50,Multiply_9292,11,448,32,32,32,32,13,10,0,32,0.7803,65536,8320,0.873,53,56.6,True
resnet50,Multiply_9292,11,449,32,32,32,32,17,11,0,32,0.7368,65536,11968,0.8174,58,49.3,True
resnet50,Multiply_9292,11,450,32,32,32,32,12,11,0,32,0.7637,65536,8448,0.8711,53,89.3,True
resnet50,Multiply_9292,11,451,32,32,32,32,20,11,0,32,0.7207,65536,14080,0.7852,61,72.3,True
resnet50,Multiply_9292,11,452,32,32,32,32,18,11,0,32,0.7314,65536,12672,0.8066,59,69.2,True
resnet50,Multiply_9292,11,453,32,32,32,32,21,11,0,32,0.7153,65536,14784,0.7744,62,99.6,True
resnet50,Multiply_9292,11,454,32,32,32,32,19,11,0,32,0.7261,65536,13376,0.7959,60,119.4,True
resnet50,Multiply_9292,11,455,32,32,32,32,21,11,0,32,0.7153,65536,14784,0.7744,62,100.0,True
resnet50,Multiply_9292,11,456,32,32,32,32,13,11,0,32,0.7583,65536,9152,0.8604,54,87.5,True
resnet50,Multiply_9292,11,457,32,32,32,32,17,10,0,32,0.7607,65536,10880,0.834,57,48.6,True
resnet50,Multiply_9292,11,458,32,32,32,32,12,10,0,32,0.7852,65536,7680,0.8828,52,40.3,True
resnet50,Multiply_9292,11,459,32,32,32,32,20,10,0,32,0.7461,65536,12800,0.8047,60,198.1,True
resnet50,Multiply_9292,11,460,32,32,32,32,18,10,0,32,0.7559,65536,11520,0.8242,58,197.8,True
resnet50,Multiply_9292,11,461,32,32,32,32,21,10,0,32,0.7412,65536,13440,0.7949,61,74.2,True
resnet50,Multiply_9292,11,462,32,32,32,32,19,10,0,32,0.751,65536,12160,0.8145,59,39.9,True
resnet50,Multiply_9292,11,463,32,32,32,32,21,10,0,32,0.7412,65536,13440,0.7949,61,48.3,True
resnet50,Multiply_9292,11,464,32,32,32,32,13,10,0,32,0.7803,65536,8320,0.873,53,222.4,True
resnet50,Multiply_9292,11,465,32,32,32,32,17,11,0,32,0.7368,65536,11968,0.8174,58,44.5,True
resnet50,Multiply_9292,11,466,32,32,32,32,12,11,0,32,0.7637,65536,8448,0.8711,53,159.3,True
resnet50,Multiply_9292,11,467,32,32,32,32,20,11,0,32,0.7207,65536,14080,0.7852,61,54.8,True
resnet50,Multiply_9292,11,468,32,32,32,32,18,11,0,32,0.7314,65536,12672,0.8066,59,39.9,True
resnet50,Multiply_9292,11,469,32,32,32,32,21,11,0,32,0.7153,65536,14784,0.7744,62,70.6,True
resnet50,Multiply_9292,11,470,32,32,32,32,19,11,0,32,0.7261,65536,13376,0.7959,60,48.2,True
resnet50,Multiply_9292,11,471,32,32,32,32,21,11,0,32,0.7153,65536,14784,0.7744,62,132.7,True
resnet50,Multiply_9292,11,472,32,32,32,32,13,11,0,32,0.7583,65536,9152,0.8604,54,49.9,True
resnet50,Multiply_9292,11,473,32,32,32,32,17,13,0,32,0.689,65536,14144,0.7842,60,120.9,True
resnet50,Multiply_9292,11,474,32,32,32,32,12,13,0,32,0.7207,65536,9984,0.8477,55,150.1,True
resnet50,Multiply_9292,11,475,32,32,32,32,20,13,0,32,0.6699,65536,16640,0.7461,63,178.6,True
resnet50,Multiply_9292,11,476,32,32,32,32,18,13,0,32,0.6826,65536,14976,0.7715,61,112.4,True
resnet50,Multiply_9292,11,477,32,32,32,32,21,13,0,32,0.6636,65536,17472,0.7334,64,81.3,True
resnet50,Multiply_9292,11,478,32,32,32,32,19,13,0,32,0.6763,65536,15808,0.7588,62,90.8,True
resnet50,Multiply_9292,11,479,32,32,32,32,21,13,0,32,0.6636,65536,17472,0.7334,64,48.2,True
resnet50,Multiply_9292,11,480,32,32,32,32,13,13,0,32,0.7144,65536,10816,0.835,56,47.3,True
resnet50,Multiply_9292,11,481,32,32,32,32,17,12,0,32,0.7129,65536,13056,0.8008,59,43.9,True
resnet50,Multiply_9292,11,482,32,32,32,32,12,12,0,32,0.7422,65536,9216,0.8594,54,89.9,True
resnet50,Multiply_9292,11,483,32,32,32,32,20,12,0,32,0.6953,65536,15360,0.7656,62,81.9,True
resnet50,Multiply_9292,11,484,32,32,32,32,18,12,0,32,0.707,65536,13824,0.7891,60,66.0,True
resnet50,Multiply_9292,11,485,32,32,32,32,21,12,0,32,0.6895,65536,16128,0.7539,63,37.7,True
resnet50,Multiply_9292,11,486,32,32,32,32,19,12,0,32,0.7012,65536,14592,0.7773,61,45.0,True
resnet50,Multiply_9292,11,487,32,32,32,32,21,12,0,32,0.6895,65536,16128,0.7539,63,59.6,True
resnet50,Multiply_9292,11,488,32,32,32,32,13,12,0,32,0.7363,65536,9984,0.8477,55,47.8,True
resnet50,Multiply_9292,11,489,32,32,32,32,17,12,0,32,0.7129,65536,13056,0.8008,59,59.9,True
resnet50,Multiply_9292,11,490,32,32,32,32,12,12,0,32,0.7422,65536,9216,0.8594,54,98.1,True
resnet50,Multiply_9292,11,491,32,32,32,32,20,12,0,32,0.6953,65536,15360,0.7656,62,74.4,True
resnet50,Multiply_9292,11,492,32,32,32,32,18,12,0,32,0.707,65536,13824,0.7891,60,38.5,True
resnet50,Multiply_9292,11,493,32,32,32,32,21,12,0,32,0.6895,65536,16128,0.7539,63,78.6,True
resnet50,Multiply_9292,11,494,32,32,32,32,19,12,0,32,0.7012,65536,14592,0.7773,61,39.0,True
resnet50,Multiply_9292,11,495,32,32,32,32,21,12,0,32,0.6895,65536,16128,0.7539,63,75.6,True
resnet50,Multiply_9292,11,496,32,32,32,32,13,12,0,32,0.7363,65536,9984,0.8477,55,60.4,True
resnet50,Multiply_9292,11,497,32,32,32,32,17,14,0,32,0.665,65536,15232,0.7676,61,71.0,True
resnet50,Multiply_9292,11,498,32,32,32,32,12,14,0,32,0.6992,65536,10752,0.8359,56,51.9,True
resnet50,Multiply_9292,11,499,32,32,32,32,20,14,0,32,0.6445,65536,17920,0.7266,64,177.1,True
resnet50,Multiply_9292,11,500,32,32,32,32,18,14,0,32,0.6582,65536,16128,0.7539,62,44.6,True
resnet50,Multiply_9292,11,501,32,32,32,32,21,14,0,32,0.6377,65536,18816,0.7129,65,223.2,True
resnet50,Multiply_9292,11,502,32,32,32,32,19,14,0,32,0.6514,65536,17024,0.7402,63,39.1,True
resnet50,Multiply_9292,11,503,32,32,32,32,21,14,0,32,0.6377,65536,18816,0.7129,65,196.8,True
resnet50,Multiply_9292,11,504,32,32,32,32,13,14,0,32,0.6924,65536,11648,0.8223,57,230.6,True
resnet50,Multiply_9292,11,505,32,32,32,32,17,12,0,32,0.7129,65536,13056,0.8008,59,48.3,True
resnet50,Multiply_9292,11,506,32,32,32,32,12,12,0,32,0.7422,65536,9216,0.8594,54,47.8,True
resnet50,Multiply_9292,11,507,32,32,32,32,20,12,0,32,0.6953,65536,15360,0.7656,62,209.0,True
resnet50,Multiply_9292,11,508,32,32,32,32,18,12,0,32,0.707,65536,13824,0.7891,60,198.5,True
resnet50,Multiply_9292,11,509,32,32,32,32,21,12,0,32,0.6895,65536,16128,0.7539,63,175.1,True
resnet50,Multiply_9292,11,510,32,32,32,32,19,12,0,32,0.7012,65536,14592,0.7773,61,38.1,True
resnet50,Multiply_9292,11,511,32,32,32,32,21,12,0,32,0.6895,65536,16128,0.7539,63,227.4,True
resnet50,Multiply_9292,11,512,32,32,32,32,13,12,0,32,0.7363,65536,9984,0.8477,55,45.5,True
resnet50,Multiply_9292,11,513,32,32,32,32,17,14,0,32,0.665,65536,15232,0.7676,61,110.9,True
resnet50,Multiply_9292,11,514,32,32,32,32,12,14,0,32,0.6992,65536,10752,0.8359,56,264.4,True
resnet50,Multiply_9292,11,515,32,32,32,32,20,14,0,32,0.6445,65536,17920,0.7266,64,105.3,True
resnet50,Multiply_9292,11,516,32,32,32,32,18,14,0,32,0.6582,65536,16128,0.7539,62,176.2,True
resnet50,Multiply_9292,11,517,32,32,32,32,21,14,0,32,0.6377,65536,18816,0.7129,65,48.3,True
resnet50,Multiply_9292,11,518,32,32,32,32,19,14,0,32,0.6514,65536,17024,0.7402,63,48.3,True
resnet50,Multiply_9292,11,519,32,32,32,32,21,14,0,32,0.6377,65536,18816,0.7129,65,441.1,True
resnet50,Multiply_9292,11,520,32,32,32,32,13,14,0,32,0.6924,65536,11648,0.8223,57,49.2,True
resnet50,Multiply_9292,11,521,32,32,32,32,17,12,0,32,0.7129,65536,13056,0.8008,59,219.7,True
resnet50,Multiply_9292,11,522,32,32,32,32,12,12,0,32,0.7422,65536,9216,0.8594,54,50.3,True
resnet50,Multiply_9292,11,523,32,32,32,32,20,12,0,32,0.6953,65536,15360,0.7656,62,43.7,True
resnet50,Multiply_9292,11,524,32,32,32,32,18,12,0,32,0.707,65536,13824,0.7891,60,39.1,True
resnet50,Multiply_9292,11,525,32,32,32,32,21,12,0,32,0.6895,65536,16128,0.7539,63,38.6,True
resnet50,Multiply_9292,11,526,32,32,32,32,19,12,0,32,0.7012,65536,14592,0.7773,61,85.2,True
resnet50,Multiply_9292,11,527,32,32,32,32,21,12,0,32,0.6895,65536,16128,0.7539,63,224.5,True
resnet50,Multiply_9292,11,528,32,32,32,32,13,12,0,32,0.7363,65536,9984,0.8477,55,178.8,True
resnet50,Multiply_9292,11,529,32,32,32,32,17,14,0,32,0.665,65536,15232,0.7676,61,60.5,True
resnet50,Multiply_9292,11,530,32,32,32,32,12,14,0,32,0.6992,65536,10752,0.8359,56,46.1,True
resnet50,Multiply_9292,11,531,32,32,32,32,20,14,0,32,0.6445,65536,17920,0.7266,64,44.5,True
resnet50,Multiply_9292,11,532,32,32,32,32,18,14,0,32,0.6582,65536,16128,0.7539,62,90.7,True
resnet50,Multiply_9292,11,533,32,32,32,32,21,14,0,32,0.6377,65536,18816,0.7129,65,233.0,True
resnet50,Multiply_9292,11,534,32,32,32,32,19,14,0,32,0.6514,65536,17024,0.7402,63,38.8,True
resnet50,Multiply_9292,11,535,32,32,32,32,21,14,0,32,0.6377,65536,18816,0.7129,65,123.2,True
resnet50,Multiply_9292,11,536,32,32,32,32,13,14,0,32,0.6924,65536,11648,0.8223,57,49.7,True
resnet50,Multiply_9292,11,537,32,32,32,32,17,11,0,32,0.7368,65536,11968,0.8174,58,44.9,True
resnet50,Multiply_9292,11,538,32,32,32,32,12,11,0,32,0.7637,65536,8448,0.8711,53,49.7,True
resnet50,Multiply_9292,11,539,32,32,32,32,20,11,0,32,0.7207,65536,14080,0.7852,61,49.3,True
resnet50,Multiply_9292,11,540,32,32,32,32,18,11,0,32,0.7314,65536,12672,0.8066,59,151.8,True
resnet50,Multiply_9292,11,541,32,32,32,32,21,11,0,32,0.7153,65536,14784,0.7744,62,89.9,True
resnet50,Multiply_9292,11,542,32,32,32,32,19,11,0,32,0.7261,65536,13376,0.7959,60,48.8,True
resnet50,Multiply_9292,11,543,32,32,32,32,21,11,0,32,0.7153,65536,14784,0.7744,62,45.0,True
resnet50,Multiply_9292,11,544,32,32,32,32,13,11,0,32,0.7583,65536,9152,0.8604,54,108.7,True
resnet50,Multiply_9292,11,545,32,32,32,32,17,10,0,32,0.7607,65536,10880,0.834,57,175.6,True
resnet50,Multiply_9292,11,546,32,32,32,32,12,10,0,32,0.7852,65536,7680,0.8828,52,106.3,True
resnet50,Multiply_9292,11,547,32,32,32,32,20,10,0,32,0.7461,65536,12800,0.8047,60,52.7,True
resnet50,Multiply_9292,11,548,32,32,32,32,18,10,0,32,0.7559,65536,11520,0.8242,58,172.9,True
resnet50,Multiply_9292,11,549,32,32,32,32,21,10,0,32,0.7412,65536,13440,0.7949,61,49.2,True
resnet50,Multiply_9292,11,550,32,32,32,32,19,10,0,32,0.751,65536,12160,0.8145,59,183.4,True
resnet50,Multiply_9292,11,551,32,32,32,32,21,10,0,32,0.7412,65536,13440,0.7949,61,81.8,True
resnet50,Multiply_9292,11,552,32,32,32,32,13,10,0,32,0.7803,65536,8320,0.873,53,48.5,True
resnet50,Multiply_9292,11,553,32,32,32,32,17,13,0,32,0.689,65536,14144,0.7842,60,134.9,True
resnet50,Multiply_9292,11,554,32,32,32,32,12,13,0,32,0.7207,65536,9984,0.8477,55,37.6,True
resnet50,Multiply_9292,11,555,32,32,32,32,20,13,0,32,0.6699,65536,16640,0.7461,63,38.7,True
resnet50,Multiply_9292,11,556,32,32,32,32,18,13,0,32,0.6826,65536,14976,0.7715,61,39.9,True
resnet50,Multiply_9292,11,557,32,32,32,32,21,13,0,32,0.6636,65536,17472,0.7334,64,134.8,True
resnet50,Multiply_9292,11,558,32,32,32,32,19,13,0,32,0.6763,65536,15808,0.7588,62,203.5,True
resnet50,Multiply_9292,11,559,32,32,32,32,21,13,0,32,0.6636,65536,17472,0.7334,64,48.8,True
resnet50,Multiply_9292,11,560,32,32,32,32,13,13,0,32,0.7144,65536,10816,0.835,56,113.8,True
resnet50,Multiply_9292,11,561,32,32,32,32,17,10,0,32,0.7607,65536,10880,0.834,57,38.0,True
resnet50,Multiply_9292,11,562,32,32,32,32,12,10,0,32,0.7852,65536,7680,0.8828,52,69.6,True
resnet50,Multiply_9292,11,563,32,32,32,32,20,10,0,32,0.7461,65536,12800,0.8047,60,223.7,True
resnet50,Multiply_9292,11,564,32,32,32,32,18,10,0,32,0.7559,65536,11520,0.8242,58,82.4,True
resnet50,Multiply_9292,11,565,32,32,32,32,21,10,0,32,0.7412,65536,13440,0.7949,61,38.5,True
resnet50,Multiply_9292,11,566,32,32,32,32,19,10,0,32,0.751,65536,12160,0.8145,59,38.1,True
resnet50,Multiply_9292,11,567,32,32,32,32,21,10,0,32,0.7412,65536,13440,0.7949,61,132.2,True
resnet50,Multiply_9292,11,568,32,32,32,32,13,10,0,32,0.7803,65536,8320,0.873,53,71.3,True
resnet50,Multiply_9292,11,569,32,32,32,32,17,13,0,32,0.689,65536,14144,0.7842,60,213.6,True
resnet50,Multiply_9292,11,570,32,32,32,32,12,13,0,32,0.7207,65536,9984,0.8477,55,48.3,True
resnet50,Multiply_9292,11,571,32,32,32,32,20,13,0,32,0.6699,65536,16640,0.7461,63,48.9,True
resnet50,Multiply_9292,11,572,32,32,32,32,18,13,0,32,0.6826,65536,14976,0.7715,61,47.7,True
resnet50,Multiply_9292,11,573,32,32,32,32,21,13,0,32,0.6636,65536,17472,0.7334,64,39.4,True
resnet50,Multiply_9292,11,574,32,32,32,32,19,13,0,32,0.6763,65536,15808,0.7588,62,65.0,True
resnet50,Multiply_9292,11,575,32,32,32,32,21,13,0,32,0.6636,65536,17472,0.7334,64,165.7,True
resnet50,Multiply_9292,11,576,32,32,32,32,13,13,0,32,0.7144,65536,10816,0.835,56,181.2,True
resnet50,Multiply_9292,11,577,32,32,32,32,17,13,0,32,0.689,65536,14144,0.7842,60,46.8,True
resnet50,Multiply_9292,11,578,32,32,32,32,12,13,0,32,0.7207,65536,9984,0.8477,55,60.0,True
resnet50,Multiply_9292,11,579,32,32,32,32,20,13,0,32,0.6699,65536,16640,0.7461,63,176.7,True
resnet50,Multiply_9292,11,580,32,32,32,32,18,13,0,32,0.6826,65536,14976,0.7715,61,38.9,True
resnet50,Multiply_9292,11,581,32,32,32,32,21,13,0,32,0.6636,65536,17472,0.7334,64,45.3,True
resnet50,Multiply_9292,11,582,32,32,32,32,19,13,0,32,0.6763,65536,15808,0.7588,62,48.6,True
resnet50,Multiply_9292,11,583,32,32,32,32,21,13,0,32,0.6636,65536,17472,0.7334,64,111.8,True
resnet50,Multiply_9292,11,584,32,32,32,32,13,13,0,32,0.7144,65536,10816,0.835,56,145.6,True
resnet50,Multiply_9292,11,585,32,32,32,32,17,11,0,32,0.7368,65536,11968,0.8174,58,249.7,True
resnet50,Multiply_9292,11,586,32,32,32,32,12,11,0,32,0.7637,65536,8448,0.8711,53,178.7,True
resnet50,Multiply_9292,11,587,32,32,32,32,20,11,0,32,0.7207,65536,14080,0.7852,61,49.1,True
resnet50,Multiply_9292,11,588,32,32,32,32,18,11,0,32,0.7314,65536,12672,0.8066,59,225.5,True
resnet50,Multiply_9292,11,589,32,32,32,32,21,11,0,32,0.7153,65536,14784,0.7744,62,200.6,True
resnet50,Multiply_9292,11,590,32,32,32,32,19,11,0,32,0.7261,65536,13376,0.7959,60,107.1,True
resnet50,Multiply_9292,11,591,32,32,32,32,21,11,0,32,0.7153,65536,14784,0.7744,62,78.0,True
resnet50,Multiply_9292,11,592,32,32,32,32,13,11,0,32,0.7583,65536,9152,0.8604,54,66.3,True
resnet50,Multiply_9292,11,593,32,32,32,32,17,10,0,32,0.7607,65536,10880,0.834,57,508.9,True
resnet50,Multiply_9292,11,594,32,32,32,32,12,10,0,32,0.7852,65536,7680,0.8828,52,38.6,True
resnet50,Multiply_9292,11,595,32,32,32,32,20,10,0,32,0.7461,65536,12800,0.8047,60,167.4,True
resnet50,Multiply_9292,11,596,32,32,32,32,18,10,0,32,0.7559,65536,11520,0.8242,58,82.2,True
resnet50,Multiply_9292,11,597,32,32,32,32,21,10,0,32,0.7412,65536,13440,0.7949,61,152.5,True
resnet50,Multiply_9292,11,598,32,32,32,32,19,10,0,32,0.751,65536,12160,0.8145,59,69.0,True
resnet50,Multiply_9292,11,599,32,32,32,32,21,10,0,32,0.7412,65536,13440,0.7949,61,37.6,True
resnet50,Multiply_9292,11,600,32,32,32,32,13,10,0,32,0.7803,65536,8320,0.873,53,38.6,True
resnet50,Multiply_9292,11,601,32,32,32,32,17,12,0,32,0.7129,65536,13056,0.8008,59,47.7,True
resnet50,Multiply_9292,11,602,32,32,32,32,12,12,0,32,0.7422,65536,9216,0.8594,54,61.2,True
resnet50,Multiply_9292,11,603,32,32,32,32,20,12,0,32,0.6953,65536,15360,0.7656,62,60.4,True
resnet50,Multiply_9292,11,604,32,32,32,32,18,12,0,32,0.707,65536,13824,0.7891,60,177.3,True
resnet50,Multiply_9292,11,605,32,32,32,32,21,12,0,32,0.6895,65536,16128,0.7539,63,45.6,True
resnet50,Multiply_9292,11,606,32,32,32,32,19,12,0,32,0.7012,65536,14592,0.7773,61,48.3,True
resnet50,Multiply_9292,11,607,32,32,32,32,21,12,0,32,0.6895,65536,16128,0.7539,63,49.0,True
resnet50,Multiply_9292,11,608,32,32,32,32,13,12,0,32,0.7363,65536,9984,0.8477,55,45.0,True
resnet50,Multiply_9292,11,609,32,32,32,32,17,11,0,32,0.7368,65536,11968,0.8174,58,172.0,True
resnet50,Multiply_9292,11,610,32,32,32,32,12,11,0,32,0.7637,65536,8448,0.8711,53,49.1,True
resnet50,Multiply_9292,11,611,32,32,32,32,20,11,0,32,0.7207,65536,14080,0.7852,61,45.2,True
resnet50,Multiply_9292,11,612,32,32,32,32,18,11,0,32,0.7314,65536,12672,0.8066,59,85.1,True
resnet50,Multiply_9292,11,613,32,32,32,32,21,11,0,32,0.7153,65536,14784,0.7744,62,38.2,True
resnet50,Multiply_9292,11,614,32,32,32,32,19,11,0,32,0.7261,65536,13376,0.7959,60,71.3,True
resnet50,Multiply_9292,11,615,32,32,32,32,21,11,0,32,0.7153,65536,14784,0.7744,62,107.8,True
resnet50,Multiply_9292,11,616,32,32,32,32,13,11,0,32,0.7583,65536,9152,0.8604,54,38.8,True
resnet50,Multiply_9292,11,617,32,32,32,32,17,11,0,32,0.7368,65536,11968,0.8174,58,135.6,True
resnet50,Multiply_9292,11,618,32,32,32,32,12,11,0,32,0.7637,65536,8448,0.8711,53,205.5,True
resnet50,Multiply_9292,11,619,32,32,32,32,20,11,0,32,0.7207,65536,14080,0.7852,61,48.4,True
resnet50,Multiply_9292,11,620,32,32,32,32,18,11,0,32,0.7314,65536,12672,0.8066,59,38.6,True
resnet50,Multiply_9292,11,621,32,32,32,32,21,11,0,32,0.7153,65536,14784,0.7744,62,71.6,True
resnet50,Multiply_9292,11,622,32,32,32,32,19,11,0,32,0.7261,65536,13376,0.7959,60,49.2,True
resnet50,Multiply_9292,11,623,32,32,32,32,21,11,0,32,0.7153,65536,14784,0.7744,62,44.6,True
resnet50,Multiply_9292,11,624,32,32,32,32,13,11,0,32,0.7583,65536,9152,0.8604,54,42.0,True
resnet50,Multiply_9292,11,625,32,32,32,32,17,10,0,32,0.7607,65536,10880,0.834,57,39.0,True
resnet50,Multiply_9292,11,626,32,32,32,32,12,10,0,32,0.7852,65536,7680,0.8828,52,197.1,True
resnet50,Multiply_9292,11,627,32,32,32,32,20,10,0,32,0.7461,65536,12800,0.8047,60,38.9,True
resnet50,Multiply_9292,11,628,32,32,32,32,18,10,0,32,0.7559,65536,11520,0.8242,58,253.3,True
resnet50,Multiply_9292,11,629,32,32,32,32,21,10,0,32,0.7412,65536,13440,0.7949,61,40.4,True
resnet50,Multiply_9292,11,630,32,32,32,32,19,10,0,32,0.751,65536,12160,0.8145,59,39.7,True
resnet50,Multiply_9292,11,631,32,32,32,32,21,10,0,32,0.7412,65536,13440,0.7949,61,75.8,True
resnet50,Multiply_9292,11,632,32,32,32,32,13,10,0,32,0.7803,65536,8320,0.873,53,182.4,True
resnet50,Multiply_9292,11,633,32,32,32,32,17,12,0,32,0.7129,65536,13056,0.8008,59,71.7,True
resnet50,Multiply_9292,11,634,32,32,32,32,12,12,0,32,0.7422,65536,9216,0.8594,54,40.6,True
resnet50,Multiply_9292,11,635,32,32,32,32,20,12,0,32,0.6953,65536,15360,0.7656,62,37.7,True
resnet50,Multiply_9292,11,636,32,32,32,32,18,12,0,32,0.707,65536,13824,0.7891,60,91.2,True
resnet50,Multiply_9292,11,637,32,32,32,32,21,12,0,32,0.6895,65536,16128,0.7539,63,69.2,True
resnet50,Multiply_9292,11,638,32,32,32,32,19,12,0,32,0.7012,65536,14592,0.7773,61,38.8,True
resnet50,Multiply_9292,11,639,32,32,32,32,21,12,0,32,0.6895,65536,16128,0.7539,63,83.0,True
resnet50,Multiply_9292,11,640,32,32,32,32,13,12,0,32,0.7363,65536,9984,0.8477,55,40.0,True
resnet50,Multiply_9292,11,642,32,32,32,32,12,12,0,32,0.7422,65536,9216,0.8594,54,395.0,True
resnet50,Multiply_9292,11,643,32,32,32,32,20,12,0,32,0.6953,65536,15360,0.7656,62,49.8,True
resnet50,Multiply_9292,11,644,32,32,32,32,18,12,0,32,0.707,65536,13824,0.7891,60,50.6,True
resnet50,Multiply_9292,11,645,32,32,32,32,21,12,0,32,0.6895,65536,16128,0.7539,63,50.4,True
resnet50,Multiply_9292,11,646,32,32,32,32,19,12,0,32,0.7012,65536,14592,0.7773,61,231.4,True
resnet50,Multiply_9292,11,647,32,32,32,32,21,12,0,32,0.6895,65536,16128,0.7539,63,38.7,True
resnet50,Multiply_9292,11,648,32,32,32,32,13,12,0,32,0.7363,65536,9984,0.8477,55,76.9,True
resnet50,Multiply_9292,11,649,32,32,32,32,17,10,0,32,0.7607,65536,10880,0.834,57,36.9,True
resnet50,Multiply_9292,11,650,32,32,32,32,12,10,0,32,0.7852,65536,7680,0.8828,52,50.7,True
resnet50,Multiply_9292,11,651,32,32,32,32,20,10,0,32,0.7461,65536,12800,0.8047,60,200.6,True
resnet50,Multiply_9292,11,652,32,32,32,32,18,10,0,32,0.7559,65536,11520,0.8242,58,126.5,True
resnet50,Multiply_9292,11,653,32,32,32,32,21,10,0,32,0.7412,65536,13440,0.7949,61,66.4,True
resnet50,Multiply_9292,11,654,32,32,32,32,19,10,0,32,0.751,65536,12160,0.8145,59,55.1,True
resnet50,Multiply_9292,11,655,32,32,32,32,21,10,0,32,0.7412,65536,13440,0.7949,61,76.4,True
resnet50,Multiply_9292,11,656,32,32,32,32,13,10,0,32,0.7803,65536,8320,0.873,53,72.3,True
resnet50,Multiply_9292,11,657,32,32,32,32,17,12,0,32,0.7129,65536,13056,0.8008,59,38.0,True
resnet50,Multiply_9292,11,658,32,32,32,32,12,12,0,32,0.7422,65536,9216,0.8594,54,48.2,True
resnet50,Multiply_9292,11,659,32,32,32,32,20,12,0,32,0.6953,65536,15360,0.7656,62,87.6,True
resnet50,Multiply_9292,11,660,32,32,32,32,18,12,0,32,0.707,65536,13824,0.7891,60,90.2,True
resnet50,Multiply_9292,11,661,32,32,32,32,21,12,0,32,0.6895,65536,16128,0.7539,63,177.6,True
resnet50,Multiply_9292,11,662,32,32,32,32,19,12,0,32,0.7012,65536,14592,0.7773,61,183.1,True
resnet50,Multiply_9292,11,663,32,32,32,32,21,12,0,32,0.6895,65536,16128,0.7539,63,251.1,True
resnet50,Multiply_9292,11,664,32,32,32,32,13,12,0,32,0.7363,65536,9984,0.8477,55,48.4,True
resnet50,Multiply_9292,11,665,32,32,32,32,17,12,0,32,0.7129,65536,13056,0.8008,59,47.7,True
resnet50,Multiply_9292,11,666,32,32,32,32,12,12,0,32,0.7422,65536,9216,0.8594,54,62.6,True
resnet50,Multiply_9292,11,667,32,32,32,32,20,12,0,32,0.6953,65536,15360,0.7656,62,247.0,True
resnet50,Multiply_9292,11,668,32,32,32,32,18,12,0,32,0.707,65536,13824,0.7891,60,45.2,True
resnet50,Multiply_9292,11,669,32,32,32,32,21,12,0,32,0.6895,65536,16128,0.7539,63,46.6,True
resnet50,Multiply_9292,11,670,32,32,32,32,19,12,0,32,0.7012,65536,14592,0.7773,61,44.1,True
resnet50,Multiply_9292,11,671,32,32,32,32,21,12,0,32,0.6895,65536,16128,0.7539,63,38.2,True
resnet50,Multiply_9292,11,672,32,32,32,32,13,12,0,32,0.7363,65536,9984,0.8477,55,59.6,True
resnet50,Multiply_9292,11,673,32,32,32,32,17,12,0,32,0.7129,65536,13056,0.8008,59,44.0,True
resnet50,Multiply_9292,11,674,32,32,32,32,12,12,0,32,0.7422,65536,9216,0.8594,54,97.2,True
resnet50,Multiply_9292,11,675,32,32,32,32,20,12,0,32,0.6953,65536,15360,0.7656,62,75.5,True
resnet50,Multiply_9292,11,676,32,32,32,32,18,12,0,32,0.707,65536,13824,0.7891,60,156.6,True
resnet50,Multiply_9292,11,677,32,32,32,32,21,12,0,32,0.6895,65536,16128,0.7539,63,45.0,True
resnet50,Multiply_9292,11,678,32,32,32,32,19,12,0,32,0.7012,65536,14592,0.7773,61,201.5,True
resnet50,Multiply_9292,11,679,32,32,32,32,21,12,0,32,0.6895,65536,16128,0.7539,63,261.4,True
resnet50,Multiply_9292,11,680,32,32,32,32,13,12,0,32,0.7363,65536,9984,0.8477,55,37.4,True
resnet50,Multiply_9292,11,681,32,32,32,32,17,11,0,32,0.7368,65536,11968,0.8174,58,71.0,True
resnet50,Multiply_9292,11,682,32,32,32,32,12,11,0,32,0.7637,65536,8448,0.8711,53,47.5,True
resnet50,Multiply_9292,11,683,32,32,32,32,20,11,0,32,0.7207,65536,14080,0.7852,61,181.7,True
resnet50,Multiply_9292,11,684,32,32,32,32,18,11,0,32,0.7314,65536,12672,0.8066,59,213.8,True
resnet50,Multiply_9292,11,685,32,32,32,32,21,11,0,32,0.7153,65536,14784,0.7744,62,197.2,True
resnet50,Multiply_9292,11,686,32,32,32,32,19,11,0,32,0.7261,65536,13376,0.7959,60,40.5,True
resnet50,Multiply_9292,11,687,32,32,32,32,21,11,0,32,0.7153,65536,14784,0.7744,62,197.7,True
resnet50,Multiply_9292,11,688,32,32,32,32,13,11,0,32,0.7583,65536,9152,0.8604,54,45.5,True
resnet50,Multiply_9292,11,689,32,32,32,32,17,8,0,32,0.8086,65536,8704,0.8672,55,54.8,True
resnet50,Multiply_9292,11,690,32,32,32,32,12,8,0,32,0.8281,65536,6144,0.9062,50,38.4,True
resnet50,Multiply_9292,11,691,32,32,32,32,20,8,0,32,0.7969,65536,10240,0.8438,58,39.3,True
resnet50,Multiply_9292,11,692,32,32,32,32,18,8,0,32,0.8047,65536,9216,0.8594,56,60.4,True
resnet50,Multiply_9292,11,693,32,32,32,32,21,8,0,32,0.793,65536,10752,0.8359,59,152.3,True
resnet50,Multiply_9292,11,694,32,32,32,32,19,8,0,32,0.8008,65536,9728,0.8516,57,118.1,True
resnet50,Multiply_9292,11,695,32,32,32,32,21,8,0,32,0.793,65536,10752,0.8359,59,38.9,True
resnet50,Multiply_9292,11,696,32,32,32,32,13,8,0,32,0.8242,65536,6656,0.8984,51,156.7,True
resnet50,Multiply_9292,11,697,32,32,32,32,17,11,0,32,0.7368,65536,11968,0.8174,58,47.6,True
resnet50,Multiply_9292,11,698,32,32,32,32,12,11,0,32,0.7637,65536,8448,0.8711,53,49.7,True
resnet50,Multiply_9292,11,699,32,32,32,32,20,11,0,32,0.7207,65536,14080,0.7852,61,227.2,True
resnet50,Multiply_9292,11,700,32,32,32,32,18,11,0,32,0.7314,65536,12672,0.8066,59,113.9,True
resnet50,Multiply_9292,11,701,32,32,32,32,21,11,0,32,0.7153,65536,14784,0.7744,62,196.1,True
resnet50,Multiply_9292,11,702,32,32,32,32,19,11,0,32,0.7261,65536,13376,0.7959,60,48.6,True
resnet50,Multiply_9292,11,703,32,32,32,32,21,11,0,32,0.7153,65536,14784,0.7744,62,87.6,True
resnet50,Multiply_9292,11,704,32,32,32,32,13,11,0,32,0.7583,65536,9152,0.8604,54,163.3,True
resnet50,Multiply_9292,11,705,32,32,32,32,17,11,0,32,0.7368,65536,11968,0.8174,58,132.8,True
resnet50,Multiply_9292,11,706,32,32,32,32,12,11,0,32,0.7637,65536,8448,0.8711,53,39.8,True
resnet50,Multiply_9292,11,707,32,32,32,32,20,11,0,32,0.7207,65536,14080,0.7852,61,173.0,True
resnet50,Multiply_9292,11,708,32,32,32,32,18,11,0,32,0.7314,65536,12672,0.8066,59,38.2,True
resnet50,Multiply_9292,11,709,32,32,32,32,21,11,0,32,0.7153,65536,14784,0.7744,62,119.3,True
resnet50,Multiply_9292,11,710,32,32,32,32,19,11,0,32,0.7261,65536,13376,0.7959,60,113.9,True
resnet50,Multiply_9292,11,711,32,32,32,32,21,11,0,32,0.7153,65536,14784,0.7744,62,39.9,True
resnet50,Multiply_9292,11,712,32,32,32,32,13,11,0,32,0.7583,65536,9152,0.8604,54,39.4,True
resnet50,Multiply_9292,11,713,32,32,32,32,17,12,0,32,0.7129,65536,13056,0.8008,59,121.8,True
resnet50,Multiply_9292,11,714,32,32,32,32,12,12,0,32,0.7422,65536,9216,0.8594,54,81.4,True
resnet50,Multiply_9292,11,715,32,32,32,32,20,12,0,32,0.6953,65536,15360,0.7656,62,94.3,True
resnet50,Multiply_9292,11,716,32,32,32,32,18,12,0,32,0.707,65536,13824,0.7891,60,40.2,True
resnet50,Multiply_9292,11,717,32,32,32,32,21,12,0,32,0.6895,65536,16128,0.7539,63,49.0,True
resnet50,Multiply_9292,11,718,32,32,32,32,19,12,0,32,0.7012,65536,14592,0.7773,61,39.4,True
resnet50,Multiply_9292,11,719,32,32,32,32,21,12,0,32,0.6895,65536,16128,0.7539,63,297.3,True
resnet50,Multiply_9292,11,720,32,32,32,32,13,12,0,32,0.7363,65536,9984,0.8477,55,38.6,True
resnet50,Multiply_9292,11,721,32,32,32,32,17,12,0,32,0.7129,65536,13056,0.8008,59,38.9,True
resnet50,Multiply_9292,11,722,32,32,32,32,12,12,0,32,0.7422,65536,9216,0.8594,54,175.1,True
resnet50,Multiply_9292,11,723,32,32,32,32,20,12,0,32,0.6953,65536,15360,0.7656,62,38.6,True
resnet50,Multiply_9292,11,724,32,32,32,32,18,12,0,32,0.707,65536,13824,0.7891,60,45.1,True
resnet50,Multiply_9292,11,725,32,32,32,32,21,12,0,32,0.6895,65536,16128,0.7539,63,196.8,True
resnet50,Multiply_9292,11,726,32,32,32,32,19,12,0,32,0.7012,65536,14592,0.7773,61,49.1,True
resnet50,Multiply_9292,11,727,32,32,32,32,21,12,0,32,0.6895,65536,16128,0.7539,63,113.1,True
resnet50,Multiply_9292,11,728,32,32,32,32,13,12,0,32,0.7363,65536,9984,0.8477,55,49.8,True
resnet50,Multiply_9292,11,729,32,32,32,32,17,10,0,32,0.7607,65536,10880,0.834,57,46.3,True
resnet50,Multiply_9292,11,730,32,32,32,32,12,10,0,32,0.7852,65536,7680,0.8828,52,45.8,True
resnet50,Multiply_9292,11,731,32,32,32,32,20,10,0,32,0.7461,65536,12800,0.8047,60,40.0,True
resnet50,Multiply_9292,11,732,32,32,32,32,18,10,0,32,0.7559,65536,11520,0.8242,58,66.7,True
resnet50,Multiply_9292,11,733,32,32,32,32,21,10,0,32,0.7412,65536,13440,0.7949,61,50.0,True
resnet50,Multiply_9292,11,734,32,32,32,32,19,10,0,32,0.751,65536,12160,0.8145,59,52.0,True
resnet50,Multiply_9292,11,735,32,32,32,32,21,10,0,32,0.7412,65536,13440,0.7949,61,144.3,True
resnet50,Multiply_9292,11,736,32,32,32,32,13,10,0,32,0.7803,65536,8320,0.873,53,39.9,True
resnet50,Multiply_9292,11,737,32,32,32,32,17,12,0,32,0.7129,65536,13056,0.8008,59,55.2,True
resnet50,Multiply_9292,11,738,32,32,32,32,12,12,0,32,0.7422,65536,9216,0.8594,54,48.7,True
resnet50,Multiply_9292,11,739,32,32,32,32,20,12,0,32,0.6953,65536,15360,0.7656,62,38.3,True
resnet50,Multiply_9292,11,740,32,32,32,32,18,12,0,32,0.707,65536,13824,0.7891,60,49.8,True
resnet50,Multiply_9292,11,741,32,32,32,32,21,12,0,32,0.6895,65536,16128,0.7539,63,86.8,True
resnet50,Multiply_9292,11,742,32,32,32,32,19,12,0,32,0.7012,65536,14592,0.7773,61,38.9,True
resnet50,Multiply_9292,11,743,32,32,32,32,21,12,0,32,0.6895,65536,16128,0.7539,63,38.3,True
resnet50,Multiply_9292,11,744,32,32,32,32,13,12,0,32,0.7363,65536,9984,0.8477,55,45.7,True
resnet50,Multiply_9292,11,745,32,32,32,32,17,10,0,32,0.7607,65536,10880,0.834,57,58.5,True
resnet50,Multiply_9292,11,746,32,32,32,32,12,10,0,32,0.7852,65536,7680,0.8828,52,172.4,True
resnet50,Multiply_9292,11,747,32,32,32,32,20,10,0,32,0.7461,65536,12800,0.8047,60,51.2,True
resnet50,Multiply_9292,11,748,32,32,32,32,18,10,0,32,0.7559,65536,11520,0.8242,58,42.9,True
resnet50,Multiply_9292,11,749,32,32,32,32,21,10,0,32,0.7412,65536,13440,0.7949,61,82.2,True
resnet50,Multiply_9292,11,750,32,32,32,32,19,10,0,32,0.751,65536,12160,0.8145,59,78.8,True
resnet50,Multiply_9292,11,751,32,32,32,32,21,10,0,32,0.7412,65536,13440,0.7949,61,39.1,True
resnet50,Multiply_9292,11,752,32,32,32,32,13,10,0,32,0.7803,65536,8320,0.873,53,45.8,True
resnet50,Multiply_9292,11,753,32,32,32,32,17,13,0,32,0.689,65536,14144,0.7842,60,92.9,True
resnet50,Multiply_9292,11,754,32,32,32,32,12,13,0,32,0.7207,65536,9984,0.8477,55,177.7,True
resnet50,Multiply_9292,11,755,32,32,32,32,20,13,0,32,0.6699,65536,16640,0.7461,63,136.8,True
resnet50,Multiply_9292,11,756,32,32,32,32,18,13,0,32,0.6826,65536,14976,0.7715,61,175.8,True
resnet50,Multiply_9292,11,757,32,32,32,32,21,13,0,32,0.6636,65536,17472,0.7334,64,47.7,True
resnet50,Multiply_9292,11,758,32,32,32,32,19,13,0,32,0.6763,65536,15808,0.7588,62,38.7,True
resnet50,Multiply_9292,11,759,32,32,32,32,21,13,0,32,0.6636,65536,17472,0.7334,64,38.6,True
resnet50,Multiply_9292,11,760,32,32,32,32,13,13,0,32,0.7144,65536,10816,0.835,56,104.1,True
resnet50,Multiply_9292,11,761,32,32,32,32,17,9,0,32,0.7847,65536,9792,0.8506,56,37.3,True
resnet50,Multiply_9292,11,762,32,32,32,32,12,9,0,32,0.8066,65536,6912,0.8945,51,102.8,True
resnet50,Multiply_9292,11,763,32,32,32,32,20,9,0,32,0.7715,65536,11520,0.8242,59,47.8,True
resnet50,Multiply_9292,11,764,32,32,32,32,18,9,0,32,0.7803,65536,10368,0.8418,57,99.7,True
resnet50,Multiply_9292,11,765,32,32,32,32,21,9,0,32,0.7671,65536,12096,0.8154,60,106.1,True
resnet50,Multiply_9292,11,766,32,32,32,32,19,9,0,32,0.7759,65536,10944,0.833,58,197.2,True
resnet50,Multiply_9292,11,767,32,32,32,32,21,9,0,32,0.7671,65536,12096,0.8154,60,44.0,True
resnet50,Multiply_9292,11,768,32,32,32,32,13,9,0,32,0.8022,65536,7488,0.8857,52,179.1,True
resnet50,Multiply_9292,11,769,32,32,32,32,17,10,0,32,0.7607,65536,10880,0.834,57,52.1,True
resnet50,Multiply_9292,11,770,32,32,32,32,12,10,0,32,0.7852,65536,7680,0.8828,52,47.7,True
resnet50,Multiply_9292,11,771,32,32,32,32,20,10,0,32,0.7461,65536,12800,0.8047,60,49.1,True
resnet50,Multiply_9292,11,772,32,32,32,32,18,10,0,32,0.7559,65536,11520,0.8242,58,85.1,True
resnet50,Multiply_9292,11,773,32,32,32,32,21,10,0,32,0.7412,65536,13440,0.7949,61,192.7,True
resnet50,Multiply_9292,11,774,32,32,32,32,19,10,0,32,0.751,65536,12160,0.8145,59,45.1,True
resnet50,Multiply_9292,11,775,32,32,32,32,21,10,0,32,0.7412,65536,13440,0.7949,61,50.3,True
resnet50,Multiply_9292,11,776,32,32,32,32,13,10,0,32,0.7803,65536,8320,0.873,53,45.1,True
resnet50,Multiply_9292,11,777,32,32,32,32,17,10,0,32,0.7607,65536,10880,0.834,57,59.5,True
resnet50,Multiply_9292,11,778,32,32,32,32,12,10,0,32,0.7852,65536,7680,0.8828,52,179.4,True
resnet50,Multiply_9292,11,779,32,32,32,32,20,10,0,32,0.7461,65536,12800,0.8047,60,47.2,True
resnet50,Multiply_9292,11,780,32,32,32,32,18,10,0,32,0.7559,65536,11520,0.8242,58,238.8,True
resnet50,Multiply_9292,11,781,32,32,32,32,21,10,0,32,0.7412,65536,13440,0.7949,61,48.0,True
resnet50,Multiply_9292,11,782,32,32,32,32,19,10,0,32,0.751,65536,12160,0.8145,59,98.8,True
resnet50,Multiply_9292,11,783,32,32,32,32,21,10,0,32,0.7412,65536,13440,0.7949,61,151.3,True
resnet50,Multiply_9292,11,784,32,32,32,32,13,10,0,32,0.7803,65536,8320,0.873,53,38.5,True
resnet50,Multiply_9285,12,1,32,32,32,32,16,6,0,32,0.8594,65536,6144,0.9062,52,45.0,True
resnet50,Multiply_9285,12,2,32,32,32,32,19,6,0,32,0.8506,65536,7296,0.8887,55,45.2,True
resnet50,Multiply_9285,12,3,32,32,32,31,16,9,0,32,0.7935,65536,8928,0.8638,54,128.8,True
resnet50,Multiply_9285,12,4,32,32,32,31,19,9,0,32,0.7803,65536,10602,0.8382,57,163.6,True
resnet50,Multiply_9285,12,5,32,32,32,32,16,9,0,32,0.7891,65536,9216,0.8594,55,117.1,True
resnet50,Multiply_9285,12,6,32,32,32,32,19,9,0,32,0.7759,65536,10944,0.833,58,160.2,True
resnet50,Multiply_9285,12,7,32,32,32,23,16,9,0,32,0.8286,65536,6624,0.8989,46,174.9,True
resnet50,Multiply_9285,12,8,32,32,32,23,19,9,0,32,0.8154,65536,7866,0.88,49,51.7,True
resnet50,Multiply_9285,12,9,32,32,32,18,16,9,0,32,0.8506,65536,5184,0.9209,41,48.5,True
resnet50,Multiply_9285,12,10,32,32,32,18,19,9,0,32,0.8374,65536,6156,0.9061,44,66.3,True
resnet50,Multiply_9285,12,11,32,32,32,16,16,9,1,16,0.8594,65536,4608,0.9297,39,127.7,True
resnet50,Multiply_9285,12,12,32,32,32,16,19,9,0,32,0.8462,65536,5472,0.9165,42,48.4,True
resnet50,Multiply_9285,12,13,32,32,32,21,16,9,0,32,0.8374,65536,6048,0.9077,44,59.2,True
resnet50,Multiply_9285,12,14,32,32,32,21,19,9,0,32,0.8242,65536,7182,0.8904,47,183.5,True
resnet50,Multiply_9285,12,15,32,32,32,17,16,9,0,32,0.855,65536,4896,0.9253,40,174.6,True
resnet50,Multiply_9285,12,16,32,32,32,17,19,9,0,32,0.8418,65536,5814,0.9113,43,38.5,True
resnet50,Multiply_9285,12,17,32,32,32,20,16,9,0,32,0.8418,65536,5760,0.9121,43,73.1,True
resnet50,Multiply_9285,12,18,32,32,32,20,19,9,0,32,0.8286,65536,6840,0.8956,46,175.6,True
resnet50,Multiply_9285,12,19,32,32,32,22,16,9,0,32,0.833,65536,6336,0.9033,45,84.2,True
resnet50,Multiply_9285,12,20,32,32,32,22,19,9,0,32,0.8198,65536,7524,0.8852,48,49.7,True
resnet50,Multiply_9285,12,21,32,32,32,21,16,9,0,32,0.8374,65536,6048,0.9077,44,64.5,True
resnet50,Multiply_9285,12,22,32,32,32,21,19,9,0,32,0.8242,65536,7182,0.8904,47,53.4,True
resnet50,Multiply_9285,12,23,32,32,32,21,16,9,0,32,0.8374,65536,6048,0.9077,44,222.2,True
resnet50,Multiply_9285,12,24,32,32,32,21,19,9,0,32,0.8242,65536,7182,0.8904,47,177.0,True
resnet50,Multiply_9285,12,25,32,32,32,18,16,9,0,32,0.8506,65536,5184,0.9209,41,66.9,True
resnet50,Multiply_9285,12,26,32,32,32,18,19,9,0,32,0.8374,65536,6156,0.9061,44,116.5,True
resnet50,Multiply_9285,12,27,32,32,32,18,16,9,0,32,0.8506,65536,5184,0.9209,41,79.9,True
resnet50,Multiply_9285,12,28,32,32,32,18,19,9,0,32,0.8374,65536,6156,0.9061,44,37.5,True
resnet50,Multiply_9285,12,29,32,32,32,23,16,9,0,32,0.8286,65536,6624,0.8989,46,47.7,True
resnet50,Multiply_9285,12,30,32,32,32,23,19,9,0,32,0.8154,65536,7866,0.88,49,48.1,True
resnet50,Multiply_9285,12,31,32,32,32,16,16,9,1,16,0.8594,65536,4608,0.9297,39,80.2,True
resnet50,Multiply_9285,12,32,32,32,32,16,19,9,0,32,0.8462,65536,5472,0.9165,42,167.8,True
resnet50,Multiply_9285,12,33,32,32,32,24,16,9,0,32,0.8242,65536,6912,0.8945,47,111.5,True
resnet50,Multiply_9285,12,34,32,32,32,24,19,9,0,32,0.811,65536,8208,0.8748,50,60.4,True
resnet50,Multiply_9285,12,35,32,32,32,22,16,9,0,32,0.833,65536,6336,0.9033,45,48.0,True
resnet50,Multiply_9285,12,36,32,32,32,22,19,9,0,32,0.8198,65536,7524,0.8852,48,38.2,True
resnet50,Multiply_9285,12,37,32,32,32,29,16,9,0,32,0.8022,65536,8352,0.8726,52,195.1,True
resnet50,Multiply_9285,12,38,32,32,32,29,19,9,0,32,0.7891,65536,9918,0.8487,55,76.0,True
resnet50,Multiply_9285,12,39,32,32,32,23,16,9,0,32,0.8286,65536,6624,0.8989,46,68.1,True
resnet50,Multiply_9285,12,40,32,32,32,23,19,9,0,32,0.8154,65536,7866,0.88,49,53.6,True
resnet50,Multiply_9285,12,41,32,32,32,26,16,9,0,32,0.8154,65536,7488,0.8857,49,40.3,True
resnet50,Multiply_9285,12,42,32,32,32,26,19,9,0,32,0.8022,65536,8892,0.8643,52,83.9,True
resnet50,Multiply_9285,12,43,32,32,32,26,16,9,0,32,0.8154,65536,7488,0.8857,49,219.2,True
resnet50,Multiply_9285,12,44,32,32,32,26,19,9,0,32,0.8022,65536,8892,0.8643,52,141.4,True
resnet50,Multiply_9285,12,45,32,32,32,22,16,9,0,32,0.833,65536,6336,0.9033,45,71.7,True
resnet50,Multiply_9285,12,46,32,32,32,22,19,9,0,32,0.8198,65536,7524,0.8852,48,197.9,True
resnet50,Multiply_9285,12,47,32,32,32,26,16,9,0,32,0.8154,65536,7488,0.8857,49,40.9,True
resnet50,Multiply_9285,12,48,32,32,32,26,19,9,0,32,0.8022,65536,8892,0.8643,52,122.2,True
resnet50,Multiply_9285,12,49,32,32,32,15,16,9,1,16,0.8638,65536,4320,0.9341,38,147.6,True
resnet50,Multiply_9285,12,50,32,32,32,15,19,9,0,32,0.8506,65536,5130,0.9217,41,222.3,True
resnet50,Multiply_9285,12,51,32,32,32,28,16,9,0,32,0.8066,65536,8064,0.877,51,218.5,True
resnet50,Multiply_9285,12,52,32,32,32,28,19,9,0,32,0.7935,65536,9576,0.8539,54,49.1,True
resnet50,Multiply_9285,12,53,32,32,32,23,16,9,0,32,0.8286,65536,6624,0.8989,46,98.0,True
resnet50,Multiply_9285,12,54,32,32,32,23,19,9,0,32,0.8154,65536,7866,0.88,49,37.9,True
resnet50,Multiply_9285,12,55,32,32,32,27,16,9,0,32,0.811,65536,7776,0.8813,50,47.8,True
resnet50,Multiply_9285,12,56,32,32,32,27,19,9,0,32,0.7979,65536,9234,0.8591,53,126.0,True
resnet50,Multiply_9285,12,57,32,32,32,25,16,9,0,32,0.8198,65536,7200,0.8901,48,48.7,True
resnet50,Multiply_9285,12,58,32,32,32,25,19,9,0,32,0.8066,65536,8550,0.8695,51,50.7,True
resnet50,Multiply_9285,12,59,32,32,32,22,16,9,0,32,0.833,65536,6336,0.9033,45,48.6,True
resnet50,Multiply_9285,12,60,32,32,32,22,19,9,0,32,0.8198,65536,7524,0.8852,48,200.4,True
resnet50,Multiply_9285,12,61,32,32,32,29,16,9,0,32,0.8022,65536,8352,0.8726,52,41.0,True
resnet50,Multiply_9285,12,62,32,32,32,29,19,9,0,32,0.7891,65536,9918,0.8487,55,223.3,True
resnet50,Multiply_9285,12,63,32,32,32,20,16,9,0,32,0.8418,65536,5760,0.9121,43,44.6,True
resnet50,Multiply_9285,12,64,32,32,32,20,19,9,0,32,0.8286,65536,6840,0.8956,46,175.7,True
resnet50,Multiply_9285,12,65,32,32,32,28,16,9,0,32,0.8066,65536,8064,0.877,51,71.6,True
resnet50,Multiply_9285,12,66,32,32,32,28,19,9,0,32,0.7935,65536,9576,0.8539,54,85.7,True
resnet50,Multiply_9285,12,67,32,32,32,24,16,9,0,32,0.8242,65536,6912,0.8945,47,166.5,True
resnet50,Multiply_9285,12,68,32,32,32,24,19,9,0,32,0.811,65536,8208,0.8748,50,132.0,True
resnet50,Multiply_9285,12,69,32,32,32,21,16,9,0,32,0.8374,65536,6048,0.9077,44,41.5,True
resnet50,Multiply_9285,12,70,32,32,32,21,19,9,0,32,0.8242,65536,7182,0.8904,47,46.1,True
resnet50,Multiply_9285,12,71,32,32,32,29,16,9,0,32,0.8022,65536,8352,0.8726,52,57.7,True
resnet50,Multiply_9285,12,72,32,32,32,29,19,9,0,32,0.7891,65536,9918,0.8487,55,131.6,True
resnet50,Multiply_9285,12,73,32,32,32,21,16,9,0,32,0.8374,65536,6048,0.9077,44,194.0,True
resnet50,Multiply_9285,12,74,32,32,32,21,19,9,0,32,0.8242,65536,7182,0.8904,47,48.2,True
resnet50,Multiply_9285,12,75,32,32,32,25,16,9,0,32,0.8198,65536,7200,0.8901,48,191.5,True
resnet50,Multiply_9285,12,76,32,32,32,25,19,9,0,32,0.8066,65536,8550,0.8695,51,76.1,True
resnet50,Multiply_9285,12,77,32,32,32,24,16,9,0,32,0.8242,65536,6912,0.8945,47,97.1,True
resnet50,Multiply_9285,12,78,32,32,32,24,19,9,0,32,0.811,65536,8208,0.8748,50,38.5,True
resnet50,Multiply_9285,12,79,32,32,32,24,16,9,0,32,0.8242,65536,6912,0.8945,47,224.5,True
resnet50,Multiply_9285,12,80,32,32,32,24,19,9,0,32,0.811,65536,8208,0.8748,50,181.1,True
resnet50,Multiply_9285,12,81,32,32,32,26,16,9,0,32,0.8154,65536,7488,0.8857,49,71.7,True
resnet50,Multiply_9285,12,82,32,32,32,26,19,9,0,32,0.8022,65536,8892,0.8643,52,55.7,True
resnet50,Multiply_9285,12,83,32,32,32,24,16,9,0,32,0.8242,65536,6912,0.8945,47,195.0,True
resnet50,Multiply_9285,12,84,32,32,32,24,19,9,0,32,0.811,65536,8208,0.8748,50,162.9,True
resnet50,Multiply_9285,12,85,32,32,32,24,16,9,0,32,0.8242,65536,6912,0.8945,47,44.0,True
resnet50,Multiply_9285,12,86,32,32,32,24,19,9,0,32,0.811,65536,8208,0.8748,50,60.6,True
resnet50,Multiply_9285,12,87,32,32,32,21,16,9,0,32,0.8374,65536,6048,0.9077,44,173.5,True
resnet50,Multiply_9285,12,88,32,32,32,21,19,9,0,32,0.8242,65536,7182,0.8904,47,178.8,True
resnet50,Multiply_9285,12,89,32,32,32,28,16,9,0,32,0.8066,65536,8064,0.877,51,194.1,True
resnet50,Multiply_9285,12,90,32,32,32,28,19,9,0,32,0.7935,65536,9576,0.8539,54,113.7,True
resnet50,Multiply_9285,12,91,32,32,32,21,16,9,0,32,0.8374,65536,6048,0.9077,44,129.6,True
resnet50,Multiply_9285,12,92,32,32,32,21,19,9,0,32,0.8242,65536,7182,0.8904,47,84.1,True
resnet50,Multiply_9285,12,93,32,32,32,26,16,9,0,32,0.8154,65536,7488,0.8857,49,37.9,True
resnet50,Multiply_9285,12,94,32,32,32,26,19,9,0,32,0.8022,65536,8892,0.8643,52,108.2,True
resnet50,Multiply_9285,12,95,32,32,32,26,16,9,0,32,0.8154,65536,7488,0.8857,49,37.9,True
resnet50,Multiply_9285,12,96,32,32,32,26,19,9,0,32,0.8022,65536,8892,0.8643,52,198.5,True
resnet50,Multiply_9285,12,97,32,32,32,24,16,9,0,32,0.8242,65536,6912,0.8945,47,172.5,True
resnet50,Multiply_9285,12,98,32,32,32,24,19,9,0,32,0.811,65536,8208,0.8748,50,198.2,True
resnet50,Multiply_9285,12,99,32,32,32,22,16,9,0,32,0.833,65536,6336,0.9033,45,193.0,True
resnet50,Multiply_9285,12,100,32,32,32,22,19,9,0,32,0.8198,65536,7524,0.8852,48,64.4,True
resnet50,Multiply_9285,12,101,32,32,32,21,16,9,0,32,0.8374,65536,6048,0.9077,44,448.7,True
resnet50,Multiply_9285,12,102,32,32,32,21,19,9,0,32,0.8242,65536,7182,0.8904,47,173.8,True
resnet50,Multiply_9285,12,103,32,32,32,20,16,9,0,32,0.8418,65536,5760,0.9121,43,48.1,True
resnet50,Multiply_9285,12,104,32,32,32,20,19,9,0,32,0.8286,65536,6840,0.8956,46,174.1,True
resnet50,Multiply_9285,12,105,32,32,32,22,16,9,0,32,0.833,65536,6336,0.9033,45,88.1,True
resnet50,Multiply_9285,12,106,32,32,32,22,19,9,0,32,0.8198,65536,7524,0.8852,48,39.5,True
resnet50,Multiply_9285,12,107,32,32,32,19,16,9,0,32,0.8462,65536,5472,0.9165,42,44.6,True
resnet50,Multiply_9285,12,108,32,32,32,19,19,9,0,32,0.833,65536,6498,0.9008,45,38.7,True
resnet50,Multiply_9285,12,109,32,32,32,23,16,9,0,32,0.8286,65536,6624,0.8989,46,70.4,True
resnet50,Multiply_9285,12,110,32,32,32,23,19,9,0,32,0.8154,65536,7866,0.88,49,149.5,True
resnet50,Multiply_9285,12,111,32,32,32,21,16,9,0,32,0.8374,65536,6048,0.9077,44,55.8,True
resnet50,Multiply_9285,12,112,32,32,32,21,19,9,0,32,0.8242,65536,7182,0.8904,47,56.8,True
resnet50,Multiply_9285,12,113,32,32,32,25,16,9,0,32,0.8198,65536,7200,0.8901,48,339.5,True
resnet50,Multiply_9285,12,114,32,32,32,25,19,9,0,32,0.8066,65536,8550,0.8695,51,92.6,True
resnet50,Multiply_9285,12,115,32,32,32,23,16,9,0,32,0.8286,65536,6624,0.8989,46,117.0,True
resnet50,Multiply_9285,12,116,32,32,32,23,19,9,0,32,0.8154,65536,7866,0.88,49,120.8,True
resnet50,Multiply_9285,12,117,32,32,32,26,16,9,0,32,0.8154,65536,7488,0.8857,49,47.3,True
resnet50,Multiply_9285,12,118,32,32,32,26,19,9,0,32,0.8022,65536,8892,0.8643,52,105.6,True
resnet50,Multiply_9285,12,119,32,32,32,22,16,9,0,32,0.833,65536,6336,0.9033,45,72.4,True
resnet50,Multiply_9285,12,120,32,32,32,22,19,9,0,32,0.8198,65536,7524,0.8852,48,103.0,True
resnet50,Multiply_9285,12,121,32,32,32,26,16,9,0,32,0.8154,65536,7488,0.8857,49,85.9,True
resnet50,Multiply_9285,12,122,32,32,32,26,19,9,0,32,0.8022,65536,8892,0.8643,52,71.8,True
resnet50,Multiply_9285,12,123,32,32,32,22,16,9,0,32,0.833,65536,6336,0.9033,45,44.9,True
resnet50,Multiply_9285,12,124,32,32,32,22,19,9,0,32,0.8198,65536,7524,0.8852,48,123.3,True
resnet50,Multiply_9285,12,125,32,32,32,27,16,9,0,32,0.811,65536,7776,0.8813,50,114.6,True
resnet50,Multiply_9285,12,126,32,32,32,27,19,9,0,32,0.7979,65536,9234,0.8591,53,48.9,True
resnet50,Multiply_9285,12,127,32,32,32,19,16,9,0,32,0.8462,65536,5472,0.9165,42,92.4,True
resnet50,Multiply_9285,12,128,32,32,32,19,19,9,0,32,0.833,65536,6498,0.9008,45,52.9,True
resnet50,Multiply_9285,12,129,32,32,32,25,16,9,0,32,0.8198,65536,7200,0.8901,48,48.3,True
resnet50,Multiply_9285,12,130,32,32,32,25,19,9,0,32,0.8066,65536,8550,0.8695,51,49.7,True
resnet50,Multiply_9285,12,131,32,32,32,19,16,9,0,32,0.8462,65536,5472,0.9165,42,194.2,True
resnet50,Multiply_9285,12,132,32,32,32,19,19,9,0,32,0.833,65536,6498,0.9008,45,77.8,True
resnet50,Multiply_9285,12,133,32,32,32,21,16,9,0,32,0.8374,65536,6048,0.9077,44,44.8,True
resnet50,Multiply_9285,12,134,32,32,32,21,19,9,0,32,0.8242,65536,7182,0.8904,47,46.1,True
resnet50,Multiply_9285,12,135,32,32,32,20,16,9,0,32,0.8418,65536,5760,0.9121,43,37.0,True
resnet50,Multiply_9285,12,136,32,32,32,20,19,9,0,32,0.8286,65536,6840,0.8956,46,90.2,True
resnet50,Multiply_9285,12,137,32,32,32,19,16,9,0,32,0.8462,65536,5472,0.9165,42,42.4,True
resnet50,Multiply_9285,12,138,32,32,32,19,19,9,0,32,0.833,65536,6498,0.9008,45,49.6,True
resnet50,Multiply_9285,12,139,32,32,32,20,16,9,0,32,0.8418,65536,5760,0.9121,43,39.8,True
resnet50,Multiply_9285,12,140,32,32,32,20,19,9,0,32,0.8286,65536,6840,0.8956,46,72.7,True
resnet50,Multiply_9285,12,141,32,32,32,13,16,9,1,16,0.8726,65536,3744,0.9429,36,172.2,True
resnet50,Multiply_9285,12,142,32,32,32,13,19,9,0,32,0.8594,65536,4446,0.9322,39,45.9,True
resnet50,Multiply_9285,12,143,32,32,32,22,16,9,0,32,0.833,65536,6336,0.9033,45,195.1,True
resnet50,Multiply_9285,12,144,32,32,32,22,19,9,0,32,0.8198,65536,7524,0.8852,48,99.4,True
resnet50,Multiply_9285,12,145,32,32,32,12,16,9,1,16,0.877,65536,3456,0.9473,35,194.2,True
resnet50,Multiply_9285,12,146,32,32,32,12,19,9,0,32,0.8638,65536,4104,0.9374,38,44.8,True
resnet50,Multiply_9285,12,147,32,32,32,23,16,9,0,32,0.8286,65536,6624,0.8989,46,196.3,True
resnet50,Multiply_9285,12,148,32,32,32,23,19,9,0,32,0.8154,65536,7866,0.88,49,49.3,True
resnet50,Multiply_9285,12,149,32,32,32,11,16,9,1,16,0.8813,65536,3168,0.9517,34,44.3,True
resnet50,Multiply_9285,12,150,32,32,32,11,19,9,0,32,0.8682,65536,3762,0.9426,37,145.7,True
resnet50,Multiply_9285,12,151,32,32,32,17,16,9,0,32,0.855,65536,4896,0.9253,40,174.8,True
resnet50,Multiply_9285,12,152,32,32,32,17,19,9,0,32,0.8418,65536,5814,0.9113,43,80.6,True
resnet50,Multiply_9285,12,153,32,32,32,19,16,9,0,32,0.8462,65536,5472,0.9165,42,174.3,True
resnet50,Multiply_9285,12,154,32,32,32,19,19,9,0,32,0.833,65536,6498,0.9008,45,84.7,True
resnet50,Multiply_9285,12,155,32,32,32,11,16,9,1,16,0.8813,65536,3168,0.9517,34,69.6,True
resnet50,Multiply_9285,12,156,32,32,32,11,19,9,0,32,0.8682,65536,3762,0.9426,37,87.7,True
resnet50,Multiply_9285,12,157,32,32,32,21,16,9,0,32,0.8374,65536,6048,0.9077,44,82.0,True
resnet50,Multiply_9285,12,158,32,32,32,21,19,9,0,32,0.8242,65536,7182,0.8904,47,206.6,True
resnet50,Multiply_9285,12,159,32,32,32,10,16,6,1,16,0.9238,65536,1920,0.9707,30,62.5,True
resnet50,Multiply_9285,12,160,32,32,32,10,19,6,0,32,0.915,65536,2280,0.9652,33,69.5,True
resnet50,Multiply_9285,12,161,32,32,32,16,16,9,1,16,0.8594,65536,4608,0.9297,39,48.8,True
resnet50,Multiply_9285,12,162,32,32,32,16,19,9,0,32,0.8462,65536,5472,0.9165,42,40.1,True
resnet50,Multiply_9285,12,163,32,32,32,6,16,6,1,16,0.9355,65536,1152,0.9824,26,134.8,True
resnet50,Multiply_9285,12,164,32,32,32,6,19,6,0,32,0.9268,65536,1368,0.9791,29,86.3,True
resnet50,Multiply_9285,12,165,32,32,32,12,16,9,1,16,0.877,65536,3456,0.9473,35,70.2,True
resnet50,Multiply_9285,12,166,32,32,32,12,19,9,0,32,0.8638,65536,4104,0.9374,38,120.5,True
resnet50,Multiply_9285,12,167,32,32,32,11,16,9,1,16,0.8813,65536,3168,0.9517,34,87.4,True
resnet50,Multiply_9285,12,168,32,32,32,11,19,9,0,32,0.8682,65536,3762,0.9426,37,198.0,True
resnet50,Multiply_9285,12,169,32,32,32,12,16,9,1,16,0.877,65536,3456,0.9473,35,199.6,True
resnet50,Multiply_9285,12,170,32,32,32,12,19,9,0,32,0.8638,65536,4104,0.9374,38,85.0,True
resnet50,Multiply_9285,12,171,32,32,32,12,16,9,1,16,0.877,65536,3456,0.9473,35,36.7,True
resnet50,Multiply_9285,12,172,32,32,32,12,19,9,0,32,0.8638,65536,4104,0.9374,38,225.4,True
resnet50,Multiply_9285,12,173,32,32,32,16,16,9,1,16,0.8594,65536,4608,0.9297,39,46.9,True
resnet50,Multiply_9285,12,174,32,32,32,16,19,9,0,32,0.8462,65536,5472,0.9165,42,196.2,True
resnet50,Multiply_9285,12,175,32,32,32,17,16,9,0,32,0.855,65536,4896,0.9253,40,45.1,True
resnet50,Multiply_9285,12,176,32,32,32,17,19,9,0,32,0.8418,65536,5814,0.9113,43,294.5,True
resnet50,Multiply_9285,12,177,32,32,32,19,16,9,0,32,0.8462,65536,5472,0.9165,42,46.9,True
resnet50,Multiply_9285,12,178,32,32,32,19,19,9,0,32,0.833,65536,6498,0.9008,45,71.8,True
resnet50,Multiply_9285,12,179,32,32,32,15,16,9,1,16,0.8638,65536,4320,0.9341,38,194.6,True
resnet50,Multiply_9285,12,180,32,32,32,15,19,9,0,32,0.8506,65536,5130,0.9217,41,104.9,True
resnet50,Multiply_9285,12,181,32,32,32,17,16,9,0,32,0.855,65536,4896,0.9253,40,191.9,True
resnet50,Multiply_9285,12,182,32,32,32,17,19,9,0,32,0.8418,65536,5814,0.9113,43,70.7,True
resnet50,Multiply_9285,12,183,32,32,32,16,16,9,1,16,0.8594,65536,4608,0.9297,39,174.2,True
resnet50,Multiply_9285,12,184,32,32,32,16,19,9,0,32,0.8462,65536,5472,0.9165,42,99.6,True
resnet50,Multiply_9285,12,185,32,32,32,18,16,9,0,32,0.8506,65536,5184,0.9209,41,149.3,True
resnet50,Multiply_9285,12,186,32,32,32,18,19,9,0,32,0.8374,65536,6156,0.9061,44,197.4,True
resnet50,Multiply_9285,12,187,32,32,32,10,16,9,1,16,0.8857,65536,2880,0.9561,33,194.5,True
resnet50,Multiply_9285,12,188,32,32,32,10,19,9,0,32,0.8726,65536,3420,0.9478,36,60.8,True
resnet50,Multiply_9285,12,189,32,32,32,18,16,9,0,32,0.8506,65536,5184,0.9209,41,48.0,True
resnet50,Multiply_9285,12,190,32,32,32,18,19,9,0,32,0.8374,65536,6156,0.9061,44,45.8,True
resnet50,Multiply_9285,12,191,32,32,32,13,16,8,1,16,0.8867,65536,3328,0.9492,35,127.7,True
resnet50,Multiply_9285,12,192,32,32,32,13,19,8,0,32,0.875,65536,3952,0.9397,38,196.1,True
resnet50,Multiply_9285,12,193,32,32,32,18,16,9,0,32,0.8506,65536,5184,0.9209,41,92.3,True
resnet50,Multiply_9285,12,194,32,32,32,18,19,9,0,32,0.8374,65536,6156,0.9061,44,51.5,True
resnet50,Multiply_9285,12,195,32,32,32,3,16,6,1,16,0.9443,65536,576,0.9912,23,112.9,True
resnet50,Multiply_9285,12,196,32,32,32,3,19,6,0,32,0.9355,65536,684,0.9896,26,176.8,True
resnet50,Multiply_9278,13,1,32,32,32,32,21,13,0,32,0.6636,65536,17472,0.7334,64,87.1,True
resnet50,Multiply_9278,13,2,32,32,32,32,14,13,0,32,0.708,65536,11648,0.8223,57,43.3,True
resnet50,Multiply_9278,13,3,32,32,32,32,21,15,0,32,0.6118,65536,20160,0.6924,66,223.5,True
resnet50,Multiply_9278,13,4,32,32,32,32,14,15,0,32,0.6631,65536,13440,0.7949,59,50.6,True
resnet50,Multiply_9278,13,5,32,32,32,32,21,17,0,32,0.5601,65536,22848,0.6514,68,41.0,True
resnet50,Multiply_9278,13,6,32,32,32,32,14,17,0,32,0.6182,65536,15232,0.7676,61,49.6,True
resnet50,Multiply_9278,13,7,32,32,32,32,21,16,0,32,0.5859,65536,21504,0.6719,67,59.1,True
resnet50,Multiply_9278,13,8,32,32,32,32,14,16,0,32,0.6406,65536,14336,0.7812,60,49.1,True
resnet50,Multiply_9278,13,9,32,32,32,32,21,18,0,32,0.5342,65536,24192,0.6309,69,45.2,True
resnet50,Multiply_9278,13,10,32,32,32,32,14,18,0,32,0.5957,65536,16128,0.7539,62,62.1,True
resnet50,Multiply_9278,13,11,32,32,32,32,21,16,0,32,0.5859,65536,21504,0.6719,67,69.9,True
resnet50,Multiply_9278,13,12,32,32,32,32,14,16,0,32,0.6406,65536,14336,0.7812,60,45.2,True
resnet50,Multiply_9278,13,13,32,32,32,32,21,18,0,32,0.5342,65536,24192,0.6309,69,173.9,True
resnet50,Multiply_9278,13,14,32,32,32,32,14,18,0,32,0.5957,65536,16128,0.7539,62,48.7,True
resnet50,Multiply_9278,13,15,32,32,32,32,21,15,0,32,0.6118,65536,20160,0.6924,66,46.8,True
resnet50,Multiply_9278,13,16,32,32,32,32,14,15,0,32,0.6631,65536,13440,0.7949,59,151.2,True
resnet50,Multiply_9278,13,17,32,32,32,32,21,18,0,32,0.5342,65536,24192,0.6309,69,45.3,True
resnet50,Multiply_9278,13,18,32,32,32,32,14,18,0,32,0.5957,65536,16128,0.7539,62,47.7,True
resnet50,Multiply_9278,13,19,32,32,32,32,21,18,0,32,0.5342,65536,24192,0.6309,69,46.3,True
resnet50,Multiply_9278,13,20,32,32,32,32,14,18,0,32,0.5957,65536,16128,0.7539,62,38.3,True
resnet50,Multiply_9278,13,21,32,32,32,32,21,18,0,32,0.5342,65536,24192,0.6309,69,40.9,True
resnet50,Multiply_9278,13,22,32,32,32,32,14,18,0,32,0.5957,65536,16128,0.7539,62,54.2,True
resnet50,Multiply_9278,13,23,32,32,32,32,21,18,0,32,0.5342,65536,24192,0.6309,69,121.8,True
resnet50,Multiply_9278,13,24,32,32,32,32,14,18,0,32,0.5957,65536,16128,0.7539,62,99.4,True
resnet50,Multiply_9278,13,25,32,32,32,32,21,18,0,32,0.5342,65536,24192,0.6309,69,65.8,True
resnet50,Multiply_9278,13,26,32,32,32,32,14,18,0,32,0.5957,65536,16128,0.7539,62,38.8,True
resnet50,Multiply_9278,13,27,32,32,32,32,21,19,0,32,0.5083,65536,25536,0.6104,70,261.8,True
resnet50,Multiply_9278,13,28,32,32,32,32,14,19,0,32,0.5732,65536,17024,0.7402,63,158.2,True
resnet50,Multiply_9278,13,29,32,32,32,32,21,17,0,32,0.5601,65536,22848,0.6514,68,78.7,True
resnet50,Multiply_9278,13,30,32,32,32,32,14,17,0,32,0.6182,65536,15232,0.7676,61,40.3,True
resnet50,Multiply_9278,13,31,32,32,32,32,21,18,0,32,0.5342,65536,24192,0.6309,69,38.1,True
resnet50,Multiply_9278,13,32,32,32,32,32,14,18,0,32,0.5957,65536,16128,0.7539,62,112.6,True
resnet50,Multiply_9278,13,33,32,32,32,32,21,17,0,32,0.5601,65536,22848,0.6514,68,65.1,True
resnet50,Multiply_9278,13,34,32,32,32,32,14,17,0,32,0.6182,65536,15232,0.7676,61,46.4,True
resnet50,Multiply_9278,13,35,32,32,32,32,21,17,0,32,0.5601,65536,22848,0.6514,68,50.3,True
resnet50,Multiply_9278,13,36,32,32,32,32,14,17,0,32,0.6182,65536,15232,0.7676,61,46.3,True
resnet50,Multiply_9278,13,37,32,32,32,32,21,18,0,32,0.5342,65536,24192,0.6309,69,158.9,True
resnet50,Multiply_9278,13,38,32,32,32,32,14,18,0,32,0.5957,65536,16128,0.7539,62,108.8,True
resnet50,Multiply_9278,13,39,32,32,32,32,21,18,0,32,0.5342,65536,24192,0.6309,69,49.9,True
resnet50,Multiply_9278,13,40,32,32,32,32,14,18,0,32,0.5957,65536,16128,0.7539,62,61.6,True
resnet50,Multiply_9278,13,41,32,32,32,32,21,18,0,32,0.5342,65536,24192,0.6309,69,76.4,True
resnet50,Multiply_9278,13,42,32,32,32,32,14,18,0,32,0.5957,65536,16128,0.7539,62,94.2,True
resnet50,Multiply_9278,13,43,32,32,32,32,21,16,0,32,0.5859,65536,21504,0.6719,67,43.9,True
resnet50,Multiply_9278,13,44,32,32,32,32,14,16,0,32,0.6406,65536,14336,0.7812,60,37.4,True
resnet50,Multiply_9278,13,45,32,32,32,32,21,18,0,32,0.5342,65536,24192,0.6309,69,109.3,True
resnet50,Multiply_9278,13,46,32,32,32,32,14,18,0,32,0.5957,65536,16128,0.7539,62,45.3,True
resnet50,Multiply_9278,13,47,32,32,32,32,21,17,0,32,0.5601,65536,22848,0.6514,68,66.9,True
resnet50,Multiply_9278,13,48,32,32,32,32,14,17,0,32,0.6182,65536,15232,0.7676,61,64.1,True
resnet50,Multiply_9278,13,49,32,32,32,32,21,18,0,32,0.5342,65536,24192,0.6309,69,98.6,True
resnet50,Multiply_9278,13,50,32,32,32,32,14,18,0,32,0.5957,65536,16128,0.7539,62,49.6,True
resnet50,Multiply_9278,13,51,32,32,32,32,21,18,0,32,0.5342,65536,24192,0.6309,69,51.5,True
resnet50,Multiply_9278,13,52,32,32,32,32,14,18,0,32,0.5957,65536,16128,0.7539,62,45.1,True
resnet50,Multiply_9278,13,53,32,32,32,32,21,16,0,32,0.5859,65536,21504,0.6719,67,46.4,True
resnet50,Multiply_9278,13,54,32,32,32,32,14,16,0,32,0.6406,65536,14336,0.7812,60,197.7,True
resnet50,Multiply_9278,13,55,32,32,32,32,21,17,0,32,0.5601,65536,22848,0.6514,68,77.6,True
resnet50,Multiply_9278,13,56,32,32,32,32,14,17,0,32,0.6182,65536,15232,0.7676,61,47.8,True
resnet50,Multiply_9278,13,57,32,32,32,32,21,17,0,32,0.5601,65536,22848,0.6514,68,173.8,True
resnet50,Multiply_9278,13,58,32,32,32,32,14,17,0,32,0.6182,65536,15232,0.7676,61,50.9,True
resnet50,Multiply_9278,13,59,32,32,32,32,21,18,0,32,0.5342,65536,24192,0.6309,69,36.8,True
resnet50,Multiply_9278,13,60,32,32,32,32,14,18,0,32,0.5957,65536,16128,0.7539,62,37.9,True
resnet50,Multiply_9278,13,61,32,32,32,32,21,18,0,32,0.5342,65536,24192,0.6309,69,73.2,True
resnet50,Multiply_9278,13,62,32,32,32,32,14,18,0,32,0.5957,65536,16128,0.7539,62,104.4,True
resnet50,Multiply_9278,13,63,32,32,32,32,21,17,0,32,0.5601,65536,22848,0.6514,68,48.0,True
resnet50,Multiply_9278,13,64,32,32,32,32,14,17,0,32,0.6182,65536,15232,0.7676,61,38.3,True
resnet50,Multiply_9278,13,65,32,32,32,32,21,17,0,32,0.5601,65536,22848,0.6514,68,60.2,True
resnet50,Multiply_9278,13,66,32,32,32,32,14,17,0,32,0.6182,65536,15232,0.7676,61,77.6,True
resnet50,Multiply_9278,13,67,32,32,32,32,21,18,0,32,0.5342,65536,24192,0.6309,69,196.0,True
resnet50,Multiply_9278,13,68,32,32,32,32,14,18,0,32,0.5957,65536,16128,0.7539,62,47.4,True
resnet50,Multiply_9278,13,69,32,32,32,32,21,18,0,32,0.5342,65536,24192,0.6309,69,64.8,True
resnet50,Multiply_9278,13,70,32,32,32,32,14,18,0,32,0.5957,65536,16128,0.7539,62,39.3,True
resnet50,Multiply_9278,13,71,32,32,32,32,21,18,0,32,0.5342,65536,24192,0.6309,69,38.2,True
resnet50,Multiply_9278,13,72,32,32,32,32,14,18,0,32,0.5957,65536,16128,0.7539,62,48.5,True
resnet50,Multiply_9278,13,73,32,32,32,32,21,18,0,32,0.5342,65536,24192,0.6309,69,173.3,True
resnet50,Multiply_9278,13,74,32,32,32,32,14,18,0,32,0.5957,65536,16128,0.7539,62,42.6,True
resnet50,Multiply_9278,13,75,32,32,32,32,21,18,0,32,0.5342,65536,24192,0.6309,69,47.5,True
resnet50,Multiply_9278,13,76,32,32,32,32,14,18,0,32,0.5957,65536,16128,0.7539,62,154.6,True
resnet50,Multiply_9278,13,77,32,32,32,32,21,17,0,32,0.5601,65536,22848,0.6514,68,43.4,True
resnet50,Multiply_9278,13,78,32,32,32,32,14,17,0,32,0.6182,65536,15232,0.7676,61,61.3,True
resnet50,Multiply_9278,13,79,32,32,32,32,21,18,0,32,0.5342,65536,24192,0.6309,69,45.4,True
resnet50,Multiply_9278,13,80,32,32,32,32,14,18,0,32,0.5957,65536,16128,0.7539,62,48.5,True
resnet50,Multiply_9278,13,81,32,32,32,32,21,17,0,32,0.5601,65536,22848,0.6514,68,52.8,True
resnet50,Multiply_9278,13,82,32,32,32,32,14,17,0,32,0.6182,65536,15232,0.7676,61,162.7,True
resnet50,Multiply_9278,13,83,32,32,32,32,21,18,0,32,0.5342,65536,24192,0.6309,69,38.4,True
resnet50,Multiply_9278,13,84,32,32,32,32,14,18,0,32,0.5957,65536,16128,0.7539,62,39.2,True
resnet50,Multiply_9278,13,85,32,32,32,32,21,17,0,32,0.5601,65536,22848,0.6514,68,35.9,True
resnet50,Multiply_9278,13,86,32,32,32,32,14,17,0,32,0.6182,65536,15232,0.7676,61,38.3,True
resnet50,Multiply_9278,13,87,32,32,32,32,21,18,0,32,0.5342,65536,24192,0.6309,69,117.8,True
resnet50,Multiply_9278,13,88,32,32,32,32,14,18,0,32,0.5957,65536,16128,0.7539,62,39.0,True
resnet50,Multiply_9278,13,89,32,32,32,32,21,18,0,32,0.5342,65536,24192,0.6309,69,47.6,True
resnet50,Multiply_9278,13,90,32,32,32,32,14,18,0,32,0.5957,65536,16128,0.7539,62,222.6,True
resnet50,Multiply_9278,13,91,32,32,32,32,21,17,0,32,0.5601,65536,22848,0.6514,68,36.8,True
resnet50,Multiply_9278,13,92,32,32,32,32,14,17,0,32,0.6182,65536,15232,0.7676,61,45.7,True
resnet50,Multiply_9278,13,93,32,32,32,32,21,17,0,32,0.5601,65536,22848,0.6514,68,63.6,True
resnet50,Multiply_9278,13,94,32,32,32,32,14,17,0,32,0.6182,65536,15232,0.7676,61,44.3,True
resnet50,Multiply_9278,13,95,32,32,32,32,21,19,0,32,0.5083,65536,25536,0.6104,70,38.4,True
resnet50,Multiply_9278,13,96,32,32,32,32,14,19,0,32,0.5732,65536,17024,0.7402,63,40.5,True
resnet50,Multiply_9278,13,97,32,32,32,32,21,16,0,32,0.5859,65536,21504,0.6719,67,40.0,True
resnet50,Multiply_9278,13,98,32,32,32,32,14,16,0,32,0.6406,65536,14336,0.7812,60,94.9,True
resnet50,Multiply_9278,13,99,32,32,32,32,21,18,0,32,0.5342,65536,24192,0.6309,69,37.2,True
resnet50,Multiply_9278,13,100,32,32,32,32,14,18,0,32,0.5957,65536,16128,0.7539,62,37.5,True
resnet50,Multiply_9278,13,101,32,32,32,32,21,19,0,32,0.5083,65536,25536,0.6104,70,141.0,True
resnet50,Multiply_9278,13,102,32,32,32,32,14,19,0,32,0.5732,65536,17024,0.7402,63,40.3,True
resnet50,Multiply_9278,13,103,32,32,32,32,21,19,0,32,0.5083,65536,25536,0.6104,70,45.4,True
resnet50,Multiply_9278,13,104,32,32,32,32,14,19,0,32,0.5732,65536,17024,0.7402,63,37.5,True
resnet50,Multiply_9278,13,105,32,32,32,32,21,18,0,32,0.5342,65536,24192,0.6309,69,38.8,True
resnet50,Multiply_9278,13,106,32,32,32,32,14,18,0,32,0.5957,65536,16128,0.7539,62,38.1,True
resnet50,Multiply_9278,13,107,32,32,32,32,21,18,0,32,0.5342,65536,24192,0.6309,69,43.9,True
resnet50,Multiply_9278,13,108,32,32,32,32,14,18,0,32,0.5957,65536,16128,0.7539,62,44.4,True
resnet50,Multiply_9278,13,109,32,32,32,32,21,18,0,32,0.5342,65536,24192,0.6309,69,174.8,True
resnet50,Multiply_9278,13,110,32,32,32,32,14,18,0,32,0.5957,65536,16128,0.7539,62,40.5,True
resnet50,Multiply_9278,13,111,32,32,32,32,21,18,0,32,0.5342,65536,24192,0.6309,69,37.7,True
resnet50,Multiply_9278,13,112,32,32,32,32,14,18,0,32,0.5957,65536,16128,0.7539,62,50.2,True
resnet50,Multiply_9278,13,113,32,32,32,32,21,18,0,32,0.5342,65536,24192,0.6309,69,38.8,True
resnet50,Multiply_9278,13,114,32,32,32,32,14,18,0,32,0.5957,65536,16128,0.7539,62,39.4,True
resnet50,Multiply_9278,13,115,32,32,32,32,21,18,0,32,0.5342,65536,24192,0.6309,69,38.4,True
resnet50,Multiply_9278,13,116,32,32,32,32,14,18,0,32,0.5957,65536,16128,0.7539,62,38.6,True
resnet50,Multiply_9278,13,117,32,32,32,32,21,18,0,32,0.5342,65536,24192,0.6309,69,37.1,True
resnet50,Multiply_9278,13,118,32,32,32,32,14,18,0,32,0.5957,65536,16128,0.7539,62,137.9,True
resnet50,Multiply_9278,13,119,32,32,32,32,21,18,0,32,0.5342,65536,24192,0.6309,69,40.9,True
resnet50,Multiply_9278,13,120,32,32,32,32,14,18,0,32,0.5957,65536,16128,0.7539,62,68.9,True
resnet50,Multiply_9278,13,121,32,32,32,32,21,19,0,32,0.5083,65536,25536,0.6104,70,37.1,True
resnet50,Multiply_9278,13,122,32,32,32,32,14,19,0,32,0.5732,65536,17024,0.7402,63,51.1,True
resnet50,Multiply_9278,13,123,32,32,32,32,21,19,0,32,0.5083,65536,25536,0.6104,70,37.8,True
resnet50,Multiply_9278,13,124,32,32,32,32,14,19,0,32,0.5732,65536,17024,0.7402,63,44.2,True
resnet50,Multiply_9278,13,125,32,32,32,32,21,18,0,32,0.5342,65536,24192,0.6309,69,38.2,True
resnet50,Multiply_9278,13,126,32,32,32,32,14,18,0,32,0.5957,65536,16128,0.7539,62,38.2,True
resnet50,Multiply_9278,13,127,32,32,32,32,21,18,0,32,0.5342,65536,24192,0.6309,69,116.9,True
resnet50,Multiply_9278,13,128,32,32,32,32,14,18,0,32,0.5957,65536,16128,0.7539,62,145.2,True
resnet50,Multiply_9278,13,129,32,32,32,32,21,18,0,32,0.5342,65536,24192,0.6309,69,37.2,True
resnet50,Multiply_9278,13,130,32,32,32,32,14,18,0,32,0.5957,65536,16128,0.7539,62,39.0,True
resnet50,Multiply_9278,13,131,32,32,32,32,21,18,0,32,0.5342,65536,24192,0.6309,69,136.0,True
resnet50,Multiply_9278,13,132,32,32,32,32,14,18,0,32,0.5957,65536,16128,0.7539,62,68.7,True
resnet50,Multiply_9278,13,133,32,32,32,32,21,18,0,32,0.5342,65536,24192,0.6309,69,194.3,True
resnet50,Multiply_9278,13,134,32,32,32,32,14,18,0,32,0.5957,65536,16128,0.7539,62,38.2,True
resnet50,Multiply_9278,13,135,32,32,32,32,21,17,0,32,0.5601,65536,22848,0.6514,68,37.0,True
resnet50,Multiply_9278,13,136,32,32,32,32,14,17,0,32,0.6182,65536,15232,0.7676,61,40.5,True
resnet50,Multiply_9278,13,137,32,32,32,32,21,17,0,32,0.5601,65536,22848,0.6514,68,37.5,True
resnet50,Multiply_9278,13,138,32,32,32,32,14,17,0,32,0.6182,65536,15232,0.7676,61,130.9,True
resnet50,Multiply_9278,13,139,32,32,32,32,21,17,0,32,0.5601,65536,22848,0.6514,68,48.7,True
resnet50,Multiply_9278,13,140,32,32,32,32,14,17,0,32,0.6182,65536,15232,0.7676,61,81.3,True
resnet50,Multiply_9278,13,141,32,32,32,32,21,17,0,32,0.5601,65536,22848,0.6514,68,174.9,True
resnet50,Multiply_9278,13,142,32,32,32,32,14,17,0,32,0.6182,65536,15232,0.7676,61,37.5,True
resnet50,Multiply_9278,13,143,32,32,32,32,21,16,0,32,0.5859,65536,21504,0.6719,67,174.6,True
resnet50,Multiply_9278,13,144,32,32,32,32,14,16,0,32,0.6406,65536,14336,0.7812,60,178.8,True
resnet50,Multiply_9278,13,145,32,32,32,32,21,17,0,32,0.5601,65536,22848,0.6514,68,41.7,True
resnet50,Multiply_9278,13,146,32,32,32,32,14,17,0,32,0.6182,65536,15232,0.7676,61,38.6,True
resnet50,Multiply_9278,13,147,32,32,32,32,21,17,0,32,0.5601,65536,22848,0.6514,68,193.4,True
resnet50,Multiply_9278,13,148,32,32,32,32,14,17,0,32,0.6182,65536,15232,0.7676,61,38.4,True
resnet50,Multiply_9278,13,149,32,32,32,32,21,16,0,32,0.5859,65536,21504,0.6719,67,42.0,True
resnet50,Multiply_9278,13,150,32,32,32,32,14,16,0,32,0.6406,65536,14336,0.7812,60,39.1,True
resnet50,Multiply_9278,13,151,32,32,32,32,21,19,0,32,0.5083,65536,25536,0.6104,70,41.0,True
resnet50,Multiply_9278,13,152,32,32,32,32,14,19,0,32,0.5732,65536,17024,0.7402,63,38.0,True
resnet50,Multiply_9278,13,153,32,32,32,32,21,19,0,32,0.5083,65536,25536,0.6104,70,175.0,True
resnet50,Multiply_9278,13,154,32,32,32,32,14,19,0,32,0.5732,65536,17024,0.7402,63,177.7,True
resnet50,Multiply_9278,13,155,32,32,32,32,21,19,0,32,0.5083,65536,25536,0.6104,70,83.9,True
resnet50,Multiply_9278,13,156,32,32,32,32,14,19,0,32,0.5732,65536,17024,0.7402,63,40.8,True
resnet50,Multiply_9278,13,157,32,32,32,32,21,18,0,32,0.5342,65536,24192,0.6309,69,39.3,True
resnet50,Multiply_9278,13,158,32,32,32,32,14,18,0,32,0.5957,65536,16128,0.7539,62,77.6,True
resnet50,Multiply_9278,13,159,32,32,32,32,21,17,0,32,0.5601,65536,22848,0.6514,68,62.7,True
resnet50,Multiply_9278,13,160,32,32,32,32,14,17,0,32,0.6182,65536,15232,0.7676,61,38.7,True
resnet50,Multiply_9278,13,161,32,32,32,32,21,17,0,32,0.5601,65536,22848,0.6514,68,42.7,True
resnet50,Multiply_9278,13,162,32,32,32,32,14,17,0,32,0.6182,65536,15232,0.7676,61,73.7,True
resnet50,Multiply_9278,13,163,32,32,32,32,21,19,0,32,0.5083,65536,25536,0.6104,70,51.8,True
resnet50,Multiply_9278,13,164,32,32,32,32,14,19,0,32,0.5732,65536,17024,0.7402,63,45.7,True
resnet50,Multiply_9278,13,165,32,32,32,32,21,17,0,32,0.5601,65536,22848,0.6514,68,38.5,True
resnet50,Multiply_9278,13,166,32,32,32,32,14,17,0,32,0.6182,65536,15232,0.7676,61,152.4,True
resnet50,Multiply_9278,13,167,32,32,32,32,21,18,0,32,0.5342,65536,24192,0.6309,69,62.4,True
resnet50,Multiply_9278,13,168,32,32,32,32,14,18,0,32,0.5957,65536,16128,0.7539,62,39.8,True
resnet50,Multiply_9278,13,169,32,32,32,32,21,18,0,32,0.5342,65536,24192,0.6309,69,37.1,True
resnet50,Multiply_9278,13,170,32,32,32,32,14,18,0,32,0.5957,65536,16128,0.7539,62,37.3,True
resnet50,Multiply_9278,13,171,32,32,32,32,21,19,0,32,0.5083,65536,25536,0.6104,70,39.1,True
resnet50,Multiply_9278,13,172,32,32,32,32,14,19,0,32,0.5732,65536,17024,0.7402,63,37.6,True
resnet50,Multiply_9278,13,173,32,32,32,32,21,16,0,32,0.5859,65536,21504,0.6719,67,43.6,True
resnet50,Multiply_9278,13,174,32,32,32,32,14,16,0,32,0.6406,65536,14336,0.7812,60,41.8,True
resnet50,Multiply_9278,13,175,32,32,32,32,21,17,0,32,0.5601,65536,22848,0.6514,68,40.8,True
resnet50,Multiply_9278,13,176,32,32,32,32,14,17,0,32,0.6182,65536,15232,0.7676,61,43.4,True
resnet50,Multiply_9278,13,177,32,32,32,32,21,16,0,32,0.5859,65536,21504,0.6719,67,175.5,True
resnet50,Multiply_9278,13,178,32,32,32,32,14,16,0,32,0.6406,65536,14336,0.7812,60,144.0,True
resnet50,Multiply_9278,13,179,32,32,32,32,21,17,0,32,0.5601,65536,22848,0.6514,68,50.9,True
resnet50,Multiply_9278,13,180,32,32,32,32,14,17,0,32,0.6182,65536,15232,0.7676,61,67.3,True
resnet50,Multiply_9278,13,181,32,32,32,32,21,16,0,32,0.5859,65536,21504,0.6719,67,88.2,True
resnet50,Multiply_9278,13,182,32,32,32,32,14,16,0,32,0.6406,65536,14336,0.7812,60,179.2,True
resnet50,Multiply_9278,13,183,32,32,32,32,21,17,0,32,0.5601,65536,22848,0.6514,68,39.1,True
resnet50,Multiply_9278,13,184,32,32,32,32,14,17,0,32,0.6182,65536,15232,0.7676,61,90.3,True
resnet50,Multiply_9278,13,185,32,32,32,32,21,17,0,32,0.5601,65536,22848,0.6514,68,48.5,True
resnet50,Multiply_9278,13,186,32,32,32,32,14,17,0,32,0.6182,65536,15232,0.7676,61,85.2,True
resnet50,Multiply_9278,13,187,32,32,32,32,21,17,0,32,0.5601,65536,22848,0.6514,68,116.7,True
resnet50,Multiply_9278,13,188,32,32,32,32,14,17,0,32,0.6182,65536,15232,0.7676,61,56.9,True
resnet50,Multiply_9278,13,189,32,32,32,32,21,19,0,32,0.5083,65536,25536,0.6104,70,40.8,True
resnet50,Multiply_9278,13,190,32,32,32,32,14,19,0,32,0.5732,65536,17024,0.7402,63,48.4,True
resnet50,Multiply_9278,13,191,32,32,32,32,21,17,0,32,0.5601,65536,22848,0.6514,68,57.2,True
resnet50,Multiply_9278,13,192,32,32,32,32,14,17,0,32,0.6182,65536,15232,0.7676,61,38.9,True
resnet50,Multiply_9278,13,193,32,32,32,32,21,19,0,32,0.5083,65536,25536,0.6104,70,51.3,True
resnet50,Multiply_9278,13,194,32,32,32,32,14,19,0,32,0.5732,65536,17024,0.7402,63,43.8,True
resnet50,Multiply_9278,13,195,32,32,32,32,21,18,0,32,0.5342,65536,24192,0.6309,69,110.6,True
resnet50,Multiply_9278,13,196,32,32,32,32,14,18,0,32,0.5957,65536,16128,0.7539,62,37.6,True
resnet50,Multiply_9313,14,1,32,32,32,32,14,10,0,32,0.7754,65536,8960,0.8633,54,42.3,True
resnet50,Multiply_9313,14,2,32,32,32,32,17,10,0,32,0.7607,65536,10880,0.834,57,38.7,True
resnet50,Multiply_9313,14,3,32,32,32,32,21,10,0,32,0.7412,65536,13440,0.7949,61,182.8,True
resnet50,Multiply_9313,14,4,32,32,32,32,18,10,0,32,0.7559,65536,11520,0.8242,58,39.4,True
resnet50,Multiply_9313,14,5,32,32,32,32,19,10,0,32,0.751,65536,12160,0.8145,59,38.2,True
resnet50,Multiply_9313,14,6,32,32,32,32,20,10,0,32,0.7461,65536,12800,0.8047,60,40.6,True
resnet50,Multiply_9313,14,7,32,32,32,32,17,10,0,32,0.7607,65536,10880,0.834,57,39.9,True
resnet50,Multiply_9313,14,8,32,32,32,32,21,10,0,32,0.7412,65536,13440,0.7949,61,40.6,True
resnet50,Multiply_9313,14,9,32,32,32,32,17,10,0,32,0.7607,65536,10880,0.834,57,106.8,True
resnet50,Multiply_9313,14,10,32,32,32,32,16,10,0,32,0.7656,65536,10240,0.8438,56,41.6,True
resnet50,Multiply_9313,14,11,32,32,32,32,17,10,0,32,0.7607,65536,10880,0.834,57,50.3,True
resnet50,Multiply_9313,14,12,32,32,32,32,21,10,0,32,0.7412,65536,13440,0.7949,61,40.4,True
resnet50,Multiply_9313,14,13,32,32,32,32,17,10,0,32,0.7607,65536,10880,0.834,57,105.4,True
resnet50,Multiply_9313,14,14,32,32,32,32,14,10,0,32,0.7754,65536,8960,0.8633,54,73.1,True
resnet50,Multiply_9313,14,15,32,32,32,32,16,10,0,32,0.7656,65536,10240,0.8438,56,48.2,True
resnet50,Multiply_9313,14,16,32,32,32,32,17,10,0,32,0.7607,65536,10880,0.834,57,178.8,True
resnet50,Multiply_9313,14,17,32,32,32,32,14,11,0,32,0.7529,65536,9856,0.8496,55,38.2,True
resnet50,Multiply_9313,14,18,32,32,32,32,17,11,0,32,0.7368,65536,11968,0.8174,58,53.1,True
resnet50,Multiply_9313,14,19,32,32,32,32,21,11,0,32,0.7153,65536,14784,0.7744,62,38.3,True
resnet50,Multiply_9313,14,20,32,32,32,32,18,11,0,32,0.7314,65536,12672,0.8066,59,66.0,True
resnet50,Multiply_9313,14,21,32,32,32,32,19,11,0,32,0.7261,65536,13376,0.7959,60,168.6,True
resnet50,Multiply_9313,14,22,32,32,32,32,20,11,0,32,0.7207,65536,14080,0.7852,61,40.3,True
resnet50,Multiply_9313,14,23,32,32,32,32,17,11,0,32,0.7368,65536,11968,0.8174,58,161.3,True
resnet50,Multiply_9313,14,24,32,32,32,32,21,11,0,32,0.7153,65536,14784,0.7744,62,149.4,True
resnet50,Multiply_9313,14,25,32,32,32,32,17,11,0,32,0.7368,65536,11968,0.8174,58,39.5,True
resnet50,Multiply_9313,14,26,32,32,32,32,16,11,0,32,0.7422,65536,11264,0.8281,57,61.5,True
resnet50,Multiply_9313,14,27,32,32,32,32,17,11,0,32,0.7368,65536,11968,0.8174,58,45.0,True
resnet50,Multiply_9313,14,28,32,32,32,32,21,11,0,32,0.7153,65536,14784,0.7744,62,55.3,True
resnet50,Multiply_9313,14,29,32,32,32,32,17,11,0,32,0.7368,65536,11968,0.8174,58,49.0,True
resnet50,Multiply_9313,14,30,32,32,32,32,14,11,0,32,0.7529,65536,9856,0.8496,55,142.3,True
resnet50,Multiply_9313,14,31,32,32,32,32,16,11,0,32,0.7422,65536,11264,0.8281,57,38.5,True
resnet50,Multiply_9313,14,32,32,32,32,32,17,11,0,32,0.7368,65536,11968,0.8174,58,39.3,True
resnet50,Multiply_9313,14,33,32,32,32,32,14,11,0,32,0.7529,65536,9856,0.8496,55,174.4,True
resnet50,Multiply_9313,14,34,32,32,32,32,17,11,0,32,0.7368,65536,11968,0.8174,58,39.3,True
resnet50,Multiply_9313,14,35,32,32,32,32,21,11,0,32,0.7153,65536,14784,0.7744,62,47.9,True
resnet50,Multiply_9313,14,36,32,32,32,32,18,11,0,32,0.7314,65536,12672,0.8066,59,97.8,True
resnet50,Multiply_9313,14,37,32,32,32,32,19,11,0,32,0.7261,65536,13376,0.7959,60,41.7,True
resnet50,Multiply_9313,14,38,32,32,32,32,20,11,0,32,0.7207,65536,14080,0.7852,61,39.2,True
resnet50,Multiply_9313,14,39,32,32,32,32,17,11,0,32,0.7368,65536,11968,0.8174,58,39.7,True
resnet50,Multiply_9313,14,40,32,32,32,32,21,11,0,32,0.7153,65536,14784,0.7744,62,178.6,True
resnet50,Multiply_9313,14,41,32,32,32,32,17,11,0,32,0.7368,65536,11968,0.8174,58,49.2,True
resnet50,Multiply_9313,14,42,32,32,32,32,16,11,0,32,0.7422,65536,11264,0.8281,57,88.3,True
resnet50,Multiply_9313,14,43,32,32,32,32,17,11,0,32,0.7368,65536,11968,0.8174,58,148.3,True
resnet50,Multiply_9313,14,44,32,32,32,32,21,11,0,32,0.7153,65536,14784,0.7744,62,79.5,True
resnet50,Multiply_9313,14,45,32,32,32,32,17,11,0,32,0.7368,65536,11968,0.8174,58,86.0,True
resnet50,Multiply_9313,14,46,32,32,32,32,14,11,0,32,0.7529,65536,9856,0.8496,55,39.1,True
resnet50,Multiply_9313,14,47,32,32,32,32,16,11,0,32,0.7422,65536,11264,0.8281,57,62.7,True
resnet50,Multiply_9313,14,48,32,32,32,32,17,11,0,32,0.7368,65536,11968,0.8174,58,41.0,True
resnet50,Multiply_9313,14,49,32,32,32,32,14,11,0,32,0.7529,65536,9856,0.8496,55,42.2,True
resnet50,Multiply_9313,14,50,32,32,32,32,17,11,0,32,0.7368,65536,11968,0.8174,58,148.1,True
resnet50,Multiply_9313,14,51,32,32,32,32,21,11,0,32,0.7153,65536,14784,0.7744,62,41.6,True
resnet50,Multiply_9313,14,52,32,32,32,32,18,11,0,32,0.7314,65536,12672,0.8066,59,72.3,True
resnet50,Multiply_9313,14,53,32,32,32,32,19,11,0,32,0.7261,65536,13376,0.7959,60,38.7,True
resnet50,Multiply_9313,14,54,32,32,32,32,20,11,0,32,0.7207,65536,14080,0.7852,61,38.9,True
resnet50,Multiply_9313,14,55,32,32,32,32,17,11,0,32,0.7368,65536,11968,0.8174,58,42.9,True
resnet50,Multiply_9313,14,56,32,32,32,32,21,11,0,32,0.7153,65536,14784,0.7744,62,40.0,True
resnet50,Multiply_9313,14,57,32,32,32,32,17,11,0,32,0.7368,65536,11968,0.8174,58,37.6,True
resnet50,Multiply_9313,14,58,32,32,32,32,16,11,0,32,0.7422,65536,11264,0.8281,57,40.4,True
resnet50,Multiply_9313,14,59,32,32,32,32,17,11,0,32,0.7368,65536,11968,0.8174,58,40.2,True
resnet50,Multiply_9313,14,60,32,32,32,32,21,11,0,32,0.7153,65536,14784,0.7744,62,59.7,True
resnet50,Multiply_9313,14,61,32,32,32,32,17,11,0,32,0.7368,65536,11968,0.8174,58,39.4,True
resnet50,Multiply_9313,14,62,32,32,32,32,14,11,0,32,0.7529,65536,9856,0.8496,55,49.1,True
resnet50,Multiply_9313,14,63,32,32,32,32,16,11,0,32,0.7422,65536,11264,0.8281,57,38.3,True
resnet50,Multiply_9313,14,64,32,32,32,32,17,11,0,32,0.7368,65536,11968,0.8174,58,139.1,True
resnet50,Multiply_9313,14,65,32,32,32,32,14,11,0,32,0.7529,65536,9856,0.8496,55,39.9,True
resnet50,Multiply_9313,14,66,32,32,32,32,17,11,0,32,0.7368,65536,11968,0.8174,58,38.2,True
resnet50,Multiply_9313,14,67,32,32,32,32,21,11,0,32,0.7153,65536,14784,0.7744,62,39.6,True
resnet50,Multiply_9313,14,68,32,32,32,32,18,11,0,32,0.7314,65536,12672,0.8066,59,52.9,True
resnet50,Multiply_9313,14,69,32,32,32,32,19,11,0,32,0.7261,65536,13376,0.7959,60,38.5,True
resnet50,Multiply_9313,14,70,32,32,32,32,20,11,0,32,0.7207,65536,14080,0.7852,61,48.4,True
resnet50,Multiply_9313,14,71,32,32,32,32,17,11,0,32,0.7368,65536,11968,0.8174,58,72.6,True
resnet50,Multiply_9313,14,72,32,32,32,32,21,11,0,32,0.7153,65536,14784,0.7744,62,41.9,True
resnet50,Multiply_9313,14,73,32,32,32,32,17,11,0,32,0.7368,65536,11968,0.8174,58,40.4,True
resnet50,Multiply_9313,14,74,32,32,32,32,16,11,0,32,0.7422,65536,11264,0.8281,57,56.7,True
resnet50,Multiply_9313,14,75,32,32,32,32,17,11,0,32,0.7368,65536,11968,0.8174,58,69.6,True
resnet50,Multiply_9313,14,76,32,32,32,32,21,11,0,32,0.7153,65536,14784,0.7744,62,37.9,True
resnet50,Multiply_9313,14,77,32,32,32,32,17,11,0,32,0.7368,65536,11968,0.8174,58,58.6,True
resnet50,Multiply_9313,14,78,32,32,32,32,14,11,0,32,0.7529,65536,9856,0.8496,55,57.8,True
resnet50,Multiply_9313,14,79,32,32,32,32,16,11,0,32,0.7422,65536,11264,0.8281,57,198.0,True
resnet50,Multiply_9313,14,80,32,32,32,32,17,11,0,32,0.7368,65536,11968,0.8174,58,38.7,True
resnet50,Multiply_9313,14,81,32,32,32,32,14,11,0,32,0.7529,65536,9856,0.8496,55,38.7,True
resnet50,Multiply_9313,14,82,32,32,32,32,17,11,0,32,0.7368,65536,11968,0.8174,58,197.6,True
resnet50,Multiply_9313,14,83,32,32,32,32,21,11,0,32,0.7153,65536,14784,0.7744,62,51.1,True
resnet50,Multiply_9313,14,84,32,32,32,32,18,11,0,32,0.7314,65536,12672,0.8066,59,40.5,True
resnet50,Multiply_9313,14,85,32,32,32,32,19,11,0,32,0.7261,65536,13376,0.7959,60,178.4,True
resnet50,Multiply_9313,14,86,32,32,32,32,20,11,0,32,0.7207,65536,14080,0.7852,61,37.8,True
resnet50,Multiply_9313,14,87,32,32,32,32,17,11,0,32,0.7368,65536,11968,0.8174,58,38.4,True
resnet50,Multiply_9313,14,88,32,32,32,32,21,11,0,32,0.7153,65536,14784,0.7744,62,40.1,True
resnet50,Multiply_9313,14,89,32,32,32,32,17,11,0,32,0.7368,65536,11968,0.8174,58,38.2,True
resnet50,Multiply_9313,14,90,32,32,32,32,16,11,0,32,0.7422,65536,11264,0.8281,57,38.6,True
resnet50,Multiply_9313,14,91,32,32,32,32,17,11,0,32,0.7368,65536,11968,0.8174,58,38.7,True
resnet50,Multiply_9313,14,92,32,32,32,32,21,11,0,32,0.7153,65536,14784,0.7744,62,60.2,True
resnet50,Multiply_9313,14,93,32,32,32,32,17,11,0,32,0.7368,65536,11968,0.8174,58,38.1,True
resnet50,Multiply_9313,14,94,32,32,32,32,14,11,0,32,0.7529,65536,9856,0.8496,55,48.0,True
resnet50,Multiply_9313,14,95,32,32,32,32,16,11,0,32,0.7422,65536,11264,0.8281,57,41.5,True
resnet50,Multiply_9313,14,96,32,32,32,32,17,11,0,32,0.7368,65536,11968,0.8174,58,41.4,True
resnet50,Multiply_9313,14,97,32,32,32,32,14,11,0,32,0.7529,65536,9856,0.8496,55,40.0,True
resnet50,Multiply_9313,14,98,32,32,32,32,17,11,0,32,0.7368,65536,11968,0.8174,58,178.0,True
resnet50,Multiply_9313,14,99,32,32,32,32,21,11,0,32,0.7153,65536,14784,0.7744,62,42.0,True
resnet50,Multiply_9313,14,100,32,32,32,32,18,11,0,32,0.7314,65536,12672,0.8066,59,47.6,True
resnet50,Multiply_9313,14,101,32,32,32,32,19,11,0,32,0.7261,65536,13376,0.7959,60,49.1,True
resnet50,Multiply_9313,14,102,32,32,32,32,20,11,0,32,0.7207,65536,14080,0.7852,61,38.4,True
resnet50,Multiply_9313,14,103,32,32,32,32,17,11,0,32,0.7368,65536,11968,0.8174,58,113.1,True
resnet50,Multiply_9313,14,104,32,32,32,32,21,11,0,32,0.7153,65536,14784,0.7744,62,78.9,True
resnet50,Multiply_9313,14,105,32,32,32,32,17,11,0,32,0.7368,65536,11968,0.8174,58,53.2,True
resnet50,Multiply_9313,14,106,32,32,32,32,16,11,0,32,0.7422,65536,11264,0.8281,57,38.2,True
resnet50,Multiply_9313,14,107,32,32,32,32,17,11,0,32,0.7368,65536,11968,0.8174,58,218.3,True
resnet50,Multiply_9313,14,108,32,32,32,32,21,11,0,32,0.7153,65536,14784,0.7744,62,75.3,True
resnet50,Multiply_9313,14,109,32,32,32,32,17,11,0,32,0.7368,65536,11968,0.8174,58,53.1,True
resnet50,Multiply_9313,14,110,32,32,32,32,14,11,0,32,0.7529,65536,9856,0.8496,55,40.1,True
resnet50,Multiply_9313,14,111,32,32,32,32,16,11,0,32,0.7422,65536,11264,0.8281,57,187.3,True
resnet50,Multiply_9313,14,112,32,32,32,32,17,11,0,32,0.7368,65536,11968,0.8174,58,62.3,True
resnet50,Multiply_9313,14,113,32,32,32,32,14,12,0,32,0.7305,65536,10752,0.8359,56,47.7,True
resnet50,Multiply_9313,14,114,32,32,32,32,17,12,0,32,0.7129,65536,13056,0.8008,59,38.9,True
resnet50,Multiply_9313,14,115,32,32,32,32,21,12,0,32,0.6895,65536,16128,0.7539,63,45.7,True
resnet50,Multiply_9313,14,116,32,32,32,32,18,12,0,32,0.707,65536,13824,0.7891,60,44.0,True
resnet50,Multiply_9313,14,117,32,32,32,32,19,12,0,32,0.7012,65536,14592,0.7773,61,46.8,True
resnet50,Multiply_9313,14,118,32,32,32,32,20,12,0,32,0.6953,65536,15360,0.7656,62,38.4,True
resnet50,Multiply_9313,14,119,32,32,32,32,17,12,0,32,0.7129,65536,13056,0.8008,59,120.3,True
resnet50,Multiply_9313,14,120,32,32,32,32,21,12,0,32,0.6895,65536,16128,0.7539,63,42.1,True
resnet50,Multiply_9313,14,121,32,32,32,32,17,12,0,32,0.7129,65536,13056,0.8008,59,107.3,True
resnet50,Multiply_9313,14,122,32,32,32,32,16,12,0,32,0.7188,65536,12288,0.8125,58,148.8,True
resnet50,Multiply_9313,14,123,32,32,32,32,17,12,0,32,0.7129,65536,13056,0.8008,59,110.6,True
resnet50,Multiply_9313,14,124,32,32,32,32,21,12,0,32,0.6895,65536,16128,0.7539,63,52.9,True
resnet50,Multiply_9313,14,125,32,32,32,32,17,12,0,32,0.7129,65536,13056,0.8008,59,40.8,True
resnet50,Multiply_9313,14,126,32,32,32,32,14,12,0,32,0.7305,65536,10752,0.8359,56,38.8,True
resnet50,Multiply_9313,14,127,32,32,32,32,16,12,0,32,0.7188,65536,12288,0.8125,58,74.8,True
resnet50,Multiply_9313,14,128,32,32,32,32,17,12,0,32,0.7129,65536,13056,0.8008,59,40.3,True
resnet50,Multiply_9313,14,129,32,32,32,32,14,11,0,32,0.7529,65536,9856,0.8496,55,38.7,True
resnet50,Multiply_9313,14,130,32,32,32,32,17,11,0,32,0.7368,65536,11968,0.8174,58,38.6,True
resnet50,Multiply_9313,14,131,32,32,32,32,21,11,0,32,0.7153,65536,14784,0.7744,62,50.8,True
resnet50,Multiply_9313,14,132,32,32,32,32,18,11,0,32,0.7314,65536,12672,0.8066,59,38.5,True
resnet50,Multiply_9313,14,133,32,32,32,32,19,11,0,32,0.7261,65536,13376,0.7959,60,44.9,True
resnet50,Multiply_9313,14,134,32,32,32,32,20,11,0,32,0.7207,65536,14080,0.7852,61,41.5,True
resnet50,Multiply_9313,14,135,32,32,32,32,17,11,0,32,0.7368,65536,11968,0.8174,58,122.9,True
resnet50,Multiply_9313,14,136,32,32,32,32,21,11,0,32,0.7153,65536,14784,0.7744,62,45.9,True
resnet50,Multiply_9313,14,137,32,32,32,32,17,11,0,32,0.7368,65536,11968,0.8174,58,39.1,True
resnet50,Multiply_9313,14,138,32,32,32,32,16,11,0,32,0.7422,65536,11264,0.8281,57,64.3,True
resnet50,Multiply_9313,14,139,32,32,32,32,17,11,0,32,0.7368,65536,11968,0.8174,58,157.3,True
resnet50,Multiply_9313,14,140,32,32,32,32,21,11,0,32,0.7153,65536,14784,0.7744,62,38.1,True
resnet50,Multiply_9313,14,141,32,32,32,32,17,11,0,32,0.7368,65536,11968,0.8174,58,37.9,True
resnet50,Multiply_9313,14,142,32,32,32,32,14,11,0,32,0.7529,65536,9856,0.8496,55,37.7,True
resnet50,Multiply_9313,14,143,32,32,32,32,16,11,0,32,0.7422,65536,11264,0.8281,57,38.9,True
resnet50,Multiply_9313,14,144,32,32,32,32,17,11,0,32,0.7368,65536,11968,0.8174,58,38.5,True
resnet50,Multiply_9313,14,145,32,32,32,32,14,12,0,32,0.7305,65536,10752,0.8359,56,44.3,True
resnet50,Multiply_9313,14,146,32,32,32,32,17,12,0,32,0.7129,65536,13056,0.8008,59,65.3,True
resnet50,Multiply_9313,14,147,32,32,32,32,21,12,0,32,0.6895,65536,16128,0.7539,63,43.2,True
resnet50,Multiply_9313,14,148,32,32,32,32,18,12,0,32,0.707,65536,13824,0.7891,60,93.7,True
resnet50,Multiply_9313,14,149,32,32,32,32,19,12,0,32,0.7012,65536,14592,0.7773,61,39.1,True
resnet50,Multiply_9313,14,150,32,32,32,32,20,12,0,32,0.6953,65536,15360,0.7656,62,38.6,True
resnet50,Multiply_9313,14,151,32,32,32,32,17,12,0,32,0.7129,65536,13056,0.8008,59,39.3,True
resnet50,Multiply_9313,14,152,32,32,32,32,21,12,0,32,0.6895,65536,16128,0.7539,63,39.0,True
resnet50,Multiply_9313,14,153,32,32,32,32,17,12,0,32,0.7129,65536,13056,0.8008,59,38.9,True
resnet50,Multiply_9313,14,154,32,32,32,32,16,12,0,32,0.7188,65536,12288,0.8125,58,48.3,True
resnet50,Multiply_9313,14,155,32,32,32,32,17,12,0,32,0.7129,65536,13056,0.8008,59,106.4,True
resnet50,Multiply_9313,14,156,32,32,32,32,21,12,0,32,0.6895,65536,16128,0.7539,63,45.6,True
resnet50,Multiply_9313,14,157,32,32,32,32,17,12,0,32,0.7129,65536,13056,0.8008,59,85.0,True
resnet50,Multiply_9313,14,158,32,32,32,32,14,12,0,32,0.7305,65536,10752,0.8359,56,39.5,True
resnet50,Multiply_9313,14,159,32,32,32,32,16,12,0,32,0.7188,65536,12288,0.8125,58,37.9,True
resnet50,Multiply_9313,14,160,32,32,32,32,17,12,0,32,0.7129,65536,13056,0.8008,59,39.5,True
resnet50,Multiply_9313,14,161,32,32,32,32,14,12,0,32,0.7305,65536,10752,0.8359,56,119.9,True
resnet50,Multiply_9313,14,162,32,32,32,32,17,12,0,32,0.7129,65536,13056,0.8008,59,40.0,True
resnet50,Multiply_9313,14,163,32,32,32,32,21,12,0,32,0.6895,65536,16128,0.7539,63,247.6,True
resnet50,Multiply_9313,14,164,32,32,32,32,18,12,0,32,0.707,65536,13824,0.7891,60,38.9,True
resnet50,Multiply_9313,14,165,32,32,32,32,19,12,0,32,0.7012,65536,14592,0.7773,61,38.7,True
resnet50,Multiply_9313,14,166,32,32,32,32,20,12,0,32,0.6953,65536,15360,0.7656,62,41.4,True
resnet50,Multiply_9313,14,167,32,32,32,32,17,12,0,32,0.7129,65536,13056,0.8008,59,161.1,True
resnet50,Multiply_9313,14,168,32,32,32,32,21,12,0,32,0.6895,65536,16128,0.7539,63,39.3,True
resnet50,Multiply_9313,14,169,32,32,32,32,17,12,0,32,0.7129,65536,13056,0.8008,59,39.4,True
resnet50,Multiply_9313,14,170,32,32,32,32,16,12,0,32,0.7188,65536,12288,0.8125,58,41.7,True
resnet50,Multiply_9313,14,171,32,32,32,32,17,12,0,32,0.7129,65536,13056,0.8008,59,40.2,True
resnet50,Multiply_9313,14,172,32,32,32,32,21,12,0,32,0.6895,65536,16128,0.7539,63,48.1,True
resnet50,Multiply_9313,14,173,32,32,32,32,17,12,0,32,0.7129,65536,13056,0.8008,59,40.8,True
resnet50,Multiply_9313,14,174,32,32,32,32,14,12,0,32,0.7305,65536,10752,0.8359,56,48.3,True
resnet50,Multiply_9313,14,175,32,32,32,32,16,12,0,32,0.7188,65536,12288,0.8125,58,39.2,True
resnet50,Multiply_9313,14,176,32,32,32,32,17,12,0,32,0.7129,65536,13056,0.8008,59,43.3,True
resnet50,Multiply_9313,14,177,32,32,32,32,14,11,0,32,0.7529,65536,9856,0.8496,55,39.8,True
resnet50,Multiply_9313,14,178,32,32,32,32,17,11,0,32,0.7368,65536,11968,0.8174,58,39.1,True
resnet50,Multiply_9313,14,179,32,32,32,32,21,11,0,32,0.7153,65536,14784,0.7744,62,160.7,True
resnet50,Multiply_9313,14,180,32,32,32,32,18,11,0,32,0.7314,65536,12672,0.8066,59,53.9,True
resnet50,Multiply_9313,14,181,32,32,32,32,19,11,0,32,0.7261,65536,13376,0.7959,60,42.1,True
resnet50,Multiply_9313,14,182,32,32,32,32,20,11,0,32,0.7207,65536,14080,0.7852,61,52.1,True
resnet50,Multiply_9313,14,183,32,32,32,32,17,11,0,32,0.7368,65536,11968,0.8174,58,51.6,True
resnet50,Multiply_9313,14,184,32,32,32,32,21,11,0,32,0.7153,65536,14784,0.7744,62,37.6,True
resnet50,Multiply_9313,14,185,32,32,32,32,17,11,0,32,0.7368,65536,11968,0.8174,58,65.2,True
resnet50,Multiply_9313,14,186,32,32,32,32,16,11,0,32,0.7422,65536,11264,0.8281,57,85.8,True
resnet50,Multiply_9313,14,187,32,32,32,32,17,11,0,32,0.7368,65536,11968,0.8174,58,46.7,True
resnet50,Multiply_9313,14,188,32,32,32,32,21,11,0,32,0.7153,65536,14784,0.7744,62,38.3,True
resnet50,Multiply_9313,14,189,32,32,32,32,17,11,0,32,0.7368,65536,11968,0.8174,58,39.0,True
resnet50,Multiply_9313,14,190,32,32,32,32,14,11,0,32,0.7529,65536,9856,0.8496,55,58.6,True
resnet50,Multiply_9313,14,191,32,32,32,32,16,11,0,32,0.7422,65536,11264,0.8281,57,39.1,True
resnet50,Multiply_9313,14,192,32,32,32,32,17,11,0,32,0.7368,65536,11968,0.8174,58,74.9,True
resnet50,Multiply_9313,14,193,32,32,32,32,14,11,0,32,0.7529,65536,9856,0.8496,55,76.0,True
resnet50,Multiply_9313,14,194,32,32,32,32,17,11,0,32,0.7368,65536,11968,0.8174,58,45.7,True
resnet50,Multiply_9313,14,195,32,32,32,32,21,11,0,32,0.7153,65536,14784,0.7744,62,38.3,True
resnet50,Multiply_9313,14,196,32,32,32,32,18,11,0,32,0.7314,65536,12672,0.8066,59,38.7,True
resnet50,Multiply_9313,14,197,32,32,32,32,19,11,0,32,0.7261,65536,13376,0.7959,60,40.0,True
resnet50,Multiply_9313,14,198,32,32,32,32,20,11,0,32,0.7207,65536,14080,0.7852,61,164.1,True
resnet50,Multiply_9313,14,199,32,32,32,32,17,11,0,32,0.7368,65536,11968,0.8174,58,43.7,True
resnet50,Multiply_9313,14,200,32,32,32,32,21,11,0,32,0.7153,65536,14784,0.7744,62,51.3,True
resnet50,Multiply_9313,14,201,32,32,32,32,17,11,0,32,0.7368,65536,11968,0.8174,58,45.1,True
resnet50,Multiply_9313,14,202,32,32,32,32,16,11,0,32,0.7422,65536,11264,0.8281,57,39.1,True
resnet50,Multiply_9313,14,203,32,32,32,32,17,11,0,32,0.7368,65536,11968,0.8174,58,40.3,True
resnet50,Multiply_9313,14,204,32,32,32,32,21,11,0,32,0.7153,65536,14784,0.7744,62,56.2,True
resnet50,Multiply_9313,14,205,32,32,32,32,17,11,0,32,0.7368,65536,11968,0.8174,58,45.4,True
resnet50,Multiply_9313,14,206,32,32,32,32,14,11,0,32,0.7529,65536,9856,0.8496,55,39.6,True
resnet50,Multiply_9313,14,207,32,32,32,32,16,11,0,32,0.7422,65536,11264,0.8281,57,38.4,True
resnet50,Multiply_9313,14,208,32,32,32,32,17,11,0,32,0.7368,65536,11968,0.8174,58,76.8,True
resnet50,Multiply_9313,14,209,32,32,32,32,14,11,0,32,0.7529,65536,9856,0.8496,55,174.7,True
resnet50,Multiply_9313,14,210,32,32,32,32,17,11,0,32,0.7368,65536,11968,0.8174,58,44.2,True
resnet50,Multiply_9313,14,211,32,32,32,32,21,11,0,32,0.7153,65536,14784,0.7744,62,51.4,True
resnet50,Multiply_9313,14,212,32,32,32,32,18,11,0,32,0.7314,65536,12672,0.8066,59,48.8,True
resnet50,Multiply_9313,14,213,32,32,32,32,19,11,0,32,0.7261,65536,13376,0.7959,60,198.0,True
resnet50,Multiply_9313,14,214,32,32,32,32,20,11,0,32,0.7207,65536,14080,0.7852,61,38.5,True
resnet50,Multiply_9313,14,215,32,32,32,32,17,11,0,32,0.7368,65536,11968,0.8174,58,40.1,True
resnet50,Multiply_9313,14,216,32,32,32,32,21,11,0,32,0.7153,65536,14784,0.7744,62,46.7,True
resnet50,Multiply_9313,14,217,32,32,32,32,17,11,0,32,0.7368,65536,11968,0.8174,58,38.9,True
resnet50,Multiply_9313,14,218,32,32,32,32,16,11,0,32,0.7422,65536,11264,0.8281,57,124.7,True
resnet50,Multiply_9313,14,219,32,32,32,32,17,11,0,32,0.7368,65536,11968,0.8174,58,44.5,True
resnet50,Multiply_9313,14,220,32,32,32,32,21,11,0,32,0.7153,65536,14784,0.7744,62,41.0,True
resnet50,Multiply_9313,14,221,32,32,32,32,17,11,0,32,0.7368,65536,11968,0.8174,58,40.5,True
resnet50,Multiply_9313,14,222,32,32,32,32,14,11,0,32,0.7529,65536,9856,0.8496,55,99.3,True
resnet50,Multiply_9313,14,223,32,32,32,32,16,11,0,32,0.7422,65536,11264,0.8281,57,67.0,True
resnet50,Multiply_9313,14,224,32,32,32,32,17,11,0,32,0.7368,65536,11968,0.8174,58,39.2,True
resnet50,Multiply_9313,14,225,32,32,32,32,14,11,0,32,0.7529,65536,9856,0.8496,55,146.9,True
resnet50,Multiply_9313,14,226,32,32,32,32,17,11,0,32,0.7368,65536,11968,0.8174,58,49.1,True
resnet50,Multiply_9313,14,227,32,32,32,32,21,11,0,32,0.7153,65536,14784,0.7744,62,39.1,True
resnet50,Multiply_9313,14,228,32,32,32,32,18,11,0,32,0.7314,65536,12672,0.8066,59,37.6,True
resnet50,Multiply_9313,14,229,32,32,32,32,19,11,0,32,0.7261,65536,13376,0.7959,60,37.0,True
resnet50,Multiply_9313,14,230,32,32,32,32,20,11,0,32,0.7207,65536,14080,0.7852,61,39.2,True
resnet50,Multiply_9313,14,231,32,32,32,32,17,11,0,32,0.7368,65536,11968,0.8174,58,39.3,True
resnet50,Multiply_9313,14,232,32,32,32,32,21,11,0,32,0.7153,65536,14784,0.7744,62,89.4,True
resnet50,Multiply_9313,14,233,32,32,32,32,17,11,0,32,0.7368,65536,11968,0.8174,58,90.4,True
resnet50,Multiply_9313,14,234,32,32,32,32,16,11,0,32,0.7422,65536,11264,0.8281,57,50.1,True
resnet50,Multiply_9313,14,235,32,32,32,32,17,11,0,32,0.7368,65536,11968,0.8174,58,38.7,True
resnet50,Multiply_9313,14,236,32,32,32,32,21,11,0,32,0.7153,65536,14784,0.7744,62,38.8,True
resnet50,Multiply_9313,14,237,32,32,32,32,17,11,0,32,0.7368,65536,11968,0.8174,58,50.9,True
resnet50,Multiply_9313,14,238,32,32,32,32,14,11,0,32,0.7529,65536,9856,0.8496,55,38.2,True
resnet50,Multiply_9313,14,239,32,32,32,32,16,11,0,32,0.7422,65536,11264,0.8281,57,38.6,True
resnet50,Multiply_9313,14,240,32,32,32,32,17,11,0,32,0.7368,65536,11968,0.8174,58,133.3,True
resnet50,Multiply_9313,14,241,32,32,32,32,14,11,0,32,0.7529,65536,9856,0.8496,55,38.2,True
resnet50,Multiply_9313,14,242,32,32,32,32,17,11,0,32,0.7368,65536,11968,0.8174,58,39.8,True
resnet50,Multiply_9313,14,243,32,32,32,32,21,11,0,32,0.7153,65536,14784,0.7744,62,38.3,True
resnet50,Multiply_9313,14,244,32,32,32,32,18,11,0,32,0.7314,65536,12672,0.8066,59,163.9,True
resnet50,Multiply_9313,14,245,32,32,32,32,19,11,0,32,0.7261,65536,13376,0.7959,60,496.7,True
resnet50,Multiply_9313,14,246,32,32,32,32,20,11,0,32,0.7207,65536,14080,0.7852,61,36.9,True
resnet50,Multiply_9313,14,247,32,32,32,32,17,11,0,32,0.7368,65536,11968,0.8174,58,37.7,True
resnet50,Multiply_9313,14,248,32,32,32,32,21,11,0,32,0.7153,65536,14784,0.7744,62,39.8,True
resnet50,Multiply_9313,14,249,32,32,32,32,17,11,0,32,0.7368,65536,11968,0.8174,58,38.5,True
resnet50,Multiply_9313,14,250,32,32,32,32,16,11,0,32,0.7422,65536,11264,0.8281,57,44.7,True
resnet50,Multiply_9313,14,251,32,32,32,32,17,11,0,32,0.7368,65536,11968,0.8174,58,193.7,True
resnet50,Multiply_9313,14,252,32,32,32,32,21,11,0,32,0.7153,65536,14784,0.7744,62,39.7,True
resnet50,Multiply_9313,14,253,32,32,32,32,17,11,0,32,0.7368,65536,11968,0.8174,58,221.9,True
resnet50,Multiply_9313,14,254,32,32,32,32,14,11,0,32,0.7529,65536,9856,0.8496,55,149.2,True
resnet50,Multiply_9313,14,255,32,32,32,32,16,11,0,32,0.7422,65536,11264,0.8281,57,60.1,True
resnet50,Multiply_9313,14,256,32,32,32,32,17,11,0,32,0.7368,65536,11968,0.8174,58,38.5,True
resnet50,Multiply_9313,14,257,32,32,32,32,14,10,0,32,0.7754,65536,8960,0.8633,54,84.1,True
resnet50,Multiply_9313,14,258,32,32,32,32,17,10,0,32,0.7607,65536,10880,0.834,57,39.2,True
resnet50,Multiply_9313,14,259,32,32,32,32,21,10,0,32,0.7412,65536,13440,0.7949,61,81.1,True
resnet50,Multiply_9313,14,260,32,32,32,32,18,10,0,32,0.7559,65536,11520,0.8242,58,38.9,True
resnet50,Multiply_9313,14,261,32,32,32,32,19,10,0,32,0.751,65536,12160,0.8145,59,117.1,True
resnet50,Multiply_9313,14,262,32,32,32,32,20,10,0,32,0.7461,65536,12800,0.8047,60,38.8,True
resnet50,Multiply_9313,14,263,32,32,32,32,17,10,0,32,0.7607,65536,10880,0.834,57,53.5,True
resnet50,Multiply_9313,14,264,32,32,32,32,21,10,0,32,0.7412,65536,13440,0.7949,61,41.4,True
resnet50,Multiply_9313,14,265,32,32,32,32,17,10,0,32,0.7607,65536,10880,0.834,57,37.5,True
resnet50,Multiply_9313,14,266,32,32,32,32,16,10,0,32,0.7656,65536,10240,0.8438,56,46.1,True
resnet50,Multiply_9313,14,267,32,32,32,32,17,10,0,32,0.7607,65536,10880,0.834,57,47.3,True
resnet50,Multiply_9313,14,268,32,32,32,32,21,10,0,32,0.7412,65536,13440,0.7949,61,178.0,True
resnet50,Multiply_9313,14,269,32,32,32,32,17,10,0,32,0.7607,65536,10880,0.834,57,38.7,True
resnet50,Multiply_9313,14,270,32,32,32,32,14,10,0,32,0.7754,65536,8960,0.8633,54,41.0,True
resnet50,Multiply_9313,14,271,32,32,32,32,16,10,0,32,0.7656,65536,10240,0.8438,56,39.2,True
resnet50,Multiply_9313,14,272,32,32,32,32,17,10,0,32,0.7607,65536,10880,0.834,57,89.7,True
resnet50,Multiply_9313,14,273,32,32,32,32,14,10,0,32,0.7754,65536,8960,0.8633,54,40.2,True
resnet50,Multiply_9313,14,274,32,32,32,32,17,10,0,32,0.7607,65536,10880,0.834,57,61.7,True
resnet50,Multiply_9313,14,275,32,32,32,32,21,10,0,32,0.7412,65536,13440,0.7949,61,38.6,True
resnet50,Multiply_9313,14,276,32,32,32,32,18,10,0,32,0.7559,65536,11520,0.8242,58,39.2,True
resnet50,Multiply_9313,14,277,32,32,32,32,19,10,0,32,0.751,65536,12160,0.8145,59,43.0,True
resnet50,Multiply_9313,14,278,32,32,32,32,20,10,0,32,0.7461,65536,12800,0.8047,60,81.5,True
resnet50,Multiply_9313,14,279,32,32,32,32,17,10,0,32,0.7607,65536,10880,0.834,57,52.6,True
resnet50,Multiply_9313,14,280,32,32,32,32,21,10,0,32,0.7412,65536,13440,0.7949,61,78.7,True
resnet50,Multiply_9313,14,281,32,32,32,32,17,10,0,32,0.7607,65536,10880,0.834,57,52.4,True
resnet50,Multiply_9313,14,282,32,32,32,32,16,10,0,32,0.7656,65536,10240,0.8438,56,187.5,True
resnet50,Multiply_9313,14,283,32,32,32,32,17,10,0,32,0.7607,65536,10880,0.834,57,38.6,True
resnet50,Multiply_9313,14,284,32,32,32,32,21,10,0,32,0.7412,65536,13440,0.7949,61,137.6,True
resnet50,Multiply_9313,14,285,32,32,32,32,17,10,0,32,0.7607,65536,10880,0.834,57,185.8,True
resnet50,Multiply_9313,14,286,32,32,32,32,14,10,0,32,0.7754,65536,8960,0.8633,54,74.6,True
resnet50,Multiply_9313,14,287,32,32,32,32,16,10,0,32,0.7656,65536,10240,0.8438,56,112.2,True
resnet50,Multiply_9313,14,288,32,32,32,32,17,10,0,32,0.7607,65536,10880,0.834,57,41.8,True
resnet50,Multiply_9313,14,289,32,32,32,32,14,10,0,32,0.7754,65536,8960,0.8633,54,38.9,True
resnet50,Multiply_9313,14,290,32,32,32,32,17,10,0,32,0.7607,65536,10880,0.834,57,37.1,True
resnet50,Multiply_9313,14,291,32,32,32,32,21,10,0,32,0.7412,65536,13440,0.7949,61,37.8,True
resnet50,Multiply_9313,14,292,32,32,32,32,18,10,0,32,0.7559,65536,11520,0.8242,58,48.4,True
resnet50,Multiply_9313,14,293,32,32,32,32,19,10,0,32,0.751,65536,12160,0.8145,59,39.2,True
resnet50,Multiply_9313,14,294,32,32,32,32,20,10,0,32,0.7461,65536,12800,0.8047,60,38.5,True
resnet50,Multiply_9313,14,295,32,32,32,32,17,10,0,32,0.7607,65536,10880,0.834,57,38.8,True
resnet50,Multiply_9313,14,296,32,32,32,32,21,10,0,32,0.7412,65536,13440,0.7949,61,164.2,True
resnet50,Multiply_9313,14,297,32,32,32,32,17,10,0,32,0.7607,65536,10880,0.834,57,50.9,True
resnet50,Multiply_9313,14,298,32,32,32,32,16,10,0,32,0.7656,65536,10240,0.8438,56,39.2,True
resnet50,Multiply_9313,14,299,32,32,32,32,17,10,0,32,0.7607,65536,10880,0.834,57,38.6,True
resnet50,Multiply_9313,14,300,32,32,32,32,21,10,0,32,0.7412,65536,13440,0.7949,61,162.6,True
resnet50,Multiply_9313,14,301,32,32,32,32,17,10,0,32,0.7607,65536,10880,0.834,57,37.9,True
resnet50,Multiply_9313,14,302,32,32,32,32,14,10,0,32,0.7754,65536,8960,0.8633,54,39.2,True
resnet50,Multiply_9313,14,303,32,32,32,32,16,10,0,32,0.7656,65536,10240,0.8438,56,51.5,True
resnet50,Multiply_9313,14,304,32,32,32,32,17,10,0,32,0.7607,65536,10880,0.834,57,38.7,True
resnet50,Multiply_9313,14,305,32,32,32,32,14,11,0,32,0.7529,65536,9856,0.8496,55,39.0,True
resnet50,Multiply_9313,14,306,32,32,32,32,17,11,0,32,0.7368,65536,11968,0.8174,58,78.1,True
resnet50,Multiply_9313,14,307,32,32,32,32,21,11,0,32,0.7153,65536,14784,0.7744,62,138.0,True
resnet50,Multiply_9313,14,308,32,32,32,32,18,11,0,32,0.7314,65536,12672,0.8066,59,37.7,True
resnet50,Multiply_9313,14,309,32,32,32,32,19,11,0,32,0.7261,65536,13376,0.7959,60,49.0,True
resnet50,Multiply_9313,14,310,32,32,32,32,20,11,0,32,0.7207,65536,14080,0.7852,61,39.4,True
resnet50,Multiply_9313,14,311,32,32,32,32,17,11,0,32,0.7368,65536,11968,0.8174,58,48.6,True
resnet50,Multiply_9313,14,312,32,32,32,32,21,11,0,32,0.7153,65536,14784,0.7744,62,119.1,True
resnet50,Multiply_9313,14,313,32,32,32,32,17,11,0,32,0.7368,65536,11968,0.8174,58,37.6,True
resnet50,Multiply_9313,14,314,32,32,32,32,16,11,0,32,0.7422,65536,11264,0.8281,57,37.4,True
resnet50,Multiply_9313,14,315,32,32,32,32,17,11,0,32,0.7368,65536,11968,0.8174,58,39.0,True
resnet50,Multiply_9313,14,316,32,32,32,32,21,11,0,32,0.7153,65536,14784,0.7744,62,38.8,True
resnet50,Multiply_9313,14,317,32,32,32,32,17,11,0,32,0.7368,65536,11968,0.8174,58,37.4,True
resnet50,Multiply_9313,14,318,32,32,32,32,14,11,0,32,0.7529,65536,9856,0.8496,55,38.4,True
resnet50,Multiply_9313,14,319,32,32,32,32,16,11,0,32,0.7422,65536,11264,0.8281,57,44.1,True
resnet50,Multiply_9313,14,320,32,32,32,32,17,11,0,32,0.7368,65536,11968,0.8174,58,38.0,True
resnet50,Multiply_9313,14,321,32,32,32,32,14,11,0,32,0.7529,65536,9856,0.8496,55,53.6,True
resnet50,Multiply_9313,14,322,32,32,32,32,17,11,0,32,0.7368,65536,11968,0.8174,58,38.4,True
resnet50,Multiply_9313,14,323,32,32,32,32,21,11,0,32,0.7153,65536,14784,0.7744,62,38.8,True
resnet50,Multiply_9313,14,324,32,32,32,32,18,11,0,32,0.7314,65536,12672,0.8066,59,197.0,True
resnet50,Multiply_9313,14,325,32,32,32,32,19,11,0,32,0.7261,65536,13376,0.7959,60,195.9,True
resnet50,Multiply_9313,14,326,32,32,32,32,20,11,0,32,0.7207,65536,14080,0.7852,61,38.9,True
resnet50,Multiply_9313,14,327,32,32,32,32,17,11,0,32,0.7368,65536,11968,0.8174,58,37.7,True
resnet50,Multiply_9313,14,328,32,32,32,32,21,11,0,32,0.7153,65536,14784,0.7744,62,38.1,True
resnet50,Multiply_9313,14,329,32,32,32,32,17,11,0,32,0.7368,65536,11968,0.8174,58,38.4,True
resnet50,Multiply_9313,14,330,32,32,32,32,16,11,0,32,0.7422,65536,11264,0.8281,57,39.7,True
resnet50,Multiply_9313,14,331,32,32,32,32,17,11,0,32,0.7368,65536,11968,0.8174,58,37.3,True
resnet50,Multiply_9313,14,332,32,32,32,32,21,11,0,32,0.7153,65536,14784,0.7744,62,39.1,True
resnet50,Multiply_9313,14,333,32,32,32,32,17,11,0,32,0.7368,65536,11968,0.8174,58,178.1,True
resnet50,Multiply_9313,14,334,32,32,32,32,14,11,0,32,0.7529,65536,9856,0.8496,55,38.9,True
resnet50,Multiply_9313,14,335,32,32,32,32,16,11,0,32,0.7422,65536,11264,0.8281,57,48.6,True
resnet50,Multiply_9313,14,336,32,32,32,32,17,11,0,32,0.7368,65536,11968,0.8174,58,66.8,True
resnet50,Multiply_9313,14,337,32,32,32,32,14,11,0,32,0.7529,65536,9856,0.8496,55,38.0,True
resnet50,Multiply_9313,14,338,32,32,32,32,17,11,0,32,0.7368,65536,11968,0.8174,58,39.2,True
resnet50,Multiply_9313,14,339,32,32,32,32,21,11,0,32,0.7153,65536,14784,0.7744,62,43.6,True
resnet50,Multiply_9313,14,340,32,32,32,32,18,11,0,32,0.7314,65536,12672,0.8066,59,197.5,True
resnet50,Multiply_9313,14,341,32,32,32,32,19,11,0,32,0.7261,65536,13376,0.7959,60,52.9,True
resnet50,Multiply_9313,14,342,32,32,32,32,20,11,0,32,0.7207,65536,14080,0.7852,61,57.6,True
resnet50,Multiply_9313,14,343,32,32,32,32,17,11,0,32,0.7368,65536,11968,0.8174,58,38.5,True
resnet50,Multiply_9313,14,344,32,32,32,32,21,11,0,32,0.7153,65536,14784,0.7744,62,39.6,True
resnet50,Multiply_9313,14,345,32,32,32,32,17,11,0,32,0.7368,65536,11968,0.8174,58,39.1,True
resnet50,Multiply_9313,14,346,32,32,32,32,16,11,0,32,0.7422,65536,11264,0.8281,57,41.4,True
resnet50,Multiply_9313,14,347,32,32,32,32,17,11,0,32,0.7368,65536,11968,0.8174,58,38.1,True
resnet50,Multiply_9313,14,348,32,32,32,32,21,11,0,32,0.7153,65536,14784,0.7744,62,39.2,True
resnet50,Multiply_9313,14,349,32,32,32,32,17,11,0,32,0.7368,65536,11968,0.8174,58,141.5,True
resnet50,Multiply_9313,14,350,32,32,32,32,14,11,0,32,0.7529,65536,9856,0.8496,55,41.2,True
resnet50,Multiply_9313,14,351,32,32,32,32,16,11,0,32,0.7422,65536,11264,0.8281,57,38.4,True
resnet50,Multiply_9313,14,352,32,32,32,32,17,11,0,32,0.7368,65536,11968,0.8174,58,37.8,True
resnet50,Multiply_9313,14,353,32,32,32,32,14,11,0,32,0.7529,65536,9856,0.8496,55,146.4,True
resnet50,Multiply_9313,14,354,32,32,32,32,17,11,0,32,0.7368,65536,11968,0.8174,58,38.4,True
resnet50,Multiply_9313,14,355,32,32,32,32,21,11,0,32,0.7153,65536,14784,0.7744,62,42.0,True
resnet50,Multiply_9313,14,356,32,32,32,32,18,11,0,32,0.7314,65536,12672,0.8066,59,40.2,True
resnet50,Multiply_9313,14,357,32,32,32,32,19,11,0,32,0.7261,65536,13376,0.7959,60,85.9,True
resnet50,Multiply_9313,14,358,32,32,32,32,20,11,0,32,0.7207,65536,14080,0.7852,61,100.9,True
resnet50,Multiply_9313,14,359,32,32,32,32,17,11,0,32,0.7368,65536,11968,0.8174,58,37.8,True
resnet50,Multiply_9313,14,360,32,32,32,32,21,11,0,32,0.7153,65536,14784,0.7744,62,58.9,True
resnet50,Multiply_9313,14,361,32,32,32,32,17,11,0,32,0.7368,65536,11968,0.8174,58,53.6,True
resnet50,Multiply_9313,14,362,32,32,32,32,16,11,0,32,0.7422,65536,11264,0.8281,57,39.5,True
resnet50,Multiply_9313,14,363,32,32,32,32,17,11,0,32,0.7368,65536,11968,0.8174,58,39.1,True
resnet50,Multiply_9313,14,364,32,32,32,32,21,11,0,32,0.7153,65536,14784,0.7744,62,39.7,True
resnet50,Multiply_9313,14,365,32,32,32,32,17,11,0,32,0.7368,65536,11968,0.8174,58,39.8,True
resnet50,Multiply_9313,14,366,32,32,32,32,14,11,0,32,0.7529,65536,9856,0.8496,55,121.1,True
resnet50,Multiply_9313,14,367,32,32,32,32,16,11,0,32,0.7422,65536,11264,0.8281,57,54.9,True
resnet50,Multiply_9313,14,368,32,32,32,32,17,11,0,32,0.7368,65536,11968,0.8174,58,39.1,True
resnet50,Multiply_9313,14,369,32,32,32,32,14,11,0,32,0.7529,65536,9856,0.8496,55,39.7,True
resnet50,Multiply_9313,14,370,32,32,32,32,17,11,0,32,0.7368,65536,11968,0.8174,58,40.1,True
resnet50,Multiply_9313,14,371,32,32,32,32,21,11,0,32,0.7153,65536,14784,0.7744,62,46.1,True
resnet50,Multiply_9313,14,372,32,32,32,32,18,11,0,32,0.7314,65536,12672,0.8066,59,39.0,True
resnet50,Multiply_9313,14,373,32,32,32,32,19,11,0,32,0.7261,65536,13376,0.7959,60,46.8,True
resnet50,Multiply_9313,14,374,32,32,32,32,20,11,0,32,0.7207,65536,14080,0.7852,61,54.1,True
resnet50,Multiply_9313,14,375,32,32,32,32,17,11,0,32,0.7368,65536,11968,0.8174,58,41.7,True
resnet50,Multiply_9313,14,376,32,32,32,32,21,11,0,32,0.7153,65536,14784,0.7744,62,38.6,True
resnet50,Multiply_9313,14,377,32,32,32,32,17,11,0,32,0.7368,65536,11968,0.8174,58,405.4,True
resnet50,Multiply_9313,14,378,32,32,32,32,16,11,0,32,0.7422,65536,11264,0.8281,57,222.9,True
resnet50,Multiply_9313,14,379,32,32,32,32,17,11,0,32,0.7368,65536,11968,0.8174,58,37.7,True
resnet50,Multiply_9313,14,380,32,32,32,32,21,11,0,32,0.7153,65536,14784,0.7744,62,39.6,True
resnet50,Multiply_9313,14,381,32,32,32,32,17,11,0,32,0.7368,65536,11968,0.8174,58,67.4,True
resnet50,Multiply_9313,14,382,32,32,32,32,14,11,0,32,0.7529,65536,9856,0.8496,55,85.2,True
resnet50,Multiply_9313,14,383,32,32,32,32,16,11,0,32,0.7422,65536,11264,0.8281,57,39.4,True
resnet50,Multiply_9313,14,384,32,32,32,32,17,11,0,32,0.7368,65536,11968,0.8174,58,37.6,True
resnet50,Multiply_9313,14,385,16,32,32,16,14,9,1,16,0.8242,32768,4032,0.877,37,49.1,True
resnet50,Multiply_9313,14,386,16,32,32,16,17,9,0,32,0.8066,32768,4896,0.8506,40,20.7,True
resnet50,Multiply_9313,14,387,16,32,32,16,21,9,0,32,0.7832,32768,6048,0.8154,44,21.9,True
resnet50,Multiply_9313,14,388,16,32,32,16,18,9,0,32,0.8008,32768,5184,0.8418,41,82.8,True
resnet50,Multiply_9313,14,389,16,32,32,16,19,9,0,32,0.7949,32768,5472,0.833,42,129.3,True
resnet50,Multiply_9313,14,390,16,32,32,16,20,9,0,32,0.7891,32768,5760,0.8242,43,47.5,True
resnet50,Multiply_9313,14,391,16,32,32,16,17,9,0,32,0.8066,32768,4896,0.8506,40,23.7,True
resnet50,Multiply_9313,14,392,16,32,32,16,21,9,0,32,0.7832,32768,6048,0.8154,44,21.5,True
resnet50,Multiply_9313,14,393,16,32,32,16,17,9,0,32,0.8066,32768,4896,0.8506,40,21.3,True
resnet50,Multiply_9313,14,394,16,32,32,16,16,9,1,16,0.8125,32768,4608,0.8594,39,21.4,True
resnet50,Multiply_9313,14,395,16,32,32,16,17,9,0,32,0.8066,32768,4896,0.8506,40,219.4,True
resnet50,Multiply_9313,14,396,16,32,32,16,21,9,0,32,0.7832,32768,6048,0.8154,44,71.7,True
resnet50,Multiply_9313,14,397,16,32,32,16,17,9,0,32,0.8066,32768,4896,0.8506,40,20.9,True
resnet50,Multiply_9313,14,398,16,32,32,16,14,9,1,16,0.8242,32768,4032,0.877,37,21.0,True
resnet50,Multiply_9313,14,399,16,32,32,16,16,9,1,16,0.8125,32768,4608,0.8594,39,24.4,True
resnet50,Multiply_9313,14,400,16,32,32,16,17,9,0,32,0.8066,32768,4896,0.8506,40,33.1,True
resnet50,Multiply_9306,15,1,32,32,32,32,15,18,0,32,0.5869,65536,17280,0.7363,63,38.8,True
resnet50,Multiply_9306,15,2,32,32,32,32,20,18,0,32,0.543,65536,23040,0.6484,68,38.5,True
resnet50,Multiply_9306,15,3,32,32,32,32,16,18,0,32,0.5781,65536,18432,0.7188,64,179.3,True
resnet50,Multiply_9306,15,4,32,32,32,32,19,18,0,32,0.5518,65536,21888,0.666,67,39.1,True
resnet50,Multiply_9306,15,5,32,32,32,32,15,19,0,32,0.564,65536,18240,0.7217,64,194.3,True
resnet50,Multiply_9306,15,6,32,32,32,32,20,19,0,32,0.5176,65536,24320,0.6289,69,38.8,True
resnet50,Multiply_9306,15,7,32,32,32,32,16,19,0,32,0.5547,65536,19456,0.7031,65,39.1,True
resnet50,Multiply_9306,15,8,32,32,32,32,19,19,0,32,0.5269,65536,23104,0.6475,68,176.7,True
resnet50,Multiply_9306,15,9,32,32,32,32,15,21,0,32,0.5181,65536,20160,0.6924,66,38.2,True
resnet50,Multiply_9306,15,10,32,32,32,32,20,21,0,32,0.4668,65536,26880,0.5898,71,75.5,True
resnet50,Multiply_9306,15,11,32,32,32,32,16,21,0,32,0.5078,65536,21504,0.6719,67,38.3,True
resnet50,Multiply_9306,15,12,32,32,32,32,19,21,0,32,0.4771,65536,25536,0.6104,70,68.8,True
resnet50,Multiply_9306,15,13,32,32,32,32,15,20,0,32,0.541,65536,19200,0.707,65,49.6,True
resnet50,Multiply_9306,15,14,32,32,32,32,20,20,0,32,0.4922,65536,25600,0.6094,70,48.5,True
resnet50,Multiply_9306,15,15,32,32,32,32,16,20,0,32,0.5312,65536,20480,0.6875,66,380.9,True
resnet50,Multiply_9306,15,16,32,32,32,32,19,20,0,32,0.502,65536,24320,0.6289,69,223.7,True
resnet50,Multiply_9306,15,17,32,32,32,32,15,19,0,32,0.564,65536,18240,0.7217,64,72.5,True
resnet50,Multiply_9306,15,18,32,32,32,32,20,19,0,32,0.5176,65536,24320,0.6289,69,221.7,True
resnet50,Multiply_9306,15,19,32,32,32,32,16,19,0,32,0.5547,65536,19456,0.7031,65,252.0,True
resnet50,Multiply_9306,15,20,32,32,32,32,19,19,0,32,0.5269,65536,23104,0.6475,68,39.6,True
resnet50,Multiply_9306,15,21,32,32,32,32,15,18,0,32,0.5869,65536,17280,0.7363,63,45.4,True
resnet50,Multiply_9306,15,22,32,32,32,32,20,18,0,32,0.543,65536,23040,0.6484,68,78.8,True
resnet50,Multiply_9306,15,23,32,32,32,32,16,18,0,32,0.5781,65536,18432,0.7188,64,102.7,True
resnet50,Multiply_9306,15,24,32,32,32,32,19,18,0,32,0.5518,65536,21888,0.666,67,247.0,True
resnet50,Multiply_9306,15,25,4,32,32,4,15,18,1,16,0.7031,8192,2160,0.7363,35,44.1,False
resnet50,Multiply_9306,15,26,4,32,32,4,20,18,0,32,0.625,8192,2880,0.6484,40,55.5,True
resnet50,Multiply_9306,15,27,4,32,32,4,16,18,1,16,0.6875,8192,2304,0.7188,36,53.7,False
resnet50,Multiply_9306,15,28,4,32,32,4,19,18,0,32,0.6406,8192,2736,0.666,39,53.1,True
resnet50,Multiply_9299,16,1,32,32,32,32,16,13,0,32,0.6953,65536,13312,0.7969,59,75.3,True
resnet50,Multiply_9299,16,2,32,32,32,32,19,13,0,32,0.6763,65536,15808,0.7588,62,40.1,True
resnet50,Multiply_9299,16,3,32,32,32,32,18,13,0,32,0.6826,65536,14976,0.7715,61,84.7,True
resnet50,Multiply_9299,16,4,32,32,32,32,17,13,0,32,0.689,65536,14144,0.7842,60,155.9,True
resnet50,Multiply_9299,16,5,32,32,32,32,16,13,0,32,0.6953,65536,13312,0.7969,59,46.6,True
resnet50,Multiply_9299,16,6,32,32,32,32,19,13,0,32,0.6763,65536,15808,0.7588,62,81.9,True
resnet50,Multiply_9299,16,7,32,32,32,32,18,13,0,32,0.6826,65536,14976,0.7715,61,39.5,True
resnet50,Multiply_9299,16,8,32,32,32,32,17,13,0,32,0.689,65536,14144,0.7842,60,434.5,True
resnet50,Multiply_9299,16,9,32,32,32,32,16,16,0,32,0.625,65536,16384,0.75,62,80.7,True
resnet50,Multiply_9299,16,10,32,32,32,32,19,16,0,32,0.6016,65536,19456,0.7031,65,44.7,True
resnet50,Multiply_9299,16,11,32,32,32,32,18,16,0,32,0.6094,65536,18432,0.7188,64,142.4,True
resnet50,Multiply_9299,16,12,32,32,32,32,17,16,0,32,0.6172,65536,17408,0.7344,63,39.8,True
resnet50,Multiply_9299,16,13,32,32,32,32,16,16,0,32,0.625,65536,16384,0.75,62,220.1,True
resnet50,Multiply_9299,16,14,32,32,32,32,19,16,0,32,0.6016,65536,19456,0.7031,65,49.5,True
resnet50,Multiply_9299,16,15,32,32,32,32,18,16,0,32,0.6094,65536,18432,0.7188,64,206.0,True
resnet50,Multiply_9299,16,16,32,32,32,32,17,16,0,32,0.6172,65536,17408,0.7344,63,179.1,True
resnet50,Multiply_9299,16,17,32,32,32,32,16,16,0,32,0.625,65536,16384,0.75,62,88.6,True
resnet50,Multiply_9299,16,18,32,32,32,32,19,16,0,32,0.6016,65536,19456,0.7031,65,39.3,True
resnet50,Multiply_9299,16,19,32,32,32,32,18,16,0,32,0.6094,65536,18432,0.7188,64,45.3,True
resnet50,Multiply_9299,16,20,32,32,32,32,17,16,0,32,0.6172,65536,17408,0.7344,63,105.2,True
resnet50,Multiply_9299,16,21,32,32,32,32,16,15,0,32,0.6484,65536,15360,0.7656,61,79.7,True
resnet50,Multiply_9299,16,22,32,32,32,32,19,15,0,32,0.6265,65536,18240,0.7217,64,41.8,True
resnet50,Multiply_9299,16,23,32,32,32,32,18,15,0,32,0.6338,65536,17280,0.7363,63,128.0,True
resnet50,Multiply_9299,16,24,32,32,32,32,17,15,0,32,0.6411,65536,16320,0.751,62,197.5,True
resnet50,Multiply_9299,16,25,32,32,32,32,16,16,0,32,0.625,65536,16384,0.75,62,109.9,True
resnet50,Multiply_9299,16,26,32,32,32,32,19,16,0,32,0.6016,65536,19456,0.7031,65,45.7,True
resnet50,Multiply_9299,16,27,32,32,32,32,18,16,0,32,0.6094,65536,18432,0.7188,64,38.7,True
resnet50,Multiply_9299,16,28,32,32,32,32,17,16,0,32,0.6172,65536,17408,0.7344,63,47.7,True
resnet50,Multiply_9299,16,29,32,32,32,32,16,15,0,32,0.6484,65536,15360,0.7656,61,45.9,True
resnet50,Multiply_9299,16,30,32,32,32,32,19,15,0,32,0.6265,65536,18240,0.7217,64,38.3,True
resnet50,Multiply_9299,16,31,32,32,32,32,18,15,0,32,0.6338,65536,17280,0.7363,63,49.3,True
resnet50,Multiply_9299,16,32,32,32,32,32,17,15,0,32,0.6411,65536,16320,0.751,62,61.5,True
resnet50,Multiply_9299,16,33,32,32,32,32,16,16,0,32,0.625,65536,16384,0.75,62,42.2,True
resnet50,Multiply_9299,16,34,32,32,32,32,19,16,0,32,0.6016,65536,19456,0.7031,65,204.1,True
resnet50,Multiply_9299,16,35,32,32,32,32,18,16,0,32,0.6094,65536,18432,0.7188,64,47.5,True
resnet50,Multiply_9299,16,36,32,32,32,32,17,16,0,32,0.6172,65536,17408,0.7344,63,196.4,True
resnet50,Multiply_9299,16,37,32,32,32,32,16,16,0,32,0.625,65536,16384,0.75,62,37.8,True
resnet50,Multiply_9299,16,38,32,32,32,32,19,16,0,32,0.6016,65536,19456,0.7031,65,128.5,True
resnet50,Multiply_9299,16,39,32,32,32,32,18,16,0,32,0.6094,65536,18432,0.7188,64,143.7,True
resnet50,Multiply_9299,16,40,32,32,32,32,17,16,0,32,0.6172,65536,17408,0.7344,63,46.2,True
resnet50,Multiply_9299,16,41,32,32,32,32,16,15,0,32,0.6484,65536,15360,0.7656,61,47.1,True
resnet50,Multiply_9299,16,42,32,32,32,32,19,15,0,32,0.6265,65536,18240,0.7217,64,47.3,True
resnet50,Multiply_9299,16,43,32,32,32,32,18,15,0,32,0.6338,65536,17280,0.7363,63,88.5,True
resnet50,Multiply_9299,16,44,32,32,32,32,17,15,0,32,0.6411,65536,16320,0.751,62,60.5,True
resnet50,Multiply_9299,16,45,32,32,32,32,16,16,0,32,0.625,65536,16384,0.75,62,37.6,True
resnet50,Multiply_9299,16,46,32,32,32,32,19,16,0,32,0.6016,65536,19456,0.7031,65,159.9,True
resnet50,Multiply_9299,16,47,32,32,32,32,18,16,0,32,0.6094,65536,18432,0.7188,64,145.2,True
resnet50,Multiply_9299,16,48,32,32,32,32,17,16,0,32,0.6172,65536,17408,0.7344,63,86.1,True
resnet50,Multiply_9299,16,49,32,32,32,32,16,15,0,32,0.6484,65536,15360,0.7656,61,50.7,True
resnet50,Multiply_9299,16,50,32,32,32,32,19,15,0,32,0.6265,65536,18240,0.7217,64,74.8,True
resnet50,Multiply_9299,16,51,32,32,32,32,18,15,0,32,0.6338,65536,17280,0.7363,63,39.4,True
resnet50,Multiply_9299,16,52,32,32,32,32,17,15,0,32,0.6411,65536,16320,0.751,62,40.8,True
resnet50,Multiply_9299,16,53,32,32,32,32,16,15,0,32,0.6484,65536,15360,0.7656,61,56.3,True
resnet50,Multiply_9299,16,54,32,32,32,32,19,15,0,32,0.6265,65536,18240,0.7217,64,62.3,True
resnet50,Multiply_9299,16,55,32,32,32,32,18,15,0,32,0.6338,65536,17280,0.7363,63,38.8,True
resnet50,Multiply_9299,16,56,32,32,32,32,17,15,0,32,0.6411,65536,16320,0.751,62,37.5,True
resnet50,Multiply_9299,16,57,32,32,32,32,16,15,0,32,0.6484,65536,15360,0.7656,61,42.9,True
resnet50,Multiply_9299,16,58,32,32,32,32,19,15,0,32,0.6265,65536,18240,0.7217,64,38.6,True
resnet50,Multiply_9299,16,59,32,32,32,32,18,15,0,32,0.6338,65536,17280,0.7363,63,38.5,True
resnet50,Multiply_9299,16,60,32,32,32,32,17,15,0,32,0.6411,65536,16320,0.751,62,62.0,True
resnet50,Multiply_9299,16,61,32,32,32,32,16,16,0,32,0.625,65536,16384,0.75,62,70.0,True
resnet50,Multiply_9299,16,62,32,32,32,32,19,16,0,32,0.6016,65536,19456,0.7031,65,45.4,True
resnet50,Multiply_9299,16,63,32,32,32,32,18,16,0,32,0.6094,65536,18432,0.7188,64,46.4,True
resnet50,Multiply_9299,16,64,32,32,32,32,17,16,0,32,0.6172,65536,17408,0.7344,63,85.7,True
resnet50,Multiply_9299,16,65,32,32,32,32,16,16,0,32,0.625,65536,16384,0.75,62,50.8,True
resnet50,Multiply_9299,16,66,32,32,32,32,19,16,0,32,0.6016,65536,19456,0.7031,65,38.4,True
resnet50,Multiply_9299,16,67,32,32,32,32,18,16,0,32,0.6094,65536,18432,0.7188,64,197.3,True
resnet50,Multiply_9299,16,68,32,32,32,32,17,16,0,32,0.6172,65536,17408,0.7344,63,47.4,True
resnet50,Multiply_9299,16,69,32,32,32,32,16,16,0,32,0.625,65536,16384,0.75,62,44.3,True
resnet50,Multiply_9299,16,70,32,32,32,32,19,16,0,32,0.6016,65536,19456,0.7031,65,60.8,True
resnet50,Multiply_9299,16,71,32,32,32,32,18,16,0,32,0.6094,65536,18432,0.7188,64,70.0,True
resnet50,Multiply_9299,16,72,32,32,32,32,17,16,0,32,0.6172,65536,17408,0.7344,63,48.1,True
resnet50,Multiply_9299,16,73,32,32,32,32,16,16,0,32,0.625,65536,16384,0.75,62,68.3,True
resnet50,Multiply_9299,16,74,32,32,32,32,19,16,0,32,0.6016,65536,19456,0.7031,65,38.4,True
resnet50,Multiply_9299,16,75,32,32,32,32,18,16,0,32,0.6094,65536,18432,0.7188,64,132.0,True
resnet50,Multiply_9299,16,76,32,32,32,32,17,16,0,32,0.6172,65536,17408,0.7344,63,145.8,True
resnet50,Multiply_9299,16,77,32,32,32,32,16,15,0,32,0.6484,65536,15360,0.7656,61,52.1,True
resnet50,Multiply_9299,16,78,32,32,32,32,19,15,0,32,0.6265,65536,18240,0.7217,64,38.9,True
resnet50,Multiply_9299,16,79,32,32,32,32,18,15,0,32,0.6338,65536,17280,0.7363,63,45.3,True
resnet50,Multiply_9299,16,80,32,32,32,32,17,15,0,32,0.6411,65536,16320,0.751,62,67.0,True
resnet50,Multiply_9299,16,81,32,32,32,32,16,16,0,32,0.625,65536,16384,0.75,62,41.0,True
resnet50,Multiply_9299,16,82,32,32,32,32,19,16,0,32,0.6016,65536,19456,0.7031,65,41.1,True
resnet50,Multiply_9299,16,83,32,32,32,32,18,16,0,32,0.6094,65536,18432,0.7188,64,38.3,True
resnet50,Multiply_9299,16,84,32,32,32,32,17,16,0,32,0.6172,65536,17408,0.7344,63,81.5,True
resnet50,Multiply_9299,16,85,32,32,32,32,16,16,0,32,0.625,65536,16384,0.75,62,83.1,True
resnet50,Multiply_9299,16,86,32,32,32,32,19,16,0,32,0.6016,65536,19456,0.7031,65,60.1,True
resnet50,Multiply_9299,16,87,32,32,32,32,18,16,0,32,0.6094,65536,18432,0.7188,64,106.2,True
resnet50,Multiply_9299,16,88,32,32,32,32,17,16,0,32,0.6172,65536,17408,0.7344,63,53.1,True
resnet50,Multiply_9299,16,89,32,32,32,32,16,16,0,32,0.625,65536,16384,0.75,62,178.2,True
resnet50,Multiply_9299,16,90,32,32,32,32,19,16,0,32,0.6016,65536,19456,0.7031,65,38.7,True
resnet50,Multiply_9299,16,91,32,32,32,32,18,16,0,32,0.6094,65536,18432,0.7188,64,137.0,True
resnet50,Multiply_9299,16,92,32,32,32,32,17,16,0,32,0.6172,65536,17408,0.7344,63,255.5,True
resnet50,Multiply_9299,16,93,32,32,32,32,16,16,0,32,0.625,65536,16384,0.75,62,38.3,True
resnet50,Multiply_9299,16,94,32,32,32,32,19,16,0,32,0.6016,65536,19456,0.7031,65,39.4,True
resnet50,Multiply_9299,16,95,32,32,32,32,18,16,0,32,0.6094,65536,18432,0.7188,64,67.9,True
resnet50,Multiply_9299,16,96,32,32,32,32,17,16,0,32,0.6172,65536,17408,0.7344,63,47.5,True
resnet50,Multiply_9299,16,97,32,32,32,32,16,16,0,32,0.625,65536,16384,0.75,62,44.5,True
resnet50,Multiply_9299,16,98,32,32,32,32,19,16,0,32,0.6016,65536,19456,0.7031,65,48.1,True
resnet50,Multiply_9299,16,99,32,32,32,32,18,16,0,32,0.6094,65536,18432,0.7188,64,177.9,True
resnet50,Multiply_9299,16,100,32,32,32,32,17,16,0,32,0.6172,65536,17408,0.7344,63,38.3,True
resnet50,Multiply_9299,16,101,32,32,32,32,16,16,0,32,0.625,65536,16384,0.75,62,75.6,True
resnet50,Multiply_9299,16,102,32,32,32,32,19,16,0,32,0.6016,65536,19456,0.7031,65,85.3,True
resnet50,Multiply_9299,16,103,32,32,32,32,18,16,0,32,0.6094,65536,18432,0.7188,64,42.6,True
resnet50,Multiply_9299,16,104,32,32,32,32,17,16,0,32,0.6172,65536,17408,0.7344,63,44.6,True
resnet50,Multiply_9299,16,105,32,32,32,32,16,16,0,32,0.625,65536,16384,0.75,62,119.6,True
resnet50,Multiply_9299,16,106,32,32,32,32,19,16,0,32,0.6016,65536,19456,0.7031,65,43.8,True
resnet50,Multiply_9299,16,107,32,32,32,32,18,16,0,32,0.6094,65536,18432,0.7188,64,84.2,True
resnet50,Multiply_9299,16,108,32,32,32,32,17,16,0,32,0.6172,65536,17408,0.7344,63,115.2,True
resnet50,Multiply_9299,16,109,32,32,32,32,16,16,0,32,0.625,65536,16384,0.75,62,44.5,True
resnet50,Multiply_9299,16,110,32,32,32,32,19,16,0,32,0.6016,65536,19456,0.7031,65,73.5,True
resnet50,Multiply_9299,16,111,32,32,32,32,18,16,0,32,0.6094,65536,18432,0.7188,64,38.8,True
resnet50,Multiply_9299,16,112,32,32,32,32,17,16,0,32,0.6172,65536,17408,0.7344,63,39.2,True
resnet50,Multiply_9299,16,113,32,32,32,32,16,16,0,32,0.625,65536,16384,0.75,62,61.4,True
resnet50,Multiply_9299,16,114,32,32,32,32,19,16,0,32,0.6016,65536,19456,0.7031,65,163.1,True
resnet50,Multiply_9299,16,115,32,32,32,32,18,16,0,32,0.6094,65536,18432,0.7188,64,65.7,True
resnet50,Multiply_9299,16,116,32,32,32,32,17,16,0,32,0.6172,65536,17408,0.7344,63,176.3,True
resnet50,Multiply_9299,16,117,32,32,32,32,16,16,0,32,0.625,65536,16384,0.75,62,73.3,True
resnet50,Multiply_9299,16,118,32,32,32,32,19,16,0,32,0.6016,65536,19456,0.7031,65,86.7,True
resnet50,Multiply_9299,16,119,32,32,32,32,18,16,0,32,0.6094,65536,18432,0.7188,64,97.6,True
resnet50,Multiply_9299,16,120,32,32,32,32,17,16,0,32,0.6172,65536,17408,0.7344,63,80.2,True
resnet50,Multiply_9299,16,121,32,32,32,32,16,15,0,32,0.6484,65536,15360,0.7656,61,54.1,True
resnet50,Multiply_9299,16,122,32,32,32,32,19,15,0,32,0.6265,65536,18240,0.7217,64,81.5,True
resnet50,Multiply_9299,16,123,32,32,32,32,18,15,0,32,0.6338,65536,17280,0.7363,63,76.3,True
resnet50,Multiply_9299,16,124,32,32,32,32,17,15,0,32,0.6411,65536,16320,0.751,62,51.0,True
resnet50,Multiply_9299,16,125,32,32,32,32,16,16,0,32,0.625,65536,16384,0.75,62,128.5,True
resnet50,Multiply_9299,16,126,32,32,32,32,19,16,0,32,0.6016,65536,19456,0.7031,65,199.8,True
resnet50,Multiply_9299,16,127,32,32,32,32,18,16,0,32,0.6094,65536,18432,0.7188,64,40.4,True
resnet50,Multiply_9299,16,128,32,32,32,32,17,16,0,32,0.6172,65536,17408,0.7344,63,161.1,True
resnet50,Multiply_9299,16,129,32,32,32,32,16,15,0,32,0.6484,65536,15360,0.7656,61,64.7,True
resnet50,Multiply_9299,16,130,32,32,32,32,19,15,0,32,0.6265,65536,18240,0.7217,64,38.7,True
resnet50,Multiply_9299,16,131,32,32,32,32,18,15,0,32,0.6338,65536,17280,0.7363,63,37.8,True
resnet50,Multiply_9299,16,132,32,32,32,32,17,15,0,32,0.6411,65536,16320,0.751,62,58.0,True
resnet50,Multiply_9299,16,133,32,32,32,32,16,16,0,32,0.625,65536,16384,0.75,62,112.4,True
resnet50,Multiply_9299,16,134,32,32,32,32,19,16,0,32,0.6016,65536,19456,0.7031,65,223.9,True
resnet50,Multiply_9299,16,135,32,32,32,32,18,16,0,32,0.6094,65536,18432,0.7188,64,97.2,True
resnet50,Multiply_9299,16,136,32,32,32,32,17,16,0,32,0.6172,65536,17408,0.7344,63,176.7,True
resnet50,Multiply_9299,16,137,32,32,32,32,16,15,0,32,0.6484,65536,15360,0.7656,61,175.0,True
resnet50,Multiply_9299,16,138,32,32,32,32,19,15,0,32,0.6265,65536,18240,0.7217,64,51.5,True
resnet50,Multiply_9299,16,139,32,32,32,32,18,15,0,32,0.6338,65536,17280,0.7363,63,88.4,True
resnet50,Multiply_9299,16,140,32,32,32,32,17,15,0,32,0.6411,65536,16320,0.751,62,45.8,True
resnet50,Multiply_9299,16,141,32,32,32,32,16,16,0,32,0.625,65536,16384,0.75,62,218.4,True
resnet50,Multiply_9299,16,142,32,32,32,32,19,16,0,32,0.6016,65536,19456,0.7031,65,59.3,True
resnet50,Multiply_9299,16,143,32,32,32,32,18,16,0,32,0.6094,65536,18432,0.7188,64,48.5,True
resnet50,Multiply_9299,16,144,32,32,32,32,17,16,0,32,0.6172,65536,17408,0.7344,63,38.3,True
resnet50,Multiply_9299,16,145,32,32,32,32,16,16,0,32,0.625,65536,16384,0.75,62,80.4,True
resnet50,Multiply_9299,16,146,32,32,32,32,19,16,0,32,0.6016,65536,19456,0.7031,65,47.2,True
resnet50,Multiply_9299,16,147,32,32,32,32,18,16,0,32,0.6094,65536,18432,0.7188,64,144.9,True
resnet50,Multiply_9299,16,148,32,32,32,32,17,16,0,32,0.6172,65536,17408,0.7344,63,50.0,True
resnet50,Multiply_9299,16,149,32,32,32,32,16,16,0,32,0.625,65536,16384,0.75,62,49.5,True
resnet50,Multiply_9299,16,150,32,32,32,32,19,16,0,32,0.6016,65536,19456,0.7031,65,50.5,True
resnet50,Multiply_9299,16,151,32,32,32,32,18,16,0,32,0.6094,65536,18432,0.7188,64,68.8,True
resnet50,Multiply_9299,16,152,32,32,32,32,17,16,0,32,0.6172,65536,17408,0.7344,63,105.6,True
resnet50,Multiply_9299,16,153,32,32,32,32,16,16,0,32,0.625,65536,16384,0.75,62,84.2,True
resnet50,Multiply_9299,16,154,32,32,32,32,19,16,0,32,0.6016,65536,19456,0.7031,65,137.5,True
resnet50,Multiply_9299,16,155,32,32,32,32,18,16,0,32,0.6094,65536,18432,0.7188,64,158.6,True
resnet50,Multiply_9299,16,156,32,32,32,32,17,16,0,32,0.6172,65536,17408,0.7344,63,197.0,True
resnet50,Multiply_9299,16,157,32,32,32,32,16,16,0,32,0.625,65536,16384,0.75,62,193.0,True
resnet50,Multiply_9299,16,158,32,32,32,32,19,16,0,32,0.6016,65536,19456,0.7031,65,48.2,True
resnet50,Multiply_9299,16,159,32,32,32,32,18,16,0,32,0.6094,65536,18432,0.7188,64,162.4,True
resnet50,Multiply_9299,16,160,32,32,32,32,17,16,0,32,0.6172,65536,17408,0.7344,63,37.6,True
resnet50,Multiply_9299,16,161,32,32,32,32,16,15,0,32,0.6484,65536,15360,0.7656,61,38.0,True
resnet50,Multiply_9299,16,162,32,32,32,32,19,15,0,32,0.6265,65536,18240,0.7217,64,123.5,True
resnet50,Multiply_9299,16,163,32,32,32,32,18,15,0,32,0.6338,65536,17280,0.7363,63,184.4,True
resnet50,Multiply_9299,16,164,32,32,32,32,17,15,0,32,0.6411,65536,16320,0.751,62,45.1,True
resnet50,Multiply_9299,16,165,32,32,32,32,16,16,0,32,0.625,65536,16384,0.75,62,47.3,True
resnet50,Multiply_9299,16,166,32,32,32,32,19,16,0,32,0.6016,65536,19456,0.7031,65,38.4,True
resnet50,Multiply_9299,16,167,32,32,32,32,18,16,0,32,0.6094,65536,18432,0.7188,64,38.6,True
resnet50,Multiply_9299,16,168,32,32,32,32,17,16,0,32,0.6172,65536,17408,0.7344,63,38.4,True
resnet50,Multiply_9299,16,169,32,32,32,32,16,16,0,32,0.625,65536,16384,0.75,62,74.6,True
resnet50,Multiply_9299,16,170,32,32,32,32,19,16,0,32,0.6016,65536,19456,0.7031,65,47.6,True
resnet50,Multiply_9299,16,171,32,32,32,32,18,16,0,32,0.6094,65536,18432,0.7188,64,153.4,True
resnet50,Multiply_9299,16,172,32,32,32,32,17,16,0,32,0.6172,65536,17408,0.7344,63,147.1,True
resnet50,Multiply_9299,16,173,32,32,32,32,16,15,0,32,0.6484,65536,15360,0.7656,61,47.5,True
resnet50,Multiply_9299,16,174,32,32,32,32,19,15,0,32,0.6265,65536,18240,0.7217,64,48.5,True
resnet50,Multiply_9299,16,175,32,32,32,32,18,15,0,32,0.6338,65536,17280,0.7363,63,39.6,True
resnet50,Multiply_9299,16,176,32,32,32,32,17,15,0,32,0.6411,65536,16320,0.751,62,159.3,True
resnet50,Multiply_9299,16,177,32,32,32,32,16,16,0,32,0.625,65536,16384,0.75,62,46.7,True
resnet50,Multiply_9299,16,178,32,32,32,32,19,16,0,32,0.6016,65536,19456,0.7031,65,47.8,True
resnet50,Multiply_9299,16,179,32,32,32,32,18,16,0,32,0.6094,65536,18432,0.7188,64,45.5,True
resnet50,Multiply_9299,16,180,32,32,32,32,17,16,0,32,0.6172,65536,17408,0.7344,63,69.9,True
resnet50,Multiply_9299,16,181,32,32,32,32,16,14,0,32,0.6719,65536,14336,0.7812,60,110.2,True
resnet50,Multiply_9299,16,182,32,32,32,32,19,14,0,32,0.6514,65536,17024,0.7402,63,94.6,True
resnet50,Multiply_9299,16,183,32,32,32,32,18,14,0,32,0.6582,65536,16128,0.7539,62,37.9,True
resnet50,Multiply_9299,16,184,32,32,32,32,17,14,0,32,0.665,65536,15232,0.7676,61,199.4,True
resnet50,Multiply_9299,16,185,32,32,32,32,16,16,0,32,0.625,65536,16384,0.75,62,92.3,True
resnet50,Multiply_9299,16,186,32,32,32,32,19,16,0,32,0.6016,65536,19456,0.7031,65,47.8,True
resnet50,Multiply_9299,16,187,32,32,32,32,18,16,0,32,0.6094,65536,18432,0.7188,64,48.7,True
resnet50,Multiply_9299,16,188,32,32,32,32,17,16,0,32,0.6172,65536,17408,0.7344,63,37.9,True
resnet50,Multiply_9299,16,189,32,32,32,32,16,16,0,32,0.625,65536,16384,0.75,62,44.1,True
resnet50,Multiply_9299,16,190,32,32,32,32,19,16,0,32,0.6016,65536,19456,0.7031,65,154.8,True
resnet50,Multiply_9299,16,191,32,32,32,32,18,16,0,32,0.6094,65536,18432,0.7188,64,177.9,True
resnet50,Multiply_9299,16,192,32,32,32,32,17,16,0,32,0.6172,65536,17408,0.7344,63,80.5,True
resnet50,Multiply_9299,16,193,32,32,32,32,16,14,0,32,0.6719,65536,14336,0.7812,60,38.0,True
resnet50,Multiply_9299,16,194,32,32,32,32,19,14,0,32,0.6514,65536,17024,0.7402,63,94.5,True
resnet50,Multiply_9299,16,195,32,32,32,32,18,14,0,32,0.6582,65536,16128,0.7539,62,45.0,True
resnet50,Multiply_9299,16,196,32,32,32,32,17,14,0,32,0.665,65536,15232,0.7676,61,94.0,True
resnet50,Multiply_9299,16,197,32,32,32,32,16,16,0,32,0.625,65536,16384,0.75,62,172.9,True
resnet50,Multiply_9299,16,198,32,32,32,32,19,16,0,32,0.6016,65536,19456,0.7031,65,45.1,True
resnet50,Multiply_9299,16,199,32,32,32,32,18,16,0,32,0.6094,65536,18432,0.7188,64,67.3,True
resnet50,Multiply_9299,16,200,32,32,32,32,17,16,0,32,0.6172,65536,17408,0.7344,63,75.8,True
resnet50,Multiply_9299,16,201,32,32,32,32,16,14,0,32,0.6719,65536,14336,0.7812,60,48.5,True
resnet50,Multiply_9299,16,202,32,32,32,32,19,14,0,32,0.6514,65536,17024,0.7402,63,119.4,True
resnet50,Multiply_9299,16,203,32,32,32,32,18,14,0,32,0.6582,65536,16128,0.7539,62,49.8,True
resnet50,Multiply_9299,16,204,32,32,32,32,17,14,0,32,0.665,65536,15232,0.7676,61,47.6,True
resnet50,Multiply_9299,16,205,32,32,32,32,16,15,0,32,0.6484,65536,15360,0.7656,61,61.9,True
resnet50,Multiply_9299,16,206,32,32,32,32,19,15,0,32,0.6265,65536,18240,0.7217,64,59.7,True
resnet50,Multiply_9299,16,207,32,32,32,32,18,15,0,32,0.6338,65536,17280,0.7363,63,48.0,True
resnet50,Multiply_9299,16,208,32,32,32,32,17,15,0,32,0.6411,65536,16320,0.751,62,45.3,True
resnet50,Multiply_9299,16,209,32,32,32,32,16,16,0,32,0.625,65536,16384,0.75,62,61.6,True
resnet50,Multiply_9299,16,210,32,32,32,32,19,16,0,32,0.6016,65536,19456,0.7031,65,146.9,True
resnet50,Multiply_9299,16,211,32,32,32,32,18,16,0,32,0.6094,65536,18432,0.7188,64,175.0,True
resnet50,Multiply_9299,16,212,32,32,32,32,17,16,0,32,0.6172,65536,17408,0.7344,63,199.2,True
resnet50,Multiply_9299,16,213,32,32,32,32,16,14,0,32,0.6719,65536,14336,0.7812,60,39.8,True
resnet50,Multiply_9299,16,214,32,32,32,32,19,14,0,32,0.6514,65536,17024,0.7402,63,178.6,True
resnet50,Multiply_9299,16,215,32,32,32,32,18,14,0,32,0.6582,65536,16128,0.7539,62,39.7,True
resnet50,Multiply_9299,16,216,32,32,32,32,17,14,0,32,0.665,65536,15232,0.7676,61,48.2,True
resnet50,Multiply_9299,16,217,32,32,32,32,16,15,0,32,0.6484,65536,15360,0.7656,61,92.6,True
resnet50,Multiply_9299,16,218,32,32,32,32,19,15,0,32,0.6265,65536,18240,0.7217,64,39.7,True
resnet50,Multiply_9299,16,219,32,32,32,32,18,15,0,32,0.6338,65536,17280,0.7363,63,38.7,True
resnet50,Multiply_9299,16,220,32,32,32,32,17,15,0,32,0.6411,65536,16320,0.751,62,71.8,True
resnet50,Multiply_9299,16,221,32,32,32,32,16,15,0,32,0.6484,65536,15360,0.7656,61,157.1,True
resnet50,Multiply_9299,16,222,32,32,32,32,19,15,0,32,0.6265,65536,18240,0.7217,64,52.4,True
resnet50,Multiply_9299,16,223,32,32,32,32,18,15,0,32,0.6338,65536,17280,0.7363,63,132.9,True
resnet50,Multiply_9299,16,224,32,32,32,32,17,15,0,32,0.6411,65536,16320,0.751,62,144.2,True
resnet50,Multiply_9299,16,225,32,32,32,32,16,16,0,32,0.625,65536,16384,0.75,62,41.3,True
resnet50,Multiply_9299,16,226,32,32,32,32,19,16,0,32,0.6016,65536,19456,0.7031,65,44.8,True
resnet50,Multiply_9299,16,227,32,32,32,32,18,16,0,32,0.6094,65536,18432,0.7188,64,38.1,True
resnet50,Multiply_9299,16,228,32,32,32,32,17,16,0,32,0.6172,65536,17408,0.7344,63,38.1,True
resnet50,Multiply_9299,16,229,32,32,32,32,16,16,0,32,0.625,65536,16384,0.75,62,39.9,True
resnet50,Multiply_9299,16,230,32,32,32,32,19,16,0,32,0.6016,65536,19456,0.7031,65,54.1,True
resnet50,Multiply_9299,16,231,32,32,32,32,18,16,0,32,0.6094,65536,18432,0.7188,64,51.7,True
resnet50,Multiply_9299,16,232,32,32,32,32,17,16,0,32,0.6172,65536,17408,0.7344,63,47.7,True
resnet50,Multiply_9299,16,233,32,32,32,32,16,16,0,32,0.625,65536,16384,0.75,62,104.8,True
resnet50,Multiply_9299,16,234,32,32,32,32,19,16,0,32,0.6016,65536,19456,0.7031,65,159.1,True
resnet50,Multiply_9299,16,235,32,32,32,32,18,16,0,32,0.6094,65536,18432,0.7188,64,77.7,True
resnet50,Multiply_9299,16,236,32,32,32,32,17,16,0,32,0.6172,65536,17408,0.7344,63,64.4,True
resnet50,Multiply_9299,16,237,32,32,32,32,16,16,0,32,0.625,65536,16384,0.75,62,38.4,True
resnet50,Multiply_9299,16,238,32,32,32,32,19,16,0,32,0.6016,65536,19456,0.7031,65,106.8,True
resnet50,Multiply_9299,16,239,32,32,32,32,18,16,0,32,0.6094,65536,18432,0.7188,64,41.2,True
resnet50,Multiply_9299,16,240,32,32,32,32,17,16,0,32,0.6172,65536,17408,0.7344,63,122.3,True
resnet50,Multiply_9299,16,241,32,32,32,32,16,16,0,32,0.625,65536,16384,0.75,62,49.7,True
resnet50,Multiply_9299,16,242,32,32,32,32,19,16,0,32,0.6016,65536,19456,0.7031,65,40.2,True
resnet50,Multiply_9299,16,243,32,32,32,32,18,16,0,32,0.6094,65536,18432,0.7188,64,69.5,True
resnet50,Multiply_9299,16,244,32,32,32,32,17,16,0,32,0.6172,65536,17408,0.7344,63,83.9,True
resnet50,Multiply_9299,16,245,32,32,32,32,16,15,0,32,0.6484,65536,15360,0.7656,61,77.1,True
resnet50,Multiply_9299,16,246,32,32,32,32,19,15,0,32,0.6265,65536,18240,0.7217,64,46.1,True
resnet50,Multiply_9299,16,247,32,32,32,32,18,15,0,32,0.6338,65536,17280,0.7363,63,39.0,True
resnet50,Multiply_9299,16,248,32,32,32,32,17,15,0,32,0.6411,65536,16320,0.751,62,38.6,True
resnet50,Multiply_9299,16,249,32,32,32,32,16,16,0,32,0.625,65536,16384,0.75,62,37.9,True
resnet50,Multiply_9299,16,250,32,32,32,32,19,16,0,32,0.6016,65536,19456,0.7031,65,94.6,True
resnet50,Multiply_9299,16,251,32,32,32,32,18,16,0,32,0.6094,65536,18432,0.7188,64,197.2,True
resnet50,Multiply_9299,16,252,32,32,32,32,17,16,0,32,0.6172,65536,17408,0.7344,63,38.3,True
resnet50,Multiply_9299,16,253,32,32,32,32,16,15,0,32,0.6484,65536,15360,0.7656,61,53.8,True
resnet50,Multiply_9299,16,254,32,32,32,32,19,15,0,32,0.6265,65536,18240,0.7217,64,117.8,True
resnet50,Multiply_9299,16,255,32,32,32,32,18,15,0,32,0.6338,65536,17280,0.7363,63,49.6,True
resnet50,Multiply_9299,16,256,32,32,32,32,17,15,0,32,0.6411,65536,16320,0.751,62,45.1,True
resnet50,Multiply_9299,16,257,32,32,32,32,16,16,0,32,0.625,65536,16384,0.75,62,44.1,True
resnet50,Multiply_9299,16,258,32,32,32,32,19,16,0,32,0.6016,65536,19456,0.7031,65,197.2,True
resnet50,Multiply_9299,16,259,32,32,32,32,18,16,0,32,0.6094,65536,18432,0.7188,64,145.6,True
resnet50,Multiply_9299,16,260,32,32,32,32,17,16,0,32,0.6172,65536,17408,0.7344,63,51.4,True
resnet50,Multiply_9299,16,261,32,32,32,32,16,16,0,32,0.625,65536,16384,0.75,62,42.6,True
resnet50,Multiply_9299,16,262,32,32,32,32,19,16,0,32,0.6016,65536,19456,0.7031,65,61.7,True
resnet50,Multiply_9299,16,263,32,32,32,32,18,16,0,32,0.6094,65536,18432,0.7188,64,311.5,True
resnet50,Multiply_9299,16,264,32,32,32,32,17,16,0,32,0.6172,65536,17408,0.7344,63,41.8,True
resnet50,Multiply_9299,16,265,32,32,32,32,16,15,0,32,0.6484,65536,15360,0.7656,61,194.6,True
resnet50,Multiply_9299,16,266,32,32,32,32,19,15,0,32,0.6265,65536,18240,0.7217,64,71.0,True
resnet50,Multiply_9299,16,267,32,32,32,32,18,15,0,32,0.6338,65536,17280,0.7363,63,37.9,True
resnet50,Multiply_9299,16,268,32,32,32,32,17,15,0,32,0.6411,65536,16320,0.751,62,51.9,True
resnet50,Multiply_9299,16,269,32,32,32,32,16,16,0,32,0.625,65536,16384,0.75,62,157.9,True
resnet50,Multiply_9299,16,270,32,32,32,32,19,16,0,32,0.6016,65536,19456,0.7031,65,47.6,True
resnet50,Multiply_9299,16,271,32,32,32,32,18,16,0,32,0.6094,65536,18432,0.7188,64,197.1,True
resnet50,Multiply_9299,16,272,32,32,32,32,17,16,0,32,0.6172,65536,17408,0.7344,63,89.6,True
resnet50,Multiply_9299,16,273,32,32,32,32,16,16,0,32,0.625,65536,16384,0.75,62,37.8,True
resnet50,Multiply_9299,16,274,32,32,32,32,19,16,0,32,0.6016,65536,19456,0.7031,65,38.7,True
resnet50,Multiply_9299,16,275,32,32,32,32,18,16,0,32,0.6094,65536,18432,0.7188,64,38.9,True
resnet50,Multiply_9299,16,276,32,32,32,32,17,16,0,32,0.6172,65536,17408,0.7344,63,38.4,True
resnet50,Multiply_9299,16,277,32,32,32,32,16,15,0,32,0.6484,65536,15360,0.7656,61,68.5,True
resnet50,Multiply_9299,16,278,32,32,32,32,19,15,0,32,0.6265,65536,18240,0.7217,64,49.5,True
resnet50,Multiply_9299,16,279,32,32,32,32,18,15,0,32,0.6338,65536,17280,0.7363,63,133.7,True
resnet50,Multiply_9299,16,280,32,32,32,32,17,15,0,32,0.6411,65536,16320,0.751,62,47.6,True
resnet50,Multiply_9299,16,281,32,32,32,32,16,16,0,32,0.625,65536,16384,0.75,62,39.2,True
resnet50,Multiply_9299,16,282,32,32,32,32,19,16,0,32,0.6016,65536,19456,0.7031,65,127.6,True
resnet50,Multiply_9299,16,283,32,32,32,32,18,16,0,32,0.6094,65536,18432,0.7188,64,84.2,True
resnet50,Multiply_9299,16,284,32,32,32,32,17,16,0,32,0.6172,65536,17408,0.7344,63,39.2,True
resnet50,Multiply_9299,16,285,32,32,32,32,16,15,0,32,0.6484,65536,15360,0.7656,61,49.7,True
resnet50,Multiply_9299,16,286,32,32,32,32,19,15,0,32,0.6265,65536,18240,0.7217,64,200.7,True
resnet50,Multiply_9299,16,287,32,32,32,32,18,15,0,32,0.6338,65536,17280,0.7363,63,38.6,True
resnet50,Multiply_9299,16,288,32,32,32,32,17,15,0,32,0.6411,65536,16320,0.751,62,41.7,True
resnet50,Multiply_9299,16,289,32,32,32,32,16,16,0,32,0.625,65536,16384,0.75,62,103.6,True
resnet50,Multiply_9299,16,290,32,32,32,32,19,16,0,32,0.6016,65536,19456,0.7031,65,251.5,True
resnet50,Multiply_9299,16,291,32,32,32,32,18,16,0,32,0.6094,65536,18432,0.7188,64,40.1,True
resnet50,Multiply_9299,16,292,32,32,32,32,17,16,0,32,0.6172,65536,17408,0.7344,63,127.4,True
resnet50,Multiply_9299,16,293,32,32,32,32,16,16,0,32,0.625,65536,16384,0.75,62,44.0,True
resnet50,Multiply_9299,16,294,32,32,32,32,19,16,0,32,0.6016,65536,19456,0.7031,65,83.7,True
resnet50,Multiply_9299,16,295,32,32,32,32,18,16,0,32,0.6094,65536,18432,0.7188,64,48.6,True
resnet50,Multiply_9299,16,296,32,32,32,32,17,16,0,32,0.6172,65536,17408,0.7344,63,63.5,True
resnet50,Multiply_9299,16,297,32,32,32,32,16,14,0,32,0.6719,65536,14336,0.7812,60,134.1,True
resnet50,Multiply_9299,16,298,32,32,32,32,19,14,0,32,0.6514,65536,17024,0.7402,63,38.0,True
resnet50,Multiply_9299,16,299,32,32,32,32,18,14,0,32,0.6582,65536,16128,0.7539,62,197.7,True
resnet50,Multiply_9299,16,300,32,32,32,32,17,14,0,32,0.665,65536,15232,0.7676,61,45.0,True
resnet50,Multiply_9299,16,301,32,32,32,32,16,16,0,32,0.625,65536,16384,0.75,62,83.5,True
resnet50,Multiply_9299,16,302,32,32,32,32,19,16,0,32,0.6016,65536,19456,0.7031,65,149.1,True
resnet50,Multiply_9299,16,303,32,32,32,32,18,16,0,32,0.6094,65536,18432,0.7188,64,128.5,True
resnet50,Multiply_9299,16,304,32,32,32,32,17,16,0,32,0.6172,65536,17408,0.7344,63,70.0,True
resnet50,Multiply_9299,16,305,32,32,32,32,16,15,0,32,0.6484,65536,15360,0.7656,61,200.5,True
resnet50,Multiply_9299,16,306,32,32,32,32,19,15,0,32,0.6265,65536,18240,0.7217,64,178.3,True
resnet50,Multiply_9299,16,307,32,32,32,32,18,15,0,32,0.6338,65536,17280,0.7363,63,148.9,True
resnet50,Multiply_9299,16,308,32,32,32,32,17,15,0,32,0.6411,65536,16320,0.751,62,66.4,True
resnet50,Multiply_9299,16,309,32,32,32,32,16,16,0,32,0.625,65536,16384,0.75,62,42.4,True
resnet50,Multiply_9299,16,310,32,32,32,32,19,16,0,32,0.6016,65536,19456,0.7031,65,100.5,True
resnet50,Multiply_9299,16,311,32,32,32,32,18,16,0,32,0.6094,65536,18432,0.7188,64,49.3,True
resnet50,Multiply_9299,16,312,32,32,32,32,17,16,0,32,0.6172,65536,17408,0.7344,63,198.2,True
resnet50,Multiply_9299,16,313,32,32,32,32,16,14,0,32,0.6719,65536,14336,0.7812,60,44.3,True
resnet50,Multiply_9299,16,314,32,32,32,32,19,14,0,32,0.6514,65536,17024,0.7402,63,52.9,True
resnet50,Multiply_9299,16,315,32,32,32,32,18,14,0,32,0.6582,65536,16128,0.7539,62,94.3,True
resnet50,Multiply_9299,16,316,32,32,32,32,17,14,0,32,0.665,65536,15232,0.7676,61,52.8,True
resnet50,Multiply_9299,16,317,32,32,32,32,16,16,0,32,0.625,65536,16384,0.75,62,45.5,True
resnet50,Multiply_9299,16,318,32,32,32,32,19,16,0,32,0.6016,65536,19456,0.7031,65,68.7,True
resnet50,Multiply_9299,16,319,32,32,32,32,18,16,0,32,0.6094,65536,18432,0.7188,64,199.5,True
resnet50,Multiply_9299,16,320,32,32,32,32,17,16,0,32,0.6172,65536,17408,0.7344,63,39.7,True
resnet50,Multiply_9299,16,321,32,32,32,32,16,16,0,32,0.625,65536,16384,0.75,62,44.5,True
resnet50,Multiply_9299,16,322,32,32,32,32,19,16,0,32,0.6016,65536,19456,0.7031,65,47.5,True
resnet50,Multiply_9299,16,323,32,32,32,32,18,16,0,32,0.6094,65536,18432,0.7188,64,40.0,True
resnet50,Multiply_9299,16,324,32,32,32,32,17,16,0,32,0.6172,65536,17408,0.7344,63,162.9,True
resnet50,Multiply_9299,16,325,32,32,32,32,16,15,0,32,0.6484,65536,15360,0.7656,61,37.9,True
resnet50,Multiply_9299,16,326,32,32,32,32,19,15,0,32,0.6265,65536,18240,0.7217,64,106.8,True
resnet50,Multiply_9299,16,327,32,32,32,32,18,15,0,32,0.6338,65536,17280,0.7363,63,39.0,True
resnet50,Multiply_9299,16,328,32,32,32,32,17,15,0,32,0.6411,65536,16320,0.751,62,38.4,True
resnet50,Multiply_9299,16,329,32,32,32,32,16,15,0,32,0.6484,65536,15360,0.7656,61,38.7,True
resnet50,Multiply_9299,16,330,32,32,32,32,19,15,0,32,0.6265,65536,18240,0.7217,64,82.1,True
resnet50,Multiply_9299,16,331,32,32,32,32,18,15,0,32,0.6338,65536,17280,0.7363,63,42.2,True
resnet50,Multiply_9299,16,332,32,32,32,32,17,15,0,32,0.6411,65536,16320,0.751,62,72.1,True
resnet50,Multiply_9299,16,333,32,32,32,32,16,15,0,32,0.6484,65536,15360,0.7656,61,156.0,True
resnet50,Multiply_9299,16,334,32,32,32,32,19,15,0,32,0.6265,65536,18240,0.7217,64,76.2,True
resnet50,Multiply_9299,16,335,32,32,32,32,18,15,0,32,0.6338,65536,17280,0.7363,63,201.0,True
resnet50,Multiply_9299,16,336,32,32,32,32,17,15,0,32,0.6411,65536,16320,0.751,62,53.4,True
resnet50,Multiply_9299,16,337,32,32,32,32,16,16,0,32,0.625,65536,16384,0.75,62,176.3,True
resnet50,Multiply_9299,16,338,32,32,32,32,19,16,0,32,0.6016,65536,19456,0.7031,65,49.8,True
resnet50,Multiply_9299,16,339,32,32,32,32,18,16,0,32,0.6094,65536,18432,0.7188,64,45.3,True
resnet50,Multiply_9299,16,340,32,32,32,32,17,16,0,32,0.6172,65536,17408,0.7344,63,50.4,True
resnet50,Multiply_9299,16,341,32,32,32,32,16,15,0,32,0.6484,65536,15360,0.7656,61,40.1,True
resnet50,Multiply_9299,16,342,32,32,32,32,19,15,0,32,0.6265,65536,18240,0.7217,64,39.6,True
resnet50,Multiply_9299,16,343,32,32,32,32,18,15,0,32,0.6338,65536,17280,0.7363,63,45.2,True
resnet50,Multiply_9299,16,344,32,32,32,32,17,15,0,32,0.6411,65536,16320,0.751,62,81.0,True
resnet50,Multiply_9299,16,345,32,32,32,32,16,16,0,32,0.625,65536,16384,0.75,62,92.6,True
resnet50,Multiply_9299,16,346,32,32,32,32,19,16,0,32,0.6016,65536,19456,0.7031,65,74.3,True
resnet50,Multiply_9299,16,347,32,32,32,32,18,16,0,32,0.6094,65536,18432,0.7188,64,38.4,True
resnet50,Multiply_9299,16,348,32,32,32,32,17,16,0,32,0.6172,65536,17408,0.7344,63,127.2,True
resnet50,Multiply_9299,16,349,32,32,32,32,16,16,0,32,0.625,65536,16384,0.75,62,44.0,True
resnet50,Multiply_9299,16,350,32,32,32,32,19,16,0,32,0.6016,65536,19456,0.7031,65,39.7,True
resnet50,Multiply_9299,16,351,32,32,32,32,18,16,0,32,0.6094,65536,18432,0.7188,64,48.4,True
resnet50,Multiply_9299,16,352,32,32,32,32,17,16,0,32,0.6172,65536,17408,0.7344,63,44.7,True
resnet50,Multiply_9299,16,353,32,32,32,32,16,15,0,32,0.6484,65536,15360,0.7656,61,45.0,True
resnet50,Multiply_9299,16,354,32,32,32,32,19,15,0,32,0.6265,65536,18240,0.7217,64,174.2,True
resnet50,Multiply_9299,16,355,32,32,32,32,18,15,0,32,0.6338,65536,17280,0.7363,63,44.6,True
resnet50,Multiply_9299,16,356,32,32,32,32,17,15,0,32,0.6411,65536,16320,0.751,62,39.0,True
resnet50,Multiply_9299,16,357,32,32,32,32,16,16,0,32,0.625,65536,16384,0.75,62,46.9,True
resnet50,Multiply_9299,16,358,32,32,32,32,19,16,0,32,0.6016,65536,19456,0.7031,65,116.3,True
resnet50,Multiply_9299,16,359,32,32,32,32,18,16,0,32,0.6094,65536,18432,0.7188,64,175.7,True
resnet50,Multiply_9299,16,360,32,32,32,32,17,16,0,32,0.6172,65536,17408,0.7344,63,73.8,True
resnet50,Multiply_9299,16,361,32,32,32,32,16,14,0,32,0.6719,65536,14336,0.7812,60,55.4,True
resnet50,Multiply_9299,16,362,32,32,32,32,19,14,0,32,0.6514,65536,17024,0.7402,63,94.1,True
resnet50,Multiply_9299,16,363,32,32,32,32,18,14,0,32,0.6582,65536,16128,0.7539,62,120.4,True
resnet50,Multiply_9299,16,364,32,32,32,32,17,14,0,32,0.665,65536,15232,0.7676,61,180.9,True
resnet50,Multiply_9299,16,365,32,32,32,32,16,14,0,32,0.6719,65536,14336,0.7812,60,47.1,True
resnet50,Multiply_9299,16,366,32,32,32,32,19,14,0,32,0.6514,65536,17024,0.7402,63,39.1,True
resnet50,Multiply_9299,16,367,32,32,32,32,18,14,0,32,0.6582,65536,16128,0.7539,62,199.0,True
resnet50,Multiply_9299,16,368,32,32,32,32,17,14,0,32,0.665,65536,15232,0.7676,61,45.4,True
resnet50,Multiply_9299,16,369,32,32,32,32,16,16,0,32,0.625,65536,16384,0.75,62,146.2,True
resnet50,Multiply_9299,16,370,32,32,32,32,19,16,0,32,0.6016,65536,19456,0.7031,65,81.1,True
resnet50,Multiply_9299,16,371,32,32,32,32,18,16,0,32,0.6094,65536,18432,0.7188,64,72.2,True
resnet50,Multiply_9299,16,372,32,32,32,32,17,16,0,32,0.6172,65536,17408,0.7344,63,38.6,True
resnet50,Multiply_9299,16,373,32,32,32,32,16,15,0,32,0.6484,65536,15360,0.7656,61,40.0,True
resnet50,Multiply_9299,16,374,32,32,32,32,19,15,0,32,0.6265,65536,18240,0.7217,64,45.8,True
resnet50,Multiply_9299,16,375,32,32,32,32,18,15,0,32,0.6338,65536,17280,0.7363,63,38.7,True
resnet50,Multiply_9299,16,376,32,32,32,32,17,15,0,32,0.6411,65536,16320,0.751,62,128.3,True
resnet50,Multiply_9299,16,377,32,32,32,32,16,15,0,32,0.6484,65536,15360,0.7656,61,173.2,True
resnet50,Multiply_9299,16,378,32,32,32,32,19,15,0,32,0.6265,65536,18240,0.7217,64,198.2,True
resnet50,Multiply_9299,16,379,32,32,32,32,18,15,0,32,0.6338,65536,17280,0.7363,63,38.7,True
resnet50,Multiply_9299,16,380,32,32,32,32,17,15,0,32,0.6411,65536,16320,0.751,62,48.9,True
resnet50,Multiply_9299,16,381,32,32,32,32,16,16,0,32,0.625,65536,16384,0.75,62,47.0,True
resnet50,Multiply_9299,16,382,32,32,32,32,19,16,0,32,0.6016,65536,19456,0.7031,65,43.9,True
resnet50,Multiply_9299,16,383,32,32,32,32,18,16,0,32,0.6094,65536,18432,0.7188,64,49.9,True
resnet50,Multiply_9299,16,384,32,32,32,32,17,16,0,32,0.6172,65536,17408,0.7344,63,94.6,True
resnet50,Multiply_9299,16,385,32,32,32,32,16,14,0,32,0.6719,65536,14336,0.7812,60,141.5,True
resnet50,Multiply_9299,16,386,32,32,32,32,19,14,0,32,0.6514,65536,17024,0.7402,63,75.2,True
resnet50,Multiply_9299,16,387,32,32,32,32,18,14,0,32,0.6582,65536,16128,0.7539,62,42.2,True
resnet50,Multiply_9299,16,388,32,32,32,32,17,14,0,32,0.665,65536,15232,0.7676,61,45.2,True
resnet50,Multiply_9299,16,389,32,32,32,32,16,13,0,32,0.6953,65536,13312,0.7969,59,37.6,True
resnet50,Multiply_9299,16,390,32,32,32,32,19,13,0,32,0.6763,65536,15808,0.7588,62,40.3,True
resnet50,Multiply_9299,16,391,32,32,32,32,18,13,0,32,0.6826,65536,14976,0.7715,61,74.1,True
resnet50,Multiply_9299,16,392,32,32,32,32,17,13,0,32,0.689,65536,14144,0.7842,60,38.4,True
resnet50,Multiply_9341,17,1,32,32,32,32,20,10,0,32,0.7461,65536,12800,0.8047,60,46.5,True
resnet50,Multiply_9341,17,2,32,32,32,32,17,10,0,32,0.7607,65536,10880,0.834,57,48.8,True
resnet50,Multiply_9341,17,3,32,32,32,32,13,10,0,32,0.7803,65536,8320,0.873,53,39.8,True
resnet50,Multiply_9341,17,4,32,32,32,32,17,10,0,32,0.7607,65536,10880,0.834,57,52.8,True
resnet50,Multiply_9341,17,5,32,32,32,32,21,10,0,32,0.7412,65536,13440,0.7949,61,85.2,True
resnet50,Multiply_9341,17,6,32,32,32,32,24,10,0,32,0.7266,65536,15360,0.7656,64,37.8,True
resnet50,Multiply_9341,17,7,32,32,32,32,16,10,0,32,0.7656,65536,10240,0.8438,56,49.6,True
resnet50,Multiply_9341,17,8,32,32,32,32,12,10,0,32,0.7852,65536,7680,0.8828,52,40.0,True
resnet50,Multiply_9341,17,9,32,32,32,32,19,10,0,32,0.751,65536,12160,0.8145,59,45.4,True
resnet50,Multiply_9341,17,10,32,32,32,32,17,10,0,32,0.7607,65536,10880,0.834,57,48.3,True
resnet50,Multiply_9341,17,11,32,32,32,32,19,10,0,32,0.751,65536,12160,0.8145,59,156.4,True
resnet50,Multiply_9341,17,12,32,32,32,32,15,10,0,32,0.7705,65536,9600,0.8535,55,92.9,True
resnet50,Multiply_9341,17,13,32,32,32,32,18,10,0,32,0.7559,65536,11520,0.8242,58,49.0,True
resnet50,Multiply_9341,17,14,32,32,32,32,18,10,0,32,0.7559,65536,11520,0.8242,58,51.8,True
resnet50,Multiply_9341,17,15,32,32,32,32,15,10,0,32,0.7705,65536,9600,0.8535,55,124.6,True
resnet50,Multiply_9341,17,16,32,32,32,32,21,10,0,32,0.7412,65536,13440,0.7949,61,48.7,True
resnet50,Multiply_9341,17,17,32,32,32,32,20,10,0,32,0.7461,65536,12800,0.8047,60,47.9,True
resnet50,Multiply_9341,17,18,32,32,32,32,17,10,0,32,0.7607,65536,10880,0.834,57,49.2,True
resnet50,Multiply_9341,17,19,32,32,32,32,13,10,0,32,0.7803,65536,8320,0.873,53,82.4,True
resnet50,Multiply_9341,17,20,32,32,32,32,17,10,0,32,0.7607,65536,10880,0.834,57,47.1,True
resnet50,Multiply_9341,17,21,32,32,32,32,21,10,0,32,0.7412,65536,13440,0.7949,61,51.3,True
resnet50,Multiply_9341,17,22,32,32,32,32,24,10,0,32,0.7266,65536,15360,0.7656,64,49.2,True
resnet50,Multiply_9341,17,23,32,32,32,32,16,10,0,32,0.7656,65536,10240,0.8438,56,122.5,True
resnet50,Multiply_9341,17,24,32,32,32,32,12,10,0,32,0.7852,65536,7680,0.8828,52,49.2,True
resnet50,Multiply_9341,17,25,32,32,32,32,19,10,0,32,0.751,65536,12160,0.8145,59,63.4,True
resnet50,Multiply_9341,17,26,32,32,32,32,17,10,0,32,0.7607,65536,10880,0.834,57,100.4,True
resnet50,Multiply_9341,17,27,32,32,32,32,19,10,0,32,0.751,65536,12160,0.8145,59,39.2,True
resnet50,Multiply_9341,17,28,32,32,32,32,15,10,0,32,0.7705,65536,9600,0.8535,55,40.0,True
resnet50,Multiply_9341,17,29,32,32,32,32,18,10,0,32,0.7559,65536,11520,0.8242,58,47.9,True
resnet50,Multiply_9341,17,30,32,32,32,32,18,10,0,32,0.7559,65536,11520,0.8242,58,50.1,True
resnet50,Multiply_9341,17,31,32,32,32,32,15,10,0,32,0.7705,65536,9600,0.8535,55,40.0,True
resnet50,Multiply_9341,17,32,32,32,32,32,21,10,0,32,0.7412,65536,13440,0.7949,61,49.3,True
resnet50,Multiply_9341,17,33,32,32,32,32,20,11,0,32,0.7207,65536,14080,0.7852,61,49.2,True
resnet50,Multiply_9341,17,34,32,32,32,32,17,11,0,32,0.7368,65536,11968,0.8174,58,53.3,True
resnet50,Multiply_9341,17,35,32,32,32,32,13,11,0,32,0.7583,65536,9152,0.8604,54,53.4,True
resnet50,Multiply_9341,17,36,32,32,32,32,17,11,0,32,0.7368,65536,11968,0.8174,58,49.5,True
resnet50,Multiply_9341,17,37,32,32,32,32,21,11,0,32,0.7153,65536,14784,0.7744,62,48.8,True
resnet50,Multiply_9341,17,38,32,32,32,32,24,11,0,32,0.6992,65536,16896,0.7422,65,48.2,True
resnet50,Multiply_9341,17,39,32,32,32,32,16,11,0,32,0.7422,65536,11264,0.8281,57,48.8,True
resnet50,Multiply_9341,17,40,32,32,32,32,12,11,0,32,0.7637,65536,8448,0.8711,53,49.1,True
resnet50,Multiply_9341,17,41,32,32,32,32,19,11,0,32,0.7261,65536,13376,0.7959,60,48.8,True
resnet50,Multiply_9341,17,42,32,32,32,32,17,11,0,32,0.7368,65536,11968,0.8174,58,142.8,True
resnet50,Multiply_9341,17,43,32,32,32,32,19,11,0,32,0.7261,65536,13376,0.7959,60,38.9,True
resnet50,Multiply_9341,17,44,32,32,32,32,15,11,0,32,0.7476,65536,10560,0.8389,56,44.9,True
resnet50,Multiply_9341,17,45,32,32,32,32,18,11,0,32,0.7314,65536,12672,0.8066,59,49.3,True
resnet50,Multiply_9341,17,46,32,32,32,32,18,11,0,32,0.7314,65536,12672,0.8066,59,50.0,True
resnet50,Multiply_9341,17,47,32,32,32,32,15,11,0,32,0.7476,65536,10560,0.8389,56,145.8,True
resnet50,Multiply_9341,17,48,32,32,32,32,21,11,0,32,0.7153,65536,14784,0.7744,62,49.2,True
resnet50,Multiply_9341,17,49,32,32,32,32,20,10,0,32,0.7461,65536,12800,0.8047,60,48.6,True
resnet50,Multiply_9341,17,50,32,32,32,32,17,10,0,32,0.7607,65536,10880,0.834,57,50.5,True
resnet50,Multiply_9341,17,51,32,32,32,32,13,10,0,32,0.7803,65536,8320,0.873,53,49.1,True
resnet50,Multiply_9341,17,52,32,32,32,32,17,10,0,32,0.7607,65536,10880,0.834,57,45.9,True
resnet50,Multiply_9341,17,53,32,32,32,32,21,10,0,32,0.7412,65536,13440,0.7949,61,49.1,True
resnet50,Multiply_9341,17,54,32,32,32,32,24,10,0,32,0.7266,65536,15360,0.7656,64,51.2,True
resnet50,Multiply_9341,17,55,32,32,32,32,16,10,0,32,0.7656,65536,10240,0.8438,56,50.6,True
resnet50,Multiply_9341,17,56,32,32,32,32,12,10,0,32,0.7852,65536,7680,0.8828,52,49.5,True
resnet50,Multiply_9341,17,57,32,32,32,32,19,10,0,32,0.751,65536,12160,0.8145,59,77.6,True
resnet50,Multiply_9341,17,58,32,32,32,32,17,10,0,32,0.7607,65536,10880,0.834,57,50.3,True
resnet50,Multiply_9341,17,59,32,32,32,32,19,10,0,32,0.751,65536,12160,0.8145,59,49.0,True
resnet50,Multiply_9341,17,60,32,32,32,32,15,10,0,32,0.7705,65536,9600,0.8535,55,71.0,True
resnet50,Multiply_9341,17,61,32,32,32,32,18,10,0,32,0.7559,65536,11520,0.8242,58,44.8,True
resnet50,Multiply_9341,17,62,32,32,32,32,18,10,0,32,0.7559,65536,11520,0.8242,58,51.1,True
resnet50,Multiply_9341,17,63,32,32,32,32,15,10,0,32,0.7705,65536,9600,0.8535,55,47.7,True
resnet50,Multiply_9341,17,64,32,32,32,32,21,10,0,32,0.7412,65536,13440,0.7949,61,46.3,True
resnet50,Multiply_9341,17,65,32,32,32,32,20,10,0,32,0.7461,65536,12800,0.8047,60,46.3,True
resnet50,Multiply_9341,17,66,32,32,32,32,17,10,0,32,0.7607,65536,10880,0.834,57,49.7,True
resnet50,Multiply_9341,17,67,32,32,32,32,13,10,0,32,0.7803,65536,8320,0.873,53,49.7,True
resnet50,Multiply_9341,17,68,32,32,32,32,17,10,0,32,0.7607,65536,10880,0.834,57,47.5,True
resnet50,Multiply_9341,17,69,32,32,32,32,21,10,0,32,0.7412,65536,13440,0.7949,61,184.4,True
resnet50,Multiply_9341,17,70,32,32,32,32,24,10,0,32,0.7266,65536,15360,0.7656,64,66.6,True
resnet50,Multiply_9341,17,71,32,32,32,32,16,10,0,32,0.7656,65536,10240,0.8438,56,67.8,True
resnet50,Multiply_9341,17,72,32,32,32,32,12,10,0,32,0.7852,65536,7680,0.8828,52,47.6,True
resnet50,Multiply_9341,17,73,32,32,32,32,19,10,0,32,0.751,65536,12160,0.8145,59,49.7,True
resnet50,Multiply_9341,17,74,32,32,32,32,17,10,0,32,0.7607,65536,10880,0.834,57,48.8,True
resnet50,Multiply_9341,17,75,32,32,32,32,19,10,0,32,0.751,65536,12160,0.8145,59,45.4,True
resnet50,Multiply_9341,17,76,32,32,32,32,15,10,0,32,0.7705,65536,9600,0.8535,55,50.8,True
resnet50,Multiply_9341,17,77,32,32,32,32,18,10,0,32,0.7559,65536,11520,0.8242,58,48.9,True
resnet50,Multiply_9341,17,78,32,32,32,32,18,10,0,32,0.7559,65536,11520,0.8242,58,48.4,True
resnet50,Multiply_9341,17,79,32,32,32,32,15,10,0,32,0.7705,65536,9600,0.8535,55,51.1,True
resnet50,Multiply_9341,17,80,32,32,32,32,21,10,0,32,0.7412,65536,13440,0.7949,61,48.9,True
resnet50,Multiply_9341,17,81,32,32,32,32,20,11,0,32,0.7207,65536,14080,0.7852,61,44.5,True
resnet50,Multiply_9341,17,82,32,32,32,32,17,11,0,32,0.7368,65536,11968,0.8174,58,44.9,True
resnet50,Multiply_9341,17,83,32,32,32,32,13,11,0,32,0.7583,65536,9152,0.8604,54,47.8,True
resnet50,Multiply_9341,17,84,32,32,32,32,17,11,0,32,0.7368,65536,11968,0.8174,58,39.7,True
resnet50,Multiply_9341,17,85,32,32,32,32,21,11,0,32,0.7153,65536,14784,0.7744,62,39.0,True
resnet50,Multiply_9341,17,86,32,32,32,32,24,11,0,32,0.6992,65536,16896,0.7422,65,49.2,True
resnet50,Multiply_9341,17,87,32,32,32,32,16,11,0,32,0.7422,65536,11264,0.8281,57,48.5,True
resnet50,Multiply_9341,17,88,32,32,32,32,12,11,0,32,0.7637,65536,8448,0.8711,53,48.1,True
resnet50,Multiply_9341,17,89,32,32,32,32,19,11,0,32,0.7261,65536,13376,0.7959,60,48.6,True
resnet50,Multiply_9341,17,90,32,32,32,32,17,11,0,32,0.7368,65536,11968,0.8174,58,48.1,True
resnet50,Multiply_9341,17,91,32,32,32,32,19,11,0,32,0.7261,65536,13376,0.7959,60,49.1,True
resnet50,Multiply_9341,17,92,32,32,32,32,15,11,0,32,0.7476,65536,10560,0.8389,56,48.7,True
resnet50,Multiply_9341,17,93,32,32,32,32,18,11,0,32,0.7314,65536,12672,0.8066,59,67.2,True
resnet50,Multiply_9341,17,94,32,32,32,32,18,11,0,32,0.7314,65536,12672,0.8066,59,49.6,True
resnet50,Multiply_9341,17,95,32,32,32,32,15,11,0,32,0.7476,65536,10560,0.8389,56,49.0,True
resnet50,Multiply_9341,17,96,32,32,32,32,21,11,0,32,0.7153,65536,14784,0.7744,62,50.9,True
resnet50,Multiply_9341,17,97,32,32,32,32,20,10,0,32,0.7461,65536,12800,0.8047,60,44.4,True
resnet50,Multiply_9341,17,98,32,32,32,32,17,10,0,32,0.7607,65536,10880,0.834,57,48.6,True
resnet50,Multiply_9341,17,99,32,32,32,32,13,10,0,32,0.7803,65536,8320,0.873,53,48.4,True
resnet50,Multiply_9341,17,100,32,32,32,32,17,10,0,32,0.7607,65536,10880,0.834,57,166.7,True
resnet50,Multiply_9341,17,101,32,32,32,32,21,10,0,32,0.7412,65536,13440,0.7949,61,50.2,True
resnet50,Multiply_9341,17,102,32,32,32,32,24,10,0,32,0.7266,65536,15360,0.7656,64,49.3,True
resnet50,Multiply_9341,17,103,32,32,32,32,16,10,0,32,0.7656,65536,10240,0.8438,56,49.6,True
resnet50,Multiply_9341,17,104,32,32,32,32,12,10,0,32,0.7852,65536,7680,0.8828,52,49.8,True
resnet50,Multiply_9341,17,105,32,32,32,32,19,10,0,32,0.751,65536,12160,0.8145,59,49.1,True
resnet50,Multiply_9341,17,106,32,32,32,32,17,10,0,32,0.7607,65536,10880,0.834,57,110.5,True
resnet50,Multiply_9341,17,107,32,32,32,32,19,10,0,32,0.751,65536,12160,0.8145,59,48.6,True
resnet50,Multiply_9341,17,108,32,32,32,32,15,10,0,32,0.7705,65536,9600,0.8535,55,55.2,True
resnet50,Multiply_9341,17,109,32,32,32,32,18,10,0,32,0.7559,65536,11520,0.8242,58,47.8,True
resnet50,Multiply_9341,17,110,32,32,32,32,18,10,0,32,0.7559,65536,11520,0.8242,58,45.3,True
resnet50,Multiply_9341,17,111,32,32,32,32,15,10,0,32,0.7705,65536,9600,0.8535,55,49.5,True
resnet50,Multiply_9341,17,112,32,32,32,32,21,10,0,32,0.7412,65536,13440,0.7949,61,49.4,True
resnet50,Multiply_9341,17,113,32,32,32,32,20,11,0,32,0.7207,65536,14080,0.7852,61,46.4,True
resnet50,Multiply_9341,17,114,32,32,32,32,17,11,0,32,0.7368,65536,11968,0.8174,58,50.8,True
resnet50,Multiply_9341,17,115,32,32,32,32,13,11,0,32,0.7583,65536,9152,0.8604,54,49.2,True
resnet50,Multiply_9341,17,116,32,32,32,32,17,11,0,32,0.7368,65536,11968,0.8174,58,42.6,True
resnet50,Multiply_9341,17,117,32,32,32,32,21,11,0,32,0.7153,65536,14784,0.7744,62,44.8,True
resnet50,Multiply_9341,17,118,32,32,32,32,24,11,0,32,0.6992,65536,16896,0.7422,65,55.3,True
resnet50,Multiply_9341,17,119,32,32,32,32,16,11,0,32,0.7422,65536,11264,0.8281,57,48.2,True
resnet50,Multiply_9341,17,120,32,32,32,32,12,11,0,32,0.7637,65536,8448,0.8711,53,44.7,True
resnet50,Multiply_9341,17,121,32,32,32,32,19,11,0,32,0.7261,65536,13376,0.7959,60,49.4,True
resnet50,Multiply_9341,17,122,32,32,32,32,17,11,0,32,0.7368,65536,11968,0.8174,58,49.4,True
resnet50,Multiply_9341,17,123,32,32,32,32,19,11,0,32,0.7261,65536,13376,0.7959,60,80.0,True
resnet50,Multiply_9341,17,124,32,32,32,32,15,11,0,32,0.7476,65536,10560,0.8389,56,47.3,True
resnet50,Multiply_9341,17,125,32,32,32,32,18,11,0,32,0.7314,65536,12672,0.8066,59,173.3,True
resnet50,Multiply_9341,17,126,32,32,32,32,18,11,0,32,0.7314,65536,12672,0.8066,59,75.7,True
resnet50,Multiply_9341,17,127,32,32,32,32,15,11,0,32,0.7476,65536,10560,0.8389,56,49.5,True
resnet50,Multiply_9341,17,128,32,32,32,32,21,11,0,32,0.7153,65536,14784,0.7744,62,81.3,True
resnet50,Multiply_9341,17,129,32,32,32,32,20,10,0,32,0.7461,65536,12800,0.8047,60,38.8,True
resnet50,Multiply_9341,17,130,32,32,32,32,17,10,0,32,0.7607,65536,10880,0.834,57,174.0,True
resnet50,Multiply_9341,17,131,32,32,32,32,13,10,0,32,0.7803,65536,8320,0.873,53,45.7,True
resnet50,Multiply_9341,17,132,32,32,32,32,17,10,0,32,0.7607,65536,10880,0.834,57,86.1,True
resnet50,Multiply_9341,17,133,32,32,32,32,21,10,0,32,0.7412,65536,13440,0.7949,61,37.7,True
resnet50,Multiply_9341,17,134,32,32,32,32,24,10,0,32,0.7266,65536,15360,0.7656,64,44.6,True
resnet50,Multiply_9341,17,135,32,32,32,32,16,10,0,32,0.7656,65536,10240,0.8438,56,39.6,True
resnet50,Multiply_9341,17,136,32,32,32,32,12,10,0,32,0.7852,65536,7680,0.8828,52,92.3,True
resnet50,Multiply_9341,17,137,32,32,32,32,19,10,0,32,0.751,65536,12160,0.8145,59,178.6,True
resnet50,Multiply_9341,17,138,32,32,32,32,17,10,0,32,0.7607,65536,10880,0.834,57,49.4,True
resnet50,Multiply_9341,17,139,32,32,32,32,19,10,0,32,0.751,65536,12160,0.8145,59,210.0,True
resnet50,Multiply_9341,17,140,32,32,32,32,15,10,0,32,0.7705,65536,9600,0.8535,55,177.1,True
resnet50,Multiply_9341,17,141,32,32,32,32,18,10,0,32,0.7559,65536,11520,0.8242,58,226.6,True
resnet50,Multiply_9341,17,142,32,32,32,32,18,10,0,32,0.7559,65536,11520,0.8242,58,48.3,True
resnet50,Multiply_9341,17,143,32,32,32,32,15,10,0,32,0.7705,65536,9600,0.8535,55,38.6,True
resnet50,Multiply_9341,17,144,32,32,32,32,21,10,0,32,0.7412,65536,13440,0.7949,61,48.0,True
resnet50,Multiply_9341,17,145,32,32,32,32,20,10,0,32,0.7461,65536,12800,0.8047,60,41.6,True
resnet50,Multiply_9341,17,146,32,32,32,32,17,10,0,32,0.7607,65536,10880,0.834,57,55.6,True
resnet50,Multiply_9341,17,147,32,32,32,32,13,10,0,32,0.7803,65536,8320,0.873,53,38.8,True
resnet50,Multiply_9341,17,148,32,32,32,32,17,10,0,32,0.7607,65536,10880,0.834,57,41.0,True
resnet50,Multiply_9341,17,149,32,32,32,32,21,10,0,32,0.7412,65536,13440,0.7949,61,47.7,True
resnet50,Multiply_9341,17,150,32,32,32,32,24,10,0,32,0.7266,65536,15360,0.7656,64,38.0,True
resnet50,Multiply_9341,17,151,32,32,32,32,16,10,0,32,0.7656,65536,10240,0.8438,56,69.1,True
resnet50,Multiply_9341,17,152,32,32,32,32,12,10,0,32,0.7852,65536,7680,0.8828,52,87.9,True
resnet50,Multiply_9341,17,153,32,32,32,32,19,10,0,32,0.751,65536,12160,0.8145,59,72.0,True
resnet50,Multiply_9341,17,154,32,32,32,32,17,10,0,32,0.7607,65536,10880,0.834,57,80.3,True
resnet50,Multiply_9341,17,155,32,32,32,32,19,10,0,32,0.751,65536,12160,0.8145,59,48.9,True
resnet50,Multiply_9341,17,156,32,32,32,32,15,10,0,32,0.7705,65536,9600,0.8535,55,175.6,True
resnet50,Multiply_9341,17,157,32,32,32,32,18,10,0,32,0.7559,65536,11520,0.8242,58,48.3,True
resnet50,Multiply_9341,17,158,32,32,32,32,18,10,0,32,0.7559,65536,11520,0.8242,58,50.1,True
resnet50,Multiply_9341,17,159,32,32,32,32,15,10,0,32,0.7705,65536,9600,0.8535,55,253.9,True
resnet50,Multiply_9341,17,160,32,32,32,32,21,10,0,32,0.7412,65536,13440,0.7949,61,48.6,True
resnet50,Multiply_9341,17,161,32,32,32,32,20,11,0,32,0.7207,65536,14080,0.7852,61,47.9,True
resnet50,Multiply_9341,17,162,32,32,32,32,17,11,0,32,0.7368,65536,11968,0.8174,58,80.9,True
resnet50,Multiply_9341,17,163,32,32,32,32,13,11,0,32,0.7583,65536,9152,0.8604,54,54.8,True
resnet50,Multiply_9341,17,164,32,32,32,32,17,11,0,32,0.7368,65536,11968,0.8174,58,38.3,True
resnet50,Multiply_9341,17,165,32,32,32,32,21,11,0,32,0.7153,65536,14784,0.7744,62,326.9,True
resnet50,Multiply_9341,17,166,32,32,32,32,24,11,0,32,0.6992,65536,16896,0.7422,65,48.0,True
resnet50,Multiply_9341,17,167,32,32,32,32,16,11,0,32,0.7422,65536,11264,0.8281,57,47.9,True
resnet50,Multiply_9341,17,168,32,32,32,32,12,11,0,32,0.7637,65536,8448,0.8711,53,49.2,True
resnet50,Multiply_9341,17,169,32,32,32,32,19,11,0,32,0.7261,65536,13376,0.7959,60,38.7,True
resnet50,Multiply_9341,17,170,32,32,32,32,17,11,0,32,0.7368,65536,11968,0.8174,58,39.4,True
resnet50,Multiply_9341,17,171,32,32,32,32,19,11,0,32,0.7261,65536,13376,0.7959,60,200.6,True
resnet50,Multiply_9341,17,172,32,32,32,32,15,11,0,32,0.7476,65536,10560,0.8389,56,90.1,True
resnet50,Multiply_9341,17,173,32,32,32,32,18,11,0,32,0.7314,65536,12672,0.8066,59,37.5,True
resnet50,Multiply_9341,17,174,32,32,32,32,18,11,0,32,0.7314,65536,12672,0.8066,59,43.6,True
resnet50,Multiply_9341,17,175,32,32,32,32,15,11,0,32,0.7476,65536,10560,0.8389,56,39.8,True
resnet50,Multiply_9341,17,176,32,32,32,32,21,11,0,32,0.7153,65536,14784,0.7744,62,48.9,True
resnet50,Multiply_9341,17,177,32,32,32,32,20,10,0,32,0.7461,65536,12800,0.8047,60,197.8,True
resnet50,Multiply_9341,17,178,32,32,32,32,17,10,0,32,0.7607,65536,10880,0.834,57,52.8,True
resnet50,Multiply_9341,17,179,32,32,32,32,13,10,0,32,0.7803,65536,8320,0.873,53,81.6,True
resnet50,Multiply_9341,17,180,32,32,32,32,17,10,0,32,0.7607,65536,10880,0.834,57,159.2,True
resnet50,Multiply_9341,17,181,32,32,32,32,21,10,0,32,0.7412,65536,13440,0.7949,61,49.8,True
resnet50,Multiply_9341,17,182,32,32,32,32,24,10,0,32,0.7266,65536,15360,0.7656,64,107.5,True
resnet50,Multiply_9341,17,183,32,32,32,32,16,10,0,32,0.7656,65536,10240,0.8438,56,53.6,True
resnet50,Multiply_9341,17,184,32,32,32,32,12,10,0,32,0.7852,65536,7680,0.8828,52,160.5,True
resnet50,Multiply_9341,17,185,32,32,32,32,19,10,0,32,0.751,65536,12160,0.8145,59,69.3,True
resnet50,Multiply_9341,17,186,32,32,32,32,17,10,0,32,0.7607,65536,10880,0.834,57,37.8,True
resnet50,Multiply_9341,17,187,32,32,32,32,19,10,0,32,0.751,65536,12160,0.8145,59,75.3,True
resnet50,Multiply_9341,17,188,32,32,32,32,15,10,0,32,0.7705,65536,9600,0.8535,55,189.3,True
resnet50,Multiply_9341,17,189,32,32,32,32,18,10,0,32,0.7559,65536,11520,0.8242,58,37.6,True
resnet50,Multiply_9341,17,190,32,32,32,32,18,10,0,32,0.7559,65536,11520,0.8242,58,38.6,True
resnet50,Multiply_9341,17,191,32,32,32,32,15,10,0,32,0.7705,65536,9600,0.8535,55,100.0,True
resnet50,Multiply_9341,17,192,32,32,32,32,21,10,0,32,0.7412,65536,13440,0.7949,61,50.2,True
resnet50,Multiply_9341,17,193,32,32,32,32,20,10,0,32,0.7461,65536,12800,0.8047,60,44.3,True
resnet50,Multiply_9341,17,194,32,32,32,32,17,10,0,32,0.7607,65536,10880,0.834,57,158.7,True
resnet50,Multiply_9341,17,195,32,32,32,32,13,10,0,32,0.7803,65536,8320,0.873,53,59.2,True
resnet50,Multiply_9341,17,196,32,32,32,32,17,10,0,32,0.7607,65536,10880,0.834,57,159.5,True
resnet50,Multiply_9341,17,197,32,32,32,32,21,10,0,32,0.7412,65536,13440,0.7949,61,144.6,True
resnet50,Multiply_9341,17,198,32,32,32,32,24,10,0,32,0.7266,65536,15360,0.7656,64,97.9,True
resnet50,Multiply_9341,17,199,32,32,32,32,16,10,0,32,0.7656,65536,10240,0.8438,56,120.0,True
resnet50,Multiply_9341,17,200,32,32,32,32,12,10,0,32,0.7852,65536,7680,0.8828,52,39.4,True
resnet50,Multiply_9341,17,201,32,32,32,32,19,10,0,32,0.751,65536,12160,0.8145,59,39.3,True
resnet50,Multiply_9341,17,202,32,32,32,32,17,10,0,32,0.7607,65536,10880,0.834,57,50.6,True
resnet50,Multiply_9341,17,203,32,32,32,32,19,10,0,32,0.751,65536,12160,0.8145,59,191.8,True
resnet50,Multiply_9341,17,204,32,32,32,32,15,10,0,32,0.7705,65536,9600,0.8535,55,81.4,True
resnet50,Multiply_9341,17,205,32,32,32,32,18,10,0,32,0.7559,65536,11520,0.8242,58,48.3,True
resnet50,Multiply_9341,17,206,32,32,32,32,18,10,0,32,0.7559,65536,11520,0.8242,58,39.3,True
resnet50,Multiply_9341,17,207,32,32,32,32,15,10,0,32,0.7705,65536,9600,0.8535,55,93.8,True
resnet50,Multiply_9341,17,208,32,32,32,32,21,10,0,32,0.7412,65536,13440,0.7949,61,64.5,True
resnet50,Multiply_9341,17,209,32,32,32,32,20,10,0,32,0.7461,65536,12800,0.8047,60,146.1,True
resnet50,Multiply_9341,17,210,32,32,32,32,17,10,0,32,0.7607,65536,10880,0.834,57,39.3,True
resnet50,Multiply_9341,17,211,32,32,32,32,13,10,0,32,0.7803,65536,8320,0.873,53,40.7,True
resnet50,Multiply_9341,17,212,32,32,32,32,17,10,0,32,0.7607,65536,10880,0.834,57,68.7,True
resnet50,Multiply_9341,17,213,32,32,32,32,21,10,0,32,0.7412,65536,13440,0.7949,61,176.8,True
resnet50,Multiply_9341,17,214,32,32,32,32,24,10,0,32,0.7266,65536,15360,0.7656,64,167.0,True
resnet50,Multiply_9341,17,215,32,32,32,32,16,10,0,32,0.7656,65536,10240,0.8438,56,124.0,True
resnet50,Multiply_9341,17,216,32,32,32,32,12,10,0,32,0.7852,65536,7680,0.8828,52,133.0,True
resnet50,Multiply_9341,17,217,32,32,32,32,19,10,0,32,0.751,65536,12160,0.8145,59,115.2,True
resnet50,Multiply_9341,17,218,32,32,32,32,17,10,0,32,0.7607,65536,10880,0.834,57,53.9,True
resnet50,Multiply_9341,17,219,32,32,32,32,19,10,0,32,0.751,65536,12160,0.8145,59,58.4,True
resnet50,Multiply_9341,17,220,32,32,32,32,15,10,0,32,0.7705,65536,9600,0.8535,55,56.0,True
resnet50,Multiply_9341,17,221,32,32,32,32,18,10,0,32,0.7559,65536,11520,0.8242,58,92.7,True
resnet50,Multiply_9341,17,222,32,32,32,32,18,10,0,32,0.7559,65536,11520,0.8242,58,38.4,True
resnet50,Multiply_9341,17,223,32,32,32,32,15,10,0,32,0.7705,65536,9600,0.8535,55,128.1,True
resnet50,Multiply_9341,17,224,32,32,32,32,21,10,0,32,0.7412,65536,13440,0.7949,61,93.9,True
resnet50,Multiply_9341,17,225,32,32,32,32,20,10,0,32,0.7461,65536,12800,0.8047,60,47.4,True
resnet50,Multiply_9341,17,226,32,32,32,32,17,10,0,32,0.7607,65536,10880,0.834,57,161.9,True
resnet50,Multiply_9341,17,227,32,32,32,32,13,10,0,32,0.7803,65536,8320,0.873,53,38.9,True
resnet50,Multiply_9341,17,228,32,32,32,32,17,10,0,32,0.7607,65536,10880,0.834,57,225.3,True
resnet50,Multiply_9341,17,229,32,32,32,32,21,10,0,32,0.7412,65536,13440,0.7949,61,81.6,True
resnet50,Multiply_9341,17,230,32,32,32,32,24,10,0,32,0.7266,65536,15360,0.7656,64,178.7,True
resnet50,Multiply_9341,17,231,32,32,32,32,16,10,0,32,0.7656,65536,10240,0.8438,56,48.3,True
resnet50,Multiply_9341,17,232,32,32,32,32,12,10,0,32,0.7852,65536,7680,0.8828,52,50.4,True
resnet50,Multiply_9341,17,233,32,32,32,32,19,10,0,32,0.751,65536,12160,0.8145,59,199.3,True
resnet50,Multiply_9341,17,234,32,32,32,32,17,10,0,32,0.7607,65536,10880,0.834,57,38.5,True
resnet50,Multiply_9341,17,235,32,32,32,32,19,10,0,32,0.751,65536,12160,0.8145,59,45.5,True
resnet50,Multiply_9341,17,236,32,32,32,32,15,10,0,32,0.7705,65536,9600,0.8535,55,40.4,True
resnet50,Multiply_9341,17,237,32,32,32,32,18,10,0,32,0.7559,65536,11520,0.8242,58,198.1,True
resnet50,Multiply_9341,17,238,32,32,32,32,18,10,0,32,0.7559,65536,11520,0.8242,58,48.9,True
resnet50,Multiply_9341,17,239,32,32,32,32,15,10,0,32,0.7705,65536,9600,0.8535,55,45.6,True
resnet50,Multiply_9341,17,240,32,32,32,32,21,10,0,32,0.7412,65536,13440,0.7949,61,38.5,True
resnet50,Multiply_9341,17,241,32,32,32,32,20,11,0,32,0.7207,65536,14080,0.7852,61,47.9,True
resnet50,Multiply_9341,17,242,32,32,32,32,17,11,0,32,0.7368,65536,11968,0.8174,58,152.1,True
resnet50,Multiply_9341,17,243,32,32,32,32,13,11,0,32,0.7583,65536,9152,0.8604,54,38.7,True
resnet50,Multiply_9341,17,244,32,32,32,32,17,11,0,32,0.7368,65536,11968,0.8174,58,122.1,True
resnet50,Multiply_9341,17,245,32,32,32,32,21,11,0,32,0.7153,65536,14784,0.7744,62,65.2,True
resnet50,Multiply_9341,17,246,32,32,32,32,24,11,0,32,0.6992,65536,16896,0.7422,65,39.3,True
resnet50,Multiply_9341,17,247,32,32,32,32,16,11,0,32,0.7422,65536,11264,0.8281,57,48.4,True
resnet50,Multiply_9341,17,248,32,32,32,32,12,11,0,32,0.7637,65536,8448,0.8711,53,223.1,True
resnet50,Multiply_9341,17,249,32,32,32,32,19,11,0,32,0.7261,65536,13376,0.7959,60,169.1,True
resnet50,Multiply_9341,17,250,32,32,32,32,17,11,0,32,0.7368,65536,11968,0.8174,58,196.9,True
resnet50,Multiply_9341,17,251,32,32,32,32,19,11,0,32,0.7261,65536,13376,0.7959,60,48.8,True
resnet50,Multiply_9341,17,252,32,32,32,32,15,11,0,32,0.7476,65536,10560,0.8389,56,45.4,True
resnet50,Multiply_9341,17,253,32,32,32,32,18,11,0,32,0.7314,65536,12672,0.8066,59,57.7,True
resnet50,Multiply_9341,17,254,32,32,32,32,18,11,0,32,0.7314,65536,12672,0.8066,59,198.1,True
resnet50,Multiply_9341,17,255,32,32,32,32,15,11,0,32,0.7476,65536,10560,0.8389,56,183.3,True
resnet50,Multiply_9341,17,256,32,32,32,32,21,11,0,32,0.7153,65536,14784,0.7744,62,158.0,True
resnet50,Multiply_9341,17,257,32,32,32,32,20,11,0,32,0.7207,65536,14080,0.7852,61,89.3,True
resnet50,Multiply_9341,17,258,32,32,32,32,17,11,0,32,0.7368,65536,11968,0.8174,58,44.4,True
resnet50,Multiply_9341,17,259,32,32,32,32,13,11,0,32,0.7583,65536,9152,0.8604,54,47.4,True
resnet50,Multiply_9341,17,260,32,32,32,32,17,11,0,32,0.7368,65536,11968,0.8174,58,38.2,True
resnet50,Multiply_9341,17,261,32,32,32,32,21,11,0,32,0.7153,65536,14784,0.7744,62,111.4,True
resnet50,Multiply_9341,17,262,32,32,32,32,24,11,0,32,0.6992,65536,16896,0.7422,65,49.2,True
resnet50,Multiply_9341,17,263,32,32,32,32,16,11,0,32,0.7422,65536,11264,0.8281,57,149.0,True
resnet50,Multiply_9341,17,264,32,32,32,32,12,11,0,32,0.7637,65536,8448,0.8711,53,38.2,True
resnet50,Multiply_9341,17,265,32,32,32,32,19,11,0,32,0.7261,65536,13376,0.7959,60,40.3,True
resnet50,Multiply_9341,17,266,32,32,32,32,17,11,0,32,0.7368,65536,11968,0.8174,58,40.1,True
resnet50,Multiply_9341,17,267,32,32,32,32,19,11,0,32,0.7261,65536,13376,0.7959,60,126.6,True
resnet50,Multiply_9341,17,268,32,32,32,32,15,11,0,32,0.7476,65536,10560,0.8389,56,214.1,True
resnet50,Multiply_9341,17,269,32,32,32,32,18,11,0,32,0.7314,65536,12672,0.8066,59,44.7,True
resnet50,Multiply_9341,17,270,32,32,32,32,18,11,0,32,0.7314,65536,12672,0.8066,59,271.9,True
resnet50,Multiply_9341,17,271,32,32,32,32,15,11,0,32,0.7476,65536,10560,0.8389,56,48.8,True
resnet50,Multiply_9341,17,272,32,32,32,32,21,11,0,32,0.7153,65536,14784,0.7744,62,94.0,True
resnet50,Multiply_9341,17,273,32,32,32,32,20,13,0,32,0.6699,65536,16640,0.7461,63,43.0,True
resnet50,Multiply_9341,17,274,32,32,32,32,17,13,0,32,0.689,65536,14144,0.7842,60,45.9,True
resnet50,Multiply_9341,17,275,32,32,32,32,13,13,0,32,0.7144,65536,10816,0.835,56,80.4,True
resnet50,Multiply_9341,17,276,32,32,32,32,17,13,0,32,0.689,65536,14144,0.7842,60,49.3,True
resnet50,Multiply_9341,17,277,32,32,32,32,21,13,0,32,0.6636,65536,17472,0.7334,64,39.6,True
resnet50,Multiply_9341,17,278,32,32,32,32,24,13,0,32,0.6445,65536,19968,0.6953,67,198.9,True
resnet50,Multiply_9341,17,279,32,32,32,32,16,13,0,32,0.6953,65536,13312,0.7969,59,57.0,True
resnet50,Multiply_9341,17,280,32,32,32,32,12,13,0,32,0.7207,65536,9984,0.8477,55,119.1,True
resnet50,Multiply_9341,17,281,32,32,32,32,19,13,0,32,0.6763,65536,15808,0.7588,62,43.0,True
resnet50,Multiply_9341,17,282,32,32,32,32,17,13,0,32,0.689,65536,14144,0.7842,60,65.9,True
resnet50,Multiply_9341,17,283,32,32,32,32,19,13,0,32,0.6763,65536,15808,0.7588,62,159.9,True
resnet50,Multiply_9341,17,284,32,32,32,32,15,13,0,32,0.7017,65536,12480,0.8096,58,92.9,True
resnet50,Multiply_9341,17,285,32,32,32,32,18,13,0,32,0.6826,65536,14976,0.7715,61,227.0,True
resnet50,Multiply_9341,17,286,32,32,32,32,18,13,0,32,0.6826,65536,14976,0.7715,61,149.3,True
resnet50,Multiply_9341,17,287,32,32,32,32,15,13,0,32,0.7017,65536,12480,0.8096,58,39.3,True
resnet50,Multiply_9341,17,288,32,32,32,32,21,13,0,32,0.6636,65536,17472,0.7334,64,48.8,True
resnet50,Multiply_9341,17,289,32,32,32,32,20,11,0,32,0.7207,65536,14080,0.7852,61,197.3,True
resnet50,Multiply_9341,17,290,32,32,32,32,17,11,0,32,0.7368,65536,11968,0.8174,58,41.6,True
resnet50,Multiply_9341,17,291,32,32,32,32,13,11,0,32,0.7583,65536,9152,0.8604,54,38.6,True
resnet50,Multiply_9341,17,292,32,32,32,32,17,11,0,32,0.7368,65536,11968,0.8174,58,39.8,True
resnet50,Multiply_9341,17,293,32,32,32,32,21,11,0,32,0.7153,65536,14784,0.7744,62,39.3,True
resnet50,Multiply_9341,17,294,32,32,32,32,24,11,0,32,0.6992,65536,16896,0.7422,65,45.0,True
resnet50,Multiply_9341,17,295,32,32,32,32,16,11,0,32,0.7422,65536,11264,0.8281,57,133.2,True
resnet50,Multiply_9341,17,296,32,32,32,32,12,11,0,32,0.7637,65536,8448,0.8711,53,221.3,True
resnet50,Multiply_9341,17,297,32,32,32,32,19,11,0,32,0.7261,65536,13376,0.7959,60,58.2,True
resnet50,Multiply_9341,17,298,32,32,32,32,17,11,0,32,0.7368,65536,11968,0.8174,58,118.2,True
resnet50,Multiply_9341,17,299,32,32,32,32,19,11,0,32,0.7261,65536,13376,0.7959,60,177.1,True
resnet50,Multiply_9341,17,300,32,32,32,32,15,11,0,32,0.7476,65536,10560,0.8389,56,99.4,True
resnet50,Multiply_9341,17,301,32,32,32,32,18,11,0,32,0.7314,65536,12672,0.8066,59,51.7,True
resnet50,Multiply_9341,17,302,32,32,32,32,18,11,0,32,0.7314,65536,12672,0.8066,59,195.4,True
resnet50,Multiply_9341,17,303,32,32,32,32,15,11,0,32,0.7476,65536,10560,0.8389,56,174.9,True
resnet50,Multiply_9341,17,304,32,32,32,32,21,11,0,32,0.7153,65536,14784,0.7744,62,197.2,True
resnet50,Multiply_9341,17,305,32,32,32,32,20,10,0,32,0.7461,65536,12800,0.8047,60,105.0,True
resnet50,Multiply_9341,17,306,32,32,32,32,17,10,0,32,0.7607,65536,10880,0.834,57,59.1,True
resnet50,Multiply_9341,17,307,32,32,32,32,13,10,0,32,0.7803,65536,8320,0.873,53,127.1,True
resnet50,Multiply_9341,17,308,32,32,32,32,17,10,0,32,0.7607,65536,10880,0.834,57,39.4,True
resnet50,Multiply_9341,17,309,32,32,32,32,21,10,0,32,0.7412,65536,13440,0.7949,61,95.7,True
resnet50,Multiply_9341,17,310,32,32,32,32,24,10,0,32,0.7266,65536,15360,0.7656,64,48.7,True
resnet50,Multiply_9341,17,311,32,32,32,32,16,10,0,32,0.7656,65536,10240,0.8438,56,252.4,True
resnet50,Multiply_9341,17,312,32,32,32,32,12,10,0,32,0.7852,65536,7680,0.8828,52,47.9,True
resnet50,Multiply_9341,17,313,32,32,32,32,19,10,0,32,0.751,65536,12160,0.8145,59,129.8,True
resnet50,Multiply_9341,17,314,32,32,32,32,17,10,0,32,0.7607,65536,10880,0.834,57,49.4,True
resnet50,Multiply_9341,17,315,32,32,32,32,19,10,0,32,0.751,65536,12160,0.8145,59,183.1,True
resnet50,Multiply_9341,17,316,32,32,32,32,15,10,0,32,0.7705,65536,9600,0.8535,55,99.9,True
resnet50,Multiply_9341,17,317,32,32,32,32,18,10,0,32,0.7559,65536,11520,0.8242,58,39.1,True
resnet50,Multiply_9341,17,318,32,32,32,32,18,10,0,32,0.7559,65536,11520,0.8242,58,175.8,True
resnet50,Multiply_9341,17,319,32,32,32,32,15,10,0,32,0.7705,65536,9600,0.8535,55,73.2,True
resnet50,Multiply_9341,17,320,32,32,32,32,21,10,0,32,0.7412,65536,13440,0.7949,61,53.1,True
resnet50,Multiply_9341,17,321,32,32,32,32,20,10,0,32,0.7461,65536,12800,0.8047,60,136.2,True
resnet50,Multiply_9341,17,322,32,32,32,32,17,10,0,32,0.7607,65536,10880,0.834,57,48.8,True
resnet50,Multiply_9341,17,323,32,32,32,32,13,10,0,32,0.7803,65536,8320,0.873,53,46.3,True
resnet50,Multiply_9341,17,324,32,32,32,32,17,10,0,32,0.7607,65536,10880,0.834,57,40.0,True
resnet50,Multiply_9341,17,325,32,32,32,32,21,10,0,32,0.7412,65536,13440,0.7949,61,171.8,True
resnet50,Multiply_9341,17,326,32,32,32,32,24,10,0,32,0.7266,65536,15360,0.7656,64,110.0,True
resnet50,Multiply_9341,17,327,32,32,32,32,16,10,0,32,0.7656,65536,10240,0.8438,56,156.6,True
resnet50,Multiply_9341,17,328,32,32,32,32,12,10,0,32,0.7852,65536,7680,0.8828,52,206.9,True
resnet50,Multiply_9341,17,329,32,32,32,32,19,10,0,32,0.751,65536,12160,0.8145,59,59.2,True
resnet50,Multiply_9341,17,330,32,32,32,32,17,10,0,32,0.7607,65536,10880,0.834,57,63.0,True
resnet50,Multiply_9341,17,331,32,32,32,32,19,10,0,32,0.751,65536,12160,0.8145,59,176.8,True
resnet50,Multiply_9341,17,332,32,32,32,32,15,10,0,32,0.7705,65536,9600,0.8535,55,144.1,True
resnet50,Multiply_9341,17,333,32,32,32,32,18,10,0,32,0.7559,65536,11520,0.8242,58,59.8,True
resnet50,Multiply_9341,17,334,32,32,32,32,18,10,0,32,0.7559,65536,11520,0.8242,58,74.9,True
resnet50,Multiply_9341,17,335,32,32,32,32,15,10,0,32,0.7705,65536,9600,0.8535,55,47.9,True
resnet50,Multiply_9341,17,336,32,32,32,32,21,10,0,32,0.7412,65536,13440,0.7949,61,178.1,True
resnet50,Multiply_9341,17,337,32,32,32,32,20,10,0,32,0.7461,65536,12800,0.8047,60,110.5,True
resnet50,Multiply_9341,17,338,32,32,32,32,17,10,0,32,0.7607,65536,10880,0.834,57,39.1,True
resnet50,Multiply_9341,17,339,32,32,32,32,13,10,0,32,0.7803,65536,8320,0.873,53,41.2,True
resnet50,Multiply_9341,17,340,32,32,32,32,17,10,0,32,0.7607,65536,10880,0.834,57,38.6,True
resnet50,Multiply_9341,17,341,32,32,32,32,21,10,0,32,0.7412,65536,13440,0.7949,61,39.9,True
resnet50,Multiply_9341,17,342,32,32,32,32,24,10,0,32,0.7266,65536,15360,0.7656,64,158.7,True
resnet50,Multiply_9341,17,343,32,32,32,32,16,10,0,32,0.7656,65536,10240,0.8438,56,50.5,True
resnet50,Multiply_9341,17,344,32,32,32,32,12,10,0,32,0.7852,65536,7680,0.8828,52,50.0,True
resnet50,Multiply_9341,17,345,32,32,32,32,19,10,0,32,0.751,65536,12160,0.8145,59,117.0,True
resnet50,Multiply_9341,17,346,32,32,32,32,17,10,0,32,0.7607,65536,10880,0.834,57,88.3,True
resnet50,Multiply_9341,17,347,32,32,32,32,19,10,0,32,0.751,65536,12160,0.8145,59,47.7,True
resnet50,Multiply_9341,17,348,32,32,32,32,15,10,0,32,0.7705,65536,9600,0.8535,55,88.6,True
resnet50,Multiply_9341,17,349,32,32,32,32,18,10,0,32,0.7559,65536,11520,0.8242,58,113.4,True
resnet50,Multiply_9341,17,350,32,32,32,32,18,10,0,32,0.7559,65536,11520,0.8242,58,176.3,True
resnet50,Multiply_9341,17,351,32,32,32,32,15,10,0,32,0.7705,65536,9600,0.8535,55,45.5,True
resnet50,Multiply_9341,17,352,32,32,32,32,21,10,0,32,0.7412,65536,13440,0.7949,61,175.3,True
resnet50,Multiply_9341,17,353,32,32,32,32,20,10,0,32,0.7461,65536,12800,0.8047,60,174.3,True
resnet50,Multiply_9341,17,354,32,32,32,32,17,10,0,32,0.7607,65536,10880,0.834,57,76.3,True
resnet50,Multiply_9341,17,355,32,32,32,32,13,10,0,32,0.7803,65536,8320,0.873,53,163.1,True
resnet50,Multiply_9341,17,356,32,32,32,32,17,10,0,32,0.7607,65536,10880,0.834,57,213.8,True
resnet50,Multiply_9341,17,357,32,32,32,32,21,10,0,32,0.7412,65536,13440,0.7949,61,161.2,True
resnet50,Multiply_9341,17,358,32,32,32,32,24,10,0,32,0.7266,65536,15360,0.7656,64,40.2,True
resnet50,Multiply_9341,17,359,32,32,32,32,16,10,0,32,0.7656,65536,10240,0.8438,56,51.7,True
resnet50,Multiply_9341,17,360,32,32,32,32,12,10,0,32,0.7852,65536,7680,0.8828,52,175.0,True
resnet50,Multiply_9341,17,361,32,32,32,32,19,10,0,32,0.751,65536,12160,0.8145,59,199.6,True
resnet50,Multiply_9341,17,362,32,32,32,32,17,10,0,32,0.7607,65536,10880,0.834,57,58.1,True
resnet50,Multiply_9341,17,363,32,32,32,32,19,10,0,32,0.751,65536,12160,0.8145,59,70.2,True
resnet50,Multiply_9341,17,364,32,32,32,32,15,10,0,32,0.7705,65536,9600,0.8535,55,199.0,True
resnet50,Multiply_9341,17,365,32,32,32,32,18,10,0,32,0.7559,65536,11520,0.8242,58,178.7,True
resnet50,Multiply_9341,17,366,32,32,32,32,18,10,0,32,0.7559,65536,11520,0.8242,58,48.3,True
resnet50,Multiply_9341,17,367,32,32,32,32,15,10,0,32,0.7705,65536,9600,0.8535,55,196.7,True
resnet50,Multiply_9341,17,368,32,32,32,32,21,10,0,32,0.7412,65536,13440,0.7949,61,178.1,True
resnet50,Multiply_9341,17,369,32,32,32,32,20,11,0,32,0.7207,65536,14080,0.7852,61,80.7,True
resnet50,Multiply_9341,17,370,32,32,32,32,17,11,0,32,0.7368,65536,11968,0.8174,58,81.3,True
resnet50,Multiply_9341,17,371,32,32,32,32,13,11,0,32,0.7583,65536,9152,0.8604,54,53.7,True
resnet50,Multiply_9341,17,372,32,32,32,32,17,11,0,32,0.7368,65536,11968,0.8174,58,88.0,True
resnet50,Multiply_9341,17,373,32,32,32,32,21,11,0,32,0.7153,65536,14784,0.7744,62,48.1,True
resnet50,Multiply_9341,17,374,32,32,32,32,24,11,0,32,0.6992,65536,16896,0.7422,65,38.7,True
resnet50,Multiply_9341,17,375,32,32,32,32,16,11,0,32,0.7422,65536,11264,0.8281,57,79.6,True
resnet50,Multiply_9341,17,376,32,32,32,32,12,11,0,32,0.7637,65536,8448,0.8711,53,119.8,True
resnet50,Multiply_9341,17,377,32,32,32,32,19,11,0,32,0.7261,65536,13376,0.7959,60,83.4,True
resnet50,Multiply_9341,17,378,32,32,32,32,17,11,0,32,0.7368,65536,11968,0.8174,58,38.5,True
resnet50,Multiply_9341,17,379,32,32,32,32,19,11,0,32,0.7261,65536,13376,0.7959,60,46.2,True
resnet50,Multiply_9341,17,380,32,32,32,32,15,11,0,32,0.7476,65536,10560,0.8389,56,50.2,True
resnet50,Multiply_9341,17,381,32,32,32,32,18,11,0,32,0.7314,65536,12672,0.8066,59,202.8,True
resnet50,Multiply_9341,17,382,32,32,32,32,18,11,0,32,0.7314,65536,12672,0.8066,59,39.1,True
resnet50,Multiply_9341,17,383,32,32,32,32,15,11,0,32,0.7476,65536,10560,0.8389,56,36.8,True
resnet50,Multiply_9341,17,384,32,32,32,32,21,11,0,32,0.7153,65536,14784,0.7744,62,72.8,True
resnet50,Multiply_9341,17,385,16,32,32,16,20,9,0,32,0.7891,32768,5760,0.8242,43,102.0,True
resnet50,Multiply_9341,17,386,16,32,32,16,17,9,0,32,0.8066,32768,4896,0.8506,40,73.5,True
resnet50,Multiply_9341,17,387,16,32,32,16,13,9,1,16,0.8301,32768,3744,0.8857,36,48.2,True
resnet50,Multiply_9341,17,388,16,32,32,16,17,9,0,32,0.8066,32768,4896,0.8506,40,28.9,True
resnet50,Multiply_9341,17,389,16,32,32,16,21,9,0,32,0.7832,32768,6048,0.8154,44,31.0,True
resnet50,Multiply_9341,17,390,16,32,32,16,24,9,0,32,0.7656,32768,6912,0.7891,47,30.1,True
resnet50,Multiply_9341,17,391,16,32,32,16,16,9,1,16,0.8125,32768,4608,0.8594,39,26.2,True
resnet50,Multiply_9341,17,392,16,32,32,16,12,9,1,16,0.8359,32768,3456,0.8945,35,49.6,True
resnet50,Multiply_9341,17,393,16,32,32,16,19,9,0,32,0.7949,32768,5472,0.833,42,27.6,True
resnet50,Multiply_9341,17,394,16,32,32,16,17,9,0,32,0.8066,32768,4896,0.8506,40,113.4,True
resnet50,Multiply_9341,17,395,16,32,32,16,19,9,0,32,0.7949,32768,5472,0.833,42,48.3,True
resnet50,Multiply_9341,17,396,16,32,32,16,15,9,1,16,0.8184,32768,4320,0.8682,38,50.1,True
resnet50,Multiply_9341,17,397,16,32,32,16,18,9,0,32,0.8008,32768,5184,0.8418,41,108.6,True
resnet50,Multiply_9341,17,398,16,32,32,16,18,9,0,32,0.8008,32768,5184,0.8418,41,200.9,True
resnet50,Multiply_9341,17,399,16,32,32,16,15,9,1,16,0.8184,32768,4320,0.8682,38,213.3,True
resnet50,Multiply_9341,17,400,16,32,32,16,21,9,0,32,0.7832,32768,6048,0.8154,44,73.7,True
resnet50,Multiply_9334,18,1,32,32,32,32,17,8,0,32,0.8086,65536,8704,0.8672,55,45.1,True
resnet50,Multiply_9334,18,2,32,32,32,32,19,8,0,32,0.8008,65536,9728,0.8516,57,84.6,True
resnet50,Multiply_9334,18,3,32,32,32,32,19,8,0,32,0.8008,65536,9728,0.8516,57,39.2,True
resnet50,Multiply_9334,18,4,32,32,32,32,15,8,0,32,0.8164,65536,7680,0.8828,53,47.0,True
resnet50,Multiply_9334,18,5,32,32,32,32,17,14,0,32,0.665,65536,15232,0.7676,61,50.7,True
resnet50,Multiply_9334,18,6,32,32,32,32,19,14,0,32,0.6514,65536,17024,0.7402,63,52.0,True
resnet50,Multiply_9334,18,7,32,32,32,32,19,14,0,32,0.6514,65536,17024,0.7402,63,39.5,True
resnet50,Multiply_9334,18,8,32,32,32,32,15,14,0,32,0.6787,65536,13440,0.7949,59,45.1,True
resnet50,Multiply_9334,18,9,32,32,32,32,17,14,0,32,0.665,65536,15232,0.7676,61,45.2,True
resnet50,Multiply_9334,18,10,32,32,32,32,19,14,0,32,0.6514,65536,17024,0.7402,63,44.7,True
resnet50,Multiply_9334,18,11,32,32,32,32,19,14,0,32,0.6514,65536,17024,0.7402,63,46.2,True
resnet50,Multiply_9334,18,12,32,32,32,32,15,14,0,32,0.6787,65536,13440,0.7949,59,40.3,True
resnet50,Multiply_9334,18,13,32,32,32,32,17,14,0,32,0.665,65536,15232,0.7676,61,39.3,True
resnet50,Multiply_9334,18,14,32,32,32,32,19,14,0,32,0.6514,65536,17024,0.7402,63,43.5,True
resnet50,Multiply_9334,18,15,32,32,32,32,19,14,0,32,0.6514,65536,17024,0.7402,63,89.8,True
resnet50,Multiply_9334,18,16,32,32,32,32,15,14,0,32,0.6787,65536,13440,0.7949,59,39.6,True
resnet50,Multiply_9334,18,17,32,32,32,32,17,14,0,32,0.665,65536,15232,0.7676,61,76.5,True
resnet50,Multiply_9334,18,18,32,32,32,32,19,14,0,32,0.6514,65536,17024,0.7402,63,51.6,True
resnet50,Multiply_9334,18,19,32,32,32,32,19,14,0,32,0.6514,65536,17024,0.7402,63,174.2,True
resnet50,Multiply_9334,18,20,32,32,32,32,15,14,0,32,0.6787,65536,13440,0.7949,59,50.7,True
resnet50,Multiply_9334,18,21,32,32,32,32,17,14,0,32,0.665,65536,15232,0.7676,61,42.2,True
resnet50,Multiply_9334,18,22,32,32,32,32,19,14,0,32,0.6514,65536,17024,0.7402,63,42.6,True
resnet50,Multiply_9334,18,23,32,32,32,32,19,14,0,32,0.6514,65536,17024,0.7402,63,42.1,True
resnet50,Multiply_9334,18,24,32,32,32,32,15,14,0,32,0.6787,65536,13440,0.7949,59,47.6,True
resnet50,Multiply_9334,18,25,32,32,32,32,17,14,0,32,0.665,65536,15232,0.7676,61,112.0,True
resnet50,Multiply_9334,18,26,32,32,32,32,19,14,0,32,0.6514,65536,17024,0.7402,63,42.5,True
resnet50,Multiply_9334,18,27,32,32,32,32,19,14,0,32,0.6514,65536,17024,0.7402,63,220.7,True
resnet50,Multiply_9334,18,28,32,32,32,32,15,14,0,32,0.6787,65536,13440,0.7949,59,81.8,True
resnet50,Multiply_9334,18,29,32,32,32,32,17,14,0,32,0.665,65536,15232,0.7676,61,103.7,True
resnet50,Multiply_9334,18,30,32,32,32,32,19,14,0,32,0.6514,65536,17024,0.7402,63,45.4,True
resnet50,Multiply_9334,18,31,32,32,32,32,19,14,0,32,0.6514,65536,17024,0.7402,63,40.0,True
resnet50,Multiply_9334,18,32,32,32,32,32,15,14,0,32,0.6787,65536,13440,0.7949,59,39.6,True
resnet50,Multiply_9334,18,33,32,32,32,32,17,14,0,32,0.665,65536,15232,0.7676,61,48.3,True
resnet50,Multiply_9334,18,34,32,32,32,32,19,14,0,32,0.6514,65536,17024,0.7402,63,161.2,True
resnet50,Multiply_9334,18,35,32,32,32,32,19,14,0,32,0.6514,65536,17024,0.7402,63,45.8,True
resnet50,Multiply_9334,18,36,32,32,32,32,15,14,0,32,0.6787,65536,13440,0.7949,59,47.8,True
resnet50,Multiply_9334,18,37,32,32,32,32,17,14,0,32,0.665,65536,15232,0.7676,61,82.1,True
resnet50,Multiply_9334,18,38,32,32,32,32,19,14,0,32,0.6514,65536,17024,0.7402,63,39.0,True
resnet50,Multiply_9334,18,39,32,32,32,32,19,14,0,32,0.6514,65536,17024,0.7402,63,39.0,True
resnet50,Multiply_9334,18,40,32,32,32,32,15,14,0,32,0.6787,65536,13440,0.7949,59,75.9,True
resnet50,Multiply_9334,18,41,32,32,32,32,17,14,0,32,0.665,65536,15232,0.7676,61,103.5,True
resnet50,Multiply_9334,18,42,32,32,32,32,19,14,0,32,0.6514,65536,17024,0.7402,63,197.8,True
resnet50,Multiply_9334,18,43,32,32,32,32,19,14,0,32,0.6514,65536,17024,0.7402,63,46.9,True
resnet50,Multiply_9334,18,44,32,32,32,32,15,14,0,32,0.6787,65536,13440,0.7949,59,149.0,True
resnet50,Multiply_9334,18,45,32,32,32,32,17,14,0,32,0.665,65536,15232,0.7676,61,76.1,True
resnet50,Multiply_9334,18,46,32,32,32,32,19,14,0,32,0.6514,65536,17024,0.7402,63,70.2,True
resnet50,Multiply_9334,18,47,32,32,32,32,19,14,0,32,0.6514,65536,17024,0.7402,63,54.6,True
resnet50,Multiply_9334,18,48,32,32,32,32,15,14,0,32,0.6787,65536,13440,0.7949,59,51.6,True
resnet50,Multiply_9334,18,49,32,32,32,32,17,14,0,32,0.665,65536,15232,0.7676,61,46.8,True
resnet50,Multiply_9334,18,50,32,32,32,32,19,14,0,32,0.6514,65536,17024,0.7402,63,39.1,True
resnet50,Multiply_9334,18,51,32,32,32,32,19,14,0,32,0.6514,65536,17024,0.7402,63,102.4,True
resnet50,Multiply_9334,18,52,32,32,32,32,15,14,0,32,0.6787,65536,13440,0.7949,59,198.5,True
resnet50,Multiply_9334,18,53,32,32,32,32,17,14,0,32,0.665,65536,15232,0.7676,61,59.5,True
resnet50,Multiply_9334,18,54,32,32,32,32,19,14,0,32,0.6514,65536,17024,0.7402,63,65.9,True
resnet50,Multiply_9334,18,55,32,32,32,32,19,14,0,32,0.6514,65536,17024,0.7402,63,54.2,True
resnet50,Multiply_9334,18,56,32,32,32,32,15,14,0,32,0.6787,65536,13440,0.7949,59,40.5,True
resnet50,Multiply_9334,18,57,32,32,32,32,17,14,0,32,0.665,65536,15232,0.7676,61,92.2,True
resnet50,Multiply_9334,18,58,32,32,32,32,19,14,0,32,0.6514,65536,17024,0.7402,63,194.9,True
resnet50,Multiply_9334,18,59,32,32,32,32,19,14,0,32,0.6514,65536,17024,0.7402,63,110.2,True
resnet50,Multiply_9334,18,60,32,32,32,32,15,14,0,32,0.6787,65536,13440,0.7949,59,49.2,True
resnet50,Multiply_9334,18,61,32,32,32,32,17,14,0,32,0.665,65536,15232,0.7676,61,130.2,True
resnet50,Multiply_9334,18,62,32,32,32,32,19,14,0,32,0.6514,65536,17024,0.7402,63,40.1,True
resnet50,Multiply_9334,18,63,32,32,32,32,19,14,0,32,0.6514,65536,17024,0.7402,63,48.4,True
resnet50,Multiply_9334,18,64,32,32,32,32,15,14,0,32,0.6787,65536,13440,0.7949,59,45.5,True
resnet50,Multiply_9334,18,65,32,32,32,32,17,14,0,32,0.665,65536,15232,0.7676,61,49.5,True
resnet50,Multiply_9334,18,66,32,32,32,32,19,14,0,32,0.6514,65536,17024,0.7402,63,51.5,True
resnet50,Multiply_9334,18,67,32,32,32,32,19,14,0,32,0.6514,65536,17024,0.7402,63,177.5,True
resnet50,Multiply_9334,18,68,32,32,32,32,15,14,0,32,0.6787,65536,13440,0.7949,59,59.6,True
resnet50,Multiply_9334,18,69,32,32,32,32,17,14,0,32,0.665,65536,15232,0.7676,61,48.6,True
resnet50,Multiply_9334,18,70,32,32,32,32,19,14,0,32,0.6514,65536,17024,0.7402,63,54.2,True
resnet50,Multiply_9334,18,71,32,32,32,32,19,14,0,32,0.6514,65536,17024,0.7402,63,49.6,True
resnet50,Multiply_9334,18,72,32,32,32,32,15,14,0,32,0.6787,65536,13440,0.7949,59,196.8,True
resnet50,Multiply_9334,18,73,32,32,32,32,17,14,0,32,0.665,65536,15232,0.7676,61,194.9,True
resnet50,Multiply_9334,18,74,32,32,32,32,19,14,0,32,0.6514,65536,17024,0.7402,63,70.4,True
resnet50,Multiply_9334,18,75,32,32,32,32,19,14,0,32,0.6514,65536,17024,0.7402,63,38.8,True
resnet50,Multiply_9334,18,76,32,32,32,32,15,14,0,32,0.6787,65536,13440,0.7949,59,48.9,True
resnet50,Multiply_9334,18,77,32,32,32,32,17,14,0,32,0.665,65536,15232,0.7676,61,39.2,True
resnet50,Multiply_9334,18,78,32,32,32,32,19,14,0,32,0.6514,65536,17024,0.7402,63,66.7,True
resnet50,Multiply_9334,18,79,32,32,32,32,19,14,0,32,0.6514,65536,17024,0.7402,63,219.4,True
resnet50,Multiply_9334,18,80,32,32,32,32,15,14,0,32,0.6787,65536,13440,0.7949,59,101.4,True
resnet50,Multiply_9334,18,81,32,32,32,32,17,14,0,32,0.665,65536,15232,0.7676,61,44.3,True
resnet50,Multiply_9334,18,82,32,32,32,32,19,14,0,32,0.6514,65536,17024,0.7402,63,48.4,True
resnet50,Multiply_9334,18,83,32,32,32,32,19,14,0,32,0.6514,65536,17024,0.7402,63,53.2,True
resnet50,Multiply_9334,18,84,32,32,32,32,15,14,0,32,0.6787,65536,13440,0.7949,59,43.5,True
resnet50,Multiply_9334,18,85,32,32,32,32,17,14,0,32,0.665,65536,15232,0.7676,61,175.4,True
resnet50,Multiply_9334,18,86,32,32,32,32,19,14,0,32,0.6514,65536,17024,0.7402,63,60.3,True
resnet50,Multiply_9334,18,87,32,32,32,32,19,14,0,32,0.6514,65536,17024,0.7402,63,175.0,True
resnet50,Multiply_9334,18,88,32,32,32,32,15,14,0,32,0.6787,65536,13440,0.7949,59,39.7,True
resnet50,Multiply_9334,18,89,32,32,32,32,17,14,0,32,0.665,65536,15232,0.7676,61,1761.5,True
resnet50,Multiply_9334,18,90,32,32,32,32,19,14,0,32,0.6514,65536,17024,0.7402,63,256.2,True
resnet50,Multiply_9334,18,91,32,32,32,32,19,14,0,32,0.6514,65536,17024,0.7402,63,292.9,True
resnet50,Multiply_9334,18,92,32,32,32,32,15,14,0,32,0.6787,65536,13440,0.7949,59,195.1,True
resnet50,Multiply_9334,18,93,32,32,32,32,17,14,0,32,0.665,65536,15232,0.7676,61,173.3,True
resnet50,Multiply_9334,18,94,32,32,32,32,19,14,0,32,0.6514,65536,17024,0.7402,63,56.9,True
resnet50,Multiply_9334,18,95,32,32,32,32,19,14,0,32,0.6514,65536,17024,0.7402,63,178.4,True
resnet50,Multiply_9334,18,96,32,32,32,32,15,14,0,32,0.6787,65536,13440,0.7949,59,76.3,True
resnet50,Multiply_9334,18,97,16,32,32,16,17,11,0,32,0.7637,32768,5984,0.8174,42,106.7,True
resnet50,Multiply_9334,18,98,16,32,32,16,19,11,0,32,0.7493,32768,6688,0.7959,44,32.1,True
resnet50,Multiply_9334,18,99,16,32,32,16,19,11,0,32,0.7493,32768,6688,0.7959,44,37.3,True
resnet50,Multiply_9334,18,100,16,32,32,16,15,11,1,16,0.778,32768,5280,0.8389,40,77.2,True
resnet50,Multiply_9327,19,1,32,32,32,32,18,16,0,32,0.6094,65536,18432,0.7188,64,66.2,True
resnet50,Multiply_9327,19,2,32,32,32,32,16,16,0,32,0.625,65536,16384,0.75,62,47.7,True
resnet50,Multiply_9327,19,3,32,32,32,32,19,16,0,32,0.6016,65536,19456,0.7031,65,138.1,True
resnet50,Multiply_9327,19,4,32,32,32,32,17,16,0,32,0.6172,65536,17408,0.7344,63,48.6,True
resnet50,Multiply_9327,19,5,32,32,32,32,18,15,0,32,0.6338,65536,17280,0.7363,63,226.2,True
resnet50,Multiply_9327,19,6,32,32,32,32,16,15,0,32,0.6484,65536,15360,0.7656,61,176.8,True
resnet50,Multiply_9327,19,7,32,32,32,32,19,15,0,32,0.6265,65536,18240,0.7217,64,256.4,True
resnet50,Multiply_9327,19,8,32,32,32,32,17,15,0,32,0.6411,65536,16320,0.751,62,38.7,True
resnet50,Multiply_9327,19,9,32,32,32,32,18,16,0,32,0.6094,65536,18432,0.7188,64,38.6,True
resnet50,Multiply_9327,19,10,32,32,32,32,16,16,0,32,0.625,65536,16384,0.75,62,146.9,True
resnet50,Multiply_9327,19,11,32,32,32,32,19,16,0,32,0.6016,65536,19456,0.7031,65,113.5,True
resnet50,Multiply_9327,19,12,32,32,32,32,17,16,0,32,0.6172,65536,17408,0.7344,63,39.0,True
resnet50,Multiply_9327,19,13,32,32,32,32,18,13,0,32,0.6826,65536,14976,0.7715,61,46.4,True
resnet50,Multiply_9327,19,14,32,32,32,32,16,13,0,32,0.6953,65536,13312,0.7969,59,40.7,True
resnet50,Multiply_9327,19,15,32,32,32,32,19,13,0,32,0.6763,65536,15808,0.7588,62,66.7,True
resnet50,Multiply_9327,19,16,32,32,32,32,17,13,0,32,0.689,65536,14144,0.7842,60,38.9,True
resnet50,Multiply_9327,19,17,32,32,32,32,18,10,0,32,0.7559,65536,11520,0.8242,58,41.3,True
resnet50,Multiply_9327,19,18,32,32,32,32,16,10,0,32,0.7656,65536,10240,0.8438,56,37.7,True
resnet50,Multiply_9327,19,19,32,32,32,32,19,10,0,32,0.751,65536,12160,0.8145,59,38.4,True
resnet50,Multiply_9327,19,20,32,32,32,32,17,10,0,32,0.7607,65536,10880,0.834,57,39.1,True
resnet50,Multiply_9327,19,21,32,32,32,32,18,11,0,32,0.7314,65536,12672,0.8066,59,43.0,True
resnet50,Multiply_9327,19,22,32,32,32,32,16,11,0,32,0.7422,65536,11264,0.8281,57,37.9,True
resnet50,Multiply_9327,19,23,32,32,32,32,19,11,0,32,0.7261,65536,13376,0.7959,60,162.1,True
resnet50,Multiply_9327,19,24,32,32,32,32,17,11,0,32,0.7368,65536,11968,0.8174,58,38.3,True
resnet50,Multiply_9327,19,25,32,32,32,32,18,12,0,32,0.707,65536,13824,0.7891,60,47.5,True
resnet50,Multiply_9327,19,26,32,32,32,32,16,12,0,32,0.7188,65536,12288,0.8125,58,37.9,True
resnet50,Multiply_9327,19,27,32,32,32,32,19,12,0,32,0.7012,65536,14592,0.7773,61,38.7,True
resnet50,Multiply_9327,19,28,32,32,32,32,17,12,0,32,0.7129,65536,13056,0.8008,59,38.7,True
resnet50,Multiply_9327,19,29,32,32,32,32,18,16,0,32,0.6094,65536,18432,0.7188,64,92.9,True
resnet50,Multiply_9327,19,30,32,32,32,32,16,16,0,32,0.625,65536,16384,0.75,62,162.4,True
resnet50,Multiply_9327,19,31,32,32,32,32,19,16,0,32,0.6016,65536,19456,0.7031,65,68.3,True
resnet50,Multiply_9327,19,32,32,32,32,32,17,16,0,32,0.6172,65536,17408,0.7344,63,204.8,True
resnet50,Multiply_9327,19,33,32,32,32,32,18,14,0,32,0.6582,65536,16128,0.7539,62,47.4,True
resnet50,Multiply_9327,19,34,32,32,32,32,16,14,0,32,0.6719,65536,14336,0.7812,60,40.0,True
resnet50,Multiply_9327,19,35,32,32,32,32,19,14,0,32,0.6514,65536,17024,0.7402,63,36.8,True
resnet50,Multiply_9327,19,36,32,32,32,32,17,14,0,32,0.665,65536,15232,0.7676,61,38.2,True
resnet50,Multiply_9327,19,37,32,32,32,32,18,14,0,32,0.6582,65536,16128,0.7539,62,53.7,True
resnet50,Multiply_9327,19,38,32,32,32,32,16,14,0,32,0.6719,65536,14336,0.7812,60,40.9,True
resnet50,Multiply_9327,19,39,32,32,32,32,19,14,0,32,0.6514,65536,17024,0.7402,63,39.1,True
resnet50,Multiply_9327,19,40,32,32,32,32,17,14,0,32,0.665,65536,15232,0.7676,61,39.5,True
resnet50,Multiply_9327,19,41,32,32,32,32,18,15,0,32,0.6338,65536,17280,0.7363,63,42.3,True
resnet50,Multiply_9327,19,42,32,32,32,32,16,15,0,32,0.6484,65536,15360,0.7656,61,136.1,True
resnet50,Multiply_9327,19,43,32,32,32,32,19,15,0,32,0.6265,65536,18240,0.7217,64,38.2,True
resnet50,Multiply_9327,19,44,32,32,32,32,17,15,0,32,0.6411,65536,16320,0.751,62,38.1,True
resnet50,Multiply_9327,19,45,32,32,32,32,18,16,0,32,0.6094,65536,18432,0.7188,64,38.2,True
resnet50,Multiply_9327,19,46,32,32,32,32,16,16,0,32,0.625,65536,16384,0.75,62,112.6,True
resnet50,Multiply_9327,19,47,32,32,32,32,19,16,0,32,0.6016,65536,19456,0.7031,65,46.9,True
resnet50,Multiply_9327,19,48,32,32,32,32,17,16,0,32,0.6172,65536,17408,0.7344,63,39.2,True
resnet50,Multiply_9327,19,49,32,32,32,32,18,15,0,32,0.6338,65536,17280,0.7363,63,77.2,True
resnet50,Multiply_9327,19,50,32,32,32,32,16,15,0,32,0.6484,65536,15360,0.7656,61,39.2,True
resnet50,Multiply_9327,19,51,32,32,32,32,19,15,0,32,0.6265,65536,18240,0.7217,64,45.4,True
resnet50,Multiply_9327,19,52,32,32,32,32,17,15,0,32,0.6411,65536,16320,0.751,62,60.3,True
resnet50,Multiply_9327,19,53,32,32,32,32,18,16,0,32,0.6094,65536,18432,0.7188,64,38.0,True
resnet50,Multiply_9327,19,54,32,32,32,32,16,16,0,32,0.625,65536,16384,0.75,62,100.7,True
resnet50,Multiply_9327,19,55,32,32,32,32,19,16,0,32,0.6016,65536,19456,0.7031,65,39.5,True
resnet50,Multiply_9327,19,56,32,32,32,32,17,16,0,32,0.6172,65536,17408,0.7344,63,38.5,True
resnet50,Multiply_9327,19,57,32,32,32,32,18,16,0,32,0.6094,65536,18432,0.7188,64,174.6,True
resnet50,Multiply_9327,19,58,32,32,32,32,16,16,0,32,0.625,65536,16384,0.75,62,48.6,True
resnet50,Multiply_9327,19,59,32,32,32,32,19,16,0,32,0.6016,65536,19456,0.7031,65,237.7,True
resnet50,Multiply_9327,19,60,32,32,32,32,17,16,0,32,0.6172,65536,17408,0.7344,63,42.1,True
resnet50,Multiply_9327,19,61,32,32,32,32,18,15,0,32,0.6338,65536,17280,0.7363,63,99.5,True
resnet50,Multiply_9327,19,62,32,32,32,32,16,15,0,32,0.6484,65536,15360,0.7656,61,38.9,True
resnet50,Multiply_9327,19,63,32,32,32,32,19,15,0,32,0.6265,65536,18240,0.7217,64,178.1,True
resnet50,Multiply_9327,19,64,32,32,32,32,17,15,0,32,0.6411,65536,16320,0.751,62,44.7,True
resnet50,Multiply_9327,19,65,32,32,32,32,18,15,0,32,0.6338,65536,17280,0.7363,63,77.3,True
resnet50,Multiply_9327,19,66,32,32,32,32,16,15,0,32,0.6484,65536,15360,0.7656,61,44.9,True
resnet50,Multiply_9327,19,67,32,32,32,32,19,15,0,32,0.6265,65536,18240,0.7217,64,40.3,True
resnet50,Multiply_9327,19,68,32,32,32,32,17,15,0,32,0.6411,65536,16320,0.751,62,42.5,True
resnet50,Multiply_9327,19,69,32,32,32,32,18,15,0,32,0.6338,65536,17280,0.7363,63,174.7,True
resnet50,Multiply_9327,19,70,32,32,32,32,16,15,0,32,0.6484,65536,15360,0.7656,61,38.9,True
resnet50,Multiply_9327,19,71,32,32,32,32,19,15,0,32,0.6265,65536,18240,0.7217,64,56.8,True
resnet50,Multiply_9327,19,72,32,32,32,32,17,15,0,32,0.6411,65536,16320,0.751,62,138.0,True
resnet50,Multiply_9327,19,73,32,32,32,32,18,14,0,32,0.6582,65536,16128,0.7539,62,46.1,True
resnet50,Multiply_9327,19,74,32,32,32,32,16,14,0,32,0.6719,65536,14336,0.7812,60,47.2,True
resnet50,Multiply_9327,19,75,32,32,32,32,19,14,0,32,0.6514,65536,17024,0.7402,63,44.1,True
resnet50,Multiply_9327,19,76,32,32,32,32,17,14,0,32,0.665,65536,15232,0.7676,61,39.2,True
resnet50,Multiply_9327,19,77,32,32,32,32,18,16,0,32,0.6094,65536,18432,0.7188,64,42.5,True
resnet50,Multiply_9327,19,78,32,32,32,32,16,16,0,32,0.625,65536,16384,0.75,62,178.8,True
resnet50,Multiply_9327,19,79,32,32,32,32,19,16,0,32,0.6016,65536,19456,0.7031,65,40.0,True
resnet50,Multiply_9327,19,80,32,32,32,32,17,16,0,32,0.6172,65536,17408,0.7344,63,38.4,True
resnet50,Multiply_9327,19,81,32,32,32,32,18,15,0,32,0.6338,65536,17280,0.7363,63,40.9,True
resnet50,Multiply_9327,19,82,32,32,32,32,16,15,0,32,0.6484,65536,15360,0.7656,61,119.9,True
resnet50,Multiply_9327,19,83,32,32,32,32,19,15,0,32,0.6265,65536,18240,0.7217,64,39.3,True
resnet50,Multiply_9327,19,84,32,32,32,32,17,15,0,32,0.6411,65536,16320,0.751,62,203.1,True
resnet50,Multiply_9327,19,85,32,32,32,32,18,16,0,32,0.6094,65536,18432,0.7188,64,48.2,True
resnet50,Multiply_9327,19,86,32,32,32,32,16,16,0,32,0.625,65536,16384,0.75,62,69.1,True
resnet50,Multiply_9327,19,87,32,32,32,32,19,16,0,32,0.6016,65536,19456,0.7031,65,38.0,True
resnet50,Multiply_9327,19,88,32,32,32,32,17,16,0,32,0.6172,65536,17408,0.7344,63,199.1,True
resnet50,Multiply_9327,19,89,32,32,32,32,18,15,0,32,0.6338,65536,17280,0.7363,63,38.0,True
resnet50,Multiply_9327,19,90,32,32,32,32,16,15,0,32,0.6484,65536,15360,0.7656,61,50.0,True
resnet50,Multiply_9327,19,91,32,32,32,32,19,15,0,32,0.6265,65536,18240,0.7217,64,38.8,True
resnet50,Multiply_9327,19,92,32,32,32,32,17,15,0,32,0.6411,65536,16320,0.751,62,43.5,True
resnet50,Multiply_9327,19,93,32,32,32,32,18,13,0,32,0.6826,65536,14976,0.7715,61,43.3,True
resnet50,Multiply_9327,19,94,32,32,32,32,16,13,0,32,0.6953,65536,13312,0.7969,59,76.7,True
resnet50,Multiply_9327,19,95,32,32,32,32,19,13,0,32,0.6763,65536,15808,0.7588,62,39.2,True
resnet50,Multiply_9327,19,96,32,32,32,32,17,13,0,32,0.689,65536,14144,0.7842,60,46.6,True
resnet50,Multiply_9327,19,97,16,32,32,16,18,9,0,32,0.8008,32768,5184,0.8418,41,28.1,True
resnet50,Multiply_9327,19,98,16,32,32,16,16,9,1,16,0.8125,32768,4608,0.8594,39,22.1,True
resnet50,Multiply_9327,19,99,16,32,32,16,19,9,0,32,0.7949,32768,5472,0.833,42,21.4,True
resnet50,Multiply_9327,19,100,16,32,32,16,17,9,0,32,0.8066,32768,4896,0.8506,40,20.7,True
resnet50,Multiply_9362,20,1,32,32,32,32,19,13,0,32,0.6763,65536,15808,0.7588,62,43.3,True
resnet50,Multiply_9362,20,2,32,32,32,32,13,13,0,32,0.7144,65536,10816,0.835,56,38.9,True
resnet50,Multiply_9362,20,3,32,32,32,32,14,13,0,32,0.708,65536,11648,0.8223,57,48.5,True
resnet50,Multiply_9362,20,4,32,32,32,32,15,13,0,32,0.7017,65536,12480,0.8096,58,39.1,True
resnet50,Multiply_9362,20,5,32,32,32,32,23,13,0,32,0.6509,65536,19136,0.708,66,38.5,True
resnet50,Multiply_9362,20,6,32,32,32,32,15,13,0,32,0.7017,65536,12480,0.8096,58,39.4,True
resnet50,Multiply_9362,20,7,32,32,32,32,18,13,0,32,0.6826,65536,14976,0.7715,61,39.4,True
resnet50,Multiply_9362,20,8,32,32,32,32,18,13,0,32,0.6826,65536,14976,0.7715,61,41.4,True
resnet50,Multiply_9362,20,9,32,32,32,32,19,13,0,32,0.6763,65536,15808,0.7588,62,38.9,True
resnet50,Multiply_9362,20,10,32,32,32,32,22,13,0,32,0.6572,65536,18304,0.7207,65,40.4,True
resnet50,Multiply_9362,20,11,32,32,32,32,20,13,0,32,0.6699,65536,16640,0.7461,63,39.6,True
resnet50,Multiply_9362,20,12,32,32,32,32,17,13,0,32,0.689,65536,14144,0.7842,60,72.6,True
resnet50,Multiply_9362,20,13,32,32,32,32,17,13,0,32,0.689,65536,14144,0.7842,60,43.8,True
resnet50,Multiply_9362,20,14,32,32,32,32,16,13,0,32,0.6953,65536,13312,0.7969,59,39.0,True
resnet50,Multiply_9362,20,15,32,32,32,32,17,13,0,32,0.689,65536,14144,0.7842,60,69.2,True
resnet50,Multiply_9362,20,16,32,32,32,32,19,13,0,32,0.6763,65536,15808,0.7588,62,38.1,True
resnet50,Multiply_9362,20,17,32,32,32,32,19,15,0,32,0.6265,65536,18240,0.7217,64,50.9,True
resnet50,Multiply_9362,20,18,32,32,32,32,13,15,0,32,0.6704,65536,12480,0.8096,58,40.3,True
resnet50,Multiply_9362,20,19,32,32,32,32,14,15,0,32,0.6631,65536,13440,0.7949,59,44.6,True
resnet50,Multiply_9362,20,20,32,32,32,32,15,15,0,32,0.6558,65536,14400,0.7803,60,36.6,True
resnet50,Multiply_9362,20,21,32,32,32,32,23,15,0,32,0.5972,65536,22080,0.6631,68,38.6,True
resnet50,Multiply_9362,20,22,32,32,32,32,15,15,0,32,0.6558,65536,14400,0.7803,60,37.8,True
resnet50,Multiply_9362,20,23,32,32,32,32,18,15,0,32,0.6338,65536,17280,0.7363,63,59.2,True
resnet50,Multiply_9362,20,24,32,32,32,32,18,15,0,32,0.6338,65536,17280,0.7363,63,55.2,True
resnet50,Multiply_9362,20,25,32,32,32,32,19,15,0,32,0.6265,65536,18240,0.7217,64,39.0,True
resnet50,Multiply_9362,20,26,32,32,32,32,22,15,0,32,0.6045,65536,21120,0.6777,67,38.3,True
resnet50,Multiply_9362,20,27,32,32,32,32,20,15,0,32,0.6191,65536,19200,0.707,65,49.2,True
resnet50,Multiply_9362,20,28,32,32,32,32,17,15,0,32,0.6411,65536,16320,0.751,62,48.6,True
resnet50,Multiply_9362,20,29,32,32,32,32,17,15,0,32,0.6411,65536,16320,0.751,62,89.2,True
resnet50,Multiply_9362,20,30,32,32,32,32,16,15,0,32,0.6484,65536,15360,0.7656,61,224.8,True
resnet50,Multiply_9362,20,31,32,32,32,32,17,15,0,32,0.6411,65536,16320,0.751,62,137.3,True
resnet50,Multiply_9362,20,32,32,32,32,32,19,15,0,32,0.6265,65536,18240,0.7217,64,38.6,True
resnet50,Multiply_9362,20,33,32,32,32,32,19,17,0,32,0.5767,65536,20672,0.6846,66,37.4,True
resnet50,Multiply_9362,20,34,32,32,32,32,13,17,0,32,0.6265,65536,14144,0.7842,60,38.5,True
resnet50,Multiply_9362,20,35,32,32,32,32,14,17,0,32,0.6182,65536,15232,0.7676,61,38.9,True
resnet50,Multiply_9362,20,36,32,32,32,32,15,17,0,32,0.6099,65536,16320,0.751,62,198.5,True
resnet50,Multiply_9362,20,37,32,32,32,32,23,17,0,32,0.5435,65536,25024,0.6182,70,39.5,True
resnet50,Multiply_9362,20,38,32,32,32,32,15,17,0,32,0.6099,65536,16320,0.751,62,39.5,True
resnet50,Multiply_9362,20,39,32,32,32,32,18,17,0,32,0.585,65536,19584,0.7012,65,39.1,True
resnet50,Multiply_9362,20,40,32,32,32,32,18,17,0,32,0.585,65536,19584,0.7012,65,39.1,True
resnet50,Multiply_9362,20,41,32,32,32,32,19,17,0,32,0.5767,65536,20672,0.6846,66,40.0,True
resnet50,Multiply_9362,20,42,32,32,32,32,22,17,0,32,0.5518,65536,23936,0.6348,69,38.4,True
resnet50,Multiply_9362,20,43,32,32,32,32,20,17,0,32,0.5684,65536,21760,0.668,67,38.8,True
resnet50,Multiply_9362,20,44,32,32,32,32,17,17,0,32,0.5933,65536,18496,0.7178,64,43.4,True
resnet50,Multiply_9362,20,45,32,32,32,32,17,17,0,32,0.5933,65536,18496,0.7178,64,39.4,True
resnet50,Multiply_9362,20,46,32,32,32,32,16,17,0,32,0.6016,65536,17408,0.7344,63,39.2,True
resnet50,Multiply_9362,20,47,32,32,32,32,17,17,0,32,0.5933,65536,18496,0.7178,64,38.5,True
resnet50,Multiply_9362,20,48,32,32,32,32,19,17,0,32,0.5767,65536,20672,0.6846,66,40.0,True
resnet50,Multiply_9362,20,49,32,32,32,32,19,16,0,32,0.6016,65536,19456,0.7031,65,37.6,True
resnet50,Multiply_9362,20,50,32,32,32,32,13,16,0,32,0.6484,65536,13312,0.7969,59,39.8,True
resnet50,Multiply_9362,20,51,32,32,32,32,14,16,0,32,0.6406,65536,14336,0.7812,60,178.7,True
resnet50,Multiply_9362,20,52,32,32,32,32,15,16,0,32,0.6328,65536,15360,0.7656,61,39.2,True
resnet50,Multiply_9362,20,53,32,32,32,32,23,16,0,32,0.5703,65536,23552,0.6406,69,136.9,True
resnet50,Multiply_9362,20,54,32,32,32,32,15,16,0,32,0.6328,65536,15360,0.7656,61,39.9,True
resnet50,Multiply_9362,20,55,32,32,32,32,18,16,0,32,0.6094,65536,18432,0.7188,64,38.7,True
resnet50,Multiply_9362,20,56,32,32,32,32,18,16,0,32,0.6094,65536,18432,0.7188,64,46.5,True
resnet50,Multiply_9362,20,57,32,32,32,32,19,16,0,32,0.6016,65536,19456,0.7031,65,37.6,True
resnet50,Multiply_9362,20,58,32,32,32,32,22,16,0,32,0.5781,65536,22528,0.6562,68,197.4,True
resnet50,Multiply_9362,20,59,32,32,32,32,20,16,0,32,0.5938,65536,20480,0.6875,66,37.3,True
resnet50,Multiply_9362,20,60,32,32,32,32,17,16,0,32,0.6172,65536,17408,0.7344,63,43.1,True
resnet50,Multiply_9362,20,61,32,32,32,32,17,16,0,32,0.6172,65536,17408,0.7344,63,42.7,True
resnet50,Multiply_9362,20,62,32,32,32,32,16,16,0,32,0.625,65536,16384,0.75,62,58.1,True
resnet50,Multiply_9362,20,63,32,32,32,32,17,16,0,32,0.6172,65536,17408,0.7344,63,41.7,True
resnet50,Multiply_9362,20,64,32,32,32,32,19,16,0,32,0.6016,65536,19456,0.7031,65,38.6,True
resnet50,Multiply_9362,20,65,32,32,32,32,19,13,0,32,0.6763,65536,15808,0.7588,62,39.0,True
resnet50,Multiply_9362,20,66,32,32,32,32,13,13,0,32,0.7144,65536,10816,0.835,56,38.2,True
resnet50,Multiply_9362,20,67,32,32,32,32,14,13,0,32,0.708,65536,11648,0.8223,57,60.0,True
resnet50,Multiply_9362,20,68,32,32,32,32,15,13,0,32,0.7017,65536,12480,0.8096,58,38.8,True
resnet50,Multiply_9362,20,69,32,32,32,32,23,13,0,32,0.6509,65536,19136,0.708,66,44.8,True
resnet50,Multiply_9362,20,70,32,32,32,32,15,13,0,32,0.7017,65536,12480,0.8096,58,38.4,True
resnet50,Multiply_9362,20,71,32,32,32,32,18,13,0,32,0.6826,65536,14976,0.7715,61,42.2,True
resnet50,Multiply_9362,20,72,32,32,32,32,18,13,0,32,0.6826,65536,14976,0.7715,61,56.2,True
resnet50,Multiply_9362,20,73,32,32,32,32,19,13,0,32,0.6763,65536,15808,0.7588,62,40.1,True
resnet50,Multiply_9362,20,74,32,32,32,32,22,13,0,32,0.6572,65536,18304,0.7207,65,37.6,True
resnet50,Multiply_9362,20,75,32,32,32,32,20,13,0,32,0.6699,65536,16640,0.7461,63,39.0,True
resnet50,Multiply_9362,20,76,32,32,32,32,17,13,0,32,0.689,65536,14144,0.7842,60,39.4,True
resnet50,Multiply_9362,20,77,32,32,32,32,17,13,0,32,0.689,65536,14144,0.7842,60,63.9,True
resnet50,Multiply_9362,20,78,32,32,32,32,16,13,0,32,0.6953,65536,13312,0.7969,59,39.7,True
resnet50,Multiply_9362,20,79,32,32,32,32,17,13,0,32,0.689,65536,14144,0.7842,60,38.6,True
resnet50,Multiply_9362,20,80,32,32,32,32,19,13,0,32,0.6763,65536,15808,0.7588,62,44.5,True
resnet50,Multiply_9362,20,81,32,32,32,32,19,14,0,32,0.6514,65536,17024,0.7402,63,38.2,True
resnet50,Multiply_9362,20,82,32,32,32,32,13,14,0,32,0.6924,65536,11648,0.8223,57,42.0,True
resnet50,Multiply_9362,20,83,32,32,32,32,14,14,0,32,0.6855,65536,12544,0.8086,58,40.3,True
resnet50,Multiply_9362,20,84,32,32,32,32,15,14,0,32,0.6787,65536,13440,0.7949,59,38.7,True
resnet50,Multiply_9362,20,85,32,32,32,32,23,14,0,32,0.624,65536,20608,0.6855,67,54.8,True
resnet50,Multiply_9362,20,86,32,32,32,32,15,14,0,32,0.6787,65536,13440,0.7949,59,38.9,True
resnet50,Multiply_9362,20,87,32,32,32,32,18,14,0,32,0.6582,65536,16128,0.7539,62,45.9,True
resnet50,Multiply_9362,20,88,32,32,32,32,18,14,0,32,0.6582,65536,16128,0.7539,62,38.3,True
resnet50,Multiply_9362,20,89,32,32,32,32,19,14,0,32,0.6514,65536,17024,0.7402,63,41.4,True
resnet50,Multiply_9362,20,90,32,32,32,32,22,14,0,32,0.6309,65536,19712,0.6992,66,39.5,True
resnet50,Multiply_9362,20,91,32,32,32,32,20,14,0,32,0.6445,65536,17920,0.7266,64,61.9,True
resnet50,Multiply_9362,20,92,32,32,32,32,17,14,0,32,0.665,65536,15232,0.7676,61,38.2,True
resnet50,Multiply_9362,20,93,32,32,32,32,17,14,0,32,0.665,65536,15232,0.7676,61,38.1,True
resnet50,Multiply_9362,20,94,32,32,32,32,16,14,0,32,0.6719,65536,14336,0.7812,60,39.9,True
resnet50,Multiply_9362,20,95,32,32,32,32,17,14,0,32,0.665,65536,15232,0.7676,61,126.9,True
resnet50,Multiply_9362,20,96,32,32,32,32,19,14,0,32,0.6514,65536,17024,0.7402,63,38.5,True
resnet50,Multiply_9362,20,97,32,32,32,32,19,13,0,32,0.6763,65536,15808,0.7588,62,38.2,True
resnet50,Multiply_9362,20,98,32,32,32,32,13,13,0,32,0.7144,65536,10816,0.835,56,38.7,True
resnet50,Multiply_9362,20,100,32,32,32,32,15,13,0,32,0.7017,65536,12480,0.8096,58,39.1,True
resnet50,Multiply_9362,20,101,32,32,32,32,23,13,0,32,0.6509,65536,19136,0.708,66,38.3,True
resnet50,Multiply_9362,20,102,32,32,32,32,15,13,0,32,0.7017,65536,12480,0.8096,58,38.0,True
resnet50,Multiply_9362,20,103,32,32,32,32,18,13,0,32,0.6826,65536,14976,0.7715,61,44.5,True
resnet50,Multiply_9362,20,104,32,32,32,32,18,13,0,32,0.6826,65536,14976,0.7715,61,38.3,True
resnet50,Multiply_9362,20,105,32,32,32,32,19,13,0,32,0.6763,65536,15808,0.7588,62,42.0,True
resnet50,Multiply_9362,20,106,32,32,32,32,22,13,0,32,0.6572,65536,18304,0.7207,65,44.9,True
resnet50,Multiply_9362,20,107,32,32,32,32,20,13,0,32,0.6699,65536,16640,0.7461,63,38.4,True
resnet50,Multiply_9362,20,108,32,32,32,32,17,13,0,32,0.689,65536,14144,0.7842,60,37.3,True
resnet50,Multiply_9362,20,109,32,32,32,32,17,13,0,32,0.689,65536,14144,0.7842,60,197.8,True
resnet50,Multiply_9362,20,110,32,32,32,32,16,13,0,32,0.6953,65536,13312,0.7969,59,39.2,True
resnet50,Multiply_9362,20,111,32,32,32,32,17,13,0,32,0.689,65536,14144,0.7842,60,39.1,True
resnet50,Multiply_9362,20,112,32,32,32,32,19,13,0,32,0.6763,65536,15808,0.7588,62,38.8,True
resnet50,Multiply_9362,20,113,32,32,32,32,19,15,0,32,0.6265,65536,18240,0.7217,64,37.6,True
resnet50,Multiply_9362,20,114,32,32,32,32,13,15,0,32,0.6704,65536,12480,0.8096,58,37.7,True
resnet50,Multiply_9362,20,115,32,32,32,32,14,15,0,32,0.6631,65536,13440,0.7949,59,42.5,True
resnet50,Multiply_9362,20,116,32,32,32,32,15,15,0,32,0.6558,65536,14400,0.7803,60,38.2,True
resnet50,Multiply_9362,20,117,32,32,32,32,23,15,0,32,0.5972,65536,22080,0.6631,68,39.2,True
resnet50,Multiply_9362,20,118,32,32,32,32,15,15,0,32,0.6558,65536,14400,0.7803,60,57.8,True
resnet50,Multiply_9362,20,119,32,32,32,32,18,15,0,32,0.6338,65536,17280,0.7363,63,65.2,True
resnet50,Multiply_9362,20,120,32,32,32,32,18,15,0,32,0.6338,65536,17280,0.7363,63,48.9,True
resnet50,Multiply_9362,20,121,32,32,32,32,19,15,0,32,0.6265,65536,18240,0.7217,64,178.9,True
resnet50,Multiply_9362,20,122,32,32,32,32,22,15,0,32,0.6045,65536,21120,0.6777,67,165.1,True
resnet50,Multiply_9362,20,123,32,32,32,32,20,15,0,32,0.6191,65536,19200,0.707,65,42.1,True
resnet50,Multiply_9362,20,124,32,32,32,32,17,15,0,32,0.6411,65536,16320,0.751,62,112.2,True
resnet50,Multiply_9362,20,125,32,32,32,32,17,15,0,32,0.6411,65536,16320,0.751,62,47.5,True
resnet50,Multiply_9362,20,126,32,32,32,32,16,15,0,32,0.6484,65536,15360,0.7656,61,48.5,True
resnet50,Multiply_9362,20,127,32,32,32,32,17,15,0,32,0.6411,65536,16320,0.751,62,39.0,True
resnet50,Multiply_9362,20,128,32,32,32,32,19,15,0,32,0.6265,65536,18240,0.7217,64,39.3,True
resnet50,Multiply_9362,20,129,32,32,32,32,19,14,0,32,0.6514,65536,17024,0.7402,63,109.9,True
resnet50,Multiply_9362,20,130,32,32,32,32,13,14,0,32,0.6924,65536,11648,0.8223,57,148.4,True
resnet50,Multiply_9362,20,131,32,32,32,32,14,14,0,32,0.6855,65536,12544,0.8086,58,198.3,True
resnet50,Multiply_9362,20,132,32,32,32,32,15,14,0,32,0.6787,65536,13440,0.7949,59,45.8,True
resnet50,Multiply_9362,20,133,32,32,32,32,23,14,0,32,0.624,65536,20608,0.6855,67,43.8,True
resnet50,Multiply_9362,20,134,32,32,32,32,15,14,0,32,0.6787,65536,13440,0.7949,59,38.5,True
resnet50,Multiply_9362,20,135,32,32,32,32,18,14,0,32,0.6582,65536,16128,0.7539,62,39.0,True
resnet50,Multiply_9362,20,136,32,32,32,32,18,14,0,32,0.6582,65536,16128,0.7539,62,138.1,True
resnet50,Multiply_9362,20,137,32,32,32,32,19,14,0,32,0.6514,65536,17024,0.7402,63,38.7,True
resnet50,Multiply_9362,20,138,32,32,32,32,22,14,0,32,0.6309,65536,19712,0.6992,66,39.5,True
resnet50,Multiply_9362,20,139,32,32,32,32,20,14,0,32,0.6445,65536,17920,0.7266,64,138.5,True
resnet50,Multiply_9362,20,140,32,32,32,32,17,14,0,32,0.665,65536,15232,0.7676,61,36.7,True
resnet50,Multiply_9362,20,141,32,32,32,32,17,14,0,32,0.665,65536,15232,0.7676,61,38.4,True
resnet50,Multiply_9362,20,142,32,32,32,32,16,14,0,32,0.6719,65536,14336,0.7812,60,184.6,True
resnet50,Multiply_9362,20,143,32,32,32,32,17,14,0,32,0.665,65536,15232,0.7676,61,38.9,True
resnet50,Multiply_9362,20,144,32,32,32,32,19,14,0,32,0.6514,65536,17024,0.7402,63,38.4,True
resnet50,Multiply_9362,20,145,32,32,32,32,19,14,0,32,0.6514,65536,17024,0.7402,63,37.7,True
resnet50,Multiply_9362,20,146,32,32,32,32,13,14,0,32,0.6924,65536,11648,0.8223,57,39.1,True
resnet50,Multiply_9362,20,147,32,32,32,32,14,14,0,32,0.6855,65536,12544,0.8086,58,51.7,True
resnet50,Multiply_9362,20,148,32,32,32,32,15,14,0,32,0.6787,65536,13440,0.7949,59,47.5,True
resnet50,Multiply_9362,20,149,32,32,32,32,23,14,0,32,0.624,65536,20608,0.6855,67,112.6,True
resnet50,Multiply_9362,20,150,32,32,32,32,15,14,0,32,0.6787,65536,13440,0.7949,59,41.1,True
resnet50,Multiply_9362,20,151,32,32,32,32,18,14,0,32,0.6582,65536,16128,0.7539,62,40.5,True
resnet50,Multiply_9362,20,152,32,32,32,32,18,14,0,32,0.6582,65536,16128,0.7539,62,87.3,True
resnet50,Multiply_9362,20,153,32,32,32,32,19,14,0,32,0.6514,65536,17024,0.7402,63,213.8,True
resnet50,Multiply_9362,20,154,32,32,32,32,22,14,0,32,0.6309,65536,19712,0.6992,66,125.1,True
resnet50,Multiply_9362,20,155,32,32,32,32,20,14,0,32,0.6445,65536,17920,0.7266,64,105.8,True
resnet50,Multiply_9362,20,156,32,32,32,32,17,14,0,32,0.665,65536,15232,0.7676,61,233.4,True
resnet50,Multiply_9362,20,157,32,32,32,32,17,14,0,32,0.665,65536,15232,0.7676,61,38.3,True
resnet50,Multiply_9362,20,158,32,32,32,32,16,14,0,32,0.6719,65536,14336,0.7812,60,38.8,True
resnet50,Multiply_9362,20,159,32,32,32,32,17,14,0,32,0.665,65536,15232,0.7676,61,189.8,True
resnet50,Multiply_9362,20,160,32,32,32,32,19,14,0,32,0.6514,65536,17024,0.7402,63,118.7,True
resnet50,Multiply_9362,20,161,32,32,32,32,19,14,0,32,0.6514,65536,17024,0.7402,63,41.8,True
resnet50,Multiply_9362,20,162,32,32,32,32,13,14,0,32,0.6924,65536,11648,0.8223,57,99.3,True
resnet50,Multiply_9362,20,163,32,32,32,32,14,14,0,32,0.6855,65536,12544,0.8086,58,54.9,True
resnet50,Multiply_9362,20,164,32,32,32,32,15,14,0,32,0.6787,65536,13440,0.7949,59,105.1,True
resnet50,Multiply_9362,20,165,32,32,32,32,23,14,0,32,0.624,65536,20608,0.6855,67,127.1,True
resnet50,Multiply_9362,20,166,32,32,32,32,15,14,0,32,0.6787,65536,13440,0.7949,59,43.6,True
resnet50,Multiply_9362,20,167,32,32,32,32,18,14,0,32,0.6582,65536,16128,0.7539,62,38.5,True
resnet50,Multiply_9362,20,168,32,32,32,32,18,14,0,32,0.6582,65536,16128,0.7539,62,38.8,True
resnet50,Multiply_9362,20,169,32,32,32,32,19,14,0,32,0.6514,65536,17024,0.7402,63,37.5,True
resnet50,Multiply_9362,20,170,32,32,32,32,22,14,0,32,0.6309,65536,19712,0.6992,66,39.5,True
resnet50,Multiply_9362,20,171,32,32,32,32,20,14,0,32,0.6445,65536,17920,0.7266,64,39.7,True
resnet50,Multiply_9362,20,172,32,32,32,32,17,14,0,32,0.665,65536,15232,0.7676,61,76.5,True
resnet50,Multiply_9362,20,173,32,32,32,32,17,14,0,32,0.665,65536,15232,0.7676,61,43.5,True
resnet50,Multiply_9362,20,174,32,32,32,32,16,14,0,32,0.6719,65536,14336,0.7812,60,69.6,True
resnet50,Multiply_9362,20,175,32,32,32,32,17,14,0,32,0.665,65536,15232,0.7676,61,39.1,True
resnet50,Multiply_9362,20,176,32,32,32,32,19,14,0,32,0.6514,65536,17024,0.7402,63,38.9,True
resnet50,Multiply_9362,20,177,32,32,32,32,19,14,0,32,0.6514,65536,17024,0.7402,63,38.1,True
resnet50,Multiply_9362,20,178,32,32,32,32,13,14,0,32,0.6924,65536,11648,0.8223,57,39.2,True
resnet50,Multiply_9362,20,179,32,32,32,32,14,14,0,32,0.6855,65536,12544,0.8086,58,47.9,True
resnet50,Multiply_9362,20,180,32,32,32,32,15,14,0,32,0.6787,65536,13440,0.7949,59,179.5,True
resnet50,Multiply_9362,20,181,32,32,32,32,23,14,0,32,0.624,65536,20608,0.6855,67,37.8,True
resnet50,Multiply_9362,20,182,32,32,32,32,15,14,0,32,0.6787,65536,13440,0.7949,59,38.9,True
resnet50,Multiply_9362,20,183,32,32,32,32,18,14,0,32,0.6582,65536,16128,0.7539,62,81.7,True
resnet50,Multiply_9362,20,184,32,32,32,32,18,14,0,32,0.6582,65536,16128,0.7539,62,38.6,True
resnet50,Multiply_9362,20,185,32,32,32,32,19,14,0,32,0.6514,65536,17024,0.7402,63,39.0,True
resnet50,Multiply_9362,20,186,32,32,32,32,22,14,0,32,0.6309,65536,19712,0.6992,66,178.3,True
resnet50,Multiply_9362,20,187,32,32,32,32,20,14,0,32,0.6445,65536,17920,0.7266,64,38.3,True
resnet50,Multiply_9362,20,188,32,32,32,32,17,14,0,32,0.665,65536,15232,0.7676,61,43.7,True
resnet50,Multiply_9362,20,189,32,32,32,32,17,14,0,32,0.665,65536,15232,0.7676,61,182.3,True
resnet50,Multiply_9362,20,190,32,32,32,32,16,14,0,32,0.6719,65536,14336,0.7812,60,45.0,True
resnet50,Multiply_9362,20,191,32,32,32,32,17,14,0,32,0.665,65536,15232,0.7676,61,178.9,True
resnet50,Multiply_9362,20,192,32,32,32,32,19,14,0,32,0.6514,65536,17024,0.7402,63,130.5,True
resnet50,Multiply_9362,20,193,32,32,32,32,19,14,0,32,0.6514,65536,17024,0.7402,63,36.8,True
resnet50,Multiply_9362,20,194,32,32,32,32,13,14,0,32,0.6924,65536,11648,0.8223,57,53.6,True
resnet50,Multiply_9362,20,195,32,32,32,32,14,14,0,32,0.6855,65536,12544,0.8086,58,277.0,True
resnet50,Multiply_9362,20,196,32,32,32,32,15,14,0,32,0.6787,65536,13440,0.7949,59,197.4,True
resnet50,Multiply_9362,20,197,32,32,32,32,23,14,0,32,0.624,65536,20608,0.6855,67,38.4,True
resnet50,Multiply_9362,20,198,32,32,32,32,15,14,0,32,0.6787,65536,13440,0.7949,59,161.9,True
resnet50,Multiply_9362,20,199,32,32,32,32,18,14,0,32,0.6582,65536,16128,0.7539,62,38.5,True
resnet50,Multiply_9362,20,200,32,32,32,32,18,14,0,32,0.6582,65536,16128,0.7539,62,38.8,True
resnet50,Multiply_9362,20,201,32,32,32,32,19,14,0,32,0.6514,65536,17024,0.7402,63,42.9,True
resnet50,Multiply_9362,20,202,32,32,32,32,22,14,0,32,0.6309,65536,19712,0.6992,66,38.8,True
resnet50,Multiply_9362,20,203,32,32,32,32,20,14,0,32,0.6445,65536,17920,0.7266,64,40.8,True
resnet50,Multiply_9362,20,204,32,32,32,32,17,14,0,32,0.665,65536,15232,0.7676,61,39.8,True
resnet50,Multiply_9362,20,205,32,32,32,32,17,14,0,32,0.665,65536,15232,0.7676,61,39.1,True
resnet50,Multiply_9362,20,206,32,32,32,32,16,14,0,32,0.6719,65536,14336,0.7812,60,39.3,True
resnet50,Multiply_9362,20,207,32,32,32,32,17,14,0,32,0.665,65536,15232,0.7676,61,40.4,True
resnet50,Multiply_9362,20,208,32,32,32,32,19,14,0,32,0.6514,65536,17024,0.7402,63,38.8,True
resnet50,Multiply_9362,20,209,32,32,32,32,19,14,0,32,0.6514,65536,17024,0.7402,63,39.1,True
resnet50,Multiply_9362,20,210,32,32,32,32,13,14,0,32,0.6924,65536,11648,0.8223,57,39.0,True
resnet50,Multiply_9362,20,211,32,32,32,32,14,14,0,32,0.6855,65536,12544,0.8086,58,38.7,True
resnet50,Multiply_9362,20,212,32,32,32,32,15,14,0,32,0.6787,65536,13440,0.7949,59,40.7,True
resnet50,Multiply_9362,20,213,32,32,32,32,23,14,0,32,0.624,65536,20608,0.6855,67,38.5,True
resnet50,Multiply_9362,20,214,32,32,32,32,15,14,0,32,0.6787,65536,13440,0.7949,59,38.2,True
resnet50,Multiply_9362,20,215,32,32,32,32,18,14,0,32,0.6582,65536,16128,0.7539,62,147.7,True
resnet50,Multiply_9362,20,216,32,32,32,32,18,14,0,32,0.6582,65536,16128,0.7539,62,46.9,True
resnet50,Multiply_9362,20,217,32,32,32,32,19,14,0,32,0.6514,65536,17024,0.7402,63,46.9,True
resnet50,Multiply_9362,20,218,32,32,32,32,22,14,0,32,0.6309,65536,19712,0.6992,66,128.0,True
resnet50,Multiply_9362,20,219,32,32,32,32,20,14,0,32,0.6445,65536,17920,0.7266,64,199.8,True
resnet50,Multiply_9362,20,220,32,32,32,32,17,14,0,32,0.665,65536,15232,0.7676,61,37.5,True
resnet50,Multiply_9362,20,221,32,32,32,32,17,14,0,32,0.665,65536,15232,0.7676,61,38.9,True
resnet50,Multiply_9362,20,222,32,32,32,32,16,14,0,32,0.6719,65536,14336,0.7812,60,160.1,True
resnet50,Multiply_9362,20,223,32,32,32,32,17,14,0,32,0.665,65536,15232,0.7676,61,39.0,True
resnet50,Multiply_9362,20,224,32,32,32,32,19,14,0,32,0.6514,65536,17024,0.7402,63,38.7,True
resnet50,Multiply_9362,20,225,32,32,32,32,19,14,0,32,0.6514,65536,17024,0.7402,63,48.3,True
resnet50,Multiply_9362,20,226,32,32,32,32,13,14,0,32,0.6924,65536,11648,0.8223,57,38.6,True
resnet50,Multiply_9362,20,227,32,32,32,32,14,14,0,32,0.6855,65536,12544,0.8086,58,39.4,True
resnet50,Multiply_9362,20,228,32,32,32,32,15,14,0,32,0.6787,65536,13440,0.7949,59,38.3,True
resnet50,Multiply_9362,20,229,32,32,32,32,23,14,0,32,0.624,65536,20608,0.6855,67,177.2,True
resnet50,Multiply_9362,20,230,32,32,32,32,15,14,0,32,0.6787,65536,13440,0.7949,59,51.2,True
resnet50,Multiply_9362,20,231,32,32,32,32,18,14,0,32,0.6582,65536,16128,0.7539,62,42.7,True
resnet50,Multiply_9362,20,232,32,32,32,32,18,14,0,32,0.6582,65536,16128,0.7539,62,38.5,True
resnet50,Multiply_9362,20,233,32,32,32,32,19,14,0,32,0.6514,65536,17024,0.7402,63,38.4,True
resnet50,Multiply_9362,20,234,32,32,32,32,22,14,0,32,0.6309,65536,19712,0.6992,66,38.5,True
resnet50,Multiply_9362,20,235,32,32,32,32,20,14,0,32,0.6445,65536,17920,0.7266,64,38.7,True
resnet50,Multiply_9362,20,236,32,32,32,32,17,14,0,32,0.665,65536,15232,0.7676,61,51.5,True
resnet50,Multiply_9362,20,237,32,32,32,32,17,14,0,32,0.665,65536,15232,0.7676,61,46.5,True
resnet50,Multiply_9362,20,238,32,32,32,32,16,14,0,32,0.6719,65536,14336,0.7812,60,46.8,True
resnet50,Multiply_9362,20,239,32,32,32,32,17,14,0,32,0.665,65536,15232,0.7676,61,40.2,True
resnet50,Multiply_9362,20,240,32,32,32,32,19,14,0,32,0.6514,65536,17024,0.7402,63,98.9,True
resnet50,Multiply_9362,20,241,32,32,32,32,19,14,0,32,0.6514,65536,17024,0.7402,63,47.5,True
resnet50,Multiply_9362,20,242,32,32,32,32,13,14,0,32,0.6924,65536,11648,0.8223,57,40.8,True
resnet50,Multiply_9362,20,243,32,32,32,32,14,14,0,32,0.6855,65536,12544,0.8086,58,82.3,True
resnet50,Multiply_9362,20,244,32,32,32,32,15,14,0,32,0.6787,65536,13440,0.7949,59,56.7,True
resnet50,Multiply_9362,20,245,32,32,32,32,23,14,0,32,0.624,65536,20608,0.6855,67,40.0,True
resnet50,Multiply_9362,20,246,32,32,32,32,15,14,0,32,0.6787,65536,13440,0.7949,59,38.5,True
resnet50,Multiply_9362,20,247,32,32,32,32,18,14,0,32,0.6582,65536,16128,0.7539,62,163.2,True
resnet50,Multiply_9362,20,248,32,32,32,32,18,14,0,32,0.6582,65536,16128,0.7539,62,37.8,True
resnet50,Multiply_9362,20,249,32,32,32,32,19,14,0,32,0.6514,65536,17024,0.7402,63,37.3,True
resnet50,Multiply_9362,20,250,32,32,32,32,22,14,0,32,0.6309,65536,19712,0.6992,66,37.3,True
resnet50,Multiply_9362,20,251,32,32,32,32,20,14,0,32,0.6445,65536,17920,0.7266,64,333.8,True
resnet50,Multiply_9362,20,252,32,32,32,32,17,14,0,32,0.665,65536,15232,0.7676,61,38.3,True
resnet50,Multiply_9362,20,253,32,32,32,32,17,14,0,32,0.665,65536,15232,0.7676,61,39.3,True
resnet50,Multiply_9362,20,254,32,32,32,32,16,14,0,32,0.6719,65536,14336,0.7812,60,67.0,True
resnet50,Multiply_9362,20,255,32,32,32,32,17,14,0,32,0.665,65536,15232,0.7676,61,99.6,True
resnet50,Multiply_9362,20,256,32,32,32,32,19,14,0,32,0.6514,65536,17024,0.7402,63,41.7,True
resnet50,Multiply_9362,20,257,32,32,32,32,19,14,0,32,0.6514,65536,17024,0.7402,63,158.3,True
resnet50,Multiply_9362,20,258,32,32,32,32,13,14,0,32,0.6924,65536,11648,0.8223,57,38.5,True
resnet50,Multiply_9362,20,259,32,32,32,32,14,14,0,32,0.6855,65536,12544,0.8086,58,38.5,True
resnet50,Multiply_9362,20,260,32,32,32,32,15,14,0,32,0.6787,65536,13440,0.7949,59,47.3,True
resnet50,Multiply_9362,20,261,32,32,32,32,23,14,0,32,0.624,65536,20608,0.6855,67,37.6,True
resnet50,Multiply_9362,20,262,32,32,32,32,15,14,0,32,0.6787,65536,13440,0.7949,59,42.8,True
resnet50,Multiply_9362,20,263,32,32,32,32,18,14,0,32,0.6582,65536,16128,0.7539,62,38.6,True
resnet50,Multiply_9362,20,264,32,32,32,32,18,14,0,32,0.6582,65536,16128,0.7539,62,43.0,True
resnet50,Multiply_9362,20,265,32,32,32,32,19,14,0,32,0.6514,65536,17024,0.7402,63,54.3,True
resnet50,Multiply_9362,20,266,32,32,32,32,22,14,0,32,0.6309,65536,19712,0.6992,66,39.3,True
resnet50,Multiply_9362,20,267,32,32,32,32,20,14,0,32,0.6445,65536,17920,0.7266,64,39.4,True
resnet50,Multiply_9362,20,268,32,32,32,32,17,14,0,32,0.665,65536,15232,0.7676,61,38.6,True
resnet50,Multiply_9362,20,269,32,32,32,32,17,14,0,32,0.665,65536,15232,0.7676,61,39.4,True
resnet50,Multiply_9362,20,270,32,32,32,32,16,14,0,32,0.6719,65536,14336,0.7812,60,177.8,True
resnet50,Multiply_9362,20,271,32,32,32,32,17,14,0,32,0.665,65536,15232,0.7676,61,60.9,True
resnet50,Multiply_9362,20,272,32,32,32,32,19,14,0,32,0.6514,65536,17024,0.7402,63,48.6,True
resnet50,Multiply_9362,20,273,32,32,32,32,19,13,0,32,0.6763,65536,15808,0.7588,62,48.1,True
resnet50,Multiply_9362,20,274,32,32,32,32,13,13,0,32,0.7144,65536,10816,0.835,56,40.4,True
resnet50,Multiply_9362,20,275,32,32,32,32,14,13,0,32,0.708,65536,11648,0.8223,57,46.8,True
resnet50,Multiply_9362,20,276,32,32,32,32,15,13,0,32,0.7017,65536,12480,0.8096,58,39.4,True
resnet50,Multiply_9362,20,277,32,32,32,32,23,13,0,32,0.6509,65536,19136,0.708,66,43.4,True
resnet50,Multiply_9362,20,278,32,32,32,32,15,13,0,32,0.7017,65536,12480,0.8096,58,104.0,True
resnet50,Multiply_9362,20,279,32,32,32,32,18,13,0,32,0.6826,65536,14976,0.7715,61,38.3,True
resnet50,Multiply_9362,20,280,32,32,32,32,18,13,0,32,0.6826,65536,14976,0.7715,61,38.5,True
resnet50,Multiply_9362,20,281,32,32,32,32,19,13,0,32,0.6763,65536,15808,0.7588,62,105.7,True
resnet50,Multiply_9362,20,282,32,32,32,32,22,13,0,32,0.6572,65536,18304,0.7207,65,51.6,True
resnet50,Multiply_9362,20,283,32,32,32,32,20,13,0,32,0.6699,65536,16640,0.7461,63,46.5,True
resnet50,Multiply_9362,20,284,32,32,32,32,17,13,0,32,0.689,65536,14144,0.7842,60,41.1,True
resnet50,Multiply_9362,20,285,32,32,32,32,17,13,0,32,0.689,65536,14144,0.7842,60,38.6,True
resnet50,Multiply_9362,20,286,32,32,32,32,16,13,0,32,0.6953,65536,13312,0.7969,59,40.4,True
resnet50,Multiply_9362,20,287,32,32,32,32,17,13,0,32,0.689,65536,14144,0.7842,60,38.9,True
resnet50,Multiply_9362,20,288,32,32,32,32,19,13,0,32,0.6763,65536,15808,0.7588,62,38.7,True
resnet50,Multiply_9362,20,289,32,32,32,32,19,13,0,32,0.6763,65536,15808,0.7588,62,144.3,True
resnet50,Multiply_9362,20,290,32,32,32,32,13,13,0,32,0.7144,65536,10816,0.835,56,38.9,True
resnet50,Multiply_9362,20,291,32,32,32,32,14,13,0,32,0.708,65536,11648,0.8223,57,38.8,True
resnet50,Multiply_9362,20,292,32,32,32,32,15,13,0,32,0.7017,65536,12480,0.8096,58,59.2,True
resnet50,Multiply_9362,20,293,32,32,32,32,23,13,0,32,0.6509,65536,19136,0.708,66,39.8,True
resnet50,Multiply_9362,20,294,32,32,32,32,15,13,0,32,0.7017,65536,12480,0.8096,58,40.1,True
resnet50,Multiply_9362,20,295,32,32,32,32,18,13,0,32,0.6826,65536,14976,0.7715,61,42.2,True
resnet50,Multiply_9362,20,296,32,32,32,32,18,13,0,32,0.6826,65536,14976,0.7715,61,179.0,True
resnet50,Multiply_9362,20,297,32,32,32,32,19,13,0,32,0.6763,65536,15808,0.7588,62,38.9,True
resnet50,Multiply_9362,20,298,32,32,32,32,22,13,0,32,0.6572,65536,18304,0.7207,65,38.5,True
resnet50,Multiply_9362,20,299,32,32,32,32,20,13,0,32,0.6699,65536,16640,0.7461,63,38.5,True
resnet50,Multiply_9362,20,300,32,32,32,32,17,13,0,32,0.689,65536,14144,0.7842,60,243.8,True
resnet50,Multiply_9362,20,301,32,32,32,32,17,13,0,32,0.689,65536,14144,0.7842,60,39.3,True
resnet50,Multiply_9362,20,302,32,32,32,32,16,13,0,32,0.6953,65536,13312,0.7969,59,392.0,True
resnet50,Multiply_9362,20,303,32,32,32,32,17,13,0,32,0.689,65536,14144,0.7842,60,38.4,True
resnet50,Multiply_9362,20,304,32,32,32,32,19,13,0,32,0.6763,65536,15808,0.7588,62,40.3,True
resnet50,Multiply_9362,20,305,32,32,32,32,19,13,0,32,0.6763,65536,15808,0.7588,62,43.0,True
resnet50,Multiply_9362,20,306,32,32,32,32,13,13,0,32,0.7144,65536,10816,0.835,56,37.5,True
resnet50,Multiply_9362,20,307,32,32,32,32,14,13,0,32,0.708,65536,11648,0.8223,57,44.4,True
resnet50,Multiply_9362,20,308,32,32,32,32,15,13,0,32,0.7017,65536,12480,0.8096,58,39.1,True
resnet50,Multiply_9362,20,309,32,32,32,32,23,13,0,32,0.6509,65536,19136,0.708,66,99.3,True
resnet50,Multiply_9362,20,310,32,32,32,32,15,13,0,32,0.7017,65536,12480,0.8096,58,39.5,True
resnet50,Multiply_9362,20,311,32,32,32,32,18,13,0,32,0.6826,65536,14976,0.7715,61,86.5,True
resnet50,Multiply_9362,20,312,32,32,32,32,18,13,0,32,0.6826,65536,14976,0.7715,61,137.9,True
resnet50,Multiply_9362,20,313,32,32,32,32,19,13,0,32,0.6763,65536,15808,0.7588,62,430.1,True
resnet50,Multiply_9362,20,314,32,32,32,32,22,13,0,32,0.6572,65536,18304,0.7207,65,40.5,True
resnet50,Multiply_9362,20,315,32,32,32,32,20,13,0,32,0.6699,65536,16640,0.7461,63,40.2,True
resnet50,Multiply_9362,20,316,32,32,32,32,17,13,0,32,0.689,65536,14144,0.7842,60,54.8,True
resnet50,Multiply_9362,20,317,32,32,32,32,17,13,0,32,0.689,65536,14144,0.7842,60,42.1,True
resnet50,Multiply_9362,20,318,32,32,32,32,16,13,0,32,0.6953,65536,13312,0.7969,59,39.0,True
resnet50,Multiply_9362,20,319,32,32,32,32,17,13,0,32,0.689,65536,14144,0.7842,60,43.6,True
resnet50,Multiply_9362,20,320,32,32,32,32,19,13,0,32,0.6763,65536,15808,0.7588,62,38.7,True
resnet50,Multiply_9362,20,321,32,32,32,32,19,13,0,32,0.6763,65536,15808,0.7588,62,44.7,True
resnet50,Multiply_9362,20,322,32,32,32,32,13,13,0,32,0.7144,65536,10816,0.835,56,41.9,True
resnet50,Multiply_9362,20,323,32,32,32,32,14,13,0,32,0.708,65536,11648,0.8223,57,48.1,True
resnet50,Multiply_9362,20,324,32,32,32,32,15,13,0,32,0.7017,65536,12480,0.8096,58,60.2,True
resnet50,Multiply_9362,20,325,32,32,32,32,23,13,0,32,0.6509,65536,19136,0.708,66,39.1,True
resnet50,Multiply_9362,20,326,32,32,32,32,15,13,0,32,0.7017,65536,12480,0.8096,58,38.3,True
resnet50,Multiply_9362,20,327,32,32,32,32,18,13,0,32,0.6826,65536,14976,0.7715,61,40.8,True
resnet50,Multiply_9362,20,328,32,32,32,32,18,13,0,32,0.6826,65536,14976,0.7715,61,81.9,True
resnet50,Multiply_9362,20,329,32,32,32,32,19,13,0,32,0.6763,65536,15808,0.7588,62,99.5,True
resnet50,Multiply_9362,20,330,32,32,32,32,22,13,0,32,0.6572,65536,18304,0.7207,65,38.7,True
resnet50,Multiply_9362,20,331,32,32,32,32,20,13,0,32,0.6699,65536,16640,0.7461,63,39.2,True
resnet50,Multiply_9362,20,332,32,32,32,32,17,13,0,32,0.689,65536,14144,0.7842,60,51.2,True
resnet50,Multiply_9362,20,333,32,32,32,32,17,13,0,32,0.689,65536,14144,0.7842,60,178.0,True
resnet50,Multiply_9362,20,334,32,32,32,32,16,13,0,32,0.6953,65536,13312,0.7969,59,94.9,True
resnet50,Multiply_9362,20,335,32,32,32,32,17,13,0,32,0.689,65536,14144,0.7842,60,40.8,True
resnet50,Multiply_9362,20,336,32,32,32,32,19,13,0,32,0.6763,65536,15808,0.7588,62,39.0,True
resnet50,Multiply_9362,20,337,32,32,32,32,19,13,0,32,0.6763,65536,15808,0.7588,62,59.1,True
resnet50,Multiply_9362,20,338,32,32,32,32,13,13,0,32,0.7144,65536,10816,0.835,56,42.0,True
resnet50,Multiply_9362,20,339,32,32,32,32,14,13,0,32,0.708,65536,11648,0.8223,57,132.7,True
resnet50,Multiply_9362,20,340,32,32,32,32,15,13,0,32,0.7017,65536,12480,0.8096,58,40.0,True
resnet50,Multiply_9362,20,341,32,32,32,32,23,13,0,32,0.6509,65536,19136,0.708,66,88.8,True
resnet50,Multiply_9362,20,342,32,32,32,32,15,13,0,32,0.7017,65536,12480,0.8096,58,118.8,True
resnet50,Multiply_9362,20,343,32,32,32,32,18,13,0,32,0.6826,65536,14976,0.7715,61,51.9,True
resnet50,Multiply_9362,20,344,32,32,32,32,18,13,0,32,0.6826,65536,14976,0.7715,61,38.5,True
resnet50,Multiply_9362,20,345,32,32,32,32,19,13,0,32,0.6763,65536,15808,0.7588,62,44.7,True
resnet50,Multiply_9362,20,346,32,32,32,32,22,13,0,32,0.6572,65536,18304,0.7207,65,50.2,True
resnet50,Multiply_9362,20,347,32,32,32,32,20,13,0,32,0.6699,65536,16640,0.7461,63,38.5,True
resnet50,Multiply_9362,20,348,32,32,32,32,17,13,0,32,0.689,65536,14144,0.7842,60,38.3,True
resnet50,Multiply_9362,20,349,32,32,32,32,17,13,0,32,0.689,65536,14144,0.7842,60,38.6,True
resnet50,Multiply_9362,20,350,32,32,32,32,16,13,0,32,0.6953,65536,13312,0.7969,59,38.4,True
resnet50,Multiply_9362,20,351,32,32,32,32,17,13,0,32,0.689,65536,14144,0.7842,60,45.4,True
resnet50,Multiply_9362,20,352,32,32,32,32,19,13,0,32,0.6763,65536,15808,0.7588,62,46.0,True
resnet50,Multiply_9362,20,353,32,32,32,32,19,13,0,32,0.6763,65536,15808,0.7588,62,37.3,True
resnet50,Multiply_9362,20,354,32,32,32,32,13,13,0,32,0.7144,65536,10816,0.835,56,85.5,True
resnet50,Multiply_9362,20,355,32,32,32,32,14,13,0,32,0.708,65536,11648,0.8223,57,44.4,True
resnet50,Multiply_9362,20,356,32,32,32,32,15,13,0,32,0.7017,65536,12480,0.8096,58,44.1,True
resnet50,Multiply_9362,20,357,32,32,32,32,23,13,0,32,0.6509,65536,19136,0.708,66,39.6,True
resnet50,Multiply_9362,20,358,32,32,32,32,15,13,0,32,0.7017,65536,12480,0.8096,58,37.6,True
resnet50,Multiply_9362,20,359,32,32,32,32,18,13,0,32,0.6826,65536,14976,0.7715,61,91.6,True
resnet50,Multiply_9362,20,360,32,32,32,32,18,13,0,32,0.6826,65536,14976,0.7715,61,57.4,True
resnet50,Multiply_9362,20,361,32,32,32,32,19,13,0,32,0.6763,65536,15808,0.7588,62,37.3,True
resnet50,Multiply_9362,20,362,32,32,32,32,22,13,0,32,0.6572,65536,18304,0.7207,65,49.3,True
resnet50,Multiply_9362,20,363,32,32,32,32,20,13,0,32,0.6699,65536,16640,0.7461,63,40.5,True
resnet50,Multiply_9362,20,364,32,32,32,32,17,13,0,32,0.689,65536,14144,0.7842,60,38.6,True
resnet50,Multiply_9362,20,365,32,32,32,32,17,13,0,32,0.689,65536,14144,0.7842,60,38.7,True
resnet50,Multiply_9362,20,366,32,32,32,32,16,13,0,32,0.6953,65536,13312,0.7969,59,75.7,True
resnet50,Multiply_9362,20,367,32,32,32,32,17,13,0,32,0.689,65536,14144,0.7842,60,38.4,True
resnet50,Multiply_9362,20,368,32,32,32,32,19,13,0,32,0.6763,65536,15808,0.7588,62,140.7,True
resnet50,Multiply_9362,20,369,32,32,32,32,19,15,0,32,0.6265,65536,18240,0.7217,64,159.0,True
resnet50,Multiply_9362,20,370,32,32,32,32,13,15,0,32,0.6704,65536,12480,0.8096,58,38.4,True
resnet50,Multiply_9362,20,371,32,32,32,32,14,15,0,32,0.6631,65536,13440,0.7949,59,38.9,True
resnet50,Multiply_9362,20,372,32,32,32,32,15,15,0,32,0.6558,65536,14400,0.7803,60,127.3,True
resnet50,Multiply_9362,20,373,32,32,32,32,23,15,0,32,0.5972,65536,22080,0.6631,68,104.7,True
resnet50,Multiply_9362,20,374,32,32,32,32,15,15,0,32,0.6558,65536,14400,0.7803,60,44.2,True
resnet50,Multiply_9362,20,375,32,32,32,32,18,15,0,32,0.6338,65536,17280,0.7363,63,58.7,True
resnet50,Multiply_9362,20,376,32,32,32,32,18,15,0,32,0.6338,65536,17280,0.7363,63,38.4,True
resnet50,Multiply_9362,20,377,32,32,32,32,19,15,0,32,0.6265,65536,18240,0.7217,64,128.1,True
resnet50,Multiply_9362,20,378,32,32,32,32,22,15,0,32,0.6045,65536,21120,0.6777,67,39.5,True
resnet50,Multiply_9362,20,379,32,32,32,32,20,15,0,32,0.6191,65536,19200,0.707,65,81.9,True
resnet50,Multiply_9362,20,380,32,32,32,32,17,15,0,32,0.6411,65536,16320,0.751,62,54.5,True
resnet50,Multiply_9362,20,381,32,32,32,32,17,15,0,32,0.6411,65536,16320,0.751,62,44.4,True
resnet50,Multiply_9362,20,382,32,32,32,32,16,15,0,32,0.6484,65536,15360,0.7656,61,38.9,True
resnet50,Multiply_9362,20,383,32,32,32,32,17,15,0,32,0.6411,65536,16320,0.751,62,38.5,True
resnet50,Multiply_9362,20,384,32,32,32,32,19,15,0,32,0.6265,65536,18240,0.7217,64,85.9,True
resnet50,Multiply_9362,20,385,16,32,32,16,19,14,0,32,0.681,32768,8512,0.7402,47,25.8,True
resnet50,Multiply_9362,20,386,16,32,32,16,13,14,1,16,0.7357,32768,5824,0.8223,41,22.0,True
resnet50,Multiply_9362,20,387,16,32,32,16,14,14,1,16,0.7266,32768,6272,0.8086,42,29.1,True
resnet50,Multiply_9362,20,388,16,32,32,16,15,14,1,16,0.7174,32768,6720,0.7949,43,95.4,True
resnet50,Multiply_9362,20,389,16,32,32,16,23,14,0,32,0.6445,32768,10304,0.6855,51,27.7,True
resnet50,Multiply_9362,20,390,16,32,32,16,15,14,1,16,0.7174,32768,6720,0.7949,43,22.1,True
resnet50,Multiply_9362,20,391,16,32,32,16,18,14,0,32,0.6901,32768,8064,0.7539,46,20.3,True
resnet50,Multiply_9362,20,392,16,32,32,16,18,14,0,32,0.6901,32768,8064,0.7539,46,36.9,True
resnet50,Multiply_9362,20,393,16,32,32,16,19,14,0,32,0.681,32768,8512,0.7402,47,63.1,True
resnet50,Multiply_9362,20,394,16,32,32,16,22,14,0,32,0.6536,32768,9856,0.6992,50,113.2,True
resnet50,Multiply_9362,20,395,16,32,32,16,20,14,0,32,0.6719,32768,8960,0.7266,48,23.0,True
resnet50,Multiply_9362,20,396,16,32,32,16,17,14,0,32,0.6992,32768,7616,0.7676,45,21.5,True
resnet50,Multiply_9362,20,397,16,32,32,16,17,14,0,32,0.6992,32768,7616,0.7676,45,24.4,True
resnet50,Multiply_9362,20,398,16,32,32,16,16,14,1,16,0.7083,32768,7168,0.7812,44,22.4,True
resnet50,Multiply_9362,20,399,16,32,32,16,17,14,0,32,0.6992,32768,7616,0.7676,45,22.2,True
resnet50,Multiply_9362,20,400,16,32,32,16,19,14,0,32,0.681,32768,8512,0.7402,47,104.4,True
resnet50,Multiply_9355,21,1,32,32,32,32,19,22,0,32,0.4521,65536,26752,0.5918,71,38.7,True
resnet50,Multiply_9355,21,2,32,32,32,32,13,22,0,32,0.5166,65536,18304,0.7207,65,40.0,True
resnet50,Multiply_9355,21,3,32,32,32,32,19,22,0,32,0.4521,65536,26752,0.5918,71,39.3,True
resnet50,Multiply_9355,21,4,32,32,32,32,19,22,0,32,0.4521,65536,26752,0.5918,71,38.3,True
resnet50,Multiply_9355,21,5,32,32,32,32,19,23,0,32,0.4272,65536,27968,0.5732,72,194.7,True
resnet50,Multiply_9355,21,6,32,32,32,32,13,23,0,32,0.4946,65536,19136,0.708,66,39.9,True
resnet50,Multiply_9355,21,7,32,32,32,32,19,23,0,32,0.4272,65536,27968,0.5732,72,105.1,True
resnet50,Multiply_9355,21,8,32,32,32,32,19,23,0,32,0.4272,65536,27968,0.5732,72,38.7,True
resnet50,Multiply_9355,21,9,32,32,32,32,19,23,0,32,0.4272,65536,27968,0.5732,72,40.2,True
resnet50,Multiply_9355,21,10,32,32,32,32,13,23,0,32,0.4946,65536,19136,0.708,66,61.8,True
resnet50,Multiply_9355,21,11,32,32,32,32,19,23,0,32,0.4272,65536,27968,0.5732,72,39.1,True
resnet50,Multiply_9355,21,12,32,32,32,32,19,23,0,32,0.4272,65536,27968,0.5732,72,39.2,True
resnet50,Multiply_9355,21,13,32,32,32,32,19,23,0,32,0.4272,65536,27968,0.5732,72,40.7,True
resnet50,Multiply_9355,21,14,32,32,32,32,13,23,0,32,0.4946,65536,19136,0.708,66,38.1,True
resnet50,Multiply_9355,21,15,32,32,32,32,19,23,0,32,0.4272,65536,27968,0.5732,72,62.4,True
resnet50,Multiply_9355,21,16,32,32,32,32,19,23,0,32,0.4272,65536,27968,0.5732,72,38.8,True
resnet50,Multiply_9355,21,17,32,32,32,32,19,23,0,32,0.4272,65536,27968,0.5732,72,47.7,True
resnet50,Multiply_9355,21,18,32,32,32,32,13,23,0,32,0.4946,65536,19136,0.708,66,44.5,True
resnet50,Multiply_9355,21,19,32,32,32,32,19,23,0,32,0.4272,65536,27968,0.5732,72,77.7,True
resnet50,Multiply_9355,21,20,32,32,32,32,19,23,0,32,0.4272,65536,27968,0.5732,72,39.5,True
resnet50,Multiply_9355,21,21,32,32,32,32,19,23,0,32,0.4272,65536,27968,0.5732,72,41.8,True
resnet50,Multiply_9355,21,22,32,32,32,32,13,23,0,32,0.4946,65536,19136,0.708,66,38.9,True
resnet50,Multiply_9355,21,23,32,32,32,32,19,23,0,32,0.4272,65536,27968,0.5732,72,39.3,True
resnet50,Multiply_9355,21,24,32,32,32,32,19,23,0,32,0.4272,65536,27968,0.5732,72,82.2,True
resnet50,Multiply_9355,21,25,32,32,32,32,19,22,0,32,0.4521,65536,26752,0.5918,71,38.6,True
resnet50,Multiply_9355,21,26,32,32,32,32,13,22,0,32,0.5166,65536,18304,0.7207,65,39.4,True
resnet50,Multiply_9355,21,27,32,32,32,32,19,22,0,32,0.4521,65536,26752,0.5918,71,38.4,True
resnet50,Multiply_9355,21,28,32,32,32,32,19,22,0,32,0.4521,65536,26752,0.5918,71,40.9,True
resnet50,Multiply_9355,21,29,32,32,32,32,19,22,0,32,0.4521,65536,26752,0.5918,71,47.4,True
resnet50,Multiply_9355,21,30,32,32,32,32,13,22,0,32,0.5166,65536,18304,0.7207,65,39.5,True
resnet50,Multiply_9355,21,31,32,32,32,32,19,22,0,32,0.4521,65536,26752,0.5918,71,40.4,True
resnet50,Multiply_9355,21,32,32,32,32,32,19,22,0,32,0.4521,65536,26752,0.5918,71,38.7,True
resnet50,Multiply_9355,21,33,32,32,32,32,19,23,0,32,0.4272,65536,27968,0.5732,72,47.8,True
resnet50,Multiply_9355,21,34,32,32,32,32,13,23,0,32,0.4946,65536,19136,0.708,66,99.3,True
resnet50,Multiply_9355,21,35,32,32,32,32,19,23,0,32,0.4272,65536,27968,0.5732,72,44.6,True
resnet50,Multiply_9355,21,36,32,32,32,32,19,23,0,32,0.4272,65536,27968,0.5732,72,38.5,True
resnet50,Multiply_9355,21,37,32,32,32,32,19,23,0,32,0.4272,65536,27968,0.5732,72,40.0,True
resnet50,Multiply_9355,21,38,32,32,32,32,13,23,0,32,0.4946,65536,19136,0.708,66,38.4,True
resnet50,Multiply_9355,21,39,32,32,32,32,19,23,0,32,0.4272,65536,27968,0.5732,72,44.3,True
resnet50,Multiply_9355,21,40,32,32,32,32,19,23,0,32,0.4272,65536,27968,0.5732,72,72.0,True
resnet50,Multiply_9355,21,41,32,32,32,32,19,23,0,32,0.4272,65536,27968,0.5732,72,42.6,True
resnet50,Multiply_9355,21,42,32,32,32,32,13,23,0,32,0.4946,65536,19136,0.708,66,188.2,True
resnet50,Multiply_9355,21,43,32,32,32,32,19,23,0,32,0.4272,65536,27968,0.5732,72,39.0,True
resnet50,Multiply_9355,21,44,32,32,32,32,19,23,0,32,0.4272,65536,27968,0.5732,72,224.4,True
resnet50,Multiply_9355,21,45,32,32,32,32,19,23,0,32,0.4272,65536,27968,0.5732,72,38.8,True
resnet50,Multiply_9355,21,46,32,32,32,32,13,23,0,32,0.4946,65536,19136,0.708,66,39.4,True
resnet50,Multiply_9355,21,47,32,32,32,32,19,23,0,32,0.4272,65536,27968,0.5732,72,38.4,True
resnet50,Multiply_9355,21,48,32,32,32,32,19,23,0,32,0.4272,65536,27968,0.5732,72,38.9,True
resnet50,Multiply_9355,21,49,32,32,32,32,19,23,0,32,0.4272,65536,27968,0.5732,72,56.9,True
resnet50,Multiply_9355,21,50,32,32,32,32,13,23,0,32,0.4946,65536,19136,0.708,66,38.1,True
resnet50,Multiply_9355,21,51,32,32,32,32,19,23,0,32,0.4272,65536,27968,0.5732,72,38.4,True
resnet50,Multiply_9355,21,52,32,32,32,32,19,23,0,32,0.4272,65536,27968,0.5732,72,112.4,True
resnet50,Multiply_9355,21,53,32,32,32,32,19,23,0,32,0.4272,65536,27968,0.5732,72,103.6,True
resnet50,Multiply_9355,21,54,32,32,32,32,13,23,0,32,0.4946,65536,19136,0.708,66,38.8,True
resnet50,Multiply_9355,21,55,32,32,32,32,19,23,0,32,0.4272,65536,27968,0.5732,72,38.6,True
resnet50,Multiply_9355,21,56,32,32,32,32,19,23,0,32,0.4272,65536,27968,0.5732,72,39.3,True
resnet50,Multiply_9355,21,57,32,32,32,32,19,23,0,32,0.4272,65536,27968,0.5732,72,38.9,True
resnet50,Multiply_9355,21,58,32,32,32,32,13,23,0,32,0.4946,65536,19136,0.708,66,38.8,True
resnet50,Multiply_9355,21,59,32,32,32,32,19,23,0,32,0.4272,65536,27968,0.5732,72,38.9,True
resnet50,Multiply_9355,21,60,32,32,32,32,19,23,0,32,0.4272,65536,27968,0.5732,72,38.2,True
resnet50,Multiply_9355,21,61,32,32,32,32,19,22,0,32,0.4521,65536,26752,0.5918,71,62.7,True
resnet50,Multiply_9355,21,62,32,32,32,32,13,22,0,32,0.5166,65536,18304,0.7207,65,161.8,True
resnet50,Multiply_9355,21,63,32,32,32,32,19,22,0,32,0.4521,65536,26752,0.5918,71,39.0,True
resnet50,Multiply_9355,21,64,32,32,32,32,19,22,0,32,0.4521,65536,26752,0.5918,71,39.1,True
resnet50,Multiply_9355,21,65,32,32,32,32,19,22,0,32,0.4521,65536,26752,0.5918,71,174.9,True
resnet50,Multiply_9355,21,66,32,32,32,32,13,22,0,32,0.5166,65536,18304,0.7207,65,37.9,True
resnet50,Multiply_9355,21,67,32,32,32,32,19,22,0,32,0.4521,65536,26752,0.5918,71,45.9,True
resnet50,Multiply_9355,21,68,32,32,32,32,19,22,0,32,0.4521,65536,26752,0.5918,71,39.7,True
resnet50,Multiply_9355,21,69,32,32,32,32,19,23,0,32,0.4272,65536,27968,0.5732,72,47.2,True
resnet50,Multiply_9355,21,70,32,32,32,32,13,23,0,32,0.4946,65536,19136,0.708,66,39.3,True
resnet50,Multiply_9355,21,71,32,32,32,32,19,23,0,32,0.4272,65536,27968,0.5732,72,37.2,True
resnet50,Multiply_9355,21,72,32,32,32,32,19,23,0,32,0.4272,65536,27968,0.5732,72,38.9,True
resnet50,Multiply_9355,21,73,32,32,32,32,19,23,0,32,0.4272,65536,27968,0.5732,72,46.5,True
resnet50,Multiply_9355,21,74,32,32,32,32,13,23,0,32,0.4946,65536,19136,0.708,66,38.2,True
resnet50,Multiply_9355,21,75,32,32,32,32,19,23,0,32,0.4272,65536,27968,0.5732,72,40.3,True
resnet50,Multiply_9355,21,76,32,32,32,32,19,23,0,32,0.4272,65536,27968,0.5732,72,38.8,True
resnet50,Multiply_9355,21,77,32,32,32,32,19,23,0,32,0.4272,65536,27968,0.5732,72,47.4,True
resnet50,Multiply_9355,21,78,32,32,32,32,13,23,0,32,0.4946,65536,19136,0.708,66,38.3,True
resnet50,Multiply_9355,21,79,32,32,32,32,19,23,0,32,0.4272,65536,27968,0.5732,72,38.9,True
resnet50,Multiply_9355,21,80,32,32,32,32,19,23,0,32,0.4272,65536,27968,0.5732,72,36.7,True
resnet50,Multiply_9355,21,81,32,32,32,32,19,23,0,32,0.4272,65536,27968,0.5732,72,41.9,True
resnet50,Multiply_9355,21,82,32,32,32,32,13,23,0,32,0.4946,65536,19136,0.708,66,39.5,True
resnet50,Multiply_9355,21,83,32,32,32,32,19,23,0,32,0.4272,65536,27968,0.5732,72,47.4,True
resnet50,Multiply_9355,21,84,32,32,32,32,19,23,0,32,0.4272,65536,27968,0.5732,72,71.5,True
resnet50,Multiply_9355,21,85,32,32,32,32,19,23,0,32,0.4272,65536,27968,0.5732,72,38.3,True
resnet50,Multiply_9355,21,86,32,32,32,32,13,23,0,32,0.4946,65536,19136,0.708,66,38.9,True
resnet50,Multiply_9355,21,87,32,32,32,32,19,23,0,32,0.4272,65536,27968,0.5732,72,38.5,True
resnet50,Multiply_9355,21,88,32,32,32,32,19,23,0,32,0.4272,65536,27968,0.5732,72,37.6,True
resnet50,Multiply_9355,21,89,32,32,32,32,19,22,0,32,0.4521,65536,26752,0.5918,71,38.4,True
resnet50,Multiply_9355,21,90,32,32,32,32,13,22,0,32,0.5166,65536,18304,0.7207,65,106.4,True
resnet50,Multiply_9355,21,91,32,32,32,32,19,22,0,32,0.4521,65536,26752,0.5918,71,75.0,True
resnet50,Multiply_9355,21,92,32,32,32,32,19,22,0,32,0.4521,65536,26752,0.5918,71,47.8,True
resnet50,Multiply_9355,21,93,32,32,32,32,19,16,0,32,0.6016,65536,19456,0.7031,65,42.5,True
resnet50,Multiply_9355,21,94,32,32,32,32,13,16,0,32,0.6484,65536,13312,0.7969,59,38.0,True
resnet50,Multiply_9355,21,95,32,32,32,32,19,16,0,32,0.6016,65536,19456,0.7031,65,38.6,True
resnet50,Multiply_9355,21,96,32,32,32,32,19,16,0,32,0.6016,65536,19456,0.7031,65,41.5,True
resnet50,Multiply_9355,21,97,16,32,32,16,19,10,0,32,0.7721,32768,6080,0.8145,43,26.9,True
resnet50,Multiply_9355,21,98,16,32,32,16,13,10,1,16,0.8112,32768,4160,0.873,37,21.5,True
resnet50,Multiply_9355,21,99,16,32,32,16,19,10,0,32,0.7721,32768,6080,0.8145,43,22.3,True
resnet50,Multiply_9355,21,100,16,32,32,16,19,10,0,32,0.7721,32768,6080,0.8145,43,21.8,True
resnet50,Multiply_9348,22,1,32,32,32,32,17,13,0,32,0.689,65536,14144,0.7842,60,42.6,True
resnet50,Multiply_9348,22,2,32,32,32,32,21,13,0,32,0.6636,65536,17472,0.7334,64,37.9,True
resnet50,Multiply_9348,22,3,32,32,32,32,17,13,0,32,0.689,65536,14144,0.7842,60,38.3,True
resnet50,Multiply_9348,22,4,32,32,32,32,15,13,0,32,0.7017,65536,12480,0.8096,58,38.4,True
resnet50,Multiply_9348,22,5,32,32,32,32,17,11,0,32,0.7368,65536,11968,0.8174,58,42.8,True
resnet50,Multiply_9348,22,6,32,32,32,32,21,11,0,32,0.7153,65536,14784,0.7744,62,39.2,True
resnet50,Multiply_9348,22,7,32,32,32,32,17,11,0,32,0.7368,65536,11968,0.8174,58,38.3,True
resnet50,Multiply_9348,22,8,32,32,32,32,15,11,0,32,0.7476,65536,10560,0.8389,56,38.7,True
resnet50,Multiply_9348,22,9,32,32,32,32,17,12,0,32,0.7129,65536,13056,0.8008,59,40.3,True
resnet50,Multiply_9348,22,10,32,32,32,32,21,12,0,32,0.6895,65536,16128,0.7539,63,93.8,True
resnet50,Multiply_9348,22,11,32,32,32,32,17,12,0,32,0.7129,65536,13056,0.8008,59,39.0,True
resnet50,Multiply_9348,22,12,32,32,32,32,15,12,0,32,0.7246,65536,11520,0.8242,57,38.6,True
resnet50,Multiply_9348,22,13,32,32,32,32,17,13,0,32,0.689,65536,14144,0.7842,60,38.4,True
resnet50,Multiply_9348,22,14,32,32,32,32,21,13,0,32,0.6636,65536,17472,0.7334,64,45.8,True
resnet50,Multiply_9348,22,15,32,32,32,32,17,13,0,32,0.689,65536,14144,0.7842,60,196.8,True
resnet50,Multiply_9348,22,16,32,32,32,32,15,13,0,32,0.7017,65536,12480,0.8096,58,161.6,True
resnet50,Multiply_9348,22,17,32,32,32,32,17,13,0,32,0.689,65536,14144,0.7842,60,49.8,True
resnet50,Multiply_9348,22,18,32,32,32,32,21,13,0,32,0.6636,65536,17472,0.7334,64,162.5,True
resnet50,Multiply_9348,22,19,32,32,32,32,17,13,0,32,0.689,65536,14144,0.7842,60,72.7,True
resnet50,Multiply_9348,22,20,32,32,32,32,15,13,0,32,0.7017,65536,12480,0.8096,58,38.4,True
resnet50,Multiply_9348,22,21,32,32,32,32,17,13,0,32,0.689,65536,14144,0.7842,60,145.4,True
resnet50,Multiply_9348,22,22,32,32,32,32,21,13,0,32,0.6636,65536,17472,0.7334,64,199.6,True
resnet50,Multiply_9348,22,23,32,32,32,32,17,13,0,32,0.689,65536,14144,0.7842,60,44.6,True
resnet50,Multiply_9348,22,24,32,32,32,32,15,13,0,32,0.7017,65536,12480,0.8096,58,39.8,True
resnet50,Multiply_9348,22,25,32,32,32,32,17,12,0,32,0.7129,65536,13056,0.8008,59,183.7,True
resnet50,Multiply_9348,22,26,32,32,32,32,21,12,0,32,0.6895,65536,16128,0.7539,63,178.3,True
resnet50,Multiply_9348,22,27,32,32,32,32,17,12,0,32,0.7129,65536,13056,0.8008,59,42.7,True
resnet50,Multiply_9348,22,28,32,32,32,32,15,12,0,32,0.7246,65536,11520,0.8242,57,53.5,True
resnet50,Multiply_9348,22,29,32,32,32,32,17,11,0,32,0.7368,65536,11968,0.8174,58,38.6,True
resnet50,Multiply_9348,22,30,32,32,32,32,21,11,0,32,0.7153,65536,14784,0.7744,62,40.7,True
resnet50,Multiply_9348,22,31,32,32,32,32,17,11,0,32,0.7368,65536,11968,0.8174,58,38.8,True
resnet50,Multiply_9348,22,32,32,32,32,32,15,11,0,32,0.7476,65536,10560,0.8389,56,192.1,True
resnet50,Multiply_9348,22,33,32,32,32,32,17,12,0,32,0.7129,65536,13056,0.8008,59,195.0,True
resnet50,Multiply_9348,22,34,32,32,32,32,21,12,0,32,0.6895,65536,16128,0.7539,63,37.4,True
resnet50,Multiply_9348,22,35,32,32,32,32,17,12,0,32,0.7129,65536,13056,0.8008,59,38.7,True
resnet50,Multiply_9348,22,36,32,32,32,32,15,12,0,32,0.7246,65536,11520,0.8242,57,39.1,True
resnet50,Multiply_9348,22,37,32,32,32,32,17,14,0,32,0.665,65536,15232,0.7676,61,59.4,True
resnet50,Multiply_9348,22,38,32,32,32,32,21,14,0,32,0.6377,65536,18816,0.7129,65,81.3,True
resnet50,Multiply_9348,22,39,32,32,32,32,17,14,0,32,0.665,65536,15232,0.7676,61,39.2,True
resnet50,Multiply_9348,22,40,32,32,32,32,15,14,0,32,0.6787,65536,13440,0.7949,59,149.1,True
resnet50,Multiply_9348,22,41,32,32,32,32,17,12,0,32,0.7129,65536,13056,0.8008,59,38.2,True
resnet50,Multiply_9348,22,42,32,32,32,32,21,12,0,32,0.6895,65536,16128,0.7539,63,38.1,True
resnet50,Multiply_9348,22,43,32,32,32,32,17,12,0,32,0.7129,65536,13056,0.8008,59,38.2,True
resnet50,Multiply_9348,22,44,32,32,32,32,15,12,0,32,0.7246,65536,11520,0.8242,57,38.5,True
resnet50,Multiply_9348,22,45,32,32,32,32,17,12,0,32,0.7129,65536,13056,0.8008,59,38.2,True
resnet50,Multiply_9348,22,46,32,32,32,32,21,12,0,32,0.6895,65536,16128,0.7539,63,38.4,True
resnet50,Multiply_9348,22,47,32,32,32,32,17,12,0,32,0.7129,65536,13056,0.8008,59,39.9,True
resnet50,Multiply_9348,22,48,32,32,32,32,15,12,0,32,0.7246,65536,11520,0.8242,57,148.7,True
resnet50,Multiply_9348,22,49,32,32,32,32,17,12,0,32,0.7129,65536,13056,0.8008,59,39.3,True
resnet50,Multiply_9348,22,50,32,32,32,32,21,12,0,32,0.6895,65536,16128,0.7539,63,76.0,True
resnet50,Multiply_9348,22,51,32,32,32,32,17,12,0,32,0.7129,65536,13056,0.8008,59,102.7,True
resnet50,Multiply_9348,22,52,32,32,32,32,15,12,0,32,0.7246,65536,11520,0.8242,57,40.0,True
resnet50,Multiply_9348,22,53,32,32,32,32,17,10,0,32,0.7607,65536,10880,0.834,57,73.8,True
resnet50,Multiply_9348,22,54,32,32,32,32,21,10,0,32,0.7412,65536,13440,0.7949,61,38.5,True
resnet50,Multiply_9348,22,55,32,32,32,32,17,10,0,32,0.7607,65536,10880,0.834,57,47.8,True
resnet50,Multiply_9348,22,56,32,32,32,32,15,10,0,32,0.7705,65536,9600,0.8535,55,220.7,True
resnet50,Multiply_9348,22,57,32,32,32,32,17,11,0,32,0.7368,65536,11968,0.8174,58,47.7,True
resnet50,Multiply_9348,22,58,32,32,32,32,21,11,0,32,0.7153,65536,14784,0.7744,62,111.1,True
resnet50,Multiply_9348,22,59,32,32,32,32,17,11,0,32,0.7368,65536,11968,0.8174,58,40.8,True
resnet50,Multiply_9348,22,60,32,32,32,32,15,11,0,32,0.7476,65536,10560,0.8389,56,38.2,True
resnet50,Multiply_9348,22,61,32,32,32,32,17,11,0,32,0.7368,65536,11968,0.8174,58,37.6,True
resnet50,Multiply_9348,22,62,32,32,32,32,21,11,0,32,0.7153,65536,14784,0.7744,62,197.8,True
resnet50,Multiply_9348,22,63,32,32,32,32,17,11,0,32,0.7368,65536,11968,0.8174,58,169.2,True
resnet50,Multiply_9348,22,64,32,32,32,32,15,11,0,32,0.7476,65536,10560,0.8389,56,40.7,True
resnet50,Multiply_9348,22,65,32,32,32,32,17,13,0,32,0.689,65536,14144,0.7842,60,61.2,True
resnet50,Multiply_9348,22,66,32,32,32,32,21,13,0,32,0.6636,65536,17472,0.7334,64,39.5,True
resnet50,Multiply_9348,22,67,32,32,32,32,17,13,0,32,0.689,65536,14144,0.7842,60,56.1,True
resnet50,Multiply_9348,22,68,32,32,32,32,15,13,0,32,0.7017,65536,12480,0.8096,58,199.9,True
resnet50,Multiply_9348,22,69,32,32,32,32,17,13,0,32,0.689,65536,14144,0.7842,60,50.2,True
resnet50,Multiply_9348,22,70,32,32,32,32,21,13,0,32,0.6636,65536,17472,0.7334,64,90.5,True
resnet50,Multiply_9348,22,71,32,32,32,32,17,13,0,32,0.689,65536,14144,0.7842,60,63.1,True
resnet50,Multiply_9348,22,72,32,32,32,32,15,13,0,32,0.7017,65536,12480,0.8096,58,38.7,True
resnet50,Multiply_9348,22,73,32,32,32,32,17,13,0,32,0.689,65536,14144,0.7842,60,38.8,True
resnet50,Multiply_9348,22,74,32,32,32,32,21,13,0,32,0.6636,65536,17472,0.7334,64,48.2,True
resnet50,Multiply_9348,22,75,32,32,32,32,17,13,0,32,0.689,65536,14144,0.7842,60,53.1,True
resnet50,Multiply_9348,22,76,32,32,32,32,15,13,0,32,0.7017,65536,12480,0.8096,58,38.8,True
resnet50,Multiply_9348,22,77,32,32,32,32,17,11,0,32,0.7368,65536,11968,0.8174,58,47.3,True
resnet50,Multiply_9348,22,78,32,32,32,32,21,11,0,32,0.7153,65536,14784,0.7744,62,179.3,True
resnet50,Multiply_9348,22,79,32,32,32,32,17,11,0,32,0.7368,65536,11968,0.8174,58,39.2,True
resnet50,Multiply_9348,22,80,32,32,32,32,15,11,0,32,0.7476,65536,10560,0.8389,56,39.7,True
resnet50,Multiply_9348,22,81,32,32,32,32,17,12,0,32,0.7129,65536,13056,0.8008,59,74.4,True
resnet50,Multiply_9348,22,82,32,32,32,32,21,12,0,32,0.6895,65536,16128,0.7539,63,38.8,True
resnet50,Multiply_9348,22,83,32,32,32,32,17,12,0,32,0.7129,65536,13056,0.8008,59,44.5,True
resnet50,Multiply_9348,22,84,32,32,32,32,15,12,0,32,0.7246,65536,11520,0.8242,57,40.2,True
resnet50,Multiply_9348,22,85,32,32,32,32,17,12,0,32,0.7129,65536,13056,0.8008,59,38.0,True
resnet50,Multiply_9348,22,86,32,32,32,32,21,12,0,32,0.6895,65536,16128,0.7539,63,199.0,True
resnet50,Multiply_9348,22,87,32,32,32,32,17,12,0,32,0.7129,65536,13056,0.8008,59,42.4,True
resnet50,Multiply_9348,22,88,32,32,32,32,15,12,0,32,0.7246,65536,11520,0.8242,57,40.6,True
resnet50,Multiply_9348,22,89,32,32,32,32,17,11,0,32,0.7368,65536,11968,0.8174,58,37.8,True
resnet50,Multiply_9348,22,90,32,32,32,32,21,11,0,32,0.7153,65536,14784,0.7744,62,39.3,True
resnet50,Multiply_9348,22,91,32,32,32,32,17,11,0,32,0.7368,65536,11968,0.8174,58,62.2,True
resnet50,Multiply_9348,22,92,32,32,32,32,15,11,0,32,0.7476,65536,10560,0.8389,56,38.4,True
resnet50,Multiply_9348,22,93,32,32,32,32,17,12,0,32,0.7129,65536,13056,0.8008,59,48.0,True
resnet50,Multiply_9348,22,94,32,32,32,32,21,12,0,32,0.6895,65536,16128,0.7539,63,48.2,True
resnet50,Multiply_9348,22,95,32,32,32,32,17,12,0,32,0.7129,65536,13056,0.8008,59,212.3,True
resnet50,Multiply_9348,22,96,32,32,32,32,15,12,0,32,0.7246,65536,11520,0.8242,57,120.7,True
resnet50,Multiply_9348,22,97,16,32,32,16,17,11,0,32,0.7637,32768,5984,0.8174,42,26.9,True
resnet50,Multiply_9348,22,98,16,32,32,16,21,11,0,32,0.735,32768,7392,0.7744,46,22.9,True
resnet50,Multiply_9348,22,99,16,32,32,16,17,11,0,32,0.7637,32768,5984,0.8174,42,37.8,True
resnet50,Multiply_9348,22,100,16,32,32,16,15,11,1,16,0.778,32768,5280,0.8389,40,22.4,True
resnet50,Multiply_9383,23,1,32,32,32,32,16,13,0,32,0.6953,65536,13312,0.7969,59,42.9,True
resnet50,Multiply_9383,23,2,32,32,32,32,17,13,0,32,0.689,65536,14144,0.7842,60,38.7,True
resnet50,Multiply_9383,23,3,32,32,32,32,24,13,0,32,0.6445,65536,19968,0.6953,67,39.1,True
resnet50,Multiply_9383,23,4,32,32,32,32,18,13,0,32,0.6826,65536,14976,0.7715,61,38.7,True
resnet50,Multiply_9383,23,5,32,32,32,32,15,13,0,32,0.7017,65536,12480,0.8096,58,56.3,True
resnet50,Multiply_9383,23,6,32,32,32,32,15,13,0,32,0.7017,65536,12480,0.8096,58,99.5,True
resnet50,Multiply_9383,23,7,32,32,32,32,17,13,0,32,0.689,65536,14144,0.7842,60,38.3,True
resnet50,Multiply_9383,23,8,32,32,32,32,18,13,0,32,0.6826,65536,14976,0.7715,61,38.7,True
resnet50,Multiply_9383,23,9,32,32,32,32,18,13,0,32,0.6826,65536,14976,0.7715,61,38.7,True
resnet50,Multiply_9383,23,10,32,32,32,32,18,13,0,32,0.6826,65536,14976,0.7715,61,50.5,True
resnet50,Multiply_9383,23,11,32,32,32,32,15,13,0,32,0.7017,65536,12480,0.8096,58,196.0,True
resnet50,Multiply_9383,23,12,32,32,32,32,19,13,0,32,0.6763,65536,15808,0.7588,62,40.4,True
resnet50,Multiply_9383,23,13,32,32,32,32,17,13,0,32,0.689,65536,14144,0.7842,60,108.6,True
resnet50,Multiply_9383,23,14,32,32,32,32,21,13,0,32,0.6636,65536,17472,0.7334,64,38.8,True
resnet50,Multiply_9383,23,15,32,32,32,32,19,13,0,32,0.6763,65536,15808,0.7588,62,37.1,True
resnet50,Multiply_9383,23,16,32,32,32,32,15,13,0,32,0.7017,65536,12480,0.8096,58,51.9,True
resnet50,Multiply_9383,23,17,32,32,32,32,16,12,0,32,0.7188,65536,12288,0.8125,58,37.5,True
resnet50,Multiply_9383,23,18,32,32,32,32,17,12,0,32,0.7129,65536,13056,0.8008,59,39.2,True
resnet50,Multiply_9383,23,19,32,32,32,32,24,12,0,32,0.6719,65536,18432,0.7188,66,38.9,True
resnet50,Multiply_9383,23,20,32,32,32,32,18,12,0,32,0.707,65536,13824,0.7891,60,39.6,True
resnet50,Multiply_9383,23,21,32,32,32,32,15,12,0,32,0.7246,65536,11520,0.8242,57,44.0,True
resnet50,Multiply_9383,23,22,32,32,32,32,15,12,0,32,0.7246,65536,11520,0.8242,57,38.3,True
resnet50,Multiply_9383,23,23,32,32,32,32,17,12,0,32,0.7129,65536,13056,0.8008,59,44.9,True
resnet50,Multiply_9383,23,24,32,32,32,32,18,12,0,32,0.707,65536,13824,0.7891,60,175.3,True
resnet50,Multiply_9383,23,25,32,32,32,32,18,12,0,32,0.707,65536,13824,0.7891,60,148.6,True
resnet50,Multiply_9383,23,26,32,32,32,32,18,12,0,32,0.707,65536,13824,0.7891,60,36.6,True
resnet50,Multiply_9383,23,27,32,32,32,32,15,12,0,32,0.7246,65536,11520,0.8242,57,46.1,True
resnet50,Multiply_9383,23,28,32,32,32,32,19,12,0,32,0.7012,65536,14592,0.7773,61,150.4,True
resnet50,Multiply_9383,23,29,32,32,32,32,17,12,0,32,0.7129,65536,13056,0.8008,59,94.6,True
resnet50,Multiply_9383,23,30,32,32,32,32,21,12,0,32,0.6895,65536,16128,0.7539,63,38.5,True
resnet50,Multiply_9383,23,31,32,32,32,32,19,12,0,32,0.7012,65536,14592,0.7773,61,38.7,True
resnet50,Multiply_9383,23,32,32,32,32,32,15,12,0,32,0.7246,65536,11520,0.8242,57,177.8,True
resnet50,Multiply_9383,23,33,32,32,32,32,16,12,0,32,0.7188,65536,12288,0.8125,58,40.3,True
resnet50,Multiply_9383,23,34,32,32,32,32,17,12,0,32,0.7129,65536,13056,0.8008,59,38.8,True
resnet50,Multiply_9383,23,35,32,32,32,32,24,12,0,32,0.6719,65536,18432,0.7188,66,48.2,True
resnet50,Multiply_9383,23,36,32,32,32,32,18,12,0,32,0.707,65536,13824,0.7891,60,39.1,True
resnet50,Multiply_9383,23,37,32,32,32,32,15,12,0,32,0.7246,65536,11520,0.8242,57,39.9,True
resnet50,Multiply_9383,23,38,32,32,32,32,15,12,0,32,0.7246,65536,11520,0.8242,57,37.5,True
resnet50,Multiply_9383,23,39,32,32,32,32,17,12,0,32,0.7129,65536,13056,0.8008,59,52.7,True
resnet50,Multiply_9383,23,40,32,32,32,32,18,12,0,32,0.707,65536,13824,0.7891,60,43.2,True
resnet50,Multiply_9383,23,41,32,32,32,32,18,12,0,32,0.707,65536,13824,0.7891,60,64.7,True
resnet50,Multiply_9383,23,42,32,32,32,32,18,12,0,32,0.707,65536,13824,0.7891,60,39.6,True
resnet50,Multiply_9383,23,43,32,32,32,32,15,12,0,32,0.7246,65536,11520,0.8242,57,39.4,True
resnet50,Multiply_9383,23,44,32,32,32,32,19,12,0,32,0.7012,65536,14592,0.7773,61,38.0,True
resnet50,Multiply_9383,23,45,32,32,32,32,17,12,0,32,0.7129,65536,13056,0.8008,59,38.4,True
resnet50,Multiply_9383,23,46,32,32,32,32,21,12,0,32,0.6895,65536,16128,0.7539,63,163.1,True
resnet50,Multiply_9383,23,47,32,32,32,32,19,12,0,32,0.7012,65536,14592,0.7773,61,38.0,True
resnet50,Multiply_9383,23,48,32,32,32,32,15,12,0,32,0.7246,65536,11520,0.8242,57,85.8,True
resnet50,Multiply_9383,23,49,32,32,32,32,16,11,0,32,0.7422,65536,11264,0.8281,57,77.1,True
resnet50,Multiply_9383,23,50,32,32,32,32,17,11,0,32,0.7368,65536,11968,0.8174,58,177.6,True
resnet50,Multiply_9383,23,51,32,32,32,32,24,11,0,32,0.6992,65536,16896,0.7422,65,163.4,True
resnet50,Multiply_9383,23,52,32,32,32,32,18,11,0,32,0.7314,65536,12672,0.8066,59,39.1,True
resnet50,Multiply_9383,23,53,32,32,32,32,15,11,0,32,0.7476,65536,10560,0.8389,56,111.5,True
resnet50,Multiply_9383,23,54,32,32,32,32,15,11,0,32,0.7476,65536,10560,0.8389,56,39.5,True
resnet50,Multiply_9383,23,55,32,32,32,32,17,11,0,32,0.7368,65536,11968,0.8174,58,39.3,True
resnet50,Multiply_9383,23,56,32,32,32,32,18,11,0,32,0.7314,65536,12672,0.8066,59,199.6,True
resnet50,Multiply_9383,23,57,32,32,32,32,18,11,0,32,0.7314,65536,12672,0.8066,59,38.4,True
resnet50,Multiply_9383,23,58,32,32,32,32,18,11,0,32,0.7314,65536,12672,0.8066,59,41.0,True
resnet50,Multiply_9383,23,59,32,32,32,32,15,11,0,32,0.7476,65536,10560,0.8389,56,38.7,True
resnet50,Multiply_9383,23,60,32,32,32,32,19,11,0,32,0.7261,65536,13376,0.7959,60,39.4,True
resnet50,Multiply_9383,23,61,32,32,32,32,17,11,0,32,0.7368,65536,11968,0.8174,58,39.6,True
resnet50,Multiply_9383,23,62,32,32,32,32,21,11,0,32,0.7153,65536,14784,0.7744,62,38.7,True
resnet50,Multiply_9383,23,63,32,32,32,32,19,11,0,32,0.7261,65536,13376,0.7959,60,43.4,True
resnet50,Multiply_9383,23,64,32,32,32,32,15,11,0,32,0.7476,65536,10560,0.8389,56,198.3,True
resnet50,Multiply_9383,23,65,32,32,32,32,16,10,0,32,0.7656,65536,10240,0.8438,56,38.0,True
resnet50,Multiply_9383,23,66,32,32,32,32,17,10,0,32,0.7607,65536,10880,0.834,57,38.4,True
resnet50,Multiply_9383,23,67,32,32,32,32,24,10,0,32,0.7266,65536,15360,0.7656,64,39.4,True
resnet50,Multiply_9383,23,68,32,32,32,32,18,10,0,32,0.7559,65536,11520,0.8242,58,38.9,True
resnet50,Multiply_9383,23,69,32,32,32,32,15,10,0,32,0.7705,65536,9600,0.8535,55,38.9,True
resnet50,Multiply_9383,23,70,32,32,32,32,15,10,0,32,0.7705,65536,9600,0.8535,55,38.9,True
resnet50,Multiply_9383,23,71,32,32,32,32,17,10,0,32,0.7607,65536,10880,0.834,57,37.9,True
resnet50,Multiply_9383,23,72,32,32,32,32,18,10,0,32,0.7559,65536,11520,0.8242,58,60.1,True
resnet50,Multiply_9383,23,73,32,32,32,32,18,10,0,32,0.7559,65536,11520,0.8242,58,50.2,True
resnet50,Multiply_9383,23,74,32,32,32,32,18,10,0,32,0.7559,65536,11520,0.8242,58,37.9,True
resnet50,Multiply_9383,23,75,32,32,32,32,15,10,0,32,0.7705,65536,9600,0.8535,55,37.6,True
resnet50,Multiply_9383,23,76,32,32,32,32,19,10,0,32,0.751,65536,12160,0.8145,59,139.4,True
resnet50,Multiply_9383,23,77,32,32,32,32,17,10,0,32,0.7607,65536,10880,0.834,57,38.4,True
resnet50,Multiply_9383,23,78,32,32,32,32,21,10,0,32,0.7412,65536,13440,0.7949,61,37.9,True
resnet50,Multiply_9383,23,79,32,32,32,32,19,10,0,32,0.751,65536,12160,0.8145,59,39.1,True
resnet50,Multiply_9383,23,80,32,32,32,32,15,10,0,32,0.7705,65536,9600,0.8535,55,42.7,True
resnet50,Multiply_9383,23,81,32,32,32,32,16,11,0,32,0.7422,65536,11264,0.8281,57,40.5,True
resnet50,Multiply_9383,23,82,32,32,32,32,17,11,0,32,0.7368,65536,11968,0.8174,58,50.0,True
resnet50,Multiply_9383,23,83,32,32,32,32,24,11,0,32,0.6992,65536,16896,0.7422,65,198.9,True
resnet50,Multiply_9383,23,84,32,32,32,32,18,11,0,32,0.7314,65536,12672,0.8066,59,40.7,True
resnet50,Multiply_9383,23,85,32,32,32,32,15,11,0,32,0.7476,65536,10560,0.8389,56,37.8,True
resnet50,Multiply_9383,23,86,32,32,32,32,15,11,0,32,0.7476,65536,10560,0.8389,56,56.1,True
resnet50,Multiply_9383,23,87,32,32,32,32,17,11,0,32,0.7368,65536,11968,0.8174,58,37.6,True
resnet50,Multiply_9383,23,88,32,32,32,32,18,11,0,32,0.7314,65536,12672,0.8066,59,47.9,True
resnet50,Multiply_9383,23,89,32,32,32,32,18,11,0,32,0.7314,65536,12672,0.8066,59,198.2,True
resnet50,Multiply_9383,23,90,32,32,32,32,18,11,0,32,0.7314,65536,12672,0.8066,59,62.7,True
resnet50,Multiply_9383,23,91,32,32,32,32,15,11,0,32,0.7476,65536,10560,0.8389,56,38.0,True
resnet50,Multiply_9383,23,92,32,32,32,32,19,11,0,32,0.7261,65536,13376,0.7959,60,178.4,True
resnet50,Multiply_9383,23,93,32,32,32,32,17,11,0,32,0.7368,65536,11968,0.8174,58,71.9,True
resnet50,Multiply_9383,23,94,32,32,32,32,21,11,0,32,0.7153,65536,14784,0.7744,62,54.5,True
resnet50,Multiply_9383,23,95,32,32,32,32,19,11,0,32,0.7261,65536,13376,0.7959,60,39.1,True
resnet50,Multiply_9383,23,96,32,32,32,32,15,11,0,32,0.7476,65536,10560,0.8389,56,44.5,True
resnet50,Multiply_9383,23,97,32,32,32,32,16,10,0,32,0.7656,65536,10240,0.8438,56,42.7,True
resnet50,Multiply_9383,23,98,32,32,32,32,17,10,0,32,0.7607,65536,10880,0.834,57,128.6,True
resnet50,Multiply_9383,23,99,32,32,32,32,24,10,0,32,0.7266,65536,15360,0.7656,64,44.1,True
resnet50,Multiply_9383,23,100,32,32,32,32,18,10,0,32,0.7559,65536,11520,0.8242,58,39.4,True
resnet50,Multiply_9383,23,101,32,32,32,32,15,10,0,32,0.7705,65536,9600,0.8535,55,38.1,True
resnet50,Multiply_9383,23,102,32,32,32,32,15,10,0,32,0.7705,65536,9600,0.8535,55,39.3,True
resnet50,Multiply_9383,23,103,32,32,32,32,17,10,0,32,0.7607,65536,10880,0.834,57,39.2,True
resnet50,Multiply_9383,23,104,32,32,32,32,18,10,0,32,0.7559,65536,11520,0.8242,58,40.4,True
resnet50,Multiply_9383,23,105,32,32,32,32,18,10,0,32,0.7559,65536,11520,0.8242,58,38.0,True
resnet50,Multiply_9383,23,106,32,32,32,32,18,10,0,32,0.7559,65536,11520,0.8242,58,38.5,True
resnet50,Multiply_9383,23,107,32,32,32,32,15,10,0,32,0.7705,65536,9600,0.8535,55,39.0,True
resnet50,Multiply_9383,23,108,32,32,32,32,19,10,0,32,0.751,65536,12160,0.8145,59,81.2,True
resnet50,Multiply_9383,23,109,32,32,32,32,17,10,0,32,0.7607,65536,10880,0.834,57,40.8,True
resnet50,Multiply_9383,23,110,32,32,32,32,21,10,0,32,0.7412,65536,13440,0.7949,61,38.9,True
resnet50,Multiply_9383,23,111,32,32,32,32,19,10,0,32,0.751,65536,12160,0.8145,59,38.7,True
resnet50,Multiply_9383,23,112,32,32,32,32,15,10,0,32,0.7705,65536,9600,0.8535,55,38.0,True
resnet50,Multiply_9383,23,113,32,32,32,32,16,12,0,32,0.7188,65536,12288,0.8125,58,38.9,True
resnet50,Multiply_9383,23,114,32,32,32,32,17,12,0,32,0.7129,65536,13056,0.8008,59,39.4,True
resnet50,Multiply_9383,23,115,32,32,32,32,24,12,0,32,0.6719,65536,18432,0.7188,66,38.5,True
resnet50,Multiply_9383,23,116,32,32,32,32,18,12,0,32,0.707,65536,13824,0.7891,60,38.3,True
resnet50,Multiply_9383,23,117,32,32,32,32,15,12,0,32,0.7246,65536,11520,0.8242,57,64.1,True
resnet50,Multiply_9383,23,118,32,32,32,32,15,12,0,32,0.7246,65536,11520,0.8242,57,137.9,True
resnet50,Multiply_9383,23,119,32,32,32,32,17,12,0,32,0.7129,65536,13056,0.8008,59,137.5,True
resnet50,Multiply_9383,23,120,32,32,32,32,18,12,0,32,0.707,65536,13824,0.7891,60,37.9,True
resnet50,Multiply_9383,23,121,32,32,32,32,18,12,0,32,0.707,65536,13824,0.7891,60,38.1,True
resnet50,Multiply_9383,23,122,32,32,32,32,18,12,0,32,0.707,65536,13824,0.7891,60,38.5,True
resnet50,Multiply_9383,23,123,32,32,32,32,15,12,0,32,0.7246,65536,11520,0.8242,57,37.9,True
resnet50,Multiply_9383,23,124,32,32,32,32,19,12,0,32,0.7012,65536,14592,0.7773,61,38.2,True
resnet50,Multiply_9383,23,125,32,32,32,32,17,12,0,32,0.7129,65536,13056,0.8008,59,38.8,True
resnet50,Multiply_9383,23,126,32,32,32,32,21,12,0,32,0.6895,65536,16128,0.7539,63,106.7,True
resnet50,Multiply_9383,23,127,32,32,32,32,19,12,0,32,0.7012,65536,14592,0.7773,61,72.3,True
resnet50,Multiply_9383,23,128,32,32,32,32,15,12,0,32,0.7246,65536,11520,0.8242,57,84.9,True
resnet50,Multiply_9383,23,129,32,32,32,32,16,11,0,32,0.7422,65536,11264,0.8281,57,53.9,True
resnet50,Multiply_9383,23,130,32,32,32,32,17,11,0,32,0.7368,65536,11968,0.8174,58,224.1,True
resnet50,Multiply_9383,23,131,32,32,32,32,24,11,0,32,0.6992,65536,16896,0.7422,65,37.6,True
resnet50,Multiply_9383,23,132,32,32,32,32,18,11,0,32,0.7314,65536,12672,0.8066,59,38.5,True
resnet50,Multiply_9383,23,133,32,32,32,32,15,11,0,32,0.7476,65536,10560,0.8389,56,38.4,True
resnet50,Multiply_9383,23,134,32,32,32,32,15,11,0,32,0.7476,65536,10560,0.8389,56,38.3,True
resnet50,Multiply_9383,23,135,32,32,32,32,17,11,0,32,0.7368,65536,11968,0.8174,58,62.8,True
resnet50,Multiply_9383,23,136,32,32,32,32,18,11,0,32,0.7314,65536,12672,0.8066,59,39.2,True
resnet50,Multiply_9383,23,137,32,32,32,32,18,11,0,32,0.7314,65536,12672,0.8066,59,91.5,True
resnet50,Multiply_9383,23,138,32,32,32,32,18,11,0,32,0.7314,65536,12672,0.8066,59,54.6,True
resnet50,Multiply_9383,23,139,32,32,32,32,15,11,0,32,0.7476,65536,10560,0.8389,56,38.9,True
resnet50,Multiply_9383,23,140,32,32,32,32,19,11,0,32,0.7261,65536,13376,0.7959,60,38.4,True
resnet50,Multiply_9383,23,141,32,32,32,32,17,11,0,32,0.7368,65536,11968,0.8174,58,52.5,True
resnet50,Multiply_9383,23,142,32,32,32,32,21,11,0,32,0.7153,65536,14784,0.7744,62,39.4,True
resnet50,Multiply_9383,23,143,32,32,32,32,19,11,0,32,0.7261,65536,13376,0.7959,60,72.4,True
resnet50,Multiply_9383,23,144,32,32,32,32,15,11,0,32,0.7476,65536,10560,0.8389,56,38.4,True
resnet50,Multiply_9383,23,145,32,32,32,32,16,11,0,32,0.7422,65536,11264,0.8281,57,163.2,True
resnet50,Multiply_9383,23,146,32,32,32,32,17,11,0,32,0.7368,65536,11968,0.8174,58,100.7,True
resnet50,Multiply_9383,23,147,32,32,32,32,24,11,0,32,0.6992,65536,16896,0.7422,65,38.9,True
resnet50,Multiply_9383,23,148,32,32,32,32,18,11,0,32,0.7314,65536,12672,0.8066,59,40.5,True
resnet50,Multiply_9383,23,149,32,32,32,32,15,11,0,32,0.7476,65536,10560,0.8389,56,137.9,True
resnet50,Multiply_9383,23,150,32,32,32,32,15,11,0,32,0.7476,65536,10560,0.8389,56,44.6,True
resnet50,Multiply_9383,23,151,32,32,32,32,17,11,0,32,0.7368,65536,11968,0.8174,58,97.5,True
resnet50,Multiply_9383,23,152,32,32,32,32,18,11,0,32,0.7314,65536,12672,0.8066,59,39.7,True
resnet50,Multiply_9383,23,153,32,32,32,32,18,11,0,32,0.7314,65536,12672,0.8066,59,178.8,True
resnet50,Multiply_9383,23,154,32,32,32,32,18,11,0,32,0.7314,65536,12672,0.8066,59,39.1,True
resnet50,Multiply_9383,23,155,32,32,32,32,15,11,0,32,0.7476,65536,10560,0.8389,56,37.4,True
resnet50,Multiply_9383,23,156,32,32,32,32,19,11,0,32,0.7261,65536,13376,0.7959,60,39.0,True
resnet50,Multiply_9383,23,157,32,32,32,32,17,11,0,32,0.7368,65536,11968,0.8174,58,88.6,True
resnet50,Multiply_9383,23,158,32,32,32,32,21,11,0,32,0.7153,65536,14784,0.7744,62,39.2,True
resnet50,Multiply_9383,23,159,32,32,32,32,19,11,0,32,0.7261,65536,13376,0.7959,60,38.6,True
resnet50,Multiply_9383,23,160,32,32,32,32,15,11,0,32,0.7476,65536,10560,0.8389,56,39.5,True
resnet50,Multiply_9383,23,161,32,32,32,32,16,11,0,32,0.7422,65536,11264,0.8281,57,37.5,True
resnet50,Multiply_9383,23,162,32,32,32,32,17,11,0,32,0.7368,65536,11968,0.8174,58,81.3,True
resnet50,Multiply_9383,23,163,32,32,32,32,24,11,0,32,0.6992,65536,16896,0.7422,65,37.9,True
resnet50,Multiply_9383,23,164,32,32,32,32,18,11,0,32,0.7314,65536,12672,0.8066,59,43.2,True
resnet50,Multiply_9383,23,165,32,32,32,32,15,11,0,32,0.7476,65536,10560,0.8389,56,177.7,True
resnet50,Multiply_9383,23,166,32,32,32,32,15,11,0,32,0.7476,65536,10560,0.8389,56,41.2,True
resnet50,Multiply_9383,23,167,32,32,32,32,17,11,0,32,0.7368,65536,11968,0.8174,58,38.1,True
resnet50,Multiply_9383,23,168,32,32,32,32,18,11,0,32,0.7314,65536,12672,0.8066,59,68.1,True
resnet50,Multiply_9383,23,169,32,32,32,32,18,11,0,32,0.7314,65536,12672,0.8066,59,40.0,True
resnet50,Multiply_9383,23,170,32,32,32,32,18,11,0,32,0.7314,65536,12672,0.8066,59,41.1,True
resnet50,Multiply_9383,23,171,32,32,32,32,15,11,0,32,0.7476,65536,10560,0.8389,56,179.0,True
resnet50,Multiply_9383,23,172,32,32,32,32,19,11,0,32,0.7261,65536,13376,0.7959,60,40.1,True
resnet50,Multiply_9383,23,173,32,32,32,32,17,11,0,32,0.7368,65536,11968,0.8174,58,43.3,True
resnet50,Multiply_9383,23,174,32,32,32,32,21,11,0,32,0.7153,65536,14784,0.7744,62,39.8,True
resnet50,Multiply_9383,23,175,32,32,32,32,19,11,0,32,0.7261,65536,13376,0.7959,60,47.5,True
resnet50,Multiply_9383,23,176,32,32,32,32,15,11,0,32,0.7476,65536,10560,0.8389,56,37.9,True
resnet50,Multiply_9383,23,177,32,32,32,32,16,13,0,32,0.6953,65536,13312,0.7969,59,39.9,True
resnet50,Multiply_9383,23,178,32,32,32,32,17,13,0,32,0.689,65536,14144,0.7842,60,41.3,True
resnet50,Multiply_9383,23,179,32,32,32,32,24,13,0,32,0.6445,65536,19968,0.6953,67,39.1,True
resnet50,Multiply_9383,23,180,32,32,32,32,18,13,0,32,0.6826,65536,14976,0.7715,61,38.5,True
resnet50,Multiply_9383,23,181,32,32,32,32,15,13,0,32,0.7017,65536,12480,0.8096,58,38.3,True
resnet50,Multiply_9383,23,182,32,32,32,32,15,13,0,32,0.7017,65536,12480,0.8096,58,38.7,True
resnet50,Multiply_9383,23,183,32,32,32,32,17,13,0,32,0.689,65536,14144,0.7842,60,38.8,True
resnet50,Multiply_9383,23,184,32,32,32,32,18,13,0,32,0.6826,65536,14976,0.7715,61,162.3,True
resnet50,Multiply_9383,23,185,32,32,32,32,18,13,0,32,0.6826,65536,14976,0.7715,61,62.8,True
resnet50,Multiply_9383,23,186,32,32,32,32,18,13,0,32,0.6826,65536,14976,0.7715,61,40.3,True
resnet50,Multiply_9383,23,187,32,32,32,32,15,13,0,32,0.7017,65536,12480,0.8096,58,40.6,True
resnet50,Multiply_9383,23,188,32,32,32,32,19,13,0,32,0.6763,65536,15808,0.7588,62,45.0,True
resnet50,Multiply_9383,23,189,32,32,32,32,17,13,0,32,0.689,65536,14144,0.7842,60,178.4,True
resnet50,Multiply_9383,23,190,32,32,32,32,21,13,0,32,0.6636,65536,17472,0.7334,64,38.4,True
resnet50,Multiply_9383,23,191,32,32,32,32,19,13,0,32,0.6763,65536,15808,0.7588,62,111.4,True
resnet50,Multiply_9383,23,192,32,32,32,32,15,13,0,32,0.7017,65536,12480,0.8096,58,38.3,True
resnet50,Multiply_9383,23,193,32,32,32,32,16,11,0,32,0.7422,65536,11264,0.8281,57,38.5,True
resnet50,Multiply_9383,23,194,32,32,32,32,17,11,0,32,0.7368,65536,11968,0.8174,58,38.4,True
resnet50,Multiply_9383,23,195,32,32,32,32,24,11,0,32,0.6992,65536,16896,0.7422,65,38.3,True
resnet50,Multiply_9383,23,196,32,32,32,32,18,11,0,32,0.7314,65536,12672,0.8066,59,38.8,True
resnet50,Multiply_9383,23,197,32,32,32,32,15,11,0,32,0.7476,65536,10560,0.8389,56,58.8,True
resnet50,Multiply_9383,23,198,32,32,32,32,15,11,0,32,0.7476,65536,10560,0.8389,56,74.5,True
resnet50,Multiply_9383,23,199,32,32,32,32,17,11,0,32,0.7368,65536,11968,0.8174,58,179.0,True
resnet50,Multiply_9383,23,200,32,32,32,32,18,11,0,32,0.7314,65536,12672,0.8066,59,39.1,True
resnet50,Multiply_9383,23,201,32,32,32,32,18,11,0,32,0.7314,65536,12672,0.8066,59,39.6,True
resnet50,Multiply_9383,23,202,32,32,32,32,18,11,0,32,0.7314,65536,12672,0.8066,59,39.0,True
resnet50,Multiply_9383,23,203,32,32,32,32,15,11,0,32,0.7476,65536,10560,0.8389,56,179.7,True
resnet50,Multiply_9383,23,204,32,32,32,32,19,11,0,32,0.7261,65536,13376,0.7959,60,42.7,True
resnet50,Multiply_9383,23,205,32,32,32,32,17,11,0,32,0.7368,65536,11968,0.8174,58,177.9,True
resnet50,Multiply_9383,23,206,32,32,32,32,21,11,0,32,0.7153,65536,14784,0.7744,62,38.3,True
resnet50,Multiply_9383,23,207,32,32,32,32,19,11,0,32,0.7261,65536,13376,0.7959,60,41.1,True
resnet50,Multiply_9383,23,208,32,32,32,32,15,11,0,32,0.7476,65536,10560,0.8389,56,162.7,True
resnet50,Multiply_9383,23,209,32,32,32,32,16,12,0,32,0.7188,65536,12288,0.8125,58,37.0,True
resnet50,Multiply_9383,23,210,32,32,32,32,17,12,0,32,0.7129,65536,13056,0.8008,59,53.4,True
resnet50,Multiply_9383,23,211,32,32,32,32,24,12,0,32,0.6719,65536,18432,0.7188,66,39.8,True
resnet50,Multiply_9383,23,212,32,32,32,32,18,12,0,32,0.707,65536,13824,0.7891,60,82.4,True
resnet50,Multiply_9383,23,213,32,32,32,32,15,12,0,32,0.7246,65536,11520,0.8242,57,47.4,True
resnet50,Multiply_9383,23,214,32,32,32,32,15,12,0,32,0.7246,65536,11520,0.8242,57,39.0,True
resnet50,Multiply_9383,23,215,32,32,32,32,17,12,0,32,0.7129,65536,13056,0.8008,59,88.2,True
resnet50,Multiply_9383,23,216,32,32,32,32,18,12,0,32,0.707,65536,13824,0.7891,60,38.7,True
resnet50,Multiply_9383,23,217,32,32,32,32,18,12,0,32,0.707,65536,13824,0.7891,60,40.1,True
resnet50,Multiply_9383,23,218,32,32,32,32,18,12,0,32,0.707,65536,13824,0.7891,60,38.6,True
resnet50,Multiply_9383,23,219,32,32,32,32,15,12,0,32,0.7246,65536,11520,0.8242,57,39.3,True
resnet50,Multiply_9383,23,220,32,32,32,32,19,12,0,32,0.7012,65536,14592,0.7773,61,44.0,True
resnet50,Multiply_9383,23,221,32,32,32,32,17,12,0,32,0.7129,65536,13056,0.8008,59,39.0,True
resnet50,Multiply_9383,23,222,32,32,32,32,21,12,0,32,0.6895,65536,16128,0.7539,63,198.3,True
resnet50,Multiply_9383,23,223,32,32,32,32,19,12,0,32,0.7012,65536,14592,0.7773,61,46.9,True
resnet50,Multiply_9383,23,224,32,32,32,32,15,12,0,32,0.7246,65536,11520,0.8242,57,39.5,True
resnet50,Multiply_9383,23,225,32,32,32,32,16,11,0,32,0.7422,65536,11264,0.8281,57,41.3,True
resnet50,Multiply_9383,23,226,32,32,32,32,17,11,0,32,0.7368,65536,11968,0.8174,58,38.5,True
resnet50,Multiply_9383,23,227,32,32,32,32,24,11,0,32,0.6992,65536,16896,0.7422,65,177.8,True
resnet50,Multiply_9383,23,228,32,32,32,32,18,11,0,32,0.7314,65536,12672,0.8066,59,121.2,True
resnet50,Multiply_9383,23,229,32,32,32,32,15,11,0,32,0.7476,65536,10560,0.8389,56,39.2,True
resnet50,Multiply_9383,23,230,32,32,32,32,15,11,0,32,0.7476,65536,10560,0.8389,56,62.5,True
resnet50,Multiply_9383,23,231,32,32,32,32,17,11,0,32,0.7368,65536,11968,0.8174,58,39.0,True
resnet50,Multiply_9383,23,232,32,32,32,32,18,11,0,32,0.7314,65536,12672,0.8066,59,38.6,True
resnet50,Multiply_9383,23,233,32,32,32,32,18,11,0,32,0.7314,65536,12672,0.8066,59,78.6,True
resnet50,Multiply_9383,23,234,32,32,32,32,18,11,0,32,0.7314,65536,12672,0.8066,59,94.3,True
resnet50,Multiply_9383,23,235,32,32,32,32,15,11,0,32,0.7476,65536,10560,0.8389,56,128.3,True
resnet50,Multiply_9383,23,236,32,32,32,32,19,11,0,32,0.7261,65536,13376,0.7959,60,38.8,True
resnet50,Multiply_9383,23,237,32,32,32,32,17,11,0,32,0.7368,65536,11968,0.8174,58,47.9,True
resnet50,Multiply_9383,23,238,32,32,32,32,21,11,0,32,0.7153,65536,14784,0.7744,62,37.8,True
resnet50,Multiply_9383,23,239,32,32,32,32,19,11,0,32,0.7261,65536,13376,0.7959,60,85.9,True
resnet50,Multiply_9383,23,240,32,32,32,32,15,11,0,32,0.7476,65536,10560,0.8389,56,38.5,True
resnet50,Multiply_9383,23,241,32,32,32,32,16,12,0,32,0.7188,65536,12288,0.8125,58,175.3,True
resnet50,Multiply_9383,23,242,32,32,32,32,17,12,0,32,0.7129,65536,13056,0.8008,59,81.0,True
resnet50,Multiply_9383,23,243,32,32,32,32,24,12,0,32,0.6719,65536,18432,0.7188,66,39.2,True
resnet50,Multiply_9383,23,244,32,32,32,32,18,12,0,32,0.707,65536,13824,0.7891,60,162.1,True
resnet50,Multiply_9383,23,245,32,32,32,32,15,12,0,32,0.7246,65536,11520,0.8242,57,37.6,True
resnet50,Multiply_9383,23,246,32,32,32,32,15,12,0,32,0.7246,65536,11520,0.8242,57,38.3,True
resnet50,Multiply_9383,23,247,32,32,32,32,17,12,0,32,0.7129,65536,13056,0.8008,59,40.2,True
resnet50,Multiply_9383,23,248,32,32,32,32,18,12,0,32,0.707,65536,13824,0.7891,60,198.1,True
resnet50,Multiply_9383,23,249,32,32,32,32,18,12,0,32,0.707,65536,13824,0.7891,60,40.0,True
resnet50,Multiply_9383,23,250,32,32,32,32,18,12,0,32,0.707,65536,13824,0.7891,60,38.6,True
resnet50,Multiply_9383,23,251,32,32,32,32,15,12,0,32,0.7246,65536,11520,0.8242,57,80.2,True
resnet50,Multiply_9383,23,252,32,32,32,32,19,12,0,32,0.7012,65536,14592,0.7773,61,124.9,True
resnet50,Multiply_9383,23,253,32,32,32,32,17,12,0,32,0.7129,65536,13056,0.8008,59,149.0,True
resnet50,Multiply_9383,23,254,32,32,32,32,21,12,0,32,0.6895,65536,16128,0.7539,63,38.1,True
resnet50,Multiply_9383,23,255,32,32,32,32,19,12,0,32,0.7012,65536,14592,0.7773,61,38.3,True
resnet50,Multiply_9383,23,256,32,32,32,32,15,12,0,32,0.7246,65536,11520,0.8242,57,128.0,True
resnet50,Multiply_9383,23,257,32,32,32,32,16,12,0,32,0.7188,65536,12288,0.8125,58,94.8,True
resnet50,Multiply_9383,23,258,32,32,32,32,17,12,0,32,0.7129,65536,13056,0.8008,59,40.9,True
resnet50,Multiply_9383,23,259,32,32,32,32,24,12,0,32,0.6719,65536,18432,0.7188,66,38.9,True
resnet50,Multiply_9383,23,260,32,32,32,32,18,12,0,32,0.707,65536,13824,0.7891,60,197.5,True
resnet50,Multiply_9383,23,261,32,32,32,32,15,12,0,32,0.7246,65536,11520,0.8242,57,38.2,True
resnet50,Multiply_9383,23,262,32,32,32,32,15,12,0,32,0.7246,65536,11520,0.8242,57,38.9,True
resnet50,Multiply_9383,23,263,32,32,32,32,17,12,0,32,0.7129,65536,13056,0.8008,59,43.1,True
resnet50,Multiply_9383,23,264,32,32,32,32,18,12,0,32,0.707,65536,13824,0.7891,60,44.0,True
resnet50,Multiply_9383,23,265,32,32,32,32,18,12,0,32,0.707,65536,13824,0.7891,60,154.1,True
resnet50,Multiply_9383,23,266,32,32,32,32,18,12,0,32,0.707,65536,13824,0.7891,60,149.2,True
resnet50,Multiply_9383,23,267,32,32,32,32,15,12,0,32,0.7246,65536,11520,0.8242,57,46.3,True
resnet50,Multiply_9383,23,268,32,32,32,32,19,12,0,32,0.7012,65536,14592,0.7773,61,200.4,True
resnet50,Multiply_9383,23,269,32,32,32,32,17,12,0,32,0.7129,65536,13056,0.8008,59,37.5,True
resnet50,Multiply_9383,23,270,32,32,32,32,21,12,0,32,0.6895,65536,16128,0.7539,63,40.1,True
resnet50,Multiply_9383,23,271,32,32,32,32,19,12,0,32,0.7012,65536,14592,0.7773,61,38.8,True
resnet50,Multiply_9383,23,272,32,32,32,32,15,12,0,32,0.7246,65536,11520,0.8242,57,40.2,True
resnet50,Multiply_9383,23,273,32,32,32,32,16,11,0,32,0.7422,65536,11264,0.8281,57,39.8,True
resnet50,Multiply_9383,23,274,32,32,32,32,17,11,0,32,0.7368,65536,11968,0.8174,58,38.6,True
resnet50,Multiply_9383,23,275,32,32,32,32,24,11,0,32,0.6992,65536,16896,0.7422,65,118.8,True
resnet50,Multiply_9383,23,276,32,32,32,32,18,11,0,32,0.7314,65536,12672,0.8066,59,38.8,True
resnet50,Multiply_9383,23,277,32,32,32,32,15,11,0,32,0.7476,65536,10560,0.8389,56,52.3,True
resnet50,Multiply_9383,23,278,32,32,32,32,15,11,0,32,0.7476,65536,10560,0.8389,56,66.5,True
resnet50,Multiply_9383,23,279,32,32,32,32,17,11,0,32,0.7368,65536,11968,0.8174,58,38.9,True
resnet50,Multiply_9383,23,280,32,32,32,32,18,11,0,32,0.7314,65536,12672,0.8066,59,105.2,True
resnet50,Multiply_9383,23,281,32,32,32,32,18,11,0,32,0.7314,65536,12672,0.8066,59,39.0,True
resnet50,Multiply_9383,23,282,32,32,32,32,18,11,0,32,0.7314,65536,12672,0.8066,59,38.1,True
resnet50,Multiply_9383,23,283,32,32,32,32,15,11,0,32,0.7476,65536,10560,0.8389,56,52.2,True
resnet50,Multiply_9383,23,284,32,32,32,32,19,11,0,32,0.7261,65536,13376,0.7959,60,181.4,True
resnet50,Multiply_9383,23,285,32,32,32,32,17,11,0,32,0.7368,65536,11968,0.8174,58,39.2,True
resnet50,Multiply_9383,23,286,32,32,32,32,21,11,0,32,0.7153,65536,14784,0.7744,62,39.9,True
resnet50,Multiply_9383,23,287,32,32,32,32,19,11,0,32,0.7261,65536,13376,0.7959,60,72.0,True
resnet50,Multiply_9383,23,288,32,32,32,32,15,11,0,32,0.7476,65536,10560,0.8389,56,38.4,True
resnet50,Multiply_9383,23,289,32,32,32,32,16,12,0,32,0.7188,65536,12288,0.8125,58,49.7,True
resnet50,Multiply_9383,23,290,32,32,32,32,17,12,0,32,0.7129,65536,13056,0.8008,59,40.2,True
resnet50,Multiply_9383,23,291,32,32,32,32,24,12,0,32,0.6719,65536,18432,0.7188,66,38.5,True
resnet50,Multiply_9383,23,292,32,32,32,32,18,12,0,32,0.707,65536,13824,0.7891,60,47.3,True
resnet50,Multiply_9383,23,293,32,32,32,32,15,12,0,32,0.7246,65536,11520,0.8242,57,38.5,True
resnet50,Multiply_9383,23,294,32,32,32,32,15,12,0,32,0.7246,65536,11520,0.8242,57,40.4,True
resnet50,Multiply_9383,23,295,32,32,32,32,17,12,0,32,0.7129,65536,13056,0.8008,59,198.6,True
resnet50,Multiply_9383,23,296,32,32,32,32,18,12,0,32,0.707,65536,13824,0.7891,60,209.8,True
resnet50,Multiply_9383,23,297,32,32,32,32,18,12,0,32,0.707,65536,13824,0.7891,60,38.2,True
resnet50,Multiply_9383,23,298,32,32,32,32,18,12,0,32,0.707,65536,13824,0.7891,60,198.1,True
resnet50,Multiply_9383,23,299,32,32,32,32,15,12,0,32,0.7246,65536,11520,0.8242,57,38.4,True
resnet50,Multiply_9383,23,300,32,32,32,32,19,12,0,32,0.7012,65536,14592,0.7773,61,38.4,True
resnet50,Multiply_9383,23,301,32,32,32,32,17,12,0,32,0.7129,65536,13056,0.8008,59,39.4,True
resnet50,Multiply_9383,23,302,32,32,32,32,21,12,0,32,0.6895,65536,16128,0.7539,63,39.1,True
resnet50,Multiply_9383,23,303,32,32,32,32,19,12,0,32,0.7012,65536,14592,0.7773,61,44.8,True
resnet50,Multiply_9383,23,304,32,32,32,32,15,12,0,32,0.7246,65536,11520,0.8242,57,74.8,True
resnet50,Multiply_9383,23,305,32,32,32,32,16,11,0,32,0.7422,65536,11264,0.8281,57,42.0,True
resnet50,Multiply_9383,23,306,32,32,32,32,17,11,0,32,0.7368,65536,11968,0.8174,58,53.2,True
resnet50,Multiply_9383,23,307,32,32,32,32,24,11,0,32,0.6992,65536,16896,0.7422,65,39.1,True
resnet50,Multiply_9383,23,308,32,32,32,32,18,11,0,32,0.7314,65536,12672,0.8066,59,55.3,True
resnet50,Multiply_9383,23,309,32,32,32,32,15,11,0,32,0.7476,65536,10560,0.8389,56,38.2,True
resnet50,Multiply_9383,23,310,32,32,32,32,15,11,0,32,0.7476,65536,10560,0.8389,56,38.0,True
resnet50,Multiply_9383,23,311,32,32,32,32,17,11,0,32,0.7368,65536,11968,0.8174,58,107.1,True
resnet50,Multiply_9383,23,312,32,32,32,32,18,11,0,32,0.7314,65536,12672,0.8066,59,81.3,True
resnet50,Multiply_9383,23,313,32,32,32,32,18,11,0,32,0.7314,65536,12672,0.8066,59,38.0,True
resnet50,Multiply_9383,23,314,32,32,32,32,18,11,0,32,0.7314,65536,12672,0.8066,59,137.9,True
resnet50,Multiply_9383,23,315,32,32,32,32,15,11,0,32,0.7476,65536,10560,0.8389,56,77.6,True
resnet50,Multiply_9383,23,316,32,32,32,32,19,11,0,32,0.7261,65536,13376,0.7959,60,43.5,True
resnet50,Multiply_9383,23,317,32,32,32,32,17,11,0,32,0.7368,65536,11968,0.8174,58,39.2,True
resnet50,Multiply_9383,23,318,32,32,32,32,21,11,0,32,0.7153,65536,14784,0.7744,62,86.4,True
resnet50,Multiply_9383,23,319,32,32,32,32,19,11,0,32,0.7261,65536,13376,0.7959,60,199.4,True
resnet50,Multiply_9383,23,320,32,32,32,32,15,11,0,32,0.7476,65536,10560,0.8389,56,84.9,True
resnet50,Multiply_9383,23,321,32,32,32,32,16,11,0,32,0.7422,65536,11264,0.8281,57,44.2,True
resnet50,Multiply_9383,23,322,32,32,32,32,17,11,0,32,0.7368,65536,11968,0.8174,58,38.3,True
resnet50,Multiply_9383,23,323,32,32,32,32,24,11,0,32,0.6992,65536,16896,0.7422,65,40.0,True
resnet50,Multiply_9383,23,324,32,32,32,32,18,11,0,32,0.7314,65536,12672,0.8066,59,46.4,True
resnet50,Multiply_9383,23,325,32,32,32,32,15,11,0,32,0.7476,65536,10560,0.8389,56,39.0,True
resnet50,Multiply_9383,23,326,32,32,32,32,15,11,0,32,0.7476,65536,10560,0.8389,56,39.2,True
resnet50,Multiply_9383,23,327,32,32,32,32,17,11,0,32,0.7368,65536,11968,0.8174,58,38.4,True
resnet50,Multiply_9383,23,328,32,32,32,32,18,11,0,32,0.7314,65536,12672,0.8066,59,43.7,True
resnet50,Multiply_9383,23,329,32,32,32,32,18,11,0,32,0.7314,65536,12672,0.8066,59,58.7,True
resnet50,Multiply_9383,23,330,32,32,32,32,18,11,0,32,0.7314,65536,12672,0.8066,59,38.6,True
resnet50,Multiply_9383,23,331,32,32,32,32,15,11,0,32,0.7476,65536,10560,0.8389,56,38.1,True
resnet50,Multiply_9383,23,332,32,32,32,32,19,11,0,32,0.7261,65536,13376,0.7959,60,38.4,True
resnet50,Multiply_9383,23,333,32,32,32,32,17,11,0,32,0.7368,65536,11968,0.8174,58,39.0,True
resnet50,Multiply_9383,23,334,32,32,32,32,21,11,0,32,0.7153,65536,14784,0.7744,62,38.4,True
resnet50,Multiply_9383,23,335,32,32,32,32,19,11,0,32,0.7261,65536,13376,0.7959,60,38.4,True
resnet50,Multiply_9383,23,336,32,32,32,32,15,11,0,32,0.7476,65536,10560,0.8389,56,176.9,True
resnet50,Multiply_9383,23,337,32,32,32,32,16,11,0,32,0.7422,65536,11264,0.8281,57,37.1,True
resnet50,Multiply_9383,23,338,32,32,32,32,17,11,0,32,0.7368,65536,11968,0.8174,58,38.3,True
resnet50,Multiply_9383,23,339,32,32,32,32,24,11,0,32,0.6992,65536,16896,0.7422,65,38.8,True
resnet50,Multiply_9383,23,340,32,32,32,32,18,11,0,32,0.7314,65536,12672,0.8066,59,39.7,True
resnet50,Multiply_9383,23,341,32,32,32,32,15,11,0,32,0.7476,65536,10560,0.8389,56,39.5,True
resnet50,Multiply_9383,23,342,32,32,32,32,15,11,0,32,0.7476,65536,10560,0.8389,56,39.9,True
resnet50,Multiply_9383,23,343,32,32,32,32,17,11,0,32,0.7368,65536,11968,0.8174,58,38.7,True
resnet50,Multiply_9383,23,344,32,32,32,32,18,11,0,32,0.7314,65536,12672,0.8066,59,197.9,True
resnet50,Multiply_9383,23,345,32,32,32,32,18,11,0,32,0.7314,65536,12672,0.8066,59,177.9,True
resnet50,Multiply_9383,23,346,32,32,32,32,18,11,0,32,0.7314,65536,12672,0.8066,59,37.9,True
resnet50,Multiply_9383,23,347,32,32,32,32,15,11,0,32,0.7476,65536,10560,0.8389,56,39.2,True
resnet50,Multiply_9383,23,348,32,32,32,32,19,11,0,32,0.7261,65536,13376,0.7959,60,225.3,True
resnet50,Multiply_9383,23,349,32,32,32,32,17,11,0,32,0.7368,65536,11968,0.8174,58,40.0,True
resnet50,Multiply_9383,23,350,32,32,32,32,21,11,0,32,0.7153,65536,14784,0.7744,62,38.2,True
resnet50,Multiply_9383,23,351,32,32,32,32,19,11,0,32,0.7261,65536,13376,0.7959,60,40.0,True
resnet50,Multiply_9383,23,352,32,32,32,32,15,11,0,32,0.7476,65536,10560,0.8389,56,38.3,True
resnet50,Multiply_9383,23,353,32,32,32,32,16,11,0,32,0.7422,65536,11264,0.8281,57,194.6,True
resnet50,Multiply_9383,23,354,32,32,32,32,17,11,0,32,0.7368,65536,11968,0.8174,58,39.0,True
resnet50,Multiply_9383,23,355,32,32,32,32,24,11,0,32,0.6992,65536,16896,0.7422,65,200.5,True
resnet50,Multiply_9383,23,356,32,32,32,32,18,11,0,32,0.7314,65536,12672,0.8066,59,38.9,True
resnet50,Multiply_9383,23,357,32,32,32,32,15,11,0,32,0.7476,65536,10560,0.8389,56,38.4,True
resnet50,Multiply_9383,23,358,32,32,32,32,15,11,0,32,0.7476,65536,10560,0.8389,56,156.6,True
resnet50,Multiply_9383,23,359,32,32,32,32,17,11,0,32,0.7368,65536,11968,0.8174,58,39.5,True
resnet50,Multiply_9383,23,360,32,32,32,32,18,11,0,32,0.7314,65536,12672,0.8066,59,66.3,True
resnet50,Multiply_9383,23,361,32,32,32,32,18,11,0,32,0.7314,65536,12672,0.8066,59,38.8,True
resnet50,Multiply_9383,23,362,32,32,32,32,18,11,0,32,0.7314,65536,12672,0.8066,59,54.6,True
resnet50,Multiply_9383,23,363,32,32,32,32,15,11,0,32,0.7476,65536,10560,0.8389,56,59.4,True
resnet50,Multiply_9383,23,364,32,32,32,32,19,11,0,32,0.7261,65536,13376,0.7959,60,38.0,True
resnet50,Multiply_9383,23,365,32,32,32,32,17,11,0,32,0.7368,65536,11968,0.8174,58,39.3,True
resnet50,Multiply_9383,23,366,32,32,32,32,21,11,0,32,0.7153,65536,14784,0.7744,62,39.1,True
resnet50,Multiply_9383,23,367,32,32,32,32,19,11,0,32,0.7261,65536,13376,0.7959,60,37.7,True
resnet50,Multiply_9383,23,368,32,32,32,32,15,11,0,32,0.7476,65536,10560,0.8389,56,38.2,True
resnet50,Multiply_9383,23,369,32,32,32,32,16,12,0,32,0.7188,65536,12288,0.8125,58,52.3,True
resnet50,Multiply_9383,23,370,32,32,32,32,17,12,0,32,0.7129,65536,13056,0.8008,59,39.3,True
resnet50,Multiply_9383,23,371,32,32,32,32,24,12,0,32,0.6719,65536,18432,0.7188,66,69.4,True
resnet50,Multiply_9383,23,372,32,32,32,32,18,12,0,32,0.707,65536,13824,0.7891,60,39.2,True
resnet50,Multiply_9383,23,373,32,32,32,32,15,12,0,32,0.7246,65536,11520,0.8242,57,43.6,True
resnet50,Multiply_9383,23,374,32,32,32,32,15,12,0,32,0.7246,65536,11520,0.8242,57,39.0,True
resnet50,Multiply_9383,23,375,32,32,32,32,17,12,0,32,0.7129,65536,13056,0.8008,59,39.6,True
resnet50,Multiply_9383,23,376,32,32,32,32,18,12,0,32,0.707,65536,13824,0.7891,60,38.8,True
resnet50,Multiply_9383,23,377,32,32,32,32,18,12,0,32,0.707,65536,13824,0.7891,60,178.4,True
resnet50,Multiply_9383,23,378,32,32,32,32,18,12,0,32,0.707,65536,13824,0.7891,60,105.6,True
resnet50,Multiply_9383,23,379,32,32,32,32,15,12,0,32,0.7246,65536,11520,0.8242,57,64.7,True
resnet50,Multiply_9383,23,380,32,32,32,32,19,12,0,32,0.7012,65536,14592,0.7773,61,177.6,True
resnet50,Multiply_9383,23,381,32,32,32,32,17,12,0,32,0.7129,65536,13056,0.8008,59,52.6,True
resnet50,Multiply_9383,23,382,32,32,32,32,21,12,0,32,0.6895,65536,16128,0.7539,63,59.8,True
resnet50,Multiply_9383,23,383,32,32,32,32,19,12,0,32,0.7012,65536,14592,0.7773,61,57.1,True
resnet50,Multiply_9383,23,384,32,32,32,32,15,12,0,32,0.7246,65536,11520,0.8242,57,179.0,True
resnet50,Multiply_9383,23,385,16,32,32,16,16,11,1,16,0.7708,32768,5632,0.8281,41,21.4,True
resnet50,Multiply_9383,23,386,16,32,32,16,17,11,0,32,0.7637,32768,5984,0.8174,42,23.5,True
resnet50,Multiply_9383,23,387,16,32,32,16,24,11,0,32,0.7135,32768,8448,0.7422,49,22.0,True
resnet50,Multiply_9383,23,388,16,32,32,16,18,11,0,32,0.7565,32768,6336,0.8066,43,22.8,True
resnet50,Multiply_9383,23,389,16,32,32,16,15,11,1,16,0.778,32768,5280,0.8389,40,22.2,True
resnet50,Multiply_9383,23,390,16,32,32,16,15,11,1,16,0.778,32768,5280,0.8389,40,22.3,True
resnet50,Multiply_9383,23,391,16,32,32,16,17,11,0,32,0.7637,32768,5984,0.8174,42,21.5,True
resnet50,Multiply_9383,23,392,16,32,32,16,18,11,0,32,0.7565,32768,6336,0.8066,43,21.5,True
resnet50,Multiply_9383,23,393,16,32,32,16,18,11,0,32,0.7565,32768,6336,0.8066,43,22.7,True
resnet50,Multiply_9383,23,394,16,32,32,16,18,11,0,32,0.7565,32768,6336,0.8066,43,21.2,True
resnet50,Multiply_9383,23,395,16,32,32,16,15,11,1,16,0.778,32768,5280,0.8389,40,23.6,True
resnet50,Multiply_9383,23,396,16,32,32,16,19,11,0,32,0.7493,32768,6688,0.7959,44,20.7,True
resnet50,Multiply_9383,23,397,16,32,32,16,17,11,0,32,0.7637,32768,5984,0.8174,42,22.9,True
resnet50,Multiply_9383,23,398,16,32,32,16,21,11,0,32,0.735,32768,7392,0.7744,46,21.4,True
resnet50,Multiply_9383,23,399,16,32,32,16,19,11,0,32,0.7493,32768,6688,0.7959,44,27.8,True
resnet50,Multiply_9383,23,400,16,32,32,16,15,11,1,16,0.778,32768,5280,0.8389,40,21.6,True
resnet50,Multiply_9376,24,1,32,32,32,32,15,11,0,32,0.7476,65536,10560,0.8389,56,38.5,True
resnet50,Multiply_9376,24,2,32,32,32,32,18,11,0,32,0.7314,65536,12672,0.8066,59,41.2,True
resnet50,Multiply_9376,24,3,32,32,32,32,17,11,0,32,0.7368,65536,11968,0.8174,58,38.1,True
resnet50,Multiply_9376,24,4,32,32,32,32,20,11,0,32,0.7207,65536,14080,0.7852,61,146.2,True
resnet50,Multiply_9376,24,5,32,32,32,32,15,14,0,32,0.6787,65536,13440,0.7949,59,39.2,True
resnet50,Multiply_9376,24,6,32,32,32,32,18,14,0,32,0.6582,65536,16128,0.7539,62,38.6,True
resnet50,Multiply_9376,24,7,32,32,32,32,17,14,0,32,0.665,65536,15232,0.7676,61,79.4,True
resnet50,Multiply_9376,24,8,32,32,32,32,20,14,0,32,0.6445,65536,17920,0.7266,64,39.0,True
resnet50,Multiply_9376,24,9,32,32,32,32,15,14,0,32,0.6787,65536,13440,0.7949,59,39.3,True
resnet50,Multiply_9376,24,10,32,32,32,32,18,14,0,32,0.6582,65536,16128,0.7539,62,38.8,True
resnet50,Multiply_9376,24,11,32,32,32,32,17,14,0,32,0.665,65536,15232,0.7676,61,85.4,True
resnet50,Multiply_9376,24,12,32,32,32,32,20,14,0,32,0.6445,65536,17920,0.7266,64,82.2,True
resnet50,Multiply_9376,24,13,32,32,32,32,15,14,0,32,0.6787,65536,13440,0.7949,59,103.3,True
resnet50,Multiply_9376,24,14,32,32,32,32,18,14,0,32,0.6582,65536,16128,0.7539,62,39.6,True
resnet50,Multiply_9376,24,15,32,32,32,32,17,14,0,32,0.665,65536,15232,0.7676,61,38.7,True
resnet50,Multiply_9376,24,16,32,32,32,32,20,14,0,32,0.6445,65536,17920,0.7266,64,38.7,True
resnet50,Multiply_9376,24,17,32,32,32,32,15,14,0,32,0.6787,65536,13440,0.7949,59,37.2,True
resnet50,Multiply_9376,24,18,32,32,32,32,18,14,0,32,0.6582,65536,16128,0.7539,62,39.0,True
resnet50,Multiply_9376,24,19,32,32,32,32,17,14,0,32,0.665,65536,15232,0.7676,61,44.0,True
resnet50,Multiply_9376,24,20,32,32,32,32,20,14,0,32,0.6445,65536,17920,0.7266,64,137.5,True
resnet50,Multiply_9376,24,21,32,32,32,32,15,14,0,32,0.6787,65536,13440,0.7949,59,39.0,True
resnet50,Multiply_9376,24,22,32,32,32,32,18,14,0,32,0.6582,65536,16128,0.7539,62,178.5,True
resnet50,Multiply_9376,24,23,32,32,32,32,17,14,0,32,0.665,65536,15232,0.7676,61,38.4,True
resnet50,Multiply_9376,24,24,32,32,32,32,20,14,0,32,0.6445,65536,17920,0.7266,64,38.5,True
resnet50,Multiply_9376,24,25,32,32,32,32,15,14,0,32,0.6787,65536,13440,0.7949,59,159.5,True
resnet50,Multiply_9376,24,26,32,32,32,32,18,14,0,32,0.6582,65536,16128,0.7539,62,277.3,True
resnet50,Multiply_9376,24,27,32,32,32,32,17,14,0,32,0.665,65536,15232,0.7676,61,39.1,True
resnet50,Multiply_9376,24,28,32,32,32,32,20,14,0,32,0.6445,65536,17920,0.7266,64,194.6,True
resnet50,Multiply_9376,24,29,32,32,32,32,15,14,0,32,0.6787,65536,13440,0.7949,59,50.0,True
resnet50,Multiply_9376,24,30,32,32,32,32,18,14,0,32,0.6582,65536,16128,0.7539,62,39.4,True
resnet50,Multiply_9376,24,31,32,32,32,32,17,14,0,32,0.665,65536,15232,0.7676,61,50.8,True
resnet50,Multiply_9376,24,32,32,32,32,32,20,14,0,32,0.6445,65536,17920,0.7266,64,121.3,True
resnet50,Multiply_9376,24,33,32,32,32,32,15,14,0,32,0.6787,65536,13440,0.7949,59,45.2,True
resnet50,Multiply_9376,24,34,32,32,32,32,18,14,0,32,0.6582,65536,16128,0.7539,62,38.6,True
resnet50,Multiply_9376,24,35,32,32,32,32,17,14,0,32,0.665,65536,15232,0.7676,61,112.7,True
resnet50,Multiply_9376,24,36,32,32,32,32,20,14,0,32,0.6445,65536,17920,0.7266,64,39.9,True
resnet50,Multiply_9376,24,37,32,32,32,32,15,14,0,32,0.6787,65536,13440,0.7949,59,97.9,True
resnet50,Multiply_9376,24,38,32,32,32,32,18,14,0,32,0.6582,65536,16128,0.7539,62,178.1,True
resnet50,Multiply_9376,24,39,32,32,32,32,17,14,0,32,0.665,65536,15232,0.7676,61,38.3,True
resnet50,Multiply_9376,24,40,32,32,32,32,20,14,0,32,0.6445,65536,17920,0.7266,64,178.0,True
resnet50,Multiply_9376,24,41,32,32,32,31,15,14,0,32,0.6855,65536,13020,0.8013,58,41.5,True
resnet50,Multiply_9376,24,42,32,32,32,31,18,14,0,32,0.665,65536,15624,0.7616,61,51.5,True
resnet50,Multiply_9376,24,43,32,32,32,31,17,14,0,32,0.6719,65536,14756,0.7748,60,38.7,True
resnet50,Multiply_9376,24,44,32,32,32,31,20,14,0,32,0.6514,65536,17360,0.7351,63,53.0,True
resnet50,Multiply_9376,24,45,32,32,32,31,15,14,0,32,0.6855,65536,13020,0.8013,58,39.4,True
resnet50,Multiply_9376,24,46,32,32,32,31,18,14,0,32,0.665,65536,15624,0.7616,61,178.4,True
resnet50,Multiply_9376,24,47,32,32,32,31,17,14,0,32,0.6719,65536,14756,0.7748,60,38.3,True
resnet50,Multiply_9376,24,48,32,32,32,31,20,14,0,32,0.6514,65536,17360,0.7351,63,38.7,True
resnet50,Multiply_9376,24,49,32,32,32,32,15,14,0,32,0.6787,65536,13440,0.7949,59,159.1,True
resnet50,Multiply_9376,24,50,32,32,32,32,18,14,0,32,0.6582,65536,16128,0.7539,62,177.7,True
resnet50,Multiply_9376,24,51,32,32,32,32,17,14,0,32,0.665,65536,15232,0.7676,61,38.5,True
resnet50,Multiply_9376,24,52,32,32,32,32,20,14,0,32,0.6445,65536,17920,0.7266,64,39.1,True
resnet50,Multiply_9376,24,53,32,32,32,32,15,14,0,32,0.6787,65536,13440,0.7949,59,194.5,True
resnet50,Multiply_9376,24,54,32,32,32,32,18,14,0,32,0.6582,65536,16128,0.7539,62,37.5,True
resnet50,Multiply_9376,24,55,32,32,32,32,17,14,0,32,0.665,65536,15232,0.7676,61,46.7,True
resnet50,Multiply_9376,24,56,32,32,32,32,20,14,0,32,0.6445,65536,17920,0.7266,64,197.7,True
resnet50,Multiply_9376,24,57,32,32,32,32,15,14,0,32,0.6787,65536,13440,0.7949,59,41.8,True
resnet50,Multiply_9376,24,58,32,32,32,32,18,14,0,32,0.6582,65536,16128,0.7539,62,52.7,True
resnet50,Multiply_9376,24,59,32,32,32,32,17,14,0,32,0.665,65536,15232,0.7676,61,54.8,True
resnet50,Multiply_9376,24,60,32,32,32,32,20,14,0,32,0.6445,65536,17920,0.7266,64,37.9,True
resnet50,Multiply_9376,24,61,32,32,32,32,15,14,0,32,0.6787,65536,13440,0.7949,59,40.9,True
resnet50,Multiply_9376,24,62,32,32,32,32,18,14,0,32,0.6582,65536,16128,0.7539,62,38.8,True
resnet50,Multiply_9376,24,63,32,32,32,32,17,14,0,32,0.665,65536,15232,0.7676,61,81.5,True
resnet50,Multiply_9376,24,64,32,32,32,32,20,14,0,32,0.6445,65536,17920,0.7266,64,54.7,True
resnet50,Multiply_9376,24,65,32,32,32,32,15,14,0,32,0.6787,65536,13440,0.7949,59,38.3,True
resnet50,Multiply_9376,24,66,32,32,32,32,18,14,0,32,0.6582,65536,16128,0.7539,62,46.1,True
resnet50,Multiply_9376,24,67,32,32,32,32,17,14,0,32,0.665,65536,15232,0.7676,61,45.7,True
resnet50,Multiply_9376,24,68,32,32,32,32,20,14,0,32,0.6445,65536,17920,0.7266,64,48.4,True
resnet50,Multiply_9376,24,69,32,32,32,32,15,14,0,32,0.6787,65536,13440,0.7949,59,155.5,True
resnet50,Multiply_9376,24,70,32,32,32,32,18,14,0,32,0.6582,65536,16128,0.7539,62,38.1,True
resnet50,Multiply_9376,24,71,32,32,32,32,17,14,0,32,0.665,65536,15232,0.7676,61,39.0,True
resnet50,Multiply_9376,24,72,32,32,32,32,20,14,0,32,0.6445,65536,17920,0.7266,64,38.5,True
resnet50,Multiply_9376,24,73,32,32,32,32,15,14,0,32,0.6787,65536,13440,0.7949,59,64.2,True
resnet50,Multiply_9376,24,74,32,32,32,32,18,14,0,32,0.6582,65536,16128,0.7539,62,43.5,True
resnet50,Multiply_9376,24,75,32,32,32,32,17,14,0,32,0.665,65536,15232,0.7676,61,148.9,True
resnet50,Multiply_9376,24,76,32,32,32,32,20,14,0,32,0.6445,65536,17920,0.7266,64,54.5,True
resnet50,Multiply_9376,24,77,32,32,32,32,15,14,0,32,0.6787,65536,13440,0.7949,59,41.7,True
resnet50,Multiply_9376,24,78,32,32,32,32,18,14,0,32,0.6582,65536,16128,0.7539,62,197.6,True
resnet50,Multiply_9376,24,79,32,32,32,32,17,14,0,32,0.665,65536,15232,0.7676,61,54.6,True
resnet50,Multiply_9376,24,80,32,32,32,32,20,14,0,32,0.6445,65536,17920,0.7266,64,161.1,True
resnet50,Multiply_9376,24,81,32,32,32,32,15,14,0,32,0.6787,65536,13440,0.7949,59,45.4,True
resnet50,Multiply_9376,24,82,32,32,32,32,18,14,0,32,0.6582,65536,16128,0.7539,62,39.2,True
resnet50,Multiply_9376,24,83,32,32,32,32,17,14,0,32,0.665,65536,15232,0.7676,61,38.7,True
resnet50,Multiply_9376,24,84,32,32,32,32,20,14,0,32,0.6445,65536,17920,0.7266,64,40.6,True
resnet50,Multiply_9376,24,85,32,32,32,32,15,14,0,32,0.6787,65536,13440,0.7949,59,126.1,True
resnet50,Multiply_9376,24,86,32,32,32,32,18,14,0,32,0.6582,65536,16128,0.7539,62,196.8,True
resnet50,Multiply_9376,24,87,32,32,32,32,17,14,0,32,0.665,65536,15232,0.7676,61,105.0,True
resnet50,Multiply_9376,24,88,32,32,32,32,20,14,0,32,0.6445,65536,17920,0.7266,64,38.3,True
resnet50,Multiply_9376,24,89,32,32,32,32,15,14,0,32,0.6787,65536,13440,0.7949,59,41.3,True
resnet50,Multiply_9376,24,90,32,32,32,32,18,14,0,32,0.6582,65536,16128,0.7539,62,176.7,True
resnet50,Multiply_9376,24,91,32,32,32,32,17,14,0,32,0.665,65536,15232,0.7676,61,39.0,True
resnet50,Multiply_9376,24,92,32,32,32,32,20,14,0,32,0.6445,65536,17920,0.7266,64,47.0,True
resnet50,Multiply_9376,24,93,32,32,32,32,15,14,0,32,0.6787,65536,13440,0.7949,59,38.0,True
resnet50,Multiply_9376,24,94,32,32,32,32,18,14,0,32,0.6582,65536,16128,0.7539,62,40.2,True
resnet50,Multiply_9376,24,95,32,32,32,32,17,14,0,32,0.665,65536,15232,0.7676,61,37.9,True
resnet50,Multiply_9376,24,96,32,32,32,32,20,14,0,32,0.6445,65536,17920,0.7266,64,39.4,True
resnet50,Multiply_9376,24,97,16,32,32,16,15,11,1,16,0.778,32768,5280,0.8389,40,34.3,True
resnet50,Multiply_9376,24,98,16,32,32,16,18,11,0,32,0.7565,32768,6336,0.8066,43,90.2,True
resnet50,Multiply_9376,24,99,16,32,32,16,17,11,0,32,0.7637,32768,5984,0.8174,42,32.3,True
resnet50,Multiply_9376,24,100,16,32,32,16,20,11,0,32,0.7422,32768,7040,0.7852,45,21.4,True
resnet50,Multiply_9369,25,1,32,32,32,32,14,8,0,32,0.8203,65536,7168,0.8906,52,52.5,True
resnet50,Multiply_9369,25,2,32,32,32,32,18,8,0,32,0.8047,65536,9216,0.8594,56,39.7,True
resnet50,Multiply_9369,25,3,32,32,32,32,19,8,0,32,0.8008,65536,9728,0.8516,57,202.1,True
resnet50,Multiply_9369,25,4,32,32,32,32,19,8,0,32,0.8008,65536,9728,0.8516,57,40.3,True
resnet50,Multiply_9369,25,5,32,32,32,32,14,8,0,32,0.8203,65536,7168,0.8906,52,70.7,True
resnet50,Multiply_9369,25,6,32,32,32,32,18,8,0,32,0.8047,65536,9216,0.8594,56,37.6,True
resnet50,Multiply_9369,25,7,32,32,32,32,19,8,0,32,0.8008,65536,9728,0.8516,57,39.3,True
resnet50,Multiply_9369,25,8,32,32,32,32,19,8,0,32,0.8008,65536,9728,0.8516,57,38.6,True
resnet50,Multiply_9369,25,9,32,32,32,32,14,9,0,32,0.7979,65536,8064,0.877,53,48.2,True
resnet50,Multiply_9369,25,10,32,32,32,32,18,9,0,32,0.7803,65536,10368,0.8418,57,37.5,True
resnet50,Multiply_9369,25,11,32,32,32,32,19,9,0,32,0.7759,65536,10944,0.833,58,62.2,True
resnet50,Multiply_9369,25,12,32,32,32,32,19,9,0,32,0.7759,65536,10944,0.833,58,39.0,True
resnet50,Multiply_9369,25,13,32,32,32,32,14,9,0,32,0.7979,65536,8064,0.877,53,38.5,True
resnet50,Multiply_9369,25,14,32,32,32,32,18,9,0,32,0.7803,65536,10368,0.8418,57,163.7,True
resnet50,Multiply_9369,25,15,32,32,32,32,19,9,0,32,0.7759,65536,10944,0.833,58,44.3,True
resnet50,Multiply_9369,25,16,32,32,32,32,19,9,0,32,0.7759,65536,10944,0.833,58,160.8,True
resnet50,Multiply_9369,25,17,32,32,32,32,14,8,0,32,0.8203,65536,7168,0.8906,52,42.8,True
resnet50,Multiply_9369,25,18,32,32,32,32,18,8,0,32,0.8047,65536,9216,0.8594,56,38.5,True
resnet50,Multiply_9369,25,19,32,32,32,32,19,8,0,32,0.8008,65536,9728,0.8516,57,39.5,True
resnet50,Multiply_9369,25,20,32,32,32,32,19,8,0,32,0.8008,65536,9728,0.8516,57,39.1,True
resnet50,Multiply_9369,25,21,32,32,32,32,14,8,0,32,0.8203,65536,7168,0.8906,52,46.6,True
resnet50,Multiply_9369,25,22,32,32,32,32,18,8,0,32,0.8047,65536,9216,0.8594,56,75.9,True
resnet50,Multiply_9369,25,23,32,32,32,32,19,8,0,32,0.8008,65536,9728,0.8516,57,41.7,True
resnet50,Multiply_9369,25,24,32,32,32,32,19,8,0,32,0.8008,65536,9728,0.8516,57,39.0,True
resnet50,Multiply_9369,25,25,32,32,32,32,14,9,0,32,0.7979,65536,8064,0.877,53,45.1,True
resnet50,Multiply_9369,25,26,32,32,32,32,18,9,0,32,0.7803,65536,10368,0.8418,57,38.8,True
resnet50,Multiply_9369,25,27,32,32,32,32,19,9,0,32,0.7759,65536,10944,0.833,58,38.2,True
resnet50,Multiply_9369,25,28,32,32,32,32,19,9,0,32,0.7759,65536,10944,0.833,58,38.3,True
resnet50,Multiply_9369,25,29,32,32,32,32,14,8,0,32,0.8203,65536,7168,0.8906,52,104.2,True
resnet50,Multiply_9369,25,30,32,32,32,32,18,8,0,32,0.8047,65536,9216,0.8594,56,38.6,True
resnet50,Multiply_9369,25,31,32,32,32,32,19,8,0,32,0.8008,65536,9728,0.8516,57,38.9,True
resnet50,Multiply_9369,25,32,32,32,32,32,19,8,0,32,0.8008,65536,9728,0.8516,57,38.7,True
resnet50,Multiply_9369,25,33,32,32,32,32,14,8,0,32,0.8203,65536,7168,0.8906,52,92.2,True
resnet50,Multiply_9369,25,34,32,32,32,32,18,8,0,32,0.8047,65536,9216,0.8594,56,104.5,True
resnet50,Multiply_9369,25,35,32,32,32,32,19,8,0,32,0.8008,65536,9728,0.8516,57,43.3,True
resnet50,Multiply_9369,25,36,32,32,32,32,19,8,0,32,0.8008,65536,9728,0.8516,57,150.3,True
resnet50,Multiply_9369,25,37,32,32,32,32,14,8,0,32,0.8203,65536,7168,0.8906,52,48.4,True
resnet50,Multiply_9369,25,38,32,32,32,32,18,8,0,32,0.8047,65536,9216,0.8594,56,39.5,True
resnet50,Multiply_9369,25,39,32,32,32,32,19,8,0,32,0.8008,65536,9728,0.8516,57,178.7,True
resnet50,Multiply_9369,25,40,32,32,32,32,19,8,0,32,0.8008,65536,9728,0.8516,57,109.1,True
resnet50,Multiply_9369,25,41,32,32,32,32,14,9,0,32,0.7979,65536,8064,0.877,53,38.1,True
resnet50,Multiply_9369,25,42,32,32,32,32,18,9,0,32,0.7803,65536,10368,0.8418,57,43.8,True
resnet50,Multiply_9369,25,43,32,32,32,32,19,9,0,32,0.7759,65536,10944,0.833,58,39.7,True
resnet50,Multiply_9369,25,44,32,32,32,32,19,9,0,32,0.7759,65536,10944,0.833,58,39.1,True
resnet50,Multiply_9369,25,45,32,32,32,32,14,8,0,32,0.8203,65536,7168,0.8906,52,42.2,True
resnet50,Multiply_9369,25,46,32,32,32,32,18,8,0,32,0.8047,65536,9216,0.8594,56,56.0,True
resnet50,Multiply_9369,25,47,32,32,32,32,19,8,0,32,0.8008,65536,9728,0.8516,57,39.0,True
resnet50,Multiply_9369,25,48,32,32,32,32,19,8,0,32,0.8008,65536,9728,0.8516,57,38.9,True
resnet50,Multiply_9369,25,49,32,32,32,32,14,9,0,32,0.7979,65536,8064,0.877,53,37.5,True
resnet50,Multiply_9369,25,50,32,32,32,32,18,9,0,32,0.7803,65536,10368,0.8418,57,38.9,True
resnet50,Multiply_9369,25,51,32,32,32,32,19,9,0,32,0.7759,65536,10944,0.833,58,38.1,True
resnet50,Multiply_9369,25,52,32,32,32,32,19,9,0,32,0.7759,65536,10944,0.833,58,39.0,True
resnet50,Multiply_9369,25,53,32,32,32,32,14,9,0,32,0.7979,65536,8064,0.877,53,38.3,True
resnet50,Multiply_9369,25,54,32,32,32,32,18,9,0,32,0.7803,65536,10368,0.8418,57,38.9,True
resnet50,Multiply_9369,25,55,32,32,32,32,19,9,0,32,0.7759,65536,10944,0.833,58,40.3,True
resnet50,Multiply_9369,25,56,32,32,32,32,19,9,0,32,0.7759,65536,10944,0.833,58,161.8,True
resnet50,Multiply_9369,25,57,32,32,32,32,14,9,0,32,0.7979,65536,8064,0.877,53,42.4,True
resnet50,Multiply_9369,25,58,32,32,32,32,18,9,0,32,0.7803,65536,10368,0.8418,57,99.6,True
resnet50,Multiply_9369,25,59,32,32,32,32,19,9,0,32,0.7759,65536,10944,0.833,58,53.9,True
resnet50,Multiply_9369,25,60,32,32,32,32,19,9,0,32,0.7759,65536,10944,0.833,58,39.2,True
resnet50,Multiply_9369,25,61,32,32,32,32,14,9,0,32,0.7979,65536,8064,0.877,53,40.2,True
resnet50,Multiply_9369,25,62,32,32,32,32,18,9,0,32,0.7803,65536,10368,0.8418,57,38.3,True
resnet50,Multiply_9369,25,63,32,32,32,32,19,9,0,32,0.7759,65536,10944,0.833,58,39.2,True
resnet50,Multiply_9369,25,64,32,32,32,32,19,9,0,32,0.7759,65536,10944,0.833,58,45.7,True
resnet50,Multiply_9369,25,65,32,32,32,32,14,9,0,32,0.7979,65536,8064,0.877,53,37.2,True
resnet50,Multiply_9369,25,66,32,32,32,32,18,9,0,32,0.7803,65536,10368,0.8418,57,38.2,True
resnet50,Multiply_9369,25,67,32,32,32,32,19,9,0,32,0.7759,65536,10944,0.833,58,50.2,True
resnet50,Multiply_9369,25,68,32,32,32,32,19,9,0,32,0.7759,65536,10944,0.833,58,39.3,True
resnet50,Multiply_9369,25,69,32,32,32,32,14,9,0,32,0.7979,65536,8064,0.877,53,39.2,True
resnet50,Multiply_9369,25,70,32,32,32,32,18,9,0,32,0.7803,65536,10368,0.8418,57,38.2,True
resnet50,Multiply_9369,25,71,32,32,32,32,19,9,0,32,0.7759,65536,10944,0.833,58,38.8,True
resnet50,Multiply_9369,25,72,32,32,32,32,19,9,0,32,0.7759,65536,10944,0.833,58,38.3,True
resnet50,Multiply_9369,25,73,32,32,32,32,14,8,0,32,0.8203,65536,7168,0.8906,52,38.3,True
resnet50,Multiply_9369,25,74,32,32,32,32,18,8,0,32,0.8047,65536,9216,0.8594,56,38.5,True
resnet50,Multiply_9369,25,75,32,32,32,32,19,8,0,32,0.8008,65536,9728,0.8516,57,39.4,True
resnet50,Multiply_9369,25,76,32,32,32,32,19,8,0,32,0.8008,65536,9728,0.8516,57,112.4,True
resnet50,Multiply_9369,25,77,32,32,32,32,14,8,0,32,0.8203,65536,7168,0.8906,52,41.6,True
resnet50,Multiply_9369,25,78,32,32,32,32,18,8,0,32,0.8047,65536,9216,0.8594,56,38.2,True
resnet50,Multiply_9369,25,79,32,32,32,32,19,8,0,32,0.8008,65536,9728,0.8516,57,99.9,True
resnet50,Multiply_9369,25,80,32,32,32,32,19,8,0,32,0.8008,65536,9728,0.8516,57,39.1,True
resnet50,Multiply_9369,25,81,32,32,32,32,14,8,0,32,0.8203,65536,7168,0.8906,52,37.7,True
resnet50,Multiply_9369,25,82,32,32,32,32,18,8,0,32,0.8047,65536,9216,0.8594,56,37.6,True
resnet50,Multiply_9369,25,83,32,32,32,32,19,8,0,32,0.8008,65536,9728,0.8516,57,38.2,True
resnet50,Multiply_9369,25,84,32,32,32,32,19,8,0,32,0.8008,65536,9728,0.8516,57,38.4,True
resnet50,Multiply_9369,25,85,32,32,32,32,14,8,0,32,0.8203,65536,7168,0.8906,52,38.1,True
resnet50,Multiply_9369,25,86,32,32,32,32,18,8,0,32,0.8047,65536,9216,0.8594,56,41.3,True
resnet50,Multiply_9369,25,87,32,32,32,32,19,8,0,32,0.8008,65536,9728,0.8516,57,39.4,True
resnet50,Multiply_9369,25,88,32,32,32,32,19,8,0,32,0.8008,65536,9728,0.8516,57,45.9,True
resnet50,Multiply_9369,25,89,32,32,32,32,14,8,0,32,0.8203,65536,7168,0.8906,52,38.4,True
resnet50,Multiply_9369,25,90,32,32,32,32,18,8,0,32,0.8047,65536,9216,0.8594,56,39.4,True
resnet50,Multiply_9369,25,91,32,32,32,32,19,8,0,32,0.8008,65536,9728,0.8516,57,44.8,True
resnet50,Multiply_9369,25,92,32,32,32,32,19,8,0,32,0.8008,65536,9728,0.8516,57,38.5,True
resnet50,Multiply_9369,25,93,32,32,32,32,14,8,0,32,0.8203,65536,7168,0.8906,52,39.1,True
resnet50,Multiply_9369,25,94,32,32,32,32,18,8,0,32,0.8047,65536,9216,0.8594,56,41.4,True
resnet50,Multiply_9369,25,95,32,32,32,32,19,8,0,32,0.8008,65536,9728,0.8516,57,38.7,True
resnet50,Multiply_9369,25,96,32,32,32,32,19,8,0,32,0.8008,65536,9728,0.8516,57,38.2,True
resnet50,Multiply_9369,25,97,16,32,32,16,14,7,1,16,0.8633,32768,3136,0.9043,35,170.8,True
resnet50,Multiply_9369,25,98,16,32,32,16,18,7,0,32,0.8451,32768,4032,0.877,39,27.3,True
resnet50,Multiply_9369,25,99,16,32,32,16,19,7,0,32,0.8405,32768,4256,0.8701,40,22.8,True
resnet50,Multiply_9369,25,100,16,32,32,16,19,7,0,32,0.8405,32768,4256,0.8701,40,59.3,True
resnet50,Multiply_9404,26,1,32,32,32,32,13,9,0,32,0.8022,65536,7488,0.8857,52,48.4,True
resnet50,Multiply_9404,26,2,32,32,32,32,18,9,0,32,0.7803,65536,10368,0.8418,57,113.1,True
resnet50,Multiply_9404,26,3,32,32,32,32,21,9,0,32,0.7671,65536,12096,0.8154,60,46.3,True
resnet50,Multiply_9404,26,4,32,32,32,32,17,9,0,32,0.7847,65536,9792,0.8506,56,38.7,True
resnet50,Multiply_9404,26,5,32,32,32,32,15,9,0,32,0.7935,65536,8640,0.8682,54,38.9,True
resnet50,Multiply_9404,26,6,32,32,32,32,21,9,0,32,0.7671,65536,12096,0.8154,60,38.1,True
resnet50,Multiply_9404,26,7,32,32,32,32,15,9,0,32,0.7935,65536,8640,0.8682,54,39.0,True
resnet50,Multiply_9404,26,8,32,32,32,32,18,9,0,32,0.7803,65536,10368,0.8418,57,38.6,True
resnet50,Multiply_9404,26,9,32,32,32,32,19,9,0,32,0.7759,65536,10944,0.833,58,39.0,True
resnet50,Multiply_9404,26,10,32,32,32,32,16,9,0,32,0.7891,65536,9216,0.8594,55,38.3,True
resnet50,Multiply_9404,26,11,32,32,32,32,15,9,0,32,0.7935,65536,8640,0.8682,54,178.8,True
resnet50,Multiply_9404,26,12,32,32,32,32,14,9,0,32,0.7979,65536,8064,0.877,53,39.9,True
resnet50,Multiply_9404,26,13,32,32,32,32,22,9,0,32,0.7627,65536,12672,0.8066,61,39.4,True
resnet50,Multiply_9404,26,14,32,32,32,32,15,9,0,32,0.7935,65536,8640,0.8682,54,38.5,True
resnet50,Multiply_9404,26,15,32,32,32,32,18,9,0,32,0.7803,65536,10368,0.8418,57,41.7,True
resnet50,Multiply_9404,26,16,32,32,32,32,16,9,0,32,0.7891,65536,9216,0.8594,55,64.6,True
resnet50,Multiply_9404,26,17,32,32,32,32,16,9,0,32,0.7891,65536,9216,0.8594,55,47.7,True
resnet50,Multiply_9404,26,18,32,32,32,32,23,9,0,32,0.7583,65536,13248,0.7979,62,37.8,True
resnet50,Multiply_9404,26,19,32,32,32,32,21,9,0,32,0.7671,65536,12096,0.8154,60,39.3,True
resnet50,Multiply_9404,26,20,32,32,32,32,20,9,0,32,0.7715,65536,11520,0.8242,59,296.5,True
resnet50,Multiply_9404,26,21,32,32,32,32,22,9,0,32,0.7627,65536,12672,0.8066,61,39.1,True
resnet50,Multiply_9404,26,22,32,32,32,32,15,9,0,32,0.7935,65536,8640,0.8682,54,38.0,True
resnet50,Multiply_9404,26,23,32,32,32,32,18,9,0,32,0.7803,65536,10368,0.8418,57,162.2,True
resnet50,Multiply_9404,26,24,32,32,32,32,16,9,0,32,0.7891,65536,9216,0.8594,55,37.7,True
resnet50,Multiply_9404,26,25,32,32,32,32,19,9,0,32,0.7759,65536,10944,0.833,58,294.5,True
resnet50,Multiply_9404,26,26,32,32,32,32,19,9,0,32,0.7759,65536,10944,0.833,58,38.3,True
resnet50,Multiply_9404,26,27,32,32,32,32,19,9,0,32,0.7759,65536,10944,0.833,58,38.4,True
resnet50,Multiply_9404,26,28,32,32,32,32,14,9,0,32,0.7979,65536,8064,0.877,53,39.1,True
resnet50,Multiply_9404,26,29,32,32,32,32,19,9,0,32,0.7759,65536,10944,0.833,58,52.9,True
resnet50,Multiply_9404,26,30,32,32,32,32,16,9,0,32,0.7891,65536,9216,0.8594,55,37.4,True
resnet50,Multiply_9404,26,31,32,32,32,32,14,9,0,32,0.7979,65536,8064,0.877,53,47.4,True
resnet50,Multiply_9404,26,32,32,32,32,32,19,9,0,32,0.7759,65536,10944,0.833,58,38.7,True
resnet50,Multiply_9404,26,33,32,32,32,32,13,9,0,32,0.8022,65536,7488,0.8857,52,37.5,True
resnet50,Multiply_9404,26,34,32,32,32,32,18,9,0,32,0.7803,65536,10368,0.8418,57,38.4,True
resnet50,Multiply_9404,26,35,32,32,32,32,21,9,0,32,0.7671,65536,12096,0.8154,60,197.4,True
resnet50,Multiply_9404,26,36,32,32,32,32,17,9,0,32,0.7847,65536,9792,0.8506,56,38.3,True
resnet50,Multiply_9404,26,37,32,32,32,32,15,9,0,32,0.7935,65536,8640,0.8682,54,39.3,True
resnet50,Multiply_9404,26,38,32,32,32,32,21,9,0,32,0.7671,65536,12096,0.8154,60,38.5,True
resnet50,Multiply_9404,26,39,32,32,32,32,15,9,0,32,0.7935,65536,8640,0.8682,54,64.9,True
resnet50,Multiply_9404,26,40,32,32,32,32,18,9,0,32,0.7803,65536,10368,0.8418,57,39.2,True
resnet50,Multiply_9404,26,41,32,32,32,32,19,9,0,32,0.7759,65536,10944,0.833,58,38.4,True
resnet50,Multiply_9404,26,42,32,32,32,32,16,9,0,32,0.7891,65536,9216,0.8594,55,59.4,True
resnet50,Multiply_9404,26,43,32,32,32,32,15,9,0,32,0.7935,65536,8640,0.8682,54,39.3,True
resnet50,Multiply_9404,26,44,32,32,32,32,14,9,0,32,0.7979,65536,8064,0.877,53,162.9,True
resnet50,Multiply_9404,26,45,32,32,32,32,22,9,0,32,0.7627,65536,12672,0.8066,61,39.3,True
resnet50,Multiply_9404,26,46,32,32,32,32,15,9,0,32,0.7935,65536,8640,0.8682,54,40.5,True
resnet50,Multiply_9404,26,47,32,32,32,32,18,9,0,32,0.7803,65536,10368,0.8418,57,115.9,True
resnet50,Multiply_9404,26,48,32,32,32,32,16,9,0,32,0.7891,65536,9216,0.8594,55,97.3,True
resnet50,Multiply_9404,26,49,32,32,32,32,16,9,0,32,0.7891,65536,9216,0.8594,55,40.7,True
resnet50,Multiply_9404,26,50,32,32,32,32,23,9,0,32,0.7583,65536,13248,0.7979,62,40.5,True
resnet50,Multiply_9404,26,51,32,32,32,32,21,9,0,32,0.7671,65536,12096,0.8154,60,39.5,True
resnet50,Multiply_9404,26,52,32,32,32,32,20,9,0,32,0.7715,65536,11520,0.8242,59,46.7,True
resnet50,Multiply_9404,26,53,32,32,32,32,22,9,0,32,0.7627,65536,12672,0.8066,61,51.1,True
resnet50,Multiply_9404,26,54,32,32,32,32,15,9,0,32,0.7935,65536,8640,0.8682,54,49.2,True
resnet50,Multiply_9404,26,55,32,32,32,32,18,9,0,32,0.7803,65536,10368,0.8418,57,40.5,True
resnet50,Multiply_9404,26,56,32,32,32,32,16,9,0,32,0.7891,65536,9216,0.8594,55,39.2,True
resnet50,Multiply_9404,26,57,32,32,32,32,19,9,0,32,0.7759,65536,10944,0.833,58,48.9,True
resnet50,Multiply_9404,26,58,32,32,32,32,19,9,0,32,0.7759,65536,10944,0.833,58,38.1,True
resnet50,Multiply_9404,26,59,32,32,32,32,19,9,0,32,0.7759,65536,10944,0.833,58,39.4,True
resnet50,Multiply_9404,26,60,32,32,32,32,14,9,0,32,0.7979,65536,8064,0.877,53,120.1,True
resnet50,Multiply_9404,26,61,32,32,32,32,19,9,0,32,0.7759,65536,10944,0.833,58,39.0,True
resnet50,Multiply_9404,26,62,32,32,32,32,16,9,0,32,0.7891,65536,9216,0.8594,55,87.5,True
resnet50,Multiply_9404,26,63,32,32,32,32,14,9,0,32,0.7979,65536,8064,0.877,53,38.8,True
resnet50,Multiply_9404,26,64,32,32,32,32,19,9,0,32,0.7759,65536,10944,0.833,58,38.7,True
resnet50,Multiply_9404,26,65,32,32,32,32,13,9,0,32,0.8022,65536,7488,0.8857,52,55.0,True
resnet50,Multiply_9404,26,66,32,32,32,32,18,9,0,32,0.7803,65536,10368,0.8418,57,163.5,True
resnet50,Multiply_9404,26,67,32,32,32,32,21,9,0,32,0.7671,65536,12096,0.8154,60,64.9,True
resnet50,Multiply_9404,26,68,32,32,32,32,17,9,0,32,0.7847,65536,9792,0.8506,56,48.2,True
resnet50,Multiply_9404,26,69,32,32,32,32,15,9,0,32,0.7935,65536,8640,0.8682,54,147.1,True
resnet50,Multiply_9404,26,70,32,32,32,32,21,9,0,32,0.7671,65536,12096,0.8154,60,63.8,True
resnet50,Multiply_9404,26,71,32,32,32,32,15,9,0,32,0.7935,65536,8640,0.8682,54,39.0,True
resnet50,Multiply_9404,26,72,32,32,32,32,18,9,0,32,0.7803,65536,10368,0.8418,57,62.9,True
resnet50,Multiply_9404,26,73,32,32,32,32,19,9,0,32,0.7759,65536,10944,0.833,58,38.8,True
resnet50,Multiply_9404,26,74,32,32,32,32,16,9,0,32,0.7891,65536,9216,0.8594,55,56.2,True
resnet50,Multiply_9404,26,75,32,32,32,32,15,9,0,32,0.7935,65536,8640,0.8682,54,61.6,True
resnet50,Multiply_9404,26,76,32,32,32,32,14,9,0,32,0.7979,65536,8064,0.877,53,38.5,True
resnet50,Multiply_9404,26,77,32,32,32,32,22,9,0,32,0.7627,65536,12672,0.8066,61,45.2,True
resnet50,Multiply_9404,26,78,32,32,32,32,15,9,0,32,0.7935,65536,8640,0.8682,54,108.4,True
resnet50,Multiply_9404,26,79,32,32,32,32,18,9,0,32,0.7803,65536,10368,0.8418,57,43.7,True
resnet50,Multiply_9404,26,80,32,32,32,32,16,9,0,32,0.7891,65536,9216,0.8594,55,37.3,True
resnet50,Multiply_9404,26,81,32,32,32,32,16,9,0,32,0.7891,65536,9216,0.8594,55,38.5,True
resnet50,Multiply_9404,26,82,32,32,32,32,23,9,0,32,0.7583,65536,13248,0.7979,62,39.3,True
resnet50,Multiply_9404,26,83,32,32,32,32,21,9,0,32,0.7671,65536,12096,0.8154,60,63.2,True
resnet50,Multiply_9404,26,84,32,32,32,32,20,9,0,32,0.7715,65536,11520,0.8242,59,42.7,True
resnet50,Multiply_9404,26,85,32,32,32,32,22,9,0,32,0.7627,65536,12672,0.8066,61,221.0,True
resnet50,Multiply_9404,26,86,32,32,32,32,15,9,0,32,0.7935,65536,8640,0.8682,54,38.5,True
resnet50,Multiply_9404,26,87,32,32,32,32,18,9,0,32,0.7803,65536,10368,0.8418,57,106.9,True
resnet50,Multiply_9404,26,88,32,32,32,32,16,9,0,32,0.7891,65536,9216,0.8594,55,40.0,True
resnet50,Multiply_9404,26,89,32,32,32,32,19,9,0,32,0.7759,65536,10944,0.833,58,39.8,True
resnet50,Multiply_9404,26,90,32,32,32,32,19,9,0,32,0.7759,65536,10944,0.833,58,38.6,True
resnet50,Multiply_9404,26,91,32,32,32,32,19,9,0,32,0.7759,65536,10944,0.833,58,39.7,True
resnet50,Multiply_9404,26,92,32,32,32,32,14,9,0,32,0.7979,65536,8064,0.877,53,39.6,True
resnet50,Multiply_9404,26,93,32,32,32,32,19,9,0,32,0.7759,65536,10944,0.833,58,55.8,True
resnet50,Multiply_9404,26,94,32,32,32,32,16,9,0,32,0.7891,65536,9216,0.8594,55,39.2,True
resnet50,Multiply_9404,26,95,32,32,32,32,14,9,0,32,0.7979,65536,8064,0.877,53,38.6,True
resnet50,Multiply_9404,26,96,32,32,32,32,19,9,0,32,0.7759,65536,10944,0.833,58,39.3,True
resnet50,Multiply_9404,26,97,32,32,32,32,13,9,0,32,0.8022,65536,7488,0.8857,52,36.8,True
resnet50,Multiply_9404,26,98,32,32,32,32,18,9,0,32,0.7803,65536,10368,0.8418,57,48.8,True
resnet50,Multiply_9404,26,99,32,32,32,32,21,9,0,32,0.7671,65536,12096,0.8154,60,150.0,True
resnet50,Multiply_9404,26,100,32,32,32,32,17,9,0,32,0.7847,65536,9792,0.8506,56,38.6,True
resnet50,Multiply_9404,26,101,32,32,32,32,15,9,0,32,0.7935,65536,8640,0.8682,54,38.5,True
resnet50,Multiply_9404,26,102,32,32,32,32,21,9,0,32,0.7671,65536,12096,0.8154,60,45.2,True
resnet50,Multiply_9404,26,103,32,32,32,32,15,9,0,32,0.7935,65536,8640,0.8682,54,200.8,True
resnet50,Multiply_9404,26,104,32,32,32,32,18,9,0,32,0.7803,65536,10368,0.8418,57,38.7,True
resnet50,Multiply_9404,26,105,32,32,32,32,19,9,0,32,0.7759,65536,10944,0.833,58,38.4,True
resnet50,Multiply_9404,26,106,32,32,32,32,16,9,0,32,0.7891,65536,9216,0.8594,55,139.7,True
resnet50,Multiply_9404,26,107,32,32,32,32,15,9,0,32,0.7935,65536,8640,0.8682,54,38.5,True
resnet50,Multiply_9404,26,108,32,32,32,32,14,9,0,32,0.7979,65536,8064,0.877,53,39.7,True
resnet50,Multiply_9404,26,109,32,32,32,32,22,9,0,32,0.7627,65536,12672,0.8066,61,75.0,True
resnet50,Multiply_9404,26,110,32,32,32,32,15,9,0,32,0.7935,65536,8640,0.8682,54,39.0,True
resnet50,Multiply_9404,26,111,32,32,32,32,18,9,0,32,0.7803,65536,10368,0.8418,57,38.8,True
resnet50,Multiply_9404,26,112,32,32,32,32,16,9,0,32,0.7891,65536,9216,0.8594,55,135.1,True
resnet50,Multiply_9404,26,113,32,32,32,32,16,9,0,32,0.7891,65536,9216,0.8594,55,46.5,True
resnet50,Multiply_9404,26,114,32,32,32,32,23,9,0,32,0.7583,65536,13248,0.7979,62,130.2,True
resnet50,Multiply_9404,26,115,32,32,32,32,21,9,0,32,0.7671,65536,12096,0.8154,60,42.5,True
resnet50,Multiply_9404,26,116,32,32,32,32,20,9,0,32,0.7715,65536,11520,0.8242,59,38.1,True
resnet50,Multiply_9404,26,117,32,32,32,32,22,9,0,32,0.7627,65536,12672,0.8066,61,37.6,True
resnet50,Multiply_9404,26,118,32,32,32,32,15,9,0,32,0.7935,65536,8640,0.8682,54,63.2,True
resnet50,Multiply_9404,26,119,32,32,32,32,18,9,0,32,0.7803,65536,10368,0.8418,57,38.5,True
resnet50,Multiply_9404,26,120,32,32,32,32,16,9,0,32,0.7891,65536,9216,0.8594,55,38.2,True
resnet50,Multiply_9404,26,121,32,32,32,32,19,9,0,32,0.7759,65536,10944,0.833,58,38.8,True
resnet50,Multiply_9404,26,122,32,32,32,32,19,9,0,32,0.7759,65536,10944,0.833,58,48.6,True
resnet50,Multiply_9404,26,123,32,32,32,32,19,9,0,32,0.7759,65536,10944,0.833,58,37.6,True
resnet50,Multiply_9404,26,124,32,32,32,32,14,9,0,32,0.7979,65536,8064,0.877,53,182.4,True
resnet50,Multiply_9404,26,125,32,32,32,32,19,9,0,32,0.7759,65536,10944,0.833,58,69.2,True
resnet50,Multiply_9404,26,126,32,32,32,32,16,9,0,32,0.7891,65536,9216,0.8594,55,39.5,True
resnet50,Multiply_9404,26,127,32,32,32,32,14,9,0,32,0.7979,65536,8064,0.877,53,88.7,True
resnet50,Multiply_9404,26,128,32,32,32,32,19,9,0,32,0.7759,65536,10944,0.833,58,43.2,True
resnet50,Multiply_9404,26,129,32,32,32,32,13,9,0,32,0.8022,65536,7488,0.8857,52,41.5,True
resnet50,Multiply_9404,26,130,32,32,32,32,18,9,0,32,0.7803,65536,10368,0.8418,57,50.0,True
resnet50,Multiply_9404,26,131,32,32,32,32,21,9,0,32,0.7671,65536,12096,0.8154,60,106.4,True
resnet50,Multiply_9404,26,132,32,32,32,32,17,9,0,32,0.7847,65536,9792,0.8506,56,38.8,True
resnet50,Multiply_9404,26,133,32,32,32,32,15,9,0,32,0.7935,65536,8640,0.8682,54,39.2,True
resnet50,Multiply_9404,26,134,32,32,32,32,21,9,0,32,0.7671,65536,12096,0.8154,60,38.8,True
resnet50,Multiply_9404,26,135,32,32,32,32,15,9,0,32,0.7935,65536,8640,0.8682,54,37.6,True
resnet50,Multiply_9404,26,136,32,32,32,32,18,9,0,32,0.7803,65536,10368,0.8418,57,136.9,True
resnet50,Multiply_9404,26,137,32,32,32,32,19,9,0,32,0.7759,65536,10944,0.833,58,38.8,True
resnet50,Multiply_9404,26,138,32,32,32,32,16,9,0,32,0.7891,65536,9216,0.8594,55,69.1,True
resnet50,Multiply_9404,26,139,32,32,32,32,15,9,0,32,0.7935,65536,8640,0.8682,54,38.7,True
resnet50,Multiply_9404,26,140,32,32,32,32,14,9,0,32,0.7979,65536,8064,0.877,53,38.2,True
resnet50,Multiply_9404,26,141,32,32,32,32,22,9,0,32,0.7627,65536,12672,0.8066,61,49.5,True
resnet50,Multiply_9404,26,142,32,32,32,32,15,9,0,32,0.7935,65536,8640,0.8682,54,94.7,True
resnet50,Multiply_9404,26,143,32,32,32,32,18,9,0,32,0.7803,65536,10368,0.8418,57,76.0,True
resnet50,Multiply_9404,26,144,32,32,32,32,16,9,0,32,0.7891,65536,9216,0.8594,55,40.0,True
resnet50,Multiply_9404,26,145,32,32,32,32,16,9,0,32,0.7891,65536,9216,0.8594,55,39.0,True
resnet50,Multiply_9404,26,146,32,32,32,32,23,9,0,32,0.7583,65536,13248,0.7979,62,86.4,True
resnet50,Multiply_9404,26,147,32,32,32,32,21,9,0,32,0.7671,65536,12096,0.8154,60,47.1,True
resnet50,Multiply_9404,26,148,32,32,32,32,20,9,0,32,0.7715,65536,11520,0.8242,59,38.4,True
resnet50,Multiply_9404,26,149,32,32,32,32,22,9,0,32,0.7627,65536,12672,0.8066,61,39.2,True
resnet50,Multiply_9404,26,150,32,32,32,32,15,9,0,32,0.7935,65536,8640,0.8682,54,44.2,True
resnet50,Multiply_9404,26,151,32,32,32,32,18,9,0,32,0.7803,65536,10368,0.8418,57,47.1,True
resnet50,Multiply_9404,26,152,32,32,32,32,16,9,0,32,0.7891,65536,9216,0.8594,55,54.9,True
resnet50,Multiply_9404,26,153,32,32,32,32,19,9,0,32,0.7759,65536,10944,0.833,58,352.2,True
resnet50,Multiply_9404,26,154,32,32,32,32,19,9,0,32,0.7759,65536,10944,0.833,58,38.4,True
resnet50,Multiply_9404,26,155,32,32,32,32,19,9,0,32,0.7759,65536,10944,0.833,58,38.6,True
resnet50,Multiply_9404,26,156,32,32,32,32,14,9,0,32,0.7979,65536,8064,0.877,53,40.2,True
resnet50,Multiply_9404,26,157,32,32,32,32,19,9,0,32,0.7759,65536,10944,0.833,58,38.4,True
resnet50,Multiply_9404,26,158,32,32,32,32,16,9,0,32,0.7891,65536,9216,0.8594,55,37.5,True
resnet50,Multiply_9404,26,159,32,32,32,32,14,9,0,32,0.7979,65536,8064,0.877,53,179.3,True
resnet50,Multiply_9404,26,160,32,32,32,32,19,9,0,32,0.7759,65536,10944,0.833,58,39.7,True
resnet50,Multiply_9404,26,161,32,32,32,32,13,9,0,32,0.8022,65536,7488,0.8857,52,61.2,True
resnet50,Multiply_9404,26,162,32,32,32,32,18,9,0,32,0.7803,65536,10368,0.8418,57,40.0,True
resnet50,Multiply_9404,26,163,32,32,32,32,21,9,0,32,0.7671,65536,12096,0.8154,60,126.6,True
resnet50,Multiply_9404,26,164,32,32,32,32,17,9,0,32,0.7847,65536,9792,0.8506,56,105.4,True
resnet50,Multiply_9404,26,165,32,32,32,32,15,9,0,32,0.7935,65536,8640,0.8682,54,47.7,True
resnet50,Multiply_9404,26,166,32,32,32,32,21,9,0,32,0.7671,65536,12096,0.8154,60,51.2,True
resnet50,Multiply_9404,26,167,32,32,32,32,15,9,0,32,0.7935,65536,8640,0.8682,54,37.3,True
resnet50,Multiply_9404,26,168,32,32,32,32,18,9,0,32,0.7803,65536,10368,0.8418,57,39.5,True
resnet50,Multiply_9404,26,169,32,32,32,32,19,9,0,32,0.7759,65536,10944,0.833,58,90.1,True
resnet50,Multiply_9404,26,170,32,32,32,32,16,9,0,32,0.7891,65536,9216,0.8594,55,38.4,True
resnet50,Multiply_9404,26,171,32,32,32,32,15,9,0,32,0.7935,65536,8640,0.8682,54,38.9,True
resnet50,Multiply_9404,26,172,32,32,32,32,14,9,0,32,0.7979,65536,8064,0.877,53,38.2,True
resnet50,Multiply_9404,26,173,32,32,32,32,22,9,0,32,0.7627,65536,12672,0.8066,61,139.1,True
resnet50,Multiply_9404,26,174,32,32,32,32,15,9,0,32,0.7935,65536,8640,0.8682,54,61.2,True
resnet50,Multiply_9404,26,175,32,32,32,32,18,9,0,32,0.7803,65536,10368,0.8418,57,197.6,True
resnet50,Multiply_9404,26,176,32,32,32,32,16,9,0,32,0.7891,65536,9216,0.8594,55,39.0,True
resnet50,Multiply_9404,26,177,32,32,32,32,16,9,0,32,0.7891,65536,9216,0.8594,55,47.3,True
resnet50,Multiply_9404,26,178,32,32,32,32,23,9,0,32,0.7583,65536,13248,0.7979,62,42.3,True
resnet50,Multiply_9404,26,179,32,32,32,32,21,9,0,32,0.7671,65536,12096,0.8154,60,58.0,True
resnet50,Multiply_9404,26,180,32,32,32,32,20,9,0,32,0.7715,65536,11520,0.8242,59,99.2,True
resnet50,Multiply_9404,26,181,32,32,32,32,22,9,0,32,0.7627,65536,12672,0.8066,61,38.1,True
resnet50,Multiply_9404,26,182,32,32,32,32,15,9,0,32,0.7935,65536,8640,0.8682,54,163.8,True
resnet50,Multiply_9404,26,183,32,32,32,32,18,9,0,32,0.7803,65536,10368,0.8418,57,38.9,True
resnet50,Multiply_9404,26,184,32,32,32,32,16,9,0,32,0.7891,65536,9216,0.8594,55,178.3,True
resnet50,Multiply_9404,26,185,32,32,32,32,19,9,0,32,0.7759,65536,10944,0.833,58,39.3,True
resnet50,Multiply_9404,26,186,32,32,32,32,19,9,0,32,0.7759,65536,10944,0.833,58,228.5,True
resnet50,Multiply_9404,26,187,32,32,32,32,19,9,0,32,0.7759,65536,10944,0.833,58,65.0,True
resnet50,Multiply_9404,26,188,32,32,32,32,14,9,0,32,0.7979,65536,8064,0.877,53,40.8,True
resnet50,Multiply_9404,26,189,32,32,32,32,19,9,0,32,0.7759,65536,10944,0.833,58,37.7,True
resnet50,Multiply_9404,26,190,32,32,32,32,16,9,0,32,0.7891,65536,9216,0.8594,55,50.6,True
resnet50,Multiply_9404,26,191,32,32,32,32,14,9,0,32,0.7979,65536,8064,0.877,53,172.9,True
resnet50,Multiply_9404,26,192,32,32,32,32,19,9,0,32,0.7759,65536,10944,0.833,58,50.6,True
resnet50,Multiply_9404,26,193,4,32,32,4,13,9,1,16,0.8672,8192,936,0.8857,24,9.2,True
resnet50,Multiply_9404,26,194,4,32,32,4,18,9,0,32,0.8281,8192,1296,0.8418,29,8.6,True
resnet50,Multiply_9404,26,195,4,32,32,4,21,9,0,32,0.8047,8192,1512,0.8154,32,8.6,True
resnet50,Multiply_9404,26,196,4,32,32,4,17,9,0,32,0.8359,8192,1224,0.8506,28,8.4,True
resnet50,Multiply_9404,26,197,4,32,32,4,15,9,1,16,0.8516,8192,1080,0.8682,26,9.1,True
resnet50,Multiply_9404,26,198,4,32,32,4,21,9,0,32,0.8047,8192,1512,0.8154,32,42.9,True
resnet50,Multiply_9404,26,199,4,32,32,4,15,9,1,16,0.8516,8192,1080,0.8682,26,8.7,True
resnet50,Multiply_9404,26,200,4,32,32,4,18,9,0,32,0.8281,8192,1296,0.8418,29,16.1,True
resnet50,Multiply_9404,26,201,4,32,32,4,19,9,0,32,0.8203,8192,1368,0.833,30,8.9,True
resnet50,Multiply_9404,26,202,4,32,32,4,16,9,1,16,0.8438,8192,1152,0.8594,27,9.9,True
resnet50,Multiply_9404,26,203,4,32,32,4,15,9,1,16,0.8516,8192,1080,0.8682,26,8.7,True
resnet50,Multiply_9404,26,204,4,32,32,4,14,9,1,16,0.8594,8192,1008,0.877,25,37.7,True
resnet50,Multiply_9404,26,205,4,32,32,4,22,9,0,32,0.7969,8192,1584,0.8066,33,7.6,True
resnet50,Multiply_9404,26,206,4,32,32,4,15,9,1,16,0.8516,8192,1080,0.8682,26,7.9,True
resnet50,Multiply_9404,26,207,4,32,32,4,18,9,0,32,0.8281,8192,1296,0.8418,29,42.4,True
resnet50,Multiply_9404,26,208,4,32,32,4,16,9,1,16,0.8438,8192,1152,0.8594,27,8.9,True
resnet50,Multiply_9404,26,209,4,32,32,4,16,9,1,16,0.8438,8192,1152,0.8594,27,41.5,True
resnet50,Multiply_9404,26,210,4,32,32,4,23,9,0,32,0.7891,8192,1656,0.7979,34,43.4,True
resnet50,Multiply_9404,26,211,4,32,32,4,21,9,0,32,0.8047,8192,1512,0.8154,32,8.4,True
resnet50,Multiply_9404,26,212,4,32,32,4,20,9,0,32,0.8125,8192,1440,0.8242,31,8.7,True
resnet50,Multiply_9404,26,213,4,32,32,4,22,9,0,32,0.7969,8192,1584,0.8066,33,42.2,True
resnet50,Multiply_9404,26,214,4,32,32,4,15,9,1,16,0.8516,8192,1080,0.8682,26,23.0,True
resnet50,Multiply_9404,26,215,4,32,32,4,18,9,0,32,0.8281,8192,1296,0.8418,29,27.3,True
resnet50,Multiply_9404,26,216,4,32,32,4,16,9,1,16,0.8438,8192,1152,0.8594,27,8.6,True
resnet50,Multiply_9404,26,217,4,32,32,4,19,9,0,32,0.8203,8192,1368,0.833,30,23.5,True
resnet50,Multiply_9404,26,218,4,32,32,4,19,9,0,32,0.8203,8192,1368,0.833,30,9.6,True
resnet50,Multiply_9404,26,219,4,32,32,4,19,9,0,32,0.8203,8192,1368,0.833,30,8.8,True
resnet50,Multiply_9404,26,220,4,32,32,4,14,9,1,16,0.8594,8192,1008,0.877,25,40.1,True
resnet50,Multiply_9404,26,221,4,32,32,4,19,9,0,32,0.8203,8192,1368,0.833,30,11.3,True
resnet50,Multiply_9404,26,222,4,32,32,4,16,9,1,16,0.8438,8192,1152,0.8594,27,8.8,True
resnet50,Multiply_9404,26,223,4,32,32,4,14,9,1,16,0.8594,8192,1008,0.877,25,43.4,True
resnet50,Multiply_9404,26,224,4,32,32,4,19,9,0,32,0.8203,8192,1368,0.833,30,39.0,True
resnet50,Multiply_9397,27,1,32,32,32,32,18,21,0,32,0.4873,65536,24192,0.6309,69,41.5,True
resnet50,Multiply_9397,27,2,32,32,32,32,17,21,0,32,0.4976,65536,22848,0.6514,68,38.0,True
resnet50,Multiply_9397,27,3,32,32,32,32,20,21,0,32,0.4668,65536,26880,0.5898,71,78.3,True
resnet50,Multiply_9397,27,4,32,32,32,32,14,21,0,32,0.5283,65536,18816,0.7129,65,75.1,True
resnet50,Multiply_9397,27,5,32,32,32,32,19,21,0,32,0.4771,65536,25536,0.6104,70,38.6,True
resnet50,Multiply_9397,27,6,32,32,32,32,21,21,0,32,0.4565,65536,28224,0.5693,72,39.8,True
resnet50,Multiply_9397,27,7,32,32,32,32,14,21,0,32,0.5283,65536,18816,0.7129,65,38.8,True
resnet50,Multiply_9397,27,8,32,32,32,32,18,21,0,32,0.4873,65536,24192,0.6309,69,39.5,True
resnet50,Multiply_9397,27,9,17,32,32,17,18,21,0,32,0.5312,34816,12852,0.6309,54,28.5,True
resnet50,Multiply_9397,27,10,17,32,32,17,17,21,0,32,0.5446,34816,12138,0.6514,53,41.2,True
resnet50,Multiply_9397,27,11,17,32,32,17,20,21,0,32,0.5045,34816,14280,0.5898,56,43.8,True
resnet50,Multiply_9397,27,12,17,32,32,17,14,21,0,32,0.5848,34816,9996,0.7129,50,22.3,True
resnet50,Multiply_9397,27,13,17,32,32,17,19,21,0,32,0.5179,34816,13566,0.6104,55,27.9,True
resnet50,Multiply_9397,27,14,17,32,32,17,21,21,0,32,0.4911,34816,14994,0.5693,57,70.9,True
resnet50,Multiply_9397,27,15,17,32,32,17,14,21,0,32,0.5848,34816,9996,0.7129,50,22.6,True
resnet50,Multiply_9397,27,16,17,32,32,17,18,21,0,32,0.5312,34816,12852,0.6309,54,22.1,True
resnet50,Multiply_9390,28,1,32,32,32,32,19,17,0,32,0.5767,65536,20672,0.6846,66,43.5,True
resnet50,Multiply_9390,28,2,32,32,32,32,18,17,0,32,0.585,65536,19584,0.7012,65,38.4,True
resnet50,Multiply_9390,28,3,32,32,32,32,13,17,0,32,0.6265,65536,14144,0.7842,60,89.9,True
resnet50,Multiply_9390,28,4,32,32,32,32,16,17,0,32,0.6016,65536,17408,0.7344,63,39.1,True
resnet50,Multiply_9390,28,5,32,32,32,32,20,17,0,32,0.5684,65536,21760,0.668,67,68.9,True
resnet50,Multiply_9390,28,6,32,32,32,32,19,17,0,32,0.5767,65536,20672,0.6846,66,38.5,True
resnet50,Multiply_9390,28,7,32,32,32,32,19,17,0,32,0.5767,65536,20672,0.6846,66,39.1,True
resnet50,Multiply_9390,28,8,32,32,32,32,17,17,0,32,0.5933,65536,18496,0.7178,64,40.7,True
resnet50,Multiply_9390,28,9,32,32,32,32,19,16,0,32,0.6016,65536,19456,0.7031,65,36.9,True
resnet50,Multiply_9390,28,10,32,32,32,32,18,16,0,32,0.6094,65536,18432,0.7188,64,39.7,True
resnet50,Multiply_9390,28,11,32,32,32,32,13,16,0,32,0.6484,65536,13312,0.7969,59,149.2,True
resnet50,Multiply_9390,28,12,32,32,32,32,16,16,0,32,0.625,65536,16384,0.75,62,38.0,True
resnet50,Multiply_9390,28,13,32,32,32,32,20,16,0,32,0.5938,65536,20480,0.6875,66,39.0,True
resnet50,Multiply_9390,28,14,32,32,32,32,19,16,0,32,0.6016,65536,19456,0.7031,65,62.2,True
resnet50,Multiply_9390,28,15,32,32,32,32,19,16,0,32,0.6016,65536,19456,0.7031,65,37.7,True
resnet50,Multiply_9390,28,16,32,32,32,32,17,16,0,32,0.6172,65536,17408,0.7344,63,38.0,True
resnet50,Multiply_9390,28,17,32,32,32,32,19,18,0,32,0.5518,65536,21888,0.666,67,120.1,True
resnet50,Multiply_9390,28,18,32,32,32,32,18,18,0,32,0.5605,65536,20736,0.6836,66,41.3,True
resnet50,Multiply_9390,28,19,32,32,32,32,13,18,0,32,0.6045,65536,14976,0.7715,61,52.0,True
resnet50,Multiply_9390,28,20,32,32,32,32,16,18,0,32,0.5781,65536,18432,0.7188,64,39.0,True
resnet50,Multiply_9390,28,21,32,32,32,32,20,18,0,32,0.543,65536,23040,0.6484,68,100.6,True
resnet50,Multiply_9390,28,22,32,32,32,32,19,18,0,32,0.5518,65536,21888,0.666,67,41.0,True
resnet50,Multiply_9390,28,23,32,32,32,32,19,18,0,32,0.5518,65536,21888,0.666,67,178.7,True
resnet50,Multiply_9390,28,24,32,32,32,32,17,18,0,32,0.5693,65536,19584,0.7012,65,198.8,True
resnet50,Multiply_9390,28,25,32,32,32,32,19,17,0,32,0.5767,65536,20672,0.6846,66,38.8,True
resnet50,Multiply_9390,28,26,32,32,32,32,18,17,0,32,0.585,65536,19584,0.7012,65,39.6,True
resnet50,Multiply_9390,28,27,32,32,32,32,13,17,0,32,0.6265,65536,14144,0.7842,60,64.3,True
resnet50,Multiply_9390,28,28,32,32,32,32,16,17,0,32,0.6016,65536,17408,0.7344,63,103.0,True
resnet50,Multiply_9390,28,29,32,32,32,32,20,17,0,32,0.5684,65536,21760,0.668,67,282.3,True
resnet50,Multiply_9390,28,30,32,32,32,32,19,17,0,32,0.5767,65536,20672,0.6846,66,39.3,True
resnet50,Multiply_9390,28,31,32,32,32,32,19,17,0,32,0.5767,65536,20672,0.6846,66,38.9,True
resnet50,Multiply_9390,28,32,32,32,32,32,17,17,0,32,0.5933,65536,18496,0.7178,64,40.4,True
resnet50,Multiply_9390,28,33,32,32,32,32,19,18,0,32,0.5518,65536,21888,0.666,67,37.5,True
resnet50,Multiply_9390,28,34,32,32,32,32,18,18,0,32,0.5605,65536,20736,0.6836,66,37.6,True
resnet50,Multiply_9390,28,35,32,32,32,32,13,18,0,32,0.6045,65536,14976,0.7715,61,38.7,True
resnet50,Multiply_9390,28,36,32,32,32,32,16,18,0,32,0.5781,65536,18432,0.7188,64,39.1,True
resnet50,Multiply_9390,28,37,32,32,32,32,20,18,0,32,0.543,65536,23040,0.6484,68,49.9,True
resnet50,Multiply_9390,28,38,32,32,32,32,19,18,0,32,0.5518,65536,21888,0.666,67,163.1,True
resnet50,Multiply_9390,28,39,32,32,32,32,19,18,0,32,0.5518,65536,21888,0.666,67,37.1,True
resnet50,Multiply_9390,28,40,32,32,32,32,17,18,0,32,0.5693,65536,19584,0.7012,65,47.1,True
resnet50,Multiply_9390,28,41,32,32,32,32,19,17,0,32,0.5767,65536,20672,0.6846,66,37.9,True
resnet50,Multiply_9390,28,42,32,32,32,32,18,17,0,32,0.585,65536,19584,0.7012,65,94.8,True
resnet50,Multiply_9390,28,43,32,32,32,32,13,17,0,32,0.6265,65536,14144,0.7842,60,40.8,True
resnet50,Multiply_9390,28,44,32,32,32,32,16,17,0,32,0.6016,65536,17408,0.7344,63,38.5,True
resnet50,Multiply_9390,28,45,32,32,32,32,20,17,0,32,0.5684,65536,21760,0.668,67,38.5,True
resnet50,Multiply_9390,28,46,32,32,32,32,19,17,0,32,0.5767,65536,20672,0.6846,66,54.6,True
resnet50,Multiply_9390,28,47,32,32,32,32,19,17,0,32,0.5767,65536,20672,0.6846,66,54.6,True
resnet50,Multiply_9390,28,48,32,32,32,32,17,17,0,32,0.5933,65536,18496,0.7178,64,39.0,True
resnet50,Multiply_9390,28,49,32,32,32,32,19,16,0,32,0.6016,65536,19456,0.7031,65,52.1,True
resnet50,Multiply_9390,28,50,32,32,32,32,18,16,0,32,0.6094,65536,18432,0.7188,64,40.0,True
resnet50,Multiply_9390,28,51,32,32,32,32,13,16,0,32,0.6484,65536,13312,0.7969,59,75.2,True
resnet50,Multiply_9390,28,52,32,32,32,32,16,16,0,32,0.625,65536,16384,0.75,62,38.6,True
resnet50,Multiply_9390,28,53,32,32,32,32,20,16,0,32,0.5938,65536,20480,0.6875,66,104.5,True
resnet50,Multiply_9390,28,54,32,32,32,32,19,16,0,32,0.6016,65536,19456,0.7031,65,38.8,True
resnet50,Multiply_9390,28,55,32,32,32,32,19,16,0,32,0.6016,65536,19456,0.7031,65,63.5,True
resnet50,Multiply_9390,28,56,32,32,32,32,17,16,0,32,0.6172,65536,17408,0.7344,63,198.7,True
resnet50,Multiply_9390,28,57,32,32,32,32,19,18,0,32,0.5518,65536,21888,0.666,67,132.1,True
resnet50,Multiply_9390,28,58,32,32,32,32,18,18,0,32,0.5605,65536,20736,0.6836,66,38.8,True
resnet50,Multiply_9390,28,59,32,32,32,32,13,18,0,32,0.6045,65536,14976,0.7715,61,198.3,True
resnet50,Multiply_9390,28,60,32,32,32,32,16,18,0,32,0.5781,65536,18432,0.7188,64,176.1,True
resnet50,Multiply_9390,28,61,32,32,32,32,20,18,0,32,0.543,65536,23040,0.6484,68,38.7,True
resnet50,Multiply_9390,28,62,32,32,32,32,19,18,0,32,0.5518,65536,21888,0.666,67,39.1,True
resnet50,Multiply_9390,28,63,32,32,32,32,19,18,0,32,0.5518,65536,21888,0.666,67,42.9,True
resnet50,Multiply_9390,28,64,32,32,32,32,17,18,0,32,0.5693,65536,19584,0.7012,65,178.8,True
resnet50,Multiply_9390,28,65,32,32,32,32,19,18,0,32,0.5518,65536,21888,0.666,67,194.9,True
resnet50,Multiply_9390,28,66,32,32,32,32,18,18,0,32,0.5605,65536,20736,0.6836,66,39.8,True
resnet50,Multiply_9390,28,67,32,32,32,32,13,18,0,32,0.6045,65536,14976,0.7715,61,41.5,True
resnet50,Multiply_9390,28,68,32,32,32,32,16,18,0,32,0.5781,65536,18432,0.7188,64,179.9,True
resnet50,Multiply_9390,28,69,32,32,32,32,20,18,0,32,0.543,65536,23040,0.6484,68,38.7,True
resnet50,Multiply_9390,28,70,32,32,32,32,19,18,0,32,0.5518,65536,21888,0.666,67,91.8,True
resnet50,Multiply_9390,28,71,32,32,32,32,19,18,0,32,0.5518,65536,21888,0.666,67,41.9,True
resnet50,Multiply_9390,28,72,32,32,32,32,17,18,0,32,0.5693,65536,19584,0.7012,65,104.3,True
resnet50,Multiply_9390,28,73,32,32,32,32,19,18,0,32,0.5518,65536,21888,0.666,67,47.4,True
resnet50,Multiply_9390,28,74,32,32,32,32,18,18,0,32,0.5605,65536,20736,0.6836,66,40.5,True
resnet50,Multiply_9390,28,75,32,32,32,32,13,18,0,32,0.6045,65536,14976,0.7715,61,39.8,True
resnet50,Multiply_9390,28,76,32,32,32,32,16,18,0,32,0.5781,65536,18432,0.7188,64,38.6,True
resnet50,Multiply_9390,28,77,32,32,32,32,20,18,0,32,0.543,65536,23040,0.6484,68,38.4,True
resnet50,Multiply_9390,28,78,32,32,32,32,19,18,0,32,0.5518,65536,21888,0.666,67,38.6,True
resnet50,Multiply_9390,28,79,32,32,32,32,19,18,0,32,0.5518,65536,21888,0.666,67,54.4,True
resnet50,Multiply_9390,28,80,32,32,32,32,17,18,0,32,0.5693,65536,19584,0.7012,65,39.8,True
resnet50,Multiply_9390,28,81,32,32,32,32,19,19,0,32,0.5269,65536,23104,0.6475,68,49.6,True
resnet50,Multiply_9390,28,82,32,32,32,32,18,19,0,32,0.5361,65536,21888,0.666,67,38.5,True
resnet50,Multiply_9390,28,83,32,32,32,32,13,19,0,32,0.5825,65536,15808,0.7588,62,80.6,True
resnet50,Multiply_9390,28,84,32,32,32,32,16,19,0,32,0.5547,65536,19456,0.7031,65,85.4,True
resnet50,Multiply_9390,28,85,32,32,32,32,20,19,0,32,0.5176,65536,24320,0.6289,69,39.2,True
resnet50,Multiply_9390,28,86,32,32,32,32,19,19,0,32,0.5269,65536,23104,0.6475,68,54.2,True
resnet50,Multiply_9390,28,87,32,32,32,32,19,19,0,32,0.5269,65536,23104,0.6475,68,42.0,True
resnet50,Multiply_9390,28,88,32,32,32,32,17,19,0,32,0.5454,65536,20672,0.6846,66,83.8,True
resnet50,Multiply_9390,28,89,32,32,32,32,19,18,0,32,0.5518,65536,21888,0.666,67,110.3,True
resnet50,Multiply_9390,28,90,32,32,32,32,18,18,0,32,0.5605,65536,20736,0.6836,66,38.6,True
resnet50,Multiply_9390,28,91,32,32,32,32,13,18,0,32,0.6045,65536,14976,0.7715,61,38.7,True
resnet50,Multiply_9390,28,92,32,32,32,32,16,18,0,32,0.5781,65536,18432,0.7188,64,99.9,True
resnet50,Multiply_9390,28,93,32,32,32,32,20,18,0,32,0.543,65536,23040,0.6484,68,39.2,True
resnet50,Multiply_9390,28,94,32,32,32,32,19,18,0,32,0.5518,65536,21888,0.666,67,37.8,True
resnet50,Multiply_9390,28,95,32,32,32,32,19,18,0,32,0.5518,65536,21888,0.666,67,177.8,True
resnet50,Multiply_9390,28,96,32,32,32,32,17,18,0,32,0.5693,65536,19584,0.7012,65,38.1,True
resnet50,Multiply_9390,28,97,32,32,32,32,19,17,0,32,0.5767,65536,20672,0.6846,66,48.9,True
resnet50,Multiply_9390,28,98,32,32,32,32,18,17,0,32,0.585,65536,19584,0.7012,65,78.4,True
resnet50,Multiply_9390,28,99,32,32,32,32,13,17,0,32,0.6265,65536,14144,0.7842,60,104.7,True
resnet50,Multiply_9390,28,100,32,32,32,32,16,17,0,32,0.6016,65536,17408,0.7344,63,39.5,True
resnet50,Multiply_9390,28,101,32,32,32,32,20,17,0,32,0.5684,65536,21760,0.668,67,38.7,True
resnet50,Multiply_9390,28,102,32,32,32,32,19,17,0,32,0.5767,65536,20672,0.6846,66,178.8,True
resnet50,Multiply_9390,28,103,32,32,32,32,19,17,0,32,0.5767,65536,20672,0.6846,66,39.1,True
resnet50,Multiply_9390,28,104,32,32,32,32,17,17,0,32,0.5933,65536,18496,0.7178,64,89.4,True
resnet50,Multiply_9390,28,105,32,32,32,32,19,16,0,32,0.6016,65536,19456,0.7031,65,37.6,True
resnet50,Multiply_9390,28,106,32,32,32,32,18,16,0,32,0.6094,65536,18432,0.7188,64,52.0,True
resnet50,Multiply_9390,28,107,32,32,32,32,13,16,0,32,0.6484,65536,13312,0.7969,59,60.0,True
resnet50,Multiply_9390,28,108,32,32,32,32,16,16,0,32,0.625,65536,16384,0.75,62,131.2,True
resnet50,Multiply_9390,28,109,32,32,32,32,20,16,0,32,0.5938,65536,20480,0.6875,66,53.3,True
resnet50,Multiply_9390,28,110,32,32,32,32,19,16,0,32,0.6016,65536,19456,0.7031,65,38.7,True
resnet50,Multiply_9390,28,111,32,32,32,32,19,16,0,32,0.6016,65536,19456,0.7031,65,147.5,True
resnet50,Multiply_9390,28,112,32,32,32,32,17,16,0,32,0.6172,65536,17408,0.7344,63,46.2,True
resnet50,Multiply_9390,28,113,32,32,32,32,19,16,0,32,0.6016,65536,19456,0.7031,65,45.1,True
resnet50,Multiply_9390,28,114,32,32,32,32,18,16,0,32,0.6094,65536,18432,0.7188,64,39.1,True
resnet50,Multiply_9390,28,115,32,32,32,32,13,16,0,32,0.6484,65536,13312,0.7969,59,44.0,True
resnet50,Multiply_9390,28,116,32,32,32,32,16,16,0,32,0.625,65536,16384,0.75,62,57.0,True
resnet50,Multiply_9390,28,117,32,32,32,32,20,16,0,32,0.5938,65536,20480,0.6875,66,62.7,True
resnet50,Multiply_9390,28,118,32,32,32,32,19,16,0,32,0.6016,65536,19456,0.7031,65,38.9,True
resnet50,Multiply_9390,28,119,32,32,32,32,19,16,0,32,0.6016,65536,19456,0.7031,65,38.7,True
resnet50,Multiply_9390,28,120,32,32,32,32,17,16,0,32,0.6172,65536,17408,0.7344,63,113.6,True
resnet50,Multiply_9390,28,121,32,32,32,32,19,18,0,32,0.5518,65536,21888,0.666,67,43.7,True
resnet50,Multiply_9390,28,122,32,32,32,32,18,18,0,32,0.5605,65536,20736,0.6836,66,38.8,True
resnet50,Multiply_9390,28,123,32,32,32,32,13,18,0,32,0.6045,65536,14976,0.7715,61,39.9,True
resnet50,Multiply_9390,28,124,32,32,32,32,16,18,0,32,0.5781,65536,18432,0.7188,64,39.1,True
resnet50,Multiply_9390,28,125,32,32,32,32,20,18,0,32,0.543,65536,23040,0.6484,68,81.2,True
resnet50,Multiply_9390,28,126,32,32,32,32,19,18,0,32,0.5518,65536,21888,0.666,67,51.7,True
resnet50,Multiply_9390,28,127,32,32,32,32,19,18,0,32,0.5518,65536,21888,0.666,67,38.7,True
resnet50,Multiply_9390,28,128,32,32,32,32,17,18,0,32,0.5693,65536,19584,0.7012,65,40.2,True
resnet50,Multiply_9390,28,129,32,32,32,32,19,17,0,32,0.5767,65536,20672,0.6846,66,94.7,True
resnet50,Multiply_9390,28,130,32,32,32,32,18,17,0,32,0.585,65536,19584,0.7012,65,40.5,True
resnet50,Multiply_9390,28,131,32,32,32,32,13,17,0,32,0.6265,65536,14144,0.7842,60,47.2,True
resnet50,Multiply_9390,28,132,32,32,32,32,16,17,0,32,0.6016,65536,17408,0.7344,63,39.5,True
resnet50,Multiply_9390,28,133,32,32,32,32,20,17,0,32,0.5684,65536,21760,0.668,67,42.5,True
resnet50,Multiply_9390,28,134,32,32,32,32,19,17,0,32,0.5767,65536,20672,0.6846,66,39.3,True
resnet50,Multiply_9390,28,135,32,32,32,32,19,17,0,32,0.5767,65536,20672,0.6846,66,39.2,True
resnet50,Multiply_9390,28,136,32,32,32,32,17,17,0,32,0.5933,65536,18496,0.7178,64,52.2,True
resnet50,Multiply_9390,28,137,32,32,32,32,19,17,0,32,0.5767,65536,20672,0.6846,66,38.3,True
resnet50,Multiply_9390,28,138,32,32,32,32,18,17,0,32,0.585,65536,19584,0.7012,65,115.9,True
resnet50,Multiply_9390,28,139,32,32,32,32,13,17,0,32,0.6265,65536,14144,0.7842,60,39.9,True
resnet50,Multiply_9390,28,140,32,32,32,32,16,17,0,32,0.6016,65536,17408,0.7344,63,100.1,True
resnet50,Multiply_9390,28,141,32,32,32,32,20,17,0,32,0.5684,65536,21760,0.668,67,57.7,True
resnet50,Multiply_9390,28,142,32,32,32,32,19,17,0,32,0.5767,65536,20672,0.6846,66,38.6,True
resnet50,Multiply_9390,28,143,32,32,32,32,19,17,0,32,0.5767,65536,20672,0.6846,66,38.0,True
resnet50,Multiply_9390,28,144,32,32,32,32,17,17,0,32,0.5933,65536,18496,0.7178,64,37.9,True
resnet50,Multiply_9390,28,145,32,32,32,32,19,18,0,32,0.5518,65536,21888,0.666,67,48.3,True
resnet50,Multiply_9390,28,146,32,32,32,32,18,18,0,32,0.5605,65536,20736,0.6836,66,44.9,True
resnet50,Multiply_9390,28,147,32,32,32,32,13,18,0,32,0.6045,65536,14976,0.7715,61,101.0,True
resnet50,Multiply_9390,28,148,32,32,32,32,16,18,0,32,0.5781,65536,18432,0.7188,64,49.0,True
resnet50,Multiply_9390,28,149,32,32,32,32,20,18,0,32,0.543,65536,23040,0.6484,68,191.4,True
resnet50,Multiply_9390,28,150,32,32,32,32,19,18,0,32,0.5518,65536,21888,0.666,67,38.3,True
resnet50,Multiply_9390,28,151,32,32,32,32,19,18,0,32,0.5518,65536,21888,0.666,67,39.8,True
resnet50,Multiply_9390,28,152,32,32,32,32,17,18,0,32,0.5693,65536,19584,0.7012,65,301.5,True
resnet50,Multiply_9390,28,153,32,32,32,32,19,17,0,32,0.5767,65536,20672,0.6846,66,195.4,True
resnet50,Multiply_9390,28,154,32,32,32,32,18,17,0,32,0.585,65536,19584,0.7012,65,72.3,True
resnet50,Multiply_9390,28,155,32,32,32,32,13,17,0,32,0.6265,65536,14144,0.7842,60,38.6,True
resnet50,Multiply_9390,28,156,32,32,32,32,16,17,0,32,0.6016,65536,17408,0.7344,63,38.3,True
resnet50,Multiply_9390,28,157,32,32,32,32,20,17,0,32,0.5684,65536,21760,0.668,67,160.5,True
resnet50,Multiply_9390,28,158,32,32,32,32,19,17,0,32,0.5767,65536,20672,0.6846,66,38.6,True
resnet50,Multiply_9390,28,159,32,32,32,32,19,17,0,32,0.5767,65536,20672,0.6846,66,40.0,True
resnet50,Multiply_9390,28,160,32,32,32,32,17,17,0,32,0.5933,65536,18496,0.7178,64,45.9,True
resnet50,Multiply_9390,28,161,32,32,32,32,19,18,0,32,0.5518,65536,21888,0.666,67,193.8,True
resnet50,Multiply_9390,28,162,32,32,32,32,18,18,0,32,0.5605,65536,20736,0.6836,66,43.1,True
resnet50,Multiply_9390,28,163,32,32,32,32,13,18,0,32,0.6045,65536,14976,0.7715,61,114.1,True
resnet50,Multiply_9390,28,164,32,32,32,32,16,18,0,32,0.5781,65536,18432,0.7188,64,52.4,True
resnet50,Multiply_9390,28,165,32,32,32,32,20,18,0,32,0.543,65536,23040,0.6484,68,90.2,True
resnet50,Multiply_9390,28,166,32,32,32,32,19,18,0,32,0.5518,65536,21888,0.666,67,37.9,True
resnet50,Multiply_9390,28,167,32,32,32,32,19,18,0,32,0.5518,65536,21888,0.666,67,39.1,True
resnet50,Multiply_9390,28,168,32,32,32,32,17,18,0,32,0.5693,65536,19584,0.7012,65,38.6,True
resnet50,Multiply_9390,28,169,32,32,32,32,19,18,0,32,0.5518,65536,21888,0.666,67,50.4,True
resnet50,Multiply_9390,28,170,32,32,32,32,18,18,0,32,0.5605,65536,20736,0.6836,66,49.5,True
resnet50,Multiply_9390,28,171,32,32,32,32,13,18,0,32,0.6045,65536,14976,0.7715,61,40.6,True
resnet50,Multiply_9390,28,172,32,32,32,32,16,18,0,32,0.5781,65536,18432,0.7188,64,38.9,True
resnet50,Multiply_9390,28,173,32,32,32,32,20,18,0,32,0.543,65536,23040,0.6484,68,191.6,True
resnet50,Multiply_9390,28,174,32,32,32,32,19,18,0,32,0.5518,65536,21888,0.666,67,39.7,True
resnet50,Multiply_9390,28,175,32,32,32,32,19,18,0,32,0.5518,65536,21888,0.666,67,39.3,True
resnet50,Multiply_9390,28,176,32,32,32,32,17,18,0,32,0.5693,65536,19584,0.7012,65,88.2,True
resnet50,Multiply_9390,28,177,32,32,32,32,19,16,0,32,0.6016,65536,19456,0.7031,65,36.9,True
resnet50,Multiply_9390,28,178,32,32,32,32,18,16,0,32,0.6094,65536,18432,0.7188,64,39.9,True
resnet50,Multiply_9390,28,179,32,32,32,32,13,16,0,32,0.6484,65536,13312,0.7969,59,117.6,True
resnet50,Multiply_9390,28,180,32,32,32,32,16,16,0,32,0.625,65536,16384,0.75,62,38.5,True
resnet50,Multiply_9390,28,181,32,32,32,32,20,16,0,32,0.5938,65536,20480,0.6875,66,38.8,True
resnet50,Multiply_9390,28,182,32,32,32,32,19,16,0,32,0.6016,65536,19456,0.7031,65,37.7,True
resnet50,Multiply_9390,28,183,32,32,32,32,19,16,0,32,0.6016,65536,19456,0.7031,65,45.3,True
resnet50,Multiply_9390,28,184,32,32,32,32,17,16,0,32,0.6172,65536,17408,0.7344,63,72.4,True
resnet50,Multiply_9390,28,185,32,32,32,32,19,17,0,32,0.5767,65536,20672,0.6846,66,43.7,True
resnet50,Multiply_9390,28,186,32,32,32,32,18,17,0,32,0.585,65536,19584,0.7012,65,38.9,True
resnet50,Multiply_9390,28,187,32,32,32,32,13,17,0,32,0.6265,65536,14144,0.7842,60,44.5,True
resnet50,Multiply_9390,28,188,32,32,32,32,16,17,0,32,0.6016,65536,17408,0.7344,63,52.2,True
resnet50,Multiply_9390,28,189,32,32,32,32,20,17,0,32,0.5684,65536,21760,0.668,67,39.7,True
resnet50,Multiply_9390,28,190,32,32,32,32,19,17,0,32,0.5767,65536,20672,0.6846,66,38.7,True
resnet50,Multiply_9390,28,191,32,32,32,32,19,17,0,32,0.5767,65536,20672,0.6846,66,44.1,True
resnet50,Multiply_9390,28,192,32,32,32,32,17,17,0,32,0.5933,65536,18496,0.7178,64,39.5,True
resnet50,Multiply_9390,28,193,16,32,32,16,19,14,0,32,0.681,32768,8512,0.7402,47,26.0,True
resnet50,Multiply_9390,28,194,16,32,32,16,18,14,0,32,0.6901,32768,8064,0.7539,46,25.3,True
resnet50,Multiply_9390,28,195,16,32,32,16,13,14,1,16,0.7357,32768,5824,0.8223,41,21.2,True
resnet50,Multiply_9390,28,196,16,32,32,16,16,14,1,16,0.7083,32768,7168,0.7812,44,23.1,True
resnet50,Multiply_9390,28,197,16,32,32,16,20,14,0,32,0.6719,32768,8960,0.7266,48,25.1,True
resnet50,Multiply_9390,28,198,16,32,32,16,19,14,0,32,0.681,32768,8512,0.7402,47,22.1,True
resnet50,Multiply_9390,28,199,16,32,32,16,19,14,0,32,0.681,32768,8512,0.7402,47,31.7,True
resnet50,Multiply_9390,28,200,16,32,32,16,17,14,0,32,0.6992,32768,7616,0.7676,45,21.6,True
resnet50,Multiply_9432,29,1,32,32,32,32,16,9,0,32,0.7891,65536,9216,0.8594,55,38.3,True
resnet50,Multiply_9432,29,2,32,32,32,32,16,9,0,32,0.7891,65536,9216,0.8594,55,38.4,True
resnet50,Multiply_9432,29,3,32,32,32,32,16,9,0,32,0.7891,65536,9216,0.8594,55,37.9,True
resnet50,Multiply_9432,29,4,32,32,32,32,20,9,0,32,0.7715,65536,11520,0.8242,59,178.1,True
resnet50,Multiply_9432,29,5,32,32,32,32,20,9,0,32,0.7715,65536,11520,0.8242,59,38.8,True
resnet50,Multiply_9432,29,6,32,32,32,32,20,9,0,32,0.7715,65536,11520,0.8242,59,200.0,True
resnet50,Multiply_9432,29,7,32,32,32,32,15,9,0,32,0.7935,65536,8640,0.8682,54,112.7,True
resnet50,Multiply_9432,29,8,32,32,32,32,12,9,0,32,0.8066,65536,6912,0.8945,51,39.1,True
resnet50,Multiply_9432,29,9,32,32,32,32,18,9,0,32,0.7803,65536,10368,0.8418,57,262.4,True
resnet50,Multiply_9432,29,10,32,32,32,32,15,9,0,32,0.7935,65536,8640,0.8682,54,60.6,True
resnet50,Multiply_9432,29,11,32,32,32,32,18,9,0,32,0.7803,65536,10368,0.8418,57,38.7,True
resnet50,Multiply_9432,29,12,32,32,32,32,18,9,0,32,0.7803,65536,10368,0.8418,57,198.7,True
resnet50,Multiply_9432,29,13,32,32,32,32,15,9,0,32,0.7935,65536,8640,0.8682,54,105.2,True
resnet50,Multiply_9432,29,14,32,32,32,32,20,9,0,32,0.7715,65536,11520,0.8242,59,45.1,True
resnet50,Multiply_9432,29,15,32,32,32,32,20,9,0,32,0.7715,65536,11520,0.8242,59,38.9,True
resnet50,Multiply_9432,29,16,32,32,32,32,23,9,0,32,0.7583,65536,13248,0.7979,62,41.0,True
resnet50,Multiply_9432,29,17,32,32,32,32,12,9,0,32,0.8066,65536,6912,0.8945,51,38.5,True
resnet50,Multiply_9432,29,18,32,32,32,32,20,9,0,32,0.7715,65536,11520,0.8242,59,138.2,True
resnet50,Multiply_9432,29,19,32,32,32,32,16,9,0,32,0.7891,65536,9216,0.8594,55,40.1,True
resnet50,Multiply_9432,29,20,32,32,32,32,21,9,0,32,0.7671,65536,12096,0.8154,60,38.4,True
resnet50,Multiply_9432,29,21,32,32,32,32,14,9,0,32,0.7979,65536,8064,0.877,53,169.5,True
resnet50,Multiply_9432,29,22,32,32,32,32,12,9,0,32,0.8066,65536,6912,0.8945,51,39.8,True
resnet50,Multiply_9432,29,23,32,32,32,32,20,9,0,32,0.7715,65536,11520,0.8242,59,39.0,True
resnet50,Multiply_9432,29,24,32,32,32,32,19,9,0,32,0.7759,65536,10944,0.833,58,44.0,True
resnet50,Multiply_9432,29,25,32,32,32,32,22,9,0,32,0.7627,65536,12672,0.8066,61,52.9,True
resnet50,Multiply_9432,29,26,32,32,32,32,23,9,0,32,0.7583,65536,13248,0.7979,62,38.2,True
resnet50,Multiply_9432,29,27,32,32,32,32,19,9,0,32,0.7759,65536,10944,0.833,58,39.4,True
resnet50,Multiply_9432,29,28,32,32,32,32,17,9,0,32,0.7847,65536,9792,0.8506,56,38.9,True
resnet50,Multiply_9432,29,29,32,32,32,32,21,9,0,32,0.7671,65536,12096,0.8154,60,38.8,True
resnet50,Multiply_9432,29,30,32,32,32,32,11,9,0,32,0.811,65536,6336,0.9033,50,85.9,True
resnet50,Multiply_9432,29,31,32,32,32,32,17,9,0,32,0.7847,65536,9792,0.8506,56,39.0,True
resnet50,Multiply_9432,29,32,32,32,32,32,17,9,0,32,0.7847,65536,9792,0.8506,56,41.8,True
resnet50,Multiply_9432,29,33,32,32,32,32,16,9,0,32,0.7891,65536,9216,0.8594,55,175.6,True
resnet50,Multiply_9432,29,34,32,32,32,32,16,9,0,32,0.7891,65536,9216,0.8594,55,37.7,True
resnet50,Multiply_9432,29,35,32,32,32,32,16,9,0,32,0.7891,65536,9216,0.8594,55,50.3,True
resnet50,Multiply_9432,29,36,32,32,32,32,20,9,0,32,0.7715,65536,11520,0.8242,59,39.0,True
resnet50,Multiply_9432,29,37,32,32,32,32,20,9,0,32,0.7715,65536,11520,0.8242,59,36.9,True
resnet50,Multiply_9432,29,38,32,32,32,32,20,9,0,32,0.7715,65536,11520,0.8242,59,39.6,True
resnet50,Multiply_9432,29,39,32,32,32,32,15,9,0,32,0.7935,65536,8640,0.8682,54,39.2,True
resnet50,Multiply_9432,29,40,32,32,32,32,12,9,0,32,0.8066,65536,6912,0.8945,51,74.3,True
resnet50,Multiply_9432,29,41,32,32,32,32,18,9,0,32,0.7803,65536,10368,0.8418,57,180.2,True
resnet50,Multiply_9432,29,42,32,32,32,32,15,9,0,32,0.7935,65536,8640,0.8682,54,38.8,True
resnet50,Multiply_9432,29,43,32,32,32,32,18,9,0,32,0.7803,65536,10368,0.8418,57,53.8,True
resnet50,Multiply_9432,29,44,32,32,32,32,18,9,0,32,0.7803,65536,10368,0.8418,57,57.8,True
resnet50,Multiply_9432,29,45,32,32,32,32,15,9,0,32,0.7935,65536,8640,0.8682,54,38.9,True
resnet50,Multiply_9432,29,46,32,32,32,32,20,9,0,32,0.7715,65536,11520,0.8242,59,38.4,True
resnet50,Multiply_9432,29,47,32,32,32,32,20,9,0,32,0.7715,65536,11520,0.8242,59,110.8,True
resnet50,Multiply_9432,29,48,32,32,32,32,23,9,0,32,0.7583,65536,13248,0.7979,62,60.1,True
resnet50,Multiply_9432,29,49,32,32,32,32,12,9,0,32,0.8066,65536,6912,0.8945,51,60.1,True
resnet50,Multiply_9432,29,50,32,32,32,32,20,9,0,32,0.7715,65536,11520,0.8242,59,39.1,True
resnet50,Multiply_9432,29,51,32,32,32,32,16,9,0,32,0.7891,65536,9216,0.8594,55,177.9,True
resnet50,Multiply_9432,29,52,32,32,32,32,21,9,0,32,0.7671,65536,12096,0.8154,60,42.1,True
resnet50,Multiply_9432,29,53,32,32,32,32,14,9,0,32,0.7979,65536,8064,0.877,53,38.9,True
resnet50,Multiply_9432,29,54,32,32,32,32,12,9,0,32,0.8066,65536,6912,0.8945,51,75.4,True
resnet50,Multiply_9432,29,55,32,32,32,32,20,9,0,32,0.7715,65536,11520,0.8242,59,40.3,True
resnet50,Multiply_9432,29,56,32,32,32,32,19,9,0,32,0.7759,65536,10944,0.833,58,45.1,True
resnet50,Multiply_9432,29,57,32,32,32,32,22,9,0,32,0.7627,65536,12672,0.8066,61,119.3,True
resnet50,Multiply_9432,29,58,32,32,32,32,23,9,0,32,0.7583,65536,13248,0.7979,62,70.4,True
resnet50,Multiply_9432,29,59,32,32,32,32,19,9,0,32,0.7759,65536,10944,0.833,58,41.9,True
resnet50,Multiply_9432,29,60,32,32,32,32,17,9,0,32,0.7847,65536,9792,0.8506,56,140.5,True
resnet50,Multiply_9432,29,61,32,32,32,32,21,9,0,32,0.7671,65536,12096,0.8154,60,39.1,True
resnet50,Multiply_9432,29,62,32,32,32,32,11,9,0,32,0.811,65536,6336,0.9033,50,84.8,True
resnet50,Multiply_9432,29,63,32,32,32,32,17,9,0,32,0.7847,65536,9792,0.8506,56,38.7,True
resnet50,Multiply_9432,29,64,32,32,32,32,17,9,0,32,0.7847,65536,9792,0.8506,56,40.1,True
resnet50,Multiply_9432,29,65,32,32,32,32,16,9,0,32,0.7891,65536,9216,0.8594,55,40.5,True
resnet50,Multiply_9432,29,66,32,32,32,32,16,9,0,32,0.7891,65536,9216,0.8594,55,43.0,True
resnet50,Multiply_9432,29,67,32,32,32,32,16,9,0,32,0.7891,65536,9216,0.8594,55,39.4,True
resnet50,Multiply_9432,29,68,32,32,32,32,20,9,0,32,0.7715,65536,11520,0.8242,59,165.0,True
resnet50,Multiply_9432,29,69,32,32,32,32,20,9,0,32,0.7715,65536,11520,0.8242,59,38.4,True
resnet50,Multiply_9432,29,70,32,32,32,32,20,9,0,32,0.7715,65536,11520,0.8242,59,45.6,True
resnet50,Multiply_9432,29,71,32,32,32,32,15,9,0,32,0.7935,65536,8640,0.8682,54,148.1,True
resnet50,Multiply_9432,29,72,32,32,32,32,12,9,0,32,0.8066,65536,6912,0.8945,51,52.2,True
resnet50,Multiply_9432,29,73,32,32,32,32,18,9,0,32,0.7803,65536,10368,0.8418,57,116.6,True
resnet50,Multiply_9432,29,74,32,32,32,32,15,9,0,32,0.7935,65536,8640,0.8682,54,37.7,True
resnet50,Multiply_9432,29,75,32,32,32,32,18,9,0,32,0.7803,65536,10368,0.8418,57,40.5,True
resnet50,Multiply_9432,29,76,32,32,32,32,18,9,0,32,0.7803,65536,10368,0.8418,57,38.7,True
resnet50,Multiply_9432,29,77,32,32,32,32,15,9,0,32,0.7935,65536,8640,0.8682,54,38.6,True
resnet50,Multiply_9432,29,78,32,32,32,32,20,9,0,32,0.7715,65536,11520,0.8242,59,178.9,True
resnet50,Multiply_9432,29,79,32,32,32,32,20,9,0,32,0.7715,65536,11520,0.8242,59,39.1,True
resnet50,Multiply_9432,29,80,32,32,32,32,23,9,0,32,0.7583,65536,13248,0.7979,62,38.3,True
resnet50,Multiply_9432,29,81,32,32,32,32,12,9,0,32,0.8066,65536,6912,0.8945,51,44.0,True
resnet50,Multiply_9432,29,82,32,32,32,32,20,9,0,32,0.7715,65536,11520,0.8242,59,56.3,True
resnet50,Multiply_9432,29,83,32,32,32,32,16,9,0,32,0.7891,65536,9216,0.8594,55,45.3,True
resnet50,Multiply_9432,29,84,32,32,32,32,21,9,0,32,0.7671,65536,12096,0.8154,60,139.4,True
resnet50,Multiply_9432,29,85,32,32,32,32,14,9,0,32,0.7979,65536,8064,0.877,53,38.5,True
resnet50,Multiply_9432,29,86,32,32,32,32,12,9,0,32,0.8066,65536,6912,0.8945,51,64.1,True
resnet50,Multiply_9432,29,87,32,32,32,32,20,9,0,32,0.7715,65536,11520,0.8242,59,161.6,True
resnet50,Multiply_9432,29,88,32,32,32,32,19,9,0,32,0.7759,65536,10944,0.833,58,40.0,True
resnet50,Multiply_9432,29,89,32,32,32,32,22,9,0,32,0.7627,65536,12672,0.8066,61,40.9,True
resnet50,Multiply_9432,29,90,32,32,32,32,23,9,0,32,0.7583,65536,13248,0.7979,62,38.6,True
resnet50,Multiply_9432,29,91,32,32,32,32,19,9,0,32,0.7759,65536,10944,0.833,58,44.8,True
resnet50,Multiply_9432,29,92,32,32,32,32,17,9,0,32,0.7847,65536,9792,0.8506,56,38.4,True
resnet50,Multiply_9432,29,93,32,32,32,32,21,9,0,32,0.7671,65536,12096,0.8154,60,42.4,True
resnet50,Multiply_9432,29,94,32,32,32,32,11,9,0,32,0.811,65536,6336,0.9033,50,46.0,True
resnet50,Multiply_9432,29,95,32,32,32,32,17,9,0,32,0.7847,65536,9792,0.8506,56,38.3,True
resnet50,Multiply_9432,29,96,32,32,32,32,17,9,0,32,0.7847,65536,9792,0.8506,56,38.9,True
resnet50,Multiply_9432,29,97,32,32,32,32,16,10,0,32,0.7656,65536,10240,0.8438,56,44.0,True
resnet50,Multiply_9432,29,98,32,32,32,32,16,10,0,32,0.7656,65536,10240,0.8438,56,241.1,True
resnet50,Multiply_9432,29,99,32,32,32,32,16,10,0,32,0.7656,65536,10240,0.8438,56,40.3,True
resnet50,Multiply_9432,29,100,32,32,32,32,20,10,0,32,0.7461,65536,12800,0.8047,60,37.6,True
resnet50,Multiply_9432,29,101,32,32,32,32,20,10,0,32,0.7461,65536,12800,0.8047,60,38.3,True
resnet50,Multiply_9432,29,102,32,32,32,32,20,10,0,32,0.7461,65536,12800,0.8047,60,48.9,True
resnet50,Multiply_9432,29,103,32,32,32,32,15,10,0,32,0.7705,65536,9600,0.8535,55,38.9,True
resnet50,Multiply_9432,29,104,32,32,32,32,12,10,0,32,0.7852,65536,7680,0.8828,52,39.0,True
resnet50,Multiply_9432,29,105,32,32,32,32,18,10,0,32,0.7559,65536,11520,0.8242,58,38.6,True
resnet50,Multiply_9432,29,106,32,32,32,32,15,10,0,32,0.7705,65536,9600,0.8535,55,41.9,True
resnet50,Multiply_9432,29,107,32,32,32,32,18,10,0,32,0.7559,65536,11520,0.8242,58,38.0,True
resnet50,Multiply_9432,29,108,32,32,32,32,18,10,0,32,0.7559,65536,11520,0.8242,58,121.4,True
resnet50,Multiply_9432,29,109,32,32,32,32,15,10,0,32,0.7705,65536,9600,0.8535,55,38.6,True
resnet50,Multiply_9432,29,110,32,32,32,32,20,10,0,32,0.7461,65536,12800,0.8047,60,50.9,True
resnet50,Multiply_9432,29,111,32,32,32,32,20,10,0,32,0.7461,65536,12800,0.8047,60,40.8,True
resnet50,Multiply_9432,29,112,32,32,32,32,23,10,0,32,0.7314,65536,14720,0.7754,63,39.5,True
resnet50,Multiply_9432,29,113,32,32,32,32,12,10,0,32,0.7852,65536,7680,0.8828,52,38.9,True
resnet50,Multiply_9432,29,114,32,32,32,32,20,10,0,32,0.7461,65536,12800,0.8047,60,163.1,True
resnet50,Multiply_9432,29,115,32,32,32,32,16,10,0,32,0.7656,65536,10240,0.8438,56,38.5,True
resnet50,Multiply_9432,29,116,32,32,32,32,21,10,0,32,0.7412,65536,13440,0.7949,61,38.4,True
resnet50,Multiply_9432,29,117,32,32,32,32,14,10,0,32,0.7754,65536,8960,0.8633,54,38.3,True
resnet50,Multiply_9432,29,118,32,32,32,32,12,10,0,32,0.7852,65536,7680,0.8828,52,183.9,True
resnet50,Multiply_9432,29,119,32,32,32,32,20,10,0,32,0.7461,65536,12800,0.8047,60,99.0,True
resnet50,Multiply_9432,29,120,32,32,32,32,19,10,0,32,0.751,65536,12160,0.8145,59,40.9,True
resnet50,Multiply_9432,29,121,32,32,32,32,22,10,0,32,0.7363,65536,14080,0.7852,62,39.1,True
resnet50,Multiply_9432,29,122,32,32,32,32,23,10,0,32,0.7314,65536,14720,0.7754,63,74.6,True
resnet50,Multiply_9432,29,123,32,32,32,32,19,10,0,32,0.751,65536,12160,0.8145,59,39.7,True
resnet50,Multiply_9432,29,124,32,32,32,32,17,10,0,32,0.7607,65536,10880,0.834,57,38.4,True
resnet50,Multiply_9432,29,125,32,32,32,32,21,10,0,32,0.7412,65536,13440,0.7949,61,40.3,True
resnet50,Multiply_9432,29,126,32,32,32,32,11,10,0,32,0.79,65536,7040,0.8926,51,63.7,True
resnet50,Multiply_9432,29,127,32,32,32,32,17,10,0,32,0.7607,65536,10880,0.834,57,38.2,True
resnet50,Multiply_9432,29,128,32,32,32,32,17,10,0,32,0.7607,65536,10880,0.834,57,38.7,True
resnet50,Multiply_9432,29,129,32,32,32,32,16,9,0,32,0.7891,65536,9216,0.8594,55,37.1,True
resnet50,Multiply_9432,29,130,32,32,32,32,16,9,0,32,0.7891,65536,9216,0.8594,55,38.5,True
resnet50,Multiply_9432,29,131,32,32,32,32,16,9,0,32,0.7891,65536,9216,0.8594,55,54.1,True
resnet50,Multiply_9432,29,132,32,32,32,32,20,9,0,32,0.7715,65536,11520,0.8242,59,39.0,True
resnet50,Multiply_9432,29,133,32,32,32,32,20,9,0,32,0.7715,65536,11520,0.8242,59,38.5,True
resnet50,Multiply_9432,29,134,32,32,32,32,20,9,0,32,0.7715,65536,11520,0.8242,59,154.5,True
resnet50,Multiply_9432,29,135,32,32,32,32,15,9,0,32,0.7935,65536,8640,0.8682,54,40.0,True
resnet50,Multiply_9432,29,136,32,32,32,32,12,9,0,32,0.8066,65536,6912,0.8945,51,58.1,True
resnet50,Multiply_9432,29,137,32,32,32,32,18,9,0,32,0.7803,65536,10368,0.8418,57,56.9,True
resnet50,Multiply_9432,29,138,32,32,32,32,15,9,0,32,0.7935,65536,8640,0.8682,54,37.9,True
resnet50,Multiply_9432,29,139,32,32,32,32,18,9,0,32,0.7803,65536,10368,0.8418,57,38.3,True
resnet50,Multiply_9432,29,140,32,32,32,32,18,9,0,32,0.7803,65536,10368,0.8418,57,38.2,True
resnet50,Multiply_9432,29,141,32,32,32,32,15,9,0,32,0.7935,65536,8640,0.8682,54,40.2,True
resnet50,Multiply_9432,29,142,32,32,32,32,20,9,0,32,0.7715,65536,11520,0.8242,59,49.3,True
resnet50,Multiply_9432,29,143,32,32,32,32,20,9,0,32,0.7715,65536,11520,0.8242,59,38.4,True
resnet50,Multiply_9432,29,144,32,32,32,32,23,9,0,32,0.7583,65536,13248,0.7979,62,54.7,True
resnet50,Multiply_9432,29,145,32,32,32,32,12,9,0,32,0.8066,65536,6912,0.8945,51,38.4,True
resnet50,Multiply_9432,29,146,32,32,32,32,20,9,0,32,0.7715,65536,11520,0.8242,59,38.3,True
resnet50,Multiply_9432,29,147,32,32,32,32,16,9,0,32,0.7891,65536,9216,0.8594,55,39.0,True
resnet50,Multiply_9432,29,148,32,32,32,32,21,9,0,32,0.7671,65536,12096,0.8154,60,40.2,True
resnet50,Multiply_9432,29,149,32,32,32,32,14,9,0,32,0.7979,65536,8064,0.877,53,37.9,True
resnet50,Multiply_9432,29,150,32,32,32,32,12,9,0,32,0.8066,65536,6912,0.8945,51,39.4,True
resnet50,Multiply_9432,29,151,32,32,32,32,20,9,0,32,0.7715,65536,11520,0.8242,59,38.4,True
resnet50,Multiply_9432,29,152,32,32,32,32,19,9,0,32,0.7759,65536,10944,0.833,58,177.8,True
resnet50,Multiply_9432,29,153,32,32,32,32,22,9,0,32,0.7627,65536,12672,0.8066,61,39.7,True
resnet50,Multiply_9432,29,154,32,32,32,32,23,9,0,32,0.7583,65536,13248,0.7979,62,38.2,True
resnet50,Multiply_9432,29,155,32,32,32,32,19,9,0,32,0.7759,65536,10944,0.833,58,43.9,True
resnet50,Multiply_9432,29,156,32,32,32,32,17,9,0,32,0.7847,65536,9792,0.8506,56,47.6,True
resnet50,Multiply_9432,29,157,32,32,32,32,21,9,0,32,0.7671,65536,12096,0.8154,60,47.2,True
resnet50,Multiply_9432,29,158,32,32,32,32,11,9,0,32,0.811,65536,6336,0.9033,50,38.5,True
resnet50,Multiply_9432,29,159,32,32,32,32,17,9,0,32,0.7847,65536,9792,0.8506,56,38.9,True
resnet50,Multiply_9432,29,160,32,32,32,32,17,9,0,32,0.7847,65536,9792,0.8506,56,175.8,True
resnet50,Multiply_9432,29,161,32,32,32,32,16,13,0,32,0.6953,65536,13312,0.7969,59,61.7,True
resnet50,Multiply_9432,29,162,32,32,32,32,16,13,0,32,0.6953,65536,13312,0.7969,59,51.3,True
resnet50,Multiply_9432,29,163,32,32,32,32,16,13,0,32,0.6953,65536,13312,0.7969,59,128.9,True
resnet50,Multiply_9432,29,164,32,32,32,32,20,13,0,32,0.6699,65536,16640,0.7461,63,38.4,True
resnet50,Multiply_9432,29,165,32,32,32,32,20,13,0,32,0.6699,65536,16640,0.7461,63,49.5,True
resnet50,Multiply_9432,29,166,32,32,32,32,20,13,0,32,0.6699,65536,16640,0.7461,63,177.7,True
resnet50,Multiply_9432,29,167,32,32,32,32,15,13,0,32,0.7017,65536,12480,0.8096,58,43.2,True
resnet50,Multiply_9432,29,168,32,32,32,32,12,13,0,32,0.7207,65536,9984,0.8477,55,80.8,True
resnet50,Multiply_9432,29,169,32,32,32,32,18,13,0,32,0.6826,65536,14976,0.7715,61,38.7,True
resnet50,Multiply_9432,29,170,32,32,32,32,15,13,0,32,0.7017,65536,12480,0.8096,58,43.9,True
resnet50,Multiply_9432,29,171,32,32,32,32,18,13,0,32,0.6826,65536,14976,0.7715,61,47.1,True
resnet50,Multiply_9432,29,172,32,32,32,32,18,13,0,32,0.6826,65536,14976,0.7715,61,42.6,True
resnet50,Multiply_9432,29,173,32,32,32,32,15,13,0,32,0.7017,65536,12480,0.8096,58,54.4,True
resnet50,Multiply_9432,29,174,32,32,32,32,20,13,0,32,0.6699,65536,16640,0.7461,63,47.2,True
resnet50,Multiply_9432,29,175,32,32,32,32,20,13,0,32,0.6699,65536,16640,0.7461,63,38.8,True
resnet50,Multiply_9432,29,176,32,32,32,32,23,13,0,32,0.6509,65536,19136,0.708,66,38.3,True
resnet50,Multiply_9432,29,177,32,32,32,32,12,13,0,32,0.7207,65536,9984,0.8477,55,39.7,True
resnet50,Multiply_9432,29,178,32,32,32,32,20,13,0,32,0.6699,65536,16640,0.7461,63,39.5,True
resnet50,Multiply_9432,29,179,32,32,32,32,16,13,0,32,0.6953,65536,13312,0.7969,59,126.7,True
resnet50,Multiply_9432,29,180,32,32,32,32,21,13,0,32,0.6636,65536,17472,0.7334,64,38.5,True
resnet50,Multiply_9432,29,181,32,32,32,32,14,13,0,32,0.708,65536,11648,0.8223,57,38.4,True
resnet50,Multiply_9432,29,182,32,32,32,32,12,13,0,32,0.7207,65536,9984,0.8477,55,38.5,True
resnet50,Multiply_9432,29,183,32,32,32,32,20,13,0,32,0.6699,65536,16640,0.7461,63,37.7,True
resnet50,Multiply_9432,29,184,32,32,32,32,19,13,0,32,0.6763,65536,15808,0.7588,62,38.4,True
resnet50,Multiply_9432,29,185,32,32,32,32,22,13,0,32,0.6572,65536,18304,0.7207,65,161.4,True
resnet50,Multiply_9432,29,186,32,32,32,32,23,13,0,32,0.6509,65536,19136,0.708,66,163.5,True
resnet50,Multiply_9432,29,187,32,32,32,32,19,13,0,32,0.6763,65536,15808,0.7588,62,127.3,True
resnet50,Multiply_9432,29,188,32,32,32,32,17,13,0,32,0.689,65536,14144,0.7842,60,66.4,True
resnet50,Multiply_9432,29,189,32,32,32,32,21,13,0,32,0.6636,65536,17472,0.7334,64,39.3,True
resnet50,Multiply_9432,29,190,32,32,32,32,11,13,0,32,0.7271,65536,9152,0.8604,54,38.6,True
resnet50,Multiply_9432,29,191,32,32,32,32,17,13,0,32,0.689,65536,14144,0.7842,60,60.7,True
resnet50,Multiply_9432,29,192,32,32,32,32,17,13,0,32,0.689,65536,14144,0.7842,60,40.1,True
resnet50,Multiply_9432,29,193,4,32,32,4,16,10,1,16,0.8264,8192,1280,0.8438,28,36.2,True
resnet50,Multiply_9432,29,194,4,32,32,4,16,10,1,16,0.8264,8192,1280,0.8438,28,9.3,True
resnet50,Multiply_9432,29,195,4,32,32,4,16,10,1,16,0.8264,8192,1280,0.8438,28,8.7,True
resnet50,Multiply_9432,29,196,4,32,32,4,20,10,0,32,0.7917,8192,1600,0.8047,32,8.6,True
resnet50,Multiply_9432,29,197,4,32,32,4,20,10,0,32,0.7917,8192,1600,0.8047,32,9.2,True
resnet50,Multiply_9432,29,198,4,32,32,4,20,10,0,32,0.7917,8192,1600,0.8047,32,8.8,True
resnet50,Multiply_9432,29,199,4,32,32,4,15,10,1,16,0.8351,8192,1200,0.8535,27,9.0,True
resnet50,Multiply_9432,29,200,4,32,32,4,12,10,1,16,0.8611,8192,960,0.8828,24,10.4,True
resnet50,Multiply_9432,29,201,4,32,32,4,18,10,0,32,0.809,8192,1440,0.8242,30,9.5,True
resnet50,Multiply_9432,29,202,4,32,32,4,15,10,1,16,0.8351,8192,1200,0.8535,27,18.0,True
resnet50,Multiply_9432,29,203,4,32,32,4,18,10,0,32,0.809,8192,1440,0.8242,30,9.0,True
resnet50,Multiply_9432,29,204,4,32,32,4,18,10,0,32,0.809,8192,1440,0.8242,30,15.0,True
resnet50,Multiply_9432,29,205,4,32,32,4,15,10,1,16,0.8351,8192,1200,0.8535,27,8.5,True
resnet50,Multiply_9432,29,206,4,32,32,4,20,10,0,32,0.7917,8192,1600,0.8047,32,8.4,True
resnet50,Multiply_9432,29,207,4,32,32,4,20,10,0,32,0.7917,8192,1600,0.8047,32,8.2,True
resnet50,Multiply_9432,29,208,4,32,32,4,23,10,0,32,0.7656,8192,1840,0.7754,35,9.1,True
resnet50,Multiply_9432,29,209,4,32,32,4,12,10,1,16,0.8611,8192,960,0.8828,24,8.9,True
resnet50,Multiply_9432,29,210,4,32,32,4,20,10,0,32,0.7917,8192,1600,0.8047,32,50.6,True
resnet50,Multiply_9432,29,211,4,32,32,4,16,10,1,16,0.8264,8192,1280,0.8438,28,10.9,True
resnet50,Multiply_9432,29,212,4,32,32,4,21,10,0,32,0.783,8192,1680,0.7949,33,9.2,True
resnet50,Multiply_9432,29,213,4,32,32,4,14,10,1,16,0.8438,8192,1120,0.8633,26,9.9,True
resnet50,Multiply_9432,29,214,4,32,32,4,12,10,1,16,0.8611,8192,960,0.8828,24,8.4,True
resnet50,Multiply_9432,29,215,4,32,32,4,20,10,0,32,0.7917,8192,1600,0.8047,32,9.0,True
resnet50,Multiply_9432,29,216,4,32,32,4,19,10,0,32,0.8003,8192,1520,0.8145,31,8.5,True
resnet50,Multiply_9432,29,217,4,32,32,4,22,10,0,32,0.7743,8192,1760,0.7852,34,9.1,True
resnet50,Multiply_9432,29,218,4,32,32,4,23,10,0,32,0.7656,8192,1840,0.7754,35,17.9,True
resnet50,Multiply_9432,29,219,4,32,32,4,19,10,0,32,0.8003,8192,1520,0.8145,31,41.9,True
resnet50,Multiply_9432,29,220,4,32,32,4,17,10,0,32,0.8177,8192,1360,0.834,29,24.1,True
resnet50,Multiply_9432,29,221,4,32,32,4,21,10,0,32,0.783,8192,1680,0.7949,33,9.1,True
resnet50,Multiply_9432,29,222,4,32,32,4,11,10,1,16,0.8698,8192,880,0.8926,23,9.3,True
resnet50,Multiply_9432,29,223,4,32,32,4,17,10,0,32,0.8177,8192,1360,0.834,29,8.9,True
resnet50,Multiply_9432,29,224,4,32,32,4,17,10,0,32,0.8177,8192,1360,0.834,29,10.3,True
resnet50,Multiply_9425,30,1,32,32,32,31,21,16,0,32,0.5938,65536,20832,0.6821,66,44.0,True
resnet50,Multiply_9425,30,2,32,32,32,31,17,16,0,32,0.625,65536,16864,0.7427,62,38.5,True
resnet50,Multiply_9425,30,3,32,32,32,31,18,16,0,32,0.6172,65536,17856,0.7275,63,124.6,True
resnet50,Multiply_9425,30,4,32,32,32,31,18,16,0,32,0.6172,65536,17856,0.7275,63,128.6,True
resnet50,Multiply_9425,30,5,32,32,32,31,15,16,0,32,0.6406,65536,14880,0.7729,60,38.5,True
resnet50,Multiply_9425,30,6,32,32,32,31,19,16,0,32,0.6094,65536,18848,0.7124,64,177.9,True
resnet50,Multiply_9425,30,7,32,32,32,31,14,16,0,32,0.6484,65536,13888,0.7881,59,44.2,True
resnet50,Multiply_9425,30,8,32,32,32,31,19,16,0,32,0.6094,65536,18848,0.7124,64,39.5,True
resnet50,Multiply_9425,30,9,32,32,32,31,21,18,0,32,0.543,65536,23436,0.6424,68,38.0,True
resnet50,Multiply_9425,30,10,32,32,32,31,17,18,0,32,0.5781,65536,18972,0.7105,64,38.3,True
resnet50,Multiply_9425,30,11,32,32,32,31,18,18,0,32,0.5693,65536,20088,0.6935,65,37.4,True
resnet50,Multiply_9425,30,12,32,32,32,31,18,18,0,32,0.5693,65536,20088,0.6935,65,39.3,True
resnet50,Multiply_9425,30,13,32,32,32,31,15,18,0,32,0.5957,65536,16740,0.7446,62,38.2,True
resnet50,Multiply_9425,30,14,32,32,32,31,19,18,0,32,0.5605,65536,21204,0.6765,66,38.5,True
resnet50,Multiply_9425,30,15,32,32,32,31,14,18,0,32,0.6045,65536,15624,0.7616,61,44.4,True
resnet50,Multiply_9425,30,16,32,32,32,31,19,18,0,32,0.5605,65536,21204,0.6765,66,198.7,True
resnet50,Multiply_9425,30,17,32,32,32,32,21,17,0,32,0.5601,65536,22848,0.6514,68,46.6,True
resnet50,Multiply_9425,30,18,32,32,32,32,17,17,0,32,0.5933,65536,18496,0.7178,64,38.5,True
resnet50,Multiply_9425,30,19,32,32,32,32,18,17,0,32,0.585,65536,19584,0.7012,65,37.5,True
resnet50,Multiply_9425,30,20,32,32,32,32,18,17,0,32,0.585,65536,19584,0.7012,65,53.4,True
resnet50,Multiply_9425,30,21,32,32,32,32,15,17,0,32,0.6099,65536,16320,0.751,62,151.1,True
resnet50,Multiply_9425,30,22,32,32,32,32,19,17,0,32,0.5767,65536,20672,0.6846,66,38.5,True
resnet50,Multiply_9425,30,23,32,32,32,32,14,17,0,32,0.6182,65536,15232,0.7676,61,45.0,True
resnet50,Multiply_9425,30,24,32,32,32,32,19,17,0,32,0.5767,65536,20672,0.6846,66,39.9,True
resnet50,Multiply_9425,30,25,32,32,32,32,21,13,0,32,0.6636,65536,17472,0.7334,64,37.6,True
resnet50,Multiply_9425,30,26,32,32,32,32,17,13,0,32,0.689,65536,14144,0.7842,60,39.1,True
resnet50,Multiply_9425,30,27,32,32,32,32,18,13,0,32,0.6826,65536,14976,0.7715,61,43.6,True
resnet50,Multiply_9425,30,28,32,32,32,32,18,13,0,32,0.6826,65536,14976,0.7715,61,39.2,True
resnet50,Multiply_9425,30,29,32,32,32,32,15,13,0,32,0.7017,65536,12480,0.8096,58,38.7,True
resnet50,Multiply_9425,30,30,32,32,32,32,19,13,0,32,0.6763,65536,15808,0.7588,62,198.4,True
resnet50,Multiply_9425,30,31,32,32,32,32,14,13,0,32,0.708,65536,11648,0.8223,57,93.5,True
resnet50,Multiply_9425,30,32,32,32,32,32,19,13,0,32,0.6763,65536,15808,0.7588,62,113.1,True
resnet50,Multiply_9425,30,33,32,32,32,32,21,15,0,32,0.6118,65536,20160,0.6924,66,38.6,True
resnet50,Multiply_9425,30,34,32,32,32,32,17,15,0,32,0.6411,65536,16320,0.751,62,39.0,True
resnet50,Multiply_9425,30,35,32,32,32,32,18,15,0,32,0.6338,65536,17280,0.7363,63,196.4,True
resnet50,Multiply_9425,30,36,32,32,32,32,18,15,0,32,0.6338,65536,17280,0.7363,63,113.1,True
resnet50,Multiply_9425,30,37,32,32,32,32,15,15,0,32,0.6558,65536,14400,0.7803,60,38.0,True
resnet50,Multiply_9425,30,38,32,32,32,32,19,15,0,32,0.6265,65536,18240,0.7217,64,39.2,True
resnet50,Multiply_9425,30,39,32,32,32,32,14,15,0,32,0.6631,65536,13440,0.7949,59,39.2,True
resnet50,Multiply_9425,30,40,32,32,32,32,19,15,0,32,0.6265,65536,18240,0.7217,64,38.7,True
resnet50,Multiply_9425,30,41,32,32,32,30,21,18,0,32,0.5518,65536,22680,0.6539,67,136.3,True
resnet50,Multiply_9425,30,42,32,32,32,30,17,18,0,32,0.5869,65536,18360,0.7198,63,45.0,True
resnet50,Multiply_9425,30,43,32,32,32,30,18,18,0,32,0.5781,65536,19440,0.7034,64,178.6,True
resnet50,Multiply_9425,30,44,32,32,32,30,18,18,0,32,0.5781,65536,19440,0.7034,64,38.6,True
resnet50,Multiply_9425,30,45,32,32,32,30,15,18,0,32,0.6045,65536,16200,0.7528,61,78.0,True
resnet50,Multiply_9425,30,46,32,32,32,30,19,18,0,32,0.5693,65536,20520,0.6869,65,204.6,True
resnet50,Multiply_9425,30,47,32,32,32,30,14,18,0,32,0.6133,65536,15120,0.7693,60,39.1,True
resnet50,Multiply_9425,30,48,32,32,32,30,19,18,0,32,0.5693,65536,20520,0.6869,65,64.0,True
resnet50,Multiply_9425,30,49,4,32,32,4,21,5,0,32,0.8915,8192,840,0.8975,28,7.8,True
resnet50,Multiply_9425,30,50,4,32,32,4,17,5,0,32,0.9089,8192,680,0.917,24,10.6,True
resnet50,Multiply_9425,30,51,4,32,32,4,18,5,0,32,0.9045,8192,720,0.9121,25,10.7,True
resnet50,Multiply_9425,30,52,4,32,32,4,18,5,0,32,0.9045,8192,720,0.9121,25,9.6,True
resnet50,Multiply_9425,30,53,4,32,32,4,15,5,1,16,0.9175,8192,600,0.9268,22,9.2,True
resnet50,Multiply_9425,30,54,4,32,32,4,19,5,0,32,0.9002,8192,760,0.9072,26,9.6,True
resnet50,Multiply_9425,30,55,4,32,32,4,14,5,1,16,0.9219,8192,560,0.9316,21,9.6,True
resnet50,Multiply_9425,30,56,4,32,32,4,19,5,0,32,0.9002,8192,760,0.9072,26,9.5,True
resnet50,Multiply_9418,31,1,32,32,32,32,18,10,0,32,0.7559,65536,11520,0.8242,58,39.0,True
resnet50,Multiply_9418,31,2,32,32,32,32,22,10,0,32,0.7363,65536,14080,0.7852,62,72.8,True
resnet50,Multiply_9418,31,3,32,32,32,32,13,10,0,32,0.7803,65536,8320,0.873,53,39.9,True
resnet50,Multiply_9418,31,4,32,32,32,32,19,10,0,32,0.751,65536,12160,0.8145,59,39.0,True
resnet50,Multiply_9418,31,5,32,32,32,32,21,10,0,32,0.7412,65536,13440,0.7949,61,40.0,True
resnet50,Multiply_9418,31,6,32,32,32,32,16,10,0,32,0.7656,65536,10240,0.8438,56,39.7,True
resnet50,Multiply_9418,31,7,32,32,32,32,20,10,0,32,0.7461,65536,12800,0.8047,60,40.0,True
resnet50,Multiply_9418,31,8,32,32,32,32,12,10,0,32,0.7852,65536,7680,0.8828,52,40.1,True
resnet50,Multiply_9418,31,9,32,32,32,32,18,10,0,32,0.7559,65536,11520,0.8242,58,109.9,True
resnet50,Multiply_9418,31,10,32,32,32,32,22,10,0,32,0.7363,65536,14080,0.7852,62,38.1,True
resnet50,Multiply_9418,31,11,32,32,32,32,13,10,0,32,0.7803,65536,8320,0.873,53,55.3,True
resnet50,Multiply_9418,31,12,32,32,32,32,19,10,0,32,0.751,65536,12160,0.8145,59,39.6,True
resnet50,Multiply_9418,31,13,32,32,32,32,21,10,0,32,0.7412,65536,13440,0.7949,61,58.0,True
resnet50,Multiply_9418,31,14,32,32,32,32,16,10,0,32,0.7656,65536,10240,0.8438,56,38.9,True
resnet50,Multiply_9418,31,15,32,32,32,32,20,10,0,32,0.7461,65536,12800,0.8047,60,39.4,True
resnet50,Multiply_9418,31,16,32,32,32,32,12,10,0,32,0.7852,65536,7680,0.8828,52,39.9,True
resnet50,Multiply_9418,31,17,32,32,32,32,18,10,0,32,0.7559,65536,11520,0.8242,58,48.5,True
resnet50,Multiply_9418,31,18,32,32,32,32,22,10,0,32,0.7363,65536,14080,0.7852,62,163.1,True
resnet50,Multiply_9418,31,19,32,32,32,32,13,10,0,32,0.7803,65536,8320,0.873,53,42.1,True
resnet50,Multiply_9418,31,20,32,32,32,32,19,10,0,32,0.751,65536,12160,0.8145,59,37.5,True
resnet50,Multiply_9418,31,21,32,32,32,32,21,10,0,32,0.7412,65536,13440,0.7949,61,179.4,True
resnet50,Multiply_9418,31,22,32,32,32,32,16,10,0,32,0.7656,65536,10240,0.8438,56,63.1,True
resnet50,Multiply_9418,31,23,32,32,32,32,20,10,0,32,0.7461,65536,12800,0.8047,60,105.1,True
resnet50,Multiply_9418,31,24,32,32,32,32,12,10,0,32,0.7852,65536,7680,0.8828,52,225.7,True
resnet50,Multiply_9418,31,25,32,32,32,32,18,10,0,32,0.7559,65536,11520,0.8242,58,40.4,True
resnet50,Multiply_9418,31,26,32,32,32,32,22,10,0,32,0.7363,65536,14080,0.7852,62,38.8,True
resnet50,Multiply_9418,31,27,32,32,32,32,13,10,0,32,0.7803,65536,8320,0.873,53,38.2,True
resnet50,Multiply_9418,31,28,32,32,32,32,19,10,0,32,0.751,65536,12160,0.8145,59,38.0,True
resnet50,Multiply_9418,31,29,32,32,32,32,21,10,0,32,0.7412,65536,13440,0.7949,61,38.6,True
resnet50,Multiply_9418,31,30,32,32,32,32,16,10,0,32,0.7656,65536,10240,0.8438,56,39.8,True
resnet50,Multiply_9418,31,31,32,32,32,32,20,10,0,32,0.7461,65536,12800,0.8047,60,49.8,True
resnet50,Multiply_9418,31,32,32,32,32,32,12,10,0,32,0.7852,65536,7680,0.8828,52,38.8,True
resnet50,Multiply_9418,31,33,32,32,32,32,18,10,0,32,0.7559,65536,11520,0.8242,58,36.9,True
resnet50,Multiply_9418,31,34,32,32,32,32,22,10,0,32,0.7363,65536,14080,0.7852,62,39.6,True
resnet50,Multiply_9418,31,35,32,32,32,32,13,10,0,32,0.7803,65536,8320,0.873,53,47.8,True
resnet50,Multiply_9418,31,36,32,32,32,32,19,10,0,32,0.751,65536,12160,0.8145,59,38.7,True
resnet50,Multiply_9418,31,37,32,32,32,32,21,10,0,32,0.7412,65536,13440,0.7949,61,47.7,True
resnet50,Multiply_9418,31,38,32,32,32,32,16,10,0,32,0.7656,65536,10240,0.8438,56,38.0,True
resnet50,Multiply_9418,31,39,32,32,32,32,20,10,0,32,0.7461,65536,12800,0.8047,60,38.2,True
resnet50,Multiply_9418,31,40,32,32,32,32,12,10,0,32,0.7852,65536,7680,0.8828,52,38.3,True
resnet50,Multiply_9418,31,41,32,32,32,32,18,10,0,32,0.7559,65536,11520,0.8242,58,193.9,True
resnet50,Multiply_9418,31,42,32,32,32,32,22,10,0,32,0.7363,65536,14080,0.7852,62,39.2,True
resnet50,Multiply_9418,31,43,32,32,32,32,13,10,0,32,0.7803,65536,8320,0.873,53,39.0,True
resnet50,Multiply_9418,31,44,32,32,32,32,19,10,0,32,0.751,65536,12160,0.8145,59,38.4,True
resnet50,Multiply_9418,31,45,32,32,32,32,21,10,0,32,0.7412,65536,13440,0.7949,61,55.6,True
resnet50,Multiply_9418,31,46,32,32,32,32,16,10,0,32,0.7656,65536,10240,0.8438,56,41.0,True
resnet50,Multiply_9418,31,47,32,32,32,32,20,10,0,32,0.7461,65536,12800,0.8047,60,37.6,True
resnet50,Multiply_9418,31,48,32,32,32,32,12,10,0,32,0.7852,65536,7680,0.8828,52,39.4,True
resnet50,Multiply_9418,31,49,4,32,32,4,18,7,0,32,0.8663,8192,1008,0.877,27,10.8,True
resnet50,Multiply_9418,31,50,4,32,32,4,22,7,0,32,0.842,8192,1232,0.8496,31,8.7,True
resnet50,Multiply_9418,31,51,4,32,32,4,13,7,1,16,0.8967,8192,728,0.9111,22,11.4,True
resnet50,Multiply_9418,31,52,4,32,32,4,19,7,0,32,0.8602,8192,1064,0.8701,28,8.8,True
resnet50,Multiply_9418,31,53,4,32,32,4,21,7,0,32,0.8481,8192,1176,0.8564,30,9.9,True
resnet50,Multiply_9418,31,54,4,32,32,4,16,7,1,16,0.8785,8192,896,0.8906,25,8.6,True
resnet50,Multiply_9418,31,55,4,32,32,4,20,7,0,32,0.8542,8192,1120,0.8633,29,8.6,True
resnet50,Multiply_9418,31,56,4,32,32,4,12,7,1,16,0.9028,8192,672,0.918,21,8.9,True
resnet50,Multiply_9453,32,1,32,32,32,32,21,19,0,32,0.5083,65536,25536,0.6104,70,53.8,True
resnet50,Multiply_9453,32,2,32,32,32,32,17,19,0,32,0.5454,65536,20672,0.6846,66,69.3,True
resnet50,Multiply_9453,32,3,32,32,32,32,16,19,0,32,0.5547,65536,19456,0.7031,65,54.8,True
resnet50,Multiply_9453,32,4,32,32,32,32,20,19,0,32,0.5176,65536,24320,0.6289,69,38.9,True
resnet50,Multiply_9453,32,5,32,32,32,32,16,19,0,32,0.5547,65536,19456,0.7031,65,40.9,True
resnet50,Multiply_9453,32,6,32,32,32,32,18,19,0,32,0.5361,65536,21888,0.666,67,39.4,True
resnet50,Multiply_9453,32,7,32,32,32,32,18,19,0,32,0.5361,65536,21888,0.666,67,47.2,True
resnet50,Multiply_9453,32,8,32,32,32,32,21,19,0,32,0.5083,65536,25536,0.6104,70,40.3,True
resnet50,Multiply_9453,32,9,32,32,32,32,16,19,0,32,0.5547,65536,19456,0.7031,65,39.8,True
resnet50,Multiply_9453,32,10,32,32,32,32,18,19,0,32,0.5361,65536,21888,0.666,67,39.2,True
resnet50,Multiply_9453,32,11,32,32,32,32,21,19,0,32,0.5083,65536,25536,0.6104,70,39.2,True
resnet50,Multiply_9453,32,12,32,32,32,32,18,19,0,32,0.5361,65536,21888,0.666,67,39.7,True
resnet50,Multiply_9453,32,13,32,32,32,32,14,19,0,32,0.5732,65536,17024,0.7402,63,138.2,True
resnet50,Multiply_9453,32,14,32,32,32,32,15,19,0,32,0.564,65536,18240,0.7217,64,39.1,True
resnet50,Multiply_9453,32,15,32,32,32,32,18,19,0,32,0.5361,65536,21888,0.666,67,40.1,True
resnet50,Multiply_9453,32,16,32,32,32,32,13,19,0,32,0.5825,65536,15808,0.7588,62,178.0,True
resnet50,Multiply_9453,32,17,32,32,32,32,20,19,0,32,0.5176,65536,24320,0.6289,69,56.1,True
resnet50,Multiply_9453,32,18,32,32,32,32,17,19,0,32,0.5454,65536,20672,0.6846,66,38.4,True
resnet50,Multiply_9453,32,19,32,32,32,32,16,19,0,32,0.5547,65536,19456,0.7031,65,41.6,True
resnet50,Multiply_9453,32,20,32,32,32,32,18,19,0,32,0.5361,65536,21888,0.666,67,38.4,True
resnet50,Multiply_9453,32,21,32,32,32,32,15,19,0,32,0.564,65536,18240,0.7217,64,52.8,True
resnet50,Multiply_9453,32,22,32,32,32,32,16,19,0,32,0.5547,65536,19456,0.7031,65,139.5,True
resnet50,Multiply_9453,32,23,32,32,32,32,16,19,0,32,0.5547,65536,19456,0.7031,65,50.5,True
resnet50,Multiply_9453,32,24,32,32,32,32,15,19,0,32,0.564,65536,18240,0.7217,64,42.0,True
resnet50,Multiply_9453,32,25,32,32,32,32,18,19,0,32,0.5361,65536,21888,0.666,67,148.6,True
resnet50,Multiply_9453,32,26,32,32,32,32,17,19,0,32,0.5454,65536,20672,0.6846,66,39.0,True
resnet50,Multiply_9453,32,27,32,32,32,32,18,19,0,32,0.5361,65536,21888,0.666,67,104.6,True
resnet50,Multiply_9453,32,28,32,32,32,32,17,19,0,32,0.5454,65536,20672,0.6846,66,38.7,True
resnet50,Multiply_9453,32,29,32,32,32,32,18,19,0,32,0.5361,65536,21888,0.666,67,39.8,True
resnet50,Multiply_9453,32,30,32,32,32,32,23,19,0,32,0.4897,65536,27968,0.5732,72,37.0,True
resnet50,Multiply_9453,32,31,32,32,32,32,19,19,0,32,0.5269,65536,23104,0.6475,68,40.1,True
resnet50,Multiply_9453,32,32,32,32,32,32,20,19,0,32,0.5176,65536,24320,0.6289,69,45.7,True
resnet50,Multiply_9453,32,33,32,32,32,32,21,16,0,32,0.5859,65536,21504,0.6719,67,98.8,True
resnet50,Multiply_9453,32,34,32,32,32,32,17,16,0,32,0.6172,65536,17408,0.7344,63,98.4,True
resnet50,Multiply_9453,32,35,32,32,32,32,16,16,0,32,0.625,65536,16384,0.75,62,38.7,True
resnet50,Multiply_9453,32,36,32,32,32,32,20,16,0,32,0.5938,65536,20480,0.6875,66,39.7,True
resnet50,Multiply_9453,32,37,32,32,32,32,16,16,0,32,0.625,65536,16384,0.75,62,81.7,True
resnet50,Multiply_9453,32,38,32,32,32,32,18,16,0,32,0.6094,65536,18432,0.7188,64,39.5,True
resnet50,Multiply_9453,32,39,32,32,32,32,18,16,0,32,0.6094,65536,18432,0.7188,64,39.8,True
resnet50,Multiply_9453,32,40,32,32,32,32,21,16,0,32,0.5859,65536,21504,0.6719,67,48.0,True
resnet50,Multiply_9453,32,41,32,32,32,32,16,16,0,32,0.625,65536,16384,0.75,62,39.9,True
resnet50,Multiply_9453,32,42,32,32,32,32,18,16,0,32,0.6094,65536,18432,0.7188,64,37.3,True
resnet50,Multiply_9453,32,43,32,32,32,32,21,16,0,32,0.5859,65536,21504,0.6719,67,39.8,True
resnet50,Multiply_9453,32,44,32,32,32,32,18,16,0,32,0.6094,65536,18432,0.7188,64,67.4,True
resnet50,Multiply_9453,32,45,32,32,32,32,14,16,0,32,0.6406,65536,14336,0.7812,60,44.7,True
resnet50,Multiply_9453,32,46,32,32,32,32,15,16,0,32,0.6328,65536,15360,0.7656,61,38.3,True
resnet50,Multiply_9453,32,47,32,32,32,32,18,16,0,32,0.6094,65536,18432,0.7188,64,45.4,True
resnet50,Multiply_9453,32,48,32,32,32,32,13,16,0,32,0.6484,65536,13312,0.7969,59,148.1,True
resnet50,Multiply_9453,32,49,32,32,32,32,20,16,0,32,0.5938,65536,20480,0.6875,66,50.4,True
resnet50,Multiply_9453,32,50,32,32,32,32,17,16,0,32,0.6172,65536,17408,0.7344,63,38.8,True
resnet50,Multiply_9453,32,51,32,32,32,32,16,16,0,32,0.625,65536,16384,0.75,62,38.1,True
resnet50,Multiply_9453,32,52,32,32,32,32,18,16,0,32,0.6094,65536,18432,0.7188,64,38.7,True
resnet50,Multiply_9453,32,53,32,32,32,32,15,16,0,32,0.6328,65536,15360,0.7656,61,51.5,True
resnet50,Multiply_9453,32,54,32,32,32,32,16,16,0,32,0.625,65536,16384,0.75,62,199.3,True
resnet50,Multiply_9453,32,55,32,32,32,32,16,16,0,32,0.625,65536,16384,0.75,62,50.0,True
resnet50,Multiply_9453,32,56,32,32,32,32,15,16,0,32,0.6328,65536,15360,0.7656,61,60.6,True
resnet50,Multiply_9453,32,57,32,32,32,32,18,16,0,32,0.6094,65536,18432,0.7188,64,38.2,True
resnet50,Multiply_9453,32,58,32,32,32,32,17,16,0,32,0.6172,65536,17408,0.7344,63,39.8,True
resnet50,Multiply_9453,32,59,32,32,32,32,18,16,0,32,0.6094,65536,18432,0.7188,64,41.1,True
resnet50,Multiply_9453,32,60,32,32,32,32,17,16,0,32,0.6172,65536,17408,0.7344,63,39.0,True
resnet50,Multiply_9453,32,61,32,32,32,32,18,16,0,32,0.6094,65536,18432,0.7188,64,177.2,True
resnet50,Multiply_9453,32,62,32,32,32,32,23,16,0,32,0.5703,65536,23552,0.6406,69,40.6,True
resnet50,Multiply_9453,32,63,32,32,32,32,19,16,0,32,0.6016,65536,19456,0.7031,65,40.7,True
resnet50,Multiply_9453,32,64,32,32,32,32,20,16,0,32,0.5938,65536,20480,0.6875,66,60.8,True
resnet50,Multiply_9453,32,65,32,32,32,32,21,19,0,32,0.5083,65536,25536,0.6104,70,37.0,True
resnet50,Multiply_9453,32,66,32,32,32,32,17,19,0,32,0.5454,65536,20672,0.6846,66,40.2,True
resnet50,Multiply_9453,32,67,32,32,32,32,16,19,0,32,0.5547,65536,19456,0.7031,65,45.8,True
resnet50,Multiply_9453,32,68,32,32,32,32,20,19,0,32,0.5176,65536,24320,0.6289,69,40.2,True
resnet50,Multiply_9453,32,69,32,32,32,32,16,19,0,32,0.5547,65536,19456,0.7031,65,40.5,True
resnet50,Multiply_9453,32,70,32,32,32,32,18,19,0,32,0.5361,65536,21888,0.666,67,177.8,True
resnet50,Multiply_9453,32,71,32,32,32,32,18,19,0,32,0.5361,65536,21888,0.666,67,59.6,True
resnet50,Multiply_9453,32,72,32,32,32,32,21,19,0,32,0.5083,65536,25536,0.6104,70,75.5,True
resnet50,Multiply_9453,32,73,32,32,32,32,16,19,0,32,0.5547,65536,19456,0.7031,65,39.0,True
resnet50,Multiply_9453,32,74,32,32,32,32,18,19,0,32,0.5361,65536,21888,0.666,67,52.6,True
resnet50,Multiply_9453,32,75,32,32,32,32,21,19,0,32,0.5083,65536,25536,0.6104,70,44.7,True
resnet50,Multiply_9453,32,76,32,32,32,32,18,19,0,32,0.5361,65536,21888,0.666,67,38.6,True
resnet50,Multiply_9453,32,77,32,32,32,32,14,19,0,32,0.5732,65536,17024,0.7402,63,39.0,True
resnet50,Multiply_9453,32,78,32,32,32,32,15,19,0,32,0.564,65536,18240,0.7217,64,39.8,True
resnet50,Multiply_9453,32,79,32,32,32,32,18,19,0,32,0.5361,65536,21888,0.666,67,46.1,True
resnet50,Multiply_9453,32,80,32,32,32,32,13,19,0,32,0.5825,65536,15808,0.7588,62,38.5,True
resnet50,Multiply_9453,32,81,32,32,32,32,20,19,0,32,0.5176,65536,24320,0.6289,69,46.1,True
resnet50,Multiply_9453,32,82,32,32,32,32,17,19,0,32,0.5454,65536,20672,0.6846,66,41.0,True
resnet50,Multiply_9453,32,83,32,32,32,32,16,19,0,32,0.5547,65536,19456,0.7031,65,38.1,True
resnet50,Multiply_9453,32,84,32,32,32,32,18,19,0,32,0.5361,65536,21888,0.666,67,39.3,True
resnet50,Multiply_9453,32,85,32,32,32,32,15,19,0,32,0.564,65536,18240,0.7217,64,38.2,True
resnet50,Multiply_9453,32,86,32,32,32,32,16,19,0,32,0.5547,65536,19456,0.7031,65,47.4,True
resnet50,Multiply_9453,32,87,32,32,32,32,16,19,0,32,0.5547,65536,19456,0.7031,65,50.3,True
resnet50,Multiply_9453,32,88,32,32,32,32,15,19,0,32,0.564,65536,18240,0.7217,64,38.5,True
resnet50,Multiply_9453,32,89,32,32,32,32,18,19,0,32,0.5361,65536,21888,0.666,67,55.3,True
resnet50,Multiply_9453,32,90,32,32,32,32,17,19,0,32,0.5454,65536,20672,0.6846,66,78.2,True
resnet50,Multiply_9453,32,91,32,32,32,32,18,19,0,32,0.5361,65536,21888,0.666,67,38.0,True
resnet50,Multiply_9453,32,92,32,32,32,32,17,19,0,32,0.5454,65536,20672,0.6846,66,49.3,True
resnet50,Multiply_9453,32,93,32,32,32,32,18,19,0,32,0.5361,65536,21888,0.666,67,38.3,True
resnet50,Multiply_9453,32,94,32,32,32,32,23,19,0,32,0.4897,65536,27968,0.5732,72,184.0,True
resnet50,Multiply_9453,32,95,32,32,32,32,19,19,0,32,0.5269,65536,23104,0.6475,68,149.7,True
resnet50,Multiply_9453,32,96,32,32,32,32,20,19,0,32,0.5176,65536,24320,0.6289,69,39.6,True
resnet50,Multiply_9453,32,97,32,32,32,32,21,18,0,32,0.5342,65536,24192,0.6309,69,38.8,True
resnet50,Multiply_9453,32,98,32,32,32,32,17,18,0,32,0.5693,65536,19584,0.7012,65,197.1,True
resnet50,Multiply_9453,32,99,32,32,32,32,16,18,0,32,0.5781,65536,18432,0.7188,64,48.6,True
resnet50,Multiply_9453,32,100,32,32,32,32,20,18,0,32,0.543,65536,23040,0.6484,68,38.7,True
resnet50,Multiply_9453,32,101,32,32,32,32,16,18,0,32,0.5781,65536,18432,0.7188,64,38.3,True
resnet50,Multiply_9453,32,102,32,32,32,32,18,18,0,32,0.5605,65536,20736,0.6836,66,54.7,True
resnet50,Multiply_9453,32,103,32,32,32,32,18,18,0,32,0.5605,65536,20736,0.6836,66,39.0,True
resnet50,Multiply_9453,32,104,32,32,32,32,21,18,0,32,0.5342,65536,24192,0.6309,69,39.1,True
resnet50,Multiply_9453,32,105,32,32,32,32,16,18,0,32,0.5781,65536,18432,0.7188,64,47.2,True
resnet50,Multiply_9453,32,106,32,32,32,32,18,18,0,32,0.5605,65536,20736,0.6836,66,105.1,True
resnet50,Multiply_9453,32,107,32,32,32,32,21,18,0,32,0.5342,65536,24192,0.6309,69,37.4,True
resnet50,Multiply_9453,32,108,32,32,32,32,18,18,0,32,0.5605,65536,20736,0.6836,66,74.4,True
resnet50,Multiply_9453,32,109,32,32,32,32,14,18,0,32,0.5957,65536,16128,0.7539,62,40.2,True
resnet50,Multiply_9453,32,110,32,32,32,32,15,18,0,32,0.5869,65536,17280,0.7363,63,39.9,True
resnet50,Multiply_9453,32,111,32,32,32,32,18,18,0,32,0.5605,65536,20736,0.6836,66,39.2,True
resnet50,Multiply_9453,32,112,32,32,32,32,13,18,0,32,0.6045,65536,14976,0.7715,61,39.1,True
resnet50,Multiply_9453,32,113,32,32,32,32,20,18,0,32,0.543,65536,23040,0.6484,68,39.0,True
resnet50,Multiply_9453,32,114,32,32,32,32,17,18,0,32,0.5693,65536,19584,0.7012,65,39.4,True
resnet50,Multiply_9453,32,115,32,32,32,32,16,18,0,32,0.5781,65536,18432,0.7188,64,65.0,True
resnet50,Multiply_9453,32,116,32,32,32,32,18,18,0,32,0.5605,65536,20736,0.6836,66,39.5,True
resnet50,Multiply_9453,32,117,32,32,32,32,15,18,0,32,0.5869,65536,17280,0.7363,63,39.3,True
resnet50,Multiply_9453,32,118,32,32,32,32,16,18,0,32,0.5781,65536,18432,0.7188,64,294.5,True
resnet50,Multiply_9453,32,119,32,32,32,32,16,18,0,32,0.5781,65536,18432,0.7188,64,90.2,True
resnet50,Multiply_9453,32,120,32,32,32,32,15,18,0,32,0.5869,65536,17280,0.7363,63,44.0,True
resnet50,Multiply_9453,32,121,32,32,32,32,18,18,0,32,0.5605,65536,20736,0.6836,66,178.8,True
resnet50,Multiply_9453,32,122,32,32,32,32,17,18,0,32,0.5693,65536,19584,0.7012,65,44.4,True
resnet50,Multiply_9453,32,123,32,32,32,32,18,18,0,32,0.5605,65536,20736,0.6836,66,47.9,True
resnet50,Multiply_9453,32,124,32,32,32,32,17,18,0,32,0.5693,65536,19584,0.7012,65,120.3,True
resnet50,Multiply_9453,32,125,32,32,32,32,18,18,0,32,0.5605,65536,20736,0.6836,66,38.9,True
resnet50,Multiply_9453,32,126,32,32,32,32,23,18,0,32,0.5166,65536,26496,0.5957,71,38.5,True
resnet50,Multiply_9453,32,127,32,32,32,32,19,18,0,32,0.5518,65536,21888,0.666,67,122.1,True
resnet50,Multiply_9453,32,128,32,32,32,32,20,18,0,32,0.543,65536,23040,0.6484,68,40.8,True
resnet50,Multiply_9453,32,129,32,32,32,32,21,18,0,32,0.5342,65536,24192,0.6309,69,40.9,True
resnet50,Multiply_9453,32,130,32,32,32,32,17,18,0,32,0.5693,65536,19584,0.7012,65,119.6,True
resnet50,Multiply_9453,32,131,32,32,32,32,16,18,0,32,0.5781,65536,18432,0.7188,64,40.7,True
resnet50,Multiply_9453,32,132,32,32,32,32,20,18,0,32,0.543,65536,23040,0.6484,68,125.4,True
resnet50,Multiply_9453,32,133,32,32,32,32,16,18,0,32,0.5781,65536,18432,0.7188,64,37.8,True
resnet50,Multiply_9453,32,134,32,32,32,32,18,18,0,32,0.5605,65536,20736,0.6836,66,38.1,True
resnet50,Multiply_9453,32,135,32,32,32,32,18,18,0,32,0.5605,65536,20736,0.6836,66,39.0,True
resnet50,Multiply_9453,32,136,32,32,32,32,21,18,0,32,0.5342,65536,24192,0.6309,69,38.9,True
resnet50,Multiply_9453,32,137,32,32,32,32,16,18,0,32,0.5781,65536,18432,0.7188,64,38.3,True
resnet50,Multiply_9453,32,138,32,32,32,32,18,18,0,32,0.5605,65536,20736,0.6836,66,38.4,True
resnet50,Multiply_9453,32,139,32,32,32,32,21,18,0,32,0.5342,65536,24192,0.6309,69,37.5,True
resnet50,Multiply_9453,32,140,32,32,32,32,18,18,0,32,0.5605,65536,20736,0.6836,66,48.5,True
resnet50,Multiply_9453,32,141,32,32,32,32,14,18,0,32,0.5957,65536,16128,0.7539,62,179.0,True
resnet50,Multiply_9453,32,142,32,32,32,32,15,18,0,32,0.5869,65536,17280,0.7363,63,46.3,True
resnet50,Multiply_9453,32,143,32,32,32,32,18,18,0,32,0.5605,65536,20736,0.6836,66,39.0,True
resnet50,Multiply_9453,32,144,32,32,32,32,13,18,0,32,0.6045,65536,14976,0.7715,61,42.3,True
resnet50,Multiply_9453,32,145,32,32,32,32,20,18,0,32,0.543,65536,23040,0.6484,68,39.1,True
resnet50,Multiply_9453,32,146,32,32,32,32,17,18,0,32,0.5693,65536,19584,0.7012,65,39.5,True
resnet50,Multiply_9453,32,147,32,32,32,32,16,18,0,32,0.5781,65536,18432,0.7188,64,47.8,True
resnet50,Multiply_9453,32,148,32,32,32,32,18,18,0,32,0.5605,65536,20736,0.6836,66,178.4,True
resnet50,Multiply_9453,32,149,32,32,32,32,15,18,0,32,0.5869,65536,17280,0.7363,63,38.6,True
resnet50,Multiply_9453,32,150,32,32,32,32,16,18,0,32,0.5781,65536,18432,0.7188,64,38.3,True
resnet50,Multiply_9453,32,151,32,32,32,32,16,18,0,32,0.5781,65536,18432,0.7188,64,39.2,True
resnet50,Multiply_9453,32,152,32,32,32,32,15,18,0,32,0.5869,65536,17280,0.7363,63,38.5,True
resnet50,Multiply_9453,32,153,32,32,32,32,18,18,0,32,0.5605,65536,20736,0.6836,66,41.5,True
resnet50,Multiply_9453,32,154,32,32,32,32,17,18,0,32,0.5693,65536,19584,0.7012,65,39.1,True
resnet50,Multiply_9453,32,155,32,32,32,32,18,18,0,32,0.5605,65536,20736,0.6836,66,41.0,True
resnet50,Multiply_9453,32,156,32,32,32,32,17,18,0,32,0.5693,65536,19584,0.7012,65,39.3,True
resnet50,Multiply_9453,32,157,32,32,32,32,18,18,0,32,0.5605,65536,20736,0.6836,66,51.1,True
resnet50,Multiply_9453,32,158,32,32,32,32,23,18,0,32,0.5166,65536,26496,0.5957,71,201.1,True
resnet50,Multiply_9453,32,159,32,32,32,32,19,18,0,32,0.5518,65536,21888,0.666,67,37.4,True
resnet50,Multiply_9453,32,160,32,32,32,32,20,18,0,32,0.543,65536,23040,0.6484,68,38.6,True
resnet50,Multiply_9453,32,161,32,32,32,32,21,17,0,32,0.5601,65536,22848,0.6514,68,45.1,True
resnet50,Multiply_9453,32,162,32,32,32,32,17,17,0,32,0.5933,65536,18496,0.7178,64,72.2,True
resnet50,Multiply_9453,32,163,32,32,32,32,16,17,0,32,0.6016,65536,17408,0.7344,63,178.5,True
resnet50,Multiply_9453,32,164,32,32,32,32,20,17,0,32,0.5684,65536,21760,0.668,67,305.2,True
resnet50,Multiply_9453,32,165,32,32,32,32,16,17,0,32,0.6016,65536,17408,0.7344,63,39.0,True
resnet50,Multiply_9453,32,166,32,32,32,32,18,17,0,32,0.585,65536,19584,0.7012,65,38.4,True
resnet50,Multiply_9453,32,167,32,32,32,32,18,17,0,32,0.585,65536,19584,0.7012,65,41.7,True
resnet50,Multiply_9453,32,168,32,32,32,32,21,17,0,32,0.5601,65536,22848,0.6514,68,39.7,True
resnet50,Multiply_9453,32,169,32,32,32,32,16,17,0,32,0.6016,65536,17408,0.7344,63,38.0,True
resnet50,Multiply_9453,32,170,32,32,32,32,18,17,0,32,0.585,65536,19584,0.7012,65,46.7,True
resnet50,Multiply_9453,32,171,32,32,32,32,21,17,0,32,0.5601,65536,22848,0.6514,68,40.4,True
resnet50,Multiply_9453,32,172,32,32,32,32,18,17,0,32,0.585,65536,19584,0.7012,65,54.4,True
resnet50,Multiply_9453,32,173,32,32,32,32,14,17,0,32,0.6182,65536,15232,0.7676,61,38.5,True
resnet50,Multiply_9453,32,174,32,32,32,32,15,17,0,32,0.6099,65536,16320,0.751,62,38.0,True
resnet50,Multiply_9453,32,175,32,32,32,32,18,17,0,32,0.585,65536,19584,0.7012,65,85.8,True
resnet50,Multiply_9453,32,176,32,32,32,32,13,17,0,32,0.6265,65536,14144,0.7842,60,38.3,True
resnet50,Multiply_9453,32,177,32,32,32,32,20,17,0,32,0.5684,65536,21760,0.668,67,60.4,True
resnet50,Multiply_9453,32,178,32,32,32,32,17,17,0,32,0.5933,65536,18496,0.7178,64,96.0,True
resnet50,Multiply_9453,32,179,32,32,32,32,16,17,0,32,0.6016,65536,17408,0.7344,63,39.2,True
resnet50,Multiply_9453,32,180,32,32,32,32,18,17,0,32,0.585,65536,19584,0.7012,65,78.6,True
resnet50,Multiply_9453,32,181,32,32,32,32,15,17,0,32,0.6099,65536,16320,0.751,62,39.4,True
resnet50,Multiply_9453,32,182,32,32,32,32,16,17,0,32,0.6016,65536,17408,0.7344,63,94.0,True
resnet50,Multiply_9453,32,183,32,32,32,32,16,17,0,32,0.6016,65536,17408,0.7344,63,38.1,True
resnet50,Multiply_9453,32,184,32,32,32,32,15,17,0,32,0.6099,65536,16320,0.751,62,45.2,True
resnet50,Multiply_9453,32,185,32,32,32,32,18,17,0,32,0.585,65536,19584,0.7012,65,40.5,True
resnet50,Multiply_9453,32,186,32,32,32,32,17,17,0,32,0.5933,65536,18496,0.7178,64,39.6,True
resnet50,Multiply_9453,32,187,32,32,32,32,18,17,0,32,0.585,65536,19584,0.7012,65,75.5,True
resnet50,Multiply_9453,32,188,32,32,32,32,17,17,0,32,0.5933,65536,18496,0.7178,64,39.3,True
resnet50,Multiply_9453,32,189,32,32,32,32,18,17,0,32,0.585,65536,19584,0.7012,65,47.8,True
resnet50,Multiply_9453,32,190,32,32,32,32,23,17,0,32,0.5435,65536,25024,0.6182,70,40.1,True
resnet50,Multiply_9453,32,191,32,32,32,32,19,17,0,32,0.5767,65536,20672,0.6846,66,38.6,True
resnet50,Multiply_9453,32,192,32,32,32,32,20,17,0,32,0.5684,65536,21760,0.668,67,59.7,True
resnet50,Multiply_9453,32,193,4,32,32,4,21,11,0,32,0.7613,8192,1848,0.7744,34,8.8,True
resnet50,Multiply_9453,32,194,4,32,32,4,17,11,0,32,0.7995,8192,1496,0.8174,30,9.4,True
resnet50,Multiply_9453,32,195,4,32,32,4,16,11,1,16,0.809,8192,1408,0.8281,29,9.6,True
resnet50,Multiply_9453,32,196,4,32,32,4,20,11,0,32,0.7708,8192,1760,0.7852,33,9.0,True
resnet50,Multiply_9453,32,197,4,32,32,4,16,11,1,16,0.809,8192,1408,0.8281,29,11.6,True
resnet50,Multiply_9453,32,198,4,32,32,4,18,11,0,32,0.7899,8192,1584,0.8066,31,9.3,True
resnet50,Multiply_9453,32,199,4,32,32,4,18,11,0,32,0.7899,8192,1584,0.8066,31,41.4,True
resnet50,Multiply_9453,32,200,4,32,32,4,21,11,0,32,0.7613,8192,1848,0.7744,34,12.6,True
resnet50,Multiply_9453,32,201,4,32,32,4,16,11,1,16,0.809,8192,1408,0.8281,29,8.8,True
resnet50,Multiply_9453,32,202,4,32,32,4,18,11,0,32,0.7899,8192,1584,0.8066,31,9.3,True
resnet50,Multiply_9453,32,203,4,32,32,4,21,11,0,32,0.7613,8192,1848,0.7744,34,10.2,True
resnet50,Multiply_9453,32,204,4,32,32,4,18,11,0,32,0.7899,8192,1584,0.8066,31,42.8,True
resnet50,Multiply_9453,32,205,4,32,32,4,14,11,1,16,0.8281,8192,1232,0.8496,27,25.4,True
resnet50,Multiply_9453,32,206,4,32,32,4,15,11,1,16,0.8186,8192,1320,0.8389,28,8.9,True
resnet50,Multiply_9453,32,207,4,32,32,4,18,11,0,32,0.7899,8192,1584,0.8066,31,8.2,True
resnet50,Multiply_9453,32,208,4,32,32,4,13,11,1,16,0.8377,8192,1144,0.8604,26,41.8,True
resnet50,Multiply_9453,32,209,4,32,32,4,20,11,0,32,0.7708,8192,1760,0.7852,33,18.4,True
resnet50,Multiply_9453,32,210,4,32,32,4,17,11,0,32,0.7995,8192,1496,0.8174,30,16.2,True
resnet50,Multiply_9453,32,211,4,32,32,4,16,11,1,16,0.809,8192,1408,0.8281,29,10.6,True
resnet50,Multiply_9453,32,212,4,32,32,4,18,11,0,32,0.7899,8192,1584,0.8066,31,7.5,True
resnet50,Multiply_9453,32,213,4,32,32,4,15,11,1,16,0.8186,8192,1320,0.8389,28,8.7,True
resnet50,Multiply_9453,32,214,4,32,32,4,16,11,1,16,0.809,8192,1408,0.8281,29,9.5,True
resnet50,Multiply_9453,32,215,4,32,32,4,16,11,1,16,0.809,8192,1408,0.8281,29,8.6,True
resnet50,Multiply_9453,32,216,4,32,32,4,15,11,1,16,0.8186,8192,1320,0.8389,28,10.7,True
resnet50,Multiply_9453,32,217,4,32,32,4,18,11,0,32,0.7899,8192,1584,0.8066,31,8.3,True
resnet50,Multiply_9453,32,218,4,32,32,4,17,11,0,32,0.7995,8192,1496,0.8174,30,14.3,True
resnet50,Multiply_9453,32,219,4,32,32,4,18,11,0,32,0.7899,8192,1584,0.8066,31,9.0,True
resnet50,Multiply_9453,32,220,4,32,32,4,17,11,0,32,0.7995,8192,1496,0.8174,30,9.2,True
resnet50,Multiply_9453,32,221,4,32,32,4,18,11,0,32,0.7899,8192,1584,0.8066,31,12.2,True
resnet50,Multiply_9453,32,222,4,32,32,4,23,11,0,32,0.7422,8192,2024,0.7529,36,8.7,True
resnet50,Multiply_9453,32,223,4,32,32,4,19,11,0,32,0.7804,8192,1672,0.7959,32,9.2,True
resnet50,Multiply_9453,32,224,4,32,32,4,20,11,0,32,0.7708,8192,1760,0.7852,33,10.8,True
resnet50,Multiply_9446,33,1,32,32,32,32,17,18,0,32,0.5693,65536,19584,0.7012,65,41.2,True
resnet50,Multiply_9446,33,2,32,32,32,32,16,18,0,32,0.5781,65536,18432,0.7188,64,38.2,True
resnet50,Multiply_9446,33,3,32,32,32,32,17,18,0,32,0.5693,65536,19584,0.7012,65,39.6,True
resnet50,Multiply_9446,33,4,32,32,32,32,19,18,0,32,0.5518,65536,21888,0.666,67,327.4,True
resnet50,Multiply_9446,33,5,32,32,32,32,19,18,0,32,0.5518,65536,21888,0.666,67,51.3,True
resnet50,Multiply_9446,33,6,32,32,32,32,15,18,0,32,0.5869,65536,17280,0.7363,63,39.8,True
resnet50,Multiply_9446,33,7,32,32,32,32,24,18,0,32,0.5078,65536,27648,0.5781,72,37.8,True
resnet50,Multiply_9446,33,8,32,32,32,32,14,18,0,32,0.5957,65536,16128,0.7539,62,37.1,True
resnet50,Multiply_9446,33,9,32,32,32,32,17,18,0,32,0.5693,65536,19584,0.7012,65,42.6,True
resnet50,Multiply_9446,33,10,32,32,32,32,16,18,0,32,0.5781,65536,18432,0.7188,64,46.4,True
resnet50,Multiply_9446,33,11,32,32,32,32,17,18,0,32,0.5693,65536,19584,0.7012,65,37.5,True
resnet50,Multiply_9446,33,12,32,32,32,32,19,18,0,32,0.5518,65536,21888,0.666,67,39.7,True
resnet50,Multiply_9446,33,13,32,32,32,32,19,18,0,32,0.5518,65536,21888,0.666,67,38.9,True
resnet50,Multiply_9446,33,14,32,32,32,32,15,18,0,32,0.5869,65536,17280,0.7363,63,45.2,True
resnet50,Multiply_9446,33,15,32,32,32,32,24,18,0,32,0.5078,65536,27648,0.5781,72,37.7,True
resnet50,Multiply_9446,33,16,32,32,32,32,14,18,0,32,0.5957,65536,16128,0.7539,62,38.2,True
resnet50,Multiply_9446,33,17,32,32,32,32,17,18,0,32,0.5693,65536,19584,0.7012,65,70.9,True
resnet50,Multiply_9446,33,18,32,32,32,32,16,18,0,32,0.5781,65536,18432,0.7188,64,39.6,True
resnet50,Multiply_9446,33,19,32,32,32,32,17,18,0,32,0.5693,65536,19584,0.7012,65,42.1,True
resnet50,Multiply_9446,33,20,32,32,32,32,19,18,0,32,0.5518,65536,21888,0.666,67,39.3,True
resnet50,Multiply_9446,33,21,32,32,32,32,19,18,0,32,0.5518,65536,21888,0.666,67,39.4,True
resnet50,Multiply_9446,33,22,32,32,32,32,15,18,0,32,0.5869,65536,17280,0.7363,63,39.7,True
resnet50,Multiply_9446,33,23,32,32,32,32,24,18,0,32,0.5078,65536,27648,0.5781,72,41.6,True
resnet50,Multiply_9446,33,24,32,32,32,32,14,18,0,32,0.5957,65536,16128,0.7539,62,39.4,True
resnet50,Multiply_9446,33,25,32,32,32,32,17,18,0,32,0.5693,65536,19584,0.7012,65,49.2,True
resnet50,Multiply_9446,33,26,32,32,32,32,16,18,0,32,0.5781,65536,18432,0.7188,64,338.4,True
resnet50,Multiply_9446,33,27,32,32,32,32,17,18,0,32,0.5693,65536,19584,0.7012,65,38.5,True
resnet50,Multiply_9446,33,28,32,32,32,32,19,18,0,32,0.5518,65536,21888,0.666,67,49.4,True
resnet50,Multiply_9446,33,29,32,32,32,32,19,18,0,32,0.5518,65536,21888,0.666,67,38.7,True
resnet50,Multiply_9446,33,30,32,32,32,32,15,18,0,32,0.5869,65536,17280,0.7363,63,40.2,True
resnet50,Multiply_9446,33,31,32,32,32,32,24,18,0,32,0.5078,65536,27648,0.5781,72,48.7,True
resnet50,Multiply_9446,33,32,32,32,32,32,14,18,0,32,0.5957,65536,16128,0.7539,62,39.3,True
resnet50,Multiply_9446,33,33,32,32,32,32,17,18,0,32,0.5693,65536,19584,0.7012,65,37.6,True
resnet50,Multiply_9446,33,34,32,32,32,32,16,18,0,32,0.5781,65536,18432,0.7188,64,178.1,True
resnet50,Multiply_9446,33,35,32,32,32,32,17,18,0,32,0.5693,65536,19584,0.7012,65,37.6,True
resnet50,Multiply_9446,33,36,32,32,32,32,19,18,0,32,0.5518,65536,21888,0.666,67,52.6,True
resnet50,Multiply_9446,33,37,32,32,32,32,19,18,0,32,0.5518,65536,21888,0.666,67,198.6,True
resnet50,Multiply_9446,33,38,32,32,32,32,15,18,0,32,0.5869,65536,17280,0.7363,63,49.3,True
resnet50,Multiply_9446,33,39,32,32,32,32,24,18,0,32,0.5078,65536,27648,0.5781,72,38.5,True
resnet50,Multiply_9446,33,40,32,32,32,32,14,18,0,32,0.5957,65536,16128,0.7539,62,38.9,True
resnet50,Multiply_9446,33,41,32,32,32,32,17,18,0,32,0.5693,65536,19584,0.7012,65,44.1,True
resnet50,Multiply_9446,33,42,32,32,32,32,16,18,0,32,0.5781,65536,18432,0.7188,64,61.2,True
resnet50,Multiply_9446,33,43,32,32,32,32,17,18,0,32,0.5693,65536,19584,0.7012,65,198.8,True
resnet50,Multiply_9446,33,44,32,32,32,32,19,18,0,32,0.5518,65536,21888,0.666,67,49.3,True
resnet50,Multiply_9446,33,45,32,32,32,32,19,18,0,32,0.5518,65536,21888,0.666,67,38.8,True
resnet50,Multiply_9446,33,46,32,32,32,32,15,18,0,32,0.5869,65536,17280,0.7363,63,54.3,True
resnet50,Multiply_9446,33,47,32,32,32,32,24,18,0,32,0.5078,65536,27648,0.5781,72,40.3,True
resnet50,Multiply_9446,33,48,32,32,32,32,14,18,0,32,0.5957,65536,16128,0.7539,62,179.3,True
resnet50,Multiply_9446,33,49,4,32,32,4,17,10,0,32,0.8177,8192,1360,0.834,29,9.5,True
resnet50,Multiply_9446,33,50,4,32,32,4,16,10,1,16,0.8264,8192,1280,0.8438,28,9.9,True
resnet50,Multiply_9446,33,51,4,32,32,4,17,10,0,32,0.8177,8192,1360,0.834,29,21.9,True
resnet50,Multiply_9446,33,52,4,32,32,4,19,10,0,32,0.8003,8192,1520,0.8145,31,46.1,True
resnet50,Multiply_9446,33,53,4,32,32,4,19,10,0,32,0.8003,8192,1520,0.8145,31,9.6,True
resnet50,Multiply_9446,33,54,4,32,32,4,15,10,1,16,0.8351,8192,1200,0.8535,27,8.7,True
resnet50,Multiply_9446,33,55,4,32,32,4,24,10,0,32,0.7569,8192,1920,0.7656,36,8.7,True
resnet50,Multiply_9446,33,56,4,32,32,4,14,10,1,16,0.8438,8192,1120,0.8633,26,12.8,True
resnet50,Multiply_9439,34,1,32,32,32,32,18,12,0,32,0.707,65536,13824,0.7891,60,44.3,True
resnet50,Multiply_9439,34,2,32,32,32,32,20,12,0,32,0.6953,65536,15360,0.7656,62,40.4,True
resnet50,Multiply_9439,34,3,32,32,32,32,20,12,0,32,0.6953,65536,15360,0.7656,62,38.7,True
resnet50,Multiply_9439,34,4,32,32,32,32,17,12,0,32,0.7129,65536,13056,0.8008,59,38.3,True
resnet50,Multiply_9439,34,5,32,32,32,32,15,12,0,32,0.7246,65536,11520,0.8242,57,37.8,True
resnet50,Multiply_9439,34,6,32,32,32,32,16,12,0,32,0.7188,65536,12288,0.8125,58,101.0,True
resnet50,Multiply_9439,34,7,32,32,32,32,13,12,0,32,0.7363,65536,9984,0.8477,55,41.3,True
resnet50,Multiply_9439,34,8,32,32,32,32,22,12,0,32,0.6836,65536,16896,0.7422,64,38.7,True
resnet50,Multiply_9439,34,9,32,32,32,32,18,11,0,32,0.7314,65536,12672,0.8066,59,36.1,True
resnet50,Multiply_9439,34,10,32,32,32,32,20,11,0,32,0.7207,65536,14080,0.7852,61,40.1,True
resnet50,Multiply_9439,34,11,32,32,32,32,20,11,0,32,0.7207,65536,14080,0.7852,61,38.5,True
resnet50,Multiply_9439,34,12,32,32,32,32,17,11,0,32,0.7368,65536,11968,0.8174,58,39.2,True
resnet50,Multiply_9439,34,13,32,32,32,32,15,11,0,32,0.7476,65536,10560,0.8389,56,58.1,True
resnet50,Multiply_9439,34,14,32,32,32,32,16,11,0,32,0.7422,65536,11264,0.8281,57,118.8,True
resnet50,Multiply_9439,34,15,32,32,32,32,13,11,0,32,0.7583,65536,9152,0.8604,54,44.5,True
resnet50,Multiply_9439,34,16,32,32,32,32,22,11,0,32,0.71,65536,15488,0.7637,63,56.4,True
resnet50,Multiply_9439,34,17,32,32,32,32,18,10,0,32,0.7559,65536,11520,0.8242,58,66.0,True
resnet50,Multiply_9439,34,18,32,32,32,32,20,10,0,32,0.7461,65536,12800,0.8047,60,149.8,True
resnet50,Multiply_9439,34,19,32,32,32,32,20,10,0,32,0.7461,65536,12800,0.8047,60,39.0,True
resnet50,Multiply_9439,34,20,32,32,32,32,17,10,0,32,0.7607,65536,10880,0.834,57,38.3,True
resnet50,Multiply_9439,34,21,32,32,32,32,15,10,0,32,0.7705,65536,9600,0.8535,55,39.6,True
resnet50,Multiply_9439,34,22,32,32,32,32,16,10,0,32,0.7656,65536,10240,0.8438,56,39.1,True
resnet50,Multiply_9439,34,23,32,32,32,32,13,10,0,32,0.7803,65536,8320,0.873,53,177.6,True
resnet50,Multiply_9439,34,24,32,32,32,32,22,10,0,32,0.7363,65536,14080,0.7852,62,39.3,True
resnet50,Multiply_9439,34,25,32,32,32,32,18,10,0,32,0.7559,65536,11520,0.8242,58,41.6,True
resnet50,Multiply_9439,34,26,32,32,32,32,20,10,0,32,0.7461,65536,12800,0.8047,60,179.6,True
resnet50,Multiply_9439,34,27,32,32,32,32,20,10,0,32,0.7461,65536,12800,0.8047,60,38.5,True
resnet50,Multiply_9439,34,28,32,32,32,32,17,10,0,32,0.7607,65536,10880,0.834,57,197.8,True
resnet50,Multiply_9439,34,29,32,32,32,32,15,10,0,32,0.7705,65536,9600,0.8535,55,38.6,True
resnet50,Multiply_9439,34,30,32,32,32,32,16,10,0,32,0.7656,65536,10240,0.8438,56,48.5,True
resnet50,Multiply_9439,34,31,32,32,32,32,13,10,0,32,0.7803,65536,8320,0.873,53,37.5,True
resnet50,Multiply_9439,34,32,32,32,32,32,22,10,0,32,0.7363,65536,14080,0.7852,62,38.4,True
resnet50,Multiply_9439,34,33,32,32,32,32,18,11,0,32,0.7314,65536,12672,0.8066,59,37.9,True
resnet50,Multiply_9439,34,34,32,32,32,32,20,11,0,32,0.7207,65536,14080,0.7852,61,37.4,True
resnet50,Multiply_9439,34,35,32,32,32,32,20,11,0,32,0.7207,65536,14080,0.7852,61,37.4,True
resnet50,Multiply_9439,34,36,32,32,32,32,17,11,0,32,0.7368,65536,11968,0.8174,58,197.5,True
resnet50,Multiply_9439,34,37,32,32,32,32,15,11,0,32,0.7476,65536,10560,0.8389,56,46.2,True
resnet50,Multiply_9439,34,38,32,32,32,32,16,11,0,32,0.7422,65536,11264,0.8281,57,41.6,True
resnet50,Multiply_9439,34,39,32,32,32,32,13,11,0,32,0.7583,65536,9152,0.8604,54,39.7,True
resnet50,Multiply_9439,34,40,32,32,32,32,22,11,0,32,0.71,65536,15488,0.7637,63,39.7,True
resnet50,Multiply_9439,34,41,32,32,32,32,18,11,0,32,0.7314,65536,12672,0.8066,59,102.9,True
resnet50,Multiply_9439,34,42,32,32,32,32,20,11,0,32,0.7207,65536,14080,0.7852,61,37.6,True
resnet50,Multiply_9439,34,43,32,32,32,32,20,11,0,32,0.7207,65536,14080,0.7852,61,50.4,True
resnet50,Multiply_9439,34,44,32,32,32,32,17,11,0,32,0.7368,65536,11968,0.8174,58,46.1,True
resnet50,Multiply_9439,34,45,32,32,32,32,15,11,0,32,0.7476,65536,10560,0.8389,56,39.0,True
resnet50,Multiply_9439,34,46,32,32,32,32,16,11,0,32,0.7422,65536,11264,0.8281,57,55.0,True
resnet50,Multiply_9439,34,47,32,32,32,32,13,11,0,32,0.7583,65536,9152,0.8604,54,39.0,True
resnet50,Multiply_9439,34,48,32,32,32,32,22,11,0,32,0.71,65536,15488,0.7637,63,44.2,True
resnet50,Multiply_9439,34,49,4,32,32,4,18,7,0,32,0.8663,8192,1008,0.877,27,19.8,True
resnet50,Multiply_9439,34,50,4,32,32,4,20,7,0,32,0.8542,8192,1120,0.8633,29,27.6,True
resnet50,Multiply_9439,34,51,4,32,32,4,20,7,0,32,0.8542,8192,1120,0.8633,29,42.6,True
resnet50,Multiply_9439,34,52,4,32,32,4,17,7,0,32,0.8724,8192,952,0.8838,26,43.0,True
resnet50,Multiply_9439,34,53,4,32,32,4,15,7,1,16,0.8845,8192,840,0.8975,24,8.9,True
resnet50,Multiply_9439,34,54,4,32,32,4,16,7,1,16,0.8785,8192,896,0.8906,25,8.5,True
resnet50,Multiply_9439,34,55,4,32,32,4,13,7,1,16,0.8967,8192,728,0.9111,22,43.4,True
resnet50,Multiply_9439,34,56,4,32,32,4,22,7,0,32,0.842,8192,1232,0.8496,31,10.1,True
resnet50,Multiply_9474,35,1,32,32,32,32,18,10,0,32,0.7559,65536,11520,0.8242,58,50.0,True
resnet50,Multiply_9474,35,2,32,32,32,32,16,10,0,32,0.7656,65536,10240,0.8438,56,39.6,True
resnet50,Multiply_9474,35,3,32,32,32,32,13,10,0,32,0.7803,65536,8320,0.873,53,39.2,True
resnet50,Multiply_9474,35,4,32,32,32,32,17,10,0,32,0.7607,65536,10880,0.834,57,38.5,True
resnet50,Multiply_9474,35,5,32,32,32,32,18,10,0,32,0.7559,65536,11520,0.8242,58,45.0,True
resnet50,Multiply_9474,35,6,32,32,32,32,13,10,0,32,0.7803,65536,8320,0.873,53,48.6,True
resnet50,Multiply_9474,35,7,32,32,32,32,19,10,0,32,0.751,65536,12160,0.8145,59,38.8,True
resnet50,Multiply_9474,35,8,32,32,32,32,22,10,0,32,0.7363,65536,14080,0.7852,62,197.3,True
resnet50,Multiply_9474,35,9,32,32,32,32,21,10,0,32,0.7412,65536,13440,0.7949,61,39.1,True
resnet50,Multiply_9474,35,10,32,32,32,32,19,10,0,32,0.751,65536,12160,0.8145,59,45.1,True
resnet50,Multiply_9474,35,11,32,32,32,32,23,10,0,32,0.7314,65536,14720,0.7754,63,42.5,True
resnet50,Multiply_9474,35,12,32,32,32,32,20,10,0,32,0.7461,65536,12800,0.8047,60,46.1,True
resnet50,Multiply_9474,35,13,32,32,32,32,17,10,0,32,0.7607,65536,10880,0.834,57,41.4,True
resnet50,Multiply_9474,35,14,32,32,32,32,16,10,0,32,0.7656,65536,10240,0.8438,56,217.0,True
resnet50,Multiply_9474,35,15,32,32,32,32,17,10,0,32,0.7607,65536,10880,0.834,57,39.4,True
resnet50,Multiply_9474,35,16,32,32,32,32,12,10,0,32,0.7852,65536,7680,0.8828,52,37.7,True
resnet50,Multiply_9474,35,17,32,32,32,32,21,10,0,32,0.7412,65536,13440,0.7949,61,75.3,True
resnet50,Multiply_9474,35,18,32,32,32,32,14,10,0,32,0.7754,65536,8960,0.8633,54,39.0,True
resnet50,Multiply_9474,35,19,32,32,32,32,15,10,0,32,0.7705,65536,9600,0.8535,55,37.7,True
resnet50,Multiply_9474,35,20,32,32,32,32,16,10,0,32,0.7656,65536,10240,0.8438,56,104.8,True
resnet50,Multiply_9474,35,21,32,32,32,32,19,10,0,32,0.751,65536,12160,0.8145,59,198.7,True
resnet50,Multiply_9474,35,22,32,32,32,32,17,10,0,32,0.7607,65536,10880,0.834,57,45.9,True
resnet50,Multiply_9474,35,23,32,32,32,32,18,10,0,32,0.7559,65536,11520,0.8242,58,127.6,True
resnet50,Multiply_9474,35,24,32,32,32,32,15,10,0,32,0.7705,65536,9600,0.8535,55,59.4,True
resnet50,Multiply_9474,35,25,32,32,32,32,18,10,0,32,0.7559,65536,11520,0.8242,58,37.8,True
resnet50,Multiply_9474,35,26,32,32,32,32,14,10,0,32,0.7754,65536,8960,0.8633,54,40.1,True
resnet50,Multiply_9474,35,27,32,32,32,32,12,10,0,32,0.7852,65536,7680,0.8828,52,104.5,True
resnet50,Multiply_9474,35,28,32,32,32,32,18,10,0,32,0.7559,65536,11520,0.8242,58,39.0,True
resnet50,Multiply_9474,35,29,32,32,32,32,21,10,0,32,0.7412,65536,13440,0.7949,61,38.7,True
resnet50,Multiply_9474,35,30,32,32,32,32,22,10,0,32,0.7363,65536,14080,0.7852,62,40.5,True
resnet50,Multiply_9474,35,31,32,32,32,32,20,10,0,32,0.7461,65536,12800,0.8047,60,40.3,True
resnet50,Multiply_9474,35,32,32,32,32,32,22,10,0,32,0.7363,65536,14080,0.7852,62,45.2,True
resnet50,Multiply_9474,35,33,32,32,32,32,18,10,0,32,0.7559,65536,11520,0.8242,58,49.5,True
resnet50,Multiply_9474,35,34,32,32,32,32,16,10,0,32,0.7656,65536,10240,0.8438,56,186.9,True
resnet50,Multiply_9474,35,35,32,32,32,32,13,10,0,32,0.7803,65536,8320,0.873,53,38.2,True
resnet50,Multiply_9474,35,36,32,32,32,32,17,10,0,32,0.7607,65536,10880,0.834,57,38.5,True
resnet50,Multiply_9474,35,37,32,32,32,32,18,10,0,32,0.7559,65536,11520,0.8242,58,39.0,True
resnet50,Multiply_9474,35,38,32,32,32,32,13,10,0,32,0.7803,65536,8320,0.873,53,38.9,True
resnet50,Multiply_9474,35,39,32,32,32,32,19,10,0,32,0.751,65536,12160,0.8145,59,136.7,True
resnet50,Multiply_9474,35,40,32,32,32,32,22,10,0,32,0.7363,65536,14080,0.7852,62,118.0,True
resnet50,Multiply_9474,35,41,32,32,32,32,21,10,0,32,0.7412,65536,13440,0.7949,61,41.1,True
resnet50,Multiply_9474,35,42,32,32,32,32,19,10,0,32,0.751,65536,12160,0.8145,59,38.1,True
resnet50,Multiply_9474,35,43,32,32,32,32,23,10,0,32,0.7314,65536,14720,0.7754,63,37.8,True
resnet50,Multiply_9474,35,44,32,32,32,32,20,10,0,32,0.7461,65536,12800,0.8047,60,37.7,True
resnet50,Multiply_9474,35,45,32,32,32,32,17,10,0,32,0.7607,65536,10880,0.834,57,160.7,True
resnet50,Multiply_9474,35,46,32,32,32,32,16,10,0,32,0.7656,65536,10240,0.8438,56,37.8,True
resnet50,Multiply_9474,35,47,32,32,32,32,17,10,0,32,0.7607,65536,10880,0.834,57,152.4,True
resnet50,Multiply_9474,35,48,32,32,32,32,12,10,0,32,0.7852,65536,7680,0.8828,52,40.7,True
resnet50,Multiply_9474,35,49,32,32,32,32,21,10,0,32,0.7412,65536,13440,0.7949,61,161.2,True
resnet50,Multiply_9474,35,50,32,32,32,32,14,10,0,32,0.7754,65536,8960,0.8633,54,105.0,True
resnet50,Multiply_9474,35,51,32,32,32,32,15,10,0,32,0.7705,65536,9600,0.8535,55,40.4,True
resnet50,Multiply_9474,35,52,32,32,32,32,16,10,0,32,0.7656,65536,10240,0.8438,56,151.8,True
resnet50,Multiply_9474,35,53,32,32,32,32,19,10,0,32,0.751,65536,12160,0.8145,59,162.3,True
resnet50,Multiply_9474,35,54,32,32,32,32,17,10,0,32,0.7607,65536,10880,0.834,57,39.0,True
resnet50,Multiply_9474,35,55,32,32,32,32,18,10,0,32,0.7559,65536,11520,0.8242,58,39.5,True
resnet50,Multiply_9474,35,56,32,32,32,32,15,10,0,32,0.7705,65536,9600,0.8535,55,38.7,True
resnet50,Multiply_9474,35,57,32,32,32,32,18,10,0,32,0.7559,65536,11520,0.8242,58,38.8,True
resnet50,Multiply_9474,35,58,32,32,32,32,14,10,0,32,0.7754,65536,8960,0.8633,54,38.2,True
resnet50,Multiply_9474,35,59,32,32,32,32,12,10,0,32,0.7852,65536,7680,0.8828,52,49.9,True
resnet50,Multiply_9474,35,60,32,32,32,32,18,10,0,32,0.7559,65536,11520,0.8242,58,58.0,True
resnet50,Multiply_9474,35,61,32,32,32,32,21,10,0,32,0.7412,65536,13440,0.7949,61,55.0,True
resnet50,Multiply_9474,35,62,32,32,32,32,22,10,0,32,0.7363,65536,14080,0.7852,62,39.1,True
resnet50,Multiply_9474,35,63,32,32,32,32,20,10,0,32,0.7461,65536,12800,0.8047,60,46.3,True
resnet50,Multiply_9474,35,64,32,32,32,32,22,10,0,32,0.7363,65536,14080,0.7852,62,44.9,True
resnet50,Multiply_9474,35,65,32,32,32,32,18,9,0,32,0.7803,65536,10368,0.8418,57,48.4,True
resnet50,Multiply_9474,35,66,32,32,32,32,16,9,0,32,0.7891,65536,9216,0.8594,55,58.5,True
resnet50,Multiply_9474,35,67,32,32,32,32,13,9,0,32,0.8022,65536,7488,0.8857,52,39.3,True
resnet50,Multiply_9474,35,68,32,32,32,32,17,9,0,32,0.7847,65536,9792,0.8506,56,40.5,True
resnet50,Multiply_9474,35,69,32,32,32,32,18,9,0,32,0.7803,65536,10368,0.8418,57,37.3,True
resnet50,Multiply_9474,35,70,32,32,32,32,13,9,0,32,0.8022,65536,7488,0.8857,52,39.8,True
resnet50,Multiply_9474,35,71,32,32,32,32,19,9,0,32,0.7759,65536,10944,0.833,58,39.5,True
resnet50,Multiply_9474,35,72,32,32,32,32,22,9,0,32,0.7627,65536,12672,0.8066,61,73.7,True
resnet50,Multiply_9474,35,73,32,32,32,32,21,9,0,32,0.7671,65536,12096,0.8154,60,41.5,True
resnet50,Multiply_9474,35,74,32,32,32,32,19,9,0,32,0.7759,65536,10944,0.833,58,38.7,True
resnet50,Multiply_9474,35,75,32,32,32,32,23,9,0,32,0.7583,65536,13248,0.7979,62,182.3,True
resnet50,Multiply_9474,35,76,32,32,32,32,20,9,0,32,0.7715,65536,11520,0.8242,59,62.0,True
resnet50,Multiply_9474,35,77,32,32,32,32,17,9,0,32,0.7847,65536,9792,0.8506,56,45.4,True
resnet50,Multiply_9474,35,78,32,32,32,32,16,9,0,32,0.7891,65536,9216,0.8594,55,39.2,True
resnet50,Multiply_9474,35,79,32,32,32,32,17,9,0,32,0.7847,65536,9792,0.8506,56,37.5,True
resnet50,Multiply_9474,35,80,32,32,32,32,12,9,0,32,0.8066,65536,6912,0.8945,51,78.0,True
resnet50,Multiply_9474,35,81,32,32,32,32,21,9,0,32,0.7671,65536,12096,0.8154,60,38.7,True
resnet50,Multiply_9474,35,82,32,32,32,32,14,9,0,32,0.7979,65536,8064,0.877,53,38.9,True
resnet50,Multiply_9474,35,83,32,32,32,32,15,9,0,32,0.7935,65536,8640,0.8682,54,38.4,True
resnet50,Multiply_9474,35,84,32,32,32,32,16,9,0,32,0.7891,65536,9216,0.8594,55,56.2,True
resnet50,Multiply_9474,35,85,32,32,32,32,19,9,0,32,0.7759,65536,10944,0.833,58,41.8,True
resnet50,Multiply_9474,35,86,32,32,32,32,17,9,0,32,0.7847,65536,9792,0.8506,56,56.0,True
resnet50,Multiply_9474,35,87,32,32,32,32,18,9,0,32,0.7803,65536,10368,0.8418,57,49.3,True
resnet50,Multiply_9474,35,88,32,32,32,32,15,9,0,32,0.7935,65536,8640,0.8682,54,111.1,True
resnet50,Multiply_9474,35,89,32,32,32,32,18,9,0,32,0.7803,65536,10368,0.8418,57,42.0,True
resnet50,Multiply_9474,35,90,32,32,32,32,14,9,0,32,0.7979,65536,8064,0.877,53,101.3,True
resnet50,Multiply_9474,35,91,32,32,32,32,12,9,0,32,0.8066,65536,6912,0.8945,51,197.7,True
resnet50,Multiply_9474,35,92,32,32,32,32,18,9,0,32,0.7803,65536,10368,0.8418,57,49.4,True
resnet50,Multiply_9474,35,93,32,32,32,32,21,9,0,32,0.7671,65536,12096,0.8154,60,49.6,True
resnet50,Multiply_9474,35,94,32,32,32,32,22,9,0,32,0.7627,65536,12672,0.8066,61,38.9,True
resnet50,Multiply_9474,35,95,32,32,32,32,20,9,0,32,0.7715,65536,11520,0.8242,59,219.3,True
resnet50,Multiply_9474,35,96,32,32,32,32,22,9,0,32,0.7627,65536,12672,0.8066,61,39.7,True
resnet50,Multiply_9474,35,97,32,32,32,32,18,9,0,32,0.7803,65536,10368,0.8418,57,64.8,True
resnet50,Multiply_9474,35,98,32,32,32,32,16,9,0,32,0.7891,65536,9216,0.8594,55,88.4,True
resnet50,Multiply_9474,35,99,32,32,32,32,13,9,0,32,0.8022,65536,7488,0.8857,52,66.0,True
resnet50,Multiply_9474,35,100,32,32,32,32,17,9,0,32,0.7847,65536,9792,0.8506,56,198.7,True
resnet50,Multiply_9474,35,101,32,32,32,32,18,9,0,32,0.7803,65536,10368,0.8418,57,48.2,True
resnet50,Multiply_9474,35,102,32,32,32,32,13,9,0,32,0.8022,65536,7488,0.8857,52,39.3,True
resnet50,Multiply_9474,35,103,32,32,32,32,19,9,0,32,0.7759,65536,10944,0.833,58,40.5,True
resnet50,Multiply_9474,35,104,32,32,32,32,22,9,0,32,0.7627,65536,12672,0.8066,61,37.2,True
resnet50,Multiply_9474,35,105,32,32,32,32,21,9,0,32,0.7671,65536,12096,0.8154,60,177.9,True
resnet50,Multiply_9474,35,106,32,32,32,32,19,9,0,32,0.7759,65536,10944,0.833,58,66.6,True
resnet50,Multiply_9474,35,107,32,32,32,32,23,9,0,32,0.7583,65536,13248,0.7979,62,111.9,True
resnet50,Multiply_9474,35,108,32,32,32,32,20,9,0,32,0.7715,65536,11520,0.8242,59,38.9,True
resnet50,Multiply_9474,35,109,32,32,32,32,17,9,0,32,0.7847,65536,9792,0.8506,56,39.0,True
resnet50,Multiply_9474,35,110,32,32,32,32,16,9,0,32,0.7891,65536,9216,0.8594,55,39.3,True
resnet50,Multiply_9474,35,111,32,32,32,32,17,9,0,32,0.7847,65536,9792,0.8506,56,42.1,True
resnet50,Multiply_9474,35,112,32,32,32,32,12,9,0,32,0.8066,65536,6912,0.8945,51,37.3,True
resnet50,Multiply_9474,35,113,32,32,32,32,21,9,0,32,0.7671,65536,12096,0.8154,60,39.2,True
resnet50,Multiply_9474,35,114,32,32,32,32,14,9,0,32,0.7979,65536,8064,0.877,53,81.6,True
resnet50,Multiply_9474,35,115,32,32,32,32,15,9,0,32,0.7935,65536,8640,0.8682,54,47.3,True
resnet50,Multiply_9474,35,116,32,32,32,32,16,9,0,32,0.7891,65536,9216,0.8594,55,39.1,True
resnet50,Multiply_9474,35,117,32,32,32,32,19,9,0,32,0.7759,65536,10944,0.833,58,38.8,True
resnet50,Multiply_9474,35,118,32,32,32,32,17,9,0,32,0.7847,65536,9792,0.8506,56,40.5,True
resnet50,Multiply_9474,35,119,32,32,32,32,18,9,0,32,0.7803,65536,10368,0.8418,57,173.4,True
resnet50,Multiply_9474,35,120,32,32,32,32,15,9,0,32,0.7935,65536,8640,0.8682,54,39.1,True
resnet50,Multiply_9474,35,121,32,32,32,32,18,9,0,32,0.7803,65536,10368,0.8418,57,38.3,True
resnet50,Multiply_9474,35,122,32,32,32,32,14,9,0,32,0.7979,65536,8064,0.877,53,41.0,True
resnet50,Multiply_9474,35,123,32,32,32,32,12,9,0,32,0.8066,65536,6912,0.8945,51,81.8,True
resnet50,Multiply_9474,35,124,32,32,32,32,18,9,0,32,0.7803,65536,10368,0.8418,57,69.1,True
resnet50,Multiply_9474,35,125,32,32,32,32,21,9,0,32,0.7671,65536,12096,0.8154,60,38.7,True
resnet50,Multiply_9474,35,126,32,32,32,32,22,9,0,32,0.7627,65536,12672,0.8066,61,59.4,True
resnet50,Multiply_9474,35,127,32,32,32,32,20,9,0,32,0.7715,65536,11520,0.8242,59,41.6,True
resnet50,Multiply_9474,35,128,32,32,32,32,22,9,0,32,0.7627,65536,12672,0.8066,61,38.5,True
resnet50,Multiply_9474,35,129,32,32,32,32,18,10,0,32,0.7559,65536,11520,0.8242,58,38.8,True
resnet50,Multiply_9474,35,130,32,32,32,32,16,10,0,32,0.7656,65536,10240,0.8438,56,39.8,True
resnet50,Multiply_9474,35,131,32,32,32,32,13,10,0,32,0.7803,65536,8320,0.873,53,127.5,True
resnet50,Multiply_9474,35,132,32,32,32,32,17,10,0,32,0.7607,65536,10880,0.834,57,51.6,True
resnet50,Multiply_9474,35,133,32,32,32,32,18,10,0,32,0.7559,65536,11520,0.8242,58,137.4,True
resnet50,Multiply_9474,35,134,32,32,32,32,13,10,0,32,0.7803,65536,8320,0.873,53,55.8,True
resnet50,Multiply_9474,35,135,32,32,32,32,19,10,0,32,0.751,65536,12160,0.8145,59,38.6,True
resnet50,Multiply_9474,35,136,32,32,32,32,22,10,0,32,0.7363,65536,14080,0.7852,62,74.8,True
resnet50,Multiply_9474,35,137,32,32,32,32,21,10,0,32,0.7412,65536,13440,0.7949,61,197.2,True
resnet50,Multiply_9474,35,138,32,32,32,32,19,10,0,32,0.751,65536,12160,0.8145,59,38.9,True
resnet50,Multiply_9474,35,139,32,32,32,32,23,10,0,32,0.7314,65536,14720,0.7754,63,39.1,True
resnet50,Multiply_9474,35,140,32,32,32,32,20,10,0,32,0.7461,65536,12800,0.8047,60,38.4,True
resnet50,Multiply_9474,35,141,32,32,32,32,17,10,0,32,0.7607,65536,10880,0.834,57,37.8,True
resnet50,Multiply_9474,35,142,32,32,32,32,16,10,0,32,0.7656,65536,10240,0.8438,56,42.3,True
resnet50,Multiply_9474,35,143,32,32,32,32,17,10,0,32,0.7607,65536,10880,0.834,57,38.8,True
resnet50,Multiply_9474,35,144,32,32,32,32,12,10,0,32,0.7852,65536,7680,0.8828,52,179.7,True
resnet50,Multiply_9474,35,145,32,32,32,32,21,10,0,32,0.7412,65536,13440,0.7949,61,46.4,True
resnet50,Multiply_9474,35,146,32,32,32,32,14,10,0,32,0.7754,65536,8960,0.8633,54,39.8,True
resnet50,Multiply_9474,35,147,32,32,32,32,15,10,0,32,0.7705,65536,9600,0.8535,55,39.8,True
resnet50,Multiply_9474,35,148,32,32,32,32,16,10,0,32,0.7656,65536,10240,0.8438,56,38.4,True
resnet50,Multiply_9474,35,149,32,32,32,32,19,10,0,32,0.751,65536,12160,0.8145,59,51.8,True
resnet50,Multiply_9474,35,150,32,32,32,32,17,10,0,32,0.7607,65536,10880,0.834,57,38.5,True
resnet50,Multiply_9474,35,151,32,32,32,32,18,10,0,32,0.7559,65536,11520,0.8242,58,39.3,True
resnet50,Multiply_9474,35,152,32,32,32,32,15,10,0,32,0.7705,65536,9600,0.8535,55,61.9,True
resnet50,Multiply_9474,35,153,32,32,32,32,18,10,0,32,0.7559,65536,11520,0.8242,58,38.4,True
resnet50,Multiply_9474,35,154,32,32,32,32,14,10,0,32,0.7754,65536,8960,0.8633,54,42.9,True
resnet50,Multiply_9474,35,155,32,32,32,32,12,10,0,32,0.7852,65536,7680,0.8828,52,37.6,True
resnet50,Multiply_9474,35,156,32,32,32,32,18,10,0,32,0.7559,65536,11520,0.8242,58,38.5,True
resnet50,Multiply_9474,35,157,32,32,32,32,21,10,0,32,0.7412,65536,13440,0.7949,61,49.2,True
resnet50,Multiply_9474,35,158,32,32,32,32,22,10,0,32,0.7363,65536,14080,0.7852,62,59.5,True
resnet50,Multiply_9474,35,159,32,32,32,32,20,10,0,32,0.7461,65536,12800,0.8047,60,162.4,True
resnet50,Multiply_9474,35,160,32,32,32,32,22,10,0,32,0.7363,65536,14080,0.7852,62,38.6,True
resnet50,Multiply_9474,35,161,32,32,32,32,18,9,0,32,0.7803,65536,10368,0.8418,57,47.6,True
resnet50,Multiply_9474,35,162,32,32,32,32,16,9,0,32,0.7891,65536,9216,0.8594,55,38.4,True
resnet50,Multiply_9474,35,163,32,32,32,32,13,9,0,32,0.8022,65536,7488,0.8857,52,39.0,True
resnet50,Multiply_9474,35,164,32,32,32,32,17,9,0,32,0.7847,65536,9792,0.8506,56,37.7,True
resnet50,Multiply_9474,35,165,32,32,32,32,18,9,0,32,0.7803,65536,10368,0.8418,57,38.6,True
resnet50,Multiply_9474,35,166,32,32,32,32,13,9,0,32,0.8022,65536,7488,0.8857,52,38.9,True
resnet50,Multiply_9474,35,167,32,32,32,32,19,9,0,32,0.7759,65536,10944,0.833,58,38.5,True
resnet50,Multiply_9474,35,168,32,32,32,32,22,9,0,32,0.7627,65536,12672,0.8066,61,83.4,True
resnet50,Multiply_9474,35,169,32,32,32,32,21,9,0,32,0.7671,65536,12096,0.8154,60,130.7,True
resnet50,Multiply_9474,35,170,32,32,32,32,19,9,0,32,0.7759,65536,10944,0.833,58,37.4,True
resnet50,Multiply_9474,35,171,32,32,32,32,23,9,0,32,0.7583,65536,13248,0.7979,62,47.0,True
resnet50,Multiply_9474,35,172,32,32,32,32,20,9,0,32,0.7715,65536,11520,0.8242,59,198.1,True
resnet50,Multiply_9474,35,173,32,32,32,32,17,9,0,32,0.7847,65536,9792,0.8506,56,38.1,True
resnet50,Multiply_9474,35,174,32,32,32,32,16,9,0,32,0.7891,65536,9216,0.8594,55,197.2,True
resnet50,Multiply_9474,35,175,32,32,32,32,17,9,0,32,0.7847,65536,9792,0.8506,56,42.1,True
resnet50,Multiply_9474,35,176,32,32,32,32,12,9,0,32,0.8066,65536,6912,0.8945,51,177.6,True
resnet50,Multiply_9474,35,177,32,32,32,32,21,9,0,32,0.7671,65536,12096,0.8154,60,38.1,True
resnet50,Multiply_9474,35,178,32,32,32,32,14,9,0,32,0.7979,65536,8064,0.877,53,39.1,True
resnet50,Multiply_9474,35,179,32,32,32,32,15,9,0,32,0.7935,65536,8640,0.8682,54,44.4,True
resnet50,Multiply_9474,35,180,32,32,32,32,16,9,0,32,0.7891,65536,9216,0.8594,55,37.7,True
resnet50,Multiply_9474,35,181,32,32,32,32,19,9,0,32,0.7759,65536,10944,0.833,58,43.7,True
resnet50,Multiply_9474,35,182,32,32,32,32,17,9,0,32,0.7847,65536,9792,0.8506,56,37.4,True
resnet50,Multiply_9474,35,183,32,32,32,32,18,9,0,32,0.7803,65536,10368,0.8418,57,69.5,True
resnet50,Multiply_9474,35,184,32,32,32,32,15,9,0,32,0.7935,65536,8640,0.8682,54,45.0,True
resnet50,Multiply_9474,35,185,32,32,32,32,18,9,0,32,0.7803,65536,10368,0.8418,57,39.2,True
resnet50,Multiply_9474,35,186,32,32,32,32,14,9,0,32,0.7979,65536,8064,0.877,53,42.2,True
resnet50,Multiply_9474,35,187,32,32,32,32,12,9,0,32,0.8066,65536,6912,0.8945,51,37.7,True
resnet50,Multiply_9474,35,188,32,32,32,32,18,9,0,32,0.7803,65536,10368,0.8418,57,38.8,True
resnet50,Multiply_9474,35,189,32,32,32,32,21,9,0,32,0.7671,65536,12096,0.8154,60,38.4,True
resnet50,Multiply_9474,35,190,32,32,32,32,22,9,0,32,0.7627,65536,12672,0.8066,61,137.4,True
resnet50,Multiply_9474,35,191,32,32,32,32,20,9,0,32,0.7715,65536,11520,0.8242,59,37.3,True
resnet50,Multiply_9474,35,192,32,32,32,32,22,9,0,32,0.7627,65536,12672,0.8066,61,172.5,True
resnet50,Multiply_9474,35,193,4,32,32,4,18,8,0,32,0.8472,8192,1152,0.8594,28,8.8,True
resnet50,Multiply_9474,35,194,4,32,32,4,16,8,1,16,0.8611,8192,1024,0.875,26,9.3,True
resnet50,Multiply_9474,35,195,4,32,32,4,13,8,1,16,0.8819,8192,832,0.8984,23,43.7,True
resnet50,Multiply_9474,35,196,4,32,32,4,17,8,0,32,0.8542,8192,1088,0.8672,27,9.5,True
resnet50,Multiply_9474,35,197,4,32,32,4,18,8,0,32,0.8472,8192,1152,0.8594,28,9.2,True
resnet50,Multiply_9474,35,198,4,32,32,4,13,8,1,16,0.8819,8192,832,0.8984,23,8.5,True
resnet50,Multiply_9474,35,199,4,32,32,4,19,8,0,32,0.8403,8192,1216,0.8516,29,9.5,True
resnet50,Multiply_9474,35,200,4,32,32,4,22,8,0,32,0.8194,8192,1408,0.8281,32,9.0,True
resnet50,Multiply_9474,35,201,4,32,32,4,21,8,0,32,0.8264,8192,1344,0.8359,31,8.9,True
resnet50,Multiply_9474,35,202,4,32,32,4,19,8,0,32,0.8403,8192,1216,0.8516,29,9.5,True
resnet50,Multiply_9474,35,203,4,32,32,4,23,8,0,32,0.8125,8192,1472,0.8203,33,8.9,True
resnet50,Multiply_9474,35,204,4,32,32,4,20,8,0,32,0.8333,8192,1280,0.8438,30,11.5,True
resnet50,Multiply_9474,35,205,4,32,32,4,17,8,0,32,0.8542,8192,1088,0.8672,27,8.7,True
resnet50,Multiply_9474,35,206,4,32,32,4,16,8,1,16,0.8611,8192,1024,0.875,26,15.0,True
resnet50,Multiply_9474,35,207,4,32,32,4,17,8,0,32,0.8542,8192,1088,0.8672,27,9.4,True
resnet50,Multiply_9474,35,208,4,32,32,4,12,8,1,16,0.8889,8192,768,0.9062,22,9.1,True
resnet50,Multiply_9474,35,209,4,32,32,4,21,8,0,32,0.8264,8192,1344,0.8359,31,14.0,True
resnet50,Multiply_9474,35,210,4,32,32,4,14,8,1,16,0.875,8192,896,0.8906,24,8.2,True
resnet50,Multiply_9474,35,211,4,32,32,4,15,8,1,16,0.8681,8192,960,0.8828,25,19.2,True
resnet50,Multiply_9474,35,212,4,32,32,4,16,8,1,16,0.8611,8192,1024,0.875,26,8.4,True
resnet50,Multiply_9474,35,213,4,32,32,4,19,8,0,32,0.8403,8192,1216,0.8516,29,8.9,True
resnet50,Multiply_9474,35,214,4,32,32,4,17,8,0,32,0.8542,8192,1088,0.8672,27,9.1,True
resnet50,Multiply_9474,35,215,4,32,32,4,18,8,0,32,0.8472,8192,1152,0.8594,28,15.2,True
resnet50,Multiply_9474,35,216,4,32,32,4,15,8,1,16,0.8681,8192,960,0.8828,25,9.8,True
resnet50,Multiply_9474,35,217,4,32,32,4,18,8,0,32,0.8472,8192,1152,0.8594,28,9.5,True
resnet50,Multiply_9474,35,218,4,32,32,4,14,8,1,16,0.875,8192,896,0.8906,24,13.2,True
resnet50,Multiply_9474,35,219,4,32,32,4,12,8,1,16,0.8889,8192,768,0.9062,22,9.7,True
resnet50,Multiply_9474,35,220,4,32,32,4,18,8,0,32,0.8472,8192,1152,0.8594,28,8.8,True
resnet50,Multiply_9474,35,221,4,32,32,4,21,8,0,32,0.8264,8192,1344,0.8359,31,8.9,True
resnet50,Multiply_9474,35,222,4,32,32,4,22,8,0,32,0.8194,8192,1408,0.8281,32,8.5,True
resnet50,Multiply_9474,35,223,4,32,32,4,20,8,0,32,0.8333,8192,1280,0.8438,30,8.8,True
resnet50,Multiply_9474,35,224,4,32,32,4,22,8,0,32,0.8194,8192,1408,0.8281,32,8.8,True
resnet50,Multiply_9467,36,1,32,32,32,32,17,19,0,32,0.5454,65536,20672,0.6846,66,38.3,True
resnet50,Multiply_9467,36,2,32,32,32,32,12,19,0,32,0.5918,65536,14592,0.7773,61,41.6,True
resnet50,Multiply_9467,36,3,32,32,32,32,19,19,0,32,0.5269,65536,23104,0.6475,68,38.8,True
resnet50,Multiply_9467,36,4,32,32,32,32,15,19,0,32,0.564,65536,18240,0.7217,64,37.6,True
resnet50,Multiply_9467,36,5,32,32,32,32,16,19,0,32,0.5547,65536,19456,0.7031,65,46.2,True
resnet50,Multiply_9467,36,6,32,32,32,32,20,19,0,32,0.5176,65536,24320,0.6289,69,40.1,True
resnet50,Multiply_9467,36,7,32,32,32,32,18,19,0,32,0.5361,65536,21888,0.666,67,37.4,True
resnet50,Multiply_9467,36,8,32,32,32,32,24,19,0,32,0.4805,65536,29184,0.5547,73,39.4,True
resnet50,Multiply_9467,36,9,32,32,32,32,17,27,0,32,0.354,65536,29376,0.5518,74,69.9,True
resnet50,Multiply_9467,36,10,32,32,32,32,12,27,0,32,0.4199,65536,20736,0.6836,69,38.1,True
resnet50,Multiply_9467,36,11,32,32,32,32,19,27,0,32,0.3276,65536,32832,0.499,76,66.5,True
resnet50,Multiply_9467,36,12,32,32,32,32,15,27,0,32,0.3804,65536,25920,0.6045,72,40.1,True
resnet50,Multiply_9467,36,13,32,32,32,32,16,27,0,32,0.3672,65536,27648,0.5781,73,37.6,True
resnet50,Multiply_9467,36,14,32,32,32,32,20,27,0,32,0.3145,65536,34560,0.4727,77,38.3,True
resnet50,Multiply_9467,36,15,32,32,32,32,18,27,0,32,0.3408,65536,31104,0.5254,75,124.3,True
resnet50,Multiply_9467,36,16,32,32,32,32,24,27,0,32,0.2617,65536,41472,0.3672,81,75.2,True
resnet50,Multiply_9467,36,17,32,32,32,32,17,27,0,32,0.354,65536,29376,0.5518,74,48.4,True
resnet50,Multiply_9467,36,18,32,32,32,32,12,27,0,32,0.4199,65536,20736,0.6836,69,85.2,True
resnet50,Multiply_9467,36,19,32,32,32,32,19,27,0,32,0.3276,65536,32832,0.499,76,38.5,True
resnet50,Multiply_9467,36,20,32,32,32,32,15,27,0,32,0.3804,65536,25920,0.6045,72,38.7,True
resnet50,Multiply_9467,36,21,32,32,32,32,16,27,0,32,0.3672,65536,27648,0.5781,73,40.3,True
resnet50,Multiply_9467,36,22,32,32,32,32,20,27,0,32,0.3145,65536,34560,0.4727,77,39.7,True
resnet50,Multiply_9467,36,23,32,32,32,32,18,27,0,32,0.3408,65536,31104,0.5254,75,163.2,True
resnet50,Multiply_9467,36,24,32,32,32,32,24,27,0,32,0.2617,65536,41472,0.3672,81,37.6,True
resnet50,Multiply_9467,36,25,32,32,32,32,17,27,0,32,0.354,65536,29376,0.5518,74,63.5,True
resnet50,Multiply_9467,36,26,32,32,32,32,12,27,0,32,0.4199,65536,20736,0.6836,69,40.3,True
resnet50,Multiply_9467,36,27,32,32,32,32,19,27,0,32,0.3276,65536,32832,0.499,76,46.3,True
resnet50,Multiply_9467,36,28,32,32,32,32,15,27,0,32,0.3804,65536,25920,0.6045,72,51.1,True
resnet50,Multiply_9467,36,29,32,32,32,32,16,27,0,32,0.3672,65536,27648,0.5781,73,46.8,True
resnet50,Multiply_9467,36,30,32,32,32,32,20,27,0,32,0.3145,65536,34560,0.4727,77,39.1,True
resnet50,Multiply_9467,36,31,32,32,32,32,18,27,0,32,0.3408,65536,31104,0.5254,75,78.5,True
resnet50,Multiply_9467,36,32,32,32,32,32,24,27,0,32,0.2617,65536,41472,0.3672,81,64.4,True
resnet50,Multiply_9467,36,33,32,32,32,32,17,27,0,32,0.354,65536,29376,0.5518,74,77.1,True
resnet50,Multiply_9467,36,34,32,32,32,32,12,27,0,32,0.4199,65536,20736,0.6836,69,45.4,True
resnet50,Multiply_9467,36,35,32,32,32,32,19,27,0,32,0.3276,65536,32832,0.499,76,42.1,True
resnet50,Multiply_9467,36,36,32,32,32,32,15,27,0,32,0.3804,65536,25920,0.6045,72,39.0,True
resnet50,Multiply_9467,36,37,32,32,32,32,16,27,0,32,0.3672,65536,27648,0.5781,73,74.5,True
resnet50,Multiply_9467,36,38,32,32,32,32,20,27,0,32,0.3145,65536,34560,0.4727,77,198.6,True
resnet50,Multiply_9467,36,39,32,32,32,32,18,27,0,32,0.3408,65536,31104,0.5254,75,53.5,True
resnet50,Multiply_9467,36,40,32,32,32,32,24,27,0,32,0.2617,65536,41472,0.3672,81,39.6,True
resnet50,Multiply_9467,36,41,32,32,32,32,17,27,0,32,0.354,65536,29376,0.5518,74,41.8,True
resnet50,Multiply_9467,36,42,32,32,32,32,12,27,0,32,0.4199,65536,20736,0.6836,69,38.5,True
resnet50,Multiply_9467,36,43,32,32,32,32,19,27,0,32,0.3276,65536,32832,0.499,76,223.0,True
resnet50,Multiply_9467,36,44,32,32,32,32,15,27,0,32,0.3804,65536,25920,0.6045,72,42.4,True
resnet50,Multiply_9467,36,45,32,32,32,32,16,27,0,32,0.3672,65536,27648,0.5781,73,40.7,True
resnet50,Multiply_9467,36,46,32,32,32,32,20,27,0,32,0.3145,65536,34560,0.4727,77,198.9,True
resnet50,Multiply_9467,36,47,32,32,32,32,18,27,0,32,0.3408,65536,31104,0.5254,75,45.6,True
resnet50,Multiply_9467,36,48,32,32,32,32,24,27,0,32,0.2617,65536,41472,0.3672,81,144.5,True
resnet50,Multiply_9467,36,49,4,32,32,4,17,15,0,32,0.7266,8192,2040,0.751,34,32.3,True
resnet50,Multiply_9467,36,50,4,32,32,4,12,15,1,16,0.7917,8192,1440,0.8242,29,8.5,True
resnet50,Multiply_9467,36,51,4,32,32,4,19,15,0,32,0.7005,8192,2280,0.7217,36,9.1,True
resnet50,Multiply_9467,36,52,4,32,32,4,15,15,1,16,0.7526,8192,1800,0.7803,32,12.8,True
resnet50,Multiply_9467,36,53,4,32,32,4,16,15,1,16,0.7396,8192,1920,0.7656,33,9.3,True
resnet50,Multiply_9467,36,54,4,32,32,4,20,15,0,32,0.6875,8192,2400,0.707,37,7.8,True
resnet50,Multiply_9467,36,55,4,32,32,4,18,15,0,32,0.7135,8192,2160,0.7363,35,9.3,True
resnet50,Multiply_9467,36,56,4,32,32,4,24,15,0,32,0.6354,8192,2880,0.6484,41,8.8,True
resnet50,Multiply_9460,37,1,32,32,32,32,21,13,0,32,0.6636,65536,17472,0.7334,64,40.0,True
resnet50,Multiply_9460,37,2,32,32,32,32,11,13,0,32,0.7271,65536,9152,0.8604,54,39.4,True
resnet50,Multiply_9460,37,3,32,32,32,32,23,13,0,32,0.6509,65536,19136,0.708,66,38.3,True
resnet50,Multiply_9460,37,4,32,32,32,32,18,13,0,32,0.6826,65536,14976,0.7715,61,39.2,True
resnet50,Multiply_9460,37,5,32,32,32,32,17,13,0,32,0.689,65536,14144,0.7842,60,105.0,True
resnet50,Multiply_9460,37,6,32,32,32,32,20,13,0,32,0.6699,65536,16640,0.7461,63,38.1,True
resnet50,Multiply_9460,37,7,32,32,32,32,13,13,0,32,0.7144,65536,10816,0.835,56,37.4,True
resnet50,Multiply_9460,37,8,32,32,32,32,18,13,0,32,0.6826,65536,14976,0.7715,61,46.7,True
resnet50,Multiply_9460,37,9,32,32,32,32,21,9,0,32,0.7671,65536,12096,0.8154,60,41.7,True
resnet50,Multiply_9460,37,10,32,32,32,32,11,9,0,32,0.811,65536,6336,0.9033,50,38.7,True
resnet50,Multiply_9460,37,11,32,32,32,32,23,9,0,32,0.7583,65536,13248,0.7979,62,82.3,True
resnet50,Multiply_9460,37,12,32,32,32,32,18,9,0,32,0.7803,65536,10368,0.8418,57,37.3,True
resnet50,Multiply_9460,37,13,32,32,32,32,17,9,0,32,0.7847,65536,9792,0.8506,56,38.6,True
resnet50,Multiply_9460,37,14,32,32,32,32,20,9,0,32,0.7715,65536,11520,0.8242,59,38.6,True
resnet50,Multiply_9460,37,15,32,32,32,32,13,9,0,32,0.8022,65536,7488,0.8857,52,37.7,True
resnet50,Multiply_9460,37,16,32,32,32,32,18,9,0,32,0.7803,65536,10368,0.8418,57,38.4,True
resnet50,Multiply_9460,37,17,32,32,32,32,21,10,0,32,0.7412,65536,13440,0.7949,61,37.7,True
resnet50,Multiply_9460,37,18,32,32,32,32,11,10,0,32,0.79,65536,7040,0.8926,51,96.7,True
resnet50,Multiply_9460,37,19,32,32,32,32,23,10,0,32,0.7314,65536,14720,0.7754,63,53.3,True
resnet50,Multiply_9460,37,20,32,32,32,32,18,10,0,32,0.7559,65536,11520,0.8242,58,119.3,True
resnet50,Multiply_9460,37,21,32,32,32,32,17,10,0,32,0.7607,65536,10880,0.834,57,41.3,True
resnet50,Multiply_9460,37,22,32,32,32,32,20,10,0,32,0.7461,65536,12800,0.8047,60,112.9,True
resnet50,Multiply_9460,37,23,32,32,32,32,13,10,0,32,0.7803,65536,8320,0.873,53,127.8,True
resnet50,Multiply_9460,37,24,32,32,32,32,18,10,0,32,0.7559,65536,11520,0.8242,58,37.4,True
resnet50,Multiply_9460,37,25,32,32,32,32,21,11,0,32,0.7153,65536,14784,0.7744,62,47.1,True
resnet50,Multiply_9460,37,26,32,32,32,32,11,11,0,32,0.769,65536,7744,0.8818,52,37.7,True
resnet50,Multiply_9460,37,27,32,32,32,32,23,11,0,32,0.7046,65536,16192,0.7529,64,106.5,True
resnet50,Multiply_9460,37,28,32,32,32,32,18,11,0,32,0.7314,65536,12672,0.8066,59,39.0,True
resnet50,Multiply_9460,37,29,32,32,32,32,17,11,0,32,0.7368,65536,11968,0.8174,58,99.0,True
resnet50,Multiply_9460,37,30,32,32,32,32,20,11,0,32,0.7207,65536,14080,0.7852,61,38.5,True
resnet50,Multiply_9460,37,31,32,32,32,32,13,11,0,32,0.7583,65536,9152,0.8604,54,45.1,True
resnet50,Multiply_9460,37,32,32,32,32,32,18,11,0,32,0.7314,65536,12672,0.8066,59,39.2,True
resnet50,Multiply_9460,37,33,32,32,32,32,21,10,0,32,0.7412,65536,13440,0.7949,61,194.5,True
resnet50,Multiply_9460,37,34,32,32,32,32,11,10,0,32,0.79,65536,7040,0.8926,51,37.5,True
resnet50,Multiply_9460,37,35,32,32,32,32,23,10,0,32,0.7314,65536,14720,0.7754,63,38.5,True
resnet50,Multiply_9460,37,36,32,32,32,32,18,10,0,32,0.7559,65536,11520,0.8242,58,178.2,True
resnet50,Multiply_9460,37,37,32,32,32,32,17,10,0,32,0.7607,65536,10880,0.834,57,140.3,True
resnet50,Multiply_9460,37,38,32,32,32,32,20,10,0,32,0.7461,65536,12800,0.8047,60,43.3,True
resnet50,Multiply_9460,37,39,32,32,32,32,13,10,0,32,0.7803,65536,8320,0.873,53,52.4,True
resnet50,Multiply_9460,37,40,32,32,32,32,18,10,0,32,0.7559,65536,11520,0.8242,58,149.4,True
resnet50,Multiply_9460,37,41,32,32,32,32,21,14,0,32,0.6377,65536,18816,0.7129,65,48.5,True
resnet50,Multiply_9460,37,42,32,32,32,32,11,14,0,32,0.7061,65536,9856,0.8496,55,40.0,True
resnet50,Multiply_9460,37,43,32,32,32,32,23,14,0,32,0.624,65536,20608,0.6855,67,38.2,True
resnet50,Multiply_9460,37,44,32,32,32,32,18,14,0,32,0.6582,65536,16128,0.7539,62,39.5,True
resnet50,Multiply_9460,37,45,32,32,32,32,17,14,0,32,0.665,65536,15232,0.7676,61,45.3,True
resnet50,Multiply_9460,37,46,32,32,32,32,20,14,0,32,0.6445,65536,17920,0.7266,64,41.2,True
resnet50,Multiply_9460,37,47,32,32,32,32,13,14,0,32,0.6924,65536,11648,0.8223,57,37.7,True
resnet50,Multiply_9460,37,48,32,32,32,32,18,14,0,32,0.6582,65536,16128,0.7539,62,66.4,True
resnet50,Multiply_9460,37,49,4,32,32,4,21,12,0,32,0.7396,8192,2016,0.7539,35,9.5,True
resnet50,Multiply_9460,37,50,4,32,32,4,11,12,1,16,0.8438,8192,1056,0.8711,25,9.0,True
resnet50,Multiply_9460,37,51,4,32,32,4,23,12,0,32,0.7188,8192,2208,0.7305,37,9.2,True
resnet50,Multiply_9460,37,52,4,32,32,4,18,12,0,32,0.7708,8192,1728,0.7891,32,9.5,True
resnet50,Multiply_9460,37,53,4,32,32,4,17,12,0,32,0.7812,8192,1632,0.8008,31,8.7,True
resnet50,Multiply_9460,37,54,4,32,32,4,20,12,0,32,0.75,8192,1920,0.7656,34,8.7,True
resnet50,Multiply_9460,37,55,4,32,32,4,13,12,1,16,0.8229,8192,1248,0.8477,27,9.1,True
resnet50,Multiply_9460,37,56,4,32,32,4,18,12,0,32,0.7708,8192,1728,0.7891,32,12.4,True
resnet50,Multiply_9495,38,1,32,32,32,32,20,9,0,32,0.7715,65536,11520,0.8242,59,39.6,True
resnet50,Multiply_9495,38,2,32,32,32,32,17,9,0,32,0.7847,65536,9792,0.8506,56,38.3,True
resnet50,Multiply_9495,38,3,32,32,32,32,13,9,0,32,0.8022,65536,7488,0.8857,52,41.6,True
resnet50,Multiply_9495,38,4,32,32,32,32,16,9,0,32,0.7891,65536,9216,0.8594,55,39.2,True
resnet50,Multiply_9495,38,5,32,32,32,32,18,9,0,32,0.7803,65536,10368,0.8418,57,38.3,True
resnet50,Multiply_9495,38,6,32,32,32,32,16,9,0,32,0.7891,65536,9216,0.8594,55,55.6,True
resnet50,Multiply_9495,38,7,32,32,32,32,19,9,0,32,0.7759,65536,10944,0.833,58,39.2,True
resnet50,Multiply_9495,38,8,32,32,32,32,20,9,0,32,0.7715,65536,11520,0.8242,59,38.5,True
resnet50,Multiply_9495,38,9,32,32,32,32,18,9,0,32,0.7803,65536,10368,0.8418,57,38.0,True
resnet50,Multiply_9495,38,10,32,32,32,32,22,9,0,32,0.7627,65536,12672,0.8066,61,46.0,True
resnet50,Multiply_9495,38,11,32,32,32,32,22,9,0,32,0.7627,65536,12672,0.8066,61,90.5,True
resnet50,Multiply_9495,38,12,32,32,32,32,19,9,0,32,0.7759,65536,10944,0.833,58,38.1,True
resnet50,Multiply_9495,38,13,32,32,32,32,15,9,0,32,0.7935,65536,8640,0.8682,54,45.2,True
resnet50,Multiply_9495,38,14,32,32,32,32,21,9,0,32,0.7671,65536,12096,0.8154,60,38.1,True
resnet50,Multiply_9495,38,15,32,32,32,32,17,9,0,32,0.7847,65536,9792,0.8506,56,37.6,True
resnet50,Multiply_9495,38,16,32,32,32,32,14,9,0,32,0.7979,65536,8064,0.877,53,38.0,True
resnet50,Multiply_9495,38,17,32,32,32,32,21,9,0,32,0.7671,65536,12096,0.8154,60,38.2,True
resnet50,Multiply_9495,38,18,32,32,32,32,17,9,0,32,0.7847,65536,9792,0.8506,56,40.5,True
resnet50,Multiply_9495,38,19,32,32,32,32,16,9,0,32,0.7891,65536,9216,0.8594,55,39.9,True
resnet50,Multiply_9495,38,20,32,32,32,32,14,9,0,32,0.7979,65536,8064,0.877,53,39.6,True
resnet50,Multiply_9495,38,21,32,32,32,32,15,9,0,32,0.7935,65536,8640,0.8682,54,40.0,True
resnet50,Multiply_9495,38,22,32,32,32,32,16,9,0,32,0.7891,65536,9216,0.8594,55,37.5,True
resnet50,Multiply_9495,38,23,32,32,32,32,16,9,0,32,0.7891,65536,9216,0.8594,55,40.3,True
resnet50,Multiply_9495,38,24,32,32,32,32,17,9,0,32,0.7847,65536,9792,0.8506,56,40.0,True
resnet50,Multiply_9495,38,25,32,32,32,32,17,9,0,32,0.7847,65536,9792,0.8506,56,36.9,True
resnet50,Multiply_9495,38,26,32,32,32,32,12,9,0,32,0.8066,65536,6912,0.8945,51,39.0,True
resnet50,Multiply_9495,38,27,32,32,32,32,14,9,0,32,0.7979,65536,8064,0.877,53,141.2,True
resnet50,Multiply_9495,38,28,32,32,32,32,18,9,0,32,0.7803,65536,10368,0.8418,57,42.1,True
resnet50,Multiply_9495,38,29,32,32,32,32,17,9,0,32,0.7847,65536,9792,0.8506,56,39.0,True
resnet50,Multiply_9495,38,30,32,32,32,32,23,9,0,32,0.7583,65536,13248,0.7979,62,37.7,True
resnet50,Multiply_9495,38,31,32,32,32,32,20,9,0,32,0.7715,65536,11520,0.8242,59,72.2,True
resnet50,Multiply_9495,38,32,32,32,32,32,23,9,0,32,0.7583,65536,13248,0.7979,62,49.5,True
resnet50,Multiply_9495,38,33,32,32,32,32,20,10,0,32,0.7461,65536,12800,0.8047,60,38.1,True
resnet50,Multiply_9495,38,34,32,32,32,32,17,10,0,32,0.7607,65536,10880,0.834,57,147.6,True
resnet50,Multiply_9495,38,35,32,32,32,32,13,10,0,32,0.7803,65536,8320,0.873,53,89.4,True
resnet50,Multiply_9495,38,36,32,32,32,32,16,10,0,32,0.7656,65536,10240,0.8438,56,38.7,True
resnet50,Multiply_9495,38,37,32,32,32,32,18,10,0,32,0.7559,65536,11520,0.8242,58,38.0,True
resnet50,Multiply_9495,38,38,32,32,32,32,16,10,0,32,0.7656,65536,10240,0.8438,56,44.4,True
resnet50,Multiply_9495,38,39,32,32,32,32,19,10,0,32,0.751,65536,12160,0.8145,59,46.6,True
resnet50,Multiply_9495,38,40,32,32,32,32,20,10,0,32,0.7461,65536,12800,0.8047,60,39.1,True
resnet50,Multiply_9495,38,41,32,32,32,32,18,10,0,32,0.7559,65536,11520,0.8242,58,39.8,True
resnet50,Multiply_9495,38,42,32,32,32,32,22,10,0,32,0.7363,65536,14080,0.7852,62,72.6,True
resnet50,Multiply_9495,38,43,32,32,32,32,22,10,0,32,0.7363,65536,14080,0.7852,62,127.7,True
resnet50,Multiply_9495,38,44,32,32,32,32,19,10,0,32,0.751,65536,12160,0.8145,59,59.5,True
resnet50,Multiply_9495,38,45,32,32,32,32,15,10,0,32,0.7705,65536,9600,0.8535,55,81.4,True
resnet50,Multiply_9495,38,46,32,32,32,32,21,10,0,32,0.7412,65536,13440,0.7949,61,43.5,True
resnet50,Multiply_9495,38,47,32,32,32,32,17,10,0,32,0.7607,65536,10880,0.834,57,39.2,True
resnet50,Multiply_9495,38,48,32,32,32,32,14,10,0,32,0.7754,65536,8960,0.8633,54,59.8,True
resnet50,Multiply_9495,38,49,32,32,32,32,21,10,0,32,0.7412,65536,13440,0.7949,61,38.5,True
resnet50,Multiply_9495,38,50,32,32,32,32,17,10,0,32,0.7607,65536,10880,0.834,57,148.9,True
resnet50,Multiply_9495,38,51,32,32,32,32,16,10,0,32,0.7656,65536,10240,0.8438,56,85.0,True
resnet50,Multiply_9495,38,52,32,32,32,32,14,10,0,32,0.7754,65536,8960,0.8633,54,54.5,True
resnet50,Multiply_9495,38,53,32,32,32,32,15,10,0,32,0.7705,65536,9600,0.8535,55,40.2,True
resnet50,Multiply_9495,38,54,32,32,32,32,16,10,0,32,0.7656,65536,10240,0.8438,56,49.6,True
resnet50,Multiply_9495,38,55,32,32,32,32,16,10,0,32,0.7656,65536,10240,0.8438,56,38.3,True
resnet50,Multiply_9495,38,56,32,32,32,32,17,10,0,32,0.7607,65536,10880,0.834,57,39.7,True
resnet50,Multiply_9495,38,57,32,32,32,32,17,10,0,32,0.7607,65536,10880,0.834,57,196.3,True
resnet50,Multiply_9495,38,58,32,32,32,32,12,10,0,32,0.7852,65536,7680,0.8828,52,45.4,True
resnet50,Multiply_9495,38,59,32,32,32,32,14,10,0,32,0.7754,65536,8960,0.8633,54,43.4,True
resnet50,Multiply_9495,38,60,32,32,32,32,18,10,0,32,0.7559,65536,11520,0.8242,58,69.5,True
resnet50,Multiply_9495,38,61,32,32,32,32,17,10,0,32,0.7607,65536,10880,0.834,57,43.9,True
resnet50,Multiply_9495,38,62,32,32,32,32,23,10,0,32,0.7314,65536,14720,0.7754,63,40.5,True
resnet50,Multiply_9495,38,63,32,32,32,32,20,10,0,32,0.7461,65536,12800,0.8047,60,38.2,True
resnet50,Multiply_9495,38,64,32,32,32,32,23,10,0,32,0.7314,65536,14720,0.7754,63,39.0,True
resnet50,Multiply_9495,38,65,32,32,32,32,20,10,0,32,0.7461,65536,12800,0.8047,60,38.5,True
resnet50,Multiply_9495,38,66,32,32,32,32,17,10,0,32,0.7607,65536,10880,0.834,57,38.7,True
resnet50,Multiply_9495,38,67,32,32,32,32,13,10,0,32,0.7803,65536,8320,0.873,53,38.5,True
resnet50,Multiply_9495,38,68,32,32,32,32,16,10,0,32,0.7656,65536,10240,0.8438,56,98.6,True
resnet50,Multiply_9495,38,69,32,32,32,32,18,10,0,32,0.7559,65536,11520,0.8242,58,82.5,True
resnet50,Multiply_9495,38,70,32,32,32,32,16,10,0,32,0.7656,65536,10240,0.8438,56,37.6,True
resnet50,Multiply_9495,38,71,32,32,32,32,19,10,0,32,0.751,65536,12160,0.8145,59,40.5,True
resnet50,Multiply_9495,38,72,32,32,32,32,20,10,0,32,0.7461,65536,12800,0.8047,60,38.0,True
resnet50,Multiply_9495,38,73,32,32,32,32,18,10,0,32,0.7559,65536,11520,0.8242,58,138.6,True
resnet50,Multiply_9495,38,74,32,32,32,32,22,10,0,32,0.7363,65536,14080,0.7852,62,37.7,True
resnet50,Multiply_9495,38,75,32,32,32,32,22,10,0,32,0.7363,65536,14080,0.7852,62,37.6,True
resnet50,Multiply_9495,38,76,32,32,32,32,19,10,0,32,0.751,65536,12160,0.8145,59,179.1,True
resnet50,Multiply_9495,38,77,32,32,32,32,15,10,0,32,0.7705,65536,9600,0.8535,55,38.4,True
resnet50,Multiply_9495,38,78,32,32,32,32,21,10,0,32,0.7412,65536,13440,0.7949,61,111.6,True
resnet50,Multiply_9495,38,79,32,32,32,32,17,10,0,32,0.7607,65536,10880,0.834,57,49.6,True
resnet50,Multiply_9495,38,80,32,32,32,32,14,10,0,32,0.7754,65536,8960,0.8633,54,38.8,True
resnet50,Multiply_9495,38,81,32,32,32,32,21,10,0,32,0.7412,65536,13440,0.7949,61,128.1,True
resnet50,Multiply_9495,38,82,32,32,32,32,17,10,0,32,0.7607,65536,10880,0.834,57,38.7,True
resnet50,Multiply_9495,38,83,32,32,32,32,16,10,0,32,0.7656,65536,10240,0.8438,56,93.1,True
resnet50,Multiply_9495,38,84,32,32,32,32,14,10,0,32,0.7754,65536,8960,0.8633,54,138.6,True
resnet50,Multiply_9495,38,85,32,32,32,32,15,10,0,32,0.7705,65536,9600,0.8535,55,37.7,True
resnet50,Multiply_9495,38,86,32,32,32,32,16,10,0,32,0.7656,65536,10240,0.8438,56,137.3,True
resnet50,Multiply_9495,38,87,32,32,32,32,16,10,0,32,0.7656,65536,10240,0.8438,56,39.1,True
resnet50,Multiply_9495,38,88,32,32,32,32,17,10,0,32,0.7607,65536,10880,0.834,57,38.6,True
resnet50,Multiply_9495,38,89,32,32,32,32,17,10,0,32,0.7607,65536,10880,0.834,57,39.4,True
resnet50,Multiply_9495,38,90,32,32,32,32,12,10,0,32,0.7852,65536,7680,0.8828,52,38.7,True
resnet50,Multiply_9495,38,91,32,32,32,32,14,10,0,32,0.7754,65536,8960,0.8633,54,163.1,True
resnet50,Multiply_9495,38,92,32,32,32,32,18,10,0,32,0.7559,65536,11520,0.8242,58,39.3,True
resnet50,Multiply_9495,38,93,32,32,32,32,17,10,0,32,0.7607,65536,10880,0.834,57,47.3,True
resnet50,Multiply_9495,38,94,32,32,32,32,23,10,0,32,0.7314,65536,14720,0.7754,63,39.0,True
resnet50,Multiply_9495,38,95,32,32,32,32,20,10,0,32,0.7461,65536,12800,0.8047,60,39.3,True
resnet50,Multiply_9495,38,96,32,32,32,32,23,10,0,32,0.7314,65536,14720,0.7754,63,127.8,True
resnet50,Multiply_9495,38,97,32,32,32,32,20,10,0,32,0.7461,65536,12800,0.8047,60,37.7,True
resnet50,Multiply_9495,38,98,32,32,32,32,17,10,0,32,0.7607,65536,10880,0.834,57,52.7,True
resnet50,Multiply_9495,38,99,32,32,32,32,13,10,0,32,0.7803,65536,8320,0.873,53,38.6,True
resnet50,Multiply_9495,38,100,32,32,32,32,16,10,0,32,0.7656,65536,10240,0.8438,56,45.0,True
resnet50,Multiply_9495,38,101,32,32,32,32,18,10,0,32,0.7559,65536,11520,0.8242,58,65.3,True
resnet50,Multiply_9495,38,102,32,32,32,32,16,10,0,32,0.7656,65536,10240,0.8438,56,111.1,True
resnet50,Multiply_9495,38,103,32,32,32,32,19,10,0,32,0.751,65536,12160,0.8145,59,77.8,True
resnet50,Multiply_9495,38,104,32,32,32,32,20,10,0,32,0.7461,65536,12800,0.8047,60,38.4,True
resnet50,Multiply_9495,38,105,32,32,32,32,18,10,0,32,0.7559,65536,11520,0.8242,58,46.0,True
resnet50,Multiply_9495,38,106,32,32,32,32,22,10,0,32,0.7363,65536,14080,0.7852,62,38.1,True
resnet50,Multiply_9495,38,107,32,32,32,32,22,10,0,32,0.7363,65536,14080,0.7852,62,38.2,True
resnet50,Multiply_9495,38,108,32,32,32,32,19,10,0,32,0.751,65536,12160,0.8145,59,46.1,True
resnet50,Multiply_9495,38,109,32,32,32,32,15,10,0,32,0.7705,65536,9600,0.8535,55,48.2,True
resnet50,Multiply_9495,38,110,32,32,32,32,21,10,0,32,0.7412,65536,13440,0.7949,61,38.5,True
resnet50,Multiply_9495,38,111,32,32,32,32,17,10,0,32,0.7607,65536,10880,0.834,57,46.0,True
resnet50,Multiply_9495,38,112,32,32,32,32,14,10,0,32,0.7754,65536,8960,0.8633,54,38.6,True
resnet50,Multiply_9495,38,113,32,32,32,32,21,10,0,32,0.7412,65536,13440,0.7949,61,98.9,True
resnet50,Multiply_9495,38,114,32,32,32,32,17,10,0,32,0.7607,65536,10880,0.834,57,54.9,True
resnet50,Multiply_9495,38,115,32,32,32,32,16,10,0,32,0.7656,65536,10240,0.8438,56,65.9,True
resnet50,Multiply_9495,38,116,32,32,32,32,14,10,0,32,0.7754,65536,8960,0.8633,54,178.0,True
resnet50,Multiply_9495,38,117,32,32,32,32,15,10,0,32,0.7705,65536,9600,0.8535,55,49.8,True
resnet50,Multiply_9495,38,118,32,32,32,32,16,10,0,32,0.7656,65536,10240,0.8438,56,38.1,True
resnet50,Multiply_9495,38,119,32,32,32,32,16,10,0,32,0.7656,65536,10240,0.8438,56,38.5,True
resnet50,Multiply_9495,38,120,32,32,32,32,17,10,0,32,0.7607,65536,10880,0.834,57,42.4,True
resnet50,Multiply_9495,38,121,32,32,32,32,17,10,0,32,0.7607,65536,10880,0.834,57,38.7,True
resnet50,Multiply_9495,38,122,32,32,32,32,12,10,0,32,0.7852,65536,7680,0.8828,52,42.9,True
resnet50,Multiply_9495,38,123,32,32,32,32,14,10,0,32,0.7754,65536,8960,0.8633,54,37.9,True
resnet50,Multiply_9495,38,124,32,32,32,32,18,10,0,32,0.7559,65536,11520,0.8242,58,39.1,True
resnet50,Multiply_9495,38,125,32,32,32,32,17,10,0,32,0.7607,65536,10880,0.834,57,41.7,True
resnet50,Multiply_9495,38,126,32,32,32,32,23,10,0,32,0.7314,65536,14720,0.7754,63,38.4,True
resnet50,Multiply_9495,38,127,32,32,32,32,20,10,0,32,0.7461,65536,12800,0.8047,60,149.4,True
resnet50,Multiply_9495,38,128,32,32,32,32,23,10,0,32,0.7314,65536,14720,0.7754,63,39.2,True
resnet50,Multiply_9495,38,129,32,32,32,32,20,10,0,32,0.7461,65536,12800,0.8047,60,41.8,True
resnet50,Multiply_9495,38,130,32,32,32,32,17,10,0,32,0.7607,65536,10880,0.834,57,41.7,True
resnet50,Multiply_9495,38,131,32,32,32,32,13,10,0,32,0.7803,65536,8320,0.873,53,43.0,True
resnet50,Multiply_9495,38,132,32,32,32,32,16,10,0,32,0.7656,65536,10240,0.8438,56,40.5,True
resnet50,Multiply_9495,38,133,32,32,32,32,18,10,0,32,0.7559,65536,11520,0.8242,58,37.4,True
resnet50,Multiply_9495,38,134,32,32,32,32,16,10,0,32,0.7656,65536,10240,0.8438,56,93.8,True
resnet50,Multiply_9495,38,135,32,32,32,32,19,10,0,32,0.751,65536,12160,0.8145,59,38.5,True
resnet50,Multiply_9495,38,136,32,32,32,32,20,10,0,32,0.7461,65536,12800,0.8047,60,39.1,True
resnet50,Multiply_9495,38,137,32,32,32,32,18,10,0,32,0.7559,65536,11520,0.8242,58,40.0,True
resnet50,Multiply_9495,38,138,32,32,32,32,22,10,0,32,0.7363,65536,14080,0.7852,62,40.4,True
resnet50,Multiply_9495,38,139,32,32,32,32,22,10,0,32,0.7363,65536,14080,0.7852,62,46.2,True
resnet50,Multiply_9495,38,140,32,32,32,32,19,10,0,32,0.751,65536,12160,0.8145,59,39.3,True
resnet50,Multiply_9495,38,141,32,32,32,32,15,10,0,32,0.7705,65536,9600,0.8535,55,37.3,True
resnet50,Multiply_9495,38,142,32,32,32,32,21,10,0,32,0.7412,65536,13440,0.7949,61,37.6,True
resnet50,Multiply_9495,38,143,32,32,32,32,17,10,0,32,0.7607,65536,10880,0.834,57,37.5,True
resnet50,Multiply_9495,38,144,32,32,32,32,14,10,0,32,0.7754,65536,8960,0.8633,54,38.8,True
resnet50,Multiply_9495,38,145,32,32,32,32,21,10,0,32,0.7412,65536,13440,0.7949,61,90.1,True
resnet50,Multiply_9495,38,146,32,32,32,32,17,10,0,32,0.7607,65536,10880,0.834,57,40.0,True
resnet50,Multiply_9495,38,147,32,32,32,32,16,10,0,32,0.7656,65536,10240,0.8438,56,40.1,True
resnet50,Multiply_9495,38,148,32,32,32,32,14,10,0,32,0.7754,65536,8960,0.8633,54,39.3,True
resnet50,Multiply_9495,38,149,32,32,32,32,15,10,0,32,0.7705,65536,9600,0.8535,55,112.8,True
resnet50,Multiply_9495,38,150,32,32,32,32,16,10,0,32,0.7656,65536,10240,0.8438,56,38.7,True
resnet50,Multiply_9495,38,151,32,32,32,32,16,10,0,32,0.7656,65536,10240,0.8438,56,37.7,True
resnet50,Multiply_9495,38,152,32,32,32,32,17,10,0,32,0.7607,65536,10880,0.834,57,37.8,True
resnet50,Multiply_9495,38,153,32,32,32,32,17,10,0,32,0.7607,65536,10880,0.834,57,100.0,True
resnet50,Multiply_9495,38,154,32,32,32,32,12,10,0,32,0.7852,65536,7680,0.8828,52,59.5,True
resnet50,Multiply_9495,38,155,32,32,32,32,14,10,0,32,0.7754,65536,8960,0.8633,54,39.6,True
resnet50,Multiply_9495,38,156,32,32,32,32,18,10,0,32,0.7559,65536,11520,0.8242,58,104.7,True
resnet50,Multiply_9495,38,157,32,32,32,32,17,10,0,32,0.7607,65536,10880,0.834,57,37.8,True
resnet50,Multiply_9495,38,158,32,32,32,32,23,10,0,32,0.7314,65536,14720,0.7754,63,99.7,True
resnet50,Multiply_9495,38,159,32,32,32,32,20,10,0,32,0.7461,65536,12800,0.8047,60,68.5,True
resnet50,Multiply_9495,38,160,32,32,32,32,23,10,0,32,0.7314,65536,14720,0.7754,63,91.8,True
resnet50,Multiply_9495,38,161,32,32,32,32,20,10,0,32,0.7461,65536,12800,0.8047,60,45.2,True
resnet50,Multiply_9495,38,162,32,32,32,32,17,10,0,32,0.7607,65536,10880,0.834,57,38.8,True
resnet50,Multiply_9495,38,163,32,32,32,32,13,10,0,32,0.7803,65536,8320,0.873,53,39.2,True
resnet50,Multiply_9495,38,164,32,32,32,32,16,10,0,32,0.7656,65536,10240,0.8438,56,39.0,True
resnet50,Multiply_9495,38,165,32,32,32,32,18,10,0,32,0.7559,65536,11520,0.8242,58,44.2,True
resnet50,Multiply_9495,38,166,32,32,32,32,16,10,0,32,0.7656,65536,10240,0.8438,56,177.5,True
resnet50,Multiply_9495,38,167,32,32,32,32,19,10,0,32,0.751,65536,12160,0.8145,59,38.2,True
resnet50,Multiply_9495,38,168,32,32,32,32,20,10,0,32,0.7461,65536,12800,0.8047,60,38.5,True
resnet50,Multiply_9495,38,169,32,32,32,32,18,10,0,32,0.7559,65536,11520,0.8242,58,37.9,True
resnet50,Multiply_9495,38,170,32,32,32,32,22,10,0,32,0.7363,65536,14080,0.7852,62,38.6,True
resnet50,Multiply_9495,38,171,32,32,32,32,22,10,0,32,0.7363,65536,14080,0.7852,62,41.9,True
resnet50,Multiply_9495,38,172,32,32,32,32,19,10,0,32,0.751,65536,12160,0.8145,59,41.9,True
resnet50,Multiply_9495,38,173,32,32,32,32,15,10,0,32,0.7705,65536,9600,0.8535,55,51.8,True
resnet50,Multiply_9495,38,174,32,32,32,32,21,10,0,32,0.7412,65536,13440,0.7949,61,59.7,True
resnet50,Multiply_9495,38,175,32,32,32,32,17,10,0,32,0.7607,65536,10880,0.834,57,41.2,True
resnet50,Multiply_9495,38,176,32,32,32,32,14,10,0,32,0.7754,65536,8960,0.8633,54,45.3,True
resnet50,Multiply_9495,38,177,32,32,32,32,21,10,0,32,0.7412,65536,13440,0.7949,61,37.5,True
resnet50,Multiply_9495,38,178,32,32,32,32,17,10,0,32,0.7607,65536,10880,0.834,57,48.0,True
resnet50,Multiply_9495,38,179,32,32,32,32,16,10,0,32,0.7656,65536,10240,0.8438,56,43.8,True
resnet50,Multiply_9495,38,180,32,32,32,32,14,10,0,32,0.7754,65536,8960,0.8633,54,39.6,True
resnet50,Multiply_9495,38,181,32,32,32,32,15,10,0,32,0.7705,65536,9600,0.8535,55,40.5,True
resnet50,Multiply_9495,38,182,32,32,32,32,16,10,0,32,0.7656,65536,10240,0.8438,56,140.5,True
resnet50,Multiply_9495,38,183,32,32,32,32,16,10,0,32,0.7656,65536,10240,0.8438,56,51.2,True
resnet50,Multiply_9495,38,184,32,32,32,32,17,10,0,32,0.7607,65536,10880,0.834,57,130.2,True
resnet50,Multiply_9495,38,185,32,32,32,32,17,10,0,32,0.7607,65536,10880,0.834,57,56.5,True
resnet50,Multiply_9495,38,186,32,32,32,32,12,10,0,32,0.7852,65536,7680,0.8828,52,38.6,True
resnet50,Multiply_9495,38,187,32,32,32,32,14,10,0,32,0.7754,65536,8960,0.8633,54,38.3,True
resnet50,Multiply_9495,38,188,32,32,32,32,18,10,0,32,0.7559,65536,11520,0.8242,58,37.8,True
resnet50,Multiply_9495,38,189,32,32,32,32,17,10,0,32,0.7607,65536,10880,0.834,57,39.1,True
resnet50,Multiply_9495,38,190,32,32,32,32,23,10,0,32,0.7314,65536,14720,0.7754,63,57.0,True
resnet50,Multiply_9495,38,191,32,32,32,32,20,10,0,32,0.7461,65536,12800,0.8047,60,37.9,True
resnet50,Multiply_9495,38,192,32,32,32,32,23,10,0,32,0.7314,65536,14720,0.7754,63,61.1,True
resnet50,Multiply_9495,38,193,4,32,32,4,20,6,0,32,0.875,8192,960,0.8828,28,8.0,True
resnet50,Multiply_9495,38,194,4,32,32,4,17,6,0,32,0.8906,8192,816,0.9004,25,8.2,True
resnet50,Multiply_9495,38,195,4,32,32,4,13,6,1,16,0.9115,8192,624,0.9238,21,8.7,True
resnet50,Multiply_9495,38,196,4,32,32,4,16,6,1,16,0.8958,8192,768,0.9062,24,9.7,True
resnet50,Multiply_9495,38,197,4,32,32,4,18,6,0,32,0.8854,8192,864,0.8945,26,8.7,True
resnet50,Multiply_9495,38,198,4,32,32,4,16,6,1,16,0.8958,8192,768,0.9062,24,8.6,True
resnet50,Multiply_9495,38,199,4,32,32,4,19,6,0,32,0.8802,8192,912,0.8887,27,9.7,True
resnet50,Multiply_9495,38,200,4,32,32,4,20,6,0,32,0.875,8192,960,0.8828,28,8.8,True
resnet50,Multiply_9495,38,201,4,32,32,4,18,6,0,32,0.8854,8192,864,0.8945,26,9.0,True
resnet50,Multiply_9495,38,202,4,32,32,4,22,6,0,32,0.8646,8192,1056,0.8711,30,9.1,True
resnet50,Multiply_9495,38,203,4,32,32,4,22,6,0,32,0.8646,8192,1056,0.8711,30,9.1,True
resnet50,Multiply_9495,38,204,4,32,32,4,19,6,0,32,0.8802,8192,912,0.8887,27,9.0,True
resnet50,Multiply_9495,38,205,4,32,32,4,15,6,1,16,0.901,8192,720,0.9121,23,9.1,True
resnet50,Multiply_9495,38,206,4,32,32,4,21,6,0,32,0.8698,8192,1008,0.877,29,8.7,True
resnet50,Multiply_9495,38,207,4,32,32,4,17,6,0,32,0.8906,8192,816,0.9004,25,23.9,True
resnet50,Multiply_9495,38,208,4,32,32,4,14,6,1,16,0.9062,8192,672,0.918,22,12.1,True
resnet50,Multiply_9495,38,209,4,32,32,4,21,6,0,32,0.8698,8192,1008,0.877,29,8.5,True
resnet50,Multiply_9495,38,210,4,32,32,4,17,6,0,32,0.8906,8192,816,0.9004,25,8.6,True
resnet50,Multiply_9495,38,211,4,32,32,4,16,6,1,16,0.8958,8192,768,0.9062,24,15.4,True
resnet50,Multiply_9495,38,212,4,32,32,4,14,6,1,16,0.9062,8192,672,0.918,22,7.8,True
resnet50,Multiply_9495,38,213,4,32,32,4,15,6,1,16,0.901,8192,720,0.9121,23,11.1,True
resnet50,Multiply_9495,38,214,4,32,32,4,16,6,1,16,0.8958,8192,768,0.9062,24,13.4,True
resnet50,Multiply_9495,38,215,4,32,32,4,16,6,1,16,0.8958,8192,768,0.9062,24,9.0,True
resnet50,Multiply_9495,38,216,4,32,32,4,17,6,0,32,0.8906,8192,816,0.9004,25,11.5,True
resnet50,Multiply_9495,38,217,4,32,32,4,17,6,0,32,0.8906,8192,816,0.9004,25,9.9,True
resnet50,Multiply_9495,38,218,4,32,32,4,12,6,1,16,0.9167,8192,576,0.9297,20,11.1,True
resnet50,Multiply_9495,38,219,4,32,32,4,14,6,1,16,0.9062,8192,672,0.918,22,9.3,True
resnet50,Multiply_9495,38,220,4,32,32,4,18,6,0,32,0.8854,8192,864,0.8945,26,9.6,True
resnet50,Multiply_9495,38,221,4,32,32,4,17,6,0,32,0.8906,8192,816,0.9004,25,10.2,True
resnet50,Multiply_9495,38,222,4,32,32,4,23,6,0,32,0.8594,8192,1104,0.8652,31,8.4,True
resnet50,Multiply_9495,38,223,4,32,32,4,20,6,0,32,0.875,8192,960,0.8828,28,8.1,True
resnet50,Multiply_9495,38,224,4,32,32,4,23,6,0,32,0.8594,8192,1104,0.8652,31,12.1,True
resnet50,Multiply_9488,39,1,32,32,32,32,19,26,0,32,0.3525,65536,31616,0.5176,75,48.1,True
resnet50,Multiply_9488,39,2,32,32,32,32,16,26,0,32,0.3906,65536,26624,0.5938,72,40.3,True
resnet50,Multiply_9488,39,3,32,32,32,32,18,26,0,32,0.3652,65536,29952,0.543,74,37.5,True
resnet50,Multiply_9488,39,4,32,32,32,32,20,26,0,32,0.3398,65536,33280,0.4922,76,44.7,True
resnet50,Multiply_9488,39,5,32,32,32,32,18,26,0,32,0.3652,65536,29952,0.543,74,42.9,True
resnet50,Multiply_9488,39,6,32,32,32,32,18,26,0,32,0.3652,65536,29952,0.543,74,39.1,True
resnet50,Multiply_9488,39,7,32,32,32,32,15,26,0,32,0.4033,65536,24960,0.6191,71,38.9,True
resnet50,Multiply_9488,39,8,32,32,32,32,17,26,0,32,0.3779,65536,28288,0.5684,73,40.0,True
resnet50,Multiply_9488,39,9,32,32,32,32,19,23,0,32,0.4272,65536,27968,0.5732,72,39.0,True
resnet50,Multiply_9488,39,10,32,32,32,32,16,23,0,32,0.4609,65536,23552,0.6406,69,38.4,True
resnet50,Multiply_9488,39,11,32,32,32,32,18,23,0,32,0.4385,65536,26496,0.5957,71,45.0,True
resnet50,Multiply_9488,39,12,32,32,32,32,20,23,0,32,0.416,65536,29440,0.5508,73,90.5,True
resnet50,Multiply_9488,39,13,32,32,32,32,18,23,0,32,0.4385,65536,26496,0.5957,71,39.4,True
resnet50,Multiply_9488,39,14,32,32,32,32,18,23,0,32,0.4385,65536,26496,0.5957,71,78.9,True
resnet50,Multiply_9488,39,15,32,32,32,32,15,23,0,32,0.4722,65536,22080,0.6631,68,37.7,True
resnet50,Multiply_9488,39,16,32,32,32,32,17,23,0,32,0.4497,65536,25024,0.6182,70,37.7,True
resnet50,Multiply_9488,39,17,32,32,32,32,19,18,0,32,0.5518,65536,21888,0.666,67,38.0,True
resnet50,Multiply_9488,39,18,32,32,32,32,16,18,0,32,0.5781,65536,18432,0.7188,64,46.8,True
resnet50,Multiply_9488,39,19,32,32,32,32,18,18,0,32,0.5605,65536,20736,0.6836,66,38.3,True
resnet50,Multiply_9488,39,20,32,32,32,32,20,18,0,32,0.543,65536,23040,0.6484,68,38.5,True
resnet50,Multiply_9488,39,21,32,32,32,32,18,18,0,32,0.5605,65536,20736,0.6836,66,44.7,True
resnet50,Multiply_9488,39,22,32,32,32,32,18,18,0,32,0.5605,65536,20736,0.6836,66,197.0,True
resnet50,Multiply_9488,39,23,32,32,32,32,15,18,0,32,0.5869,65536,17280,0.7363,63,41.6,True
resnet50,Multiply_9488,39,24,32,32,32,32,17,18,0,32,0.5693,65536,19584,0.7012,65,38.7,True
resnet50,Multiply_9488,39,25,32,32,32,32,19,21,0,32,0.4771,65536,25536,0.6104,70,46.8,True
resnet50,Multiply_9488,39,26,32,32,32,32,16,21,0,32,0.5078,65536,21504,0.6719,67,37.7,True
resnet50,Multiply_9488,39,27,32,32,32,32,18,21,0,32,0.4873,65536,24192,0.6309,69,39.1,True
resnet50,Multiply_9488,39,28,32,32,32,32,20,21,0,32,0.4668,65536,26880,0.5898,71,57.8,True
resnet50,Multiply_9488,39,29,32,32,32,32,18,21,0,32,0.4873,65536,24192,0.6309,69,39.5,True
resnet50,Multiply_9488,39,30,32,32,32,32,18,21,0,32,0.4873,65536,24192,0.6309,69,38.8,True
resnet50,Multiply_9488,39,31,32,32,32,32,15,21,0,32,0.5181,65536,20160,0.6924,66,37.9,True
resnet50,Multiply_9488,39,32,32,32,32,32,17,21,0,32,0.4976,65536,22848,0.6514,68,40.3,True
resnet50,Multiply_9488,39,33,32,32,32,32,19,27,0,32,0.3276,65536,32832,0.499,76,194.8,True
resnet50,Multiply_9488,39,34,32,32,32,32,16,27,0,32,0.3672,65536,27648,0.5781,73,40.1,True
resnet50,Multiply_9488,39,35,32,32,32,32,18,27,0,32,0.3408,65536,31104,0.5254,75,36.8,True
resnet50,Multiply_9488,39,36,32,32,32,32,20,27,0,32,0.3145,65536,34560,0.4727,77,70.6,True
resnet50,Multiply_9488,39,37,32,32,32,32,18,27,0,32,0.3408,65536,31104,0.5254,75,38.8,True
resnet50,Multiply_9488,39,38,32,32,32,32,18,27,0,32,0.3408,65536,31104,0.5254,75,37.7,True
resnet50,Multiply_9488,39,39,32,32,32,32,15,27,0,32,0.3804,65536,25920,0.6045,72,73.7,True
resnet50,Multiply_9488,39,40,32,32,32,32,17,27,0,32,0.354,65536,29376,0.5518,74,180.2,True
resnet50,Multiply_9488,39,41,32,32,32,32,19,27,0,32,0.3276,65536,32832,0.499,76,50.2,True
resnet50,Multiply_9488,39,42,32,32,32,32,16,27,0,32,0.3672,65536,27648,0.5781,73,64.5,True
resnet50,Multiply_9488,39,43,32,32,32,32,18,27,0,32,0.3408,65536,31104,0.5254,75,112.8,True
resnet50,Multiply_9488,39,44,32,32,32,32,20,27,0,32,0.3145,65536,34560,0.4727,77,39.1,True
resnet50,Multiply_9488,39,45,32,32,32,32,18,27,0,32,0.3408,65536,31104,0.5254,75,41.0,True
resnet50,Multiply_9488,39,46,32,32,32,32,18,27,0,32,0.3408,65536,31104,0.5254,75,38.9,True
resnet50,Multiply_9488,39,47,32,32,32,32,15,27,0,32,0.3804,65536,25920,0.6045,72,39.3,True
resnet50,Multiply_9488,39,48,32,32,32,32,17,27,0,32,0.354,65536,29376,0.5518,74,45.8,True
resnet50,Multiply_9488,39,49,4,32,32,4,19,12,0,32,0.7604,8192,1824,0.7773,33,10.1,True
resnet50,Multiply_9488,39,50,4,32,32,4,16,12,1,16,0.7917,8192,1536,0.8125,30,9.5,True
resnet50,Multiply_9488,39,51,4,32,32,4,18,12,0,32,0.7708,8192,1728,0.7891,32,9.1,True
resnet50,Multiply_9488,39,52,4,32,32,4,20,12,0,32,0.75,8192,1920,0.7656,34,10.2,True
resnet50,Multiply_9488,39,53,4,32,32,4,18,12,0,32,0.7708,8192,1728,0.7891,32,11.5,True
resnet50,Multiply_9488,39,54,4,32,32,4,18,12,0,32,0.7708,8192,1728,0.7891,32,8.4,True
resnet50,Multiply_9488,39,55,4,32,32,4,15,12,1,16,0.8021,8192,1440,0.8242,29,43.1,True
resnet50,Multiply_9488,39,56,4,32,32,4,17,12,0,32,0.7812,8192,1632,0.8008,31,8.4,True
resnet50,Multiply_9481,40,1,32,32,32,31,16,9,0,32,0.7935,65536,8928,0.8638,54,39.0,True
resnet50,Multiply_9481,40,2,32,32,32,31,15,9,0,32,0.7979,65536,8370,0.8723,53,38.3,True
resnet50,Multiply_9481,40,3,32,32,32,31,16,9,0,32,0.7935,65536,8928,0.8638,54,39.1,True
resnet50,Multiply_9481,40,4,32,32,32,31,17,9,0,32,0.7891,65536,9486,0.8553,55,39.0,True
resnet50,Multiply_9481,40,5,32,32,32,31,21,9,0,32,0.7715,65536,11718,0.8212,59,39.0,True
resnet50,Multiply_9481,40,6,32,32,32,31,19,9,0,32,0.7803,65536,10602,0.8382,57,37.1,True
resnet50,Multiply_9481,40,7,32,32,32,31,15,9,0,32,0.7979,65536,8370,0.8723,53,37.8,True
resnet50,Multiply_9481,40,8,32,32,32,31,22,9,0,32,0.7671,65536,12276,0.8127,60,39.9,True
resnet50,Multiply_9481,40,9,32,32,32,28,16,7,0,32,0.8496,65536,6272,0.9043,49,47.9,True
resnet50,Multiply_9481,40,10,32,32,32,28,15,7,0,32,0.853,65536,5880,0.9103,48,37.4,True
resnet50,Multiply_9481,40,11,32,32,32,28,16,7,0,32,0.8496,65536,6272,0.9043,49,43.1,True
resnet50,Multiply_9481,40,12,32,32,32,28,17,7,0,32,0.8462,65536,6664,0.8983,50,66.3,True
resnet50,Multiply_9481,40,13,32,32,32,28,21,7,0,32,0.8325,65536,8232,0.8744,54,43.7,True
resnet50,Multiply_9481,40,14,32,32,32,28,19,7,0,32,0.8394,65536,7448,0.8864,52,48.8,True
resnet50,Multiply_9481,40,15,32,32,32,28,15,7,0,32,0.853,65536,5880,0.9103,48,41.0,True
resnet50,Multiply_9481,40,16,32,32,32,28,22,7,0,32,0.8291,65536,8624,0.8684,55,38.4,True
resnet50,Multiply_9481,40,17,32,32,32,30,16,7,0,32,0.8428,65536,6720,0.8975,51,46.9,True
resnet50,Multiply_9481,40,18,32,32,32,30,15,7,0,32,0.8462,65536,6300,0.9039,50,38.6,True
resnet50,Multiply_9481,40,19,32,32,32,30,16,7,0,32,0.8428,65536,6720,0.8975,51,39.1,True
resnet50,Multiply_9481,40,20,32,32,32,30,17,7,0,32,0.8394,65536,7140,0.8911,52,180.0,True
resnet50,Multiply_9481,40,21,32,32,32,30,21,7,0,32,0.8257,65536,8820,0.8654,56,39.6,True
resnet50,Multiply_9481,40,22,32,32,32,30,19,7,0,32,0.8325,65536,7980,0.8782,54,39.4,True
resnet50,Multiply_9481,40,23,32,32,32,30,15,7,0,32,0.8462,65536,6300,0.9039,50,198.2,True
resnet50,Multiply_9481,40,24,32,32,32,30,22,7,0,32,0.8223,65536,9240,0.859,57,38.2,True
resnet50,Multiply_9481,40,25,32,32,32,25,16,7,0,32,0.8599,65536,5600,0.9146,46,37.3,True
resnet50,Multiply_9481,40,26,32,32,32,25,15,7,0,32,0.8633,65536,5250,0.9199,45,39.9,True
resnet50,Multiply_9481,40,27,32,32,32,25,16,7,0,32,0.8599,65536,5600,0.9146,46,38.9,True
resnet50,Multiply_9481,40,28,32,32,32,25,17,7,0,32,0.8564,65536,5950,0.9092,47,38.3,True
resnet50,Multiply_9481,40,29,32,32,32,25,21,7,0,32,0.8428,65536,7350,0.8878,51,51.9,True
resnet50,Multiply_9481,40,30,32,32,32,25,19,7,0,32,0.8496,65536,6650,0.8985,49,39.2,True
resnet50,Multiply_9481,40,31,32,32,32,25,15,7,0,32,0.8633,65536,5250,0.9199,45,39.7,True
resnet50,Multiply_9481,40,32,32,32,32,25,22,7,0,32,0.8394,65536,7700,0.8825,52,38.4,True
resnet50,Multiply_9481,40,33,32,32,32,24,16,9,0,32,0.8242,65536,6912,0.8945,47,38.5,True
resnet50,Multiply_9481,40,34,32,32,32,24,15,9,0,32,0.8286,65536,6480,0.9011,46,49.2,True
resnet50,Multiply_9481,40,35,32,32,32,24,16,9,0,32,0.8242,65536,6912,0.8945,47,38.6,True
resnet50,Multiply_9481,40,36,32,32,32,24,17,9,0,32,0.8198,65536,7344,0.8879,48,39.3,True
resnet50,Multiply_9481,40,37,32,32,32,24,21,9,0,32,0.8022,65536,9072,0.8616,52,100.4,True
resnet50,Multiply_9481,40,38,32,32,32,24,19,9,0,32,0.811,65536,8208,0.8748,50,38.5,True
resnet50,Multiply_9481,40,39,32,32,32,24,15,9,0,32,0.8286,65536,6480,0.9011,46,53.6,True
resnet50,Multiply_9481,40,40,32,32,32,24,22,9,0,32,0.7979,65536,9504,0.855,53,38.5,True
resnet50,Multiply_9481,40,41,32,32,32,22,16,8,0,32,0.8516,65536,5632,0.9141,44,57.2,True
resnet50,Multiply_9481,40,42,32,32,32,22,15,8,0,32,0.8555,65536,5280,0.9194,43,105.7,True
resnet50,Multiply_9481,40,43,32,32,32,22,16,8,0,32,0.8516,65536,5632,0.9141,44,60.8,True
resnet50,Multiply_9481,40,44,32,32,32,22,17,8,0,32,0.8477,65536,5984,0.9087,45,38.9,True
resnet50,Multiply_9481,40,45,32,32,32,22,21,8,0,32,0.832,65536,7392,0.8872,49,39.3,True
resnet50,Multiply_9481,40,46,32,32,32,22,19,8,0,32,0.8398,65536,6688,0.8979,47,41.8,True
resnet50,Multiply_9481,40,47,32,32,32,22,15,8,0,32,0.8555,65536,5280,0.9194,43,197.3,True
resnet50,Multiply_9481,40,48,32,32,32,22,22,8,0,32,0.8281,65536,7744,0.8818,50,38.2,True
resnet50,Multiply_9481,40,49,4,32,32,4,16,7,1,16,0.8785,8192,896,0.8906,25,26.7,True
resnet50,Multiply_9481,40,50,4,32,32,4,15,7,1,16,0.8845,8192,840,0.8975,24,38.0,True
resnet50,Multiply_9481,40,51,4,32,32,4,16,7,1,16,0.8785,8192,896,0.8906,25,9.0,True
resnet50,Multiply_9481,40,52,4,32,32,4,17,7,0,32,0.8724,8192,952,0.8838,26,8.6,True
resnet50,Multiply_9481,40,53,4,32,32,4,21,7,0,32,0.8481,8192,1176,0.8564,30,8.7,True
resnet50,Multiply_9481,40,54,4,32,32,4,19,7,0,32,0.8602,8192,1064,0.8701,28,10.9,True
resnet50,Multiply_9481,40,55,4,32,32,4,15,7,1,16,0.8845,8192,840,0.8975,24,21.5,True
resnet50,Multiply_9481,40,56,4,32,32,4,22,7,0,32,0.842,8192,1232,0.8496,31,8.9,True
resnet50,Multiply_9516,41,1,32,32,32,32,16,5,0,32,0.8828,65536,5120,0.9219,51,43.7,True
resnet50,Multiply_9516,41,2,32,32,32,32,21,5,0,32,0.8706,65536,6720,0.8975,56,37.4,True
resnet50,Multiply_9516,41,3,32,32,32,32,16,5,0,32,0.8828,65536,5120,0.9219,51,38.9,True
resnet50,Multiply_9516,41,4,32,32,32,32,18,5,0,32,0.8779,65536,5760,0.9121,53,37.8,True
resnet50,Multiply_9516,41,5,32,32,32,32,19,5,0,32,0.8755,65536,6080,0.9072,54,41.8,True
resnet50,Multiply_9516,41,6,32,32,32,32,17,5,0,32,0.8804,65536,5440,0.917,52,138.2,True
resnet50,Multiply_9516,41,7,32,32,32,32,19,5,0,32,0.8755,65536,6080,0.9072,54,38.2,True
resnet50,Multiply_9516,41,8,32,32,32,32,21,5,0,32,0.8706,65536,6720,0.8975,56,48.5,True
resnet50,Multiply_9516,41,9,32,32,32,32,20,5,0,32,0.873,65536,6400,0.9023,55,38.7,True
resnet50,Multiply_9516,41,10,32,32,32,32,22,5,0,32,0.8682,65536,7040,0.8926,57,41.9,True
resnet50,Multiply_9516,41,11,32,32,32,32,21,5,0,32,0.8706,65536,6720,0.8975,56,196.6,True
resnet50,Multiply_9516,41,12,32,32,32,32,17,5,0,32,0.8804,65536,5440,0.917,52,72.3,True
resnet50,Multiply_9516,41,13,32,32,32,32,16,5,0,32,0.8828,65536,5120,0.9219,51,39.4,True
resnet50,Multiply_9516,41,14,32,32,32,32,18,5,0,32,0.8779,65536,5760,0.9121,53,38.5,True
resnet50,Multiply_9516,41,15,32,32,32,32,16,5,0,32,0.8828,65536,5120,0.9219,51,44.9,True
resnet50,Multiply_9516,41,16,32,32,32,32,14,5,0,32,0.8877,65536,4480,0.9316,49,47.8,True
resnet50,Multiply_9516,41,17,32,32,32,32,23,5,0,32,0.8657,65536,7360,0.8877,58,41.3,True
resnet50,Multiply_9516,41,18,32,32,32,32,15,5,0,32,0.8853,65536,4800,0.9268,50,37.6,True
resnet50,Multiply_9516,41,19,32,32,32,32,15,5,0,32,0.8853,65536,4800,0.9268,50,56.2,True
resnet50,Multiply_9516,41,20,32,32,32,32,19,5,0,32,0.8755,65536,6080,0.9072,54,41.7,True
resnet50,Multiply_9516,41,21,32,32,32,32,17,5,0,32,0.8804,65536,5440,0.917,52,37.9,True
resnet50,Multiply_9516,41,22,32,32,32,32,18,5,0,32,0.8779,65536,5760,0.9121,53,39.6,True
resnet50,Multiply_9516,41,23,32,32,32,32,16,5,0,32,0.8828,65536,5120,0.9219,51,39.9,True
resnet50,Multiply_9516,41,24,32,32,32,32,16,5,0,32,0.8828,65536,5120,0.9219,51,38.7,True
resnet50,Multiply_9516,41,25,32,32,32,32,16,5,0,32,0.8828,65536,5120,0.9219,51,38.9,True
resnet50,Multiply_9516,41,26,32,32,32,32,16,5,0,32,0.8828,65536,5120,0.9219,51,38.2,True
resnet50,Multiply_9516,41,27,32,32,32,32,16,5,0,32,0.8828,65536,5120,0.9219,51,40.2,True
resnet50,Multiply_9516,41,28,32,32,32,32,18,5,0,32,0.8779,65536,5760,0.9121,53,38.4,True
resnet50,Multiply_9516,41,29,32,32,32,32,8,5,0,32,0.9023,65536,2560,0.9609,43,38.7,True
resnet50,Multiply_9516,41,30,32,32,32,32,20,5,0,32,0.873,65536,6400,0.9023,55,38.6,True
resnet50,Multiply_9516,41,31,32,32,32,32,18,5,0,32,0.8779,65536,5760,0.9121,53,64.1,True
resnet50,Multiply_9516,41,32,32,32,32,32,21,5,0,32,0.8706,65536,6720,0.8975,56,39.9,True
resnet50,Multiply_9516,41,33,32,32,32,32,16,8,0,32,0.8125,65536,8192,0.875,54,51.9,True
resnet50,Multiply_9516,41,34,32,32,32,32,21,8,0,32,0.793,65536,10752,0.8359,59,39.1,True
resnet50,Multiply_9516,41,35,32,32,32,32,16,8,0,32,0.8125,65536,8192,0.875,54,38.7,True
resnet50,Multiply_9516,41,36,32,32,32,32,18,8,0,32,0.8047,65536,9216,0.8594,56,38.1,True
resnet50,Multiply_9516,41,37,32,32,32,32,19,8,0,32,0.8008,65536,9728,0.8516,57,40.2,True
resnet50,Multiply_9516,41,38,32,32,32,32,17,8,0,32,0.8086,65536,8704,0.8672,55,37.5,True
resnet50,Multiply_9516,41,39,32,32,32,32,19,8,0,32,0.8008,65536,9728,0.8516,57,38.9,True
resnet50,Multiply_9516,41,40,32,32,32,32,21,8,0,32,0.793,65536,10752,0.8359,59,38.6,True
resnet50,Multiply_9516,41,41,32,32,32,32,20,8,0,32,0.7969,65536,10240,0.8438,58,60.1,True
resnet50,Multiply_9516,41,42,32,32,32,32,22,8,0,32,0.7891,65536,11264,0.8281,60,48.9,True
resnet50,Multiply_9516,41,43,32,32,32,32,21,8,0,32,0.793,65536,10752,0.8359,59,127.0,True
resnet50,Multiply_9516,41,44,32,32,32,32,17,8,0,32,0.8086,65536,8704,0.8672,55,52.4,True
resnet50,Multiply_9516,41,45,32,32,32,32,16,8,0,32,0.8125,65536,8192,0.875,54,63.9,True
resnet50,Multiply_9516,41,46,32,32,32,32,18,8,0,32,0.8047,65536,9216,0.8594,56,178.5,True
resnet50,Multiply_9516,41,47,32,32,32,32,16,8,0,32,0.8125,65536,8192,0.875,54,38.8,True
resnet50,Multiply_9516,41,48,32,32,32,32,14,8,0,32,0.8203,65536,7168,0.8906,52,39.5,True
resnet50,Multiply_9516,41,49,32,32,32,32,23,8,0,32,0.7852,65536,11776,0.8203,61,198.1,True
resnet50,Multiply_9516,41,50,32,32,32,32,15,8,0,32,0.8164,65536,7680,0.8828,53,40.3,True
resnet50,Multiply_9516,41,51,32,32,32,32,15,8,0,32,0.8164,65536,7680,0.8828,53,58.1,True
resnet50,Multiply_9516,41,52,32,32,32,32,19,8,0,32,0.8008,65536,9728,0.8516,57,38.7,True
resnet50,Multiply_9516,41,53,32,32,32,32,17,8,0,32,0.8086,65536,8704,0.8672,55,98.9,True
resnet50,Multiply_9516,41,54,32,32,32,32,18,8,0,32,0.8047,65536,9216,0.8594,56,40.4,True
resnet50,Multiply_9516,41,55,32,32,32,32,16,8,0,32,0.8125,65536,8192,0.875,54,40.6,True
resnet50,Multiply_9516,41,56,32,32,32,32,16,8,0,32,0.8125,65536,8192,0.875,54,37.1,True
resnet50,Multiply_9516,41,57,32,32,32,32,16,8,0,32,0.8125,65536,8192,0.875,54,39.3,True
resnet50,Multiply_9516,41,58,32,32,32,32,16,8,0,32,0.8125,65536,8192,0.875,54,39.5,True
resnet50,Multiply_9516,41,59,32,32,32,32,16,8,0,32,0.8125,65536,8192,0.875,54,38.7,True
resnet50,Multiply_9516,41,60,32,32,32,32,18,8,0,32,0.8047,65536,9216,0.8594,56,40.5,True
resnet50,Multiply_9516,41,61,32,32,32,32,8,8,0,32,0.8438,65536,4096,0.9375,46,38.3,True
resnet50,Multiply_9516,41,62,32,32,32,32,20,8,0,32,0.7969,65536,10240,0.8438,58,38.4,True
resnet50,Multiply_9516,41,63,32,32,32,32,18,8,0,32,0.8047,65536,9216,0.8594,56,38.5,True
resnet50,Multiply_9516,41,64,32,32,32,32,21,8,0,32,0.793,65536,10752,0.8359,59,45.0,True
resnet50,Multiply_9516,41,65,32,32,32,32,16,6,0,32,0.8594,65536,6144,0.9062,52,62.9,True
resnet50,Multiply_9516,41,66,32,32,32,32,21,6,0,32,0.8447,65536,8064,0.877,57,39.6,True
resnet50,Multiply_9516,41,67,32,32,32,32,16,6,0,32,0.8594,65536,6144,0.9062,52,161.9,True
resnet50,Multiply_9516,41,68,32,32,32,32,18,6,0,32,0.8535,65536,6912,0.8945,54,44.5,True
resnet50,Multiply_9516,41,69,32,32,32,32,19,6,0,32,0.8506,65536,7296,0.8887,55,38.5,True
resnet50,Multiply_9516,41,70,32,32,32,32,17,6,0,32,0.8564,65536,6528,0.9004,53,38.3,True
resnet50,Multiply_9516,41,71,32,32,32,32,19,6,0,32,0.8506,65536,7296,0.8887,55,38.9,True
resnet50,Multiply_9516,41,72,32,32,32,32,21,6,0,32,0.8447,65536,8064,0.877,57,272.0,True
resnet50,Multiply_9516,41,73,32,32,32,32,20,6,0,32,0.8477,65536,7680,0.8828,56,180.3,True
resnet50,Multiply_9516,41,74,32,32,32,32,22,6,0,32,0.8418,65536,8448,0.8711,58,38.5,True
resnet50,Multiply_9516,41,75,32,32,32,32,21,6,0,32,0.8447,65536,8064,0.877,57,38.5,True
resnet50,Multiply_9516,41,76,32,32,32,32,17,6,0,32,0.8564,65536,6528,0.9004,53,37.8,True
resnet50,Multiply_9516,41,77,32,32,32,32,16,6,0,32,0.8594,65536,6144,0.9062,52,180.4,True
resnet50,Multiply_9516,41,78,32,32,32,32,18,6,0,32,0.8535,65536,6912,0.8945,54,38.0,True
resnet50,Multiply_9516,41,79,32,32,32,32,16,6,0,32,0.8594,65536,6144,0.9062,52,43.0,True
resnet50,Multiply_9516,41,80,32,32,32,32,14,6,0,32,0.8652,65536,5376,0.918,50,178.0,True
resnet50,Multiply_9516,41,81,32,32,32,32,23,6,0,32,0.8389,65536,8832,0.8652,59,40.5,True
resnet50,Multiply_9516,41,82,32,32,32,32,15,6,0,32,0.8623,65536,5760,0.9121,51,39.7,True
resnet50,Multiply_9516,41,83,32,32,32,32,15,6,0,32,0.8623,65536,5760,0.9121,51,41.9,True
resnet50,Multiply_9516,41,84,32,32,32,32,19,6,0,32,0.8506,65536,7296,0.8887,55,44.9,True
resnet50,Multiply_9516,41,85,32,32,32,32,17,6,0,32,0.8564,65536,6528,0.9004,53,37.7,True
resnet50,Multiply_9516,41,86,32,32,32,32,18,6,0,32,0.8535,65536,6912,0.8945,54,40.8,True
resnet50,Multiply_9516,41,87,32,32,32,32,16,6,0,32,0.8594,65536,6144,0.9062,52,40.1,True
resnet50,Multiply_9516,41,88,32,32,32,32,16,6,0,32,0.8594,65536,6144,0.9062,52,62.6,True
resnet50,Multiply_9516,41,89,32,32,32,32,16,6,0,32,0.8594,65536,6144,0.9062,52,38.4,True
resnet50,Multiply_9516,41,90,32,32,32,32,16,6,0,32,0.8594,65536,6144,0.9062,52,46.7,True
resnet50,Multiply_9516,41,91,32,32,32,32,16,6,0,32,0.8594,65536,6144,0.9062,52,196.5,True
resnet50,Multiply_9516,41,92,32,32,32,32,18,6,0,32,0.8535,65536,6912,0.8945,54,39.3,True
resnet50,Multiply_9516,41,93,32,32,32,32,8,6,0,32,0.8828,65536,3072,0.9531,44,40.5,True
resnet50,Multiply_9516,41,94,32,32,32,32,20,6,0,32,0.8477,65536,7680,0.8828,56,38.7,True
resnet50,Multiply_9516,41,95,32,32,32,32,18,6,0,32,0.8535,65536,6912,0.8945,54,119.5,True
resnet50,Multiply_9516,41,96,32,32,32,32,21,6,0,32,0.8447,65536,8064,0.877,57,38.6,True
resnet50,Multiply_9516,41,97,32,32,32,32,16,7,0,32,0.8359,65536,7168,0.8906,53,45.9,True
resnet50,Multiply_9516,41,98,32,32,32,32,21,7,0,32,0.8188,65536,9408,0.8564,58,51.4,True
resnet50,Multiply_9516,41,99,32,32,32,32,16,7,0,32,0.8359,65536,7168,0.8906,53,138.1,True
resnet50,Multiply_9516,41,100,32,32,32,32,18,7,0,32,0.8291,65536,8064,0.877,55,39.4,True
resnet50,Multiply_9516,41,101,32,32,32,32,19,7,0,32,0.8257,65536,8512,0.8701,56,38.2,True
resnet50,Multiply_9516,41,102,32,32,32,32,17,7,0,32,0.8325,65536,7616,0.8838,54,40.3,True
resnet50,Multiply_9516,41,103,32,32,32,32,19,7,0,32,0.8257,65536,8512,0.8701,56,40.2,True
resnet50,Multiply_9516,41,104,32,32,32,32,21,7,0,32,0.8188,65536,9408,0.8564,58,39.5,True
resnet50,Multiply_9516,41,105,32,32,32,32,20,7,0,32,0.8223,65536,8960,0.8633,57,178.7,True
resnet50,Multiply_9516,41,106,32,32,32,32,22,7,0,32,0.8154,65536,9856,0.8496,59,37.7,True
resnet50,Multiply_9516,41,107,32,32,32,32,21,7,0,32,0.8188,65536,9408,0.8564,58,155.2,True
resnet50,Multiply_9516,41,108,32,32,32,32,17,7,0,32,0.8325,65536,7616,0.8838,54,39.6,True
resnet50,Multiply_9516,41,109,32,32,32,32,16,7,0,32,0.8359,65536,7168,0.8906,53,39.6,True
resnet50,Multiply_9516,41,110,32,32,32,32,18,7,0,32,0.8291,65536,8064,0.877,55,38.7,True
resnet50,Multiply_9516,41,111,32,32,32,32,16,7,0,32,0.8359,65536,7168,0.8906,53,38.7,True
resnet50,Multiply_9516,41,112,32,32,32,32,14,7,0,32,0.8428,65536,6272,0.9043,51,112.0,True
resnet50,Multiply_9516,41,113,32,32,32,32,23,7,0,32,0.812,65536,10304,0.8428,60,44.5,True
resnet50,Multiply_9516,41,114,32,32,32,32,15,7,0,32,0.8394,65536,6720,0.8975,52,37.7,True
resnet50,Multiply_9516,41,115,32,32,32,32,15,7,0,32,0.8394,65536,6720,0.8975,52,139.0,True
resnet50,Multiply_9516,41,116,32,32,32,32,19,7,0,32,0.8257,65536,8512,0.8701,56,38.9,True
resnet50,Multiply_9516,41,117,32,32,32,32,17,7,0,32,0.8325,65536,7616,0.8838,54,37.5,True
resnet50,Multiply_9516,41,118,32,32,32,32,18,7,0,32,0.8291,65536,8064,0.877,55,127.6,True
resnet50,Multiply_9516,41,119,32,32,32,32,16,7,0,32,0.8359,65536,7168,0.8906,53,36.5,True
resnet50,Multiply_9516,41,120,32,32,32,32,16,7,0,32,0.8359,65536,7168,0.8906,53,41.1,True
resnet50,Multiply_9516,41,121,32,32,32,32,16,7,0,32,0.8359,65536,7168,0.8906,53,39.6,True
resnet50,Multiply_9516,41,122,32,32,32,32,16,7,0,32,0.8359,65536,7168,0.8906,53,138.3,True
resnet50,Multiply_9516,41,123,32,32,32,32,16,7,0,32,0.8359,65536,7168,0.8906,53,45.5,True
resnet50,Multiply_9516,41,124,32,32,32,32,18,7,0,32,0.8291,65536,8064,0.877,55,128.8,True
resnet50,Multiply_9516,41,125,32,32,32,32,8,7,0,32,0.8633,65536,3584,0.9453,45,37.0,True
resnet50,Multiply_9516,41,126,32,32,32,32,20,7,0,32,0.8223,65536,8960,0.8633,57,179.4,True
resnet50,Multiply_9516,41,127,32,32,32,32,18,7,0,32,0.8291,65536,8064,0.877,55,38.8,True
resnet50,Multiply_9516,41,128,32,32,32,32,21,7,0,32,0.8188,65536,9408,0.8564,58,89.8,True
resnet50,Multiply_9516,41,129,32,32,32,32,16,9,0,32,0.7891,65536,9216,0.8594,55,88.6,True
resnet50,Multiply_9516,41,130,32,32,32,32,21,9,0,32,0.7671,65536,12096,0.8154,60,38.7,True
resnet50,Multiply_9516,41,131,32,32,32,32,16,9,0,32,0.7891,65536,9216,0.8594,55,38.7,True
resnet50,Multiply_9516,41,132,32,32,32,32,18,9,0,32,0.7803,65536,10368,0.8418,57,39.1,True
resnet50,Multiply_9516,41,133,32,32,32,32,19,9,0,32,0.7759,65536,10944,0.833,58,49.6,True
resnet50,Multiply_9516,41,134,32,32,32,32,17,9,0,32,0.7847,65536,9792,0.8506,56,38.2,True
resnet50,Multiply_9516,41,135,32,32,32,32,19,9,0,32,0.7759,65536,10944,0.833,58,38.8,True
resnet50,Multiply_9516,41,136,32,32,32,32,21,9,0,32,0.7671,65536,12096,0.8154,60,37.7,True
resnet50,Multiply_9516,41,137,32,32,32,32,20,9,0,32,0.7715,65536,11520,0.8242,59,38.6,True
resnet50,Multiply_9516,41,138,32,32,32,32,22,9,0,32,0.7627,65536,12672,0.8066,61,212.8,True
resnet50,Multiply_9516,41,139,32,32,32,32,21,9,0,32,0.7671,65536,12096,0.8154,60,54.5,True
resnet50,Multiply_9516,41,140,32,32,32,32,17,9,0,32,0.7847,65536,9792,0.8506,56,38.2,True
resnet50,Multiply_9516,41,141,32,32,32,32,16,9,0,32,0.7891,65536,9216,0.8594,55,38.4,True
resnet50,Multiply_9516,41,142,32,32,32,32,18,9,0,32,0.7803,65536,10368,0.8418,57,38.6,True
resnet50,Multiply_9516,41,143,32,32,32,32,16,9,0,32,0.7891,65536,9216,0.8594,55,38.2,True
resnet50,Multiply_9516,41,144,32,32,32,32,14,9,0,32,0.7979,65536,8064,0.877,53,40.0,True
resnet50,Multiply_9516,41,145,32,32,32,32,23,9,0,32,0.7583,65536,13248,0.7979,62,38.2,True
resnet50,Multiply_9516,41,146,32,32,32,32,15,9,0,32,0.7935,65536,8640,0.8682,54,39.1,True
resnet50,Multiply_9516,41,147,32,32,32,32,15,9,0,32,0.7935,65536,8640,0.8682,54,39.3,True
resnet50,Multiply_9516,41,148,32,32,32,32,19,9,0,32,0.7759,65536,10944,0.833,58,78.3,True
resnet50,Multiply_9516,41,149,32,32,32,32,17,9,0,32,0.7847,65536,9792,0.8506,56,39.9,True
resnet50,Multiply_9516,41,150,32,32,32,32,18,9,0,32,0.7803,65536,10368,0.8418,57,39.2,True
resnet50,Multiply_9516,41,151,32,32,32,32,16,9,0,32,0.7891,65536,9216,0.8594,55,37.9,True
resnet50,Multiply_9516,41,152,32,32,32,32,16,9,0,32,0.7891,65536,9216,0.8594,55,38.3,True
resnet50,Multiply_9516,41,153,32,32,32,32,16,9,0,32,0.7891,65536,9216,0.8594,55,38.6,True
resnet50,Multiply_9516,41,154,32,32,32,32,16,9,0,32,0.7891,65536,9216,0.8594,55,39.0,True
resnet50,Multiply_9516,41,155,32,32,32,32,16,9,0,32,0.7891,65536,9216,0.8594,55,38.2,True
resnet50,Multiply_9516,41,156,32,32,32,32,18,9,0,32,0.7803,65536,10368,0.8418,57,38.5,True
resnet50,Multiply_9516,41,157,32,32,32,32,8,9,0,32,0.8242,65536,4608,0.9297,47,38.7,True
resnet50,Multiply_9516,41,158,32,32,32,32,20,9,0,32,0.7715,65536,11520,0.8242,59,38.7,True
resnet50,Multiply_9516,41,159,32,32,32,32,18,9,0,32,0.7803,65536,10368,0.8418,57,39.5,True
resnet50,Multiply_9516,41,160,32,32,32,32,21,9,0,32,0.7671,65536,12096,0.8154,60,38.9,True
resnet50,Multiply_9516,41,161,32,32,32,32,16,8,0,32,0.8125,65536,8192,0.875,54,38.1,True
resnet50,Multiply_9516,41,162,32,32,32,32,21,8,0,32,0.793,65536,10752,0.8359,59,39.0,True
resnet50,Multiply_9516,41,163,32,32,32,32,16,8,0,32,0.8125,65536,8192,0.875,54,69.7,True
resnet50,Multiply_9516,41,164,32,32,32,32,18,8,0,32,0.8047,65536,9216,0.8594,56,62.4,True
resnet50,Multiply_9516,41,165,32,32,32,32,19,8,0,32,0.8008,65536,9728,0.8516,57,68.7,True
resnet50,Multiply_9516,41,166,32,32,32,32,17,8,0,32,0.8086,65536,8704,0.8672,55,51.5,True
resnet50,Multiply_9516,41,167,32,32,32,32,19,8,0,32,0.8008,65536,9728,0.8516,57,197.9,True
resnet50,Multiply_9516,41,168,32,32,32,32,21,8,0,32,0.793,65536,10752,0.8359,59,38.8,True
resnet50,Multiply_9516,41,169,32,32,32,32,20,8,0,32,0.7969,65536,10240,0.8438,58,38.5,True
resnet50,Multiply_9516,41,170,32,32,32,32,22,8,0,32,0.7891,65536,11264,0.8281,60,52.9,True
resnet50,Multiply_9516,41,171,32,32,32,32,21,8,0,32,0.793,65536,10752,0.8359,59,38.3,True
resnet50,Multiply_9516,41,172,32,32,32,32,17,8,0,32,0.8086,65536,8704,0.8672,55,38.5,True
resnet50,Multiply_9516,41,173,32,32,32,32,16,8,0,32,0.8125,65536,8192,0.875,54,42.4,True
resnet50,Multiply_9516,41,174,32,32,32,32,18,8,0,32,0.8047,65536,9216,0.8594,56,38.7,True
resnet50,Multiply_9516,41,175,32,32,32,32,16,8,0,32,0.8125,65536,8192,0.875,54,71.4,True
resnet50,Multiply_9516,41,176,32,32,32,32,14,8,0,32,0.8203,65536,7168,0.8906,52,41.2,True
resnet50,Multiply_9516,41,177,32,32,32,32,23,8,0,32,0.7852,65536,11776,0.8203,61,127.3,True
resnet50,Multiply_9516,41,178,32,32,32,32,15,8,0,32,0.8164,65536,7680,0.8828,53,187.5,True
resnet50,Multiply_9516,41,179,32,32,32,32,15,8,0,32,0.8164,65536,7680,0.8828,53,38.2,True
resnet50,Multiply_9516,41,180,32,32,32,32,19,8,0,32,0.8008,65536,9728,0.8516,57,38.6,True
resnet50,Multiply_9516,41,181,32,32,32,32,17,8,0,32,0.8086,65536,8704,0.8672,55,137.9,True
resnet50,Multiply_9516,41,182,32,32,32,32,18,8,0,32,0.8047,65536,9216,0.8594,56,38.4,True
resnet50,Multiply_9516,41,183,32,32,32,32,16,8,0,32,0.8125,65536,8192,0.875,54,442.0,True
resnet50,Multiply_9516,41,184,32,32,32,32,16,8,0,32,0.8125,65536,8192,0.875,54,39.3,True
resnet50,Multiply_9516,41,185,32,32,32,32,16,8,0,32,0.8125,65536,8192,0.875,54,63.1,True
resnet50,Multiply_9516,41,186,32,32,32,32,16,8,0,32,0.8125,65536,8192,0.875,54,42.5,True
resnet50,Multiply_9516,41,187,32,32,32,32,16,8,0,32,0.8125,65536,8192,0.875,54,39.6,True
resnet50,Multiply_9516,41,188,32,32,32,32,18,8,0,32,0.8047,65536,9216,0.8594,56,38.8,True
resnet50,Multiply_9516,41,189,32,32,32,32,8,8,0,32,0.8438,65536,4096,0.9375,46,45.7,True
resnet50,Multiply_9516,41,190,32,32,32,32,20,8,0,32,0.7969,65536,10240,0.8438,58,40.2,True
resnet50,Multiply_9516,41,191,32,32,32,32,18,8,0,32,0.8047,65536,9216,0.8594,56,41.6,True
resnet50,Multiply_9516,41,192,32,32,32,32,21,8,0,32,0.793,65536,10752,0.8359,59,166.2,True
resnet50,Multiply_9516,41,193,4,32,32,4,16,6,1,16,0.8958,8192,768,0.9062,24,10.5,True
resnet50,Multiply_9516,41,194,4,32,32,4,21,6,0,32,0.8698,8192,1008,0.877,29,9.4,True
resnet50,Multiply_9516,41,195,4,32,32,4,16,6,1,16,0.8958,8192,768,0.9062,24,17.3,True
resnet50,Multiply_9516,41,196,4,32,32,4,18,6,0,32,0.8854,8192,864,0.8945,26,8.0,True
resnet50,Multiply_9516,41,197,4,32,32,4,19,6,0,32,0.8802,8192,912,0.8887,27,20.8,True
resnet50,Multiply_9516,41,198,4,32,32,4,17,6,0,32,0.8906,8192,816,0.9004,25,9.0,True
resnet50,Multiply_9516,41,199,4,32,32,4,19,6,0,32,0.8802,8192,912,0.8887,27,9.9,True
resnet50,Multiply_9516,41,200,4,32,32,4,21,6,0,32,0.8698,8192,1008,0.877,29,11.9,True
resnet50,Multiply_9516,41,201,4,32,32,4,20,6,0,32,0.875,8192,960,0.8828,28,8.7,True
resnet50,Multiply_9516,41,202,4,32,32,4,22,6,0,32,0.8646,8192,1056,0.8711,30,22.5,True
resnet50,Multiply_9516,41,203,4,32,32,4,21,6,0,32,0.8698,8192,1008,0.877,29,8.4,True
resnet50,Multiply_9516,41,204,4,32,32,4,17,6,0,32,0.8906,8192,816,0.9004,25,19.9,True
resnet50,Multiply_9516,41,205,4,32,32,4,16,6,1,16,0.8958,8192,768,0.9062,24,9.7,True
resnet50,Multiply_9516,41,206,4,32,32,4,18,6,0,32,0.8854,8192,864,0.8945,26,9.9,True
resnet50,Multiply_9516,41,207,4,32,32,4,16,6,1,16,0.8958,8192,768,0.9062,24,25.8,True
resnet50,Multiply_9516,41,208,4,32,32,4,14,6,1,16,0.9062,8192,672,0.918,22,8.6,True
resnet50,Multiply_9516,41,209,4,32,32,4,23,6,0,32,0.8594,8192,1104,0.8652,31,8.5,True
resnet50,Multiply_9516,41,210,4,32,32,4,15,6,1,16,0.901,8192,720,0.9121,23,9.6,True
resnet50,Multiply_9516,41,211,4,32,32,4,15,6,1,16,0.901,8192,720,0.9121,23,21.5,True
resnet50,Multiply_9516,41,212,4,32,32,4,19,6,0,32,0.8802,8192,912,0.8887,27,18.6,True
resnet50,Multiply_9516,41,213,4,32,32,4,17,6,0,32,0.8906,8192,816,0.9004,25,9.4,True
resnet50,Multiply_9516,41,214,4,32,32,4,18,6,0,32,0.8854,8192,864,0.8945,26,9.6,True
resnet50,Multiply_9516,41,215,4,32,32,4,16,6,1,16,0.8958,8192,768,0.9062,24,9.4,True
resnet50,Multiply_9516,41,216,4,32,32,4,16,6,1,16,0.8958,8192,768,0.9062,24,8.6,True
resnet50,Multiply_9516,41,217,4,32,32,4,16,6,1,16,0.8958,8192,768,0.9062,24,9.4,True
resnet50,Multiply_9516,41,218,4,32,32,4,16,6,1,16,0.8958,8192,768,0.9062,24,15.9,True
resnet50,Multiply_9516,41,219,4,32,32,4,16,6,1,16,0.8958,8192,768,0.9062,24,15.5,True
resnet50,Multiply_9516,41,220,4,32,32,4,18,6,0,32,0.8854,8192,864,0.8945,26,10.4,True
resnet50,Multiply_9516,41,221,4,32,32,4,8,6,1,16,0.9375,8192,384,0.9531,16,9.3,True
resnet50,Multiply_9516,41,222,4,32,32,4,20,6,0,32,0.875,8192,960,0.8828,28,7.9,True
resnet50,Multiply_9516,41,223,4,32,32,4,18,6,0,32,0.8854,8192,864,0.8945,26,9.3,True
resnet50,Multiply_9516,41,224,4,32,32,4,21,6,0,32,0.8698,8192,1008,0.877,29,10.8,True
resnet50,Multiply_9509,42,1,32,32,32,4,21,4,0,32,0.9512,65536,672,0.9897,27,40.0,True
resnet50,Multiply_9509,42,2,32,32,32,4,20,4,0,32,0.9531,65536,640,0.9902,26,49.5,True
resnet50,Multiply_9509,42,3,32,32,32,4,16,4,1,16,0.9609,65536,512,0.9922,22,40.1,True
resnet50,Multiply_9509,42,4,32,32,32,4,18,4,0,32,0.957,65536,576,0.9912,24,45.2,True
resnet50,Multiply_9509,42,5,32,32,32,4,19,4,0,32,0.9551,65536,608,0.9907,25,40.4,True
resnet50,Multiply_9509,42,6,32,32,32,4,16,4,1,16,0.9609,65536,512,0.9922,22,38.8,True
resnet50,Multiply_9509,42,7,32,32,32,4,15,4,1,16,0.9629,65536,480,0.9927,21,38.9,True
resnet50,Multiply_9509,42,8,32,32,32,4,16,4,1,16,0.9609,65536,512,0.9922,22,38.3,True
resnet50,Multiply_9509,42,9,32,32,32,4,21,6,0,32,0.9268,65536,1008,0.9846,29,38.2,True
resnet50,Multiply_9509,42,10,32,32,32,4,20,6,0,32,0.9297,65536,960,0.9854,28,60.3,True
resnet50,Multiply_9509,42,11,32,32,32,4,16,6,1,16,0.9414,65536,768,0.9883,24,38.6,True
resnet50,Multiply_9509,42,12,32,32,32,4,18,6,0,32,0.9355,65536,864,0.9868,26,38.3,True
resnet50,Multiply_9509,42,13,32,32,32,4,19,6,0,32,0.9326,65536,912,0.9861,27,39.1,True
resnet50,Multiply_9509,42,14,32,32,32,4,16,6,1,16,0.9414,65536,768,0.9883,24,39.8,True
resnet50,Multiply_9509,42,15,32,32,32,4,15,6,1,16,0.9443,65536,720,0.989,23,39.3,True
resnet50,Multiply_9509,42,16,32,32,32,4,16,6,1,16,0.9414,65536,768,0.9883,24,38.4,True
resnet50,Multiply_9509,42,17,32,32,32,4,21,8,0,32,0.9023,65536,1344,0.9795,31,38.8,True
resnet50,Multiply_9509,42,18,32,32,32,4,20,8,0,32,0.9062,65536,1280,0.9805,30,40.5,True
resnet50,Multiply_9509,42,19,32,32,32,4,16,8,1,16,0.9219,65536,1024,0.9844,26,91.3,True
resnet50,Multiply_9509,42,20,32,32,32,4,18,8,0,32,0.9141,65536,1152,0.9824,28,40.0,True
resnet50,Multiply_9509,42,21,32,32,32,4,19,8,0,32,0.9102,65536,1216,0.9814,29,49.8,True
resnet50,Multiply_9509,42,22,32,32,32,4,16,8,1,16,0.9219,65536,1024,0.9844,26,39.5,True
resnet50,Multiply_9509,42,23,32,32,32,4,15,8,1,16,0.9258,65536,960,0.9854,25,256.0,True
resnet50,Multiply_9509,42,24,32,32,32,4,16,8,1,16,0.9219,65536,1024,0.9844,26,58.3,True
resnet50,Multiply_9509,42,25,32,32,32,6,21,12,0,32,0.8418,65536,3024,0.9539,37,38.4,True
resnet50,Multiply_9509,42,26,32,32,32,6,20,12,0,32,0.8477,65536,2880,0.9561,36,221.3,True
resnet50,Multiply_9509,42,27,32,32,32,6,16,12,1,16,0.8711,65536,2304,0.9648,32,49.6,True
resnet50,Multiply_9509,42,28,32,32,32,6,18,12,0,32,0.8594,65536,2592,0.9604,34,119.3,True
resnet50,Multiply_9509,42,29,32,32,32,6,19,12,0,32,0.8535,65536,2736,0.9583,35,39.0,True
resnet50,Multiply_9509,42,30,32,32,32,6,16,12,1,16,0.8711,65536,2304,0.9648,32,39.1,True
resnet50,Multiply_9509,42,31,32,32,32,6,15,12,1,16,0.877,65536,2160,0.967,31,40.1,True
resnet50,Multiply_9509,42,32,32,32,32,6,16,12,1,16,0.8711,65536,2304,0.9648,32,40.0,True
resnet50,Multiply_9509,42,33,32,32,32,14,21,14,0,32,0.7607,65536,8232,0.8744,47,40.6,True
resnet50,Multiply_9509,42,34,32,32,32,14,20,14,0,32,0.7676,65536,7840,0.8804,46,38.8,True
resnet50,Multiply_9509,42,35,32,32,32,14,16,14,1,16,0.7949,65536,6272,0.9043,42,138.5,True
resnet50,Multiply_9509,42,36,32,32,32,14,18,14,0,32,0.7812,65536,7056,0.8923,44,38.7,True
resnet50,Multiply_9509,42,37,32,32,32,14,19,14,0,32,0.7744,65536,7448,0.8864,45,78.9,True
resnet50,Multiply_9509,42,38,32,32,32,14,16,14,1,16,0.7949,65536,6272,0.9043,42,43.8,True
resnet50,Multiply_9509,42,39,32,32,32,14,15,14,1,16,0.8018,65536,5880,0.9103,41,64.1,True
resnet50,Multiply_9509,42,40,32,32,32,14,16,14,1,16,0.7949,65536,6272,0.9043,42,162.2,True
resnet50,Multiply_9509,42,41,32,32,32,32,21,17,0,32,0.5601,65536,22848,0.6514,68,62.9,True
resnet50,Multiply_9509,42,42,32,32,32,32,20,17,0,32,0.5684,65536,21760,0.668,67,85.9,True
resnet50,Multiply_9509,42,43,32,32,32,32,16,17,0,32,0.6016,65536,17408,0.7344,63,39.4,True
resnet50,Multiply_9509,42,44,32,32,32,32,18,17,0,32,0.585,65536,19584,0.7012,65,38.4,True
resnet50,Multiply_9509,42,45,32,32,32,32,19,17,0,32,0.5767,65536,20672,0.6846,66,41.0,True
resnet50,Multiply_9509,42,46,32,32,32,32,16,17,0,32,0.6016,65536,17408,0.7344,63,44.3,True
resnet50,Multiply_9509,42,47,32,32,32,32,15,17,0,32,0.6099,65536,16320,0.751,62,37.8,True
resnet50,Multiply_9509,42,48,32,32,32,32,16,17,0,32,0.6016,65536,17408,0.7344,63,48.2,True
resnet50,Multiply_9509,42,49,4,32,32,4,21,8,0,32,0.8264,8192,1344,0.8359,31,10.8,True
resnet50,Multiply_9509,42,50,4,32,32,4,20,8,0,32,0.8333,8192,1280,0.8438,30,9.5,True
resnet50,Multiply_9509,42,51,4,32,32,4,16,8,1,16,0.8611,8192,1024,0.875,26,9.3,True
resnet50,Multiply_9509,42,52,4,32,32,4,18,8,0,32,0.8472,8192,1152,0.8594,28,9.3,True
resnet50,Multiply_9509,42,53,4,32,32,4,19,8,0,32,0.8403,8192,1216,0.8516,29,16.8,True
resnet50,Multiply_9509,42,54,4,32,32,4,16,8,1,16,0.8611,8192,1024,0.875,26,15.3,True
resnet50,Multiply_9509,42,55,4,32,32,4,15,8,1,16,0.8681,8192,960,0.8828,25,20.8,True
resnet50,Multiply_9509,42,56,4,32,32,4,16,8,1,16,0.8611,8192,1024,0.875,26,30.3,True
resnet50,Multiply_9502,43,1,32,32,32,31,14,8,0,32,0.8242,65536,6944,0.894,51,38.6,True
resnet50,Multiply_9502,43,2,32,32,32,31,13,8,0,32,0.8281,65536,6448,0.9016,50,39.2,True
resnet50,Multiply_9502,43,3,32,32,32,31,20,8,0,32,0.8008,65536,9920,0.8486,57,167.5,True
resnet50,Multiply_9502,43,4,32,32,32,31,23,8,0,32,0.7891,65536,11408,0.8259,60,163.8,True
resnet50,Multiply_9502,43,5,32,32,32,31,22,8,0,32,0.793,65536,10912,0.8335,59,48.1,True
resnet50,Multiply_9502,43,6,32,32,32,31,20,8,0,32,0.8008,65536,9920,0.8486,57,38.1,True
resnet50,Multiply_9502,43,7,32,32,32,31,14,8,0,32,0.8242,65536,6944,0.894,51,112.2,True
resnet50,Multiply_9502,43,8,32,32,32,31,15,8,0,32,0.8203,65536,7440,0.8865,52,40.0,True
resnet50,Multiply_9502,43,9,32,32,32,32,14,7,0,32,0.8428,65536,6272,0.9043,51,40.6,True
resnet50,Multiply_9502,43,10,32,32,32,32,13,7,0,32,0.8462,65536,5824,0.9111,50,109.5,True
resnet50,Multiply_9502,43,11,32,32,32,32,20,7,0,32,0.8223,65536,8960,0.8633,57,39.0,True
resnet50,Multiply_9502,43,12,32,32,32,32,23,7,0,32,0.812,65536,10304,0.8428,60,38.5,True
resnet50,Multiply_9502,43,13,32,32,32,32,22,7,0,32,0.8154,65536,9856,0.8496,59,38.8,True
resnet50,Multiply_9502,43,14,32,32,32,32,20,7,0,32,0.8223,65536,8960,0.8633,57,39.5,True
resnet50,Multiply_9502,43,15,32,32,32,32,14,7,0,32,0.8428,65536,6272,0.9043,51,38.4,True
resnet50,Multiply_9502,43,16,32,32,32,32,15,7,0,32,0.8394,65536,6720,0.8975,52,58.3,True
resnet50,Multiply_9502,43,17,32,32,32,31,14,7,0,32,0.8462,65536,6076,0.9073,50,38.2,True
resnet50,Multiply_9502,43,18,32,32,32,31,13,7,0,32,0.8496,65536,5642,0.9139,49,38.8,True
resnet50,Multiply_9502,43,19,32,32,32,31,20,7,0,32,0.8257,65536,8680,0.8676,56,127.1,True
resnet50,Multiply_9502,43,20,32,32,32,31,23,7,0,32,0.8154,65536,9982,0.8477,59,90.1,True
resnet50,Multiply_9502,43,21,32,32,32,31,22,7,0,32,0.8188,65536,9548,0.8543,58,38.9,True
resnet50,Multiply_9502,43,22,32,32,32,31,20,7,0,32,0.8257,65536,8680,0.8676,56,84.6,True
resnet50,Multiply_9502,43,23,32,32,32,31,14,7,0,32,0.8462,65536,6076,0.9073,50,38.9,True
resnet50,Multiply_9502,43,24,32,32,32,31,15,7,0,32,0.8428,65536,6510,0.9007,51,39.4,True
resnet50,Multiply_9502,43,25,32,32,32,32,14,7,0,32,0.8428,65536,6272,0.9043,51,38.0,True
resnet50,Multiply_9502,43,26,32,32,32,32,13,7,0,32,0.8462,65536,5824,0.9111,50,101.2,True
resnet50,Multiply_9502,43,27,32,32,32,32,20,7,0,32,0.8223,65536,8960,0.8633,57,192.6,True
resnet50,Multiply_9502,43,28,32,32,32,32,23,7,0,32,0.812,65536,10304,0.8428,60,40.0,True
resnet50,Multiply_9502,43,29,32,32,32,32,22,7,0,32,0.8154,65536,9856,0.8496,59,38.2,True
resnet50,Multiply_9502,43,30,32,32,32,32,20,7,0,32,0.8223,65536,8960,0.8633,57,38.7,True
resnet50,Multiply_9502,43,31,32,32,32,32,14,7,0,32,0.8428,65536,6272,0.9043,51,59.0,True
resnet50,Multiply_9502,43,32,32,32,32,32,15,7,0,32,0.8394,65536,6720,0.8975,52,45.8,True
resnet50,Multiply_9502,43,33,32,32,32,32,14,5,0,32,0.8877,65536,4480,0.9316,49,38.3,True
resnet50,Multiply_9502,43,34,32,32,32,32,13,5,0,32,0.8901,65536,4160,0.9365,48,65.0,True
resnet50,Multiply_9502,43,35,32,32,32,32,20,5,0,32,0.873,65536,6400,0.9023,55,163.8,True
resnet50,Multiply_9502,43,36,32,32,32,32,23,5,0,32,0.8657,65536,7360,0.8877,58,38.9,True
resnet50,Multiply_9502,43,37,32,32,32,32,22,5,0,32,0.8682,65536,7040,0.8926,57,58.5,True
resnet50,Multiply_9502,43,38,32,32,32,32,20,5,0,32,0.873,65536,6400,0.9023,55,38.5,True
resnet50,Multiply_9502,43,39,32,32,32,32,14,5,0,32,0.8877,65536,4480,0.9316,49,61.2,True
resnet50,Multiply_9502,43,40,32,32,32,32,15,5,0,32,0.8853,65536,4800,0.9268,50,64.7,True
resnet50,Multiply_9502,43,41,32,32,32,32,14,6,0,32,0.8652,65536,5376,0.918,50,40.3,True
resnet50,Multiply_9502,43,42,32,32,32,32,13,6,0,32,0.8682,65536,4992,0.9238,49,39.7,True
resnet50,Multiply_9502,43,43,32,32,32,32,20,6,0,32,0.8477,65536,7680,0.8828,56,77.5,True
resnet50,Multiply_9502,43,44,32,32,32,32,23,6,0,32,0.8389,65536,8832,0.8652,59,39.4,True
resnet50,Multiply_9502,43,45,32,32,32,32,22,6,0,32,0.8418,65536,8448,0.8711,58,39.0,True
resnet50,Multiply_9502,43,46,32,32,32,32,20,6,0,32,0.8477,65536,7680,0.8828,56,178.2,True
resnet50,Multiply_9502,43,47,32,32,32,32,14,6,0,32,0.8652,65536,5376,0.918,50,40.6,True
resnet50,Multiply_9502,43,48,32,32,32,32,15,6,0,32,0.8623,65536,5760,0.9121,51,196.9,True
resnet50,Multiply_9502,43,49,4,32,32,4,14,4,1,16,0.9375,8192,448,0.9453,20,9.4,True
resnet50,Multiply_9502,43,50,4,32,32,4,13,4,1,16,0.941,8192,416,0.9492,19,8.7,True
resnet50,Multiply_9502,43,51,4,32,32,4,20,4,0,32,0.9167,8192,640,0.9219,26,8.7,True
resnet50,Multiply_9502,43,52,4,32,32,4,23,4,0,32,0.9062,8192,736,0.9102,29,26.9,True
resnet50,Multiply_9502,43,53,4,32,32,4,22,4,0,32,0.9097,8192,704,0.9141,28,33.9,True
resnet50,Multiply_9502,43,54,4,32,32,4,20,4,0,32,0.9167,8192,640,0.9219,26,8.5,True
resnet50,Multiply_9502,43,55,4,32,32,4,14,4,1,16,0.9375,8192,448,0.9453,20,43.9,True
resnet50,Multiply_9502,43,56,4,32,32,4,15,4,1,16,0.934,8192,480,0.9414,21,10.3,True
resnet50,Multiply_9537,44,1,32,32,32,32,22,16,0,32,0.5781,65536,22528,0.6562,68,40.3,True
resnet50,Multiply_9537,44,2,32,32,32,32,19,16,0,32,0.6016,65536,19456,0.7031,65,39.9,True
resnet50,Multiply_9537,44,3,32,32,32,32,20,16,0,32,0.5938,65536,20480,0.6875,66,55.8,True
resnet50,Multiply_9537,44,4,32,32,32,32,19,16,0,32,0.6016,65536,19456,0.7031,65,39.6,True
resnet50,Multiply_9537,44,5,32,32,32,32,21,16,0,32,0.5859,65536,21504,0.6719,67,39.3,True
resnet50,Multiply_9537,44,6,32,32,32,32,19,16,0,32,0.6016,65536,19456,0.7031,65,45.3,True
resnet50,Multiply_9537,44,7,32,32,32,32,19,16,0,32,0.6016,65536,19456,0.7031,65,50.6,True
resnet50,Multiply_9537,44,8,32,32,32,32,17,16,0,32,0.6172,65536,17408,0.7344,63,39.2,True
resnet50,Multiply_9537,44,9,32,32,32,32,14,16,0,32,0.6406,65536,14336,0.7812,60,39.1,True
resnet50,Multiply_9537,44,10,32,32,32,32,16,16,0,32,0.625,65536,16384,0.75,62,69.8,True
resnet50,Multiply_9537,44,11,32,32,32,32,18,16,0,32,0.6094,65536,18432,0.7188,64,38.9,True
resnet50,Multiply_9537,44,12,32,32,32,32,15,16,0,32,0.6328,65536,15360,0.7656,61,38.8,True
resnet50,Multiply_9537,44,13,32,32,32,32,18,16,0,32,0.6094,65536,18432,0.7188,64,38.0,True
resnet50,Multiply_9537,44,14,32,32,32,32,15,16,0,32,0.6328,65536,15360,0.7656,61,72.7,True
resnet50,Multiply_9537,44,15,32,32,32,32,19,16,0,32,0.6016,65536,19456,0.7031,65,204.2,True
resnet50,Multiply_9537,44,16,32,32,32,32,14,16,0,32,0.6406,65536,14336,0.7812,60,38.7,True
resnet50,Multiply_9537,44,17,32,32,32,32,20,16,0,32,0.5938,65536,20480,0.6875,66,46.9,True
resnet50,Multiply_9537,44,18,32,32,32,32,20,16,0,32,0.5938,65536,20480,0.6875,66,38.8,True
resnet50,Multiply_9537,44,19,32,32,32,32,19,16,0,32,0.6016,65536,19456,0.7031,65,39.4,True
resnet50,Multiply_9537,44,20,32,32,32,32,18,16,0,32,0.6094,65536,18432,0.7188,64,75.5,True
resnet50,Multiply_9537,44,21,32,32,32,32,15,16,0,32,0.6328,65536,15360,0.7656,61,163.1,True
resnet50,Multiply_9537,44,22,32,32,32,32,22,16,0,32,0.5781,65536,22528,0.6562,68,39.1,True
resnet50,Multiply_9537,44,23,32,32,32,32,18,16,0,32,0.6094,65536,18432,0.7188,64,40.3,True
resnet50,Multiply_9537,44,24,32,32,32,32,19,16,0,32,0.6016,65536,19456,0.7031,65,39.3,True
resnet50,Multiply_9537,44,25,32,32,32,32,19,16,0,32,0.6016,65536,19456,0.7031,65,100.1,True
resnet50,Multiply_9537,44,26,32,32,32,32,15,16,0,32,0.6328,65536,15360,0.7656,61,39.5,True
resnet50,Multiply_9537,44,27,32,32,32,32,21,16,0,32,0.5859,65536,21504,0.6719,67,38.1,True
resnet50,Multiply_9537,44,28,32,32,32,32,21,16,0,32,0.5859,65536,21504,0.6719,67,45.9,True
resnet50,Multiply_9537,44,29,32,32,32,32,18,16,0,32,0.6094,65536,18432,0.7188,64,39.6,True
resnet50,Multiply_9537,44,30,32,32,32,32,19,16,0,32,0.6016,65536,19456,0.7031,65,99.3,True
resnet50,Multiply_9537,44,31,32,32,32,32,17,16,0,32,0.6172,65536,17408,0.7344,63,39.0,True
resnet50,Multiply_9537,44,32,32,32,32,32,16,16,0,32,0.625,65536,16384,0.75,62,40.9,True
resnet50,Multiply_9537,44,33,32,32,32,32,15,16,0,32,0.6328,65536,15360,0.7656,61,39.6,True
resnet50,Multiply_9537,44,34,32,32,32,32,20,16,0,32,0.5938,65536,20480,0.6875,66,42.6,True
resnet50,Multiply_9537,44,35,32,32,32,32,20,16,0,32,0.5938,65536,20480,0.6875,66,37.7,True
resnet50,Multiply_9537,44,36,32,32,32,32,19,16,0,32,0.6016,65536,19456,0.7031,65,128.6,True
resnet50,Multiply_9537,44,37,32,32,32,32,15,16,0,32,0.6328,65536,15360,0.7656,61,38.5,True
resnet50,Multiply_9537,44,38,32,32,32,32,19,16,0,32,0.6016,65536,19456,0.7031,65,39.3,True
resnet50,Multiply_9537,44,39,32,32,32,32,19,16,0,32,0.6016,65536,19456,0.7031,65,54.1,True
resnet50,Multiply_9537,44,40,32,32,32,32,15,16,0,32,0.6328,65536,15360,0.7656,61,66.6,True
resnet50,Multiply_9537,44,41,32,32,32,32,9,16,0,32,0.6797,65536,9216,0.8594,55,39.2,True
resnet50,Multiply_9537,44,42,32,32,32,32,18,16,0,32,0.6094,65536,18432,0.7188,64,39.5,True
resnet50,Multiply_9537,44,43,32,32,32,32,13,16,0,32,0.6484,65536,13312,0.7969,59,37.8,True
resnet50,Multiply_9537,44,44,32,32,32,32,19,16,0,32,0.6016,65536,19456,0.7031,65,82.3,True
resnet50,Multiply_9537,44,45,32,32,32,32,20,16,0,32,0.5938,65536,20480,0.6875,66,40.5,True
resnet50,Multiply_9537,44,46,32,32,32,32,20,16,0,32,0.5938,65536,20480,0.6875,66,39.3,True
resnet50,Multiply_9537,44,47,32,32,32,32,17,16,0,32,0.6172,65536,17408,0.7344,63,37.7,True
resnet50,Multiply_9537,44,48,32,32,32,32,12,16,0,32,0.6562,65536,12288,0.8125,58,39.1,True
resnet50,Multiply_9537,44,49,32,32,32,32,14,16,0,32,0.6406,65536,14336,0.7812,60,37.8,True
resnet50,Multiply_9537,44,50,32,32,32,32,15,16,0,32,0.6328,65536,15360,0.7656,61,39.9,True
resnet50,Multiply_9537,44,51,32,32,32,32,18,16,0,32,0.6094,65536,18432,0.7188,64,38.2,True
resnet50,Multiply_9537,44,52,32,32,32,32,22,16,0,32,0.5781,65536,22528,0.6562,68,164.0,True
resnet50,Multiply_9537,44,53,32,32,32,32,17,16,0,32,0.6172,65536,17408,0.7344,63,41.1,True
resnet50,Multiply_9537,44,54,32,32,32,32,15,16,0,32,0.6328,65536,15360,0.7656,61,165.9,True
resnet50,Multiply_9537,44,55,32,32,32,32,19,16,0,32,0.6016,65536,19456,0.7031,65,38.7,True
resnet50,Multiply_9537,44,56,32,32,32,32,19,16,0,32,0.6016,65536,19456,0.7031,65,40.3,True
resnet50,Multiply_9537,44,57,32,32,32,32,17,16,0,32,0.6172,65536,17408,0.7344,63,39.2,True
resnet50,Multiply_9537,44,58,32,32,32,32,19,16,0,32,0.6016,65536,19456,0.7031,65,51.6,True
resnet50,Multiply_9537,44,59,32,32,32,32,18,16,0,32,0.6094,65536,18432,0.7188,64,41.2,True
resnet50,Multiply_9537,44,60,32,32,32,32,16,16,0,32,0.625,65536,16384,0.75,62,41.1,True
resnet50,Multiply_9537,44,61,32,32,32,32,13,16,0,32,0.6484,65536,13312,0.7969,59,40.1,True
resnet50,Multiply_9537,44,62,32,32,32,32,18,16,0,32,0.6094,65536,18432,0.7188,64,48.7,True
resnet50,Multiply_9537,44,63,32,32,32,32,17,16,0,32,0.6172,65536,17408,0.7344,63,100.0,True
resnet50,Multiply_9537,44,64,32,32,32,32,17,16,0,32,0.6172,65536,17408,0.7344,63,136.7,True
resnet50,Multiply_9537,44,65,17,32,32,17,22,15,0,32,0.6269,34816,11220,0.6777,52,72.7,True
resnet50,Multiply_9537,44,66,17,32,32,17,19,15,0,32,0.6556,34816,9690,0.7217,49,32.1,True
resnet50,Multiply_9537,44,67,17,32,32,17,20,15,0,32,0.646,34816,10200,0.707,50,51.0,True
resnet50,Multiply_9537,44,68,17,32,32,17,19,15,0,32,0.6556,34816,9690,0.7217,49,24.6,True
resnet50,Multiply_9537,44,69,17,32,32,17,21,15,0,32,0.6365,34816,10710,0.6924,51,27.2,True
resnet50,Multiply_9537,44,70,17,32,32,17,19,15,0,32,0.6556,34816,9690,0.7217,49,44.9,True
resnet50,Multiply_9537,44,71,17,32,32,17,19,15,0,32,0.6556,34816,9690,0.7217,49,22.6,True
resnet50,Multiply_9537,44,72,17,32,32,17,17,15,0,32,0.6747,34816,8670,0.751,47,24.0,True
resnet50,Multiply_9537,44,73,17,32,32,17,14,15,0,32,0.7034,34816,7140,0.7949,44,22.9,True
resnet50,Multiply_9537,44,74,17,32,32,17,16,15,0,32,0.6843,34816,8160,0.7656,46,108.1,True
resnet50,Multiply_9537,44,75,17,32,32,17,18,15,0,32,0.6652,34816,9180,0.7363,48,23.0,True
resnet50,Multiply_9537,44,76,17,32,32,17,15,15,0,32,0.6939,34816,7650,0.7803,45,23.2,True
resnet50,Multiply_9537,44,77,17,32,32,17,18,15,0,32,0.6652,34816,9180,0.7363,48,42.8,True
resnet50,Multiply_9537,44,78,17,32,32,17,15,15,0,32,0.6939,34816,7650,0.7803,45,27.4,True
resnet50,Multiply_9537,44,79,17,32,32,17,19,15,0,32,0.6556,34816,9690,0.7217,49,28.6,True
resnet50,Multiply_9537,44,80,17,32,32,17,14,15,0,32,0.7034,34816,7140,0.7949,44,75.3,True
resnet50,Multiply_9537,44,81,17,32,32,17,20,15,0,32,0.646,34816,10200,0.707,50,23.3,True
resnet50,Multiply_9537,44,82,17,32,32,17,20,15,0,32,0.646,34816,10200,0.707,50,23.9,True
resnet50,Multiply_9537,44,83,17,32,32,17,19,15,0,32,0.6556,34816,9690,0.7217,49,24.0,True
resnet50,Multiply_9537,44,84,17,32,32,17,18,15,0,32,0.6652,34816,9180,0.7363,48,22.6,True
resnet50,Multiply_9537,44,85,17,32,32,17,15,15,0,32,0.6939,34816,7650,0.7803,45,81.2,True
resnet50,Multiply_9537,44,86,17,32,32,17,22,15,0,32,0.6269,34816,11220,0.6777,52,86.1,True
resnet50,Multiply_9537,44,87,17,32,32,17,18,15,0,32,0.6652,34816,9180,0.7363,48,22.6,True
resnet50,Multiply_9537,44,88,17,32,32,17,19,15,0,32,0.6556,34816,9690,0.7217,49,23.7,True
resnet50,Multiply_9537,44,89,17,32,32,17,19,15,0,32,0.6556,34816,9690,0.7217,49,55.9,True
resnet50,Multiply_9537,44,90,17,32,32,17,15,15,0,32,0.6939,34816,7650,0.7803,45,24.1,True
resnet50,Multiply_9537,44,91,17,32,32,17,21,15,0,32,0.6365,34816,10710,0.6924,51,65.5,True
resnet50,Multiply_9537,44,92,17,32,32,17,21,15,0,32,0.6365,34816,10710,0.6924,51,103.3,True
resnet50,Multiply_9537,44,93,17,32,32,17,18,15,0,32,0.6652,34816,9180,0.7363,48,105.0,True
resnet50,Multiply_9537,44,94,17,32,32,17,19,15,0,32,0.6556,34816,9690,0.7217,49,37.3,True
resnet50,Multiply_9537,44,95,17,32,32,17,17,15,0,32,0.6747,34816,8670,0.751,47,31.8,True
resnet50,Multiply_9537,44,96,17,32,32,17,16,15,0,32,0.6843,34816,8160,0.7656,46,24.8,True
resnet50,Multiply_9537,44,97,17,32,32,17,15,15,0,32,0.6939,34816,7650,0.7803,45,103.1,True
resnet50,Multiply_9537,44,98,17,32,32,17,20,15,0,32,0.646,34816,10200,0.707,50,53.3,True
resnet50,Multiply_9537,44,99,17,32,32,17,20,15,0,32,0.646,34816,10200,0.707,50,22.7,True
resnet50,Multiply_9537,44,100,17,32,32,17,19,15,0,32,0.6556,34816,9690,0.7217,49,23.2,True
resnet50,Multiply_9537,44,101,17,32,32,17,15,15,0,32,0.6939,34816,7650,0.7803,45,23.7,True
resnet50,Multiply_9537,44,102,17,32,32,17,19,15,0,32,0.6556,34816,9690,0.7217,49,24.5,True
resnet50,Multiply_9537,44,103,17,32,32,17,19,15,0,32,0.6556,34816,9690,0.7217,49,22.9,True
resnet50,Multiply_9537,44,104,17,32,32,17,15,15,0,32,0.6939,34816,7650,0.7803,45,22.8,True
resnet50,Multiply_9537,44,105,17,32,32,17,9,15,0,32,0.7513,34816,4590,0.8682,39,35.3,True
resnet50,Multiply_9537,44,106,17,32,32,17,18,15,0,32,0.6652,34816,9180,0.7363,48,23.3,True
resnet50,Multiply_9537,44,107,17,32,32,17,13,15,0,32,0.713,34816,6630,0.8096,43,22.5,True
resnet50,Multiply_9537,44,108,17,32,32,17,19,15,0,32,0.6556,34816,9690,0.7217,49,29.2,True
resnet50,Multiply_9537,44,109,17,32,32,17,20,15,0,32,0.646,34816,10200,0.707,50,25.2,True
resnet50,Multiply_9537,44,110,17,32,32,17,20,15,0,32,0.646,34816,10200,0.707,50,42.7,True
resnet50,Multiply_9537,44,111,17,32,32,17,17,15,0,32,0.6747,34816,8670,0.751,47,23.3,True
resnet50,Multiply_9537,44,112,17,32,32,17,12,15,0,32,0.7226,34816,6120,0.8242,42,116.7,True
resnet50,Multiply_9537,44,113,17,32,32,17,14,15,0,32,0.7034,34816,7140,0.7949,44,24.6,True
resnet50,Multiply_9537,44,114,17,32,32,17,15,15,0,32,0.6939,34816,7650,0.7803,45,43.7,True
resnet50,Multiply_9537,44,115,17,32,32,17,18,15,0,32,0.6652,34816,9180,0.7363,48,22.4,True
resnet50,Multiply_9537,44,116,17,32,32,17,22,15,0,32,0.6269,34816,11220,0.6777,52,21.6,True
resnet50,Multiply_9537,44,117,17,32,32,17,17,15,0,32,0.6747,34816,8670,0.751,47,53.3,True
resnet50,Multiply_9537,44,118,17,32,32,17,15,15,0,32,0.6939,34816,7650,0.7803,45,39.4,True
resnet50,Multiply_9537,44,119,17,32,32,17,19,15,0,32,0.6556,34816,9690,0.7217,49,24.5,True
resnet50,Multiply_9537,44,120,17,32,32,17,19,15,0,32,0.6556,34816,9690,0.7217,49,24.2,True
resnet50,Multiply_9537,44,121,17,32,32,17,17,15,0,32,0.6747,34816,8670,0.751,47,22.4,True
resnet50,Multiply_9537,44,122,17,32,32,17,19,15,0,32,0.6556,34816,9690,0.7217,49,22.9,True
resnet50,Multiply_9537,44,123,17,32,32,17,18,15,0,32,0.6652,34816,9180,0.7363,48,22.6,True
resnet50,Multiply_9537,44,124,17,32,32,17,16,15,0,32,0.6843,34816,8160,0.7656,46,22.5,True
resnet50,Multiply_9537,44,125,17,32,32,17,13,15,0,32,0.713,34816,6630,0.8096,43,22.9,True
resnet50,Multiply_9537,44,126,17,32,32,17,18,15,0,32,0.6652,34816,9180,0.7363,48,22.4,True
resnet50,Multiply_9537,44,127,17,32,32,17,17,15,0,32,0.6747,34816,8670,0.751,47,22.4,True
resnet50,Multiply_9537,44,128,17,32,32,17,17,15,0,32,0.6747,34816,8670,0.751,47,50.8,True
resnet50,Multiply_9523,46,1,32,32,32,32,15,10,0,32,0.7705,65536,9600,0.8535,55,39.2,True
resnet50,Multiply_9523,46,2,32,32,32,32,16,10,0,32,0.7656,65536,10240,0.8438,56,74.9,True
resnet50,Multiply_9523,46,3,32,32,32,32,22,10,0,32,0.7363,65536,14080,0.7852,62,56.5,True
resnet50,Multiply_9523,46,4,32,32,32,32,19,10,0,32,0.751,65536,12160,0.8145,59,138.9,True
resnet50,Multiply_9523,46,5,32,32,32,32,17,10,0,32,0.7607,65536,10880,0.834,57,46.3,True
resnet50,Multiply_9523,46,6,32,32,32,32,17,10,0,32,0.7607,65536,10880,0.834,57,40.0,True
resnet50,Multiply_9523,46,7,32,32,32,32,20,10,0,32,0.7461,65536,12800,0.8047,60,75.0,True
resnet50,Multiply_9523,46,8,32,32,32,32,20,10,0,32,0.7461,65536,12800,0.8047,60,38.8,True
resnet50,Multiply_9523,46,9,32,32,32,32,14,10,0,32,0.7754,65536,8960,0.8633,54,39.7,True
resnet50,Multiply_9523,46,10,32,32,32,32,17,10,0,32,0.7607,65536,10880,0.834,57,39.1,True
resnet50,Multiply_9523,46,11,32,32,32,32,16,10,0,32,0.7656,65536,10240,0.8438,56,90.7,True
resnet50,Multiply_9523,46,12,32,32,32,32,14,10,0,32,0.7754,65536,8960,0.8633,54,37.9,True
resnet50,Multiply_9523,46,13,32,32,32,32,19,10,0,32,0.751,65536,12160,0.8145,59,38.5,True
resnet50,Multiply_9523,46,14,32,32,32,32,19,10,0,32,0.751,65536,12160,0.8145,59,40.1,True
resnet50,Multiply_9523,46,15,32,32,32,32,20,10,0,32,0.7461,65536,12800,0.8047,60,43.2,True
resnet50,Multiply_9523,46,16,32,32,32,32,17,10,0,32,0.7607,65536,10880,0.834,57,65.6,True
resnet50,Multiply_9523,46,17,32,32,32,32,15,10,0,32,0.7705,65536,9600,0.8535,55,38.5,True
resnet50,Multiply_9523,46,18,32,32,32,32,16,10,0,32,0.7656,65536,10240,0.8438,56,38.4,True
resnet50,Multiply_9523,46,19,32,32,32,32,22,10,0,32,0.7363,65536,14080,0.7852,62,37.8,True
resnet50,Multiply_9523,46,20,32,32,32,32,19,10,0,32,0.751,65536,12160,0.8145,59,38.8,True
resnet50,Multiply_9523,46,21,32,32,32,32,17,10,0,32,0.7607,65536,10880,0.834,57,48.5,True
resnet50,Multiply_9523,46,22,32,32,32,32,17,10,0,32,0.7607,65536,10880,0.834,57,39.5,True
resnet50,Multiply_9523,46,23,32,32,32,32,20,10,0,32,0.7461,65536,12800,0.8047,60,81.9,True
resnet50,Multiply_9523,46,24,32,32,32,32,20,10,0,32,0.7461,65536,12800,0.8047,60,39.6,True
resnet50,Multiply_9523,46,25,32,32,32,32,14,10,0,32,0.7754,65536,8960,0.8633,54,39.3,True
resnet50,Multiply_9523,46,26,32,32,32,32,17,10,0,32,0.7607,65536,10880,0.834,57,40.0,True
resnet50,Multiply_9523,46,27,32,32,32,32,16,10,0,32,0.7656,65536,10240,0.8438,56,38.7,True
resnet50,Multiply_9523,46,28,32,32,32,32,14,10,0,32,0.7754,65536,8960,0.8633,54,39.9,True
resnet50,Multiply_9523,46,29,32,32,32,32,19,10,0,32,0.751,65536,12160,0.8145,59,101.6,True
resnet50,Multiply_9523,46,30,32,32,32,32,19,10,0,32,0.751,65536,12160,0.8145,59,39.8,True
resnet50,Multiply_9523,46,31,32,32,32,32,20,10,0,32,0.7461,65536,12800,0.8047,60,40.3,True
resnet50,Multiply_9523,46,32,32,32,32,32,17,10,0,32,0.7607,65536,10880,0.834,57,39.8,True
resnet50,Multiply_9523,46,33,32,32,32,32,15,10,0,32,0.7705,65536,9600,0.8535,55,42.2,True
resnet50,Multiply_9523,46,34,32,32,32,32,16,10,0,32,0.7656,65536,10240,0.8438,56,44.7,True
resnet50,Multiply_9523,46,35,32,32,32,32,22,10,0,32,0.7363,65536,14080,0.7852,62,40.5,True
resnet50,Multiply_9523,46,36,32,32,32,32,19,10,0,32,0.751,65536,12160,0.8145,59,39.6,True
resnet50,Multiply_9523,46,37,32,32,32,32,17,10,0,32,0.7607,65536,10880,0.834,57,44.1,True
resnet50,Multiply_9523,46,38,32,32,32,32,17,10,0,32,0.7607,65536,10880,0.834,57,39.7,True
resnet50,Multiply_9523,46,39,32,32,32,32,20,10,0,32,0.7461,65536,12800,0.8047,60,39.6,True
resnet50,Multiply_9523,46,40,32,32,32,32,20,10,0,32,0.7461,65536,12800,0.8047,60,38.9,True
resnet50,Multiply_9523,46,41,32,32,32,32,14,10,0,32,0.7754,65536,8960,0.8633,54,39.1,True
resnet50,Multiply_9523,46,42,32,32,32,32,17,10,0,32,0.7607,65536,10880,0.834,57,40.0,True
resnet50,Multiply_9523,46,43,32,32,32,32,16,10,0,32,0.7656,65536,10240,0.8438,56,43.1,True
resnet50,Multiply_9523,46,44,32,32,32,32,14,10,0,32,0.7754,65536,8960,0.8633,54,40.1,True
resnet50,Multiply_9523,46,45,32,32,32,32,19,10,0,32,0.751,65536,12160,0.8145,59,46.7,True
resnet50,Multiply_9523,46,46,32,32,32,32,19,10,0,32,0.751,65536,12160,0.8145,59,361.4,True
resnet50,Multiply_9523,46,47,32,32,32,32,20,10,0,32,0.7461,65536,12800,0.8047,60,39.5,True
resnet50,Multiply_9523,46,48,32,32,32,32,17,10,0,32,0.7607,65536,10880,0.834,57,38.7,True
resnet50,Multiply_9523,46,49,32,32,32,32,15,10,0,32,0.7705,65536,9600,0.8535,55,38.4,True
resnet50,Multiply_9523,46,50,32,32,32,32,16,10,0,32,0.7656,65536,10240,0.8438,56,46.0,True
resnet50,Multiply_9523,46,51,32,32,32,32,22,10,0,32,0.7363,65536,14080,0.7852,62,40.1,True
resnet50,Multiply_9523,46,52,32,32,32,32,19,10,0,32,0.751,65536,12160,0.8145,59,38.4,True
resnet50,Multiply_9523,46,53,32,32,32,32,17,10,0,32,0.7607,65536,10880,0.834,57,37.9,True
resnet50,Multiply_9523,46,54,32,32,32,32,17,10,0,32,0.7607,65536,10880,0.834,57,39.0,True
resnet50,Multiply_9523,46,55,32,32,32,32,20,10,0,32,0.7461,65536,12800,0.8047,60,38.8,True
resnet50,Multiply_9523,46,56,32,32,32,32,20,10,0,32,0.7461,65536,12800,0.8047,60,39.0,True
resnet50,Multiply_9523,46,57,32,32,32,32,14,10,0,32,0.7754,65536,8960,0.8633,54,40.0,True
resnet50,Multiply_9523,46,58,32,32,32,32,17,10,0,32,0.7607,65536,10880,0.834,57,38.1,True
resnet50,Multiply_9523,46,59,32,32,32,32,16,10,0,32,0.7656,65536,10240,0.8438,56,40.2,True
resnet50,Multiply_9523,46,60,32,32,32,32,14,10,0,32,0.7754,65536,8960,0.8633,54,39.7,True
resnet50,Multiply_9523,46,61,32,32,32,32,19,10,0,32,0.751,65536,12160,0.8145,59,59.6,True
resnet50,Multiply_9523,46,62,32,32,32,32,19,10,0,32,0.751,65536,12160,0.8145,59,39.1,True
resnet50,Multiply_9523,46,63,32,32,32,32,20,10,0,32,0.7461,65536,12800,0.8047,60,39.2,True
resnet50,Multiply_9523,46,64,32,32,32,32,17,10,0,32,0.7607,65536,10880,0.834,57,40.0,True
resnet50,Multiply_9523,46,65,32,32,32,32,15,10,0,32,0.7705,65536,9600,0.8535,55,37.9,True
resnet50,Multiply_9523,46,66,32,32,32,32,16,10,0,32,0.7656,65536,10240,0.8438,56,46.3,True
resnet50,Multiply_9523,46,67,32,32,32,32,22,10,0,32,0.7363,65536,14080,0.7852,62,39.4,True
resnet50,Multiply_9523,46,68,32,32,32,32,19,10,0,32,0.751,65536,12160,0.8145,59,38.1,True
resnet50,Multiply_9523,46,69,32,32,32,32,17,10,0,32,0.7607,65536,10880,0.834,57,163.7,True
resnet50,Multiply_9523,46,70,32,32,32,32,17,10,0,32,0.7607,65536,10880,0.834,57,39.4,True
resnet50,Multiply_9523,46,71,32,32,32,32,20,10,0,32,0.7461,65536,12800,0.8047,60,55.9,True
resnet50,Multiply_9523,46,72,32,32,32,32,20,10,0,32,0.7461,65536,12800,0.8047,60,73.4,True
resnet50,Multiply_9523,46,73,32,32,32,32,14,10,0,32,0.7754,65536,8960,0.8633,54,67.3,True
resnet50,Multiply_9523,46,74,32,32,32,32,17,10,0,32,0.7607,65536,10880,0.834,57,55.7,True
resnet50,Multiply_9523,46,75,32,32,32,32,16,10,0,32,0.7656,65536,10240,0.8438,56,62.9,True
resnet50,Multiply_9523,46,76,32,32,32,32,14,10,0,32,0.7754,65536,8960,0.8633,54,40.1,True
resnet50,Multiply_9523,46,77,32,32,32,32,19,10,0,32,0.751,65536,12160,0.8145,59,39.4,True
resnet50,Multiply_9523,46,78,32,32,32,32,19,10,0,32,0.751,65536,12160,0.8145,59,39.5,True
resnet50,Multiply_9523,46,79,32,32,32,32,20,10,0,32,0.7461,65536,12800,0.8047,60,39.7,True
resnet50,Multiply_9523,46,80,32,32,32,32,17,10,0,32,0.7607,65536,10880,0.834,57,40.4,True
resnet50,Multiply_9523,46,81,32,32,32,32,15,11,0,32,0.7476,65536,10560,0.8389,56,44.7,True
resnet50,Multiply_9523,46,82,32,32,32,32,16,11,0,32,0.7422,65536,11264,0.8281,57,46.5,True
resnet50,Multiply_9523,46,83,32,32,32,32,22,11,0,32,0.71,65536,15488,0.7637,63,40.4,True
resnet50,Multiply_9523,46,84,32,32,32,32,19,11,0,32,0.7261,65536,13376,0.7959,60,149.9,True
resnet50,Multiply_9523,46,85,32,32,32,32,17,11,0,32,0.7368,65536,11968,0.8174,58,39.7,True
resnet50,Multiply_9523,46,86,32,32,32,32,17,11,0,32,0.7368,65536,11968,0.8174,58,40.7,True
resnet50,Multiply_9523,46,87,32,32,32,32,20,11,0,32,0.7207,65536,14080,0.7852,61,40.8,True
resnet50,Multiply_9523,46,88,32,32,32,32,20,11,0,32,0.7207,65536,14080,0.7852,61,87.0,True
resnet50,Multiply_9523,46,89,32,32,32,32,14,11,0,32,0.7529,65536,9856,0.8496,55,85.8,True
resnet50,Multiply_9523,46,90,32,32,32,32,17,11,0,32,0.7368,65536,11968,0.8174,58,161.3,True
resnet50,Multiply_9523,46,91,32,32,32,32,16,11,0,32,0.7422,65536,11264,0.8281,57,65.6,True
resnet50,Multiply_9523,46,92,32,32,32,32,14,11,0,32,0.7529,65536,9856,0.8496,55,40.0,True
resnet50,Multiply_9523,46,93,32,32,32,32,19,11,0,32,0.7261,65536,13376,0.7959,60,40.8,True
resnet50,Multiply_9523,46,94,32,32,32,32,19,11,0,32,0.7261,65536,13376,0.7959,60,197.0,True
resnet50,Multiply_9523,46,95,32,32,32,32,20,11,0,32,0.7207,65536,14080,0.7852,61,39.1,True
resnet50,Multiply_9523,46,96,32,32,32,32,17,11,0,32,0.7368,65536,11968,0.8174,58,39.0,True
resnet50,Multiply_9523,46,97,4,32,32,4,15,7,1,16,0.8845,8192,840,0.8975,24,8.6,True
resnet50,Multiply_9523,46,98,4,32,32,4,16,7,1,16,0.8785,8192,896,0.8906,25,9.3,True
resnet50,Multiply_9523,46,99,4,32,32,4,22,7,0,32,0.842,8192,1232,0.8496,31,40.6,True
resnet50,Multiply_9523,46,100,4,32,32,4,19,7,0,32,0.8602,8192,1064,0.8701,28,10.7,True
resnet50,Multiply_9523,46,101,4,32,32,4,17,7,0,32,0.8724,8192,952,0.8838,26,9.1,True
resnet50,Multiply_9523,46,102,4,32,32,4,17,7,0,32,0.8724,8192,952,0.8838,26,8.7,True
resnet50,Multiply_9523,46,103,4,32,32,4,20,7,0,32,0.8542,8192,1120,0.8633,29,10.0,True
resnet50,Multiply_9523,46,104,4,32,32,4,20,7,0,32,0.8542,8192,1120,0.8633,29,8.8,True
resnet50,Multiply_9523,46,105,4,32,32,4,14,7,1,16,0.8906,8192,784,0.9043,23,104.9,True
resnet50,Multiply_9523,46,106,4,32,32,4,17,7,0,32,0.8724,8192,952,0.8838,26,8.3,True
resnet50,Multiply_9523,46,107,4,32,32,4,16,7,1,16,0.8785,8192,896,0.8906,25,9.7,True
resnet50,Multiply_9523,46,108,4,32,32,4,14,7,1,16,0.8906,8192,784,0.9043,23,9.3,True
resnet50,Multiply_9523,46,109,4,32,32,4,19,7,0,32,0.8602,8192,1064,0.8701,28,8.4,True
resnet50,Multiply_9523,46,110,4,32,32,4,19,7,0,32,0.8602,8192,1064,0.8701,28,9.0,True
resnet50,Multiply_9523,46,111,4,32,32,4,20,7,0,32,0.8542,8192,1120,0.8633,29,11.2,True
resnet50,Multiply_9523,46,112,4,32,32,4,17,7,0,32,0.8724,8192,952,0.8838,26,9.5,True
resnet50,Multiply_9565,47,1,32,32,32,32,17,7,0,32,0.8325,65536,7616,0.8838,54,39.1,True
resnet50,Multiply_9565,47,2,32,32,32,32,18,7,0,32,0.8291,65536,8064,0.877,55,38.0,True
resnet50,Multiply_9565,47,3,32,32,32,32,22,7,0,32,0.8154,65536,9856,0.8496,59,38.5,True
resnet50,Multiply_9565,47,4,32,32,32,32,21,7,0,32,0.8188,65536,9408,0.8564,58,39.3,True
resnet50,Multiply_9565,47,5,32,32,32,32,20,7,0,32,0.8223,65536,8960,0.8633,57,52.2,True
resnet50,Multiply_9565,47,6,32,32,32,32,17,7,0,32,0.8325,65536,7616,0.8838,54,90.8,True
resnet50,Multiply_9565,47,7,32,32,32,32,20,7,0,32,0.8223,65536,8960,0.8633,57,48.3,True
resnet50,Multiply_9565,47,8,32,32,32,32,19,7,0,32,0.8257,65536,8512,0.8701,56,38.8,True
resnet50,Multiply_9565,47,9,32,32,32,32,18,7,0,32,0.8291,65536,8064,0.877,55,44.8,True
resnet50,Multiply_9565,47,10,32,32,32,32,19,7,0,32,0.8257,65536,8512,0.8701,56,54.5,True
resnet50,Multiply_9565,47,11,32,32,32,32,14,7,0,32,0.8428,65536,6272,0.9043,51,54.3,True
resnet50,Multiply_9565,47,12,32,32,32,32,12,7,0,32,0.8496,65536,5376,0.918,49,38.4,True
resnet50,Multiply_9565,47,13,32,32,32,32,15,7,0,32,0.8394,65536,6720,0.8975,52,69.7,True
resnet50,Multiply_9565,47,14,32,32,32,32,15,7,0,32,0.8394,65536,6720,0.8975,52,38.7,True
resnet50,Multiply_9565,47,15,32,32,32,32,21,7,0,32,0.8188,65536,9408,0.8564,58,40.7,True
resnet50,Multiply_9565,47,16,32,32,32,32,15,7,0,32,0.8394,65536,6720,0.8975,52,58.6,True
resnet50,Multiply_9565,47,17,32,32,32,32,16,7,0,32,0.8359,65536,7168,0.8906,53,38.7,True
resnet50,Multiply_9565,47,18,32,32,32,32,17,7,0,32,0.8325,65536,7616,0.8838,54,40.4,True
resnet50,Multiply_9565,47,19,32,32,32,32,17,7,0,32,0.8325,65536,7616,0.8838,54,163.8,True
resnet50,Multiply_9565,47,20,32,32,32,32,17,7,0,32,0.8325,65536,7616,0.8838,54,39.1,True
resnet50,Multiply_9565,47,21,32,32,32,32,17,7,0,32,0.8325,65536,7616,0.8838,54,81.4,True
resnet50,Multiply_9565,47,22,32,32,32,32,22,7,0,32,0.8154,65536,9856,0.8496,59,86.6,True
resnet50,Multiply_9565,47,23,32,32,32,32,15,7,0,32,0.8394,65536,6720,0.8975,52,162.0,True
resnet50,Multiply_9565,47,24,32,32,32,32,20,7,0,32,0.8223,65536,8960,0.8633,57,38.1,True
resnet50,Multiply_9565,47,25,32,32,32,32,18,7,0,32,0.8291,65536,8064,0.877,55,39.2,True
resnet50,Multiply_9565,47,26,32,32,32,32,15,7,0,32,0.8394,65536,6720,0.8975,52,297.3,True
resnet50,Multiply_9565,47,27,32,32,32,32,13,7,0,32,0.8462,65536,5824,0.9111,50,322.5,True
resnet50,Multiply_9565,47,28,32,32,32,32,23,7,0,32,0.812,65536,10304,0.8428,60,40.5,True
resnet50,Multiply_9565,47,29,32,32,32,32,20,7,0,32,0.8223,65536,8960,0.8633,57,40.0,True
resnet50,Multiply_9565,47,30,32,32,32,32,23,7,0,32,0.812,65536,10304,0.8428,60,38.5,True
resnet50,Multiply_9565,47,31,32,32,32,32,17,7,0,32,0.8325,65536,7616,0.8838,54,158.2,True
resnet50,Multiply_9565,47,32,32,32,32,32,20,7,0,32,0.8223,65536,8960,0.8633,57,94.4,True
resnet50,Multiply_9565,47,33,32,32,32,32,15,7,0,32,0.8394,65536,6720,0.8975,52,40.5,True
resnet50,Multiply_9565,47,34,32,32,32,32,17,7,0,32,0.8325,65536,7616,0.8838,54,45.1,True
resnet50,Multiply_9565,47,35,32,32,32,32,20,7,0,32,0.8223,65536,8960,0.8633,57,199.8,True
resnet50,Multiply_9565,47,36,32,32,32,32,17,7,0,32,0.8325,65536,7616,0.8838,54,39.1,True
resnet50,Multiply_9565,47,37,32,32,32,32,16,7,0,32,0.8359,65536,7168,0.8906,53,162.9,True
resnet50,Multiply_9565,47,38,32,32,32,32,22,7,0,32,0.8154,65536,9856,0.8496,59,182.7,True
resnet50,Multiply_9565,47,39,32,32,32,32,19,7,0,32,0.8257,65536,8512,0.8701,56,38.4,True
resnet50,Multiply_9565,47,40,32,32,32,32,15,7,0,32,0.8394,65536,6720,0.8975,52,44.0,True
resnet50,Multiply_9565,47,41,32,32,32,32,17,7,0,32,0.8325,65536,7616,0.8838,54,46.0,True
resnet50,Multiply_9565,47,42,32,32,32,32,20,7,0,32,0.8223,65536,8960,0.8633,57,100.5,True
resnet50,Multiply_9565,47,43,32,32,32,32,17,7,0,32,0.8325,65536,7616,0.8838,54,126.6,True
resnet50,Multiply_9565,47,44,32,32,32,32,21,7,0,32,0.8188,65536,9408,0.8564,58,42.4,True
resnet50,Multiply_9565,47,45,32,32,32,32,21,7,0,32,0.8188,65536,9408,0.8564,58,41.3,True
resnet50,Multiply_9565,47,46,32,32,32,32,17,7,0,32,0.8325,65536,7616,0.8838,54,39.5,True
resnet50,Multiply_9565,47,47,32,32,32,32,19,7,0,32,0.8257,65536,8512,0.8701,56,42.7,True
resnet50,Multiply_9565,47,48,32,32,32,32,17,7,0,32,0.8325,65536,7616,0.8838,54,102.4,True
resnet50,Multiply_9565,47,49,32,32,32,32,16,7,0,32,0.8359,65536,7168,0.8906,53,151.2,True
resnet50,Multiply_9565,47,50,32,32,32,32,17,7,0,32,0.8325,65536,7616,0.8838,54,39.4,True
resnet50,Multiply_9565,47,51,32,32,32,32,19,7,0,32,0.8257,65536,8512,0.8701,56,39.0,True
resnet50,Multiply_9565,47,52,32,32,32,32,18,7,0,32,0.8291,65536,8064,0.877,55,39.9,True
resnet50,Multiply_9565,47,53,32,32,32,32,17,7,0,32,0.8325,65536,7616,0.8838,54,179.3,True
resnet50,Multiply_9565,47,54,32,32,32,32,13,7,0,32,0.8462,65536,5824,0.9111,50,43.0,True
resnet50,Multiply_9565,47,55,32,32,32,32,19,7,0,32,0.8257,65536,8512,0.8701,56,39.3,True
resnet50,Multiply_9565,47,56,32,32,32,32,17,7,0,32,0.8325,65536,7616,0.8838,54,39.0,True
resnet50,Multiply_9565,47,57,32,32,32,32,19,7,0,32,0.8257,65536,8512,0.8701,56,49.0,True
resnet50,Multiply_9565,47,58,32,32,32,32,18,7,0,32,0.8291,65536,8064,0.877,55,39.0,True
resnet50,Multiply_9565,47,59,32,32,32,32,14,7,0,32,0.8428,65536,6272,0.9043,51,40.0,True
resnet50,Multiply_9565,47,60,32,32,32,32,13,7,0,32,0.8462,65536,5824,0.9111,50,38.6,True
resnet50,Multiply_9565,47,61,32,32,32,32,14,7,0,32,0.8428,65536,6272,0.9043,51,38.4,True
resnet50,Multiply_9565,47,62,32,32,32,32,14,7,0,32,0.8428,65536,6272,0.9043,51,40.4,True
resnet50,Multiply_9565,47,63,32,32,32,32,17,7,0,32,0.8325,65536,7616,0.8838,54,38.4,True
resnet50,Multiply_9565,47,64,32,32,32,32,18,7,0,32,0.8291,65536,8064,0.877,55,63.9,True
resnet50,Multiply_9565,47,65,17,32,32,17,17,8,0,32,0.8265,34816,4624,0.8672,40,47.8,True
resnet50,Multiply_9565,47,66,17,32,32,17,18,8,0,32,0.8214,34816,4896,0.8594,41,51.0,True
resnet50,Multiply_9565,47,67,17,32,32,17,22,8,0,32,0.801,34816,5984,0.8281,45,31.7,True
resnet50,Multiply_9565,47,68,17,32,32,17,21,8,0,32,0.8061,34816,5712,0.8359,44,58.0,True
resnet50,Multiply_9565,47,69,17,32,32,17,20,8,0,32,0.8112,34816,5440,0.8438,43,52.5,True
resnet50,Multiply_9565,47,70,17,32,32,17,17,8,0,32,0.8265,34816,4624,0.8672,40,23.9,True
resnet50,Multiply_9565,47,71,17,32,32,17,20,8,0,32,0.8112,34816,5440,0.8438,43,22.4,True
resnet50,Multiply_9565,47,72,17,32,32,17,19,8,0,32,0.8163,34816,5168,0.8516,42,23.2,True
resnet50,Multiply_9565,47,73,17,32,32,17,18,8,0,32,0.8214,34816,4896,0.8594,41,88.5,True
resnet50,Multiply_9565,47,74,17,32,32,17,19,8,0,32,0.8163,34816,5168,0.8516,42,22.8,True
resnet50,Multiply_9565,47,75,17,32,32,17,14,8,0,32,0.8418,34816,3808,0.8906,37,22.4,True
resnet50,Multiply_9565,47,76,17,32,32,17,12,8,0,32,0.852,34816,3264,0.9062,35,23.6,True
resnet50,Multiply_9565,47,77,17,32,32,17,15,8,0,32,0.8367,34816,4080,0.8828,38,24.1,True
resnet50,Multiply_9565,47,78,17,32,32,17,15,8,0,32,0.8367,34816,4080,0.8828,38,22.5,True
resnet50,Multiply_9565,47,79,17,32,32,17,21,8,0,32,0.8061,34816,5712,0.8359,44,75.8,True
resnet50,Multiply_9565,47,80,17,32,32,17,15,8,0,32,0.8367,34816,4080,0.8828,38,94.2,True
resnet50,Multiply_9565,47,81,17,32,32,17,16,8,0,32,0.8316,34816,4352,0.875,39,22.8,True
resnet50,Multiply_9565,47,82,17,32,32,17,17,8,0,32,0.8265,34816,4624,0.8672,40,50.0,True
resnet50,Multiply_9565,47,83,17,32,32,17,17,8,0,32,0.8265,34816,4624,0.8672,40,45.9,True
resnet50,Multiply_9565,47,84,17,32,32,17,17,8,0,32,0.8265,34816,4624,0.8672,40,75.4,True
resnet50,Multiply_9565,47,85,17,32,32,17,17,8,0,32,0.8265,34816,4624,0.8672,40,25.5,True
resnet50,Multiply_9565,47,86,17,32,32,17,22,8,0,32,0.801,34816,5984,0.8281,45,23.0,True
resnet50,Multiply_9565,47,87,17,32,32,17,15,8,0,32,0.8367,34816,4080,0.8828,38,25.7,True
resnet50,Multiply_9565,47,88,17,32,32,17,20,8,0,32,0.8112,34816,5440,0.8438,43,31.8,True
resnet50,Multiply_9565,47,89,17,32,32,17,18,8,0,32,0.8214,34816,4896,0.8594,41,29.7,True
resnet50,Multiply_9565,47,90,17,32,32,17,15,8,0,32,0.8367,34816,4080,0.8828,38,22.9,True
resnet50,Multiply_9565,47,91,17,32,32,17,13,8,0,32,0.8469,34816,3536,0.8984,36,22.8,True
resnet50,Multiply_9565,47,92,17,32,32,17,23,8,0,32,0.7959,34816,6256,0.8203,46,60.1,True
resnet50,Multiply_9565,47,93,17,32,32,17,20,8,0,32,0.8112,34816,5440,0.8438,43,22.6,True
resnet50,Multiply_9565,47,94,17,32,32,17,23,8,0,32,0.7959,34816,6256,0.8203,46,102.5,True
resnet50,Multiply_9565,47,95,17,32,32,17,17,8,0,32,0.8265,34816,4624,0.8672,40,55.6,True
resnet50,Multiply_9565,47,96,17,32,32,17,20,8,0,32,0.8112,34816,5440,0.8438,43,33.1,True
resnet50,Multiply_9565,47,97,17,32,32,17,15,8,0,32,0.8367,34816,4080,0.8828,38,24.2,True
resnet50,Multiply_9565,47,98,17,32,32,17,17,8,0,32,0.8265,34816,4624,0.8672,40,111.1,True
resnet50,Multiply_9565,47,99,17,32,32,17,20,8,0,32,0.8112,34816,5440,0.8438,43,43.3,True
resnet50,Multiply_9565,47,100,17,32,32,17,17,8,0,32,0.8265,34816,4624,0.8672,40,25.9,True
resnet50,Multiply_9565,47,101,17,32,32,17,16,8,0,32,0.8316,34816,4352,0.875,39,97.1,True
resnet50,Multiply_9565,47,102,17,32,32,17,22,8,0,32,0.801,34816,5984,0.8281,45,22.3,True
resnet50,Multiply_9565,47,103,17,32,32,17,19,8,0,32,0.8163,34816,5168,0.8516,42,1166.7,True
resnet50,Multiply_9565,47,104,17,32,32,17,15,8,0,32,0.8367,34816,4080,0.8828,38,23.7,True
resnet50,Multiply_9565,47,105,17,32,32,17,17,8,0,32,0.8265,34816,4624,0.8672,40,94.7,True
resnet50,Multiply_9565,47,106,17,32,32,17,20,8,0,32,0.8112,34816,5440,0.8438,43,31.0,True
resnet50,Multiply_9565,47,107,17,32,32,17,17,8,0,32,0.8265,34816,4624,0.8672,40,80.3,True
resnet50,Multiply_9565,47,108,17,32,32,17,21,8,0,32,0.8061,34816,5712,0.8359,44,28.5,True
resnet50,Multiply_9565,47,109,17,32,32,17,21,8,0,32,0.8061,34816,5712,0.8359,44,28.8,True
resnet50,Multiply_9565,47,110,17,32,32,17,17,8,0,32,0.8265,34816,4624,0.8672,40,49.5,True
resnet50,Multiply_9565,47,111,17,32,32,17,19,8,0,32,0.8163,34816,5168,0.8516,42,30.8,True
resnet50,Multiply_9565,47,112,17,32,32,17,17,8,0,32,0.8265,34816,4624,0.8672,40,29.2,True
resnet50,Multiply_9565,47,113,17,32,32,17,16,8,0,32,0.8316,34816,4352,0.875,39,95.1,True
resnet50,Multiply_9565,47,114,17,32,32,17,17,8,0,32,0.8265,34816,4624,0.8672,40,33.1,True
resnet50,Multiply_9565,47,115,17,32,32,17,19,8,0,32,0.8163,34816,5168,0.8516,42,34.7,True
resnet50,Multiply_9565,47,116,17,32,32,17,18,8,0,32,0.8214,34816,4896,0.8594,41,29.1,True
resnet50,Multiply_9565,47,117,17,32,32,17,17,8,0,32,0.8265,34816,4624,0.8672,40,36.4,True
resnet50,Multiply_9565,47,118,17,32,32,17,13,8,0,32,0.8469,34816,3536,0.8984,36,23.2,True
resnet50,Multiply_9565,47,119,17,32,32,17,19,8,0,32,0.8163,34816,5168,0.8516,42,27.9,True
resnet50,Multiply_9565,47,120,17,32,32,17,17,8,0,32,0.8265,34816,4624,0.8672,40,104.9,True
resnet50,Multiply_9565,47,121,17,32,32,17,19,8,0,32,0.8163,34816,5168,0.8516,42,34.2,True
resnet50,Multiply_9565,47,122,17,32,32,17,18,8,0,32,0.8214,34816,4896,0.8594,41,104.2,True
resnet50,Multiply_9565,47,123,17,32,32,17,14,8,0,32,0.8418,34816,3808,0.8906,37,67.9,True
resnet50,Multiply_9565,47,124,17,32,32,17,13,8,0,32,0.8469,34816,3536,0.8984,36,96.3,True
resnet50,Multiply_9565,47,125,17,32,32,17,14,8,0,32,0.8418,34816,3808,0.8906,37,119.1,True
resnet50,Multiply_9565,47,126,17,32,32,17,14,8,0,32,0.8418,34816,3808,0.8906,37,100.3,True
resnet50,Multiply_9565,47,127,17,32,32,17,17,8,0,32,0.8265,34816,4624,0.8672,40,88.5,True
resnet50,Multiply_9565,47,128,17,32,32,17,18,8,0,32,0.8214,34816,4896,0.8594,41,27.7,True
resnet50,Multiply_9558,48,1,32,32,32,32,21,5,0,32,0.8706,65536,6720,0.8975,56,45.6,True
resnet50,Multiply_9558,48,2,32,32,32,32,21,5,0,32,0.8706,65536,6720,0.8975,56,47.8,True
resnet50,Multiply_9558,48,3,32,32,32,32,16,5,0,32,0.8828,65536,5120,0.9219,51,45.2,True
resnet50,Multiply_9558,48,4,32,32,32,32,16,5,0,32,0.8828,65536,5120,0.9219,51,178.1,True
resnet50,Multiply_9558,48,5,32,32,32,32,16,5,0,32,0.8828,65536,5120,0.9219,51,66.1,True
resnet50,Multiply_9558,48,6,32,32,32,32,17,5,0,32,0.8804,65536,5440,0.917,52,79.9,True
resnet50,Multiply_9558,48,7,32,32,32,32,18,5,0,32,0.8779,65536,5760,0.9121,53,178.6,True
resnet50,Multiply_9558,48,8,32,32,32,32,19,5,0,32,0.8755,65536,6080,0.9072,54,124.0,True
resnet50,Multiply_9558,48,9,32,32,32,32,20,5,0,32,0.873,65536,6400,0.9023,55,38.6,True
resnet50,Multiply_9558,48,10,32,32,32,32,17,5,0,32,0.8804,65536,5440,0.917,52,39.0,True
resnet50,Multiply_9558,48,11,32,32,32,32,15,5,0,32,0.8853,65536,4800,0.9268,50,124.7,True
resnet50,Multiply_9558,48,12,32,32,32,32,19,5,0,32,0.8755,65536,6080,0.9072,54,86.1,True
resnet50,Multiply_9558,48,13,32,32,32,32,15,5,0,32,0.8853,65536,4800,0.9268,50,41.8,True
resnet50,Multiply_9558,48,14,32,32,32,32,17,5,0,32,0.8804,65536,5440,0.917,52,223.9,True
resnet50,Multiply_9558,48,15,32,32,32,32,20,5,0,32,0.873,65536,6400,0.9023,55,125.3,True
resnet50,Multiply_9558,48,16,32,32,32,32,15,5,0,32,0.8853,65536,4800,0.9268,50,174.4,True
resnet50,Multiply_9558,48,17,17,32,32,17,21,17,0,32,0.588,34816,12138,0.6514,53,94.2,True
resnet50,Multiply_9558,48,18,17,32,32,17,21,17,0,32,0.588,34816,12138,0.6514,53,29.2,True
resnet50,Multiply_9558,48,19,17,32,32,17,16,17,0,32,0.6422,34816,9248,0.7344,48,96.4,True
resnet50,Multiply_9558,48,20,17,32,32,17,16,17,0,32,0.6422,34816,9248,0.7344,48,30.7,True
resnet50,Multiply_9558,48,21,17,32,32,17,16,17,0,32,0.6422,34816,9248,0.7344,48,30.4,True
resnet50,Multiply_9558,48,22,17,32,32,17,17,17,0,32,0.6314,34816,9826,0.7178,49,23.8,True
resnet50,Multiply_9558,48,23,17,32,32,17,18,17,0,32,0.6205,34816,10404,0.7012,50,24.9,True
resnet50,Multiply_9558,48,24,17,32,32,17,19,17,0,32,0.6097,34816,10982,0.6846,51,31.7,True
resnet50,Multiply_9558,48,25,17,32,32,17,20,17,0,32,0.5989,34816,11560,0.668,52,50.7,True
resnet50,Multiply_9558,48,26,17,32,32,17,17,17,0,32,0.6314,34816,9826,0.7178,49,104.3,True
resnet50,Multiply_9558,48,27,17,32,32,17,15,17,0,32,0.6531,34816,8670,0.751,47,43.2,True
resnet50,Multiply_9558,48,28,17,32,32,17,19,17,0,32,0.6097,34816,10982,0.6846,51,27.5,True
resnet50,Multiply_9558,48,29,17,32,32,17,15,17,0,32,0.6531,34816,8670,0.751,47,22.8,True
resnet50,Multiply_9558,48,30,17,32,32,17,17,17,0,32,0.6314,34816,9826,0.7178,49,42.1,True
resnet50,Multiply_9558,48,31,17,32,32,17,20,17,0,32,0.5989,34816,11560,0.668,52,22.6,True
resnet50,Multiply_9558,48,32,17,32,32,17,15,17,0,32,0.6531,34816,8670,0.751,47,23.0,True
resnet50,Multiply_9551,49,1,32,32,32,32,19,10,0,32,0.751,65536,12160,0.8145,59,48.9,True
resnet50,Multiply_9551,49,2,32,32,32,32,12,10,0,32,0.7852,65536,7680,0.8828,52,44.9,True
resnet50,Multiply_9551,49,3,32,32,32,32,17,10,0,32,0.7607,65536,10880,0.834,57,48.4,True
resnet50,Multiply_9551,49,4,32,32,32,32,17,10,0,32,0.7607,65536,10880,0.834,57,67.2,True
resnet50,Multiply_9551,49,5,32,32,32,32,19,10,0,32,0.751,65536,12160,0.8145,59,38.1,True
resnet50,Multiply_9551,49,6,32,32,32,32,19,10,0,32,0.751,65536,12160,0.8145,59,178.7,True
resnet50,Multiply_9551,49,7,32,32,32,32,14,10,0,32,0.7754,65536,8960,0.8633,54,48.7,True
resnet50,Multiply_9551,49,8,32,32,32,32,16,10,0,32,0.7656,65536,10240,0.8438,56,59.5,True
resnet50,Multiply_9551,49,9,32,32,32,32,17,10,0,32,0.7607,65536,10880,0.834,57,37.9,True
resnet50,Multiply_9551,49,10,32,32,32,32,23,10,0,32,0.7314,65536,14720,0.7754,63,38.3,True
resnet50,Multiply_9551,49,11,32,32,32,32,18,10,0,32,0.7559,65536,11520,0.8242,58,39.9,True
resnet50,Multiply_9551,49,12,32,32,32,32,18,10,0,32,0.7559,65536,11520,0.8242,58,48.9,True
resnet50,Multiply_9551,49,13,32,32,32,32,19,10,0,32,0.751,65536,12160,0.8145,59,38.7,True
resnet50,Multiply_9551,49,14,32,32,32,32,20,10,0,32,0.7461,65536,12800,0.8047,60,38.9,True
resnet50,Multiply_9551,49,15,32,32,32,32,18,10,0,32,0.7559,65536,11520,0.8242,58,38.4,True
resnet50,Multiply_9551,49,16,32,32,32,32,16,10,0,32,0.7656,65536,10240,0.8438,56,66.6,True
resnet50,Multiply_9551,49,17,17,32,32,17,19,10,0,32,0.7704,34816,6460,0.8145,44,62.9,True
resnet50,Multiply_9551,49,18,17,32,32,17,12,10,0,32,0.8151,34816,4080,0.8828,37,30.4,True
resnet50,Multiply_9551,49,19,17,32,32,17,17,10,0,32,0.7832,34816,5780,0.834,42,22.4,True
resnet50,Multiply_9551,49,20,17,32,32,17,17,10,0,32,0.7832,34816,5780,0.834,42,82.0,True
resnet50,Multiply_9551,49,21,17,32,32,17,19,10,0,32,0.7704,34816,6460,0.8145,44,23.4,True
resnet50,Multiply_9551,49,22,17,32,32,17,19,10,0,32,0.7704,34816,6460,0.8145,44,52.6,True
resnet50,Multiply_9551,49,23,17,32,32,17,14,10,0,32,0.8023,34816,4760,0.8633,39,64.3,True
resnet50,Multiply_9551,49,24,17,32,32,17,16,10,0,32,0.7895,34816,5440,0.8438,41,117.5,True
resnet50,Multiply_9551,49,25,17,32,32,17,17,10,0,32,0.7832,34816,5780,0.834,42,29.0,True
resnet50,Multiply_9551,49,26,17,32,32,17,23,10,0,32,0.7449,34816,7820,0.7754,48,55.8,True
resnet50,Multiply_9551,49,27,17,32,32,17,18,10,0,32,0.7768,34816,6120,0.8242,43,103.9,True
resnet50,Multiply_9551,49,28,17,32,32,17,18,10,0,32,0.7768,34816,6120,0.8242,43,33.7,True
resnet50,Multiply_9551,49,29,17,32,32,17,19,10,0,32,0.7704,34816,6460,0.8145,44,37.7,True
resnet50,Multiply_9551,49,30,17,32,32,17,20,10,0,32,0.764,34816,6800,0.8047,45,23.8,True
resnet50,Multiply_9551,49,31,17,32,32,17,18,10,0,32,0.7768,34816,6120,0.8242,43,30.3,True
resnet50,Multiply_9551,49,32,17,32,32,17,16,10,0,32,0.7895,34816,5440,0.8438,41,32.0,True
resnet50,Multiply_9586,50,1,32,32,32,32,17,6,0,32,0.8564,65536,6528,0.9004,53,47.4,True
resnet50,Multiply_9586,50,2,32,32,32,32,16,6,0,32,0.8594,65536,6144,0.9062,52,48.4,True
resnet50,Multiply_9586,50,3,32,32,32,32,18,6,0,32,0.8535,65536,6912,0.8945,54,46.1,True
resnet50,Multiply_9586,50,4,32,32,32,32,16,6,0,32,0.8594,65536,6144,0.9062,52,144.3,True
resnet50,Multiply_9586,50,5,32,32,32,32,20,6,0,32,0.8477,65536,7680,0.8828,56,50.9,True
resnet50,Multiply_9586,50,6,32,32,32,32,15,6,0,32,0.8623,65536,5760,0.9121,51,51.1,True
resnet50,Multiply_9586,50,7,32,32,32,32,19,6,0,32,0.8506,65536,7296,0.8887,55,73.8,True
resnet50,Multiply_9586,50,8,32,32,32,32,17,6,0,32,0.8564,65536,6528,0.9004,53,40.8,True
resnet50,Multiply_9586,50,9,32,32,32,32,17,6,0,32,0.8564,65536,6528,0.9004,53,133.0,True
resnet50,Multiply_9586,50,10,32,32,32,32,19,6,0,32,0.8506,65536,7296,0.8887,55,38.6,True
resnet50,Multiply_9586,50,11,32,32,32,32,17,6,0,32,0.8564,65536,6528,0.9004,53,38.9,True
resnet50,Multiply_9586,50,12,32,32,32,32,13,6,0,32,0.8682,65536,4992,0.9238,49,88.8,True
resnet50,Multiply_9586,50,13,32,32,32,32,17,6,0,32,0.8564,65536,6528,0.9004,53,62.3,True
resnet50,Multiply_9586,50,14,32,32,32,32,13,6,0,32,0.8682,65536,4992,0.9238,49,159.0,True
resnet50,Multiply_9586,50,15,32,32,32,32,20,6,0,32,0.8477,65536,7680,0.8828,56,38.4,True
resnet50,Multiply_9586,50,16,32,32,32,32,17,6,0,32,0.8564,65536,6528,0.9004,53,199.6,True
resnet50,Multiply_9586,50,17,32,32,32,32,21,6,0,32,0.8447,65536,8064,0.877,57,54.4,True
resnet50,Multiply_9586,50,18,32,32,32,32,16,6,0,32,0.8594,65536,6144,0.9062,52,162.6,True
resnet50,Multiply_9586,50,19,32,32,32,32,21,6,0,32,0.8447,65536,8064,0.877,57,163.0,True
resnet50,Multiply_9586,50,20,32,32,32,32,20,6,0,32,0.8477,65536,7680,0.8828,56,39.6,True
resnet50,Multiply_9586,50,21,32,32,32,32,17,6,0,32,0.8564,65536,6528,0.9004,53,269.1,True
resnet50,Multiply_9586,50,22,32,32,32,32,21,6,0,32,0.8447,65536,8064,0.877,57,39.7,True
resnet50,Multiply_9586,50,23,32,32,32,32,17,6,0,32,0.8564,65536,6528,0.9004,53,48.8,True
resnet50,Multiply_9586,50,24,32,32,32,32,20,6,0,32,0.8477,65536,7680,0.8828,56,318.0,True
resnet50,Multiply_9586,50,25,32,32,32,32,16,6,0,32,0.8594,65536,6144,0.9062,52,158.5,True
resnet50,Multiply_9586,50,26,32,32,32,32,15,6,0,32,0.8623,65536,5760,0.9121,51,85.4,True
resnet50,Multiply_9586,50,27,32,32,32,32,17,6,0,32,0.8564,65536,6528,0.9004,53,38.2,True
resnet50,Multiply_9586,50,28,32,32,32,32,21,6,0,32,0.8447,65536,8064,0.877,57,177.5,True
resnet50,Multiply_9586,50,29,32,32,32,32,18,6,0,32,0.8535,65536,6912,0.8945,54,47.6,True
resnet50,Multiply_9586,50,30,32,32,32,32,22,6,0,32,0.8418,65536,8448,0.8711,58,175.9,True
resnet50,Multiply_9586,50,31,32,32,32,32,18,6,0,32,0.8535,65536,6912,0.8945,54,38.3,True
resnet50,Multiply_9586,50,32,32,32,32,32,17,6,0,32,0.8564,65536,6528,0.9004,53,241.9,True
resnet50,Multiply_9586,50,33,32,32,32,32,15,6,0,32,0.8623,65536,5760,0.9121,51,38.8,True
resnet50,Multiply_9586,50,34,32,32,32,32,19,6,0,32,0.8506,65536,7296,0.8887,55,151.9,True
resnet50,Multiply_9586,50,35,32,32,32,32,23,6,0,32,0.8389,65536,8832,0.8652,59,146.1,True
resnet50,Multiply_9586,50,36,32,32,32,32,20,6,0,32,0.8477,65536,7680,0.8828,56,158.0,True
resnet50,Multiply_9586,50,37,32,32,32,32,17,6,0,32,0.8564,65536,6528,0.9004,53,144.3,True
resnet50,Multiply_9586,50,38,32,32,32,32,21,6,0,32,0.8447,65536,8064,0.877,57,158.2,True
resnet50,Multiply_9586,50,39,32,32,32,32,22,6,0,32,0.8418,65536,8448,0.8711,58,48.3,True
resnet50,Multiply_9586,50,40,32,32,32,32,15,6,0,32,0.8623,65536,5760,0.9121,51,84.0,True
resnet50,Multiply_9586,50,41,32,32,32,32,12,6,0,32,0.8711,65536,4608,0.9297,48,123.8,True
resnet50,Multiply_9586,50,42,32,32,32,32,20,6,0,32,0.8477,65536,7680,0.8828,56,175.3,True
resnet50,Multiply_9586,50,43,32,32,32,32,17,6,0,32,0.8564,65536,6528,0.9004,53,49.0,True
resnet50,Multiply_9586,50,44,32,32,32,32,20,6,0,32,0.8477,65536,7680,0.8828,56,44.4,True
resnet50,Multiply_9586,50,45,32,32,32,32,20,6,0,32,0.8477,65536,7680,0.8828,56,43.8,True
resnet50,Multiply_9586,50,46,32,32,32,32,19,6,0,32,0.8506,65536,7296,0.8887,55,175.3,True
resnet50,Multiply_9586,50,47,32,32,32,32,19,6,0,32,0.8506,65536,7296,0.8887,55,63.5,True
resnet50,Multiply_9586,50,48,32,32,32,32,15,6,0,32,0.8623,65536,5760,0.9121,51,182.0,True
resnet50,Multiply_9586,50,49,32,32,32,32,14,6,0,32,0.8652,65536,5376,0.918,50,137.6,True
resnet50,Multiply_9586,50,50,32,32,32,32,15,6,0,32,0.8623,65536,5760,0.9121,51,82.7,True
resnet50,Multiply_9586,50,51,32,32,32,32,21,6,0,32,0.8447,65536,8064,0.877,57,160.0,True
resnet50,Multiply_9586,50,52,32,32,32,32,22,6,0,32,0.8418,65536,8448,0.8711,58,44.1,True
resnet50,Multiply_9586,50,53,32,32,32,32,18,6,0,32,0.8535,65536,6912,0.8945,54,51.9,True
resnet50,Multiply_9586,50,54,32,32,32,32,14,6,0,32,0.8652,65536,5376,0.918,50,367.3,True
resnet50,Multiply_9586,50,55,32,32,32,32,20,6,0,32,0.8477,65536,7680,0.8828,56,48.5,True
resnet50,Multiply_9586,50,56,32,32,32,32,16,6,0,32,0.8594,65536,6144,0.9062,52,49.8,True
resnet50,Multiply_9586,50,57,32,32,32,32,15,6,0,32,0.8623,65536,5760,0.9121,51,60.8,True
resnet50,Multiply_9586,50,58,32,32,32,32,22,6,0,32,0.8418,65536,8448,0.8711,58,163.9,True
resnet50,Multiply_9586,50,59,32,32,32,32,15,6,0,32,0.8623,65536,5760,0.9121,51,72.9,True
resnet50,Multiply_9586,50,60,32,32,32,32,15,6,0,32,0.8623,65536,5760,0.9121,51,39.5,True
resnet50,Multiply_9586,50,61,32,32,32,32,10,6,0,32,0.877,65536,3840,0.9414,46,181.6,True
resnet50,Multiply_9586,50,62,32,32,32,32,12,6,0,32,0.8711,65536,4608,0.9297,48,44.9,True
resnet50,Multiply_9586,50,63,32,32,32,32,16,6,0,32,0.8594,65536,6144,0.9062,52,38.2,True
resnet50,Multiply_9586,50,64,32,32,32,32,19,6,0,32,0.8506,65536,7296,0.8887,55,38.4,True
resnet50,Multiply_9586,50,65,17,32,32,17,17,6,0,32,0.8699,34816,3468,0.9004,38,28.7,True
resnet50,Multiply_9586,50,66,17,32,32,17,16,6,0,32,0.8737,34816,3264,0.9062,37,29.5,True
resnet50,Multiply_9586,50,67,17,32,32,17,18,6,0,32,0.8661,34816,3672,0.8945,39,30.1,True
resnet50,Multiply_9586,50,68,17,32,32,17,16,6,0,32,0.8737,34816,3264,0.9062,37,114.5,True
resnet50,Multiply_9586,50,69,17,32,32,17,20,6,0,32,0.8584,34816,4080,0.8828,41,24.3,True
resnet50,Multiply_9586,50,70,17,32,32,17,15,6,0,32,0.8776,34816,3060,0.9121,36,96.2,True
resnet50,Multiply_9586,50,71,17,32,32,17,19,6,0,32,0.8622,34816,3876,0.8887,40,23.3,True
resnet50,Multiply_9586,50,72,17,32,32,17,17,6,0,32,0.8699,34816,3468,0.9004,38,42.7,True
resnet50,Multiply_9586,50,73,17,32,32,17,17,6,0,32,0.8699,34816,3468,0.9004,38,22.8,True
resnet50,Multiply_9586,50,74,17,32,32,17,19,6,0,32,0.8622,34816,3876,0.8887,40,30.5,True
resnet50,Multiply_9586,50,75,17,32,32,17,17,6,0,32,0.8699,34816,3468,0.9004,38,27.9,True
resnet50,Multiply_9586,50,76,17,32,32,17,13,6,0,32,0.8852,34816,2652,0.9238,34,75.1,True
resnet50,Multiply_9586,50,77,17,32,32,17,17,6,0,32,0.8699,34816,3468,0.9004,38,96.8,True
resnet50,Multiply_9586,50,78,17,32,32,17,13,6,0,32,0.8852,34816,2652,0.9238,34,30.6,True
resnet50,Multiply_9586,50,79,17,32,32,17,20,6,0,32,0.8584,34816,4080,0.8828,41,113.8,True
resnet50,Multiply_9586,50,80,17,32,32,17,17,6,0,32,0.8699,34816,3468,0.9004,38,22.8,True
resnet50,Multiply_9586,50,81,17,32,32,17,21,6,0,32,0.8546,34816,4284,0.877,42,37.4,True
resnet50,Multiply_9586,50,82,17,32,32,17,16,6,0,32,0.8737,34816,3264,0.9062,37,32.6,True
resnet50,Multiply_9586,50,83,17,32,32,17,21,6,0,32,0.8546,34816,4284,0.877,42,29.4,True
resnet50,Multiply_9586,50,84,17,32,32,17,20,6,0,32,0.8584,34816,4080,0.8828,41,30.4,True
resnet50,Multiply_9586,50,85,17,32,32,17,17,6,0,32,0.8699,34816,3468,0.9004,38,103.3,True
resnet50,Multiply_9586,50,86,17,32,32,17,21,6,0,32,0.8546,34816,4284,0.877,42,60.3,True
resnet50,Multiply_9586,50,87,17,32,32,17,17,6,0,32,0.8699,34816,3468,0.9004,38,24.6,True
resnet50,Multiply_9586,50,88,17,32,32,17,20,6,0,32,0.8584,34816,4080,0.8828,41,27.9,True
resnet50,Multiply_9586,50,89,17,32,32,17,16,6,0,32,0.8737,34816,3264,0.9062,37,72.1,True
resnet50,Multiply_9586,50,90,17,32,32,17,15,6,0,32,0.8776,34816,3060,0.9121,36,37.2,True
resnet50,Multiply_9586,50,91,17,32,32,17,17,6,0,32,0.8699,34816,3468,0.9004,38,35.8,True
resnet50,Multiply_9586,50,92,17,32,32,17,21,6,0,32,0.8546,34816,4284,0.877,42,103.2,True
resnet50,Multiply_9586,50,93,17,32,32,17,18,6,0,32,0.8661,34816,3672,0.8945,39,52.2,True
resnet50,Multiply_9586,50,94,17,32,32,17,22,6,0,32,0.8508,34816,4488,0.8711,43,106.6,True
resnet50,Multiply_9586,50,95,17,32,32,17,18,6,0,32,0.8661,34816,3672,0.8945,39,22.5,True
resnet50,Multiply_9586,50,96,17,32,32,17,17,6,0,32,0.8699,34816,3468,0.9004,38,35.2,True
resnet50,Multiply_9586,50,97,17,32,32,17,15,6,0,32,0.8776,34816,3060,0.9121,36,38.7,True
resnet50,Multiply_9586,50,98,17,32,32,17,19,6,0,32,0.8622,34816,3876,0.8887,40,22.9,True
resnet50,Multiply_9586,50,99,17,32,32,17,23,6,0,32,0.8469,34816,4692,0.8652,44,22.9,True
resnet50,Multiply_9586,50,100,17,32,32,17,20,6,0,32,0.8584,34816,4080,0.8828,41,111.2,True
resnet50,Multiply_9586,50,101,17,32,32,17,17,6,0,32,0.8699,34816,3468,0.9004,38,23.6,True
resnet50,Multiply_9586,50,102,17,32,32,17,21,6,0,32,0.8546,34816,4284,0.877,42,22.5,True
resnet50,Multiply_9586,50,103,17,32,32,17,22,6,0,32,0.8508,34816,4488,0.8711,43,57.9,True
resnet50,Multiply_9586,50,104,17,32,32,17,15,6,0,32,0.8776,34816,3060,0.9121,36,22.7,True
resnet50,Multiply_9586,50,105,17,32,32,17,12,6,0,32,0.889,34816,2448,0.9297,33,30.2,True
resnet50,Multiply_9586,50,106,17,32,32,17,20,6,0,32,0.8584,34816,4080,0.8828,41,107.2,True
resnet50,Multiply_9586,50,107,17,32,32,17,17,6,0,32,0.8699,34816,3468,0.9004,38,34.2,True
resnet50,Multiply_9586,50,108,17,32,32,17,20,6,0,32,0.8584,34816,4080,0.8828,41,22.8,True
resnet50,Multiply_9586,50,109,17,32,32,17,20,6,0,32,0.8584,34816,4080,0.8828,41,80.4,True
resnet50,Multiply_9586,50,110,17,32,32,17,19,6,0,32,0.8622,34816,3876,0.8887,40,108.9,True
resnet50,Multiply_9586,50,111,17,32,32,17,19,6,0,32,0.8622,34816,3876,0.8887,40,22.8,True
resnet50,Multiply_9586,50,112,17,32,32,17,15,6,0,32,0.8776,34816,3060,0.9121,36,44.5,True
resnet50,Multiply_9586,50,113,17,32,32,17,14,6,0,32,0.8814,34816,2856,0.918,35,29.6,True
resnet50,Multiply_9586,50,114,17,32,32,17,15,6,0,32,0.8776,34816,3060,0.9121,36,22.9,True
resnet50,Multiply_9586,50,115,17,32,32,17,21,6,0,32,0.8546,34816,4284,0.877,42,106.8,True
resnet50,Multiply_9586,50,116,17,32,32,17,22,6,0,32,0.8508,34816,4488,0.8711,43,31.5,True
resnet50,Multiply_9586,50,117,17,32,32,17,18,6,0,32,0.8661,34816,3672,0.8945,39,35.1,True
resnet50,Multiply_9586,50,118,17,32,32,17,14,6,0,32,0.8814,34816,2856,0.918,35,30.6,True
resnet50,Multiply_9586,50,119,17,32,32,17,20,6,0,32,0.8584,34816,4080,0.8828,41,104.1,True
resnet50,Multiply_9586,50,120,17,32,32,17,16,6,0,32,0.8737,34816,3264,0.9062,37,36.2,True
resnet50,Multiply_9586,50,121,17,32,32,17,15,6,0,32,0.8776,34816,3060,0.9121,36,137.9,True
resnet50,Multiply_9586,50,122,17,32,32,17,22,6,0,32,0.8508,34816,4488,0.8711,43,47.5,True
resnet50,Multiply_9586,50,123,17,32,32,17,15,6,0,32,0.8776,34816,3060,0.9121,36,32.3,True
resnet50,Multiply_9586,50,124,17,32,32,17,15,6,0,32,0.8776,34816,3060,0.9121,36,33.4,True
resnet50,Multiply_9586,50,125,17,32,32,17,10,6,0,32,0.8967,34816,2040,0.9414,31,96.3,True
resnet50,Multiply_9586,50,126,17,32,32,17,12,6,0,32,0.889,34816,2448,0.9297,33,29.6,True
resnet50,Multiply_9586,50,127,17,32,32,17,16,6,0,32,0.8737,34816,3264,0.9062,37,22.8,True
resnet50,Multiply_9586,50,128,17,32,32,17,19,6,0,32,0.8622,34816,3876,0.8887,40,24.8,True
resnet50,Multiply_9572,52,1,32,32,32,32,12,1,0,32,0.9785,65536,768,0.9883,43,45.0,True
resnet50,Multiply_9572,52,2,32,32,32,32,19,1,0,32,0.9751,65536,1216,0.9814,50,52.7,True
resnet50,Multiply_9572,52,3,32,32,32,32,17,1,0,32,0.9761,65536,1088,0.9834,48,39.9,True
resnet50,Multiply_9572,52,4,32,32,32,32,20,1,0,32,0.9746,65536,1280,0.9805,51,116.8,True
resnet50,Multiply_9572,52,5,32,32,32,32,16,1,0,32,0.9766,65536,1024,0.9844,47,46.5,True
resnet50,Multiply_9572,52,6,32,32,32,32,22,1,0,32,0.9736,65536,1408,0.9785,53,39.2,True
resnet50,Multiply_9572,52,7,32,32,32,32,14,1,0,32,0.9775,65536,896,0.9863,45,52.2,True
resnet50,Multiply_9572,52,8,32,32,32,32,20,1,0,32,0.9746,65536,1280,0.9805,51,96.9,True
resnet50,Multiply_9572,52,9,32,32,32,32,24,1,0,32,0.9727,65536,1536,0.9766,55,160.5,True
resnet50,Multiply_9572,52,10,32,32,32,32,16,1,0,32,0.9766,65536,1024,0.9844,47,179.7,True
resnet50,Multiply_9572,52,11,32,32,32,32,18,1,0,32,0.9756,65536,1152,0.9824,49,49.0,True
resnet50,Multiply_9572,52,12,32,32,32,32,19,1,0,32,0.9751,65536,1216,0.9814,50,65.2,True
resnet50,Multiply_9572,52,13,32,32,32,32,14,1,0,32,0.9775,65536,896,0.9863,45,130.8,True
resnet50,Multiply_9572,52,14,32,32,32,32,16,1,0,32,0.9766,65536,1024,0.9844,47,45.3,True
resnet50,Multiply_9572,52,15,32,32,32,32,18,1,0,32,0.9756,65536,1152,0.9824,49,157.5,True
resnet50,Multiply_9572,52,16,32,32,32,32,17,1,0,32,0.9761,65536,1088,0.9834,48,49.0,True
resnet50,Multiply_9572,52,17,17,32,32,17,12,4,0,32,0.926,34816,1632,0.9531,31,26.9,True
resnet50,Multiply_9572,52,18,17,32,32,17,19,4,0,32,0.9082,34816,2584,0.9258,38,22.0,True
resnet50,Multiply_9572,52,19,17,32,32,17,17,4,0,32,0.9133,34816,2312,0.9336,36,40.5,True
resnet50,Multiply_9572,52,20,17,32,32,17,20,4,0,32,0.9056,34816,2720,0.9219,39,108.9,True
resnet50,Multiply_9572,52,21,17,32,32,17,16,4,0,32,0.9158,34816,2176,0.9375,35,31.5,True
resnet50,Multiply_9572,52,22,17,32,32,17,22,4,0,32,0.9005,34816,2992,0.9141,41,23.3,True
resnet50,Multiply_9572,52,23,17,32,32,17,14,4,0,32,0.9209,34816,1904,0.9453,33,22.5,True
resnet50,Multiply_9572,52,24,17,32,32,17,20,4,0,32,0.9056,34816,2720,0.9219,39,43.4,True
resnet50,Multiply_9572,52,25,17,32,32,17,24,4,0,32,0.8954,34816,3264,0.9062,43,27.6,True
resnet50,Multiply_9572,52,26,17,32,32,17,16,4,0,32,0.9158,34816,2176,0.9375,35,45.3,True
resnet50,Multiply_9572,52,27,17,32,32,17,18,4,0,32,0.9107,34816,2448,0.9297,37,23.0,True
resnet50,Multiply_9572,52,28,17,32,32,17,19,4,0,32,0.9082,34816,2584,0.9258,38,42.1,True
resnet50,Multiply_9572,52,29,17,32,32,17,14,4,0,32,0.9209,34816,1904,0.9453,33,114.7,True
resnet50,Multiply_9572,52,30,17,32,32,17,16,4,0,32,0.9158,34816,2176,0.9375,35,24.9,True
resnet50,Multiply_9572,52,31,17,32,32,17,18,4,0,32,0.9107,34816,2448,0.9297,37,116.8,True
resnet50,Multiply_9572,52,32,17,32,32,17,17,4,0,32,0.9133,34816,2312,0.9336,36,22.8,True
