model,layer,layer_idx,tile,orig_m,orig_n,orig_k,m,n,k,config,sa_size,sparsity,orig_macs,eff_macs,mac_reduction,cycles,cpu_us,match
vgg16,__module.features.28/aten::_convolution/Convolution,0,1,32,32,32,5,20,5,0,32,0.939,65536,1000,0.9847,28,44.4,True
vgg16,__module.features.28/aten::_convolution/Convolution,0,2,32,32,32,5,16,5,1,16,0.9487,65536,800,0.9878,24,38.8,True
vgg16,__module.features.28/aten::_convolution/Convolution,0,3,32,32,32,5,20,5,0,32,0.939,65536,1000,0.9847,28,163.4,True
vgg16,__module.features.28/aten::_convolution/Convolution,0,4,32,32,32,5,21,5,0,32,0.9365,65536,1050,0.984,29,121.1,True
vgg16,__module.features.28/aten::_convolution/Convolution,0,5,32,32,32,5,17,5,0,32,0.9463,65536,850,0.987,25,120.2,True
vgg16,__module.features.28/aten::_convolution/Convolution,0,6,32,32,32,5,12,5,1,16,0.9585,65536,600,0.9908,20,149.8,True
vgg16,__module.features.28/aten::_convolution/Convolution,0,7,32,32,32,5,16,5,1,16,0.9487,65536,800,0.9878,24,40.6,True
vgg16,__module.features.28/aten::_convolution/Convolution,0,8,32,32,32,5,17,5,0,32,0.9463,65536,850,0.987,25,37.7,True
vgg16,__module.features.28/aten::_convolution/Convolution,0,9,32,32,32,5,17,5,0,32,0.9463,65536,850,0.987,25,222.7,True
vgg16,__module.features.28/aten::_convolution/Convolution,0,10,32,32,32,5,23,5,0,32,0.9316,65536,1150,0.9825,31,38.8,True
vgg16,__module.features.28/aten::_convolution/Convolution,0,11,32,32,32,5,20,5,0,32,0.939,65536,1000,0.9847,28,136.7,True
vgg16,__module.features.28/aten::_convolution/Convolution,0,12,32,32,32,5,10,5,1,16,0.9634,65536,500,0.9924,18,47.6,True
vgg16,__module.features.28/aten::_convolution/Convolution,0,13,32,32,32,5,20,5,0,32,0.939,65536,1000,0.9847,28,68.5,True
vgg16,__module.features.28/aten::_convolution/Convolution,0,14,32,32,32,5,21,5,0,32,0.9365,65536,1050,0.984,29,194.1,True
vgg16,__module.features.28/aten::_convolution/Convolution,0,15,32,32,32,5,13,5,1,16,0.9561,65536,650,0.9901,21,67.4,True
vgg16,__module.features.28/aten::_convolution/Convolution,0,16,32,32,32,5,19,5,0,32,0.9414,65536,950,0.9855,27,131.9,True
vgg16,__module.features.26/aten::_convolution/Convolution,1,1,32,32,32,30,18,14,0,32,0.6719,65536,15120,0.7693,60,83.6,True
vgg16,__module.features.26/aten::_convolution/Convolution,1,2,32,32,32,30,14,14,0,32,0.6992,65536,11760,0.8206,56,44.2,True
vgg16,__module.features.26/aten::_convolution/Convolution,1,3,32,32,32,30,18,14,0,32,0.6719,65536,15120,0.7693,60,38.2,True
vgg16,__module.features.26/aten::_convolution/Convolution,1,4,32,32,32,30,20,14,0,32,0.6582,65536,16800,0.7437,62,38.3,True
vgg16,__module.features.26/aten::_convolution/Convolution,1,5,32,32,32,30,26,14,0,32,0.6172,65536,21840,0.6667,68,179.0,True
vgg16,__module.features.26/aten::_convolution/Convolution,1,6,32,32,32,30,18,14,0,32,0.6719,65536,15120,0.7693,60,161.8,True
vgg16,__module.features.26/aten::_convolution/Convolution,1,7,32,32,32,30,20,14,0,32,0.6582,65536,16800,0.7437,62,207.0,True
vgg16,__module.features.26/aten::_convolution/Convolution,1,8,32,32,32,30,11,14,0,32,0.7197,65536,9240,0.859,53,38.9,True
vgg16,__module.features.26/aten::_convolution/Convolution,1,9,32,32,32,30,18,14,0,32,0.6719,65536,15120,0.7693,60,46.3,True
vgg16,__module.features.26/aten::_convolution/Convolution,1,10,32,32,32,30,15,14,0,32,0.6924,65536,12600,0.8077,57,92.7,True
vgg16,__module.features.26/aten::_convolution/Convolution,1,11,32,32,32,30,16,14,0,32,0.6855,65536,13440,0.7949,58,39.4,True
vgg16,__module.features.26/aten::_convolution/Convolution,1,12,32,32,32,30,21,14,0,32,0.6514,65536,17640,0.7308,63,195.4,True
vgg16,__module.features.26/aten::_convolution/Convolution,1,13,32,32,32,30,16,14,0,32,0.6855,65536,13440,0.7949,58,39.3,True
vgg16,__module.features.26/aten::_convolution/Convolution,1,14,32,32,32,30,17,14,0,32,0.6787,65536,14280,0.7821,59,127.8,True
vgg16,__module.features.26/aten::_convolution/Convolution,1,15,32,32,32,30,18,14,0,32,0.6719,65536,15120,0.7693,60,179.3,True
vgg16,__module.features.26/aten::_convolution/Convolution,1,16,32,32,32,30,16,14,0,32,0.6855,65536,13440,0.7949,58,38.5,True
vgg16,__module.features.26/aten::_convolution/Convolution,1,17,32,32,32,32,18,20,0,32,0.5117,65536,23040,0.6484,68,196.5,True
vgg16,__module.features.26/aten::_convolution/Convolution,1,18,32,32,32,32,14,20,0,32,0.5508,65536,17920,0.7266,64,40.6,True
vgg16,__module.features.26/aten::_convolution/Convolution,1,19,32,32,32,32,18,20,0,32,0.5117,65536,23040,0.6484,68,45.4,True
vgg16,__module.features.26/aten::_convolution/Convolution,1,20,32,32,32,32,20,20,0,32,0.4922,65536,25600,0.6094,70,41.6,True
vgg16,__module.features.26/aten::_convolution/Convolution,1,21,32,32,32,32,26,20,0,32,0.4336,65536,33280,0.4922,76,69.3,True
vgg16,__module.features.26/aten::_convolution/Convolution,1,22,32,32,32,32,18,20,0,32,0.5117,65536,23040,0.6484,68,38.0,True
vgg16,__module.features.26/aten::_convolution/Convolution,1,23,32,32,32,32,20,20,0,32,0.4922,65536,25600,0.6094,70,39.3,True
vgg16,__module.features.26/aten::_convolution/Convolution,1,24,32,32,32,32,11,20,0,32,0.5801,65536,14080,0.7852,61,178.9,True
vgg16,__module.features.26/aten::_convolution/Convolution,1,25,32,32,32,32,18,20,0,32,0.5117,65536,23040,0.6484,68,198.5,True
vgg16,__module.features.26/aten::_convolution/Convolution,1,26,32,32,32,32,15,20,0,32,0.541,65536,19200,0.707,65,177.9,True
vgg16,__module.features.26/aten::_convolution/Convolution,1,27,32,32,32,32,16,20,0,32,0.5312,65536,20480,0.6875,66,177.9,True
vgg16,__module.features.26/aten::_convolution/Convolution,1,28,32,32,32,32,21,20,0,32,0.4824,65536,26880,0.5898,71,199.0,True
vgg16,__module.features.26/aten::_convolution/Convolution,1,29,32,32,32,32,16,20,0,32,0.5312,65536,20480,0.6875,66,38.7,True
vgg16,__module.features.26/aten::_convolution/Convolution,1,30,32,32,32,32,17,20,0,32,0.5215,65536,21760,0.668,67,114.1,True
vgg16,__module.features.26/aten::_convolution/Convolution,1,31,32,32,32,32,18,20,0,32,0.5117,65536,23040,0.6484,68,38.8,True
vgg16,__module.features.26/aten::_convolution/Convolution,1,32,32,32,32,32,16,20,0,32,0.5312,65536,20480,0.6875,66,163.0,True
vgg16,__module.features.26/aten::_convolution/Convolution,1,33,32,32,32,32,18,23,0,32,0.4385,65536,26496,0.5957,71,61.2,True
vgg16,__module.features.26/aten::_convolution/Convolution,1,34,32,32,32,32,14,23,0,32,0.4834,65536,20608,0.6855,67,58.8,True
vgg16,__module.features.26/aten::_convolution/Convolution,1,35,32,32,32,32,18,23,0,32,0.4385,65536,26496,0.5957,71,40.5,True
vgg16,__module.features.26/aten::_convolution/Convolution,1,36,32,32,32,32,20,23,0,32,0.416,65536,29440,0.5508,73,40.9,True
vgg16,__module.features.26/aten::_convolution/Convolution,1,37,32,32,32,32,26,23,0,32,0.3486,65536,38272,0.416,79,151.2,True
vgg16,__module.features.26/aten::_convolution/Convolution,1,38,32,32,32,32,18,23,0,32,0.4385,65536,26496,0.5957,71,86.6,True
vgg16,__module.features.26/aten::_convolution/Convolution,1,39,32,32,32,32,20,23,0,32,0.416,65536,29440,0.5508,73,38.0,True
vgg16,__module.features.26/aten::_convolution/Convolution,1,40,32,32,32,32,11,23,0,32,0.5171,65536,16192,0.7529,64,37.5,True
vgg16,__module.features.26/aten::_convolution/Convolution,1,41,32,32,32,32,18,23,0,32,0.4385,65536,26496,0.5957,71,70.5,True
vgg16,__module.features.26/aten::_convolution/Convolution,1,42,32,32,32,32,15,23,0,32,0.4722,65536,22080,0.6631,68,39.7,True
vgg16,__module.features.26/aten::_convolution/Convolution,1,43,32,32,32,32,16,23,0,32,0.4609,65536,23552,0.6406,69,162.1,True
vgg16,__module.features.26/aten::_convolution/Convolution,1,44,32,32,32,32,21,23,0,32,0.4048,65536,30912,0.5283,74,39.0,True
vgg16,__module.features.26/aten::_convolution/Convolution,1,45,32,32,32,32,16,23,0,32,0.4609,65536,23552,0.6406,69,128.0,True
vgg16,__module.features.26/aten::_convolution/Convolution,1,46,32,32,32,32,17,23,0,32,0.4497,65536,25024,0.6182,70,38.9,True
vgg16,__module.features.26/aten::_convolution/Convolution,1,47,32,32,32,32,18,23,0,32,0.4385,65536,26496,0.5957,71,84.0,True
vgg16,__module.features.26/aten::_convolution/Convolution,1,48,32,32,32,32,16,23,0,32,0.4609,65536,23552,0.6406,69,37.8,True
vgg16,__module.features.26/aten::_convolution/Convolution,1,49,32,32,32,32,18,19,0,32,0.5361,65536,21888,0.666,67,38.3,True
vgg16,__module.features.26/aten::_convolution/Convolution,1,50,32,32,32,32,14,19,0,32,0.5732,65536,17024,0.7402,63,39.2,True
vgg16,__module.features.26/aten::_convolution/Convolution,1,51,32,32,32,32,18,19,0,32,0.5361,65536,21888,0.666,67,44.5,True
vgg16,__module.features.26/aten::_convolution/Convolution,1,52,32,32,32,32,20,19,0,32,0.5176,65536,24320,0.6289,69,79.4,True
vgg16,__module.features.26/aten::_convolution/Convolution,1,53,32,32,32,32,26,19,0,32,0.4619,65536,31616,0.5176,75,58.9,True
vgg16,__module.features.26/aten::_convolution/Convolution,1,54,32,32,32,32,18,19,0,32,0.5361,65536,21888,0.666,67,81.9,True
vgg16,__module.features.26/aten::_convolution/Convolution,1,55,32,32,32,32,20,19,0,32,0.5176,65536,24320,0.6289,69,86.4,True
vgg16,__module.features.26/aten::_convolution/Convolution,1,56,32,32,32,32,11,19,0,32,0.6011,65536,13376,0.7959,60,41.1,True
vgg16,__module.features.26/aten::_convolution/Convolution,1,57,32,32,32,32,18,19,0,32,0.5361,65536,21888,0.666,67,46.0,True
vgg16,__module.features.26/aten::_convolution/Convolution,1,58,32,32,32,32,15,19,0,32,0.564,65536,18240,0.7217,64,40.4,True
vgg16,__module.features.26/aten::_convolution/Convolution,1,59,32,32,32,32,16,19,0,32,0.5547,65536,19456,0.7031,65,40.4,True
vgg16,__module.features.26/aten::_convolution/Convolution,1,60,32,32,32,32,21,19,0,32,0.5083,65536,25536,0.6104,70,120.8,True
vgg16,__module.features.26/aten::_convolution/Convolution,1,61,32,32,32,32,16,19,0,32,0.5547,65536,19456,0.7031,65,39.7,True
vgg16,__module.features.26/aten::_convolution/Convolution,1,62,32,32,32,32,17,19,0,32,0.5454,65536,20672,0.6846,66,39.7,True
vgg16,__module.features.26/aten::_convolution/Convolution,1,63,32,32,32,32,18,19,0,32,0.5361,65536,21888,0.666,67,58.9,True
vgg16,__module.features.26/aten::_convolution/Convolution,1,64,32,32,32,32,16,19,0,32,0.5547,65536,19456,0.7031,65,68.5,True
vgg16,__module.features.26/aten::_convolution/Convolution,1,65,32,32,32,32,18,20,0,32,0.5117,65536,23040,0.6484,68,45.6,True
vgg16,__module.features.26/aten::_convolution/Convolution,1,66,32,32,32,32,14,20,0,32,0.5508,65536,17920,0.7266,64,112.9,True
vgg16,__module.features.26/aten::_convolution/Convolution,1,67,32,32,32,32,18,20,0,32,0.5117,65536,23040,0.6484,68,40.3,True
vgg16,__module.features.26/aten::_convolution/Convolution,1,68,32,32,32,32,20,20,0,32,0.4922,65536,25600,0.6094,70,84.5,True
vgg16,__module.features.26/aten::_convolution/Convolution,1,69,32,32,32,32,26,20,0,32,0.4336,65536,33280,0.4922,76,39.2,True
vgg16,__module.features.26/aten::_convolution/Convolution,1,70,32,32,32,32,18,20,0,32,0.5117,65536,23040,0.6484,68,38.8,True
vgg16,__module.features.26/aten::_convolution/Convolution,1,71,32,32,32,32,20,20,0,32,0.4922,65536,25600,0.6094,70,50.9,True
vgg16,__module.features.26/aten::_convolution/Convolution,1,72,32,32,32,32,11,20,0,32,0.5801,65536,14080,0.7852,61,150.6,True
vgg16,__module.features.26/aten::_convolution/Convolution,1,73,32,32,32,32,18,20,0,32,0.5117,65536,23040,0.6484,68,158.7,True
vgg16,__module.features.26/aten::_convolution/Convolution,1,74,32,32,32,32,15,20,0,32,0.541,65536,19200,0.707,65,40.9,True
vgg16,__module.features.26/aten::_convolution/Convolution,1,75,32,32,32,32,16,20,0,32,0.5312,65536,20480,0.6875,66,39.0,True
vgg16,__module.features.26/aten::_convolution/Convolution,1,76,32,32,32,32,21,20,0,32,0.4824,65536,26880,0.5898,71,164.3,True
vgg16,__module.features.26/aten::_convolution/Convolution,1,77,32,32,32,32,16,20,0,32,0.5312,65536,20480,0.6875,66,39.7,True
vgg16,__module.features.26/aten::_convolution/Convolution,1,78,32,32,32,32,17,20,0,32,0.5215,65536,21760,0.668,67,39.5,True
vgg16,__module.features.26/aten::_convolution/Convolution,1,79,32,32,32,32,18,20,0,32,0.5117,65536,23040,0.6484,68,39.1,True
vgg16,__module.features.26/aten::_convolution/Convolution,1,80,32,32,32,32,16,20,0,32,0.5312,65536,20480,0.6875,66,39.1,True
vgg16,__module.features.26/aten::_convolution/Convolution,1,81,32,32,32,29,18,18,0,32,0.5869,65536,18792,0.7133,63,195.2,True
vgg16,__module.features.26/aten::_convolution/Convolution,1,82,32,32,32,29,14,18,0,32,0.6221,65536,14616,0.777,59,39.1,True
vgg16,__module.features.26/aten::_convolution/Convolution,1,83,32,32,32,29,18,18,0,32,0.5869,65536,18792,0.7133,63,47.9,True
vgg16,__module.features.26/aten::_convolution/Convolution,1,84,32,32,32,29,20,18,0,32,0.5693,65536,20880,0.6814,65,39.4,True
vgg16,__module.features.26/aten::_convolution/Convolution,1,85,32,32,32,29,26,18,0,32,0.5166,65536,27144,0.5858,71,39.3,True
vgg16,__module.features.26/aten::_convolution/Convolution,1,86,32,32,32,29,18,18,0,32,0.5869,65536,18792,0.7133,63,177.2,True
vgg16,__module.features.26/aten::_convolution/Convolution,1,87,32,32,32,29,20,18,0,32,0.5693,65536,20880,0.6814,65,105.8,True
vgg16,__module.features.26/aten::_convolution/Convolution,1,88,32,32,32,29,11,18,0,32,0.6484,65536,11484,0.8248,56,40.3,True
vgg16,__module.features.26/aten::_convolution/Convolution,1,89,32,32,32,29,18,18,0,32,0.5869,65536,18792,0.7133,63,41.3,True
vgg16,__module.features.26/aten::_convolution/Convolution,1,90,32,32,32,29,15,18,0,32,0.6133,65536,15660,0.761,60,40.7,True
vgg16,__module.features.26/aten::_convolution/Convolution,1,91,32,32,32,29,16,18,0,32,0.6045,65536,16704,0.7451,61,39.7,True
vgg16,__module.features.26/aten::_convolution/Convolution,1,92,32,32,32,29,21,18,0,32,0.5605,65536,21924,0.6655,66,192.4,True
vgg16,__module.features.26/aten::_convolution/Convolution,1,93,32,32,32,29,16,18,0,32,0.6045,65536,16704,0.7451,61,40.3,True
vgg16,__module.features.26/aten::_convolution/Convolution,1,94,32,32,32,29,17,18,0,32,0.5957,65536,17748,0.7292,62,45.6,True
vgg16,__module.features.26/aten::_convolution/Convolution,1,95,32,32,32,29,18,18,0,32,0.5869,65536,18792,0.7133,63,39.8,True
vgg16,__module.features.26/aten::_convolution/Convolution,1,96,32,32,32,29,16,18,0,32,0.6045,65536,16704,0.7451,61,56.4,True
vgg16,__module.features.26/aten::_convolution/Convolution,1,97,4,32,32,4,18,9,0,32,0.8281,8192,1296,0.8418,29,9.4,True
vgg16,__module.features.26/aten::_convolution/Convolution,1,98,4,32,32,4,14,9,1,16,0.8594,8192,1008,0.877,25,41.3,True
vgg16,__module.features.26/aten::_convolution/Convolution,1,99,4,32,32,4,18,9,0,32,0.8281,8192,1296,0.8418,29,13.1,True
vgg16,__module.features.26/aten::_convolution/Convolution,1,100,4,32,32,4,20,9,0,32,0.8125,8192,1440,0.8242,31,8.9,True
vgg16,__module.features.26/aten::_convolution/Convolution,1,101,4,32,32,4,26,9,0,32,0.7656,8192,1872,0.7715,37,22.0,True
vgg16,__module.features.26/aten::_convolution/Convolution,1,102,4,32,32,4,18,9,0,32,0.8281,8192,1296,0.8418,29,16.2,True
vgg16,__module.features.26/aten::_convolution/Convolution,1,103,4,32,32,4,20,9,0,32,0.8125,8192,1440,0.8242,31,9.1,True
vgg16,__module.features.26/aten::_convolution/Convolution,1,104,4,32,32,4,11,9,1,16,0.8828,8192,792,0.9033,22,20.1,True
vgg16,__module.features.26/aten::_convolution/Convolution,1,105,4,32,32,4,18,9,0,32,0.8281,8192,1296,0.8418,29,9.0,True
vgg16,__module.features.26/aten::_convolution/Convolution,1,106,4,32,32,4,15,9,1,16,0.8516,8192,1080,0.8682,26,8.4,True
vgg16,__module.features.26/aten::_convolution/Convolution,1,107,4,32,32,4,16,9,1,16,0.8438,8192,1152,0.8594,27,35.3,True
vgg16,__module.features.26/aten::_convolution/Convolution,1,108,4,32,32,4,21,9,0,32,0.8047,8192,1512,0.8154,32,8.7,True
vgg16,__module.features.26/aten::_convolution/Convolution,1,109,4,32,32,4,16,9,1,16,0.8438,8192,1152,0.8594,27,9.3,True
vgg16,__module.features.26/aten::_convolution/Convolution,1,110,4,32,32,4,17,9,0,32,0.8359,8192,1224,0.8506,28,51.1,True
vgg16,__module.features.26/aten::_convolution/Convolution,1,111,4,32,32,4,18,9,0,32,0.8281,8192,1296,0.8418,29,12.6,True
vgg16,__module.features.26/aten::_convolution/Convolution,1,112,4,32,32,4,16,9,1,16,0.8438,8192,1152,0.8594,27,14.5,True
vgg16,__module.features.24/aten::_convolution/Convolution,2,1,32,32,32,32,22,14,0,32,0.6309,65536,19712,0.6992,66,37.9,True
vgg16,__module.features.24/aten::_convolution/Convolution,2,2,32,32,32,32,16,14,0,32,0.6719,65536,14336,0.7812,60,39.2,True
vgg16,__module.features.24/aten::_convolution/Convolution,2,3,32,32,32,32,22,14,0,32,0.6309,65536,19712,0.6992,66,39.1,True
vgg16,__module.features.24/aten::_convolution/Convolution,2,4,32,32,32,32,13,14,0,32,0.6924,65536,11648,0.8223,57,92.2,True
vgg16,__module.features.24/aten::_convolution/Convolution,2,5,32,32,32,32,16,14,0,32,0.6719,65536,14336,0.7812,60,62.8,True
vgg16,__module.features.24/aten::_convolution/Convolution,2,6,32,32,32,32,16,14,0,32,0.6719,65536,14336,0.7812,60,40.3,True
vgg16,__module.features.24/aten::_convolution/Convolution,2,7,32,32,32,32,24,14,0,32,0.6172,65536,21504,0.6719,68,82.5,True
vgg16,__module.features.24/aten::_convolution/Convolution,2,8,32,32,32,32,18,14,0,32,0.6582,65536,16128,0.7539,62,41.8,True
vgg16,__module.features.24/aten::_convolution/Convolution,2,9,32,32,32,32,18,14,0,32,0.6582,65536,16128,0.7539,62,72.5,True
vgg16,__module.features.24/aten::_convolution/Convolution,2,10,32,32,32,32,19,14,0,32,0.6514,65536,17024,0.7402,63,39.8,True
vgg16,__module.features.24/aten::_convolution/Convolution,2,11,32,32,32,32,17,14,0,32,0.665,65536,15232,0.7676,61,196.1,True
vgg16,__module.features.24/aten::_convolution/Convolution,2,12,32,32,32,32,16,14,0,32,0.6719,65536,14336,0.7812,60,39.1,True
vgg16,__module.features.24/aten::_convolution/Convolution,2,13,32,32,32,32,18,14,0,32,0.6582,65536,16128,0.7539,62,95.9,True
vgg16,__module.features.24/aten::_convolution/Convolution,2,14,32,32,32,32,11,14,0,32,0.7061,65536,9856,0.8496,55,39.2,True
vgg16,__module.features.24/aten::_convolution/Convolution,2,15,32,32,32,32,19,14,0,32,0.6514,65536,17024,0.7402,63,38.8,True
vgg16,__module.features.24/aten::_convolution/Convolution,2,16,32,32,32,32,17,14,0,32,0.665,65536,15232,0.7676,61,121.4,True
vgg16,__module.features.24/aten::_convolution/Convolution,2,17,32,32,32,32,22,11,0,32,0.71,65536,15488,0.7637,63,42.2,True
vgg16,__module.features.24/aten::_convolution/Convolution,2,18,32,32,32,32,16,11,0,32,0.7422,65536,11264,0.8281,57,89.1,True
vgg16,__module.features.24/aten::_convolution/Convolution,2,19,32,32,32,32,22,11,0,32,0.71,65536,15488,0.7637,63,39.8,True
vgg16,__module.features.24/aten::_convolution/Convolution,2,20,32,32,32,32,13,11,0,32,0.7583,65536,9152,0.8604,54,51.1,True
vgg16,__module.features.24/aten::_convolution/Convolution,2,21,32,32,32,32,16,11,0,32,0.7422,65536,11264,0.8281,57,106.4,True
vgg16,__module.features.24/aten::_convolution/Convolution,2,22,32,32,32,32,16,11,0,32,0.7422,65536,11264,0.8281,57,172.2,True
vgg16,__module.features.24/aten::_convolution/Convolution,2,23,32,32,32,32,24,11,0,32,0.6992,65536,16896,0.7422,65,39.8,True
vgg16,__module.features.24/aten::_convolution/Convolution,2,24,32,32,32,32,18,11,0,32,0.7314,65536,12672,0.8066,59,98.6,True
vgg16,__module.features.24/aten::_convolution/Convolution,2,25,32,32,32,32,18,11,0,32,0.7314,65536,12672,0.8066,59,40.0,True
vgg16,__module.features.24/aten::_convolution/Convolution,2,26,32,32,32,32,19,11,0,32,0.7261,65536,13376,0.7959,60,82.5,True
vgg16,__module.features.24/aten::_convolution/Convolution,2,27,32,32,32,32,17,11,0,32,0.7368,65536,11968,0.8174,58,38.2,True
vgg16,__module.features.24/aten::_convolution/Convolution,2,28,32,32,32,32,16,11,0,32,0.7422,65536,11264,0.8281,57,41.7,True
vgg16,__module.features.24/aten::_convolution/Convolution,2,29,32,32,32,32,18,11,0,32,0.7314,65536,12672,0.8066,59,94.6,True
vgg16,__module.features.24/aten::_convolution/Convolution,2,30,32,32,32,32,11,11,0,32,0.769,65536,7744,0.8818,52,38.7,True
vgg16,__module.features.24/aten::_convolution/Convolution,2,31,32,32,32,32,19,11,0,32,0.7261,65536,13376,0.7959,60,39.8,True
vgg16,__module.features.24/aten::_convolution/Convolution,2,32,32,32,32,32,17,11,0,32,0.7368,65536,11968,0.8174,58,47.1,True
vgg16,__module.features.24/aten::_convolution/Convolution,2,33,32,32,32,32,22,14,0,32,0.6309,65536,19712,0.6992,66,39.4,True
vgg16,__module.features.24/aten::_convolution/Convolution,2,34,32,32,32,32,16,14,0,32,0.6719,65536,14336,0.7812,60,198.7,True
vgg16,__module.features.24/aten::_convolution/Convolution,2,35,32,32,32,32,22,14,0,32,0.6309,65536,19712,0.6992,66,47.2,True
vgg16,__module.features.24/aten::_convolution/Convolution,2,36,32,32,32,32,13,14,0,32,0.6924,65536,11648,0.8223,57,105.3,True
vgg16,__module.features.24/aten::_convolution/Convolution,2,37,32,32,32,32,16,14,0,32,0.6719,65536,14336,0.7812,60,58.6,True
vgg16,__module.features.24/aten::_convolution/Convolution,2,38,32,32,32,32,16,14,0,32,0.6719,65536,14336,0.7812,60,39.2,True
vgg16,__module.features.24/aten::_convolution/Convolution,2,39,32,32,32,32,24,14,0,32,0.6172,65536,21504,0.6719,68,59.1,True
vgg16,__module.features.24/aten::_convolution/Convolution,2,40,32,32,32,32,18,14,0,32,0.6582,65536,16128,0.7539,62,39.8,True
vgg16,__module.features.24/aten::_convolution/Convolution,2,41,32,32,32,32,18,14,0,32,0.6582,65536,16128,0.7539,62,52.0,True
vgg16,__module.features.24/aten::_convolution/Convolution,2,42,32,32,32,32,19,14,0,32,0.6514,65536,17024,0.7402,63,40.5,True
vgg16,__module.features.24/aten::_convolution/Convolution,2,43,32,32,32,32,17,14,0,32,0.665,65536,15232,0.7676,61,177.9,True
vgg16,__module.features.24/aten::_convolution/Convolution,2,44,32,32,32,32,16,14,0,32,0.6719,65536,14336,0.7812,60,44.8,True
vgg16,__module.features.24/aten::_convolution/Convolution,2,45,32,32,32,32,18,14,0,32,0.6582,65536,16128,0.7539,62,405.3,True
vgg16,__module.features.24/aten::_convolution/Convolution,2,46,32,32,32,32,11,14,0,32,0.7061,65536,9856,0.8496,55,128.3,True
vgg16,__module.features.24/aten::_convolution/Convolution,2,47,32,32,32,32,19,14,0,32,0.6514,65536,17024,0.7402,63,44.6,True
vgg16,__module.features.24/aten::_convolution/Convolution,2,48,32,32,32,32,17,14,0,32,0.665,65536,15232,0.7676,61,38.5,True
vgg16,__module.features.24/aten::_convolution/Convolution,2,49,32,32,32,32,22,14,0,32,0.6309,65536,19712,0.6992,66,147.4,True
vgg16,__module.features.24/aten::_convolution/Convolution,2,50,32,32,32,32,16,14,0,32,0.6719,65536,14336,0.7812,60,113.5,True
vgg16,__module.features.24/aten::_convolution/Convolution,2,51,32,32,32,32,22,14,0,32,0.6309,65536,19712,0.6992,66,199.7,True
vgg16,__module.features.24/aten::_convolution/Convolution,2,52,32,32,32,32,13,14,0,32,0.6924,65536,11648,0.8223,57,48.5,True
vgg16,__module.features.24/aten::_convolution/Convolution,2,53,32,32,32,32,16,14,0,32,0.6719,65536,14336,0.7812,60,53.2,True
vgg16,__module.features.24/aten::_convolution/Convolution,2,54,32,32,32,32,16,14,0,32,0.6719,65536,14336,0.7812,60,51.0,True
vgg16,__module.features.24/aten::_convolution/Convolution,2,55,32,32,32,32,24,14,0,32,0.6172,65536,21504,0.6719,68,40.0,True
vgg16,__module.features.24/aten::_convolution/Convolution,2,56,32,32,32,32,18,14,0,32,0.6582,65536,16128,0.7539,62,38.6,True
vgg16,__module.features.24/aten::_convolution/Convolution,2,57,32,32,32,32,18,14,0,32,0.6582,65536,16128,0.7539,62,71.5,True
vgg16,__module.features.24/aten::_convolution/Convolution,2,58,32,32,32,32,19,14,0,32,0.6514,65536,17024,0.7402,63,39.9,True
vgg16,__module.features.24/aten::_convolution/Convolution,2,59,32,32,32,32,17,14,0,32,0.665,65536,15232,0.7676,61,39.0,True
vgg16,__module.features.24/aten::_convolution/Convolution,2,60,32,32,32,32,16,14,0,32,0.6719,65536,14336,0.7812,60,53.5,True
vgg16,__module.features.24/aten::_convolution/Convolution,2,61,32,32,32,32,18,14,0,32,0.6582,65536,16128,0.7539,62,80.8,True
vgg16,__module.features.24/aten::_convolution/Convolution,2,62,32,32,32,32,11,14,0,32,0.7061,65536,9856,0.8496,55,262.5,True
vgg16,__module.features.24/aten::_convolution/Convolution,2,63,32,32,32,32,19,14,0,32,0.6514,65536,17024,0.7402,63,60.8,True
vgg16,__module.features.24/aten::_convolution/Convolution,2,64,32,32,32,32,17,14,0,32,0.665,65536,15232,0.7676,61,39.3,True
vgg16,__module.features.24/aten::_convolution/Convolution,2,65,32,32,32,32,22,9,0,32,0.7627,65536,12672,0.8066,61,48.7,True
vgg16,__module.features.24/aten::_convolution/Convolution,2,66,32,32,32,32,16,9,0,32,0.7891,65536,9216,0.8594,55,128.4,True
vgg16,__module.features.24/aten::_convolution/Convolution,2,67,32,32,32,32,22,9,0,32,0.7627,65536,12672,0.8066,61,40.4,True
vgg16,__module.features.24/aten::_convolution/Convolution,2,68,32,32,32,32,13,9,0,32,0.8022,65536,7488,0.8857,52,39.2,True
vgg16,__module.features.24/aten::_convolution/Convolution,2,69,32,32,32,32,16,9,0,32,0.7891,65536,9216,0.8594,55,73.1,True
vgg16,__module.features.24/aten::_convolution/Convolution,2,70,32,32,32,32,16,9,0,32,0.7891,65536,9216,0.8594,55,38.6,True
vgg16,__module.features.24/aten::_convolution/Convolution,2,71,32,32,32,32,24,9,0,32,0.7539,65536,13824,0.7891,63,40.2,True
vgg16,__module.features.24/aten::_convolution/Convolution,2,72,32,32,32,32,18,9,0,32,0.7803,65536,10368,0.8418,57,41.8,True
vgg16,__module.features.24/aten::_convolution/Convolution,2,73,32,32,32,32,18,9,0,32,0.7803,65536,10368,0.8418,57,49.3,True
vgg16,__module.features.24/aten::_convolution/Convolution,2,74,32,32,32,32,19,9,0,32,0.7759,65536,10944,0.833,58,38.9,True
vgg16,__module.features.24/aten::_convolution/Convolution,2,75,32,32,32,32,17,9,0,32,0.7847,65536,9792,0.8506,56,39.0,True
vgg16,__module.features.24/aten::_convolution/Convolution,2,76,32,32,32,32,16,9,0,32,0.7891,65536,9216,0.8594,55,38.9,True
vgg16,__module.features.24/aten::_convolution/Convolution,2,77,32,32,32,32,18,9,0,32,0.7803,65536,10368,0.8418,57,39.6,True
vgg16,__module.features.24/aten::_convolution/Convolution,2,78,32,32,32,32,11,9,0,32,0.811,65536,6336,0.9033,50,45.3,True
vgg16,__module.features.24/aten::_convolution/Convolution,2,79,32,32,32,32,19,9,0,32,0.7759,65536,10944,0.833,58,60.2,True
vgg16,__module.features.24/aten::_convolution/Convolution,2,80,32,32,32,32,17,9,0,32,0.7847,65536,9792,0.8506,56,40.2,True
vgg16,__module.features.24/aten::_convolution/Convolution,2,81,32,32,32,30,22,11,0,32,0.7207,65536,14520,0.7784,61,50.7,True
vgg16,__module.features.24/aten::_convolution/Convolution,2,82,32,32,32,30,16,11,0,32,0.7529,65536,10560,0.8389,55,40.0,True
vgg16,__module.features.24/aten::_convolution/Convolution,2,83,32,32,32,30,22,11,0,32,0.7207,65536,14520,0.7784,61,55.1,True
vgg16,__module.features.24/aten::_convolution/Convolution,2,84,32,32,32,30,13,11,0,32,0.769,65536,8580,0.8691,52,40.4,True
vgg16,__module.features.24/aten::_convolution/Convolution,2,85,32,32,32,30,16,11,0,32,0.7529,65536,10560,0.8389,55,39.0,True
vgg16,__module.features.24/aten::_convolution/Convolution,2,86,32,32,32,30,16,11,0,32,0.7529,65536,10560,0.8389,55,39.4,True
vgg16,__module.features.24/aten::_convolution/Convolution,2,87,32,32,32,30,24,11,0,32,0.71,65536,15840,0.7583,63,38.9,True
vgg16,__module.features.24/aten::_convolution/Convolution,2,88,32,32,32,30,18,11,0,32,0.7422,65536,11880,0.8187,57,43.9,True
vgg16,__module.features.24/aten::_convolution/Convolution,2,89,32,32,32,30,18,11,0,32,0.7422,65536,11880,0.8187,57,90.2,True
vgg16,__module.features.24/aten::_convolution/Convolution,2,90,32,32,32,30,19,11,0,32,0.7368,65536,12540,0.8087,58,38.5,True
vgg16,__module.features.24/aten::_convolution/Convolution,2,91,32,32,32,30,17,11,0,32,0.7476,65536,11220,0.8288,56,38.8,True
vgg16,__module.features.24/aten::_convolution/Convolution,2,92,32,32,32,30,16,11,0,32,0.7529,65536,10560,0.8389,55,87.1,True
vgg16,__module.features.24/aten::_convolution/Convolution,2,93,32,32,32,30,18,11,0,32,0.7422,65536,11880,0.8187,57,39.1,True
vgg16,__module.features.24/aten::_convolution/Convolution,2,94,32,32,32,30,11,11,0,32,0.7798,65536,7260,0.8892,50,45.2,True
vgg16,__module.features.24/aten::_convolution/Convolution,2,95,32,32,32,30,19,11,0,32,0.7368,65536,12540,0.8087,58,110.6,True
vgg16,__module.features.24/aten::_convolution/Convolution,2,96,32,32,32,30,17,11,0,32,0.7476,65536,11220,0.8288,56,40.0,True
vgg16,__module.features.24/aten::_convolution/Convolution,2,97,4,32,32,4,22,7,0,32,0.842,8192,1232,0.8496,31,9.3,True
vgg16,__module.features.24/aten::_convolution/Convolution,2,98,4,32,32,4,16,7,1,16,0.8785,8192,896,0.8906,25,15.5,True
vgg16,__module.features.24/aten::_convolution/Convolution,2,99,4,32,32,4,22,7,0,32,0.842,8192,1232,0.8496,31,43.4,True
vgg16,__module.features.24/aten::_convolution/Convolution,2,100,4,32,32,4,13,7,1,16,0.8967,8192,728,0.9111,22,9.1,True
vgg16,__module.features.24/aten::_convolution/Convolution,2,101,4,32,32,4,16,7,1,16,0.8785,8192,896,0.8906,25,16.2,True
vgg16,__module.features.24/aten::_convolution/Convolution,2,102,4,32,32,4,16,7,1,16,0.8785,8192,896,0.8906,25,9.7,True
vgg16,__module.features.24/aten::_convolution/Convolution,2,103,4,32,32,4,24,7,0,32,0.8299,8192,1344,0.8359,33,8.1,True
vgg16,__module.features.24/aten::_convolution/Convolution,2,104,4,32,32,4,18,7,0,32,0.8663,8192,1008,0.877,27,43.9,True
vgg16,__module.features.24/aten::_convolution/Convolution,2,105,4,32,32,4,18,7,0,32,0.8663,8192,1008,0.877,27,10.8,True
vgg16,__module.features.24/aten::_convolution/Convolution,2,106,4,32,32,4,19,7,0,32,0.8602,8192,1064,0.8701,28,9.8,True
vgg16,__module.features.24/aten::_convolution/Convolution,2,107,4,32,32,4,17,7,0,32,0.8724,8192,952,0.8838,26,39.1,True
vgg16,__module.features.24/aten::_convolution/Convolution,2,108,4,32,32,4,16,7,1,16,0.8785,8192,896,0.8906,25,23.1,True
vgg16,__module.features.24/aten::_convolution/Convolution,2,109,4,32,32,4,18,7,0,32,0.8663,8192,1008,0.877,27,8.3,True
vgg16,__module.features.24/aten::_convolution/Convolution,2,110,4,32,32,4,11,7,1,16,0.9089,8192,616,0.9248,20,8.2,True
vgg16,__module.features.24/aten::_convolution/Convolution,2,111,4,32,32,4,19,7,0,32,0.8602,8192,1064,0.8701,28,16.5,True
vgg16,__module.features.24/aten::_convolution/Convolution,2,112,4,32,32,4,17,7,0,32,0.8724,8192,952,0.8838,26,36.2,True
vgg16,__module.features.21/aten::_convolution/Convolution,3,1,32,32,32,9,20,3,0,32,0.9575,65536,1080,0.9835,30,40.1,True
vgg16,__module.features.21/aten::_convolution/Convolution,3,2,32,32,32,9,14,3,1,16,0.9663,65536,756,0.9885,24,38.6,True
vgg16,__module.features.21/aten::_convolution/Convolution,3,3,32,32,32,9,17,3,0,32,0.9619,65536,918,0.986,27,40.2,True
vgg16,__module.features.21/aten::_convolution/Convolution,3,4,32,32,32,9,15,3,1,16,0.9648,65536,810,0.9876,25,40.8,True
vgg16,__module.features.21/aten::_convolution/Convolution,3,5,32,32,32,9,22,3,0,32,0.9546,65536,1188,0.9819,32,48.1,True
vgg16,__module.features.21/aten::_convolution/Convolution,3,6,32,32,32,9,16,3,1,16,0.9634,65536,864,0.9868,26,39.5,True
vgg16,__module.features.21/aten::_convolution/Convolution,3,7,32,32,32,9,14,3,1,16,0.9663,65536,756,0.9885,24,54.7,True
vgg16,__module.features.21/aten::_convolution/Convolution,3,8,32,32,32,9,21,3,0,32,0.9561,65536,1134,0.9827,31,39.0,True
vgg16,__module.features.21/aten::_convolution/Convolution,3,9,32,32,32,9,15,3,1,16,0.9648,65536,810,0.9876,25,47.0,True
vgg16,__module.features.21/aten::_convolution/Convolution,3,10,32,32,32,9,20,3,0,32,0.9575,65536,1080,0.9835,30,104.9,True
vgg16,__module.features.21/aten::_convolution/Convolution,3,11,32,32,32,9,18,3,0,32,0.9604,65536,972,0.9852,28,48.4,True
vgg16,__module.features.21/aten::_convolution/Convolution,3,12,32,32,32,9,16,3,1,16,0.9634,65536,864,0.9868,26,40.7,True
vgg16,__module.features.21/aten::_convolution/Convolution,3,13,32,32,32,9,21,3,0,32,0.9561,65536,1134,0.9827,31,38.9,True
vgg16,__module.features.21/aten::_convolution/Convolution,3,14,32,32,32,9,14,3,1,16,0.9663,65536,756,0.9885,24,163.8,True
vgg16,__module.features.21/aten::_convolution/Convolution,3,15,32,32,32,9,18,3,0,32,0.9604,65536,972,0.9852,28,186.0,True
vgg16,__module.features.21/aten::_convolution/Convolution,3,16,32,32,32,9,21,3,0,32,0.9561,65536,1134,0.9827,31,43.8,True
vgg16,__module.features.21/aten::_convolution/Convolution,3,17,32,32,32,9,20,3,0,32,0.9575,65536,1080,0.9835,30,41.1,True
vgg16,__module.features.21/aten::_convolution/Convolution,3,18,32,32,32,9,14,3,1,16,0.9663,65536,756,0.9885,24,120.5,True
vgg16,__module.features.21/aten::_convolution/Convolution,3,19,32,32,32,9,17,3,0,32,0.9619,65536,918,0.986,27,120.8,True
vgg16,__module.features.21/aten::_convolution/Convolution,3,20,32,32,32,9,15,3,1,16,0.9648,65536,810,0.9876,25,198.6,True
vgg16,__module.features.21/aten::_convolution/Convolution,3,21,32,32,32,9,22,3,0,32,0.9546,65536,1188,0.9819,32,194.5,True
vgg16,__module.features.21/aten::_convolution/Convolution,3,22,32,32,32,9,16,3,1,16,0.9634,65536,864,0.9868,26,38.2,True
vgg16,__module.features.21/aten::_convolution/Convolution,3,23,32,32,32,9,14,3,1,16,0.9663,65536,756,0.9885,24,178.2,True
vgg16,__module.features.21/aten::_convolution/Convolution,3,24,32,32,32,9,21,3,0,32,0.9561,65536,1134,0.9827,31,81.2,True
vgg16,__module.features.21/aten::_convolution/Convolution,3,25,32,32,32,9,15,3,1,16,0.9648,65536,810,0.9876,25,72.7,True
vgg16,__module.features.21/aten::_convolution/Convolution,3,26,32,32,32,9,20,3,0,32,0.9575,65536,1080,0.9835,30,198.5,True
vgg16,__module.features.21/aten::_convolution/Convolution,3,27,32,32,32,9,18,3,0,32,0.9604,65536,972,0.9852,28,52.2,True
vgg16,__module.features.21/aten::_convolution/Convolution,3,28,32,32,32,9,16,3,1,16,0.9634,65536,864,0.9868,26,47.6,True
vgg16,__module.features.21/aten::_convolution/Convolution,3,29,32,32,32,9,21,3,0,32,0.9561,65536,1134,0.9827,31,39.4,True
vgg16,__module.features.21/aten::_convolution/Convolution,3,30,32,32,32,9,14,3,1,16,0.9663,65536,756,0.9885,24,39.3,True
vgg16,__module.features.21/aten::_convolution/Convolution,3,31,32,32,32,9,18,3,0,32,0.9604,65536,972,0.9852,28,39.3,True
vgg16,__module.features.21/aten::_convolution/Convolution,3,32,32,32,32,9,21,3,0,32,0.9561,65536,1134,0.9827,31,105.6,True
vgg16,__module.features.21/aten::_convolution/Convolution,3,113,32,32,32,3,20,3,0,32,0.9663,65536,360,0.9945,24,42.2,True
vgg16,__module.features.21/aten::_convolution/Convolution,3,114,32,32,32,3,14,3,1,16,0.9751,65536,252,0.9962,18,60.3,True
vgg16,__module.features.21/aten::_convolution/Convolution,3,115,32,32,32,3,17,3,0,32,0.9707,65536,306,0.9953,21,72.3,True
vgg16,__module.features.21/aten::_convolution/Convolution,3,116,32,32,32,3,15,3,1,16,0.9736,65536,270,0.9959,19,50.2,True
vgg16,__module.features.21/aten::_convolution/Convolution,3,117,32,32,32,3,22,3,0,32,0.9634,65536,396,0.994,26,41.5,True
vgg16,__module.features.21/aten::_convolution/Convolution,3,118,32,32,32,3,16,3,1,16,0.9722,65536,288,0.9956,20,40.5,True
vgg16,__module.features.21/aten::_convolution/Convolution,3,119,32,32,32,3,14,3,1,16,0.9751,65536,252,0.9962,18,183.5,True
vgg16,__module.features.21/aten::_convolution/Convolution,3,120,32,32,32,3,21,3,0,32,0.9648,65536,378,0.9942,25,63.9,True
vgg16,__module.features.21/aten::_convolution/Convolution,3,121,32,32,32,3,15,3,1,16,0.9736,65536,270,0.9959,19,41.2,True
vgg16,__module.features.21/aten::_convolution/Convolution,3,122,32,32,32,3,20,3,0,32,0.9663,65536,360,0.9945,24,73.8,True
vgg16,__module.features.21/aten::_convolution/Convolution,3,123,32,32,32,3,18,3,0,32,0.9692,65536,324,0.9951,22,38.9,True
vgg16,__module.features.21/aten::_convolution/Convolution,3,124,32,32,32,3,16,3,1,16,0.9722,65536,288,0.9956,20,38.4,True
vgg16,__module.features.21/aten::_convolution/Convolution,3,125,32,32,32,3,21,3,0,32,0.9648,65536,378,0.9942,25,37.4,True
vgg16,__module.features.21/aten::_convolution/Convolution,3,126,32,32,32,3,14,3,1,16,0.9751,65536,252,0.9962,18,160.8,True
vgg16,__module.features.21/aten::_convolution/Convolution,3,127,32,32,32,3,18,3,0,32,0.9692,65536,324,0.9951,22,98.8,True
vgg16,__module.features.21/aten::_convolution/Convolution,3,128,32,32,32,3,21,3,0,32,0.9648,65536,378,0.9942,25,219.2,True
vgg16,__module.features.21/aten::_convolution/Convolution,3,129,32,32,32,4,20,6,0,32,0.9297,65536,960,0.9854,28,48.2,True
vgg16,__module.features.21/aten::_convolution/Convolution,3,130,32,32,32,4,14,6,1,16,0.9473,65536,672,0.9897,22,119.2,True
vgg16,__module.features.21/aten::_convolution/Convolution,3,131,32,32,32,4,17,6,0,32,0.9385,65536,816,0.9875,25,39.6,True
vgg16,__module.features.21/aten::_convolution/Convolution,3,132,32,32,32,4,15,6,1,16,0.9443,65536,720,0.989,23,181.2,True
vgg16,__module.features.21/aten::_convolution/Convolution,3,133,32,32,32,4,22,6,0,32,0.9238,65536,1056,0.9839,30,137.8,True
vgg16,__module.features.21/aten::_convolution/Convolution,3,134,32,32,32,4,16,6,1,16,0.9414,65536,768,0.9883,24,37.7,True
vgg16,__module.features.21/aten::_convolution/Convolution,3,135,32,32,32,4,14,6,1,16,0.9473,65536,672,0.9897,22,51.2,True
vgg16,__module.features.21/aten::_convolution/Convolution,3,136,32,32,32,4,21,6,0,32,0.9268,65536,1008,0.9846,29,39.5,True
vgg16,__module.features.21/aten::_convolution/Convolution,3,137,32,32,32,4,15,6,1,16,0.9443,65536,720,0.989,23,40.1,True
vgg16,__module.features.21/aten::_convolution/Convolution,3,138,32,32,32,4,20,6,0,32,0.9297,65536,960,0.9854,28,105.1,True
vgg16,__module.features.21/aten::_convolution/Convolution,3,139,32,32,32,4,18,6,0,32,0.9355,65536,864,0.9868,26,40.2,True
vgg16,__module.features.21/aten::_convolution/Convolution,3,140,32,32,32,4,16,6,1,16,0.9414,65536,768,0.9883,24,178.6,True
vgg16,__module.features.21/aten::_convolution/Convolution,3,141,32,32,32,4,21,6,0,32,0.9268,65536,1008,0.9846,29,198.1,True
vgg16,__module.features.21/aten::_convolution/Convolution,3,142,32,32,32,4,14,6,1,16,0.9473,65536,672,0.9897,22,39.6,True
vgg16,__module.features.21/aten::_convolution/Convolution,3,143,32,32,32,4,18,6,0,32,0.9355,65536,864,0.9868,26,52.4,True
vgg16,__module.features.21/aten::_convolution/Convolution,3,144,32,32,32,4,21,6,0,32,0.9268,65536,1008,0.9846,29,39.2,True
vgg16,__module.features.21/aten::_convolution/Convolution,3,145,32,32,32,4,20,9,0,32,0.8945,65536,1440,0.978,31,176.2,True
vgg16,__module.features.21/aten::_convolution/Convolution,3,146,32,32,32,4,14,9,1,16,0.9209,65536,1008,0.9846,25,39.0,True
vgg16,__module.features.21/aten::_convolution/Convolution,3,147,32,32,32,4,17,9,0,32,0.9077,65536,1224,0.9813,28,38.1,True
vgg16,__module.features.21/aten::_convolution/Convolution,3,148,32,32,32,4,15,9,1,16,0.9165,65536,1080,0.9835,26,38.5,True
vgg16,__module.features.21/aten::_convolution/Convolution,3,149,32,32,32,4,22,9,0,32,0.8857,65536,1584,0.9758,33,39.0,True
vgg16,__module.features.21/aten::_convolution/Convolution,3,150,32,32,32,4,16,9,1,16,0.9121,65536,1152,0.9824,27,137.6,True
vgg16,__module.features.21/aten::_convolution/Convolution,3,151,32,32,32,4,14,9,1,16,0.9209,65536,1008,0.9846,25,56.5,True
vgg16,__module.features.21/aten::_convolution/Convolution,3,152,32,32,32,4,21,9,0,32,0.8901,65536,1512,0.9769,32,39.1,True
vgg16,__module.features.21/aten::_convolution/Convolution,3,153,32,32,32,4,15,9,1,16,0.9165,65536,1080,0.9835,26,39.2,True
vgg16,__module.features.21/aten::_convolution/Convolution,3,154,32,32,32,4,20,9,0,32,0.8945,65536,1440,0.978,31,38.7,True
vgg16,__module.features.21/aten::_convolution/Convolution,3,155,32,32,32,4,18,9,0,32,0.9033,65536,1296,0.9802,29,149.0,True
vgg16,__module.features.21/aten::_convolution/Convolution,3,156,32,32,32,4,16,9,1,16,0.9121,65536,1152,0.9824,27,38.8,True
vgg16,__module.features.21/aten::_convolution/Convolution,3,157,32,32,32,4,21,9,0,32,0.8901,65536,1512,0.9769,32,38.8,True
vgg16,__module.features.21/aten::_convolution/Convolution,3,158,32,32,32,4,14,9,1,16,0.9209,65536,1008,0.9846,25,39.2,True
vgg16,__module.features.21/aten::_convolution/Convolution,3,159,32,32,32,4,18,9,0,32,0.9033,65536,1296,0.9802,29,39.3,True
vgg16,__module.features.21/aten::_convolution/Convolution,3,160,32,32,32,4,21,9,0,32,0.8901,65536,1512,0.9769,32,82.2,True
vgg16,__module.features.21/aten::_convolution/Convolution,3,161,32,32,32,4,20,9,0,32,0.8945,65536,1440,0.978,31,39.5,True
vgg16,__module.features.21/aten::_convolution/Convolution,3,162,32,32,32,4,14,9,1,16,0.9209,65536,1008,0.9846,25,177.8,True
vgg16,__module.features.21/aten::_convolution/Convolution,3,163,32,32,32,4,17,9,0,32,0.9077,65536,1224,0.9813,28,40.2,True
vgg16,__module.features.21/aten::_convolution/Convolution,3,164,32,32,32,4,15,9,1,16,0.9165,65536,1080,0.9835,26,152.4,True
vgg16,__module.features.21/aten::_convolution/Convolution,3,165,32,32,32,4,22,9,0,32,0.8857,65536,1584,0.9758,33,95.1,True
vgg16,__module.features.21/aten::_convolution/Convolution,3,166,32,32,32,4,16,9,1,16,0.9121,65536,1152,0.9824,27,107.1,True
vgg16,__module.features.21/aten::_convolution/Convolution,3,167,32,32,32,4,14,9,1,16,0.9209,65536,1008,0.9846,25,90.3,True
vgg16,__module.features.21/aten::_convolution/Convolution,3,168,32,32,32,4,21,9,0,32,0.8901,65536,1512,0.9769,32,37.6,True
vgg16,__module.features.21/aten::_convolution/Convolution,3,169,32,32,32,4,15,9,1,16,0.9165,65536,1080,0.9835,26,38.8,True
vgg16,__module.features.21/aten::_convolution/Convolution,3,170,32,32,32,4,20,9,0,32,0.8945,65536,1440,0.978,31,38.3,True
vgg16,__module.features.21/aten::_convolution/Convolution,3,171,32,32,32,4,18,9,0,32,0.9033,65536,1296,0.9802,29,81.7,True
vgg16,__module.features.21/aten::_convolution/Convolution,3,172,32,32,32,4,16,9,1,16,0.9121,65536,1152,0.9824,27,39.0,True
vgg16,__module.features.21/aten::_convolution/Convolution,3,173,32,32,32,4,21,9,0,32,0.8901,65536,1512,0.9769,32,39.2,True
vgg16,__module.features.21/aten::_convolution/Convolution,3,174,32,32,32,4,14,9,1,16,0.9209,65536,1008,0.9846,25,81.7,True
vgg16,__module.features.21/aten::_convolution/Convolution,3,175,32,32,32,4,18,9,0,32,0.9033,65536,1296,0.9802,29,37.5,True
vgg16,__module.features.21/aten::_convolution/Convolution,3,176,32,32,32,4,21,9,0,32,0.8901,65536,1512,0.9769,32,119.4,True
vgg16,__module.features.21/aten::_convolution/Convolution,3,177,32,32,32,4,20,6,0,32,0.9297,65536,960,0.9854,28,88.3,True
vgg16,__module.features.21/aten::_convolution/Convolution,3,178,32,32,32,4,14,6,1,16,0.9473,65536,672,0.9897,22,51.2,True
vgg16,__module.features.21/aten::_convolution/Convolution,3,179,32,32,32,4,17,6,0,32,0.9385,65536,816,0.9875,25,94.5,True
vgg16,__module.features.21/aten::_convolution/Convolution,3,180,32,32,32,4,15,6,1,16,0.9443,65536,720,0.989,23,226.0,True
vgg16,__module.features.21/aten::_convolution/Convolution,3,181,32,32,32,4,22,6,0,32,0.9238,65536,1056,0.9839,30,178.3,True
vgg16,__module.features.21/aten::_convolution/Convolution,3,182,32,32,32,4,16,6,1,16,0.9414,65536,768,0.9883,24,39.5,True
vgg16,__module.features.21/aten::_convolution/Convolution,3,183,32,32,32,4,14,6,1,16,0.9473,65536,672,0.9897,22,162.7,True
vgg16,__module.features.21/aten::_convolution/Convolution,3,184,32,32,32,4,21,6,0,32,0.9268,65536,1008,0.9846,29,177.2,True
vgg16,__module.features.21/aten::_convolution/Convolution,3,185,32,32,32,4,15,6,1,16,0.9443,65536,720,0.989,23,56.1,True
vgg16,__module.features.21/aten::_convolution/Convolution,3,186,32,32,32,4,20,6,0,32,0.9297,65536,960,0.9854,28,41.9,True
vgg16,__module.features.21/aten::_convolution/Convolution,3,187,32,32,32,4,18,6,0,32,0.9355,65536,864,0.9868,26,59.0,True
vgg16,__module.features.21/aten::_convolution/Convolution,3,188,32,32,32,4,16,6,1,16,0.9414,65536,768,0.9883,24,178.7,True
vgg16,__module.features.21/aten::_convolution/Convolution,3,189,32,32,32,4,21,6,0,32,0.9268,65536,1008,0.9846,29,127.7,True
vgg16,__module.features.21/aten::_convolution/Convolution,3,190,32,32,32,4,14,6,1,16,0.9473,65536,672,0.9897,22,52.9,True
vgg16,__module.features.21/aten::_convolution/Convolution,3,191,32,32,32,4,18,6,0,32,0.9355,65536,864,0.9868,26,54.8,True
vgg16,__module.features.21/aten::_convolution/Convolution,3,192,32,32,32,4,21,6,0,32,0.9268,65536,1008,0.9846,29,39.2,True
vgg16,__module.features.21/aten::_convolution/Convolution,3,193,32,32,32,6,20,6,0,32,0.9238,65536,1440,0.978,30,76.5,True
vgg16,__module.features.21/aten::_convolution/Convolution,3,194,32,32,32,6,14,6,1,16,0.9414,65536,1008,0.9846,24,60.7,True
vgg16,__module.features.21/aten::_convolution/Convolution,3,195,32,32,32,6,17,6,0,32,0.9326,65536,1224,0.9813,27,52.1,True
vgg16,__module.features.21/aten::_convolution/Convolution,3,196,32,32,32,6,15,6,1,16,0.9385,65536,1080,0.9835,25,172.3,True
vgg16,__module.features.21/aten::_convolution/Convolution,3,197,32,32,32,6,22,6,0,32,0.918,65536,1584,0.9758,32,178.5,True
vgg16,__module.features.21/aten::_convolution/Convolution,3,198,32,32,32,6,16,6,1,16,0.9355,65536,1152,0.9824,26,39.7,True
vgg16,__module.features.21/aten::_convolution/Convolution,3,199,32,32,32,6,14,6,1,16,0.9414,65536,1008,0.9846,24,44.6,True
vgg16,__module.features.21/aten::_convolution/Convolution,3,200,32,32,32,6,21,6,0,32,0.9209,65536,1512,0.9769,31,40.1,True
vgg16,__module.features.21/aten::_convolution/Convolution,3,201,32,32,32,6,15,6,1,16,0.9385,65536,1080,0.9835,25,82.2,True
vgg16,__module.features.21/aten::_convolution/Convolution,3,202,32,32,32,6,20,6,0,32,0.9238,65536,1440,0.978,30,40.5,True
vgg16,__module.features.21/aten::_convolution/Convolution,3,203,32,32,32,6,18,6,0,32,0.9297,65536,1296,0.9802,28,177.5,True
vgg16,__module.features.21/aten::_convolution/Convolution,3,204,32,32,32,6,16,6,1,16,0.9355,65536,1152,0.9824,26,69.6,True
vgg16,__module.features.21/aten::_convolution/Convolution,3,205,32,32,32,6,21,6,0,32,0.9209,65536,1512,0.9769,31,38.7,True
vgg16,__module.features.21/aten::_convolution/Convolution,3,206,32,32,32,6,14,6,1,16,0.9414,65536,1008,0.9846,24,39.4,True
vgg16,__module.features.21/aten::_convolution/Convolution,3,207,32,32,32,6,18,6,0,32,0.9297,65536,1296,0.9802,28,111.5,True
vgg16,__module.features.21/aten::_convolution/Convolution,3,208,32,32,32,6,21,6,0,32,0.9209,65536,1512,0.9769,31,177.8,True
vgg16,__module.features.21/aten::_convolution/Convolution,3,209,32,32,32,4,20,6,0,32,0.9297,65536,960,0.9854,28,38.9,True
vgg16,__module.features.21/aten::_convolution/Convolution,3,210,32,32,32,4,14,6,1,16,0.9473,65536,672,0.9897,22,75.8,True
vgg16,__module.features.21/aten::_convolution/Convolution,3,211,32,32,32,4,17,6,0,32,0.9385,65536,816,0.9875,25,177.5,True
vgg16,__module.features.21/aten::_convolution/Convolution,3,212,32,32,32,4,15,6,1,16,0.9443,65536,720,0.989,23,63.3,True
vgg16,__module.features.21/aten::_convolution/Convolution,3,213,32,32,32,4,22,6,0,32,0.9238,65536,1056,0.9839,30,62.3,True
vgg16,__module.features.21/aten::_convolution/Convolution,3,214,32,32,32,4,16,6,1,16,0.9414,65536,768,0.9883,24,70.3,True
vgg16,__module.features.21/aten::_convolution/Convolution,3,215,32,32,32,4,14,6,1,16,0.9473,65536,672,0.9897,22,62.8,True
vgg16,__module.features.21/aten::_convolution/Convolution,3,216,32,32,32,4,21,6,0,32,0.9268,65536,1008,0.9846,29,111.9,True
vgg16,__module.features.21/aten::_convolution/Convolution,3,217,32,32,32,4,15,6,1,16,0.9443,65536,720,0.989,23,150.2,True
vgg16,__module.features.21/aten::_convolution/Convolution,3,218,32,32,32,4,20,6,0,32,0.9297,65536,960,0.9854,28,39.2,True
vgg16,__module.features.21/aten::_convolution/Convolution,3,219,32,32,32,4,18,6,0,32,0.9355,65536,864,0.9868,26,180.1,True
vgg16,__module.features.21/aten::_convolution/Convolution,3,220,32,32,32,4,16,6,1,16,0.9414,65536,768,0.9883,24,38.8,True
vgg16,__module.features.21/aten::_convolution/Convolution,3,221,32,32,32,4,21,6,0,32,0.9268,65536,1008,0.9846,29,42.5,True
vgg16,__module.features.21/aten::_convolution/Convolution,3,222,32,32,32,4,14,6,1,16,0.9473,65536,672,0.9897,22,89.8,True
vgg16,__module.features.21/aten::_convolution/Convolution,3,223,32,32,32,4,18,6,0,32,0.9355,65536,864,0.9868,26,62.8,True
vgg16,__module.features.21/aten::_convolution/Convolution,3,224,32,32,32,4,21,6,0,32,0.9268,65536,1008,0.9846,29,38.9,True
vgg16,__module.features.21/aten::_convolution/Convolution,3,225,32,32,32,4,20,9,0,32,0.8945,65536,1440,0.978,31,104.2,True
vgg16,__module.features.21/aten::_convolution/Convolution,3,226,32,32,32,4,14,9,1,16,0.9209,65536,1008,0.9846,25,37.9,True
vgg16,__module.features.21/aten::_convolution/Convolution,3,227,32,32,32,4,17,9,0,32,0.9077,65536,1224,0.9813,28,173.9,True
vgg16,__module.features.21/aten::_convolution/Convolution,3,228,32,32,32,4,15,9,1,16,0.9165,65536,1080,0.9835,26,38.9,True
vgg16,__module.features.21/aten::_convolution/Convolution,3,229,32,32,32,4,22,9,0,32,0.8857,65536,1584,0.9758,33,37.9,True
vgg16,__module.features.21/aten::_convolution/Convolution,3,230,32,32,32,4,16,9,1,16,0.9121,65536,1152,0.9824,27,200.2,True
vgg16,__module.features.21/aten::_convolution/Convolution,3,231,32,32,32,4,14,9,1,16,0.9209,65536,1008,0.9846,25,69.8,True
vgg16,__module.features.21/aten::_convolution/Convolution,3,232,32,32,32,4,21,9,0,32,0.8901,65536,1512,0.9769,32,38.1,True
vgg16,__module.features.21/aten::_convolution/Convolution,3,233,32,32,32,4,15,9,1,16,0.9165,65536,1080,0.9835,26,162.0,True
vgg16,__module.features.21/aten::_convolution/Convolution,3,234,32,32,32,4,20,9,0,32,0.8945,65536,1440,0.978,31,163.0,True
vgg16,__module.features.21/aten::_convolution/Convolution,3,235,32,32,32,4,18,9,0,32,0.9033,65536,1296,0.9802,29,39.9,True
vgg16,__module.features.21/aten::_convolution/Convolution,3,236,32,32,32,4,16,9,1,16,0.9121,65536,1152,0.9824,27,78.9,True
vgg16,__module.features.21/aten::_convolution/Convolution,3,237,32,32,32,4,21,9,0,32,0.8901,65536,1512,0.9769,32,38.2,True
vgg16,__module.features.21/aten::_convolution/Convolution,3,238,32,32,32,4,14,9,1,16,0.9209,65536,1008,0.9846,25,198.6,True
vgg16,__module.features.21/aten::_convolution/Convolution,3,239,32,32,32,4,18,9,0,32,0.9033,65536,1296,0.9802,29,48.3,True
vgg16,__module.features.21/aten::_convolution/Convolution,3,240,32,32,32,4,21,9,0,32,0.8901,65536,1512,0.9769,32,38.6,True
vgg16,__module.features.21/aten::_convolution/Convolution,3,241,32,32,32,12,20,9,0,32,0.8594,65536,4320,0.9341,39,88.0,True
vgg16,__module.features.21/aten::_convolution/Convolution,3,242,32,32,32,12,14,9,1,16,0.8857,65536,3024,0.9539,33,85.2,True
vgg16,__module.features.21/aten::_convolution/Convolution,3,243,32,32,32,12,17,9,0,32,0.8726,65536,3672,0.944,36,74.9,True
vgg16,__module.features.21/aten::_convolution/Convolution,3,244,32,32,32,12,15,9,1,16,0.8813,65536,3240,0.9506,34,179.9,True
vgg16,__module.features.21/aten::_convolution/Convolution,3,245,32,32,32,12,22,9,0,32,0.8506,65536,4752,0.9275,41,42.4,True
vgg16,__module.features.21/aten::_convolution/Convolution,3,246,32,32,32,12,16,9,1,16,0.877,65536,3456,0.9473,35,39.7,True
vgg16,__module.features.21/aten::_convolution/Convolution,3,247,32,32,32,12,14,9,1,16,0.8857,65536,3024,0.9539,33,38.4,True
vgg16,__module.features.21/aten::_convolution/Convolution,3,248,32,32,32,12,21,9,0,32,0.855,65536,4536,0.9308,40,39.1,True
vgg16,__module.features.21/aten::_convolution/Convolution,3,249,32,32,32,12,15,9,1,16,0.8813,65536,3240,0.9506,34,39.2,True
vgg16,__module.features.21/aten::_convolution/Convolution,3,250,32,32,32,12,20,9,0,32,0.8594,65536,4320,0.9341,39,38.5,True
vgg16,__module.features.21/aten::_convolution/Convolution,3,251,32,32,32,12,18,9,0,32,0.8682,65536,3888,0.9407,37,39.1,True
vgg16,__module.features.21/aten::_convolution/Convolution,3,252,32,32,32,12,16,9,1,16,0.877,65536,3456,0.9473,35,49.6,True
vgg16,__module.features.21/aten::_convolution/Convolution,3,253,32,32,32,12,21,9,0,32,0.855,65536,4536,0.9308,40,45.3,True
vgg16,__module.features.21/aten::_convolution/Convolution,3,254,32,32,32,12,14,9,1,16,0.8857,65536,3024,0.9539,33,38.7,True
vgg16,__module.features.21/aten::_convolution/Convolution,3,255,32,32,32,12,18,9,0,32,0.8682,65536,3888,0.9407,37,40.1,True
vgg16,__module.features.21/aten::_convolution/Convolution,3,256,32,32,32,12,21,9,0,32,0.855,65536,4536,0.9308,40,177.6,True
vgg16,__module.features.21/aten::_convolution/Convolution,3,257,32,32,32,13,20,9,0,32,0.855,65536,4680,0.9286,40,135.1,True
vgg16,__module.features.21/aten::_convolution/Convolution,3,258,32,32,32,13,14,9,1,16,0.8813,65536,3276,0.95,34,83.3,True
vgg16,__module.features.21/aten::_convolution/Convolution,3,259,32,32,32,13,17,9,0,32,0.8682,65536,3978,0.9393,37,42.3,True
vgg16,__module.features.21/aten::_convolution/Convolution,3,260,32,32,32,13,15,9,1,16,0.877,65536,3510,0.9464,35,38.8,True
vgg16,__module.features.21/aten::_convolution/Convolution,3,261,32,32,32,13,22,9,0,32,0.8462,65536,5148,0.9214,42,42.2,True
vgg16,__module.features.21/aten::_convolution/Convolution,3,262,32,32,32,13,16,9,1,16,0.8726,65536,3744,0.9429,36,38.7,True
vgg16,__module.features.21/aten::_convolution/Convolution,3,263,32,32,32,13,14,9,1,16,0.8813,65536,3276,0.95,34,38.2,True
vgg16,__module.features.21/aten::_convolution/Convolution,3,264,32,32,32,13,21,9,0,32,0.8506,65536,4914,0.925,41,46.3,True
vgg16,__module.features.21/aten::_convolution/Convolution,3,265,32,32,32,13,15,9,1,16,0.877,65536,3510,0.9464,35,39.0,True
vgg16,__module.features.21/aten::_convolution/Convolution,3,266,32,32,32,13,20,9,0,32,0.855,65536,4680,0.9286,40,180.9,True
vgg16,__module.features.21/aten::_convolution/Convolution,3,267,32,32,32,13,18,9,0,32,0.8638,65536,4212,0.9357,38,94.4,True
vgg16,__module.features.21/aten::_convolution/Convolution,3,268,32,32,32,13,16,9,1,16,0.8726,65536,3744,0.9429,36,196.8,True
vgg16,__module.features.21/aten::_convolution/Convolution,3,269,32,32,32,13,21,9,0,32,0.8506,65536,4914,0.925,41,39.0,True
vgg16,__module.features.21/aten::_convolution/Convolution,3,270,32,32,32,13,14,9,1,16,0.8813,65536,3276,0.95,34,72.0,True
vgg16,__module.features.21/aten::_convolution/Convolution,3,271,32,32,32,13,18,9,0,32,0.8638,65536,4212,0.9357,38,45.6,True
vgg16,__module.features.21/aten::_convolution/Convolution,3,272,32,32,32,13,21,9,0,32,0.8506,65536,4914,0.925,41,44.4,True
vgg16,__module.features.21/aten::_convolution/Convolution,3,273,32,32,32,11,20,9,0,32,0.8638,65536,3960,0.9396,38,126.5,True
vgg16,__module.features.21/aten::_convolution/Convolution,3,274,32,32,32,11,14,9,1,16,0.8901,65536,2772,0.9577,32,43.2,True
vgg16,__module.features.21/aten::_convolution/Convolution,3,275,32,32,32,11,17,9,0,32,0.877,65536,3366,0.9486,35,38.6,True
vgg16,__module.features.21/aten::_convolution/Convolution,3,276,32,32,32,11,15,9,1,16,0.8857,65536,2970,0.9547,33,38.5,True
vgg16,__module.features.21/aten::_convolution/Convolution,3,277,32,32,32,11,22,9,0,32,0.855,65536,4356,0.9335,40,38.7,True
vgg16,__module.features.21/aten::_convolution/Convolution,3,278,32,32,32,11,16,9,1,16,0.8813,65536,3168,0.9517,34,39.3,True
vgg16,__module.features.21/aten::_convolution/Convolution,3,279,32,32,32,11,14,9,1,16,0.8901,65536,2772,0.9577,32,39.5,True
vgg16,__module.features.21/aten::_convolution/Convolution,3,280,32,32,32,11,21,9,0,32,0.8594,65536,4158,0.9366,39,50.2,True
vgg16,__module.features.21/aten::_convolution/Convolution,3,281,32,32,32,11,15,9,1,16,0.8857,65536,2970,0.9547,33,38.9,True
vgg16,__module.features.21/aten::_convolution/Convolution,3,282,32,32,32,11,20,9,0,32,0.8638,65536,3960,0.9396,38,38.7,True
vgg16,__module.features.21/aten::_convolution/Convolution,3,283,32,32,32,11,18,9,0,32,0.8726,65536,3564,0.9456,36,138.0,True
vgg16,__module.features.21/aten::_convolution/Convolution,3,284,32,32,32,11,16,9,1,16,0.8813,65536,3168,0.9517,34,39.0,True
vgg16,__module.features.21/aten::_convolution/Convolution,3,285,32,32,32,11,21,9,0,32,0.8594,65536,4158,0.9366,39,99.3,True
vgg16,__module.features.21/aten::_convolution/Convolution,3,286,32,32,32,11,14,9,1,16,0.8901,65536,2772,0.9577,32,149.2,True
vgg16,__module.features.21/aten::_convolution/Convolution,3,287,32,32,32,11,18,9,0,32,0.8726,65536,3564,0.9456,36,40.1,True
vgg16,__module.features.21/aten::_convolution/Convolution,3,288,32,32,32,11,21,9,0,32,0.8594,65536,4158,0.9366,39,39.5,True
vgg16,__module.features.21/aten::_convolution/Convolution,3,289,32,32,32,7,20,9,0,32,0.8813,65536,2520,0.9615,34,179.4,True
vgg16,__module.features.21/aten::_convolution/Convolution,3,290,32,32,32,7,14,9,1,16,0.9077,65536,1764,0.9731,28,81.7,True
vgg16,__module.features.21/aten::_convolution/Convolution,3,291,32,32,32,7,17,9,0,32,0.8945,65536,2142,0.9673,31,37.7,True
vgg16,__module.features.21/aten::_convolution/Convolution,3,292,32,32,32,7,15,9,1,16,0.9033,65536,1890,0.9712,29,44.2,True
vgg16,__module.features.21/aten::_convolution/Convolution,3,293,32,32,32,7,22,9,0,32,0.8726,65536,2772,0.9577,36,39.7,True
vgg16,__module.features.21/aten::_convolution/Convolution,3,294,32,32,32,7,16,9,1,16,0.8989,65536,2016,0.9692,30,76.8,True
vgg16,__module.features.21/aten::_convolution/Convolution,3,295,32,32,32,7,14,9,1,16,0.9077,65536,1764,0.9731,28,71.7,True
vgg16,__module.features.21/aten::_convolution/Convolution,3,296,32,32,32,7,21,9,0,32,0.877,65536,2646,0.9596,35,100.1,True
vgg16,__module.features.21/aten::_convolution/Convolution,3,297,32,32,32,7,15,9,1,16,0.9033,65536,1890,0.9712,29,99.8,True
vgg16,__module.features.21/aten::_convolution/Convolution,3,298,32,32,32,7,20,9,0,32,0.8813,65536,2520,0.9615,34,42.7,True
vgg16,__module.features.21/aten::_convolution/Convolution,3,299,32,32,32,7,18,9,0,32,0.8901,65536,2268,0.9654,32,73.3,True
vgg16,__module.features.21/aten::_convolution/Convolution,3,300,32,32,32,7,16,9,1,16,0.8989,65536,2016,0.9692,30,39.1,True
vgg16,__module.features.21/aten::_convolution/Convolution,3,301,32,32,32,7,21,9,0,32,0.877,65536,2646,0.9596,35,72.6,True
vgg16,__module.features.21/aten::_convolution/Convolution,3,302,32,32,32,7,14,9,1,16,0.9077,65536,1764,0.9731,28,56.8,True
vgg16,__module.features.21/aten::_convolution/Convolution,3,303,32,32,32,7,18,9,0,32,0.8901,65536,2268,0.9654,32,38.7,True
vgg16,__module.features.21/aten::_convolution/Convolution,3,304,32,32,32,7,21,9,0,32,0.877,65536,2646,0.9596,35,85.7,True
vgg16,__module.features.21/aten::_convolution/Convolution,3,305,32,32,32,3,20,6,0,32,0.9326,65536,720,0.989,27,48.2,True
vgg16,__module.features.21/aten::_convolution/Convolution,3,306,32,32,32,3,14,6,1,16,0.9502,65536,504,0.9923,21,45.0,True
vgg16,__module.features.21/aten::_convolution/Convolution,3,307,32,32,32,3,17,6,0,32,0.9414,65536,612,0.9907,24,61.8,True
vgg16,__module.features.21/aten::_convolution/Convolution,3,308,32,32,32,3,15,6,1,16,0.9473,65536,540,0.9918,22,55.8,True
vgg16,__module.features.21/aten::_convolution/Convolution,3,309,32,32,32,3,22,6,0,32,0.9268,65536,792,0.9879,29,38.6,True
vgg16,__module.features.21/aten::_convolution/Convolution,3,310,32,32,32,3,16,6,1,16,0.9443,65536,576,0.9912,23,100.1,True
vgg16,__module.features.21/aten::_convolution/Convolution,3,311,32,32,32,3,14,6,1,16,0.9502,65536,504,0.9923,21,104.0,True
vgg16,__module.features.21/aten::_convolution/Convolution,3,312,32,32,32,3,21,6,0,32,0.9297,65536,756,0.9885,28,44.2,True
vgg16,__module.features.21/aten::_convolution/Convolution,3,313,32,32,32,3,15,6,1,16,0.9473,65536,540,0.9918,22,69.1,True
vgg16,__module.features.21/aten::_convolution/Convolution,3,314,32,32,32,3,20,6,0,32,0.9326,65536,720,0.989,27,39.9,True
vgg16,__module.features.21/aten::_convolution/Convolution,3,315,32,32,32,3,18,6,0,32,0.9385,65536,648,0.9901,25,65.4,True
vgg16,__module.features.21/aten::_convolution/Convolution,3,316,32,32,32,3,16,6,1,16,0.9443,65536,576,0.9912,23,75.0,True
vgg16,__module.features.21/aten::_convolution/Convolution,3,317,32,32,32,3,21,6,0,32,0.9297,65536,756,0.9885,28,62.9,True
vgg16,__module.features.21/aten::_convolution/Convolution,3,318,32,32,32,3,14,6,1,16,0.9502,65536,504,0.9923,21,51.7,True
vgg16,__module.features.21/aten::_convolution/Convolution,3,319,32,32,32,3,18,6,0,32,0.9385,65536,648,0.9901,25,104.6,True
vgg16,__module.features.21/aten::_convolution/Convolution,3,320,32,32,32,3,21,6,0,32,0.9297,65536,756,0.9885,28,67.4,True
vgg16,__module.features.21/aten::_convolution/Convolution,3,321,32,32,32,3,20,3,0,32,0.9663,65536,360,0.9945,24,97.3,True
vgg16,__module.features.21/aten::_convolution/Convolution,3,322,32,32,32,3,14,3,1,16,0.9751,65536,252,0.9962,18,38.8,True
vgg16,__module.features.21/aten::_convolution/Convolution,3,323,32,32,32,3,17,3,0,32,0.9707,65536,306,0.9953,21,119.9,True
vgg16,__module.features.21/aten::_convolution/Convolution,3,324,32,32,32,3,15,3,1,16,0.9736,65536,270,0.9959,19,38.8,True
vgg16,__module.features.21/aten::_convolution/Convolution,3,325,32,32,32,3,22,3,0,32,0.9634,65536,396,0.994,26,199.5,True
vgg16,__module.features.21/aten::_convolution/Convolution,3,326,32,32,32,3,16,3,1,16,0.9722,65536,288,0.9956,20,54.9,True
vgg16,__module.features.21/aten::_convolution/Convolution,3,327,32,32,32,3,14,3,1,16,0.9751,65536,252,0.9962,18,40.1,True
vgg16,__module.features.21/aten::_convolution/Convolution,3,328,32,32,32,3,21,3,0,32,0.9648,65536,378,0.9942,25,38.4,True
vgg16,__module.features.21/aten::_convolution/Convolution,3,329,32,32,32,3,15,3,1,16,0.9736,65536,270,0.9959,19,39.0,True
vgg16,__module.features.21/aten::_convolution/Convolution,3,330,32,32,32,3,20,3,0,32,0.9663,65536,360,0.9945,24,38.8,True
vgg16,__module.features.21/aten::_convolution/Convolution,3,331,32,32,32,3,18,3,0,32,0.9692,65536,324,0.9951,22,38.9,True
vgg16,__module.features.21/aten::_convolution/Convolution,3,332,32,32,32,3,16,3,1,16,0.9722,65536,288,0.9956,20,38.8,True
vgg16,__module.features.21/aten::_convolution/Convolution,3,333,32,32,32,3,21,3,0,32,0.9648,65536,378,0.9942,25,39.4,True
vgg16,__module.features.21/aten::_convolution/Convolution,3,334,32,32,32,3,14,3,1,16,0.9751,65536,252,0.9962,18,72.2,True
vgg16,__module.features.21/aten::_convolution/Convolution,3,335,32,32,32,3,18,3,0,32,0.9692,65536,324,0.9951,22,39.4,True
vgg16,__module.features.21/aten::_convolution/Convolution,3,336,32,32,32,3,21,3,0,32,0.9648,65536,378,0.9942,25,78.0,True
vgg16,__module.features.21/aten::_convolution/Convolution,3,353,32,32,32,2,20,2,0,32,0.9785,65536,160,0.9976,22,41.1,True
vgg16,__module.features.21/aten::_convolution/Convolution,3,354,32,32,32,2,14,2,1,16,0.9844,65536,112,0.9983,16,81.8,True
vgg16,__module.features.21/aten::_convolution/Convolution,3,355,32,32,32,2,17,2,0,32,0.9814,65536,136,0.9979,19,74.8,True
vgg16,__module.features.21/aten::_convolution/Convolution,3,356,32,32,32,2,15,2,1,16,0.9834,65536,120,0.9982,17,150.3,True
vgg16,__module.features.21/aten::_convolution/Convolution,3,357,32,32,32,2,22,2,0,32,0.9766,65536,176,0.9973,24,39.0,True
vgg16,__module.features.21/aten::_convolution/Convolution,3,358,32,32,32,2,16,2,1,16,0.9824,65536,128,0.998,18,37.4,True
vgg16,__module.features.21/aten::_convolution/Convolution,3,359,32,32,32,2,14,2,1,16,0.9844,65536,112,0.9983,16,45.2,True
vgg16,__module.features.21/aten::_convolution/Convolution,3,360,32,32,32,2,21,2,0,32,0.9775,65536,168,0.9974,23,55.5,True
vgg16,__module.features.21/aten::_convolution/Convolution,3,361,32,32,32,2,15,2,1,16,0.9834,65536,120,0.9982,17,193.1,True
vgg16,__module.features.21/aten::_convolution/Convolution,3,362,32,32,32,2,20,2,0,32,0.9785,65536,160,0.9976,22,194.4,True
vgg16,__module.features.21/aten::_convolution/Convolution,3,363,32,32,32,2,18,2,0,32,0.9805,65536,144,0.9978,20,127.4,True
vgg16,__module.features.21/aten::_convolution/Convolution,3,364,32,32,32,2,16,2,1,16,0.9824,65536,128,0.998,18,97.8,True
vgg16,__module.features.21/aten::_convolution/Convolution,3,365,32,32,32,2,21,2,0,32,0.9775,65536,168,0.9974,23,38.4,True
vgg16,__module.features.21/aten::_convolution/Convolution,3,366,32,32,32,2,14,2,1,16,0.9844,65536,112,0.9983,16,46.8,True
vgg16,__module.features.21/aten::_convolution/Convolution,3,367,32,32,32,2,18,2,0,32,0.9805,65536,144,0.9978,20,180.1,True
vgg16,__module.features.21/aten::_convolution/Convolution,3,368,32,32,32,2,21,2,0,32,0.9775,65536,168,0.9974,23,41.1,True
vgg16,__module.features.21/aten::_convolution/Convolution,3,369,32,32,32,2,20,2,0,32,0.9785,65536,160,0.9976,22,77.8,True
vgg16,__module.features.21/aten::_convolution/Convolution,3,370,32,32,32,2,14,2,1,16,0.9844,65536,112,0.9983,16,133.4,True
vgg16,__module.features.21/aten::_convolution/Convolution,3,371,32,32,32,2,17,2,0,32,0.9814,65536,136,0.9979,19,39.7,True
vgg16,__module.features.21/aten::_convolution/Convolution,3,372,32,32,32,2,15,2,1,16,0.9834,65536,120,0.9982,17,39.2,True
vgg16,__module.features.21/aten::_convolution/Convolution,3,373,32,32,32,2,22,2,0,32,0.9766,65536,176,0.9973,24,92.4,True
vgg16,__module.features.21/aten::_convolution/Convolution,3,374,32,32,32,2,16,2,1,16,0.9824,65536,128,0.998,18,38.2,True
vgg16,__module.features.21/aten::_convolution/Convolution,3,375,32,32,32,2,14,2,1,16,0.9844,65536,112,0.9983,16,51.2,True
vgg16,__module.features.21/aten::_convolution/Convolution,3,376,32,32,32,2,21,2,0,32,0.9775,65536,168,0.9974,23,39.1,True
vgg16,__module.features.21/aten::_convolution/Convolution,3,377,32,32,32,2,15,2,1,16,0.9834,65536,120,0.9982,17,39.5,True
vgg16,__module.features.21/aten::_convolution/Convolution,3,378,32,32,32,2,20,2,0,32,0.9785,65536,160,0.9976,22,41.7,True
vgg16,__module.features.21/aten::_convolution/Convolution,3,379,32,32,32,2,18,2,0,32,0.9805,65536,144,0.9978,20,39.1,True
vgg16,__module.features.21/aten::_convolution/Convolution,3,380,32,32,32,2,16,2,1,16,0.9824,65536,128,0.998,18,65.0,True
vgg16,__module.features.21/aten::_convolution/Convolution,3,381,32,32,32,2,21,2,0,32,0.9775,65536,168,0.9974,23,161.1,True
vgg16,__module.features.21/aten::_convolution/Convolution,3,382,32,32,32,2,14,2,1,16,0.9844,65536,112,0.9983,16,39.8,True
vgg16,__module.features.21/aten::_convolution/Convolution,3,383,32,32,32,2,18,2,0,32,0.9805,65536,144,0.9978,20,39.1,True
vgg16,__module.features.21/aten::_convolution/Convolution,3,384,32,32,32,2,21,2,0,32,0.9775,65536,168,0.9974,23,197.9,True
vgg16,__module.features.19/aten::_convolution/Convolution,4,1,32,32,32,24,15,18,0,32,0.6572,65536,12960,0.8022,55,38.6,True
vgg16,__module.features.19/aten::_convolution/Convolution,4,2,32,32,32,24,16,18,0,32,0.6484,65536,13824,0.7891,56,40.8,True
vgg16,__module.features.19/aten::_convolution/Convolution,4,3,32,32,32,24,17,18,0,32,0.6396,65536,14688,0.7759,57,45.2,True
vgg16,__module.features.19/aten::_convolution/Convolution,4,4,32,32,32,24,21,18,0,32,0.6045,65536,18144,0.7231,61,126.8,True
vgg16,__module.features.19/aten::_convolution/Convolution,4,5,32,32,32,24,17,18,0,32,0.6396,65536,14688,0.7759,57,111.9,True
vgg16,__module.features.19/aten::_convolution/Convolution,4,6,32,32,32,24,17,18,0,32,0.6396,65536,14688,0.7759,57,49.7,True
vgg16,__module.features.19/aten::_convolution/Convolution,4,7,32,32,32,24,18,18,0,32,0.6309,65536,15552,0.7627,58,178.1,True
vgg16,__module.features.19/aten::_convolution/Convolution,4,8,32,32,32,24,20,18,0,32,0.6133,65536,17280,0.7363,60,106.4,True
vgg16,__module.features.19/aten::_convolution/Convolution,4,9,32,32,32,24,20,18,0,32,0.6133,65536,17280,0.7363,60,58.5,True
vgg16,__module.features.19/aten::_convolution/Convolution,4,10,32,32,32,24,18,18,0,32,0.6309,65536,15552,0.7627,58,105.8,True
vgg16,__module.features.19/aten::_convolution/Convolution,4,11,32,32,32,24,17,18,0,32,0.6396,65536,14688,0.7759,57,39.0,True
vgg16,__module.features.19/aten::_convolution/Convolution,4,12,32,32,32,24,18,18,0,32,0.6309,65536,15552,0.7627,58,39.1,True
vgg16,__module.features.19/aten::_convolution/Convolution,4,13,32,32,32,24,19,18,0,32,0.6221,65536,16416,0.7495,59,37.6,True
vgg16,__module.features.19/aten::_convolution/Convolution,4,14,32,32,32,24,17,18,0,32,0.6396,65536,14688,0.7759,57,39.7,True
vgg16,__module.features.19/aten::_convolution/Convolution,4,15,32,32,32,24,16,18,0,32,0.6484,65536,13824,0.7891,56,94.3,True
vgg16,__module.features.19/aten::_convolution/Convolution,4,16,32,32,32,24,16,18,0,32,0.6484,65536,13824,0.7891,56,37.8,True
vgg16,__module.features.19/aten::_convolution/Convolution,4,17,32,32,32,24,15,15,0,32,0.7144,65536,10800,0.8352,52,48.1,True
vgg16,__module.features.19/aten::_convolution/Convolution,4,18,32,32,32,24,16,15,0,32,0.707,65536,11520,0.8242,53,264.3,True
vgg16,__module.features.19/aten::_convolution/Convolution,4,19,32,32,32,24,17,15,0,32,0.6997,65536,12240,0.8132,54,46.0,True
vgg16,__module.features.19/aten::_convolution/Convolution,4,20,32,32,32,24,21,15,0,32,0.6704,65536,15120,0.7693,58,163.8,True
vgg16,__module.features.19/aten::_convolution/Convolution,4,21,32,32,32,24,17,15,0,32,0.6997,65536,12240,0.8132,54,179.0,True
vgg16,__module.features.19/aten::_convolution/Convolution,4,22,32,32,32,24,17,15,0,32,0.6997,65536,12240,0.8132,54,43.2,True
vgg16,__module.features.19/aten::_convolution/Convolution,4,23,32,32,32,24,18,15,0,32,0.6924,65536,12960,0.8022,55,38.7,True
vgg16,__module.features.19/aten::_convolution/Convolution,4,24,32,32,32,24,20,15,0,32,0.6777,65536,14400,0.7803,57,40.0,True
vgg16,__module.features.19/aten::_convolution/Convolution,4,25,32,32,32,24,20,15,0,32,0.6777,65536,14400,0.7803,57,44.1,True
vgg16,__module.features.19/aten::_convolution/Convolution,4,26,32,32,32,24,18,15,0,32,0.6924,65536,12960,0.8022,55,86.3,True
vgg16,__module.features.19/aten::_convolution/Convolution,4,27,32,32,32,24,17,15,0,32,0.6997,65536,12240,0.8132,54,74.0,True
vgg16,__module.features.19/aten::_convolution/Convolution,4,28,32,32,32,24,18,15,0,32,0.6924,65536,12960,0.8022,55,39.0,True
vgg16,__module.features.19/aten::_convolution/Convolution,4,29,32,32,32,24,19,15,0,32,0.6851,65536,13680,0.7913,56,39.1,True
vgg16,__module.features.19/aten::_convolution/Convolution,4,30,32,32,32,24,17,15,0,32,0.6997,65536,12240,0.8132,54,199.2,True
vgg16,__module.features.19/aten::_convolution/Convolution,4,31,32,32,32,24,16,15,0,32,0.707,65536,11520,0.8242,53,39.4,True
vgg16,__module.features.19/aten::_convolution/Convolution,4,32,32,32,32,24,16,15,0,32,0.707,65536,11520,0.8242,53,84.2,True
vgg16,__module.features.19/aten::_convolution/Convolution,4,33,32,32,32,17,15,14,0,32,0.7812,65536,7140,0.8911,44,39.8,True
vgg16,__module.features.19/aten::_convolution/Convolution,4,34,32,32,32,17,16,14,0,32,0.7744,65536,7616,0.8838,45,40.8,True
vgg16,__module.features.19/aten::_convolution/Convolution,4,35,32,32,32,17,17,14,0,32,0.7676,65536,8092,0.8765,46,439.0,True
vgg16,__module.features.19/aten::_convolution/Convolution,4,36,32,32,32,17,21,14,0,32,0.7402,65536,9996,0.8475,50,39.5,True
vgg16,__module.features.19/aten::_convolution/Convolution,4,37,32,32,32,17,17,14,0,32,0.7676,65536,8092,0.8765,46,106.4,True
vgg16,__module.features.19/aten::_convolution/Convolution,4,38,32,32,32,17,17,14,0,32,0.7676,65536,8092,0.8765,46,39.8,True
vgg16,__module.features.19/aten::_convolution/Convolution,4,39,32,32,32,17,18,14,0,32,0.7607,65536,8568,0.8693,47,39.2,True
vgg16,__module.features.19/aten::_convolution/Convolution,4,40,32,32,32,17,20,14,0,32,0.7471,65536,9520,0.8547,49,55.3,True
vgg16,__module.features.19/aten::_convolution/Convolution,4,41,32,32,32,17,20,14,0,32,0.7471,65536,9520,0.8547,49,42.4,True
vgg16,__module.features.19/aten::_convolution/Convolution,4,42,32,32,32,17,18,14,0,32,0.7607,65536,8568,0.8693,47,114.1,True
vgg16,__module.features.19/aten::_convolution/Convolution,4,43,32,32,32,17,17,14,0,32,0.7676,65536,8092,0.8765,46,37.8,True
vgg16,__module.features.19/aten::_convolution/Convolution,4,44,32,32,32,17,18,14,0,32,0.7607,65536,8568,0.8693,47,141.5,True
vgg16,__module.features.19/aten::_convolution/Convolution,4,45,32,32,32,17,19,14,0,32,0.7539,65536,9044,0.862,48,38.6,True
vgg16,__module.features.19/aten::_convolution/Convolution,4,46,32,32,32,17,17,14,0,32,0.7676,65536,8092,0.8765,46,63.5,True
vgg16,__module.features.19/aten::_convolution/Convolution,4,47,32,32,32,17,16,14,0,32,0.7744,65536,7616,0.8838,45,43.2,True
vgg16,__module.features.19/aten::_convolution/Convolution,4,48,32,32,32,17,16,14,0,32,0.7744,65536,7616,0.8838,45,38.6,True
vgg16,__module.features.19/aten::_convolution/Convolution,4,49,32,32,32,24,15,14,0,32,0.7334,65536,10080,0.8462,51,44.7,True
vgg16,__module.features.19/aten::_convolution/Convolution,4,50,32,32,32,24,16,14,0,32,0.7266,65536,10752,0.8359,52,38.5,True
vgg16,__module.features.19/aten::_convolution/Convolution,4,51,32,32,32,24,17,14,0,32,0.7197,65536,11424,0.8257,53,38.7,True
vgg16,__module.features.19/aten::_convolution/Convolution,4,52,32,32,32,24,21,14,0,32,0.6924,65536,14112,0.7847,57,40.9,True
vgg16,__module.features.19/aten::_convolution/Convolution,4,53,32,32,32,24,17,14,0,32,0.7197,65536,11424,0.8257,53,113.3,True
vgg16,__module.features.19/aten::_convolution/Convolution,4,54,32,32,32,24,17,14,0,32,0.7197,65536,11424,0.8257,53,39.4,True
vgg16,__module.features.19/aten::_convolution/Convolution,4,55,32,32,32,24,18,14,0,32,0.7129,65536,12096,0.8154,54,149.4,True
vgg16,__module.features.19/aten::_convolution/Convolution,4,56,32,32,32,24,20,14,0,32,0.6992,65536,13440,0.7949,56,38.5,True
vgg16,__module.features.19/aten::_convolution/Convolution,4,57,32,32,32,24,20,14,0,32,0.6992,65536,13440,0.7949,56,89.8,True
vgg16,__module.features.19/aten::_convolution/Convolution,4,58,32,32,32,24,18,14,0,32,0.7129,65536,12096,0.8154,54,40.2,True
vgg16,__module.features.19/aten::_convolution/Convolution,4,59,32,32,32,24,17,14,0,32,0.7197,65536,11424,0.8257,53,80.2,True
vgg16,__module.features.19/aten::_convolution/Convolution,4,60,32,32,32,24,18,14,0,32,0.7129,65536,12096,0.8154,54,37.9,True
vgg16,__module.features.19/aten::_convolution/Convolution,4,61,32,32,32,24,19,14,0,32,0.7061,65536,12768,0.8052,55,43.1,True
vgg16,__module.features.19/aten::_convolution/Convolution,4,62,32,32,32,24,17,14,0,32,0.7197,65536,11424,0.8257,53,79.1,True
vgg16,__module.features.19/aten::_convolution/Convolution,4,63,32,32,32,24,16,14,0,32,0.7266,65536,10752,0.8359,52,60.8,True
vgg16,__module.features.19/aten::_convolution/Convolution,4,64,32,32,32,24,16,14,0,32,0.7266,65536,10752,0.8359,52,137.9,True
vgg16,__module.features.19/aten::_convolution/Convolution,4,65,32,32,32,22,15,14,0,32,0.7471,65536,9240,0.859,49,39.0,True
vgg16,__module.features.19/aten::_convolution/Convolution,4,66,32,32,32,22,16,14,0,32,0.7402,65536,9856,0.8496,50,39.9,True
vgg16,__module.features.19/aten::_convolution/Convolution,4,67,32,32,32,22,17,14,0,32,0.7334,65536,10472,0.8402,51,39.8,True
vgg16,__module.features.19/aten::_convolution/Convolution,4,68,32,32,32,22,21,14,0,32,0.7061,65536,12936,0.8026,55,39.9,True
vgg16,__module.features.19/aten::_convolution/Convolution,4,69,32,32,32,22,17,14,0,32,0.7334,65536,10472,0.8402,51,48.5,True
vgg16,__module.features.19/aten::_convolution/Convolution,4,70,32,32,32,22,17,14,0,32,0.7334,65536,10472,0.8402,51,137.6,True
vgg16,__module.features.19/aten::_convolution/Convolution,4,71,32,32,32,22,18,14,0,32,0.7266,65536,11088,0.8308,52,232.4,True
vgg16,__module.features.19/aten::_convolution/Convolution,4,72,32,32,32,22,20,14,0,32,0.7129,65536,12320,0.812,54,38.6,True
vgg16,__module.features.19/aten::_convolution/Convolution,4,73,32,32,32,22,20,14,0,32,0.7129,65536,12320,0.812,54,62.7,True
vgg16,__module.features.19/aten::_convolution/Convolution,4,74,32,32,32,22,18,14,0,32,0.7266,65536,11088,0.8308,52,38.7,True
vgg16,__module.features.19/aten::_convolution/Convolution,4,75,32,32,32,22,17,14,0,32,0.7334,65536,10472,0.8402,51,39.1,True
vgg16,__module.features.19/aten::_convolution/Convolution,4,76,32,32,32,22,18,14,0,32,0.7266,65536,11088,0.8308,52,46.0,True
vgg16,__module.features.19/aten::_convolution/Convolution,4,77,32,32,32,22,19,14,0,32,0.7197,65536,11704,0.8214,53,42.8,True
vgg16,__module.features.19/aten::_convolution/Convolution,4,78,32,32,32,22,17,14,0,32,0.7334,65536,10472,0.8402,51,39.0,True
vgg16,__module.features.19/aten::_convolution/Convolution,4,79,32,32,32,22,16,14,0,32,0.7402,65536,9856,0.8496,50,39.0,True
vgg16,__module.features.19/aten::_convolution/Convolution,4,80,32,32,32,22,16,14,0,32,0.7402,65536,9856,0.8496,50,44.3,True
vgg16,__module.features.19/aten::_convolution/Convolution,4,81,32,32,32,17,15,16,0,32,0.75,65536,8160,0.8755,46,80.9,True
vgg16,__module.features.19/aten::_convolution/Convolution,4,82,32,32,32,17,16,16,0,32,0.7422,65536,8704,0.8672,47,38.7,True
vgg16,__module.features.19/aten::_convolution/Convolution,4,83,32,32,32,17,17,16,0,32,0.7344,65536,9248,0.8589,48,178.2,True
vgg16,__module.features.19/aten::_convolution/Convolution,4,84,32,32,32,17,21,16,0,32,0.7031,65536,11424,0.8257,52,139.4,True
vgg16,__module.features.19/aten::_convolution/Convolution,4,85,32,32,32,17,17,16,0,32,0.7344,65536,9248,0.8589,48,39.7,True
vgg16,__module.features.19/aten::_convolution/Convolution,4,86,32,32,32,17,17,16,0,32,0.7344,65536,9248,0.8589,48,38.3,True
vgg16,__module.features.19/aten::_convolution/Convolution,4,87,32,32,32,17,18,16,0,32,0.7266,65536,9792,0.8506,49,44.9,True
vgg16,__module.features.19/aten::_convolution/Convolution,4,88,32,32,32,17,20,16,0,32,0.7109,65536,10880,0.834,51,38.9,True
vgg16,__module.features.19/aten::_convolution/Convolution,4,89,32,32,32,17,20,16,0,32,0.7109,65536,10880,0.834,51,41.0,True
vgg16,__module.features.19/aten::_convolution/Convolution,4,90,32,32,32,17,18,16,0,32,0.7266,65536,9792,0.8506,49,177.1,True
vgg16,__module.features.19/aten::_convolution/Convolution,4,91,32,32,32,17,17,16,0,32,0.7344,65536,9248,0.8589,48,51.6,True
vgg16,__module.features.19/aten::_convolution/Convolution,4,92,32,32,32,17,18,16,0,32,0.7266,65536,9792,0.8506,49,207.0,True
vgg16,__module.features.19/aten::_convolution/Convolution,4,93,32,32,32,17,19,16,0,32,0.7188,65536,10336,0.8423,50,39.1,True
vgg16,__module.features.19/aten::_convolution/Convolution,4,94,32,32,32,17,17,16,0,32,0.7344,65536,9248,0.8589,48,65.3,True
vgg16,__module.features.19/aten::_convolution/Convolution,4,95,32,32,32,17,16,16,0,32,0.7422,65536,8704,0.8672,47,46.7,True
vgg16,__module.features.19/aten::_convolution/Convolution,4,96,32,32,32,17,16,16,0,32,0.7422,65536,8704,0.8672,47,69.9,True
vgg16,__module.features.19/aten::_convolution/Convolution,4,97,32,32,32,17,15,18,0,32,0.7188,65536,9180,0.8599,48,177.8,True
vgg16,__module.features.19/aten::_convolution/Convolution,4,98,32,32,32,17,16,18,0,32,0.71,65536,9792,0.8506,49,39.2,True
vgg16,__module.features.19/aten::_convolution/Convolution,4,99,32,32,32,17,17,18,0,32,0.7012,65536,10404,0.8412,50,179.0,True
vgg16,__module.features.19/aten::_convolution/Convolution,4,100,32,32,32,17,21,18,0,32,0.666,65536,12852,0.8039,54,60.4,True
vgg16,__module.features.19/aten::_convolution/Convolution,4,101,32,32,32,17,17,18,0,32,0.7012,65536,10404,0.8412,50,38.5,True
vgg16,__module.features.19/aten::_convolution/Convolution,4,102,32,32,32,17,17,18,0,32,0.7012,65536,10404,0.8412,50,120.5,True
vgg16,__module.features.19/aten::_convolution/Convolution,4,103,32,32,32,17,18,18,0,32,0.6924,65536,11016,0.8319,51,48.2,True
vgg16,__module.features.19/aten::_convolution/Convolution,4,104,32,32,32,17,20,18,0,32,0.6748,65536,12240,0.8132,53,39.6,True
vgg16,__module.features.19/aten::_convolution/Convolution,4,105,32,32,32,17,20,18,0,32,0.6748,65536,12240,0.8132,53,41.5,True
vgg16,__module.features.19/aten::_convolution/Convolution,4,106,32,32,32,17,18,18,0,32,0.6924,65536,11016,0.8319,51,38.9,True
vgg16,__module.features.19/aten::_convolution/Convolution,4,107,32,32,32,17,17,18,0,32,0.7012,65536,10404,0.8412,50,75.7,True
vgg16,__module.features.19/aten::_convolution/Convolution,4,108,32,32,32,17,18,18,0,32,0.6924,65536,11016,0.8319,51,182.7,True
vgg16,__module.features.19/aten::_convolution/Convolution,4,109,32,32,32,17,19,18,0,32,0.6836,65536,11628,0.8226,52,38.6,True
vgg16,__module.features.19/aten::_convolution/Convolution,4,110,32,32,32,17,17,18,0,32,0.7012,65536,10404,0.8412,50,218.9,True
vgg16,__module.features.19/aten::_convolution/Convolution,4,111,32,32,32,17,16,18,0,32,0.71,65536,9792,0.8506,49,64.7,True
vgg16,__module.features.19/aten::_convolution/Convolution,4,112,32,32,32,17,16,18,0,32,0.71,65536,9792,0.8506,49,40.2,True
vgg16,__module.features.19/aten::_convolution/Convolution,4,113,32,32,32,14,15,19,1,16,0.731,65536,7980,0.8782,46,61.1,False
vgg16,__module.features.19/aten::_convolution/Convolution,4,114,32,32,32,14,16,19,1,16,0.7217,65536,8512,0.8701,47,148.5,False
vgg16,__module.features.19/aten::_convolution/Convolution,4,115,32,32,32,14,17,19,0,32,0.7124,65536,9044,0.862,48,119.5,True
vgg16,__module.features.19/aten::_convolution/Convolution,4,116,32,32,32,14,21,19,0,32,0.6753,65536,11172,0.8295,52,40.3,True
vgg16,__module.features.19/aten::_convolution/Convolution,4,117,32,32,32,14,17,19,0,32,0.7124,65536,9044,0.862,48,215.1,True
vgg16,__module.features.19/aten::_convolution/Convolution,4,118,32,32,32,14,17,19,0,32,0.7124,65536,9044,0.862,48,61.8,True
vgg16,__module.features.19/aten::_convolution/Convolution,4,119,32,32,32,14,18,19,0,32,0.7031,65536,9576,0.8539,49,46.5,True
vgg16,__module.features.19/aten::_convolution/Convolution,4,120,32,32,32,14,20,19,0,32,0.6846,65536,10640,0.8376,51,39.4,True
vgg16,__module.features.19/aten::_convolution/Convolution,4,121,32,32,32,14,20,19,0,32,0.6846,65536,10640,0.8376,51,39.5,True
vgg16,__module.features.19/aten::_convolution/Convolution,4,122,32,32,32,14,18,19,0,32,0.7031,65536,9576,0.8539,49,44.5,True
vgg16,__module.features.19/aten::_convolution/Convolution,4,123,32,32,32,14,17,19,0,32,0.7124,65536,9044,0.862,48,39.5,True
vgg16,__module.features.19/aten::_convolution/Convolution,4,124,32,32,32,14,18,19,0,32,0.7031,65536,9576,0.8539,49,99.2,True
vgg16,__module.features.19/aten::_convolution/Convolution,4,125,32,32,32,14,19,19,0,32,0.6938,65536,10108,0.8458,50,39.6,True
vgg16,__module.features.19/aten::_convolution/Convolution,4,126,32,32,32,14,17,19,0,32,0.7124,65536,9044,0.862,48,40.8,True
vgg16,__module.features.19/aten::_convolution/Convolution,4,127,32,32,32,14,16,19,1,16,0.7217,65536,8512,0.8701,47,43.7,False
vgg16,__module.features.19/aten::_convolution/Convolution,4,128,32,32,32,14,16,19,1,16,0.7217,65536,8512,0.8701,47,42.3,False
vgg16,__module.features.19/aten::_convolution/Convolution,4,129,32,32,32,15,15,15,1,16,0.7803,65536,6750,0.897,43,43.6,True
vgg16,__module.features.19/aten::_convolution/Convolution,4,130,32,32,32,15,16,15,1,16,0.7729,65536,7200,0.8901,44,135.2,True
vgg16,__module.features.19/aten::_convolution/Convolution,4,131,32,32,32,15,17,15,0,32,0.7656,65536,7650,0.8833,45,55.0,True
vgg16,__module.features.19/aten::_convolution/Convolution,4,132,32,32,32,15,21,15,0,32,0.7363,65536,9450,0.8558,49,137.2,True
vgg16,__module.features.19/aten::_convolution/Convolution,4,133,32,32,32,15,17,15,0,32,0.7656,65536,7650,0.8833,45,40.0,True
vgg16,__module.features.19/aten::_convolution/Convolution,4,134,32,32,32,15,17,15,0,32,0.7656,65536,7650,0.8833,45,38.6,True
vgg16,__module.features.19/aten::_convolution/Convolution,4,135,32,32,32,15,18,15,0,32,0.7583,65536,8100,0.8764,46,132.2,True
vgg16,__module.features.19/aten::_convolution/Convolution,4,136,32,32,32,15,20,15,0,32,0.7437,65536,9000,0.8627,48,39.1,True
vgg16,__module.features.19/aten::_convolution/Convolution,4,137,32,32,32,15,20,15,0,32,0.7437,65536,9000,0.8627,48,40.3,True
vgg16,__module.features.19/aten::_convolution/Convolution,4,138,32,32,32,15,18,15,0,32,0.7583,65536,8100,0.8764,46,56.4,True
vgg16,__module.features.19/aten::_convolution/Convolution,4,139,32,32,32,15,17,15,0,32,0.7656,65536,7650,0.8833,45,38.5,True
vgg16,__module.features.19/aten::_convolution/Convolution,4,140,32,32,32,15,18,15,0,32,0.7583,65536,8100,0.8764,46,94.5,True
vgg16,__module.features.19/aten::_convolution/Convolution,4,141,32,32,32,15,19,15,0,32,0.751,65536,8550,0.8695,47,39.4,True
vgg16,__module.features.19/aten::_convolution/Convolution,4,142,32,32,32,15,17,15,0,32,0.7656,65536,7650,0.8833,45,39.1,True
vgg16,__module.features.19/aten::_convolution/Convolution,4,143,32,32,32,15,16,15,1,16,0.7729,65536,7200,0.8901,44,43.9,True
vgg16,__module.features.19/aten::_convolution/Convolution,4,144,32,32,32,15,16,15,1,16,0.7729,65536,7200,0.8901,44,58.5,True
vgg16,__module.features.19/aten::_convolution/Convolution,4,145,32,32,32,20,15,13,0,32,0.7778,65536,7800,0.881,46,60.3,True
vgg16,__module.features.19/aten::_convolution/Convolution,4,146,32,32,32,20,16,13,0,32,0.7715,65536,8320,0.873,47,49.9,True
vgg16,__module.features.19/aten::_convolution/Convolution,4,147,32,32,32,20,17,13,0,32,0.7651,65536,8840,0.8651,48,39.2,True
vgg16,__module.features.19/aten::_convolution/Convolution,4,148,32,32,32,20,21,13,0,32,0.7397,65536,10920,0.8334,52,47.0,True
vgg16,__module.features.19/aten::_convolution/Convolution,4,149,32,32,32,20,17,13,0,32,0.7651,65536,8840,0.8651,48,39.5,True
vgg16,__module.features.19/aten::_convolution/Convolution,4,150,32,32,32,20,17,13,0,32,0.7651,65536,8840,0.8651,48,102.9,True
vgg16,__module.features.19/aten::_convolution/Convolution,4,151,32,32,32,20,18,13,0,32,0.7588,65536,9360,0.8572,49,39.2,True
vgg16,__module.features.19/aten::_convolution/Convolution,4,152,32,32,32,20,20,13,0,32,0.7461,65536,10400,0.8413,51,113.5,True
vgg16,__module.features.19/aten::_convolution/Convolution,4,153,32,32,32,20,20,13,0,32,0.7461,65536,10400,0.8413,51,39.8,True
vgg16,__module.features.19/aten::_convolution/Convolution,4,154,32,32,32,20,18,13,0,32,0.7588,65536,9360,0.8572,49,51.2,True
vgg16,__module.features.19/aten::_convolution/Convolution,4,155,32,32,32,20,17,13,0,32,0.7651,65536,8840,0.8651,48,39.0,True
vgg16,__module.features.19/aten::_convolution/Convolution,4,156,32,32,32,20,18,13,0,32,0.7588,65536,9360,0.8572,49,43.4,True
vgg16,__module.features.19/aten::_convolution/Convolution,4,157,32,32,32,20,19,13,0,32,0.7524,65536,9880,0.8492,50,49.5,True
vgg16,__module.features.19/aten::_convolution/Convolution,4,158,32,32,32,20,17,13,0,32,0.7651,65536,8840,0.8651,48,69.4,True
vgg16,__module.features.19/aten::_convolution/Convolution,4,159,32,32,32,20,16,13,0,32,0.7715,65536,8320,0.873,47,39.7,True
vgg16,__module.features.19/aten::_convolution/Convolution,4,160,32,32,32,20,16,13,0,32,0.7715,65536,8320,0.873,47,48.3,True
vgg16,__module.features.19/aten::_convolution/Convolution,4,161,32,32,32,21,15,14,0,32,0.7539,65536,8820,0.8654,48,50.2,True
vgg16,__module.features.19/aten::_convolution/Convolution,4,162,32,32,32,21,16,14,0,32,0.7471,65536,9408,0.8564,49,179.5,True
vgg16,__module.features.19/aten::_convolution/Convolution,4,163,32,32,32,21,17,14,0,32,0.7402,65536,9996,0.8475,50,128.7,True
vgg16,__module.features.19/aten::_convolution/Convolution,4,164,32,32,32,21,21,14,0,32,0.7129,65536,12348,0.8116,54,179.0,True
vgg16,__module.features.19/aten::_convolution/Convolution,4,165,32,32,32,21,17,14,0,32,0.7402,65536,9996,0.8475,50,39.9,True
vgg16,__module.features.19/aten::_convolution/Convolution,4,166,32,32,32,21,17,14,0,32,0.7402,65536,9996,0.8475,50,177.5,True
vgg16,__module.features.19/aten::_convolution/Convolution,4,167,32,32,32,21,18,14,0,32,0.7334,65536,10584,0.8385,51,38.2,True
vgg16,__module.features.19/aten::_convolution/Convolution,4,168,32,32,32,21,20,14,0,32,0.7197,65536,11760,0.8206,53,90.9,True
vgg16,__module.features.19/aten::_convolution/Convolution,4,169,32,32,32,21,20,14,0,32,0.7197,65536,11760,0.8206,53,43.0,True
vgg16,__module.features.19/aten::_convolution/Convolution,4,170,32,32,32,21,18,14,0,32,0.7334,65536,10584,0.8385,51,200.8,True
vgg16,__module.features.19/aten::_convolution/Convolution,4,171,32,32,32,21,17,14,0,32,0.7402,65536,9996,0.8475,50,120.1,True
vgg16,__module.features.19/aten::_convolution/Convolution,4,172,32,32,32,21,18,14,0,32,0.7334,65536,10584,0.8385,51,38.3,True
vgg16,__module.features.19/aten::_convolution/Convolution,4,173,32,32,32,21,19,14,0,32,0.7266,65536,11172,0.8295,52,40.2,True
vgg16,__module.features.19/aten::_convolution/Convolution,4,174,32,32,32,21,17,14,0,32,0.7402,65536,9996,0.8475,50,64.9,True
vgg16,__module.features.19/aten::_convolution/Convolution,4,175,32,32,32,21,16,14,0,32,0.7471,65536,9408,0.8564,49,127.6,True
vgg16,__module.features.19/aten::_convolution/Convolution,4,176,32,32,32,21,16,14,0,32,0.7471,65536,9408,0.8564,49,38.8,True
vgg16,__module.features.19/aten::_convolution/Convolution,4,177,32,32,32,21,15,14,0,32,0.7539,65536,8820,0.8654,48,43.7,True
vgg16,__module.features.19/aten::_convolution/Convolution,4,178,32,32,32,21,16,14,0,32,0.7471,65536,9408,0.8564,49,39.1,True
vgg16,__module.features.19/aten::_convolution/Convolution,4,179,32,32,32,21,17,14,0,32,0.7402,65536,9996,0.8475,50,53.8,True
vgg16,__module.features.19/aten::_convolution/Convolution,4,180,32,32,32,21,21,14,0,32,0.7129,65536,12348,0.8116,54,205.5,True
vgg16,__module.features.19/aten::_convolution/Convolution,4,181,32,32,32,21,17,14,0,32,0.7402,65536,9996,0.8475,50,41.3,True
vgg16,__module.features.19/aten::_convolution/Convolution,4,182,32,32,32,21,17,14,0,32,0.7402,65536,9996,0.8475,50,40.0,True
vgg16,__module.features.19/aten::_convolution/Convolution,4,183,32,32,32,21,18,14,0,32,0.7334,65536,10584,0.8385,51,134.3,True
vgg16,__module.features.19/aten::_convolution/Convolution,4,184,32,32,32,21,20,14,0,32,0.7197,65536,11760,0.8206,53,38.1,True
vgg16,__module.features.19/aten::_convolution/Convolution,4,185,32,32,32,21,20,14,0,32,0.7197,65536,11760,0.8206,53,60.5,True
vgg16,__module.features.19/aten::_convolution/Convolution,4,186,32,32,32,21,18,14,0,32,0.7334,65536,10584,0.8385,51,39.2,True
vgg16,__module.features.19/aten::_convolution/Convolution,4,187,32,32,32,21,17,14,0,32,0.7402,65536,9996,0.8475,50,44.0,True
vgg16,__module.features.19/aten::_convolution/Convolution,4,188,32,32,32,21,18,14,0,32,0.7334,65536,10584,0.8385,51,40.1,True
vgg16,__module.features.19/aten::_convolution/Convolution,4,189,32,32,32,21,19,14,0,32,0.7266,65536,11172,0.8295,52,41.8,True
vgg16,__module.features.19/aten::_convolution/Convolution,4,190,32,32,32,21,17,14,0,32,0.7402,65536,9996,0.8475,50,68.1,True
vgg16,__module.features.19/aten::_convolution/Convolution,4,191,32,32,32,21,16,14,0,32,0.7471,65536,9408,0.8564,49,40.3,True
vgg16,__module.features.19/aten::_convolution/Convolution,4,192,32,32,32,21,16,14,0,32,0.7471,65536,9408,0.8564,49,89.5,True
vgg16,__module.features.19/aten::_convolution/Convolution,4,193,32,32,32,22,15,15,0,32,0.729,65536,9900,0.8489,50,49.9,True
vgg16,__module.features.19/aten::_convolution/Convolution,4,194,32,32,32,22,16,15,0,32,0.7217,65536,10560,0.8389,51,39.6,True
vgg16,__module.features.19/aten::_convolution/Convolution,4,195,32,32,32,22,17,15,0,32,0.7144,65536,11220,0.8288,52,39.2,True
vgg16,__module.features.19/aten::_convolution/Convolution,4,196,32,32,32,22,21,15,0,32,0.6851,65536,13860,0.7885,56,38.6,True
vgg16,__module.features.19/aten::_convolution/Convolution,4,197,32,32,32,22,17,15,0,32,0.7144,65536,11220,0.8288,52,38.3,True
vgg16,__module.features.19/aten::_convolution/Convolution,4,198,32,32,32,22,17,15,0,32,0.7144,65536,11220,0.8288,52,39.3,True
vgg16,__module.features.19/aten::_convolution/Convolution,4,199,32,32,32,22,18,15,0,32,0.707,65536,11880,0.8187,53,41.5,True
vgg16,__module.features.19/aten::_convolution/Convolution,4,200,32,32,32,22,20,15,0,32,0.6924,65536,13200,0.7986,55,39.1,True
vgg16,__module.features.19/aten::_convolution/Convolution,4,201,32,32,32,22,20,15,0,32,0.6924,65536,13200,0.7986,55,44.5,True
vgg16,__module.features.19/aten::_convolution/Convolution,4,202,32,32,32,22,18,15,0,32,0.707,65536,11880,0.8187,53,44.4,True
vgg16,__module.features.19/aten::_convolution/Convolution,4,203,32,32,32,22,17,15,0,32,0.7144,65536,11220,0.8288,52,39.2,True
vgg16,__module.features.19/aten::_convolution/Convolution,4,204,32,32,32,22,18,15,0,32,0.707,65536,11880,0.8187,53,38.6,True
vgg16,__module.features.19/aten::_convolution/Convolution,4,205,32,32,32,22,19,15,0,32,0.6997,65536,12540,0.8087,54,43.1,True
vgg16,__module.features.19/aten::_convolution/Convolution,4,206,32,32,32,22,17,15,0,32,0.7144,65536,11220,0.8288,52,38.7,True
vgg16,__module.features.19/aten::_convolution/Convolution,4,207,32,32,32,22,16,15,0,32,0.7217,65536,10560,0.8389,51,39.0,True
vgg16,__module.features.19/aten::_convolution/Convolution,4,208,32,32,32,22,16,15,0,32,0.7217,65536,10560,0.8389,51,39.7,True
vgg16,__module.features.19/aten::_convolution/Convolution,4,209,32,32,32,18,15,15,0,32,0.7583,65536,8100,0.8764,46,38.9,True
vgg16,__module.features.19/aten::_convolution/Convolution,4,210,32,32,32,18,16,15,0,32,0.751,65536,8640,0.8682,47,42.3,True
vgg16,__module.features.19/aten::_convolution/Convolution,4,211,32,32,32,18,17,15,0,32,0.7437,65536,9180,0.8599,48,69.8,True
vgg16,__module.features.19/aten::_convolution/Convolution,4,212,32,32,32,18,21,15,0,32,0.7144,65536,11340,0.827,52,41.7,True
vgg16,__module.features.19/aten::_convolution/Convolution,4,213,32,32,32,18,17,15,0,32,0.7437,65536,9180,0.8599,48,95.2,True
vgg16,__module.features.19/aten::_convolution/Convolution,4,214,32,32,32,18,17,15,0,32,0.7437,65536,9180,0.8599,48,58.4,True
vgg16,__module.features.19/aten::_convolution/Convolution,4,215,32,32,32,18,18,15,0,32,0.7363,65536,9720,0.8517,49,43.8,True
vgg16,__module.features.19/aten::_convolution/Convolution,4,216,32,32,32,18,20,15,0,32,0.7217,65536,10800,0.8352,51,44.0,True
vgg16,__module.features.19/aten::_convolution/Convolution,4,217,32,32,32,18,20,15,0,32,0.7217,65536,10800,0.8352,51,39.5,True
vgg16,__module.features.19/aten::_convolution/Convolution,4,218,32,32,32,18,18,15,0,32,0.7363,65536,9720,0.8517,49,46.5,True
vgg16,__module.features.19/aten::_convolution/Convolution,4,219,32,32,32,18,17,15,0,32,0.7437,65536,9180,0.8599,48,44.2,True
vgg16,__module.features.19/aten::_convolution/Convolution,4,220,32,32,32,18,18,15,0,32,0.7363,65536,9720,0.8517,49,46.9,True
vgg16,__module.features.19/aten::_convolution/Convolution,4,221,32,32,32,18,19,15,0,32,0.729,65536,10260,0.8434,50,153.7,True
vgg16,__module.features.19/aten::_convolution/Convolution,4,222,32,32,32,18,17,15,0,32,0.7437,65536,9180,0.8599,48,39.2,True
vgg16,__module.features.19/aten::_convolution/Convolution,4,223,32,32,32,18,16,15,0,32,0.751,65536,8640,0.8682,47,38.1,True
vgg16,__module.features.19/aten::_convolution/Convolution,4,224,32,32,32,18,16,15,0,32,0.751,65536,8640,0.8682,47,198.2,True
vgg16,__module.features.19/aten::_convolution/Convolution,4,225,32,32,32,16,15,15,1,16,0.7729,65536,7200,0.8901,44,195.3,True
vgg16,__module.features.19/aten::_convolution/Convolution,4,226,32,32,32,16,16,15,1,16,0.7656,65536,7680,0.8828,45,89.1,True
vgg16,__module.features.19/aten::_convolution/Convolution,4,227,32,32,32,16,17,15,0,32,0.7583,65536,8160,0.8755,46,40.4,True
vgg16,__module.features.19/aten::_convolution/Convolution,4,228,32,32,32,16,21,15,0,32,0.729,65536,10080,0.8462,50,38.1,True
vgg16,__module.features.19/aten::_convolution/Convolution,4,229,32,32,32,16,17,15,0,32,0.7583,65536,8160,0.8755,46,39.0,True
vgg16,__module.features.19/aten::_convolution/Convolution,4,230,32,32,32,16,17,15,0,32,0.7583,65536,8160,0.8755,46,37.7,True
vgg16,__module.features.19/aten::_convolution/Convolution,4,231,32,32,32,16,18,15,0,32,0.751,65536,8640,0.8682,47,50.7,True
vgg16,__module.features.19/aten::_convolution/Convolution,4,232,32,32,32,16,20,15,0,32,0.7363,65536,9600,0.8535,49,39.7,True
vgg16,__module.features.19/aten::_convolution/Convolution,4,233,32,32,32,16,20,15,0,32,0.7363,65536,9600,0.8535,49,40.3,True
vgg16,__module.features.19/aten::_convolution/Convolution,4,234,32,32,32,16,18,15,0,32,0.751,65536,8640,0.8682,47,99.8,True
vgg16,__module.features.19/aten::_convolution/Convolution,4,235,32,32,32,16,17,15,0,32,0.7583,65536,8160,0.8755,46,46.4,True
vgg16,__module.features.19/aten::_convolution/Convolution,4,236,32,32,32,16,18,15,0,32,0.751,65536,8640,0.8682,47,94.6,True
vgg16,__module.features.19/aten::_convolution/Convolution,4,237,32,32,32,16,19,15,0,32,0.7437,65536,9120,0.8608,48,42.4,True
vgg16,__module.features.19/aten::_convolution/Convolution,4,238,32,32,32,16,17,15,0,32,0.7583,65536,8160,0.8755,46,38.8,True
vgg16,__module.features.19/aten::_convolution/Convolution,4,239,32,32,32,16,16,15,1,16,0.7656,65536,7680,0.8828,45,183.5,True
vgg16,__module.features.19/aten::_convolution/Convolution,4,240,32,32,32,16,16,15,1,16,0.7656,65536,7680,0.8828,45,105.2,True
vgg16,__module.features.19/aten::_convolution/Convolution,4,241,32,32,32,19,15,12,0,32,0.8008,65536,6840,0.8956,44,110.3,True
vgg16,__module.features.19/aten::_convolution/Convolution,4,242,32,32,32,19,16,12,0,32,0.7949,65536,7296,0.8887,45,138.5,True
vgg16,__module.features.19/aten::_convolution/Convolution,4,243,32,32,32,19,17,12,0,32,0.7891,65536,7752,0.8817,46,39.4,True
vgg16,__module.features.19/aten::_convolution/Convolution,4,244,32,32,32,19,21,12,0,32,0.7656,65536,9576,0.8539,50,61.9,True
vgg16,__module.features.19/aten::_convolution/Convolution,4,245,32,32,32,19,17,12,0,32,0.7891,65536,7752,0.8817,46,39.1,True
vgg16,__module.features.19/aten::_convolution/Convolution,4,246,32,32,32,19,17,12,0,32,0.7891,65536,7752,0.8817,46,75.1,True
vgg16,__module.features.19/aten::_convolution/Convolution,4,247,32,32,32,19,18,12,0,32,0.7832,65536,8208,0.8748,47,99.7,True
vgg16,__module.features.19/aten::_convolution/Convolution,4,248,32,32,32,19,20,12,0,32,0.7715,65536,9120,0.8608,49,56.9,True
vgg16,__module.features.19/aten::_convolution/Convolution,4,249,32,32,32,19,20,12,0,32,0.7715,65536,9120,0.8608,49,50.3,True
vgg16,__module.features.19/aten::_convolution/Convolution,4,250,32,32,32,19,18,12,0,32,0.7832,65536,8208,0.8748,47,179.7,True
vgg16,__module.features.19/aten::_convolution/Convolution,4,251,32,32,32,19,17,12,0,32,0.7891,65536,7752,0.8817,46,70.1,True
vgg16,__module.features.19/aten::_convolution/Convolution,4,252,32,32,32,19,18,12,0,32,0.7832,65536,8208,0.8748,47,38.7,True
vgg16,__module.features.19/aten::_convolution/Convolution,4,253,32,32,32,19,19,12,0,32,0.7773,65536,8664,0.8678,48,85.7,True
vgg16,__module.features.19/aten::_convolution/Convolution,4,254,32,32,32,19,17,12,0,32,0.7891,65536,7752,0.8817,46,40.5,True
vgg16,__module.features.19/aten::_convolution/Convolution,4,255,32,32,32,19,16,12,0,32,0.7949,65536,7296,0.8887,45,43.5,True
vgg16,__module.features.19/aten::_convolution/Convolution,4,256,32,32,32,19,16,12,0,32,0.7949,65536,7296,0.8887,45,40.5,True
vgg16,__module.features.19/aten::_convolution/Convolution,4,257,32,32,32,26,15,14,0,32,0.7197,65536,10920,0.8334,53,130.2,True
vgg16,__module.features.19/aten::_convolution/Convolution,4,258,32,32,32,26,16,14,0,32,0.7129,65536,11648,0.8223,54,38.7,True
vgg16,__module.features.19/aten::_convolution/Convolution,4,259,32,32,32,26,17,14,0,32,0.7061,65536,12376,0.8112,55,39.9,True
vgg16,__module.features.19/aten::_convolution/Convolution,4,260,32,32,32,26,21,14,0,32,0.6787,65536,15288,0.7667,59,40.4,True
vgg16,__module.features.19/aten::_convolution/Convolution,4,261,32,32,32,26,17,14,0,32,0.7061,65536,12376,0.8112,55,39.5,True
vgg16,__module.features.19/aten::_convolution/Convolution,4,262,32,32,32,26,17,14,0,32,0.7061,65536,12376,0.8112,55,39.3,True
vgg16,__module.features.19/aten::_convolution/Convolution,4,263,32,32,32,26,18,14,0,32,0.6992,65536,13104,0.8,56,39.0,True
vgg16,__module.features.19/aten::_convolution/Convolution,4,264,32,32,32,26,20,14,0,32,0.6855,65536,14560,0.7778,58,45.0,True
vgg16,__module.features.19/aten::_convolution/Convolution,4,265,32,32,32,26,20,14,0,32,0.6855,65536,14560,0.7778,58,95.0,True
vgg16,__module.features.19/aten::_convolution/Convolution,4,266,32,32,32,26,18,14,0,32,0.6992,65536,13104,0.8,56,78.7,True
vgg16,__module.features.19/aten::_convolution/Convolution,4,267,32,32,32,26,17,14,0,32,0.7061,65536,12376,0.8112,55,39.1,True
vgg16,__module.features.19/aten::_convolution/Convolution,4,268,32,32,32,26,18,14,0,32,0.6992,65536,13104,0.8,56,163.5,True
vgg16,__module.features.19/aten::_convolution/Convolution,4,269,32,32,32,26,19,14,0,32,0.6924,65536,13832,0.7889,57,42.0,True
vgg16,__module.features.19/aten::_convolution/Convolution,4,270,32,32,32,26,17,14,0,32,0.7061,65536,12376,0.8112,55,39.2,True
vgg16,__module.features.19/aten::_convolution/Convolution,4,271,32,32,32,26,16,14,0,32,0.7129,65536,11648,0.8223,54,39.2,True
vgg16,__module.features.19/aten::_convolution/Convolution,4,272,32,32,32,26,16,14,0,32,0.7129,65536,11648,0.8223,54,38.1,True
vgg16,__module.features.19/aten::_convolution/Convolution,4,273,32,32,32,24,15,9,0,32,0.8286,65536,6480,0.9011,46,39.6,True
vgg16,__module.features.19/aten::_convolution/Convolution,4,274,32,32,32,24,16,9,0,32,0.8242,65536,6912,0.8945,47,196.5,True
vgg16,__module.features.19/aten::_convolution/Convolution,4,275,32,32,32,24,17,9,0,32,0.8198,65536,7344,0.8879,48,39.5,True
vgg16,__module.features.19/aten::_convolution/Convolution,4,276,32,32,32,24,21,9,0,32,0.8022,65536,9072,0.8616,52,175.6,True
vgg16,__module.features.19/aten::_convolution/Convolution,4,277,32,32,32,24,17,9,0,32,0.8198,65536,7344,0.8879,48,40.4,True
vgg16,__module.features.19/aten::_convolution/Convolution,4,278,32,32,32,24,17,9,0,32,0.8198,65536,7344,0.8879,48,53.7,True
vgg16,__module.features.19/aten::_convolution/Convolution,4,279,32,32,32,24,18,9,0,32,0.8154,65536,7776,0.8813,49,38.4,True
vgg16,__module.features.19/aten::_convolution/Convolution,4,280,32,32,32,24,20,9,0,32,0.8066,65536,8640,0.8682,51,55.7,True
vgg16,__module.features.19/aten::_convolution/Convolution,4,281,32,32,32,24,20,9,0,32,0.8066,65536,8640,0.8682,51,100.3,True
vgg16,__module.features.19/aten::_convolution/Convolution,4,282,32,32,32,24,18,9,0,32,0.8154,65536,7776,0.8813,49,39.2,True
vgg16,__module.features.19/aten::_convolution/Convolution,4,283,32,32,32,24,17,9,0,32,0.8198,65536,7344,0.8879,48,40.0,True
vgg16,__module.features.19/aten::_convolution/Convolution,4,284,32,32,32,24,18,9,0,32,0.8154,65536,7776,0.8813,49,50.0,True
vgg16,__module.features.19/aten::_convolution/Convolution,4,285,32,32,32,24,19,9,0,32,0.811,65536,8208,0.8748,50,40.0,True
vgg16,__module.features.19/aten::_convolution/Convolution,4,286,32,32,32,24,17,9,0,32,0.8198,65536,7344,0.8879,48,85.6,True
vgg16,__module.features.19/aten::_convolution/Convolution,4,287,32,32,32,24,16,9,0,32,0.8242,65536,6912,0.8945,47,38.7,True
vgg16,__module.features.19/aten::_convolution/Convolution,4,288,32,32,32,24,16,9,0,32,0.8242,65536,6912,0.8945,47,38.1,True
vgg16,__module.features.19/aten::_convolution/Convolution,4,289,32,32,32,27,15,11,0,32,0.7744,65536,8910,0.864,51,104.4,True
vgg16,__module.features.19/aten::_convolution/Convolution,4,290,32,32,32,27,16,11,0,32,0.769,65536,9504,0.855,52,39.4,True
vgg16,__module.features.19/aten::_convolution/Convolution,4,291,32,32,32,27,17,11,0,32,0.7637,65536,10098,0.8459,53,179.4,True
vgg16,__module.features.19/aten::_convolution/Convolution,4,292,32,32,32,27,21,11,0,32,0.7422,65536,12474,0.8097,57,39.1,True
vgg16,__module.features.19/aten::_convolution/Convolution,4,293,32,32,32,27,17,11,0,32,0.7637,65536,10098,0.8459,53,38.6,True
vgg16,__module.features.19/aten::_convolution/Convolution,4,294,32,32,32,27,17,11,0,32,0.7637,65536,10098,0.8459,53,92.1,True
vgg16,__module.features.19/aten::_convolution/Convolution,4,295,32,32,32,27,18,11,0,32,0.7583,65536,10692,0.8369,54,38.8,True
vgg16,__module.features.19/aten::_convolution/Convolution,4,296,32,32,32,27,20,11,0,32,0.7476,65536,11880,0.8187,56,69.7,True
vgg16,__module.features.19/aten::_convolution/Convolution,4,297,32,32,32,27,20,11,0,32,0.7476,65536,11880,0.8187,56,38.9,True
vgg16,__module.features.19/aten::_convolution/Convolution,4,298,32,32,32,27,18,11,0,32,0.7583,65536,10692,0.8369,54,45.6,True
vgg16,__module.features.19/aten::_convolution/Convolution,4,299,32,32,32,27,17,11,0,32,0.7637,65536,10098,0.8459,53,103.9,True
vgg16,__module.features.19/aten::_convolution/Convolution,4,300,32,32,32,27,18,11,0,32,0.7583,65536,10692,0.8369,54,41.3,True
vgg16,__module.features.19/aten::_convolution/Convolution,4,301,32,32,32,27,19,11,0,32,0.7529,65536,11286,0.8278,55,42.7,True
vgg16,__module.features.19/aten::_convolution/Convolution,4,302,32,32,32,27,17,11,0,32,0.7637,65536,10098,0.8459,53,42.1,True
vgg16,__module.features.19/aten::_convolution/Convolution,4,303,32,32,32,27,16,11,0,32,0.769,65536,9504,0.855,52,74.3,True
vgg16,__module.features.19/aten::_convolution/Convolution,4,304,32,32,32,27,16,11,0,32,0.769,65536,9504,0.855,52,39.7,True
vgg16,__module.features.19/aten::_convolution/Convolution,4,305,32,32,32,28,15,13,0,32,0.7271,65536,10920,0.8334,54,38.3,True
vgg16,__module.features.19/aten::_convolution/Convolution,4,306,32,32,32,28,16,13,0,32,0.7207,65536,11648,0.8223,55,44.9,True
vgg16,__module.features.19/aten::_convolution/Convolution,4,307,32,32,32,28,17,13,0,32,0.7144,65536,12376,0.8112,56,39.1,True
vgg16,__module.features.19/aten::_convolution/Convolution,4,308,32,32,32,28,21,13,0,32,0.689,65536,15288,0.7667,60,47.5,True
vgg16,__module.features.19/aten::_convolution/Convolution,4,309,32,32,32,28,17,13,0,32,0.7144,65536,12376,0.8112,56,125.7,True
vgg16,__module.features.19/aten::_convolution/Convolution,4,310,32,32,32,28,17,13,0,32,0.7144,65536,12376,0.8112,56,43.3,True
vgg16,__module.features.19/aten::_convolution/Convolution,4,311,32,32,32,28,18,13,0,32,0.708,65536,13104,0.8,57,64.5,True
vgg16,__module.features.19/aten::_convolution/Convolution,4,312,32,32,32,28,20,13,0,32,0.6953,65536,14560,0.7778,59,138.2,True
vgg16,__module.features.19/aten::_convolution/Convolution,4,313,32,32,32,28,20,13,0,32,0.6953,65536,14560,0.7778,59,246.8,True
vgg16,__module.features.19/aten::_convolution/Convolution,4,314,32,32,32,28,18,13,0,32,0.708,65536,13104,0.8,57,178.3,True
vgg16,__module.features.19/aten::_convolution/Convolution,4,315,32,32,32,28,17,13,0,32,0.7144,65536,12376,0.8112,56,220.9,True
vgg16,__module.features.19/aten::_convolution/Convolution,4,316,32,32,32,28,18,13,0,32,0.708,65536,13104,0.8,57,137.6,True
vgg16,__module.features.19/aten::_convolution/Convolution,4,317,32,32,32,28,19,13,0,32,0.7017,65536,13832,0.7889,58,62.3,True
vgg16,__module.features.19/aten::_convolution/Convolution,4,318,32,32,32,28,17,13,0,32,0.7144,65536,12376,0.8112,56,43.8,True
vgg16,__module.features.19/aten::_convolution/Convolution,4,319,32,32,32,28,16,13,0,32,0.7207,65536,11648,0.8223,55,39.1,True
vgg16,__module.features.19/aten::_convolution/Convolution,4,320,32,32,32,28,16,13,0,32,0.7207,65536,11648,0.8223,55,55.7,True
vgg16,__module.features.19/aten::_convolution/Convolution,4,321,32,32,32,29,15,13,0,32,0.7207,65536,11310,0.8274,55,119.1,True
vgg16,__module.features.19/aten::_convolution/Convolution,4,322,32,32,32,29,16,13,0,32,0.7144,65536,12064,0.8159,56,39.8,True
vgg16,__module.features.19/aten::_convolution/Convolution,4,323,32,32,32,29,17,13,0,32,0.708,65536,12818,0.8044,57,40.1,True
vgg16,__module.features.19/aten::_convolution/Convolution,4,324,32,32,32,29,21,13,0,32,0.6826,65536,15834,0.7584,61,71.5,True
vgg16,__module.features.19/aten::_convolution/Convolution,4,325,32,32,32,29,17,13,0,32,0.708,65536,12818,0.8044,57,199.2,True
vgg16,__module.features.19/aten::_convolution/Convolution,4,326,32,32,32,29,17,13,0,32,0.708,65536,12818,0.8044,57,90.6,True
vgg16,__module.features.19/aten::_convolution/Convolution,4,327,32,32,32,29,18,13,0,32,0.7017,65536,13572,0.7929,58,41.3,True
vgg16,__module.features.19/aten::_convolution/Convolution,4,328,32,32,32,29,20,13,0,32,0.689,65536,15080,0.7699,60,198.1,True
vgg16,__module.features.19/aten::_convolution/Convolution,4,329,32,32,32,29,20,13,0,32,0.689,65536,15080,0.7699,60,117.7,True
vgg16,__module.features.19/aten::_convolution/Convolution,4,330,32,32,32,29,18,13,0,32,0.7017,65536,13572,0.7929,58,39.3,True
vgg16,__module.features.19/aten::_convolution/Convolution,4,331,32,32,32,29,17,13,0,32,0.708,65536,12818,0.8044,57,37.7,True
vgg16,__module.features.19/aten::_convolution/Convolution,4,332,32,32,32,29,18,13,0,32,0.7017,65536,13572,0.7929,58,38.0,True
vgg16,__module.features.19/aten::_convolution/Convolution,4,333,32,32,32,29,19,13,0,32,0.6953,65536,14326,0.7814,59,37.9,True
vgg16,__module.features.19/aten::_convolution/Convolution,4,334,32,32,32,29,17,13,0,32,0.708,65536,12818,0.8044,57,40.0,True
vgg16,__module.features.19/aten::_convolution/Convolution,4,335,32,32,32,29,16,13,0,32,0.7144,65536,12064,0.8159,56,39.2,True
vgg16,__module.features.19/aten::_convolution/Convolution,4,336,32,32,32,29,16,13,0,32,0.7144,65536,12064,0.8159,56,201.0,True
vgg16,__module.features.19/aten::_convolution/Convolution,4,337,32,32,32,30,15,17,0,32,0.6265,65536,15300,0.7665,60,147.4,True
vgg16,__module.features.19/aten::_convolution/Convolution,4,338,32,32,32,30,16,17,0,32,0.6182,65536,16320,0.751,61,38.3,True
vgg16,__module.features.19/aten::_convolution/Convolution,4,339,32,32,32,30,17,17,0,32,0.6099,65536,17340,0.7354,62,177.2,True
vgg16,__module.features.19/aten::_convolution/Convolution,4,340,32,32,32,30,21,17,0,32,0.5767,65536,21420,0.6732,66,39.0,True
vgg16,__module.features.19/aten::_convolution/Convolution,4,341,32,32,32,30,17,17,0,32,0.6099,65536,17340,0.7354,62,51.3,True
vgg16,__module.features.19/aten::_convolution/Convolution,4,342,32,32,32,30,17,17,0,32,0.6099,65536,17340,0.7354,62,39.4,True
vgg16,__module.features.19/aten::_convolution/Convolution,4,343,32,32,32,30,18,17,0,32,0.6016,65536,18360,0.7198,63,38.2,True
vgg16,__module.features.19/aten::_convolution/Convolution,4,344,32,32,32,30,20,17,0,32,0.585,65536,20400,0.6887,65,39.2,True
vgg16,__module.features.19/aten::_convolution/Convolution,4,345,32,32,32,30,20,17,0,32,0.585,65536,20400,0.6887,65,131.6,True
vgg16,__module.features.19/aten::_convolution/Convolution,4,346,32,32,32,30,18,17,0,32,0.6016,65536,18360,0.7198,63,58.9,True
vgg16,__module.features.19/aten::_convolution/Convolution,4,347,32,32,32,30,17,17,0,32,0.6099,65536,17340,0.7354,62,277.9,True
vgg16,__module.features.19/aten::_convolution/Convolution,4,348,32,32,32,30,18,17,0,32,0.6016,65536,18360,0.7198,63,39.1,True
vgg16,__module.features.19/aten::_convolution/Convolution,4,349,32,32,32,30,19,17,0,32,0.5933,65536,19380,0.7043,64,40.1,True
vgg16,__module.features.19/aten::_convolution/Convolution,4,350,32,32,32,30,17,17,0,32,0.6099,65536,17340,0.7354,62,38.6,True
vgg16,__module.features.19/aten::_convolution/Convolution,4,351,32,32,32,30,16,17,0,32,0.6182,65536,16320,0.751,61,199.8,True
vgg16,__module.features.19/aten::_convolution/Convolution,4,352,32,32,32,30,16,17,0,32,0.6182,65536,16320,0.751,61,38.7,True
vgg16,__module.features.19/aten::_convolution/Convolution,4,353,32,32,32,29,15,18,0,32,0.6133,65536,15660,0.761,60,39.5,True
vgg16,__module.features.19/aten::_convolution/Convolution,4,354,32,32,32,29,16,18,0,32,0.6045,65536,16704,0.7451,61,38.8,True
vgg16,__module.features.19/aten::_convolution/Convolution,4,355,32,32,32,29,17,18,0,32,0.5957,65536,17748,0.7292,62,76.1,True
vgg16,__module.features.19/aten::_convolution/Convolution,4,356,32,32,32,29,21,18,0,32,0.5605,65536,21924,0.6655,66,38.9,True
vgg16,__module.features.19/aten::_convolution/Convolution,4,357,32,32,32,29,17,18,0,32,0.5957,65536,17748,0.7292,62,105.8,True
vgg16,__module.features.19/aten::_convolution/Convolution,4,358,32,32,32,29,17,18,0,32,0.5957,65536,17748,0.7292,62,51.3,True
vgg16,__module.features.19/aten::_convolution/Convolution,4,359,32,32,32,29,18,18,0,32,0.5869,65536,18792,0.7133,63,41.5,True
vgg16,__module.features.19/aten::_convolution/Convolution,4,360,32,32,32,29,20,18,0,32,0.5693,65536,20880,0.6814,65,38.6,True
vgg16,__module.features.19/aten::_convolution/Convolution,4,361,32,32,32,29,20,18,0,32,0.5693,65536,20880,0.6814,65,38.9,True
vgg16,__module.features.19/aten::_convolution/Convolution,4,362,32,32,32,29,18,18,0,32,0.5869,65536,18792,0.7133,63,39.3,True
vgg16,__module.features.19/aten::_convolution/Convolution,4,363,32,32,32,29,17,18,0,32,0.5957,65536,17748,0.7292,62,44.5,True
vgg16,__module.features.19/aten::_convolution/Convolution,4,364,32,32,32,29,18,18,0,32,0.5869,65536,18792,0.7133,63,45.4,True
vgg16,__module.features.19/aten::_convolution/Convolution,4,365,32,32,32,29,19,18,0,32,0.5781,65536,19836,0.6973,64,38.9,True
vgg16,__module.features.19/aten::_convolution/Convolution,4,366,32,32,32,29,17,18,0,32,0.5957,65536,17748,0.7292,62,100.6,True
vgg16,__module.features.19/aten::_convolution/Convolution,4,367,32,32,32,29,16,18,0,32,0.6045,65536,16704,0.7451,61,177.6,True
vgg16,__module.features.19/aten::_convolution/Convolution,4,368,32,32,32,29,16,18,0,32,0.6045,65536,16704,0.7451,61,39.5,True
vgg16,__module.features.19/aten::_convolution/Convolution,4,369,32,32,32,31,15,14,0,32,0.6855,65536,13020,0.8013,58,44.4,True
vgg16,__module.features.19/aten::_convolution/Convolution,4,370,32,32,32,31,16,14,0,32,0.6787,65536,13888,0.7881,59,67.4,True
vgg16,__module.features.19/aten::_convolution/Convolution,4,371,32,32,32,31,17,14,0,32,0.6719,65536,14756,0.7748,60,39.7,True
vgg16,__module.features.19/aten::_convolution/Convolution,4,372,32,32,32,31,21,14,0,32,0.6445,65536,18228,0.7219,64,38.9,True
vgg16,__module.features.19/aten::_convolution/Convolution,4,373,32,32,32,31,17,14,0,32,0.6719,65536,14756,0.7748,60,252.4,True
vgg16,__module.features.19/aten::_convolution/Convolution,4,374,32,32,32,31,17,14,0,32,0.6719,65536,14756,0.7748,60,94.9,True
vgg16,__module.features.19/aten::_convolution/Convolution,4,375,32,32,32,31,18,14,0,32,0.665,65536,15624,0.7616,61,49.4,True
vgg16,__module.features.19/aten::_convolution/Convolution,4,376,32,32,32,31,20,14,0,32,0.6514,65536,17360,0.7351,63,44.3,True
vgg16,__module.features.19/aten::_convolution/Convolution,4,377,32,32,32,31,20,14,0,32,0.6514,65536,17360,0.7351,63,45.1,True
vgg16,__module.features.19/aten::_convolution/Convolution,4,378,32,32,32,31,18,14,0,32,0.665,65536,15624,0.7616,61,39.2,True
vgg16,__module.features.19/aten::_convolution/Convolution,4,379,32,32,32,31,17,14,0,32,0.6719,65536,14756,0.7748,60,39.6,True
vgg16,__module.features.19/aten::_convolution/Convolution,4,380,32,32,32,31,18,14,0,32,0.665,65536,15624,0.7616,61,39.0,True
vgg16,__module.features.19/aten::_convolution/Convolution,4,381,32,32,32,31,19,14,0,32,0.6582,65536,16492,0.7484,62,51.4,True
vgg16,__module.features.19/aten::_convolution/Convolution,4,382,32,32,32,31,17,14,0,32,0.6719,65536,14756,0.7748,60,39.0,True
vgg16,__module.features.19/aten::_convolution/Convolution,4,383,32,32,32,31,16,14,0,32,0.6787,65536,13888,0.7881,59,39.8,True
vgg16,__module.features.19/aten::_convolution/Convolution,4,384,32,32,32,31,16,14,0,32,0.6787,65536,13888,0.7881,59,39.5,True
vgg16,__module.features.19/aten::_convolution/Convolution,4,385,16,32,32,16,15,6,1,16,0.8789,32768,2880,0.9121,35,97.8,True
vgg16,__module.features.19/aten::_convolution/Convolution,4,386,16,32,32,16,16,6,1,16,0.875,32768,3072,0.9062,36,23.2,True
vgg16,__module.features.19/aten::_convolution/Convolution,4,387,16,32,32,16,17,6,0,32,0.8711,32768,3264,0.9004,37,21.0,True
vgg16,__module.features.19/aten::_convolution/Convolution,4,388,16,32,32,16,21,6,0,32,0.8555,32768,4032,0.877,41,22.5,True
vgg16,__module.features.19/aten::_convolution/Convolution,4,389,16,32,32,16,17,6,0,32,0.8711,32768,3264,0.9004,37,56.8,True
vgg16,__module.features.19/aten::_convolution/Convolution,4,390,16,32,32,16,17,6,0,32,0.8711,32768,3264,0.9004,37,87.5,True
vgg16,__module.features.19/aten::_convolution/Convolution,4,391,16,32,32,16,18,6,0,32,0.8672,32768,3456,0.8945,38,52.5,True
vgg16,__module.features.19/aten::_convolution/Convolution,4,392,16,32,32,16,20,6,0,32,0.8594,32768,3840,0.8828,40,84.0,True
vgg16,__module.features.19/aten::_convolution/Convolution,4,393,16,32,32,16,20,6,0,32,0.8594,32768,3840,0.8828,40,70.9,True
vgg16,__module.features.19/aten::_convolution/Convolution,4,394,16,32,32,16,18,6,0,32,0.8672,32768,3456,0.8945,38,59.5,True
vgg16,__module.features.19/aten::_convolution/Convolution,4,395,16,32,32,16,17,6,0,32,0.8711,32768,3264,0.9004,37,21.9,True
vgg16,__module.features.19/aten::_convolution/Convolution,4,396,16,32,32,16,18,6,0,32,0.8672,32768,3456,0.8945,38,30.1,True
vgg16,__module.features.19/aten::_convolution/Convolution,4,397,16,32,32,16,19,6,0,32,0.8633,32768,3648,0.8887,39,27.7,True
vgg16,__module.features.19/aten::_convolution/Convolution,4,398,16,32,32,16,17,6,0,32,0.8711,32768,3264,0.9004,37,21.2,True
vgg16,__module.features.19/aten::_convolution/Convolution,4,399,16,32,32,16,16,6,1,16,0.875,32768,3072,0.9062,36,22.7,True
vgg16,__module.features.19/aten::_convolution/Convolution,4,400,16,32,32,16,16,6,1,16,0.875,32768,3072,0.9062,36,52.5,True
vgg16,__module.features.17/aten::_convolution/Convolution,5,1,32,32,32,32,21,15,0,32,0.6118,65536,20160,0.6924,66,39.4,True
vgg16,__module.features.17/aten::_convolution/Convolution,5,2,32,32,32,32,19,15,0,32,0.6265,65536,18240,0.7217,64,49.3,True
vgg16,__module.features.17/aten::_convolution/Convolution,5,3,32,32,32,32,22,15,0,32,0.6045,65536,21120,0.6777,67,39.6,True
vgg16,__module.features.17/aten::_convolution/Convolution,5,4,32,32,32,32,17,15,0,32,0.6411,65536,16320,0.751,62,62.3,True
vgg16,__module.features.17/aten::_convolution/Convolution,5,5,32,32,32,32,19,15,0,32,0.6265,65536,18240,0.7217,64,151.5,True
vgg16,__module.features.17/aten::_convolution/Convolution,5,6,32,32,32,32,16,15,0,32,0.6484,65536,15360,0.7656,61,39.2,True
vgg16,__module.features.17/aten::_convolution/Convolution,5,7,32,32,32,32,15,15,0,32,0.6558,65536,14400,0.7803,60,38.6,True
vgg16,__module.features.17/aten::_convolution/Convolution,5,8,32,32,32,32,15,15,0,32,0.6558,65536,14400,0.7803,60,40.3,True
vgg16,__module.features.17/aten::_convolution/Convolution,5,9,32,32,32,32,19,15,0,32,0.6265,65536,18240,0.7217,64,180.6,True
vgg16,__module.features.17/aten::_convolution/Convolution,5,10,32,32,32,32,21,15,0,32,0.6118,65536,20160,0.6924,66,39.1,True
vgg16,__module.features.17/aten::_convolution/Convolution,5,11,32,32,32,32,18,15,0,32,0.6338,65536,17280,0.7363,63,85.9,True
vgg16,__module.features.17/aten::_convolution/Convolution,5,12,32,32,32,32,19,15,0,32,0.6265,65536,18240,0.7217,64,69.7,True
vgg16,__module.features.17/aten::_convolution/Convolution,5,13,32,32,32,32,14,15,0,32,0.6631,65536,13440,0.7949,59,39.2,True
vgg16,__module.features.17/aten::_convolution/Convolution,5,14,32,32,32,32,11,15,0,32,0.6851,65536,10560,0.8389,56,39.2,True
vgg16,__module.features.17/aten::_convolution/Convolution,5,15,32,32,32,32,20,15,0,32,0.6191,65536,19200,0.707,65,39.4,True
vgg16,__module.features.17/aten::_convolution/Convolution,5,16,32,32,32,32,16,15,0,32,0.6484,65536,15360,0.7656,61,72.2,True
vgg16,__module.features.17/aten::_convolution/Convolution,5,17,32,32,32,31,21,18,0,32,0.543,65536,23436,0.6424,68,45.3,True
vgg16,__module.features.17/aten::_convolution/Convolution,5,18,32,32,32,31,19,18,0,32,0.5605,65536,21204,0.6765,66,123.5,True
vgg16,__module.features.17/aten::_convolution/Convolution,5,19,32,32,32,31,22,18,0,32,0.5342,65536,24552,0.6254,69,99.7,True
vgg16,__module.features.17/aten::_convolution/Convolution,5,20,32,32,32,31,17,18,0,32,0.5781,65536,18972,0.7105,64,52.4,True
vgg16,__module.features.17/aten::_convolution/Convolution,5,21,32,32,32,31,19,18,0,32,0.5605,65536,21204,0.6765,66,54.0,True
vgg16,__module.features.17/aten::_convolution/Convolution,5,22,32,32,32,31,16,18,0,32,0.5869,65536,17856,0.7275,63,112.8,True
vgg16,__module.features.17/aten::_convolution/Convolution,5,23,32,32,32,31,15,18,0,32,0.5957,65536,16740,0.7446,62,50.2,True
vgg16,__module.features.17/aten::_convolution/Convolution,5,24,32,32,32,31,15,18,0,32,0.5957,65536,16740,0.7446,62,47.3,True
vgg16,__module.features.17/aten::_convolution/Convolution,5,25,32,32,32,31,19,18,0,32,0.5605,65536,21204,0.6765,66,68.0,True
vgg16,__module.features.17/aten::_convolution/Convolution,5,26,32,32,32,31,21,18,0,32,0.543,65536,23436,0.6424,68,42.5,True
vgg16,__module.features.17/aten::_convolution/Convolution,5,27,32,32,32,31,18,18,0,32,0.5693,65536,20088,0.6935,65,95.0,True
vgg16,__module.features.17/aten::_convolution/Convolution,5,28,32,32,32,31,19,18,0,32,0.5605,65536,21204,0.6765,66,39.2,True
vgg16,__module.features.17/aten::_convolution/Convolution,5,29,32,32,32,31,14,18,0,32,0.6045,65536,15624,0.7616,61,39.5,True
vgg16,__module.features.17/aten::_convolution/Convolution,5,30,32,32,32,31,11,18,0,32,0.6309,65536,12276,0.8127,58,49.2,True
vgg16,__module.features.17/aten::_convolution/Convolution,5,31,32,32,32,31,20,18,0,32,0.5518,65536,22320,0.6594,67,149.4,True
vgg16,__module.features.17/aten::_convolution/Convolution,5,32,32,32,32,31,16,18,0,32,0.5869,65536,17856,0.7275,63,161.0,True
vgg16,__module.features.17/aten::_convolution/Convolution,5,33,32,32,32,30,21,18,0,32,0.5518,65536,22680,0.6539,67,38.3,True
vgg16,__module.features.17/aten::_convolution/Convolution,5,34,32,32,32,30,19,18,0,32,0.5693,65536,20520,0.6869,65,136.6,True
vgg16,__module.features.17/aten::_convolution/Convolution,5,35,32,32,32,30,22,18,0,32,0.543,65536,23760,0.6375,68,38.9,True
vgg16,__module.features.17/aten::_convolution/Convolution,5,36,32,32,32,30,17,18,0,32,0.5869,65536,18360,0.7198,63,62.8,True
vgg16,__module.features.17/aten::_convolution/Convolution,5,37,32,32,32,30,19,18,0,32,0.5693,65536,20520,0.6869,65,77.3,True
vgg16,__module.features.17/aten::_convolution/Convolution,5,38,32,32,32,30,16,18,0,32,0.5957,65536,17280,0.7363,62,48.6,True
vgg16,__module.features.17/aten::_convolution/Convolution,5,39,32,32,32,30,15,18,0,32,0.6045,65536,16200,0.7528,61,41.3,True
vgg16,__module.features.17/aten::_convolution/Convolution,5,40,32,32,32,30,15,18,0,32,0.6045,65536,16200,0.7528,61,38.8,True
vgg16,__module.features.17/aten::_convolution/Convolution,5,41,32,32,32,30,19,18,0,32,0.5693,65536,20520,0.6869,65,181.7,True
vgg16,__module.features.17/aten::_convolution/Convolution,5,42,32,32,32,30,21,18,0,32,0.5518,65536,22680,0.6539,67,95.8,True
vgg16,__module.features.17/aten::_convolution/Convolution,5,43,32,32,32,30,18,18,0,32,0.5781,65536,19440,0.7034,64,40.1,True
vgg16,__module.features.17/aten::_convolution/Convolution,5,44,32,32,32,30,19,18,0,32,0.5693,65536,20520,0.6869,65,179.0,True
vgg16,__module.features.17/aten::_convolution/Convolution,5,45,32,32,32,30,14,18,0,32,0.6133,65536,15120,0.7693,60,39.4,True
vgg16,__module.features.17/aten::_convolution/Convolution,5,46,32,32,32,30,11,18,0,32,0.6396,65536,11880,0.8187,57,40.2,True
vgg16,__module.features.17/aten::_convolution/Convolution,5,47,32,32,32,30,20,18,0,32,0.5605,65536,21600,0.6704,66,68.2,True
vgg16,__module.features.17/aten::_convolution/Convolution,5,48,32,32,32,30,16,18,0,32,0.5957,65536,17280,0.7363,62,39.3,True
vgg16,__module.features.17/aten::_convolution/Convolution,5,49,32,32,32,31,21,18,0,32,0.543,65536,23436,0.6424,68,38.5,True
vgg16,__module.features.17/aten::_convolution/Convolution,5,50,32,32,32,31,19,18,0,32,0.5605,65536,21204,0.6765,66,66.9,True
vgg16,__module.features.17/aten::_convolution/Convolution,5,51,32,32,32,31,22,18,0,32,0.5342,65536,24552,0.6254,69,44.7,True
vgg16,__module.features.17/aten::_convolution/Convolution,5,52,32,32,32,31,17,18,0,32,0.5781,65536,18972,0.7105,64,96.4,True
vgg16,__module.features.17/aten::_convolution/Convolution,5,53,32,32,32,31,19,18,0,32,0.5605,65536,21204,0.6765,66,52.4,True
vgg16,__module.features.17/aten::_convolution/Convolution,5,54,32,32,32,31,16,18,0,32,0.5869,65536,17856,0.7275,63,121.4,True
vgg16,__module.features.17/aten::_convolution/Convolution,5,55,32,32,32,31,15,18,0,32,0.5957,65536,16740,0.7446,62,39.5,True
vgg16,__module.features.17/aten::_convolution/Convolution,5,56,32,32,32,31,15,18,0,32,0.5957,65536,16740,0.7446,62,39.1,True
vgg16,__module.features.17/aten::_convolution/Convolution,5,57,32,32,32,31,19,18,0,32,0.5605,65536,21204,0.6765,66,61.9,True
vgg16,__module.features.17/aten::_convolution/Convolution,5,58,32,32,32,31,21,18,0,32,0.543,65536,23436,0.6424,68,39.6,True
vgg16,__module.features.17/aten::_convolution/Convolution,5,59,32,32,32,31,18,18,0,32,0.5693,65536,20088,0.6935,65,47.3,True
vgg16,__module.features.17/aten::_convolution/Convolution,5,60,32,32,32,31,19,18,0,32,0.5605,65536,21204,0.6765,66,38.8,True
vgg16,__module.features.17/aten::_convolution/Convolution,5,61,32,32,32,31,14,18,0,32,0.6045,65536,15624,0.7616,61,39.3,True
vgg16,__module.features.17/aten::_convolution/Convolution,5,62,32,32,32,31,11,18,0,32,0.6309,65536,12276,0.8127,58,39.6,True
vgg16,__module.features.17/aten::_convolution/Convolution,5,63,32,32,32,31,20,18,0,32,0.5518,65536,22320,0.6594,67,62.3,True
vgg16,__module.features.17/aten::_convolution/Convolution,5,64,32,32,32,31,16,18,0,32,0.5869,65536,17856,0.7275,63,86.1,True
vgg16,__module.features.17/aten::_convolution/Convolution,5,65,32,32,32,32,21,18,0,32,0.5342,65536,24192,0.6309,69,38.3,True
vgg16,__module.features.17/aten::_convolution/Convolution,5,66,32,32,32,32,19,18,0,32,0.5518,65536,21888,0.666,67,38.9,True
vgg16,__module.features.17/aten::_convolution/Convolution,5,67,32,32,32,32,22,18,0,32,0.5254,65536,25344,0.6133,70,48.3,True
vgg16,__module.features.17/aten::_convolution/Convolution,5,68,32,32,32,32,17,18,0,32,0.5693,65536,19584,0.7012,65,37.8,True
vgg16,__module.features.17/aten::_convolution/Convolution,5,69,32,32,32,32,19,18,0,32,0.5518,65536,21888,0.666,67,70.2,True
vgg16,__module.features.17/aten::_convolution/Convolution,5,70,32,32,32,32,16,18,0,32,0.5781,65536,18432,0.7188,64,39.6,True
vgg16,__module.features.17/aten::_convolution/Convolution,5,71,32,32,32,32,15,18,0,32,0.5869,65536,17280,0.7363,63,42.1,True
vgg16,__module.features.17/aten::_convolution/Convolution,5,72,32,32,32,32,15,18,0,32,0.5869,65536,17280,0.7363,63,38.8,True
vgg16,__module.features.17/aten::_convolution/Convolution,5,73,32,32,32,32,19,18,0,32,0.5518,65536,21888,0.666,67,49.3,True
vgg16,__module.features.17/aten::_convolution/Convolution,5,74,32,32,32,32,21,18,0,32,0.5342,65536,24192,0.6309,69,54.4,True
vgg16,__module.features.17/aten::_convolution/Convolution,5,75,32,32,32,32,18,18,0,32,0.5605,65536,20736,0.6836,66,38.9,True
vgg16,__module.features.17/aten::_convolution/Convolution,5,76,32,32,32,32,19,18,0,32,0.5518,65536,21888,0.666,67,39.3,True
vgg16,__module.features.17/aten::_convolution/Convolution,5,77,32,32,32,32,14,18,0,32,0.5957,65536,16128,0.7539,62,38.6,True
vgg16,__module.features.17/aten::_convolution/Convolution,5,78,32,32,32,32,11,18,0,32,0.6221,65536,12672,0.8066,59,51.4,True
vgg16,__module.features.17/aten::_convolution/Convolution,5,79,32,32,32,32,20,18,0,32,0.543,65536,23040,0.6484,68,42.8,True
vgg16,__module.features.17/aten::_convolution/Convolution,5,80,32,32,32,32,16,18,0,32,0.5781,65536,18432,0.7188,64,38.7,True
vgg16,__module.features.17/aten::_convolution/Convolution,5,81,32,32,32,31,21,18,0,32,0.543,65536,23436,0.6424,68,38.4,True
vgg16,__module.features.17/aten::_convolution/Convolution,5,82,32,32,32,31,19,18,0,32,0.5605,65536,21204,0.6765,66,89.8,True
vgg16,__module.features.17/aten::_convolution/Convolution,5,83,32,32,32,31,22,18,0,32,0.5342,65536,24552,0.6254,69,38.9,True
vgg16,__module.features.17/aten::_convolution/Convolution,5,84,32,32,32,31,17,18,0,32,0.5781,65536,18972,0.7105,64,58.7,True
vgg16,__module.features.17/aten::_convolution/Convolution,5,85,32,32,32,31,19,18,0,32,0.5605,65536,21204,0.6765,66,160.0,True
vgg16,__module.features.17/aten::_convolution/Convolution,5,86,32,32,32,31,16,18,0,32,0.5869,65536,17856,0.7275,63,38.3,True
vgg16,__module.features.17/aten::_convolution/Convolution,5,87,32,32,32,31,15,18,0,32,0.5957,65536,16740,0.7446,62,39.4,True
vgg16,__module.features.17/aten::_convolution/Convolution,5,88,32,32,32,31,15,18,0,32,0.5957,65536,16740,0.7446,62,126.5,True
vgg16,__module.features.17/aten::_convolution/Convolution,5,89,32,32,32,31,19,18,0,32,0.5605,65536,21204,0.6765,66,39.1,True
vgg16,__module.features.17/aten::_convolution/Convolution,5,90,32,32,32,31,21,18,0,32,0.543,65536,23436,0.6424,68,66.9,True
vgg16,__module.features.17/aten::_convolution/Convolution,5,91,32,32,32,31,18,18,0,32,0.5693,65536,20088,0.6935,65,39.4,True
vgg16,__module.features.17/aten::_convolution/Convolution,5,92,32,32,32,31,19,18,0,32,0.5605,65536,21204,0.6765,66,54.7,True
vgg16,__module.features.17/aten::_convolution/Convolution,5,93,32,32,32,31,14,18,0,32,0.6045,65536,15624,0.7616,61,39.6,True
vgg16,__module.features.17/aten::_convolution/Convolution,5,94,32,32,32,31,11,18,0,32,0.6309,65536,12276,0.8127,58,38.3,True
vgg16,__module.features.17/aten::_convolution/Convolution,5,95,32,32,32,31,20,18,0,32,0.5518,65536,22320,0.6594,67,41.4,True
vgg16,__module.features.17/aten::_convolution/Convolution,5,96,32,32,32,31,16,18,0,32,0.5869,65536,17856,0.7275,63,51.6,True
vgg16,__module.features.17/aten::_convolution/Convolution,5,97,32,32,32,29,21,18,0,32,0.5605,65536,21924,0.6655,66,60.8,True
vgg16,__module.features.17/aten::_convolution/Convolution,5,98,32,32,32,29,19,18,0,32,0.5781,65536,19836,0.6973,64,39.7,True
vgg16,__module.features.17/aten::_convolution/Convolution,5,99,32,32,32,29,22,18,0,32,0.5518,65536,22968,0.6495,67,81.9,True
vgg16,__module.features.17/aten::_convolution/Convolution,5,100,32,32,32,29,17,18,0,32,0.5957,65536,17748,0.7292,62,46.7,True
vgg16,__module.features.17/aten::_convolution/Convolution,5,101,32,32,32,29,19,18,0,32,0.5781,65536,19836,0.6973,64,40.0,True
vgg16,__module.features.17/aten::_convolution/Convolution,5,102,32,32,32,29,16,18,0,32,0.6045,65536,16704,0.7451,61,39.9,True
vgg16,__module.features.17/aten::_convolution/Convolution,5,103,32,32,32,29,15,18,0,32,0.6133,65536,15660,0.761,60,55.3,True
vgg16,__module.features.17/aten::_convolution/Convolution,5,104,32,32,32,29,15,18,0,32,0.6133,65536,15660,0.761,60,48.6,True
vgg16,__module.features.17/aten::_convolution/Convolution,5,105,32,32,32,29,19,18,0,32,0.5781,65536,19836,0.6973,64,87.9,True
vgg16,__module.features.17/aten::_convolution/Convolution,5,106,32,32,32,29,21,18,0,32,0.5605,65536,21924,0.6655,66,39.4,True
vgg16,__module.features.17/aten::_convolution/Convolution,5,107,32,32,32,29,18,18,0,32,0.5869,65536,18792,0.7133,63,39.2,True
vgg16,__module.features.17/aten::_convolution/Convolution,5,108,32,32,32,29,19,18,0,32,0.5781,65536,19836,0.6973,64,38.8,True
vgg16,__module.features.17/aten::_convolution/Convolution,5,109,32,32,32,29,14,18,0,32,0.6221,65536,14616,0.777,59,39.2,True
vgg16,__module.features.17/aten::_convolution/Convolution,5,110,32,32,32,29,11,18,0,32,0.6484,65536,11484,0.8248,56,39.2,True
vgg16,__module.features.17/aten::_convolution/Convolution,5,111,32,32,32,29,20,18,0,32,0.5693,65536,20880,0.6814,65,86.0,True
vgg16,__module.features.17/aten::_convolution/Convolution,5,112,32,32,32,29,16,18,0,32,0.6045,65536,16704,0.7451,61,73.2,True
vgg16,__module.features.17/aten::_convolution/Convolution,5,113,32,32,32,31,21,18,0,32,0.543,65536,23436,0.6424,68,38.7,True
vgg16,__module.features.17/aten::_convolution/Convolution,5,114,32,32,32,31,19,18,0,32,0.5605,65536,21204,0.6765,66,62.3,True
vgg16,__module.features.17/aten::_convolution/Convolution,5,115,32,32,32,31,22,18,0,32,0.5342,65536,24552,0.6254,69,55.3,True
vgg16,__module.features.17/aten::_convolution/Convolution,5,116,32,32,32,31,17,18,0,32,0.5781,65536,18972,0.7105,64,38.9,True
vgg16,__module.features.17/aten::_convolution/Convolution,5,117,32,32,32,31,19,18,0,32,0.5605,65536,21204,0.6765,66,39.2,True
vgg16,__module.features.17/aten::_convolution/Convolution,5,118,32,32,32,31,16,18,0,32,0.5869,65536,17856,0.7275,63,39.9,True
vgg16,__module.features.17/aten::_convolution/Convolution,5,119,32,32,32,31,15,18,0,32,0.5957,65536,16740,0.7446,62,163.4,True
vgg16,__module.features.17/aten::_convolution/Convolution,5,120,32,32,32,31,15,18,0,32,0.5957,65536,16740,0.7446,62,38.9,True
vgg16,__module.features.17/aten::_convolution/Convolution,5,121,32,32,32,31,19,18,0,32,0.5605,65536,21204,0.6765,66,146.7,True
vgg16,__module.features.17/aten::_convolution/Convolution,5,122,32,32,32,31,21,18,0,32,0.543,65536,23436,0.6424,68,39.7,True
vgg16,__module.features.17/aten::_convolution/Convolution,5,123,32,32,32,31,18,18,0,32,0.5693,65536,20088,0.6935,65,180.2,True
vgg16,__module.features.17/aten::_convolution/Convolution,5,124,32,32,32,31,19,18,0,32,0.5605,65536,21204,0.6765,66,39.5,True
vgg16,__module.features.17/aten::_convolution/Convolution,5,125,32,32,32,31,14,18,0,32,0.6045,65536,15624,0.7616,61,119.3,True
vgg16,__module.features.17/aten::_convolution/Convolution,5,126,32,32,32,31,11,18,0,32,0.6309,65536,12276,0.8127,58,38.6,True
vgg16,__module.features.17/aten::_convolution/Convolution,5,127,32,32,32,31,20,18,0,32,0.5518,65536,22320,0.6594,67,42.0,True
vgg16,__module.features.17/aten::_convolution/Convolution,5,128,32,32,32,31,16,18,0,32,0.5869,65536,17856,0.7275,63,39.0,True
vgg16,__module.features.17/aten::_convolution/Convolution,5,129,32,32,32,32,21,18,0,32,0.5342,65536,24192,0.6309,69,42.6,True
vgg16,__module.features.17/aten::_convolution/Convolution,5,130,32,32,32,32,19,18,0,32,0.5518,65536,21888,0.666,67,44.9,True
vgg16,__module.features.17/aten::_convolution/Convolution,5,131,32,32,32,32,22,18,0,32,0.5254,65536,25344,0.6133,70,53.3,True
vgg16,__module.features.17/aten::_convolution/Convolution,5,132,32,32,32,32,17,18,0,32,0.5693,65536,19584,0.7012,65,42.1,True
vgg16,__module.features.17/aten::_convolution/Convolution,5,133,32,32,32,32,19,18,0,32,0.5518,65536,21888,0.666,67,62.7,True
vgg16,__module.features.17/aten::_convolution/Convolution,5,134,32,32,32,32,16,18,0,32,0.5781,65536,18432,0.7188,64,76.6,True
vgg16,__module.features.17/aten::_convolution/Convolution,5,135,32,32,32,32,15,18,0,32,0.5869,65536,17280,0.7363,63,87.1,True
vgg16,__module.features.17/aten::_convolution/Convolution,5,136,32,32,32,32,15,18,0,32,0.5869,65536,17280,0.7363,63,39.4,True
vgg16,__module.features.17/aten::_convolution/Convolution,5,137,32,32,32,32,19,18,0,32,0.5518,65536,21888,0.666,67,38.6,True
vgg16,__module.features.17/aten::_convolution/Convolution,5,138,32,32,32,32,21,18,0,32,0.5342,65536,24192,0.6309,69,100.2,True
vgg16,__module.features.17/aten::_convolution/Convolution,5,139,32,32,32,32,18,18,0,32,0.5605,65536,20736,0.6836,66,150.0,True
vgg16,__module.features.17/aten::_convolution/Convolution,5,140,32,32,32,32,19,18,0,32,0.5518,65536,21888,0.666,67,40.0,True
vgg16,__module.features.17/aten::_convolution/Convolution,5,141,32,32,32,32,14,18,0,32,0.5957,65536,16128,0.7539,62,40.1,True
vgg16,__module.features.17/aten::_convolution/Convolution,5,142,32,32,32,32,11,18,0,32,0.6221,65536,12672,0.8066,59,53.7,True
vgg16,__module.features.17/aten::_convolution/Convolution,5,143,32,32,32,32,20,18,0,32,0.543,65536,23040,0.6484,68,40.2,True
vgg16,__module.features.17/aten::_convolution/Convolution,5,144,32,32,32,32,16,18,0,32,0.5781,65536,18432,0.7188,64,135.6,True
vgg16,__module.features.17/aten::_convolution/Convolution,5,145,32,32,32,31,21,18,0,32,0.543,65536,23436,0.6424,68,61.2,True
vgg16,__module.features.17/aten::_convolution/Convolution,5,146,32,32,32,31,19,18,0,32,0.5605,65536,21204,0.6765,66,118.0,True
vgg16,__module.features.17/aten::_convolution/Convolution,5,147,32,32,32,31,22,18,0,32,0.5342,65536,24552,0.6254,69,52.6,True
vgg16,__module.features.17/aten::_convolution/Convolution,5,148,32,32,32,31,17,18,0,32,0.5781,65536,18972,0.7105,64,40.7,True
vgg16,__module.features.17/aten::_convolution/Convolution,5,149,32,32,32,31,19,18,0,32,0.5605,65536,21204,0.6765,66,198.4,True
vgg16,__module.features.17/aten::_convolution/Convolution,5,150,32,32,32,31,16,18,0,32,0.5869,65536,17856,0.7275,63,42.2,True
vgg16,__module.features.17/aten::_convolution/Convolution,5,151,32,32,32,31,15,18,0,32,0.5957,65536,16740,0.7446,62,82.1,True
vgg16,__module.features.17/aten::_convolution/Convolution,5,152,32,32,32,31,15,18,0,32,0.5957,65536,16740,0.7446,62,39.4,True
vgg16,__module.features.17/aten::_convolution/Convolution,5,153,32,32,32,31,19,18,0,32,0.5605,65536,21204,0.6765,66,73.6,True
vgg16,__module.features.17/aten::_convolution/Convolution,5,154,32,32,32,31,21,18,0,32,0.543,65536,23436,0.6424,68,39.3,True
vgg16,__module.features.17/aten::_convolution/Convolution,5,155,32,32,32,31,18,18,0,32,0.5693,65536,20088,0.6935,65,38.8,True
vgg16,__module.features.17/aten::_convolution/Convolution,5,156,32,32,32,31,19,18,0,32,0.5605,65536,21204,0.6765,66,162.5,True
vgg16,__module.features.17/aten::_convolution/Convolution,5,157,32,32,32,31,14,18,0,32,0.6045,65536,15624,0.7616,61,67.2,True
vgg16,__module.features.17/aten::_convolution/Convolution,5,158,32,32,32,31,11,18,0,32,0.6309,65536,12276,0.8127,58,38.7,True
vgg16,__module.features.17/aten::_convolution/Convolution,5,159,32,32,32,31,20,18,0,32,0.5518,65536,22320,0.6594,67,198.9,True
vgg16,__module.features.17/aten::_convolution/Convolution,5,160,32,32,32,31,16,18,0,32,0.5869,65536,17856,0.7275,63,39.1,True
vgg16,__module.features.17/aten::_convolution/Convolution,5,161,32,32,32,30,21,18,0,32,0.5518,65536,22680,0.6539,67,53.5,True
vgg16,__module.features.17/aten::_convolution/Convolution,5,162,32,32,32,30,19,18,0,32,0.5693,65536,20520,0.6869,65,46.5,True
vgg16,__module.features.17/aten::_convolution/Convolution,5,163,32,32,32,30,22,18,0,32,0.543,65536,23760,0.6375,68,41.5,True
vgg16,__module.features.17/aten::_convolution/Convolution,5,164,32,32,32,30,17,18,0,32,0.5869,65536,18360,0.7198,63,38.8,True
vgg16,__module.features.17/aten::_convolution/Convolution,5,165,32,32,32,30,19,18,0,32,0.5693,65536,20520,0.6869,65,40.3,True
vgg16,__module.features.17/aten::_convolution/Convolution,5,166,32,32,32,30,16,18,0,32,0.5957,65536,17280,0.7363,62,38.3,True
vgg16,__module.features.17/aten::_convolution/Convolution,5,167,32,32,32,30,15,18,0,32,0.6045,65536,16200,0.7528,61,39.2,True
vgg16,__module.features.17/aten::_convolution/Convolution,5,168,32,32,32,30,15,18,0,32,0.6045,65536,16200,0.7528,61,39.6,True
vgg16,__module.features.17/aten::_convolution/Convolution,5,169,32,32,32,30,19,18,0,32,0.5693,65536,20520,0.6869,65,39.4,True
vgg16,__module.features.17/aten::_convolution/Convolution,5,170,32,32,32,30,21,18,0,32,0.5518,65536,22680,0.6539,67,119.0,True
vgg16,__module.features.17/aten::_convolution/Convolution,5,171,32,32,32,30,18,18,0,32,0.5781,65536,19440,0.7034,64,49.9,True
vgg16,__module.features.17/aten::_convolution/Convolution,5,172,32,32,32,30,19,18,0,32,0.5693,65536,20520,0.6869,65,42.6,True
vgg16,__module.features.17/aten::_convolution/Convolution,5,173,32,32,32,30,14,18,0,32,0.6133,65536,15120,0.7693,60,74.9,True
vgg16,__module.features.17/aten::_convolution/Convolution,5,174,32,32,32,30,11,18,0,32,0.6396,65536,11880,0.8187,57,39.7,True
vgg16,__module.features.17/aten::_convolution/Convolution,5,175,32,32,32,30,20,18,0,32,0.5605,65536,21600,0.6704,66,39.5,True
vgg16,__module.features.17/aten::_convolution/Convolution,5,176,32,32,32,30,16,18,0,32,0.5957,65536,17280,0.7363,62,150.7,True
vgg16,__module.features.17/aten::_convolution/Convolution,5,177,32,32,32,32,21,18,0,32,0.5342,65536,24192,0.6309,69,68.2,True
vgg16,__module.features.17/aten::_convolution/Convolution,5,178,32,32,32,32,19,18,0,32,0.5518,65536,21888,0.666,67,100.5,True
vgg16,__module.features.17/aten::_convolution/Convolution,5,179,32,32,32,32,22,18,0,32,0.5254,65536,25344,0.6133,70,55.3,True
vgg16,__module.features.17/aten::_convolution/Convolution,5,180,32,32,32,32,17,18,0,32,0.5693,65536,19584,0.7012,65,39.4,True
vgg16,__module.features.17/aten::_convolution/Convolution,5,181,32,32,32,32,19,18,0,32,0.5518,65536,21888,0.666,67,39.2,True
vgg16,__module.features.17/aten::_convolution/Convolution,5,182,32,32,32,32,16,18,0,32,0.5781,65536,18432,0.7188,64,200.7,True
vgg16,__module.features.17/aten::_convolution/Convolution,5,183,32,32,32,32,15,18,0,32,0.5869,65536,17280,0.7363,63,138.2,True
vgg16,__module.features.17/aten::_convolution/Convolution,5,184,32,32,32,32,15,18,0,32,0.5869,65536,17280,0.7363,63,179.7,True
vgg16,__module.features.17/aten::_convolution/Convolution,5,185,32,32,32,32,19,18,0,32,0.5518,65536,21888,0.666,67,59.8,True
vgg16,__module.features.17/aten::_convolution/Convolution,5,186,32,32,32,32,21,18,0,32,0.5342,65536,24192,0.6309,69,46.0,True
vgg16,__module.features.17/aten::_convolution/Convolution,5,187,32,32,32,32,18,18,0,32,0.5605,65536,20736,0.6836,66,39.2,True
vgg16,__module.features.17/aten::_convolution/Convolution,5,188,32,32,32,32,19,18,0,32,0.5518,65536,21888,0.666,67,113.5,True
vgg16,__module.features.17/aten::_convolution/Convolution,5,189,32,32,32,32,14,18,0,32,0.5957,65536,16128,0.7539,62,50.9,True
vgg16,__module.features.17/aten::_convolution/Convolution,5,190,32,32,32,32,11,18,0,32,0.6221,65536,12672,0.8066,59,77.7,True
vgg16,__module.features.17/aten::_convolution/Convolution,5,191,32,32,32,32,20,18,0,32,0.543,65536,23040,0.6484,68,39.2,True
vgg16,__module.features.17/aten::_convolution/Convolution,5,192,32,32,32,32,16,18,0,32,0.5781,65536,18432,0.7188,64,47.8,True
vgg16,__module.features.17/aten::_convolution/Convolution,5,193,32,32,32,28,21,18,0,32,0.5693,65536,21168,0.677,65,84.6,True
vgg16,__module.features.17/aten::_convolution/Convolution,5,194,32,32,32,28,19,18,0,32,0.5869,65536,19152,0.7078,63,147.1,True
vgg16,__module.features.17/aten::_convolution/Convolution,5,195,32,32,32,28,22,18,0,32,0.5605,65536,22176,0.6616,66,39.0,True
vgg16,__module.features.17/aten::_convolution/Convolution,5,196,32,32,32,28,17,18,0,32,0.6045,65536,17136,0.7385,61,52.0,True
vgg16,__module.features.17/aten::_convolution/Convolution,5,197,32,32,32,28,19,18,0,32,0.5869,65536,19152,0.7078,63,38.7,True
vgg16,__module.features.17/aten::_convolution/Convolution,5,198,32,32,32,28,16,18,0,32,0.6133,65536,16128,0.7539,60,52.3,True
vgg16,__module.features.17/aten::_convolution/Convolution,5,199,32,32,32,28,15,18,0,32,0.6221,65536,15120,0.7693,59,39.0,True
vgg16,__module.features.17/aten::_convolution/Convolution,5,200,32,32,32,28,15,18,0,32,0.6221,65536,15120,0.7693,59,162.0,True
vgg16,__module.features.17/aten::_convolution/Convolution,5,201,32,32,32,28,19,18,0,32,0.5869,65536,19152,0.7078,63,178.4,True
vgg16,__module.features.17/aten::_convolution/Convolution,5,202,32,32,32,28,21,18,0,32,0.5693,65536,21168,0.677,65,39.3,True
vgg16,__module.features.17/aten::_convolution/Convolution,5,203,32,32,32,28,18,18,0,32,0.5957,65536,18144,0.7231,62,41.7,True
vgg16,__module.features.17/aten::_convolution/Convolution,5,204,32,32,32,28,19,18,0,32,0.5869,65536,19152,0.7078,63,39.4,True
vgg16,__module.features.17/aten::_convolution/Convolution,5,205,32,32,32,28,14,18,0,32,0.6309,65536,14112,0.7847,58,64.7,True
vgg16,__module.features.17/aten::_convolution/Convolution,5,206,32,32,32,28,11,18,0,32,0.6572,65536,11088,0.8308,55,37.9,True
vgg16,__module.features.17/aten::_convolution/Convolution,5,207,32,32,32,28,20,18,0,32,0.5781,65536,20160,0.6924,64,145.5,True
vgg16,__module.features.17/aten::_convolution/Convolution,5,208,32,32,32,28,16,18,0,32,0.6133,65536,16128,0.7539,60,385.6,True
vgg16,__module.features.17/aten::_convolution/Convolution,5,209,32,32,32,31,21,18,0,32,0.543,65536,23436,0.6424,68,48.6,True
vgg16,__module.features.17/aten::_convolution/Convolution,5,210,32,32,32,31,19,18,0,32,0.5605,65536,21204,0.6765,66,75.4,True
vgg16,__module.features.17/aten::_convolution/Convolution,5,211,32,32,32,31,22,18,0,32,0.5342,65536,24552,0.6254,69,39.0,True
vgg16,__module.features.17/aten::_convolution/Convolution,5,212,32,32,32,31,17,18,0,32,0.5781,65536,18972,0.7105,64,43.0,True
vgg16,__module.features.17/aten::_convolution/Convolution,5,213,32,32,32,31,19,18,0,32,0.5605,65536,21204,0.6765,66,49.6,True
vgg16,__module.features.17/aten::_convolution/Convolution,5,214,32,32,32,31,16,18,0,32,0.5869,65536,17856,0.7275,63,38.6,True
vgg16,__module.features.17/aten::_convolution/Convolution,5,215,32,32,32,31,15,18,0,32,0.5957,65536,16740,0.7446,62,40.0,True
vgg16,__module.features.17/aten::_convolution/Convolution,5,216,32,32,32,31,15,18,0,32,0.5957,65536,16740,0.7446,62,63.1,True
vgg16,__module.features.17/aten::_convolution/Convolution,5,217,32,32,32,31,19,18,0,32,0.5605,65536,21204,0.6765,66,180.4,True
vgg16,__module.features.17/aten::_convolution/Convolution,5,218,32,32,32,31,21,18,0,32,0.543,65536,23436,0.6424,68,39.2,True
vgg16,__module.features.17/aten::_convolution/Convolution,5,219,32,32,32,31,18,18,0,32,0.5693,65536,20088,0.6935,65,39.9,True
vgg16,__module.features.17/aten::_convolution/Convolution,5,220,32,32,32,31,19,18,0,32,0.5605,65536,21204,0.6765,66,52.2,True
vgg16,__module.features.17/aten::_convolution/Convolution,5,221,32,32,32,31,14,18,0,32,0.6045,65536,15624,0.7616,61,40.3,True
vgg16,__module.features.17/aten::_convolution/Convolution,5,222,32,32,32,31,11,18,0,32,0.6309,65536,12276,0.8127,58,38.7,True
vgg16,__module.features.17/aten::_convolution/Convolution,5,223,32,32,32,31,20,18,0,32,0.5518,65536,22320,0.6594,67,39.1,True
vgg16,__module.features.17/aten::_convolution/Convolution,5,224,32,32,32,31,16,18,0,32,0.5869,65536,17856,0.7275,63,39.3,True
vgg16,__module.features.17/aten::_convolution/Convolution,5,225,32,32,32,31,21,18,0,32,0.543,65536,23436,0.6424,68,159.1,True
vgg16,__module.features.17/aten::_convolution/Convolution,5,226,32,32,32,31,19,18,0,32,0.5605,65536,21204,0.6765,66,177.3,True
vgg16,__module.features.17/aten::_convolution/Convolution,5,227,32,32,32,31,22,18,0,32,0.5342,65536,24552,0.6254,69,39.1,True
vgg16,__module.features.17/aten::_convolution/Convolution,5,228,32,32,32,31,17,18,0,32,0.5781,65536,18972,0.7105,64,39.2,True
vgg16,__module.features.17/aten::_convolution/Convolution,5,229,32,32,32,31,19,18,0,32,0.5605,65536,21204,0.6765,66,164.0,True
vgg16,__module.features.17/aten::_convolution/Convolution,5,230,32,32,32,31,16,18,0,32,0.5869,65536,17856,0.7275,63,120.6,True
vgg16,__module.features.17/aten::_convolution/Convolution,5,231,32,32,32,31,15,18,0,32,0.5957,65536,16740,0.7446,62,39.8,True
vgg16,__module.features.17/aten::_convolution/Convolution,5,232,32,32,32,31,15,18,0,32,0.5957,65536,16740,0.7446,62,45.0,True
vgg16,__module.features.17/aten::_convolution/Convolution,5,233,32,32,32,31,19,18,0,32,0.5605,65536,21204,0.6765,66,42.3,True
vgg16,__module.features.17/aten::_convolution/Convolution,5,234,32,32,32,31,21,18,0,32,0.543,65536,23436,0.6424,68,90.3,True
vgg16,__module.features.17/aten::_convolution/Convolution,5,235,32,32,32,31,18,18,0,32,0.5693,65536,20088,0.6935,65,56.1,True
vgg16,__module.features.17/aten::_convolution/Convolution,5,236,32,32,32,31,19,18,0,32,0.5605,65536,21204,0.6765,66,38.8,True
vgg16,__module.features.17/aten::_convolution/Convolution,5,237,32,32,32,31,14,18,0,32,0.6045,65536,15624,0.7616,61,42.0,True
vgg16,__module.features.17/aten::_convolution/Convolution,5,238,32,32,32,31,11,18,0,32,0.6309,65536,12276,0.8127,58,37.9,True
vgg16,__module.features.17/aten::_convolution/Convolution,5,239,32,32,32,31,20,18,0,32,0.5518,65536,22320,0.6594,67,41.7,True
vgg16,__module.features.17/aten::_convolution/Convolution,5,240,32,32,32,31,16,18,0,32,0.5869,65536,17856,0.7275,63,38.8,True
vgg16,__module.features.17/aten::_convolution/Convolution,5,241,32,32,32,29,21,18,0,32,0.5605,65536,21924,0.6655,66,40.4,True
vgg16,__module.features.17/aten::_convolution/Convolution,5,242,32,32,32,29,19,18,0,32,0.5781,65536,19836,0.6973,64,46.0,True
vgg16,__module.features.17/aten::_convolution/Convolution,5,243,32,32,32,29,22,18,0,32,0.5518,65536,22968,0.6495,67,38.8,True
vgg16,__module.features.17/aten::_convolution/Convolution,5,244,32,32,32,29,17,18,0,32,0.5957,65536,17748,0.7292,62,39.1,True
vgg16,__module.features.17/aten::_convolution/Convolution,5,245,32,32,32,29,19,18,0,32,0.5781,65536,19836,0.6973,64,72.3,True
vgg16,__module.features.17/aten::_convolution/Convolution,5,246,32,32,32,29,16,18,0,32,0.6045,65536,16704,0.7451,61,39.4,True
vgg16,__module.features.17/aten::_convolution/Convolution,5,247,32,32,32,29,15,18,0,32,0.6133,65536,15660,0.761,60,38.6,True
vgg16,__module.features.17/aten::_convolution/Convolution,5,248,32,32,32,29,15,18,0,32,0.6133,65536,15660,0.761,60,57.0,True
vgg16,__module.features.17/aten::_convolution/Convolution,5,249,32,32,32,29,19,18,0,32,0.5781,65536,19836,0.6973,64,37.7,True
vgg16,__module.features.17/aten::_convolution/Convolution,5,250,32,32,32,29,21,18,0,32,0.5605,65536,21924,0.6655,66,55.0,True
vgg16,__module.features.17/aten::_convolution/Convolution,5,251,32,32,32,29,18,18,0,32,0.5869,65536,18792,0.7133,63,39.5,True
vgg16,__module.features.17/aten::_convolution/Convolution,5,252,32,32,32,29,19,18,0,32,0.5781,65536,19836,0.6973,64,38.8,True
vgg16,__module.features.17/aten::_convolution/Convolution,5,253,32,32,32,29,14,18,0,32,0.6221,65536,14616,0.777,59,122.5,True
vgg16,__module.features.17/aten::_convolution/Convolution,5,254,32,32,32,29,11,18,0,32,0.6484,65536,11484,0.8248,56,39.1,True
vgg16,__module.features.17/aten::_convolution/Convolution,5,255,32,32,32,29,20,18,0,32,0.5693,65536,20880,0.6814,65,39.9,True
vgg16,__module.features.17/aten::_convolution/Convolution,5,256,32,32,32,29,16,18,0,32,0.6045,65536,16704,0.7451,61,38.3,True
vgg16,__module.features.17/aten::_convolution/Convolution,5,257,32,32,32,30,21,18,0,32,0.5518,65536,22680,0.6539,67,54.9,True
vgg16,__module.features.17/aten::_convolution/Convolution,5,258,32,32,32,30,19,18,0,32,0.5693,65536,20520,0.6869,65,39.6,True
vgg16,__module.features.17/aten::_convolution/Convolution,5,259,32,32,32,30,22,18,0,32,0.543,65536,23760,0.6375,68,50.2,True
vgg16,__module.features.17/aten::_convolution/Convolution,5,260,32,32,32,30,17,18,0,32,0.5869,65536,18360,0.7198,63,39.4,True
vgg16,__module.features.17/aten::_convolution/Convolution,5,261,32,32,32,30,19,18,0,32,0.5693,65536,20520,0.6869,65,40.2,True
vgg16,__module.features.17/aten::_convolution/Convolution,5,262,32,32,32,30,16,18,0,32,0.5957,65536,17280,0.7363,62,215.9,True
vgg16,__module.features.17/aten::_convolution/Convolution,5,263,32,32,32,30,15,18,0,32,0.6045,65536,16200,0.7528,61,85.9,True
vgg16,__module.features.17/aten::_convolution/Convolution,5,264,32,32,32,30,15,18,0,32,0.6045,65536,16200,0.7528,61,38.7,True
vgg16,__module.features.17/aten::_convolution/Convolution,5,265,32,32,32,30,19,18,0,32,0.5693,65536,20520,0.6869,65,39.5,True
vgg16,__module.features.17/aten::_convolution/Convolution,5,266,32,32,32,30,21,18,0,32,0.5518,65536,22680,0.6539,67,39.3,True
vgg16,__module.features.17/aten::_convolution/Convolution,5,267,32,32,32,30,18,18,0,32,0.5781,65536,19440,0.7034,64,138.6,True
vgg16,__module.features.17/aten::_convolution/Convolution,5,268,32,32,32,30,19,18,0,32,0.5693,65536,20520,0.6869,65,162.7,True
vgg16,__module.features.17/aten::_convolution/Convolution,5,269,32,32,32,30,14,18,0,32,0.6133,65536,15120,0.7693,60,45.7,True
vgg16,__module.features.17/aten::_convolution/Convolution,5,270,32,32,32,30,11,18,0,32,0.6396,65536,11880,0.8187,57,39.1,True
vgg16,__module.features.17/aten::_convolution/Convolution,5,271,32,32,32,30,20,18,0,32,0.5605,65536,21600,0.6704,66,105.7,True
vgg16,__module.features.17/aten::_convolution/Convolution,5,272,32,32,32,30,16,18,0,32,0.5957,65536,17280,0.7363,62,38.5,True
vgg16,__module.features.17/aten::_convolution/Convolution,5,273,32,32,32,32,21,18,0,32,0.5342,65536,24192,0.6309,69,44.0,True
vgg16,__module.features.17/aten::_convolution/Convolution,5,274,32,32,32,32,19,18,0,32,0.5518,65536,21888,0.666,67,39.3,True
vgg16,__module.features.17/aten::_convolution/Convolution,5,275,32,32,32,32,22,18,0,32,0.5254,65536,25344,0.6133,70,40.9,True
vgg16,__module.features.17/aten::_convolution/Convolution,5,276,32,32,32,32,17,18,0,32,0.5693,65536,19584,0.7012,65,65.5,True
vgg16,__module.features.17/aten::_convolution/Convolution,5,277,32,32,32,32,19,18,0,32,0.5518,65536,21888,0.666,67,39.0,True
vgg16,__module.features.17/aten::_convolution/Convolution,5,278,32,32,32,32,16,18,0,32,0.5781,65536,18432,0.7188,64,39.6,True
vgg16,__module.features.17/aten::_convolution/Convolution,5,279,32,32,32,32,15,18,0,32,0.5869,65536,17280,0.7363,63,47.4,True
vgg16,__module.features.17/aten::_convolution/Convolution,5,280,32,32,32,32,15,18,0,32,0.5869,65536,17280,0.7363,63,48.3,True
vgg16,__module.features.17/aten::_convolution/Convolution,5,281,32,32,32,32,19,18,0,32,0.5518,65536,21888,0.666,67,177.7,True
vgg16,__module.features.17/aten::_convolution/Convolution,5,282,32,32,32,32,21,18,0,32,0.5342,65536,24192,0.6309,69,40.0,True
vgg16,__module.features.17/aten::_convolution/Convolution,5,283,32,32,32,32,18,18,0,32,0.5605,65536,20736,0.6836,66,52.0,True
vgg16,__module.features.17/aten::_convolution/Convolution,5,284,32,32,32,32,19,18,0,32,0.5518,65536,21888,0.666,67,47.4,True
vgg16,__module.features.17/aten::_convolution/Convolution,5,285,32,32,32,32,14,18,0,32,0.5957,65536,16128,0.7539,62,39.1,True
vgg16,__module.features.17/aten::_convolution/Convolution,5,286,32,32,32,32,11,18,0,32,0.6221,65536,12672,0.8066,59,40.2,True
vgg16,__module.features.17/aten::_convolution/Convolution,5,287,32,32,32,32,20,18,0,32,0.543,65536,23040,0.6484,68,45.6,True
vgg16,__module.features.17/aten::_convolution/Convolution,5,288,32,32,32,32,16,18,0,32,0.5781,65536,18432,0.7188,64,56.2,True
vgg16,__module.features.17/aten::_convolution/Convolution,5,289,32,32,32,32,21,18,0,32,0.5342,65536,24192,0.6309,69,38.4,True
vgg16,__module.features.17/aten::_convolution/Convolution,5,290,32,32,32,32,19,18,0,32,0.5518,65536,21888,0.666,67,177.8,True
vgg16,__module.features.17/aten::_convolution/Convolution,5,291,32,32,32,32,22,18,0,32,0.5254,65536,25344,0.6133,70,39.9,True
vgg16,__module.features.17/aten::_convolution/Convolution,5,292,32,32,32,32,17,18,0,32,0.5693,65536,19584,0.7012,65,39.5,True
vgg16,__module.features.17/aten::_convolution/Convolution,5,293,32,32,32,32,19,18,0,32,0.5518,65536,21888,0.666,67,84.9,True
vgg16,__module.features.17/aten::_convolution/Convolution,5,294,32,32,32,32,16,18,0,32,0.5781,65536,18432,0.7188,64,52.6,True
vgg16,__module.features.17/aten::_convolution/Convolution,5,295,32,32,32,32,15,18,0,32,0.5869,65536,17280,0.7363,63,39.8,True
vgg16,__module.features.17/aten::_convolution/Convolution,5,296,32,32,32,32,15,18,0,32,0.5869,65536,17280,0.7363,63,134.5,True
vgg16,__module.features.17/aten::_convolution/Convolution,5,297,32,32,32,32,19,18,0,32,0.5518,65536,21888,0.666,67,179.3,True
vgg16,__module.features.17/aten::_convolution/Convolution,5,298,32,32,32,32,21,18,0,32,0.5342,65536,24192,0.6309,69,105.1,True
vgg16,__module.features.17/aten::_convolution/Convolution,5,299,32,32,32,32,18,18,0,32,0.5605,65536,20736,0.6836,66,57.3,True
vgg16,__module.features.17/aten::_convolution/Convolution,5,300,32,32,32,32,19,18,0,32,0.5518,65536,21888,0.666,67,38.5,True
vgg16,__module.features.17/aten::_convolution/Convolution,5,301,32,32,32,32,14,18,0,32,0.5957,65536,16128,0.7539,62,198.2,True
vgg16,__module.features.17/aten::_convolution/Convolution,5,302,32,32,32,32,11,18,0,32,0.6221,65536,12672,0.8066,59,104.5,True
vgg16,__module.features.17/aten::_convolution/Convolution,5,303,32,32,32,32,20,18,0,32,0.543,65536,23040,0.6484,68,182.9,True
vgg16,__module.features.17/aten::_convolution/Convolution,5,304,32,32,32,32,16,18,0,32,0.5781,65536,18432,0.7188,64,51.3,True
vgg16,__module.features.17/aten::_convolution/Convolution,5,305,32,32,32,32,21,18,0,32,0.5342,65536,24192,0.6309,69,41.5,True
vgg16,__module.features.17/aten::_convolution/Convolution,5,306,32,32,32,32,19,18,0,32,0.5518,65536,21888,0.666,67,40.3,True
vgg16,__module.features.17/aten::_convolution/Convolution,5,307,32,32,32,32,22,18,0,32,0.5254,65536,25344,0.6133,70,39.5,True
vgg16,__module.features.17/aten::_convolution/Convolution,5,308,32,32,32,32,17,18,0,32,0.5693,65536,19584,0.7012,65,38.6,True
vgg16,__module.features.17/aten::_convolution/Convolution,5,309,32,32,32,32,19,18,0,32,0.5518,65536,21888,0.666,67,62.4,True
vgg16,__module.features.17/aten::_convolution/Convolution,5,310,32,32,32,32,16,18,0,32,0.5781,65536,18432,0.7188,64,39.0,True
vgg16,__module.features.17/aten::_convolution/Convolution,5,311,32,32,32,32,15,18,0,32,0.5869,65536,17280,0.7363,63,44.6,True
vgg16,__module.features.17/aten::_convolution/Convolution,5,312,32,32,32,32,15,18,0,32,0.5869,65536,17280,0.7363,63,51.7,True
vgg16,__module.features.17/aten::_convolution/Convolution,5,313,32,32,32,32,19,18,0,32,0.5518,65536,21888,0.666,67,62.1,True
vgg16,__module.features.17/aten::_convolution/Convolution,5,314,32,32,32,32,21,18,0,32,0.5342,65536,24192,0.6309,69,39.0,True
vgg16,__module.features.17/aten::_convolution/Convolution,5,315,32,32,32,32,18,18,0,32,0.5605,65536,20736,0.6836,66,38.1,True
vgg16,__module.features.17/aten::_convolution/Convolution,5,316,32,32,32,32,19,18,0,32,0.5518,65536,21888,0.666,67,44.8,True
vgg16,__module.features.17/aten::_convolution/Convolution,5,317,32,32,32,32,14,18,0,32,0.5957,65536,16128,0.7539,62,198.4,True
vgg16,__module.features.17/aten::_convolution/Convolution,5,318,32,32,32,32,11,18,0,32,0.6221,65536,12672,0.8066,59,170.4,True
vgg16,__module.features.17/aten::_convolution/Convolution,5,319,32,32,32,32,20,18,0,32,0.543,65536,23040,0.6484,68,39.4,True
vgg16,__module.features.17/aten::_convolution/Convolution,5,320,32,32,32,32,16,18,0,32,0.5781,65536,18432,0.7188,64,43.3,True
vgg16,__module.features.17/aten::_convolution/Convolution,5,321,32,32,32,32,21,18,0,32,0.5342,65536,24192,0.6309,69,41.3,True
vgg16,__module.features.17/aten::_convolution/Convolution,5,322,32,32,32,32,19,18,0,32,0.5518,65536,21888,0.666,67,94.3,True
vgg16,__module.features.17/aten::_convolution/Convolution,5,323,32,32,32,32,22,18,0,32,0.5254,65536,25344,0.6133,70,38.8,True
vgg16,__module.features.17/aten::_convolution/Convolution,5,324,32,32,32,32,17,18,0,32,0.5693,65536,19584,0.7012,65,40.5,True
vgg16,__module.features.17/aten::_convolution/Convolution,5,325,32,32,32,32,19,18,0,32,0.5518,65536,21888,0.666,67,41.4,True
vgg16,__module.features.17/aten::_convolution/Convolution,5,326,32,32,32,32,16,18,0,32,0.5781,65536,18432,0.7188,64,120.1,True
vgg16,__module.features.17/aten::_convolution/Convolution,5,327,32,32,32,32,15,18,0,32,0.5869,65536,17280,0.7363,63,39.5,True
vgg16,__module.features.17/aten::_convolution/Convolution,5,328,32,32,32,32,15,18,0,32,0.5869,65536,17280,0.7363,63,39.5,True
vgg16,__module.features.17/aten::_convolution/Convolution,5,329,32,32,32,32,19,18,0,32,0.5518,65536,21888,0.666,67,44.7,True
vgg16,__module.features.17/aten::_convolution/Convolution,5,330,32,32,32,32,21,18,0,32,0.5342,65536,24192,0.6309,69,39.2,True
vgg16,__module.features.17/aten::_convolution/Convolution,5,331,32,32,32,32,18,18,0,32,0.5605,65536,20736,0.6836,66,43.4,True
vgg16,__module.features.17/aten::_convolution/Convolution,5,332,32,32,32,32,19,18,0,32,0.5518,65536,21888,0.666,67,66.7,True
vgg16,__module.features.17/aten::_convolution/Convolution,5,333,32,32,32,32,14,18,0,32,0.5957,65536,16128,0.7539,62,163.3,True
vgg16,__module.features.17/aten::_convolution/Convolution,5,334,32,32,32,32,11,18,0,32,0.6221,65536,12672,0.8066,59,38.9,True
vgg16,__module.features.17/aten::_convolution/Convolution,5,335,32,32,32,32,20,18,0,32,0.543,65536,23040,0.6484,68,49.5,True
vgg16,__module.features.17/aten::_convolution/Convolution,5,336,32,32,32,32,16,18,0,32,0.5781,65536,18432,0.7188,64,198.4,True
vgg16,__module.features.17/aten::_convolution/Convolution,5,337,32,32,32,30,21,18,0,32,0.5518,65536,22680,0.6539,67,39.9,True
vgg16,__module.features.17/aten::_convolution/Convolution,5,338,32,32,32,30,19,18,0,32,0.5693,65536,20520,0.6869,65,39.3,True
vgg16,__module.features.17/aten::_convolution/Convolution,5,339,32,32,32,30,22,18,0,32,0.543,65536,23760,0.6375,68,48.9,True
vgg16,__module.features.17/aten::_convolution/Convolution,5,340,32,32,32,30,17,18,0,32,0.5869,65536,18360,0.7198,63,54.7,True
vgg16,__module.features.17/aten::_convolution/Convolution,5,341,32,32,32,30,19,18,0,32,0.5693,65536,20520,0.6869,65,114.5,True
vgg16,__module.features.17/aten::_convolution/Convolution,5,342,32,32,32,30,16,18,0,32,0.5957,65536,17280,0.7363,62,79.7,True
vgg16,__module.features.17/aten::_convolution/Convolution,5,343,32,32,32,30,15,18,0,32,0.6045,65536,16200,0.7528,61,38.6,True
vgg16,__module.features.17/aten::_convolution/Convolution,5,344,32,32,32,30,15,18,0,32,0.6045,65536,16200,0.7528,61,180.5,True
vgg16,__module.features.17/aten::_convolution/Convolution,5,345,32,32,32,30,19,18,0,32,0.5693,65536,20520,0.6869,65,49.2,True
vgg16,__module.features.17/aten::_convolution/Convolution,5,346,32,32,32,30,21,18,0,32,0.5518,65536,22680,0.6539,67,82.1,True
vgg16,__module.features.17/aten::_convolution/Convolution,5,347,32,32,32,30,18,18,0,32,0.5781,65536,19440,0.7034,64,53.8,True
vgg16,__module.features.17/aten::_convolution/Convolution,5,348,32,32,32,30,19,18,0,32,0.5693,65536,20520,0.6869,65,39.6,True
vgg16,__module.features.17/aten::_convolution/Convolution,5,349,32,32,32,30,14,18,0,32,0.6133,65536,15120,0.7693,60,40.0,True
vgg16,__module.features.17/aten::_convolution/Convolution,5,350,32,32,32,30,11,18,0,32,0.6396,65536,11880,0.8187,57,147.5,True
vgg16,__module.features.17/aten::_convolution/Convolution,5,351,32,32,32,30,20,18,0,32,0.5605,65536,21600,0.6704,66,38.0,True
vgg16,__module.features.17/aten::_convolution/Convolution,5,352,32,32,32,30,16,18,0,32,0.5957,65536,17280,0.7363,62,37.7,True
vgg16,__module.features.17/aten::_convolution/Convolution,5,353,32,32,32,32,21,18,0,32,0.5342,65536,24192,0.6309,69,73.5,True
vgg16,__module.features.17/aten::_convolution/Convolution,5,354,32,32,32,32,19,18,0,32,0.5518,65536,21888,0.666,67,40.8,True
vgg16,__module.features.17/aten::_convolution/Convolution,5,355,32,32,32,32,22,18,0,32,0.5254,65536,25344,0.6133,70,38.7,True
vgg16,__module.features.17/aten::_convolution/Convolution,5,356,32,32,32,32,17,18,0,32,0.5693,65536,19584,0.7012,65,39.5,True
vgg16,__module.features.17/aten::_convolution/Convolution,5,357,32,32,32,32,19,18,0,32,0.5518,65536,21888,0.666,67,39.4,True
vgg16,__module.features.17/aten::_convolution/Convolution,5,358,32,32,32,32,16,18,0,32,0.5781,65536,18432,0.7188,64,149.8,True
vgg16,__module.features.17/aten::_convolution/Convolution,5,359,32,32,32,32,15,18,0,32,0.5869,65536,17280,0.7363,63,38.9,True
vgg16,__module.features.17/aten::_convolution/Convolution,5,360,32,32,32,32,15,18,0,32,0.5869,65536,17280,0.7363,63,39.9,True
vgg16,__module.features.17/aten::_convolution/Convolution,5,361,32,32,32,32,19,18,0,32,0.5518,65536,21888,0.666,67,114.7,True
vgg16,__module.features.17/aten::_convolution/Convolution,5,362,32,32,32,32,21,18,0,32,0.5342,65536,24192,0.6309,69,42.1,True
vgg16,__module.features.17/aten::_convolution/Convolution,5,363,32,32,32,32,18,18,0,32,0.5605,65536,20736,0.6836,66,50.8,True
vgg16,__module.features.17/aten::_convolution/Convolution,5,364,32,32,32,32,19,18,0,32,0.5518,65536,21888,0.666,67,39.9,True
vgg16,__module.features.17/aten::_convolution/Convolution,5,365,32,32,32,32,14,18,0,32,0.5957,65536,16128,0.7539,62,39.7,True
vgg16,__module.features.17/aten::_convolution/Convolution,5,366,32,32,32,32,11,18,0,32,0.6221,65536,12672,0.8066,59,137.0,True
vgg16,__module.features.17/aten::_convolution/Convolution,5,367,32,32,32,32,20,18,0,32,0.543,65536,23040,0.6484,68,40.8,True
vgg16,__module.features.17/aten::_convolution/Convolution,5,368,32,32,32,32,16,18,0,32,0.5781,65536,18432,0.7188,64,40.2,True
vgg16,__module.features.17/aten::_convolution/Convolution,5,369,32,32,32,32,21,18,0,32,0.5342,65536,24192,0.6309,69,50.4,True
vgg16,__module.features.17/aten::_convolution/Convolution,5,370,32,32,32,32,19,18,0,32,0.5518,65536,21888,0.666,67,44.7,True
vgg16,__module.features.17/aten::_convolution/Convolution,5,371,32,32,32,32,22,18,0,32,0.5254,65536,25344,0.6133,70,66.4,True
vgg16,__module.features.17/aten::_convolution/Convolution,5,372,32,32,32,32,17,18,0,32,0.5693,65536,19584,0.7012,65,39.9,True
vgg16,__module.features.17/aten::_convolution/Convolution,5,373,32,32,32,32,19,18,0,32,0.5518,65536,21888,0.666,67,38.7,True
vgg16,__module.features.17/aten::_convolution/Convolution,5,374,32,32,32,32,16,18,0,32,0.5781,65536,18432,0.7188,64,199.8,True
vgg16,__module.features.17/aten::_convolution/Convolution,5,375,32,32,32,32,15,18,0,32,0.5869,65536,17280,0.7363,63,40.0,True
vgg16,__module.features.17/aten::_convolution/Convolution,5,376,32,32,32,32,15,18,0,32,0.5869,65536,17280,0.7363,63,163.2,True
vgg16,__module.features.17/aten::_convolution/Convolution,5,377,32,32,32,32,19,18,0,32,0.5518,65536,21888,0.666,67,100.2,True
vgg16,__module.features.17/aten::_convolution/Convolution,5,378,32,32,32,32,21,18,0,32,0.5342,65536,24192,0.6309,69,39.4,True
vgg16,__module.features.17/aten::_convolution/Convolution,5,379,32,32,32,32,18,18,0,32,0.5605,65536,20736,0.6836,66,146.1,True
vgg16,__module.features.17/aten::_convolution/Convolution,5,380,32,32,32,32,19,18,0,32,0.5518,65536,21888,0.666,67,44.0,True
vgg16,__module.features.17/aten::_convolution/Convolution,5,381,32,32,32,32,14,18,0,32,0.5957,65536,16128,0.7539,62,39.2,True
vgg16,__module.features.17/aten::_convolution/Convolution,5,382,32,32,32,32,11,18,0,32,0.6221,65536,12672,0.8066,59,42.8,True
vgg16,__module.features.17/aten::_convolution/Convolution,5,383,32,32,32,32,20,18,0,32,0.543,65536,23040,0.6484,68,39.0,True
vgg16,__module.features.17/aten::_convolution/Convolution,5,384,32,32,32,32,16,18,0,32,0.5781,65536,18432,0.7188,64,39.2,True
vgg16,__module.features.17/aten::_convolution/Convolution,5,385,16,32,32,16,21,12,0,32,0.7109,32768,8064,0.7539,47,24.2,True
vgg16,__module.features.17/aten::_convolution/Convolution,5,386,16,32,32,16,19,12,0,32,0.7266,32768,7296,0.7773,45,35.4,True
vgg16,__module.features.17/aten::_convolution/Convolution,5,387,16,32,32,16,22,12,0,32,0.7031,32768,8448,0.7422,48,22.2,True
vgg16,__module.features.17/aten::_convolution/Convolution,5,388,16,32,32,16,17,12,0,32,0.7422,32768,6528,0.8008,43,28.9,True
vgg16,__module.features.17/aten::_convolution/Convolution,5,389,16,32,32,16,19,12,0,32,0.7266,32768,7296,0.7773,45,22.0,True
vgg16,__module.features.17/aten::_convolution/Convolution,5,390,16,32,32,16,16,12,1,16,0.75,32768,6144,0.8125,42,31.1,True
vgg16,__module.features.17/aten::_convolution/Convolution,5,391,16,32,32,16,15,12,1,16,0.7578,32768,5760,0.8242,41,22.2,True
vgg16,__module.features.17/aten::_convolution/Convolution,5,392,16,32,32,16,15,12,1,16,0.7578,32768,5760,0.8242,41,74.7,True
vgg16,__module.features.17/aten::_convolution/Convolution,5,393,16,32,32,16,19,12,0,32,0.7266,32768,7296,0.7773,45,76.1,True
vgg16,__module.features.17/aten::_convolution/Convolution,5,394,16,32,32,16,21,12,0,32,0.7109,32768,8064,0.7539,47,54.1,True
vgg16,__module.features.17/aten::_convolution/Convolution,5,395,16,32,32,16,18,12,0,32,0.7344,32768,6912,0.7891,44,22.0,True
vgg16,__module.features.17/aten::_convolution/Convolution,5,396,16,32,32,16,19,12,0,32,0.7266,32768,7296,0.7773,45,22.9,True
vgg16,__module.features.17/aten::_convolution/Convolution,5,397,16,32,32,16,14,12,1,16,0.7656,32768,5376,0.8359,40,26.9,True
vgg16,__module.features.17/aten::_convolution/Convolution,5,398,16,32,32,16,11,12,1,16,0.7891,32768,4224,0.8711,37,29.1,True
vgg16,__module.features.17/aten::_convolution/Convolution,5,399,16,32,32,16,20,12,0,32,0.7188,32768,7680,0.7656,46,22.6,True
vgg16,__module.features.17/aten::_convolution/Convolution,5,400,16,32,32,16,16,12,1,16,0.75,32768,6144,0.8125,42,110.5,True
vgg16,__module.features.14/aten::_convolution/Convolution,6,1,32,32,32,32,16,9,0,32,0.7891,65536,9216,0.8594,55,49.0,True
vgg16,__module.features.14/aten::_convolution/Convolution,6,2,32,32,32,32,18,9,0,32,0.7803,65536,10368,0.8418,57,99.9,True
vgg16,__module.features.14/aten::_convolution/Convolution,6,3,32,32,32,32,18,9,0,32,0.7803,65536,10368,0.8418,57,179.1,True
vgg16,__module.features.14/aten::_convolution/Convolution,6,4,32,32,32,32,15,9,0,32,0.7935,65536,8640,0.8682,54,43.6,True
vgg16,__module.features.14/aten::_convolution/Convolution,6,5,32,32,32,32,15,9,0,32,0.7935,65536,8640,0.8682,54,39.0,True
vgg16,__module.features.14/aten::_convolution/Convolution,6,6,32,32,32,32,17,9,0,32,0.7847,65536,9792,0.8506,56,100.3,True
vgg16,__module.features.14/aten::_convolution/Convolution,6,7,32,32,32,32,22,9,0,32,0.7627,65536,12672,0.8066,61,290.1,True
vgg16,__module.features.14/aten::_convolution/Convolution,6,8,32,32,32,32,20,9,0,32,0.7715,65536,11520,0.8242,59,39.7,True
vgg16,__module.features.14/aten::_convolution/Convolution,6,9,32,32,32,32,16,19,0,32,0.5547,65536,19456,0.7031,65,110.3,True
vgg16,__module.features.14/aten::_convolution/Convolution,6,10,32,32,32,32,18,19,0,32,0.5361,65536,21888,0.666,67,46.8,True
vgg16,__module.features.14/aten::_convolution/Convolution,6,11,32,32,32,32,18,19,0,32,0.5361,65536,21888,0.666,67,38.5,True
vgg16,__module.features.14/aten::_convolution/Convolution,6,12,32,32,32,32,15,19,0,32,0.564,65536,18240,0.7217,64,39.6,True
vgg16,__module.features.14/aten::_convolution/Convolution,6,13,32,32,32,32,15,19,0,32,0.564,65536,18240,0.7217,64,38.7,True
vgg16,__module.features.14/aten::_convolution/Convolution,6,14,32,32,32,32,17,19,0,32,0.5454,65536,20672,0.6846,66,39.8,True
vgg16,__module.features.14/aten::_convolution/Convolution,6,15,32,32,32,32,22,19,0,32,0.499,65536,26752,0.5918,71,112.8,True
vgg16,__module.features.14/aten::_convolution/Convolution,6,16,32,32,32,32,20,19,0,32,0.5176,65536,24320,0.6289,69,54.1,True
vgg16,__module.features.14/aten::_convolution/Convolution,6,17,32,32,32,32,16,17,0,32,0.6016,65536,17408,0.7344,63,38.6,True
vgg16,__module.features.14/aten::_convolution/Convolution,6,18,32,32,32,32,18,17,0,32,0.585,65536,19584,0.7012,65,40.7,True
vgg16,__module.features.14/aten::_convolution/Convolution,6,19,32,32,32,32,18,17,0,32,0.585,65536,19584,0.7012,65,40.8,True
vgg16,__module.features.14/aten::_convolution/Convolution,6,20,32,32,32,32,15,17,0,32,0.6099,65536,16320,0.751,62,199.2,True
vgg16,__module.features.14/aten::_convolution/Convolution,6,21,32,32,32,32,15,17,0,32,0.6099,65536,16320,0.751,62,64.5,True
vgg16,__module.features.14/aten::_convolution/Convolution,6,22,32,32,32,32,17,17,0,32,0.5933,65536,18496,0.7178,64,39.2,True
vgg16,__module.features.14/aten::_convolution/Convolution,6,23,32,32,32,32,22,17,0,32,0.5518,65536,23936,0.6348,69,39.2,True
vgg16,__module.features.14/aten::_convolution/Convolution,6,24,32,32,32,32,20,17,0,32,0.5684,65536,21760,0.668,67,82.7,True
vgg16,__module.features.14/aten::_convolution/Convolution,6,25,32,32,32,32,16,23,0,32,0.4609,65536,23552,0.6406,69,48.2,True
vgg16,__module.features.14/aten::_convolution/Convolution,6,26,32,32,32,32,18,23,0,32,0.4385,65536,26496,0.5957,71,38.1,True
vgg16,__module.features.14/aten::_convolution/Convolution,6,27,32,32,32,32,18,23,0,32,0.4385,65536,26496,0.5957,71,73.0,True
vgg16,__module.features.14/aten::_convolution/Convolution,6,28,32,32,32,32,15,23,0,32,0.4722,65536,22080,0.6631,68,39.1,True
vgg16,__module.features.14/aten::_convolution/Convolution,6,29,32,32,32,32,15,23,0,32,0.4722,65536,22080,0.6631,68,53.3,True
vgg16,__module.features.14/aten::_convolution/Convolution,6,30,32,32,32,32,17,23,0,32,0.4497,65536,25024,0.6182,70,39.0,True
vgg16,__module.features.14/aten::_convolution/Convolution,6,31,32,32,32,32,22,23,0,32,0.3936,65536,32384,0.5059,75,139.5,True
vgg16,__module.features.14/aten::_convolution/Convolution,6,32,32,32,32,32,20,23,0,32,0.416,65536,29440,0.5508,73,84.7,True
vgg16,__module.features.14/aten::_convolution/Convolution,6,33,32,32,32,31,16,23,0,32,0.4722,65536,22816,0.6519,68,73.7,True
vgg16,__module.features.14/aten::_convolution/Convolution,6,34,32,32,32,31,18,23,0,32,0.4497,65536,25668,0.6083,70,38.8,True
vgg16,__module.features.14/aten::_convolution/Convolution,6,35,32,32,32,31,18,23,0,32,0.4497,65536,25668,0.6083,70,38.6,True
vgg16,__module.features.14/aten::_convolution/Convolution,6,36,32,32,32,31,15,23,0,32,0.4834,65536,21390,0.6736,67,164.2,True
vgg16,__module.features.14/aten::_convolution/Convolution,6,37,32,32,32,31,15,23,0,32,0.4834,65536,21390,0.6736,67,50.4,True
vgg16,__module.features.14/aten::_convolution/Convolution,6,38,32,32,32,31,17,23,0,32,0.4609,65536,24242,0.6301,69,39.0,True
vgg16,__module.features.14/aten::_convolution/Convolution,6,39,32,32,32,31,22,23,0,32,0.4048,65536,31372,0.5213,74,61.6,True
vgg16,__module.features.14/aten::_convolution/Convolution,6,40,32,32,32,31,20,23,0,32,0.4272,65536,28520,0.5648,72,73.5,True
vgg16,__module.features.14/aten::_convolution/Convolution,6,41,32,32,32,31,16,22,0,32,0.4951,65536,21824,0.667,67,39.9,True
vgg16,__module.features.14/aten::_convolution/Convolution,6,42,32,32,32,31,18,22,0,32,0.4736,65536,24552,0.6254,69,71.7,True
vgg16,__module.features.14/aten::_convolution/Convolution,6,43,32,32,32,31,18,22,0,32,0.4736,65536,24552,0.6254,69,60.3,True
vgg16,__module.features.14/aten::_convolution/Convolution,6,44,32,32,32,31,15,22,0,32,0.5059,65536,20460,0.6878,66,65.4,True
vgg16,__module.features.14/aten::_convolution/Convolution,6,45,32,32,32,31,15,22,0,32,0.5059,65536,20460,0.6878,66,113.0,True
vgg16,__module.features.14/aten::_convolution/Convolution,6,46,32,32,32,31,17,22,0,32,0.4844,65536,23188,0.6462,68,97.6,True
vgg16,__module.features.14/aten::_convolution/Convolution,6,47,32,32,32,31,22,22,0,32,0.4307,65536,30008,0.5421,73,197.9,True
vgg16,__module.features.14/aten::_convolution/Convolution,6,48,32,32,32,31,20,22,0,32,0.4521,65536,27280,0.5837,71,56.7,True
vgg16,__module.features.14/aten::_convolution/Convolution,6,49,32,32,32,30,16,23,0,32,0.4834,65536,22080,0.6631,67,156.8,True
vgg16,__module.features.14/aten::_convolution/Convolution,6,50,32,32,32,30,18,23,0,32,0.4609,65536,24840,0.621,69,71.3,True
vgg16,__module.features.14/aten::_convolution/Convolution,6,51,32,32,32,30,18,23,0,32,0.4609,65536,24840,0.621,69,180.0,True
vgg16,__module.features.14/aten::_convolution/Convolution,6,52,32,32,32,30,15,23,0,32,0.4946,65536,20700,0.6841,66,179.5,True
vgg16,__module.features.14/aten::_convolution/Convolution,6,53,32,32,32,30,15,23,0,32,0.4946,65536,20700,0.6841,66,39.1,True
vgg16,__module.features.14/aten::_convolution/Convolution,6,54,32,32,32,30,17,23,0,32,0.4722,65536,23460,0.642,68,39.5,True
vgg16,__module.features.14/aten::_convolution/Convolution,6,55,32,32,32,30,22,23,0,32,0.416,65536,30360,0.5367,73,40.2,True
vgg16,__module.features.14/aten::_convolution/Convolution,6,56,32,32,32,30,20,23,0,32,0.4385,65536,27600,0.5789,71,164.4,True
vgg16,__module.features.14/aten::_convolution/Convolution,6,57,32,32,32,32,16,23,0,32,0.4609,65536,23552,0.6406,69,38.8,True
vgg16,__module.features.14/aten::_convolution/Convolution,6,58,32,32,32,32,18,23,0,32,0.4385,65536,26496,0.5957,71,39.3,True
vgg16,__module.features.14/aten::_convolution/Convolution,6,59,32,32,32,32,18,23,0,32,0.4385,65536,26496,0.5957,71,38.9,True
vgg16,__module.features.14/aten::_convolution/Convolution,6,60,32,32,32,32,15,23,0,32,0.4722,65536,22080,0.6631,68,46.5,True
vgg16,__module.features.14/aten::_convolution/Convolution,6,61,32,32,32,32,15,23,0,32,0.4722,65536,22080,0.6631,68,40.3,True
vgg16,__module.features.14/aten::_convolution/Convolution,6,62,32,32,32,32,17,23,0,32,0.4497,65536,25024,0.6182,70,43.9,True
vgg16,__module.features.14/aten::_convolution/Convolution,6,63,32,32,32,32,22,23,0,32,0.3936,65536,32384,0.5059,75,49.4,True
vgg16,__module.features.14/aten::_convolution/Convolution,6,64,32,32,32,32,20,23,0,32,0.416,65536,29440,0.5508,73,39.0,True
vgg16,__module.features.14/aten::_convolution/Convolution,6,65,32,32,32,32,16,23,0,32,0.4609,65536,23552,0.6406,69,43.7,True
vgg16,__module.features.14/aten::_convolution/Convolution,6,66,32,32,32,32,18,23,0,32,0.4385,65536,26496,0.5957,71,50.3,True
vgg16,__module.features.14/aten::_convolution/Convolution,6,67,32,32,32,32,18,23,0,32,0.4385,65536,26496,0.5957,71,94.8,True
vgg16,__module.features.14/aten::_convolution/Convolution,6,68,32,32,32,32,15,23,0,32,0.4722,65536,22080,0.6631,68,137.2,True
vgg16,__module.features.14/aten::_convolution/Convolution,6,69,32,32,32,32,15,23,0,32,0.4722,65536,22080,0.6631,68,85.5,True
vgg16,__module.features.14/aten::_convolution/Convolution,6,70,32,32,32,32,17,23,0,32,0.4497,65536,25024,0.6182,70,76.4,True
vgg16,__module.features.14/aten::_convolution/Convolution,6,71,32,32,32,32,22,23,0,32,0.3936,65536,32384,0.5059,75,74.5,True
vgg16,__module.features.14/aten::_convolution/Convolution,6,72,32,32,32,32,20,23,0,32,0.416,65536,29440,0.5508,73,38.8,True
vgg16,__module.features.14/aten::_convolution/Convolution,6,73,32,32,32,32,16,22,0,32,0.4844,65536,22528,0.6562,68,71.0,True
vgg16,__module.features.14/aten::_convolution/Convolution,6,74,32,32,32,32,18,22,0,32,0.4629,65536,25344,0.6133,70,37.9,True
vgg16,__module.features.14/aten::_convolution/Convolution,6,75,32,32,32,32,18,22,0,32,0.4629,65536,25344,0.6133,70,39.5,True
vgg16,__module.features.14/aten::_convolution/Convolution,6,76,32,32,32,32,15,22,0,32,0.4951,65536,21120,0.6777,67,60.7,True
vgg16,__module.features.14/aten::_convolution/Convolution,6,77,32,32,32,32,15,22,0,32,0.4951,65536,21120,0.6777,67,38.8,True
vgg16,__module.features.14/aten::_convolution/Convolution,6,78,32,32,32,32,17,22,0,32,0.4736,65536,23936,0.6348,69,40.5,True
vgg16,__module.features.14/aten::_convolution/Convolution,6,79,32,32,32,32,22,22,0,32,0.4199,65536,30976,0.5273,74,38.5,True
vgg16,__module.features.14/aten::_convolution/Convolution,6,80,32,32,32,32,20,22,0,32,0.4414,65536,28160,0.5703,72,37.6,True
vgg16,__module.features.14/aten::_convolution/Convolution,6,81,32,32,32,32,16,23,0,32,0.4609,65536,23552,0.6406,69,68.6,True
vgg16,__module.features.14/aten::_convolution/Convolution,6,82,32,32,32,32,18,23,0,32,0.4385,65536,26496,0.5957,71,39.3,True
vgg16,__module.features.14/aten::_convolution/Convolution,6,83,32,32,32,32,18,23,0,32,0.4385,65536,26496,0.5957,71,75.4,True
vgg16,__module.features.14/aten::_convolution/Convolution,6,84,32,32,32,32,15,23,0,32,0.4722,65536,22080,0.6631,68,134.7,True
vgg16,__module.features.14/aten::_convolution/Convolution,6,85,32,32,32,32,15,23,0,32,0.4722,65536,22080,0.6631,68,199.5,True
vgg16,__module.features.14/aten::_convolution/Convolution,6,86,32,32,32,32,17,23,0,32,0.4497,65536,25024,0.6182,70,50.5,True
vgg16,__module.features.14/aten::_convolution/Convolution,6,87,32,32,32,32,22,23,0,32,0.3936,65536,32384,0.5059,75,53.2,True
vgg16,__module.features.14/aten::_convolution/Convolution,6,88,32,32,32,32,20,23,0,32,0.416,65536,29440,0.5508,73,71.2,True
vgg16,__module.features.14/aten::_convolution/Convolution,6,89,32,32,32,32,16,23,0,32,0.4609,65536,23552,0.6406,69,58.7,True
vgg16,__module.features.14/aten::_convolution/Convolution,6,90,32,32,32,32,18,23,0,32,0.4385,65536,26496,0.5957,71,44.7,True
vgg16,__module.features.14/aten::_convolution/Convolution,6,91,32,32,32,32,18,23,0,32,0.4385,65536,26496,0.5957,71,53.6,True
vgg16,__module.features.14/aten::_convolution/Convolution,6,92,32,32,32,32,15,23,0,32,0.4722,65536,22080,0.6631,68,40.9,True
vgg16,__module.features.14/aten::_convolution/Convolution,6,93,32,32,32,32,15,23,0,32,0.4722,65536,22080,0.6631,68,39.3,True
vgg16,__module.features.14/aten::_convolution/Convolution,6,94,32,32,32,32,17,23,0,32,0.4497,65536,25024,0.6182,70,58.1,True
vgg16,__module.features.14/aten::_convolution/Convolution,6,95,32,32,32,32,22,23,0,32,0.3936,65536,32384,0.5059,75,39.2,True
vgg16,__module.features.14/aten::_convolution/Convolution,6,96,32,32,32,32,20,23,0,32,0.416,65536,29440,0.5508,73,42.2,True
vgg16,__module.features.14/aten::_convolution/Convolution,6,97,32,32,32,32,16,23,0,32,0.4609,65536,23552,0.6406,69,39.2,True
vgg16,__module.features.14/aten::_convolution/Convolution,6,98,32,32,32,32,18,23,0,32,0.4385,65536,26496,0.5957,71,85.7,True
vgg16,__module.features.14/aten::_convolution/Convolution,6,99,32,32,32,32,18,23,0,32,0.4385,65536,26496,0.5957,71,39.4,True
vgg16,__module.features.14/aten::_convolution/Convolution,6,100,32,32,32,32,15,23,0,32,0.4722,65536,22080,0.6631,68,270.3,True
vgg16,__module.features.14/aten::_convolution/Convolution,6,101,32,32,32,32,15,23,0,32,0.4722,65536,22080,0.6631,68,38.8,True
vgg16,__module.features.14/aten::_convolution/Convolution,6,102,32,32,32,32,17,23,0,32,0.4497,65536,25024,0.6182,70,110.0,True
vgg16,__module.features.14/aten::_convolution/Convolution,6,103,32,32,32,32,22,23,0,32,0.3936,65536,32384,0.5059,75,58.8,True
vgg16,__module.features.14/aten::_convolution/Convolution,6,104,32,32,32,32,20,23,0,32,0.416,65536,29440,0.5508,73,38.3,True
vgg16,__module.features.14/aten::_convolution/Convolution,6,105,32,32,32,32,16,23,0,32,0.4609,65536,23552,0.6406,69,68.2,True
vgg16,__module.features.14/aten::_convolution/Convolution,6,106,32,32,32,32,18,23,0,32,0.4385,65536,26496,0.5957,71,63.6,True
vgg16,__module.features.14/aten::_convolution/Convolution,6,107,32,32,32,32,18,23,0,32,0.4385,65536,26496,0.5957,71,55.4,True
vgg16,__module.features.14/aten::_convolution/Convolution,6,108,32,32,32,32,15,23,0,32,0.4722,65536,22080,0.6631,68,97.8,True
vgg16,__module.features.14/aten::_convolution/Convolution,6,109,32,32,32,32,15,23,0,32,0.4722,65536,22080,0.6631,68,176.4,True
vgg16,__module.features.14/aten::_convolution/Convolution,6,110,32,32,32,32,17,23,0,32,0.4497,65536,25024,0.6182,70,112.5,True
vgg16,__module.features.14/aten::_convolution/Convolution,6,111,32,32,32,32,22,23,0,32,0.3936,65536,32384,0.5059,75,38.7,True
vgg16,__module.features.14/aten::_convolution/Convolution,6,112,32,32,32,32,20,23,0,32,0.416,65536,29440,0.5508,73,69.8,True
vgg16,__module.features.14/aten::_convolution/Convolution,6,113,32,32,32,32,16,23,0,32,0.4609,65536,23552,0.6406,69,45.8,True
vgg16,__module.features.14/aten::_convolution/Convolution,6,114,32,32,32,32,18,23,0,32,0.4385,65536,26496,0.5957,71,39.3,True
vgg16,__module.features.14/aten::_convolution/Convolution,6,115,32,32,32,32,18,23,0,32,0.4385,65536,26496,0.5957,71,128.8,True
vgg16,__module.features.14/aten::_convolution/Convolution,6,116,32,32,32,32,15,23,0,32,0.4722,65536,22080,0.6631,68,39.5,True
vgg16,__module.features.14/aten::_convolution/Convolution,6,117,32,32,32,32,15,23,0,32,0.4722,65536,22080,0.6631,68,38.7,True
vgg16,__module.features.14/aten::_convolution/Convolution,6,118,32,32,32,32,17,23,0,32,0.4497,65536,25024,0.6182,70,39.8,True
vgg16,__module.features.14/aten::_convolution/Convolution,6,119,32,32,32,32,22,23,0,32,0.3936,65536,32384,0.5059,75,39.9,True
vgg16,__module.features.14/aten::_convolution/Convolution,6,120,32,32,32,32,20,23,0,32,0.416,65536,29440,0.5508,73,39.3,True
vgg16,__module.features.14/aten::_convolution/Convolution,6,121,32,32,32,32,16,23,0,32,0.4609,65536,23552,0.6406,69,68.0,True
vgg16,__module.features.14/aten::_convolution/Convolution,6,122,32,32,32,32,18,23,0,32,0.4385,65536,26496,0.5957,71,56.6,True
vgg16,__module.features.14/aten::_convolution/Convolution,6,123,32,32,32,32,18,23,0,32,0.4385,65536,26496,0.5957,71,38.8,True
vgg16,__module.features.14/aten::_convolution/Convolution,6,124,32,32,32,32,15,23,0,32,0.4722,65536,22080,0.6631,68,43.4,True
vgg16,__module.features.14/aten::_convolution/Convolution,6,125,32,32,32,32,15,23,0,32,0.4722,65536,22080,0.6631,68,43.3,True
vgg16,__module.features.14/aten::_convolution/Convolution,6,126,32,32,32,32,17,23,0,32,0.4497,65536,25024,0.6182,70,75.2,True
vgg16,__module.features.14/aten::_convolution/Convolution,6,127,32,32,32,32,22,23,0,32,0.3936,65536,32384,0.5059,75,39.1,True
vgg16,__module.features.14/aten::_convolution/Convolution,6,128,32,32,32,32,20,23,0,32,0.416,65536,29440,0.5508,73,55.6,True
vgg16,__module.features.14/aten::_convolution/Convolution,6,129,32,32,32,32,16,23,0,32,0.4609,65536,23552,0.6406,69,40.8,True
vgg16,__module.features.14/aten::_convolution/Convolution,6,130,32,32,32,32,18,23,0,32,0.4385,65536,26496,0.5957,71,39.7,True
vgg16,__module.features.14/aten::_convolution/Convolution,6,131,32,32,32,32,18,23,0,32,0.4385,65536,26496,0.5957,71,45.7,True
vgg16,__module.features.14/aten::_convolution/Convolution,6,132,32,32,32,32,15,23,0,32,0.4722,65536,22080,0.6631,68,38.9,True
vgg16,__module.features.14/aten::_convolution/Convolution,6,133,32,32,32,32,15,23,0,32,0.4722,65536,22080,0.6631,68,60.5,True
vgg16,__module.features.14/aten::_convolution/Convolution,6,134,32,32,32,32,17,23,0,32,0.4497,65536,25024,0.6182,70,105.9,True
vgg16,__module.features.14/aten::_convolution/Convolution,6,135,32,32,32,32,22,23,0,32,0.3936,65536,32384,0.5059,75,112.8,True
vgg16,__module.features.14/aten::_convolution/Convolution,6,136,32,32,32,32,20,23,0,32,0.416,65536,29440,0.5508,73,38.1,True
vgg16,__module.features.14/aten::_convolution/Convolution,6,137,32,32,32,32,16,23,0,32,0.4609,65536,23552,0.6406,69,56.5,True
vgg16,__module.features.14/aten::_convolution/Convolution,6,138,32,32,32,32,18,23,0,32,0.4385,65536,26496,0.5957,71,163.2,True
vgg16,__module.features.14/aten::_convolution/Convolution,6,139,32,32,32,32,18,23,0,32,0.4385,65536,26496,0.5957,71,58.5,True
vgg16,__module.features.14/aten::_convolution/Convolution,6,140,32,32,32,32,15,23,0,32,0.4722,65536,22080,0.6631,68,39.0,True
vgg16,__module.features.14/aten::_convolution/Convolution,6,141,32,32,32,32,15,23,0,32,0.4722,65536,22080,0.6631,68,40.0,True
vgg16,__module.features.14/aten::_convolution/Convolution,6,142,32,32,32,32,17,23,0,32,0.4497,65536,25024,0.6182,70,100.2,True
vgg16,__module.features.14/aten::_convolution/Convolution,6,143,32,32,32,32,22,23,0,32,0.3936,65536,32384,0.5059,75,40.4,True
vgg16,__module.features.14/aten::_convolution/Convolution,6,144,32,32,32,32,20,23,0,32,0.416,65536,29440,0.5508,73,72.4,True
vgg16,__module.features.14/aten::_convolution/Convolution,6,145,32,32,32,32,16,22,0,32,0.4844,65536,22528,0.6562,68,65.2,True
vgg16,__module.features.14/aten::_convolution/Convolution,6,146,32,32,32,32,18,22,0,32,0.4629,65536,25344,0.6133,70,37.9,True
vgg16,__module.features.14/aten::_convolution/Convolution,6,147,32,32,32,32,18,22,0,32,0.4629,65536,25344,0.6133,70,92.5,True
vgg16,__module.features.14/aten::_convolution/Convolution,6,148,32,32,32,32,15,22,0,32,0.4951,65536,21120,0.6777,67,39.1,True
vgg16,__module.features.14/aten::_convolution/Convolution,6,149,32,32,32,32,15,22,0,32,0.4951,65536,21120,0.6777,67,49.4,True
vgg16,__module.features.14/aten::_convolution/Convolution,6,150,32,32,32,32,17,22,0,32,0.4736,65536,23936,0.6348,69,111.6,True
vgg16,__module.features.14/aten::_convolution/Convolution,6,151,32,32,32,32,22,22,0,32,0.4199,65536,30976,0.5273,74,41.2,True
vgg16,__module.features.14/aten::_convolution/Convolution,6,152,32,32,32,32,20,22,0,32,0.4414,65536,28160,0.5703,72,50.3,True
vgg16,__module.features.14/aten::_convolution/Convolution,6,153,32,32,32,32,16,23,0,32,0.4609,65536,23552,0.6406,69,39.6,True
vgg16,__module.features.14/aten::_convolution/Convolution,6,154,32,32,32,32,18,23,0,32,0.4385,65536,26496,0.5957,71,112.3,True
vgg16,__module.features.14/aten::_convolution/Convolution,6,155,32,32,32,32,18,23,0,32,0.4385,65536,26496,0.5957,71,58.2,True
vgg16,__module.features.14/aten::_convolution/Convolution,6,156,32,32,32,32,15,23,0,32,0.4722,65536,22080,0.6631,68,72.4,True
vgg16,__module.features.14/aten::_convolution/Convolution,6,157,32,32,32,32,15,23,0,32,0.4722,65536,22080,0.6631,68,62.6,True
vgg16,__module.features.14/aten::_convolution/Convolution,6,158,32,32,32,32,17,23,0,32,0.4497,65536,25024,0.6182,70,38.8,True
vgg16,__module.features.14/aten::_convolution/Convolution,6,159,32,32,32,32,22,23,0,32,0.3936,65536,32384,0.5059,75,47.9,True
vgg16,__module.features.14/aten::_convolution/Convolution,6,160,32,32,32,32,20,23,0,32,0.416,65536,29440,0.5508,73,37.7,True
vgg16,__module.features.14/aten::_convolution/Convolution,6,161,32,32,32,32,16,23,0,32,0.4609,65536,23552,0.6406,69,71.3,True
vgg16,__module.features.14/aten::_convolution/Convolution,6,162,32,32,32,32,18,23,0,32,0.4385,65536,26496,0.5957,71,37.9,True
vgg16,__module.features.14/aten::_convolution/Convolution,6,163,32,32,32,32,18,23,0,32,0.4385,65536,26496,0.5957,71,47.1,True
vgg16,__module.features.14/aten::_convolution/Convolution,6,164,32,32,32,32,15,23,0,32,0.4722,65536,22080,0.6631,68,44.8,True
vgg16,__module.features.14/aten::_convolution/Convolution,6,165,32,32,32,32,15,23,0,32,0.4722,65536,22080,0.6631,68,39.6,True
vgg16,__module.features.14/aten::_convolution/Convolution,6,166,32,32,32,32,17,23,0,32,0.4497,65536,25024,0.6182,70,218.4,True
vgg16,__module.features.14/aten::_convolution/Convolution,6,167,32,32,32,32,22,23,0,32,0.3936,65536,32384,0.5059,75,40.5,True
vgg16,__module.features.14/aten::_convolution/Convolution,6,168,32,32,32,32,20,23,0,32,0.416,65536,29440,0.5508,73,64.8,True
vgg16,__module.features.14/aten::_convolution/Convolution,6,169,32,32,32,32,16,23,0,32,0.4609,65536,23552,0.6406,69,62.8,True
vgg16,__module.features.14/aten::_convolution/Convolution,6,170,32,32,32,32,18,23,0,32,0.4385,65536,26496,0.5957,71,41.9,True
vgg16,__module.features.14/aten::_convolution/Convolution,6,171,32,32,32,32,18,23,0,32,0.4385,65536,26496,0.5957,71,43.1,True
vgg16,__module.features.14/aten::_convolution/Convolution,6,172,32,32,32,32,15,23,0,32,0.4722,65536,22080,0.6631,68,39.8,True
vgg16,__module.features.14/aten::_convolution/Convolution,6,173,32,32,32,32,15,23,0,32,0.4722,65536,22080,0.6631,68,39.9,True
vgg16,__module.features.14/aten::_convolution/Convolution,6,174,32,32,32,32,17,23,0,32,0.4497,65536,25024,0.6182,70,44.9,True
vgg16,__module.features.14/aten::_convolution/Convolution,6,175,32,32,32,32,22,23,0,32,0.3936,65536,32384,0.5059,75,43.1,True
vgg16,__module.features.14/aten::_convolution/Convolution,6,176,32,32,32,32,20,23,0,32,0.416,65536,29440,0.5508,73,38.9,True
vgg16,__module.features.14/aten::_convolution/Convolution,6,177,32,32,32,32,16,23,0,32,0.4609,65536,23552,0.6406,69,98.8,True
vgg16,__module.features.14/aten::_convolution/Convolution,6,178,32,32,32,32,18,23,0,32,0.4385,65536,26496,0.5957,71,38.9,True
vgg16,__module.features.14/aten::_convolution/Convolution,6,179,32,32,32,32,18,23,0,32,0.4385,65536,26496,0.5957,71,56.3,True
vgg16,__module.features.14/aten::_convolution/Convolution,6,180,32,32,32,32,15,23,0,32,0.4722,65536,22080,0.6631,68,39.6,True
vgg16,__module.features.14/aten::_convolution/Convolution,6,181,32,32,32,32,15,23,0,32,0.4722,65536,22080,0.6631,68,38.7,True
vgg16,__module.features.14/aten::_convolution/Convolution,6,182,32,32,32,32,17,23,0,32,0.4497,65536,25024,0.6182,70,57.1,True
vgg16,__module.features.14/aten::_convolution/Convolution,6,183,32,32,32,32,22,23,0,32,0.3936,65536,32384,0.5059,75,43.3,True
vgg16,__module.features.14/aten::_convolution/Convolution,6,184,32,32,32,32,20,23,0,32,0.416,65536,29440,0.5508,73,39.1,True
vgg16,__module.features.14/aten::_convolution/Convolution,6,185,32,32,32,32,16,23,0,32,0.4609,65536,23552,0.6406,69,119.4,True
vgg16,__module.features.14/aten::_convolution/Convolution,6,186,32,32,32,32,18,23,0,32,0.4385,65536,26496,0.5957,71,85.2,True
vgg16,__module.features.14/aten::_convolution/Convolution,6,187,32,32,32,32,18,23,0,32,0.4385,65536,26496,0.5957,71,150.0,True
vgg16,__module.features.14/aten::_convolution/Convolution,6,188,32,32,32,32,15,23,0,32,0.4722,65536,22080,0.6631,68,79.2,True
vgg16,__module.features.14/aten::_convolution/Convolution,6,189,32,32,32,32,15,23,0,32,0.4722,65536,22080,0.6631,68,38.8,True
vgg16,__module.features.14/aten::_convolution/Convolution,6,190,32,32,32,32,17,23,0,32,0.4497,65536,25024,0.6182,70,45.4,True
vgg16,__module.features.14/aten::_convolution/Convolution,6,191,32,32,32,32,22,23,0,32,0.3936,65536,32384,0.5059,75,40.2,True
vgg16,__module.features.14/aten::_convolution/Convolution,6,192,32,32,32,32,20,23,0,32,0.416,65536,29440,0.5508,73,54.2,True
vgg16,__module.features.14/aten::_convolution/Convolution,6,193,32,32,32,32,16,23,0,32,0.4609,65536,23552,0.6406,69,45.3,True
vgg16,__module.features.14/aten::_convolution/Convolution,6,194,32,32,32,32,18,23,0,32,0.4385,65536,26496,0.5957,71,103.5,True
vgg16,__module.features.14/aten::_convolution/Convolution,6,195,32,32,32,32,18,23,0,32,0.4385,65536,26496,0.5957,71,157.9,True
vgg16,__module.features.14/aten::_convolution/Convolution,6,196,32,32,32,32,15,23,0,32,0.4722,65536,22080,0.6631,68,141.1,True
vgg16,__module.features.14/aten::_convolution/Convolution,6,197,32,32,32,32,15,23,0,32,0.4722,65536,22080,0.6631,68,39.9,True
vgg16,__module.features.14/aten::_convolution/Convolution,6,198,32,32,32,32,17,23,0,32,0.4497,65536,25024,0.6182,70,39.2,True
vgg16,__module.features.14/aten::_convolution/Convolution,6,199,32,32,32,32,22,23,0,32,0.3936,65536,32384,0.5059,75,67.4,True
vgg16,__module.features.14/aten::_convolution/Convolution,6,200,32,32,32,32,20,23,0,32,0.416,65536,29440,0.5508,73,147.8,True
vgg16,__module.features.14/aten::_convolution/Convolution,6,201,32,32,32,32,16,23,0,32,0.4609,65536,23552,0.6406,69,49.0,True
vgg16,__module.features.14/aten::_convolution/Convolution,6,202,32,32,32,32,18,23,0,32,0.4385,65536,26496,0.5957,71,113.2,True
vgg16,__module.features.14/aten::_convolution/Convolution,6,203,32,32,32,32,18,23,0,32,0.4385,65536,26496,0.5957,71,66.4,True
vgg16,__module.features.14/aten::_convolution/Convolution,6,204,32,32,32,32,15,23,0,32,0.4722,65536,22080,0.6631,68,61.1,True
vgg16,__module.features.14/aten::_convolution/Convolution,6,205,32,32,32,32,15,23,0,32,0.4722,65536,22080,0.6631,68,38.8,True
vgg16,__module.features.14/aten::_convolution/Convolution,6,206,32,32,32,32,17,23,0,32,0.4497,65536,25024,0.6182,70,38.8,True
vgg16,__module.features.14/aten::_convolution/Convolution,6,207,32,32,32,32,22,23,0,32,0.3936,65536,32384,0.5059,75,47.8,True
vgg16,__module.features.14/aten::_convolution/Convolution,6,208,32,32,32,32,20,23,0,32,0.416,65536,29440,0.5508,73,41.8,True
vgg16,__module.features.14/aten::_convolution/Convolution,6,209,32,32,32,31,16,23,0,32,0.4722,65536,22816,0.6519,68,57.0,True
vgg16,__module.features.14/aten::_convolution/Convolution,6,210,32,32,32,31,18,23,0,32,0.4497,65536,25668,0.6083,70,37.9,True
vgg16,__module.features.14/aten::_convolution/Convolution,6,211,32,32,32,31,18,23,0,32,0.4497,65536,25668,0.6083,70,38.4,True
vgg16,__module.features.14/aten::_convolution/Convolution,6,212,32,32,32,31,15,23,0,32,0.4834,65536,21390,0.6736,67,81.4,True
vgg16,__module.features.14/aten::_convolution/Convolution,6,213,32,32,32,31,15,23,0,32,0.4834,65536,21390,0.6736,67,39.4,True
vgg16,__module.features.14/aten::_convolution/Convolution,6,214,32,32,32,31,17,23,0,32,0.4609,65536,24242,0.6301,69,46.9,True
vgg16,__module.features.14/aten::_convolution/Convolution,6,215,32,32,32,31,22,23,0,32,0.4048,65536,31372,0.5213,74,58.8,True
vgg16,__module.features.14/aten::_convolution/Convolution,6,216,32,32,32,31,20,23,0,32,0.4272,65536,28520,0.5648,72,137.7,True
vgg16,__module.features.14/aten::_convolution/Convolution,6,217,32,32,32,32,16,23,0,32,0.4609,65536,23552,0.6406,69,41.3,True
vgg16,__module.features.14/aten::_convolution/Convolution,6,218,32,32,32,32,18,23,0,32,0.4385,65536,26496,0.5957,71,139.3,True
vgg16,__module.features.14/aten::_convolution/Convolution,6,219,32,32,32,32,18,23,0,32,0.4385,65536,26496,0.5957,71,49.4,True
vgg16,__module.features.14/aten::_convolution/Convolution,6,220,32,32,32,32,15,23,0,32,0.4722,65536,22080,0.6631,68,38.6,True
vgg16,__module.features.14/aten::_convolution/Convolution,6,221,32,32,32,32,15,23,0,32,0.4722,65536,22080,0.6631,68,39.2,True
vgg16,__module.features.14/aten::_convolution/Convolution,6,222,32,32,32,32,17,23,0,32,0.4497,65536,25024,0.6182,70,39.0,True
vgg16,__module.features.14/aten::_convolution/Convolution,6,223,32,32,32,32,22,23,0,32,0.3936,65536,32384,0.5059,75,41.5,True
vgg16,__module.features.14/aten::_convolution/Convolution,6,224,32,32,32,32,20,23,0,32,0.416,65536,29440,0.5508,73,40.3,True
vgg16,__module.features.14/aten::_convolution/Convolution,6,225,32,32,32,30,16,23,0,32,0.4834,65536,22080,0.6631,67,48.7,True
vgg16,__module.features.14/aten::_convolution/Convolution,6,226,32,32,32,30,18,23,0,32,0.4609,65536,24840,0.621,69,39.8,True
vgg16,__module.features.14/aten::_convolution/Convolution,6,227,32,32,32,30,18,23,0,32,0.4609,65536,24840,0.621,69,57.4,True
vgg16,__module.features.14/aten::_convolution/Convolution,6,228,32,32,32,30,15,23,0,32,0.4946,65536,20700,0.6841,66,38.5,True
vgg16,__module.features.14/aten::_convolution/Convolution,6,229,32,32,32,30,15,23,0,32,0.4946,65536,20700,0.6841,66,184.1,True
vgg16,__module.features.14/aten::_convolution/Convolution,6,230,32,32,32,30,17,23,0,32,0.4722,65536,23460,0.642,68,41.1,True
vgg16,__module.features.14/aten::_convolution/Convolution,6,231,32,32,32,30,22,23,0,32,0.416,65536,30360,0.5367,73,39.3,True
vgg16,__module.features.14/aten::_convolution/Convolution,6,232,32,32,32,30,20,23,0,32,0.4385,65536,27600,0.5789,71,42.1,True
vgg16,__module.features.14/aten::_convolution/Convolution,6,233,32,32,32,31,16,19,0,32,0.564,65536,18848,0.7124,64,100.5,True
vgg16,__module.features.14/aten::_convolution/Convolution,6,234,32,32,32,31,18,19,0,32,0.5454,65536,21204,0.6765,66,42.2,True
vgg16,__module.features.14/aten::_convolution/Convolution,6,235,32,32,32,31,18,19,0,32,0.5454,65536,21204,0.6765,66,69.2,True
vgg16,__module.features.14/aten::_convolution/Convolution,6,236,32,32,32,31,15,19,0,32,0.5732,65536,17670,0.7304,63,78.3,True
vgg16,__module.features.14/aten::_convolution/Convolution,6,237,32,32,32,31,15,19,0,32,0.5732,65536,17670,0.7304,63,68.8,True
vgg16,__module.features.14/aten::_convolution/Convolution,6,238,32,32,32,31,17,19,0,32,0.5547,65536,20026,0.6944,65,40.2,True
vgg16,__module.features.14/aten::_convolution/Convolution,6,239,32,32,32,31,22,19,0,32,0.5083,65536,25916,0.6046,70,38.8,True
vgg16,__module.features.14/aten::_convolution/Convolution,6,240,32,32,32,31,20,19,0,32,0.5269,65536,23560,0.6405,68,179.4,True
vgg16,__module.features.14/aten::_convolution/Convolution,6,241,32,32,32,30,16,23,0,32,0.4834,65536,22080,0.6631,67,37.9,True
vgg16,__module.features.14/aten::_convolution/Convolution,6,242,32,32,32,30,18,23,0,32,0.4609,65536,24840,0.621,69,179.6,True
vgg16,__module.features.14/aten::_convolution/Convolution,6,243,32,32,32,30,18,23,0,32,0.4609,65536,24840,0.621,69,39.3,True
vgg16,__module.features.14/aten::_convolution/Convolution,6,244,32,32,32,30,15,23,0,32,0.4946,65536,20700,0.6841,66,65.4,True
vgg16,__module.features.14/aten::_convolution/Convolution,6,245,32,32,32,30,15,23,0,32,0.4946,65536,20700,0.6841,66,41.2,True
vgg16,__module.features.14/aten::_convolution/Convolution,6,246,32,32,32,30,17,23,0,32,0.4722,65536,23460,0.642,68,223.9,True
vgg16,__module.features.14/aten::_convolution/Convolution,6,247,32,32,32,30,22,23,0,32,0.416,65536,30360,0.5367,73,40.2,True
vgg16,__module.features.14/aten::_convolution/Convolution,6,248,32,32,32,30,20,23,0,32,0.4385,65536,27600,0.5789,71,112.7,True
vgg16,__module.features.14/aten::_convolution/Convolution,6,249,32,32,32,31,16,23,0,32,0.4722,65536,22816,0.6519,68,68.1,True
vgg16,__module.features.14/aten::_convolution/Convolution,6,250,32,32,32,31,18,23,0,32,0.4497,65536,25668,0.6083,70,40.5,True
vgg16,__module.features.14/aten::_convolution/Convolution,6,251,32,32,32,31,18,23,0,32,0.4497,65536,25668,0.6083,70,40.0,True
vgg16,__module.features.14/aten::_convolution/Convolution,6,252,32,32,32,31,15,23,0,32,0.4834,65536,21390,0.6736,67,148.4,True
vgg16,__module.features.14/aten::_convolution/Convolution,6,253,32,32,32,31,15,23,0,32,0.4834,65536,21390,0.6736,67,39.1,True
vgg16,__module.features.14/aten::_convolution/Convolution,6,254,32,32,32,31,17,23,0,32,0.4609,65536,24242,0.6301,69,40.3,True
vgg16,__module.features.14/aten::_convolution/Convolution,6,255,32,32,32,31,22,23,0,32,0.4048,65536,31372,0.5213,74,45.3,True
vgg16,__module.features.14/aten::_convolution/Convolution,6,256,32,32,32,31,20,23,0,32,0.4272,65536,28520,0.5648,72,39.1,True
vgg16,__module.features.14/aten::_convolution/Convolution,6,257,32,32,32,31,16,23,0,32,0.4722,65536,22816,0.6519,68,38.3,True
vgg16,__module.features.14/aten::_convolution/Convolution,6,258,32,32,32,31,18,23,0,32,0.4497,65536,25668,0.6083,70,42.1,True
vgg16,__module.features.14/aten::_convolution/Convolution,6,259,32,32,32,31,18,23,0,32,0.4497,65536,25668,0.6083,70,179.1,True
vgg16,__module.features.14/aten::_convolution/Convolution,6,260,32,32,32,31,15,23,0,32,0.4834,65536,21390,0.6736,67,95.5,True
vgg16,__module.features.14/aten::_convolution/Convolution,6,261,32,32,32,31,15,23,0,32,0.4834,65536,21390,0.6736,67,49.0,True
vgg16,__module.features.14/aten::_convolution/Convolution,6,262,32,32,32,31,17,23,0,32,0.4609,65536,24242,0.6301,69,86.1,True
vgg16,__module.features.14/aten::_convolution/Convolution,6,263,32,32,32,31,22,23,0,32,0.4048,65536,31372,0.5213,74,120.3,True
vgg16,__module.features.14/aten::_convolution/Convolution,6,264,32,32,32,31,20,23,0,32,0.4272,65536,28520,0.5648,72,147.2,True
vgg16,__module.features.14/aten::_convolution/Convolution,6,265,32,32,32,31,16,23,0,32,0.4722,65536,22816,0.6519,68,302.5,True
vgg16,__module.features.14/aten::_convolution/Convolution,6,266,32,32,32,31,18,23,0,32,0.4497,65536,25668,0.6083,70,175.2,True
vgg16,__module.features.14/aten::_convolution/Convolution,6,267,32,32,32,31,18,23,0,32,0.4497,65536,25668,0.6083,70,56.4,True
vgg16,__module.features.14/aten::_convolution/Convolution,6,268,32,32,32,31,15,23,0,32,0.4834,65536,21390,0.6736,67,38.2,True
vgg16,__module.features.14/aten::_convolution/Convolution,6,269,32,32,32,31,15,23,0,32,0.4834,65536,21390,0.6736,67,81.7,True
vgg16,__module.features.14/aten::_convolution/Convolution,6,270,32,32,32,31,17,23,0,32,0.4609,65536,24242,0.6301,69,85.5,True
vgg16,__module.features.14/aten::_convolution/Convolution,6,271,32,32,32,31,22,23,0,32,0.4048,65536,31372,0.5213,74,39.4,True
vgg16,__module.features.14/aten::_convolution/Convolution,6,272,32,32,32,31,20,23,0,32,0.4272,65536,28520,0.5648,72,149.9,True
vgg16,__module.features.14/aten::_convolution/Convolution,6,273,32,32,32,31,16,23,0,32,0.4722,65536,22816,0.6519,68,38.0,True
vgg16,__module.features.14/aten::_convolution/Convolution,6,274,32,32,32,31,18,23,0,32,0.4497,65536,25668,0.6083,70,137.9,True
vgg16,__module.features.14/aten::_convolution/Convolution,6,275,32,32,32,31,18,23,0,32,0.4497,65536,25668,0.6083,70,180.3,True
vgg16,__module.features.14/aten::_convolution/Convolution,6,276,32,32,32,31,15,23,0,32,0.4834,65536,21390,0.6736,67,39.3,True
vgg16,__module.features.14/aten::_convolution/Convolution,6,277,32,32,32,31,15,23,0,32,0.4834,65536,21390,0.6736,67,79.4,True
vgg16,__module.features.14/aten::_convolution/Convolution,6,278,32,32,32,31,17,23,0,32,0.4609,65536,24242,0.6301,69,79.0,True
vgg16,__module.features.14/aten::_convolution/Convolution,6,279,32,32,32,31,22,23,0,32,0.4048,65536,31372,0.5213,74,38.8,True
vgg16,__module.features.14/aten::_convolution/Convolution,6,280,32,32,32,31,20,23,0,32,0.4272,65536,28520,0.5648,72,112.9,True
vgg16,__module.features.14/aten::_convolution/Convolution,6,281,32,32,32,32,16,23,0,32,0.4609,65536,23552,0.6406,69,71.6,True
vgg16,__module.features.14/aten::_convolution/Convolution,6,282,32,32,32,32,18,23,0,32,0.4385,65536,26496,0.5957,71,38.8,True
vgg16,__module.features.14/aten::_convolution/Convolution,6,283,32,32,32,32,18,23,0,32,0.4385,65536,26496,0.5957,71,89.9,True
vgg16,__module.features.14/aten::_convolution/Convolution,6,284,32,32,32,32,15,23,0,32,0.4722,65536,22080,0.6631,68,38.0,True
vgg16,__module.features.14/aten::_convolution/Convolution,6,285,32,32,32,32,15,23,0,32,0.4722,65536,22080,0.6631,68,48.0,True
vgg16,__module.features.14/aten::_convolution/Convolution,6,286,32,32,32,32,17,23,0,32,0.4497,65536,25024,0.6182,70,89.8,True
vgg16,__module.features.14/aten::_convolution/Convolution,6,287,32,32,32,32,22,23,0,32,0.3936,65536,32384,0.5059,75,41.8,True
vgg16,__module.features.14/aten::_convolution/Convolution,6,288,32,32,32,32,20,23,0,32,0.416,65536,29440,0.5508,73,43.9,True
vgg16,__module.features.14/aten::_convolution/Convolution,6,289,32,32,32,31,16,23,0,32,0.4722,65536,22816,0.6519,68,38.3,True
vgg16,__module.features.14/aten::_convolution/Convolution,6,290,32,32,32,31,18,23,0,32,0.4497,65536,25668,0.6083,70,86.0,True
vgg16,__module.features.14/aten::_convolution/Convolution,6,291,32,32,32,31,18,23,0,32,0.4497,65536,25668,0.6083,70,39.8,True
vgg16,__module.features.14/aten::_convolution/Convolution,6,292,32,32,32,31,15,23,0,32,0.4834,65536,21390,0.6736,67,39.8,True
vgg16,__module.features.14/aten::_convolution/Convolution,6,293,32,32,32,31,15,23,0,32,0.4834,65536,21390,0.6736,67,39.2,True
vgg16,__module.features.14/aten::_convolution/Convolution,6,294,32,32,32,31,17,23,0,32,0.4609,65536,24242,0.6301,69,81.3,True
vgg16,__module.features.14/aten::_convolution/Convolution,6,295,32,32,32,31,22,23,0,32,0.4048,65536,31372,0.5213,74,113.7,True
vgg16,__module.features.14/aten::_convolution/Convolution,6,296,32,32,32,31,20,23,0,32,0.4272,65536,28520,0.5648,72,38.7,True
vgg16,__module.features.14/aten::_convolution/Convolution,6,297,32,32,32,32,16,23,0,32,0.4609,65536,23552,0.6406,69,57.4,True
vgg16,__module.features.14/aten::_convolution/Convolution,6,298,32,32,32,32,18,23,0,32,0.4385,65536,26496,0.5957,71,55.8,True
vgg16,__module.features.14/aten::_convolution/Convolution,6,299,32,32,32,32,18,23,0,32,0.4385,65536,26496,0.5957,71,41.9,True
vgg16,__module.features.14/aten::_convolution/Convolution,6,300,32,32,32,32,15,23,0,32,0.4722,65536,22080,0.6631,68,56.1,True
vgg16,__module.features.14/aten::_convolution/Convolution,6,301,32,32,32,32,15,23,0,32,0.4722,65536,22080,0.6631,68,40.1,True
vgg16,__module.features.14/aten::_convolution/Convolution,6,302,32,32,32,32,17,23,0,32,0.4497,65536,25024,0.6182,70,83.0,True
vgg16,__module.features.14/aten::_convolution/Convolution,6,303,32,32,32,32,22,23,0,32,0.3936,65536,32384,0.5059,75,38.9,True
vgg16,__module.features.14/aten::_convolution/Convolution,6,304,32,32,32,32,20,23,0,32,0.416,65536,29440,0.5508,73,205.0,True
vgg16,__module.features.14/aten::_convolution/Convolution,6,305,32,32,32,32,16,23,0,32,0.4609,65536,23552,0.6406,69,40.5,True
vgg16,__module.features.14/aten::_convolution/Convolution,6,306,32,32,32,32,18,23,0,32,0.4385,65536,26496,0.5957,71,39.3,True
vgg16,__module.features.14/aten::_convolution/Convolution,6,307,32,32,32,32,18,23,0,32,0.4385,65536,26496,0.5957,71,172.2,True
vgg16,__module.features.14/aten::_convolution/Convolution,6,308,32,32,32,32,15,23,0,32,0.4722,65536,22080,0.6631,68,49.3,True
vgg16,__module.features.14/aten::_convolution/Convolution,6,309,32,32,32,32,15,23,0,32,0.4722,65536,22080,0.6631,68,45.4,True
vgg16,__module.features.14/aten::_convolution/Convolution,6,310,32,32,32,32,17,23,0,32,0.4497,65536,25024,0.6182,70,181.0,True
vgg16,__module.features.14/aten::_convolution/Convolution,6,311,32,32,32,32,22,23,0,32,0.3936,65536,32384,0.5059,75,39.3,True
vgg16,__module.features.14/aten::_convolution/Convolution,6,312,32,32,32,32,20,23,0,32,0.416,65536,29440,0.5508,73,39.5,True
vgg16,__module.features.14/aten::_convolution/Convolution,6,313,32,32,32,32,16,23,0,32,0.4609,65536,23552,0.6406,69,118.7,True
vgg16,__module.features.14/aten::_convolution/Convolution,6,314,32,32,32,32,18,23,0,32,0.4385,65536,26496,0.5957,71,49.5,True
vgg16,__module.features.14/aten::_convolution/Convolution,6,315,32,32,32,32,18,23,0,32,0.4385,65536,26496,0.5957,71,40.6,True
vgg16,__module.features.14/aten::_convolution/Convolution,6,316,32,32,32,32,15,23,0,32,0.4722,65536,22080,0.6631,68,86.5,True
vgg16,__module.features.14/aten::_convolution/Convolution,6,317,32,32,32,32,15,23,0,32,0.4722,65536,22080,0.6631,68,39.9,True
vgg16,__module.features.14/aten::_convolution/Convolution,6,318,32,32,32,32,17,23,0,32,0.4497,65536,25024,0.6182,70,53.3,True
vgg16,__module.features.14/aten::_convolution/Convolution,6,319,32,32,32,32,22,23,0,32,0.3936,65536,32384,0.5059,75,152.1,True
vgg16,__module.features.14/aten::_convolution/Convolution,6,320,32,32,32,32,20,23,0,32,0.416,65536,29440,0.5508,73,96.0,True
vgg16,__module.features.14/aten::_convolution/Convolution,6,321,32,32,32,32,16,23,0,32,0.4609,65536,23552,0.6406,69,60.7,True
vgg16,__module.features.14/aten::_convolution/Convolution,6,322,32,32,32,32,18,23,0,32,0.4385,65536,26496,0.5957,71,116.9,True
vgg16,__module.features.14/aten::_convolution/Convolution,6,323,32,32,32,32,18,23,0,32,0.4385,65536,26496,0.5957,71,60.2,True
vgg16,__module.features.14/aten::_convolution/Convolution,6,324,32,32,32,32,15,23,0,32,0.4722,65536,22080,0.6631,68,69.1,True
vgg16,__module.features.14/aten::_convolution/Convolution,6,325,32,32,32,32,15,23,0,32,0.4722,65536,22080,0.6631,68,90.0,True
vgg16,__module.features.14/aten::_convolution/Convolution,6,326,32,32,32,32,17,23,0,32,0.4497,65536,25024,0.6182,70,39.0,True
vgg16,__module.features.14/aten::_convolution/Convolution,6,327,32,32,32,32,22,23,0,32,0.3936,65536,32384,0.5059,75,38.8,True
vgg16,__module.features.14/aten::_convolution/Convolution,6,328,32,32,32,32,20,23,0,32,0.416,65536,29440,0.5508,73,90.6,True
vgg16,__module.features.14/aten::_convolution/Convolution,6,329,32,32,32,32,16,23,0,32,0.4609,65536,23552,0.6406,69,48.2,True
vgg16,__module.features.14/aten::_convolution/Convolution,6,330,32,32,32,32,18,23,0,32,0.4385,65536,26496,0.5957,71,48.0,True
vgg16,__module.features.14/aten::_convolution/Convolution,6,331,32,32,32,32,18,23,0,32,0.4385,65536,26496,0.5957,71,100.3,True
vgg16,__module.features.14/aten::_convolution/Convolution,6,332,32,32,32,32,15,23,0,32,0.4722,65536,22080,0.6631,68,84.9,True
vgg16,__module.features.14/aten::_convolution/Convolution,6,333,32,32,32,32,15,23,0,32,0.4722,65536,22080,0.6631,68,159.2,True
vgg16,__module.features.14/aten::_convolution/Convolution,6,334,32,32,32,32,17,23,0,32,0.4497,65536,25024,0.6182,70,39.3,True
vgg16,__module.features.14/aten::_convolution/Convolution,6,335,32,32,32,32,22,23,0,32,0.3936,65536,32384,0.5059,75,92.3,True
vgg16,__module.features.14/aten::_convolution/Convolution,6,336,32,32,32,32,20,23,0,32,0.416,65536,29440,0.5508,73,38.7,True
vgg16,__module.features.14/aten::_convolution/Convolution,6,337,32,32,32,32,16,23,0,32,0.4609,65536,23552,0.6406,69,64.2,True
vgg16,__module.features.14/aten::_convolution/Convolution,6,338,32,32,32,32,18,23,0,32,0.4385,65536,26496,0.5957,71,187.7,True
vgg16,__module.features.14/aten::_convolution/Convolution,6,339,32,32,32,32,18,23,0,32,0.4385,65536,26496,0.5957,71,40.6,True
vgg16,__module.features.14/aten::_convolution/Convolution,6,340,32,32,32,32,15,23,0,32,0.4722,65536,22080,0.6631,68,82.1,True
vgg16,__module.features.14/aten::_convolution/Convolution,6,341,32,32,32,32,15,23,0,32,0.4722,65536,22080,0.6631,68,40.1,True
vgg16,__module.features.14/aten::_convolution/Convolution,6,342,32,32,32,32,17,23,0,32,0.4497,65536,25024,0.6182,70,38.5,True
vgg16,__module.features.14/aten::_convolution/Convolution,6,343,32,32,32,32,22,23,0,32,0.3936,65536,32384,0.5059,75,252.0,True
vgg16,__module.features.14/aten::_convolution/Convolution,6,344,32,32,32,32,20,23,0,32,0.416,65536,29440,0.5508,73,39.7,True
vgg16,__module.features.14/aten::_convolution/Convolution,6,345,32,32,32,32,16,23,0,32,0.4609,65536,23552,0.6406,69,63.5,True
vgg16,__module.features.14/aten::_convolution/Convolution,6,346,32,32,32,32,18,23,0,32,0.4385,65536,26496,0.5957,71,39.1,True
vgg16,__module.features.14/aten::_convolution/Convolution,6,347,32,32,32,32,18,23,0,32,0.4385,65536,26496,0.5957,71,51.2,True
vgg16,__module.features.14/aten::_convolution/Convolution,6,348,32,32,32,32,15,23,0,32,0.4722,65536,22080,0.6631,68,39.6,True
vgg16,__module.features.14/aten::_convolution/Convolution,6,349,32,32,32,32,15,23,0,32,0.4722,65536,22080,0.6631,68,131.6,True
vgg16,__module.features.14/aten::_convolution/Convolution,6,350,32,32,32,32,17,23,0,32,0.4497,65536,25024,0.6182,70,44.9,True
vgg16,__module.features.14/aten::_convolution/Convolution,6,351,32,32,32,32,22,23,0,32,0.3936,65536,32384,0.5059,75,95.1,True
vgg16,__module.features.14/aten::_convolution/Convolution,6,352,32,32,32,32,20,23,0,32,0.416,65536,29440,0.5508,73,43.6,True
vgg16,__module.features.14/aten::_convolution/Convolution,6,353,32,32,32,32,16,23,0,32,0.4609,65536,23552,0.6406,69,42.3,True
vgg16,__module.features.14/aten::_convolution/Convolution,6,354,32,32,32,32,18,23,0,32,0.4385,65536,26496,0.5957,71,65.2,True
vgg16,__module.features.14/aten::_convolution/Convolution,6,355,32,32,32,32,18,23,0,32,0.4385,65536,26496,0.5957,71,38.9,True
vgg16,__module.features.14/aten::_convolution/Convolution,6,356,32,32,32,32,15,23,0,32,0.4722,65536,22080,0.6631,68,39.3,True
vgg16,__module.features.14/aten::_convolution/Convolution,6,357,32,32,32,32,15,23,0,32,0.4722,65536,22080,0.6631,68,85.4,True
vgg16,__module.features.14/aten::_convolution/Convolution,6,358,32,32,32,32,17,23,0,32,0.4497,65536,25024,0.6182,70,89.6,True
vgg16,__module.features.14/aten::_convolution/Convolution,6,359,32,32,32,32,22,23,0,32,0.3936,65536,32384,0.5059,75,52.6,True
vgg16,__module.features.14/aten::_convolution/Convolution,6,360,32,32,32,32,20,23,0,32,0.416,65536,29440,0.5508,73,44.4,True
vgg16,__module.features.14/aten::_convolution/Convolution,6,361,32,32,32,32,16,23,0,32,0.4609,65536,23552,0.6406,69,148.3,True
vgg16,__module.features.14/aten::_convolution/Convolution,6,362,32,32,32,32,18,23,0,32,0.4385,65536,26496,0.5957,71,38.8,True
vgg16,__module.features.14/aten::_convolution/Convolution,6,363,32,32,32,32,18,23,0,32,0.4385,65536,26496,0.5957,71,78.7,True
vgg16,__module.features.14/aten::_convolution/Convolution,6,364,32,32,32,32,15,23,0,32,0.4722,65536,22080,0.6631,68,38.9,True
vgg16,__module.features.14/aten::_convolution/Convolution,6,365,32,32,32,32,15,23,0,32,0.4722,65536,22080,0.6631,68,113.1,True
vgg16,__module.features.14/aten::_convolution/Convolution,6,366,32,32,32,32,17,23,0,32,0.4497,65536,25024,0.6182,70,44.2,True
vgg16,__module.features.14/aten::_convolution/Convolution,6,367,32,32,32,32,22,23,0,32,0.3936,65536,32384,0.5059,75,100.2,True
vgg16,__module.features.14/aten::_convolution/Convolution,6,368,32,32,32,32,20,23,0,32,0.416,65536,29440,0.5508,73,39.8,True
vgg16,__module.features.14/aten::_convolution/Convolution,6,369,32,32,32,32,16,23,0,32,0.4609,65536,23552,0.6406,69,159.7,True
vgg16,__module.features.14/aten::_convolution/Convolution,6,370,32,32,32,32,18,23,0,32,0.4385,65536,26496,0.5957,71,39.7,True
vgg16,__module.features.14/aten::_convolution/Convolution,6,371,32,32,32,32,18,23,0,32,0.4385,65536,26496,0.5957,71,40.0,True
vgg16,__module.features.14/aten::_convolution/Convolution,6,372,32,32,32,32,15,23,0,32,0.4722,65536,22080,0.6631,68,48.6,True
vgg16,__module.features.14/aten::_convolution/Convolution,6,373,32,32,32,32,15,23,0,32,0.4722,65536,22080,0.6631,68,39.8,True
vgg16,__module.features.14/aten::_convolution/Convolution,6,374,32,32,32,32,17,23,0,32,0.4497,65536,25024,0.6182,70,39.6,True
vgg16,__module.features.14/aten::_convolution/Convolution,6,375,32,32,32,32,22,23,0,32,0.3936,65536,32384,0.5059,75,161.1,True
vgg16,__module.features.14/aten::_convolution/Convolution,6,376,32,32,32,32,20,23,0,32,0.416,65536,29440,0.5508,73,39.5,True
vgg16,__module.features.14/aten::_convolution/Convolution,6,377,32,32,32,32,16,23,0,32,0.4609,65536,23552,0.6406,69,60.0,True
vgg16,__module.features.14/aten::_convolution/Convolution,6,378,32,32,32,32,18,23,0,32,0.4385,65536,26496,0.5957,71,43.4,True
vgg16,__module.features.14/aten::_convolution/Convolution,6,379,32,32,32,32,18,23,0,32,0.4385,65536,26496,0.5957,71,39.8,True
vgg16,__module.features.14/aten::_convolution/Convolution,6,380,32,32,32,32,15,23,0,32,0.4722,65536,22080,0.6631,68,38.5,True
vgg16,__module.features.14/aten::_convolution/Convolution,6,381,32,32,32,32,15,23,0,32,0.4722,65536,22080,0.6631,68,39.1,True
vgg16,__module.features.14/aten::_convolution/Convolution,6,382,32,32,32,32,17,23,0,32,0.4497,65536,25024,0.6182,70,79.4,True
vgg16,__module.features.14/aten::_convolution/Convolution,6,383,32,32,32,32,22,23,0,32,0.3936,65536,32384,0.5059,75,180.7,True
vgg16,__module.features.14/aten::_convolution/Convolution,6,384,32,32,32,32,20,23,0,32,0.416,65536,29440,0.5508,73,39.7,True
vgg16,__module.features.14/aten::_convolution/Convolution,6,385,32,32,32,32,16,23,0,32,0.4609,65536,23552,0.6406,69,38.5,True
vgg16,__module.features.14/aten::_convolution/Convolution,6,386,32,32,32,32,18,23,0,32,0.4385,65536,26496,0.5957,71,110.3,True
vgg16,__module.features.14/aten::_convolution/Convolution,6,387,32,32,32,32,18,23,0,32,0.4385,65536,26496,0.5957,71,364.9,True
vgg16,__module.features.14/aten::_convolution/Convolution,6,388,32,32,32,32,15,23,0,32,0.4722,65536,22080,0.6631,68,120.8,True
vgg16,__module.features.14/aten::_convolution/Convolution,6,389,32,32,32,32,15,23,0,32,0.4722,65536,22080,0.6631,68,38.1,True
vgg16,__module.features.14/aten::_convolution/Convolution,6,390,32,32,32,32,17,23,0,32,0.4497,65536,25024,0.6182,70,39.2,True
vgg16,__module.features.14/aten::_convolution/Convolution,6,391,32,32,32,32,22,23,0,32,0.3936,65536,32384,0.5059,75,38.5,True
vgg16,__module.features.14/aten::_convolution/Convolution,6,392,32,32,32,32,20,23,0,32,0.416,65536,29440,0.5508,73,39.1,True
vgg16,__module.features.14/aten::_convolution/Convolution,6,393,32,32,32,32,16,23,0,32,0.4609,65536,23552,0.6406,69,41.2,True
vgg16,__module.features.14/aten::_convolution/Convolution,6,394,32,32,32,32,18,23,0,32,0.4385,65536,26496,0.5957,71,62.6,True
vgg16,__module.features.14/aten::_convolution/Convolution,6,395,32,32,32,32,18,23,0,32,0.4385,65536,26496,0.5957,71,127.0,True
vgg16,__module.features.14/aten::_convolution/Convolution,6,396,32,32,32,32,15,23,0,32,0.4722,65536,22080,0.6631,68,38.9,True
vgg16,__module.features.14/aten::_convolution/Convolution,6,397,32,32,32,32,15,23,0,32,0.4722,65536,22080,0.6631,68,121.3,True
vgg16,__module.features.14/aten::_convolution/Convolution,6,398,32,32,32,32,17,23,0,32,0.4497,65536,25024,0.6182,70,316.6,True
vgg16,__module.features.14/aten::_convolution/Convolution,6,399,32,32,32,32,22,23,0,32,0.3936,65536,32384,0.5059,75,38.5,True
vgg16,__module.features.14/aten::_convolution/Convolution,6,400,32,32,32,32,20,23,0,32,0.416,65536,29440,0.5508,73,39.2,True
vgg16,__module.features.14/aten::_convolution/Convolution,6,401,32,32,32,31,16,23,0,32,0.4722,65536,22816,0.6519,68,38.1,True
vgg16,__module.features.14/aten::_convolution/Convolution,6,402,32,32,32,31,18,23,0,32,0.4497,65536,25668,0.6083,70,91.8,True
vgg16,__module.features.14/aten::_convolution/Convolution,6,403,32,32,32,31,18,23,0,32,0.4497,65536,25668,0.6083,70,51.0,True
vgg16,__module.features.14/aten::_convolution/Convolution,6,404,32,32,32,31,15,23,0,32,0.4834,65536,21390,0.6736,67,38.7,True
vgg16,__module.features.14/aten::_convolution/Convolution,6,405,32,32,32,31,15,23,0,32,0.4834,65536,21390,0.6736,67,39.9,True
vgg16,__module.features.14/aten::_convolution/Convolution,6,406,32,32,32,31,17,23,0,32,0.4609,65536,24242,0.6301,69,39.8,True
vgg16,__module.features.14/aten::_convolution/Convolution,6,407,32,32,32,31,22,23,0,32,0.4048,65536,31372,0.5213,74,78.6,True
vgg16,__module.features.14/aten::_convolution/Convolution,6,408,32,32,32,31,20,23,0,32,0.4272,65536,28520,0.5648,72,41.4,True
vgg16,__module.features.14/aten::_convolution/Convolution,6,409,32,32,32,32,16,23,0,32,0.4609,65536,23552,0.6406,69,44.3,True
vgg16,__module.features.14/aten::_convolution/Convolution,6,410,32,32,32,32,18,23,0,32,0.4385,65536,26496,0.5957,71,82.1,True
vgg16,__module.features.14/aten::_convolution/Convolution,6,411,32,32,32,32,18,23,0,32,0.4385,65536,26496,0.5957,71,90.9,True
vgg16,__module.features.14/aten::_convolution/Convolution,6,412,32,32,32,32,15,23,0,32,0.4722,65536,22080,0.6631,68,38.7,True
vgg16,__module.features.14/aten::_convolution/Convolution,6,413,32,32,32,32,15,23,0,32,0.4722,65536,22080,0.6631,68,113.0,True
vgg16,__module.features.14/aten::_convolution/Convolution,6,414,32,32,32,32,17,23,0,32,0.4497,65536,25024,0.6182,70,51.7,True
vgg16,__module.features.14/aten::_convolution/Convolution,6,415,32,32,32,32,22,23,0,32,0.3936,65536,32384,0.5059,75,112.6,True
vgg16,__module.features.14/aten::_convolution/Convolution,6,416,32,32,32,32,20,23,0,32,0.416,65536,29440,0.5508,73,59.6,True
vgg16,__module.features.14/aten::_convolution/Convolution,6,417,32,32,32,32,16,23,0,32,0.4609,65536,23552,0.6406,69,48.6,True
vgg16,__module.features.14/aten::_convolution/Convolution,6,418,32,32,32,32,18,23,0,32,0.4385,65536,26496,0.5957,71,38.9,True
vgg16,__module.features.14/aten::_convolution/Convolution,6,419,32,32,32,32,18,23,0,32,0.4385,65536,26496,0.5957,71,40.1,True
vgg16,__module.features.14/aten::_convolution/Convolution,6,420,32,32,32,32,15,23,0,32,0.4722,65536,22080,0.6631,68,40.7,True
vgg16,__module.features.14/aten::_convolution/Convolution,6,421,32,32,32,32,15,23,0,32,0.4722,65536,22080,0.6631,68,46.1,True
vgg16,__module.features.14/aten::_convolution/Convolution,6,422,32,32,32,32,17,23,0,32,0.4497,65536,25024,0.6182,70,39.2,True
vgg16,__module.features.14/aten::_convolution/Convolution,6,423,32,32,32,32,22,23,0,32,0.3936,65536,32384,0.5059,75,39.4,True
vgg16,__module.features.14/aten::_convolution/Convolution,6,424,32,32,32,32,20,23,0,32,0.416,65536,29440,0.5508,73,38.2,True
vgg16,__module.features.14/aten::_convolution/Convolution,6,425,32,32,32,32,16,21,0,32,0.5078,65536,21504,0.6719,67,51.7,True
vgg16,__module.features.14/aten::_convolution/Convolution,6,426,32,32,32,32,18,21,0,32,0.4873,65536,24192,0.6309,69,39.2,True
vgg16,__module.features.14/aten::_convolution/Convolution,6,427,32,32,32,32,18,21,0,32,0.4873,65536,24192,0.6309,69,109.7,True
vgg16,__module.features.14/aten::_convolution/Convolution,6,428,32,32,32,32,15,21,0,32,0.5181,65536,20160,0.6924,66,47.2,True
vgg16,__module.features.14/aten::_convolution/Convolution,6,429,32,32,32,32,15,21,0,32,0.5181,65536,20160,0.6924,66,78.6,True
vgg16,__module.features.14/aten::_convolution/Convolution,6,430,32,32,32,32,17,21,0,32,0.4976,65536,22848,0.6514,68,95.8,True
vgg16,__module.features.14/aten::_convolution/Convolution,6,431,32,32,32,32,22,21,0,32,0.4463,65536,29568,0.5488,73,41.5,True
vgg16,__module.features.14/aten::_convolution/Convolution,6,432,32,32,32,32,20,21,0,32,0.4668,65536,26880,0.5898,71,101.4,True
vgg16,__module.features.14/aten::_convolution/Convolution,6,433,32,32,32,32,16,23,0,32,0.4609,65536,23552,0.6406,69,59.6,True
vgg16,__module.features.14/aten::_convolution/Convolution,6,434,32,32,32,32,18,23,0,32,0.4385,65536,26496,0.5957,71,199.6,True
vgg16,__module.features.14/aten::_convolution/Convolution,6,435,32,32,32,32,18,23,0,32,0.4385,65536,26496,0.5957,71,43.9,True
vgg16,__module.features.14/aten::_convolution/Convolution,6,436,32,32,32,32,15,23,0,32,0.4722,65536,22080,0.6631,68,39.7,True
vgg16,__module.features.14/aten::_convolution/Convolution,6,437,32,32,32,32,15,23,0,32,0.4722,65536,22080,0.6631,68,40.7,True
vgg16,__module.features.14/aten::_convolution/Convolution,6,438,32,32,32,32,17,23,0,32,0.4497,65536,25024,0.6182,70,38.0,True
vgg16,__module.features.14/aten::_convolution/Convolution,6,439,32,32,32,32,22,23,0,32,0.3936,65536,32384,0.5059,75,54.5,True
vgg16,__module.features.14/aten::_convolution/Convolution,6,440,32,32,32,32,20,23,0,32,0.416,65536,29440,0.5508,73,44.9,True
vgg16,__module.features.14/aten::_convolution/Convolution,6,441,32,32,32,32,16,23,0,32,0.4609,65536,23552,0.6406,69,41.8,True
vgg16,__module.features.14/aten::_convolution/Convolution,6,442,32,32,32,32,18,23,0,32,0.4385,65536,26496,0.5957,71,52.6,True
vgg16,__module.features.14/aten::_convolution/Convolution,6,443,32,32,32,32,18,23,0,32,0.4385,65536,26496,0.5957,71,39.3,True
vgg16,__module.features.14/aten::_convolution/Convolution,6,444,32,32,32,32,15,23,0,32,0.4722,65536,22080,0.6631,68,114.3,True
vgg16,__module.features.14/aten::_convolution/Convolution,6,445,32,32,32,32,15,23,0,32,0.4722,65536,22080,0.6631,68,46.9,True
vgg16,__module.features.14/aten::_convolution/Convolution,6,446,32,32,32,32,17,23,0,32,0.4497,65536,25024,0.6182,70,49.7,True
vgg16,__module.features.14/aten::_convolution/Convolution,6,447,32,32,32,32,22,23,0,32,0.3936,65536,32384,0.5059,75,39.9,True
vgg16,__module.features.14/aten::_convolution/Convolution,6,448,32,32,32,32,20,23,0,32,0.416,65536,29440,0.5508,73,38.8,True
vgg16,__module.features.14/aten::_convolution/Convolution,6,449,32,32,32,32,16,23,0,32,0.4609,65536,23552,0.6406,69,40.1,True
vgg16,__module.features.14/aten::_convolution/Convolution,6,450,32,32,32,32,18,23,0,32,0.4385,65536,26496,0.5957,71,205.3,True
vgg16,__module.features.14/aten::_convolution/Convolution,6,451,32,32,32,32,18,23,0,32,0.4385,65536,26496,0.5957,71,40.2,True
vgg16,__module.features.14/aten::_convolution/Convolution,6,452,32,32,32,32,15,23,0,32,0.4722,65536,22080,0.6631,68,129.2,True
vgg16,__module.features.14/aten::_convolution/Convolution,6,453,32,32,32,32,15,23,0,32,0.4722,65536,22080,0.6631,68,98.8,True
vgg16,__module.features.14/aten::_convolution/Convolution,6,454,32,32,32,32,17,23,0,32,0.4497,65536,25024,0.6182,70,41.3,True
vgg16,__module.features.14/aten::_convolution/Convolution,6,455,32,32,32,32,22,23,0,32,0.3936,65536,32384,0.5059,75,140.8,True
vgg16,__module.features.14/aten::_convolution/Convolution,6,456,32,32,32,32,20,23,0,32,0.416,65536,29440,0.5508,73,44.1,True
vgg16,__module.features.14/aten::_convolution/Convolution,6,457,32,32,32,32,16,23,0,32,0.4609,65536,23552,0.6406,69,38.7,True
vgg16,__module.features.14/aten::_convolution/Convolution,6,458,32,32,32,32,18,23,0,32,0.4385,65536,26496,0.5957,71,50.2,True
vgg16,__module.features.14/aten::_convolution/Convolution,6,459,32,32,32,32,18,23,0,32,0.4385,65536,26496,0.5957,71,85.4,True
vgg16,__module.features.14/aten::_convolution/Convolution,6,460,32,32,32,32,15,23,0,32,0.4722,65536,22080,0.6631,68,40.7,True
vgg16,__module.features.14/aten::_convolution/Convolution,6,461,32,32,32,32,15,23,0,32,0.4722,65536,22080,0.6631,68,39.2,True
vgg16,__module.features.14/aten::_convolution/Convolution,6,462,32,32,32,32,17,23,0,32,0.4497,65536,25024,0.6182,70,38.7,True
vgg16,__module.features.14/aten::_convolution/Convolution,6,463,32,32,32,32,22,23,0,32,0.3936,65536,32384,0.5059,75,54.3,True
vgg16,__module.features.14/aten::_convolution/Convolution,6,464,32,32,32,32,20,23,0,32,0.416,65536,29440,0.5508,73,39.0,True
vgg16,__module.features.14/aten::_convolution/Convolution,6,465,32,32,32,32,16,23,0,32,0.4609,65536,23552,0.6406,69,53.4,True
vgg16,__module.features.14/aten::_convolution/Convolution,6,466,32,32,32,32,18,23,0,32,0.4385,65536,26496,0.5957,71,66.6,True
vgg16,__module.features.14/aten::_convolution/Convolution,6,467,32,32,32,32,18,23,0,32,0.4385,65536,26496,0.5957,71,38.8,True
vgg16,__module.features.14/aten::_convolution/Convolution,6,468,32,32,32,32,15,23,0,32,0.4722,65536,22080,0.6631,68,39.1,True
vgg16,__module.features.14/aten::_convolution/Convolution,6,469,32,32,32,32,15,23,0,32,0.4722,65536,22080,0.6631,68,63.0,True
vgg16,__module.features.14/aten::_convolution/Convolution,6,470,32,32,32,32,17,23,0,32,0.4497,65536,25024,0.6182,70,37.7,True
vgg16,__module.features.14/aten::_convolution/Convolution,6,471,32,32,32,32,22,23,0,32,0.3936,65536,32384,0.5059,75,39.0,True
vgg16,__module.features.14/aten::_convolution/Convolution,6,472,32,32,32,32,20,23,0,32,0.416,65536,29440,0.5508,73,39.3,True
vgg16,__module.features.14/aten::_convolution/Convolution,6,473,32,32,32,31,16,23,0,32,0.4722,65536,22816,0.6519,68,45.8,True
vgg16,__module.features.14/aten::_convolution/Convolution,6,474,32,32,32,31,18,23,0,32,0.4497,65536,25668,0.6083,70,163.2,True
vgg16,__module.features.14/aten::_convolution/Convolution,6,475,32,32,32,31,18,23,0,32,0.4497,65536,25668,0.6083,70,41.6,True
vgg16,__module.features.14/aten::_convolution/Convolution,6,476,32,32,32,31,15,23,0,32,0.4834,65536,21390,0.6736,67,39.6,True
vgg16,__module.features.14/aten::_convolution/Convolution,6,477,32,32,32,31,15,23,0,32,0.4834,65536,21390,0.6736,67,39.1,True
vgg16,__module.features.14/aten::_convolution/Convolution,6,478,32,32,32,31,17,23,0,32,0.4609,65536,24242,0.6301,69,94.2,True
vgg16,__module.features.14/aten::_convolution/Convolution,6,479,32,32,32,31,22,23,0,32,0.4048,65536,31372,0.5213,74,180.2,True
vgg16,__module.features.14/aten::_convolution/Convolution,6,480,32,32,32,31,20,23,0,32,0.4272,65536,28520,0.5648,72,39.0,True
vgg16,__module.features.14/aten::_convolution/Convolution,6,481,32,32,32,32,16,23,0,32,0.4609,65536,23552,0.6406,69,38.2,True
vgg16,__module.features.14/aten::_convolution/Convolution,6,482,32,32,32,32,18,23,0,32,0.4385,65536,26496,0.5957,71,39.9,True
vgg16,__module.features.14/aten::_convolution/Convolution,6,483,32,32,32,32,18,23,0,32,0.4385,65536,26496,0.5957,71,119.7,True
vgg16,__module.features.14/aten::_convolution/Convolution,6,484,32,32,32,32,15,23,0,32,0.4722,65536,22080,0.6631,68,47.1,True
vgg16,__module.features.14/aten::_convolution/Convolution,6,485,32,32,32,32,15,23,0,32,0.4722,65536,22080,0.6631,68,42.1,True
vgg16,__module.features.14/aten::_convolution/Convolution,6,486,32,32,32,32,17,23,0,32,0.4497,65536,25024,0.6182,70,351.0,True
vgg16,__module.features.14/aten::_convolution/Convolution,6,487,32,32,32,32,22,23,0,32,0.3936,65536,32384,0.5059,75,53.4,True
vgg16,__module.features.14/aten::_convolution/Convolution,6,488,32,32,32,32,20,23,0,32,0.416,65536,29440,0.5508,73,62.3,True
vgg16,__module.features.14/aten::_convolution/Convolution,6,489,32,32,32,31,16,23,0,32,0.4722,65536,22816,0.6519,68,38.4,True
vgg16,__module.features.14/aten::_convolution/Convolution,6,490,32,32,32,31,18,23,0,32,0.4497,65536,25668,0.6083,70,39.0,True
vgg16,__module.features.14/aten::_convolution/Convolution,6,491,32,32,32,31,18,23,0,32,0.4497,65536,25668,0.6083,70,39.7,True
vgg16,__module.features.14/aten::_convolution/Convolution,6,492,32,32,32,31,15,23,0,32,0.4834,65536,21390,0.6736,67,79.1,True
vgg16,__module.features.14/aten::_convolution/Convolution,6,493,32,32,32,31,15,23,0,32,0.4834,65536,21390,0.6736,67,56.4,True
vgg16,__module.features.14/aten::_convolution/Convolution,6,494,32,32,32,31,17,23,0,32,0.4609,65536,24242,0.6301,69,39.2,True
vgg16,__module.features.14/aten::_convolution/Convolution,6,495,32,32,32,31,22,23,0,32,0.4048,65536,31372,0.5213,74,207.2,True
vgg16,__module.features.14/aten::_convolution/Convolution,6,496,32,32,32,31,20,23,0,32,0.4272,65536,28520,0.5648,72,40.4,True
vgg16,__module.features.14/aten::_convolution/Convolution,6,497,32,32,32,32,16,23,0,32,0.4609,65536,23552,0.6406,69,119.8,True
vgg16,__module.features.14/aten::_convolution/Convolution,6,498,32,32,32,32,18,23,0,32,0.4385,65536,26496,0.5957,71,114.1,True
vgg16,__module.features.14/aten::_convolution/Convolution,6,499,32,32,32,32,18,23,0,32,0.4385,65536,26496,0.5957,71,44.4,True
vgg16,__module.features.14/aten::_convolution/Convolution,6,500,32,32,32,32,15,23,0,32,0.4722,65536,22080,0.6631,68,251.0,True
vgg16,__module.features.14/aten::_convolution/Convolution,6,501,32,32,32,32,15,23,0,32,0.4722,65536,22080,0.6631,68,39.5,True
vgg16,__module.features.14/aten::_convolution/Convolution,6,502,32,32,32,32,17,23,0,32,0.4497,65536,25024,0.6182,70,44.0,True
vgg16,__module.features.14/aten::_convolution/Convolution,6,503,32,32,32,32,22,23,0,32,0.3936,65536,32384,0.5059,75,39.5,True
vgg16,__module.features.14/aten::_convolution/Convolution,6,504,32,32,32,32,20,23,0,32,0.416,65536,29440,0.5508,73,57.3,True
vgg16,__module.features.14/aten::_convolution/Convolution,6,505,32,32,32,32,16,22,0,32,0.4844,65536,22528,0.6562,68,39.0,True
vgg16,__module.features.14/aten::_convolution/Convolution,6,506,32,32,32,32,18,22,0,32,0.4629,65536,25344,0.6133,70,95.6,True
vgg16,__module.features.14/aten::_convolution/Convolution,6,507,32,32,32,32,18,22,0,32,0.4629,65536,25344,0.6133,70,39.4,True
vgg16,__module.features.14/aten::_convolution/Convolution,6,508,32,32,32,32,15,22,0,32,0.4951,65536,21120,0.6777,67,41.0,True
vgg16,__module.features.14/aten::_convolution/Convolution,6,509,32,32,32,32,15,22,0,32,0.4951,65536,21120,0.6777,67,38.9,True
vgg16,__module.features.14/aten::_convolution/Convolution,6,510,32,32,32,32,17,22,0,32,0.4736,65536,23936,0.6348,69,39.4,True
vgg16,__module.features.14/aten::_convolution/Convolution,6,511,32,32,32,32,22,22,0,32,0.4199,65536,30976,0.5273,74,178.7,True
vgg16,__module.features.14/aten::_convolution/Convolution,6,512,32,32,32,32,20,22,0,32,0.4414,65536,28160,0.5703,72,41.0,True
vgg16,__module.features.14/aten::_convolution/Convolution,6,513,32,32,32,32,16,23,0,32,0.4609,65536,23552,0.6406,69,42.5,True
vgg16,__module.features.14/aten::_convolution/Convolution,6,514,32,32,32,32,18,23,0,32,0.4385,65536,26496,0.5957,71,48.0,True
vgg16,__module.features.14/aten::_convolution/Convolution,6,515,32,32,32,32,18,23,0,32,0.4385,65536,26496,0.5957,71,39.4,True
vgg16,__module.features.14/aten::_convolution/Convolution,6,516,32,32,32,32,15,23,0,32,0.4722,65536,22080,0.6631,68,39.7,True
vgg16,__module.features.14/aten::_convolution/Convolution,6,517,32,32,32,32,15,23,0,32,0.4722,65536,22080,0.6631,68,99.0,True
vgg16,__module.features.14/aten::_convolution/Convolution,6,518,32,32,32,32,17,23,0,32,0.4497,65536,25024,0.6182,70,39.3,True
vgg16,__module.features.14/aten::_convolution/Convolution,6,519,32,32,32,32,22,23,0,32,0.3936,65536,32384,0.5059,75,55.7,True
vgg16,__module.features.14/aten::_convolution/Convolution,6,520,32,32,32,32,20,23,0,32,0.416,65536,29440,0.5508,73,40.0,True
vgg16,__module.features.14/aten::_convolution/Convolution,6,521,32,32,32,32,16,23,0,32,0.4609,65536,23552,0.6406,69,42.5,True
vgg16,__module.features.14/aten::_convolution/Convolution,6,522,32,32,32,32,18,23,0,32,0.4385,65536,26496,0.5957,71,39.5,True
vgg16,__module.features.14/aten::_convolution/Convolution,6,523,32,32,32,32,18,23,0,32,0.4385,65536,26496,0.5957,71,91.6,True
vgg16,__module.features.14/aten::_convolution/Convolution,6,524,32,32,32,32,15,23,0,32,0.4722,65536,22080,0.6631,68,38.9,True
vgg16,__module.features.14/aten::_convolution/Convolution,6,525,32,32,32,32,15,23,0,32,0.4722,65536,22080,0.6631,68,39.8,True
vgg16,__module.features.14/aten::_convolution/Convolution,6,526,32,32,32,32,17,23,0,32,0.4497,65536,25024,0.6182,70,40.3,True
vgg16,__module.features.14/aten::_convolution/Convolution,6,527,32,32,32,32,22,23,0,32,0.3936,65536,32384,0.5059,75,177.9,True
vgg16,__module.features.14/aten::_convolution/Convolution,6,528,32,32,32,32,20,23,0,32,0.416,65536,29440,0.5508,73,39.2,True
vgg16,__module.features.14/aten::_convolution/Convolution,6,529,32,32,32,32,16,22,0,32,0.4844,65536,22528,0.6562,68,54.8,True
vgg16,__module.features.14/aten::_convolution/Convolution,6,530,32,32,32,32,18,22,0,32,0.4629,65536,25344,0.6133,70,164.7,True
vgg16,__module.features.14/aten::_convolution/Convolution,6,531,32,32,32,32,18,22,0,32,0.4629,65536,25344,0.6133,70,146.1,True
vgg16,__module.features.14/aten::_convolution/Convolution,6,532,32,32,32,32,15,22,0,32,0.4951,65536,21120,0.6777,67,42.4,True
vgg16,__module.features.14/aten::_convolution/Convolution,6,533,32,32,32,32,15,22,0,32,0.4951,65536,21120,0.6777,67,39.6,True
vgg16,__module.features.14/aten::_convolution/Convolution,6,534,32,32,32,32,17,22,0,32,0.4736,65536,23936,0.6348,69,105.6,True
vgg16,__module.features.14/aten::_convolution/Convolution,6,535,32,32,32,32,22,22,0,32,0.4199,65536,30976,0.5273,74,156.4,True
vgg16,__module.features.14/aten::_convolution/Convolution,6,536,32,32,32,32,20,22,0,32,0.4414,65536,28160,0.5703,72,64.2,True
vgg16,__module.features.14/aten::_convolution/Convolution,6,537,32,32,32,32,16,23,0,32,0.4609,65536,23552,0.6406,69,39.8,True
vgg16,__module.features.14/aten::_convolution/Convolution,6,538,32,32,32,32,18,23,0,32,0.4385,65536,26496,0.5957,71,39.3,True
vgg16,__module.features.14/aten::_convolution/Convolution,6,539,32,32,32,32,18,23,0,32,0.4385,65536,26496,0.5957,71,39.0,True
vgg16,__module.features.14/aten::_convolution/Convolution,6,540,32,32,32,32,15,23,0,32,0.4722,65536,22080,0.6631,68,39.0,True
vgg16,__module.features.14/aten::_convolution/Convolution,6,541,32,32,32,32,15,23,0,32,0.4722,65536,22080,0.6631,68,94.0,True
vgg16,__module.features.14/aten::_convolution/Convolution,6,542,32,32,32,32,17,23,0,32,0.4497,65536,25024,0.6182,70,128.8,True
vgg16,__module.features.14/aten::_convolution/Convolution,6,543,32,32,32,32,22,23,0,32,0.3936,65536,32384,0.5059,75,39.4,True
vgg16,__module.features.14/aten::_convolution/Convolution,6,544,32,32,32,32,20,23,0,32,0.416,65536,29440,0.5508,73,178.3,True
vgg16,__module.features.14/aten::_convolution/Convolution,6,545,32,32,32,32,16,22,0,32,0.4844,65536,22528,0.6562,68,41.4,True
vgg16,__module.features.14/aten::_convolution/Convolution,6,546,32,32,32,32,18,22,0,32,0.4629,65536,25344,0.6133,70,69.8,True
vgg16,__module.features.14/aten::_convolution/Convolution,6,547,32,32,32,32,18,22,0,32,0.4629,65536,25344,0.6133,70,43.6,True
vgg16,__module.features.14/aten::_convolution/Convolution,6,548,32,32,32,32,15,22,0,32,0.4951,65536,21120,0.6777,67,39.3,True
vgg16,__module.features.14/aten::_convolution/Convolution,6,549,32,32,32,32,15,22,0,32,0.4951,65536,21120,0.6777,67,38.8,True
vgg16,__module.features.14/aten::_convolution/Convolution,6,550,32,32,32,32,17,22,0,32,0.4736,65536,23936,0.6348,69,51.9,True
vgg16,__module.features.14/aten::_convolution/Convolution,6,551,32,32,32,32,22,22,0,32,0.4199,65536,30976,0.5273,74,38.7,True
vgg16,__module.features.14/aten::_convolution/Convolution,6,552,32,32,32,32,20,22,0,32,0.4414,65536,28160,0.5703,72,162.9,True
vgg16,__module.features.14/aten::_convolution/Convolution,6,553,32,32,32,32,16,23,0,32,0.4609,65536,23552,0.6406,69,46.4,True
vgg16,__module.features.14/aten::_convolution/Convolution,6,554,32,32,32,32,18,23,0,32,0.4385,65536,26496,0.5957,71,39.4,True
vgg16,__module.features.14/aten::_convolution/Convolution,6,555,32,32,32,32,18,23,0,32,0.4385,65536,26496,0.5957,71,62.6,True
vgg16,__module.features.14/aten::_convolution/Convolution,6,556,32,32,32,32,15,23,0,32,0.4722,65536,22080,0.6631,68,40.9,True
vgg16,__module.features.14/aten::_convolution/Convolution,6,557,32,32,32,32,15,23,0,32,0.4722,65536,22080,0.6631,68,39.1,True
vgg16,__module.features.14/aten::_convolution/Convolution,6,558,32,32,32,32,17,23,0,32,0.4497,65536,25024,0.6182,70,162.6,True
vgg16,__module.features.14/aten::_convolution/Convolution,6,559,32,32,32,32,22,23,0,32,0.3936,65536,32384,0.5059,75,38.9,True
vgg16,__module.features.14/aten::_convolution/Convolution,6,560,32,32,32,32,20,23,0,32,0.416,65536,29440,0.5508,73,47.6,True
vgg16,__module.features.14/aten::_convolution/Convolution,6,561,32,32,32,32,16,20,0,32,0.5312,65536,20480,0.6875,66,42.2,True
vgg16,__module.features.14/aten::_convolution/Convolution,6,562,32,32,32,32,18,20,0,32,0.5117,65536,23040,0.6484,68,69.0,True
vgg16,__module.features.14/aten::_convolution/Convolution,6,563,32,32,32,32,18,20,0,32,0.5117,65536,23040,0.6484,68,52.0,True
vgg16,__module.features.14/aten::_convolution/Convolution,6,564,32,32,32,32,15,20,0,32,0.541,65536,19200,0.707,65,38.4,True
vgg16,__module.features.14/aten::_convolution/Convolution,6,565,32,32,32,32,15,20,0,32,0.541,65536,19200,0.707,65,47.0,True
vgg16,__module.features.14/aten::_convolution/Convolution,6,566,32,32,32,32,17,20,0,32,0.5215,65536,21760,0.668,67,329.8,True
vgg16,__module.features.14/aten::_convolution/Convolution,6,567,32,32,32,32,22,20,0,32,0.4727,65536,28160,0.5703,72,39.4,True
vgg16,__module.features.14/aten::_convolution/Convolution,6,568,32,32,32,32,20,20,0,32,0.4922,65536,25600,0.6094,70,39.1,True
vgg16,__module.features.14/aten::_convolution/Convolution,6,569,32,32,32,32,16,23,0,32,0.4609,65536,23552,0.6406,69,38.1,True
vgg16,__module.features.14/aten::_convolution/Convolution,6,570,32,32,32,32,18,23,0,32,0.4385,65536,26496,0.5957,71,75.9,True
vgg16,__module.features.14/aten::_convolution/Convolution,6,571,32,32,32,32,18,23,0,32,0.4385,65536,26496,0.5957,71,86.0,True
vgg16,__module.features.14/aten::_convolution/Convolution,6,572,32,32,32,32,15,23,0,32,0.4722,65536,22080,0.6631,68,72.3,True
vgg16,__module.features.14/aten::_convolution/Convolution,6,573,32,32,32,32,15,23,0,32,0.4722,65536,22080,0.6631,68,363.8,True
vgg16,__module.features.14/aten::_convolution/Convolution,6,574,32,32,32,32,17,23,0,32,0.4497,65536,25024,0.6182,70,164.3,True
vgg16,__module.features.14/aten::_convolution/Convolution,6,575,32,32,32,32,22,23,0,32,0.3936,65536,32384,0.5059,75,39.4,True
vgg16,__module.features.14/aten::_convolution/Convolution,6,576,32,32,32,32,20,23,0,32,0.416,65536,29440,0.5508,73,39.4,True
vgg16,__module.features.14/aten::_convolution/Convolution,6,577,32,32,32,32,16,17,0,32,0.6016,65536,17408,0.7344,63,38.8,True
vgg16,__module.features.14/aten::_convolution/Convolution,6,578,32,32,32,32,18,17,0,32,0.585,65536,19584,0.7012,65,181.4,True
vgg16,__module.features.14/aten::_convolution/Convolution,6,579,32,32,32,32,18,17,0,32,0.585,65536,19584,0.7012,65,43.8,True
vgg16,__module.features.14/aten::_convolution/Convolution,6,580,32,32,32,32,15,17,0,32,0.6099,65536,16320,0.751,62,64.9,True
vgg16,__module.features.14/aten::_convolution/Convolution,6,581,32,32,32,32,15,17,0,32,0.6099,65536,16320,0.751,62,41.9,True
vgg16,__module.features.14/aten::_convolution/Convolution,6,582,32,32,32,32,17,17,0,32,0.5933,65536,18496,0.7178,64,39.1,True
vgg16,__module.features.14/aten::_convolution/Convolution,6,583,32,32,32,32,22,17,0,32,0.5518,65536,23936,0.6348,69,49.2,True
vgg16,__module.features.14/aten::_convolution/Convolution,6,584,32,32,32,32,20,17,0,32,0.5684,65536,21760,0.668,67,39.9,True
vgg16,__module.features.14/aten::_convolution/Convolution,6,585,32,32,32,32,16,23,0,32,0.4609,65536,23552,0.6406,69,50.1,True
vgg16,__module.features.14/aten::_convolution/Convolution,6,586,32,32,32,32,18,23,0,32,0.4385,65536,26496,0.5957,71,39.1,True
vgg16,__module.features.14/aten::_convolution/Convolution,6,587,32,32,32,32,18,23,0,32,0.4385,65536,26496,0.5957,71,41.4,True
vgg16,__module.features.14/aten::_convolution/Convolution,6,588,32,32,32,32,15,23,0,32,0.4722,65536,22080,0.6631,68,39.4,True
vgg16,__module.features.14/aten::_convolution/Convolution,6,589,32,32,32,32,15,23,0,32,0.4722,65536,22080,0.6631,68,40.1,True
vgg16,__module.features.14/aten::_convolution/Convolution,6,590,32,32,32,32,17,23,0,32,0.4497,65536,25024,0.6182,70,40.3,True
vgg16,__module.features.14/aten::_convolution/Convolution,6,591,32,32,32,32,22,23,0,32,0.3936,65536,32384,0.5059,75,49.7,True
vgg16,__module.features.14/aten::_convolution/Convolution,6,592,32,32,32,32,20,23,0,32,0.416,65536,29440,0.5508,73,53.5,True
vgg16,__module.features.14/aten::_convolution/Convolution,6,593,32,32,32,32,16,16,0,32,0.625,65536,16384,0.75,62,159.1,True
vgg16,__module.features.14/aten::_convolution/Convolution,6,594,32,32,32,32,18,16,0,32,0.6094,65536,18432,0.7188,64,42.0,True
vgg16,__module.features.14/aten::_convolution/Convolution,6,595,32,32,32,32,18,16,0,32,0.6094,65536,18432,0.7188,64,107.0,True
vgg16,__module.features.14/aten::_convolution/Convolution,6,596,32,32,32,32,15,16,0,32,0.6328,65536,15360,0.7656,61,67.2,True
vgg16,__module.features.14/aten::_convolution/Convolution,6,597,32,32,32,32,15,16,0,32,0.6328,65536,15360,0.7656,61,38.8,True
vgg16,__module.features.14/aten::_convolution/Convolution,6,598,32,32,32,32,17,16,0,32,0.6172,65536,17408,0.7344,63,45.6,True
vgg16,__module.features.14/aten::_convolution/Convolution,6,599,32,32,32,32,22,16,0,32,0.5781,65536,22528,0.6562,68,201.1,True
vgg16,__module.features.14/aten::_convolution/Convolution,6,600,32,32,32,32,20,16,0,32,0.5938,65536,20480,0.6875,66,117.4,True
vgg16,__module.features.14/aten::_convolution/Convolution,6,601,32,32,32,32,16,23,0,32,0.4609,65536,23552,0.6406,69,195.4,True
vgg16,__module.features.14/aten::_convolution/Convolution,6,602,32,32,32,32,18,23,0,32,0.4385,65536,26496,0.5957,71,54.6,True
vgg16,__module.features.14/aten::_convolution/Convolution,6,603,32,32,32,32,18,23,0,32,0.4385,65536,26496,0.5957,71,49.3,True
vgg16,__module.features.14/aten::_convolution/Convolution,6,604,32,32,32,32,15,23,0,32,0.4722,65536,22080,0.6631,68,39.3,True
vgg16,__module.features.14/aten::_convolution/Convolution,6,605,32,32,32,32,15,23,0,32,0.4722,65536,22080,0.6631,68,39.6,True
vgg16,__module.features.14/aten::_convolution/Convolution,6,606,32,32,32,32,17,23,0,32,0.4497,65536,25024,0.6182,70,51.9,True
vgg16,__module.features.14/aten::_convolution/Convolution,6,607,32,32,32,32,22,23,0,32,0.3936,65536,32384,0.5059,75,47.7,True
vgg16,__module.features.14/aten::_convolution/Convolution,6,608,32,32,32,32,20,23,0,32,0.416,65536,29440,0.5508,73,112.6,True
vgg16,__module.features.14/aten::_convolution/Convolution,6,609,32,32,32,32,16,20,0,32,0.5312,65536,20480,0.6875,66,38.5,True
vgg16,__module.features.14/aten::_convolution/Convolution,6,610,32,32,32,32,18,20,0,32,0.5117,65536,23040,0.6484,68,81.4,True
vgg16,__module.features.14/aten::_convolution/Convolution,6,611,32,32,32,32,18,20,0,32,0.5117,65536,23040,0.6484,68,49.1,True
vgg16,__module.features.14/aten::_convolution/Convolution,6,612,32,32,32,32,15,20,0,32,0.541,65536,19200,0.707,65,39.0,True
vgg16,__module.features.14/aten::_convolution/Convolution,6,613,32,32,32,32,15,20,0,32,0.541,65536,19200,0.707,65,71.3,True
vgg16,__module.features.14/aten::_convolution/Convolution,6,614,32,32,32,32,17,20,0,32,0.5215,65536,21760,0.668,67,47.6,True
vgg16,__module.features.14/aten::_convolution/Convolution,6,615,32,32,32,32,22,20,0,32,0.4727,65536,28160,0.5703,72,39.6,True
vgg16,__module.features.14/aten::_convolution/Convolution,6,616,32,32,32,32,20,20,0,32,0.4922,65536,25600,0.6094,70,38.9,True
vgg16,__module.features.14/aten::_convolution/Convolution,6,617,32,32,32,32,16,21,0,32,0.5078,65536,21504,0.6719,67,40.3,True
vgg16,__module.features.14/aten::_convolution/Convolution,6,618,32,32,32,32,18,21,0,32,0.4873,65536,24192,0.6309,69,113.2,True
vgg16,__module.features.14/aten::_convolution/Convolution,6,619,32,32,32,32,18,21,0,32,0.4873,65536,24192,0.6309,69,97.4,True
vgg16,__module.features.14/aten::_convolution/Convolution,6,620,32,32,32,32,15,21,0,32,0.5181,65536,20160,0.6924,66,39.1,True
vgg16,__module.features.14/aten::_convolution/Convolution,6,621,32,32,32,32,15,21,0,32,0.5181,65536,20160,0.6924,66,178.4,True
vgg16,__module.features.14/aten::_convolution/Convolution,6,622,32,32,32,32,17,21,0,32,0.4976,65536,22848,0.6514,68,43.0,True
vgg16,__module.features.14/aten::_convolution/Convolution,6,623,32,32,32,32,22,21,0,32,0.4463,65536,29568,0.5488,73,82.8,True
vgg16,__module.features.14/aten::_convolution/Convolution,6,624,32,32,32,32,20,21,0,32,0.4668,65536,26880,0.5898,71,156.3,True
vgg16,__module.features.14/aten::_convolution/Convolution,6,625,32,32,32,32,16,20,0,32,0.5312,65536,20480,0.6875,66,43.5,True
vgg16,__module.features.14/aten::_convolution/Convolution,6,626,32,32,32,32,18,20,0,32,0.5117,65536,23040,0.6484,68,38.1,True
vgg16,__module.features.14/aten::_convolution/Convolution,6,627,32,32,32,32,18,20,0,32,0.5117,65536,23040,0.6484,68,40.3,True
vgg16,__module.features.14/aten::_convolution/Convolution,6,628,32,32,32,32,15,20,0,32,0.541,65536,19200,0.707,65,129.1,True
vgg16,__module.features.14/aten::_convolution/Convolution,6,629,32,32,32,32,15,20,0,32,0.541,65536,19200,0.707,65,39.2,True
vgg16,__module.features.14/aten::_convolution/Convolution,6,630,32,32,32,32,17,20,0,32,0.5215,65536,21760,0.668,67,267.4,True
vgg16,__module.features.14/aten::_convolution/Convolution,6,631,32,32,32,32,22,20,0,32,0.4727,65536,28160,0.5703,72,39.8,True
vgg16,__module.features.14/aten::_convolution/Convolution,6,632,32,32,32,32,20,20,0,32,0.4922,65536,25600,0.6094,70,53.2,True
vgg16,__module.features.14/aten::_convolution/Convolution,6,633,32,32,32,32,16,14,0,32,0.6719,65536,14336,0.7812,60,84.5,True
vgg16,__module.features.14/aten::_convolution/Convolution,6,634,32,32,32,32,18,14,0,32,0.6582,65536,16128,0.7539,62,39.0,True
vgg16,__module.features.14/aten::_convolution/Convolution,6,635,32,32,32,32,18,14,0,32,0.6582,65536,16128,0.7539,62,38.6,True
vgg16,__module.features.14/aten::_convolution/Convolution,6,636,32,32,32,32,15,14,0,32,0.6787,65536,13440,0.7949,59,180.7,True
vgg16,__module.features.14/aten::_convolution/Convolution,6,637,32,32,32,32,15,14,0,32,0.6787,65536,13440,0.7949,59,39.3,True
vgg16,__module.features.14/aten::_convolution/Convolution,6,638,32,32,32,32,17,14,0,32,0.665,65536,15232,0.7676,61,40.0,True
vgg16,__module.features.14/aten::_convolution/Convolution,6,639,32,32,32,32,22,14,0,32,0.6309,65536,19712,0.6992,66,39.1,True
vgg16,__module.features.14/aten::_convolution/Convolution,6,640,32,32,32,32,20,14,0,32,0.6445,65536,17920,0.7266,64,38.4,True
vgg16,__module.features.14/aten::_convolution/Convolution,6,641,32,32,32,32,16,17,0,32,0.6016,65536,17408,0.7344,63,44.6,True
vgg16,__module.features.14/aten::_convolution/Convolution,6,642,32,32,32,32,18,17,0,32,0.585,65536,19584,0.7012,65,38.7,True
vgg16,__module.features.14/aten::_convolution/Convolution,6,643,32,32,32,32,18,17,0,32,0.585,65536,19584,0.7012,65,38.8,True
vgg16,__module.features.14/aten::_convolution/Convolution,6,644,32,32,32,32,15,17,0,32,0.6099,65536,16320,0.751,62,40.3,True
vgg16,__module.features.14/aten::_convolution/Convolution,6,645,32,32,32,32,15,17,0,32,0.6099,65536,16320,0.751,62,38.6,True
vgg16,__module.features.14/aten::_convolution/Convolution,6,646,32,32,32,32,17,17,0,32,0.5933,65536,18496,0.7178,64,39.8,True
vgg16,__module.features.14/aten::_convolution/Convolution,6,647,32,32,32,32,22,17,0,32,0.5518,65536,23936,0.6348,69,39.6,True
vgg16,__module.features.14/aten::_convolution/Convolution,6,648,32,32,32,32,20,17,0,32,0.5684,65536,21760,0.668,67,40.1,True
vgg16,__module.features.14/aten::_convolution/Convolution,6,649,32,32,32,32,16,17,0,32,0.6016,65536,17408,0.7344,63,38.7,True
vgg16,__module.features.14/aten::_convolution/Convolution,6,650,32,32,32,32,18,17,0,32,0.585,65536,19584,0.7012,65,43.7,True
vgg16,__module.features.14/aten::_convolution/Convolution,6,651,32,32,32,32,18,17,0,32,0.585,65536,19584,0.7012,65,43.1,True
vgg16,__module.features.14/aten::_convolution/Convolution,6,652,32,32,32,32,15,17,0,32,0.6099,65536,16320,0.751,62,69.2,True
vgg16,__module.features.14/aten::_convolution/Convolution,6,653,32,32,32,32,15,17,0,32,0.6099,65536,16320,0.751,62,97.4,True
vgg16,__module.features.14/aten::_convolution/Convolution,6,654,32,32,32,32,17,17,0,32,0.5933,65536,18496,0.7178,64,149.7,True
vgg16,__module.features.14/aten::_convolution/Convolution,6,655,32,32,32,32,22,17,0,32,0.5518,65536,23936,0.6348,69,40.1,True
vgg16,__module.features.14/aten::_convolution/Convolution,6,656,32,32,32,32,20,17,0,32,0.5684,65536,21760,0.668,67,128.4,True
vgg16,__module.features.14/aten::_convolution/Convolution,6,657,32,32,32,31,16,16,0,32,0.6328,65536,15872,0.7578,61,38.5,True
vgg16,__module.features.14/aten::_convolution/Convolution,6,658,32,32,32,31,18,16,0,32,0.6172,65536,17856,0.7275,63,139.8,True
vgg16,__module.features.14/aten::_convolution/Convolution,6,659,32,32,32,31,18,16,0,32,0.6172,65536,17856,0.7275,63,39.1,True
vgg16,__module.features.14/aten::_convolution/Convolution,6,660,32,32,32,31,15,16,0,32,0.6406,65536,14880,0.7729,60,53.6,True
vgg16,__module.features.14/aten::_convolution/Convolution,6,661,32,32,32,31,15,16,0,32,0.6406,65536,14880,0.7729,60,266.2,True
vgg16,__module.features.14/aten::_convolution/Convolution,6,662,32,32,32,31,17,16,0,32,0.625,65536,16864,0.7427,62,38.8,True
vgg16,__module.features.14/aten::_convolution/Convolution,6,663,32,32,32,31,22,16,0,32,0.5859,65536,21824,0.667,67,95.1,True
vgg16,__module.features.14/aten::_convolution/Convolution,6,664,32,32,32,31,20,16,0,32,0.6016,65536,19840,0.6973,65,65.4,True
vgg16,__module.features.14/aten::_convolution/Convolution,6,665,32,32,32,32,16,20,0,32,0.5312,65536,20480,0.6875,66,38.4,True
vgg16,__module.features.14/aten::_convolution/Convolution,6,666,32,32,32,32,18,20,0,32,0.5117,65536,23040,0.6484,68,72.3,True
vgg16,__module.features.14/aten::_convolution/Convolution,6,667,32,32,32,32,18,20,0,32,0.5117,65536,23040,0.6484,68,113.7,True
vgg16,__module.features.14/aten::_convolution/Convolution,6,668,32,32,32,32,15,20,0,32,0.541,65536,19200,0.707,65,39.2,True
vgg16,__module.features.14/aten::_convolution/Convolution,6,669,32,32,32,32,15,20,0,32,0.541,65536,19200,0.707,65,39.1,True
vgg16,__module.features.14/aten::_convolution/Convolution,6,670,32,32,32,32,17,20,0,32,0.5215,65536,21760,0.668,67,174.3,True
vgg16,__module.features.14/aten::_convolution/Convolution,6,671,32,32,32,32,22,20,0,32,0.4727,65536,28160,0.5703,72,40.0,True
vgg16,__module.features.14/aten::_convolution/Convolution,6,672,32,32,32,32,20,20,0,32,0.4922,65536,25600,0.6094,70,41.4,True
vgg16,__module.features.14/aten::_convolution/Convolution,6,673,32,32,32,32,16,14,0,32,0.6719,65536,14336,0.7812,60,37.9,True
vgg16,__module.features.14/aten::_convolution/Convolution,6,674,32,32,32,32,18,14,0,32,0.6582,65536,16128,0.7539,62,38.0,True
vgg16,__module.features.14/aten::_convolution/Convolution,6,675,32,32,32,32,18,14,0,32,0.6582,65536,16128,0.7539,62,47.0,True
vgg16,__module.features.14/aten::_convolution/Convolution,6,676,32,32,32,32,15,14,0,32,0.6787,65536,13440,0.7949,59,106.5,True
vgg16,__module.features.14/aten::_convolution/Convolution,6,677,32,32,32,32,15,14,0,32,0.6787,65536,13440,0.7949,59,85.9,True
vgg16,__module.features.14/aten::_convolution/Convolution,6,678,32,32,32,32,17,14,0,32,0.665,65536,15232,0.7676,61,53.3,True
vgg16,__module.features.14/aten::_convolution/Convolution,6,679,32,32,32,32,22,14,0,32,0.6309,65536,19712,0.6992,66,39.4,True
vgg16,__module.features.14/aten::_convolution/Convolution,6,680,32,32,32,32,20,14,0,32,0.6445,65536,17920,0.7266,64,38.4,True
vgg16,__module.features.14/aten::_convolution/Convolution,6,681,32,32,32,32,16,23,0,32,0.4609,65536,23552,0.6406,69,37.5,True
vgg16,__module.features.14/aten::_convolution/Convolution,6,682,32,32,32,32,18,23,0,32,0.4385,65536,26496,0.5957,71,138.1,True
vgg16,__module.features.14/aten::_convolution/Convolution,6,683,32,32,32,32,18,23,0,32,0.4385,65536,26496,0.5957,71,62.5,True
vgg16,__module.features.14/aten::_convolution/Convolution,6,684,32,32,32,32,15,23,0,32,0.4722,65536,22080,0.6631,68,39.5,True
vgg16,__module.features.14/aten::_convolution/Convolution,6,685,32,32,32,32,15,23,0,32,0.4722,65536,22080,0.6631,68,129.1,True
vgg16,__module.features.14/aten::_convolution/Convolution,6,686,32,32,32,32,17,23,0,32,0.4497,65536,25024,0.6182,70,39.0,True
vgg16,__module.features.14/aten::_convolution/Convolution,6,687,32,32,32,32,22,23,0,32,0.3936,65536,32384,0.5059,75,47.3,True
vgg16,__module.features.14/aten::_convolution/Convolution,6,688,32,32,32,32,20,23,0,32,0.416,65536,29440,0.5508,73,41.9,True
vgg16,__module.features.14/aten::_convolution/Convolution,6,689,32,32,32,32,16,14,0,32,0.6719,65536,14336,0.7812,60,38.4,True
vgg16,__module.features.14/aten::_convolution/Convolution,6,690,32,32,32,32,18,14,0,32,0.6582,65536,16128,0.7539,62,177.6,True
vgg16,__module.features.14/aten::_convolution/Convolution,6,691,32,32,32,32,18,14,0,32,0.6582,65536,16128,0.7539,62,42.9,True
vgg16,__module.features.14/aten::_convolution/Convolution,6,692,32,32,32,32,15,14,0,32,0.6787,65536,13440,0.7949,59,38.5,True
vgg16,__module.features.14/aten::_convolution/Convolution,6,693,32,32,32,32,15,14,0,32,0.6787,65536,13440,0.7949,59,39.0,True
vgg16,__module.features.14/aten::_convolution/Convolution,6,694,32,32,32,32,17,14,0,32,0.665,65536,15232,0.7676,61,178.7,True
vgg16,__module.features.14/aten::_convolution/Convolution,6,695,32,32,32,32,22,14,0,32,0.6309,65536,19712,0.6992,66,60.0,True
vgg16,__module.features.14/aten::_convolution/Convolution,6,696,32,32,32,32,20,14,0,32,0.6445,65536,17920,0.7266,64,89.8,True
vgg16,__module.features.14/aten::_convolution/Convolution,6,697,32,32,32,32,16,22,0,32,0.4844,65536,22528,0.6562,68,47.8,True
vgg16,__module.features.14/aten::_convolution/Convolution,6,698,32,32,32,32,18,22,0,32,0.4629,65536,25344,0.6133,70,56.3,True
vgg16,__module.features.14/aten::_convolution/Convolution,6,699,32,32,32,32,18,22,0,32,0.4629,65536,25344,0.6133,70,182.2,True
vgg16,__module.features.14/aten::_convolution/Convolution,6,700,32,32,32,32,15,22,0,32,0.4951,65536,21120,0.6777,67,39.5,True
vgg16,__module.features.14/aten::_convolution/Convolution,6,701,32,32,32,32,15,22,0,32,0.4951,65536,21120,0.6777,67,39.4,True
vgg16,__module.features.14/aten::_convolution/Convolution,6,702,32,32,32,32,17,22,0,32,0.4736,65536,23936,0.6348,69,40.1,True
vgg16,__module.features.14/aten::_convolution/Convolution,6,703,32,32,32,32,22,22,0,32,0.4199,65536,30976,0.5273,74,230.3,True
vgg16,__module.features.14/aten::_convolution/Convolution,6,704,32,32,32,32,20,22,0,32,0.4414,65536,28160,0.5703,72,39.4,True
vgg16,__module.features.14/aten::_convolution/Convolution,6,705,32,32,32,32,16,17,0,32,0.6016,65536,17408,0.7344,63,41.1,True
vgg16,__module.features.14/aten::_convolution/Convolution,6,706,32,32,32,32,18,17,0,32,0.585,65536,19584,0.7012,65,85.5,True
vgg16,__module.features.14/aten::_convolution/Convolution,6,707,32,32,32,32,18,17,0,32,0.585,65536,19584,0.7012,65,45.4,True
vgg16,__module.features.14/aten::_convolution/Convolution,6,708,32,32,32,32,15,17,0,32,0.6099,65536,16320,0.751,62,96.3,True
vgg16,__module.features.14/aten::_convolution/Convolution,6,709,32,32,32,32,15,17,0,32,0.6099,65536,16320,0.751,62,39.0,True
vgg16,__module.features.14/aten::_convolution/Convolution,6,710,32,32,32,32,17,17,0,32,0.5933,65536,18496,0.7178,64,38.9,True
vgg16,__module.features.14/aten::_convolution/Convolution,6,711,32,32,32,32,22,17,0,32,0.5518,65536,23936,0.6348,69,105.2,True
vgg16,__module.features.14/aten::_convolution/Convolution,6,712,32,32,32,32,20,17,0,32,0.5684,65536,21760,0.668,67,39.4,True
vgg16,__module.features.14/aten::_convolution/Convolution,6,713,32,32,32,32,16,21,0,32,0.5078,65536,21504,0.6719,67,56.5,True
vgg16,__module.features.14/aten::_convolution/Convolution,6,714,32,32,32,32,18,21,0,32,0.4873,65536,24192,0.6309,69,72.5,True
vgg16,__module.features.14/aten::_convolution/Convolution,6,715,32,32,32,32,18,21,0,32,0.4873,65536,24192,0.6309,69,56.3,True
vgg16,__module.features.14/aten::_convolution/Convolution,6,716,32,32,32,32,15,21,0,32,0.5181,65536,20160,0.6924,66,38.3,True
vgg16,__module.features.14/aten::_convolution/Convolution,6,717,32,32,32,32,15,21,0,32,0.5181,65536,20160,0.6924,66,39.2,True
vgg16,__module.features.14/aten::_convolution/Convolution,6,718,32,32,32,32,17,21,0,32,0.4976,65536,22848,0.6514,68,38.6,True
vgg16,__module.features.14/aten::_convolution/Convolution,6,719,32,32,32,32,22,21,0,32,0.4463,65536,29568,0.5488,73,43.8,True
vgg16,__module.features.14/aten::_convolution/Convolution,6,720,32,32,32,32,20,21,0,32,0.4668,65536,26880,0.5898,71,39.4,True
vgg16,__module.features.14/aten::_convolution/Convolution,6,721,32,32,32,32,16,20,0,32,0.5312,65536,20480,0.6875,66,150.4,True
vgg16,__module.features.14/aten::_convolution/Convolution,6,722,32,32,32,32,18,20,0,32,0.5117,65536,23040,0.6484,68,38.0,True
vgg16,__module.features.14/aten::_convolution/Convolution,6,723,32,32,32,32,18,20,0,32,0.5117,65536,23040,0.6484,68,57.0,True
vgg16,__module.features.14/aten::_convolution/Convolution,6,724,32,32,32,32,15,20,0,32,0.541,65536,19200,0.707,65,39.2,True
vgg16,__module.features.14/aten::_convolution/Convolution,6,725,32,32,32,32,15,20,0,32,0.541,65536,19200,0.707,65,39.5,True
vgg16,__module.features.14/aten::_convolution/Convolution,6,726,32,32,32,32,17,20,0,32,0.5215,65536,21760,0.668,67,40.6,True
vgg16,__module.features.14/aten::_convolution/Convolution,6,727,32,32,32,32,22,20,0,32,0.4727,65536,28160,0.5703,72,38.9,True
vgg16,__module.features.14/aten::_convolution/Convolution,6,728,32,32,32,32,20,20,0,32,0.4922,65536,25600,0.6094,70,92.5,True
vgg16,__module.features.14/aten::_convolution/Convolution,6,729,32,32,32,32,16,17,0,32,0.6016,65536,17408,0.7344,63,38.4,True
vgg16,__module.features.14/aten::_convolution/Convolution,6,730,32,32,32,32,18,17,0,32,0.585,65536,19584,0.7012,65,91.0,True
vgg16,__module.features.14/aten::_convolution/Convolution,6,731,32,32,32,32,18,17,0,32,0.585,65536,19584,0.7012,65,38.8,True
vgg16,__module.features.14/aten::_convolution/Convolution,6,732,32,32,32,32,15,17,0,32,0.6099,65536,16320,0.751,62,39.1,True
vgg16,__module.features.14/aten::_convolution/Convolution,6,733,32,32,32,32,15,17,0,32,0.6099,65536,16320,0.751,62,137.5,True
vgg16,__module.features.14/aten::_convolution/Convolution,6,734,32,32,32,32,17,17,0,32,0.5933,65536,18496,0.7178,64,39.5,True
vgg16,__module.features.14/aten::_convolution/Convolution,6,735,32,32,32,32,22,17,0,32,0.5518,65536,23936,0.6348,69,38.9,True
vgg16,__module.features.14/aten::_convolution/Convolution,6,736,32,32,32,32,20,17,0,32,0.5684,65536,21760,0.668,67,128.3,True
vgg16,__module.features.14/aten::_convolution/Convolution,6,737,32,32,32,32,16,23,0,32,0.4609,65536,23552,0.6406,69,47.6,True
vgg16,__module.features.14/aten::_convolution/Convolution,6,738,32,32,32,32,18,23,0,32,0.4385,65536,26496,0.5957,71,149.7,True
vgg16,__module.features.14/aten::_convolution/Convolution,6,739,32,32,32,32,18,23,0,32,0.4385,65536,26496,0.5957,71,128.7,True
vgg16,__module.features.14/aten::_convolution/Convolution,6,740,32,32,32,32,15,23,0,32,0.4722,65536,22080,0.6631,68,38.9,True
vgg16,__module.features.14/aten::_convolution/Convolution,6,741,32,32,32,32,15,23,0,32,0.4722,65536,22080,0.6631,68,42.5,True
vgg16,__module.features.14/aten::_convolution/Convolution,6,742,32,32,32,32,17,23,0,32,0.4497,65536,25024,0.6182,70,153.3,True
vgg16,__module.features.14/aten::_convolution/Convolution,6,743,32,32,32,32,22,23,0,32,0.3936,65536,32384,0.5059,75,192.5,True
vgg16,__module.features.14/aten::_convolution/Convolution,6,744,32,32,32,32,20,23,0,32,0.416,65536,29440,0.5508,73,38.7,True
vgg16,__module.features.14/aten::_convolution/Convolution,6,745,32,32,32,32,16,20,0,32,0.5312,65536,20480,0.6875,66,38.1,True
vgg16,__module.features.14/aten::_convolution/Convolution,6,746,32,32,32,32,18,20,0,32,0.5117,65536,23040,0.6484,68,52.2,True
vgg16,__module.features.14/aten::_convolution/Convolution,6,747,32,32,32,32,18,20,0,32,0.5117,65536,23040,0.6484,68,41.3,True
vgg16,__module.features.14/aten::_convolution/Convolution,6,748,32,32,32,32,15,20,0,32,0.541,65536,19200,0.707,65,40.5,True
vgg16,__module.features.14/aten::_convolution/Convolution,6,749,32,32,32,32,15,20,0,32,0.541,65536,19200,0.707,65,43.6,True
vgg16,__module.features.14/aten::_convolution/Convolution,6,750,32,32,32,32,17,20,0,32,0.5215,65536,21760,0.668,67,55.5,True
vgg16,__module.features.14/aten::_convolution/Convolution,6,751,32,32,32,32,22,20,0,32,0.4727,65536,28160,0.5703,72,49.5,True
vgg16,__module.features.14/aten::_convolution/Convolution,6,752,32,32,32,32,20,20,0,32,0.4922,65536,25600,0.6094,70,204.2,True
vgg16,__module.features.14/aten::_convolution/Convolution,6,753,32,32,32,32,16,23,0,32,0.4609,65536,23552,0.6406,69,40.5,True
vgg16,__module.features.14/aten::_convolution/Convolution,6,754,32,32,32,32,18,23,0,32,0.4385,65536,26496,0.5957,71,112.6,True
vgg16,__module.features.14/aten::_convolution/Convolution,6,755,32,32,32,32,18,23,0,32,0.4385,65536,26496,0.5957,71,39.6,True
vgg16,__module.features.14/aten::_convolution/Convolution,6,756,32,32,32,32,15,23,0,32,0.4722,65536,22080,0.6631,68,149.4,True
vgg16,__module.features.14/aten::_convolution/Convolution,6,757,32,32,32,32,15,23,0,32,0.4722,65536,22080,0.6631,68,86.8,True
vgg16,__module.features.14/aten::_convolution/Convolution,6,758,32,32,32,32,17,23,0,32,0.4497,65536,25024,0.6182,70,44.6,True
vgg16,__module.features.14/aten::_convolution/Convolution,6,759,32,32,32,32,22,23,0,32,0.3936,65536,32384,0.5059,75,39.4,True
vgg16,__module.features.14/aten::_convolution/Convolution,6,760,32,32,32,32,20,23,0,32,0.416,65536,29440,0.5508,73,40.2,True
vgg16,__module.features.14/aten::_convolution/Convolution,6,761,32,32,32,32,16,17,0,32,0.6016,65536,17408,0.7344,63,41.8,True
vgg16,__module.features.14/aten::_convolution/Convolution,6,762,32,32,32,32,18,17,0,32,0.585,65536,19584,0.7012,65,40.4,True
vgg16,__module.features.14/aten::_convolution/Convolution,6,763,32,32,32,32,18,17,0,32,0.585,65536,19584,0.7012,65,39.6,True
vgg16,__module.features.14/aten::_convolution/Convolution,6,764,32,32,32,32,15,17,0,32,0.6099,65536,16320,0.751,62,50.3,True
vgg16,__module.features.14/aten::_convolution/Convolution,6,765,32,32,32,32,15,17,0,32,0.6099,65536,16320,0.751,62,37.5,True
vgg16,__module.features.14/aten::_convolution/Convolution,6,766,32,32,32,32,17,17,0,32,0.5933,65536,18496,0.7178,64,460.8,True
vgg16,__module.features.14/aten::_convolution/Convolution,6,767,32,32,32,32,22,17,0,32,0.5518,65536,23936,0.6348,69,40.4,True
vgg16,__module.features.14/aten::_convolution/Convolution,6,768,32,32,32,32,20,17,0,32,0.5684,65536,21760,0.668,67,105.3,True
vgg16,__module.features.14/aten::_convolution/Convolution,6,769,32,32,32,31,16,20,0,32,0.541,65536,19840,0.6973,65,52.2,True
vgg16,__module.features.14/aten::_convolution/Convolution,6,770,32,32,32,31,18,20,0,32,0.5215,65536,22320,0.6594,67,47.8,True
vgg16,__module.features.14/aten::_convolution/Convolution,6,771,32,32,32,31,18,20,0,32,0.5215,65536,22320,0.6594,67,99.4,True
vgg16,__module.features.14/aten::_convolution/Convolution,6,772,32,32,32,31,15,20,0,32,0.5508,65536,18600,0.7162,64,39.0,True
vgg16,__module.features.14/aten::_convolution/Convolution,6,773,32,32,32,31,15,20,0,32,0.5508,65536,18600,0.7162,64,38.2,True
vgg16,__module.features.14/aten::_convolution/Convolution,6,774,32,32,32,31,17,20,0,32,0.5312,65536,21080,0.6783,66,53.5,True
vgg16,__module.features.14/aten::_convolution/Convolution,6,775,32,32,32,31,22,20,0,32,0.4824,65536,27280,0.5837,71,164.4,True
vgg16,__module.features.14/aten::_convolution/Convolution,6,776,32,32,32,31,20,20,0,32,0.502,65536,24800,0.6216,69,39.1,True
vgg16,__module.features.14/aten::_convolution/Convolution,6,777,32,32,32,32,16,14,0,32,0.6719,65536,14336,0.7812,60,54.1,True
vgg16,__module.features.14/aten::_convolution/Convolution,6,778,32,32,32,32,18,14,0,32,0.6582,65536,16128,0.7539,62,39.9,True
vgg16,__module.features.14/aten::_convolution/Convolution,6,779,32,32,32,32,18,14,0,32,0.6582,65536,16128,0.7539,62,39.2,True
vgg16,__module.features.14/aten::_convolution/Convolution,6,780,32,32,32,32,15,14,0,32,0.6787,65536,13440,0.7949,59,78.8,True
vgg16,__module.features.14/aten::_convolution/Convolution,6,781,32,32,32,32,15,14,0,32,0.6787,65536,13440,0.7949,59,60.6,True
vgg16,__module.features.14/aten::_convolution/Convolution,6,782,32,32,32,32,17,14,0,32,0.665,65536,15232,0.7676,61,45.7,True
vgg16,__module.features.14/aten::_convolution/Convolution,6,783,32,32,32,32,22,14,0,32,0.6309,65536,19712,0.6992,66,39.5,True
vgg16,__module.features.14/aten::_convolution/Convolution,6,784,32,32,32,32,20,14,0,32,0.6445,65536,17920,0.7266,64,39.3,True
vgg16,__module.features.12/aten::_convolution/Convolution,7,1,32,32,32,20,13,6,0,32,0.9033,65536,3120,0.9524,37,39.3,True
vgg16,__module.features.12/aten::_convolution/Convolution,7,2,32,32,32,20,19,6,0,32,0.8857,65536,4560,0.9304,43,171.3,True
vgg16,__module.features.12/aten::_convolution/Convolution,7,3,32,32,32,20,16,6,0,32,0.8945,65536,3840,0.9414,40,41.9,True
vgg16,__module.features.12/aten::_convolution/Convolution,7,4,32,32,32,20,15,6,0,32,0.8975,65536,3600,0.9451,39,179.5,True
vgg16,__module.features.12/aten::_convolution/Convolution,7,5,32,32,32,20,21,6,0,32,0.8799,65536,5040,0.9231,45,53.0,True
vgg16,__module.features.12/aten::_convolution/Convolution,7,6,32,32,32,20,22,6,0,32,0.877,65536,5280,0.9194,46,53.0,True
vgg16,__module.features.12/aten::_convolution/Convolution,7,7,32,32,32,20,16,6,0,32,0.8945,65536,3840,0.9414,40,39.1,True
vgg16,__module.features.12/aten::_convolution/Convolution,7,8,32,32,32,20,19,6,0,32,0.8857,65536,4560,0.9304,43,39.3,True
vgg16,__module.features.12/aten::_convolution/Convolution,7,9,32,32,32,23,13,6,0,32,0.8945,65536,3588,0.9453,40,77.6,True
vgg16,__module.features.12/aten::_convolution/Convolution,7,10,32,32,32,23,19,6,0,32,0.877,65536,5244,0.92,46,39.6,True
vgg16,__module.features.12/aten::_convolution/Convolution,7,11,32,32,32,23,16,6,0,32,0.8857,65536,4416,0.9326,43,55.9,True
vgg16,__module.features.12/aten::_convolution/Convolution,7,12,32,32,32,23,15,6,0,32,0.8887,65536,4140,0.9368,42,84.3,True
vgg16,__module.features.12/aten::_convolution/Convolution,7,13,32,32,32,23,21,6,0,32,0.8711,65536,5796,0.9116,48,38.4,True
vgg16,__module.features.12/aten::_convolution/Convolution,7,14,32,32,32,23,22,6,0,32,0.8682,65536,6072,0.9073,49,39.2,True
vgg16,__module.features.12/aten::_convolution/Convolution,7,15,32,32,32,23,16,6,0,32,0.8857,65536,4416,0.9326,43,50.4,True
vgg16,__module.features.12/aten::_convolution/Convolution,7,16,32,32,32,23,19,6,0,32,0.877,65536,5244,0.92,46,38.2,True
vgg16,__module.features.12/aten::_convolution/Convolution,7,17,32,32,32,19,13,9,0,32,0.8594,65536,4446,0.9322,39,76.4,True
vgg16,__module.features.12/aten::_convolution/Convolution,7,18,32,32,32,19,19,9,0,32,0.833,65536,6498,0.9008,45,40.2,True
vgg16,__module.features.12/aten::_convolution/Convolution,7,19,32,32,32,19,16,9,0,32,0.8462,65536,5472,0.9165,42,119.0,True
vgg16,__module.features.12/aten::_convolution/Convolution,7,20,32,32,32,19,15,9,0,32,0.8506,65536,5130,0.9217,41,39.5,True
vgg16,__module.features.12/aten::_convolution/Convolution,7,21,32,32,32,19,21,9,0,32,0.8242,65536,7182,0.8904,47,37.8,True
vgg16,__module.features.12/aten::_convolution/Convolution,7,22,32,32,32,19,22,9,0,32,0.8198,65536,7524,0.8852,48,39.3,True
vgg16,__module.features.12/aten::_convolution/Convolution,7,23,32,32,32,19,16,9,0,32,0.8462,65536,5472,0.9165,42,38.4,True
vgg16,__module.features.12/aten::_convolution/Convolution,7,24,32,32,32,19,19,9,0,32,0.833,65536,6498,0.9008,45,38.8,True
vgg16,__module.features.12/aten::_convolution/Convolution,7,25,32,32,32,28,13,9,0,32,0.8198,65536,6552,0.9,48,38.8,True
vgg16,__module.features.12/aten::_convolution/Convolution,7,26,32,32,32,28,19,9,0,32,0.7935,65536,9576,0.8539,54,104.0,True
vgg16,__module.features.12/aten::_convolution/Convolution,7,27,32,32,32,28,16,9,0,32,0.8066,65536,8064,0.877,51,48.1,True
vgg16,__module.features.12/aten::_convolution/Convolution,7,28,32,32,32,28,15,9,0,32,0.811,65536,7560,0.8846,50,42.7,True
vgg16,__module.features.12/aten::_convolution/Convolution,7,29,32,32,32,28,21,9,0,32,0.7847,65536,10584,0.8385,56,147.9,True
vgg16,__module.features.12/aten::_convolution/Convolution,7,30,32,32,32,28,22,9,0,32,0.7803,65536,11088,0.8308,57,56.5,True
vgg16,__module.features.12/aten::_convolution/Convolution,7,31,32,32,32,28,16,9,0,32,0.8066,65536,8064,0.877,51,39.2,True
vgg16,__module.features.12/aten::_convolution/Convolution,7,32,32,32,32,28,19,9,0,32,0.7935,65536,9576,0.8539,54,180.7,True
vgg16,__module.features.12/aten::_convolution/Convolution,7,33,32,32,32,16,13,9,1,16,0.8726,65536,3744,0.9429,36,41.5,True
vgg16,__module.features.12/aten::_convolution/Convolution,7,34,32,32,32,16,19,9,0,32,0.8462,65536,5472,0.9165,42,39.1,True
vgg16,__module.features.12/aten::_convolution/Convolution,7,35,32,32,32,16,16,9,1,16,0.8594,65536,4608,0.9297,39,41.4,True
vgg16,__module.features.12/aten::_convolution/Convolution,7,36,32,32,32,16,15,9,1,16,0.8638,65536,4320,0.9341,38,38.8,True
vgg16,__module.features.12/aten::_convolution/Convolution,7,37,32,32,32,16,21,9,0,32,0.8374,65536,6048,0.9077,44,401.3,True
vgg16,__module.features.12/aten::_convolution/Convolution,7,38,32,32,32,16,22,9,0,32,0.833,65536,6336,0.9033,45,82.8,True
vgg16,__module.features.12/aten::_convolution/Convolution,7,39,32,32,32,16,16,9,1,16,0.8594,65536,4608,0.9297,39,58.7,True
vgg16,__module.features.12/aten::_convolution/Convolution,7,40,32,32,32,16,19,9,0,32,0.8462,65536,5472,0.9165,42,178.4,True
vgg16,__module.features.12/aten::_convolution/Convolution,7,41,32,32,32,21,13,9,0,32,0.8506,65536,4914,0.925,41,39.8,True
vgg16,__module.features.12/aten::_convolution/Convolution,7,42,32,32,32,21,19,9,0,32,0.8242,65536,7182,0.8904,47,39.1,True
vgg16,__module.features.12/aten::_convolution/Convolution,7,43,32,32,32,21,16,9,0,32,0.8374,65536,6048,0.9077,44,163.2,True
vgg16,__module.features.12/aten::_convolution/Convolution,7,44,32,32,32,21,15,9,0,32,0.8418,65536,5670,0.9135,43,38.5,True
vgg16,__module.features.12/aten::_convolution/Convolution,7,45,32,32,32,21,21,9,0,32,0.8154,65536,7938,0.8789,49,58.9,True
vgg16,__module.features.12/aten::_convolution/Convolution,7,46,32,32,32,21,22,9,0,32,0.811,65536,8316,0.8731,50,37.4,True
vgg16,__module.features.12/aten::_convolution/Convolution,7,47,32,32,32,21,16,9,0,32,0.8374,65536,6048,0.9077,44,38.2,True
vgg16,__module.features.12/aten::_convolution/Convolution,7,48,32,32,32,21,19,9,0,32,0.8242,65536,7182,0.8904,47,38.1,True
vgg16,__module.features.12/aten::_convolution/Convolution,7,49,32,32,32,21,13,9,0,32,0.8506,65536,4914,0.925,41,38.5,True
vgg16,__module.features.12/aten::_convolution/Convolution,7,50,32,32,32,21,19,9,0,32,0.8242,65536,7182,0.8904,47,45.7,True
vgg16,__module.features.12/aten::_convolution/Convolution,7,51,32,32,32,21,16,9,0,32,0.8374,65536,6048,0.9077,44,40.0,True
vgg16,__module.features.12/aten::_convolution/Convolution,7,52,32,32,32,21,15,9,0,32,0.8418,65536,5670,0.9135,43,149.4,True
vgg16,__module.features.12/aten::_convolution/Convolution,7,53,32,32,32,21,21,9,0,32,0.8154,65536,7938,0.8789,49,49.6,True
vgg16,__module.features.12/aten::_convolution/Convolution,7,54,32,32,32,21,22,9,0,32,0.811,65536,8316,0.8731,50,43.4,True
vgg16,__module.features.12/aten::_convolution/Convolution,7,55,32,32,32,21,16,9,0,32,0.8374,65536,6048,0.9077,44,38.5,True
vgg16,__module.features.12/aten::_convolution/Convolution,7,56,32,32,32,21,19,9,0,32,0.8242,65536,7182,0.8904,47,49.7,True
vgg16,__module.features.12/aten::_convolution/Convolution,7,57,32,32,32,16,13,9,1,16,0.8726,65536,3744,0.9429,36,185.6,True
vgg16,__module.features.12/aten::_convolution/Convolution,7,58,32,32,32,16,19,9,0,32,0.8462,65536,5472,0.9165,42,120.8,True
vgg16,__module.features.12/aten::_convolution/Convolution,7,59,32,32,32,16,16,9,1,16,0.8594,65536,4608,0.9297,39,76.0,True
vgg16,__module.features.12/aten::_convolution/Convolution,7,60,32,32,32,16,15,9,1,16,0.8638,65536,4320,0.9341,38,52.3,True
vgg16,__module.features.12/aten::_convolution/Convolution,7,61,32,32,32,16,21,9,0,32,0.8374,65536,6048,0.9077,44,60.3,True
vgg16,__module.features.12/aten::_convolution/Convolution,7,62,32,32,32,16,22,9,0,32,0.833,65536,6336,0.9033,45,39.7,True
vgg16,__module.features.12/aten::_convolution/Convolution,7,63,32,32,32,16,16,9,1,16,0.8594,65536,4608,0.9297,39,178.5,True
vgg16,__module.features.12/aten::_convolution/Convolution,7,64,32,32,32,16,19,9,0,32,0.8462,65536,5472,0.9165,42,52.1,True
vgg16,__module.features.12/aten::_convolution/Convolution,7,65,32,32,32,19,13,9,0,32,0.8594,65536,4446,0.9322,39,125.8,True
vgg16,__module.features.12/aten::_convolution/Convolution,7,66,32,32,32,19,19,9,0,32,0.833,65536,6498,0.9008,45,39.0,True
vgg16,__module.features.12/aten::_convolution/Convolution,7,67,32,32,32,19,16,9,0,32,0.8462,65536,5472,0.9165,42,38.5,True
vgg16,__module.features.12/aten::_convolution/Convolution,7,68,32,32,32,19,15,9,0,32,0.8506,65536,5130,0.9217,41,179.4,True
vgg16,__module.features.12/aten::_convolution/Convolution,7,69,32,32,32,19,21,9,0,32,0.8242,65536,7182,0.8904,47,60.9,True
vgg16,__module.features.12/aten::_convolution/Convolution,7,70,32,32,32,19,22,9,0,32,0.8198,65536,7524,0.8852,48,39.2,True
vgg16,__module.features.12/aten::_convolution/Convolution,7,71,32,32,32,19,16,9,0,32,0.8462,65536,5472,0.9165,42,163.1,True
vgg16,__module.features.12/aten::_convolution/Convolution,7,72,32,32,32,19,19,9,0,32,0.833,65536,6498,0.9008,45,136.7,True
vgg16,__module.features.12/aten::_convolution/Convolution,7,73,32,32,32,14,13,9,1,16,0.8813,65536,3276,0.95,34,38.2,True
vgg16,__module.features.12/aten::_convolution/Convolution,7,74,32,32,32,14,19,9,0,32,0.855,65536,4788,0.9269,40,81.1,True
vgg16,__module.features.12/aten::_convolution/Convolution,7,75,32,32,32,14,16,9,1,16,0.8682,65536,4032,0.9385,37,40.0,True
vgg16,__module.features.12/aten::_convolution/Convolution,7,76,32,32,32,14,15,9,1,16,0.8726,65536,3780,0.9423,36,77.6,True
vgg16,__module.features.12/aten::_convolution/Convolution,7,77,32,32,32,14,21,9,0,32,0.8462,65536,5292,0.9193,42,38.7,True
vgg16,__module.features.12/aten::_convolution/Convolution,7,78,32,32,32,14,22,9,0,32,0.8418,65536,5544,0.9154,43,40.3,True
vgg16,__module.features.12/aten::_convolution/Convolution,7,79,32,32,32,14,16,9,1,16,0.8682,65536,4032,0.9385,37,40.0,True
vgg16,__module.features.12/aten::_convolution/Convolution,7,80,32,32,32,14,19,9,0,32,0.855,65536,4788,0.9269,40,45.5,True
vgg16,__module.features.12/aten::_convolution/Convolution,7,81,32,32,32,18,13,9,0,32,0.8638,65536,4212,0.9357,38,159.0,True
vgg16,__module.features.12/aten::_convolution/Convolution,7,82,32,32,32,18,19,9,0,32,0.8374,65536,6156,0.9061,44,140.5,True
vgg16,__module.features.12/aten::_convolution/Convolution,7,83,32,32,32,18,16,9,0,32,0.8506,65536,5184,0.9209,41,38.4,True
vgg16,__module.features.12/aten::_convolution/Convolution,7,84,32,32,32,18,15,9,0,32,0.855,65536,4860,0.9258,40,39.4,True
vgg16,__module.features.12/aten::_convolution/Convolution,7,85,32,32,32,18,21,9,0,32,0.8286,65536,6804,0.8962,46,50.3,True
vgg16,__module.features.12/aten::_convolution/Convolution,7,86,32,32,32,18,22,9,0,32,0.8242,65536,7128,0.8912,47,39.0,True
vgg16,__module.features.12/aten::_convolution/Convolution,7,87,32,32,32,18,16,9,0,32,0.8506,65536,5184,0.9209,41,94.4,True
vgg16,__module.features.12/aten::_convolution/Convolution,7,88,32,32,32,18,19,9,0,32,0.8374,65536,6156,0.9061,44,232.6,True
vgg16,__module.features.12/aten::_convolution/Convolution,7,89,32,32,32,13,13,9,1,16,0.8857,65536,3042,0.9536,33,63.2,True
vgg16,__module.features.12/aten::_convolution/Convolution,7,90,32,32,32,13,19,9,0,32,0.8594,65536,4446,0.9322,39,37.6,True
vgg16,__module.features.12/aten::_convolution/Convolution,7,91,32,32,32,13,16,9,1,16,0.8726,65536,3744,0.9429,36,180.1,True
vgg16,__module.features.12/aten::_convolution/Convolution,7,92,32,32,32,13,15,9,1,16,0.877,65536,3510,0.9464,35,49.8,True
vgg16,__module.features.12/aten::_convolution/Convolution,7,93,32,32,32,13,21,9,0,32,0.8506,65536,4914,0.925,41,38.5,True
vgg16,__module.features.12/aten::_convolution/Convolution,7,94,32,32,32,13,22,9,0,32,0.8462,65536,5148,0.9214,42,39.3,True
vgg16,__module.features.12/aten::_convolution/Convolution,7,95,32,32,32,13,16,9,1,16,0.8726,65536,3744,0.9429,36,39.6,True
vgg16,__module.features.12/aten::_convolution/Convolution,7,96,32,32,32,13,19,9,0,32,0.8594,65536,4446,0.9322,39,179.5,True
vgg16,__module.features.12/aten::_convolution/Convolution,7,97,32,32,32,15,13,9,1,16,0.877,65536,3510,0.9464,35,38.6,True
vgg16,__module.features.12/aten::_convolution/Convolution,7,98,32,32,32,15,19,9,0,32,0.8506,65536,5130,0.9217,41,51.1,True
vgg16,__module.features.12/aten::_convolution/Convolution,7,99,32,32,32,15,16,9,1,16,0.8638,65536,4320,0.9341,38,42.9,True
vgg16,__module.features.12/aten::_convolution/Convolution,7,100,32,32,32,15,15,9,1,16,0.8682,65536,4050,0.9382,37,48.5,True
vgg16,__module.features.12/aten::_convolution/Convolution,7,101,32,32,32,15,21,9,0,32,0.8418,65536,5670,0.9135,43,39.4,True
vgg16,__module.features.12/aten::_convolution/Convolution,7,102,32,32,32,15,22,9,0,32,0.8374,65536,5940,0.9094,44,38.7,True
vgg16,__module.features.12/aten::_convolution/Convolution,7,103,32,32,32,15,16,9,1,16,0.8638,65536,4320,0.9341,38,70.0,True
vgg16,__module.features.12/aten::_convolution/Convolution,7,104,32,32,32,15,19,9,0,32,0.8506,65536,5130,0.9217,41,39.4,True
vgg16,__module.features.12/aten::_convolution/Convolution,7,105,32,32,32,15,13,9,1,16,0.877,65536,3510,0.9464,35,50.0,True
vgg16,__module.features.12/aten::_convolution/Convolution,7,106,32,32,32,15,19,9,0,32,0.8506,65536,5130,0.9217,41,37.7,True
vgg16,__module.features.12/aten::_convolution/Convolution,7,107,32,32,32,15,16,9,1,16,0.8638,65536,4320,0.9341,38,106.3,True
vgg16,__module.features.12/aten::_convolution/Convolution,7,108,32,32,32,15,15,9,1,16,0.8682,65536,4050,0.9382,37,40.1,True
vgg16,__module.features.12/aten::_convolution/Convolution,7,109,32,32,32,15,21,9,0,32,0.8418,65536,5670,0.9135,43,47.8,True
vgg16,__module.features.12/aten::_convolution/Convolution,7,110,32,32,32,15,22,9,0,32,0.8374,65536,5940,0.9094,44,38.3,True
vgg16,__module.features.12/aten::_convolution/Convolution,7,111,32,32,32,15,16,9,1,16,0.8638,65536,4320,0.9341,38,42.7,True
vgg16,__module.features.12/aten::_convolution/Convolution,7,112,32,32,32,15,19,9,0,32,0.8506,65536,5130,0.9217,41,38.2,True
vgg16,__module.features.12/aten::_convolution/Convolution,7,113,32,32,32,7,13,6,1,16,0.9414,65536,1092,0.9833,24,38.0,True
vgg16,__module.features.12/aten::_convolution/Convolution,7,114,32,32,32,7,19,6,0,32,0.9238,65536,1596,0.9756,30,40.2,True
vgg16,__module.features.12/aten::_convolution/Convolution,7,115,32,32,32,7,16,6,1,16,0.9326,65536,1344,0.9795,27,64.4,True
vgg16,__module.features.12/aten::_convolution/Convolution,7,116,32,32,32,7,15,6,1,16,0.9355,65536,1260,0.9808,26,53.4,True
vgg16,__module.features.12/aten::_convolution/Convolution,7,117,32,32,32,7,21,6,0,32,0.918,65536,1764,0.9731,32,77.9,True
vgg16,__module.features.12/aten::_convolution/Convolution,7,118,32,32,32,7,22,6,0,32,0.915,65536,1848,0.9718,33,39.2,True
vgg16,__module.features.12/aten::_convolution/Convolution,7,119,32,32,32,7,16,6,1,16,0.9326,65536,1344,0.9795,27,39.4,True
vgg16,__module.features.12/aten::_convolution/Convolution,7,120,32,32,32,7,19,6,0,32,0.9238,65536,1596,0.9756,30,53.5,True
vgg16,__module.features.12/aten::_convolution/Convolution,7,121,32,32,32,14,13,9,1,16,0.8813,65536,3276,0.95,34,55.0,True
vgg16,__module.features.12/aten::_convolution/Convolution,7,122,32,32,32,14,19,9,0,32,0.855,65536,4788,0.9269,40,38.6,True
vgg16,__module.features.12/aten::_convolution/Convolution,7,123,32,32,32,14,16,9,1,16,0.8682,65536,4032,0.9385,37,39.6,True
vgg16,__module.features.12/aten::_convolution/Convolution,7,124,32,32,32,14,15,9,1,16,0.8726,65536,3780,0.9423,36,39.1,True
vgg16,__module.features.12/aten::_convolution/Convolution,7,125,32,32,32,14,21,9,0,32,0.8462,65536,5292,0.9193,42,224.9,True
vgg16,__module.features.12/aten::_convolution/Convolution,7,126,32,32,32,14,22,9,0,32,0.8418,65536,5544,0.9154,43,38.7,True
vgg16,__module.features.12/aten::_convolution/Convolution,7,127,32,32,32,14,16,9,1,16,0.8682,65536,4032,0.9385,37,38.8,True
vgg16,__module.features.12/aten::_convolution/Convolution,7,128,32,32,32,14,19,9,0,32,0.855,65536,4788,0.9269,40,84.6,True
vgg16,__module.features.12/aten::_convolution/Convolution,7,129,32,32,32,6,13,3,1,16,0.9722,65536,468,0.9929,20,48.7,True
vgg16,__module.features.12/aten::_convolution/Convolution,7,130,32,32,32,6,19,3,0,32,0.9634,65536,684,0.9896,26,199.0,True
vgg16,__module.features.12/aten::_convolution/Convolution,7,131,32,32,32,6,16,3,1,16,0.9678,65536,576,0.9912,23,39.6,True
vgg16,__module.features.12/aten::_convolution/Convolution,7,132,32,32,32,6,15,3,1,16,0.9692,65536,540,0.9918,22,60.3,True
vgg16,__module.features.12/aten::_convolution/Convolution,7,133,32,32,32,6,21,3,0,32,0.9604,65536,756,0.9885,28,40.0,True
vgg16,__module.features.12/aten::_convolution/Convolution,7,134,32,32,32,6,22,3,0,32,0.959,65536,792,0.9879,29,53.5,True
vgg16,__module.features.12/aten::_convolution/Convolution,7,135,32,32,32,6,16,3,1,16,0.9678,65536,576,0.9912,23,58.7,True
vgg16,__module.features.12/aten::_convolution/Convolution,7,136,32,32,32,6,19,3,0,32,0.9634,65536,684,0.9896,26,78.0,True
vgg16,__module.features.12/aten::_convolution/Convolution,7,137,32,32,32,12,13,9,1,16,0.8901,65536,2808,0.9572,32,93.8,True
vgg16,__module.features.12/aten::_convolution/Convolution,7,138,32,32,32,12,19,9,0,32,0.8638,65536,4104,0.9374,38,136.3,True
vgg16,__module.features.12/aten::_convolution/Convolution,7,139,32,32,32,12,16,9,1,16,0.877,65536,3456,0.9473,35,388.3,True
vgg16,__module.features.12/aten::_convolution/Convolution,7,140,32,32,32,12,15,9,1,16,0.8813,65536,3240,0.9506,34,39.5,True
vgg16,__module.features.12/aten::_convolution/Convolution,7,141,32,32,32,12,21,9,0,32,0.855,65536,4536,0.9308,40,37.7,True
vgg16,__module.features.12/aten::_convolution/Convolution,7,142,32,32,32,12,22,9,0,32,0.8506,65536,4752,0.9275,41,40.0,True
vgg16,__module.features.12/aten::_convolution/Convolution,7,143,32,32,32,12,16,9,1,16,0.877,65536,3456,0.9473,35,58.0,True
vgg16,__module.features.12/aten::_convolution/Convolution,7,144,32,32,32,12,19,9,0,32,0.8638,65536,4104,0.9374,38,100.2,True
vgg16,__module.features.12/aten::_convolution/Convolution,7,145,32,32,32,7,13,9,1,16,0.9121,65536,1638,0.975,27,39.1,True
vgg16,__module.features.12/aten::_convolution/Convolution,7,146,32,32,32,7,19,9,0,32,0.8857,65536,2394,0.9635,33,39.0,True
vgg16,__module.features.12/aten::_convolution/Convolution,7,147,32,32,32,7,16,9,1,16,0.8989,65536,2016,0.9692,30,38.5,True
vgg16,__module.features.12/aten::_convolution/Convolution,7,148,32,32,32,7,15,9,1,16,0.9033,65536,1890,0.9712,29,40.0,True
vgg16,__module.features.12/aten::_convolution/Convolution,7,149,32,32,32,7,21,9,0,32,0.877,65536,2646,0.9596,35,179.4,True
vgg16,__module.features.12/aten::_convolution/Convolution,7,150,32,32,32,7,22,9,0,32,0.8726,65536,2772,0.9577,36,39.1,True
vgg16,__module.features.12/aten::_convolution/Convolution,7,151,32,32,32,7,16,9,1,16,0.8989,65536,2016,0.9692,30,194.7,True
vgg16,__module.features.12/aten::_convolution/Convolution,7,152,32,32,32,7,19,9,0,32,0.8857,65536,2394,0.9635,33,37.6,True
vgg16,__module.features.12/aten::_convolution/Convolution,7,153,32,32,32,8,13,9,1,16,0.9077,65536,1872,0.9714,28,48.4,True
vgg16,__module.features.12/aten::_convolution/Convolution,7,154,32,32,32,8,19,9,0,32,0.8813,65536,2736,0.9583,34,38.3,True
vgg16,__module.features.12/aten::_convolution/Convolution,7,155,32,32,32,8,16,9,1,16,0.8945,65536,2304,0.9648,31,53.5,True
vgg16,__module.features.12/aten::_convolution/Convolution,7,156,32,32,32,8,15,9,1,16,0.8989,65536,2160,0.967,30,181.9,True
vgg16,__module.features.12/aten::_convolution/Convolution,7,157,32,32,32,8,21,9,0,32,0.8726,65536,3024,0.9539,36,116.8,True
vgg16,__module.features.12/aten::_convolution/Convolution,7,158,32,32,32,8,22,9,0,32,0.8682,65536,3168,0.9517,37,39.0,True
vgg16,__module.features.12/aten::_convolution/Convolution,7,159,32,32,32,8,16,9,1,16,0.8945,65536,2304,0.9648,31,38.8,True
vgg16,__module.features.12/aten::_convolution/Convolution,7,160,32,32,32,8,19,9,0,32,0.8813,65536,2736,0.9583,34,120.9,True
vgg16,__module.features.12/aten::_convolution/Convolution,7,161,32,32,32,14,13,9,1,16,0.8813,65536,3276,0.95,34,87.4,True
vgg16,__module.features.12/aten::_convolution/Convolution,7,162,32,32,32,14,19,9,0,32,0.855,65536,4788,0.9269,40,38.4,True
vgg16,__module.features.12/aten::_convolution/Convolution,7,163,32,32,32,14,16,9,1,16,0.8682,65536,4032,0.9385,37,70.6,True
vgg16,__module.features.12/aten::_convolution/Convolution,7,164,32,32,32,14,15,9,1,16,0.8726,65536,3780,0.9423,36,148.0,True
vgg16,__module.features.12/aten::_convolution/Convolution,7,165,32,32,32,14,21,9,0,32,0.8462,65536,5292,0.9193,42,178.0,True
vgg16,__module.features.12/aten::_convolution/Convolution,7,166,32,32,32,14,22,9,0,32,0.8418,65536,5544,0.9154,43,86.5,True
vgg16,__module.features.12/aten::_convolution/Convolution,7,167,32,32,32,14,16,9,1,16,0.8682,65536,4032,0.9385,37,38.6,True
vgg16,__module.features.12/aten::_convolution/Convolution,7,168,32,32,32,14,19,9,0,32,0.855,65536,4788,0.9269,40,53.1,True
vgg16,__module.features.12/aten::_convolution/Convolution,7,177,32,32,32,9,13,6,1,16,0.9355,65536,1404,0.9786,26,38.2,True
vgg16,__module.features.12/aten::_convolution/Convolution,7,178,32,32,32,9,19,6,0,32,0.918,65536,2052,0.9687,32,39.3,True
vgg16,__module.features.12/aten::_convolution/Convolution,7,179,32,32,32,9,16,6,1,16,0.9268,65536,1728,0.9736,29,164.0,True
vgg16,__module.features.12/aten::_convolution/Convolution,7,180,32,32,32,9,15,6,1,16,0.9297,65536,1620,0.9753,28,132.8,True
vgg16,__module.features.12/aten::_convolution/Convolution,7,181,32,32,32,9,21,6,0,32,0.9121,65536,2268,0.9654,34,181.9,True
vgg16,__module.features.12/aten::_convolution/Convolution,7,182,32,32,32,9,22,6,0,32,0.9092,65536,2376,0.9637,35,71.7,True
vgg16,__module.features.12/aten::_convolution/Convolution,7,183,32,32,32,9,16,6,1,16,0.9268,65536,1728,0.9736,29,41.8,True
vgg16,__module.features.12/aten::_convolution/Convolution,7,184,32,32,32,9,19,6,0,32,0.918,65536,2052,0.9687,32,45.3,True
vgg16,__module.features.12/aten::_convolution/Convolution,7,185,32,32,32,3,13,3,1,16,0.9766,65536,234,0.9964,17,49.8,True
vgg16,__module.features.12/aten::_convolution/Convolution,7,186,32,32,32,3,19,3,0,32,0.9678,65536,342,0.9948,23,37.4,True
vgg16,__module.features.12/aten::_convolution/Convolution,7,187,32,32,32,3,16,3,1,16,0.9722,65536,288,0.9956,20,38.9,True
vgg16,__module.features.12/aten::_convolution/Convolution,7,188,32,32,32,3,15,3,1,16,0.9736,65536,270,0.9959,19,49.3,True
vgg16,__module.features.12/aten::_convolution/Convolution,7,189,32,32,32,3,21,3,0,32,0.9648,65536,378,0.9942,25,75.0,True
vgg16,__module.features.12/aten::_convolution/Convolution,7,190,32,32,32,3,22,3,0,32,0.9634,65536,396,0.994,26,38.5,True
vgg16,__module.features.12/aten::_convolution/Convolution,7,191,32,32,32,3,16,3,1,16,0.9722,65536,288,0.9956,20,197.2,True
vgg16,__module.features.12/aten::_convolution/Convolution,7,192,32,32,32,3,19,3,0,32,0.9678,65536,342,0.9948,23,56.0,True
vgg16,__module.features.12/aten::_convolution/Convolution,7,193,32,32,32,4,13,3,1,16,0.9751,65536,312,0.9952,18,62.3,True
vgg16,__module.features.12/aten::_convolution/Convolution,7,194,32,32,32,4,19,3,0,32,0.9663,65536,456,0.993,24,58.9,True
vgg16,__module.features.12/aten::_convolution/Convolution,7,195,32,32,32,4,16,3,1,16,0.9707,65536,384,0.9941,21,196.9,True
vgg16,__module.features.12/aten::_convolution/Convolution,7,196,32,32,32,4,15,3,1,16,0.9722,65536,360,0.9945,20,113.4,True
vgg16,__module.features.12/aten::_convolution/Convolution,7,197,32,32,32,4,21,3,0,32,0.9634,65536,504,0.9923,26,64.7,True
vgg16,__module.features.12/aten::_convolution/Convolution,7,198,32,32,32,4,22,3,0,32,0.9619,65536,528,0.9919,27,39.5,True
vgg16,__module.features.12/aten::_convolution/Convolution,7,199,32,32,32,4,16,3,1,16,0.9707,65536,384,0.9941,21,54.4,True
vgg16,__module.features.12/aten::_convolution/Convolution,7,200,32,32,32,4,19,3,0,32,0.9663,65536,456,0.993,24,42.0,True
vgg16,__module.features.12/aten::_convolution/Convolution,7,201,32,32,32,3,13,3,1,16,0.9766,65536,234,0.9964,17,49.6,True
vgg16,__module.features.12/aten::_convolution/Convolution,7,202,32,32,32,3,19,3,0,32,0.9678,65536,342,0.9948,23,46.6,True
vgg16,__module.features.12/aten::_convolution/Convolution,7,203,32,32,32,3,16,3,1,16,0.9722,65536,288,0.9956,20,177.8,True
vgg16,__module.features.12/aten::_convolution/Convolution,7,204,32,32,32,3,15,3,1,16,0.9736,65536,270,0.9959,19,40.9,True
vgg16,__module.features.12/aten::_convolution/Convolution,7,205,32,32,32,3,21,3,0,32,0.9648,65536,378,0.9942,25,55.8,True
vgg16,__module.features.12/aten::_convolution/Convolution,7,206,32,32,32,3,22,3,0,32,0.9634,65536,396,0.994,26,38.7,True
vgg16,__module.features.12/aten::_convolution/Convolution,7,207,32,32,32,3,16,3,1,16,0.9722,65536,288,0.9956,20,68.8,True
vgg16,__module.features.12/aten::_convolution/Convolution,7,208,32,32,32,3,19,3,0,32,0.9678,65536,342,0.9948,23,37.4,True
vgg16,__module.features.12/aten::_convolution/Convolution,7,209,32,32,32,6,13,3,1,16,0.9722,65536,468,0.9929,20,47.6,True
vgg16,__module.features.12/aten::_convolution/Convolution,7,210,32,32,32,6,19,3,0,32,0.9634,65536,684,0.9896,26,39.4,True
vgg16,__module.features.12/aten::_convolution/Convolution,7,211,32,32,32,6,16,3,1,16,0.9678,65536,576,0.9912,23,46.8,True
vgg16,__module.features.12/aten::_convolution/Convolution,7,212,32,32,32,6,15,3,1,16,0.9692,65536,540,0.9918,22,137.9,True
vgg16,__module.features.12/aten::_convolution/Convolution,7,213,32,32,32,6,21,3,0,32,0.9604,65536,756,0.9885,28,37.9,True
vgg16,__module.features.12/aten::_convolution/Convolution,7,214,32,32,32,6,22,3,0,32,0.959,65536,792,0.9879,29,45.2,True
vgg16,__module.features.12/aten::_convolution/Convolution,7,215,32,32,32,6,16,3,1,16,0.9678,65536,576,0.9912,23,139.3,True
vgg16,__module.features.12/aten::_convolution/Convolution,7,216,32,32,32,6,19,3,0,32,0.9634,65536,684,0.9896,26,37.8,True
vgg16,__module.features.12/aten::_convolution/Convolution,7,225,32,32,32,6,13,6,1,16,0.9443,65536,936,0.9857,23,61.6,True
vgg16,__module.features.12/aten::_convolution/Convolution,7,226,32,32,32,6,19,6,0,32,0.9268,65536,1368,0.9791,29,67.0,True
vgg16,__module.features.12/aten::_convolution/Convolution,7,227,32,32,32,6,16,6,1,16,0.9355,65536,1152,0.9824,26,39.7,True
vgg16,__module.features.12/aten::_convolution/Convolution,7,228,32,32,32,6,15,6,1,16,0.9385,65536,1080,0.9835,25,42.7,True
vgg16,__module.features.12/aten::_convolution/Convolution,7,229,32,32,32,6,21,6,0,32,0.9209,65536,1512,0.9769,31,37.8,True
vgg16,__module.features.12/aten::_convolution/Convolution,7,230,32,32,32,6,22,6,0,32,0.918,65536,1584,0.9758,32,178.4,True
vgg16,__module.features.12/aten::_convolution/Convolution,7,231,32,32,32,6,16,6,1,16,0.9355,65536,1152,0.9824,26,177.7,True
vgg16,__module.features.12/aten::_convolution/Convolution,7,232,32,32,32,6,19,6,0,32,0.9268,65536,1368,0.9791,29,154.8,True
vgg16,__module.features.12/aten::_convolution/Convolution,7,233,32,32,32,6,13,3,1,16,0.9722,65536,468,0.9929,20,38.7,True
vgg16,__module.features.12/aten::_convolution/Convolution,7,234,32,32,32,6,19,3,0,32,0.9634,65536,684,0.9896,26,79.6,True
vgg16,__module.features.12/aten::_convolution/Convolution,7,235,32,32,32,6,16,3,1,16,0.9678,65536,576,0.9912,23,39.0,True
vgg16,__module.features.12/aten::_convolution/Convolution,7,236,32,32,32,6,15,3,1,16,0.9692,65536,540,0.9918,22,39.0,True
vgg16,__module.features.12/aten::_convolution/Convolution,7,237,32,32,32,6,21,3,0,32,0.9604,65536,756,0.9885,28,38.7,True
vgg16,__module.features.12/aten::_convolution/Convolution,7,238,32,32,32,6,22,3,0,32,0.959,65536,792,0.9879,29,113.8,True
vgg16,__module.features.12/aten::_convolution/Convolution,7,239,32,32,32,6,16,3,1,16,0.9678,65536,576,0.9912,23,198.8,True
vgg16,__module.features.12/aten::_convolution/Convolution,7,240,32,32,32,6,19,3,0,32,0.9634,65536,684,0.9896,26,37.9,True
vgg16,__module.features.12/aten::_convolution/Convolution,7,241,32,32,32,9,13,6,1,16,0.9355,65536,1404,0.9786,26,47.6,True
vgg16,__module.features.12/aten::_convolution/Convolution,7,242,32,32,32,9,19,6,0,32,0.918,65536,2052,0.9687,32,221.4,True
vgg16,__module.features.12/aten::_convolution/Convolution,7,243,32,32,32,9,16,6,1,16,0.9268,65536,1728,0.9736,29,134.5,True
vgg16,__module.features.12/aten::_convolution/Convolution,7,244,32,32,32,9,15,6,1,16,0.9297,65536,1620,0.9753,28,40.3,True
vgg16,__module.features.12/aten::_convolution/Convolution,7,245,32,32,32,9,21,6,0,32,0.9121,65536,2268,0.9654,34,148.6,True
vgg16,__module.features.12/aten::_convolution/Convolution,7,246,32,32,32,9,22,6,0,32,0.9092,65536,2376,0.9637,35,41.0,True
vgg16,__module.features.12/aten::_convolution/Convolution,7,247,32,32,32,9,16,6,1,16,0.9268,65536,1728,0.9736,29,39.0,True
vgg16,__module.features.12/aten::_convolution/Convolution,7,248,32,32,32,9,19,6,0,32,0.918,65536,2052,0.9687,32,39.8,True
vgg16,__module.features.12/aten::_convolution/Convolution,7,249,32,32,32,12,13,9,1,16,0.8901,65536,2808,0.9572,32,43.6,True
vgg16,__module.features.12/aten::_convolution/Convolution,7,250,32,32,32,12,19,9,0,32,0.8638,65536,4104,0.9374,38,52.0,True
vgg16,__module.features.12/aten::_convolution/Convolution,7,251,32,32,32,12,16,9,1,16,0.877,65536,3456,0.9473,35,38.6,True
vgg16,__module.features.12/aten::_convolution/Convolution,7,252,32,32,32,12,15,9,1,16,0.8813,65536,3240,0.9506,34,38.3,True
vgg16,__module.features.12/aten::_convolution/Convolution,7,253,32,32,32,12,21,9,0,32,0.855,65536,4536,0.9308,40,38.2,True
vgg16,__module.features.12/aten::_convolution/Convolution,7,254,32,32,32,12,22,9,0,32,0.8506,65536,4752,0.9275,41,42.7,True
vgg16,__module.features.12/aten::_convolution/Convolution,7,255,32,32,32,12,16,9,1,16,0.877,65536,3456,0.9473,35,49.9,True
vgg16,__module.features.12/aten::_convolution/Convolution,7,256,32,32,32,12,19,9,0,32,0.8638,65536,4104,0.9374,38,37.8,True
vgg16,__module.features.12/aten::_convolution/Convolution,7,257,32,32,32,9,13,9,1,16,0.9033,65536,2106,0.9679,29,199.6,True
vgg16,__module.features.12/aten::_convolution/Convolution,7,258,32,32,32,9,19,9,0,32,0.877,65536,3078,0.953,35,52.4,True
vgg16,__module.features.12/aten::_convolution/Convolution,7,259,32,32,32,9,16,9,1,16,0.8901,65536,2592,0.9604,32,174.3,True
vgg16,__module.features.12/aten::_convolution/Convolution,7,260,32,32,32,9,15,9,1,16,0.8945,65536,2430,0.9629,31,44.0,True
vgg16,__module.features.12/aten::_convolution/Convolution,7,261,32,32,32,9,21,9,0,32,0.8682,65536,3402,0.9481,37,39.2,True
vgg16,__module.features.12/aten::_convolution/Convolution,7,262,32,32,32,9,22,9,0,32,0.8638,65536,3564,0.9456,38,68.6,True
vgg16,__module.features.12/aten::_convolution/Convolution,7,263,32,32,32,9,16,9,1,16,0.8901,65536,2592,0.9604,32,39.9,True
vgg16,__module.features.12/aten::_convolution/Convolution,7,264,32,32,32,9,19,9,0,32,0.877,65536,3078,0.953,35,91.2,True
vgg16,__module.features.12/aten::_convolution/Convolution,7,265,32,32,32,5,13,3,1,16,0.9736,65536,390,0.994,19,49.7,True
vgg16,__module.features.12/aten::_convolution/Convolution,7,266,32,32,32,5,19,3,0,32,0.9648,65536,570,0.9913,25,38.9,True
vgg16,__module.features.12/aten::_convolution/Convolution,7,267,32,32,32,5,16,3,1,16,0.9692,65536,480,0.9927,22,69.9,True
vgg16,__module.features.12/aten::_convolution/Convolution,7,268,32,32,32,5,15,3,1,16,0.9707,65536,450,0.9931,21,161.3,True
vgg16,__module.features.12/aten::_convolution/Convolution,7,269,32,32,32,5,21,3,0,32,0.9619,65536,630,0.9904,27,38.1,True
vgg16,__module.features.12/aten::_convolution/Convolution,7,270,32,32,32,5,22,3,0,32,0.9604,65536,660,0.9899,28,39.6,True
vgg16,__module.features.12/aten::_convolution/Convolution,7,271,32,32,32,5,16,3,1,16,0.9692,65536,480,0.9927,22,39.5,True
vgg16,__module.features.12/aten::_convolution/Convolution,7,272,32,32,32,5,19,3,0,32,0.9648,65536,570,0.9913,25,37.8,True
vgg16,__module.features.12/aten::_convolution/Convolution,7,273,32,32,32,14,13,9,1,16,0.8813,65536,3276,0.95,34,176.2,True
vgg16,__module.features.12/aten::_convolution/Convolution,7,274,32,32,32,14,19,9,0,32,0.855,65536,4788,0.9269,40,63.6,True
vgg16,__module.features.12/aten::_convolution/Convolution,7,275,32,32,32,14,16,9,1,16,0.8682,65536,4032,0.9385,37,39.5,True
vgg16,__module.features.12/aten::_convolution/Convolution,7,276,32,32,32,14,15,9,1,16,0.8726,65536,3780,0.9423,36,201.5,True
vgg16,__module.features.12/aten::_convolution/Convolution,7,277,32,32,32,14,21,9,0,32,0.8462,65536,5292,0.9193,42,38.8,True
vgg16,__module.features.12/aten::_convolution/Convolution,7,278,32,32,32,14,22,9,0,32,0.8418,65536,5544,0.9154,43,38.4,True
vgg16,__module.features.12/aten::_convolution/Convolution,7,279,32,32,32,14,16,9,1,16,0.8682,65536,4032,0.9385,37,39.3,True
vgg16,__module.features.12/aten::_convolution/Convolution,7,280,32,32,32,14,19,9,0,32,0.855,65536,4788,0.9269,40,43.7,True
vgg16,__module.features.12/aten::_convolution/Convolution,7,281,32,32,32,12,13,6,1,16,0.9268,65536,1872,0.9714,29,195.1,True
vgg16,__module.features.12/aten::_convolution/Convolution,7,282,32,32,32,12,19,6,0,32,0.9092,65536,2736,0.9583,35,50.4,True
vgg16,__module.features.12/aten::_convolution/Convolution,7,283,32,32,32,12,16,6,1,16,0.918,65536,2304,0.9648,32,194.7,True
vgg16,__module.features.12/aten::_convolution/Convolution,7,284,32,32,32,12,15,6,1,16,0.9209,65536,2160,0.967,31,207.8,True
vgg16,__module.features.12/aten::_convolution/Convolution,7,285,32,32,32,12,21,6,0,32,0.9033,65536,3024,0.9539,37,39.0,True
vgg16,__module.features.12/aten::_convolution/Convolution,7,286,32,32,32,12,22,6,0,32,0.9004,65536,3168,0.9517,38,39.1,True
vgg16,__module.features.12/aten::_convolution/Convolution,7,287,32,32,32,12,16,6,1,16,0.918,65536,2304,0.9648,32,56.9,True
vgg16,__module.features.12/aten::_convolution/Convolution,7,288,32,32,32,12,19,6,0,32,0.9092,65536,2736,0.9583,35,39.8,True
vgg16,__module.features.12/aten::_convolution/Convolution,7,289,32,32,32,16,13,9,1,16,0.8726,65536,3744,0.9429,36,216.3,True
vgg16,__module.features.12/aten::_convolution/Convolution,7,290,32,32,32,16,19,9,0,32,0.8462,65536,5472,0.9165,42,69.9,True
vgg16,__module.features.12/aten::_convolution/Convolution,7,291,32,32,32,16,16,9,1,16,0.8594,65536,4608,0.9297,39,53.2,True
vgg16,__module.features.12/aten::_convolution/Convolution,7,292,32,32,32,16,15,9,1,16,0.8638,65536,4320,0.9341,38,39.5,True
vgg16,__module.features.12/aten::_convolution/Convolution,7,293,32,32,32,16,21,9,0,32,0.8374,65536,6048,0.9077,44,38.5,True
vgg16,__module.features.12/aten::_convolution/Convolution,7,294,32,32,32,16,22,9,0,32,0.833,65536,6336,0.9033,45,40.2,True
vgg16,__module.features.12/aten::_convolution/Convolution,7,295,32,32,32,16,16,9,1,16,0.8594,65536,4608,0.9297,39,61.9,True
vgg16,__module.features.12/aten::_convolution/Convolution,7,296,32,32,32,16,19,9,0,32,0.8462,65536,5472,0.9165,42,45.3,True
vgg16,__module.features.12/aten::_convolution/Convolution,7,297,32,32,32,16,13,9,1,16,0.8726,65536,3744,0.9429,36,174.5,True
vgg16,__module.features.12/aten::_convolution/Convolution,7,298,32,32,32,16,19,9,0,32,0.8462,65536,5472,0.9165,42,132.4,True
vgg16,__module.features.12/aten::_convolution/Convolution,7,299,32,32,32,16,16,9,1,16,0.8594,65536,4608,0.9297,39,41.8,True
vgg16,__module.features.12/aten::_convolution/Convolution,7,300,32,32,32,16,15,9,1,16,0.8638,65536,4320,0.9341,38,38.2,True
vgg16,__module.features.12/aten::_convolution/Convolution,7,301,32,32,32,16,21,9,0,32,0.8374,65536,6048,0.9077,44,39.7,True
vgg16,__module.features.12/aten::_convolution/Convolution,7,302,32,32,32,16,22,9,0,32,0.833,65536,6336,0.9033,45,181.4,True
vgg16,__module.features.12/aten::_convolution/Convolution,7,303,32,32,32,16,16,9,1,16,0.8594,65536,4608,0.9297,39,38.9,True
vgg16,__module.features.12/aten::_convolution/Convolution,7,304,32,32,32,16,19,9,0,32,0.8462,65536,5472,0.9165,42,55.2,True
vgg16,__module.features.12/aten::_convolution/Convolution,7,305,32,32,32,11,13,9,1,16,0.8945,65536,2574,0.9607,31,38.1,True
vgg16,__module.features.12/aten::_convolution/Convolution,7,306,32,32,32,11,19,9,0,32,0.8682,65536,3762,0.9426,37,196.1,True
vgg16,__module.features.12/aten::_convolution/Convolution,7,307,32,32,32,11,16,9,1,16,0.8813,65536,3168,0.9517,34,39.4,True
vgg16,__module.features.12/aten::_convolution/Convolution,7,308,32,32,32,11,15,9,1,16,0.8857,65536,2970,0.9547,33,38.8,True
vgg16,__module.features.12/aten::_convolution/Convolution,7,309,32,32,32,11,21,9,0,32,0.8594,65536,4158,0.9366,39,38.0,True
vgg16,__module.features.12/aten::_convolution/Convolution,7,310,32,32,32,11,22,9,0,32,0.855,65536,4356,0.9335,40,39.1,True
vgg16,__module.features.12/aten::_convolution/Convolution,7,311,32,32,32,11,16,9,1,16,0.8813,65536,3168,0.9517,34,199.6,True
vgg16,__module.features.12/aten::_convolution/Convolution,7,312,32,32,32,11,19,9,0,32,0.8682,65536,3762,0.9426,37,149.6,True
vgg16,__module.features.12/aten::_convolution/Convolution,7,313,32,32,32,18,13,9,0,32,0.8638,65536,4212,0.9357,38,38.8,True
vgg16,__module.features.12/aten::_convolution/Convolution,7,314,32,32,32,18,19,9,0,32,0.8374,65536,6156,0.9061,44,39.0,True
vgg16,__module.features.12/aten::_convolution/Convolution,7,315,32,32,32,18,16,9,0,32,0.8506,65536,5184,0.9209,41,41.4,True
vgg16,__module.features.12/aten::_convolution/Convolution,7,316,32,32,32,18,15,9,0,32,0.855,65536,4860,0.9258,40,88.1,True
vgg16,__module.features.12/aten::_convolution/Convolution,7,317,32,32,32,18,21,9,0,32,0.8286,65536,6804,0.8962,46,178.7,True
vgg16,__module.features.12/aten::_convolution/Convolution,7,318,32,32,32,18,22,9,0,32,0.8242,65536,7128,0.8912,47,72.2,True
vgg16,__module.features.12/aten::_convolution/Convolution,7,319,32,32,32,18,16,9,0,32,0.8506,65536,5184,0.9209,41,88.8,True
vgg16,__module.features.12/aten::_convolution/Convolution,7,320,32,32,32,18,19,9,0,32,0.8374,65536,6156,0.9061,44,39.0,True
vgg16,__module.features.12/aten::_convolution/Convolution,7,321,32,32,32,8,13,6,1,16,0.9385,65536,1248,0.981,25,37.7,True
vgg16,__module.features.12/aten::_convolution/Convolution,7,322,32,32,32,8,19,6,0,32,0.9209,65536,1824,0.9722,31,85.8,True
vgg16,__module.features.12/aten::_convolution/Convolution,7,323,32,32,32,8,16,6,1,16,0.9297,65536,1536,0.9766,28,38.0,True
vgg16,__module.features.12/aten::_convolution/Convolution,7,324,32,32,32,8,15,6,1,16,0.9326,65536,1440,0.978,27,138.0,True
vgg16,__module.features.12/aten::_convolution/Convolution,7,325,32,32,32,8,21,6,0,32,0.915,65536,2016,0.9692,33,72.1,True
vgg16,__module.features.12/aten::_convolution/Convolution,7,326,32,32,32,8,22,6,0,32,0.9121,65536,2112,0.9678,34,38.9,True
vgg16,__module.features.12/aten::_convolution/Convolution,7,327,32,32,32,8,16,6,1,16,0.9297,65536,1536,0.9766,28,180.0,True
vgg16,__module.features.12/aten::_convolution/Convolution,7,328,32,32,32,8,19,6,0,32,0.9209,65536,1824,0.9722,31,223.7,True
vgg16,__module.features.12/aten::_convolution/Convolution,7,329,32,32,32,11,13,6,1,16,0.9297,65536,1716,0.9738,28,160.6,True
vgg16,__module.features.12/aten::_convolution/Convolution,7,330,32,32,32,11,19,6,0,32,0.9121,65536,2508,0.9617,34,68.2,True
vgg16,__module.features.12/aten::_convolution/Convolution,7,331,32,32,32,11,16,6,1,16,0.9209,65536,2112,0.9678,31,39.2,True
vgg16,__module.features.12/aten::_convolution/Convolution,7,332,32,32,32,11,15,6,1,16,0.9238,65536,1980,0.9698,30,78.5,True
vgg16,__module.features.12/aten::_convolution/Convolution,7,333,32,32,32,11,21,6,0,32,0.9062,65536,2772,0.9577,36,185.1,True
vgg16,__module.features.12/aten::_convolution/Convolution,7,334,32,32,32,11,22,6,0,32,0.9033,65536,2904,0.9557,37,40.1,True
vgg16,__module.features.12/aten::_convolution/Convolution,7,335,32,32,32,11,16,6,1,16,0.9209,65536,2112,0.9678,31,55.1,True
vgg16,__module.features.12/aten::_convolution/Convolution,7,336,32,32,32,11,19,6,0,32,0.9121,65536,2508,0.9617,34,38.9,True
vgg16,__module.features.12/aten::_convolution/Convolution,7,337,32,32,32,11,13,9,1,16,0.8945,65536,2574,0.9607,31,159.8,True
vgg16,__module.features.12/aten::_convolution/Convolution,7,338,32,32,32,11,19,9,0,32,0.8682,65536,3762,0.9426,37,40.4,True
vgg16,__module.features.12/aten::_convolution/Convolution,7,339,32,32,32,11,16,9,1,16,0.8813,65536,3168,0.9517,34,39.5,True
vgg16,__module.features.12/aten::_convolution/Convolution,7,340,32,32,32,11,15,9,1,16,0.8857,65536,2970,0.9547,33,179.7,True
vgg16,__module.features.12/aten::_convolution/Convolution,7,341,32,32,32,11,21,9,0,32,0.8594,65536,4158,0.9366,39,75.5,True
vgg16,__module.features.12/aten::_convolution/Convolution,7,342,32,32,32,11,22,9,0,32,0.855,65536,4356,0.9335,40,76.4,True
vgg16,__module.features.12/aten::_convolution/Convolution,7,343,32,32,32,11,16,9,1,16,0.8813,65536,3168,0.9517,34,203.8,True
vgg16,__module.features.12/aten::_convolution/Convolution,7,344,32,32,32,11,19,9,0,32,0.8682,65536,3762,0.9426,37,42.8,True
vgg16,__module.features.12/aten::_convolution/Convolution,7,345,32,32,32,5,13,6,1,16,0.9473,65536,780,0.9881,22,47.1,True
vgg16,__module.features.12/aten::_convolution/Convolution,7,346,32,32,32,5,19,6,0,32,0.9297,65536,1140,0.9826,28,65.7,True
vgg16,__module.features.12/aten::_convolution/Convolution,7,347,32,32,32,5,16,6,1,16,0.9385,65536,960,0.9854,25,54.1,True
vgg16,__module.features.12/aten::_convolution/Convolution,7,348,32,32,32,5,15,6,1,16,0.9414,65536,900,0.9863,24,199.0,True
vgg16,__module.features.12/aten::_convolution/Convolution,7,349,32,32,32,5,21,6,0,32,0.9238,65536,1260,0.9808,30,86.3,True
vgg16,__module.features.12/aten::_convolution/Convolution,7,350,32,32,32,5,22,6,0,32,0.9209,65536,1320,0.9799,31,39.0,True
vgg16,__module.features.12/aten::_convolution/Convolution,7,351,32,32,32,5,16,6,1,16,0.9385,65536,960,0.9854,25,41.6,True
vgg16,__module.features.12/aten::_convolution/Convolution,7,352,32,32,32,5,19,6,0,32,0.9297,65536,1140,0.9826,28,86.7,True
vgg16,__module.features.12/aten::_convolution/Convolution,7,353,32,32,32,14,13,9,1,16,0.8813,65536,3276,0.95,34,42.1,True
vgg16,__module.features.12/aten::_convolution/Convolution,7,354,32,32,32,14,19,9,0,32,0.855,65536,4788,0.9269,40,39.1,True
vgg16,__module.features.12/aten::_convolution/Convolution,7,355,32,32,32,14,16,9,1,16,0.8682,65536,4032,0.9385,37,53.6,True
vgg16,__module.features.12/aten::_convolution/Convolution,7,356,32,32,32,14,15,9,1,16,0.8726,65536,3780,0.9423,36,41.1,True
vgg16,__module.features.12/aten::_convolution/Convolution,7,357,32,32,32,14,21,9,0,32,0.8462,65536,5292,0.9193,42,49.4,True
vgg16,__module.features.12/aten::_convolution/Convolution,7,358,32,32,32,14,22,9,0,32,0.8418,65536,5544,0.9154,43,45.9,True
vgg16,__module.features.12/aten::_convolution/Convolution,7,359,32,32,32,14,16,9,1,16,0.8682,65536,4032,0.9385,37,39.1,True
vgg16,__module.features.12/aten::_convolution/Convolution,7,360,32,32,32,14,19,9,0,32,0.855,65536,4788,0.9269,40,39.5,True
vgg16,__module.features.12/aten::_convolution/Convolution,7,361,32,32,32,14,13,9,1,16,0.8813,65536,3276,0.95,34,64.6,True
vgg16,__module.features.12/aten::_convolution/Convolution,7,362,32,32,32,14,19,9,0,32,0.855,65536,4788,0.9269,40,43.9,True
vgg16,__module.features.12/aten::_convolution/Convolution,7,363,32,32,32,14,16,9,1,16,0.8682,65536,4032,0.9385,37,39.7,True
vgg16,__module.features.12/aten::_convolution/Convolution,7,364,32,32,32,14,15,9,1,16,0.8726,65536,3780,0.9423,36,39.3,True
vgg16,__module.features.12/aten::_convolution/Convolution,7,365,32,32,32,14,21,9,0,32,0.8462,65536,5292,0.9193,42,49.9,True
vgg16,__module.features.12/aten::_convolution/Convolution,7,366,32,32,32,14,22,9,0,32,0.8418,65536,5544,0.9154,43,198.6,True
vgg16,__module.features.12/aten::_convolution/Convolution,7,367,32,32,32,14,16,9,1,16,0.8682,65536,4032,0.9385,37,38.9,True
vgg16,__module.features.12/aten::_convolution/Convolution,7,368,32,32,32,14,19,9,0,32,0.855,65536,4788,0.9269,40,40.3,True
vgg16,__module.features.12/aten::_convolution/Convolution,7,369,32,32,32,15,13,9,1,16,0.877,65536,3510,0.9464,35,116.9,True
vgg16,__module.features.12/aten::_convolution/Convolution,7,370,32,32,32,15,19,9,0,32,0.8506,65536,5130,0.9217,41,39.8,True
vgg16,__module.features.12/aten::_convolution/Convolution,7,371,32,32,32,15,16,9,1,16,0.8638,65536,4320,0.9341,38,53.1,True
vgg16,__module.features.12/aten::_convolution/Convolution,7,372,32,32,32,15,15,9,1,16,0.8682,65536,4050,0.9382,37,179.5,True
vgg16,__module.features.12/aten::_convolution/Convolution,7,373,32,32,32,15,21,9,0,32,0.8418,65536,5670,0.9135,43,49.4,True
vgg16,__module.features.12/aten::_convolution/Convolution,7,374,32,32,32,15,22,9,0,32,0.8374,65536,5940,0.9094,44,62.0,True
vgg16,__module.features.12/aten::_convolution/Convolution,7,375,32,32,32,15,16,9,1,16,0.8638,65536,4320,0.9341,38,39.0,True
vgg16,__module.features.12/aten::_convolution/Convolution,7,376,32,32,32,15,19,9,0,32,0.8506,65536,5130,0.9217,41,89.8,True
vgg16,__module.features.12/aten::_convolution/Convolution,7,377,32,32,32,8,13,3,1,16,0.9692,65536,624,0.9905,22,84.0,True
vgg16,__module.features.12/aten::_convolution/Convolution,7,378,32,32,32,8,19,3,0,32,0.9604,65536,912,0.9861,28,40.4,True
vgg16,__module.features.12/aten::_convolution/Convolution,7,379,32,32,32,8,16,3,1,16,0.9648,65536,768,0.9883,25,38.4,True
vgg16,__module.features.12/aten::_convolution/Convolution,7,380,32,32,32,8,15,3,1,16,0.9663,65536,720,0.989,24,38.4,True
vgg16,__module.features.12/aten::_convolution/Convolution,7,381,32,32,32,8,21,3,0,32,0.9575,65536,1008,0.9846,30,40.2,True
vgg16,__module.features.12/aten::_convolution/Convolution,7,382,32,32,32,8,22,3,0,32,0.9561,65536,1056,0.9839,31,46.0,True
vgg16,__module.features.12/aten::_convolution/Convolution,7,383,32,32,32,8,16,3,1,16,0.9648,65536,768,0.9883,25,39.7,True
vgg16,__module.features.12/aten::_convolution/Convolution,7,384,32,32,32,8,19,3,0,32,0.9604,65536,912,0.9861,28,58.7,True
vgg16,__module.features.12/aten::_convolution/Convolution,7,385,32,32,32,11,13,9,1,16,0.8945,65536,2574,0.9607,31,41.9,True
vgg16,__module.features.12/aten::_convolution/Convolution,7,386,32,32,32,11,19,9,0,32,0.8682,65536,3762,0.9426,37,176.5,True
vgg16,__module.features.12/aten::_convolution/Convolution,7,387,32,32,32,11,16,9,1,16,0.8813,65536,3168,0.9517,34,38.2,True
vgg16,__module.features.12/aten::_convolution/Convolution,7,388,32,32,32,11,15,9,1,16,0.8857,65536,2970,0.9547,33,50.1,True
vgg16,__module.features.12/aten::_convolution/Convolution,7,389,32,32,32,11,21,9,0,32,0.8594,65536,4158,0.9366,39,85.2,True
vgg16,__module.features.12/aten::_convolution/Convolution,7,390,32,32,32,11,22,9,0,32,0.855,65536,4356,0.9335,40,42.4,True
vgg16,__module.features.12/aten::_convolution/Convolution,7,391,32,32,32,11,16,9,1,16,0.8813,65536,3168,0.9517,34,54.9,True
vgg16,__module.features.12/aten::_convolution/Convolution,7,392,32,32,32,11,19,9,0,32,0.8682,65536,3762,0.9426,37,119.9,True
vgg16,__module.features.12/aten::_convolution/Convolution,7,393,32,32,32,16,13,9,1,16,0.8726,65536,3744,0.9429,36,68.2,True
vgg16,__module.features.12/aten::_convolution/Convolution,7,394,32,32,32,16,19,9,0,32,0.8462,65536,5472,0.9165,42,38.6,True
vgg16,__module.features.12/aten::_convolution/Convolution,7,395,32,32,32,16,16,9,1,16,0.8594,65536,4608,0.9297,39,54.5,True
vgg16,__module.features.12/aten::_convolution/Convolution,7,396,32,32,32,16,15,9,1,16,0.8638,65536,4320,0.9341,38,39.8,True
vgg16,__module.features.12/aten::_convolution/Convolution,7,397,32,32,32,16,21,9,0,32,0.8374,65536,6048,0.9077,44,37.9,True
vgg16,__module.features.12/aten::_convolution/Convolution,7,398,32,32,32,16,22,9,0,32,0.833,65536,6336,0.9033,45,39.2,True
vgg16,__module.features.12/aten::_convolution/Convolution,7,399,32,32,32,16,16,9,1,16,0.8594,65536,4608,0.9297,39,39.0,True
vgg16,__module.features.12/aten::_convolution/Convolution,7,400,32,32,32,16,19,9,0,32,0.8462,65536,5472,0.9165,42,178.7,True
vgg16,__module.features.12/aten::_convolution/Convolution,7,401,32,32,32,12,13,9,1,16,0.8901,65536,2808,0.9572,32,37.7,True
vgg16,__module.features.12/aten::_convolution/Convolution,7,402,32,32,32,12,19,9,0,32,0.8638,65536,4104,0.9374,38,135.7,True
vgg16,__module.features.12/aten::_convolution/Convolution,7,403,32,32,32,12,16,9,1,16,0.877,65536,3456,0.9473,35,39.8,True
vgg16,__module.features.12/aten::_convolution/Convolution,7,404,32,32,32,12,15,9,1,16,0.8813,65536,3240,0.9506,34,40.1,True
vgg16,__module.features.12/aten::_convolution/Convolution,7,405,32,32,32,12,21,9,0,32,0.855,65536,4536,0.9308,40,164.6,True
vgg16,__module.features.12/aten::_convolution/Convolution,7,406,32,32,32,12,22,9,0,32,0.8506,65536,4752,0.9275,41,39.2,True
vgg16,__module.features.12/aten::_convolution/Convolution,7,407,32,32,32,12,16,9,1,16,0.877,65536,3456,0.9473,35,39.3,True
vgg16,__module.features.12/aten::_convolution/Convolution,7,408,32,32,32,12,19,9,0,32,0.8638,65536,4104,0.9374,38,38.3,True
vgg16,__module.features.12/aten::_convolution/Convolution,7,409,32,32,32,15,13,9,1,16,0.877,65536,3510,0.9464,35,38.1,True
vgg16,__module.features.12/aten::_convolution/Convolution,7,410,32,32,32,15,19,9,0,32,0.8506,65536,5130,0.9217,41,247.1,True
vgg16,__module.features.12/aten::_convolution/Convolution,7,411,32,32,32,15,16,9,1,16,0.8638,65536,4320,0.9341,38,54.5,True
vgg16,__module.features.12/aten::_convolution/Convolution,7,412,32,32,32,15,15,9,1,16,0.8682,65536,4050,0.9382,37,400.0,True
vgg16,__module.features.12/aten::_convolution/Convolution,7,413,32,32,32,15,21,9,0,32,0.8418,65536,5670,0.9135,43,38.5,True
vgg16,__module.features.12/aten::_convolution/Convolution,7,414,32,32,32,15,22,9,0,32,0.8374,65536,5940,0.9094,44,39.6,True
vgg16,__module.features.12/aten::_convolution/Convolution,7,415,32,32,32,15,16,9,1,16,0.8638,65536,4320,0.9341,38,40.4,True
vgg16,__module.features.12/aten::_convolution/Convolution,7,416,32,32,32,15,19,9,0,32,0.8506,65536,5130,0.9217,41,178.6,True
vgg16,__module.features.12/aten::_convolution/Convolution,7,417,32,32,32,11,13,9,1,16,0.8945,65536,2574,0.9607,31,103.1,True
vgg16,__module.features.12/aten::_convolution/Convolution,7,418,32,32,32,11,19,9,0,32,0.8682,65536,3762,0.9426,37,152.3,True
vgg16,__module.features.12/aten::_convolution/Convolution,7,419,32,32,32,11,16,9,1,16,0.8813,65536,3168,0.9517,34,39.2,True
vgg16,__module.features.12/aten::_convolution/Convolution,7,420,32,32,32,11,15,9,1,16,0.8857,65536,2970,0.9547,33,200.9,True
vgg16,__module.features.12/aten::_convolution/Convolution,7,421,32,32,32,11,21,9,0,32,0.8594,65536,4158,0.9366,39,198.8,True
vgg16,__module.features.12/aten::_convolution/Convolution,7,422,32,32,32,11,22,9,0,32,0.855,65536,4356,0.9335,40,199.1,True
vgg16,__module.features.12/aten::_convolution/Convolution,7,423,32,32,32,11,16,9,1,16,0.8813,65536,3168,0.9517,34,129.1,True
vgg16,__module.features.12/aten::_convolution/Convolution,7,424,32,32,32,11,19,9,0,32,0.8682,65536,3762,0.9426,37,112.2,True
vgg16,__module.features.12/aten::_convolution/Convolution,7,425,32,32,32,9,13,9,1,16,0.9033,65536,2106,0.9679,29,174.0,True
vgg16,__module.features.12/aten::_convolution/Convolution,7,426,32,32,32,9,19,9,0,32,0.877,65536,3078,0.953,35,44.4,True
vgg16,__module.features.12/aten::_convolution/Convolution,7,427,32,32,32,9,16,9,1,16,0.8901,65536,2592,0.9604,32,179.8,True
vgg16,__module.features.12/aten::_convolution/Convolution,7,428,32,32,32,9,15,9,1,16,0.8945,65536,2430,0.9629,31,58.3,True
vgg16,__module.features.12/aten::_convolution/Convolution,7,429,32,32,32,9,21,9,0,32,0.8682,65536,3402,0.9481,37,38.6,True
vgg16,__module.features.12/aten::_convolution/Convolution,7,430,32,32,32,9,22,9,0,32,0.8638,65536,3564,0.9456,38,73.9,True
vgg16,__module.features.12/aten::_convolution/Convolution,7,431,32,32,32,9,16,9,1,16,0.8901,65536,2592,0.9604,32,296.0,True
vgg16,__module.features.12/aten::_convolution/Convolution,7,432,32,32,32,9,19,9,0,32,0.877,65536,3078,0.953,35,39.6,True
vgg16,__module.features.12/aten::_convolution/Convolution,7,433,32,32,32,13,13,9,1,16,0.8857,65536,3042,0.9536,33,58.6,True
vgg16,__module.features.12/aten::_convolution/Convolution,7,434,32,32,32,13,19,9,0,32,0.8594,65536,4446,0.9322,39,38.7,True
vgg16,__module.features.12/aten::_convolution/Convolution,7,435,32,32,32,13,16,9,1,16,0.8726,65536,3744,0.9429,36,39.4,True
vgg16,__module.features.12/aten::_convolution/Convolution,7,436,32,32,32,13,15,9,1,16,0.877,65536,3510,0.9464,35,39.4,True
vgg16,__module.features.12/aten::_convolution/Convolution,7,437,32,32,32,13,21,9,0,32,0.8506,65536,4914,0.925,41,58.4,True
vgg16,__module.features.12/aten::_convolution/Convolution,7,438,32,32,32,13,22,9,0,32,0.8462,65536,5148,0.9214,42,39.0,True
vgg16,__module.features.12/aten::_convolution/Convolution,7,439,32,32,32,13,16,9,1,16,0.8726,65536,3744,0.9429,36,38.8,True
vgg16,__module.features.12/aten::_convolution/Convolution,7,440,32,32,32,13,19,9,0,32,0.8594,65536,4446,0.9322,39,75.4,True
vgg16,__module.features.12/aten::_convolution/Convolution,7,441,32,32,32,12,13,9,1,16,0.8901,65536,2808,0.9572,32,39.7,True
vgg16,__module.features.12/aten::_convolution/Convolution,7,442,32,32,32,12,19,9,0,32,0.8638,65536,4104,0.9374,38,60.3,True
vgg16,__module.features.12/aten::_convolution/Convolution,7,443,32,32,32,12,16,9,1,16,0.877,65536,3456,0.9473,35,124.8,True
vgg16,__module.features.12/aten::_convolution/Convolution,7,444,32,32,32,12,15,9,1,16,0.8813,65536,3240,0.9506,34,53.2,True
vgg16,__module.features.12/aten::_convolution/Convolution,7,445,32,32,32,12,21,9,0,32,0.855,65536,4536,0.9308,40,37.1,True
vgg16,__module.features.12/aten::_convolution/Convolution,7,446,32,32,32,12,22,9,0,32,0.8506,65536,4752,0.9275,41,55.0,True
vgg16,__module.features.12/aten::_convolution/Convolution,7,447,32,32,32,12,16,9,1,16,0.877,65536,3456,0.9473,35,144.0,True
vgg16,__module.features.12/aten::_convolution/Convolution,7,448,32,32,32,12,19,9,0,32,0.8638,65536,4104,0.9374,38,39.7,True
vgg16,__module.features.12/aten::_convolution/Convolution,7,449,32,32,32,12,13,9,1,16,0.8901,65536,2808,0.9572,32,57.2,True
vgg16,__module.features.12/aten::_convolution/Convolution,7,450,32,32,32,12,19,9,0,32,0.8638,65536,4104,0.9374,38,43.0,True
vgg16,__module.features.12/aten::_convolution/Convolution,7,451,32,32,32,12,16,9,1,16,0.877,65536,3456,0.9473,35,80.8,True
vgg16,__module.features.12/aten::_convolution/Convolution,7,452,32,32,32,12,15,9,1,16,0.8813,65536,3240,0.9506,34,38.8,True
vgg16,__module.features.12/aten::_convolution/Convolution,7,453,32,32,32,12,21,9,0,32,0.855,65536,4536,0.9308,40,53.4,True
vgg16,__module.features.12/aten::_convolution/Convolution,7,454,32,32,32,12,22,9,0,32,0.8506,65536,4752,0.9275,41,94.7,True
vgg16,__module.features.12/aten::_convolution/Convolution,7,455,32,32,32,12,16,9,1,16,0.877,65536,3456,0.9473,35,40.4,True
vgg16,__module.features.12/aten::_convolution/Convolution,7,456,32,32,32,12,19,9,0,32,0.8638,65536,4104,0.9374,38,38.5,True
vgg16,__module.features.12/aten::_convolution/Convolution,7,457,32,32,32,18,13,9,0,32,0.8638,65536,4212,0.9357,38,46.4,True
vgg16,__module.features.12/aten::_convolution/Convolution,7,458,32,32,32,18,19,9,0,32,0.8374,65536,6156,0.9061,44,124.1,True
vgg16,__module.features.12/aten::_convolution/Convolution,7,459,32,32,32,18,16,9,0,32,0.8506,65536,5184,0.9209,41,150.6,True
vgg16,__module.features.12/aten::_convolution/Convolution,7,460,32,32,32,18,15,9,0,32,0.855,65536,4860,0.9258,40,39.1,True
vgg16,__module.features.12/aten::_convolution/Convolution,7,461,32,32,32,18,21,9,0,32,0.8286,65536,6804,0.8962,46,72.7,True
vgg16,__module.features.12/aten::_convolution/Convolution,7,462,32,32,32,18,22,9,0,32,0.8242,65536,7128,0.8912,47,134.7,True
vgg16,__module.features.12/aten::_convolution/Convolution,7,463,32,32,32,18,16,9,0,32,0.8506,65536,5184,0.9209,41,38.8,True
vgg16,__module.features.12/aten::_convolution/Convolution,7,464,32,32,32,18,19,9,0,32,0.8374,65536,6156,0.9061,44,48.4,True
vgg16,__module.features.12/aten::_convolution/Convolution,7,465,32,32,32,13,13,9,1,16,0.8857,65536,3042,0.9536,33,44.9,True
vgg16,__module.features.12/aten::_convolution/Convolution,7,466,32,32,32,13,19,9,0,32,0.8594,65536,4446,0.9322,39,37.8,True
vgg16,__module.features.12/aten::_convolution/Convolution,7,467,32,32,32,13,16,9,1,16,0.8726,65536,3744,0.9429,36,43.2,True
vgg16,__module.features.12/aten::_convolution/Convolution,7,468,32,32,32,13,15,9,1,16,0.877,65536,3510,0.9464,35,44.2,True
vgg16,__module.features.12/aten::_convolution/Convolution,7,469,32,32,32,13,21,9,0,32,0.8506,65536,4914,0.925,41,38.6,True
vgg16,__module.features.12/aten::_convolution/Convolution,7,470,32,32,32,13,22,9,0,32,0.8462,65536,5148,0.9214,42,38.6,True
vgg16,__module.features.12/aten::_convolution/Convolution,7,471,32,32,32,13,16,9,1,16,0.8726,65536,3744,0.9429,36,50.6,True
vgg16,__module.features.12/aten::_convolution/Convolution,7,472,32,32,32,13,19,9,0,32,0.8594,65536,4446,0.9322,39,40.4,True
vgg16,__module.features.12/aten::_convolution/Convolution,7,473,32,32,32,12,13,9,1,16,0.8901,65536,2808,0.9572,32,49.0,True
vgg16,__module.features.12/aten::_convolution/Convolution,7,474,32,32,32,12,19,9,0,32,0.8638,65536,4104,0.9374,38,38.2,True
vgg16,__module.features.12/aten::_convolution/Convolution,7,475,32,32,32,12,16,9,1,16,0.877,65536,3456,0.9473,35,38.6,True
vgg16,__module.features.12/aten::_convolution/Convolution,7,476,32,32,32,12,15,9,1,16,0.8813,65536,3240,0.9506,34,44.9,True
vgg16,__module.features.12/aten::_convolution/Convolution,7,477,32,32,32,12,21,9,0,32,0.855,65536,4536,0.9308,40,40.9,True
vgg16,__module.features.12/aten::_convolution/Convolution,7,478,32,32,32,12,22,9,0,32,0.8506,65536,4752,0.9275,41,41.2,True
vgg16,__module.features.12/aten::_convolution/Convolution,7,479,32,32,32,12,16,9,1,16,0.877,65536,3456,0.9473,35,46.9,True
vgg16,__module.features.12/aten::_convolution/Convolution,7,480,32,32,32,12,19,9,0,32,0.8638,65536,4104,0.9374,38,45.9,True
vgg16,__module.features.12/aten::_convolution/Convolution,7,481,32,32,32,17,13,9,0,32,0.8682,65536,3978,0.9393,37,140.2,True
vgg16,__module.features.12/aten::_convolution/Convolution,7,482,32,32,32,17,19,9,0,32,0.8418,65536,5814,0.9113,43,38.9,True
vgg16,__module.features.12/aten::_convolution/Convolution,7,483,32,32,32,17,16,9,0,32,0.855,65536,4896,0.9253,40,39.1,True
vgg16,__module.features.12/aten::_convolution/Convolution,7,484,32,32,32,17,15,9,0,32,0.8594,65536,4590,0.93,39,38.4,True
vgg16,__module.features.12/aten::_convolution/Convolution,7,485,32,32,32,17,21,9,0,32,0.833,65536,6426,0.9019,45,118.8,True
vgg16,__module.features.12/aten::_convolution/Convolution,7,486,32,32,32,17,22,9,0,32,0.8286,65536,6732,0.8973,46,37.6,True
vgg16,__module.features.12/aten::_convolution/Convolution,7,487,32,32,32,17,16,9,0,32,0.855,65536,4896,0.9253,40,37.6,True
vgg16,__module.features.12/aten::_convolution/Convolution,7,488,32,32,32,17,19,9,0,32,0.8418,65536,5814,0.9113,43,48.6,True
vgg16,__module.features.12/aten::_convolution/Convolution,7,489,32,32,32,9,13,9,1,16,0.9033,65536,2106,0.9679,29,176.2,True
vgg16,__module.features.12/aten::_convolution/Convolution,7,490,32,32,32,9,19,9,0,32,0.877,65536,3078,0.953,35,43.2,True
vgg16,__module.features.12/aten::_convolution/Convolution,7,491,32,32,32,9,16,9,1,16,0.8901,65536,2592,0.9604,32,53.8,True
vgg16,__module.features.12/aten::_convolution/Convolution,7,492,32,32,32,9,15,9,1,16,0.8945,65536,2430,0.9629,31,46.1,True
vgg16,__module.features.12/aten::_convolution/Convolution,7,493,32,32,32,9,21,9,0,32,0.8682,65536,3402,0.9481,37,41.3,True
vgg16,__module.features.12/aten::_convolution/Convolution,7,494,32,32,32,9,22,9,0,32,0.8638,65536,3564,0.9456,38,40.7,True
vgg16,__module.features.12/aten::_convolution/Convolution,7,495,32,32,32,9,16,9,1,16,0.8901,65536,2592,0.9604,32,39.5,True
vgg16,__module.features.12/aten::_convolution/Convolution,7,496,32,32,32,9,19,9,0,32,0.877,65536,3078,0.953,35,136.8,True
vgg16,__module.features.12/aten::_convolution/Convolution,7,497,32,32,32,16,13,9,1,16,0.8726,65536,3744,0.9429,36,46.7,True
vgg16,__module.features.12/aten::_convolution/Convolution,7,498,32,32,32,16,19,9,0,32,0.8462,65536,5472,0.9165,42,43.5,True
vgg16,__module.features.12/aten::_convolution/Convolution,7,499,32,32,32,16,16,9,1,16,0.8594,65536,4608,0.9297,39,139.2,True
vgg16,__module.features.12/aten::_convolution/Convolution,7,500,32,32,32,16,15,9,1,16,0.8638,65536,4320,0.9341,38,54.2,True
vgg16,__module.features.12/aten::_convolution/Convolution,7,501,32,32,32,16,21,9,0,32,0.8374,65536,6048,0.9077,44,100.6,True
vgg16,__module.features.12/aten::_convolution/Convolution,7,502,32,32,32,16,22,9,0,32,0.833,65536,6336,0.9033,45,41.4,True
vgg16,__module.features.12/aten::_convolution/Convolution,7,503,32,32,32,16,16,9,1,16,0.8594,65536,4608,0.9297,39,38.6,True
vgg16,__module.features.12/aten::_convolution/Convolution,7,504,32,32,32,16,19,9,0,32,0.8462,65536,5472,0.9165,42,53.1,True
vgg16,__module.features.12/aten::_convolution/Convolution,7,505,32,32,32,3,13,3,1,16,0.9766,65536,234,0.9964,17,87.9,True
vgg16,__module.features.12/aten::_convolution/Convolution,7,506,32,32,32,3,19,3,0,32,0.9678,65536,342,0.9948,23,74.6,True
vgg16,__module.features.12/aten::_convolution/Convolution,7,507,32,32,32,3,16,3,1,16,0.9722,65536,288,0.9956,20,41.2,True
vgg16,__module.features.12/aten::_convolution/Convolution,7,508,32,32,32,3,15,3,1,16,0.9736,65536,270,0.9959,19,40.8,True
vgg16,__module.features.12/aten::_convolution/Convolution,7,509,32,32,32,3,21,3,0,32,0.9648,65536,378,0.9942,25,40.3,True
vgg16,__module.features.12/aten::_convolution/Convolution,7,510,32,32,32,3,22,3,0,32,0.9634,65536,396,0.994,26,62.9,True
vgg16,__module.features.12/aten::_convolution/Convolution,7,511,32,32,32,3,16,3,1,16,0.9722,65536,288,0.9956,20,147.6,True
vgg16,__module.features.12/aten::_convolution/Convolution,7,512,32,32,32,3,19,3,0,32,0.9678,65536,342,0.9948,23,106.0,True
vgg16,__module.features.12/aten::_convolution/Convolution,7,513,32,32,32,13,13,9,1,16,0.8857,65536,3042,0.9536,33,38.6,True
vgg16,__module.features.12/aten::_convolution/Convolution,7,514,32,32,32,13,19,9,0,32,0.8594,65536,4446,0.9322,39,69.2,True
vgg16,__module.features.12/aten::_convolution/Convolution,7,515,32,32,32,13,16,9,1,16,0.8726,65536,3744,0.9429,36,38.9,True
vgg16,__module.features.12/aten::_convolution/Convolution,7,516,32,32,32,13,15,9,1,16,0.877,65536,3510,0.9464,35,83.0,True
vgg16,__module.features.12/aten::_convolution/Convolution,7,517,32,32,32,13,21,9,0,32,0.8506,65536,4914,0.925,41,39.0,True
vgg16,__module.features.12/aten::_convolution/Convolution,7,518,32,32,32,13,22,9,0,32,0.8462,65536,5148,0.9214,42,40.3,True
vgg16,__module.features.12/aten::_convolution/Convolution,7,519,32,32,32,13,16,9,1,16,0.8726,65536,3744,0.9429,36,40.6,True
vgg16,__module.features.12/aten::_convolution/Convolution,7,520,32,32,32,13,19,9,0,32,0.8594,65536,4446,0.9322,39,48.5,True
vgg16,__module.features.12/aten::_convolution/Convolution,7,521,32,32,32,3,13,3,1,16,0.9766,65536,234,0.9964,17,49.1,True
vgg16,__module.features.12/aten::_convolution/Convolution,7,522,32,32,32,3,19,3,0,32,0.9678,65536,342,0.9948,23,127.5,True
vgg16,__module.features.12/aten::_convolution/Convolution,7,523,32,32,32,3,16,3,1,16,0.9722,65536,288,0.9956,20,40.3,True
vgg16,__module.features.12/aten::_convolution/Convolution,7,524,32,32,32,3,15,3,1,16,0.9736,65536,270,0.9959,19,38.0,True
vgg16,__module.features.12/aten::_convolution/Convolution,7,525,32,32,32,3,21,3,0,32,0.9648,65536,378,0.9942,25,39.5,True
vgg16,__module.features.12/aten::_convolution/Convolution,7,526,32,32,32,3,22,3,0,32,0.9634,65536,396,0.994,26,162.1,True
vgg16,__module.features.12/aten::_convolution/Convolution,7,527,32,32,32,3,16,3,1,16,0.9722,65536,288,0.9956,20,224.6,True
vgg16,__module.features.12/aten::_convolution/Convolution,7,528,32,32,32,3,19,3,0,32,0.9678,65536,342,0.9948,23,70.8,True
vgg16,__module.features.12/aten::_convolution/Convolution,7,529,32,32,32,9,13,9,1,16,0.9033,65536,2106,0.9679,29,48.0,True
vgg16,__module.features.12/aten::_convolution/Convolution,7,530,32,32,32,9,19,9,0,32,0.877,65536,3078,0.953,35,57.1,True
vgg16,__module.features.12/aten::_convolution/Convolution,7,531,32,32,32,9,16,9,1,16,0.8901,65536,2592,0.9604,32,41.5,True
vgg16,__module.features.12/aten::_convolution/Convolution,7,532,32,32,32,9,15,9,1,16,0.8945,65536,2430,0.9629,31,39.0,True
vgg16,__module.features.12/aten::_convolution/Convolution,7,533,32,32,32,9,21,9,0,32,0.8682,65536,3402,0.9481,37,39.1,True
vgg16,__module.features.12/aten::_convolution/Convolution,7,534,32,32,32,9,22,9,0,32,0.8638,65536,3564,0.9456,38,39.3,True
vgg16,__module.features.12/aten::_convolution/Convolution,7,535,32,32,32,9,16,9,1,16,0.8901,65536,2592,0.9604,32,39.5,True
vgg16,__module.features.12/aten::_convolution/Convolution,7,536,32,32,32,9,19,9,0,32,0.877,65536,3078,0.953,35,38.6,True
vgg16,__module.features.12/aten::_convolution/Convolution,7,537,32,32,32,3,13,3,1,16,0.9766,65536,234,0.9964,17,40.8,True
vgg16,__module.features.12/aten::_convolution/Convolution,7,538,32,32,32,3,19,3,0,32,0.9678,65536,342,0.9948,23,137.3,True
vgg16,__module.features.12/aten::_convolution/Convolution,7,539,32,32,32,3,16,3,1,16,0.9722,65536,288,0.9956,20,41.8,True
vgg16,__module.features.12/aten::_convolution/Convolution,7,540,32,32,32,3,15,3,1,16,0.9736,65536,270,0.9959,19,115.4,True
vgg16,__module.features.12/aten::_convolution/Convolution,7,541,32,32,32,3,21,3,0,32,0.9648,65536,378,0.9942,25,52.4,True
vgg16,__module.features.12/aten::_convolution/Convolution,7,542,32,32,32,3,22,3,0,32,0.9634,65536,396,0.994,26,39.9,True
vgg16,__module.features.12/aten::_convolution/Convolution,7,543,32,32,32,3,16,3,1,16,0.9722,65536,288,0.9956,20,40.1,True
vgg16,__module.features.12/aten::_convolution/Convolution,7,544,32,32,32,3,19,3,0,32,0.9678,65536,342,0.9948,23,98.3,True
vgg16,__module.features.12/aten::_convolution/Convolution,7,545,32,32,32,11,13,9,1,16,0.8945,65536,2574,0.9607,31,47.9,True
vgg16,__module.features.12/aten::_convolution/Convolution,7,546,32,32,32,11,19,9,0,32,0.8682,65536,3762,0.9426,37,40.0,True
vgg16,__module.features.12/aten::_convolution/Convolution,7,547,32,32,32,11,16,9,1,16,0.8813,65536,3168,0.9517,34,39.5,True
vgg16,__module.features.12/aten::_convolution/Convolution,7,548,32,32,32,11,15,9,1,16,0.8857,65536,2970,0.9547,33,37.7,True
vgg16,__module.features.12/aten::_convolution/Convolution,7,549,32,32,32,11,21,9,0,32,0.8594,65536,4158,0.9366,39,39.4,True
vgg16,__module.features.12/aten::_convolution/Convolution,7,550,32,32,32,11,22,9,0,32,0.855,65536,4356,0.9335,40,40.2,True
vgg16,__module.features.12/aten::_convolution/Convolution,7,551,32,32,32,11,16,9,1,16,0.8813,65536,3168,0.9517,34,39.7,True
vgg16,__module.features.12/aten::_convolution/Convolution,7,552,32,32,32,11,19,9,0,32,0.8682,65536,3762,0.9426,37,37.7,True
vgg16,__module.features.12/aten::_convolution/Convolution,7,553,32,32,32,5,13,5,1,16,0.9561,65536,650,0.9901,21,40.4,True
vgg16,__module.features.12/aten::_convolution/Convolution,7,554,32,32,32,5,19,5,0,32,0.9414,65536,950,0.9855,27,38.8,True
vgg16,__module.features.12/aten::_convolution/Convolution,7,555,32,32,32,5,16,5,1,16,0.9487,65536,800,0.9878,24,38.9,True
vgg16,__module.features.12/aten::_convolution/Convolution,7,556,32,32,32,5,15,5,1,16,0.9512,65536,750,0.9886,23,225.5,True
vgg16,__module.features.12/aten::_convolution/Convolution,7,557,32,32,32,5,21,5,0,32,0.9365,65536,1050,0.984,29,37.9,True
vgg16,__module.features.12/aten::_convolution/Convolution,7,558,32,32,32,5,22,5,0,32,0.9341,65536,1100,0.9832,30,209.0,True
vgg16,__module.features.12/aten::_convolution/Convolution,7,559,32,32,32,5,16,5,1,16,0.9487,65536,800,0.9878,24,39.3,True
vgg16,__module.features.12/aten::_convolution/Convolution,7,560,32,32,32,5,19,5,0,32,0.9414,65536,950,0.9855,27,40.1,True
vgg16,__module.features.12/aten::_convolution/Convolution,7,561,32,32,32,13,13,9,1,16,0.8857,65536,3042,0.9536,33,80.8,True
vgg16,__module.features.12/aten::_convolution/Convolution,7,562,32,32,32,13,19,9,0,32,0.8594,65536,4446,0.9322,39,39.0,True
vgg16,__module.features.12/aten::_convolution/Convolution,7,563,32,32,32,13,16,9,1,16,0.8726,65536,3744,0.9429,36,37.5,True
vgg16,__module.features.12/aten::_convolution/Convolution,7,564,32,32,32,13,15,9,1,16,0.877,65536,3510,0.9464,35,104.5,True
vgg16,__module.features.12/aten::_convolution/Convolution,7,565,32,32,32,13,21,9,0,32,0.8506,65536,4914,0.925,41,162.6,True
vgg16,__module.features.12/aten::_convolution/Convolution,7,566,32,32,32,13,22,9,0,32,0.8462,65536,5148,0.9214,42,52.1,True
vgg16,__module.features.12/aten::_convolution/Convolution,7,567,32,32,32,13,16,9,1,16,0.8726,65536,3744,0.9429,36,45.3,True
vgg16,__module.features.12/aten::_convolution/Convolution,7,568,32,32,32,13,19,9,0,32,0.8594,65536,4446,0.9322,39,127.4,True
vgg16,__module.features.12/aten::_convolution/Convolution,7,569,32,32,32,3,13,3,1,16,0.9766,65536,234,0.9964,17,44.4,True
vgg16,__module.features.12/aten::_convolution/Convolution,7,570,32,32,32,3,19,3,0,32,0.9678,65536,342,0.9948,23,177.5,True
vgg16,__module.features.12/aten::_convolution/Convolution,7,571,32,32,32,3,16,3,1,16,0.9722,65536,288,0.9956,20,158.3,True
vgg16,__module.features.12/aten::_convolution/Convolution,7,572,32,32,32,3,15,3,1,16,0.9736,65536,270,0.9959,19,294.6,True
vgg16,__module.features.12/aten::_convolution/Convolution,7,573,32,32,32,3,21,3,0,32,0.9648,65536,378,0.9942,25,149.2,True
vgg16,__module.features.12/aten::_convolution/Convolution,7,574,32,32,32,3,22,3,0,32,0.9634,65536,396,0.994,26,38.9,True
vgg16,__module.features.12/aten::_convolution/Convolution,7,575,32,32,32,3,16,3,1,16,0.9722,65536,288,0.9956,20,131.5,True
vgg16,__module.features.12/aten::_convolution/Convolution,7,576,32,32,32,3,19,3,0,32,0.9678,65536,342,0.9948,23,50.0,True
vgg16,__module.features.12/aten::_convolution/Convolution,7,577,32,32,32,7,13,6,1,16,0.9414,65536,1092,0.9833,24,39.2,True
vgg16,__module.features.12/aten::_convolution/Convolution,7,578,32,32,32,7,19,6,0,32,0.9238,65536,1596,0.9756,30,162.9,True
vgg16,__module.features.12/aten::_convolution/Convolution,7,579,32,32,32,7,16,6,1,16,0.9326,65536,1344,0.9795,27,40.6,True
vgg16,__module.features.12/aten::_convolution/Convolution,7,580,32,32,32,7,15,6,1,16,0.9355,65536,1260,0.9808,26,225.1,True
vgg16,__module.features.12/aten::_convolution/Convolution,7,581,32,32,32,7,21,6,0,32,0.918,65536,1764,0.9731,32,100.0,True
vgg16,__module.features.12/aten::_convolution/Convolution,7,582,32,32,32,7,22,6,0,32,0.915,65536,1848,0.9718,33,37.5,True
vgg16,__module.features.12/aten::_convolution/Convolution,7,583,32,32,32,7,16,6,1,16,0.9326,65536,1344,0.9795,27,39.6,True
vgg16,__module.features.12/aten::_convolution/Convolution,7,584,32,32,32,7,19,6,0,32,0.9238,65536,1596,0.9756,30,39.0,True
vgg16,__module.features.12/aten::_convolution/Convolution,7,585,32,32,32,3,13,6,1,16,0.9531,65536,468,0.9929,20,49.3,True
vgg16,__module.features.12/aten::_convolution/Convolution,7,586,32,32,32,3,19,6,0,32,0.9355,65536,684,0.9896,26,148.2,True
vgg16,__module.features.12/aten::_convolution/Convolution,7,587,32,32,32,3,16,6,1,16,0.9443,65536,576,0.9912,23,40.3,True
vgg16,__module.features.12/aten::_convolution/Convolution,7,588,32,32,32,3,15,6,1,16,0.9473,65536,540,0.9918,22,37.8,True
vgg16,__module.features.12/aten::_convolution/Convolution,7,589,32,32,32,3,21,6,0,32,0.9297,65536,756,0.9885,28,331.6,True
vgg16,__module.features.12/aten::_convolution/Convolution,7,590,32,32,32,3,22,6,0,32,0.9268,65536,792,0.9879,29,164.3,True
vgg16,__module.features.12/aten::_convolution/Convolution,7,591,32,32,32,3,16,6,1,16,0.9443,65536,576,0.9912,23,39.1,True
vgg16,__module.features.12/aten::_convolution/Convolution,7,592,32,32,32,3,19,6,0,32,0.9355,65536,684,0.9896,26,48.5,True
vgg16,__module.features.12/aten::_convolution/Convolution,7,593,32,32,32,7,13,6,1,16,0.9414,65536,1092,0.9833,24,147.4,True
vgg16,__module.features.12/aten::_convolution/Convolution,7,594,32,32,32,7,19,6,0,32,0.9238,65536,1596,0.9756,30,38.6,True
vgg16,__module.features.12/aten::_convolution/Convolution,7,595,32,32,32,7,16,6,1,16,0.9326,65536,1344,0.9795,27,228.6,True
vgg16,__module.features.12/aten::_convolution/Convolution,7,596,32,32,32,7,15,6,1,16,0.9355,65536,1260,0.9808,26,39.0,True
vgg16,__module.features.12/aten::_convolution/Convolution,7,597,32,32,32,7,21,6,0,32,0.918,65536,1764,0.9731,32,223.3,True
vgg16,__module.features.12/aten::_convolution/Convolution,7,598,32,32,32,7,22,6,0,32,0.915,65536,1848,0.9718,33,37.7,True
vgg16,__module.features.12/aten::_convolution/Convolution,7,599,32,32,32,7,16,6,1,16,0.9326,65536,1344,0.9795,27,180.0,True
vgg16,__module.features.12/aten::_convolution/Convolution,7,600,32,32,32,7,19,6,0,32,0.9238,65536,1596,0.9756,30,42.0,True
vgg16,__module.features.12/aten::_convolution/Convolution,7,601,32,32,32,5,13,9,1,16,0.9209,65536,1170,0.9821,25,63.1,True
vgg16,__module.features.12/aten::_convolution/Convolution,7,602,32,32,32,5,19,9,0,32,0.8945,65536,1710,0.9739,31,39.3,True
vgg16,__module.features.12/aten::_convolution/Convolution,7,603,32,32,32,5,16,9,1,16,0.9077,65536,1440,0.978,28,45.7,True
vgg16,__module.features.12/aten::_convolution/Convolution,7,604,32,32,32,5,15,9,1,16,0.9121,65536,1350,0.9794,27,62.2,True
vgg16,__module.features.12/aten::_convolution/Convolution,7,605,32,32,32,5,21,9,0,32,0.8857,65536,1890,0.9712,33,39.0,True
vgg16,__module.features.12/aten::_convolution/Convolution,7,606,32,32,32,5,22,9,0,32,0.8813,65536,1980,0.9698,34,39.0,True
vgg16,__module.features.12/aten::_convolution/Convolution,7,607,32,32,32,5,16,9,1,16,0.9077,65536,1440,0.978,28,162.0,True
vgg16,__module.features.12/aten::_convolution/Convolution,7,608,32,32,32,5,19,9,0,32,0.8945,65536,1710,0.9739,31,160.9,True
vgg16,__module.features.12/aten::_convolution/Convolution,7,609,32,32,32,6,13,3,1,16,0.9722,65536,468,0.9929,20,42.7,True
vgg16,__module.features.12/aten::_convolution/Convolution,7,610,32,32,32,6,19,3,0,32,0.9634,65536,684,0.9896,26,37.7,True
vgg16,__module.features.12/aten::_convolution/Convolution,7,611,32,32,32,6,16,3,1,16,0.9678,65536,576,0.9912,23,167.2,True
vgg16,__module.features.12/aten::_convolution/Convolution,7,612,32,32,32,6,15,3,1,16,0.9692,65536,540,0.9918,22,164.1,True
vgg16,__module.features.12/aten::_convolution/Convolution,7,613,32,32,32,6,21,3,0,32,0.9604,65536,756,0.9885,28,163.6,True
vgg16,__module.features.12/aten::_convolution/Convolution,7,614,32,32,32,6,22,3,0,32,0.959,65536,792,0.9879,29,39.6,True
vgg16,__module.features.12/aten::_convolution/Convolution,7,615,32,32,32,6,16,3,1,16,0.9678,65536,576,0.9912,23,38.8,True
vgg16,__module.features.12/aten::_convolution/Convolution,7,616,32,32,32,6,19,3,0,32,0.9634,65536,684,0.9896,26,39.5,True
vgg16,__module.features.12/aten::_convolution/Convolution,7,617,32,32,32,8,13,9,1,16,0.9077,65536,1872,0.9714,28,75.1,True
vgg16,__module.features.12/aten::_convolution/Convolution,7,618,32,32,32,8,19,9,0,32,0.8813,65536,2736,0.9583,34,38.0,True
vgg16,__module.features.12/aten::_convolution/Convolution,7,619,32,32,32,8,16,9,1,16,0.8945,65536,2304,0.9648,31,40.1,True
vgg16,__module.features.12/aten::_convolution/Convolution,7,620,32,32,32,8,15,9,1,16,0.8989,65536,2160,0.967,30,72.8,True
vgg16,__module.features.12/aten::_convolution/Convolution,7,621,32,32,32,8,21,9,0,32,0.8726,65536,3024,0.9539,36,76.4,True
vgg16,__module.features.12/aten::_convolution/Convolution,7,622,32,32,32,8,22,9,0,32,0.8682,65536,3168,0.9517,37,38.5,True
vgg16,__module.features.12/aten::_convolution/Convolution,7,623,32,32,32,8,16,9,1,16,0.8945,65536,2304,0.9648,31,161.2,True
vgg16,__module.features.12/aten::_convolution/Convolution,7,624,32,32,32,8,19,9,0,32,0.8813,65536,2736,0.9583,34,45.0,True
vgg16,__module.features.12/aten::_convolution/Convolution,7,625,32,32,32,11,13,7,1,16,0.918,65536,2002,0.9695,29,41.7,True
vgg16,__module.features.12/aten::_convolution/Convolution,7,626,32,32,32,11,19,7,0,32,0.8975,65536,2926,0.9554,35,80.6,True
vgg16,__module.features.12/aten::_convolution/Convolution,7,627,32,32,32,11,16,7,1,16,0.9077,65536,2464,0.9624,32,162.9,True
vgg16,__module.features.12/aten::_convolution/Convolution,7,628,32,32,32,11,15,7,1,16,0.9111,65536,2310,0.9648,31,37.7,True
vgg16,__module.features.12/aten::_convolution/Convolution,7,629,32,32,32,11,21,7,0,32,0.8906,65536,3234,0.9507,37,78.2,True
vgg16,__module.features.12/aten::_convolution/Convolution,7,630,32,32,32,11,22,7,0,32,0.8872,65536,3388,0.9483,38,40.2,True
vgg16,__module.features.12/aten::_convolution/Convolution,7,631,32,32,32,11,16,7,1,16,0.9077,65536,2464,0.9624,32,39.9,True
vgg16,__module.features.12/aten::_convolution/Convolution,7,632,32,32,32,11,19,7,0,32,0.8975,65536,2926,0.9554,35,40.6,True
vgg16,__module.features.12/aten::_convolution/Convolution,7,633,32,32,32,2,13,4,1,16,0.9707,65536,208,0.9968,17,41.1,True
vgg16,__module.features.12/aten::_convolution/Convolution,7,634,32,32,32,2,19,4,0,32,0.959,65536,304,0.9954,23,37.8,True
vgg16,__module.features.12/aten::_convolution/Convolution,7,635,32,32,32,2,16,4,1,16,0.9648,65536,256,0.9961,20,39.4,True
vgg16,__module.features.12/aten::_convolution/Convolution,7,636,32,32,32,2,15,4,1,16,0.9668,65536,240,0.9963,19,38.6,True
vgg16,__module.features.12/aten::_convolution/Convolution,7,637,32,32,32,2,21,4,0,32,0.9551,65536,336,0.9949,25,37.9,True
vgg16,__module.features.12/aten::_convolution/Convolution,7,638,32,32,32,2,22,4,0,32,0.9531,65536,352,0.9946,26,38.7,True
vgg16,__module.features.12/aten::_convolution/Convolution,7,639,32,32,32,2,16,4,1,16,0.9648,65536,256,0.9961,20,37.1,True
vgg16,__module.features.12/aten::_convolution/Convolution,7,640,32,32,32,2,19,4,0,32,0.959,65536,304,0.9954,23,99.5,True
vgg16,__module.features.12/aten::_convolution/Convolution,7,641,32,32,32,7,13,9,1,16,0.9121,65536,1638,0.975,27,38.6,True
vgg16,__module.features.12/aten::_convolution/Convolution,7,642,32,32,32,7,19,9,0,32,0.8857,65536,2394,0.9635,33,88.8,True
vgg16,__module.features.12/aten::_convolution/Convolution,7,643,32,32,32,7,16,9,1,16,0.8989,65536,2016,0.9692,30,178.2,True
vgg16,__module.features.12/aten::_convolution/Convolution,7,644,32,32,32,7,15,9,1,16,0.9033,65536,1890,0.9712,29,40.8,True
vgg16,__module.features.12/aten::_convolution/Convolution,7,645,32,32,32,7,21,9,0,32,0.877,65536,2646,0.9596,35,38.3,True
vgg16,__module.features.12/aten::_convolution/Convolution,7,646,32,32,32,7,22,9,0,32,0.8726,65536,2772,0.9577,36,45.7,True
vgg16,__module.features.12/aten::_convolution/Convolution,7,647,32,32,32,7,16,9,1,16,0.8989,65536,2016,0.9692,30,64.8,True
vgg16,__module.features.12/aten::_convolution/Convolution,7,648,32,32,32,7,19,9,0,32,0.8857,65536,2394,0.9635,33,45.0,True
vgg16,__module.features.12/aten::_convolution/Convolution,7,649,32,32,32,4,13,9,1,16,0.9253,65536,936,0.9857,24,43.3,True
vgg16,__module.features.12/aten::_convolution/Convolution,7,650,32,32,32,4,19,9,0,32,0.8989,65536,1368,0.9791,30,67.4,True
vgg16,__module.features.12/aten::_convolution/Convolution,7,651,32,32,32,4,16,9,1,16,0.9121,65536,1152,0.9824,27,38.1,True
vgg16,__module.features.12/aten::_convolution/Convolution,7,652,32,32,32,4,15,9,1,16,0.9165,65536,1080,0.9835,26,53.2,True
vgg16,__module.features.12/aten::_convolution/Convolution,7,653,32,32,32,4,21,9,0,32,0.8901,65536,1512,0.9769,32,38.9,True
vgg16,__module.features.12/aten::_convolution/Convolution,7,654,32,32,32,4,22,9,0,32,0.8857,65536,1584,0.9758,33,40.6,True
vgg16,__module.features.12/aten::_convolution/Convolution,7,655,32,32,32,4,16,9,1,16,0.9121,65536,1152,0.9824,27,39.2,True
vgg16,__module.features.12/aten::_convolution/Convolution,7,656,32,32,32,4,19,9,0,32,0.8989,65536,1368,0.9791,30,161.5,True
vgg16,__module.features.12/aten::_convolution/Convolution,7,657,32,32,32,9,13,9,1,16,0.9033,65536,2106,0.9679,29,37.8,True
vgg16,__module.features.12/aten::_convolution/Convolution,7,658,32,32,32,9,19,9,0,32,0.877,65536,3078,0.953,35,43.9,True
vgg16,__module.features.12/aten::_convolution/Convolution,7,659,32,32,32,9,16,9,1,16,0.8901,65536,2592,0.9604,32,43.4,True
vgg16,__module.features.12/aten::_convolution/Convolution,7,660,32,32,32,9,15,9,1,16,0.8945,65536,2430,0.9629,31,40.3,True
vgg16,__module.features.12/aten::_convolution/Convolution,7,661,32,32,32,9,21,9,0,32,0.8682,65536,3402,0.9481,37,147.6,True
vgg16,__module.features.12/aten::_convolution/Convolution,7,662,32,32,32,9,22,9,0,32,0.8638,65536,3564,0.9456,38,39.6,True
vgg16,__module.features.12/aten::_convolution/Convolution,7,663,32,32,32,9,16,9,1,16,0.8901,65536,2592,0.9604,32,78.0,True
vgg16,__module.features.12/aten::_convolution/Convolution,7,664,32,32,32,9,19,9,0,32,0.877,65536,3078,0.953,35,39.5,True
vgg16,__module.features.12/aten::_convolution/Convolution,7,665,32,32,32,6,13,6,1,16,0.9443,65536,936,0.9857,23,41.5,True
vgg16,__module.features.12/aten::_convolution/Convolution,7,666,32,32,32,6,19,6,0,32,0.9268,65536,1368,0.9791,29,37.4,True
vgg16,__module.features.12/aten::_convolution/Convolution,7,667,32,32,32,6,16,6,1,16,0.9355,65536,1152,0.9824,26,39.4,True
vgg16,__module.features.12/aten::_convolution/Convolution,7,668,32,32,32,6,15,6,1,16,0.9385,65536,1080,0.9835,25,161.5,True
vgg16,__module.features.12/aten::_convolution/Convolution,7,669,32,32,32,6,21,6,0,32,0.9209,65536,1512,0.9769,31,39.0,True
vgg16,__module.features.12/aten::_convolution/Convolution,7,670,32,32,32,6,22,6,0,32,0.918,65536,1584,0.9758,32,130.0,True
vgg16,__module.features.12/aten::_convolution/Convolution,7,671,32,32,32,6,16,6,1,16,0.9355,65536,1152,0.9824,26,39.8,True
vgg16,__module.features.12/aten::_convolution/Convolution,7,672,32,32,32,6,19,6,0,32,0.9268,65536,1368,0.9791,29,223.7,True
vgg16,__module.features.12/aten::_convolution/Convolution,7,673,32,32,32,9,13,9,1,16,0.9033,65536,2106,0.9679,29,42.0,True
vgg16,__module.features.12/aten::_convolution/Convolution,7,674,32,32,32,9,19,9,0,32,0.877,65536,3078,0.953,35,46.6,True
vgg16,__module.features.12/aten::_convolution/Convolution,7,675,32,32,32,9,16,9,1,16,0.8901,65536,2592,0.9604,32,38.6,True
vgg16,__module.features.12/aten::_convolution/Convolution,7,676,32,32,32,9,15,9,1,16,0.8945,65536,2430,0.9629,31,93.4,True
vgg16,__module.features.12/aten::_convolution/Convolution,7,677,32,32,32,9,21,9,0,32,0.8682,65536,3402,0.9481,37,39.0,True
vgg16,__module.features.12/aten::_convolution/Convolution,7,678,32,32,32,9,22,9,0,32,0.8638,65536,3564,0.9456,38,160.8,True
vgg16,__module.features.12/aten::_convolution/Convolution,7,679,32,32,32,9,16,9,1,16,0.8901,65536,2592,0.9604,32,38.4,True
vgg16,__module.features.12/aten::_convolution/Convolution,7,680,32,32,32,9,19,9,0,32,0.877,65536,3078,0.953,35,39.0,True
vgg16,__module.features.12/aten::_convolution/Convolution,7,681,32,32,32,12,13,9,1,16,0.8901,65536,2808,0.9572,32,37.5,True
vgg16,__module.features.12/aten::_convolution/Convolution,7,682,32,32,32,12,19,9,0,32,0.8638,65536,4104,0.9374,38,82.1,True
vgg16,__module.features.12/aten::_convolution/Convolution,7,683,32,32,32,12,16,9,1,16,0.877,65536,3456,0.9473,35,39.3,True
vgg16,__module.features.12/aten::_convolution/Convolution,7,684,32,32,32,12,15,9,1,16,0.8813,65536,3240,0.9506,34,39.5,True
vgg16,__module.features.12/aten::_convolution/Convolution,7,685,32,32,32,12,21,9,0,32,0.855,65536,4536,0.9308,40,41.8,True
vgg16,__module.features.12/aten::_convolution/Convolution,7,686,32,32,32,12,22,9,0,32,0.8506,65536,4752,0.9275,41,38.5,True
vgg16,__module.features.12/aten::_convolution/Convolution,7,687,32,32,32,12,16,9,1,16,0.877,65536,3456,0.9473,35,50.4,True
vgg16,__module.features.12/aten::_convolution/Convolution,7,688,32,32,32,12,19,9,0,32,0.8638,65536,4104,0.9374,38,157.7,True
vgg16,__module.features.12/aten::_convolution/Convolution,7,689,32,32,32,7,13,6,1,16,0.9414,65536,1092,0.9833,24,38.6,True
vgg16,__module.features.12/aten::_convolution/Convolution,7,690,32,32,32,7,19,6,0,32,0.9238,65536,1596,0.9756,30,42.0,True
vgg16,__module.features.12/aten::_convolution/Convolution,7,691,32,32,32,7,16,6,1,16,0.9326,65536,1344,0.9795,27,43.7,True
vgg16,__module.features.12/aten::_convolution/Convolution,7,692,32,32,32,7,15,6,1,16,0.9355,65536,1260,0.9808,26,38.6,True
vgg16,__module.features.12/aten::_convolution/Convolution,7,693,32,32,32,7,21,6,0,32,0.918,65536,1764,0.9731,32,39.1,True
vgg16,__module.features.12/aten::_convolution/Convolution,7,694,32,32,32,7,22,6,0,32,0.915,65536,1848,0.9718,33,40.9,True
vgg16,__module.features.12/aten::_convolution/Convolution,7,695,32,32,32,7,16,6,1,16,0.9326,65536,1344,0.9795,27,39.0,True
vgg16,__module.features.12/aten::_convolution/Convolution,7,696,32,32,32,7,19,6,0,32,0.9238,65536,1596,0.9756,30,96.7,True
vgg16,__module.features.12/aten::_convolution/Convolution,7,697,32,32,32,8,13,9,1,16,0.9077,65536,1872,0.9714,28,54.2,True
vgg16,__module.features.12/aten::_convolution/Convolution,7,698,32,32,32,8,19,9,0,32,0.8813,65536,2736,0.9583,34,40.4,True
vgg16,__module.features.12/aten::_convolution/Convolution,7,699,32,32,32,8,16,9,1,16,0.8945,65536,2304,0.9648,31,53.0,True
vgg16,__module.features.12/aten::_convolution/Convolution,7,700,32,32,32,8,15,9,1,16,0.8989,65536,2160,0.967,30,39.4,True
vgg16,__module.features.12/aten::_convolution/Convolution,7,701,32,32,32,8,21,9,0,32,0.8726,65536,3024,0.9539,36,83.4,True
vgg16,__module.features.12/aten::_convolution/Convolution,7,702,32,32,32,8,22,9,0,32,0.8682,65536,3168,0.9517,37,176.8,True
vgg16,__module.features.12/aten::_convolution/Convolution,7,703,32,32,32,8,16,9,1,16,0.8945,65536,2304,0.9648,31,110.9,True
vgg16,__module.features.12/aten::_convolution/Convolution,7,704,32,32,32,8,19,9,0,32,0.8813,65536,2736,0.9583,34,60.3,True
vgg16,__module.features.12/aten::_convolution/Convolution,7,705,32,32,32,7,13,9,1,16,0.9121,65536,1638,0.975,27,90.7,True
vgg16,__module.features.12/aten::_convolution/Convolution,7,706,32,32,32,7,19,9,0,32,0.8857,65536,2394,0.9635,33,52.0,True
vgg16,__module.features.12/aten::_convolution/Convolution,7,707,32,32,32,7,16,9,1,16,0.8989,65536,2016,0.9692,30,178.7,True
vgg16,__module.features.12/aten::_convolution/Convolution,7,708,32,32,32,7,15,9,1,16,0.9033,65536,1890,0.9712,29,39.9,True
vgg16,__module.features.12/aten::_convolution/Convolution,7,709,32,32,32,7,21,9,0,32,0.877,65536,2646,0.9596,35,39.2,True
vgg16,__module.features.12/aten::_convolution/Convolution,7,710,32,32,32,7,22,9,0,32,0.8726,65536,2772,0.9577,36,46.0,True
vgg16,__module.features.12/aten::_convolution/Convolution,7,711,32,32,32,7,16,9,1,16,0.8989,65536,2016,0.9692,30,61.0,True
vgg16,__module.features.12/aten::_convolution/Convolution,7,712,32,32,32,7,19,9,0,32,0.8857,65536,2394,0.9635,33,37.9,True
vgg16,__module.features.12/aten::_convolution/Convolution,7,713,32,32,32,10,13,9,1,16,0.8989,65536,2340,0.9643,30,38.6,True
vgg16,__module.features.12/aten::_convolution/Convolution,7,714,32,32,32,10,19,9,0,32,0.8726,65536,3420,0.9478,36,103.3,True
vgg16,__module.features.12/aten::_convolution/Convolution,7,715,32,32,32,10,16,9,1,16,0.8857,65536,2880,0.9561,33,40.0,True
vgg16,__module.features.12/aten::_convolution/Convolution,7,716,32,32,32,10,15,9,1,16,0.8901,65536,2700,0.9588,32,178.0,True
vgg16,__module.features.12/aten::_convolution/Convolution,7,717,32,32,32,10,21,9,0,32,0.8638,65536,3780,0.9423,38,38.8,True
vgg16,__module.features.12/aten::_convolution/Convolution,7,718,32,32,32,10,22,9,0,32,0.8594,65536,3960,0.9396,39,49.0,True
vgg16,__module.features.12/aten::_convolution/Convolution,7,719,32,32,32,10,16,9,1,16,0.8857,65536,2880,0.9561,33,179.3,True
vgg16,__module.features.12/aten::_convolution/Convolution,7,720,32,32,32,10,19,9,0,32,0.8726,65536,3420,0.9478,36,163.2,True
vgg16,__module.features.12/aten::_convolution/Convolution,7,721,32,32,32,7,13,9,1,16,0.9121,65536,1638,0.975,27,38.0,True
vgg16,__module.features.12/aten::_convolution/Convolution,7,722,32,32,32,7,19,9,0,32,0.8857,65536,2394,0.9635,33,58.2,True
vgg16,__module.features.12/aten::_convolution/Convolution,7,723,32,32,32,7,16,9,1,16,0.8989,65536,2016,0.9692,30,40.5,True
vgg16,__module.features.12/aten::_convolution/Convolution,7,724,32,32,32,7,15,9,1,16,0.9033,65536,1890,0.9712,29,39.8,True
vgg16,__module.features.12/aten::_convolution/Convolution,7,725,32,32,32,7,21,9,0,32,0.877,65536,2646,0.9596,35,39.4,True
vgg16,__module.features.12/aten::_convolution/Convolution,7,726,32,32,32,7,22,9,0,32,0.8726,65536,2772,0.9577,36,40.8,True
vgg16,__module.features.12/aten::_convolution/Convolution,7,727,32,32,32,7,16,9,1,16,0.8989,65536,2016,0.9692,30,57.5,True
vgg16,__module.features.12/aten::_convolution/Convolution,7,728,32,32,32,7,19,9,0,32,0.8857,65536,2394,0.9635,33,38.8,True
vgg16,__module.features.12/aten::_convolution/Convolution,7,729,32,32,32,12,13,9,1,16,0.8901,65536,2808,0.9572,32,169.3,True
vgg16,__module.features.12/aten::_convolution/Convolution,7,730,32,32,32,12,19,9,0,32,0.8638,65536,4104,0.9374,38,95.0,True
vgg16,__module.features.12/aten::_convolution/Convolution,7,731,32,32,32,12,16,9,1,16,0.877,65536,3456,0.9473,35,43.9,True
vgg16,__module.features.12/aten::_convolution/Convolution,7,732,32,32,32,12,15,9,1,16,0.8813,65536,3240,0.9506,34,179.5,True
vgg16,__module.features.12/aten::_convolution/Convolution,7,733,32,32,32,12,21,9,0,32,0.855,65536,4536,0.9308,40,81.3,True
vgg16,__module.features.12/aten::_convolution/Convolution,7,734,32,32,32,12,22,9,0,32,0.8506,65536,4752,0.9275,41,46.5,True
vgg16,__module.features.12/aten::_convolution/Convolution,7,735,32,32,32,12,16,9,1,16,0.877,65536,3456,0.9473,35,38.8,True
vgg16,__module.features.12/aten::_convolution/Convolution,7,736,32,32,32,12,19,9,0,32,0.8638,65536,4104,0.9374,38,87.7,True
vgg16,__module.features.12/aten::_convolution/Convolution,7,737,32,32,32,17,13,9,0,32,0.8682,65536,3978,0.9393,37,66.3,True
vgg16,__module.features.12/aten::_convolution/Convolution,7,738,32,32,32,17,19,9,0,32,0.8418,65536,5814,0.9113,43,53.4,True
vgg16,__module.features.12/aten::_convolution/Convolution,7,739,32,32,32,17,16,9,0,32,0.855,65536,4896,0.9253,40,42.1,True
vgg16,__module.features.12/aten::_convolution/Convolution,7,740,32,32,32,17,15,9,0,32,0.8594,65536,4590,0.93,39,39.3,True
vgg16,__module.features.12/aten::_convolution/Convolution,7,741,32,32,32,17,21,9,0,32,0.833,65536,6426,0.9019,45,38.9,True
vgg16,__module.features.12/aten::_convolution/Convolution,7,742,32,32,32,17,22,9,0,32,0.8286,65536,6732,0.8973,46,179.8,True
vgg16,__module.features.12/aten::_convolution/Convolution,7,743,32,32,32,17,16,9,0,32,0.855,65536,4896,0.9253,40,111.5,True
vgg16,__module.features.12/aten::_convolution/Convolution,7,744,32,32,32,17,19,9,0,32,0.8418,65536,5814,0.9113,43,38.1,True
vgg16,__module.features.12/aten::_convolution/Convolution,7,745,32,32,32,12,13,9,1,16,0.8901,65536,2808,0.9572,32,133.8,True
vgg16,__module.features.12/aten::_convolution/Convolution,7,746,32,32,32,12,19,9,0,32,0.8638,65536,4104,0.9374,38,38.7,True
vgg16,__module.features.12/aten::_convolution/Convolution,7,747,32,32,32,12,16,9,1,16,0.877,65536,3456,0.9473,35,56.6,True
vgg16,__module.features.12/aten::_convolution/Convolution,7,748,32,32,32,12,15,9,1,16,0.8813,65536,3240,0.9506,34,68.5,True
vgg16,__module.features.12/aten::_convolution/Convolution,7,749,32,32,32,12,21,9,0,32,0.855,65536,4536,0.9308,40,39.5,True
vgg16,__module.features.12/aten::_convolution/Convolution,7,750,32,32,32,12,22,9,0,32,0.8506,65536,4752,0.9275,41,67.2,True
vgg16,__module.features.12/aten::_convolution/Convolution,7,751,32,32,32,12,16,9,1,16,0.877,65536,3456,0.9473,35,39.8,True
vgg16,__module.features.12/aten::_convolution/Convolution,7,752,32,32,32,12,19,9,0,32,0.8638,65536,4104,0.9374,38,64.8,True
vgg16,__module.features.12/aten::_convolution/Convolution,7,753,32,32,32,24,13,9,0,32,0.8374,65536,5616,0.9143,44,38.4,True
vgg16,__module.features.12/aten::_convolution/Convolution,7,754,32,32,32,24,19,9,0,32,0.811,65536,8208,0.8748,50,248.6,True
vgg16,__module.features.12/aten::_convolution/Convolution,7,755,32,32,32,24,16,9,0,32,0.8242,65536,6912,0.8945,47,181.2,True
vgg16,__module.features.12/aten::_convolution/Convolution,7,756,32,32,32,24,15,9,0,32,0.8286,65536,6480,0.9011,46,37.9,True
vgg16,__module.features.12/aten::_convolution/Convolution,7,757,32,32,32,24,21,9,0,32,0.8022,65536,9072,0.8616,52,56.2,True
vgg16,__module.features.12/aten::_convolution/Convolution,7,758,32,32,32,24,22,9,0,32,0.7979,65536,9504,0.855,53,40.4,True
vgg16,__module.features.12/aten::_convolution/Convolution,7,759,32,32,32,24,16,9,0,32,0.8242,65536,6912,0.8945,47,88.1,True
vgg16,__module.features.12/aten::_convolution/Convolution,7,760,32,32,32,24,19,9,0,32,0.811,65536,8208,0.8748,50,39.2,True
vgg16,__module.features.12/aten::_convolution/Convolution,7,761,32,32,32,8,13,6,1,16,0.9385,65536,1248,0.981,25,37.1,True
vgg16,__module.features.12/aten::_convolution/Convolution,7,762,32,32,32,8,19,6,0,32,0.9209,65536,1824,0.9722,31,39.6,True
vgg16,__module.features.12/aten::_convolution/Convolution,7,763,32,32,32,8,16,6,1,16,0.9297,65536,1536,0.9766,28,180.5,True
vgg16,__module.features.12/aten::_convolution/Convolution,7,764,32,32,32,8,15,6,1,16,0.9326,65536,1440,0.978,27,201.2,True
vgg16,__module.features.12/aten::_convolution/Convolution,7,765,32,32,32,8,21,6,0,32,0.915,65536,2016,0.9692,33,71.7,True
vgg16,__module.features.12/aten::_convolution/Convolution,7,766,32,32,32,8,22,6,0,32,0.9121,65536,2112,0.9678,34,39.0,True
vgg16,__module.features.12/aten::_convolution/Convolution,7,767,32,32,32,8,16,6,1,16,0.9297,65536,1536,0.9766,28,43.0,True
vgg16,__module.features.12/aten::_convolution/Convolution,7,768,32,32,32,8,19,6,0,32,0.9209,65536,1824,0.9722,31,177.7,True
vgg16,__module.features.12/aten::_convolution/Convolution,7,769,32,32,32,20,13,6,0,32,0.9033,65536,3120,0.9524,37,65.3,True
vgg16,__module.features.12/aten::_convolution/Convolution,7,770,32,32,32,20,19,6,0,32,0.8857,65536,4560,0.9304,43,38.5,True
vgg16,__module.features.12/aten::_convolution/Convolution,7,771,32,32,32,20,16,6,0,32,0.8945,65536,3840,0.9414,40,63.3,True
vgg16,__module.features.12/aten::_convolution/Convolution,7,772,32,32,32,20,15,6,0,32,0.8975,65536,3600,0.9451,39,178.9,True
vgg16,__module.features.12/aten::_convolution/Convolution,7,773,32,32,32,20,21,6,0,32,0.8799,65536,5040,0.9231,45,90.6,True
vgg16,__module.features.12/aten::_convolution/Convolution,7,774,32,32,32,20,22,6,0,32,0.877,65536,5280,0.9194,46,39.2,True
vgg16,__module.features.12/aten::_convolution/Convolution,7,775,32,32,32,20,16,6,0,32,0.8945,65536,3840,0.9414,40,169.3,True
vgg16,__module.features.12/aten::_convolution/Convolution,7,776,32,32,32,20,19,6,0,32,0.8857,65536,4560,0.9304,43,38.7,True
vgg16,__module.features.12/aten::_convolution/Convolution,7,777,32,32,32,8,13,3,1,16,0.9692,65536,624,0.9905,22,38.0,True
vgg16,__module.features.12/aten::_convolution/Convolution,7,778,32,32,32,8,19,3,0,32,0.9604,65536,912,0.9861,28,39.7,True
vgg16,__module.features.12/aten::_convolution/Convolution,7,779,32,32,32,8,16,3,1,16,0.9648,65536,768,0.9883,25,43.2,True
vgg16,__module.features.12/aten::_convolution/Convolution,7,780,32,32,32,8,15,3,1,16,0.9663,65536,720,0.989,24,54.1,True
vgg16,__module.features.12/aten::_convolution/Convolution,7,781,32,32,32,8,21,3,0,32,0.9575,65536,1008,0.9846,30,48.4,True
vgg16,__module.features.12/aten::_convolution/Convolution,7,782,32,32,32,8,22,3,0,32,0.9561,65536,1056,0.9839,31,174.0,True
vgg16,__module.features.12/aten::_convolution/Convolution,7,783,32,32,32,8,16,3,1,16,0.9648,65536,768,0.9883,25,39.1,True
vgg16,__module.features.12/aten::_convolution/Convolution,7,784,32,32,32,8,19,3,0,32,0.9604,65536,912,0.9861,28,45.6,True
